//Sequence File generated by the Wall Worm SMD Exporter PRO 1.99
//www.wallworm.com
version 1
nodes
0 "b_l_clav" -1
1 "b_l_upperarm" 0
2 "b_l_forearm" 1
3 "b_l_twist3" 2
4 "b_l_twist2" 2
5 "b_l_twist1" 2
6 "b_l_hand" 2
7 "b_l_thumb001" 6
8 "b_l_thumb002" 7
9 "b_l_thumb003" 8
10 "b_l_middle001" 6
11 "b_l_middle002" 10
12 "b_l_middle003" 11
13 "b_l_index001" 6
14 "b_l_index002" 13
15 "b_l_index003" 14
16 "b_l_hand_ringsqueezer" 6
17 "b_l_ring001" 16
18 "b_l_ring002" 17
19 "b_l_ring003" 18
20 "b_l_hand_pinkysqueezer" 6
21 "b_l_pinky001" 20
22 "b_l_pinky002" 21
23 "b_l_pinky003" 22
24 "b_r_clav" -1
25 "b_r_upperarm" 24
26 "b_r_forearm" 25
27 "b_r_twist3" 26
28 "b_r_twist2" 26
29 "b_r_twist1" 26
30 "b_r_hand" 26
31 "b_r_thumb001" 30
32 "b_r_thumb002" 31
33 "b_r_thumb003" 32
34 "b_r_middle001" 30
35 "b_r_middle002" 34
36 "b_r_middle003" 35
37 "b_r_index001" 30
38 "b_r_index002" 37
39 "b_r_index003" 38
40 "b_r_hand_ringsqueezer" 30
41 "b_r_ring001" 40
42 "b_r_ring002" 41
43 "b_r_ring003" 42
44 "b_r_hand_pinkysqueezer" 30
45 "b_r_pinky001" 44
46 "b_r_pinky002" 45
47 "b_r_pinky003" 46
48 "b_zero" -1
49 "d_gun" -1
50 "d_trig" 49
51 "d_slidelock" 49
52 "d_slide" 49
53 "d_barrel" 49
54 "d_mag" -1
55 "d_magfollower" 54
56 "d_boolet" 54
end
skeleton
time 0
0 1.5572 9.20997 -3.60973 0.000934124 0 -1.06437
1 6.02794 0 0 -0.899081 0.749157 -0.962132
2 11.7344 0 0 -0.00140295 0 -0.873986
3 8.81139 -0.000450134 -0.000112295 -1.95694 0 0.000157857
4 5.77839 0.000286102 0 -1.31115 0 0
5 2.23164 -0.000329018 -0.000364065 -0.645789 0 0
6 11.4725 0 0 -1.87598 0.639201 0.727733
7 0.615219 -0.99309 -0.8107 2.33805 -0.0433469 -0.360756
8 2.24752 0 0 0.0800335 0.130871 -0.0225881
9 1.11936 0 0 0.0688115 0.177523 -0.338114
10 3.71348 -0.10264 0.10219 1.81842 1.37508 0.188411
11 1.72615 0 0 0.013626 -0.0250639 -0.609754
12 1.21114 0 0 0.00236688 0.0174766 -0.462832
13 3.59919 -1.06012 0.070889 1.68096 1.17438 0.061236
14 1.66069 0 0 -0.00987786 0.0219167 -0.64561
15 1.167 0 0 0.0379318 -0.0317194 -0.610265
16 2.18852 0.50104 0.0576587 1.57003 0.153931 0.225781
17 1.29609 0 0 0.0343668 0.0550095 -1.22788
18 1.62202 0.000713348 -0.000472069 0.00441613 -0.0145795 -0.727069
19 1.22241 0 0 -0.00631641 0.0176869 -0.370915
20 1.76707 1.27612 0.0366416 1.57002 0.26187 0.261241
21 1.55588 0 0 -0.0324566 0.00304721 -1.18264
22 1.24274 0 0 -0.000599649 0 -0.65185
23 0.784524 0 0 0.0063394 0.00191175 -0.571831
24 -1.93761 5.60916 -3.60973 -0.000932693 0 3.14159
25 6.02794 0 0 0.75328 0.818262 1.01785
26 11.7344 0 0 0.00140269 0 1.33345
27 8.81167 0 0 -0.248673 0 0
28 5.77884 0 0 -0.166611 0 0
29 2.23249 0 0 -0.082062 0 0
30 11.4725 0 0 -0.420708 -0.325065 -1.73763
31 0.615812 0.994372 -0.809165 -2.75592 0.374249 0.315718
32 2.24752 0 0 -0.565214 0.197981 0.0658204
33 1.11936 0 0 -0.0549133 0.0237984 0.34886
34 3.71349 0.102639 0.10219 -1.55367 0.888575 -0.0661109
35 1.72615 0 0 -0.0121439 -0.0065126 1.19024
36 1.21112 0 0 0.0118386 0.0130726 1.33339
37 3.5992 1.06012 0.070888 -1.45448 0.289842 0.348452
38 1.66069 0 0 -0.0204446 0.0691881 -0.0352878
39 1.16699 0 0 0.0118833 0.0235393 -0.00622643
40 2.18853 -0.50104 0.0576582 -1.55151 0.172885 -0.118539
41 1.29609 0 0 -0.0200504 -0.0423275 0.631309
42 1.62202 -0.000712395 -0.000469208 -0.0284749 -0.016648 1.25494
43 1.22241 0 0 -0.00733727 0.00175437 1.23076
44 1.76707 -1.27612 0.0366402 -1.52771 0.265811 -0.101503
45 1.55588 0 0 0.0305806 -0.0879843 0.525515
46 1.24273 0 0 0.000599255 0 0.710283
47 0.784531 0 0 -0.00205836 0.00641636 0.880036
48 0 0 0 0 0 0
49 -11.0686 -12.6274 -12.5896 1.44038 0.573503 0.1995
50 0 -1.51208 1.07027 0 0 0
51 0.540025 -0.376654 1.73991 0.132749 0 0
52 0 -3.13126 2.17037 0 0 0
53 0 -2.17842 1.90586 -0.0419279 0 0
54 -10.9028 -11.6538 -12.0392 1.44038 0.573503 0.1995
55 0 -0.769075 1.97674 0 0 0
56 0 -0.540768 1.81329 0 0 0
time 1
0 1.5572 9.20997 -3.60973 0.000934124 0 -1.06437
1 6.02794 0 0 -0.929171 0.754826 -0.93063
2 11.7344 0 0 -0.00140279 0 -0.913948
3 8.81138 -0.000450134 -0.000112057 -1.81934 0 0.000157979
4 5.77839 0.000286102 0 -1.21896 0 0.000100289
5 2.23163 -0.000330925 -0.000364304 -0.600383 0 0
6 11.4725 0 0 -1.74767 0.499926 0.822221
7 0.615219 -0.993091 -0.8107 2.33805 -0.0433468 -0.360756
8 2.24752 0 0 0.0800335 0.130871 -0.0225881
9 1.11936 0 0 0.0688114 0.177523 -0.338114
10 3.71348 -0.102641 0.10219 1.81842 1.37508 0.188411
11 1.72615 0 0 0.0136259 -0.025064 -0.609754
12 1.21114 0 0 0.00236706 0.0174766 -0.462832
13 3.59919 -1.06012 0.070888 1.68096 1.17438 0.0612362
14 1.66069 0 0 -0.00987795 0.0219166 -0.64561
15 1.167 0 0 0.037932 -0.0317194 -0.610265
16 2.18852 0.501039 0.0576577 1.57003 0.153931 0.225781
17 1.29609 0 0 0.0343669 0.0550094 -1.22788
18 1.62202 0.000713348 -0.000471115 0.00441622 -0.0145794 -0.727069
19 1.22241 0 0 -0.00631667 0.017687 -0.370915
20 1.76707 1.27612 0.0366406 1.57002 0.26187 0.261241
21 1.55588 0 0 -0.0324566 0.00304729 -1.18264
22 1.24274 0 0 -0.000599405 0 -0.65185
23 0.784523 0 0 0.0063393 0.00191166 -0.571831
24 -1.93761 5.60916 -3.60973 -0.000932693 0 3.14159
25 6.02794 0 0 0.771317 0.799871 1.04903
26 11.7344 0 0 0.00140274 0 1.35189
27 8.81167 0 0 -0.254259 0 0
28 5.77884 0 0 -0.170354 0 0
29 2.23249 0 0 -0.0839056 0 0
30 11.4725 0 0 -0.390967 -0.278753 -1.631
31 0.615814 0.994373 -0.809165 -2.75592 0.374249 0.315718
32 2.24752 0 0 -0.565214 0.197981 0.0658204
33 1.11936 0 0 -0.0549132 0.0237985 0.34886
34 3.71349 0.10264 0.102191 -1.55366 0.888575 -0.0661108
35 1.72615 0 0 -0.0121439 -0.00651261 1.19024
36 1.21112 0 0 0.0118385 0.0130725 1.33339
37 3.5992 1.06012 0.0708876 -1.45448 0.289842 0.348452
38 1.66069 0 0 -0.0204447 0.0691882 -0.0352877
39 1.16699 0 0 0.0118832 0.0235393 -0.00622673
40 2.18853 -0.50104 0.0576591 -1.55151 0.172885 -0.118539
41 1.29609 0 0 -0.0200505 -0.0423275 0.631309
42 1.62202 -0.000714302 -0.000469685 -0.0284748 -0.0166479 1.25494
43 1.22241 0 0 -0.00733726 0.00175435 1.23076
44 1.76707 -1.27612 0.0366402 -1.52771 0.265811 -0.101503
45 1.55588 0 0 0.0305806 -0.0879844 0.525515
46 1.24273 0 0 0.00059928 0 0.710283
47 0.784531 0 0 -0.00205809 0.00641641 0.880036
48 0 0 0 0 0 0
49 -10.3325 -13.3055 -11.9882 1.26404 0.534093 0.177089
50 0 -1.51208 1.07027 0 0 0
51 0.540026 -0.376654 1.73991 0.132749 0 0
52 0 -3.13126 2.17037 0 0 0
53 0 -2.17842 1.90586 -0.0419281 0 0
54 -10.2704 -12.2561 -11.5722 1.26404 0.534093 0.177089
55 0 -0.769075 1.97674 0 0 0
56 0 -0.54077 1.81329 0 0 0
time 2
0 1.5572 9.20997 -3.60973 0.000934124 0 -1.06437
1 6.02794 0 0 -0.963794 0.755907 -0.906032
2 11.7344 0 0 -0.00140271 0 -0.936358
3 8.81139 -0.000450134 -0.000112295 -1.66839 0 0.00015812
4 5.77839 0.000286102 0 -1.11782 0 0.000100773
5 2.23163 -0.000329971 -0.000364065 -0.550568 0 0
6 11.4725 0 0 -1.63659 0.365922 0.868495
7 0.615219 -0.99309 -0.810701 2.33805 -0.0433469 -0.360756
8 2.24752 0 0 0.0800335 0.130871 -0.022588
9 1.11935 0 0 0.0688115 0.177523 -0.338114
10 3.71348 -0.102641 0.10219 1.81842 1.37508 0.18841
11 1.72615 0 0 0.0136259 -0.0250638 -0.609754
12 1.21114 0 0 0.00236706 0.0174766 -0.462832
13 3.5992 -1.06012 0.070888 1.68096 1.17438 0.0612363
14 1.66069 0 0 -0.00987786 0.0219165 -0.64561
15 1.167 0 0 0.037932 -0.0317195 -0.610265
16 2.18853 0.501039 0.0576587 1.57003 0.153931 0.225781
17 1.29609 0 0 0.0343667 0.0550095 -1.22788
18 1.62202 0.000713348 -0.000470161 0.0044162 -0.0145794 -0.727069
19 1.22241 0 0 -0.00631648 0.017687 -0.370915
20 1.76707 1.27612 0.0366406 1.57002 0.26187 0.261241
21 1.55588 0 0 -0.0324567 0.00304717 -1.18264
22 1.24273 0 0 -0.000599423 0 -0.65185
23 0.784524 0 0 0.00633937 0.00191174 -0.571831
24 -1.93761 5.60916 -3.60973 -0.000932693 0 3.14159
25 6.02794 0 0 0.786851 0.781838 1.07989
26 11.7344 0 0 0.00140271 0 1.3581
27 8.81167 0 0 -0.262342 0 0
28 5.77884 0 0 -0.175769 0 0
29 2.23249 0 0 -0.0865729 0 0
30 11.4725 0 0 -0.349007 -0.245824 -1.52301
31 0.615811 0.994373 -0.809166 -2.75592 0.374249 0.315718
32 2.24752 0 0 -0.565214 0.197981 0.0658203
33 1.11936 0 0 -0.0549132 0.0237984 0.34886
34 3.71349 0.10264 0.102191 -1.55367 0.888575 -0.0661111
35 1.72615 0 0 -0.0121439 -0.0065126 1.19024
36 1.21112 0 0 0.0118384 0.0130725 1.33339
37 3.5992 1.06012 0.0708871 -1.45448 0.289842 0.348452
38 1.66069 0 0 -0.0204447 0.0691881 -0.0352876
39 1.16699 0 0 0.0118833 0.0235394 -0.00622675
40 2.18853 -0.50104 0.0576596 -1.55151 0.172885 -0.118539
41 1.29609 0 0 -0.0200506 -0.0423273 0.631309
42 1.62202 -0.000713348 -0.000469685 -0.0284748 -0.016648 1.25494
43 1.22241 0 0 -0.0073373 0.00175427 1.23076
44 1.76707 -1.27612 0.0366406 -1.52771 0.265811 -0.101503
45 1.55588 0 0 0.0305806 -0.0879844 0.525515
46 1.24273 0 0 0.000599235 0 0.710283
47 0.784532 0 0 -0.00205822 0.0064163 0.880036
48 0 0 0 0 0 0
49 -9.63314 -13.951 -11.4128 1.09862 0.496738 0.155826
50 0 -1.51208 1.07027 0 0 0
51 0.540026 -0.376654 1.73991 0.132749 0 0
52 0 -3.13126 2.17037 0 0 0
53 0 -2.17842 1.90586 -0.041928 0 0
54 -9.65673 -12.8537 -11.1416 1.09862 0.496738 0.155826
55 0 -0.769073 1.97674 0 0 0
56 0 -0.54077 1.81329 0 0 0
time 3
0 1.5572 9.20997 -3.60973 0.000934124 0 -1.06437
1 6.02794 0 0 -1.00216 0.752829 -0.886604
2 11.7344 0 0 -0.00140289 0 -0.944599
3 8.81139 -0.000451088 -0.000111103 -1.51524 0 0.000158039
4 5.77839 0.000285149 0 -1.01521 0 0.000100809
5 2.23164 -0.000329971 -0.000363827 -0.500029 0 0
6 11.4725 0 0 -1.53386 0.241973 0.877877
7 0.615219 -0.993091 -0.8107 2.33805 -0.0433467 -0.360756
8 2.24752 0 0 0.0800334 0.130871 -0.022588
9 1.11936 0 0 0.0688115 0.177523 -0.338114
10 3.71348 -0.102641 0.102191 1.81842 1.37508 0.188412
11 1.72615 0 0 0.013626 -0.0250639 -0.609754
12 1.21114 0 0 0.00236701 0.0174766 -0.462832
13 3.5992 -1.06012 0.0708895 1.68096 1.17438 0.0612364
14 1.66069 0 0 -0.00987792 0.0219166 -0.64561
15 1.167 0 0 0.0379318 -0.0317195 -0.610265
16 2.18852 0.501039 0.0576601 1.57003 0.153931 0.225781
17 1.29609 0 0 0.0343667 0.0550095 -1.22788
18 1.62202 0.000713348 -0.000470161 0.00441622 -0.0145794 -0.72707
19 1.22241 0 0 -0.0063166 0.017687 -0.370915
20 1.76707 1.27612 0.0366411 1.57002 0.26187 0.261241
21 1.55588 0 0 -0.0324565 0.00304741 -1.18264
22 1.24274 0 0 -0.000599499 0 -0.65185
23 0.784524 0 0 0.00633918 0.00191175 -0.571831
24 -1.93761 5.60916 -3.60973 -0.000932693 0 3.14159
25 6.02794 0 0 0.800708 0.763582 1.11162
26 11.7344 0 0 0.00140267 0 1.35228
27 8.81167 0 0 -0.271198 0 0
28 5.77884 0 0 -0.181703 0 0
29 2.23249 0 0 -0.0894953 0 0
30 11.4725 0 0 -0.299482 -0.227391 -1.41398
31 0.615812 0.994372 -0.809165 -2.75592 0.374249 0.315718
32 2.24752 0 0 -0.565214 0.197981 0.0658203
33 1.11936 0 0 -0.0549133 0.0237984 0.34886
34 3.71349 0.102639 0.102191 -1.55367 0.888575 -0.066111
35 1.72615 0 0 -0.0121439 -0.00651262 1.19024
36 1.21112 0 0 0.0118383 0.0130729 1.33339
37 3.5992 1.06012 0.070888 -1.45448 0.289842 0.348452
38 1.66069 0 0 -0.0204445 0.0691881 -0.0352877
39 1.16699 0 0 0.0118833 0.0235394 -0.00622665
40 2.18853 -0.50104 0.0576596 -1.55151 0.172885 -0.118539
41 1.29609 0 0 -0.0200505 -0.0423274 0.631309
42 1.62202 -0.000713348 -0.000469208 -0.0284749 -0.016648 1.25494
43 1.22241 0 0 -0.00733734 0.00175416 1.23076
44 1.76707 -1.27612 0.0366406 -1.52771 0.265811 -0.101503
45 1.55587 0 0 0.0305806 -0.0879844 0.525515
46 1.24273 0 0 0.000599144 0 0.710283
47 0.784531 0 0 -0.00205812 0.00641633 0.880036
48 0 0 0 0 0 0
49 -8.97052 -14.564 -10.8631 0.9441 0.461436 0.135712
50 0 -1.51208 1.07027 0 0 0
51 0.540025 -0.376652 1.73991 0.132749 0 0
52 0 -3.13126 2.17037 0 0 0
53 0 -2.17842 1.90586 -0.0419278 0 0
54 -9.06175 -13.4439 -10.7401 0.9441 0.461436 0.135712
55 0 -0.769075 1.97674 0 0 0
56 0 -0.540771 1.81329 0 0 0
time 4
0 1.5572 9.20997 -3.60973 0.000934124 0 -1.06437
1 6.02794 0 0 -1.04346 0.745676 -0.871147
2 11.7344 0 0 -0.0014029 0 -0.941104
3 8.81138 -0.000450134 -0.000112534 -1.36971 0 0.000158014
4 5.77839 0.000286102 0 -0.917703 0 0.000101196
5 2.23163 -0.000329018 -0.000364542 -0.452003 0 0
6 11.4725 0 0 -1.43442 0.131412 0.858153
7 0.615219 -0.99309 -0.810701 2.33805 -0.0433468 -0.360756
8 2.24752 0 0 0.0800334 0.13087 -0.0225879
9 1.11936 0 0 0.0688115 0.177523 -0.338114
10 3.71348 -0.102642 0.102191 1.81843 1.37508 0.188412
11 1.72615 0 0 0.0136259 -0.025064 -0.609754
12 1.21114 0 0 0.00236695 0.0174766 -0.462832
13 3.5992 -1.06012 0.0708876 1.68096 1.17438 0.0612366
14 1.66069 0 0 -0.00987797 0.0219166 -0.64561
15 1.167 0 0 0.0379319 -0.0317195 -0.610265
16 2.18853 0.50104 0.0576587 1.57003 0.153931 0.225781
17 1.29609 0 0 0.0343668 0.0550096 -1.22788
18 1.62202 0.000715256 -0.000472069 0.00441631 -0.0145793 -0.727069
19 1.22241 0 0 -0.00631649 0.0176867 -0.370915
20 1.76707 1.27612 0.0366402 1.57002 0.26187 0.261241
21 1.55588 0 0 -0.0324566 0.00304737 -1.18264
22 1.24273 0 0 -0.00059948 0 -0.65185
23 0.784523 0 0 0.00633941 0.00191162 -0.571831
24 -1.93761 5.60916 -3.60973 -0.000932693 0 3.14159
25 6.02794 0 0 0.813207 0.745068 1.1443
26 11.7344 0 0 0.00140275 0 1.33658
27 8.81167 0 0 -0.279161 0 0
28 5.77884 0 0 -0.187038 0 0
29 2.23249 0 0 -0.092123 0 0
30 11.4725 0 0 -0.246675 -0.223184 -1.30591
31 0.615814 0.994372 -0.809166 -2.75592 0.374249 0.315718
32 2.24752 0 0 -0.565214 0.197981 0.0658203
33 1.11936 0 0 -0.0549133 0.0237984 0.34886
34 3.71349 0.102639 0.102191 -1.55367 0.888575 -0.066111
35 1.72615 0 0 -0.0121439 -0.00651267 1.19024
36 1.21112 0 0 0.0118385 0.0130726 1.33339
37 3.5992 1.06012 0.0708876 -1.45448 0.289842 0.348452
38 1.66069 0 0 -0.0204447 0.0691882 -0.0352876
39 1.16699 0 0 0.0118832 0.0235392 -0.00622645
40 2.18853 -0.501041 0.0576582 -1.55151 0.172885 -0.118539
41 1.29609 0 0 -0.0200503 -0.0423275 0.631309
42 1.62202 -0.000714302 -0.0004704 -0.0284749 -0.0166478 1.25494
43 1.22241 0 0 -0.00733728 0.0017543 1.23076
44 1.76707 -1.27612 0.0366402 -1.52771 0.265811 -0.101504
45 1.55588 0 0 0.0305805 -0.0879842 0.525515
46 1.24273 0 0 0.000599305 0 0.710283
47 0.784532 0 0 -0.00205837 0.00641636 0.880036
48 0 0 0 0 0 0
49 -8.34467 -15.1445 -10.3394 0.800495 0.428189 0.116746
50 0 -1.51208 1.07027 0 0 0
51 0.540027 -0.376654 1.73991 0.132749 0 0
52 0 -3.13127 2.17037 0 0 0
53 0 -2.17842 1.90586 -0.041928 0 0
54 -8.48648 -14.0231 -10.3618 0.800495 0.428189 0.116746
55 0 -0.769077 1.97674 0 0 0
56 0 -0.54077 1.81329 0 0 0
time 5
0 1.5572 9.20997 -3.60973 0.000934124 0 -1.06437
1 6.02794 0 0 -1.08672 0.734365 -0.858745
2 11.7344 0 0 -0.001403 0 -0.927642
3 8.81139 -0.000449181 -0.000111818 -1.23801 0 0.000157552
4 5.77839 0.000286102 0 -0.829467 0 0.000101138
5 2.23164 -0.000329971 -0.000364304 -0.408543 0 0
6 11.4725 0 0 -1.33586 0.0365762 0.815306
7 0.615219 -0.993091 -0.8107 2.33805 -0.0433469 -0.360756
8 2.24752 0 0 0.0800335 0.130871 -0.0225879
9 1.11936 0 0 0.0688115 0.177523 -0.338114
10 3.71348 -0.102641 0.102192 1.81843 1.37508 0.188412
11 1.72615 0 0 0.0136259 -0.0250639 -0.609754
12 1.21114 0 0 0.00236701 0.0174766 -0.462832
13 3.5992 -1.06012 0.070888 1.68096 1.17438 0.0612363
14 1.66069 0 0 -0.00987788 0.0219167 -0.64561
15 1.167 0 0 0.0379319 -0.0317197 -0.610266
16 2.18853 0.501039 0.0576591 1.57003 0.153931 0.225781
17 1.29609 0 0 0.0343667 0.0550094 -1.22788
18 1.62202 0.000711441 -0.000469685 0.00441615 -0.0145794 -0.727069
19 1.22241 0 0 -0.00631656 0.0176869 -0.370915
20 1.76707 1.27612 0.0366406 1.57002 0.26187 0.261241
21 1.55588 0 0 -0.0324567 0.00304736 -1.18264
22 1.24274 0 0 -0.00059948 0 -0.65185
23 0.784524 0 0 0.00633933 0.00191179 -0.571831
24 -1.93761 5.60916 -3.60973 -0.000932693 0 3.14159
25 6.02794 0 0 0.825129 0.72574 1.17841
26 11.7344 0 0 0.00140261 0 1.3117
27 8.81167 0 0 -0.28518 0 0
28 5.77884 0 0 -0.191071 0 0
29 2.23249 0 0 -0.0941094 0 0
30 11.4725 0 0 -0.194209 -0.231776 -1.20034
31 0.615812 0.994372 -0.809165 -2.75592 0.374249 0.315718
32 2.24752 0 0 -0.565214 0.197981 0.0658202
33 1.11936 0 0 -0.0549132 0.0237986 0.34886
34 3.71349 0.102638 0.102191 -1.55367 0.888575 -0.0661112
35 1.72615 0 0 -0.0121439 -0.00651273 1.19024
36 1.21112 0 0 0.0118385 0.0130726 1.33339
37 3.5992 1.06012 0.0708885 -1.45448 0.289842 0.348452
38 1.66069 0 0 -0.0204446 0.0691882 -0.0352878
39 1.16699 0 0 0.0118835 0.0235392 -0.00622658
40 2.18853 -0.501041 0.0576591 -1.55151 0.172885 -0.118539
41 1.29609 0 0 -0.0200503 -0.0423275 0.631309
42 1.62202 -0.000714302 -0.000469685 -0.0284749 -0.0166478 1.25494
43 1.22241 0 0 -0.00733734 0.00175442 1.23076
44 1.76707 -1.27612 0.0366402 -1.52771 0.265811 -0.101503
45 1.55588 0 0 0.0305805 -0.0879843 0.525515
46 1.24273 0 0 0.000599232 0 0.710283
47 0.784531 0 0 -0.00205808 0.00641627 0.880036
48 0 0 0 0 0 0
49 -7.75557 -15.6925 -9.84152 0.6678 0.396996 0.0989273
50 0 -1.51208 1.07027 0 0 0
51 0.540027 -0.376652 1.73991 0.132749 0 0
52 0 -3.13126 2.17037 0 0 0
53 0 -2.17842 1.90586 -0.041928 0 0
54 -7.93283 -14.5875 -10.002 0.6678 0.396996 0.0989273
55 0 -0.769077 1.97674 0 0 0
56 0 -0.540771 1.81329 0 0 0
time 6
0 1.5572 9.20997 -3.60973 0.000934124 0 -1.06437
1 6.02794 0 0 -1.1308 0.718824 -0.848599
2 11.7344 0 0 -0.00140311 0 -0.90561
3 8.81139 -0.000449181 -0.000111818 -1.12257 0 0.000157881
4 5.77839 0.000287056 0 -0.75212 0 0.000101753
5 2.23164 -0.000329018 -0.000363827 -0.370447 0 0
6 11.4725 0 0 -1.23772 -0.0411166 0.754617
7 0.615219 -0.993091 -0.8107 2.33805 -0.0433468 -0.360756
8 2.24752 0 0 0.0800335 0.130871 -0.022588
9 1.11936 0 0 0.0688115 0.177523 -0.338114
10 3.71348 -0.102641 0.102191 1.81842 1.37508 0.188411
11 1.72615 0 0 0.0136256 -0.0250637 -0.609754
12 1.21114 0 0 0.00236709 0.0174766 -0.462832
13 3.59919 -1.06012 0.0708876 1.68096 1.17438 0.0612362
14 1.66069 0 0 -0.00987784 0.0219166 -0.64561
15 1.167 0 0 0.0379318 -0.0317195 -0.610265
16 2.18853 0.501039 0.0576591 1.57003 0.153931 0.225781
17 1.29609 0 0 0.0343668 0.0550096 -1.22788
18 1.62202 0.000713348 -0.000471115 0.0044163 -0.0145795 -0.727069
19 1.22241 0 0 -0.00631666 0.017687 -0.370915
20 1.76707 1.27612 0.0366411 1.57002 0.26187 0.261241
21 1.55588 0 0 -0.0324567 0.00304725 -1.18264
22 1.24273 0 0 -0.000599518 0 -0.65185
23 0.784523 0 0 0.00633935 0.00191173 -0.571831
24 -1.93761 5.60916 -3.60973 -0.000932693 0 3.14159
25 6.02794 0 0 0.837068 0.705117 1.21408
26 11.7344 0 0 0.00140262 0 1.27847
27 8.81167 0 0 -0.288477 0 0
28 5.77884 0 0 -0.19328 0 0
29 2.23249 0 0 -0.0951975 0 0
30 11.4725 0 0 -0.144836 -0.250916 -1.09865
31 0.615812 0.994372 -0.809165 -2.75592 0.374249 0.315718
32 2.24752 0 0 -0.565215 0.197981 0.0658203
33 1.11936 0 0 -0.0549132 0.0237986 0.34886
34 3.71349 0.10264 0.102191 -1.55367 0.888575 -0.066111
35 1.72615 0 0 -0.0121438 -0.00651259 1.19024
36 1.21112 0 0 0.0118384 0.0130727 1.33339
37 3.5992 1.06012 0.0708885 -1.45448 0.289842 0.348452
38 1.66069 0 0 -0.0204446 0.0691882 -0.0352878
39 1.16699 0 0 0.0118833 0.0235394 -0.00622648
40 2.18853 -0.501041 0.0576591 -1.55151 0.172885 -0.118539
41 1.29609 0 0 -0.0200504 -0.0423273 0.631309
42 1.62202 -0.000713348 -0.000469685 -0.0284746 -0.0166479 1.25494
43 1.22241 0 0 -0.0073372 0.00175437 1.23076
44 1.76707 -1.27612 0.0366402 -1.52771 0.265811 -0.101503
45 1.55588 0 0 0.0305806 -0.0879841 0.525515
46 1.24273 0 0 0.00059913 0 0.710283
47 0.784532 0 0 -0.00205812 0.00641633 0.880036
48 0 0 0 0 0 0
49 -7.20323 -16.2079 -9.36951 0.546016 0.367858 0.0822572
50 0 -1.51208 1.07027 0 0 0
51 0.540026 -0.376656 1.73991 0.132749 0 0
52 0 -3.13127 2.17037 0 0 0
53 0 -2.17842 1.90586 -0.041928 0 0
54 -7.40312 -15.133 -9.65727 0.546016 0.367858 0.0822572
55 0 -0.769077 1.97674 0 0 0
56 0 -0.54077 1.81329 0 0 0
time 7
0 1.5572 9.20997 -3.60973 0.000934124 0 -1.06437
1 6.02794 0 0 -1.17442 0.699199 -0.839932
2 11.7344 0 0 -0.0014028 0 -0.876411
3 8.81139 -0.000450134 -0.000112772 -1.02308 0 0.000157675
4 5.77839 0.000285149 0 -0.685463 0 0.000101926
5 2.23164 -0.000329018 -0.000363827 -0.337616 0 0
6 11.4725 0 0 -1.14099 -0.101228 0.681303
7 0.615219 -0.993091 -0.810701 2.33805 -0.0433467 -0.360756
8 2.24752 0 0 0.0800335 0.130871 -0.0225879
9 1.11936 0 0 0.0688114 0.177523 -0.338114
10 3.71348 -0.102641 0.102191 1.81842 1.37508 0.188411
11 1.72615 0 0 0.0136259 -0.0250639 -0.609754
12 1.21114 0 0 0.00236698 0.0174767 -0.462832
13 3.59919 -1.06012 0.0708876 1.68096 1.17438 0.0612366
14 1.66069 0 0 -0.00987797 0.0219166 -0.64561
15 1.167 0 0 0.0379319 -0.0317195 -0.610265
16 2.18853 0.50104 0.0576591 1.57003 0.153931 0.225781
17 1.29609 0 0 0.0343666 0.0550094 -1.22788
18 1.62202 0.000713348 -0.000470161 0.00441615 -0.0145794 -0.72707
19 1.22241 0 0 -0.0063165 0.0176869 -0.370915
20 1.76707 1.27612 0.0366411 1.57002 0.26187 0.261241
21 1.55588 0 0 -0.0324566 0.00304732 -1.18264
22 1.24274 0 0 -0.000599555 0 -0.65185
23 0.784524 0 0 0.00633932 0.00191172 -0.571831
24 -1.93761 5.60916 -3.60973 -0.000932693 0 3.14159
25 6.02794 0 0 0.849289 0.682984 1.25095
26 11.7344 0 0 0.00140268 0 1.23816
27 8.81167 0 0 -0.288526 0 0
28 5.77884 0 0 -0.193312 0 0
29 2.23249 0 0 -0.0952135 0 0
30 11.4725 0 0 -0.100363 -0.27793 -1.00218
31 0.615814 0.994373 -0.809165 -2.75592 0.374249 0.315718
32 2.24752 0 0 -0.565215 0.197981 0.0658203
33 1.11936 0 0 -0.0549132 0.0237986 0.34886
34 3.71349 0.102639 0.102191 -1.55366 0.888575 -0.0661109
35 1.72615 0 0 -0.0121437 -0.00651262 1.19024
36 1.21112 0 0 0.0118386 0.0130724 1.33339
37 3.5992 1.06012 0.070888 -1.45448 0.289842 0.348452
38 1.66069 0 0 -0.0204447 0.0691881 -0.0352878
39 1.16699 0 0 0.0118832 0.0235394 -0.0062265
40 2.18853 -0.501041 0.0576587 -1.55151 0.172885 -0.118539
41 1.29609 0 0 -0.0200504 -0.0423275 0.631309
42 1.62202 -0.000713348 -0.000470161 -0.0284747 -0.0166479 1.25494
43 1.22241 0 0 -0.00733738 0.00175421 1.23076
44 1.76707 -1.27612 0.0366406 -1.52771 0.265811 -0.101503
45 1.55587 0 0 0.0305807 -0.0879843 0.525515
46 1.24273 0 0 0.000599173 0 0.710283
47 0.784532 0 0 -0.0020581 0.00641644 0.880036
48 0 0 0 0 0 0
49 -6.68764 -16.6908 -8.92337 0.435143 0.340773 0.0667352
50 0 -1.51208 1.07027 0 0 0
51 0.540026 -0.376654 1.73991 0.132749 0 0
52 0 -3.13127 2.17037 0 0 0
53 0 -2.17842 1.90586 -0.041928 0 0
54 -6.8998 -15.6558 -9.32566 0.435143 0.340773 0.0667352
55 0 -0.769075 1.97674 0 0 0
56 0 -0.540768 1.81329 0 0 0
time 8
0 1.5572 9.20997 -3.60973 0.000934124 0 -1.06437
1 6.02794 0 0 -1.21649 0.675472 -0.83226
2 11.7344 0 0 -0.0014029 0 -0.840589
3 8.81138 -0.000448227 -0.000112295 -0.938082 0 0.000157791
4 5.77839 0.00028801 0 -0.628515 0 0.000102118
5 2.23163 -0.000328064 -0.000364304 -0.309567 0 0
6 11.4725 0 0 -1.04758 -0.144348 0.600122
7 0.615219 -0.99309 -0.8107 2.33805 -0.0433468 -0.360756
8 2.24752 0 0 0.0800335 0.130871 -0.022588
9 1.11936 0 0 0.0688114 0.177523 -0.338114
10 3.71348 -0.102641 0.102191 1.81842 1.37508 0.188411
11 1.72615 0 0 0.0136259 -0.0250639 -0.609754
12 1.21114 0 0 0.00236693 0.0174767 -0.462832
13 3.59919 -1.06012 0.0708876 1.68096 1.17438 0.0612367
14 1.66069 0 0 -0.00987781 0.0219166 -0.64561
15 1.167 0 0 0.0379319 -0.0317196 -0.610266
16 2.18852 0.50104 0.0576587 1.57003 0.153932 0.225781
17 1.29609 0 0 0.0343667 0.0550094 -1.22788
18 1.62202 0.000713348 -0.000472069 0.00441639 -0.0145794 -0.727069
19 1.22241 0 0 -0.00631669 0.017687 -0.370915
20 1.76707 1.27612 0.0366406 1.57002 0.26187 0.261241
21 1.55588 0 0 -0.0324568 0.00304725 -1.18264
22 1.24273 0 0 -0.000599499 0 -0.65185
23 0.784524 0 0 0.00633936 0.0019118 -0.571831
24 -1.93761 5.60916 -3.60973 -0.000932693 0 3.14159
25 6.02794 0 0 0.861926 0.659153 1.28862
26 11.7344 0 0 0.00140276 0 1.19181
27 8.81167 0 0 -0.28506 0 0
28 5.77884 0 0 -0.19099 0 0
29 2.23249 0 0 -0.0940699 0 0
30 11.4725 0 0 -0.0617248 -0.310063 -0.91175
31 0.615812 0.994373 -0.809165 -2.75592 0.374249 0.315718
32 2.24752 0 0 -0.565214 0.197981 0.0658204
33 1.11936 0 0 -0.0549132 0.0237985 0.34886
34 3.71349 0.102639 0.102191 -1.55367 0.888575 -0.0661111
35 1.72615 0 0 -0.0121439 -0.00651273 1.19024
36 1.21112 0 0 0.0118385 0.0130725 1.33339
37 3.5992 1.06012 0.0708883 -1.45448 0.289842 0.348452
38 1.66069 0 0 -0.0204445 0.0691881 -0.0352877
39 1.16699 0 0 0.0118833 0.0235393 -0.00622659
40 2.18853 -0.501041 0.0576596 -1.55151 0.172885 -0.118539
41 1.29609 0 0 -0.0200505 -0.0423274 0.631309
42 1.62202 -0.000712395 -0.000469685 -0.0284747 -0.0166479 1.25494
43 1.22241 0 0 -0.00733724 0.00175441 1.23076
44 1.76707 -1.27612 0.0366416 -1.52771 0.265811 -0.101503
45 1.55588 0 0 0.0305807 -0.0879844 0.525515
46 1.24273 0 0 0.000599212 0 0.710283
47 0.784532 0 0 -0.00205824 0.00641626 0.880036
48 0 0 0 0 0 0
49 -6.20882 -17.1412 -8.50309 0.33518 0.315743 0.0523612
50 0 -1.51208 1.07027 0 0 0
51 0.540026 -0.376656 1.73991 0.132749 0 0
52 0 -3.13126 2.17037 0 0 0
53 0 -2.17842 1.90586 -0.041928 0 0
54 -6.42521 -16.1521 -9.00612 0.33518 0.315743 0.0523612
55 0 -0.769073 1.97674 0 0 0
56 0 -0.540768 1.81329 0 0 0
time 9
0 1.5572 9.20997 -3.60973 0.000934124 0 -1.06437
1 6.02794 0 0 -1.25589 0.648393 -0.824939
2 11.7344 0 0 -0.00140287 0 -0.799918
3 8.81139 -0.000450134 -0.000112057 -0.865471 0 0.000157682
4 5.77839 0.000286102 0 -0.579866 0 0.000102286
5 2.23163 -0.000330925 -0.000364304 -0.285606 0 0
6 11.4725 0 0 -0.959741 -0.172012 0.516214
7 0.615219 -0.993091 -0.8107 2.33805 -0.0433468 -0.360756
8 2.24752 0 0 0.0800335 0.130871 -0.022588
9 1.11936 0 0 0.0688115 0.177523 -0.338114
10 3.71348 -0.102641 0.102191 1.81842 1.37508 0.18841
11 1.72615 0 0 0.0136259 -0.0250639 -0.609754
12 1.21114 0 0 0.00236694 0.0174768 -0.462832
13 3.59919 -1.06012 0.0708876 1.68096 1.17438 0.0612368
14 1.66069 0 0 -0.00987793 0.0219165 -0.64561
15 1.167 0 0 0.0379319 -0.0317196 -0.610265
16 2.18852 0.501039 0.0576591 1.57003 0.153932 0.225781
17 1.29609 0 0 0.0343665 0.0550095 -1.22788
18 1.62202 0.000713348 -0.000472069 0.00441626 -0.0145794 -0.727069
19 1.22241 0 0 -0.00631656 0.0176871 -0.370915
20 1.76707 1.27612 0.0366402 1.57002 0.26187 0.261241
21 1.55588 0 0 -0.0324567 0.00304733 -1.18264
22 1.24274 0 0 -0.000599443 0 -0.65185
23 0.784523 0 0 0.00633942 0.00191169 -0.571831
24 -1.93761 5.60916 -3.60973 -0.000932693 0 3.14159
25 6.02794 0 0 0.874871 0.633687 1.32643
26 11.7344 0 0 0.00140268 0 1.14078
27 8.81167 0 0 -0.278064 0 0
28 5.77884 0 0 -0.186303 0 0
29 2.23249 0 0 -0.0917611 0 0
30 11.4725 0 0 -0.0291358 -0.344747 -0.828079
31 0.615811 0.994371 -0.809165 -2.75592 0.374249 0.315718
32 2.24752 0 0 -0.565214 0.197981 0.0658202
33 1.11936 0 0 -0.0549134 0.0237986 0.34886
34 3.71348 0.102639 0.102191 -1.55367 0.888575 -0.066111
35 1.72615 0 0 -0.012144 -0.00651269 1.19024
36 1.21112 0 0 0.0118386 0.0130727 1.33339
37 3.5992 1.06012 0.0708883 -1.45448 0.289842 0.348452
38 1.66069 0 0 -0.0204446 0.0691882 -0.0352877
39 1.16699 0 0 0.0118833 0.0235394 -0.00622651
40 2.18853 -0.50104 0.0576591 -1.55151 0.172885 -0.118539
41 1.29609 0 0 -0.0200505 -0.0423274 0.631309
42 1.62202 -0.000713348 -0.000469923 -0.0284749 -0.016648 1.25494
43 1.22241 0 0 -0.00733728 0.00175425 1.23076
44 1.76707 -1.27612 0.0366402 -1.52771 0.265811 -0.101503
45 1.55588 0 0 0.0305805 -0.0879845 0.525515
46 1.24273 0 0 0.000599235 0 0.710283
47 0.784532 0 0 -0.00205803 0.00641633 0.880036
48 0 0 0 0 0 0
49 -5.76675 -17.5591 -8.10868 0.246127 0.292767 0.0391355
50 0 -1.51208 1.07027 0 0 0
51 0.540026 -0.376652 1.73991 0.132749 0 0
52 0 -3.13126 2.17037 0 0 0
53 0 -2.17842 1.90586 -0.041928 0 0
54 -5.98147 -16.6187 -8.69841 0.246127 0.292767 0.0391355
55 0 -0.769075 1.97674 0 0 0
56 0 -0.54077 1.81329 0 0 0
time 10
0 1.5572 9.20997 -3.60973 0.000934124 0 -1.06437
1 6.02794 0 0 -1.29193 0.618423 -0.817748
2 11.7344 0 0 -0.00140296 0 -0.755187
3 8.81138 -0.000449181 -0.000112057 -0.803458 0 0.000157878
4 5.77839 0.000286102 0 -0.538317 0 0.000102753
5 2.23163 -0.000329971 -0.000364065 -0.265141 0 0
6 11.4725 0 0 -0.879525 -0.186469 0.433648
7 0.615219 -0.993091 -0.8107 2.33805 -0.0433468 -0.360756
8 2.24752 0 0 0.0800335 0.130871 -0.0225878
9 1.11936 0 0 0.0688115 0.177523 -0.338114
10 3.71348 -0.102642 0.102191 1.81842 1.37508 0.188412
11 1.72615 0 0 0.0136258 -0.025064 -0.609754
12 1.21114 0 0 0.00236707 0.0174767 -0.462832
13 3.59919 -1.06012 0.0708885 1.68096 1.17438 0.0612364
14 1.66069 0 0 -0.00987792 0.0219166 -0.64561
15 1.167 0 0 0.0379318 -0.0317196 -0.610266
16 2.18852 0.501039 0.0576587 1.57003 0.153932 0.225781
17 1.29609 0 0 0.0343667 0.0550095 -1.22788
18 1.62202 0.000715256 -0.000471115 0.00441636 -0.0145794 -0.727069
19 1.22241 0 0 -0.0063165 0.0176869 -0.370915
20 1.76707 1.27612 0.0366406 1.57002 0.26187 0.261241
21 1.55588 0 0 -0.0324566 0.00304729 -1.18264
22 1.24274 0 0 -0.000599405 0 -0.65185
23 0.784523 0 0 0.00633928 0.00191184 -0.571831
24 -1.93761 5.60916 -3.60973 -0.000932693 0 3.14159
25 6.02794 0 0 0.887982 0.606644 1.36385
26 11.7344 0 0 0.00140287 0 1.08606
27 8.81167 0 0 -0.267733 0 0
28 5.77884 0 0 -0.179381 0 0
29 2.23249 0 0 -0.0883519 0 0
30 11.4725 0 0 -0.00228801 -0.379746 -0.751583
31 0.615813 0.994373 -0.809166 -2.75592 0.374249 0.315718
32 2.24752 0 0 -0.565214 0.197981 0.0658204
33 1.11935 0 0 -0.0549133 0.0237986 0.34886
34 3.71348 0.102639 0.10219 -1.55367 0.888575 -0.066111
35 1.72615 0 0 -0.0121439 -0.00651271 1.19024
36 1.21112 0 0 0.0118385 0.0130726 1.33339
37 3.5992 1.06012 0.070888 -1.45448 0.289842 0.348452
38 1.66069 0 0 -0.0204447 0.0691882 -0.0352877
39 1.16699 0 0 0.0118833 0.0235393 -0.00622651
40 2.18853 -0.50104 0.0576589 -1.55151 0.172885 -0.118539
41 1.29609 0 0 -0.0200503 -0.0423275 0.631309
42 1.62202 -0.000713348 -0.000470161 -0.0284748 -0.0166479 1.25494
43 1.22241 0 0 -0.00733719 0.00175427 1.23076
44 1.76707 -1.27612 0.0366402 -1.52771 0.265811 -0.101503
45 1.55587 0 0 0.0305806 -0.0879844 0.525515
46 1.24273 0 0 0.000599233 0 0.710283
47 0.784532 0 0 -0.00205811 0.00641634 0.880036
48 0 0 0 0 0 0
49 -5.36144 -17.9444 -7.74013 0.167986 0.271845 0.0270578
50 0 -1.51208 1.07027 0 0 0
51 0.540026 -0.376656 1.73991 0.132749 0 0
52 0 -3.13126 2.17037 0 0 0
53 0 -2.17842 1.90586 -0.041928 0 0
54 -5.5704 -17.0527 -8.40294 0.167986 0.271845 0.0270578
55 0 -0.769077 1.97674 0 0 0
56 0 -0.540771 1.81329 0 0 0
time 11
0 1.5572 9.20997 -3.60973 0.000934124 0 -1.06437
1 6.02794 0 0 -1.32414 0.5865 -0.810498
2 11.7344 0 0 -0.00140294 0 -0.70797
3 8.81138 -0.000450134 -0.000112176 -0.750421 0 0.000157847
4 5.77839 0.000286102 0 -0.502782 0 0.000102807
5 2.23163 -0.000329018 -0.000364065 -0.247639 0 0
6 11.4725 0 0 -0.808413 -0.190347 0.356088
7 0.615221 -0.993091 -0.8107 2.33805 -0.0433469 -0.360756
8 2.24752 0 0 0.0800335 0.130871 -0.0225881
9 1.11936 0 0 0.0688115 0.177523 -0.338114
10 3.71348 -0.102641 0.102191 1.81842 1.37508 0.188411
11 1.72615 0 0 0.0136259 -0.0250638 -0.609754
12 1.21114 0 0 0.00236704 0.0174767 -0.462832
13 3.59919 -1.06012 0.070888 1.68096 1.17438 0.0612366
14 1.66069 0 0 -0.0098779 0.0219165 -0.64561
15 1.167 0 0 0.0379319 -0.0317196 -0.610265
16 2.18852 0.50104 0.0576591 1.57003 0.153931 0.225781
17 1.29609 0 0 0.0343667 0.0550094 -1.22788
18 1.62202 0.000713348 -0.000469685 0.00441625 -0.0145794 -0.727069
19 1.22241 0 0 -0.00631664 0.0176871 -0.370915
20 1.76707 1.27612 0.0366411 1.57002 0.26187 0.261241
21 1.55588 0 0 -0.0324567 0.00304729 -1.18264
22 1.24273 0 0 -0.000599329 0 -0.65185
23 0.784524 0 0 0.00633922 0.00191163 -0.571831
24 -1.93761 5.60916 -3.60973 -0.000932693 0 3.14159
25 6.02794 0 0 0.900931 0.578414 1.40012
26 11.7344 0 0 0.00140257 0 1.02927
27 8.81167 0 0 -0.254569 0 0
28 5.77884 0 0 -0.170561 0 0
29 2.23249 0 0 -0.0840078 0 0
30 11.4725 0 0 0.0194734 -0.413221 -0.682946
31 0.615811 0.994372 -0.809165 -2.75592 0.374249 0.315718
32 2.24752 0 0 -0.565214 0.197981 0.0658204
33 1.11936 0 0 -0.0549133 0.0237986 0.34886
34 3.71349 0.102639 0.102191 -1.55367 0.888575 -0.0661108
35 1.72615 0 0 -0.012144 -0.0065126 1.19024
36 1.21112 0 0 0.0118384 0.0130726 1.33339
37 3.5992 1.06012 0.0708885 -1.45448 0.289842 0.348452
38 1.66069 0 0 -0.0204444 0.0691882 -0.0352877
39 1.16699 0 0 0.0118832 0.0235394 -0.00622665
40 2.18853 -0.50104 0.0576594 -1.55151 0.172885 -0.118539
41 1.29609 0 0 -0.0200505 -0.0423274 0.631309
42 1.62202 -0.000713348 -0.000469685 -0.0284747 -0.016648 1.25494
43 1.22241 0 0 -0.00733732 0.0017545 1.23076
44 1.76707 -1.27612 0.0366402 -1.52771 0.265811 -0.101503
45 1.55587 0 0 0.0305807 -0.0879844 0.525515
46 1.24273 0 0 0.000599156 0 0.710283
47 0.784531 0 0 -0.00205814 0.00641631 0.880036
48 0 0 0 0 0 0
49 -4.99289 -18.2972 -7.39745 0.100755 0.252977 0.0161282
50 0 -1.51208 1.07027 0 0 0
51 0.540026 -0.376656 1.73991 0.132749 0 0
52 0 -3.13127 2.17037 0 0 0
53 0 -2.17842 1.90586 -0.041928 0 0
54 -5.19347 -17.4515 -8.12047 0.100755 0.252977 0.0161282
55 0 -0.769075 1.97674 0 0 0
56 0 -0.54077 1.81329 0 0 0
time 12
0 1.5572 9.20997 -3.60973 0.000934124 0 -1.06437
1 6.02794 0 0 -1.35129 0.554245 -0.803737
2 11.7344 0 0 -0.00140273 0 -0.660337
3 8.81139 -0.000450134 -0.000112414 -0.706123 0 0.000158145
4 5.77839 0.000287056 0 -0.473103 0 0.000103299
5 2.23163 -0.000329018 -0.000364065 -0.233021 0 0
6 11.4725 0 0 -0.74824 -0.187362 0.286513
7 0.615221 -0.993091 -0.8107 2.33805 -0.0433469 -0.360756
8 2.24752 0 0 0.0800335 0.130871 -0.022588
9 1.11936 0 0 0.0688115 0.177523 -0.338114
10 3.71348 -0.102641 0.102192 1.81842 1.37508 0.18841
11 1.72615 0 0 0.0136259 -0.025064 -0.609754
12 1.21114 0 0 0.00236699 0.0174767 -0.462832
13 3.59919 -1.06012 0.0708883 1.68096 1.17438 0.061236
14 1.66069 0 0 -0.00987787 0.0219166 -0.64561
15 1.167 0 0 0.0379319 -0.0317195 -0.610265
16 2.18852 0.50104 0.0576599 1.57003 0.153931 0.225781
17 1.29609 0 0 0.0343667 0.0550095 -1.22788
18 1.62202 0.000713348 -0.000472069 0.00441621 -0.0145794 -0.727069
19 1.22241 0 0 -0.0063166 0.017687 -0.370915
20 1.76707 1.27612 0.0366409 1.57002 0.26187 0.261241
21 1.55588 0 0 -0.0324567 0.00304718 -1.18264
22 1.24274 0 0 -0.000599546 0 -0.65185
23 0.784523 0 0 0.0063394 0.00191175 -0.571831
24 -1.93761 5.60916 -3.60973 -0.000932693 0 3.14159
25 6.02794 0 0 0.912794 0.550933 1.43294
26 11.7344 0 0 0.00140268 0 0.974393
27 8.81167 0 0 -0.239432 0 0
28 5.77884 0 0 -0.160419 0 0
29 2.23249 0 0 -0.0790125 0 0
30 11.4725 0 0 0.0368172 -0.443427 -0.623225
31 0.615814 0.994372 -0.809166 -2.75592 0.374249 0.315717
32 2.24752 0 0 -0.565214 0.197981 0.0658204
33 1.11936 0 0 -0.0549134 0.0237986 0.34886
34 3.71348 0.102639 0.102191 -1.55367 0.888575 -0.0661112
35 1.72615 0 0 -0.0121439 -0.00651267 1.19024
36 1.21112 0 0 0.0118384 0.0130726 1.33339
37 3.5992 1.06012 0.0708883 -1.45448 0.289842 0.348452
38 1.66069 0 0 -0.0204446 0.0691883 -0.0352877
39 1.16699 0 0 0.0118833 0.0235393 -0.0062266
40 2.18853 -0.50104 0.0576589 -1.55151 0.172885 -0.118539
41 1.29609 0 0 -0.0200505 -0.0423274 0.631309
42 1.62201 -0.000712395 -0.000469208 -0.0284748 -0.016648 1.25494
43 1.22241 0 0 -0.00733718 0.00175439 1.23076
44 1.76707 -1.27612 0.0366406 -1.52771 0.265811 -0.101503
45 1.55588 0 0 0.0305806 -0.0879843 0.525515
46 1.24273 0 0 0.000599168 0 0.710283
47 0.784532 0 0 -0.00205819 0.00641634 0.880036
48 0 0 0 0 0 0
49 -4.67759 -18.604 -7.08921 0.0444347 0.236163 0.00634676
50 0 -1.51208 1.07027 0 0 0
51 0.540026 -0.376656 1.73991 0.132749 0 0
52 0 -3.13127 2.17037 0 0 0
53 0 -2.17842 1.90586 -0.041928 0 0
54 -4.86833 -17.7998 -7.86057 0.0444347 0.236163 0.00634676
55 0 -0.769073 1.97674 0 0 0
56 0 -0.540768 1.81329 0 0 0
time 13
0 1.5572 9.20997 -3.60973 0.000934124 0 -1.06437
1 6.02794 0 0 -1.37255 0.524274 -0.797969
2 11.7344 0 0 -0.00140274 0 -0.616543
3 8.81138 -0.000451088 -0.000112653 -0.672421 0 0.000158258
4 5.77839 0.000286102 0 -0.450522 0 0.000103181
5 2.23163 -0.000329971 -0.000364065 -0.221899 0 0
6 11.4725 0 0 -0.7022 -0.180283 0.229038
7 0.615219 -0.993091 -0.8107 2.33805 -0.0433468 -0.360756
8 2.24752 0 0 0.0800335 0.130871 -0.022588
9 1.11936 0 0 0.0688114 0.177523 -0.338114
10 3.71348 -0.102641 0.102191 1.81842 1.37508 0.188411
11 1.72615 0 0 0.0136259 -0.0250639 -0.609754
12 1.21114 0 0 0.00236699 0.0174767 -0.462832
13 3.59919 -1.06012 0.070888 1.68096 1.17438 0.0612366
14 1.66069 0 0 -0.00987788 0.0219166 -0.64561
15 1.167 0 0 0.0379319 -0.0317196 -0.610265
16 2.18852 0.50104 0.0576587 1.57003 0.153931 0.225781
17 1.29609 0 0 0.0343667 0.0550095 -1.22788
18 1.62202 0.000711441 -0.000470638 0.00441623 -0.0145794 -0.727069
19 1.22241 0 0 -0.00631659 0.017687 -0.370915
20 1.76707 1.27612 0.0366406 1.57002 0.26187 0.261241
21 1.55588 0 0 -0.0324566 0.00304737 -1.18264
22 1.24274 0 0 -0.000599396 0 -0.65185
23 0.784523 0 0 0.00633934 0.00191179 -0.571831
24 -1.93761 5.60916 -3.60973 -0.000932693 0 3.14159
25 6.02794 0 0 0.923056 0.525851 1.46061
26 11.7344 0 0 0.00140283 0 0.925531
27 8.81167 0 0 -0.225779 0 0
28 5.77884 0 0 -0.151272 0 0
29 2.23249 0 0 -0.0745069 0 0
30 11.4725 0 0 0.0485091 -0.468714 -0.574967
31 0.615813 0.994372 -0.809165 -2.75592 0.374249 0.315718
32 2.24752 0 0 -0.565214 0.197981 0.0658204
33 1.11936 0 0 -0.0549134 0.0237984 0.34886
34 3.71349 0.10264 0.102191 -1.55367 0.888575 -0.0661109
35 1.72615 0 0 -0.0121438 -0.00651261 1.19024
36 1.21112 0 0 0.0118386 0.0130726 1.33339
37 3.5992 1.06012 0.0708876 -1.45448 0.289842 0.348452
38 1.66069 0 0 -0.0204447 0.0691882 -0.0352877
39 1.16699 0 0 0.0118834 0.0235393 -0.00622644
40 2.18853 -0.501041 0.0576589 -1.55151 0.172885 -0.118539
41 1.29609 0 0 -0.0200504 -0.0423275 0.631309
42 1.62202 -0.000714302 -0.000470161 -0.0284747 -0.0166479 1.25494
43 1.22241 0 0 -0.00733738 0.00175431 1.23076
44 1.76707 -1.27612 0.0366406 -1.52771 0.265811 -0.101503
45 1.55588 0 0 0.0305805 -0.0879844 0.525515
46 1.24273 0 0 0.000599197 0 0.710283
47 0.784532 0 0 -0.00205816 0.00641624 0.880036
48 0 0 0 0 0 0
49 -4.42789 -18.8547 -6.82182 0.000421601 0.223477 -0.00224252
50 0 -1.51208 1.07027 0 0 0
51 0.540026 -0.376657 1.73991 0.132749 0 0
52 0 -3.13127 2.17037 0 0 0
53 0 -2.17842 1.90586 -0.041928 0 0
54 -4.60968 -18.0845 -7.62928 0.000421601 0.223477 -0.00224252
55 0 -0.769075 1.97674 0 0 0
56 0 -0.54077 1.81329 0 0 0
time 14
0 1.5572 9.20997 -3.60973 0.000934124 0 -1.06437
1 6.02794 0 0 -1.3892 0.497051 -0.793093
2 11.7344 0 0 -0.00140287 0 -0.577206
3 8.81139 -0.000449181 -0.000112295 -0.640987 0 0.000158088
4 5.77839 0.00028801 0 -0.429461 0 0.00010339
5 2.23164 -0.000329018 -0.000363588 -0.211526 0 0
6 11.4725 0 0 -0.661695 -0.172366 0.181786
7 0.615219 -0.99309 -0.8107 2.33805 -0.0433467 -0.360756
8 2.24752 0 0 0.0800335 0.130871 -0.0225882
9 1.11935 0 0 0.0688115 0.177523 -0.338114
10 3.71348 -0.102641 0.102191 1.81842 1.37508 0.188411
11 1.72615 0 0 0.0136259 -0.0250639 -0.609754
12 1.21114 0 0 0.00236701 0.0174767 -0.462832
13 3.59919 -1.06012 0.070888 1.68096 1.17438 0.0612365
14 1.66069 0 0 -0.0098779 0.0219167 -0.64561
15 1.167 0 0 0.0379319 -0.0317196 -0.610266
16 2.18852 0.50104 0.0576594 1.57003 0.153931 0.225781
17 1.29609 0 0 0.0343668 0.0550095 -1.22788
18 1.62202 0.000715256 -0.000471115 0.00441621 -0.0145794 -0.727069
19 1.22241 0 0 -0.00631654 0.017687 -0.370915
20 1.76707 1.27612 0.0366409 1.57002 0.26187 0.261241
21 1.55588 0 0 -0.0324567 0.00304733 -1.18264
22 1.24273 0 0 -0.000599424 0 -0.65185
23 0.784523 0 0 0.00633936 0.00191173 -0.571831
24 -1.93761 5.60916 -3.60973 -0.000932693 0 3.14159
25 6.02794 0 0 0.931426 0.504286 1.48288
26 11.7344 0 0 0.00140269 0 0.883951
27 8.81167 0 0 -0.208781 0 0
28 5.77884 0 0 -0.139883 0 0
29 2.23249 0 0 -0.0688978 0 0
30 11.4725 0 0 0.0617188 -0.489415 -0.536086
31 0.615812 0.994373 -0.809166 -2.75592 0.374249 0.315718
32 2.24752 0 0 -0.565214 0.197981 0.0658204
33 1.11936 0 0 -0.0549134 0.0237987 0.34886
34 3.71348 0.10264 0.102191 -1.55367 0.888575 -0.0661112
35 1.72615 0 0 -0.0121439 -0.00651263 1.19024
36 1.21112 0 0 0.0118386 0.0130726 1.33339
37 3.5992 1.06012 0.0708883 -1.45448 0.289842 0.348452
38 1.66069 0 0 -0.0204446 0.0691882 -0.0352877
39 1.16699 0 0 0.0118833 0.0235394 -0.00622653
40 2.18853 -0.50104 0.0576584 -1.55151 0.172885 -0.118539
41 1.29609 0 0 -0.0200505 -0.0423274 0.631309
42 1.62202 -0.000712395 -0.000470161 -0.0284748 -0.016648 1.25494
43 1.22241 0 0 -0.00733732 0.00175434 1.23076
44 1.76707 -1.27612 0.0366409 -1.52771 0.265811 -0.101503
45 1.55588 0 0 0.0305807 -0.0879844 0.525515
46 1.24273 0 0 0.000599168 0 0.710283
47 0.784531 0 0 -0.00205818 0.00641632 0.880036
48 0 0 0 0 0 0
49 -4.23762 -19.0543 -6.59208 -0.0354738 0.208699 -0.00977182
50 0 -1.51208 1.07027 0 0 0
51 0.540026 -0.376656 1.73991 0.132749 0 0
52 0 -3.13127 2.17037 0 0 0
53 0 -2.17842 1.90586 -0.041928 0 0
54 -4.40756 -18.3131 -7.42867 -0.0354738 0.208699 -0.00977182
55 0 -0.769077 1.97674 0 0 0
56 0 -0.54077 1.81329 0 0 0
time 15
0 1.5572 9.20997 -3.60973 0.000934124 0 -1.06437
1 6.02794 0 0 -1.40288 0.473918 -0.788173
2 11.7344 0 0 -0.00140292 0 -0.545748
3 8.81138 -0.000449181 -0.000112534 -0.596905 0 0.000158021
4 5.77839 0.000287056 0 -0.399927 0 0.000103323
5 2.23163 -0.000329018 -0.000364304 -0.196979 0 0
6 11.4725 0 0 -0.611643 -0.164514 0.144808
7 0.615215 -0.993091 -0.8107 2.33805 -0.0433468 -0.360756
8 2.24752 0 0 0.0800335 0.130871 -0.0225881
9 1.11935 0 0 0.0688114 0.177523 -0.338114
10 3.71348 -0.10264 0.102191 1.81843 1.37508 0.188412
11 1.72615 0 0 0.0136259 -0.0250639 -0.609754
12 1.21114 0 0 0.00236709 0.0174767 -0.462832
13 3.59919 -1.06012 0.0708883 1.68096 1.17438 0.0612363
14 1.66069 0 0 -0.00987788 0.0219166 -0.64561
15 1.167 0 0 0.0379319 -0.0317196 -0.610266
16 2.18852 0.50104 0.0576594 1.57003 0.153931 0.225781
17 1.29609 0 0 0.0343668 0.0550095 -1.22788
18 1.62202 0.000715256 -0.000471115 0.00441616 -0.0145794 -0.727069
19 1.22241 0 0 -0.0063166 0.017687 -0.370915
20 1.76707 1.27612 0.0366414 1.57002 0.26187 0.261241
21 1.55587 0 0 -0.0324567 0.00304726 -1.18264
22 1.24274 0 0 -0.000599461 0 -0.65185
23 0.784523 0 0 0.00633934 0.00191176 -0.571831
24 -1.93761 5.60916 -3.60973 -0.000932693 0 3.14159
25 6.02794 0 0 0.937818 0.486879 1.50021
26 11.7344 0 0 0.00140273 0 0.849445
27 8.81167 0 0 -0.176631 0 0
28 5.77884 0 0 -0.118343 0 0
29 2.23249 0 0 -0.0582882 0 0
30 11.4725 0 0 0.0903001 -0.506704 -0.506093
31 0.615812 0.994372 -0.809165 -2.75592 0.374249 0.315717
32 2.24752 0 0 -0.565214 0.197981 0.0658203
33 1.11936 0 0 -0.0549133 0.0237985 0.34886
34 3.71348 0.102639 0.102191 -1.55367 0.888575 -0.0661111
35 1.72615 0 0 -0.0121439 -0.00651264 1.19024
36 1.21112 0 0 0.0118385 0.0130726 1.33339
37 3.5992 1.06012 0.0708878 -1.45448 0.289842 0.348452
38 1.66069 0 0 -0.0204445 0.0691882 -0.0352877
39 1.16699 0 0 0.0118833 0.0235393 -0.0062265
40 2.18853 -0.50104 0.0576591 -1.55151 0.172885 -0.118539
41 1.29609 0 0 -0.0200504 -0.0423274 0.631309
42 1.62201 -0.000712395 -0.000470161 -0.0284748 -0.016648 1.25494
43 1.22241 0 0 -0.00733722 0.00175435 1.23076
44 1.76707 -1.27612 0.0366409 -1.52771 0.265811 -0.101504
45 1.55588 0 0 0.0305806 -0.0879844 0.525515
46 1.24273 0 0 0.000599188 0 0.710283
47 0.784532 0 0 -0.00205812 0.00641631 0.880036
48 0 0 0 0 0 0
49 -4.1006 -19.2079 -6.39677 -0.0674295 0.179518 -0.0164757
50 0 -1.51208 1.07027 0 0 0
51 0.540026 -0.376652 1.73991 0.132749 0 0
52 0 -3.13126 2.17037 0 0 0
53 0 -2.17842 1.90586 -0.041928 0 0
54 -4.24568 -18.4936 -7.26099 -0.0674295 0.179518 -0.0164757
55 0 -0.769075 1.97674 0 0 0
56 0 -0.54077 1.81329 0 0 0
time 16
0 1.5572 9.20997 -3.60973 0.000934124 0 -1.06437
1 6.02794 0 0 -1.4142 0.455816 -0.78309
2 11.7344 0 0 -0.0014028 0 -0.524589
3 8.81139 -0.000449181 -0.000111818 -0.540894 0 0.000157947
4 5.77839 0.000287056 0 -0.362399 0 0.000103612
5 2.23163 -0.000329018 -0.000363827 -0.178495 0 0
6 11.4725 0 0 -0.55241 -0.155625 0.120362
7 0.615221 -0.993092 -0.8107 2.33805 -0.0433468 -0.360756
8 2.24752 0 0 0.0800335 0.130871 -0.0225881
9 1.11936 0 0 0.0688115 0.177523 -0.338114
10 3.71348 -0.102641 0.102191 1.81842 1.37508 0.188411
11 1.72615 0 0 0.0136259 -0.0250639 -0.609754
12 1.21113 0 0 0.00236697 0.0174767 -0.462832
13 3.59919 -1.06012 0.0708883 1.68096 1.17438 0.0612366
14 1.66069 0 0 -0.00987787 0.0219167 -0.64561
15 1.167 0 0 0.0379319 -0.0317196 -0.610266
16 2.18852 0.501039 0.0576589 1.57003 0.153931 0.225781
17 1.29609 0 0 0.0343668 0.0550095 -1.22788
18 1.62202 0.000711441 -0.000471592 0.00441624 -0.0145795 -0.727069
19 1.22241 0 0 -0.00631662 0.017687 -0.370915
20 1.76707 1.27612 0.0366411 1.57002 0.26187 0.261241
21 1.55588 0 0 -0.0324566 0.00304738 -1.18264
22 1.24274 0 0 -0.00059948 0 -0.65185
23 0.784524 0 0 0.00633936 0.00191167 -0.571831
24 -1.93761 5.60916 -3.60973 -0.000932693 0 3.14159
25 6.02794 0 0 0.942557 0.473372 1.51331
26 11.7344 0 0 0.00140266 0 0.822447
27 8.81167 0 0 -0.130372 0 0
28 5.77884 0 0 -0.0873492 0 0
29 2.23249 0 0 -0.0430227 0 0
30 11.4725 0 0 0.134402 -0.520824 -0.487716
31 0.615812 0.994373 -0.809165 -2.75592 0.374249 0.315718
32 2.24752 0 0 -0.565214 0.197981 0.0658204
33 1.11935 0 0 -0.0549131 0.0237985 0.34886
34 3.71349 0.10264 0.102191 -1.55367 0.888575 -0.0661107
35 1.72615 0 0 -0.0121439 -0.00651265 1.19024
36 1.21112 0 0 0.0118385 0.0130726 1.33339
37 3.5992 1.06012 0.070888 -1.45448 0.289842 0.348452
38 1.66069 0 0 -0.0204446 0.0691882 -0.0352877
39 1.16699 0 0 0.0118833 0.0235393 -0.00622648
40 2.18853 -0.50104 0.0576594 -1.55151 0.172885 -0.118539
41 1.29609 0 0 -0.0200504 -0.0423274 0.631309
42 1.62202 -0.000714302 -0.000470161 -0.0284747 -0.0166479 1.25494
43 1.22241 0 0 -0.00733726 0.00175443 1.23076
44 1.76707 -1.27612 0.0366404 -1.52771 0.265811 -0.101503
45 1.55588 0 0 0.0305806 -0.0879843 0.525515
46 1.24273 0 0 0.00059921 0 0.710283
47 0.784532 0 0 -0.00205815 0.00641637 0.880036
48 0 0 0 0 0 0
49 -4.01063 -19.3205 -6.23268 -0.0940468 0.136788 -0.0223307
50 0 -1.51208 1.07027 0 0 0
51 0.540026 -0.376654 1.73991 0.132749 0 0
52 0 -3.13126 2.17037 0 0 0
53 0 -2.17842 1.90586 -0.041928 0 0
54 -4.11755 -18.6298 -7.12127 -0.0940468 0.136788 -0.0223307
55 0 -0.769075 1.97674 0 0 0
56 0 -0.540771 1.81329 0 0 0
time 17
0 1.5572 9.20997 -3.60973 0.000934124 0 -1.06437
1 6.02794 0 0 -1.42318 0.441766 -0.778536
2 11.7344 0 0 -0.0014028 0 -0.511224
3 8.81138 -0.000450134 -0.000112057 -0.480935 0 0.000157819
4 5.77839 0.000285149 0 -0.322227 0 0.000103556
5 2.23164 -0.000329018 -0.000364304 -0.158709 0 0
6 11.4725 0 0 -0.49094 -0.146435 0.105848
7 0.615219 -0.993092 -0.8107 2.33805 -0.0433468 -0.360756
8 2.24752 0 0 0.0800335 0.130871 -0.0225881
9 1.11936 0 0 0.0688115 0.177523 -0.338114
10 3.71348 -0.102641 0.102191 1.81842 1.37508 0.188411
11 1.72615 0 0 0.0136259 -0.0250638 -0.609754
12 1.21114 0 0 0.00236698 0.0174767 -0.462832
13 3.59919 -1.06012 0.0708885 1.68096 1.17438 0.0612364
14 1.66069 0 0 -0.00987789 0.0219167 -0.64561
15 1.167 0 0 0.0379319 -0.0317196 -0.610266
16 2.18852 0.50104 0.0576589 1.57003 0.153931 0.225781
17 1.2961 0 0 0.0343666 0.0550095 -1.22788
18 1.62202 0.000713348 -0.000471115 0.00441627 -0.0145793 -0.727069
19 1.22241 0 0 -0.00631656 0.0176869 -0.370915
20 1.76707 1.27612 0.0366411 1.57002 0.26187 0.261241
21 1.55588 0 0 -0.0324566 0.00304724 -1.18264
22 1.24273 0 0 -0.000599442 0 -0.65185
23 0.784523 0 0 0.00633935 0.00191173 -0.571831
24 -1.93761 5.60916 -3.60973 -0.000932693 0 3.14159
25 6.02794 0 0 0.945931 0.46347 1.52263
26 11.7344 0 0 0.00140284 0 0.80292
27 8.81167 0 0 -0.0772382 0 0
28 5.77884 0 0 -0.0517494 0 0
29 2.23249 0 0 -0.0254885 0 0
30 11.4725 0 0 0.186308 -0.532083 -0.479267
31 0.615813 0.994372 -0.809166 -2.75592 0.374249 0.315717
32 2.24752 0 0 -0.565214 0.197981 0.0658204
33 1.11935 0 0 -0.0549132 0.0237985 0.34886
34 3.71348 0.102639 0.102191 -1.55366 0.888575 -0.066111
35 1.72615 0 0 -0.0121439 -0.00651264 1.19024
36 1.21112 0 0 0.0118386 0.0130726 1.33339
37 3.5992 1.06012 0.070888 -1.45448 0.289842 0.348452
38 1.66069 0 0 -0.0204446 0.0691882 -0.0352878
39 1.16699 0 0 0.0118834 0.0235394 -0.00622654
40 2.18853 -0.501041 0.0576589 -1.55151 0.172885 -0.118539
41 1.29609 0 0 -0.0200504 -0.0423275 0.631309
42 1.62202 -0.000712395 -0.000470161 -0.0284748 -0.016648 1.25494
43 1.22241 0 0 -0.0073373 0.00175435 1.23076
44 1.76707 -1.27612 0.0366406 -1.52771 0.265811 -0.101503
45 1.55587 0 0 0.0305806 -0.0879843 0.525515
46 1.24273 0 0 0.000599196 0 0.710283
47 0.784531 0 0 -0.00205817 0.00641634 0.880036
48 0 0 0 0 0 0
49 -3.96155 -19.3973 -6.0966 -0.115339 0.0878217 -0.0272138
50 0 -1.51208 1.07027 0 0 0
51 0.540026 -0.376654 1.73991 0.132749 0 0
52 0 -3.13126 2.17037 0 0 0
53 0 -2.17842 1.90586 -0.041928 0 0
54 -4.02326 -18.7264 -7.0045 -0.115339 0.0878217 -0.0272138
55 0 -0.769075 1.97674 0 0 0
56 0 -0.540771 1.81329 0 0 0
time 18
0 1.5572 9.20997 -3.60973 0.000934124 0 -1.06437
1 6.02794 0 0 -1.42964 0.432088 -0.774923
2 11.7344 0 0 -0.00140297 0 -0.505674
3 8.81139 -0.000450134 -0.000112057 -0.42461 0 0.000158131
4 5.77839 0.000286102 0 -0.284489 0 0.00010433
5 2.23163 -0.000329971 -0.000364304 -0.140121 0 0
6 11.4725 0 0 -0.434324 -0.138235 0.100089
7 0.615219 -0.993091 -0.8107 2.33805 -0.0433468 -0.360756
8 2.24752 0 0 0.0800333 0.130871 -0.0225881
9 1.11936 0 0 0.0688115 0.177523 -0.338114
10 3.71348 -0.102641 0.102191 1.81843 1.37508 0.188412
11 1.72615 0 0 0.0136258 -0.0250638 -0.609754
12 1.21114 0 0 0.00236703 0.0174767 -0.462832
13 3.59919 -1.06012 0.0708878 1.68096 1.17438 0.0612363
14 1.66069 0 0 -0.00987789 0.0219167 -0.64561
15 1.167 0 0 0.0379319 -0.0317196 -0.610266
16 2.18852 0.50104 0.0576589 1.57003 0.153931 0.225781
17 1.29609 0 0 0.0343668 0.0550095 -1.22788
18 1.62202 0.000715256 -0.000471115 0.00441618 -0.0145795 -0.727069
19 1.22241 0 0 -0.0063165 0.017687 -0.370915
20 1.76707 1.27612 0.0366411 1.57002 0.26187 0.261241
21 1.55588 0 0 -0.0324566 0.00304728 -1.18264
22 1.24274 0 0 -0.000599452 0 -0.65185
23 0.784524 0 0 0.00633942 0.00191169 -0.571831
24 -1.93761 5.60916 -3.60973 -0.000932693 0 3.14159
25 6.02794 0 0 0.948187 0.456904 1.52834
26 11.7344 0 0 0.00140266 0 0.790895
27 8.81167 0 0 -0.0251434 0 0
28 5.77884 0 0 -0.0168461 0 0
29 2.23249 0 0 -0.00829726 0 0
30 11.4725 0 0 0.237844 -0.540127 -0.478473
31 0.615811 0.994372 -0.809165 -2.75592 0.374249 0.315718
32 2.24752 0 0 -0.565214 0.197981 0.0658205
33 1.11936 0 0 -0.0549131 0.0237984 0.34886
34 3.71348 0.102639 0.102191 -1.55366 0.888575 -0.0661108
35 1.72615 0 0 -0.0121439 -0.00651265 1.19024
36 1.21112 0 0 0.0118384 0.0130726 1.33339
37 3.5992 1.06012 0.0708885 -1.45448 0.289842 0.348452
38 1.66069 0 0 -0.0204447 0.0691882 -0.0352878
39 1.16699 0 0 0.0118833 0.0235393 -0.00622654
40 2.18853 -0.50104 0.0576589 -1.55151 0.172885 -0.118539
41 1.29609 0 0 -0.0200504 -0.0423274 0.631309
42 1.62202 -0.000712395 -0.000470161 -0.0284748 -0.0166479 1.25494
43 1.22241 0 0 -0.00733725 0.00175429 1.23076
44 1.76707 -1.27612 0.0366402 -1.52771 0.265812 -0.101503
45 1.55588 0 0 0.0305806 -0.0879843 0.525515
46 1.24273 0 0 0.00059924 0 0.710283
47 0.784531 0 0 -0.00205815 0.00641632 0.880036
48 0 0 0 0 0 0
49 -3.94716 -19.4432 -5.98531 -0.131321 0.0399336 -0.0310023
50 0 -1.51208 1.07027 0 0 0
51 0.540026 -0.37665 1.73991 0.132749 0 0
52 0 -3.13126 2.17037 0 0 0
53 0 -2.17842 1.90586 -0.041928 0 0
54 -3.96367 -18.7881 -6.90657 -0.131321 0.0399336 -0.0310023
55 0 -0.769075 1.97674 0 0 0
56 0 -0.54077 1.81329 0 0 0
time 19
0 1.5572 9.20997 -3.60973 0.000934124 0 -1.06437
1 6.02794 0 0 -1.43348 0.425972 -0.772762
2 11.7344 0 0 -0.00140296 0 -0.505427
3 8.81139 -0.000450134 -0.000112295 -0.379568 0 0.000157938
4 5.77839 0.000286102 0 -0.25431 0 0.000104251
5 2.23164 -0.000329971 -0.000363827 -0.125257 0 0
6 11.4725 0 0 -0.389711 -0.132471 0.100509
7 0.615221 -0.993091 -0.8107 2.33805 -0.0433469 -0.360756
8 2.24752 0 0 0.0800335 0.130871 -0.022588
9 1.11936 0 0 0.0688114 0.177523 -0.338114
10 3.71348 -0.102641 0.102191 1.81843 1.37508 0.188412
11 1.72615 0 0 0.0136259 -0.0250639 -0.609754
12 1.21114 0 0 0.00236702 0.0174767 -0.462832
13 3.59919 -1.06012 0.0708878 1.68096 1.17438 0.0612364
14 1.66069 0 0 -0.00987789 0.0219166 -0.64561
15 1.167 0 0 0.0379319 -0.0317196 -0.610266
16 2.18853 0.50104 0.0576591 1.57003 0.153931 0.225781
17 1.29609 0 0 0.0343667 0.0550095 -1.22788
18 1.62202 0.000713348 -0.000471115 0.00441625 -0.0145794 -0.72707
19 1.22241 0 0 -0.00631651 0.0176869 -0.370915
20 1.76707 1.27612 0.0366404 1.57002 0.26187 0.261241
21 1.55588 0 0 -0.0324567 0.00304731 -1.18264
22 1.24273 0 0 -0.000599489 0 -0.65185
23 0.784523 0 0 0.00633929 0.00191171 -0.571831
24 -1.93761 5.60916 -3.60973 -0.000932693 0 3.14159
25 6.02794 0 0 0.949596 0.453237 1.53063
26 11.7344 0 0 0.00140284 0 0.785921
27 8.81167 0 0 0.0174924 0 0
28 5.77884 0 0 0.0117198 0 0
29 2.23249 0 0 0.00577242 0 0
30 11.4725 0 0 0.280527 -0.544497 -0.482361
31 0.615812 0.994372 -0.809165 -2.75592 0.374249 0.315718
32 2.24752 0 0 -0.565214 0.197981 0.0658204
33 1.11936 0 0 -0.0549134 0.0237985 0.34886
34 3.71349 0.10264 0.102191 -1.55367 0.888575 -0.0661108
35 1.72615 0 0 -0.0121439 -0.00651268 1.19024
36 1.21112 0 0 0.0118385 0.0130727 1.33339
37 3.5992 1.06012 0.0708885 -1.45448 0.289842 0.348452
38 1.66069 0 0 -0.0204447 0.0691882 -0.0352877
39 1.16699 0 0 0.0118833 0.0235393 -0.00622641
40 2.18853 -0.501041 0.0576596 -1.55151 0.172885 -0.118539
41 1.29609 0 0 -0.0200505 -0.0423274 0.631309
42 1.62201 -0.000712395 -0.000469685 -0.0284748 -0.0166479 1.25494
43 1.22241 0 0 -0.00733732 0.00175435 1.23076
44 1.76707 -1.27612 0.0366414 -1.52771 0.265811 -0.101503
45 1.55588 0 0 0.0305806 -0.0879844 0.525515
46 1.24273 0 0 0.000599187 0 0.710283
47 0.784532 0 0 -0.00205812 0.00641637 0.880036
48 0 0 0 0 0 0
49 -3.96129 -19.4633 -5.89561 -0.142005 0.000437419 -0.0335732
50 0 -1.51208 1.07027 0 0 0
51 0.540026 -0.376654 1.73991 0.132749 0 0
52 0 -3.13126 2.17037 0 0 0
53 0 -2.17842 1.90586 -0.041928 0 0
54 -3.94007 -18.8193 -6.82454 -0.142005 0.000437419 -0.0335732
55 0 -0.769077 1.97674 0 0 0
56 0 -0.54077 1.81329 0 0 0
time 20
0 1.5572 9.20997 -3.60973 0.000934124 0 -1.06437
1 6.02794 0 0 -1.43458 0.422826 -0.772423
2 11.7344 0 0 -0.00140295 0 -0.508256
3 8.81139 -0.000450134 -0.000112057 -0.353324 0 0.000157932
4 5.77839 0.000286102 0 -0.236727 0 0.000104267
5 2.23164 -0.000329018 -0.000363827 -0.116597 0 0
6 11.4725 0 0 -0.364275 -0.130429 0.104507
7 0.615217 -0.993091 -0.8107 2.33805 -0.0433468 -0.360756
8 2.24752 0 0 0.0800335 0.130871 -0.0225881
9 1.11936 0 0 0.0688115 0.177523 -0.338114
10 3.71348 -0.102641 0.102191 1.81842 1.37508 0.18841
11 1.72615 0 0 0.0136259 -0.0250639 -0.609754
12 1.21114 0 0 0.00236699 0.0174767 -0.462832
13 3.59919 -1.06012 0.0708878 1.68096 1.17438 0.0612363
14 1.66069 0 0 -0.00987789 0.0219166 -0.64561
15 1.167 0 0 0.0379319 -0.0317196 -0.610265
16 2.18852 0.50104 0.0576591 1.57003 0.153931 0.225781
17 1.29609 0 0 0.0343667 0.0550095 -1.22788
18 1.62202 0.000715256 -0.000470638 0.00441624 -0.0145795 -0.72707
19 1.22241 0 0 -0.00631652 0.017687 -0.370915
20 1.76707 1.27612 0.0366406 1.57002 0.26187 0.261241
21 1.55588 0 0 -0.0324566 0.00304729 -1.18264
22 1.24274 0 0 -0.000599452 0 -0.65185
23 0.784522 0 0 0.00633932 0.00191175 -0.571831
24 -1.93761 5.60916 -3.60973 -0.000932693 0 3.14159
25 6.02794 0 0 0.950406 0.452004 1.52964
26 11.7344 0 0 0.00140274 0 0.787384
27 8.81167 0 0 0.0419727 0 0
28 5.77884 0 0 0.0281218 0 0
29 2.23249 0 0 0.0138509 0 0
30 11.4725 0 0 0.305736 -0.544978 -0.487692
31 0.615813 0.994373 -0.809165 -2.75592 0.374249 0.315718
32 2.24752 0 0 -0.565214 0.197981 0.0658206
33 1.11936 0 0 -0.0549133 0.0237986 0.34886
34 3.71349 0.10264 0.102191 -1.55367 0.888575 -0.0661109
35 1.72615 0 0 -0.0121439 -0.00651269 1.19024
36 1.21112 0 0 0.0118385 0.0130726 1.33339
37 3.5992 1.06012 0.0708883 -1.45448 0.289842 0.348452
38 1.66069 0 0 -0.0204446 0.0691882 -0.0352876
39 1.16699 0 0 0.0118833 0.0235393 -0.00622663
40 2.18853 -0.50104 0.0576596 -1.55151 0.172885 -0.118539
41 1.29609 0 0 -0.0200505 -0.0423274 0.631309
42 1.62202 -0.000713348 -0.000469685 -0.0284748 -0.0166479 1.25494
43 1.22241 0 0 -0.00733733 0.00175433 1.23076
44 1.76707 -1.27612 0.0366406 -1.52771 0.265811 -0.101503
45 1.55587 0 0 0.0305806 -0.0879844 0.525515
46 1.24273 0 0 0.0005992 0 0.710283
47 0.784531 0 0 -0.00205814 0.00641632 0.880036
48 0 0 0 0 0 0
49 -3.99775 -19.4627 -5.82427 -0.147406 -0.0233531 -0.0348039
50 0 -1.51208 1.07027 0 0 0
51 0.540026 -0.376656 1.73991 0.132749 0 0
52 0 -3.13126 2.17037 0 0 0
53 0 -2.17842 1.90586 -0.041928 0 0
54 -3.95375 -18.8245 -6.75642 -0.147406 -0.0233531 -0.0348039
55 0 -0.769075 1.97674 0 0 0
56 0 -0.54077 1.81329 0 0 0
time 21
0 1.5572 9.20997 -3.60973 0.000934124 0 -1.06437
1 6.02794 0 0 -1.43293 0.423028 -0.773874
2 11.7344 0 0 -0.00140281 0 -0.515106
3 8.81139 -0.000449181 -0.000112057 -0.34924 0 0.000157929
4 5.77839 0.000286102 0 -0.233991 0 0.000104385
5 2.23164 -0.000329018 -0.000363827 -0.115249 0 0
6 11.4725 0 0 -0.362007 -0.132988 0.115303
7 0.615217 -0.993091 -0.8107 2.33805 -0.0433468 -0.360756
8 2.24752 0 0 0.0800335 0.130871 -0.022588
9 1.11936 0 0 0.0688115 0.177523 -0.338114
10 3.71348 -0.102641 0.102191 1.81842 1.37508 0.188411
11 1.72615 0 0 0.0136259 -0.0250639 -0.609754
12 1.21114 0 0 0.00236701 0.0174767 -0.462832
13 3.59919 -1.06012 0.0708876 1.68096 1.17438 0.0612363
14 1.66069 0 0 -0.0098779 0.0219166 -0.64561
15 1.167 0 0 0.0379319 -0.0317196 -0.610266
16 2.18852 0.50104 0.0576591 1.57003 0.153931 0.225781
17 1.29609 0 0 0.0343667 0.0550096 -1.22788
18 1.62202 0.000715256 -0.000471592 0.00441629 -0.0145794 -0.727069
19 1.22241 0 0 -0.00631652 0.017687 -0.370915
20 1.76707 1.27612 0.0366406 1.57002 0.26187 0.261241
21 1.55588 0 0 -0.0324566 0.00304728 -1.18264
22 1.24274 0 0 -0.00059948 0 -0.65185
23 0.784522 0 0 0.00633931 0.00191169 -0.571831
24 -1.93761 5.60916 -3.60973 -0.000932693 0 3.14159
25 6.02794 0 0 0.951011 0.452427 1.52546
26 11.7344 0 0 0.00140276 0 0.795125
27 8.81167 0 0 0.0436233 0 0
28 5.77884 0 0 0.0292276 0 0
29 2.23249 0 0 0.0143957 0 0
30 11.4725 0 0 0.3098 -0.538845 -0.495751
31 0.615814 0.994373 -0.809166 -2.75592 0.374249 0.315718
32 2.24752 0 0 -0.565214 0.197981 0.0658205
33 1.11936 0 0 -0.0549133 0.0237984 0.34886
34 3.71349 0.102639 0.102191 -1.55366 0.888575 -0.0661109
35 1.72615 0 0 -0.0121439 -0.00651265 1.19024
36 1.21112 0 0 0.0118385 0.0130726 1.33339
37 3.5992 1.06012 0.0708878 -1.45448 0.289842 0.348452
38 1.66069 0 0 -0.0204447 0.0691882 -0.0352878
39 1.16699 0 0 0.0118832 0.0235393 -0.00622637
40 2.18853 -0.50104 0.0576589 -1.55151 0.172885 -0.118539
41 1.29609 0 0 -0.0200505 -0.0423274 0.631309
42 1.62202 -0.000713348 -0.000469208 -0.0284748 -0.0166479 1.25494
43 1.22241 0 0 -0.0073373 0.00175434 1.23076
44 1.76707 -1.27612 0.0366404 -1.52771 0.265811 -0.101503
45 1.55587 0 0 0.0305806 -0.0879844 0.525515
46 1.24273 0 0 0.000599182 0 0.710283
47 0.784531 0 0 -0.00205815 0.00641632 0.880036
48 0 0 0 0 0 0
49 -4.05037 -19.4464 -5.7681 -0.14447 -0.0281873 -0.0340089
50 0 -1.51208 1.07027 0 0 0
51 0.540026 -0.376654 1.73991 0.132749 0 0
52 0 -3.13126 2.17037 0 0 0
53 0 -2.17842 1.90586 -0.041928 0 0
54 -4.00232 -18.8056 -6.69825 -0.14447 -0.0281873 -0.0340089
55 0 -0.769075 1.97674 0 0 0
56 0 -0.540768 1.81329 0 0 0
time 22
0 1.5572 9.20997 -3.60973 0.000934124 0 -1.06437
1 6.02794 0 0 -1.42914 0.426676 -0.776541
2 11.7344 0 0 -0.00140291 0 -0.527369
3 8.81139 -0.000449181 -0.000112295 -0.362448 0 0.000158085
4 5.77839 0.000287056 0 -0.24284 0 0.000104311
5 2.23163 -0.000328064 -0.000364065 -0.119608 0 0
6 11.4725 0 0 -0.378789 -0.139262 0.136067
7 0.615217 -0.993091 -0.8107 2.33805 -0.0433469 -0.360756
8 2.24752 0 0 0.0800334 0.130871 -0.0225882
9 1.11936 0 0 0.0688114 0.177523 -0.338114
10 3.71348 -0.102641 0.102191 1.81843 1.37508 0.188412
11 1.72615 0 0 0.0136259 -0.0250639 -0.609754
12 1.21114 0 0 0.00236703 0.0174767 -0.462832
13 3.59919 -1.06012 0.0708883 1.68096 1.17438 0.0612364
14 1.66069 0 0 -0.0098779 0.0219166 -0.64561
15 1.167 0 0 0.0379319 -0.0317196 -0.610266
16 2.18852 0.50104 0.0576589 1.57003 0.153931 0.225781
17 1.29609 0 0 0.0343668 0.0550095 -1.22788
18 1.62202 0.000715256 -0.000470638 0.00441618 -0.0145794 -0.727069
19 1.22241 0 0 -0.00631656 0.017687 -0.370915
20 1.76707 1.27612 0.0366411 1.57002 0.26187 0.261241
21 1.55588 0 0 -0.0324566 0.00304732 -1.18264
22 1.24274 0 0 -0.000599414 0 -0.65185
23 0.784522 0 0 0.00633937 0.00191174 -0.571831
24 -1.93761 5.60916 -3.60973 -0.000932693 0 3.14159
25 6.02794 0 0 0.951723 0.453627 1.51884
26 11.7344 0 0 0.00140262 0 0.807903
27 8.81167 0 0 0.0272962 0 0
28 5.77884 0 0 0.0182885 0 0
29 2.23249 0 0 0.00900793 0 0
30 11.4725 0 0 0.29757 -0.524975 -0.508889
31 0.615812 0.994372 -0.809165 -2.75592 0.374249 0.315718
32 2.24752 0 0 -0.565214 0.197981 0.0658204
33 1.11936 0 0 -0.0549134 0.0237986 0.34886
34 3.71349 0.102639 0.102191 -1.55367 0.888575 -0.0661112
35 1.72615 0 0 -0.0121439 -0.00651267 1.19024
36 1.21112 0 0 0.0118385 0.0130726 1.33339
37 3.5992 1.06012 0.070888 -1.45448 0.289842 0.348452
38 1.66069 0 0 -0.0204447 0.0691882 -0.0352877
39 1.16699 0 0 0.0118832 0.0235393 -0.00622652
40 2.18853 -0.501041 0.0576589 -1.55151 0.172885 -0.118539
41 1.29609 0 0 -0.0200504 -0.0423274 0.631309
42 1.62202 -0.000713348 -0.000469208 -0.0284748 -0.0166479 1.25494
43 1.22241 0 0 -0.00733728 0.00175434 1.23076
44 1.76707 -1.27612 0.0366404 -1.52771 0.265811 -0.101503
45 1.55588 0 0 0.0305806 -0.0879844 0.525515
46 1.24273 0 0 0.00059921 0 0.710283
47 0.784532 0 0 -0.00205815 0.00641634 0.880036
48 0 0 0 0 0 0
49 -4.11294 -19.4195 -5.72388 -0.131879 -0.0182445 -0.0309884
50 0 -1.51208 1.07027 0 0 0
51 0.540026 -0.376656 1.73991 0.132749 0 0
52 0 -3.13126 2.17037 0 0 0
53 0 -2.17842 1.90586 -0.041928 0 0
54 -4.07587 -18.7666 -6.64608 -0.131879 -0.0182445 -0.0309884
55 0 -0.769077 1.97674 0 0 0
56 0 -0.54077 1.81329 0 0 0
time 23
0 1.5572 9.20997 -3.60973 0.000934124 0 -1.06437
1 6.02794 0 0 -1.42401 0.43176 -0.780052
2 11.7344 0 0 -0.00140295 0 -0.541494
3 8.81138 -0.000450134 -0.00011158 -0.388366 0 0.000157896
4 5.77839 0.000286102 0 -0.260205 0 0.00010423
5 2.23163 -0.000329018 -0.000363827 -0.128161 0 0
6 11.4725 0 0 -0.409684 -0.14722 0.163023
7 0.615221 -0.993091 -0.8107 2.33805 -0.0433469 -0.360756
8 2.24752 0 0 0.0800334 0.130871 -0.022588
9 1.11936 0 0 0.0688114 0.177523 -0.338114
10 3.71348 -0.10264 0.102191 1.81842 1.37508 0.18841
11 1.72615 0 0 0.0136259 -0.0250639 -0.609754
12 1.21114 0 0 0.00236702 0.0174767 -0.462832
13 3.59919 -1.06012 0.070888 1.68096 1.17438 0.0612363
14 1.66069 0 0 -0.00987791 0.0219167 -0.64561
15 1.167 0 0 0.0379319 -0.0317196 -0.610266
16 2.18852 0.50104 0.0576594 1.57003 0.153931 0.225781
17 1.29609 0 0 0.0343667 0.0550095 -1.22788
18 1.62202 0.000713348 -0.000471115 0.00441629 -0.0145795 -0.727069
19 1.22241 0 0 -0.0063166 0.017687 -0.370915
20 1.76707 1.27612 0.0366411 1.57002 0.26187 0.261241
21 1.55588 0 0 -0.0324568 0.00304731 -1.18264
22 1.24274 0 0 -0.000599433 0 -0.65185
23 0.784524 0 0 0.0063393 0.00191168 -0.571831
24 -1.93761 5.60916 -3.60973 -0.000932693 0 3.14159
25 6.02794 0 0 0.952691 0.454833 1.5111
26 11.7344 0 0 0.00140284 0 0.823111
27 8.81167 0 0 -0.000850082 0 0
28 5.77884 0 0 -0.000569582 0 0
29 2.23249 0 0 -0.000280499 0 0
30 11.4725 0 0 0.273355 -0.506118 -0.525663
31 0.615812 0.994372 -0.809165 -2.75592 0.374249 0.315718
32 2.24752 0 0 -0.565214 0.197981 0.0658203
33 1.11936 0 0 -0.0549132 0.0237985 0.34886
34 3.71348 0.102639 0.102191 -1.55366 0.888575 -0.0661108
35 1.72615 0 0 -0.0121438 -0.0065126 1.19024
36 1.21112 0 0 0.0118386 0.0130726 1.33339
37 3.5992 1.06012 0.070888 -1.45448 0.289842 0.348452
38 1.66069 0 0 -0.0204447 0.0691882 -0.0352878
39 1.16699 0 0 0.0118833 0.0235393 -0.00622652
40 2.18853 -0.50104 0.0576589 -1.55151 0.172885 -0.118539
41 1.29609 0 0 -0.0200505 -0.0423274 0.631309
42 1.62202 -0.000713348 -0.000469685 -0.0284748 -0.0166479 1.25494
43 1.22241 0 0 -0.00733732 0.00175435 1.23076
44 1.76707 -1.27612 0.0366406 -1.52771 0.265811 -0.101503
45 1.55588 0 0 0.0305807 -0.0879844 0.525515
46 1.24273 0 0 0.00059919 0 0.710283
47 0.784532 0 0 -0.00205814 0.00641635 0.880036
48 0 0 0 0 0 0
49 -4.17931 -19.3871 -5.68839 -0.112248 0.00264425 -0.0263471
50 0 -1.51208 1.07027 0 0 0
51 0.540026 -0.376654 1.73991 0.132749 0 0
52 0 -3.13127 2.17037 0 0 0
53 0 -2.17842 1.90586 -0.041928 0 0
54 -4.16402 -18.7155 -6.59773 -0.112248 0.00264425 -0.0263471
55 0 -0.769075 1.97674 0 0 0
56 0 -0.540768 1.81329 0 0 0
time 24
0 1.5572 9.20997 -3.60973 0.000934124 0 -1.06437
1 6.02794 0 0 -1.41829 0.4375 -0.783864
2 11.7344 0 0 -0.00140277 0 -0.556443
3 8.81139 -0.000449181 -0.000112057 -0.422321 0 0.000157729
4 5.77839 0.000287056 0 -0.282955 0 0.000103805
5 2.23164 -0.000329018 -0.000363827 -0.139366 0 0
6 11.4725 0 0 -0.449652 -0.154816 0.193568
7 0.615219 -0.993092 -0.8107 2.33805 -0.0433467 -0.360756
8 2.24752 0 0 0.0800335 0.130871 -0.022588
9 1.11936 0 0 0.0688116 0.177523 -0.338114
10 3.71348 -0.102641 0.102191 1.81842 1.37508 0.18841
11 1.72615 0 0 0.0136259 -0.0250639 -0.609754
12 1.21114 0 0 0.00236699 0.0174767 -0.462832
13 3.59919 -1.06012 0.070888 1.68096 1.17438 0.0612361
14 1.66069 0 0 -0.0098779 0.0219167 -0.64561
15 1.167 0 0 0.0379319 -0.0317196 -0.610265
16 2.18853 0.50104 0.0576591 1.57003 0.153931 0.225781
17 1.29609 0 0 0.0343667 0.0550095 -1.22788
18 1.62202 0.000713348 -0.000471592 0.00441627 -0.0145794 -0.727069
19 1.22241 0 0 -0.00631657 0.0176869 -0.370915
20 1.76707 1.27612 0.0366409 1.57002 0.26187 0.261241
21 1.55587 0 0 -0.0324566 0.00304727 -1.18264
22 1.24274 0 0 -0.000599452 0 -0.65185
23 0.784523 0 0 0.00633934 0.00191179 -0.571831
24 -1.93761 5.60916 -3.60973 -0.000932693 0 3.14159
25 6.02794 0 0 0.954043 0.45528 1.50356
26 11.7344 0 0 0.00140278 0 0.838134
27 8.81167 0 0 -0.0349336 0 0
28 5.77884 0 0 -0.0234055 0 0
29 2.23249 0 0 -0.0115281 0 0
30 11.4725 0 0 0.241502 -0.48509 -0.544628
31 0.615812 0.994372 -0.809165 -2.75592 0.374249 0.315718
32 2.24752 0 0 -0.565215 0.197981 0.0658203
33 1.11936 0 0 -0.0549134 0.0237984 0.34886
34 3.71348 0.102639 0.102191 -1.55366 0.888575 -0.0661108
35 1.72615 0 0 -0.0121439 -0.00651271 1.19024
36 1.21112 0 0 0.0118385 0.0130727 1.33339
37 3.5992 1.06012 0.070888 -1.45448 0.289842 0.348452
38 1.66069 0 0 -0.0204447 0.0691882 -0.0352877
39 1.16699 0 0 0.0118833 0.0235394 -0.00622656
40 2.18853 -0.50104 0.0576584 -1.55151 0.172885 -0.118539
41 1.29609 0 0 -0.0200504 -0.0423274 0.631309
42 1.62201 -0.000712395 -0.000469685 -0.0284748 -0.0166479 1.25494
43 1.22241 0 0 -0.00733727 0.00175433 1.23076
44 1.76707 -1.27612 0.0366402 -1.52771 0.265811 -0.101503
45 1.55588 0 0 0.0305806 -0.0879843 0.525515
46 1.24273 0 0 0.000599216 0 0.710283
47 0.784532 0 0 -0.00205816 0.00641635 0.880036
48 0 0 0 0 0 0
49 -4.24328 -19.3541 -5.65842 -0.0881917 0.0306478 -0.0206899
50 0 -1.51208 1.07027 0 0 0
51 0.540026 -0.376652 1.73991 0.132749 0 0
52 0 -3.13126 2.17037 0 0 0
53 0 -2.17842 1.90586 -0.041928 0 0
54 -4.25629 -18.6603 -6.55092 -0.0881917 0.0306478 -0.0206899
55 0 -0.769075 1.97674 0 0 0
56 0 -0.54077 1.81329 0 0 0
time 25
0 1.5572 9.20997 -3.60973 0.000934124 0 -1.06437
1 6.02794 0 0 -1.41275 0.442681 -0.787554
2 11.7344 0 0 -0.00140266 0 -0.570195
3 8.81138 -0.000449181 -0.000112534 -0.459805 0 0.000157916
4 5.77839 0.000287056 0 -0.308069 0 0.000103857
5 2.23164 -0.000328064 -0.000363827 -0.151736 0 0
6 11.4725 0 0 -0.493487 -0.160493 0.224497
7 0.615219 -0.993091 -0.8107 2.33805 -0.0433468 -0.360756
8 2.24752 0 0 0.0800335 0.130871 -0.022588
9 1.11936 0 0 0.0688115 0.177523 -0.338114
10 3.71348 -0.102641 0.102191 1.81842 1.37508 0.188411
11 1.72615 0 0 0.0136259 -0.0250639 -0.609754
12 1.21113 0 0 0.00236696 0.0174767 -0.462832
13 3.59919 -1.06012 0.0708885 1.68096 1.17438 0.0612362
14 1.66069 0 0 -0.00987789 0.0219166 -0.64561
15 1.167 0 0 0.0379319 -0.0317196 -0.610266
16 2.18853 0.50104 0.0576591 1.57003 0.153931 0.225781
17 1.29609 0 0 0.0343668 0.0550094 -1.22788
18 1.62202 0.000713348 -0.000470638 0.00441621 -0.0145795 -0.727069
19 1.22241 0 0 -0.00631653 0.017687 -0.370915
20 1.76707 1.27612 0.0366406 1.57002 0.26187 0.261241
21 1.55588 0 0 -0.0324566 0.00304729 -1.18264
22 1.24273 0 0 -0.000599461 0 -0.65185
23 0.784523 0 0 0.00633936 0.00191183 -0.571831
24 -1.93761 5.60916 -3.60973 -0.000932693 0 3.14159
25 6.02794 0 0 0.955809 0.454467 1.4973
26 11.7344 0 0 0.00140278 0 0.850925
27 8.81167 0 0 -0.0700295 0 0
28 5.77884 0 0 -0.0469198 0 0
29 2.23249 0 0 -0.0231097 0 0
30 11.4725 0 0 0.206314 -0.464442 -0.564283
31 0.615813 0.994372 -0.809165 -2.75592 0.374249 0.315718
32 2.24752 0 0 -0.565214 0.197981 0.0658206
33 1.11936 0 0 -0.0549132 0.0237984 0.34886
34 3.71349 0.102639 0.102191 -1.55367 0.888575 -0.0661112
35 1.72615 0 0 -0.0121439 -0.00651263 1.19024
36 1.21112 0 0 0.0118384 0.0130726 1.33339
37 3.5992 1.06012 0.0708883 -1.45448 0.289842 0.348452
38 1.66069 0 0 -0.0204446 0.0691882 -0.0352877
39 1.16699 0 0 0.0118833 0.0235393 -0.00622667
40 2.18853 -0.501041 0.0576594 -1.55151 0.172885 -0.118539
41 1.29609 0 0 -0.0200505 -0.0423274 0.631309
42 1.62202 -0.000712395 -0.000469685 -0.0284748 -0.016648 1.25494
43 1.22241 0 0 -0.00733729 0.00175433 1.23076
44 1.76707 -1.27612 0.0366406 -1.52771 0.265811 -0.101503
45 1.55588 0 0 0.0305806 -0.0879843 0.525515
46 1.24273 0 0 0.00059917 0 0.710283
47 0.784531 0 0 -0.00205809 0.00641638 0.880036
48 0 0 0 0 0 0
49 -4.29867 -19.3257 -5.63076 -0.0623239 0.0619352 -0.0146218
50 0 -1.51208 1.07027 0 0 0
51 0.540026 -0.376652 1.73991 0.132749 0 0
52 0 -3.13126 2.17037 0 0 0
53 0 -2.17842 1.90586 -0.041928 0 0
54 -4.34233 -18.6087 -6.50377 -0.0623239 0.0619352 -0.0146218
55 0 -0.769075 1.97674 0 0 0
56 0 -0.54077 1.81329 0 0 0
time 26
0 1.5572 9.20997 -3.60973 0.000934124 0 -1.06437
1 6.02794 0 0 -1.40815 0.446489 -0.790694
2 11.7344 0 0 -0.00140291 0 -0.581417
3 8.81139 -0.000450134 -0.000112057 -0.496248 0 0.000158314
4 5.77839 0.000286102 0 -0.332486 0 0.000104017
5 2.23164 -0.000329018 -0.000363827 -0.163762 0 0
6 11.4725 0 0 -0.535849 -0.163451 0.252946
7 0.615219 -0.993091 -0.8107 2.33805 -0.0433468 -0.360756
8 2.24752 0 0 0.0800336 0.130871 -0.022588
9 1.11936 0 0 0.0688113 0.177523 -0.338114
10 3.71348 -0.102641 0.10219 1.81843 1.37508 0.188412
11 1.72615 0 0 0.0136259 -0.0250639 -0.609754
12 1.21114 0 0 0.00236703 0.0174768 -0.462832
13 3.59919 -1.06012 0.070888 1.68096 1.17438 0.0612364
14 1.66069 0 0 -0.0098779 0.0219166 -0.64561
15 1.167 0 0 0.0379318 -0.0317195 -0.610266
16 2.18852 0.50104 0.0576589 1.57003 0.153931 0.225781
17 1.29609 0 0 0.0343667 0.0550095 -1.22788
18 1.62202 0.000715256 -0.000471592 0.00441624 -0.0145795 -0.727069
19 1.22241 0 0 -0.00631657 0.0176871 -0.370915
20 1.76707 1.27612 0.0366409 1.57002 0.26187 0.261241
21 1.55588 0 0 -0.0324566 0.00304728 -1.18264
22 1.24274 0 0 -0.000599414 0 -0.65185
23 0.784525 0 0 0.00633939 0.00191168 -0.571831
24 -1.93761 5.60916 -3.60973 -0.000932693 0 3.14159
25 6.02794 0 0 0.957933 0.452125 1.49314
26 11.7344 0 0 0.0014027 0 0.859942
27 8.81167 0 0 -0.102193 0 0
28 5.77884 0 0 -0.0684695 0 0
29 2.23249 0 0 -0.0337237 0 0
30 11.4725 0 0 0.172032 -0.446223 -0.582924
31 0.615811 0.994373 -0.809165 -2.75592 0.374248 0.315718
32 2.24752 0 0 -0.565214 0.197981 0.0658203
33 1.11936 0 0 -0.0549134 0.0237986 0.34886
34 3.71349 0.10264 0.102191 -1.55367 0.888575 -0.0661109
35 1.72615 0 0 -0.0121439 -0.00651278 1.19024
36 1.21112 0 0 0.0118385 0.0130726 1.33339
37 3.5992 1.06012 0.0708883 -1.45448 0.289842 0.348452
38 1.66069 0 0 -0.0204447 0.0691882 -0.0352876
39 1.16699 0 0 0.0118833 0.0235393 -0.00622653
40 2.18853 -0.50104 0.0576587 -1.55151 0.172885 -0.118539
41 1.29609 0 0 -0.0200505 -0.0423275 0.631309
42 1.62202 -0.000713348 -0.000469685 -0.0284748 -0.0166479 1.25494
43 1.22241 0 0 -0.00733729 0.00175438 1.23076
44 1.76707 -1.27612 0.0366409 -1.52771 0.265811 -0.101503
45 1.55588 0 0 0.0305806 -0.0879843 0.525515
46 1.24273 0 0 0.000599189 0 0.710283
47 0.784532 0 0 -0.00205811 0.00641634 0.880036
48 0 0 0 0 0 0
49 -4.3393 -19.3069 -5.60219 -0.0372595 0.0926752 -0.00874747
50 0 -1.51208 1.07027 0 0 0
51 0.540026 -0.376656 1.73991 0.132749 0 0
52 0 -3.13126 2.17037 0 0 0
53 0 -2.17842 1.90586 -0.041928 0 0
54 -4.4121 -18.5682 -6.45498 -0.0372595 0.0926752 -0.00874747
55 0 -0.769077 1.97674 0 0 0
56 0 -0.540768 1.81329 0 0 0
time 27
0 1.5572 9.20997 -3.60973 0.000934124 0 -1.06437
1 6.02794 0 0 -1.40515 0.448316 -0.79288
2 11.7344 0 0 -0.0014029 0 -0.589084
3 8.81138 -0.000450134 -0.000112534 -0.526993 0 0.000158001
4 5.77839 0.000286102 0 -0.353085 0 0.00010351
5 2.23164 -0.000329018 -0.000363827 -0.173908 0 0
6 11.4725 0 0 -0.571381 -0.163685 0.276353
7 0.615219 -0.993091 -0.8107 2.33805 -0.0433467 -0.360756
8 2.24752 0 0 0.0800335 0.130871 -0.0225879
9 1.11936 0 0 0.0688114 0.177523 -0.338114
10 3.71348 -0.102641 0.102191 1.81842 1.37508 0.188411
11 1.72615 0 0 0.0136259 -0.0250639 -0.609754
12 1.21114 0 0 0.00236702 0.0174767 -0.462832
13 3.59919 -1.06012 0.070888 1.68096 1.17438 0.0612365
14 1.66069 0 0 -0.00987794 0.0219166 -0.64561
15 1.167 0 0 0.0379319 -0.0317195 -0.610265
16 2.18853 0.50104 0.0576589 1.57003 0.153931 0.225781
17 1.29609 0 0 0.0343667 0.0550095 -1.22788
18 1.62202 0.000715256 -0.000471115 0.00441622 -0.0145794 -0.727069
19 1.22241 0 0 -0.00631652 0.017687 -0.370915
20 1.76707 1.27612 0.0366409 1.57002 0.26187 0.261241
21 1.55588 0 0 -0.0324567 0.00304731 -1.18264
22 1.24274 0 0 -0.000599499 0 -0.65185
23 0.784525 0 0 0.00633929 0.00191175 -0.571831
24 -1.93761 5.60916 -3.60973 -0.000932693 0 3.14159
25 6.02794 0 0 0.960246 0.448359 1.49143
26 11.7344 0 0 0.00140273 0 0.864533
27 8.81167 0 0 -0.128314 0 0
28 5.77884 0 0 -0.0859704 0 0
29 2.23249 0 0 -0.0423435 0 0
30 11.4725 0 0 0.142844 -0.431875 -0.598898
31 0.615814 0.994372 -0.809166 -2.75592 0.374249 0.315718
32 2.24752 0 0 -0.565215 0.197981 0.0658203
33 1.11936 0 0 -0.0549134 0.0237986 0.34886
34 3.71348 0.102639 0.102191 -1.55367 0.888575 -0.0661111
35 1.72615 0 0 -0.012144 -0.0065127 1.19024
36 1.21112 0 0 0.0118385 0.0130726 1.33339
37 3.5992 1.06012 0.070889 -1.45448 0.289842 0.348452
38 1.66069 0 0 -0.0204446 0.0691882 -0.0352877
39 1.16699 0 0 0.0118834 0.0235393 -0.00622648
40 2.18853 -0.50104 0.0576594 -1.55151 0.172885 -0.118539
41 1.29609 0 0 -0.0200504 -0.0423275 0.631309
42 1.62202 -0.000713348 -0.000469208 -0.0284747 -0.0166479 1.25494
43 1.22241 0 0 -0.00733735 0.00175438 1.23076
44 1.76707 -1.27612 0.0366402 -1.52771 0.265811 -0.101503
45 1.55587 0 0 0.0305806 -0.0879844 0.525515
46 1.24273 0 0 0.000599164 0 0.710283
47 0.784531 0 0 -0.00205814 0.00641633 0.880036
48 0 0 0 0 0 0
49 -4.35898 -19.3028 -5.56952 -0.0156134 0.119037 -0.00367193
50 0 -1.51208 1.07027 0 0 0
51 0.540026 -0.376654 1.73991 0.132749 0 0
52 0 -3.13126 2.17037 0 0 0
53 0 -2.17842 1.90586 -0.041928 0 0
54 -4.45599 -18.546 -6.40386 -0.0156134 0.119037 -0.00367193
55 0 -0.769073 1.97674 0 0 0
56 0 -0.540768 1.81329 0 0 0
time 28
0 1.5572 9.20997 -3.60973 0.000934124 0 -1.06437
1 6.02794 0 0 -1.40439 0.447643 -0.793722
2 11.7344 0 0 -0.00140287 0 -0.592288
3 8.81139 -0.000450134 -0.000111818 -0.547298 0 0.000157963
4 5.77839 0.000286102 0 -0.36669 0 0.0001036
5 2.23163 -0.000329018 -0.000363827 -0.180608 0 0
6 11.4725 0 0 -0.594817 -0.161778 0.292449
7 0.615221 -0.993091 -0.8107 2.33805 -0.0433468 -0.360756
8 2.24752 0 0 0.0800335 0.130871 -0.022588
9 1.11936 0 0 0.0688114 0.177523 -0.338114
10 3.71348 -0.102641 0.102191 1.81842 1.37508 0.188411
11 1.72615 0 0 0.0136259 -0.0250639 -0.609754
12 1.21114 0 0 0.00236709 0.0174766 -0.462832
13 3.59919 -1.06012 0.070888 1.68096 1.17438 0.0612364
14 1.66069 0 0 -0.00987786 0.0219166 -0.64561
15 1.167 0 0 0.0379319 -0.0317196 -0.610266
16 2.18853 0.50104 0.0576589 1.57003 0.153931 0.225781
17 1.29609 0 0 0.0343668 0.0550095 -1.22788
18 1.62202 0.000713348 -0.000471592 0.00441619 -0.0145794 -0.727069
19 1.22241 0 0 -0.00631655 0.017687 -0.370915
20 1.76707 1.27612 0.0366406 1.57002 0.26187 0.261241
21 1.55588 0 0 -0.0324565 0.00304727 -1.18264
22 1.24274 0 0 -0.000599377 0 -0.65185
23 0.784525 0 0 0.00633924 0.00191173 -0.571831
24 -1.93761 5.60916 -3.60973 -0.000932693 0 3.14159
25 6.02794 0 0 0.96282 0.442592 1.493
26 11.7344 0 0 0.00140267 0 0.862373
27 8.81167 0 0 -0.145165 0 0
28 5.77884 0 0 -0.0972603 0 0
29 2.23249 0 0 -0.0479043 0 0
30 11.4725 0 0 0.122893 -0.42232 -0.609454
31 0.615812 0.994372 -0.809165 -2.75592 0.374249 0.315718
32 2.24752 0 0 -0.565215 0.197981 0.0658202
33 1.11936 0 0 -0.0549132 0.0237986 0.34886
34 3.71349 0.102639 0.102191 -1.55367 0.888575 -0.0661108
35 1.72615 0 0 -0.0121439 -0.00651258 1.19024
36 1.21112 0 0 0.0118385 0.0130726 1.33339
37 3.5992 1.06012 0.0708883 -1.45448 0.289842 0.348452
38 1.66069 0 0 -0.0204446 0.0691882 -0.0352877
39 1.16699 0 0 0.0118833 0.0235393 -0.00622651
40 2.18853 -0.50104 0.0576594 -1.55151 0.172885 -0.118539
41 1.29609 0 0 -0.0200505 -0.0423274 0.631309
42 1.62201 -0.000713348 -0.000469685 -0.0284748 -0.016648 1.25494
43 1.22241 0 0 -0.00733728 0.00175435 1.23076
44 1.76707 -1.27612 0.0366406 -1.52771 0.265811 -0.101503
45 1.55587 0 0 0.0305806 -0.0879844 0.525515
46 1.24273 0 0 0.000599197 0 0.710283
47 0.784532 0 0 -0.00205815 0.00641633 0.880036
48 0 0 0 0 0 0
49 -4.35154 -19.3184 -5.52951 0 0.137189 0
50 0 -1.51208 1.07027 0 0 0
51 0.540026 -0.376654 1.73991 0.132749 0 0
52 0 -3.13126 2.17037 0 0 0
53 0 -2.17842 1.90586 -0.041928 0 0
54 -4.46483 -18.549 -6.35011 0 0.137189 0
55 0 -0.769075 1.97674 0 0 0
56 0 -0.54077 1.81329 0 0 0
time 29
0 1.5572 9.20997 -3.60973 0.000934124 0 -1.06437
1 6.02794 0 0 -1.40495 0.445959 -0.793664
2 11.7344 0 0 -0.00140283 0 -0.592946
3 8.81139 -0.000449181 -0.00011158 -0.55888 0 0.000158104
4 5.77839 0.000286102 0 -0.37445 0 0.000103728
5 2.23163 -0.000329018 -0.000364065 -0.18443 0 0
6 11.4725 0 0 -0.608217 -0.159249 0.302454
7 0.615217 -0.993091 -0.8107 2.33805 -0.0433468 -0.360756
8 2.24752 0 0 0.0800335 0.130871 -0.0225881
9 1.11936 0 0 0.0688114 0.177523 -0.338114
10 3.71348 -0.102641 0.102191 1.81842 1.37508 0.188411
11 1.72615 0 0 0.0136259 -0.025064 -0.609754
12 1.21114 0 0 0.00236701 0.0174766 -0.462832
13 3.59919 -1.06012 0.070888 1.68096 1.17438 0.0612367
14 1.66069 0 0 -0.00987788 0.0219167 -0.64561
15 1.167 0 0 0.0379319 -0.0317196 -0.610266
16 2.18852 0.50104 0.0576591 1.57003 0.153931 0.225781
17 1.29609 0 0 0.0343668 0.0550095 -1.22788
18 1.62202 0.000711441 -0.000471115 0.00441629 -0.0145794 -0.727069
19 1.22241 0 0 -0.00631657 0.017687 -0.370915
20 1.76707 1.27612 0.0366409 1.57002 0.26187 0.261241
21 1.55588 0 0 -0.0324567 0.00304731 -1.18264
22 1.24274 0 0 -0.00059948 0 -0.65185
23 0.784523 0 0 0.00633942 0.00191169 -0.571831
24 -1.93761 5.60916 -3.60973 -0.000932693 0 3.14159
25 6.02794 0 0 0.964957 0.437082 1.49573
26 11.7344 0 0 0.00140283 0 0.857965
27 8.81167 0 0 -0.154982 0 0
28 5.77884 0 0 -0.103838 0 0
29 2.23249 0 0 -0.0511441 0 0
30 11.4725 0 0 0.110933 -0.416581 -0.615992
31 0.615812 0.994372 -0.809166 -2.75592 0.374249 0.315718
32 2.24752 0 0 -0.565215 0.197981 0.0658202
33 1.11936 0 0 -0.0549131 0.0237985 0.34886
34 3.71349 0.102639 0.102191 -1.55367 0.888575 -0.0661109
35 1.72615 0 0 -0.0121439 -0.00651259 1.19024
36 1.21112 0 0 0.0118385 0.0130726 1.33339
37 3.5992 1.06012 0.0708888 -1.45448 0.289842 0.348452
38 1.66069 0 0 -0.0204447 0.0691883 -0.0352877
39 1.16699 0 0 0.0118832 0.0235392 -0.00622642
40 2.18853 -0.50104 0.0576591 -1.55151 0.172885 -0.118539
41 1.29609 0 0 -0.0200504 -0.0423275 0.631309
42 1.62202 -0.000713348 -0.000469446 -0.0284748 -0.0166479 1.25494
43 1.22241 0 0 -0.0073373 0.00175432 1.23076
44 1.76707 -1.27612 0.0366402 -1.52771 0.265811 -0.101503
45 1.55587 0 0 0.0305806 -0.0879844 0.525515
46 1.24273 0 0 0.000599173 0 0.710283
47 0.784531 0 0 -0.00205816 0.00641636 0.880036
48 0 0 0 0 0 0
49 -4.32941 -19.3418 -5.49275 0.0101102 0.1482 0.00238712
50 0 -1.51208 1.07027 0 0 0
51 0.540026 -0.376654 1.73991 0.132749 0 0
52 0 -3.13126 2.17037 0 0 0
53 0 -2.17842 1.90586 -0.041928 0 0
54 -4.45242 -18.5643 -6.30432 0.0101102 0.1482 0.00238712
55 0 -0.769077 1.97674 0 0 0
56 0 -0.54077 1.81329 0 0 0
time 30
0 1.5572 9.20997 -3.60973 0.000934124 0 -1.06437
1 6.02794 0 0 -1.40547 0.445062 -0.79343
2 11.7344 0 0 -0.00140282 0 -0.593635
3 8.81138 -0.000449181 -0.000112295 -0.566911 0 0.000158005
4 5.77839 0.000286102 0 -0.379831 0 0.000103543
5 2.23163 -0.000329018 -0.000364065 -0.187081 0 0
6 11.4725 0 0 -0.617454 -0.157168 0.309326
7 0.615219 -0.993092 -0.8107 2.33805 -0.0433468 -0.360756
8 2.24752 0 0 0.0800335 0.130871 -0.0225881
9 1.11936 0 0 0.0688115 0.177523 -0.338114
10 3.71348 -0.102641 0.102191 1.81842 1.37508 0.188409
11 1.72615 0 0 0.0136259 -0.0250639 -0.609754
12 1.21114 0 0 0.00236699 0.0174767 -0.462832
13 3.59919 -1.06012 0.0708883 1.68096 1.17438 0.061236
14 1.66069 0 0 -0.00987784 0.0219166 -0.64561
15 1.167 0 0 0.0379319 -0.0317196 -0.610266
16 2.18852 0.50104 0.0576587 1.57003 0.153931 0.225781
17 1.29609 0 0 0.0343667 0.0550094 -1.22788
18 1.62202 0.000715256 -0.000471115 0.0044163 -0.0145795 -0.727069
19 1.22241 0 0 -0.00631648 0.0176869 -0.370915
20 1.76707 1.27612 0.0366409 1.57002 0.26187 0.261241
21 1.55588 0 0 -0.0324567 0.00304728 -1.18264
22 1.24273 0 0 -0.000599414 0 -0.65185
23 0.784523 0 0 0.00633935 0.00191167 -0.571831
24 -1.93761 5.60916 -3.60973 -0.000932693 0 3.14159
25 6.02794 0 0 0.966363 0.433221 1.49795
26 11.7344 0 0 0.00140265 0 0.854515
27 8.81167 0 0 -0.161805 0 0
28 5.77884 0 0 -0.108409 0 0
29 2.23249 0 0 -0.0533956 0 0
30 11.4725 0 0 0.102663 -0.412931 -0.620495
31 0.615812 0.994373 -0.809165 -2.75592 0.374249 0.315718
32 2.24752 0 0 -0.565214 0.197981 0.0658204
33 1.11936 0 0 -0.0549132 0.0237984 0.34886
34 3.71349 0.102639 0.102191 -1.55367 0.888575 -0.0661111
35 1.72615 0 0 -0.0121439 -0.00651262 1.19024
36 1.21112 0 0 0.0118385 0.0130727 1.33339
37 3.5992 1.06012 0.0708883 -1.45448 0.289842 0.348452
38 1.66069 0 0 -0.0204447 0.0691882 -0.0352876
39 1.16699 0 0 0.0118832 0.0235394 -0.00622659
40 2.18853 -0.50104 0.0576587 -1.55151 0.172885 -0.118539
41 1.29609 0 0 -0.0200505 -0.0423274 0.631309
42 1.62202 -0.000714302 -0.000469685 -0.0284748 -0.0166479 1.25494
43 1.22241 0 0 -0.00733722 0.00175433 1.23076
44 1.76707 -1.27612 0.0366404 -1.52771 0.265811 -0.101503
45 1.55588 0 0 0.0305806 -0.0879844 0.525515
46 1.24273 0 0 0.000599182 0 0.710283
47 0.784531 0 0 -0.00205813 0.0064163 0.880036
48 0 0 0 0 0 0
49 -4.30912 -19.3582 -5.47068 0.0172292 0.155954 0.00406799
50 0 -1.51208 1.07027 0 0 0
51 0.540026 -0.376654 1.73991 0.132749 0 0
52 0 -3.13127 2.17037 0 0 0
53 0 -2.17842 1.90586 -0.041928 0 0
54 -4.43889 -18.5752 -6.27579 0.0172292 0.155954 0.00406799
55 0 -0.769075 1.97674 0 0 0
56 0 -0.540771 1.81329 0 0 0
time 31
0 1.5572 9.20997 -3.60973 0.000934124 0 -1.06437
1 6.02794 0 0 -1.40595 0.444874 -0.793051
2 11.7344 0 0 -0.00140269 0 -0.594384
3 8.81138 -0.000450134 -0.000112772 -0.571826 0 0.000157775
4 5.77839 0.000286102 0 -0.383123 0 0.0001033
5 2.23163 -0.000329971 -0.000364065 -0.188702 0 0
6 11.4725 0 0 -0.623061 -0.155598 0.31351
7 0.615221 -0.993091 -0.8107 2.33805 -0.0433469 -0.360756
8 2.24752 0 0 0.0800335 0.130871 -0.0225881
9 1.11935 0 0 0.0688115 0.177523 -0.338114
10 3.71348 -0.102641 0.102191 1.81842 1.37508 0.18841
11 1.72615 0 0 0.0136259 -0.0250638 -0.609754
12 1.21114 0 0 0.00236704 0.0174766 -0.462832
13 3.59919 -1.06012 0.0708878 1.68096 1.17438 0.0612363
14 1.66069 0 0 -0.00987786 0.0219165 -0.64561
15 1.167 0 0 0.0379319 -0.0317195 -0.610266
16 2.18853 0.50104 0.0576591 1.57003 0.153931 0.225781
17 1.29609 0 0 0.0343667 0.0550094 -1.22788
18 1.62202 0.000713348 -0.000470161 0.00441621 -0.0145794 -0.727069
19 1.22241 0 0 -0.00631654 0.017687 -0.370915
20 1.76707 1.27612 0.0366411 1.57002 0.26187 0.261241
21 1.55588 0 0 -0.0324566 0.00304736 -1.18264
22 1.24273 0 0 -0.000599386 0 -0.65185
23 0.784522 0 0 0.00633933 0.00191173 -0.571831
24 -1.93761 5.60916 -3.60973 -0.000932693 0 3.14159
25 6.02794 0 0 0.967138 0.430849 1.49966
26 11.7344 0 0 0.00140266 0 0.852022
27 8.81167 0 0 -0.166072 0 0
28 5.77884 0 0 -0.111268 0 0
29 2.23249 0 0 -0.0548036 0 0
30 11.4725 0 0 0.0976308 -0.410998 -0.623217
31 0.615813 0.994372 -0.809165 -2.75592 0.374249 0.315718
32 2.24752 0 0 -0.565214 0.197981 0.0658204
33 1.11936 0 0 -0.0549134 0.0237985 0.34886
34 3.71348 0.102639 0.102191 -1.55367 0.888575 -0.0661111
35 1.72615 0 0 -0.0121439 -0.00651263 1.19024
36 1.21112 0 0 0.0118385 0.0130726 1.33339
37 3.5992 1.06012 0.0708883 -1.45448 0.289842 0.348452
38 1.66069 0 0 -0.0204447 0.0691883 -0.0352878
39 1.16699 0 0 0.0118833 0.0235393 -0.00622653
40 2.18853 -0.50104 0.0576587 -1.55151 0.172885 -0.118539
41 1.29609 0 0 -0.0200505 -0.0423274 0.631309
42 1.62202 -0.000713348 -0.000470161 -0.0284749 -0.016648 1.25494
43 1.22241 0 0 -0.00733731 0.00175433 1.23076
44 1.76707 -1.27612 0.0366402 -1.52771 0.265811 -0.101503
45 1.55588 0 0 0.0305806 -0.0879844 0.525515
46 1.24273 0 0 0.000599128 0 0.710283
47 0.784532 0 0 -0.0020581 0.00641635 0.880036
48 0 0 0 0 0 0
49 -4.29065 -19.3686 -5.46138 0.021716 0.16084 0.00512736
50 0 -1.51208 1.07027 0 0 0
51 0.540026 -0.376654 1.73991 0.132749 0 0
52 0 -3.13126 2.17037 0 0 0
53 0 -2.17842 1.90586 -0.041928 0 0
54 -4.42464 -18.5821 -6.26238 0.021716 0.16084 0.00512736
55 0 -0.769073 1.97674 0 0 0
56 0 -0.540768 1.81329 0 0 0
time 32
0 1.5572 9.20997 -3.60973 0.000934124 0 -1.06437
1 6.02794 0 0 -1.40639 0.445294 -0.792557
2 11.7344 0 0 -0.00140276 0 -0.595192
3 8.81138 -0.000450134 -0.000112295 -0.574054 0 0.000157757
4 5.77839 0.000286102 0 -0.384616 0 0.0001032
5 2.23163 -0.000329018 -0.000364065 -0.189438 0 0
6 11.4725 0 0 -0.625555 -0.154536 0.315412
7 0.615219 -0.993091 -0.8107 2.33805 -0.0433469 -0.360756
8 2.24752 0 0 0.0800335 0.130871 -0.022588
9 1.11936 0 0 0.0688115 0.177523 -0.338114
10 3.71348 -0.102641 0.102191 1.81842 1.37508 0.188411
11 1.72615 0 0 0.0136259 -0.0250638 -0.609754
12 1.21114 0 0 0.00236701 0.0174766 -0.462832
13 3.59919 -1.06012 0.0708878 1.68096 1.17438 0.0612367
14 1.66069 0 0 -0.00987788 0.0219166 -0.64561
15 1.167 0 0 0.0379318 -0.0317196 -0.610266
16 2.18852 0.50104 0.0576587 1.57003 0.153931 0.225781
17 1.29609 0 0 0.0343667 0.0550094 -1.22788
18 1.62202 0.000713348 -0.000471115 0.00441618 -0.0145794 -0.72707
19 1.22241 0 0 -0.00631664 0.017687 -0.370915
20 1.76707 1.27612 0.0366406 1.57002 0.26187 0.261241
21 1.55587 0 0 -0.0324567 0.00304734 -1.18264
22 1.24273 0 0 -0.000599386 0 -0.65185
23 0.784524 0 0 0.00633932 0.00191172 -0.571831
24 -1.93761 5.60916 -3.60973 -0.000932693 0 3.14159
25 6.02794 0 0 0.967378 0.429781 1.50091
26 11.7344 0 0 0.0014027 0 0.850421
27 8.81167 0 0 -0.16817 0 0
28 5.77884 0 0 -0.112674 0 0
29 2.23249 0 0 -0.055496 0 0
30 11.4725 0 0 0.0953863 -0.410476 -0.62441
31 0.615814 0.994372 -0.809165 -2.75592 0.374249 0.315718
32 2.24752 0 0 -0.565215 0.197981 0.0658203
33 1.11936 0 0 -0.0549133 0.0237986 0.34886
34 3.71349 0.102639 0.102191 -1.55367 0.888575 -0.0661109
35 1.72615 0 0 -0.0121439 -0.00651265 1.19024
36 1.21112 0 0 0.0118384 0.0130727 1.33339
37 3.5992 1.06012 0.0708878 -1.45448 0.289842 0.348452
38 1.66069 0 0 -0.0204445 0.0691882 -0.0352876
39 1.16699 0 0 0.0118833 0.0235394 -0.00622663
40 2.18853 -0.50104 0.0576591 -1.55151 0.172885 -0.118539
41 1.29609 0 0 -0.0200505 -0.0423274 0.631309
42 1.62202 -0.000713348 -0.000469923 -0.0284748 -0.0166479 1.25494
43 1.22241 0 0 -0.00733737 0.00175435 1.23076
44 1.76707 -1.27612 0.0366402 -1.52771 0.265811 -0.101503
45 1.55587 0 0 0.0305806 -0.0879843 0.525515
46 1.24273 0 0 0.000599214 0 0.710283
47 0.784531 0 0 -0.00205817 0.00641632 0.880036
48 0 0 0 0 0 0
49 -4.27395 -19.3737 -5.46293 0.0239295 0.163251 0.00564998
50 0 -1.51208 1.07027 0 0 0
51 0.540026 -0.376652 1.73991 0.132749 0 0
52 0 -3.13127 2.17037 0 0 0
53 0 -2.17842 1.90586 -0.041928 0 0
54 -4.41001 -18.5855 -6.26189 0.0239295 0.163251 0.00564998
55 0 -0.769075 1.97674 0 0 0
56 0 -0.540771 1.81329 0 0 0
time 33
0 1.5572 9.20997 -3.60973 0.000934124 0 -1.06437
1 6.02794 0 0 -1.40678 0.446213 -0.791977
2 11.7344 0 0 -0.00140276 0 -0.596039
3 8.81138 -0.000450134 -0.000112295 -0.574026 0 0.00015774
4 5.77839 0.000287056 0 -0.384597 0 0.000103328
5 2.23163 -0.000329971 -0.000364065 -0.189429 0 0
6 11.4725 0 0 -0.625442 -0.153937 0.315412
7 0.615219 -0.993091 -0.8107 2.33805 -0.0433469 -0.360756
8 2.24752 0 0 0.0800335 0.130871 -0.0225881
9 1.11935 0 0 0.0688115 0.177523 -0.338114
10 3.71348 -0.102641 0.102191 1.81842 1.37508 0.188411
11 1.72615 0 0 0.0136259 -0.0250638 -0.609754
12 1.21114 0 0 0.00236707 0.0174767 -0.462832
13 3.59919 -1.06012 0.070888 1.68096 1.17438 0.0612366
14 1.66069 0 0 -0.00987789 0.0219167 -0.64561
15 1.167 0 0 0.0379319 -0.0317196 -0.610265
16 2.18852 0.501039 0.0576591 1.57003 0.153931 0.225781
17 1.29609 0 0 0.0343668 0.0550095 -1.22788
18 1.62202 0.000715256 -0.000471115 0.00441624 -0.0145794 -0.727069
19 1.22241 0 0 -0.00631666 0.017687 -0.370915
20 1.76707 1.27612 0.0366411 1.57002 0.26187 0.261241
21 1.55588 0 0 -0.0324567 0.00304729 -1.18264
22 1.24274 0 0 -0.000599564 0 -0.65185
23 0.784522 0 0 0.00633937 0.00191174 -0.571831
24 -1.93761 5.60916 -3.60973 -0.000932693 0 3.14159
25 6.02794 0 0 0.967175 0.429817 1.50173
26 11.7344 0 0 0.00140281 0 0.849607
27 8.81167 0 0 -0.168454 0 0
28 5.77884 0 0 -0.112864 0 0
29 2.23249 0 0 -0.0555898 0 0
30 11.4725 0 0 0.0954805 -0.411102 -0.624324
31 0.615811 0.994372 -0.809165 -2.75592 0.374248 0.315718
32 2.24752 0 0 -0.565214 0.197981 0.0658204
33 1.11936 0 0 -0.0549133 0.0237985 0.34886
34 3.71349 0.10264 0.102191 -1.55367 0.888575 -0.0661113
35 1.72615 0 0 -0.0121438 -0.0065127 1.19024
36 1.21112 0 0 0.0118385 0.0130727 1.33339
37 3.5992 1.06012 0.0708878 -1.45448 0.289842 0.348452
38 1.66069 0 0 -0.0204446 0.0691882 -0.0352876
39 1.16699 0 0 0.0118834 0.0235393 -0.00622656
40 2.18853 -0.50104 0.0576584 -1.55151 0.172885 -0.118539
41 1.29609 0 0 -0.0200504 -0.0423274 0.631309
42 1.62202 -0.000713348 -0.000469208 -0.0284748 -0.0166479 1.25494
43 1.22241 0 0 -0.00733721 0.00175431 1.23076
44 1.76707 -1.27612 0.0366404 -1.52771 0.265811 -0.101503
45 1.55588 0 0 0.0305806 -0.0879843 0.525515
46 1.24273 0 0 0.000599175 0 0.710283
47 0.784532 0 0 -0.00205815 0.00641632 0.880036
48 0 0 0 0 0 0
49 -4.25901 -19.3744 -5.47342 0.0242286 0.163577 0.0057206
50 0 -1.51208 1.07027 0 0 0
51 0.540026 -0.376654 1.73991 0.132749 0 0
52 0 -3.13126 2.17037 0 0 0
53 0 -2.17842 1.90586 -0.041928 0 0
54 -4.39535 -18.5859 -6.27211 0.0242286 0.163577 0.0057206
55 0 -0.769075 1.97674 0 0 0
56 0 -0.54077 1.81329 0 0 0
time 34
0 1.5572 9.20997 -3.60973 0.000934124 0 -1.06437
1 6.02794 0 0 -1.40712 0.447517 -0.791342
2 11.7344 0 0 -0.00140285 0 -0.596896
3 8.81138 -0.000450134 -0.000112057 -0.572177 0 0.000157698
4 5.77839 0.000286102 0 -0.383358 0 0.000103295
5 2.23164 -0.000329018 -0.000363588 -0.188818 0 0
6 11.4725 0 0 -0.623226 -0.153724 0.31387
7 0.615217 -0.993091 -0.8107 2.33805 -0.0433469 -0.360756
8 2.24752 0 0 0.0800335 0.130871 -0.022588
9 1.11935 0 0 0.0688115 0.177523 -0.338114
10 3.71348 -0.102641 0.102191 1.81842 1.37508 0.188411
11 1.72615 0 0 0.0136259 -0.0250639 -0.609754
12 1.21114 0 0 0.002367 0.0174767 -0.462832
13 3.59919 -1.06012 0.0708883 1.68096 1.17438 0.061236
14 1.66069 0 0 -0.00987791 0.0219166 -0.64561
15 1.167 0 0 0.0379318 -0.0317196 -0.610266
16 2.18852 0.50104 0.0576591 1.57003 0.153931 0.225781
17 1.29609 0 0 0.0343667 0.0550094 -1.22788
18 1.62202 0.000713348 -0.000471115 0.00441621 -0.0145793 -0.727069
19 1.22241 0 0 -0.00631653 0.0176869 -0.370915
20 1.76707 1.27612 0.0366414 1.57002 0.26187 0.261241
21 1.55588 0 0 -0.0324566 0.00304738 -1.18264
22 1.24274 0 0 -0.000599433 0 -0.65185
23 0.784523 0 0 0.00633939 0.00191168 -0.571831
24 -1.93761 5.60916 -3.60973 -0.000932693 0 3.14159
25 6.02794 0 0 0.966618 0.430744 1.50221
26 11.7344 0 0 0.00140271 0 0.849443
27 8.81167 0 0 -0.167262 0 0
28 5.77884 0 0 -0.112066 0 0
29 2.23249 0 0 -0.0551965 0 0
30 11.4725 0 0 0.0974638 -0.412643 -0.623202
31 0.615814 0.994372 -0.809165 -2.75592 0.374249 0.315718
32 2.24752 0 0 -0.565214 0.197981 0.0658203
33 1.11936 0 0 -0.0549133 0.0237986 0.34886
34 3.71349 0.10264 0.10219 -1.55366 0.888575 -0.0661108
35 1.72615 0 0 -0.0121439 -0.00651273 1.19024
36 1.21112 0 0 0.0118386 0.0130726 1.33339
37 3.5992 1.06012 0.0708883 -1.45448 0.289842 0.348452
38 1.66069 0 0 -0.0204446 0.0691882 -0.0352877
39 1.16699 0 0 0.0118833 0.0235393 -0.00622662
40 2.18853 -0.501041 0.0576587 -1.55151 0.172885 -0.118539
41 1.29609 0 0 -0.0200504 -0.0423274 0.631309
42 1.62202 -0.000714302 -0.000469923 -0.0284748 -0.0166478 1.25494
43 1.22241 0 0 -0.00733722 0.00175438 1.23076
44 1.76707 -1.27612 0.0366404 -1.52771 0.265811 -0.101503
45 1.55588 0 0 0.0305806 -0.0879844 0.525515
46 1.24273 0 0 0.000599241 0 0.710283
47 0.784532 0 0 -0.00205815 0.00641637 0.880036
48 0 0 0 0 0 0
49 -4.24578 -19.3715 -5.49094 0.0229723 0.162209 0.00542398
50 0 -1.51208 1.07027 0 0 0
51 0.540027 -0.376656 1.73991 0.132749 0 0
52 0 -3.13127 2.17037 0 0 0
53 0 -2.17842 1.90586 -0.041928 0 0
54 -4.38094 -18.584 -6.29078 0.0229723 0.162209 0.00542398
55 0 -0.769075 1.97674 0 0 0
56 0 -0.540768 1.81329 0 0 0
time 35
0 1.5572 9.20997 -3.60973 0.000934124 0 -1.06437
1 6.02794 0 0 -1.40742 0.449087 -0.790678
2 11.7344 0 0 -0.00140281 0 -0.597732
3 8.81138 -0.000450134 -0.000112295 -0.568935 0 0.000158262
4 5.77839 0.000286102 0 -0.381186 0 0.000103497
5 2.23163 -0.000329971 -0.000363827 -0.187749 0 0
6 11.4725 0 0 -0.619403 -0.15381 0.311142
7 0.615221 -0.993091 -0.8107 2.33805 -0.0433468 -0.360756
8 2.24752 0 0 0.0800334 0.130871 -0.022588
9 1.11936 0 0 0.0688116 0.177523 -0.338114
10 3.71348 -0.102641 0.102191 1.81842 1.37508 0.188412
11 1.72615 0 0 0.0136259 -0.0250638 -0.609754
12 1.21114 0 0 0.00236704 0.0174767 -0.462832
13 3.59919 -1.06012 0.0708878 1.68096 1.17438 0.0612361
14 1.66069 0 0 -0.00987788 0.0219167 -0.64561
15 1.167 0 0 0.0379319 -0.0317196 -0.610265
16 2.18853 0.50104 0.0576589 1.57003 0.153931 0.225781
17 1.29609 0 0 0.0343667 0.0550095 -1.22788
18 1.62202 0.000713348 -0.000471115 0.00441622 -0.0145794 -0.72707
19 1.22241 0 0 -0.00631659 0.017687 -0.370915
20 1.76707 1.27612 0.0366409 1.57002 0.26187 0.261241
21 1.55588 0 0 -0.0324568 0.0030473 -1.18264
22 1.24274 0 0 -0.000599424 0 -0.65185
23 0.784524 0 0 0.00633931 0.00191178 -0.571831
24 -1.93761 5.60916 -3.60973 -0.000932693 0 3.14159
25 6.02794 0 0 0.965794 0.432348 1.5024
26 11.7344 0 0 0.00140275 0 0.849786
27 8.81167 0 0 -0.164923 0 0
28 5.77884 0 0 -0.110499 0 0
29 2.23249 0 0 -0.0544247 0 0
30 11.4725 0 0 0.100889 -0.414879 -0.621291
31 0.615813 0.994373 -0.809166 -2.75592 0.374249 0.315718
32 2.24752 0 0 -0.565214 0.197981 0.0658204
33 1.11936 0 0 -0.0549133 0.0237986 0.34886
34 3.71349 0.102639 0.10219 -1.55366 0.888575 -0.0661109
35 1.72615 0 0 -0.0121439 -0.00651267 1.19024
36 1.21112 0 0 0.0118385 0.0130726 1.33339
37 3.5992 1.06012 0.0708876 -1.45448 0.289842 0.348452
38 1.66069 0 0 -0.0204446 0.0691882 -0.0352876
39 1.16699 0 0 0.0118833 0.0235393 -0.00622651
40 2.18853 -0.50104 0.0576589 -1.55151 0.172885 -0.118539
41 1.29609 0 0 -0.0200504 -0.0423275 0.631309
42 1.62202 -0.000712395 -0.000469685 -0.0284748 -0.016648 1.25494
43 1.22241 0 0 -0.00733724 0.00175443 1.23076
44 1.76707 -1.27612 0.0366404 -1.52771 0.265811 -0.101503
45 1.55588 0 0 0.0305807 -0.0879843 0.525515
46 1.24273 0 0 0.000599193 0 0.710283
47 0.784531 0 0 -0.00205817 0.00641626 0.880036
48 0 0 0 0 0 0
49 -4.23422 -19.3658 -5.51357 0.0205195 0.159537 0.00484486
50 0 -1.51208 1.07027 0 0 0
51 0.540026 -0.376654 1.73991 0.132749 0 0
52 0 -3.13127 2.17037 0 0 0
53 0 -2.17842 1.90586 -0.041928 0 0
54 -4.36709 -18.5802 -6.31566 0.0205195 0.159537 0.00484486
55 0 -0.769073 1.97674 0 0 0
56 0 -0.54077 1.81329 0 0 0
time 36
0 1.5572 9.20997 -3.60973 0.000934124 0 -1.06437
1 6.02794 0 0 -1.40769 0.450803 -0.790012
2 11.7344 0 0 -0.00140281 0 -0.598511
3 8.81139 -0.000450134 -0.00011158 -0.564733 0 0.00015804
4 5.77839 0.000286102 0 -0.378371 0 0.000103643
5 2.23163 -0.000328064 -0.000364065 -0.186362 0 0
6 11.4725 0 0 -0.614468 -0.154102 0.307577
7 0.615219 -0.993092 -0.8107 2.33805 -0.0433468 -0.360756
8 2.24752 0 0 0.0800334 0.130871 -0.022588
9 1.11936 0 0 0.0688115 0.177523 -0.338114
10 3.71348 -0.102641 0.102191 1.81842 1.37508 0.188411
11 1.72615 0 0 0.0136259 -0.0250638 -0.609754
12 1.21114 0 0 0.00236704 0.0174767 -0.462832
13 3.59919 -1.06012 0.070888 1.68096 1.17438 0.0612364
14 1.66069 0 0 -0.00987783 0.0219166 -0.64561
15 1.167 0 0 0.0379318 -0.0317196 -0.610265
16 2.18852 0.50104 0.0576589 1.57003 0.153931 0.225781
17 1.29609 0 0 0.0343668 0.0550095 -1.22788
18 1.62202 0.000711441 -0.000471592 0.00441618 -0.0145795 -0.727069
19 1.22241 0 0 -0.00631645 0.0176869 -0.370915
20 1.76707 1.27612 0.0366406 1.57002 0.26187 0.261241
21 1.55588 0 0 -0.0324566 0.00304732 -1.18264
22 1.24274 0 0 -0.000599452 0 -0.65185
23 0.784524 0 0 0.00633943 0.00191176 -0.571831
24 -1.93761 5.60916 -3.60973 -0.000932693 0 3.14159
25 6.02794 0 0 0.964791 0.434409 1.50238
26 11.7344 0 0 0.00140261 0 0.850485
27 8.81167 0 0 -0.161765 0 0
28 5.77884 0 0 -0.108382 0 0
29 2.23249 0 0 -0.0533823 0 0
30 11.4725 0 0 0.105308 -0.417594 -0.618833
31 0.61581 0.994373 -0.809165 -2.75592 0.374249 0.315718
32 2.24752 0 0 -0.565214 0.197981 0.0658204
33 1.11936 0 0 -0.0549133 0.0237985 0.34886
34 3.71349 0.10264 0.10219 -1.55367 0.888575 -0.0661111
35 1.72615 0 0 -0.0121439 -0.0065126 1.19024
36 1.21112 0 0 0.0118384 0.0130726 1.33339
37 3.5992 1.06012 0.0708883 -1.45448 0.289842 0.348452
38 1.66069 0 0 -0.0204447 0.0691883 -0.0352878
39 1.16699 0 0 0.0118832 0.0235393 -0.00622649
40 2.18853 -0.50104 0.0576589 -1.55151 0.172885 -0.118539
41 1.29609 0 0 -0.0200504 -0.0423275 0.631309
42 1.62202 -0.000714302 -0.000469685 -0.0284747 -0.0166479 1.25494
43 1.22241 0 0 -0.00733723 0.00175437 1.23076
44 1.76707 -1.27612 0.0366406 -1.52771 0.265811 -0.101503
45 1.55588 0 0 0.0305806 -0.0879843 0.525515
46 1.24273 0 0 0.000599174 0 0.710283
47 0.784532 0 0 -0.00205817 0.00641638 0.880036
48 0 0 0 0 0 0
49 -4.22432 -19.3582 -5.53939 0.0172292 0.155954 0.00406798
50 0 -1.51208 1.07027 0 0 0
51 0.540026 -0.376654 1.73991 0.132749 0 0
52 0 -3.13126 2.17037 0 0 0
53 0 -2.17842 1.90586 -0.041928 0 0
54 -4.35409 -18.5752 -6.3445 0.0172292 0.155954 0.00406798
55 0 -0.769073 1.97674 0 0 0
56 0 -0.540771 1.81329 0 0 0
time 37
0 1.5572 9.20997 -3.60973 0.000934124 0 -1.06437
1 6.02794 0 0 -1.40791 0.452554 -0.789373
2 11.7344 0 0 -0.00140276 0 -0.59921
3 8.81138 -0.000451088 -0.000112057 -0.559998 0 0.00015821
4 5.77839 0.000286102 0 -0.375199 0 0.000103728
5 2.23163 -0.000329971 -0.000364065 -0.184799 0 0
6 11.4725 0 0 -0.608917 -0.154515 0.303534
7 0.615217 -0.993091 -0.8107 2.33805 -0.0433468 -0.360756
8 2.24752 0 0 0.0800335 0.130871 -0.022588
9 1.11936 0 0 0.0688114 0.177523 -0.338114
10 3.71348 -0.102641 0.102191 1.81842 1.37508 0.188411
11 1.72615 0 0 0.0136259 -0.0250638 -0.609754
12 1.21114 0 0 0.00236705 0.0174767 -0.462832
13 3.59919 -1.06012 0.070888 1.68096 1.17438 0.0612362
14 1.66069 0 0 -0.00987791 0.0219167 -0.64561
15 1.167 0 0 0.0379318 -0.0317196 -0.610265
16 2.18852 0.50104 0.0576591 1.57003 0.153931 0.225781
17 1.29609 0 0 0.0343668 0.0550095 -1.22788
18 1.62202 0.000715256 -0.000471115 0.00441634 -0.0145793 -0.727069
19 1.22241 0 0 -0.00631659 0.017687 -0.370915
20 1.76707 1.27612 0.0366406 1.57002 0.26187 0.261241
21 1.55588 0 0 -0.0324567 0.00304737 -1.18264
22 1.24274 0 0 -0.000599489 0 -0.65185
23 0.784523 0 0 0.0063394 0.00191187 -0.571831
24 -1.93761 5.60916 -3.60973 -0.000932693 0 3.14159
25 6.02794 0 0 0.963696 0.436715 1.5022
26 11.7344 0 0 0.00140284 0 0.851397
27 8.81167 0 0 -0.15812 0 0
28 5.77884 0 0 -0.105941 0 0
29 2.23249 0 0 -0.0521797 0 0
30 11.4725 0 0 0.110274 -0.420569 -0.616075
31 0.615814 0.994372 -0.809166 -2.75592 0.374249 0.315718
32 2.24752 0 0 -0.565215 0.197981 0.0658203
33 1.11936 0 0 -0.0549132 0.0237985 0.34886
34 3.71349 0.102639 0.10219 -1.55367 0.888575 -0.0661112
35 1.72615 0 0 -0.012144 -0.00651262 1.19024
36 1.21112 0 0 0.0118385 0.0130726 1.33339
37 3.5992 1.06012 0.0708878 -1.45448 0.289842 0.348452
38 1.66069 0 0 -0.0204447 0.0691882 -0.0352878
39 1.16699 0 0 0.0118833 0.0235393 -0.00622648
40 2.18853 -0.501041 0.0576589 -1.55151 0.172885 -0.118539
41 1.29609 0 0 -0.0200504 -0.0423275 0.631309
42 1.62202 -0.000713348 -0.000469685 -0.0284748 -0.0166479 1.25494
43 1.22241 0 0 -0.00733721 0.00175434 1.23076
44 1.76707 -1.27612 0.0366404 -1.52771 0.265811 -0.101504
45 1.55587 0 0 0.0305806 -0.0879844 0.525515
46 1.24273 0 0 0.000599224 0 0.710283
47 0.784531 0 0 -0.00205812 0.00641634 0.880036
48 0 0 0 0 0 0
49 -4.21603 -19.3495 -5.56649 0.0134603 0.151849 0.00317811
50 0 -1.51208 1.07027 0 0 0
51 0.540026 -0.376656 1.73991 0.132749 0 0
52 0 -3.13126 2.17037 0 0 0
53 0 -2.17842 1.90586 -0.041928 0 0
54 -4.34224 -18.5694 -6.37503 0.0134603 0.151849 0.00317811
55 0 -0.769073 1.97674 0 0 0
56 0 -0.54077 1.81329 0 0 0
time 38
0 1.5572 9.20997 -3.60973 0.000934124 0 -1.06437
1 6.02794 0 0 -1.4081 0.454222 -0.788787
2 11.7344 0 0 -0.0014028 0 -0.599804
3 8.81138 -0.000450134 -0.000112772 -0.555163 0 0.000158174
4 5.77839 0.000286102 0 -0.371959 0 0.000103585
5 2.23164 -0.000329971 -0.000364065 -0.183204 0 0
6 11.4725 0 0 -0.603249 -0.154971 0.299376
7 0.615219 -0.993091 -0.8107 2.33805 -0.0433468 -0.360756
8 2.24752 0 0 0.0800336 0.130871 -0.022588
9 1.11936 0 0 0.0688115 0.177523 -0.338114
10 3.71348 -0.102641 0.102191 1.81842 1.37508 0.188411
11 1.72615 0 0 0.0136259 -0.0250639 -0.609754
12 1.21114 0 0 0.002367 0.0174766 -0.462832
13 3.59919 -1.06012 0.070888 1.68096 1.17438 0.0612366
14 1.66069 0 0 -0.00987788 0.0219166 -0.64561
15 1.167 0 0 0.0379319 -0.0317196 -0.610266
16 2.18853 0.50104 0.0576591 1.57003 0.153931 0.225781
17 1.29609 0 0 0.0343667 0.0550096 -1.22788
18 1.62202 0.000715256 -0.000471115 0.00441622 -0.0145794 -0.727069
19 1.22241 0 0 -0.00631659 0.017687 -0.370915
20 1.76707 1.27612 0.0366406 1.57002 0.26187 0.261241
21 1.55587 0 0 -0.0324566 0.00304724 -1.18264
22 1.24274 0 0 -0.000599508 0 -0.65185
23 0.784523 0 0 0.00633936 0.00191173 -0.571831
24 -1.93761 5.60916 -3.60973 -0.000932693 0 3.14159
25 6.02794 0 0 0.962597 0.439053 1.50194
26 11.7344 0 0 0.00140273 0 0.852389
27 8.81167 0 0 -0.154329 0 0
28 5.77884 0 0 -0.103401 0 0
29 2.23249 0 0 -0.0509286 0 0
30 11.4725 0 0 0.115339 -0.42357 -0.61326
31 0.615811 0.994372 -0.809165 -2.75592 0.374249 0.315718
32 2.24752 0 0 -0.565214 0.197981 0.0658205
33 1.11936 0 0 -0.0549133 0.0237984 0.34886
34 3.71348 0.102639 0.102191 -1.55367 0.888575 -0.0661111
35 1.72615 0 0 -0.012144 -0.00651274 1.19024
36 1.21112 0 0 0.0118385 0.0130725 1.33339
37 3.5992 1.06012 0.0708883 -1.45448 0.289842 0.348452
38 1.66069 0 0 -0.0204447 0.0691882 -0.0352877
39 1.16699 0 0 0.0118832 0.0235393 -0.00622648
40 2.18853 -0.50104 0.0576596 -1.55151 0.172885 -0.118539
41 1.29609 0 0 -0.0200504 -0.0423275 0.631309
42 1.62202 -0.000713348 -0.000469923 -0.0284748 -0.0166479 1.25494
43 1.22241 0 0 -0.00733724 0.00175436 1.23076
44 1.76707 -1.27612 0.0366404 -1.52771 0.265811 -0.101503
45 1.55588 0 0 0.0305806 -0.0879844 0.525515
46 1.24273 0 0 0.000599247 0 0.710283
47 0.784531 0 0 -0.00205818 0.00641632 0.880036
48 0 0 0 0 0 0
49 -4.20932 -19.3405 -5.59296 0.0095718 0.147614 0.00225999
50 0 -1.51208 1.07027 0 0 0
51 0.540026 -0.376656 1.73991 0.132749 0 0
52 0 -3.13126 2.17037 0 0 0
53 0 -2.17842 1.90586 -0.041928 0 0
54 -4.33183 -18.5635 -6.40501 0.0095718 0.147614 0.00225999
55 0 -0.769075 1.97674 0 0 0
56 0 -0.54077 1.81329 0 0 0
time 39
0 1.5572 9.20997 -3.60973 0.000934124 0 -1.06437
1 6.02794 0 0 -1.40825 0.455702 -0.788283
2 11.7344 0 0 -0.00140288 0 -0.600279
3 8.81139 -0.000449181 -0.000112057 -0.550654 0 0.000158047
4 5.77839 0.000287056 0 -0.368938 0 0.000103627
5 2.23163 -0.000329018 -0.000364065 -0.181716 0 0
6 11.4725 0 0 -0.597964 -0.155408 0.295477
7 0.615219 -0.993091 -0.8107 2.33805 -0.0433468 -0.360756
8 2.24752 0 0 0.0800335 0.130871 -0.022588
9 1.11936 0 0 0.0688115 0.177523 -0.338114
10 3.71348 -0.102641 0.102191 1.81843 1.37508 0.188411
11 1.72615 0 0 0.0136259 -0.025064 -0.609754
12 1.21114 0 0 0.00236699 0.0174767 -0.462832
13 3.59919 -1.06012 0.0708878 1.68096 1.17438 0.0612363
14 1.66069 0 0 -0.00987789 0.0219166 -0.64561
15 1.167 0 0 0.0379318 -0.0317196 -0.610266
16 2.18853 0.50104 0.0576587 1.57003 0.153931 0.225781
17 1.29609 0 0 0.0343668 0.0550094 -1.22788
18 1.62202 0.000713348 -0.000471115 0.00441624 -0.0145795 -0.727069
19 1.22241 0 0 -0.00631664 0.017687 -0.370915
20 1.76707 1.27612 0.0366402 1.57002 0.26187 0.261241
21 1.55588 0 0 -0.0324567 0.00304737 -1.18264
22 1.24274 0 0 -0.000599452 0 -0.65185
23 0.784523 0 0 0.00633924 0.00191176 -0.571831
24 -1.93761 5.60916 -3.60973 -0.000932693 0 3.14159
25 6.02794 0 0 0.961586 0.441218 1.50164
26 11.7344 0 0 0.00140265 0 0.85334
27 8.81167 0 0 -0.150745 0 0
28 5.77884 0 0 -0.100999 0 0
29 2.23249 0 0 -0.0497456 0 0
30 11.4725 0 0 0.120056 -0.426358 -0.610639
31 0.615815 0.994373 -0.809166 -2.75592 0.374249 0.315718
32 2.24752 0 0 -0.565214 0.197981 0.0658205
33 1.11936 0 0 -0.0549132 0.0237985 0.34886
34 3.71348 0.10264 0.102191 -1.55367 0.888575 -0.0661112
35 1.72615 0 0 -0.0121439 -0.00651266 1.19024
36 1.21112 0 0 0.0118385 0.0130725 1.33339
37 3.5992 1.06012 0.070888 -1.45448 0.289842 0.348452
38 1.66069 0 0 -0.0204446 0.0691882 -0.0352877
39 1.16699 0 0 0.0118832 0.0235393 -0.00622656
40 2.18853 -0.50104 0.0576587 -1.55151 0.172885 -0.118539
41 1.29609 0 0 -0.0200504 -0.0423274 0.631309
42 1.62202 -0.000713348 -0.000469208 -0.0284747 -0.0166479 1.25494
43 1.22241 0 0 -0.00733733 0.00175428 1.23076
44 1.76707 -1.27612 0.0366399 -1.52771 0.265812 -0.101503
45 1.55587 0 0 0.0305806 -0.0879843 0.525515
46 1.24273 0 0 0.000599247 0 0.710283
47 0.784532 0 0 -0.00205812 0.00641636 0.880036
48 0 0 0 0 0 0
49 -4.20416 -19.3321 -5.61688 0.00592255 0.143639 0.00139837
50 0 -1.51208 1.07027 0 0 0
51 0.540026 -0.376657 1.73991 0.132749 0 0
52 0 -3.13127 2.17037 0 0 0
53 0 -2.17842 1.90586 -0.041928 0 0
54 -4.32317 -18.5579 -6.4322 0.00592255 0.143639 0.00139837
55 0 -0.769077 1.97674 0 0 0
56 0 -0.54077 1.81329 0 0 0
time 40
0 1.5572 9.20997 -3.60973 0.000934124 0 -1.06437
1 6.02794 0 0 -1.40836 0.456886 -0.787888
2 11.7344 0 0 -0.00140289 0 -0.600626
3 8.81139 -0.000449181 -0.000111818 -0.546903 0 0.000158191
4 5.77839 0.000286102 0 -0.366425 0 0.000103792
5 2.23164 -0.000329018 -0.000363827 -0.180478 0 0
6 11.4725 0 0 -0.593565 -0.155773 0.292215
7 0.615217 -0.993092 -0.8107 2.33805 -0.0433469 -0.360756
8 2.24752 0 0 0.0800335 0.130871 -0.022588
9 1.11936 0 0 0.0688114 0.177523 -0.338114
10 3.71348 -0.102641 0.102191 1.81842 1.37508 0.18841
11 1.72615 0 0 0.0136259 -0.0250639 -0.609754
12 1.21113 0 0 0.00236695 0.0174767 -0.462832
13 3.59919 -1.06012 0.0708883 1.68096 1.17438 0.061236
14 1.66069 0 0 -0.00987788 0.0219165 -0.64561
15 1.167 0 0 0.0379318 -0.0317196 -0.610266
16 2.18852 0.50104 0.0576591 1.57003 0.153931 0.225781
17 1.29609 0 0 0.0343668 0.0550094 -1.22788
18 1.62202 0.000713348 -0.000471115 0.00441625 -0.0145793 -0.727069
19 1.22241 0 0 -0.00631655 0.017687 -0.370915
20 1.76707 1.27612 0.0366406 1.57002 0.26187 0.261241
21 1.55588 0 0 -0.0324566 0.00304737 -1.18264
22 1.24273 0 0 -0.00059948 0 -0.65185
23 0.784523 0 0 0.00633934 0.00191179 -0.571831
24 -1.93761 5.60916 -3.60973 -0.000932693 0 3.14159
25 6.02794 0 0 0.96075 0.443008 1.50137
26 11.7344 0 0 0.0014027 0 0.854143
27 8.81167 0 0 -0.147727 0 0
28 5.77884 0 0 -0.098977 0 0
29 2.23249 0 0 -0.04875 0 0
30 11.4725 0 0 0.12398 -0.428674 -0.608459
31 0.615812 0.994372 -0.809165 -2.75592 0.374249 0.315718
32 2.24752 0 0 -0.565214 0.197981 0.0658203
33 1.11936 0 0 -0.0549133 0.0237984 0.34886
34 3.71349 0.102639 0.102191 -1.55367 0.888575 -0.0661109
35 1.72615 0 0 -0.0121438 -0.00651261 1.19024
36 1.21112 0 0 0.0118385 0.0130726 1.33339
37 3.5992 1.06012 0.0708885 -1.45448 0.289842 0.348452
38 1.66069 0 0 -0.0204445 0.0691882 -0.0352877
39 1.16699 0 0 0.0118832 0.0235394 -0.00622659
40 2.18853 -0.50104 0.0576594 -1.55151 0.172885 -0.118539
41 1.29609 0 0 -0.0200504 -0.0423275 0.631309
42 1.62202 -0.000712395 -0.000470161 -0.0284747 -0.0166478 1.25494
43 1.22241 0 0 -0.00733731 0.00175443 1.23076
44 1.76707 -1.27612 0.0366404 -1.52771 0.265811 -0.101503
45 1.55588 0 0 0.0305807 -0.0879844 0.525515
46 1.24273 0 0 0.000599209 0 0.710283
47 0.784531 0 0 -0.00205821 0.00641625 0.880036
48 0 0 0 0 0 0
49 -4.20052 -19.325 -5.63634 0.00287155 0.140316 0.000678
50 0 -1.51208 1.07027 0 0 0
51 0.540026 -0.376656 1.73991 0.132749 0 0
52 0 -3.13127 2.17037 0 0 0
53 0 -2.17842 1.90586 -0.041928 0 0
54 -4.31659 -18.5533 -6.45438 0.00287155 0.140316 0.000678
55 0 -0.769075 1.97674 0 0 0
56 0 -0.54077 1.81329 0 0 0
time 41
0 1.5572 9.20997 -3.60973 0.000934124 0 -1.06437
1 6.02794 0 0 -1.40843 0.457673 -0.787631
2 11.7344 0 0 -0.00140284 0 -0.600838
3 8.81138 -0.000449181 -0.000112295 -0.544338 0 0.000158096
4 5.77839 0.000287056 0 -0.364706 0 0.000103584
5 2.23163 -0.000329018 -0.000363588 -0.179631 0 0
6 11.4725 0 0 -0.590556 -0.156023 0.289976
7 0.615217 -0.993091 -0.8107 2.33805 -0.0433468 -0.360756
8 2.24752 0 0 0.0800334 0.130871 -0.0225879
9 1.11936 0 0 0.0688114 0.177523 -0.338114
10 3.71348 -0.102641 0.102191 1.81842 1.37508 0.188411
11 1.72615 0 0 0.0136258 -0.0250639 -0.609754
12 1.21114 0 0 0.00236704 0.0174767 -0.462832
13 3.59919 -1.06012 0.0708876 1.68096 1.17438 0.0612368
14 1.66069 0 0 -0.00987788 0.0219167 -0.64561
15 1.167 0 0 0.0379319 -0.0317196 -0.610266
16 2.18852 0.501039 0.0576589 1.57003 0.153931 0.225781
17 1.29609 0 0 0.0343668 0.0550095 -1.22788
18 1.62202 0.000711441 -0.000471592 0.00441614 -0.0145795 -0.72707
19 1.22241 0 0 -0.00631663 0.0176871 -0.370915
20 1.76707 1.27612 0.0366409 1.57002 0.26187 0.261241
21 1.55587 0 0 -0.0324567 0.00304723 -1.18264
22 1.24274 0 0 -0.000599424 0 -0.65185
23 0.784523 0 0 0.0063393 0.00191172 -0.571831
24 -1.93761 5.60916 -3.60973 -0.000932693 0 3.14159
25 6.02794 0 0 0.960182 0.444228 1.50116
26 11.7344 0 0 0.0014027 0 0.854698
27 8.81167 0 0 -0.145645 0 0
28 5.77884 0 0 -0.0975822 0 0
29 2.23249 0 0 -0.0480629 0 0
30 11.4725 0 0 0.126662 -0.430258 -0.606968
31 0.615813 0.994372 -0.809165 -2.75592 0.374249 0.315718
32 2.24752 0 0 -0.565214 0.197981 0.0658204
33 1.11936 0 0 -0.0549133 0.0237986 0.34886
34 3.71348 0.10264 0.102191 -1.55367 0.888575 -0.0661112
35 1.72615 0 0 -0.0121439 -0.00651271 1.19024
36 1.21112 0 0 0.0118385 0.0130726 1.33339
37 3.5992 1.06012 0.070888 -1.45448 0.289842 0.348452
38 1.66069 0 0 -0.0204446 0.0691881 -0.0352876
39 1.16699 0 0 0.0118833 0.0235393 -0.00622655
40 2.18853 -0.501041 0.0576591 -1.55151 0.172885 -0.118539
41 1.29609 0 0 -0.0200505 -0.0423274 0.631309
42 1.62202 -0.000712395 -0.000469685 -0.0284747 -0.0166479 1.25494
43 1.22241 0 0 -0.00733732 0.00175435 1.23076
44 1.76707 -1.27612 0.0366409 -1.52771 0.265811 -0.101503
45 1.55588 0 0 0.0305806 -0.0879843 0.525515
46 1.24273 0 0 0.000599239 0 0.710283
47 0.784532 0 0 -0.00205816 0.00641634 0.880036
48 0 0 0 0 0 0
49 -4.19836 -19.3202 -5.64942 0.000777709 0.138036 0.000183625
50 0 -1.51208 1.07027 0 0 0
51 0.540026 -0.376654 1.73991 0.132749 0 0
52 0 -3.13126 2.17037 0 0 0
53 0 -2.17842 1.90586 -0.041928 0 0
54 -4.3124 -18.5501 -6.46932 0.000777709 0.138036 0.000183625
55 0 -0.769075 1.97674 0 0 0
56 0 -0.54077 1.81329 0 0 0
time 42
0 1.5572 9.20997 -3.60973 0.000934124 0 -1.06437
1 6.02794 0 0 -1.40845 0.457959 -0.787538
2 11.7344 0 0 -0.00140273 0 -0.600912
3 8.81138 -0.000450134 -0.000112295 -0.543387 0 0.000158038
4 5.77839 0.000286102 0 -0.36407 0 0.000103668
5 2.23163 -0.000329971 -0.000363827 -0.179318 0 0
6 11.4725 0 0 -0.589441 -0.156117 0.289145
7 0.615219 -0.993091 -0.8107 2.33805 -0.0433468 -0.360756
8 2.24752 0 0 0.0800335 0.130871 -0.022588
9 1.11936 0 0 0.0688115 0.177523 -0.338114
10 3.71348 -0.102641 0.102191 1.81842 1.37508 0.18841
11 1.72615 0 0 0.0136259 -0.0250639 -0.609754
12 1.21114 0 0 0.00236703 0.0174767 -0.462832
13 3.59919 -1.06012 0.0708883 1.68096 1.17438 0.0612367
14 1.66069 0 0 -0.00987788 0.0219166 -0.64561
15 1.167 0 0 0.0379319 -0.0317196 -0.610266
16 2.18852 0.50104 0.0576591 1.57003 0.153931 0.225781
17 1.29609 0 0 0.0343667 0.0550095 -1.22788
18 1.62202 0.000715256 -0.000471592 0.00441628 -0.0145793 -0.72707
19 1.22241 0 0 -0.00631661 0.0176869 -0.370915
20 1.76707 1.27612 0.0366409 1.57002 0.26187 0.261241
21 1.55588 0 0 -0.0324566 0.00304738 -1.18264
22 1.24273 0 0 -0.000599499 0 -0.65185
23 0.784523 0 0 0.00633932 0.00191169 -0.571831
24 -1.93761 5.60916 -3.60973 -0.000932693 0 3.14159
25 6.02794 0 0 0.959973 0.444678 1.50109
26 11.7344 0 0 0.00140272 0 0.854906
27 8.81167 0 0 -0.14487 0 0
28 5.77884 0 0 -0.0970628 0 0
29 2.23249 0 0 -0.0478071 0 0
30 11.4725 0 0 0.127655 -0.430844 -0.606416
31 0.615813 0.994372 -0.809165 -2.75592 0.374249 0.315718
32 2.24752 0 0 -0.565214 0.197981 0.0658206
33 1.11936 0 0 -0.0549134 0.0237985 0.34886
34 3.71349 0.102639 0.102191 -1.55367 0.888575 -0.0661113
35 1.72615 0 0 -0.0121439 -0.00651259 1.19024
36 1.21112 0 0 0.0118385 0.0130726 1.33339
37 3.5992 1.06012 0.0708883 -1.45448 0.289842 0.348452
38 1.66069 0 0 -0.0204447 0.0691882 -0.0352878
39 1.16699 0 0 0.0118833 0.0235393 -0.00622663
40 2.18853 -0.50104 0.0576589 -1.55151 0.172885 -0.118539
41 1.29609 0 0 -0.0200504 -0.0423275 0.631309
42 1.62202 -0.000712395 -0.000469685 -0.0284747 -0.016648 1.25494
43 1.22241 0 0 -0.00733736 0.00175441 1.23076
44 1.76707 -1.27612 0.0366404 -1.52771 0.265811 -0.101503
45 1.55588 0 0 0.0305806 -0.0879844 0.525515
46 1.24273 0 0 0.000599218 0 0.710283
47 0.784532 0 0 -0.00205817 0.00641633 0.880036
48 0 0 0 0 0 0
49 -4.19764 -19.3184 -5.6542 0 0.137189 0
50 0 -1.51208 1.07027 0 0 0
51 0.540026 -0.376654 1.73991 0.132749 0 0
52 0 -3.13126 2.17037 0 0 0
53 0 -2.17842 1.90586 -0.041928 0 0
54 -4.31093 -18.549 -6.4748 0 0.137189 0
55 0 -0.769075 1.97674 0 0 0
56 0 -0.54077 1.81329 0 0 0
end
