//Sequence File generated by the Wall Worm SMD Exporter PRO 1.99
//www.wallworm.com
version 1
nodes
0 "b_l_clav" -1
1 "b_l_upperarm" 0
2 "b_l_forearm" 1
3 "b_l_twist3" 2
4 "b_l_twist2" 2
5 "b_l_twist1" 2
6 "b_l_hand" 2
7 "b_l_thumb001" 6
8 "b_l_thumb002" 7
9 "b_l_thumb003" 8
10 "b_l_middle001" 6
11 "b_l_middle002" 10
12 "b_l_middle003" 11
13 "b_l_index001" 6
14 "b_l_index002" 13
15 "b_l_index003" 14
16 "b_l_hand_ringsqueezer" 6
17 "b_l_ring001" 16
18 "b_l_ring002" 17
19 "b_l_ring003" 18
20 "b_l_hand_pinkysqueezer" 6
21 "b_l_pinky001" 20
22 "b_l_pinky002" 21
23 "b_l_pinky003" 22
24 "b_r_clav" -1
25 "b_r_upperarm" 24
26 "b_r_forearm" 25
27 "b_r_twist3" 26
28 "b_r_twist2" 26
29 "b_r_twist1" 26
30 "b_r_hand" 26
31 "b_r_thumb001" 30
32 "b_r_thumb002" 31
33 "b_r_thumb003" 32
34 "b_r_middle001" 30
35 "b_r_middle002" 34
36 "b_r_middle003" 35
37 "b_r_index001" 30
38 "b_r_index002" 37
39 "b_r_index003" 38
40 "b_r_hand_ringsqueezer" 30
41 "b_r_ring001" 40
42 "b_r_ring002" 41
43 "b_r_ring003" 42
44 "b_r_hand_pinkysqueezer" 30
45 "b_r_pinky001" 44
46 "b_r_pinky002" 45
47 "b_r_pinky003" 46
48 "b_zero" -1
49 "d_boolet004" -1
50 "d_boolet1" -1
51 "d_boolet3" -1
52 "d_boolet_case" -1
53 "d_walk" -1
54 "d_gun" 53
55 "d_cover" 54
56 "d_carry" 54
57 "d_bolt" 54
58 "d_trig" 54
59 "d_safe" 54
60 "d_lever" 54
61 "d_ham" 54
end
skeleton
time 0
0 5.11825 10.9692 -3.0277 -0.827033 0.693143 -1.04017
1 6.02794 0 0 -0.0147276 -0.0847458 -0.117518
2 11.7344 0 0 -0.00140287 0 -1.66807
3 8.81138 -0.000450134 -0.000112057 -0.510645 0 0.000157085
4 5.77839 0.000286102 0 -0.342132 0 0.00010332
5 2.23164 -0.000329971 -0.000363827 -0.168513 0 0
6 11.4725 0 0 -0.621907 0.24608 1.09806
7 0.615218 -0.993091 -0.8107 2.36101 0.0512843 -0.442576
8 2.24752 0 0 0.087042 0.0754453 0.0898681
9 1.11936 0 0 0.0868585 0.0464882 -0.110728
10 3.71348 -0.102641 0.102191 1.49829 0.896637 0.234767
11 1.72615 0 0 0.0263276 -0.0109868 -1.28727
12 1.21114 0 0 -0.000154039 0.000329031 -0.915737
13 3.59919 -1.06012 0.0708876 1.53395 0.161845 -0.0676454
14 1.66069 0 0 0.0207493 0.133061 -0.435014
15 1.167 0 0 -0.00198889 -0.00149678 -0.825194
16 2.18853 0.50104 0.0576591 1.41514 0.0471914 0.0719911
17 1.29609 0 0 -0.0777687 0.18264 -1.0512
18 1.62202 0.000712395 -0.000471115 0.029409 -0.0272532 -1.25676
19 1.22241 0 0 0.0223414 -0.00802425 -0.76603
20 1.76707 1.27612 0.0366411 1.328 0.225255 0.073378
21 1.55588 0 0 -0.142939 0.159067 -1.06546
22 1.24274 0 0 -0.000479172 0.000360498 -1.00946
23 0.784524 0 0 0.0101639 0.0127499 -0.61013
24 -2.4735 1.96366 -5.48939 -0.143291 0.3441 -1.97314
25 6.02794 0 0 1.14323 0.0319036 0.694643
26 11.7344 0 0 0.00140269 0 1.01227
27 8.81167 0 0 1.98764 0 0
28 5.77884 0 0 1.33172 0 0
29 2.23249 0 0 0.65592 0 0
30 11.4725 0 0 1.93447 0.167488 -0.499317
31 0.615814 0.994373 -0.809165 2.90228 0.397795 0.455052
32 2.24752 0 0 -0.0977373 -0.0520997 0.039343
33 1.11936 0 0 -0.110556 0.115636 -0.00773769
34 3.71348 0.10264 0.102191 -1.40911 0.58357 0.0965934
35 1.72615 0 0 -0.0184067 -0.000676674 1.51735
36 1.21112 0 0 0.00667263 0.00800524 -0.321301
37 3.5992 1.06012 0.070888 -1.52636 0.488083 0.139804
38 1.66069 0 0 0.0439292 0.064311 0.822802
39 1.16699 0 0 0.0275332 0.0334931 0.32572
40 2.18853 -0.50104 0.0576587 -1.56816 0.138147 -0.161716
41 1.29609 0 0 0.0968892 -0.147774 0.669796
42 1.62202 -0.000713348 -0.000469208 -0.0204638 -0.0103198 1.57103
43 1.22241 0 0 0 0.00653323 -0.305208
44 1.76707 -1.27612 0.0366402 -1.36293 0.4626 -0.0448406
45 1.55587 0 0 -0.00955768 -0.0420001 0.976332
46 1.24273 0 0 0.000478876 0.00036063 1.0415
47 0.784533 0 0 -0.00138828 0.00235258 -0.396294
48 0 0 0 0 0 0
49 5.94055 2.54216 -7.80957 0 -1.5708 0
50 5.94795 -20.0098 -3.77284 3.14159 -0.785398 3.14159
51 5.94055 2.54216 -6.74232 0 -1.5708 0
52 5.94795 -20.5874 -2.89952 0 -1.5708 0
53 5.41465 -8.74049 -4.56645 0 0 0
54 0.533295 -3.57396 -0.116835 0 0 0
55 -0.439464 -5.01739 0.910444 0 0 0
56 0 -2.26997 1.22871 0.0206798 0 0
57 0 -5.92124 1.78377 0 0 0
58 0 -2.12202 -0.0619297 0 0 0
59 -0.575001 -1.69351 1.13699 0 0 0
60 0 -4.97524 -0.469841 0 0 0
61 0.694227 -1.89081 0.409987 -0.785398 0 0
time 1
0 5.11825 10.9692 -3.0277 -0.827033 0.693143 -1.04017
1 6.02794 0 0 -0.0142388 -0.0846662 -0.117575
2 11.7344 0 0 -0.00140287 0 -1.66811
3 8.81138 -0.000449181 -0.000112534 -0.51076 0 0.000157924
4 5.77839 0.000286102 0 -0.342209 0 0.000103752
5 2.23163 -0.000329018 -0.000364304 -0.168551 0 0
6 11.4725 0 0 -0.622605 0.245615 1.09781
7 0.615219 -0.993091 -0.8107 2.36101 0.0512843 -0.442576
8 2.24752 0 0 0.0870418 0.0754454 0.089868
9 1.11936 0 0 0.0868585 0.0464882 -0.110728
10 3.71348 -0.102641 0.102191 1.49829 0.896638 0.234767
11 1.72615 0 0 0.0263277 -0.0109867 -1.28727
12 1.21114 0 0 -0.000154039 0.000329031 -0.915737
13 3.59919 -1.06012 0.0708885 1.53395 0.161845 -0.0676454
14 1.66069 0 0 0.0207493 0.133061 -0.435014
15 1.167 0 0 -0.00198892 -0.00149679 -0.825194
16 2.18853 0.501039 0.0576591 1.41514 0.0471915 0.0719911
17 1.29609 0 0 -0.0777687 0.18264 -1.0512
18 1.62202 0.000713348 -0.000471115 0.029409 -0.0272532 -1.25676
19 1.22241 0 0 0.0223413 -0.00802421 -0.76603
20 1.76707 1.27612 0.0366411 1.328 0.225255 0.0733779
21 1.55588 0 0 -0.14294 0.159067 -1.06546
22 1.24273 0 0 -0.000479198 0.000360484 -1.00946
23 0.784524 0 0 0.0101639 0.0127499 -0.61013
24 -2.4735 1.96366 -5.48939 -0.143291 0.3441 -1.97314
25 6.02794 0 0 1.14357 0.0320274 0.694467
26 11.7344 0 0 0.00140265 0 1.01267
27 8.81167 0 0 1.98697 0 0
28 5.77884 0 0 1.33127 0 0
29 2.23249 0 0 0.655701 0 0
30 11.4725 0 0 1.93385 0.167801 -0.499512
31 0.615814 0.994372 -0.809165 2.90228 0.397795 0.455052
32 2.24752 0 0 -0.0977373 -0.0520997 0.0393428
33 1.11936 0 0 -0.110556 0.115636 -0.0077375
34 3.71349 0.102638 0.10219 -1.40911 0.58357 0.0965933
35 1.72615 0 0 -0.0184068 -0.000676674 1.51735
36 1.21112 0 0 0.00667259 0.00800492 -0.321301
37 3.5992 1.06012 0.0708876 -1.52636 0.488083 0.139804
38 1.66069 0 0 0.0439292 0.0643108 0.822802
39 1.16699 0 0 0.0275331 0.0334931 0.32572
40 2.18853 -0.50104 0.0576591 -1.56816 0.138147 -0.161716
41 1.29609 0 0 0.0968893 -0.147774 0.669796
42 1.62202 -0.000713348 -0.000471115 -0.0204638 -0.0103197 1.57103
43 1.22241 0 0 0 0.00653319 -0.305208
44 1.76707 -1.27612 0.0366406 -1.36293 0.4626 -0.0448407
45 1.55588 0 0 -0.00955764 -0.0420001 0.976332
46 1.24273 0 0 0.000478929 0.000360603 1.0415
47 0.784531 0 0 -0.00138837 0.00235242 -0.396294
48 0 0 0 0 0 0
49 5.93338 2.5414 -7.81469 -0.773094 -1.57041 0.773115
50 5.94283 -20.0095 -3.77194 -3.14122 -0.785672 3.14137
51 5.93367 2.54168 -6.74744 -0.773094 -1.57041 0.773115
52 5.9431 -20.5869 -2.89846 -0.773094 -1.57041 0.773115
53 5.40884 -8.74041 -4.56841 -0.00026705 0.000273763 0
54 0.533295 -3.57396 -0.116835 0 0 0
55 -0.439464 -5.01739 0.910444 0 0 0
56 0 -2.26997 1.22871 0.0206798 0 0
57 0 -5.92124 1.78377 0 0 0
58 0 -2.12202 -0.0619297 0 0 0
59 -0.575001 -1.69351 1.13699 0 0 0
60 0 -4.97525 -0.469842 0 0 0
61 0.694227 -1.89081 0.409987 -0.785398 0 0
time 2
0 5.11825 10.9692 -3.0277 -0.827033 0.693143 -1.04017
1 6.02794 0 0 -0.0129237 -0.0844598 -0.117703
2 11.7344 0 0 -0.00140288 0 -1.66824
3 8.81138 -0.000452042 -0.000112057 -0.511095 0 0.000157799
4 5.77839 0.000285149 0 -0.342433 0 0.000103692
5 2.23163 -0.000329971 -0.00036335 -0.168661 0 0
6 11.4725 0 0 -0.624501 0.244361 1.09712
7 0.615218 -0.993091 -0.8107 2.36101 0.0512842 -0.442576
8 2.24752 0 0 0.0870419 0.0754453 0.0898681
9 1.11936 0 0 0.0868585 0.0464881 -0.110728
10 3.71348 -0.102641 0.102191 1.49829 0.896637 0.234767
11 1.72615 0 0 0.0263276 -0.0109868 -1.28727
12 1.21114 0 0 -0.000154025 0.000329071 -0.915737
13 3.59919 -1.06012 0.0708885 1.53395 0.161844 -0.0676456
14 1.66069 0 0 0.0207493 0.133061 -0.435014
15 1.167 0 0 -0.00198889 -0.00149679 -0.825194
16 2.18852 0.50104 0.0576591 1.41514 0.0471915 0.071991
17 1.29609 0 0 -0.0777686 0.18264 -1.0512
18 1.62202 0.000714302 -0.000470638 0.029409 -0.0272532 -1.25676
19 1.22241 0 0 0.0223414 -0.00802418 -0.76603
20 1.76707 1.27612 0.0366411 1.328 0.225255 0.0733779
21 1.55588 0 0 -0.142939 0.159067 -1.06546
22 1.24273 0 0 -0.000479187 0.000360524 -1.00946
23 0.784524 0 0 0.0101639 0.0127498 -0.61013
24 -2.4735 1.96366 -5.48939 -0.143291 0.3441 -1.97314
25 6.02794 0 0 1.14447 0.0323537 0.694005
26 11.7344 0 0 0.00140276 0 1.01373
27 8.81167 0 0 1.98518 0 0
28 5.77884 0 0 1.33007 0 0
29 2.23249 0 0 0.65511 0 0
30 11.4725 0 0 1.93218 0.168635 -0.500024
31 0.615812 0.994372 -0.809165 2.90228 0.397795 0.455052
32 2.24752 0 0 -0.0977373 -0.0520997 0.0393429
33 1.11936 0 0 -0.110556 0.115636 -0.00773765
34 3.71348 0.102638 0.102191 -1.40911 0.58357 0.0965934
35 1.72615 0 0 -0.0184066 -0.000676583 1.51735
36 1.21112 0 0 0.00667261 0.00800501 -0.321301
37 3.5992 1.06012 0.0708885 -1.52636 0.488082 0.139803
38 1.66069 0 0 0.0439291 0.0643108 0.822802
39 1.16699 0 0 0.0275332 0.0334931 0.32572
40 2.18853 -0.501042 0.0576587 -1.56816 0.138147 -0.161716
41 1.29609 0 0 0.0968892 -0.147774 0.669796
42 1.62202 -0.000713348 -0.000469208 -0.0204638 -0.0103196 1.57103
43 1.22241 0 0 0 0.00653309 -0.305208
44 1.76707 -1.27612 0.0366406 -1.36293 0.4626 -0.0448406
45 1.55587 0 0 -0.00955762 -0.0420003 0.976332
46 1.24273 0 0 0.000479111 0.00036068 1.0415
47 0.784533 0 0 -0.00138842 0.00235237 -0.396294
48 0 0 0 0 0 0
49 5.91423 2.53931 -7.82878 -0.771251 -1.56937 0.77142
50 5.92937 -20.0086 -3.76964 -3.14019 -0.78642 3.14076
51 5.91532 2.54037 -6.76153 -0.771251 -1.56937 0.77142
52 5.93035 -20.5854 -2.89575 -0.771251 -1.56937 0.77142
53 5.39346 -8.74019 -4.57391 -0.000993988 0.00102266 0.000159093
54 0.533294 -3.57396 -0.116834 0 0 0
55 -0.439463 -5.01739 0.910444 0 0 0
56 0 -2.26997 1.22871 0.0206798 0 0
57 0 -5.92124 1.78377 0 0 0
58 0 -2.12202 -0.0619292 0 0 0
59 -0.575001 -1.69351 1.13699 0 0 0
60 0 -4.97525 -0.469841 0 0 0
61 0.694228 -1.89081 0.409987 -0.785398 0 0
time 3
0 5.11825 10.9692 -3.0277 -0.827033 0.693143 -1.04017
1 6.02794 0 0 -0.0110234 -0.0841571 -0.117847
2 11.7344 0 0 -0.0014029 0 -1.66842
3 8.81138 -0.000450134 -0.000112057 -0.511614 0 0.000157596
4 5.77839 0.000287056 0 -0.342782 0 0.000103326
5 2.23163 -0.000329018 -0.00036335 -0.168833 0 0
6 11.4725 0 0 -0.627276 0.242525 1.09606
7 0.615218 -0.993091 -0.810701 2.36101 0.0512842 -0.442576
8 2.24752 0 0 0.0870419 0.0754454 0.0898681
9 1.11936 0 0 0.0868585 0.0464882 -0.110728
10 3.71348 -0.102641 0.10219 1.49829 0.896637 0.234767
11 1.72615 0 0 0.0263276 -0.0109868 -1.28727
12 1.21114 0 0 -0.000154025 0.000329071 -0.915737
13 3.59919 -1.06012 0.0708876 1.53395 0.161845 -0.0676454
14 1.66069 0 0 0.0207494 0.133061 -0.435014
15 1.167 0 0 -0.00198889 -0.0014968 -0.825194
16 2.18852 0.501039 0.0576582 1.41514 0.0471915 0.0719911
17 1.29609 0 0 -0.0777687 0.18264 -1.0512
18 1.62202 0.000714302 -0.000471115 0.029409 -0.0272532 -1.25676
19 1.22241 0 0 0.0223414 -0.00802417 -0.76603
20 1.76707 1.27612 0.0366402 1.328 0.225255 0.073378
21 1.55588 0 0 -0.142939 0.159067 -1.06546
22 1.24273 0 0 -0.000479175 0.000360565 -1.00946
23 0.784524 0 0 0.0101639 0.0127498 -0.61013
24 -2.4735 1.96366 -5.48939 -0.143291 0.3441 -1.97314
25 6.02794 0 0 1.14575 0.0328153 0.693351
26 11.7344 0 0 0.00140271 0 1.01522
27 8.81167 0 0 1.98256 0 0
28 5.77884 0 0 1.32831 0 0
29 2.23249 0 0 0.654244 0 0
30 11.4725 0 0 1.92975 0.169832 -0.500733
31 0.615814 0.994371 -0.809166 2.90228 0.397795 0.455052
32 2.24752 0 0 -0.0977373 -0.0520997 0.0393428
33 1.11936 0 0 -0.110556 0.115636 -0.00773762
34 3.71349 0.102639 0.10219 -1.40911 0.58357 0.0965932
35 1.72615 0 0 -0.0184068 -0.000676719 1.51735
36 1.21112 0 0 0.00667258 0.0080052 -0.321301
37 3.5992 1.06012 0.070888 -1.52636 0.488083 0.139803
38 1.66069 0 0 0.0439293 0.0643108 0.822802
39 1.16699 0 0 0.0275332 0.0334931 0.32572
40 2.18853 -0.501041 0.0576587 -1.56816 0.138147 -0.161716
41 1.29609 0 0 0.0968892 -0.147774 0.669796
42 1.62202 -0.000713348 -0.000469208 -0.0204637 -0.0103197 1.57103
43 1.22241 0 0 0 0.00653316 -0.305208
44 1.76707 -1.27612 0.0366402 -1.36293 0.4626 -0.0448407
45 1.55588 0 0 -0.00955768 -0.0420001 0.976332
46 1.24273 0 0 0.000478874 0.000360626 1.0415
47 0.784531 0 0 -0.00138843 0.00235241 -0.396294
48 0 0 0 0 0 0
49 5.88669 2.53619 -7.84995 -0.769112 -1.56782 0.769439
50 5.91036 -20.0074 -3.76658 -3.13866 -0.787534 3.13985
51 5.88897 2.5384 -6.7827 -0.769112 -1.56782 0.769439
52 5.91242 -20.5832 -2.89207 -0.769112 -1.56782 0.769439
53 5.37155 -8.73989 -4.58237 -0.00206949 0.00213811 0.000334866
54 0.533295 -3.57396 -0.116835 0 0 0
55 -0.439464 -5.01739 0.910445 0 0 0
56 0 -2.26997 1.22871 0.0206798 0 0
57 0 -5.92124 1.78377 0 0 0
58 0 -2.12203 -0.0619292 0 0 0
59 -0.575001 -1.69351 1.13699 0 0 0
60 0 -4.97525 -0.469841 0 0 0
61 0.694227 -1.89081 0.409988 -0.785398 0 0
time 4
0 5.11825 10.9692 -3.0277 -0.827033 0.693143 -1.04017
1 6.02794 0 0 -0.00877282 -0.0837961 -0.117944
2 11.7344 0 0 -0.00140291 0 -1.66864
3 8.81138 -0.000450134 -0.000112772 -0.512293 0 0.00015723
4 5.77839 0.000286102 0 -0.343236 0 0.000103128
5 2.23163 -0.000329971 -0.000364304 -0.169057 0 0
6 11.4725 0 0 -0.630622 0.240317 1.0947
7 0.615219 -0.993091 -0.8107 2.36101 0.0512843 -0.442576
8 2.24752 0 0 0.087042 0.0754453 0.0898681
9 1.11936 0 0 0.0868585 0.0464881 -0.110728
10 3.71348 -0.10264 0.102191 1.49829 0.896637 0.234767
11 1.72615 0 0 0.0263276 -0.0109868 -1.28727
12 1.21114 0 0 -0.000154052 0.000329058 -0.915737
13 3.59919 -1.06012 0.0708876 1.53395 0.161845 -0.0676456
14 1.66069 0 0 0.0207493 0.133061 -0.435014
15 1.167 0 0 -0.00198884 -0.00149679 -0.825194
16 2.18853 0.501039 0.0576591 1.41514 0.0471916 0.071991
17 1.29609 0 0 -0.0777687 0.18264 -1.0512
18 1.62202 0.000713348 -0.000470638 0.029409 -0.0272532 -1.25676
19 1.22241 0 0 0.0223413 -0.00802421 -0.76603
20 1.76707 1.27612 0.0366411 1.328 0.225255 0.0733778
21 1.55588 0 0 -0.142939 0.159067 -1.06546
22 1.24273 0 0 -0.000479175 0.000360565 -1.00946
23 0.784523 0 0 0.0101639 0.0127498 -0.61013
24 -2.4735 1.96366 -5.48939 -0.143291 0.3441 -1.97314
25 6.02794 0 0 1.14722 0.0333449 0.692601
26 11.7344 0 0 0.0014029 0 1.01691
27 8.81167 0 0 1.9794 0 0
28 5.77884 0 0 1.3262 0 0
29 2.23249 0 0 0.653201 0 0
30 11.4725 0 0 1.92684 0.171234 -0.501523
31 0.615814 0.994372 -0.809166 2.90228 0.397795 0.455052
32 2.24752 0 0 -0.0977373 -0.0520997 0.0393431
33 1.11936 0 0 -0.110556 0.115636 -0.00773774
34 3.71349 0.102638 0.102191 -1.40911 0.58357 0.0965933
35 1.72615 0 0 -0.0184066 -0.000676663 1.51735
36 1.21112 0 0 0.00667256 0.00800493 -0.321301
37 3.5992 1.06012 0.070888 -1.52636 0.488083 0.139804
38 1.66069 0 0 0.0439292 0.0643108 0.822802
39 1.16699 0 0 0.0275333 0.0334932 0.32572
40 2.18853 -0.501041 0.0576591 -1.56816 0.138147 -0.161716
41 1.29609 0 0 0.0968892 -0.147774 0.669796
42 1.62202 -0.000713348 -0.000469208 -0.0204637 -0.0103197 1.57103
43 1.22241 0 0 0 0.00653324 -0.305208
44 1.76707 -1.27612 0.0366406 -1.36293 0.4626 -0.0448406
45 1.55588 0 0 -0.00955757 -0.0420002 0.976332
46 1.24273 0 0 0.000478878 0.000360753 1.0415
47 0.784533 0 0 -0.00138842 0.00235237 -0.396294
48 0 0 0 0 0 0
49 5.85431 2.53233 -7.87631 -0.76664 -1.56592 0.767202
50 5.88864 -20.0058 -3.76338 -3.13679 -0.788904 3.13875
51 5.85805 2.53594 -6.80907 -0.76664 -1.56592 0.767202
52 5.89203 -20.5805 -2.88811 -0.76664 -1.56592 0.767202
53 5.34618 -8.73957 -4.59322 -0.00338225 0.00351152 0.000554261
54 0.533295 -3.57396 -0.116835 0 0 0
55 -0.439463 -5.01739 0.910444 0 0 0
56 0 -2.26997 1.22871 0.0206798 0 0
57 0 -5.92124 1.78377 0 0 0
58 0 -2.12203 -0.0619297 0 0 0
59 -0.575 -1.69351 1.13699 0 0 0
60 0 -4.97524 -0.469841 0 0 0
61 0.694227 -1.89081 0.409987 -0.785398 0 0
time 5
0 5.11825 10.9692 -3.0277 -0.827033 0.693143 -1.04017
1 6.02794 0 0 -0.00640777 -0.0834137 -0.117939
2 11.7344 0 0 -0.0014029 0 -1.66888
3 8.81138 -0.000449181 -0.00011158 -0.5131 0 0.000157726
4 5.77839 0.000286102 0 -0.343777 0 0.000103462
5 2.23163 -0.000328064 -0.000363827 -0.169323 0 0
6 11.4725 0 0 -0.634227 0.237946 1.09313
7 0.615218 -0.993091 -0.8107 2.36101 0.0512843 -0.442576
8 2.24752 0 0 0.0870419 0.0754453 0.0898681
9 1.11936 0 0 0.0868585 0.0464882 -0.110728
10 3.71348 -0.102641 0.102191 1.49829 0.896637 0.234767
11 1.72615 0 0 0.0263275 -0.0109868 -1.28727
12 1.21114 0 0 -0.000154039 0.000329031 -0.915737
13 3.59919 -1.06012 0.0708885 1.53395 0.161845 -0.0676456
14 1.66069 0 0 0.0207493 0.133061 -0.435014
15 1.167 0 0 -0.00198885 -0.0014968 -0.825194
16 2.18852 0.501039 0.0576591 1.41514 0.0471914 0.0719911
17 1.29609 0 0 -0.0777687 0.18264 -1.0512
18 1.62202 0.000713348 -0.000470638 0.029409 -0.0272532 -1.25676
19 1.22241 0 0 0.0223414 -0.0080242 -0.76603
20 1.76707 1.27612 0.0366411 1.328 0.225255 0.0733778
21 1.55588 0 0 -0.142939 0.159067 -1.06546
22 1.24273 0 0 -0.000479239 0.000360495 -1.00946
23 0.784524 0 0 0.0101639 0.0127498 -0.61013
24 -2.4735 1.96366 -5.48939 -0.143291 0.3441 -1.97314
25 6.02794 0 0 1.1487 0.0338769 0.691849
26 11.7344 0 0 0.00140282 0 1.01859
27 8.81167 0 0 1.97599 0 0
28 5.77884 0 0 1.32392 0 0
29 2.23249 0 0 0.652078 0 0
30 11.4725 0 0 1.92373 0.172683 -0.502279
31 0.615812 0.994373 -0.809165 2.90228 0.397795 0.455052
32 2.24752 0 0 -0.0977373 -0.0520997 0.0393428
33 1.11936 0 0 -0.110556 0.115636 -0.00773767
34 3.71349 0.102639 0.102191 -1.40911 0.58357 0.0965933
35 1.72615 0 0 -0.0184066 -0.000676544 1.51735
36 1.21112 0 0 0.00667252 0.00800504 -0.321301
37 3.5992 1.06012 0.0708885 -1.52636 0.488083 0.139804
38 1.66069 0 0 0.0439293 0.0643109 0.822802
39 1.16699 0 0 0.0275332 0.0334932 0.32572
40 2.18853 -0.50104 0.0576591 -1.56816 0.138147 -0.161716
41 1.29609 0 0 0.0968893 -0.147774 0.669796
42 1.62202 -0.000711441 -0.000469208 -0.0204638 -0.0103198 1.57103
43 1.22241 0 0 0 0.00653316 -0.305208
44 1.76707 -1.27612 0.0366406 -1.36293 0.4626 -0.0448407
45 1.55588 0 0 -0.00955758 -0.0420002 0.976332
46 1.24273 0 0 0.000478879 0.000360636 1.0415
47 0.784533 0 0 -0.00138831 0.00235241 -0.396294
48 0 0 0 0 0 0
49 5.82067 2.52803 -7.90598 -0.763739 -1.56383 0.764554
50 5.867 -20.0042 -3.76066 -3.13474 -0.79042 3.13755
51 5.82604 2.53318 -6.83875 -0.763739 -1.56383 0.764554
52 5.87187 -20.5776 -2.88457 -0.763739 -1.56383 0.764554
53 5.32041 -8.73926 -4.60589 -0.00482092 0.00503431 0.000801881
54 0.533294 -3.57396 -0.116835 0 0 0
55 -0.439463 -5.01739 0.910445 0 0 0
56 0 -2.26997 1.22871 0.0206798 0 0
57 0 -5.92124 1.78377 0 0 0
58 0 -2.12202 -0.0619292 0 0 0
59 -0.575 -1.69351 1.13699 0 0 0
60 0 -4.97524 -0.469841 0 0 0
61 0.694228 -1.89081 0.409988 -0.785398 0 0
time 6
0 5.11825 10.9692 -3.0277 -0.827033 0.693143 -1.04017
1 6.02794 0 0 -0.00416234 -0.0830482 -0.117766
2 11.7344 0 0 -0.00140274 0 -1.66913
3 8.81138 -0.000449181 -0.00011158 -0.514008 0 0.000157897
4 5.77839 0.000287056 0 -0.344386 0 0.000103569
5 2.23163 -0.000329018 -0.000362873 -0.169623 0 0
6 11.4725 0 0 -0.637787 0.235625 1.09142
7 0.61522 -0.993092 -0.8107 2.36101 0.0512842 -0.442576
8 2.24752 0 0 0.0870419 0.0754453 0.0898681
9 1.11936 0 0 0.0868586 0.0464882 -0.110728
10 3.71348 -0.10264 0.102191 1.49829 0.896637 0.234767
11 1.72615 0 0 0.0263276 -0.0109868 -1.28727
12 1.21114 0 0 -0.000154025 0.000329071 -0.915737
13 3.59919 -1.06012 0.0708885 1.53395 0.161844 -0.0676455
14 1.66069 0 0 0.0207494 0.133061 -0.435014
15 1.167 0 0 -0.0019889 -0.0014968 -0.825194
16 2.18853 0.501039 0.0576591 1.41514 0.0471914 0.071991
17 1.29609 0 0 -0.0777687 0.18264 -1.0512
18 1.62202 0.000713348 -0.000471592 0.029409 -0.0272532 -1.25676
19 1.22241 0 0 0.0223414 -0.00802426 -0.76603
20 1.76707 1.27612 0.0366411 1.328 0.225255 0.0733779
21 1.55588 0 0 -0.142939 0.159067 -1.06546
22 1.24274 0 0 -0.000479198 0.000360484 -1.00946
23 0.784524 0 0 0.0101639 0.0127498 -0.61013
24 -2.4735 1.96366 -5.48939 -0.143291 0.3441 -1.97314
25 6.02794 0 0 1.15001 0.0343469 0.691187
26 11.7344 0 0 0.00140272 0 1.02004
27 8.81167 0 0 1.97265 0 0
28 5.77884 0 0 1.32168 0 0
29 2.23249 0 0 0.650974 0 0
30 11.4725 0 0 1.92071 0.174019 -0.502884
31 0.615814 0.994373 -0.809165 2.90228 0.397795 0.455052
32 2.24752 0 0 -0.0977374 -0.0520996 0.0393428
33 1.11936 0 0 -0.110556 0.115636 -0.00773768
34 3.71349 0.10264 0.102191 -1.40911 0.58357 0.0965932
35 1.72615 0 0 -0.0184068 -0.000676599 1.51735
36 1.21112 0 0 0.00667256 0.00800496 -0.321301
37 3.5992 1.06012 0.0708885 -1.52636 0.488082 0.139804
38 1.66069 0 0 0.0439293 0.0643108 0.822802
39 1.16699 0 0 0.0275331 0.0334931 0.32572
40 2.18853 -0.50104 0.0576587 -1.56816 0.138147 -0.161716
41 1.29609 0 0 0.0968892 -0.147774 0.669796
42 1.62202 -0.000713348 -0.000471115 -0.0204637 -0.0103196 1.57103
43 1.22241 0 0 0 0.0065332 -0.305208
44 1.76707 -1.27612 0.0366406 -1.36293 0.4626 -0.0448407
45 1.55587 0 0 -0.00955758 -0.0420001 0.976332
46 1.24273 0 0 0.000478833 0.000360676 1.0415
47 0.784531 0 0 -0.00138831 0.00235242 -0.396293
48 0 0 0 0 0 0
49 5.78936 2.52358 -7.93706 -0.760258 -1.56169 0.76134
50 5.84825 -20.0026 -3.75905 -3.13266 -0.791976 3.13634
51 5.79639 2.53029 -6.86985 -0.760258 -1.56169 0.76134
52 5.85464 -20.5747 -2.88214 -0.760258 -1.56169 0.76134
53 5.2973 -8.73903 -4.61981 -0.00627421 0.00659789 0.00106233
54 0.533295 -3.57396 -0.116834 0 0 0
55 -0.439464 -5.01739 0.910444 0 0 0
56 0 -2.26997 1.22871 0.0206798 0 0
57 0 -5.92124 1.78377 0 0 0
58 0 -2.12202 -0.0619302 0 0 0
59 -0.575001 -1.69351 1.13699 0 0 0
60 0 -4.97524 -0.469841 0 0 0
61 0.694227 -1.89081 0.409987 -0.785398 0 0
time 7
0 5.11825 10.9692 -3.0277 -0.827033 0.693143 -1.04017
1 6.02794 0 0 -0.00227216 -0.0827393 -0.117361
2 11.7344 0 0 -0.00140289 0 -1.66936
3 8.81138 -0.000450134 -0.000112772 -0.514985 0 0.000157411
4 5.77839 0.000286102 0 -0.34504 0 0.00010335
5 2.23163 -0.000328064 -0.000365734 -0.169945 0 0
6 11.4725 0 0 -0.640999 0.233571 1.08962
7 0.615218 -0.993091 -0.810701 2.36101 0.0512842 -0.442576
8 2.24752 0 0 0.0870418 0.0754453 0.089868
9 1.11936 0 0 0.0868585 0.0464882 -0.110728
10 3.71348 -0.10264 0.102191 1.49829 0.896637 0.234767
11 1.72615 0 0 0.0263275 -0.0109868 -1.28727
12 1.21114 0 0 -0.000154038 0.000329098 -0.915737
13 3.59919 -1.06012 0.0708876 1.53395 0.161844 -0.0676456
14 1.66069 0 0 0.0207494 0.133061 -0.435014
15 1.167 0 0 -0.00198887 -0.0014968 -0.825194
16 2.18852 0.50104 0.0576591 1.41514 0.0471916 0.071991
17 1.29609 0 0 -0.0777687 0.18264 -1.0512
18 1.62202 0.000714302 -0.000471115 0.029409 -0.0272531 -1.25676
19 1.22241 0 0 0.0223414 -0.00802426 -0.76603
20 1.76707 1.27612 0.0366402 1.328 0.225255 0.0733779
21 1.55588 0 0 -0.142939 0.159067 -1.06546
22 1.24274 0 0 -0.000479175 0.000360565 -1.00946
23 0.784524 0 0 0.0101639 0.0127498 -0.61013
24 -2.4735 1.96366 -5.48939 -0.143291 0.3441 -1.97314
25 6.02794 0 0 1.15097 0.034692 0.690705
26 11.7344 0 0 0.00140275 0 1.02104
27 8.81167 0 0 1.96967 0 0
28 5.77884 0 0 1.31968 0 0
29 2.23249 0 0 0.64999 0 0
30 11.4725 0 0 1.91806 0.175084 -0.503223
31 0.615814 0.994372 -0.809165 2.90228 0.397795 0.455052
32 2.24752 0 0 -0.0977373 -0.0520997 0.0393428
33 1.11936 0 0 -0.110556 0.115636 -0.00773748
34 3.71349 0.102639 0.10219 -1.40911 0.58357 0.0965932
35 1.72615 0 0 -0.0184067 -0.000676686 1.51735
36 1.21112 0 0 0.0066726 0.00800525 -0.321301
37 3.5992 1.06012 0.070888 -1.52636 0.488083 0.139804
38 1.66069 0 0 0.0439293 0.0643109 0.822802
39 1.16699 0 0 0.0275332 0.0334932 0.32572
40 2.18853 -0.50104 0.0576591 -1.56816 0.138148 -0.161716
41 1.29609 0 0 0.0968893 -0.147774 0.669796
42 1.62202 -0.000715256 -0.000470161 -0.0204637 -0.0103196 1.57103
43 1.22241 0 0 0 0.00653305 -0.305207
44 1.76707 -1.27612 0.0366406 -1.36293 0.4626 -0.0448407
45 1.55587 0 0 -0.00955759 -0.0420002 0.976332
46 1.24273 0 0 0.000478977 0.000360687 1.0415
47 0.784531 0 0 -0.00138847 0.00235229 -0.396294
48 0 0 0 0 0 0
49 5.76397 2.5193 -7.96768 -0.75596 -1.55967 0.75731
50 5.83516 -20.0011 -3.75917 -3.13071 -0.793462 3.13522
51 5.7726 2.52746 -6.90049 -0.75596 -1.55967 0.75731
52 5.84302 -20.5721 -2.8815 -0.75596 -1.55967 0.75731
53 5.2799 -8.73892 -4.63441 -0.00763077 0.00809368 0.00132022
54 0.533295 -3.57396 -0.116835 0 0 0
55 -0.439463 -5.01739 0.910444 0 0 0
56 0 -2.26997 1.22871 0.0206798 0 0
57 0 -5.92124 1.78377 0 0 0
58 0 -2.12203 -0.0619297 0 0 0
59 -0.575 -1.69351 1.13699 0 0 0
60 0 -4.97525 -0.469842 0 0 0
61 0.694227 -1.89081 0.409988 -0.785398 0 0
time 8
0 5.11825 10.9692 -3.0277 -0.827033 0.693143 -1.04017
1 6.02794 0 0 -0.000603233 -0.0824575 -0.116646
2 11.7344 0 0 -0.00140278 0 -1.66962
3 8.81138 -0.000450134 -0.000112057 -0.515971 0 0.000157314
4 5.77839 0.000286102 0 -0.345701 0 0.000103147
5 2.23163 -0.000329971 -0.00036335 -0.17027 0 0
6 11.4725 0 0 -0.643842 0.231744 1.08778
7 0.615219 -0.993091 -0.8107 2.36101 0.0512842 -0.442576
8 2.24752 0 0 0.0870419 0.0754453 0.089868
9 1.11936 0 0 0.0868586 0.0464882 -0.110728
10 3.71348 -0.102641 0.102191 1.49829 0.896637 0.234767
11 1.72615 0 0 0.0263276 -0.0109868 -1.28727
12 1.21114 0 0 -0.000154052 0.000329058 -0.915737
13 3.59919 -1.06012 0.0708876 1.53395 0.161844 -0.0676456
14 1.66069 0 0 0.0207493 0.133061 -0.435014
15 1.167 0 0 -0.00198887 -0.00149679 -0.825194
16 2.18852 0.501039 0.0576591 1.41514 0.0471915 0.071991
17 1.29609 0 0 -0.0777687 0.18264 -1.0512
18 1.62202 0.000713348 -0.000471115 0.0294089 -0.0272532 -1.25676
19 1.22241 0 0 0.0223414 -0.00802416 -0.76603
20 1.76707 1.27612 0.0366411 1.328 0.225255 0.0733778
21 1.55588 0 0 -0.14294 0.159067 -1.06546
22 1.24273 0 0 -0.000479184 0.000360457 -1.00946
23 0.784524 0 0 0.0101639 0.0127499 -0.61013
24 -2.4735 1.96366 -5.48939 -0.143291 0.3441 -1.97314
25 6.02794 0 0 1.15156 0.0351586 0.690292
26 11.7344 0 0 0.00140274 0 1.02177
27 8.81167 0 0 1.9672 0 0
28 5.77884 0 0 1.31803 0 0
29 2.23249 0 0 0.649177 0 0
30 11.4725 0 0 1.91593 0.175856 -0.503229
31 0.615812 0.994372 -0.809165 2.90228 0.397795 0.455052
32 2.24752 0 0 -0.0977374 -0.0520997 0.0393427
33 1.11936 0 0 -0.110556 0.115636 -0.00773757
34 3.71348 0.10264 0.10219 -1.40911 0.58357 0.0965934
35 1.72615 0 0 -0.0184067 -0.000676564 1.51735
36 1.21112 0 0 0.00667266 0.0080051 -0.321301
37 3.5992 1.06012 0.070888 -1.52636 0.488082 0.139804
38 1.66069 0 0 0.0439292 0.064311 0.822802
39 1.16699 0 0 0.0275332 0.0334931 0.32572
40 2.18853 -0.50104 0.0576591 -1.56816 0.138147 -0.161716
41 1.29609 0 0 0.0968892 -0.147774 0.669796
42 1.62201 -0.000715256 -0.000469208 -0.0204637 -0.0103196 1.57103
43 1.22241 0 0 0 0.0065332 -0.305208
44 1.76707 -1.27612 0.0366402 -1.36293 0.4626 -0.0448406
45 1.55587 0 0 -0.00955749 -0.0420001 0.976332
46 1.24273 0 0 0.000478842 0.000360572 1.0415
47 0.784531 0 0 -0.00138844 0.00235246 -0.396294
48 0 0 0 0 0 0
49 5.74402 2.51555 -7.99872 -0.75056 -1.55792 0.752161
50 5.82641 -20 -3.76441 -3.12906 -0.794772 3.13429
51 5.75406 2.52493 -6.93155 -0.75056 -1.55792 0.752161
52 5.83556 -20.5699 -2.88609 -0.75056 -1.55792 0.752161
53 5.26717 -8.73895 -4.65186 -0.00877931 0.0094131 0.00156014
54 0.533295 -3.57396 -0.116835 0 0 0
55 -0.439464 -5.01739 0.910444 0 0 0
56 0 -2.26997 1.22871 0.0206798 0 0
57 0 -5.92124 1.78377 0 0 0
58 0 -2.12202 -0.0619302 0 0 0
59 -0.575001 -1.69351 1.13699 0 0 0
60 0 -4.97524 -0.469841 0 0 0
61 0.694226 -1.89081 0.409988 -0.785398 0 0
time 9
0 5.11825 10.9692 -3.0277 -0.827033 0.693143 -1.04017
1 6.02794 0 0 0.00109659 -0.0821756 -0.115658
2 11.7344 0 0 -0.00140272 0 -1.66991
3 8.81138 -0.000450134 -0.000112295 -0.516876 0 0.000158045
4 5.77839 0.000286102 0 -0.346307 0 0.000103699
5 2.23163 -0.000329971 -0.000364304 -0.170569 0 0
6 11.4725 0 0 -0.646389 0.230045 1.08601
7 0.615219 -0.993091 -0.8107 2.36101 0.0512843 -0.442576
8 2.24752 0 0 0.0870419 0.0754453 0.0898681
9 1.11936 0 0 0.0868585 0.0464882 -0.110728
10 3.71348 -0.102641 0.102191 1.49829 0.896637 0.234767
11 1.72615 0 0 0.0263276 -0.0109868 -1.28727
12 1.21114 0 0 -0.000154012 0.000328978 -0.915737
13 3.59919 -1.06012 0.0708876 1.53395 0.161844 -0.0676455
14 1.66069 0 0 0.0207494 0.133061 -0.435014
15 1.167 0 0 -0.0019889 -0.00149681 -0.825194
16 2.18853 0.501039 0.0576591 1.41514 0.0471915 0.071991
17 1.29609 0 0 -0.0777687 0.18264 -1.0512
18 1.62202 0.000713348 -0.000470638 0.0294089 -0.0272533 -1.25676
19 1.22241 0 0 0.0223414 -0.00802414 -0.76603
20 1.76707 1.27612 0.0366411 1.328 0.225255 0.0733779
21 1.55588 0 0 -0.142939 0.159067 -1.06546
22 1.24274 0 0 -0.000479239 0.000360495 -1.00946
23 0.784524 0 0 0.010164 0.0127498 -0.61013
24 -2.4735 1.96366 -5.48939 -0.143291 0.3441 -1.97314
25 6.02794 0 0 1.15191 0.0360305 0.689779
26 11.7344 0 0 0.00140281 0 1.02257
27 8.81167 0 0 1.96534 0 0
28 5.77884 0 0 1.31678 0 0
29 2.23249 0 0 0.648561 0 0
30 11.4725 0 0 1.91437 0.176413 -0.50295
31 0.615814 0.994372 -0.809166 2.90228 0.397795 0.455052
32 2.24752 0 0 -0.0977373 -0.0520997 0.0393429
33 1.11935 0 0 -0.110556 0.115636 -0.00773768
34 3.71349 0.10264 0.102191 -1.40911 0.58357 0.0965934
35 1.72615 0 0 -0.0184067 -0.000676785 1.51735
36 1.21112 0 0 0.0066726 0.00800509 -0.321301
37 3.5992 1.06012 0.070888 -1.52636 0.488082 0.139803
38 1.66069 0 0 0.0439292 0.064311 0.822802
39 1.16699 0 0 0.0275332 0.0334931 0.32572
40 2.18853 -0.50104 0.0576587 -1.56816 0.138147 -0.161716
41 1.29609 0 0 0.0968892 -0.147774 0.669796
42 1.62201 -0.000713348 -0.0004673 -0.0204638 -0.0103196 1.57103
43 1.22241 0 0 0 0.00653313 -0.305208
44 1.76707 -1.27612 0.0366406 -1.36293 0.4626 -0.0448407
45 1.55588 0 0 -0.00955775 -0.0420001 0.976332
46 1.24273 0 0 0.000479031 0.000360661 1.0415
47 0.784531 0 0 -0.0013884 0.00235229 -0.396294
48 0 0 0 0 0 0
49 5.727 2.51273 -8.0303 -0.743563 -1.5566 0.745379
50 5.8186 -19.9993 -3.77738 -3.12786 -0.795799 3.13365
51 5.73813 2.52301 -6.96316 -0.743563 -1.5566 0.745379
52 5.82879 -20.5685 -2.8986 -0.743563 -1.5566 0.745379
53 5.25602 -8.73909 -4.67361 -0.00960849 0.0104475 0.0017667
54 0.533295 -3.57396 -0.116835 0 0 0
55 -0.439464 -5.01739 0.910445 0 0 0
56 0 -2.26997 1.22871 0.0206798 0 0
57 0 -5.92124 1.78377 0 0 0
58 0 -2.12203 -0.0619292 0 0 0
59 -0.575001 -1.69351 1.13699 0 0 0
60 0 -4.97525 -0.469842 0 0 0
61 0.694227 -1.89081 0.409987 -0.785398 0 0
time 10
0 5.11825 10.9692 -3.0277 -0.827033 0.693143 -1.04017
1 6.02794 0 0 0.00274039 -0.0819026 -0.114509
2 11.7344 0 0 -0.0014029 0 -1.67023
3 8.81138 -0.000450134 -0.000112772 -0.517582 0 0.000157638
4 5.77839 0.000287056 0 -0.34678 0 0.000103514
5 2.23163 -0.000329018 -0.00036478 -0.170802 0 0
6 11.4725 0 0 -0.648437 0.228596 1.08451
7 0.61522 -0.993091 -0.8107 2.36101 0.0512842 -0.442576
8 2.24752 0 0 0.0870418 0.0754453 0.0898681
9 1.11936 0 0 0.0868586 0.0464882 -0.110728
10 3.71348 -0.102641 0.102191 1.49829 0.896638 0.234767
11 1.72615 0 0 0.0263275 -0.0109869 -1.28727
12 1.21114 0 0 -0.000154025 0.000329071 -0.915737
13 3.59919 -1.06012 0.0708876 1.53395 0.161844 -0.0676455
14 1.66069 0 0 0.0207494 0.133061 -0.435014
15 1.167 0 0 -0.00198892 -0.0014968 -0.825194
16 2.18853 0.501039 0.0576591 1.41514 0.0471916 0.071991
17 1.29609 0 0 -0.0777688 0.18264 -1.0512
18 1.62202 0.000713348 -0.000471115 0.029409 -0.0272531 -1.25676
19 1.22241 0 0 0.0223414 -0.00802423 -0.76603
20 1.76707 1.27612 0.0366402 1.328 0.225255 0.0733778
21 1.55588 0 0 -0.14294 0.159067 -1.06546
22 1.24273 0 0 -0.000479163 0.000360605 -1.00946
23 0.784523 0 0 0.0101639 0.0127498 -0.61013
24 -2.4735 1.96366 -5.48939 -0.143291 0.3441 -1.97314
25 6.02794 0 0 1.15203 0.0373062 0.689165
26 11.7344 0 0 0.00140258 0 1.02344
27 8.81167 0 0 1.96425 0 0
28 5.77884 0 0 1.31605 0 0
29 2.23249 0 0 0.648202 0 0
30 11.4725 0 0 1.91353 0.176739 -0.502437
31 0.61581 0.99437 -0.809165 2.90228 0.397795 0.455052
32 2.24752 0 0 -0.0977373 -0.0520997 0.0393429
33 1.11936 0 0 -0.110556 0.115636 -0.00773776
34 3.71348 0.102638 0.102191 -1.40911 0.58357 0.0965932
35 1.72615 0 0 -0.0184067 -0.000676571 1.51735
36 1.21112 0 0 0.00667256 0.00800494 -0.321301
37 3.5992 1.06011 0.070888 -1.52636 0.488082 0.139803
38 1.66069 0 0 0.0439292 0.0643109 0.822802
39 1.16699 0 0 0.0275331 0.0334931 0.32572
40 2.18853 -0.501042 0.0576591 -1.56816 0.138147 -0.161716
41 1.29609 0 0 0.0968892 -0.147774 0.669796
42 1.62202 -0.000713348 -0.000471115 -0.0204638 -0.0103197 1.57103
43 1.22241 0 0 0 0.00653326 -0.305208
44 1.76707 -1.27612 0.0366406 -1.36293 0.4626 -0.0448408
45 1.55587 0 0 -0.00955764 -0.0420001 0.976332
46 1.24273 0 0 0.000478914 0.000360577 1.0415
47 0.784531 0 0 -0.00138841 0.0023523 -0.396294
48 0 0 0 0 0 0
49 5.7135 2.51126 -8.05943 -0.734151 -1.55586 0.736131
50 5.81148 -19.999 -3.79757 -3.12728 -0.796436 3.1334
51 5.72532 2.52196 -6.9923 -0.734151 -1.55586 0.736131
52 5.82232 -20.5679 -2.91856 -0.734151 -1.55586 0.736131
53 5.2465 -8.73929 -4.69794 -0.010007 0.0110884 0.00192451
54 0.533295 -3.57396 -0.116835 0 0 0
55 -0.439464 -5.01739 0.910444 0 0 0
56 0 -2.26997 1.22871 0.0206798 0 0
57 0 -5.92124 1.78377 0 0 0
58 0 -2.12203 -0.0619297 0 0 0
59 -0.575001 -1.69351 1.13699 0 0 0
60 0 -4.97524 -0.469841 0 0 0
61 0.694227 -1.89081 0.409988 -0.785398 0 0
time 11
0 5.11825 10.9692 -3.0277 -0.827033 0.693143 -1.04017
1 6.02794 0 0 0.00424837 -0.081654 -0.113309
2 11.7344 0 0 -0.00140281 0 -1.67054
3 8.81138 -0.000449181 -0.000112534 -0.517979 0 0.000157517
4 5.77839 0.000287056 0 -0.347046 0 0.00010333
5 2.23163 -0.000329018 -0.000363827 -0.170933 0 0
6 11.4725 0 0 -0.649796 0.227522 1.08349
7 0.615219 -0.993091 -0.8107 2.36101 0.0512843 -0.442576
8 2.24752 0 0 0.0870419 0.0754453 0.0898681
9 1.11936 0 0 0.0868585 0.0464882 -0.110728
10 3.71348 -0.102641 0.102191 1.49829 0.896637 0.234767
11 1.72615 0 0 0.0263276 -0.0109868 -1.28727
12 1.21114 0 0 -0.000154039 0.000329031 -0.915737
13 3.59919 -1.06012 0.0708885 1.53395 0.161845 -0.0676455
14 1.66069 0 0 0.0207493 0.133061 -0.435014
15 1.167 0 0 -0.00198888 -0.00149678 -0.825194
16 2.18853 0.50104 0.0576591 1.41514 0.0471915 0.0719911
17 1.29609 0 0 -0.0777687 0.18264 -1.0512
18 1.62202 0.000713348 -0.000471592 0.0294089 -0.0272532 -1.25676
19 1.22241 0 0 0.0223414 -0.00802413 -0.76603
20 1.76707 1.27612 0.0366411 1.328 0.225255 0.0733779
21 1.55588 0 0 -0.14294 0.159067 -1.06546
22 1.24274 0 0 -0.000479213 0.00036051 -1.00946
23 0.784524 0 0 0.0101639 0.0127499 -0.61013
24 -2.4735 1.96366 -5.48939 -0.143291 0.3441 -1.97314
25 6.02794 0 0 1.15192 0.0389815 0.688447
26 11.7344 0 0 0.0014027 0 1.02441
27 8.81167 0 0 1.96411 0 0
28 5.77884 0 0 1.31595 0 0
29 2.23249 0 0 0.648157 0 0
30 11.4725 0 0 1.91354 0.176821 -0.501745
31 0.61581 0.994371 -0.809165 2.90228 0.397795 0.455052
32 2.24752 0 0 -0.0977373 -0.0520996 0.0393429
33 1.11936 0 0 -0.110556 0.115636 -0.00773763
34 3.71348 0.10264 0.102191 -1.40911 0.58357 0.0965931
35 1.72615 0 0 -0.0184066 -0.000676637 1.51735
36 1.21112 0 0 0.0066725 0.0080051 -0.321301
37 3.5992 1.06012 0.0708885 -1.52636 0.488083 0.139803
38 1.66069 0 0 0.0439293 0.0643108 0.822802
39 1.16699 0 0 0.0275332 0.0334932 0.32572
40 2.18853 -0.501041 0.0576591 -1.56816 0.138148 -0.161716
41 1.29609 0 0 0.0968893 -0.147774 0.669796
42 1.62201 -0.000713348 -0.000472069 -0.0204637 -0.0103197 1.57103
43 1.22241 0 0 0 0.00653319 -0.305208
44 1.76707 -1.27612 0.0366411 -1.36293 0.4626 -0.0448408
45 1.55588 0 0 -0.00955761 -0.0420002 0.976332
46 1.24273 0 0 0.000478848 0.000360581 1.0415
47 0.784533 0 0 -0.00138828 0.0023526 -0.396294
48 0 0 0 0 0 0
49 5.70412 2.51153 -8.08307 -0.720799 -1.55585 0.722873
50 5.80476 -19.9994 -3.82445 -3.12749 -0.796576 3.13364
51 5.71608 2.52208 -7.01594 -0.720799 -1.55585 0.722873
52 5.81578 -20.5683 -2.94553 -0.720799 -1.55585 0.722873
53 5.23862 -8.73955 -4.72313 -0.0098635 0.0112272 0.00201817
54 0.533295 -3.57396 -0.116835 0 0 0
55 -0.439464 -5.01739 0.910444 0 0 0
56 0 -2.26997 1.22871 0.0206798 0 0
57 0 -5.92124 1.78377 0 0 0
58 0 -2.12202 -0.0619292 0 0 0
59 -0.575001 -1.69351 1.13699 0 0 0
60 0 -4.97524 -0.469841 0 0 0
61 0.694227 -1.89081 0.409988 -0.785398 0 0
time 12
0 5.11825 10.9692 -3.0277 -0.827033 0.693143 -1.04017
1 6.02794 0 0 0.00553595 -0.0814437 -0.112168
2 11.7344 0 0 -0.00140279 0 -1.67084
3 8.81138 -0.000448227 -0.000112534 -0.51795 0 0.000157459
4 5.77839 0.000286102 0 -0.347026 0 0.000103285
5 2.23163 -0.000328064 -0.000363827 -0.170923 0 0
6 11.4725 0 0 -0.65027 0.226948 1.08318
7 0.615219 -0.993091 -0.810701 2.36101 0.0512842 -0.442576
8 2.24752 0 0 0.0870419 0.0754454 0.0898681
9 1.11936 0 0 0.0868585 0.0464882 -0.110728
10 3.71348 -0.102641 0.102191 1.49829 0.896637 0.234767
11 1.72615 0 0 0.0263276 -0.0109868 -1.28727
12 1.21114 0 0 -0.000153985 0.000329057 -0.915737
13 3.59919 -1.06012 0.0708876 1.53395 0.161844 -0.0676456
14 1.66069 0 0 0.0207493 0.133061 -0.435014
15 1.167 0 0 -0.00198887 -0.00149676 -0.825194
16 2.18853 0.501039 0.0576582 1.41514 0.0471916 0.071991
17 1.29609 0 0 -0.0777687 0.18264 -1.0512
18 1.62202 0.000714302 -0.000470638 0.029409 -0.0272531 -1.25676
19 1.22241 0 0 0.0223413 -0.00802421 -0.76603
20 1.76707 1.27612 0.0366402 1.328 0.225255 0.0733778
21 1.55588 0 0 -0.142939 0.159067 -1.06546
22 1.24274 0 0 -0.000479201 0.00036055 -1.00946
23 0.784524 0 0 0.0101639 0.0127498 -0.61013
24 -2.4735 1.96366 -5.48939 -0.143291 0.3441 -1.97314
25 6.02794 0 0 1.15158 0.041053 0.687625
26 11.7344 0 0 0.00140259 0 1.02551
27 8.81167 0 0 1.96511 0 0
28 5.77884 0 0 1.31662 0 0
29 2.23249 0 0 0.648485 0 0
30 11.4725 0 0 1.91456 0.176643 -0.500924
31 0.615812 0.994373 -0.809165 2.90228 0.397795 0.455052
32 2.24752 0 0 -0.0977373 -0.0520997 0.0393428
33 1.11936 0 0 -0.110556 0.115636 -0.00773765
34 3.71349 0.10264 0.10219 -1.40911 0.58357 0.0965933
35 1.72615 0 0 -0.0184067 -0.000676642 1.51735
36 1.21112 0 0 0.00667247 0.00800513 -0.321301
37 3.5992 1.06012 0.070888 -1.52636 0.488083 0.139804
38 1.66069 0 0 0.0439293 0.0643109 0.822802
39 1.16699 0 0 0.0275332 0.0334932 0.32572
40 2.18853 -0.50104 0.0576587 -1.56816 0.138147 -0.161716
41 1.29609 0 0 0.0968892 -0.147774 0.669796
42 1.62202 -0.000713348 -0.000471115 -0.0204639 -0.0103198 1.57103
43 1.22241 0 0 0 0.00653312 -0.305208
44 1.76707 -1.27612 0.0366402 -1.36293 0.4626 -0.0448407
45 1.55587 0 0 -0.00955761 -0.0420001 0.976332
46 1.24273 0 0 0.000478863 0.000360607 1.0415
47 0.784534 0 0 -0.00138831 0.00235242 -0.396294
48 0 0 0 0 0 0
49 5.69943 2.51393 -8.09823 -0.700396 -1.55673 0.702477
50 5.7982 -20.0004 -3.85752 -3.12863 -0.796112 3.13446
51 5.71089 2.52363 -7.03108 -0.700396 -1.55673 0.702477
52 5.8088 -20.57 -2.97905 -0.700396 -1.55673 0.702477
53 5.23241 -8.73982 -4.74748 -0.0090667 0.0107552 0.00203229
54 0.533295 -3.57396 -0.116835 0 0 0
55 -0.439464 -5.01739 0.910444 0 0 0
56 0 -2.26997 1.22871 0.0206798 0 0
57 0 -5.92124 1.78377 0 0 0
58 0 -2.12203 -0.0619297 0 0 0
59 -0.575001 -1.69351 1.13699 0 0 0
60 0 -4.97525 -0.469841 0 0 0
61 0.694226 -1.89081 0.409988 -0.785398 0 0
time 13
0 5.11825 10.9692 -3.0277 -0.827033 0.693143 -1.04017
1 6.02794 0 0 0.00652317 -0.0812858 -0.11119
2 11.7344 0 0 -0.0014028 0 -1.6711
3 8.81138 -0.000451088 -0.000112534 -0.517384 0 0.000156957
4 5.77839 0.000285149 0 -0.346647 0 0.000102921
5 2.23163 -0.000329971 -0.00036335 -0.170737 0 0
6 11.4725 0 0 -0.649668 0.226996 1.08376
7 0.615218 -0.993091 -0.810701 2.36101 0.0512842 -0.442576
8 2.24752 0 0 0.0870419 0.0754453 0.0898681
9 1.11936 0 0 0.0868585 0.0464882 -0.110728
10 3.71348 -0.102641 0.102191 1.49829 0.896637 0.234767
11 1.72615 0 0 0.0263276 -0.0109868 -1.28727
12 1.21114 0 0 -0.000154078 0.000329111 -0.915737
13 3.59919 -1.06012 0.0708876 1.53395 0.161845 -0.0676456
14 1.66069 0 0 0.0207494 0.133061 -0.435014
15 1.167 0 0 -0.00198892 -0.00149679 -0.825194
16 2.18852 0.501039 0.0576591 1.41514 0.0471916 0.071991
17 1.29609 0 0 -0.0777687 0.18264 -1.0512
18 1.62202 0.000713348 -0.000471115 0.029409 -0.0272532 -1.25676
19 1.22241 0 0 0.0223414 -0.00802426 -0.76603
20 1.76707 1.27612 0.0366402 1.328 0.225255 0.0733779
21 1.55588 0 0 -0.142939 0.159067 -1.06546
22 1.24274 0 0 -0.000479239 0.000360495 -1.00946
23 0.784523 0 0 0.0101639 0.0127498 -0.61013
24 -2.4735 1.96366 -5.48939 -0.143291 0.3441 -1.97314
25 6.02794 0 0 1.15101 0.0435139 0.686699
26 11.7344 0 0 0.00140262 0 1.02674
27 8.81167 0 0 1.96741 0 0
28 5.77884 0 0 1.31817 0 0
29 2.23249 0 0 0.649246 0 0
30 11.4725 0 0 1.91673 0.176191 -0.500026
31 0.615812 0.994372 -0.809165 2.90228 0.397795 0.455052
32 2.24752 0 0 -0.0977373 -0.0520997 0.0393429
33 1.11936 0 0 -0.110556 0.115636 -0.00773759
34 3.71349 0.102639 0.102191 -1.40911 0.58357 0.0965933
35 1.72615 0 0 -0.0184067 -0.000676627 1.51735
36 1.21112 0 0 0.00667259 0.00800513 -0.321301
37 3.5992 1.06012 0.070888 -1.52636 0.488083 0.139804
38 1.66069 0 0 0.0439292 0.0643109 0.822802
39 1.16699 0 0 0.0275332 0.0334932 0.32572
40 2.18853 -0.501041 0.0576591 -1.56816 0.138147 -0.161716
41 1.29609 0 0 0.0968891 -0.147774 0.669796
42 1.62202 -0.000713348 -0.0004673 -0.0204639 -0.0103199 1.57103
43 1.22241 0 0 0 0.0065332 -0.305208
44 1.76707 -1.27612 0.0366402 -1.36293 0.4626 -0.0448406
45 1.55587 0 0 -0.00955764 -0.042 0.976332
46 1.24273 0 0 0.000478826 0.000360542 1.0415
47 0.784531 0 0 -0.00138831 0.00235241 -0.396293
48 0 0 0 0 0 0
49 5.69999 2.51885 -8.10186 -0.66535 -1.55864 0.667338
50 5.79156 -20.0021 -3.89625 -3.13088 -0.794933 3.13597
51 5.71018 2.52688 -7.03469 -0.66535 -1.55864 0.667338
52 5.80106 -20.5731 -3.01866 -0.66535 -1.55864 0.667338
53 5.22791 -8.74009 -4.76928 -0.00750525 0.00956396 0.00195146
54 0.533295 -3.57396 -0.116835 0 0 0
55 -0.439464 -5.01739 0.910444 0 0 0
56 0 -2.26997 1.22871 0.0206798 0 0
57 0 -5.92124 1.78377 0 0 0
58 0 -2.12203 -0.0619297 0 0 0
59 -0.575001 -1.69351 1.13699 0 0 0
60 0 -4.97524 -0.469841 0 0 0
61 0.694227 -1.89081 0.409987 -0.785398 0 0
time 14
0 5.11825 10.9692 -3.0277 -0.827033 0.693143 -1.04017
1 6.02794 0 0 0.00712155 -0.0811896 -0.110489
2 11.7344 0 0 -0.00140285 0 -1.67131
3 8.81138 -0.000450134 -0.000112534 -0.516162 0 0.000157192
4 5.77839 0.000286102 0 -0.345829 0 0.000103103
5 2.23164 -0.000329971 -0.00036335 -0.170333 0 0
6 11.4725 0 0 -0.647786 0.227782 1.08548
7 0.615219 -0.993091 -0.8107 2.36101 0.0512841 -0.442576
8 2.24752 0 0 0.0870418 0.0754453 0.089868
9 1.11936 0 0 0.0868584 0.0464882 -0.110728
10 3.71348 -0.102642 0.10219 1.49829 0.896637 0.234767
11 1.72615 0 0 0.0263277 -0.0109867 -1.28727
12 1.21114 0 0 -0.000154012 0.000329044 -0.915737
13 3.59919 -1.06012 0.0708885 1.53395 0.161845 -0.0676454
14 1.66069 0 0 0.0207494 0.133061 -0.435014
15 1.167 0 0 -0.00198887 -0.0014968 -0.825194
16 2.18852 0.501039 0.0576582 1.41514 0.0471916 0.0719911
17 1.29609 0 0 -0.0777687 0.18264 -1.0512
18 1.62202 0.000713348 -0.000471592 0.029409 -0.0272531 -1.25676
19 1.22241 0 0 0.0223414 -0.00802419 -0.76603
20 1.76707 1.27612 0.0366402 1.328 0.225255 0.073378
21 1.55588 0 0 -0.14294 0.159067 -1.06546
22 1.24274 0 0 -0.000479227 0.000360536 -1.00946
23 0.784524 0 0 0.010164 0.0127498 -0.61013
24 -2.4735 1.96366 -5.48939 -0.143291 0.3441 -1.97314
25 6.02794 0 0 1.15021 0.0463591 0.68567
26 11.7344 0 0 0.00140262 0 1.02813
27 8.81167 0 0 1.97121 0 0
28 5.77884 0 0 1.32071 0 0
29 2.23249 0 0 0.6505 0 0
30 11.4725 0 0 1.9202 0.175448 -0.499101
31 0.615812 0.994371 -0.809165 2.90228 0.397795 0.455052
32 2.24752 0 0 -0.0977373 -0.0520997 0.0393429
33 1.11936 0 0 -0.110556 0.115636 -0.0077376
34 3.71348 0.102639 0.10219 -1.40911 0.58357 0.0965932
35 1.72615 0 0 -0.0184067 -0.000676645 1.51735
36 1.21112 0 0 0.00667249 0.00800503 -0.321301
37 3.5992 1.06012 0.070888 -1.52636 0.488082 0.139803
38 1.66069 0 0 0.0439292 0.0643108 0.822802
39 1.16699 0 0 0.0275332 0.0334932 0.32572
40 2.18853 -0.50104 0.0576587 -1.56816 0.138147 -0.161716
41 1.29609 0 0 0.0968892 -0.147774 0.669796
42 1.62202 -0.000711441 -0.000469208 -0.0204638 -0.0103197 1.57103
43 1.22241 0 0 0 0.00653314 -0.305208
44 1.76707 -1.27612 0.0366406 -1.36293 0.4626 -0.0448407
45 1.55587 0 0 -0.00955769 -0.0420002 0.976332
46 1.24273 0 0 0.000478935 0.000360613 1.0415
47 0.784531 0 0 -0.00138824 0.00235239 -0.396293
48 0 0 0 0 0 0
49 5.70629 2.52661 -8.09094 -0.591475 -1.56171 0.593253
50 5.78466 -20.0045 -3.94014 -3.13437 -0.79293 3.13825
51 5.71433 2.53204 -7.02373 -0.591475 -1.56171 0.593253
52 5.79228 -20.5777 -3.06393 -0.591475 -1.56171 0.593253
53 5.22514 -8.74032 -4.7868 -0.00506785 0.0075448 0.00176029
54 0.533295 -3.57396 -0.116835 0 0 0
55 -0.439464 -5.01739 0.910444 0 0 0
56 0 -2.26997 1.22871 0.0206798 0 0
57 0 -5.92124 1.78377 0 0 0
58 0 -2.12202 -0.0619297 0 0 0
59 -0.575 -1.69351 1.13699 0 0 0
60 0 -4.97524 -0.469842 0 0 0
61 0.694227 -1.89081 0.409987 -0.785398 0 0
time 15
0 5.11825 10.9692 -3.0277 -0.827033 0.693143 -1.04017
1 6.02794 0 0 0.00724811 -0.0811667 -0.110173
2 11.7344 0 0 -0.00140275 0 -1.67146
3 8.81138 -0.000450134 -0.000112534 -0.514175 0 0.00015693
4 5.77839 0.000287056 0 -0.344497 0 0.000102953
5 2.23164 -0.000329018 -0.00036335 -0.169678 0 0
6 11.4725 0 0 -0.644421 0.229416 1.08853
7 0.61522 -0.993091 -0.8107 2.36101 0.0512842 -0.442577
8 2.24752 0 0 0.0870418 0.0754453 0.0898681
9 1.11936 0 0 0.0868585 0.0464882 -0.110728
10 3.71348 -0.102641 0.102191 1.49829 0.896637 0.234767
11 1.72615 0 0 0.0263275 -0.0109868 -1.28727
12 1.21113 0 0 -0.000154012 0.000329111 -0.915737
13 3.59919 -1.06012 0.0708885 1.53395 0.161844 -0.0676457
14 1.66069 0 0 0.0207494 0.133061 -0.435014
15 1.167 0 0 -0.00198887 -0.00149679 -0.825194
16 2.18853 0.50104 0.0576591 1.41514 0.0471915 0.0719909
17 1.29609 0 0 -0.0777687 0.18264 -1.0512
18 1.62202 0.000714302 -0.000470638 0.029409 -0.0272531 -1.25676
19 1.22241 0 0 0.0223414 -0.00802423 -0.76603
20 1.76707 1.27612 0.0366411 1.328 0.225255 0.0733777
21 1.55588 0 0 -0.142939 0.159067 -1.06546
22 1.24274 0 0 -0.000479251 0.000360455 -1.00946
23 0.784524 0 0 0.0101639 0.0127499 -0.61013
24 -2.4735 1.96366 -5.48939 -0.143291 0.3441 -1.97314
25 6.02794 0 0 1.14918 0.0495804 0.684541
26 11.7344 0 0 0.00140267 0 1.02969
27 8.81167 0 0 1.97669 0 0
28 5.77884 0 0 1.32438 0 0
29 2.23249 0 0 0.652309 0 0
30 11.4725 0 0 1.92513 0.174399 -0.4982
31 0.615812 0.994373 -0.809165 2.90228 0.397795 0.455052
32 2.24752 0 0 -0.0977373 -0.0520997 0.0393429
33 1.11935 0 0 -0.110556 0.115636 -0.00773765
34 3.71348 0.10264 0.102191 -1.40911 0.58357 0.0965934
35 1.72615 0 0 -0.0184066 -0.000676624 1.51735
36 1.21112 0 0 0.00667264 0.00800502 -0.321301
37 3.5992 1.06012 0.070888 -1.52636 0.488083 0.139804
38 1.66069 0 0 0.0439294 0.0643108 0.822802
39 1.16699 0 0 0.0275333 0.0334932 0.32572
40 2.18853 -0.50104 0.0576587 -1.56816 0.138147 -0.161716
41 1.29609 0 0 0.0968892 -0.147774 0.669796
42 1.62202 -0.000713348 -0.000468254 -0.0204639 -0.0103197 1.57103
43 1.22241 0 0 0 0.00653313 -0.305208
44 1.76707 -1.27612 0.0366406 -1.36293 0.4626 -0.0448405
45 1.55587 0 0 -0.00955764 -0.042 0.976332
46 1.24273 0 0 0.000478816 0.000360526 1.0415
47 0.784533 0 0 -0.00138831 0.00235244 -0.396293
48 0 0 0 0 0 0
49 5.71877 2.53754 -8.06239 -0.343837 -1.56592 0.345284
50 5.7774 -20.0077 -3.98868 -3.13926 -0.789986 3.14139
51 5.72366 2.5393 -6.99515 -0.343837 -1.56592 0.345284
52 5.78224 -20.5839 -3.11442 -0.343837 -1.56592 0.345284
53 5.22412 -8.74049 -4.79835 -0.00164318 0.00458916 0.00144339
54 0.533294 -3.57396 -0.116835 0 0 0
55 -0.439462 -5.01739 0.910445 0 0 0
56 0 -2.26997 1.22871 0.0206798 0 0
57 0 -5.92124 1.78377 0 0 0
58 0 -2.12203 -0.0619292 0 0 0
59 -0.575 -1.69351 1.13699 0 0 0
60 0 -4.97524 -0.469841 0 0 0
61 0.694227 -1.89081 0.409988 -0.785398 0 0
time 16
0 5.11825 10.9692 -3.0277 -0.827033 0.693143 -1.04017
1 6.02794 0 0 0.00682472 -0.0812325 -0.110288
2 11.7344 0 0 -0.00140282 0 -1.67152
3 8.81138 -0.000450134 -0.00011301 -0.511543 0 0.000156753
4 5.77839 0.000286102 0 -0.342734 0 0.000102854
5 2.23163 -0.000329971 -0.000364304 -0.168809 0 0
6 11.4725 0 0 -0.639715 0.231837 1.09281
7 0.615219 -0.993091 -0.8107 2.36101 0.0512842 -0.442576
8 2.24752 0 0 0.0870418 0.0754453 0.0898682
9 1.11936 0 0 0.0868586 0.0464883 -0.110728
10 3.71348 -0.102641 0.102191 1.49829 0.896637 0.234767
11 1.72615 0 0 0.0263276 -0.0109868 -1.28727
12 1.21114 0 0 -0.000154025 0.000329071 -0.915737
13 3.59919 -1.06012 0.0708885 1.53395 0.161844 -0.0676454
14 1.66069 0 0 0.0207494 0.133061 -0.435014
15 1.167 0 0 -0.00198892 -0.0014968 -0.825194
16 2.18853 0.501039 0.0576591 1.41514 0.0471914 0.0719913
17 1.29609 0 0 -0.0777687 0.18264 -1.0512
18 1.62202 0.000713348 -0.000471115 0.029409 -0.0272532 -1.25676
19 1.22241 0 0 0.0223414 -0.00802425 -0.76603
20 1.76707 1.27612 0.0366411 1.328 0.225255 0.073378
21 1.55588 0 0 -0.14294 0.159067 -1.06546
22 1.24274 0 0 -0.000479149 0.000360579 -1.00946
23 0.784525 0 0 0.0101639 0.0127498 -0.61013
24 -2.4735 1.96366 -5.48939 -0.143291 0.3441 -1.97314
25 6.02794 0 0 1.14791 0.0529203 0.683419
26 11.7344 0 0 0.00140273 0 1.03125
27 8.81167 0 0 1.98357 0 0
28 5.77884 0 0 1.32899 0 0
29 2.23249 0 0 0.654579 0 0
30 11.4725 0 0 1.93126 0.173095 -0.497389
31 0.615814 0.994373 -0.809166 2.90228 0.397795 0.455052
32 2.24752 0 0 -0.0977374 -0.0520997 0.0393428
33 1.11936 0 0 -0.110556 0.115636 -0.00773758
34 3.71349 0.10264 0.10219 -1.40911 0.58357 0.0965932
35 1.72615 0 0 -0.0184066 -0.000676574 1.51735
36 1.21112 0 0 0.00667253 0.00800496 -0.321301
37 3.5992 1.06012 0.0708876 -1.52636 0.488083 0.139804
38 1.66069 0 0 0.0439292 0.064311 0.822802
39 1.16699 0 0 0.0275331 0.0334932 0.32572
40 2.18853 -0.50104 0.0576587 -1.56816 0.138147 -0.161716
41 1.29609 0 0 0.0968893 -0.147774 0.669796
42 1.62202 -0.000713348 -0.000470161 -0.0204638 -0.0103196 1.57103
43 1.2224 0 0 0 0.00653309 -0.305208
44 1.76707 -1.27612 0.0366397 -1.36293 0.4626 -0.0448408
45 1.55588 0 0 -0.00955759 -0.0420001 0.976332
46 1.24273 0 0 0.000478872 0.000360623 1.0415
47 0.784533 0 0 -0.00138835 0.0023523 -0.396294
48 0 0 0 0 0 0
49 5.73701 2.55091 -8.01679 1.24319 -1.56807 -1.24215
50 5.77106 -20.0114 -4.03833 3.13794 -0.786273 -3.13798
51 5.73795 2.54816 -6.94954 1.24319 -1.56807 -1.24215
52 5.77242 -20.5913 -3.16651 1.24319 -1.56807 -1.24215
53 5.22552 -8.7406 -4.80236 0.00258324 0.000878013 0.00102641
54 0.533294 -3.57396 -0.116835 0 0 0
55 -0.439464 -5.01739 0.910444 0 0 0
56 0 -2.26997 1.22871 0.0206798 0 0
57 0 -5.92124 1.78377 0 0 0
58 0 -2.12202 -0.0619292 0 0 0
59 -0.575001 -1.69351 1.13699 0 0 0
60 0 -4.97524 -0.469842 0 0 0
61 0.694227 -1.89081 0.409988 -0.785398 0 0
time 17
0 5.11825 10.9692 -3.0277 -0.827033 0.693143 -1.04017
1 6.02794 0 0 0.00586718 -0.0813841 -0.110778
2 11.7344 0 0 -0.0014027 0 -1.6715
3 8.81138 -0.000449181 -0.000111103 -0.508468 0 0.000157769
4 5.77839 0.000286102 0 -0.340674 0 0.000103623
5 2.23163 -0.000329018 -0.00036335 -0.167795 0 0
6 11.4725 0 0 -0.633966 0.234875 1.09803
7 0.615219 -0.993091 -0.8107 2.36101 0.0512842 -0.442576
8 2.24752 0 0 0.0870418 0.0754453 0.089868
9 1.11936 0 0 0.0868585 0.0464882 -0.110728
10 3.71348 -0.102641 0.102191 1.49829 0.896637 0.234767
11 1.72615 0 0 0.0263275 -0.0109868 -1.28727
12 1.21114 0 0 -0.000153985 0.000329124 -0.915737
13 3.59919 -1.06012 0.0708876 1.53395 0.161844 -0.0676455
14 1.66069 0 0 0.0207493 0.133061 -0.435014
15 1.167 0 0 -0.00198886 -0.00149678 -0.825194
16 2.18853 0.50104 0.0576582 1.41514 0.0471915 0.0719911
17 1.29609 0 0 -0.0777687 0.18264 -1.0512
18 1.62202 0.000712395 -0.000472069 0.029409 -0.0272532 -1.25676
19 1.22241 0 0 0.0223413 -0.00802418 -0.76603
20 1.76707 1.27612 0.0366402 1.328 0.225255 0.0733779
21 1.55587 0 0 -0.142939 0.159067 -1.06546
22 1.24273 0 0 -0.000479201 0.00036055 -1.00946
23 0.784524 0 0 0.0101639 0.0127499 -0.61013
24 -2.4735 1.96366 -5.48939 -0.143291 0.3441 -1.97314
25 6.02794 0 0 1.14645 0.0561674 0.682394
26 11.7344 0 0 0.00140276 0 1.03267
27 8.81167 0 0 1.99144 0 0
28 5.77884 0 0 1.33427 0 0
29 2.23249 0 0 0.657177 0 0
30 11.4725 0 0 1.93825 0.171597 -0.496679
31 0.61581 0.994372 -0.809165 2.90228 0.397795 0.455052
32 2.24752 0 0 -0.0977373 -0.0520997 0.0393429
33 1.11936 0 0 -0.110556 0.115636 -0.00773766
34 3.71348 0.102639 0.102191 -1.40911 0.58357 0.0965931
35 1.72615 0 0 -0.0184068 -0.000676596 1.51735
36 1.21112 0 0 0.00667255 0.00800499 -0.321301
37 3.5992 1.06011 0.070888 -1.52636 0.488083 0.139803
38 1.66069 0 0 0.0439293 0.0643106 0.822802
39 1.16699 0 0 0.0275332 0.0334931 0.32572
40 2.18853 -0.50104 0.0576591 -1.56816 0.138147 -0.161716
41 1.29609 0 0 0.0968893 -0.147774 0.669796
42 1.62202 -0.000713348 -0.000471115 -0.0204637 -0.0103196 1.57103
43 1.22241 0 0 0 0.00653321 -0.305208
44 1.76707 -1.27612 0.0366406 -1.36293 0.4626 -0.0448407
45 1.55587 0 0 -0.00955764 -0.0420002 0.976332
46 1.24273 0 0 0.000479061 0.000360713 1.0415
47 0.784531 0 0 -0.0013884 0.00235227 -0.396293
48 0 0 0 0 0 0
49 5.76007 2.56578 -7.95742 1.99673 -1.56272 -1.99618
50 5.76687 -20.0153 -4.08659 3.13123 -0.782036 -3.13372
51 5.75652 2.55793 -6.89021 1.99673 -1.56272 -1.99618
52 5.76429 -20.5993 -3.21754 1.99673 -1.56272 -1.99618
53 5.2298 -8.7407 -4.7991 0.00735165 -0.00333527 0.000545279
54 0.533294 -3.57396 -0.116835 0 0 0
55 -0.439463 -5.01739 0.910444 0 0 0
56 0 -2.26997 1.22871 0.0206798 0 0
57 0 -5.92124 1.78377 0 0 0
58 0 -2.12203 -0.0619302 0 0 0
59 -0.575 -1.69351 1.13699 0 0 0
60 0 -4.97525 -0.469842 0 0 0
61 0.694227 -1.89081 0.409987 -0.785398 0 0
time 18
0 5.11825 10.9692 -3.0277 -0.827033 0.693143 -1.04017
1 6.02794 0 0 0.00443383 -0.0816103 -0.111597
2 11.7344 0 0 -0.0014028 0 -1.67141
3 8.81138 -0.000451088 -0.000112057 -0.504975 0 0.000157172
4 5.77839 0.000287056 0 -0.338333 0 0.000103206
5 2.23164 -0.000329018 -0.00036335 -0.166642 0 0
6 11.4725 0 0 -0.627208 0.238465 1.10414
7 0.61522 -0.993092 -0.8107 2.36101 0.0512842 -0.442576
8 2.24752 0 0 0.0870419 0.0754452 0.0898681
9 1.11936 0 0 0.0868584 0.0464882 -0.110728
10 3.71348 -0.102641 0.102191 1.49829 0.896637 0.234767
11 1.72615 0 0 0.0263276 -0.0109869 -1.28727
12 1.21114 0 0 -0.000154025 0.000329071 -0.915737
13 3.59919 -1.06012 0.0708885 1.53395 0.161844 -0.0676456
14 1.66069 0 0 0.0207493 0.133061 -0.435014
15 1.167 0 0 -0.00198889 -0.00149679 -0.825194
16 2.18853 0.50104 0.0576601 1.41514 0.0471916 0.071991
17 1.29609 0 0 -0.0777687 0.18264 -1.0512
18 1.62202 0.000714302 -0.000471592 0.029409 -0.0272532 -1.25676
19 1.22241 0 0 0.0223413 -0.00802424 -0.76603
20 1.76707 1.27612 0.0366411 1.328 0.225255 0.0733778
21 1.55588 0 0 -0.14294 0.159067 -1.06546
22 1.24273 0 0 -0.000479123 0.000360593 -1.00946
23 0.784524 0 0 0.0101639 0.0127498 -0.61013
24 -2.4735 1.96366 -5.48939 -0.143291 0.3441 -1.97314
25 6.02794 0 0 1.14475 0.0595739 0.681354
26 11.7344 0 0 0.00140268 0 1.0344
27 8.81167 0 0 2.00036 0 0
28 5.77884 0 0 1.34024 0 0
29 2.23249 0 0 0.66012 0 0
30 11.4725 0 0 1.9461 0.169902 -0.496253
31 0.615814 0.994372 -0.809165 2.90228 0.397795 0.455052
32 2.24752 0 0 -0.0977373 -0.0520998 0.039343
33 1.11936 0 0 -0.110556 0.115636 -0.00773775
34 3.71349 0.102638 0.102191 -1.40911 0.58357 0.0965934
35 1.72615 0 0 -0.0184066 -0.000676601 1.51735
36 1.21112 0 0 0.00667252 0.00800503 -0.321301
37 3.5992 1.06012 0.070888 -1.52636 0.488083 0.139804
38 1.66069 0 0 0.0439292 0.0643109 0.822802
39 1.16699 0 0 0.0275332 0.033493 0.32572
40 2.18853 -0.501041 0.0576587 -1.56816 0.138147 -0.161716
41 1.29609 0 0 0.0968893 -0.147774 0.669796
42 1.62202 -0.000713348 -0.000470161 -0.0204637 -0.0103196 1.57103
43 1.22241 0 0 0 0.00653299 -0.305208
44 1.76707 -1.27612 0.0366411 -1.36293 0.4626 -0.0448407
45 1.55587 0 0 -0.00955766 -0.0420001 0.976332
46 1.24273 0 0 0.000478753 0.000360416 1.0415
47 0.784531 0 0 -0.00138838 0.00235249 -0.396293
48 0 0 0 0 0 0
49 5.7875 2.58204 -7.88528 2.13715 -1.55579 -2.1371
50 5.7647 -20.0192 -4.13448 3.12383 -0.777268 -3.12903
51 5.77891 2.56853 -6.81815 2.13715 -1.55579 -2.1371
52 5.75773 -20.6079 -3.26858 2.13715 -1.55579 -2.1371
53 5.23666 -8.74077 -4.78961 0.0126621 -0.00805069 0
54 0.533295 -3.57396 -0.116835 0 0 0
55 -0.439464 -5.01739 0.910445 0 0 0
56 0 -2.26997 1.22871 0.0206798 0 0
57 0 -5.92124 1.78377 0 0 0
58 0 -2.12203 -0.0619297 0 0 0
59 -0.575001 -1.69351 1.13699 0 0 0
60 0 -4.97524 -0.469841 0 0 0
61 0.694227 -1.89081 0.409988 -0.785398 0 0
time 19
0 5.11825 10.9692 -3.0277 -0.827033 0.693143 -1.04017
1 6.02794 0 0 0.00360766 -0.0817421 -0.111879
2 11.7344 0 0 -0.00140278 0 -1.6711
3 8.81138 -0.000449181 -0.000112057 -0.507055 0 0.000157754
4 5.77839 0.000287056 0 -0.339727 0 0.000103635
5 2.23163 -0.000329018 -0.000362873 -0.167328 0 0
6 11.4725 0 0 -0.629664 0.237606 1.10081
7 0.615219 -0.993091 -0.810699 2.36101 0.0512843 -0.442576
8 2.24752 0 0 0.0870418 0.0754453 0.089868
9 1.11936 0 0 0.0868585 0.0464882 -0.110728
10 3.71348 -0.102641 0.102192 1.49829 0.896637 0.234767
11 1.72615 0 0 0.0263276 -0.0109868 -1.28727
12 1.21114 0 0 -0.000154092 0.000329071 -0.915737
13 3.59919 -1.06012 0.0708885 1.53395 0.161845 -0.0676455
14 1.66069 0 0 0.0207493 0.133061 -0.435014
15 1.167 0 0 -0.00198887 -0.00149679 -0.825194
16 2.18853 0.50104 0.0576591 1.41514 0.0471916 0.0719911
17 1.29609 0 0 -0.0777687 0.18264 -1.0512
18 1.62202 0.000715256 -0.000471115 0.029409 -0.0272532 -1.25676
19 1.22241 0 0 0.0223414 -0.00802423 -0.76603
20 1.76707 1.27612 0.0366411 1.328 0.225255 0.0733778
21 1.55588 0 0 -0.142939 0.159067 -1.06546
22 1.24273 0 0 -0.000479158 0.000360472 -1.00946
23 0.784523 0 0 0.0101639 0.0127498 -0.61013
24 -2.4735 1.96366 -5.48939 -0.143291 0.3441 -1.97314
25 6.02794 0 0 1.14574 0.0558824 0.682749
26 11.7344 0 0 0.00140277 0 1.03212
27 8.81167 0 0 1.9952 0 0
28 5.77884 0 0 1.33678 0 0
29 2.23249 0 0 0.658415 0 0
30 11.4725 0 0 1.94149 0.170404 -0.496842
31 0.615812 0.994372 -0.809165 2.90228 0.397795 0.455052
32 2.24752 0 0 -0.0977373 -0.0520996 0.0393429
33 1.11936 0 0 -0.110556 0.115636 -0.0077376
34 3.71349 0.102639 0.10219 -1.40911 0.58357 0.0965934
35 1.72615 0 0 -0.0184066 -0.000676678 1.51735
36 1.21112 0 0 0.0066725 0.00800492 -0.321301
37 3.5992 1.06012 0.070888 -1.52636 0.488083 0.139804
38 1.66069 0 0 0.0439292 0.0643108 0.822802
39 1.16699 0 0 0.0275332 0.0334931 0.32572
40 2.18853 -0.50104 0.0576591 -1.56816 0.138147 -0.161716
41 1.29609 0 0 0.0968892 -0.147774 0.669796
42 1.62202 -0.000715256 -0.000469208 -0.0204638 -0.0103196 1.57103
43 1.22241 0 0 0 0.00653317 -0.305208
44 1.76707 -1.27612 0.0366402 -1.36293 0.4626 -0.0448405
45 1.55588 0 0 -0.00955764 -0.0420001 0.976332
46 1.24273 0 0 0.000478959 0.000360535 1.0415
47 0.784533 0 0 -0.00138842 0.00235237 -0.396294
48 0 0 0 0 0 0
49 5.78928 2.57119 -7.9111 2.10575 -1.56009 -2.10576
50 5.77489 -20.017 -4.08222 3.12864 -0.779899 -3.13247
51 5.78345 2.56137 -6.84391 2.10575 -1.56009 -2.10576
52 5.77013 -20.6026 -3.21427 2.10575 -1.56009 -2.10576
53 5.24581 -8.74082 -4.77493 0.00920852 -0.00545674 0
54 0.533294 -3.57396 -0.116835 0 0 0
55 -0.439463 -5.01739 0.910445 0 0 0
56 0 -2.26997 1.22871 0.0206798 0 0
57 0 -5.92123 1.78377 0 0 0
58 0 -2.12203 -0.0619292 0 0 0
59 -0.575001 -1.69351 1.13699 0 0 0
60 0 -4.97524 -0.469841 0 0 0
61 0.694227 -1.89081 0.409988 -0.785398 0 0
time 20
0 5.11825 10.9692 -3.0277 -0.827033 0.693143 -1.04017
1 6.02794 0 0 0.00244247 -0.0819278 -0.112365
2 11.7344 0 0 -0.00140286 0 -1.67076
3 8.81138 -0.000450134 -0.000111818 -0.508791 0 0.000157382
4 5.77839 0.000286102 0 -0.34089 0 0.000103386
5 2.23163 -0.000329971 -0.000363827 -0.167901 0 0
6 11.4725 0 0 -0.631426 0.237148 1.09816
7 0.615219 -0.993091 -0.8107 2.36101 0.0512843 -0.442576
8 2.24752 0 0 0.0870419 0.0754454 0.0898682
9 1.11936 0 0 0.0868585 0.0464882 -0.110728
10 3.71348 -0.102641 0.102191 1.49829 0.896637 0.234767
11 1.72615 0 0 0.0263276 -0.0109868 -1.28727
12 1.21114 0 0 -0.000154026 0.000329004 -0.915737
13 3.59919 -1.06012 0.0708885 1.53395 0.161844 -0.0676455
14 1.66069 0 0 0.0207494 0.133061 -0.435014
15 1.167 0 0 -0.00198887 -0.00149679 -0.825194
16 2.18852 0.50104 0.0576591 1.41514 0.0471914 0.0719911
17 1.29609 0 0 -0.0777687 0.18264 -1.0512
18 1.62202 0.000713348 -0.000471115 0.029409 -0.0272532 -1.25676
19 1.22241 0 0 0.0223414 -0.00802427 -0.76603
20 1.76707 1.27612 0.0366411 1.328 0.225255 0.0733778
21 1.55588 0 0 -0.142939 0.159067 -1.06546
22 1.24273 0 0 -0.00047925 0.000360455 -1.00946
23 0.784524 0 0 0.0101639 0.0127498 -0.61013
24 -2.4735 1.96366 -5.48939 -0.143291 0.3441 -1.97314
25 6.02794 0 0 1.14652 0.0523755 0.684118
26 11.7344 0 0 0.00140264 0 1.03013
27 8.81167 0 0 1.99085 0 0
28 5.77884 0 0 1.33387 0 0
29 2.23249 0 0 0.656979 0 0
30 11.4725 0 0 1.93754 0.170781 -0.497651
31 0.615812 0.994372 -0.809165 2.90228 0.397795 0.455052
32 2.24752 0 0 -0.0977373 -0.0520997 0.0393429
33 1.11936 0 0 -0.110556 0.115636 -0.00773776
34 3.71349 0.10264 0.102191 -1.40911 0.58357 0.0965935
35 1.72615 0 0 -0.0184067 -0.000676617 1.51735
36 1.21112 0 0 0.00667258 0.00800501 -0.321301
37 3.5992 1.06012 0.0708885 -1.52636 0.488083 0.139804
38 1.66069 0 0 0.0439292 0.0643108 0.822802
39 1.16699 0 0 0.0275332 0.0334931 0.32572
40 2.18853 -0.50104 0.0576591 -1.56816 0.138147 -0.161716
41 1.29609 0 0 0.0968892 -0.147774 0.669796
42 1.62202 -0.000713348 -0.000468254 -0.0204638 -0.0103196 1.57103
43 1.22241 0 0 0 0.00653303 -0.305208
44 1.76707 -1.27612 0.0366411 -1.36293 0.4626 -0.0448406
45 1.55588 0 0 -0.00955765 -0.0420002 0.976332
46 1.24273 0 0 0.000478922 0.00036059 1.0415
47 0.784533 0 0 -0.00138836 0.00235235 -0.396294
48 0 0 0 0 0 0
49 5.79386 2.56162 -7.92759 2.04944 -1.56382 -2.0495
50 5.78713 -20.0149 -4.03055 3.13286 -0.782166 -3.13549
51 5.79043 2.55501 -6.86036 2.04944 -1.56382 -2.0495
52 5.78429 -20.5979 -3.16082 2.04944 -1.56382 -2.0495
53 5.25696 -8.74085 -4.75608 0.00619105 -0.00321244 0
54 0.533295 -3.57396 -0.116835 0 0 0
55 -0.439463 -5.01739 0.910444 0 0 0
56 0 -2.26997 1.22871 0.0206798 0 0
57 0 -5.92124 1.78377 0 0 0
58 0 -2.12202 -0.0619297 0 0 0
59 -0.575001 -1.69351 1.13699 0 0 0
60 0 -4.97524 -0.469842 0 0 0
61 0.694227 -1.89081 0.409987 -0.785398 0 0
time 21
0 5.11825 10.9692 -3.0277 -0.827033 0.693143 -1.04017
1 6.02794 0 0 0.000998551 -0.0821586 -0.113006
2 11.7344 0 0 -0.00140282 0 -1.67039
3 8.81138 -0.000449181 -0.000112057 -0.510197 0 0.000157542
4 5.77839 0.000286102 0 -0.341832 0 0.000103442
5 2.23163 -0.000329018 -0.000363827 -0.168365 0 0
6 11.4725 0 0 -0.632546 0.237057 1.09615
7 0.615219 -0.993091 -0.8107 2.36101 0.0512842 -0.442576
8 2.24752 0 0 0.0870418 0.0754454 0.0898681
9 1.11936 0 0 0.0868586 0.0464881 -0.110728
10 3.71348 -0.102641 0.102191 1.49829 0.896637 0.234767
11 1.72615 0 0 0.0263276 -0.0109868 -1.28727
12 1.21114 0 0 -0.000154052 0.000329058 -0.915737
13 3.59919 -1.06012 0.0708885 1.53395 0.161844 -0.0676456
14 1.66069 0 0 0.0207493 0.133061 -0.435014
15 1.167 0 0 -0.00198886 -0.00149679 -0.825194
16 2.18852 0.501039 0.0576591 1.41514 0.0471915 0.071991
17 1.29609 0 0 -0.0777687 0.18264 -1.0512
18 1.62202 0.000713348 -0.000471115 0.029409 -0.0272532 -1.25676
19 1.22241 0 0 0.0223414 -0.0080242 -0.76603
20 1.76707 1.27612 0.0366411 1.328 0.225255 0.0733778
21 1.55588 0 0 -0.142939 0.159067 -1.06546
22 1.24274 0 0 -0.000479189 0.000360591 -1.00946
23 0.784523 0 0 0.010164 0.0127499 -0.61013
24 -2.4735 1.96366 -5.48939 -0.143291 0.3441 -1.97314
25 6.02794 0 0 1.14708 0.0489302 0.685517
26 11.7344 0 0 0.00140273 0 1.02805
27 8.81167 0 0 1.98726 0 0
28 5.77884 0 0 1.33146 0 0
29 2.23249 0 0 0.655794 0 0
30 11.4725 0 0 1.93427 0.171032 -0.498431
31 0.615812 0.994372 -0.809165 2.90228 0.397795 0.455052
32 2.24752 0 0 -0.0977373 -0.0520997 0.0393427
33 1.11936 0 0 -0.110556 0.115636 -0.00773762
34 3.71348 0.102639 0.102191 -1.40911 0.58357 0.0965933
35 1.72615 0 0 -0.0184067 -0.000676549 1.51735
36 1.21112 0 0 0.00667258 0.00800499 -0.321301
37 3.5992 1.06012 0.070888 -1.52636 0.488083 0.139804
38 1.6607 0 0 0.0439293 0.064311 0.822802
39 1.16699 0 0 0.0275333 0.0334932 0.32572
40 2.18853 -0.50104 0.0576587 -1.56816 0.138148 -0.161716
41 1.29609 0 0 0.0968893 -0.147774 0.669796
42 1.62202 -0.000713348 -0.000470161 -0.0204637 -0.0103197 1.57103
43 1.22241 0 0 0 0.00653312 -0.305208
44 1.76707 -1.27612 0.0366402 -1.36293 0.4626 -0.0448406
45 1.55587 0 0 -0.0095576 -0.0420001 0.976332
46 1.24273 0 0 0.000478778 0.000360699 1.0415
47 0.784533 0 0 -0.00138832 0.00235247 -0.396293
48 0 0 0 0 0 0
49 5.80103 2.55336 -7.93579 1.92086 -1.56695 -1.92095
50 5.80104 -20.013 -3.98048 3.13649 -0.784074 -3.13808
51 5.79963 2.54951 -6.86855 1.92086 -1.56695 -1.92095
52 5.79984 -20.5938 -3.10925 1.92086 -1.56695 -1.92095
53 5.26983 -8.74087 -4.73411 0.00360964 -0.00131779 0
54 0.533294 -3.57396 -0.116835 0 0 0
55 -0.439463 -5.01739 0.910445 0 0 0
56 0 -2.26997 1.22871 0.0206798 0 0
57 0 -5.92124 1.78377 0 0 0
58 0 -2.12202 -0.0619297 0 0 0
59 -0.575001 -1.69351 1.13699 0 0 0
60 0 -4.97525 -0.469841 0 0 0
61 0.694227 -1.89081 0.409988 -0.785398 0 0
time 22
0 5.11825 10.9692 -3.0277 -0.827033 0.693143 -1.04017
1 6.02794 0 0 -0.000661463 -0.0824283 -0.113752
2 11.7344 0 0 -0.00140281 0 -1.67002
3 8.81138 -0.000450134 -0.000112295 -0.51129 0 0.00015645
4 5.77839 0.000287056 0 -0.342565 0 0.000102597
5 2.23163 -0.000329971 -0.000364304 -0.168726 0 0
6 11.4725 0 0 -0.633081 0.237296 1.09471
7 0.615219 -0.993091 -0.810699 2.36101 0.0512842 -0.442576
8 2.24752 0 0 0.0870419 0.0754454 0.089868
9 1.11936 0 0 0.0868585 0.0464881 -0.110728
10 3.71348 -0.102641 0.102191 1.49829 0.896638 0.234767
11 1.72615 0 0 0.0263276 -0.0109868 -1.28727
12 1.21114 0 0 -0.000154012 0.000329044 -0.915737
13 3.59919 -1.06012 0.0708876 1.53395 0.161845 -0.0676456
14 1.66069 0 0 0.0207494 0.133061 -0.435014
15 1.167 0 0 -0.00198889 -0.00149678 -0.825194
16 2.18852 0.50104 0.0576591 1.41514 0.0471915 0.0719911
17 1.29609 0 0 -0.0777687 0.18264 -1.0512
18 1.62202 0.000715256 -0.000470638 0.029409 -0.0272532 -1.25676
19 1.22241 0 0 0.0223414 -0.00802422 -0.76603
20 1.76707 1.27612 0.0366411 1.328 0.225255 0.0733778
21 1.55588 0 0 -0.14294 0.159067 -1.06546
22 1.24273 0 0 -0.000479213 0.00036051 -1.00946
23 0.784523 0 0 0.010164 0.0127499 -0.61013
24 -2.4735 1.96366 -5.48939 -0.143291 0.3441 -1.97314
25 6.02794 0 0 1.14745 0.0456145 0.686917
26 11.7344 0 0 0.00140263 0 1.02591
27 8.81167 0 0 1.98441 0 0
28 5.77884 0 0 1.32956 0 0
29 2.23249 0 0 0.654856 0 0
30 11.4725 0 0 1.93166 0.171157 -0.499152
31 0.615814 0.994374 -0.809165 2.90228 0.397795 0.455052
32 2.24752 0 0 -0.0977373 -0.0520997 0.0393428
33 1.11935 0 0 -0.110556 0.115636 -0.00773751
34 3.71348 0.102641 0.10219 -1.40911 0.58357 0.0965933
35 1.72615 0 0 -0.0184066 -0.000676587 1.51735
36 1.21112 0 0 0.00667258 0.00800503 -0.321301
37 3.5992 1.06012 0.0708885 -1.52636 0.488083 0.139804
38 1.66069 0 0 0.0439293 0.064311 0.822802
39 1.16699 0 0 0.0275331 0.0334931 0.32572
40 2.18853 -0.50104 0.0576591 -1.56816 0.138147 -0.161716
41 1.29609 0 0 0.0968892 -0.147774 0.669796
42 1.62202 -0.000715256 -0.000470161 -0.0204637 -0.0103198 1.57103
43 1.22241 0 0 0 0.0065332 -0.305208
44 1.76707 -1.27612 0.0366406 -1.36293 0.4626 -0.0448404
45 1.55587 0 0 -0.00955764 -0.0420001 0.976332
46 1.24273 0 0 0.00047889 0.000360535 1.0415
47 0.784533 0 0 -0.00138849 0.0023524 -0.396294
48 0 0 0 0 0 0
49 5.81056 2.54646 -7.93676 1.4169 -1.56931 -1.41698
50 5.8163 -20.0114 -3.93306 3.13952 -0.785624 -3.14024
51 5.81081 2.5449 -6.86951 1.4169 -1.56931 -1.41698
52 5.81643 -20.5903 -3.06058 1.4169 -1.56931 -1.41698
53 5.28411 -8.74087 -4.71004 0.00146431 0.000227219 -0.000114045
54 0.533295 -3.57396 -0.116835 0 0 0
55 -0.439464 -5.01739 0.910445 0 0 0
56 0 -2.26997 1.22871 0.0206798 0 0
57 0 -5.92124 1.78377 0 0 0
58 0 -2.12202 -0.0619287 0 0 0
59 -0.575001 -1.69351 1.13699 0 0 0
60 0 -4.97524 -0.469841 0 0 0
61 0.694227 -1.89081 0.409988 -0.785398 0 0
time 23
0 5.11825 10.9692 -3.0277 -0.827033 0.693143 -1.04017
1 6.02794 0 0 -0.00249761 -0.0827313 -0.114569
2 11.7344 0 0 -0.00140288 0 -1.66964
3 8.81138 -0.000450134 -0.00011158 -0.511968 0 0.000157783
4 5.77839 0.000286102 0 -0.343018 0 0.000103548
5 2.23163 -0.000329018 -0.00036335 -0.168949 0 0
6 11.4725 0 0 -0.632886 0.237918 1.094
7 0.615219 -0.993091 -0.8107 2.36101 0.0512843 -0.442576
8 2.24752 0 0 0.087042 0.0754454 0.0898682
9 1.11936 0 0 0.0868585 0.0464881 -0.110728
10 3.71348 -0.102641 0.102191 1.49829 0.896637 0.234767
11 1.72615 0 0 0.0263276 -0.0109869 -1.28727
12 1.21114 0 0 -0.000153998 0.000329084 -0.915737
13 3.59919 -1.06012 0.0708876 1.53395 0.161845 -0.0676456
14 1.66069 0 0 0.0207493 0.133061 -0.435014
15 1.167 0 0 -0.00198889 -0.00149678 -0.825194
16 2.18853 0.501039 0.0576591 1.41514 0.0471915 0.0719911
17 1.29609 0 0 -0.0777687 0.18264 -1.0512
18 1.62202 0.000714302 -0.000471592 0.029409 -0.0272532 -1.25676
19 1.22241 0 0 0.0223414 -0.00802417 -0.76603
20 1.76707 1.27612 0.0366402 1.328 0.225255 0.0733779
21 1.55588 0 0 -0.142939 0.159067 -1.06546
22 1.24273 0 0 -0.000479262 0.000360414 -1.00946
23 0.784525 0 0 0.0101639 0.0127498 -0.61013
24 -2.4735 1.96366 -5.48939 -0.143291 0.3441 -1.97314
25 6.02794 0 0 1.14755 0.0426292 0.688248
26 11.7344 0 0 0.00140275 0 1.02382
27 8.81167 0 0 1.9826 0 0
28 5.77884 0 0 1.32834 0 0
29 2.23249 0 0 0.654258 0 0
30 11.4725 0 0 1.92997 0.171115 -0.499755
31 0.615812 0.994373 -0.809165 2.90228 0.397795 0.455052
32 2.24751 0 0 -0.0977374 -0.0520997 0.0393429
33 1.11936 0 0 -0.110556 0.115636 -0.0077376
34 3.71349 0.102638 0.10219 -1.40911 0.58357 0.0965932
35 1.72615 0 0 -0.0184067 -0.000676659 1.51735
36 1.21112 0 0 0.0066725 0.00800512 -0.321301
37 3.5992 1.06012 0.070888 -1.52636 0.488082 0.139803
38 1.66069 0 0 0.0439293 0.0643108 0.822802
39 1.16699 0 0 0.0275333 0.0334931 0.32572
40 2.18853 -0.50104 0.0576591 -1.56816 0.138147 -0.161716
41 1.29609 0 0 0.0968892 -0.147774 0.669796
42 1.62201 -0.000713348 -0.000470161 -0.0204637 -0.0103196 1.57103
43 1.22241 0 0 0 0.00653308 -0.305208
44 1.76707 -1.27612 0.0366402 -1.36293 0.4626 -0.0448407
45 1.55587 0 0 -0.00955757 -0.0420001 0.976332
46 1.24273 0 0 0.00047897 0.000360554 1.0415
47 0.784533 0 0 -0.00138846 0.00235227 -0.396294
48 0 0 0 0 0 0
49 5.82269 2.54154 -7.92936 -0.0446396 -1.56952 0.0445147
50 5.83243 -20.0102 -3.89135 -3.14151 -0.786674 3.14141
51 5.82405 2.5416 -6.86211 -0.0446396 -1.56952 0.0445147
52 5.83347 -20.5878 -3.018 -0.0446396 -1.56952 0.0445147
53 5.29952 -8.74086 -4.68492 0 0.00127582 -0.000124737
54 0.533294 -3.57396 -0.116835 0 0 0
55 -0.439463 -5.01739 0.910445 0 0 0
56 0 -2.26997 1.22871 0.0206798 0 0
57 0 -5.92124 1.78377 0 0 0
58 0 -2.12202 -0.0619297 0 0 0
59 -0.575001 -1.69351 1.13699 0 0 0
60 0 -4.97525 -0.469841 0 0 0
61 0.694227 -1.89081 0.409988 -0.785398 0 0
time 24
0 5.11825 10.9692 -3.0277 -0.827033 0.693143 -1.04017
1 6.02794 0 0 -0.00446222 -0.0830554 -0.115412
2 11.7344 0 0 -0.00140282 0 -1.66929
3 8.81138 -0.000450134 -0.000112057 -0.512187 0 0.000158214
4 5.77839 0.000286102 0 -0.343166 0 0.000103907
5 2.23163 -0.000329971 -0.000364304 -0.169022 0 0
6 11.4725 0 0 -0.631923 0.238924 1.09408
7 0.615218 -0.993091 -0.810701 2.36101 0.0512841 -0.442576
8 2.24752 0 0 0.0870418 0.0754453 0.089868
9 1.11936 0 0 0.0868585 0.0464882 -0.110728
10 3.71348 -0.102641 0.10219 1.49829 0.896638 0.234767
11 1.72615 0 0 0.0263276 -0.0109868 -1.28727
12 1.21114 0 0 -0.000154038 0.000329098 -0.915737
13 3.59919 -1.06012 0.0708876 1.53395 0.161845 -0.0676455
14 1.66069 0 0 0.0207493 0.133061 -0.435014
15 1.167 0 0 -0.00198887 -0.0014968 -0.825194
16 2.18852 0.50104 0.0576582 1.41514 0.0471916 0.0719911
17 1.29609 0 0 -0.0777688 0.18264 -1.0512
18 1.62202 0.000713348 -0.000471115 0.029409 -0.0272531 -1.25676
19 1.22241 0 0 0.0223414 -0.00802426 -0.76603
20 1.76707 1.27612 0.0366402 1.328 0.225255 0.0733778
21 1.55588 0 0 -0.142939 0.159067 -1.06546
22 1.24273 0 0 -0.000479172 0.000360498 -1.00946
23 0.784524 0 0 0.0101639 0.0127498 -0.61013
24 -2.4735 1.96366 -5.48939 -0.143291 0.3441 -1.97314
25 6.02794 0 0 1.14738 0.0401015 0.689462
26 11.7344 0 0 0.00140262 0 1.02185
27 8.81167 0 0 1.98194 0 0
28 5.77884 0 0 1.3279 0 0
29 2.23249 0 0 0.654041 0 0
30 11.4725 0 0 1.92931 0.170889 -0.500202
31 0.615812 0.994372 -0.809165 2.90228 0.397795 0.455052
32 2.24752 0 0 -0.0977373 -0.0520997 0.0393429
33 1.11936 0 0 -0.110556 0.115636 -0.0077376
34 3.71349 0.102639 0.10219 -1.40911 0.58357 0.0965935
35 1.72615 0 0 -0.0184066 -0.000676414 1.51735
36 1.21112 0 0 0.00667263 0.00800506 -0.321301
37 3.5992 1.06012 0.070888 -1.52636 0.488082 0.139804
38 1.66069 0 0 0.0439292 0.0643108 0.822802
39 1.16699 0 0 0.0275332 0.0334931 0.32572
40 2.18853 -0.50104 0.0576587 -1.56816 0.138147 -0.161716
41 1.29609 0 0 0.0968893 -0.147774 0.669796
42 1.62202 -0.000715256 -0.000469208 -0.0204638 -0.0103197 1.57103
43 1.22241 0 0 0 0.00653308 -0.305208
44 1.76707 -1.27612 0.0366402 -1.36293 0.4626 -0.0448406
45 1.55587 0 0 -0.00955768 -0.0420001 0.976332
46 1.24273 0 0 0.000479024 0.000360648 1.0415
47 0.784531 0 0 -0.00138836 0.00235239 -0.396294
48 0 0 0 0 0 0
49 5.83738 2.53892 -7.91368 -0.459601 -1.56883 0.459472
50 5.84904 -20.0095 -3.85727 -3.14036 -0.787163 3.14059
51 5.83926 2.53985 -6.84643 -0.459601 -1.56883 0.459472
52 5.85051 -20.5864 -2.98344 -0.459601 -1.56883 0.459472
53 5.31578 -8.74083 -4.65978 -0.000873657 0.00176512 -0.000128301
54 0.533296 -3.57396 -0.116834 0 0 0
55 -0.439465 -5.01739 0.910444 0 0 0
56 0 -2.26997 1.22871 0.0206798 0 0
57 0 -5.92124 1.78377 0 0 0
58 0 -2.12202 -0.0619297 0 0 0
59 -0.575001 -1.69351 1.13699 0 0 0
60 0 -4.97524 -0.469842 0 0 0
61 0.694227 -1.89081 0.409987 -0.785398 0 0
time 25
0 5.11825 10.9692 -3.0277 -0.827033 0.693143 -1.04017
1 6.02794 0 0 -0.00647873 -0.0833906 -0.11622
2 11.7344 0 0 -0.00140287 0 -1.66897
3 8.81138 -0.000449181 -0.000112057 -0.512073 0 0.000157109
4 5.77839 0.000287056 0 -0.343089 0 0.000103271
5 2.23163 -0.000329018 -0.000363827 -0.168984 0 0
6 11.4725 0 0 -0.630405 0.24019 1.0947
7 0.615219 -0.993091 -0.8107 2.36101 0.0512841 -0.442576
8 2.24752 0 0 0.0870419 0.0754454 0.0898681
9 1.11936 0 0 0.0868585 0.0464881 -0.110728
10 3.71348 -0.102641 0.102191 1.49829 0.896637 0.234767
11 1.72615 0 0 0.0263275 -0.0109868 -1.28727
12 1.21114 0 0 -0.000154012 0.000329111 -0.915737
13 3.59919 -1.06012 0.0708876 1.53395 0.161844 -0.0676455
14 1.66069 0 0 0.0207494 0.133061 -0.435014
15 1.167 0 0 -0.00198889 -0.00149679 -0.825194
16 2.18853 0.501039 0.0576591 1.41514 0.0471915 0.0719911
17 1.29609 0 0 -0.0777687 0.18264 -1.0512
18 1.62202 0.000714302 -0.000471115 0.029409 -0.0272532 -1.25676
19 1.22241 0 0 0.0223414 -0.0080242 -0.76603
20 1.76707 1.27612 0.0366402 1.328 0.225255 0.0733779
21 1.55588 0 0 -0.142939 0.159067 -1.06546
22 1.24273 0 0 -0.000479329 0.000360412 -1.00946
23 0.784524 0 0 0.010164 0.0127498 -0.61013
24 -2.4735 1.96366 -5.48939 -0.143291 0.3441 -1.97314
25 6.02794 0 0 1.14697 0.0379847 0.690566
26 11.7344 0 0 0.00140276 0 1.02
27 8.81166 0 0 1.98217 0 0
28 5.77884 0 0 1.32806 0 0
29 2.23249 0 0 0.654117 0 0
30 11.4725 0 0 1.92946 0.170511 -0.50049
31 0.615814 0.994371 -0.809165 2.90228 0.397795 0.455052
32 2.24752 0 0 -0.0977373 -0.0520997 0.0393428
33 1.11935 0 0 -0.110556 0.115636 -0.00773772
34 3.71349 0.102638 0.10219 -1.40911 0.58357 0.0965933
35 1.72615 0 0 -0.0184067 -0.000676639 1.51735
36 1.21112 0 0 0.00667256 0.00800496 -0.321301
37 3.5992 1.06012 0.070888 -1.52636 0.488083 0.139804
38 1.66069 0 0 0.0439292 0.064311 0.822802
39 1.16699 0 0 0.0275332 0.033493 0.32572
40 2.18853 -0.50104 0.0576596 -1.56816 0.138147 -0.161716
41 1.29609 0 0 0.0968892 -0.147774 0.669796
42 1.62202 -0.000713348 -0.000468254 -0.0204636 -0.0103198 1.57103
43 1.22241 0 0 0 0.00653326 -0.305208
44 1.76707 -1.27612 0.0366402 -1.36293 0.4626 -0.0448404
45 1.55587 0 0 -0.00955756 -0.042 0.976332
46 1.24273 0 0 0.000479033 0.000360544 1.0415
47 0.784531 0 0 -0.00138852 0.00235226 -0.396293
48 0 0 0 0 0 0
49 5.85395 2.53807 -7.89266 -0.562069 -1.56864 0.561936
50 5.86593 -20.0093 -3.83009 -3.13997 -0.787218 3.14032
51 5.8559 2.53929 -6.82542 -0.562069 -1.56864 0.561936
52 5.86745 -20.5859 -2.95611 -0.562069 -1.56864 0.561936
53 5.33258 -8.74079 -4.63565 -0.00114685 0.00182092 -0.000124737
54 0.533295 -3.57397 -0.116835 0 0 0
55 -0.439463 -5.01739 0.910444 0 0 0
56 0 -2.26997 1.22871 0.0206798 0 0
57 0 -5.92124 1.78377 0 0 0
58 0 -2.12202 -0.0619302 0 0 0
59 -0.575001 -1.69351 1.13699 0 0 0
60 0 -4.97524 -0.469842 0 0 0
61 0.694227 -1.89081 0.409987 -0.785398 0 0
time 26
0 5.11825 10.9692 -3.0277 -0.827033 0.693143 -1.04017
1 6.02794 0 0 -0.00846909 -0.0837254 -0.11693
2 11.7344 0 0 -0.00140276 0 -1.66868
3 8.81138 -0.000449181 -0.000111341 -0.511749 0 0.000157333
4 5.77839 0.000287056 0 -0.342872 0 0.000103292
5 2.23163 -0.000329018 -0.00036335 -0.168877 0 0
6 11.4725 0 0 -0.628546 0.24159 1.09565
7 0.61522 -0.993091 -0.810701 2.36101 0.0512843 -0.442576
8 2.24752 0 0 0.087042 0.0754454 0.0898682
9 1.11936 0 0 0.0868585 0.0464882 -0.110728
10 3.71348 -0.102641 0.102191 1.49829 0.896637 0.234767
11 1.72615 0 0 0.0263276 -0.0109868 -1.28727
12 1.21114 0 0 -0.000153972 0.000329031 -0.915737
13 3.59919 -1.06012 0.0708876 1.53395 0.161845 -0.0676455
14 1.66069 0 0 0.0207494 0.133061 -0.435014
15 1.167 0 0 -0.0019889 -0.0014968 -0.825194
16 2.18852 0.50104 0.0576582 1.41514 0.0471915 0.0719911
17 1.29609 0 0 -0.0777687 0.18264 -1.0512
18 1.62202 0.000714302 -0.000470638 0.029409 -0.0272532 -1.25676
19 1.22241 0 0 0.0223414 -0.00802419 -0.76603
20 1.76707 1.27612 0.0366402 1.328 0.225255 0.0733779
21 1.55588 0 0 -0.142939 0.159067 -1.06546
22 1.24273 0 0 -0.000479227 0.000360536 -1.00946
23 0.784523 0 0 0.0101639 0.0127498 -0.61013
24 -2.4735 1.96366 -5.48939 -0.143291 0.3441 -1.97314
25 6.02794 0 0 1.14639 0.0362326 0.691566
26 11.7344 0 0 0.00140281 0 1.01825
27 8.81167 0 0 1.98303 0 0
28 5.77884 0 0 1.32863 0 0
29 2.23249 0 0 0.654402 0 0
30 11.4725 0 0 1.93019 0.170015 -0.500612
31 0.615812 0.994372 -0.809165 2.90228 0.397795 0.455052
32 2.24752 0 0 -0.0977374 -0.0520998 0.0393429
33 1.11936 0 0 -0.110556 0.115636 -0.00773762
34 3.71348 0.10264 0.102191 -1.40911 0.58357 0.0965932
35 1.72615 0 0 -0.0184067 -0.000676774 1.51735
36 1.21112 0 0 0.00667258 0.00800503 -0.321301
37 3.5992 1.06012 0.0708885 -1.52636 0.488082 0.139804
38 1.66069 0 0 0.0439293 0.0643109 0.822802
39 1.16699 0 0 0.0275333 0.0334931 0.32572
40 2.18853 -0.501041 0.0576591 -1.56816 0.138147 -0.161716
41 1.29609 0 0 0.0968892 -0.147774 0.669796
42 1.62202 -0.000713348 -0.000469208 -0.0204638 -0.0103197 1.57103
43 1.22241 0 0 0 0.00653318 -0.305207
44 1.76707 -1.27612 0.0366411 -1.36293 0.4626 -0.0448406
45 1.55588 0 0 -0.00955763 -0.0420003 0.976332
46 1.24273 0 0 0.000478968 0.000360671 1.0415
47 0.784533 0 0 -0.00138842 0.00235237 -0.396293
48 0 0 0 0 0 0
49 5.87172 2.53847 -7.86922 -0.584328 -1.56892 0.584214
50 5.88291 -20.0093 -3.80911 -3.14012 -0.786966 3.14044
51 5.87339 2.53958 -6.80198 -0.584328 -1.56892 0.584214
52 5.88422 -20.586 -2.93519 -0.584328 -1.56892 0.584214
53 5.34964 -8.74074 -4.61357 -0.00103768 0.001569 -0.000114045
54 0.533295 -3.57396 -0.116835 0 0 0
55 -0.439464 -5.01739 0.910444 0 0 0
56 0 -2.26997 1.22871 0.0206798 0 0
57 0 -5.92124 1.78377 0 0 0
58 0 -2.12202 -0.0619297 0 0 0
59 -0.575001 -1.69351 1.13699 0 0 0
60 0 -4.97524 -0.469842 0 0 0
61 0.694227 -1.89081 0.409987 -0.785398 0 0
time 27
0 5.11825 10.9692 -3.0277 -0.827033 0.693143 -1.04017
1 6.02794 0 0 -0.0103635 -0.084042 -0.117478
2 11.7344 0 0 -0.00140284 0 -1.66843
3 8.81138 -0.000450134 -0.000111818 -0.511328 0 0.000157303
4 5.77839 0.000286102 0 -0.34259 0 0.000103167
5 2.23163 -0.000329971 -0.000363827 -0.168738 0 0
6 11.4725 0 0 -0.626553 0.243001 1.09669
7 0.615219 -0.993091 -0.8107 2.36101 0.0512842 -0.442577
8 2.24752 0 0 0.0870419 0.0754453 0.0898681
9 1.11936 0 0 0.0868585 0.0464882 -0.110728
10 3.71348 -0.102641 0.102191 1.49829 0.896637 0.234767
11 1.72615 0 0 0.0263276 -0.0109868 -1.28727
12 1.21114 0 0 -0.000154012 0.000329044 -0.915737
13 3.59919 -1.06012 0.0708885 1.53395 0.161845 -0.0676456
14 1.66069 0 0 0.0207493 0.133061 -0.435014
15 1.167 0 0 -0.00198887 -0.0014968 -0.825194
16 2.18852 0.50104 0.0576582 1.41514 0.0471915 0.071991
17 1.29609 0 0 -0.0777687 0.18264 -1.0512
18 1.62202 0.000714302 -0.000470638 0.029409 -0.0272532 -1.25676
19 1.22241 0 0 0.0223414 -0.00802417 -0.76603
20 1.76707 1.27612 0.0366402 1.328 0.225255 0.0733777
21 1.55588 0 0 -0.14294 0.159067 -1.06546
22 1.24273 0 0 -0.000479134 0.000360553 -1.00946
23 0.784525 0 0 0.010164 0.0127498 -0.61013
24 -2.4735 1.96366 -5.48939 -0.143291 0.3441 -1.97314
25 6.02794 0 0 1.14568 0.0347974 0.692468
26 11.7344 0 0 0.00140275 0 1.01661
27 8.81167 0 0 1.98427 0 0
28 5.77884 0 0 1.32946 0 0
29 2.23249 0 0 0.65481 0 0
30 11.4725 0 0 1.93127 0.169431 -0.500564
31 0.615814 0.994372 -0.809165 2.90228 0.397795 0.455052
32 2.24752 0 0 -0.0977372 -0.0520997 0.039343
33 1.11936 0 0 -0.110556 0.115636 -0.00773766
34 3.71349 0.10264 0.102191 -1.40911 0.58357 0.0965932
35 1.72615 0 0 -0.0184067 -0.000676703 1.51735
36 1.21112 0 0 0.00667259 0.00800513 -0.321301
37 3.5992 1.06012 0.070888 -1.52636 0.488083 0.139804
38 1.66069 0 0 0.0439293 0.0643109 0.822802
39 1.16699 0 0 0.0275332 0.0334931 0.32572
40 2.18853 -0.50104 0.0576587 -1.56816 0.138148 -0.161716
41 1.29609 0 0 0.0968893 -0.147774 0.669796
42 1.62202 -0.000715256 -0.000470161 -0.0204638 -0.0103198 1.57103
43 1.22241 0 0 0 0.00653318 -0.305208
44 1.76707 -1.27612 0.0366406 -1.36293 0.4626 -0.0448407
45 1.55587 0 0 -0.0095576 -0.0420002 0.976332
46 1.24273 0 0 0.000478767 0.000360559 1.0415
47 0.784533 0 0 -0.00138829 0.00235234 -0.396294
48 0 0 0 0 0 0
49 5.88996 2.53961 -7.84628 -0.557226 -1.56946 0.557133
50 5.89979 -20.0095 -3.7936 -3.14059 -0.786533 3.14079
51 5.89117 2.54037 -6.77903 -0.557226 -1.56946 0.557133
52 5.90072 -20.5865 -2.91988 -0.557226 -1.56946 0.557133
53 5.36667 -8.74069 -4.59458 -0.000707279 0.00113516 0
54 0.533294 -3.57396 -0.116835 0 0 0
55 -0.439464 -5.01739 0.910444 0 0 0
56 0 -2.26997 1.22871 0.0206798 0 0
57 0 -5.92124 1.78377 0 0 0
58 0 -2.12202 -0.0619297 0 0 0
59 -0.575 -1.69351 1.13699 0 0 0
60 0 -4.97524 -0.469842 0 0 0
61 0.694227 -1.89081 0.409987 -0.785398 0 0
time 28
0 5.11825 10.9692 -3.0277 -0.827033 0.693143 -1.04017
1 6.02794 0 0 -0.0120869 -0.0843281 -0.117803
2 11.7344 0 0 -0.00140281 0 -1.66824
3 8.81138 -0.000449181 -0.000111818 -0.510927 0 0.000157507
4 5.77839 0.000287056 0 -0.342321 0 0.000103288
5 2.23163 -0.000328064 -0.00036478 -0.168606 0 0
6 11.4725 0 0 -0.62464 0.244301 1.09759
7 0.61522 -0.993091 -0.8107 2.36101 0.0512842 -0.442576
8 2.24752 0 0 0.087042 0.0754452 0.089868
9 1.11936 0 0 0.0868585 0.0464882 -0.110728
10 3.71348 -0.102641 0.102191 1.49829 0.896637 0.234767
11 1.72615 0 0 0.0263276 -0.0109868 -1.28727
12 1.21114 0 0 -0.000154025 0.000329071 -0.915737
13 3.59919 -1.06012 0.0708885 1.53395 0.161845 -0.0676455
14 1.66069 0 0 0.0207494 0.133061 -0.435014
15 1.167 0 0 -0.00198886 -0.00149679 -0.825194
16 2.18853 0.501039 0.0576591 1.41514 0.0471916 0.0719911
17 1.29609 0 0 -0.0777687 0.18264 -1.0512
18 1.62202 0.000715256 -0.000471115 0.029409 -0.0272532 -1.25676
19 1.22241 0 0 0.0223414 -0.00802426 -0.76603
20 1.76707 1.27612 0.0366411 1.328 0.225255 0.0733779
21 1.55588 0 0 -0.142939 0.159067 -1.06546
22 1.24273 0 0 -0.000479187 0.000360524 -1.00946
23 0.784524 0 0 0.010164 0.0127499 -0.61013
24 -2.4735 1.96366 -5.48939 -0.143291 0.3441 -1.97314
25 6.02794 0 0 1.14488 0.0336298 0.693277
26 11.7344 0 0 0.00140266 0 1.01508
27 8.81167 0 0 1.98562 0 0
28 5.77884 0 0 1.33037 0 0
29 2.23249 0 0 0.655256 0 0
30 11.4725 0 0 1.9325 0.168795 -0.500337
31 0.61581 0.994371 -0.809165 2.90228 0.397795 0.455052
32 2.24752 0 0 -0.0977372 -0.0520997 0.039343
33 1.11936 0 0 -0.110556 0.115636 -0.00773776
34 3.71349 0.102638 0.102191 -1.40911 0.58357 0.0965932
35 1.72615 0 0 -0.0184066 -0.000676676 1.51735
36 1.21112 0 0 0.0066726 0.00800505 -0.321301
37 3.5992 1.06012 0.0708885 -1.52636 0.488083 0.139804
38 1.66069 0 0 0.0439293 0.0643108 0.822802
39 1.16699 0 0 0.0275332 0.0334933 0.32572
40 2.18853 -0.501041 0.0576596 -1.56816 0.138147 -0.161716
41 1.29609 0 0 0.0968891 -0.147774 0.669796
42 1.62202 -0.000711441 -0.000471115 -0.0204636 -0.0103197 1.57103
43 1.22241 0 0 0 0.00653305 -0.305208
44 1.76707 -1.27612 0.0366411 -1.36293 0.4626 -0.0448408
45 1.55587 0 0 -0.00955773 -0.0420002 0.976332
46 1.24273 0 0 0.000478913 0.000360574 1.0415
47 0.784531 0 0 -0.00138842 0.00235238 -0.396294
48 0 0 0 0 0 0
49 5.90798 2.54096 -7.82674 -0.456505 -1.57008 0.45641
50 5.91638 -20.0097 -3.78287 -3.14114 -0.786043 3.1412
51 5.90867 2.54129 -6.75949 -0.456505 -1.57008 0.45641
52 5.9169 -20.5871 -2.90936 -0.456505 -1.57008 0.45641
53 5.38337 -8.74063 -4.5797 -0.000316782 0.00064518 0
54 0.533295 -3.57396 -0.116835 0 0 0
55 -0.439464 -5.01739 0.910445 0 0 0
56 0 -2.26997 1.22871 0.0206798 0 0
57 0 -5.92124 1.78377 0 0 0
58 0 -2.12203 -0.0619292 0 0 0
59 -0.575001 -1.69351 1.13699 0 0 0
60 0 -4.97524 -0.469841 0 0 0
61 0.694227 -1.89081 0.409988 -0.785398 0 0
time 29
0 5.11825 10.9692 -3.0277 -0.827033 0.693143 -1.04017
1 6.02794 0 0 -0.0135655 -0.0845676 -0.117837
2 11.7344 0 0 -0.00140293 0 -1.66811
3 8.81138 -0.000450134 -0.00011158 -0.510662 0 0.000157387
4 5.77839 0.000286102 0 -0.342143 0 0.000103353
5 2.23163 -0.000329971 -0.000362873 -0.168518 0 0
6 11.4725 0 0 -0.62302 0.245366 1.09812
7 0.615219 -0.993091 -0.8107 2.36101 0.0512842 -0.442576
8 2.24752 0 0 0.0870419 0.0754453 0.0898681
9 1.11936 0 0 0.0868585 0.0464882 -0.110728
10 3.71348 -0.102641 0.102191 1.49829 0.896637 0.234767
11 1.72615 0 0 0.0263275 -0.0109868 -1.28727
12 1.21114 0 0 -0.000154024 0.000329204 -0.915737
13 3.59919 -1.06012 0.0708876 1.53395 0.161845 -0.0676456
14 1.66069 0 0 0.0207493 0.133061 -0.435014
15 1.167 0 0 -0.00198886 -0.00149678 -0.825194
16 2.18852 0.501039 0.0576582 1.41514 0.0471916 0.0719909
17 1.29609 0 0 -0.0777687 0.18264 -1.0512
18 1.62202 0.000714302 -0.000471115 0.029409 -0.0272532 -1.25676
19 1.22241 0 0 0.0223414 -0.00802422 -0.76603
20 1.76707 1.27612 0.0366411 1.328 0.225255 0.0733777
21 1.55588 0 0 -0.142939 0.159067 -1.06546
22 1.24273 0 0 -0.000479242 0.000360562 -1.00946
23 0.784523 0 0 0.010164 0.0127498 -0.61013
24 -2.4735 1.96366 -5.48939 -0.143291 0.3441 -1.97314
25 6.02794 0 0 1.14405 0.0326817 0.694
26 11.7344 0 0 0.00140252 0 1.01363
27 8.81167 0 0 1.98683 0 0
28 5.77884 0 0 1.33118 0 0
29 2.23249 0 0 0.655654 0 0
30 11.4725 0 0 1.93364 0.168137 -0.499924
31 0.615814 0.994373 -0.809165 2.90228 0.397795 0.455052
32 2.24752 0 0 -0.0977373 -0.0520997 0.0393429
33 1.11936 0 0 -0.110556 0.115636 -0.00773769
34 3.71348 0.102638 0.102191 -1.40911 0.58357 0.0965933
35 1.72615 0 0 -0.0184067 -0.000676681 1.51735
36 1.21112 0 0 0.00667256 0.00800493 -0.321301
37 3.5992 1.06012 0.0708885 -1.52636 0.488082 0.139804
38 1.66069 0 0 0.0439294 0.0643109 0.822802
39 1.16699 0 0 0.0275332 0.0334931 0.32572
40 2.18853 -0.501041 0.0576591 -1.56816 0.138147 -0.161716
41 1.29609 0 0 0.0968892 -0.147774 0.669796
42 1.62202 -0.000713348 -0.000470161 -0.0204639 -0.0103198 1.57103
43 1.22241 0 0 0 0.00653327 -0.305208
44 1.76707 -1.27612 0.0366411 -1.36293 0.4626 -0.0448405
45 1.55587 0 0 -0.00955759 -0.0420001 0.976332
46 1.24273 0 0 0.000478844 0.000360575 1.0415
47 0.784531 0 0 -0.0013883 0.00235236 -0.396294
48 0 0 0 0 0 0
49 5.92508 2.54198 -7.81353 -0.120921 -1.57057 0.120882
50 5.93249 -20.0099 -3.77618 -3.14155 -0.785623 3.14153
51 5.92532 2.54201 -6.74628 -0.120921 -1.57057 0.120882
52 5.93267 -20.5875 -2.90285 -0.120921 -1.57057 0.120882
53 5.39946 -8.74056 -4.56998 0 0.000224864 0
54 0.533294 -3.57396 -0.116835 0 0 0
55 -0.439463 -5.01739 0.910444 0 0 0
56 0 -2.26997 1.22871 0.0206798 0 0
57 0 -5.92124 1.78377 0 0 0
58 0 -2.12202 -0.0619297 0 0 0
59 -0.575 -1.69351 1.13699 0 0 0
60 0 -4.97524 -0.469841 0 0 0
61 0.694227 -1.89081 0.409987 -0.785398 0 0
time 30
0 5.11825 10.9692 -3.0277 -0.827033 0.693143 -1.04017
1 6.02794 0 0 -0.0147266 -0.0847462 -0.117518
2 11.7344 0 0 -0.00140285 0 -1.66806
3 8.81138 -0.000449181 -0.000112057 -0.510645 0 0.000157529
4 5.77839 0.000287056 0 -0.342133 0 0.000103411
5 2.23164 -0.000329018 -0.00036335 -0.168513 0 0
6 11.4725 0 0 -0.621908 0.24608 1.09806
7 0.615218 -0.993091 -0.8107 2.36101 0.0512843 -0.442576
8 2.24752 0 0 0.0870419 0.0754453 0.0898682
9 1.11936 0 0 0.0868585 0.0464881 -0.110728
10 3.71348 -0.102641 0.102191 1.49829 0.896637 0.234767
11 1.72615 0 0 0.0263275 -0.0109869 -1.28727
12 1.21114 0 0 -0.000154025 0.000329071 -0.915737
13 3.59919 -1.06012 0.0708885 1.53395 0.161844 -0.0676456
14 1.66069 0 0 0.0207494 0.133061 -0.435014
15 1.167 0 0 -0.00198888 -0.00149678 -0.825194
16 2.18853 0.50104 0.0576591 1.41514 0.0471915 0.071991
17 1.29609 0 0 -0.0777687 0.18264 -1.0512
18 1.62202 0.000714302 -0.000471115 0.029409 -0.0272532 -1.25676
19 1.22241 0 0 0.0223414 -0.00802426 -0.76603
20 1.76707 1.27612 0.0366411 1.328 0.225255 0.0733778
21 1.55588 0 0 -0.142939 0.159067 -1.06546
22 1.24273 0 0 -0.000479184 0.000360457 -1.00946
23 0.784523 0 0 0.0101639 0.0127498 -0.61013
24 -2.4735 1.96366 -5.48939 -0.143291 0.3441 -1.97314
25 6.02794 0 0 1.14323 0.0319036 0.694643
26 11.7344 0 0 0.00140269 0 1.01227
27 8.81167 0 0 1.98764 0 0
28 5.77884 0 0 1.33172 0 0
29 2.23249 0 0 0.65592 0 0
30 11.4725 0 0 1.93447 0.167488 -0.499317
31 0.615814 0.994373 -0.809165 2.90228 0.397795 0.455052
32 2.24752 0 0 -0.0977373 -0.0520997 0.039343
33 1.11936 0 0 -0.110556 0.115636 -0.00773769
34 3.71348 0.10264 0.102191 -1.40911 0.58357 0.0965934
35 1.72615 0 0 -0.0184067 -0.000676674 1.51735
36 1.21112 0 0 0.00667263 0.00800524 -0.321301
37 3.5992 1.06012 0.070888 -1.52636 0.488083 0.139804
38 1.66069 0 0 0.0439292 0.064311 0.822802
39 1.16699 0 0 0.0275332 0.0334931 0.32572
40 2.18853 -0.50104 0.0576587 -1.56816 0.138147 -0.161716
41 1.29609 0 0 0.0968892 -0.147774 0.669796
42 1.62202 -0.000713348 -0.000469208 -0.0204638 -0.0103198 1.57103
43 1.22241 0 0 0 0.00653323 -0.305208
44 1.76707 -1.27612 0.0366402 -1.36293 0.4626 -0.0448406
45 1.55587 0 0 -0.00955768 -0.0420001 0.976332
46 1.24273 0 0 0.000478876 0.00036063 1.0415
47 0.784533 0 0 -0.00138828 0.00235258 -0.396294
48 0 0 0 0 0 0
49 5.94055 2.54216 -7.80957 0 -1.5708 0
50 5.94795 -20.0098 -3.77284 3.14159 -0.785398 3.14159
51 5.94055 2.54216 -6.74232 0 -1.5708 0
52 5.94795 -20.5874 -2.89952 0 -1.5708 0
53 5.41465 -8.74049 -4.56645 0 0 0
54 0.533295 -3.57396 -0.116835 0 0 0
55 -0.439464 -5.01739 0.910444 0 0 0
56 0 -2.26997 1.22871 0.0206798 0 0
57 0 -5.92124 1.78377 0 0 0
58 0 -2.12202 -0.0619297 0 0 0
59 -0.575001 -1.69351 1.13699 0 0 0
60 0 -4.97524 -0.469841 0 0 0
61 0.694227 -1.89081 0.409987 -0.785398 0 0
time 31
0 5.11825 10.9692 -3.0277 -0.827033 0.693143 -1.04017
1 6.02794 0 0 -0.0157308 -0.0848908 -0.116953
2 11.7344 0 0 -0.0014028 0 -1.66806
3 8.81138 -0.000450134 -0.000112295 -0.510581 0 0.000156859
4 5.77839 0.000286102 0 -0.342089 0 0.000102988
5 2.23163 -0.000329018 -0.000364304 -0.168492 0 0
6 11.4725 0 0 -0.620869 0.246385 1.09744
7 0.615219 -0.993091 -0.8107 2.36101 0.0512842 -0.442577
8 2.24752 0 0 0.0870419 0.0754453 0.089868
9 1.11936 0 0 0.0868586 0.0464882 -0.110728
10 3.71348 -0.102641 0.102191 1.49829 0.896637 0.234767
11 1.72615 0 0 0.0263276 -0.0109868 -1.28727
12 1.21114 0 0 -0.000154012 0.000329044 -0.915737
13 3.59919 -1.06012 0.0708885 1.53395 0.161844 -0.0676456
14 1.66069 0 0 0.0207493 0.133061 -0.435014
15 1.167 0 0 -0.00198886 -0.00149679 -0.825194
16 2.18853 0.50104 0.0576601 1.41514 0.0471914 0.0719909
17 1.29609 0 0 -0.0777687 0.18264 -1.0512
18 1.62202 0.000712395 -0.000471115 0.0294089 -0.0272532 -1.25676
19 1.22241 0 0 0.0223414 -0.00802418 -0.76603
20 1.76707 1.27612 0.0366411 1.328 0.225255 0.0733778
21 1.55588 0 0 -0.142939 0.159067 -1.06546
22 1.24273 0 0 -0.000479251 0.000360455 -1.00946
23 0.784524 0 0 0.0101639 0.0127499 -0.61013
24 -2.4735 1.96366 -5.48939 -0.143291 0.3441 -1.97314
25 6.02794 0 0 1.1424 0.0310301 0.695333
26 11.7344 0 0 0.00140279 0 1.01078
27 8.81167 0 0 1.98824 0 0
28 5.77884 0 0 1.33212 0 0
29 2.23249 0 0 0.65612 0 0
30 11.4725 0 0 1.93522 0.166759 -0.498253
31 0.615812 0.994372 -0.809166 2.90228 0.397795 0.455052
32 2.24752 0 0 -0.0977373 -0.0520997 0.0393428
33 1.11936 0 0 -0.110556 0.115636 -0.00773766
34 3.71349 0.102641 0.102191 -1.40911 0.58357 0.0965934
35 1.72615 0 0 -0.0184066 -0.000676494 1.51735
36 1.21112 0 0 0.00667257 0.00800505 -0.321301
37 3.5992 1.06012 0.0708885 -1.52636 0.488083 0.139803
38 1.66069 0 0 0.0439292 0.0643107 0.822802
39 1.16699 0 0 0.0275333 0.0334932 0.32572
40 2.18853 -0.50104 0.0576591 -1.56816 0.138147 -0.161716
41 1.29609 0 0 0.0968892 -0.147774 0.669796
42 1.62202 -0.000713348 -0.000468254 -0.0204638 -0.0103197 1.57103
43 1.22241 0 0 0 0.00653314 -0.305208
44 1.76707 -1.27612 0.0366402 -1.36293 0.4626 -0.0448407
45 1.55588 0 0 -0.00955769 -0.0420001 0.976332
46 1.24273 0 0 0.000478974 0.000360561 1.0415
47 0.784531 0 0 -0.0013885 0.00235248 -0.396294
48 0 0 0 0 0 0
49 5.95596 2.54098 -7.81486 -2.29461 -1.57026 2.29464
50 5.96371 -20.0094 -3.76901 -3.14102 -0.785041 3.14127
51 5.95558 2.54141 -6.74761 -2.29461 -1.57026 2.29464
52 5.96344 -20.5866 -2.89545 -2.29461 -1.57026 2.29464
53 5.4298 -8.7404 -4.56736 -0.000404229 -0.00035719 0
54 0.533294 -3.57396 -0.116835 0 0 0
55 -0.439463 -5.01739 0.910445 0 0 0
56 0 -2.26997 1.22871 0.0206798 0 0
57 0 -5.92123 1.78377 0 0 0
58 0 -2.12202 -0.0619297 0 0 0
59 -0.575001 -1.69351 1.13699 0 0 0
60 0 -4.97524 -0.469841 0 0 0
61 0.694227 -1.89081 0.409987 -0.785398 0 0
time 32
0 5.11825 10.9692 -3.0277 -0.827033 0.693143 -1.04017
1 6.02794 0 0 -0.016755 -0.0850344 -0.116293
2 11.7344 0 0 -0.00140283 0 -1.66806
3 8.81138 -0.000449181 -0.000112534 -0.510157 0 0.000157629
4 5.77839 0.000287056 0 -0.341805 0 0.000103466
5 2.23163 -0.000329018 -0.000365257 -0.168352 0 0
6 11.4725 0 0 -0.619415 0.246343 1.09647
7 0.615219 -0.993091 -0.810699 2.36101 0.0512843 -0.442576
8 2.24752 0 0 0.0870419 0.0754454 0.0898681
9 1.11936 0 0 0.0868585 0.0464882 -0.110728
10 3.71348 -0.102641 0.102192 1.49829 0.896637 0.234767
11 1.72615 0 0 0.0263276 -0.0109868 -1.28727
12 1.21114 0 0 -0.000154052 0.000329058 -0.915737
13 3.59919 -1.06012 0.0708876 1.53395 0.161845 -0.0676455
14 1.66069 0 0 0.0207494 0.133061 -0.435014
15 1.167 0 0 -0.00198888 -0.0014968 -0.825194
16 2.18852 0.50104 0.0576591 1.41514 0.0471916 0.0719911
17 1.29609 0 0 -0.0777687 0.18264 -1.0512
18 1.62202 0.000714302 -0.000471115 0.029409 -0.0272531 -1.25676
19 1.22241 0 0 0.0223414 -0.00802422 -0.76603
20 1.76707 1.27612 0.0366411 1.328 0.225255 0.0733779
21 1.55588 0 0 -0.14294 0.159067 -1.06546
22 1.24274 0 0 -0.000479204 0.000360617 -1.00946
23 0.784522 0 0 0.010164 0.0127498 -0.61013
24 -2.4735 1.96366 -5.48939 -0.143291 0.3441 -1.97314
25 6.02794 0 0 1.14154 0.0298968 0.696159
26 11.7344 0 0 0.00140272 0 1.00899
27 8.81167 0 0 1.98899 0 0
28 5.77884 0 0 1.33262 0 0
29 2.23249 0 0 0.656366 0 0
30 11.4725 0 0 1.93622 0.165866 -0.496574
31 0.615812 0.994373 -0.809165 2.90228 0.397795 0.455052
32 2.24752 0 0 -0.0977373 -0.0520997 0.0393429
33 1.11936 0 0 -0.110556 0.115636 -0.00773758
34 3.71348 0.10264 0.102191 -1.40911 0.58357 0.0965933
35 1.72615 0 0 -0.0184067 -0.000676606 1.51735
36 1.21112 0 0 0.00667258 0.0080052 -0.321301
37 3.5992 1.06012 0.0708885 -1.52636 0.488083 0.139804
38 1.66069 0 0 0.0439293 0.0643109 0.822802
39 1.16699 0 0 0.0275332 0.0334932 0.32572
40 2.18853 -0.50104 0.0576596 -1.56816 0.138147 -0.161716
41 1.29609 0 0 0.0968892 -0.147774 0.669796
42 1.62202 -0.000715256 -0.000471115 -0.0204639 -0.0103198 1.57103
43 1.22241 0 0 0 0.00653323 -0.305208
44 1.76707 -1.27612 0.0366406 -1.36293 0.4626 -0.0448407
45 1.55587 0 0 -0.00955765 -0.0420002 0.976332
46 1.24273 0 0 0.000478983 0.000360577 1.0415
47 0.784533 0 0 -0.00138837 0.00235244 -0.396294
48 0 0 0 0 0 0
49 5.9729 2.53848 -7.82669 -2.33636 -1.56909 2.33657
50 5.98052 -20.0085 -3.7622 -3.13985 -0.784214 3.14059
51 5.97164 2.5398 -6.75944 -2.33636 -1.56909 2.33657
52 5.97962 -20.5851 -2.88817 -2.33636 -1.56909 2.33657
53 5.44567 -8.74028 -4.57031 -0.00123055 -0.00118267 0.000223339
54 0.533294 -3.57396 -0.116835 0 0 0
55 -0.439463 -5.01739 0.910445 0 0 0
56 0 -2.26997 1.22871 0.0206798 0 0
57 0 -5.92124 1.78377 0 0 0
58 0 -2.12202 -0.0619302 0 0 0
59 -0.575 -1.69351 1.13699 0 0 0
60 0 -4.97524 -0.469842 0 0 0
61 0.694227 -1.89081 0.409988 -0.785398 0 0
time 33
0 5.11825 10.9692 -3.0277 -0.827034 0.693143 -1.04017
1 6.02794 0 0 -0.0177567 -0.0851708 -0.115539
2 11.7344 0 0 -0.00140289 0 -1.66808
3 8.81138 -0.000450134 -0.00011301 -0.509465 0 0.000157515
4 5.77839 0.000286102 0 -0.341341 0 0.0001034
5 2.23163 -0.000328064 -0.00036478 -0.168123 0 0
6 11.4725 0 0 -0.617677 0.246016 1.09524
7 0.615219 -0.993091 -0.8107 2.36101 0.0512842 -0.442576
8 2.24752 0 0 0.0870419 0.0754453 0.089868
9 1.11936 0 0 0.0868586 0.0464882 -0.110728
10 3.71348 -0.102641 0.102191 1.49829 0.896637 0.234767
11 1.72615 0 0 0.0263276 -0.0109868 -1.28727
12 1.21114 0 0 -0.000153985 0.000329124 -0.915737
13 3.59919 -1.06012 0.0708876 1.53395 0.161844 -0.0676455
14 1.66069 0 0 0.0207493 0.133061 -0.435014
15 1.167 0 0 -0.00198891 -0.00149679 -0.825194
16 2.18852 0.50104 0.0576591 1.41514 0.0471915 0.071991
17 1.29609 0 0 -0.0777686 0.18264 -1.0512
18 1.62202 0.000714302 -0.000471115 0.0294089 -0.0272532 -1.25676
19 1.22241 0 0 0.0223414 -0.00802423 -0.76603
20 1.76707 1.27612 0.0366411 1.328 0.225255 0.0733778
21 1.55588 0 0 -0.142939 0.159067 -1.06546
22 1.24274 0 0 -0.000479175 0.000360565 -1.00946
23 0.784524 0 0 0.0101639 0.0127498 -0.61013
24 -2.4735 1.96366 -5.48939 -0.143291 0.3441 -1.97314
25 6.02794 0 0 1.14065 0.0286074 0.697069
26 11.7344 0 0 0.00140269 0 1.00702
27 8.81167 0 0 1.98984 0 0
28 5.77884 0 0 1.33319 0 0
29 2.23249 0 0 0.656647 0 0
30 11.4725 0 0 1.9374 0.164855 -0.494419
31 0.615812 0.994373 -0.809165 2.90228 0.397795 0.455052
32 2.24752 0 0 -0.0977373 -0.0520997 0.0393429
33 1.11936 0 0 -0.110556 0.115636 -0.00773771
34 3.71349 0.102639 0.10219 -1.40911 0.58357 0.0965932
35 1.72615 0 0 -0.0184067 -0.000676686 1.51735
36 1.21112 0 0 0.00667251 0.00800509 -0.321301
37 3.5992 1.06012 0.070888 -1.52636 0.488083 0.139804
38 1.66069 0 0 0.0439294 0.0643108 0.822802
39 1.16699 0 0 0.0275332 0.0334932 0.32572
40 2.18853 -0.50104 0.0576587 -1.56816 0.138147 -0.161716
41 1.29609 0 0 0.0968892 -0.147774 0.669796
42 1.62202 -0.000713348 -0.000470161 -0.0204637 -0.0103197 1.57103
43 1.22241 0 0 0 0.00653299 -0.305208
44 1.76707 -1.27612 0.0366406 -1.36293 0.4626 -0.0448407
45 1.55588 0 0 -0.0095577 -0.0420002 0.976332
46 1.24273 0 0 0.000478999 0.000360486 1.0415
47 0.784533 0 0 -0.00138842 0.00235235 -0.396294
48 0 0 0 0 0 0
49 5.99072 2.53499 -7.84392 -2.35432 -1.56745 2.35473
50 5.99785 -20.0073 -3.75371 -3.13825 -0.783032 3.13964
51 5.98819 2.53752 -6.77668 -2.35432 -1.56745 2.35473
52 5.99602 -20.5829 -2.87902 -2.35432 -1.56745 2.35473
53 5.46179 -8.74016 -4.5753 -0.00237185 -0.00236291 0.000416978
54 0.533294 -3.57396 -0.116835 0 0 0
55 -0.439464 -5.01739 0.910444 0 0 0
56 0 -2.26997 1.22871 0.0206798 0 0
57 0 -5.92124 1.78377 0 0 0
58 0 -2.12202 -0.0619292 0 0 0
59 -0.575001 -1.69351 1.13699 0 0 0
60 0 -4.97524 -0.469841 0 0 0
61 0.694227 -1.89081 0.409988 -0.785398 0 0
time 34
0 5.11825 10.9692 -3.0277 -0.827033 0.693143 -1.04017
1 6.02794 0 0 -0.0186924 -0.0852938 -0.114697
2 11.7344 0 0 -0.00140284 0 -1.66811
3 8.81138 -0.000450134 -0.000112295 -0.508596 0 0.000157459
4 5.77839 0.000287056 0 -0.340759 0 0.000103312
5 2.23163 -0.000329018 -0.000363827 -0.167837 0 0
6 11.4725 0 0 -0.615787 0.245465 1.0938
7 0.615219 -0.993091 -0.8107 2.36101 0.0512841 -0.442577
8 2.24752 0 0 0.0870418 0.0754453 0.089868
9 1.11936 0 0 0.0868585 0.0464882 -0.110728
10 3.71348 -0.10264 0.102191 1.49829 0.896637 0.234767
11 1.72615 0 0 0.0263276 -0.0109868 -1.28727
12 1.21114 0 0 -0.000154038 0.000329098 -0.915737
13 3.59919 -1.06012 0.0708885 1.53395 0.161844 -0.0676456
14 1.66069 0 0 0.0207493 0.133061 -0.435014
15 1.167 0 0 -0.00198887 -0.00149681 -0.825194
16 2.18852 0.50104 0.0576591 1.41514 0.0471915 0.071991
17 1.29609 0 0 -0.0777688 0.18264 -1.0512
18 1.62202 0.000714302 -0.000470638 0.029409 -0.0272532 -1.25676
19 1.22241 0 0 0.0223414 -0.00802416 -0.76603
20 1.76707 1.27612 0.0366402 1.328 0.225255 0.0733778
21 1.55588 0 0 -0.14294 0.159067 -1.06546
22 1.24273 0 0 -0.000479187 0.000360524 -1.00946
23 0.784523 0 0 0.010164 0.0127499 -0.61013
24 -2.4735 1.96366 -5.48939 -0.143291 0.3441 -1.97314
25 6.02794 0 0 1.13975 0.0272667 0.698009
26 11.7344 0 0 0.0014026 0 1.00497
27 8.81167 0 0 1.99075 0 0
28 5.77884 0 0 1.3338 0 0
29 2.23249 0 0 0.656947 0 0
30 11.4725 0 0 1.93871 0.163769 -0.49193
31 0.615812 0.994372 -0.809165 2.90228 0.397795 0.455052
32 2.24752 0 0 -0.0977373 -0.0520997 0.039343
33 1.11936 0 0 -0.110556 0.115636 -0.00773776
34 3.71349 0.102638 0.102191 -1.40911 0.58357 0.0965933
35 1.72615 0 0 -0.0184066 -0.000676747 1.51735
36 1.21112 0 0 0.00667248 0.00800505 -0.321301
37 3.5992 1.06012 0.070888 -1.52636 0.488083 0.139804
38 1.66069 0 0 0.0439292 0.0643109 0.822802
39 1.16699 0 0 0.0275332 0.0334932 0.32572
40 2.18853 -0.501041 0.0576591 -1.56816 0.138147 -0.161716
41 1.29609 0 0 0.0968893 -0.147774 0.669796
42 1.62202 -0.000713348 -0.000468254 -0.0204637 -0.0103197 1.57103
43 1.22241 0 0 0 0.00653318 -0.305208
44 1.76707 -1.27612 0.0366406 -1.36293 0.4626 -0.0448405
45 1.55587 0 0 -0.00955767 -0.0420002 0.976332
46 1.24273 0 0 0.000478996 0.00036072 1.0415
47 0.784533 0 0 -0.00138842 0.00235236 -0.396294
48 0 0 0 0 0 0
49 6.00876 2.53081 -7.86543 -2.36465 -1.56549 2.36529
50 6.01513 -20.006 -3.74481 -3.13635 -0.781607 3.13853
51 6.00472 2.53478 -6.7982 -2.36465 -1.56549 2.36529
52 6.01219 -20.5804 -2.86935 -2.36465 -1.56549 2.36529
53 5.47772 -8.74004 -4.58236 -0.00372099 -0.00378439 0.000646257
54 0.533295 -3.57396 -0.116835 0 0 0
55 -0.439464 -5.01739 0.910445 0 0 0
56 0 -2.26997 1.22871 0.0206798 0 0
57 0 -5.92124 1.78377 0 0 0
58 0 -2.12202 -0.0619292 0 0 0
59 -0.575001 -1.69351 1.13699 0 0 0
60 0 -4.97525 -0.469842 0 0 0
61 0.694227 -1.89081 0.409988 -0.785398 0 0
time 35
0 5.11825 10.9692 -3.0277 -0.827033 0.693143 -1.04017
1 6.02794 0 0 -0.0195227 -0.0853934 -0.113771
2 11.7344 0 0 -0.00140285 0 -1.66816
3 8.81138 -0.000450134 -0.00011158 -0.507637 0 0.000157531
4 5.77839 0.000286102 0 -0.340117 0 0.000103474
5 2.23163 -0.000329971 -0.000363827 -0.16752 0 0
6 11.4725 0 0 -0.613871 0.244747 1.09222
7 0.615219 -0.993091 -0.8107 2.36101 0.0512843 -0.442576
8 2.24752 0 0 0.0870418 0.0754454 0.0898682
9 1.11936 0 0 0.0868586 0.0464882 -0.110728
10 3.71348 -0.102641 0.102191 1.49829 0.896637 0.234767
11 1.72615 0 0 0.0263275 -0.0109868 -1.28727
12 1.21113 0 0 -0.000154038 0.000329098 -0.915737
13 3.59919 -1.06012 0.0708885 1.53395 0.161844 -0.0676455
14 1.66069 0 0 0.0207493 0.133061 -0.435014
15 1.167 0 0 -0.00198886 -0.00149678 -0.825194
16 2.18852 0.50104 0.0576601 1.41514 0.0471915 0.071991
17 1.29609 0 0 -0.0777687 0.18264 -1.0512
18 1.62202 0.000714302 -0.000471592 0.029409 -0.0272532 -1.25676
19 1.22241 0 0 0.0223414 -0.00802425 -0.76603
20 1.76707 1.27612 0.0366411 1.328 0.225255 0.0733779
21 1.55588 0 0 -0.142939 0.159067 -1.06546
22 1.24273 0 0 -0.000479277 0.00036044 -1.00946
23 0.784524 0 0 0.0101639 0.0127498 -0.61013
24 -2.4735 1.96366 -5.48939 -0.143291 0.3441 -1.97314
25 6.02794 0 0 1.13885 0.0259781 0.698926
26 11.7344 0 0 0.0014026 0 1.00294
27 8.81167 0 0 1.99168 0 0
28 5.77884 0 0 1.33443 0 0
29 2.23249 0 0 0.657256 0 0
30 11.4725 0 0 1.94008 0.162652 -0.489248
31 0.615814 0.994373 -0.809166 2.90228 0.397795 0.455052
32 2.24752 0 0 -0.0977373 -0.0520997 0.0393429
33 1.11936 0 0 -0.110556 0.115636 -0.00773761
34 3.71349 0.102639 0.102191 -1.40911 0.58357 0.0965931
35 1.72615 0 0 -0.0184067 -0.000676742 1.51735
36 1.21112 0 0 0.0066725 0.00800512 -0.321301
37 3.5992 1.06012 0.070888 -1.52636 0.488082 0.139804
38 1.66069 0 0 0.0439292 0.0643108 0.822802
39 1.16699 0 0 0.0275333 0.0334931 0.32572
40 2.18853 -0.50104 0.0576587 -1.56816 0.138147 -0.161716
41 1.29609 0 0 0.0968893 -0.147774 0.669796
42 1.62202 -0.000715256 -0.0004673 -0.0204635 -0.0103196 1.57103
43 1.22241 0 0 0 0.00653309 -0.305208
44 1.76707 -1.27612 0.0366406 -1.36293 0.4626 -0.0448407
45 1.55587 0 0 -0.00955767 -0.0420001 0.976332
46 1.24273 0 0 0.000479001 0.000360609 1.0415
47 0.784531 0 0 -0.00138826 0.00235247 -0.396293
48 0 0 0 0 0 0
49 6.02638 2.52627 -7.89008 -2.3717 -1.56337 2.37258
50 6.03183 -20.0045 -3.73681 -3.13432 -0.780051 3.13735
51 6.02069 2.53178 -6.82286 -2.3717 -1.56337 2.37258
52 6.02767 -20.5776 -2.86053 -2.3717 -1.56337 2.37258
53 5.49299 -8.73994 -4.59151 -0.00517087 -0.0053336 0.000896919
54 0.533295 -3.57396 -0.116835 0 0 0
55 -0.439464 -5.01739 0.910444 0 0 0
56 0 -2.26997 1.22871 0.0206798 0 0
57 0 -5.92124 1.78377 0 0 0
58 0 -2.12202 -0.0619297 0 0 0
59 -0.575001 -1.69351 1.13699 0 0 0
60 0 -4.97524 -0.469841 0 0 0
61 0.694227 -1.89081 0.409988 -0.785398 0 0
time 36
0 5.11825 10.9692 -3.0277 -0.827033 0.693143 -1.04017
1 6.02794 0 0 -0.0202002 -0.0854674 -0.112762
2 11.7344 0 0 -0.00140285 0 -1.66824
3 8.81138 -0.000448227 -0.000112534 -0.506681 0 0.000158267
4 5.77839 0.000287056 0 -0.339476 0 0.000103763
5 2.23163 -0.000329018 -0.000363827 -0.167205 0 0
6 11.4725 0 0 -0.612065 0.243923 1.09055
7 0.615218 -0.993091 -0.810701 2.36101 0.0512842 -0.442576
8 2.24752 0 0 0.087042 0.0754454 0.0898681
9 1.11936 0 0 0.0868585 0.0464881 -0.110728
10 3.71348 -0.102641 0.102191 1.49829 0.896637 0.234767
11 1.72615 0 0 0.0263275 -0.0109868 -1.28727
12 1.21114 0 0 -0.000154012 0.000329111 -0.915737
13 3.59919 -1.06012 0.0708876 1.53395 0.161845 -0.0676455
14 1.66069 0 0 0.0207494 0.133061 -0.435014
15 1.167 0 0 -0.00198887 -0.0014968 -0.825194
16 2.18852 0.50104 0.0576591 1.41514 0.0471915 0.0719911
17 1.29609 0 0 -0.0777687 0.18264 -1.0512
18 1.62202 0.000713348 -0.000471592 0.029409 -0.0272532 -1.25676
19 1.22241 0 0 0.0223414 -0.00802415 -0.76603
20 1.76707 1.27612 0.0366402 1.328 0.225255 0.0733778
21 1.55588 0 0 -0.142939 0.159067 -1.06546
22 1.24273 0 0 -0.000479239 0.000360495 -1.00946
23 0.784523 0 0 0.010164 0.0127498 -0.61013
24 -2.4735 1.96366 -5.48939 -0.143291 0.3441 -1.97314
25 6.02794 0 0 1.13797 0.0248464 0.699766
26 11.7344 0 0 0.00140259 0 1.00103
27 8.81167 0 0 1.9926 0 0
28 5.77884 0 0 1.33504 0 0
29 2.23249 0 0 0.657559 0 0
30 11.4725 0 0 1.94145 0.16155 -0.486513
31 0.615814 0.994372 -0.809165 2.90228 0.397795 0.455052
32 2.24752 0 0 -0.0977373 -0.0520997 0.0393429
33 1.11936 0 0 -0.110556 0.115636 -0.00773782
34 3.71348 0.102639 0.102191 -1.40911 0.58357 0.0965933
35 1.72615 0 0 -0.0184066 -0.000676557 1.51735
36 1.21112 0 0 0.00667254 0.00800486 -0.321301
37 3.5992 1.06012 0.070888 -1.52636 0.488083 0.139804
38 1.66069 0 0 0.0439292 0.0643109 0.822802
39 1.16699 0 0 0.0275332 0.0334931 0.32572
40 2.18853 -0.50104 0.0576591 -1.56816 0.138147 -0.161716
41 1.29609 0 0 0.0968892 -0.147774 0.669796
42 1.62202 -0.000715256 -0.000470161 -0.0204638 -0.0103196 1.57103
43 1.22241 0 0 0 0.00653302 -0.305208
44 1.76707 -1.27612 0.0366411 -1.36293 0.4626 -0.0448406
45 1.55587 0 0 -0.00955758 -0.0420001 0.976332
46 1.24273 0 0 0.000478791 0.000360601 1.0415
47 0.784533 0 0 -0.00138833 0.00235254 -0.396294
48 0 0 0 0 0 0
49 6.04291 2.5217 -7.91675 -2.37712 -1.56124 2.37826
50 6.04744 -20.0031 -3.73099 -3.1323 -0.778479 3.13618
51 6.03554 2.52875 -6.84955 -2.37712 -1.56124 2.37826
52 6.04205 -20.5749 -2.85389 -2.37712 -1.56124 2.37826
53 5.50714 -8.73988 -4.60278 -0.00661435 -0.00689701 0.00115471
54 0.533294 -3.57396 -0.116835 0 0 0
55 -0.439463 -5.01739 0.910444 0 0 0
56 0 -2.26997 1.22871 0.0206798 0 0
57 0 -5.92124 1.78377 0 0 0
58 0 -2.12202 -0.0619297 0 0 0
59 -0.575001 -1.69351 1.13699 0 0 0
60 0 -4.97524 -0.469841 0 0 0
61 0.694227 -1.89081 0.409987 -0.785398 0 0
time 37
0 5.11825 10.9692 -3.0277 -0.827033 0.693143 -1.04017
1 6.02794 0 0 -0.0206361 -0.0854888 -0.111433
2 11.7344 0 0 -0.00140284 0 -1.66839
3 8.81138 -0.000449181 -0.000112295 -0.505889 0 0.000157399
4 5.77839 0.00028801 0 -0.338946 0 0.000103303
5 2.23163 -0.000328064 -0.000364304 -0.166943 0 0
6 11.4725 0 0 -0.610549 0.242999 1.08867
7 0.615219 -0.993092 -0.8107 2.36101 0.0512842 -0.442576
8 2.24752 0 0 0.0870418 0.0754453 0.0898679
9 1.11936 0 0 0.0868586 0.0464882 -0.110728
10 3.71348 -0.102641 0.102192 1.49829 0.896637 0.234767
11 1.72615 0 0 0.0263276 -0.0109869 -1.28727
12 1.21114 0 0 -0.000154012 0.000329044 -0.915737
13 3.59919 -1.06012 0.0708876 1.53395 0.161844 -0.0676455
14 1.66069 0 0 0.0207494 0.133061 -0.435014
15 1.167 0 0 -0.00198886 -0.00149678 -0.825194
16 2.18853 0.501039 0.0576591 1.41514 0.0471915 0.0719911
17 1.29609 0 0 -0.0777687 0.18264 -1.0512
18 1.62202 0.000712395 -0.000471592 0.029409 -0.0272532 -1.25676
19 1.22241 0 0 0.0223414 -0.00802417 -0.76603
20 1.76707 1.27612 0.0366411 1.328 0.225255 0.0733779
21 1.55588 0 0 -0.142939 0.159067 -1.06546
22 1.24274 0 0 -0.000479152 0.000360646 -1.00946
23 0.784522 0 0 0.0101639 0.0127498 -0.61013
24 -2.4735 1.96366 -5.48939 -0.143291 0.3441 -1.97314
25 6.02794 0 0 1.137 0.0241054 0.700461
26 11.7344 0 0 0.00140263 0 0.999296
27 8.81167 0 0 1.99353 0 0
28 5.77884 0 0 1.33567 0 0
29 2.23249 0 0 0.657866 0 0
30 11.4725 0 0 1.94284 0.160412 -0.483685
31 0.615812 0.994373 -0.809165 2.90228 0.397795 0.455052
32 2.24752 0 0 -0.0977374 -0.0520997 0.0393428
33 1.11936 0 0 -0.110556 0.115636 -0.00773768
34 3.71348 0.102639 0.10219 -1.40911 0.58357 0.0965934
35 1.72615 0 0 -0.0184066 -0.000676611 1.51735
36 1.21112 0 0 0.00667251 0.00800509 -0.321301
37 3.5992 1.06012 0.070888 -1.52636 0.488083 0.139804
38 1.66069 0 0 0.0439292 0.0643109 0.822802
39 1.16699 0 0 0.0275333 0.0334931 0.32572
40 2.18853 -0.50104 0.0576591 -1.56816 0.138147 -0.161716
41 1.29609 0 0 0.0968893 -0.147774 0.669796
42 1.62202 -0.000713348 -0.000469208 -0.0204637 -0.0103197 1.57103
43 1.22241 0 0 0 0.00653312 -0.305208
44 1.76707 -1.27612 0.0366406 -1.36293 0.4626 -0.0448406
45 1.55588 0 0 -0.00955771 -0.0420001 0.976332
46 1.24273 0 0 0.000478931 0.000360607 1.0415
47 0.784531 0 0 -0.00138841 0.00235234 -0.396293
48 0 0 0 0 0 0
49 6.0588 2.51743 -7.94768 -2.38177 -1.55926 2.38314
50 6.06259 -20.0018 -3.73201 -3.13045 -0.777006 3.13512
51 6.04986 2.5259 -6.88051 -2.38177 -1.55926 2.38314
52 6.05605 -20.5725 -2.85416 -2.38177 -1.55926 2.38314
53 5.52087 -8.73986 -4.61955 -0.00794432 -0.00836109 0.00140537
54 0.533294 -3.57396 -0.116835 0 0 0
55 -0.439464 -5.01739 0.910444 0 0 0
56 0 -2.26997 1.22871 0.0206798 0 0
57 0 -5.92124 1.78377 0 0 0
58 0 -2.12202 -0.0619297 0 0 0
59 -0.575001 -1.69351 1.13699 0 0 0
60 0 -4.97524 -0.469841 0 0 0
61 0.694227 -1.89081 0.409987 -0.785398 0 0
time 38
0 5.11825 10.9692 -3.0277 -0.827033 0.693143 -1.04017
1 6.02794 0 0 -0.0207987 -0.085453 -0.109645
2 11.7344 0 0 -0.00140282 0 -1.66864
3 8.81138 -0.000450134 -0.000112057 -0.505401 0 0.000157658
4 5.77839 0.000286102 0 -0.338619 0 0.000103579
5 2.23163 -0.000329971 -0.000362873 -0.166782 0 0
6 11.4725 0 0 -0.609455 0.242036 1.08651
7 0.615218 -0.993091 -0.8107 2.36101 0.0512842 -0.442576
8 2.24752 0 0 0.087042 0.0754454 0.0898681
9 1.11936 0 0 0.0868585 0.0464882 -0.110728
10 3.71348 -0.102641 0.102192 1.49829 0.896637 0.234767
11 1.72615 0 0 0.0263276 -0.0109868 -1.28727
12 1.21114 0 0 -0.000154052 0.000329058 -0.915737
13 3.59919 -1.06012 0.0708885 1.53395 0.161844 -0.0676455
14 1.66069 0 0 0.0207494 0.133061 -0.435014
15 1.167 0 0 -0.00198885 -0.00149682 -0.825194
16 2.18852 0.50104 0.0576591 1.41514 0.0471916 0.0719911
17 1.29609 0 0 -0.0777688 0.18264 -1.0512
18 1.62202 0.000714302 -0.000471115 0.029409 -0.0272532 -1.25676
19 1.22241 0 0 0.0223414 -0.00802422 -0.76603
20 1.76707 1.27612 0.0366402 1.328 0.225255 0.0733779
21 1.55588 0 0 -0.142939 0.159067 -1.06546
22 1.24273 0 0 -0.000479329 0.000360412 -1.00946
23 0.784524 0 0 0.010164 0.0127499 -0.61013
24 -2.4735 1.96366 -5.48939 -0.143291 0.3441 -1.97314
25 6.02794 0 0 1.13585 0.0239013 0.700969
26 11.7344 0 0 0.00140277 0 0.997784
27 8.81167 0 0 1.99449 0 0
28 5.77884 0 0 1.33631 0 0
29 2.23249 0 0 0.658181 0 0
30 11.4725 0 0 1.94427 0.15921 -0.480792
31 0.61581 0.994371 -0.809165 2.90228 0.397795 0.455052
32 2.24752 0 0 -0.0977373 -0.0520997 0.0393428
33 1.11936 0 0 -0.110556 0.115636 -0.00773768
34 3.71348 0.102639 0.102191 -1.40911 0.58357 0.0965935
35 1.72615 0 0 -0.0184065 -0.000676615 1.51735
36 1.21112 0 0 0.00667253 0.00800498 -0.321301
37 3.5992 1.06011 0.0708885 -1.52636 0.488082 0.139804
38 1.66069 0 0 0.0439293 0.0643108 0.822802
39 1.16699 0 0 0.0275333 0.0334932 0.32572
40 2.18853 -0.501042 0.0576591 -1.56816 0.138147 -0.161716
41 1.29609 0 0 0.0968892 -0.147774 0.669796
42 1.62202 -0.000713348 -0.000470161 -0.0204637 -0.0103196 1.57103
43 1.22241 0 0 0 0.0065331 -0.305208
44 1.76707 -1.27612 0.0366406 -1.36293 0.4626 -0.0448406
45 1.55587 0 0 -0.00955754 -0.0420002 0.976332
46 1.24273 0 0 0.000478894 0.000360662 1.0415
47 0.784533 0 0 -0.00138837 0.00235241 -0.396293
48 0 0 0 0 0 0
49 6.07449 2.51385 -7.98343 -2.38614 -1.55759 2.38773
50 6.07793 -20.0007 -3.74282 -3.12891 -0.775745 3.13426
51 6.06422 2.5235 -6.91628 -2.38614 -1.55759 2.38773
52 6.07041 -20.5704 -2.86434 -2.38614 -1.55759 2.38773
53 5.53486 -8.73987 -4.64351 -0.00905367 -0.00961234 0.00163465
54 0.533295 -3.57396 -0.116834 0 0 0
55 -0.439464 -5.01739 0.910444 0 0 0
56 0 -2.26997 1.22871 0.0206798 0 0
57 0 -5.92124 1.78376 0 0 0
58 0 -2.12202 -0.0619297 0 0 0
59 -0.575001 -1.69351 1.13699 0 0 0
60 0 -4.97524 -0.469842 0 0 0
61 0.694227 -1.89081 0.409987 -0.785398 0 0
time 39
0 5.11825 10.9692 -3.0277 -0.827033 0.693143 -1.04017
1 6.02794 0 0 -0.0207404 -0.0853724 -0.107556
2 11.7344 0 0 -0.00140285 0 -1.66897
3 8.81138 -0.000450134 -0.000112772 -0.505258 0 0.000156863
4 5.77839 0.000286102 0 -0.338523 0 0.000102931
5 2.23164 -0.000329971 -0.000364304 -0.166735 0 0
6 11.4725 0 0 -0.608829 0.241159 1.08429
7 0.615219 -0.993091 -0.8107 2.36101 0.0512842 -0.442576
8 2.24752 0 0 0.0870418 0.0754454 0.0898681
9 1.11936 0 0 0.0868587 0.0464882 -0.110728
10 3.71348 -0.102641 0.102192 1.49829 0.896637 0.234767
11 1.72615 0 0 0.0263276 -0.0109868 -1.28727
12 1.21114 0 0 -0.000154052 0.000329125 -0.915737
13 3.59919 -1.06012 0.0708885 1.53395 0.161844 -0.0676455
14 1.66069 0 0 0.0207494 0.133061 -0.435014
15 1.167 0 0 -0.00198888 -0.0014968 -0.825194
16 2.18852 0.50104 0.0576591 1.41514 0.0471916 0.071991
17 1.29609 0 0 -0.0777687 0.18264 -1.0512
18 1.62202 0.000713348 -0.000470638 0.029409 -0.0272532 -1.25676
19 1.22241 0 0 0.0223414 -0.00802416 -0.76603
20 1.76707 1.27612 0.0366411 1.328 0.225255 0.0733779
21 1.55588 0 0 -0.142939 0.159067 -1.06546
22 1.24274 0 0 -0.000479239 0.000360495 -1.00946
23 0.784524 0 0 0.010164 0.0127499 -0.61013
24 -2.4735 1.96366 -5.48939 -0.143291 0.3441 -1.97314
25 6.02794 0 0 1.13458 0.0241984 0.701286
26 11.7344 0 0 0.00140268 0 0.996541
27 8.81167 0 0 1.99542 0 0
28 5.77884 0 0 1.33693 0 0
29 2.23249 0 0 0.658489 0 0
30 11.4725 0 0 1.94565 0.158025 -0.478073
31 0.615812 0.994372 -0.809166 2.90228 0.397795 0.455052
32 2.24752 0 0 -0.0977373 -0.0520997 0.0393429
33 1.11936 0 0 -0.110556 0.115636 -0.00773777
34 3.71349 0.102639 0.10219 -1.40911 0.58357 0.0965932
35 1.72615 0 0 -0.0184067 -0.000676658 1.51735
36 1.21112 0 0 0.00667255 0.00800501 -0.321301
37 3.5992 1.06012 0.0708876 -1.52636 0.488083 0.139804
38 1.66069 0 0 0.0439292 0.0643107 0.822802
39 1.16699 0 0 0.0275334 0.0334931 0.32572
40 2.18853 -0.50104 0.0576587 -1.56816 0.138147 -0.161716
41 1.29609 0 0 0.0968892 -0.147774 0.669796
42 1.62202 -0.000713348 -0.000471115 -0.0204637 -0.0103197 1.57103
43 1.22241 0 0 0 0.00653296 -0.305208
44 1.76707 -1.27612 0.0366406 -1.36293 0.4626 -0.0448406
45 1.55587 0 0 -0.00955772 -0.0420001 0.976332
46 1.24273 0 0 0.000478775 0.000360335 1.0415
47 0.784531 0 0 -0.00138828 0.00235257 -0.396294
48 0 0 0 0 0 0
49 6.08929 2.51132 -8.02031 -2.39067 -1.55638 2.39244
50 6.09297 -19.9999 -3.76213 -3.12783 -0.774813 3.13369
51 6.07802 2.5218 -6.95317 -2.39067 -1.55638 2.39244
52 6.08475 -20.5689 -2.88322 -2.39067 -1.55638 2.39244
53 5.54865 -8.7399 -4.6721 -0.00983525 -0.0105372 0.00182829
54 0.533295 -3.57396 -0.116835 0 0 0
55 -0.439464 -5.01739 0.910445 0 0 0
56 0 -2.26997 1.22871 0.0206798 0 0
57 0 -5.92124 1.78377 0 0 0
58 0 -2.12202 -0.0619297 0 0 0
59 -0.575001 -1.69351 1.13699 0 0 0
60 0 -4.97524 -0.469841 0 0 0
61 0.694227 -1.89081 0.409988 -0.785398 0 0
time 40
0 5.11825 10.9692 -3.0277 -0.827033 0.693143 -1.04017
1 6.02794 0 0 -0.0205121 -0.0852656 -0.105321
2 11.7344 0 0 -0.00140275 0 -1.66934
3 8.81138 -0.000450134 -0.000112534 -0.505516 0 0.000157329
4 5.77839 0.000286102 0 -0.338695 0 0.000103247
5 2.23164 -0.000329971 -0.000364304 -0.16682 0 0
6 11.4725 0 0 -0.608724 0.240502 1.08221
7 0.615219 -0.993091 -0.8107 2.36101 0.0512843 -0.442576
8 2.24752 0 0 0.0870419 0.0754454 0.0898681
9 1.11936 0 0 0.0868585 0.0464881 -0.110728
10 3.71348 -0.102641 0.102191 1.49829 0.896637 0.234767
11 1.72615 0 0 0.0263276 -0.0109867 -1.28727
12 1.21114 0 0 -0.000154012 0.000329111 -0.915737
13 3.59919 -1.06012 0.0708885 1.53395 0.161845 -0.0676456
14 1.66069 0 0 0.0207494 0.133061 -0.435014
15 1.167 0 0 -0.00198889 -0.00149679 -0.825194
16 2.18853 0.50104 0.0576601 1.41514 0.0471916 0.071991
17 1.29609 0 0 -0.0777688 0.18264 -1.0512
18 1.62202 0.000713348 -0.000471115 0.029409 -0.0272531 -1.25676
19 1.22241 0 0 0.0223414 -0.00802425 -0.76603
20 1.76707 1.27612 0.0366411 1.328 0.225255 0.0733778
21 1.55588 0 0 -0.142939 0.159067 -1.06546
22 1.24274 0 0 -0.000479239 0.000360495 -1.00946
23 0.784523 0 0 0.0101639 0.0127498 -0.61013
24 -2.4735 1.96366 -5.48939 -0.143291 0.3441 -1.97314
25 6.02794 0 0 1.13325 0.0249599 0.701404
26 11.7344 0 0 0.00140267 0 0.995615
27 8.81167 0 0 1.99628 0 0
28 5.77884 0 0 1.33751 0 0
29 2.23249 0 0 0.658773 0 0
30 11.4725 0 0 1.94688 0.156943 -0.475767
31 0.615816 0.994372 -0.809166 2.90228 0.397795 0.455052
32 2.24752 0 0 -0.0977373 -0.0520997 0.0393427
33 1.11936 0 0 -0.110556 0.115636 -0.00773745
34 3.71349 0.102638 0.10219 -1.40911 0.58357 0.0965933
35 1.72615 0 0 -0.0184067 -0.00067675 1.51735
36 1.21112 0 0 0.00667253 0.00800514 -0.321301
37 3.5992 1.06012 0.0708876 -1.52636 0.488082 0.139804
38 1.66069 0 0 0.0439292 0.0643109 0.822802
39 1.16699 0 0 0.0275332 0.0334931 0.32572
40 2.18853 -0.501041 0.0576587 -1.56816 0.138147 -0.161716
41 1.29609 0 0 0.0968892 -0.147774 0.669796
42 1.62201 -0.000713348 -0.000470161 -0.0204638 -0.0103196 1.57103
43 1.22241 0 0 0 0.00653311 -0.305208
44 1.76707 -1.27612 0.0366397 -1.36293 0.4626 -0.0448406
45 1.55587 0 0 -0.00955763 -0.0420003 0.976332
46 1.24273 0 0 0.000479088 0.000360641 1.0415
47 0.784531 0 0 -0.00138838 0.00235248 -0.396294
48 0 0 0 0 0 0
49 6.10247 2.51018 -8.05463 -2.39583 -1.55579 2.39774
50 6.10723 -19.9995 -3.78866 -3.12735 -0.774324 3.13349
51 6.09069 2.52103 -6.9875 -2.39583 -1.55579 2.39774
52 6.09867 -20.5683 -2.90956 -2.39583 -1.55579 2.39774
53 5.56178 -8.73995 -4.7028 -0.010182 -0.0110222 0.00197203
54 0.533294 -3.57396 -0.116835 0 0 0
55 -0.439463 -5.01739 0.910445 0 0 0
56 0 -2.26997 1.22871 0.0206798 0 0
57 0 -5.92124 1.78377 0 0 0
58 0 -2.12203 -0.0619297 0 0 0
59 -0.575 -1.69351 1.13699 0 0 0
60 0 -4.97524 -0.469841 0 0 0
61 0.694227 -1.89081 0.409988 -0.785398 0 0
time 41
0 5.11825 10.9692 -3.0277 -0.827033 0.693143 -1.04017
1 6.02794 0 0 -0.0201678 -0.0851431 -0.103094
2 11.7344 0 0 -0.00140289 0 -1.66972
3 8.81138 -0.000448227 -0.000111818 -0.506214 0 0.000157458
4 5.77839 0.000286102 0 -0.339163 0 0.000103314
5 2.23163 -0.000329018 -0.00036335 -0.167051 0 0
6 11.4725 0 0 -0.609182 0.240191 1.08047
7 0.61522 -0.993091 -0.810699 2.36101 0.0512843 -0.442576
8 2.24752 0 0 0.0870419 0.0754453 0.089868
9 1.11936 0 0 0.0868585 0.0464881 -0.110728
10 3.71348 -0.102641 0.102192 1.49829 0.896637 0.234767
11 1.72615 0 0 0.0263275 -0.0109868 -1.28727
12 1.21114 0 0 -0.000154012 0.000329111 -0.915737
13 3.59919 -1.06012 0.0708885 1.53395 0.161844 -0.0676456
14 1.66069 0 0 0.0207494 0.133061 -0.435014
15 1.167 0 0 -0.00198888 -0.00149681 -0.825194
16 2.18853 0.501039 0.0576591 1.41514 0.0471915 0.071991
17 1.29609 0 0 -0.0777688 0.18264 -1.0512
18 1.62202 0.000712395 -0.000471115 0.0294091 -0.0272531 -1.25676
19 1.22241 0 0 0.0223414 -0.00802426 -0.76603
20 1.76707 1.27612 0.0366421 1.328 0.225255 0.0733779
21 1.55588 0 0 -0.142939 0.159067 -1.06546
22 1.24273 0 0 -0.000479215 0.000360576 -1.00946
23 0.784522 0 0 0.0101639 0.0127498 -0.61013
24 -2.4735 1.96366 -5.48939 -0.143291 0.3441 -1.97314
25 6.02794 0 0 1.13192 0.0261522 0.701318
26 11.7344 0 0 0.0014028 0 0.995061
27 8.81167 0 0 1.99703 0 0
28 5.77884 0 0 1.33801 0 0
29 2.23249 0 0 0.659018 0 0
30 11.4725 0 0 1.94788 0.156045 -0.474113
31 0.615814 0.994372 -0.809165 2.90228 0.397795 0.455052
32 2.24752 0 0 -0.0977373 -0.0520997 0.039343
33 1.11935 0 0 -0.110556 0.115636 -0.00773777
34 3.71349 0.102638 0.102191 -1.40911 0.58357 0.0965933
35 1.72615 0 0 -0.0184066 -0.000676694 1.51735
36 1.21112 0 0 0.00667247 0.00800511 -0.321301
37 3.5992 1.06012 0.0708885 -1.52636 0.488083 0.139804
38 1.66069 0 0 0.0439292 0.064311 0.822802
39 1.16699 0 0 0.0275332 0.0334931 0.32572
40 2.18853 -0.50104 0.0576596 -1.56816 0.138147 -0.161716
41 1.29609 0 0 0.0968892 -0.147774 0.669796
42 1.62202 -0.000711441 -0.000471115 -0.0204638 -0.0103197 1.57103
43 1.22241 0 0 0 0.00653318 -0.305208
44 1.76707 -1.27612 0.0366406 -1.36293 0.4626 -0.0448407
45 1.55587 0 0 -0.0095577 -0.0420001 0.976332
46 1.24273 0 0 0.000478842 0.000360451 1.0415
47 0.784533 0 0 -0.00138843 0.00235243 -0.396294
48 0 0 0 0 0 0
49 6.11334 2.51081 -8.0827 -2.40238 -1.55597 2.40438
50 6.12023 -19.9998 -3.82113 -3.12762 -0.774395 3.13377
51 6.10163 2.52145 -7.01557 -2.40238 -1.55597 2.40438
52 6.11177 -20.5687 -2.94213 -2.40238 -1.55597 2.40438
53 5.5738 -8.74002 -4.73303 -0.00998668 -0.0109538 0.00205163
54 0.533295 -3.57396 -0.116834 0 0 0
55 -0.439463 -5.01739 0.910444 0 0 0
56 0 -2.26997 1.22871 0.0206798 0 0
57 0 -5.92124 1.78377 0 0 0
58 0 -2.12202 -0.0619297 0 0 0
59 -0.575001 -1.69351 1.13699 0 0 0
60 0 -4.97525 -0.469842 0 0 0
61 0.694227 -1.89081 0.409987 -0.785398 0 0
time 42
0 5.11825 10.9692 -3.0277 -0.827033 0.693143 -1.04017
1 6.02794 0 0 -0.0197639 -0.0850168 -0.101029
2 11.7344 0 0 -0.00140285 0 -1.67009
3 8.81138 -0.000451088 -0.000112057 -0.507402 0 0.000157257
4 5.77839 0.000286102 0 -0.339959 0 0.000103233
5 2.23163 -0.000329971 -0.00036335 -0.167443 0 0
6 11.4725 0 0 -0.610248 0.240358 1.07929
7 0.615219 -0.993091 -0.8107 2.36101 0.0512842 -0.442576
8 2.24752 0 0 0.0870418 0.0754453 0.0898681
9 1.11936 0 0 0.0868585 0.0464882 -0.110728
10 3.71348 -0.102641 0.10219 1.49829 0.896637 0.234767
11 1.72615 0 0 0.0263275 -0.0109868 -1.28727
12 1.21114 0 0 -0.000154052 0.000329058 -0.915737
13 3.59919 -1.06012 0.0708866 1.53395 0.161845 -0.0676456
14 1.66069 0 0 0.0207494 0.133061 -0.435014
15 1.167 0 0 -0.00198892 -0.00149679 -0.825194
16 2.18852 0.501039 0.0576582 1.41514 0.0471914 0.071991
17 1.29609 0 0 -0.0777687 0.18264 -1.0512
18 1.62202 0.000715256 -0.000470161 0.029409 -0.0272532 -1.25676
19 1.22241 0 0 0.0223414 -0.00802419 -0.76603
20 1.76707 1.27612 0.0366402 1.328 0.225255 0.0733778
21 1.55588 0 0 -0.142939 0.159067 -1.06546
22 1.24273 0 0 -0.000479213 0.00036051 -1.00946
23 0.784523 0 0 0.0101639 0.0127499 -0.61013
24 -2.4735 1.96366 -5.48939 -0.143291 0.3441 -1.97314
25 6.02794 0 0 1.13065 0.0277411 0.701019
26 11.7344 0 0 0.0014027 0 0.994932
27 8.81167 0 0 1.9976 0 0
28 5.77884 0 0 1.33839 0 0
29 2.23249 0 0 0.659209 0 0
30 11.4725 0 0 1.94855 0.155419 -0.47335
31 0.615812 0.994371 -0.809165 2.90228 0.397795 0.455052
32 2.24752 0 0 -0.0977373 -0.0520997 0.0393429
33 1.11936 0 0 -0.110556 0.115636 -0.0077378
34 3.71349 0.10264 0.102191 -1.40911 0.58357 0.0965932
35 1.72615 0 0 -0.0184066 -0.000676535 1.51735
36 1.21112 0 0 0.00667258 0.00800503 -0.321301
37 3.5992 1.06012 0.070888 -1.52636 0.488082 0.139803
38 1.66069 0 0 0.0439293 0.0643108 0.822802
39 1.16699 0 0 0.0275332 0.0334931 0.32572
40 2.18853 -0.50104 0.0576591 -1.56816 0.138147 -0.161716
41 1.29609 0 0 0.0968892 -0.147774 0.669796
42 1.62202 -0.000715256 -0.000468254 -0.0204637 -0.0103197 1.57103
43 1.22241 0 0 0 0.00653303 -0.305208
44 1.76707 -1.27612 0.0366402 -1.36293 0.4626 -0.0448407
45 1.55587 0 0 -0.0095577 -0.0420001 0.976332
46 1.24273 0 0 0.000478938 0.000360619 1.0415
47 0.784531 0 0 -0.00138841 0.00235232 -0.396294
48 0 0 0 0 0 0
49 6.1212 2.51354 -8.10083 -2.41176 -1.55709 2.41377
50 6.13146 -20.0006 -3.85824 -3.12879 -0.775138 3.1346
51 6.11028 2.52328 -7.03368 -2.41176 -1.55709 2.41377
52 6.12365 -20.5702 -2.97972 -2.41176 -1.55709 2.41377
53 5.58424 -8.74011 -4.76025 -0.00914229 -0.0102185 0.00205282
54 0.533295 -3.57396 -0.116835 0 0 0
55 -0.439464 -5.01739 0.910444 0 0 0
56 0 -2.26997 1.22871 0.0206798 0 0
57 0 -5.92124 1.78377 0 0 0
58 0 -2.12202 -0.0619297 0 0 0
59 -0.575001 -1.69351 1.13699 0 0 0
60 0 -4.97525 -0.469841 0 0 0
61 0.694227 -1.89081 0.409987 -0.785398 0 0
time 43
0 5.11825 10.9692 -3.0277 -0.827033 0.693143 -1.04017
1 6.02794 0 0 -0.019352 -0.0849022 -0.0992813
2 11.7344 0 0 -0.00140279 0 -1.67043
3 8.81138 -0.000450134 -0.000112057 -0.509132 0 0.000157379
4 5.77839 0.000286102 0 -0.341118 0 0.000103194
5 2.23163 -0.000329018 -0.000363827 -0.168013 0 0
6 11.4725 0 0 -0.611973 0.24114 1.07887
7 0.61522 -0.993091 -0.8107 2.36101 0.0512841 -0.442576
8 2.24752 0 0 0.0870418 0.0754452 0.0898679
9 1.11936 0 0 0.0868586 0.0464882 -0.110728
10 3.71348 -0.102641 0.102191 1.49829 0.896637 0.234767
11 1.72615 0 0 0.0263276 -0.0109868 -1.28727
12 1.21113 0 0 -0.000154012 0.000329044 -0.915737
13 3.59919 -1.06012 0.0708885 1.53395 0.161844 -0.0676455
14 1.66069 0 0 0.0207494 0.133061 -0.435014
15 1.167 0 0 -0.00198888 -0.00149678 -0.825194
16 2.18853 0.50104 0.0576591 1.41514 0.0471913 0.0719911
17 1.29609 0 0 -0.0777687 0.18264 -1.0512
18 1.62202 0.000713348 -0.000471115 0.0294091 -0.0272531 -1.25676
19 1.22241 0 0 0.0223414 -0.00802427 -0.76603
20 1.76707 1.27612 0.0366411 1.328 0.225255 0.0733779
21 1.55588 0 0 -0.14294 0.159067 -1.06546
22 1.24274 0 0 -0.000479215 0.000360576 -1.00946
23 0.784522 0 0 0.010164 0.0127498 -0.61013
24 -2.4735 1.96366 -5.48939 -0.143291 0.3441 -1.97314
25 6.02794 0 0 1.12949 0.0296974 0.700497
26 11.7344 0 0 0.00140278 0 0.995291
27 8.81167 0 0 1.99797 0 0
28 5.77884 0 0 1.33864 0 0
29 2.23249 0 0 0.659329 0 0
30 11.4725 0 0 1.9488 0.155147 -0.473722
31 0.61581 0.994372 -0.809165 2.90228 0.397795 0.455052
32 2.24752 0 0 -0.0977373 -0.0520997 0.0393429
33 1.11935 0 0 -0.110556 0.115636 -0.00773764
34 3.71348 0.102638 0.10219 -1.40911 0.58357 0.0965934
35 1.72615 0 0 -0.0184066 -0.000676694 1.51735
36 1.21112 0 0 0.0066725 0.00800512 -0.321301
37 3.5992 1.06012 0.070888 -1.52636 0.488083 0.139804
38 1.66069 0 0 0.0439292 0.0643109 0.822802
39 1.16699 0 0 0.0275331 0.0334932 0.32572
40 2.18853 -0.50104 0.0576591 -1.56816 0.138147 -0.161716
41 1.29609 0 0 0.0968892 -0.147774 0.669796
42 1.62202 -0.000715256 -0.000468254 -0.0204638 -0.0103196 1.57103
43 1.22241 0 0 0 0.0065331 -0.305208
44 1.76707 -1.27612 0.0366406 -1.36293 0.4626 -0.0448405
45 1.55587 0 0 -0.00955756 -0.0420002 0.976332
46 1.24273 0 0 0.000478909 0.000360688 1.0415
47 0.784533 0 0 -0.00138847 0.00235229 -0.396294
48 0 0 0 0 0 0
49 6.12542 2.51872 -8.10532 -2.42757 -1.55928 2.4295
50 6.14037 -20.0022 -3.89872 -3.13102 -0.776667 3.13608
51 6.11611 2.52675 -7.03814 -2.42757 -1.55928 2.4295
52 6.13386 -20.5732 -3.0211 -2.42757 -1.55928 2.4295
53 5.59266 -8.74022 -4.78191 -0.00754165 -0.00870272 0.00196134
54 0.533295 -3.57396 -0.116835 0 0 0
55 -0.439464 -5.01739 0.910445 0 0 0
56 0 -2.26997 1.22871 0.0206798 0 0
57 0 -5.92124 1.78377 0 0 0
58 0 -2.12202 -0.0619292 0 0 0
59 -0.575001 -1.69351 1.13699 0 0 0
60 0 -4.97524 -0.469841 0 0 0
61 0.694227 -1.89081 0.409987 -0.785398 0 0
time 44
0 5.11825 10.9692 -3.0277 -0.827033 0.693143 -1.04017
1 6.02794 0 0 -0.0189863 -0.0848122 -0.0980021
2 11.7344 0 0 -0.00140277 0 -1.67071
3 8.81138 -0.000449181 -0.000112772 -0.511452 0 0.000157266
4 5.77839 0.000286102 0 -0.342673 0 0.000103233
5 2.23163 -0.000328064 -0.000363827 -0.168779 0 0
6 11.4725 0 0 -0.614401 0.242674 1.07941
7 0.615219 -0.993092 -0.8107 2.36101 0.0512842 -0.442576
8 2.24752 0 0 0.0870419 0.0754452 0.0898681
9 1.11936 0 0 0.0868585 0.0464882 -0.110728
10 3.71348 -0.102641 0.102192 1.49829 0.896637 0.234767
11 1.72615 0 0 0.0263276 -0.0109869 -1.28727
12 1.21114 0 0 -0.000153972 0.000329031 -0.915737
13 3.59919 -1.06012 0.0708876 1.53395 0.161845 -0.0676456
14 1.66069 0 0 0.0207494 0.133061 -0.435014
15 1.167 0 0 -0.00198885 -0.00149677 -0.825194
16 2.18852 0.501039 0.0576591 1.41514 0.0471917 0.0719911
17 1.29609 0 0 -0.0777687 0.18264 -1.0512
18 1.62202 0.000713348 -0.000471115 0.029409 -0.0272532 -1.25676
19 1.22241 0 0 0.0223414 -0.00802422 -0.76603
20 1.76707 1.27612 0.0366411 1.328 0.225255 0.0733779
21 1.55588 0 0 -0.142939 0.159067 -1.06546
22 1.24273 0 0 -0.000479187 0.000360524 -1.00946
23 0.784524 0 0 0.0101639 0.0127499 -0.61013
24 -2.4735 1.96366 -5.48939 -0.143291 0.3441 -1.97314
25 6.02794 0 0 1.12852 0.0319961 0.699742
26 11.7344 0 0 0.00140263 0 0.99621
27 8.81167 0 0 1.99806 0 0
28 5.77884 0 0 1.3387 0 0
29 2.23249 0 0 0.659361 0 0
30 11.4725 0 0 1.94853 0.155312 -0.475478
31 0.615812 0.994371 -0.809165 2.90228 0.397795 0.455052
32 2.24752 0 0 -0.0977373 -0.0520997 0.0393429
33 1.11936 0 0 -0.110556 0.115636 -0.00773759
34 3.71349 0.102639 0.10219 -1.40911 0.58357 0.0965935
35 1.72615 0 0 -0.0184065 -0.000676747 1.51735
36 1.21112 0 0 0.00667241 0.00800515 -0.321301
37 3.5992 1.06012 0.070888 -1.52636 0.488082 0.139804
38 1.66069 0 0 0.0439293 0.0643109 0.822802
39 1.16699 0 0 0.0275332 0.0334931 0.32572
40 2.18853 -0.501041 0.0576587 -1.56816 0.138147 -0.161716
41 1.29609 0 0 0.0968892 -0.147774 0.669796
42 1.62202 -0.000713348 -0.000471115 -0.0204639 -0.0103198 1.57103
43 1.22241 0 0 0 0.00653318 -0.305208
44 1.76707 -1.27612 0.0366402 -1.36293 0.4626 -0.0448406
45 1.55588 0 0 -0.00955758 -0.0420002 0.976332
46 1.24273 0 0 0.000478994 0.000360596 1.0415
47 0.784533 0 0 -0.00138844 0.00235247 -0.396294
48 0 0 0 0 0 0
49 6.12538 2.52664 -8.09245 -2.46268 -1.56271 2.46443
50 6.14637 -20.0045 -3.9413 -3.13446 -0.779092 3.13831
51 6.11865 2.53204 -7.02524 -2.46268 -1.56271 2.46443
52 6.14187 -20.5777 -3.06507 -2.46268 -1.56271 2.46443
53 5.59858 -8.74035 -4.79546 -0.00507766 -0.00629297 0.00176295
54 0.533295 -3.57396 -0.116835 0 0 0
55 -0.439464 -5.01739 0.910445 0 0 0
56 0 -2.26997 1.22871 0.0206798 0 0
57 0 -5.92124 1.78377 0 0 0
58 0 -2.12202 -0.0619297 0 0 0
59 -0.575001 -1.69351 1.13699 0 0 0
60 0 -4.97525 -0.469841 0 0 0
61 0.694227 -1.89081 0.409987 -0.785398 0 0
time 45
0 5.11825 10.9692 -3.0277 -0.827034 0.693143 -1.04017
1 6.02794 0 0 -0.0187245 -0.0847553 -0.0973458
2 11.7344 0 0 -0.0014028 0 -1.67092
3 8.81138 -0.000449181 -0.000112534 -0.514408 0 0.00015669
4 5.77839 0.000287056 0 -0.344653 0 0.000102791
5 2.23164 -0.000329018 -0.00036335 -0.169755 0 0
6 11.4725 0 0 -0.617571 0.245102 1.08112
7 0.61522 -0.993092 -0.810699 2.36101 0.0512843 -0.442576
8 2.24752 0 0 0.087042 0.0754454 0.0898681
9 1.11936 0 0 0.0868585 0.0464882 -0.110728
10 3.71348 -0.102641 0.102193 1.49829 0.896638 0.234767
11 1.72615 0 0 0.0263276 -0.0109868 -1.28727
12 1.21114 0 0 -0.000153999 0.000329018 -0.915737
13 3.59919 -1.06012 0.0708895 1.53395 0.161845 -0.0676455
14 1.66069 0 0 0.0207494 0.133061 -0.435014
15 1.167 0 0 -0.00198889 -0.00149679 -0.825194
16 2.18853 0.501039 0.0576601 1.41514 0.0471917 0.0719911
17 1.29609 0 0 -0.0777687 0.18264 -1.0512
18 1.62202 0.000712395 -0.000471115 0.029409 -0.0272532 -1.25676
19 1.22241 0 0 0.0223414 -0.0080242 -0.76603
20 1.76707 1.27612 0.0366421 1.328 0.225255 0.0733779
21 1.55588 0 0 -0.14294 0.159067 -1.06546
22 1.24273 0 0 -0.000479146 0.000360512 -1.00946
23 0.784524 0 0 0.0101639 0.0127499 -0.61013
24 -2.4735 1.96366 -5.48939 -0.143291 0.3441 -1.97314
25 6.02794 0 0 1.1278 0.0346191 0.698736
26 11.7344 0 0 0.00140272 0 0.997774
27 8.81167 0 0 1.99785 0 0
28 5.77884 0 0 1.33856 0 0
29 2.23249 0 0 0.659289 0 0
30 11.4725 0 0 1.94766 0.155994 -0.478879
31 0.615812 0.994372 -0.809166 2.90228 0.397795 0.455052
32 2.24752 0 0 -0.0977374 -0.0520997 0.0393427
33 1.11936 0 0 -0.110556 0.115636 -0.00773754
34 3.71349 0.102638 0.102191 -1.40911 0.58357 0.0965933
35 1.72615 0 0 -0.0184067 -0.00067657 1.51735
36 1.21112 0 0 0.00667257 0.00800489 -0.321301
37 3.5992 1.06012 0.070888 -1.52636 0.488083 0.139804
38 1.66069 0 0 0.0439294 0.0643108 0.822802
39 1.16699 0 0 0.0275332 0.0334932 0.32572
40 2.18853 -0.50104 0.0576591 -1.56816 0.138147 -0.161716
41 1.29609 0 0 0.0968893 -0.147774 0.669796
42 1.62201 -0.000713348 -0.000470161 -0.020464 -0.0103197 1.57103
43 1.22241 0 0 0 0.00653324 -0.305208
44 1.76707 -1.27612 0.0366402 -1.36293 0.4626 -0.0448408
45 1.55587 0 0 -0.00955764 -0.0420001 0.976332
46 1.24273 0 0 0.000479011 0.000360625 1.0415
47 0.784531 0 0 -0.00138844 0.00235245 -0.396294
48 0 0 0 0 0 0
49 6.12056 2.53758 -8.05848 -2.62248 -1.56748 2.62393
50 6.14878 -20.0077 -3.98469 -3.13928 -0.782521 3.1414
51 6.11749 2.53933 -6.99124 -2.62248 -1.56748 2.62393
52 6.1471 -20.5839 -3.11043 -2.62248 -1.56748 2.62393
53 5.60156 -8.74049 -4.79835 -0.00164318 -0.00287574 0.00144339
54 0.533294 -3.57396 -0.116835 0 0 0
55 -0.439463 -5.01739 0.910445 0 0 0
56 0 -2.26997 1.22871 0.0206798 0 0
57 0 -5.92124 1.78377 0 0 0
58 0 -2.12203 -0.0619297 0 0 0
59 -0.575001 -1.69351 1.13699 0 0 0
60 0 -4.97524 -0.469841 0 0 0
61 0.694227 -1.89081 0.409988 -0.785398 0 0
time 46
0 5.11825 10.9692 -3.0277 -0.827033 0.693143 -1.04017
1 6.02794 0 0 -0.0186529 -0.0847458 -0.097416
2 11.7344 0 0 -0.00140291 0 -1.67103
3 8.81138 -0.000450134 -0.000112772 -0.517811 0 0.000157261
4 5.77839 0.000287056 0 -0.346934 0 0.000103217
5 2.23163 -0.000329018 -0.000363827 -0.170878 0 0
6 11.4725 0 0 -0.62124 0.248355 1.08397
7 0.61522 -0.993091 -0.8107 2.36101 0.0512842 -0.442576
8 2.24752 0 0 0.0870419 0.0754454 0.0898681
9 1.11936 0 0 0.0868586 0.0464882 -0.110728
10 3.71348 -0.102641 0.102192 1.49829 0.896637 0.234767
11 1.72615 0 0 0.0263276 -0.0109869 -1.28727
12 1.21114 0 0 -0.000154025 0.000329071 -0.915737
13 3.59919 -1.06012 0.0708885 1.53395 0.161844 -0.0676455
14 1.66069 0 0 0.0207494 0.133061 -0.435014
15 1.167 0 0 -0.00198887 -0.00149679 -0.825194
16 2.18853 0.50104 0.0576601 1.41514 0.0471915 0.0719911
17 1.29609 0 0 -0.0777687 0.18264 -1.0512
18 1.62202 0.000714302 -0.000471115 0.029409 -0.0272532 -1.25676
19 1.22241 0 0 0.0223414 -0.00802427 -0.76603
20 1.76707 1.27612 0.0366411 1.328 0.225255 0.0733778
21 1.55588 0 0 -0.14294 0.159067 -1.06546
22 1.24273 0 0 -0.000479172 0.000360498 -1.00946
23 0.784524 0 0 0.0101639 0.0127498 -0.61013
24 -2.4735 1.96366 -5.48939 -0.143291 0.3441 -1.97314
25 6.02794 0 0 1.12738 0.0373586 0.697564
26 11.7344 0 0 0.0014027 0 0.999876
27 8.81167 0 0 1.99733 0 0
28 5.77884 0 0 1.33821 0 0
29 2.23249 0 0 0.659119 0 0
30 11.4725 0 0 1.9462 0.157159 -0.483793
31 0.615812 0.994372 -0.809165 2.90228 0.397795 0.455052
32 2.24752 0 0 -0.0977373 -0.0520998 0.0393429
33 1.11936 0 0 -0.110556 0.115636 -0.00773768
34 3.71349 0.102639 0.102191 -1.40911 0.58357 0.0965934
35 1.72615 0 0 -0.0184067 -0.000676675 1.51735
36 1.21112 0 0 0.00667257 0.00800489 -0.321301
37 3.5992 1.06012 0.070888 -1.52636 0.488083 0.139803
38 1.66069 0 0 0.0439293 0.0643109 0.822802
39 1.16699 0 0 0.0275332 0.0334931 0.32572
40 2.18853 -0.501042 0.0576596 -1.56816 0.138147 -0.161716
41 1.29609 0 0 0.0968892 -0.147774 0.669796
42 1.62202 -0.000713348 -0.000469208 -0.0204638 -0.0103197 1.57103
43 1.22241 0 0 0 0.006533 -0.305208
44 1.76707 -1.27612 0.0366406 -1.36293 0.4626 -0.0448405
45 1.55587 0 0 -0.0095576 -0.0420001 0.976332
46 1.24273 0 0 0.000478913 0.000360574 1.0415
47 0.784533 0 0 -0.00138836 0.00235238 -0.396293
48 0 0 0 0 0 0
49 6.11168 2.55084 -8.0038 1.0863 -1.56788 -1.08527
50 6.14765 -20.0114 -4.02535 3.13793 -0.786754 -3.13798
51 6.11314 2.54809 -6.93655 1.0863 -1.56788 -1.08527
52 6.14943 -20.5913 -3.15353 1.0863 -1.56788 -1.08527
53 5.60175 -8.74068 -4.78912 0.00258324 0.00135978 0.00102641
54 0.533295 -3.57396 -0.116835 0 0 0
55 -0.439464 -5.01739 0.910444 0 0 0
56 0 -2.26997 1.22871 0.0206798 0 0
57 0 -5.92124 1.78377 0 0 0
58 0 -2.12202 -0.0619297 0 0 0
59 -0.575001 -1.69351 1.13699 0 0 0
60 0 -4.97524 -0.469841 0 0 0
61 0.694227 -1.89081 0.409987 -0.785398 0 0
time 47
0 5.11825 10.9692 -3.0277 -0.827033 0.693143 -1.04017
1 6.02794 0 0 -0.018745 -0.0847782 -0.0980849
2 11.7344 0 0 -0.00140285 0 -1.67104
3 8.81138 -0.000450134 -0.000112057 -0.521485 0 0.000157363
4 5.77839 0.000286102 0 -0.349395 0 0.000103227
5 2.23164 -0.000329018 -0.000364304 -0.17209 0 0
6 11.4725 0 0 -0.625204 0.252214 1.08769
7 0.615219 -0.993091 -0.8107 2.36101 0.0512842 -0.442576
8 2.24752 0 0 0.0870419 0.0754453 0.089868
9 1.11936 0 0 0.0868585 0.0464881 -0.110728
10 3.71348 -0.102641 0.102191 1.49829 0.896637 0.234767
11 1.72615 0 0 0.0263276 -0.0109868 -1.28727
12 1.21114 0 0 -0.000154012 0.000329044 -0.915737
13 3.59919 -1.06012 0.0708885 1.53395 0.161844 -0.0676456
14 1.66069 0 0 0.0207493 0.133061 -0.435014
15 1.167 0 0 -0.00198888 -0.00149678 -0.825194
16 2.18853 0.50104 0.0576601 1.41514 0.0471915 0.071991
17 1.29609 0 0 -0.0777687 0.18264 -1.0512
18 1.62202 0.000714302 -0.000470638 0.029409 -0.0272532 -1.25676
19 1.22241 0 0 0.0223414 -0.00802423 -0.76603
20 1.76707 1.27612 0.0366411 1.328 0.225255 0.0733778
21 1.55588 0 0 -0.142939 0.159067 -1.06546
22 1.24273 0 0 -0.000479184 0.000360457 -1.00946
23 0.784522 0 0 0.0101639 0.0127497 -0.61013
24 -2.4735 1.96366 -5.48939 -0.143291 0.3441 -1.97314
25 6.02794 0 0 1.12723 0.040132 0.696281
26 11.7344 0 0 0.00140269 0 1.00239
27 8.81167 0 0 1.99659 0 0
28 5.77884 0 0 1.33772 0 0
29 2.23249 0 0 0.658875 0 0
30 11.4725 0 0 1.94431 0.158679 -0.489839
31 0.615814 0.994372 -0.809165 2.90228 0.397795 0.455052
32 2.24752 0 0 -0.0977373 -0.0520996 0.0393429
33 1.11936 0 0 -0.110556 0.115636 -0.00773776
34 3.71349 0.102639 0.102191 -1.40911 0.58357 0.0965933
35 1.72615 0 0 -0.0184067 -0.000676654 1.51735
36 1.21112 0 0 0.00667254 0.00800509 -0.321301
37 3.5992 1.06012 0.0708885 -1.52636 0.488082 0.139803
38 1.66069 0 0 0.0439293 0.0643107 0.822802
39 1.16699 0 0 0.0275332 0.0334933 0.32572
40 2.18853 -0.501042 0.0576596 -1.56816 0.138147 -0.161716
41 1.29609 0 0 0.0968891 -0.147774 0.669796
42 1.62201 -0.000713348 -0.000469208 -0.0204637 -0.0103196 1.57103
43 1.22241 0 0 0 0.00653302 -0.305208
44 1.76707 -1.27612 0.0366406 -1.36293 0.4626 -0.0448407
45 1.55588 0 0 -0.00955765 -0.0420001 0.976332
46 1.24273 0 0 0.000478952 0.000360524 1.0415
47 0.784529 0 0 -0.00138831 0.00235243 -0.396293
48 0 0 0 0 0 0
49 6.09999 2.56554 -7.93338 0.874255 -1.56121 -0.873735
50 6.1435 -20.0155 -4.06266 3.13113 -0.791519 -3.13365
51 6.10656 2.5577 -6.86618 0.874255 -1.56121 -0.873735
52 6.14916 -20.5995 -3.19363 0.874255 -1.56121 -0.873735
53 5.5997 -8.74092 -4.77011 0.00735165 0.00614871 0.000545279
54 0.533295 -3.57396 -0.116835 0 0 0
55 -0.439464 -5.01739 0.910445 0 0 0
56 0 -2.26997 1.22871 0.0206798 0 0
57 0 -5.92124 1.78377 0 0 0
58 0 -2.12203 -0.0619297 0 0 0
59 -0.575001 -1.69351 1.13699 0 0 0
60 0 -4.97525 -0.469841 0 0 0
61 0.694227 -1.89081 0.409987 -0.785398 0 0
time 48
0 5.11825 10.9692 -3.0277 -0.827033 0.693143 -1.04017
1 6.02794 0 0 -0.018889 -0.0848307 -0.0991613
2 11.7344 0 0 -0.00140288 0 -1.671
3 8.81138 -0.000451088 -0.000112295 -0.525486 0 0.000157474
4 5.77839 0.000286102 0 -0.352076 0 0.000103193
5 2.23163 -0.000329971 -0.00036478 -0.173411 0 0
6 11.4725 0 0 -0.629557 0.256604 1.09208
7 0.61522 -0.993091 -0.8107 2.36101 0.0512841 -0.442576
8 2.24752 0 0 0.0870418 0.0754453 0.0898679
9 1.11936 0 0 0.0868586 0.0464882 -0.110728
10 3.71348 -0.102641 0.102191 1.49829 0.896637 0.234767
11 1.72615 0 0 0.0263276 -0.0109868 -1.28727
12 1.21114 0 0 -0.000153972 0.000329097 -0.915737
13 3.59919 -1.06012 0.0708885 1.53395 0.161845 -0.0676455
14 1.66069 0 0 0.0207493 0.133061 -0.435014
15 1.167 0 0 -0.0019889 -0.00149677 -0.825194
16 2.18853 0.501039 0.0576582 1.41514 0.0471915 0.0719911
17 1.29609 0 0 -0.0777687 0.18264 -1.0512
18 1.62202 0.000713348 -0.000471592 0.029409 -0.0272531 -1.25676
19 1.22241 0 0 0.0223413 -0.00802417 -0.76603
20 1.76707 1.27612 0.0366402 1.328 0.225255 0.0733779
21 1.55587 0 0 -0.14294 0.159067 -1.06546
22 1.24273 0 0 -0.000479187 0.000360524 -1.00946
23 0.784523 0 0 0.0101639 0.0127498 -0.61013
24 -2.4735 1.96366 -5.48939 -0.143291 0.3441 -1.97314
25 6.02794 0 0 1.12728 0.0431104 0.694828
26 11.7344 0 0 0.00140269 0 1.00538
27 8.81167 0 0 1.99565 0 0
28 5.77884 0 0 1.33708 0 0
29 2.23249 0 0 0.658563 0 0
30 11.4725 0 0 1.94202 0.160493 -0.496904
31 0.615814 0.994371 -0.809165 2.90228 0.397795 0.455052
32 2.24752 0 0 -0.0977373 -0.0520997 0.0393429
33 1.11936 0 0 -0.110556 0.115636 -0.00773757
34 3.71349 0.102639 0.102191 -1.40911 0.58357 0.0965933
35 1.72615 0 0 -0.0184066 -0.000676672 1.51735
36 1.21112 0 0 0.0066726 0.00800508 -0.321301
37 3.5992 1.06012 0.070888 -1.52636 0.488082 0.139803
38 1.66069 0 0 0.0439292 0.0643108 0.822802
39 1.16699 0 0 0.0275332 0.0334931 0.32572
40 2.18853 -0.50104 0.0576596 -1.56816 0.138147 -0.161716
41 1.29609 0 0 0.0968893 -0.147774 0.669796
42 1.62202 -0.000713348 -0.000470161 -0.0204638 -0.0103197 1.57103
43 1.22241 0 0 0 0.00653309 -0.305208
44 1.76707 -1.27612 0.0366406 -1.36293 0.4626 -0.0448408
45 1.55587 0 0 -0.00955766 -0.0420001 0.976332
46 1.24273 0 0 0.000478919 0.000360465 1.0415
47 0.784533 0 0 -0.00138838 0.00235248 -0.396294
48 0 0 0 0 0 0
49 6.08581 2.58161 -7.85033 0.833812 -1.5537 -0.833884
50 6.1363 -20.0197 -4.0998 3.12348 -0.796808 -3.12878
51 6.09807 2.5681 -6.78324 0.833812 -1.5537 -0.833884
52 6.14625 -20.6083 -3.23393 0.833812 -1.5537 -0.833884
53 5.59557 -8.7412 -4.74449 0.0126621 0.011491 0
54 0.533295 -3.57396 -0.116835 0 0 0
55 -0.439464 -5.01739 0.910444 0 0 0
56 0 -2.26997 1.22871 0.0206798 0 0
57 0 -5.92124 1.78377 0 0 0
58 0 -2.12203 -0.0619292 0 0 0
59 -0.575001 -1.69351 1.13699 0 0 0
60 0 -4.97525 -0.469841 0 0 0
61 0.694227 -1.89081 0.409987 -0.785398 0 0
time 49
0 5.11825 10.9692 -3.0277 -0.827033 0.693143 -1.04017
1 6.02794 0 0 -0.0198574 -0.0850401 -0.101347
2 11.7344 0 0 -0.00140283 0 -1.6706
3 8.81138 -0.000449181 -0.000111818 -0.523036 0 0.000157414
4 5.77839 0.000287056 0 -0.350434 0 0.000103272
5 2.23163 -0.000329018 -0.00036335 -0.172602 0 0
6 11.4725 0 0 -0.626226 0.257389 1.09514
7 0.61522 -0.993091 -0.8107 2.36101 0.0512842 -0.442576
8 2.24752 0 0 0.0870418 0.0754454 0.0898681
9 1.11936 0 0 0.0868586 0.0464881 -0.110728
10 3.71348 -0.10264 0.10219 1.49829 0.896637 0.234767
11 1.72615 0 0 0.0263275 -0.0109868 -1.28727
12 1.21114 0 0 -0.000153972 0.000329097 -0.915737
13 3.59919 -1.06012 0.0708876 1.53395 0.161844 -0.0676455
14 1.66069 0 0 0.0207494 0.133061 -0.435014
15 1.167 0 0 -0.00198887 -0.0014968 -0.825194
16 2.18853 0.50104 0.0576582 1.41514 0.0471914 0.0719911
17 1.29609 0 0 -0.0777687 0.18264 -1.0512
18 1.62202 0.000713348 -0.000471115 0.029409 -0.0272532 -1.25676
19 1.22241 0 0 0.0223414 -0.0080242 -0.76603
20 1.76707 1.27612 0.0366402 1.328 0.225255 0.0733779
21 1.55588 0 0 -0.14294 0.159067 -1.06546
22 1.24273 0 0 -0.000479227 0.000360536 -1.00946
23 0.784523 0 0 0.0101639 0.0127499 -0.61013
24 -2.4735 1.96366 -5.48939 -0.143291 0.3441 -1.97314
25 6.02794 0 0 1.12782 0.042334 0.695017
26 11.7344 0 0 0.00140268 0 1.0055
27 8.81167 0 0 1.99796 0 0
28 5.77884 0 0 1.33864 0 0
29 2.23249 0 0 0.659328 0 0
30 11.4725 0 0 1.94399 0.160555 -0.497124
31 0.615812 0.994373 -0.809165 2.90228 0.397795 0.455052
32 2.24752 0 0 -0.0977373 -0.0520997 0.0393429
33 1.11936 0 0 -0.110556 0.115636 -0.00773764
34 3.71349 0.102641 0.10219 -1.40911 0.58357 0.0965932
35 1.72615 0 0 -0.0184067 -0.000676635 1.51735
36 1.21112 0 0 0.00667249 0.00800502 -0.321301
37 3.5992 1.06012 0.070888 -1.52636 0.488083 0.139804
38 1.66069 0 0 0.0439292 0.064311 0.822802
39 1.16699 0 0 0.0275333 0.0334931 0.32572
40 2.18853 -0.50104 0.0576591 -1.56816 0.138147 -0.161716
41 1.29609 0 0 0.0968893 -0.147774 0.669796
42 1.62202 -0.000713348 -0.0004673 -0.0204638 -0.0103196 1.57103
43 1.22241 0 0 0 0.00653321 -0.305208
44 1.76707 -1.27612 0.0366402 -1.36293 0.4626 -0.0448407
45 1.55587 0 0 -0.00955754 -0.0420002 0.976332
46 1.24273 0 0 0.000478904 0.000360678 1.0415
47 0.784531 0 0 -0.00138838 0.00235244 -0.396294
48 0 0 0 0 0 0
49 6.08689 2.58359 -7.81191 0.967869 -1.55454 -0.967931
50 6.1287 -20.0204 -4.0777 3.12248 -0.794524 -3.12808
51 6.09672 2.5693 -6.74481 0.967869 -1.55454 -0.967931
52 6.13668 -20.6097 -3.21222 0.967869 -1.55454 -0.967931
53 5.58951 -8.74147 -4.71542 0.0133884 0.00921677 0
54 0.533295 -3.57396 -0.116835 0 0 0
55 -0.439464 -5.01739 0.910444 0 0 0
56 0 -2.26997 1.22871 0.0206798 0 0
57 0 -5.92124 1.78377 0 0 0
58 0 -2.12202 -0.0619297 0 0 0
59 -0.575001 -1.69351 1.13699 0 0 0
60 0 -4.97524 -0.469842 0 0 0
61 0.694227 -1.89081 0.409987 -0.785398 0 0
time 50
0 5.11825 10.9692 -3.0277 -0.827033 0.693143 -1.04017
1 6.02794 0 0 -0.0206818 -0.0852333 -0.103592
2 11.7344 0 0 -0.0014028 0 -1.67019
3 8.81138 -0.000450134 -0.000112295 -0.520762 0 0.000157411
4 5.77839 0.000286102 0 -0.348911 0 0.000103279
5 2.23163 -0.000329018 -0.00036478 -0.171851 0 0
6 11.4725 0 0 -0.623296 0.25794 1.0979
7 0.615219 -0.993091 -0.8107 2.36101 0.0512841 -0.442577
8 2.24752 0 0 0.0870419 0.0754452 0.0898678
9 1.11936 0 0 0.0868585 0.0464882 -0.110728
10 3.71348 -0.102641 0.102191 1.49829 0.896637 0.234767
11 1.72615 0 0 0.0263276 -0.0109868 -1.28727
12 1.21114 0 0 -0.000153973 0.000328964 -0.915737
13 3.59919 -1.06012 0.0708876 1.53395 0.161845 -0.0676455
14 1.66069 0 0 0.0207493 0.133061 -0.435014
15 1.167 0 0 -0.00198889 -0.00149679 -0.825194
16 2.18853 0.50104 0.0576582 1.41514 0.0471915 0.071991
17 1.29609 0 0 -0.0777688 0.18264 -1.0512
18 1.62202 0.000715256 -0.000470638 0.029409 -0.0272532 -1.25676
19 1.22241 0 0 0.0223414 -0.00802425 -0.76603
20 1.76707 1.27612 0.0366402 1.328 0.225255 0.0733779
21 1.55588 0 0 -0.142939 0.159067 -1.06546
22 1.24274 0 0 -0.000479201 0.00036055 -1.00946
23 0.784523 0 0 0.0101639 0.0127498 -0.61013
24 -2.4735 1.96366 -5.48939 -0.143291 0.3441 -1.97314
25 6.02794 0 0 1.12857 0.0413859 0.695217
26 11.7344 0 0 0.00140271 0 1.00567
27 8.81167 0 0 1.99971 0 0
28 5.77884 0 0 1.33981 0 0
29 2.23249 0 0 0.659906 0 0
30 11.4725 0 0 1.94544 0.160756 -0.497465
31 0.615814 0.994372 -0.809165 2.90228 0.397795 0.455052
32 2.24752 0 0 -0.0977373 -0.0520997 0.0393429
33 1.11936 0 0 -0.110556 0.115636 -0.00773765
34 3.71349 0.102639 0.102191 -1.40911 0.58357 0.0965933
35 1.72615 0 0 -0.0184067 -0.000676471 1.51735
36 1.21112 0 0 0.00667258 0.0080052 -0.321301
37 3.5992 1.06012 0.0708885 -1.52636 0.488083 0.139804
38 1.66069 0 0 0.0439293 0.0643108 0.822802
39 1.16699 0 0 0.0275332 0.0334932 0.32572
40 2.18853 -0.501041 0.0576596 -1.56816 0.138147 -0.161716
41 1.29609 0 0 0.0968891 -0.147774 0.669796
42 1.62202 -0.000713348 -0.000470161 -0.0204639 -0.0103198 1.57103
43 1.22241 0 0 0 0.0065332 -0.305208
44 1.76707 -1.27612 0.0366406 -1.36293 0.4626 -0.0448405
45 1.55588 0 0 -0.00955774 -0.042 0.976332
46 1.24273 0 0 0.000478863 0.000360487 1.0415
47 0.784531 0 0 -0.00138829 0.00235233 -0.396294
48 0 0 0 0 0 0
49 6.08538 2.58459 -7.77698 1.09066 -1.55525 -1.0907
50 6.11953 -20.0209 -4.05178 3.12195 -0.792484 -3.1277
51 6.09305 2.56988 -6.70986 1.09066 -1.55525 -1.0907
52 6.12575 -20.6105 -3.18653 1.09066 -1.55525 -1.0907
53 5.58167 -8.74171 -4.68606 0.0137908 0.0071819 0
54 0.533294 -3.57396 -0.116835 0 0 0
55 -0.439464 -5.01739 0.910444 0 0 0
56 0 -2.26997 1.22871 0.0206798 0 0
57 0 -5.92124 1.78377 0 0 0
58 0 -2.12202 -0.0619302 0 0 0
59 -0.575001 -1.69351 1.13699 0 0 0
60 0 -4.97525 -0.469842 0 0 0
61 0.694227 -1.89081 0.409988 -0.785398 0 0
time 51
0 5.11825 10.9692 -3.0277 -0.827033 0.693143 -1.04017
1 6.02794 0 0 -0.0212532 -0.0853885 -0.105701
2 11.7344 0 0 -0.00140278 0 -1.6698
3 8.81138 -0.000449181 -0.000111818 -0.518723 0 0.000156918
4 5.77839 0.000286102 0 -0.347544 0 0.000102894
5 2.23163 -0.000329971 -0.00036335 -0.171179 0 0
6 11.4725 0 0 -0.62087 0.258177 1.10017
7 0.61522 -0.993091 -0.8107 2.36101 0.0512841 -0.442576
8 2.24752 0 0 0.0870419 0.0754452 0.0898679
9 1.11936 0 0 0.0868585 0.0464883 -0.110728
10 3.71348 -0.102641 0.10219 1.49829 0.896637 0.234767
11 1.72615 0 0 0.0263275 -0.0109868 -1.28727
12 1.21113 0 0 -0.000153959 0.000329071 -0.915737
13 3.59919 -1.06012 0.0708876 1.53395 0.161844 -0.0676455
14 1.66069 0 0 0.0207493 0.133061 -0.435014
15 1.167 0 0 -0.00198885 -0.00149677 -0.825194
16 2.18852 0.501039 0.0576591 1.41514 0.0471915 0.071991
17 1.29609 0 0 -0.0777688 0.18264 -1.0512
18 1.62202 0.000713348 -0.000471115 0.0294091 -0.0272532 -1.25676
19 1.22241 0 0 0.0223414 -0.00802423 -0.76603
20 1.76707 1.27612 0.0366411 1.328 0.225255 0.0733778
21 1.55587 0 0 -0.14294 0.159067 -1.06546
22 1.24274 0 0 -0.000479215 0.000360576 -1.00946
23 0.784525 0 0 0.0101639 0.0127498 -0.61013
24 -2.4735 1.96366 -5.48939 -0.143291 0.3441 -1.97314
25 6.02794 0 0 1.12946 0.0404231 0.695376
26 11.7344 0 0 0.00140267 0 1.00592
27 8.81167 0 0 2.00092 0 0
28 5.77884 0 0 1.34062 0 0
29 2.23249 0 0 0.660305 0 0
30 11.4725 0 0 1.94642 0.161047 -0.497787
31 0.615812 0.994373 -0.809165 2.90228 0.397795 0.455052
32 2.24752 0 0 -0.0977373 -0.0520996 0.0393429
33 1.11935 0 0 -0.110556 0.115636 -0.00773759
34 3.71349 0.102639 0.102191 -1.40911 0.58357 0.0965935
35 1.72615 0 0 -0.0184067 -0.000676621 1.51735
36 1.21112 0 0 0.00667258 0.00800502 -0.321301
37 3.5992 1.06012 0.0708885 -1.52636 0.488083 0.139804
38 1.66069 0 0 0.0439293 0.0643108 0.822802
39 1.16699 0 0 0.0275332 0.0334932 0.32572
40 2.18853 -0.50104 0.0576591 -1.56816 0.138147 -0.161716
41 1.29609 0 0 0.0968894 -0.147774 0.669796
42 1.62202 -0.000713348 -0.000471115 -0.0204638 -0.0103197 1.57103
43 1.22241 0 0 0 0.00653318 -0.305208
44 1.76707 -1.27612 0.0366406 -1.36293 0.4626 -0.0448406
45 1.55587 0 0 -0.00955762 -0.042 0.976332
46 1.24273 0 0 0.00047894 0.000360623 1.0415
47 0.784533 0 0 -0.0013883 0.00235239 -0.396293
48 0 0 0 0 0 0
49 6.08148 2.58466 -7.7487 1.20034 -1.55592 -1.20038
50 6.10893 -20.0211 -4.02522 3.12187 -0.790688 -3.12765
51 6.08722 2.56986 -6.68156 1.20034 -1.55592 -1.20038
52 6.11359 -20.6108 -3.16 1.20034 -1.55592 -1.20038
53 5.57221 -8.74188 -4.65958 0.0138694 0.00538643 0
54 0.533295 -3.57396 -0.116835 0 0 0
55 -0.439464 -5.01739 0.910444 0 0 0
56 0 -2.26997 1.22871 0.0206798 0 0
57 0 -5.92124 1.78377 0 0 0
58 0 -2.12202 -0.0619297 0 0 0
59 -0.575001 -1.69351 1.13699 0 0 0
60 0 -4.97524 -0.469841 0 0 0
61 0.694227 -1.89081 0.409988 -0.785398 0 0
time 52
0 5.11825 10.9692 -3.0277 -0.827033 0.693143 -1.04017
1 6.02794 0 0 -0.0214653 -0.085481 -0.10748
2 11.7344 0 0 -0.00140277 0 -1.66949
3 8.81138 -0.000450134 -0.000111818 -0.516972 0 0.000157779
4 5.77839 0.000286102 0 -0.346371 0 0.000103515
5 2.23164 -0.000329971 -0.00036335 -0.170601 0 0
6 11.4725 0 0 -0.619043 0.258022 1.10177
7 0.61522 -0.993091 -0.8107 2.36101 0.0512842 -0.442576
8 2.24752 0 0 0.0870418 0.0754453 0.089868
9 1.11936 0 0 0.0868585 0.0464882 -0.110728
10 3.71348 -0.102641 0.102191 1.49829 0.896637 0.234767
11 1.72615 0 0 0.0263275 -0.0109868 -1.28727
12 1.21114 0 0 -0.000153999 0.000329018 -0.915737
13 3.59919 -1.06012 0.0708885 1.53395 0.161845 -0.0676454
14 1.66069 0 0 0.0207493 0.133061 -0.435014
15 1.167 0 0 -0.0019889 -0.00149681 -0.825194
16 2.18853 0.501039 0.0576591 1.41514 0.0471916 0.0719912
17 1.29609 0 0 -0.0777687 0.18264 -1.0512
18 1.62202 0.000713348 -0.000471115 0.029409 -0.0272531 -1.25676
19 1.22241 0 0 0.0223414 -0.00802427 -0.76603
20 1.76707 1.27612 0.0366402 1.328 0.225255 0.073378
21 1.55588 0 0 -0.142939 0.159067 -1.06546
22 1.24273 0 0 -0.000479213 0.00036051 -1.00946
23 0.784523 0 0 0.010164 0.0127499 -0.61013
24 -2.4735 1.96366 -5.48939 -0.143291 0.3441 -1.97314
25 6.02794 0 0 1.13042 0.0396048 0.695442
26 11.7344 0 0 0.00140269 0 1.0063
27 8.81167 0 0 2.00162 0 0
28 5.77884 0 0 1.34108 0 0
29 2.23249 0 0 0.660534 0 0
30 11.4725 0 0 1.94698 0.161373 -0.497956
31 0.615814 0.994372 -0.809165 2.90228 0.397795 0.455052
32 2.24752 0 0 -0.0977374 -0.0520997 0.0393428
33 1.11936 0 0 -0.110556 0.115636 -0.00773764
34 3.71348 0.102639 0.102191 -1.40911 0.58357 0.0965932
35 1.72615 0 0 -0.0184067 -0.000676671 1.51735
36 1.21112 0 0 0.00667261 0.00800519 -0.321301
37 3.5992 1.06012 0.070888 -1.52636 0.488083 0.139804
38 1.66069 0 0 0.0439294 0.0643109 0.822802
39 1.16699 0 0 0.0275331 0.0334931 0.32572
40 2.18853 -0.50104 0.0576587 -1.56816 0.138147 -0.161716
41 1.29609 0 0 0.0968891 -0.147774 0.669796
42 1.62202 -0.000713348 -0.000469208 -0.0204639 -0.0103198 1.57103
43 1.22241 0 0 0 0.00653308 -0.305208
44 1.76707 -1.27612 0.0366397 -1.36293 0.4626 -0.0448406
45 1.55587 0 0 -0.00955768 -0.042 0.976332
46 1.24273 0 0 0.00047896 0.000360657 1.0415
47 0.784531 0 0 -0.00138835 0.00235234 -0.396294
48 0 0 0 0 0 0
49 6.07534 2.58382 -7.73024 1.29672 -1.55664 -1.29675
50 6.09701 -20.0211 -4.00117 3.12225 -0.789135 -3.12792
51 6.07942 2.56928 -6.66309 1.29672 -1.55664 -1.29675
52 6.10033 -20.6105 -3.13581 1.29672 -1.55664 -1.29675
53 5.56127 -8.74197 -4.63913 0.013624 0.00383035 0
54 0.533295 -3.57396 -0.116835 0 0 0
55 -0.439463 -5.01739 0.910444 0 0 0
56 0 -2.26997 1.22871 0.0206797 0 0
57 0 -5.92124 1.78377 0 0 0
58 0 -2.12202 -0.0619297 0 0 0
59 -0.575 -1.69351 1.13699 0 0 0
60 0 -4.97524 -0.469841 0 0 0
61 0.694227 -1.89081 0.409987 -0.785398 0 0
time 53
0 5.11825 10.9692 -3.0277 -0.827033 0.693143 -1.04017
1 6.02794 0 0 -0.021183 -0.0854925 -0.109097
2 11.7344 0 0 -0.0014028 0 -1.66925
3 8.81138 -0.000450134 -0.000111818 -0.515433 0 0.000157589
4 5.77839 0.000284195 0 -0.34534 0 0.000103393
5 2.23163 -0.000329971 -0.000364304 -0.170093 0 0
6 11.4725 0 0 -0.617912 0.257395 1.10286
7 0.615219 -0.993091 -0.8107 2.36101 0.0512842 -0.442576
8 2.24752 0 0 0.0870419 0.0754454 0.0898682
9 1.11936 0 0 0.0868585 0.0464882 -0.110728
10 3.71348 -0.102642 0.102191 1.49829 0.896637 0.234767
11 1.72615 0 0 0.0263275 -0.0109868 -1.28727
12 1.21114 0 0 -0.000153998 0.000329084 -0.915737
13 3.59919 -1.06012 0.0708885 1.53395 0.161845 -0.0676454
14 1.66069 0 0 0.0207493 0.133061 -0.435014
15 1.167 0 0 -0.00198885 -0.00149676 -0.825194
16 2.18853 0.50104 0.0576591 1.41514 0.0471915 0.0719912
17 1.29609 0 0 -0.0777687 0.18264 -1.0512
18 1.62202 0.000713348 -0.000470638 0.029409 -0.0272531 -1.25676
19 1.22241 0 0 0.0223413 -0.00802421 -0.76603
20 1.76707 1.27612 0.0366411 1.328 0.225255 0.073378
21 1.55588 0 0 -0.142939 0.159067 -1.06546
22 1.24273 0 0 -0.000479187 0.000360524 -1.00946
23 0.784524 0 0 0.0101639 0.0127499 -0.61013
24 -2.4735 1.96366 -5.48939 -0.143291 0.3441 -1.97314
25 6.02794 0 0 1.13161 0.0389804 0.695331
26 11.7344 0 0 0.00140268 0 1.00702
27 8.81167 0 0 2.00168 0 0
28 5.77884 0 0 1.34113 0 0
29 2.23249 0 0 0.660556 0 0
30 11.4725 0 0 1.94699 0.161873 -0.498139
31 0.615814 0.994371 -0.809165 2.90228 0.397795 0.455052
32 2.24752 0 0 -0.0977373 -0.0520998 0.039343
33 1.11936 0 0 -0.110556 0.115636 -0.00773769
34 3.71349 0.102639 0.102191 -1.40911 0.58357 0.0965932
35 1.72615 0 0 -0.0184067 -0.000676607 1.51735
36 1.21112 0 0 0.00667261 0.00800501 -0.321301
37 3.5992 1.06012 0.0708885 -1.52636 0.488083 0.139803
38 1.66069 0 0 0.0439292 0.0643106 0.822802
39 1.16699 0 0 0.0275332 0.0334931 0.32572
40 2.18853 -0.501041 0.0576587 -1.56816 0.138147 -0.161716
41 1.29609 0 0 0.0968892 -0.147774 0.669796
42 1.62202 -0.000713348 -0.000469208 -0.020464 -0.0103199 1.57103
43 1.22241 0 0 0 0.00653315 -0.305208
44 1.76707 -1.27612 0.0366402 -1.36293 0.4626 -0.0448406
45 1.55587 0 0 -0.00955764 -0.0420002 0.976332
46 1.24273 0 0 0.000478993 0.000360595 1.0415
47 0.784531 0 0 -0.00138825 0.00235243 -0.396293
48 0 0 0 0 0 0
49 6.06419 2.5821 -7.72035 1.38057 -1.5575 -1.38058
50 6.08099 -20.0206 -3.97839 3.12308 -0.787826 -3.12851
51 6.06687 2.56817 -6.65319 1.38057 -1.5575 -1.38058
52 6.08317 -20.6096 -3.11268 1.38057 -1.5575 -1.38058
53 5.54607 -8.74193 -4.62347 0.0130547 0.00251367 0
54 0.533295 -3.57396 -0.116835 0 0 0
55 -0.439464 -5.01739 0.910445 0 0 0
56 0 -2.26997 1.22871 0.0206798 0 0
57 0 -5.92124 1.78377 0 0 0
58 0 -2.12203 -0.0619297 0 0 0
59 -0.575001 -1.69351 1.13699 0 0 0
60 0 -4.97524 -0.469842 0 0 0
61 0.694227 -1.89081 0.409987 -0.785398 0 0
time 54
0 5.11825 10.9692 -3.0277 -0.827033 0.693143 -1.04017
1 6.02794 0 0 -0.0204396 -0.0854373 -0.110794
2 11.7344 0 0 -0.0014028 0 -1.66904
3 8.81138 -0.000450134 -0.000112534 -0.514027 0 0.000157688
4 5.77839 0.000286102 0 -0.344398 0 0.000103553
5 2.23163 -0.000329971 -0.000365257 -0.169629 0 0
6 11.4725 0 0 -0.617436 0.256333 1.10364
7 0.61522 -0.993092 -0.8107 2.36101 0.0512843 -0.442576
8 2.24752 0 0 0.0870419 0.0754453 0.089868
9 1.11936 0 0 0.0868585 0.0464883 -0.110728
10 3.71348 -0.102641 0.102191 1.49829 0.896637 0.234767
11 1.72615 0 0 0.0263275 -0.0109868 -1.28727
12 1.21113 0 0 -0.000154025 0.000329071 -0.915737
13 3.59919 -1.06012 0.0708876 1.53395 0.161845 -0.0676455
14 1.66069 0 0 0.0207493 0.133061 -0.435014
15 1.167 0 0 -0.00198887 -0.00149679 -0.825194
16 2.18853 0.501039 0.0576591 1.41514 0.0471916 0.0719911
17 1.29609 0 0 -0.0777687 0.18264 -1.0512
18 1.62202 0.000713348 -0.000470638 0.029409 -0.0272531 -1.25676
19 1.22241 0 0 0.0223414 -0.00802422 -0.76603
20 1.76707 1.27612 0.0366411 1.328 0.225255 0.0733779
21 1.55588 0 0 -0.14294 0.159067 -1.06546
22 1.24274 0 0 -0.000479189 0.000360591 -1.00946
23 0.784524 0 0 0.0101639 0.0127498 -0.61013
24 -2.4735 1.96366 -5.48939 -0.143291 0.3441 -1.97314
25 6.02794 0 0 1.13319 0.038435 0.69505
26 11.7344 0 0 0.00140273 0 1.00815
27 8.81167 0 0 2.00106 0 0
28 5.77884 0 0 1.34071 0 0
29 2.23249 0 0 0.660349 0 0
30 11.4725 0 0 1.94635 0.16265 -0.498521
31 0.615812 0.994373 -0.809165 2.90228 0.397795 0.455052
32 2.24752 0 0 -0.0977374 -0.0520997 0.0393429
33 1.11936 0 0 -0.110556 0.115636 -0.00773762
34 3.71348 0.102639 0.102191 -1.40911 0.58357 0.0965932
35 1.72615 0 0 -0.0184068 -0.000676804 1.51735
36 1.21112 0 0 0.00667268 0.00800516 -0.321301
37 3.5992 1.06012 0.0708885 -1.52636 0.488083 0.139803
38 1.66069 0 0 0.0439293 0.0643109 0.822802
39 1.16699 0 0 0.0275332 0.0334932 0.32572
40 2.18853 -0.50104 0.0576591 -1.56816 0.138147 -0.161716
41 1.29609 0 0 0.0968893 -0.147774 0.669796
42 1.62202 -0.000713348 -0.000470161 -0.0204639 -0.0103197 1.57103
43 1.22241 0 0 0 0.00653308 -0.305208
44 1.76707 -1.27612 0.0366411 -1.36293 0.4626 -0.0448406
45 1.55588 0 0 -0.00955762 -0.0420001 0.976332
46 1.24273 0 0 0.000478949 0.000360517 1.0415
47 0.784531 0 0 -0.00138838 0.00235246 -0.396294
48 0 0 0 0 0 0
49 6.04673 2.57949 -7.71578 1.45323 -1.55855 -1.45324
50 6.05952 -20.0199 -3.95362 3.12437 -0.78676 -3.12941
51 6.04826 2.56651 -6.64861 1.45323 -1.55855 -1.45324
52 6.06077 -20.6081 -3.08739 1.45323 -1.55855 -1.45324
53 5.52529 -8.74177 -4.60936 0.0121614 0.00143638 0
54 0.533294 -3.57396 -0.116835 0 0 0
55 -0.439463 -5.01739 0.910444 0 0 0
56 0 -2.26997 1.22871 0.0206798 0 0
57 0 -5.92124 1.78377 0 0 0
58 0 -2.12202 -0.0619297 0 0 0
59 -0.575 -1.69351 1.13699 0 0 0
60 0 -4.97524 -0.469841 0 0 0
61 0.694227 -1.89081 0.409987 -0.785398 0 0
time 55
0 5.11825 10.9692 -3.0277 -0.827033 0.693143 -1.04017
1 6.02794 0 0 -0.0193891 -0.08533 -0.112479
2 11.7344 0 0 -0.00140286 0 -1.66885
3 8.81138 -0.000450134 -0.000112057 -0.512789 0 0.000157825
4 5.77839 0.000286102 0 -0.343568 0 0.000103581
5 2.23163 -0.000329018 -0.000363827 -0.16922 0 0
6 11.4725 0 0 -0.617495 0.254932 1.10404
7 0.615219 -0.993091 -0.8107 2.36101 0.0512842 -0.442577
8 2.24752 0 0 0.0870418 0.0754454 0.089868
9 1.11936 0 0 0.0868586 0.0464881 -0.110728
10 3.71348 -0.102641 0.102191 1.49829 0.896637 0.234767
11 1.72615 0 0 0.0263276 -0.0109868 -1.28727
12 1.21114 0 0 -0.000153985 0.000329058 -0.915737
13 3.59919 -1.06012 0.0708885 1.53395 0.161845 -0.0676456
14 1.66069 0 0 0.0207493 0.133061 -0.435014
15 1.167 0 0 -0.00198891 -0.00149679 -0.825194
16 2.18853 0.501039 0.0576582 1.41514 0.0471916 0.071991
17 1.29609 0 0 -0.0777687 0.18264 -1.0512
18 1.62202 0.000712395 -0.000471115 0.029409 -0.0272532 -1.25676
19 1.22241 0 0 0.0223414 -0.00802425 -0.76603
20 1.76707 1.27612 0.0366402 1.328 0.225255 0.0733778
21 1.55588 0 0 -0.142939 0.159067 -1.06546
22 1.24273 0 0 -0.000479161 0.000360538 -1.00946
23 0.784523 0 0 0.0101639 0.0127498 -0.61013
24 -2.4735 1.96366 -5.48939 -0.143291 0.3441 -1.97314
25 6.02794 0 0 1.13502 0.0378789 0.694687
26 11.7344 0 0 0.0014025 0 1.00949
27 8.81167 0 0 1.99982 0 0
28 5.77884 0 0 1.33988 0 0
29 2.23249 0 0 0.659941 0 0
30 11.4725 0 0 1.94516 0.163603 -0.499
31 0.615812 0.994372 -0.809165 2.90228 0.397795 0.455052
32 2.24752 0 0 -0.0977373 -0.0520997 0.0393428
33 1.11935 0 0 -0.110556 0.115636 -0.0077377
34 3.71349 0.10264 0.102191 -1.40911 0.58357 0.0965932
35 1.72615 0 0 -0.0184066 -0.000676669 1.51735
36 1.21112 0 0 0.0066725 0.00800493 -0.321301
37 3.5992 1.06012 0.0708885 -1.52636 0.488083 0.139804
38 1.66069 0 0 0.0439293 0.0643108 0.822802
39 1.16699 0 0 0.0275331 0.0334932 0.32572
40 2.18853 -0.50104 0.0576596 -1.56816 0.138147 -0.161716
41 1.29609 0 0 0.0968892 -0.147774 0.669796
42 1.62201 -0.000711441 -0.000470161 -0.0204638 -0.0103197 1.57103
43 1.22241 0 0 0 0.00653323 -0.305208
44 1.76707 -1.27612 0.0366406 -1.36293 0.4626 -0.0448405
45 1.55587 0 0 -0.0095576 -0.0420002 0.976332
46 1.24273 0 0 0.000478867 0.000360615 1.0415
47 0.784533 0 0 -0.00138832 0.00235247 -0.396294
48 0 0 0 0 0 0
49 6.02529 2.57593 -7.71671 1.51616 -1.55984 -1.51617
50 6.03496 -20.0189 -3.92704 3.12611 -0.785937 -3.13064
51 6.02593 2.56425 -6.64953 1.51616 -1.55984 -1.51617
52 6.03547 -20.606 -3.06009 1.51616 -1.55984 -1.51617
53 5.50126 -8.74153 -4.59695 0.0109443 0.000598492 0
54 0.533294 -3.57396 -0.116835 0 0 0
55 -0.439463 -5.01739 0.910444 0 0 0
56 0 -2.26997 1.22871 0.0206797 0 0
57 0 -5.92124 1.78377 0 0 0
58 0 -2.12203 -0.0619302 0 0 0
59 -0.575 -1.69351 1.13699 0 0 0
60 0 -4.97524 -0.469841 0 0 0
61 0.694227 -1.89081 0.409988 -0.785398 0 0
time 56
0 5.11825 10.9692 -3.0277 -0.827033 0.693143 -1.04017
1 6.02794 0 0 -0.0181794 -0.0851912 -0.114059
2 11.7344 0 0 -0.00140287 0 -1.66868
3 8.81138 -0.000450134 -0.000111818 -0.511764 0 0.000158128
4 5.77839 0.000287056 0 -0.342882 0 0.000103815
5 2.23163 -0.000329018 -0.000362873 -0.168882 0 0
6 11.4725 0 0 -0.617979 0.253284 1.104
7 0.615218 -0.993091 -0.8107 2.36101 0.0512842 -0.442576
8 2.24752 0 0 0.0870418 0.0754454 0.0898681
9 1.11936 0 0 0.0868586 0.0464881 -0.110728
10 3.71348 -0.102641 0.102191 1.49829 0.896637 0.234767
11 1.72615 0 0 0.0263276 -0.0109868 -1.28727
12 1.21114 0 0 -0.000153985 0.000329058 -0.915737
13 3.59919 -1.06012 0.0708876 1.53395 0.161844 -0.0676454
14 1.66069 0 0 0.0207493 0.133061 -0.435014
15 1.167 0 0 -0.00198888 -0.00149677 -0.825194
16 2.18853 0.50104 0.0576591 1.41514 0.0471916 0.0719911
17 1.29609 0 0 -0.0777687 0.18264 -1.0512
18 1.62202 0.000712395 -0.000471115 0.029409 -0.0272531 -1.25676
19 1.22241 0 0 0.0223414 -0.00802425 -0.76603
20 1.76707 1.27612 0.0366411 1.328 0.225255 0.073378
21 1.55588 0 0 -0.142939 0.159067 -1.06546
22 1.24274 0 0 -0.000479224 0.000360469 -1.00946
23 0.784524 0 0 0.0101639 0.0127498 -0.61013
24 -2.4735 1.96366 -5.48939 -0.143291 0.3441 -1.97314
25 6.02794 0 0 1.13696 0.037224 0.69433
26 11.7344 0 0 0.00140277 0 1.01083
27 8.81167 0 0 1.99807 0 0
28 5.77884 0 0 1.33871 0 0
29 2.23249 0 0 0.659362 0 0
30 11.4725 0 0 1.94352 0.164633 -0.499475
31 0.615814 0.994373 -0.809165 2.90228 0.397795 0.455052
32 2.24752 0 0 -0.0977373 -0.0520997 0.039343
33 1.11936 0 0 -0.110556 0.115636 -0.00773776
34 3.71349 0.102639 0.102191 -1.40911 0.58357 0.0965932
35 1.72615 0 0 -0.0184068 -0.000676697 1.51735
36 1.21112 0 0 0.00667253 0.00800498 -0.321301
37 3.5992 1.06012 0.0708885 -1.52636 0.488083 0.139803
38 1.66069 0 0 0.0439292 0.0643108 0.822802
39 1.16699 0 0 0.0275332 0.0334932 0.32572
40 2.18853 -0.50104 0.0576596 -1.56816 0.138147 -0.161716
41 1.29609 0 0 0.0968892 -0.147774 0.669796
42 1.62202 -0.000713348 -0.0004673 -0.0204638 -0.0103198 1.57103
43 1.22241 0 0 0 0.00653319 -0.305208
44 1.76707 -1.27612 0.0366406 -1.36293 0.4626 -0.0448407
45 1.55587 0 0 -0.00955762 -0.0420002 0.976332
46 1.24273 0 0 0.000478896 0.000360665 1.0415
47 0.784531 0 0 -0.00138836 0.00235236 -0.396294
48 0 0 0 0 0 0
49 6.00224 2.57139 -7.72331 1.57081 -1.56139 -1.57081
50 6.00963 -20.0175 -3.89881 3.12829 -0.785354 -3.13219
51 6.00224 2.56135 -6.6561 1.57081 -1.56139 -1.57081
52 6.00963 -20.6034 -3.03096 1.57081 -1.56139 -1.57081
53 5.47634 -8.74126 -4.58642 0.00940327 0 0
54 0.533295 -3.57396 -0.116835 0 0 0
55 -0.439464 -5.01739 0.910445 0 0 0
56 0 -2.26997 1.22871 0.0206798 0 0
57 0 -5.92124 1.78377 0 0 0
58 0 -2.12202 -0.0619297 0 0 0
59 -0.575001 -1.69351 1.13699 0 0 0
60 0 -4.97524 -0.469842 0 0 0
61 0.694227 -1.89081 0.409988 -0.785398 0 0
time 57
0 5.11825 10.9692 -3.0277 -0.827033 0.693143 -1.04017
1 6.02794 0 0 -0.0169425 -0.0850391 -0.115444
2 11.7344 0 0 -0.00140278 0 -1.66849
3 8.81138 -0.000450134 -0.000113249 -0.51108 0 0.000157572
4 5.77839 0.000286102 0 -0.342423 0 0.000103438
5 2.23163 -0.000328064 -0.00036478 -0.168656 0 0
6 11.4725 0 0 -0.618967 0.251182 1.10291
7 0.61522 -0.993091 -0.8107 2.36101 0.0512841 -0.442576
8 2.24752 0 0 0.0870419 0.0754453 0.089868
9 1.11936 0 0 0.0868586 0.0464883 -0.110728
10 3.71348 -0.102641 0.102191 1.49829 0.896637 0.234767
11 1.72615 0 0 0.0263276 -0.0109868 -1.28727
12 1.21114 0 0 -0.000154012 0.000329111 -0.915737
13 3.59919 -1.06012 0.0708876 1.53395 0.161845 -0.0676456
14 1.66069 0 0 0.0207493 0.133061 -0.435014
15 1.167 0 0 -0.00198884 -0.00149679 -0.825194
16 2.18853 0.501039 0.0576591 1.41514 0.0471915 0.071991
17 1.29609 0 0 -0.0777687 0.18264 -1.0512
18 1.62202 0.000713348 -0.000471115 0.029409 -0.0272532 -1.25676
19 1.22241 0 0 0.0223413 -0.00802422 -0.76603
20 1.76707 1.27612 0.0366402 1.328 0.225255 0.0733778
21 1.55588 0 0 -0.14294 0.159067 -1.06546
22 1.24273 0 0 -0.000479178 0.000360631 -1.00946
23 0.784524 0 0 0.010164 0.0127498 -0.61013
24 -2.4735 1.96366 -5.48939 -0.143291 0.3441 -1.97314
25 6.02794 0 0 1.13904 0.0359815 0.694196
26 11.7344 0 0 0.00140272 0 1.01177
27 8.81167 0 0 1.99531 0 0
28 5.77884 0 0 1.33686 0 0
29 2.23249 0 0 0.658454 0 0
30 11.4725 0 0 1.94107 0.165661 -0.499697
31 0.615812 0.994372 -0.809166 2.90228 0.397795 0.455052
32 2.24752 0 0 -0.0977373 -0.0520997 0.0393428
33 1.11936 0 0 -0.110556 0.115636 -0.00773755
34 3.71348 0.102639 0.102191 -1.40911 0.58357 0.0965931
35 1.72615 0 0 -0.0184068 -0.000676527 1.51735
36 1.21112 0 0 0.00667261 0.00800504 -0.321301
37 3.5992 1.06012 0.070888 -1.52636 0.488083 0.139803
38 1.66069 0 0 0.0439293 0.0643108 0.822802
39 1.16699 0 0 0.0275332 0.0334932 0.32572
40 2.18853 -0.50104 0.0576587 -1.56816 0.138147 -0.161716
41 1.29609 0 0 0.0968894 -0.147774 0.669796
42 1.62202 -0.000713348 -0.000471115 -0.0204639 -0.0103197 1.57103
43 1.2224 0 0 0 0.00653318 -0.305208
44 1.76707 -1.27612 0.0366406 -1.36293 0.4626 -0.0448408
45 1.55588 0 0 -0.00955765 -0.0420002 0.976332
46 1.24273 0 0 0.000479007 0.000360739 1.0415
47 0.784533 0 0 -0.00138836 0.00235239 -0.396294
48 0 0 0 0 0 0
49 5.97962 2.56402 -7.74213 1.60938 -1.56381 -1.60938
50 5.98597 -20.0156 -3.86282 3.13173 -0.785104 -3.13462
51 5.97934 2.55658 -6.67491 1.60938 -1.56381 -1.60938
52 5.98574 -20.5993 -2.99355 1.60938 -1.56381 -1.60938
53 5.45287 -8.74098 -4.57794 0.00697607 -0.000269321 0
54 0.533295 -3.57396 -0.116835 0 0 0
55 -0.439463 -5.01739 0.910444 0 0 0
56 0 -2.26997 1.22871 0.0206798 0 0
57 0 -5.92124 1.78377 0 0 0
58 0 -2.12202 -0.0619297 0 0 0
59 -0.575 -1.69351 1.13699 0 0 0
60 0 -4.97524 -0.469842 0 0 0
61 0.694227 -1.89081 0.409987 -0.785398 0 0
time 58
0 5.11825 10.9692 -3.0277 -0.827033 0.693143 -1.04017
1 6.02794 0 0 -0.0158339 -0.0848945 -0.116539
2 11.7344 0 0 -0.00140279 0 -1.66829
3 8.81138 -0.000449181 -0.000112534 -0.510751 0 0.000157693
4 5.77839 0.000287056 0 -0.342203 0 0.000103512
5 2.23163 -0.000329018 -0.00036478 -0.168548 0 0
6 11.4725 0 0 -0.620278 0.248816 1.10088
7 0.615219 -0.993091 -0.810699 2.36101 0.0512842 -0.442576
8 2.24752 0 0 0.0870419 0.0754454 0.0898682
9 1.11936 0 0 0.0868586 0.0464882 -0.110728
10 3.71348 -0.102641 0.102192 1.49829 0.896637 0.234767
11 1.72615 0 0 0.0263275 -0.0109868 -1.28727
12 1.21114 0 0 -0.000154012 0.000329111 -0.915737
13 3.59919 -1.06012 0.0708876 1.53395 0.161844 -0.0676455
14 1.66069 0 0 0.0207494 0.133061 -0.435014
15 1.167 0 0 -0.00198893 -0.00149682 -0.825194
16 2.18852 0.501039 0.0576591 1.41514 0.0471915 0.0719911
17 1.29609 0 0 -0.0777687 0.18264 -1.0512
18 1.62202 0.000713348 -0.000470638 0.029409 -0.0272532 -1.25676
19 1.22241 0 0 0.0223413 -0.00802417 -0.76603
20 1.76707 1.27612 0.0366411 1.328 0.225255 0.0733779
21 1.55587 0 0 -0.142939 0.159067 -1.06546
22 1.24274 0 0 -0.000479146 0.000360512 -1.00946
23 0.784523 0 0 0.0101639 0.0127498 -0.61013
24 -2.4735 1.96366 -5.48939 -0.143291 0.3441 -1.97314
25 6.02794 0 0 1.14108 0.0341989 0.694325
26 11.7344 0 0 0.00140266 0 1.01219
27 8.81167 0 0 1.99185 0 0
28 5.77884 0 0 1.33454 0 0
29 2.23249 0 0 0.657311 0 0
30 11.4725 0 0 1.93807 0.166577 -0.499615
31 0.615814 0.994372 -0.809165 2.90228 0.397795 0.455052
32 2.24752 0 0 -0.0977372 -0.0520997 0.039343
33 1.11936 0 0 -0.110556 0.115636 -0.00773755
34 3.71348 0.102639 0.102191 -1.40911 0.58357 0.0965933
35 1.72615 0 0 -0.0184066 -0.000676479 1.51735
36 1.21112 0 0 0.00667258 0.00800501 -0.321301
37 3.5992 1.06012 0.0708885 -1.52636 0.488082 0.139803
38 1.66069 0 0 0.0439293 0.0643108 0.822802
39 1.16699 0 0 0.0275331 0.0334932 0.32572
40 2.18853 -0.501041 0.0576596 -1.56816 0.138147 -0.161716
41 1.29609 0 0 0.0968891 -0.147774 0.669796
42 1.62202 -0.000713348 -0.000471115 -0.0204637 -0.0103198 1.57103
43 1.22241 0 0 0 0.00653331 -0.305208
44 1.76707 -1.27612 0.0366406 -1.36293 0.4626 -0.0448408
45 1.55588 0 0 -0.00955767 -0.0420003 0.976332
46 1.24273 0 0 0.000478889 0.000360652 1.0415
47 0.784533 0 0 -0.00138834 0.00235226 -0.396293
48 0 0 0 0 0 0
49 5.95987 2.55432 -7.7712 1.63289 -1.56694 -1.63289
50 5.96632 -20.013 -3.82132 3.13615 -0.785151 -3.13774
51 5.95961 2.55021 -6.70396 1.63289 -1.56694 -1.63289
52 5.96611 -20.594 -2.95023 1.63289 -1.56694 -1.63289
53 5.4332 -8.74073 -4.57167 0.00385014 -0.000239397 0
54 0.533295 -3.57396 -0.116835 0 0 0
55 -0.439463 -5.01739 0.910444 0 0 0
56 0 -2.26997 1.22871 0.0206798 0 0
57 0 -5.92124 1.78377 0 0 0
58 0 -2.12202 -0.0619297 0 0 0
59 -0.575001 -1.69351 1.13699 0 0 0
60 0 -4.97524 -0.469842 0 0 0
61 0.694227 -1.89081 0.409987 -0.785398 0 0
time 59
0 5.11825 10.9692 -3.0277 -0.827033 0.693143 -1.04017
1 6.02794 0 0 -0.0150361 -0.0847864 -0.11726
2 11.7344 0 0 -0.00140286 0 -1.66813
3 8.81138 -0.000450134 -0.00011301 -0.510648 0 0.000156556
4 5.77839 0.000286102 0 -0.342134 0 0.000102586
5 2.23163 -0.000329971 -0.000364304 -0.168514 0 0
6 11.4725 0 0 -0.621417 0.246881 1.09893
7 0.615219 -0.993091 -0.810701 2.36101 0.0512842 -0.442576
8 2.24752 0 0 0.0870418 0.0754453 0.0898682
9 1.11936 0 0 0.0868587 0.0464882 -0.110728
10 3.71348 -0.102641 0.10219 1.49829 0.896637 0.234767
11 1.72615 0 0 0.0263276 -0.0109869 -1.28727
12 1.21114 0 0 -0.000154025 0.000329138 -0.915737
13 3.59919 -1.06012 0.0708876 1.53395 0.161844 -0.0676455
14 1.66069 0 0 0.0207493 0.133061 -0.435014
15 1.167 0 0 -0.00198891 -0.00149679 -0.825194
16 2.18853 0.50104 0.0576591 1.41514 0.0471914 0.0719911
17 1.29609 0 0 -0.0777687 0.18264 -1.0512
18 1.62202 0.000712395 -0.000471115 0.029409 -0.0272532 -1.25676
19 1.22241 0 0 0.0223414 -0.0080242 -0.76603
20 1.76707 1.27612 0.0366411 1.328 0.225255 0.0733779
21 1.55588 0 0 -0.142939 0.159067 -1.06546
22 1.24274 0 0 -0.000479227 0.000360536 -1.00946
23 0.784523 0 0 0.010164 0.0127498 -0.61013
24 -2.4735 1.96366 -5.48939 -0.143291 0.3441 -1.97314
25 6.02794 0 0 1.14262 0.0325981 0.694534
26 11.7344 0 0 0.00140265 0 1.01229
27 8.81167 0 0 1.98889 0 0
28 5.77884 0 0 1.33256 0 0
29 2.23249 0 0 0.656334 0 0
30 11.4725 0 0 1.93553 0.167235 -0.499423
31 0.615812 0.994372 -0.809165 2.90228 0.397795 0.455052
32 2.24752 0 0 -0.0977373 -0.0520997 0.0393429
33 1.11935 0 0 -0.110556 0.115636 -0.00773757
34 3.71349 0.10264 0.10219 -1.40911 0.58357 0.0965934
35 1.72615 0 0 -0.0184067 -0.000676531 1.51735
36 1.21112 0 0 0.00667257 0.00800489 -0.321301
37 3.5992 1.06011 0.070888 -1.52636 0.488083 0.139804
38 1.66069 0 0 0.0439293 0.0643109 0.822802
39 1.16699 0 0 0.0275331 0.0334931 0.32572
40 2.18853 -0.50104 0.0576587 -1.56816 0.138147 -0.161716
41 1.29609 0 0 0.0968891 -0.147774 0.669796
42 1.62202 -0.000713348 -0.000469208 -0.0204639 -0.0103197 1.57103
43 1.22241 0 0 0 0.00653308 -0.305208
44 1.76707 -1.27612 0.0366402 -1.36293 0.4626 -0.0448405
45 1.55588 0 0 -0.00955762 -0.0420002 0.976332
46 1.24273 0 0 0.000478925 0.000360477 1.0415
47 0.784531 0 0 -0.00138823 0.00235266 -0.396294
48 0 0 0 0 0 0
49 5.94587 2.54582 -7.79788 1.6487 -1.56964 -1.6487
50 5.9529 -20.0108 -3.78708 3.13997 -0.785307 -3.14044
51 5.94577 2.54459 -6.73063 1.6487 -1.56964 -1.6487
52 5.95283 -20.5894 -2.91443 1.6487 -1.56964 -1.6487
53 5.41968 -8.74056 -4.56778 0.00114995 0 0
54 0.533295 -3.57396 -0.116835 0 0 0
55 -0.439463 -5.01739 0.910444 0 0 0
56 0 -2.26997 1.22871 0.0206798 0 0
57 0 -5.92124 1.78377 0 0 0
58 0 -2.12202 -0.0619292 0 0 0
59 -0.575001 -1.69351 1.13699 0 0 0
60 0 -4.97524 -0.469841 0 0 0
61 0.694227 -1.89081 0.409988 -0.785398 0 0
time 60
0 5.11825 10.9692 -3.0277 -0.827033 0.693143 -1.04017
1 6.02794 0 0 -0.0147276 -0.0847453 -0.117519
2 11.7344 0 0 -0.00140275 0 -1.66806
3 8.81138 -0.000450134 -0.000111103 -0.510645 0 0.00015795
4 5.77839 0.000286102 0 -0.342132 0 0.000103534
5 2.23164 -0.000329971 -0.000362873 -0.168513 0 0
6 11.4725 0 0 -0.621907 0.24608 1.09806
7 0.615219 -0.993091 -0.8107 2.36101 0.0512842 -0.442576
8 2.24752 0 0 0.0870419 0.0754454 0.0898681
9 1.11936 0 0 0.0868585 0.0464882 -0.110728
10 3.71348 -0.102641 0.102192 1.49829 0.896637 0.234767
11 1.72615 0 0 0.0263275 -0.0109869 -1.28727
12 1.21113 0 0 -0.000154039 0.000329031 -0.915737
13 3.59919 -1.06012 0.0708885 1.53395 0.161844 -0.0676456
14 1.66069 0 0 0.0207494 0.133061 -0.435014
15 1.167 0 0 -0.00198892 -0.0014968 -0.825194
16 2.18853 0.50104 0.0576591 1.41514 0.0471915 0.0719909
17 1.29609 0 0 -0.0777687 0.18264 -1.0512
18 1.62202 0.000713348 -0.000471592 0.029409 -0.0272532 -1.25676
19 1.22241 0 0 0.0223414 -0.00802427 -0.76603
20 1.76707 1.27612 0.0366411 1.328 0.225255 0.0733777
21 1.55588 0 0 -0.142939 0.159067 -1.06546
22 1.24274 0 0 -0.000479175 0.000360565 -1.00946
23 0.784523 0 0 0.0101639 0.0127497 -0.61013
24 -2.4735 1.96366 -5.48939 -0.143291 0.3441 -1.97314
25 6.02794 0 0 1.14323 0.0319036 0.694643
26 11.7344 0 0 0.00140269 0 1.01227
27 8.81167 0 0 1.98764 0 0
28 5.77884 0 0 1.33172 0 0
29 2.23249 0 0 0.65592 0 0
30 11.4725 0 0 1.93447 0.167488 -0.499317
31 0.615814 0.994373 -0.809165 2.90228 0.397795 0.455052
32 2.24752 0 0 -0.0977373 -0.0520997 0.039343
33 1.11936 0 0 -0.110556 0.115636 -0.00773769
34 3.71348 0.10264 0.102191 -1.40911 0.58357 0.0965934
35 1.72615 0 0 -0.0184067 -0.000676674 1.51735
36 1.21112 0 0 0.00667263 0.00800524 -0.321301
37 3.5992 1.06012 0.070888 -1.52636 0.488083 0.139804
38 1.66069 0 0 0.0439292 0.064311 0.822802
39 1.16699 0 0 0.0275332 0.0334931 0.32572
40 2.18853 -0.50104 0.0576587 -1.56816 0.138147 -0.161716
41 1.29609 0 0 0.0968892 -0.147774 0.669796
42 1.62202 -0.000713348 -0.000469208 -0.0204638 -0.0103198 1.57103
43 1.22241 0 0 0 0.00653323 -0.305208
44 1.76707 -1.27612 0.0366402 -1.36293 0.4626 -0.0448406
45 1.55587 0 0 -0.00955768 -0.0420001 0.976332
46 1.24273 0 0 0.000478876 0.00036063 1.0415
47 0.784533 0 0 -0.00138828 0.00235258 -0.396294
48 0 0 0 0 0 0
49 5.94055 2.54216 -7.80957 0 -1.5708 0
50 5.94795 -20.0098 -3.77284 3.14159 -0.785398 3.14159
51 5.94055 2.54216 -6.74232 0 -1.5708 0
52 5.94795 -20.5874 -2.89952 0 -1.5708 0
53 5.41465 -8.74049 -4.56645 0 0 0
54 0.533295 -3.57396 -0.116835 0 0 0
55 -0.439464 -5.01739 0.910444 0 0 0
56 0 -2.26997 1.22871 0.0206798 0 0
57 0 -5.92124 1.78377 0 0 0
58 0 -2.12202 -0.0619297 0 0 0
59 -0.575001 -1.69351 1.13699 0 0 0
60 0 -4.97524 -0.469841 0 0 0
61 0.694227 -1.89081 0.409987 -0.785398 0 0
end
