//Sequence File generated by the Wall Worm SMD Exporter PRO 1.99
//www.wallworm.com
version 1
nodes
0 "b_l_clav" -1
1 "b_l_upperarm" 0
2 "b_l_forearm" 1
3 "b_l_twist3" 2
4 "b_l_twist2" 2
5 "b_l_twist1" 2
6 "b_l_hand" 2
7 "b_l_thumb001" 6
8 "b_l_thumb002" 7
9 "b_l_thumb003" 8
10 "b_l_middle001" 6
11 "b_l_middle002" 10
12 "b_l_middle003" 11
13 "b_l_index001" 6
14 "b_l_index002" 13
15 "b_l_index003" 14
16 "b_l_hand_ringsqueezer" 6
17 "b_l_ring001" 16
18 "b_l_ring002" 17
19 "b_l_ring003" 18
20 "b_l_hand_pinkysqueezer" 6
21 "b_l_pinky001" 20
22 "b_l_pinky002" 21
23 "b_l_pinky003" 22
24 "b_r_clav" -1
25 "b_r_upperarm" 24
26 "b_r_forearm" 25
27 "b_r_twist3" 26
28 "b_r_twist2" 26
29 "b_r_twist1" 26
30 "b_r_hand" 26
31 "b_r_thumb001" 30
32 "b_r_thumb002" 31
33 "b_r_thumb003" 32
34 "b_r_middle001" 30
35 "b_r_middle002" 34
36 "b_r_middle003" 35
37 "b_r_index001" 30
38 "b_r_index002" 37
39 "b_r_index003" 38
40 "b_r_hand_ringsqueezer" 30
41 "b_r_ring001" 40
42 "b_r_ring002" 41
43 "b_r_ring003" 42
44 "b_r_hand_pinkysqueezer" 30
45 "b_r_pinky001" 44
46 "b_r_pinky002" 45
47 "b_r_pinky003" 46
48 "b_zero" -1
49 "d_gun" -1
50 "d_trigger" 49
51 "d_safety" 49
52 "d_mainhinge" 49
53 "d_extr_r" 52
54 "d_extr_l" 52
55 "d_catchrelease" 49
56 "d_shell001" -1
57 "d_shell002" -1
58 "d_spentshell001" -1
59 "d_spentshell002" -1
end
skeleton
time 0
0 14.6756 17.2134 0.222905 0.000934124 0 -1.48352
1 6.02794 0 0 -0.147412 0.833266 -0.144394
2 11.7344 0 0 -0.00140278 0 -0.696537
3 8.81138 -0.000449181 -0.000111103 -1.53854 0 0.000158559
4 5.77839 0.000286102 0 -1.03082 0 0.00010112
5 2.23163 -0.000328064 -0.00036335 -0.50772 0 0
6 11.4725 0 0 -1.5378 0.296332 0.216263
7 0.61522 -0.99309 -0.8107 -3.12143 0.455449 -0.448969
8 2.24752 0 0 0.057754 -0.0801896 -0.422607
9 1.11936 0 0 0.0108782 -0.0115311 -1.06412
10 3.71348 -0.10264 0.102192 1.6576 1.11328 0.527799
11 1.72615 0 0 0.0018151 -0.00104471 -1.16018
12 1.21114 0 0 -0.00818879 0.01562 -1.08034
13 3.59919 -1.06012 0.0708885 1.55964 0.174096 0.0209862
14 1.66069 0 0 0.00468677 0.0777243 -0.162634
15 1.167 0 0 -0.021016 0.0375851 -0.131225
16 2.18853 0.501039 0.0576591 1.57003 0.123978 0.225804
17 1.29609 0 0 -0.15314 -0.0413944 -1.3026
18 1.62202 0.000714302 -0.000470877 -0.00529189 0.00572109 -1.17914
19 1.22241 0 0 -0.0403372 0.0245782 -0.809734
20 1.76707 1.27612 0.0366411 1.40923 0.411605 0.261114
21 1.55588 0 0 -0.0325419 -0.0777185 -1.17583
22 1.24273 0 0 -0.000574156 -0.000173475 -0.972817
23 0.784523 0 0 0.00619215 -0.00457875 -0.750473
24 -8.90025 1.31301 -8.99925 -0.000932693 0 -2.00714
25 6.02794 0 0 -0.484894 1.03319 -0.0508712
26 11.7344 0 0 0.00140262 0 1.46396
27 8.81167 0 0 2.54198 0 0
28 5.77884 0 0 1.70313 0 0
29 2.23249 0 0 0.838853 0 0
30 11.4725 0 0 2.66228 -0.463268 -1.17884
31 0.615812 0.994373 -0.809166 -2.76529 0.230072 0.363206
32 2.24752 0 0 -0.0879731 0.00255306 -0.111197
33 1.11936 0 0 -0.0176635 0.188484 0.330063
34 3.71349 0.102639 0.102191 -1.37 0.339104 -0.113909
35 1.72615 0 0 -0.0226225 -0.0173809 1.02753
36 1.21112 0 0 0.00367385 0.0172495 0.807324
37 3.5992 1.06012 0.0708885 -1.45415 -0.106071 -0.170212
38 1.66069 0 0 0.0162105 0.076162 0.432852
39 1.16699 0 0 0.0322949 0.00140156 1.23737
40 2.18853 -0.50104 0.0576591 -1.55852 0.113044 -0.124118
41 1.29609 0 0 0.20789 -0.0963255 0.509764
42 1.62202 -0.000713348 -0.000471115 -0.010522 -0.0221463 0.947551
43 1.2224 0 0 0.00035503 0.00552398 0.597735
44 1.76707 -1.27612 0.0366402 -1.50925 0.367133 -0.0844572
45 1.55588 0 0 0.190307 -0.283357 0.675975
46 1.24273 0 0 0.000553449 0.000230414 0.284892
47 0.784531 0 0 -0.00550408 0.00207243 0.694943
48 0 0 0 0 0 0
49 4.85864 -3.67683 -15.1638 0.67825 0.427648 -0.326054
50 0 -3.88574 -0.867034 0 0 -1.5708
51 0 -2.3834 1.62041 0 1.39626 -1.5708
52 0 -9.60567 0.513891 0 0 -1.5708
53 -2.44017 -0.616136 1.06069 1.5708 0 0
54 -2.44109 0.616133 1.06069 1.5708 0 0
55 0 -6.39109 2.6639 0 1.39626 -1.5708
56 7.27646 4.33141 -15.7674 0.67825 0.427648 -0.326054
57 7.15362 5.14814 -16.5967 0.67825 0.427648 -0.326054
58 0.916262 -10.6816 -18.4361 0.67825 0.427648 -0.326054
59 0.793423 -9.86487 -19.2654 0.67825 0.427648 -0.326054
time 1
0 14.5366 17.2134 0.231788 0.000934124 0 -1.48352
1 6.02794 0 0 -0.178296 0.816996 -0.152232
2 11.7344 0 0 -0.00140276 0 -0.652878
3 8.81139 -0.000451088 -0.000112057 -1.58405 0 0.00015846
4 5.77839 0.000285149 0 -1.06131 0 0.000100884
5 2.23164 -0.000329971 -0.000363827 -0.522737 0 0
6 11.4725 0 0 -1.58469 0.317406 0.0873779
7 0.61522 -0.993091 -0.810701 -3.12143 0.455449 -0.448969
8 2.24752 0 0 0.057754 -0.0801897 -0.422607
9 1.11936 0 0 0.0108781 -0.011531 -1.06412
10 3.71348 -0.102641 0.102192 1.6576 1.11328 0.527799
11 1.72615 0 0 0.00181508 -0.00104468 -1.16018
12 1.21114 0 0 -0.00818868 0.01562 -1.08034
13 3.59919 -1.06012 0.0708876 1.55964 0.174096 0.0209862
14 1.66069 0 0 0.00468689 0.0777242 -0.162634
15 1.167 0 0 -0.021016 0.0375851 -0.131225
16 2.18852 0.501039 0.0576591 1.57003 0.123978 0.225804
17 1.29609 0 0 -0.15314 -0.0413946 -1.3026
18 1.62202 0.000714302 -0.000471592 -0.00529192 0.00572114 -1.17914
19 1.22241 0 0 -0.0403373 0.0245782 -0.809734
20 1.76707 1.27612 0.0366411 1.40923 0.411606 0.261114
21 1.55588 0 0 -0.0325415 -0.0777183 -1.17583
22 1.24274 0 0 -0.000574128 -0.000173527 -0.972817
23 0.784524 0 0 0.00619215 -0.00457881 -0.750474
24 -8.90025 1.31301 -8.99925 -0.000932693 0 -2.00714
25 6.02794 0 0 -0.54429 1.01739 -0.223123
26 11.7344 0 0 0.00140267 0 1.60137
27 8.81167 0 0 2.53713 0 0
28 5.77884 0 0 1.69988 0 0
29 2.23249 0 0 0.837254 0 0
30 11.4725 0 0 2.52795 -0.445527 -1.26445
31 0.615812 0.99437 -0.809164 -2.63988 0.221853 0.451253
32 2.24752 0 0 -0.0888553 0.00493983 -0.0889793
33 1.11936 0 0 -0.0408316 0.190265 0.219955
34 3.71349 0.102638 0.102191 -1.41976 0.233687 -0.103697
35 1.72615 0 0 -0.0170868 -0.0228454 0.754003
36 1.21112 0 0 -0.000237651 0.0176347 0.583987
37 3.5992 1.06012 0.0708876 -1.48846 -0.077288 -0.105271
38 1.66069 0 0 0.00679964 0.0775682 0.310448
39 1.16699 0 0 0.0341348 0.0173011 0.884005
40 2.18853 -0.50104 0.0576582 -1.56508 0.0675574 -0.152604
41 1.29609 0 0 0.152159 -0.0835029 0.379621
42 1.62201 -0.000711441 -0.000470638 -0.003282 -0.029614 0.683653
43 1.2224 0 0 -0.00324149 -0.00250775 0.430686
44 1.76707 -1.27612 0.0366411 -1.54061 0.259312 -0.137909
45 1.55588 0 0 0.140988 -0.195288 0.495933
46 1.24273 0 0 0.000536068 0.000268467 0.215568
47 0.78453 0 0 -0.00905629 0.00312799 0.489995
48 0 0 0 0 0 0
49 4.90581 -4.14648 -14.8288 0.661739 0.523793 -0.349999
50 0 -3.88574 -0.867035 0 0 -1.5708
51 0 -2.3834 1.62041 0 1.39626 -1.5708
52 0 -9.60567 0.513889 0 0 -1.5708
53 -2.44017 -0.616138 1.06069 1.5708 0 0
54 -2.44109 0.616132 1.06069 1.5708 0 0
55 0 -6.39109 2.66389 0 1.39626 -1.5708
56 7.39247 3.83332 -15.5227 0.661739 0.523793 -0.349999
57 7.20525 4.66728 -16.3223 0.661739 0.523793 -0.349999
58 0.54974 -11.0267 -17.8295 0.661739 0.523793 -0.349999
59 0.362517 -10.1927 -18.6291 0.661739 0.523793 -0.349999
time 2
0 14.3383 17.2134 0.25763 0.000934124 0 -1.48352
1 6.02794 0 0 -0.204656 0.801452 -0.155651
2 11.7344 0 0 -0.00140274 0 -0.614905
3 8.81138 -0.000450134 -0.000112057 -1.62344 0 0.000159046
4 5.77839 0.000286102 0 -1.0877 0 0.000101378
5 2.23164 -0.000329018 -0.000363827 -0.535734 0 0
6 11.4725 0 0 -1.62647 0.331749 -0.0218336
7 0.61522 -0.993092 -0.810701 -3.12143 0.455449 -0.448969
8 2.24752 0 0 0.0577538 -0.0801898 -0.422607
9 1.11936 0 0 0.010878 -0.0115308 -1.06412
10 3.71348 -0.102641 0.10219 1.6576 1.11328 0.527799
11 1.72615 0 0 0.0018152 -0.00104464 -1.16018
12 1.21114 0 0 -0.00818874 0.0156201 -1.08034
13 3.59919 -1.06012 0.0708866 1.55964 0.174096 0.0209861
14 1.66069 0 0 0.00468666 0.0777242 -0.162634
15 1.167 0 0 -0.021016 0.0375851 -0.131225
16 2.18853 0.501039 0.0576591 1.57003 0.123978 0.225804
17 1.29609 0 0 -0.15314 -0.0413945 -1.3026
18 1.62202 0.000714302 -0.000471592 -0.00529187 0.00572117 -1.17914
19 1.22241 0 0 -0.0403371 0.0245782 -0.809734
20 1.76707 1.27612 0.0366402 1.40923 0.411606 0.261114
21 1.55588 0 0 -0.0325418 -0.0777186 -1.17583
22 1.24274 0 0 -0.000574103 -0.000173447 -0.972816
23 0.784524 0 0 0.00619193 -0.00457871 -0.750474
24 -8.90025 1.31301 -8.99925 -0.000932693 0 -2.00714
25 6.02794 0 0 -0.557112 1.02629 -0.365901
26 11.7344 0 0 0.00140276 0 1.70981
27 8.81167 0 0 2.51155 0 0
28 5.77884 0 0 1.68274 0 0
29 2.23249 0 0 0.828813 0 0
30 11.4725 0 0 2.36734 -0.445396 -1.32237
31 0.615812 0.994372 -0.809165 -2.49601 0.208428 0.556178
32 2.24752 0 0 -0.0898488 0.0077849 -0.0624603
33 1.11936 0 0 -0.0678177 0.189244 0.0885018
34 3.71349 0.102639 0.102191 -1.48208 0.107771 -0.0925167
35 1.72615 0 0 -0.00885688 -0.0271183 0.427462
36 1.21112 0 0 -0.00487435 0.0169493 0.317424
37 3.5992 1.06012 0.0708876 -1.52431 -0.0416722 -0.02832
38 1.66069 0 0 -0.0045549 0.0777316 0.164334
39 1.16699 0 0 0.0290477 0.0336444 0.462018
40 2.18853 -0.50104 0.0576591 -1.56952 0.0129592 -0.18619
41 1.29609 0 0 0.0858094 -0.0671835 0.224491
42 1.62202 -0.000711441 -0.000470161 0.00620268 -0.0349963 0.368527
43 1.2224 0 0 -0.00686777 -0.0115428 0.231262
44 1.76707 -1.27612 0.0366411 -1.56297 0.128194 -0.196065
45 1.55588 0 0 0.0815407 -0.0911641 0.280166
46 1.24273 0 0 0.000512014 0.000311639 0.132827
47 0.784531 0 0 -0.0126515 0.00376993 0.24537
48 0 0 0 0 0 0
49 4.9463 -4.59252 -14.4929 0.641853 0.603373 -0.370865
50 0 -3.88574 -0.867034 0 0 -1.5708
51 0 -2.3834 1.62041 0 1.39626 -1.5708
52 0 -9.60567 0.51389 0 0 -1.5708
53 -2.44017 -0.616137 1.06069 1.5708 0 0
54 -2.44109 0.616131 1.06069 1.5708 0 0
55 0 -6.39109 2.6639 0 1.39626 -1.5708
56 7.45459 3.37091 -15.2894 0.641853 0.603373 -0.370865
57 7.21276 4.21677 -16.0613 0.641853 0.603373 -0.370865
58 0.290048 -11.3913 -17.2155 0.641853 0.603373 -0.370865
59 0.0482143 -10.5455 -17.9875 0.641853 0.603373 -0.370865
time 3
0 14.0851 17.2134 0.29922 0.000934124 0 -1.48352
1 6.02794 0 0 -0.22634 0.78678 -0.153924
2 11.7344 0 0 -0.00140276 0 -0.583647
3 8.81138 -0.000450134 -0.000113487 -1.65596 0 0.000158578
4 5.77839 0.000287056 0 -1.10949 0 0.000101219
5 2.23163 -0.000329018 -0.000364304 -0.546467 0 0
6 11.4725 0 0 -1.66086 0.340318 -0.110661
7 0.615219 -0.993091 -0.810699 -3.12143 0.455449 -0.448969
8 2.24752 0 0 0.0577541 -0.0801896 -0.422607
9 1.11936 0 0 0.0108782 -0.0115311 -1.06412
10 3.71348 -0.102641 0.102192 1.6576 1.11328 0.527799
11 1.72615 0 0 0.0018152 -0.00104464 -1.16018
12 1.21114 0 0 -0.00818882 0.01562 -1.08034
13 3.59919 -1.06012 0.0708876 1.55964 0.174096 0.0209861
14 1.66069 0 0 0.0046869 0.0777242 -0.162634
15 1.167 0 0 -0.021016 0.037585 -0.131225
16 2.18852 0.501039 0.0576591 1.57003 0.123978 0.225804
17 1.29609 0 0 -0.15314 -0.0413944 -1.3026
18 1.62202 0.000713348 -0.000471115 -0.00529192 0.00572114 -1.17914
19 1.22241 0 0 -0.0403372 0.0245783 -0.809734
20 1.76707 1.27612 0.0366411 1.40923 0.411606 0.261114
21 1.55588 0 0 -0.0325418 -0.0777186 -1.17583
22 1.24273 0 0 -0.000574026 -0.000173338 -0.972817
23 0.784523 0 0 0.00619211 -0.00457883 -0.750474
24 -8.90025 1.31301 -8.99925 -0.000932693 0 -2.00714
25 6.02794 0 0 -0.534548 1.05962 -0.479598
26 11.7344 0 0 0.00140277 0 1.79139
27 8.81167 0 0 2.45776 0 0
28 5.77884 0 0 1.6467 0 0
29 2.23249 0 0 0.811062 0 0
30 11.4725 0 0 2.19038 -0.457729 -1.35557
31 0.615812 0.994372 -0.809165 -2.38066 0.194754 0.643726
32 2.24752 0 0 -0.0906317 0.0101641 -0.0402405
33 1.11936 0 0 -0.0895477 0.185833 -0.0215409
34 3.71349 0.102639 0.102192 -1.53655 0.0022295 -0.0835779
35 1.72615 0 0 -0.00120027 -0.0285023 0.153833
36 1.21112 0 0 -0.00850688 0.0154491 0.0940966
37 3.5992 1.06012 0.0708876 -1.55003 -0.0112191 0.0358732
38 1.66069 0 0 -0.014003 0.0765978 0.0419236
39 1.16699 0 0 0.019914 0.0430398 0.108177
40 2.18853 -0.50104 0.0576582 -1.57042 -0.0329162 -0.214189
41 1.29609 0 0 0.0302439 -0.0526484 0.0947031
42 1.62202 -0.000715256 -0.000471115 0.0140074 -0.0364672 0.104433
43 1.22241 0 0 -0.0094379 -0.0185592 0.064132
44 1.76707 -1.27612 0.0366411 -1.57009 0.0172417 -0.242298
45 1.55588 0 0 0.0313114 -0.00490202 0.0984891
46 1.24273 0 0 0.000489155 0.000346446 0.0635028
47 0.784533 0 0 -0.0150248 0.00391919 0.0404097
48 0 0 0 0 0 0
49 4.98011 -5.01495 -14.1561 0.618591 0.666389 -0.38865
50 0 -3.88574 -0.867034 0 0 -1.5708
51 0 -2.3834 1.62041 0 1.39626 -1.5708
52 0 -9.60567 0.513891 0 0 -1.5708
53 -2.44017 -0.616137 1.06069 1.5708 0 0
54 -2.44109 0.616134 1.06069 1.5708 0 0
55 0 -6.39109 2.6639 0 1.39626 -1.5708
56 7.46414 2.94364 -15.0686 0.618591 0.666389 -0.38865
57 7.17586 3.79508 -15.8182 0.618591 0.666389 -0.38865
58 0.12742 -11.7794 -16.6078 0.618591 0.666389 -0.38865
59 -0.160856 -10.9279 -17.3574 0.618591 0.666389 -0.38865
time 4
0 13.7815 17.2134 0.355346 0.000934124 0 -1.48352
1 6.02794 0 0 -0.2424 0.773369 -0.145182
2 11.7344 0 0 -0.00140285 0 -0.561941
3 8.81138 -0.000449181 -0.000112057 -1.6802 0 0.000158046
4 5.77839 0.000286102 0 -1.12573 0 0.000100756
5 2.23164 -0.000329018 -0.000364304 -0.554465 0 0
6 11.4725 0 0 -1.68592 0.344098 -0.177749
7 0.61522 -0.993091 -0.810699 -3.12143 0.455449 -0.448969
8 2.24752 0 0 0.0577539 -0.0801897 -0.422607
9 1.11936 0 0 0.0108782 -0.011531 -1.06412
10 3.71348 -0.102641 0.102192 1.6576 1.11328 0.527799
11 1.72615 0 0 0.00181517 -0.0010447 -1.16018
12 1.21114 0 0 -0.00818881 0.0156199 -1.08034
13 3.59919 -1.06012 0.0708885 1.55964 0.174096 0.0209861
14 1.66069 0 0 0.0046869 0.0777242 -0.162634
15 1.167 0 0 -0.021016 0.0375851 -0.131225
16 2.18853 0.501039 0.0576591 1.57003 0.123978 0.225804
17 1.29609 0 0 -0.15314 -0.0413946 -1.3026
18 1.62202 0.000713348 -0.000470877 -0.00529202 0.00572128 -1.17914
19 1.22241 0 0 -0.0403371 0.0245784 -0.809734
20 1.76707 1.27612 0.0366421 1.40923 0.411606 0.261114
21 1.55588 0 0 -0.0325419 -0.0777185 -1.17583
22 1.24274 0 0 -0.000573946 -0.000173363 -0.972817
23 0.784524 0 0 0.00619199 -0.00457881 -0.750474
24 -8.90025 1.31301 -8.99925 -0.000932693 0 -2.00714
25 6.02794 0 0 -0.477667 1.11052 -0.551627
26 11.7344 0 0 0.00140274 0 1.84684
27 8.81167 0 0 2.36412 0 0
28 5.77884 0 0 1.58396 0 0
29 2.23249 0 0 0.78016 0 0
30 11.4725 0 0 2.0116 -0.474755 -1.36762
31 0.615814 0.994372 -0.809164 -2.33375 0.188502 0.680307
32 2.24752 0 0 -0.0909467 0.0111604 -0.0309224
33 1.11936 0 0 -0.0983524 0.183736 -0.0676375
34 3.71349 0.102638 0.102192 -1.55999 -0.0420337 -0.0798627
35 1.72615 0 0 0.00207062 -0.0284525 0.0390828
36 1.21112 0 0 -0.00991434 0.0145859 0.00044687
37 3.5992 1.06012 0.070889 -1.55963 0.00161951 0.0627618
38 1.66069 0 0 -0.0179105 0.0757811 -0.00940129
39 1.16699 0 0 0.0151707 0.0454569 -0.0402751
40 2.18853 -0.50104 0.0576596 -1.57004 -0.0521614 -0.225938
41 1.29609 0 0 0.00692326 -0.0463195 0.0403296
42 1.62201 -0.000713348 -0.000470161 0.0170533 -0.0362869 -0.00632034
43 1.2224 0 0 -0.0104113 -0.0213343 -0.00596807
44 1.76707 -1.27612 0.0366416 -1.57004 -0.0293955 -0.261465
45 1.55588 0 0 0.0101481 0.0309805 0.0220303
46 1.24273 0 0 0.000479075 0.000360461 0.0344315
47 0.784531 0 0 -0.0158301 0.00390858 -0.0455418
48 0 0 0 0 0 0
49 5.00725 -5.41377 -13.8185 0.591954 0.71284 -0.403355
50 0 -3.88574 -0.867034 0 0 -1.5708
51 0 -2.3834 1.62041 0 1.39626 -1.5708
52 0 -9.60567 0.51389 0 0 -1.5708
53 -2.44017 -0.616138 1.06069 1.5708 0 0
54 -2.44109 0.616133 1.06069 1.5708 0 0
55 0 -6.39109 2.6639 0 1.39626 -1.5708
56 7.42366 2.5493 -14.8638 0.591954 0.71284 -0.403355
57 7.09578 3.39928 -15.5985 0.591954 0.71284 -0.403355
58 0.0517499 -12.1917 -16.014 0.591954 0.71284 -0.403355
59 -0.276134 -11.3417 -16.7488 0.591954 0.71284 -0.403355
time 5
0 13.4322 17.2134 0.424797 0.000934124 0 -1.48352
1 6.02794 0 0 -0.25297 0.76139 -0.129097
2 11.7344 0 0 -0.00140287 0 -0.550523
3 8.81138 -0.000449181 -0.00011158 -1.69444 0 0.000158059
4 5.77839 0.000286102 0 -1.13527 0 0.000100504
5 2.23163 -0.000329971 -0.00036335 -0.559164 0 0
6 11.4725 0 0 -1.70007 0.343877 -0.223096
7 0.615219 -0.993091 -0.810701 -3.12143 0.455449 -0.448969
8 2.24752 0 0 0.0577539 -0.0801897 -0.422607
9 1.11936 0 0 0.0108781 -0.011531 -1.06412
10 3.71348 -0.102642 0.102191 1.6576 1.11328 0.527799
11 1.72615 0 0 0.0018151 -0.00104471 -1.16018
12 1.21114 0 0 -0.00818881 0.01562 -1.08034
13 3.59919 -1.06012 0.0708876 1.55964 0.174096 0.0209861
14 1.66069 0 0 0.00468678 0.0777243 -0.162634
15 1.167 0 0 -0.021016 0.0375851 -0.131225
16 2.18852 0.501038 0.0576582 1.57003 0.123978 0.225804
17 1.29609 0 0 -0.15314 -0.0413945 -1.3026
18 1.62202 0.000714302 -0.000471354 -0.00529192 0.00572114 -1.17914
19 1.22241 0 0 -0.0403371 0.0245782 -0.809734
20 1.76707 1.27612 0.0366402 1.40923 0.411606 0.261114
21 1.55588 0 0 -0.0325418 -0.0777185 -1.17583
22 1.24273 0 0 -0.000573946 -0.000173363 -0.972816
23 0.784524 0 0 0.0061919 -0.00457872 -0.750474
24 -8.90025 1.31301 -8.99925 -0.000932693 0 -2.00714
25 6.02794 0 0 -0.378344 1.16814 -0.563445
26 11.7344 0 0 0.00140265 0 1.87797
27 8.81167 0 0 2.20755 0 0
28 5.77884 0 0 1.47906 0 0
29 2.23249 0 0 0.728491 0 0
30 11.4725 0 0 1.84505 -0.489422 -1.36292
31 0.61581 0.994372 -0.809165 -2.33821 0.189113 0.676803
32 2.24752 0 0 -0.0909167 0.0110649 -0.0318161
33 1.11935 0 0 -0.0975168 0.183954 -0.0632183
34 3.71349 0.102639 0.102192 -1.55772 -0.0377887 -0.0802193
35 1.72615 0 0 0.00175742 -0.0284735 0.0500872
36 1.21112 0 0 -0.00978296 0.0146745 0.00942756
37 3.5992 1.06012 0.070888 -1.55874 0.000387998 0.0601834
38 1.66069 0 0 -0.0175377 0.075868 -0.00447974
39 1.16699 0 0 0.0156424 0.0452676 -0.0260373
40 2.18853 -0.50104 0.0576591 -1.57009 -0.0503162 -0.224811
41 1.29609 0 0 0.0091607 -0.0469323 0.0455427
42 1.62202 -0.000713825 -0.000470161 0.0167694 -0.0363236 0.00430076
43 1.22241 0 0 -0.0103202 -0.0210725 0.000754759
44 1.76707 -1.27612 0.0366411 -1.57013 -0.0249225 -0.259627
45 1.55588 0 0 0.0121798 0.0275472 0.0293697
46 1.24273 0 0 0.000479952 0.000359309 0.0372194
47 0.784531 0 0 -0.0157578 0.00391086 -0.0372992
48 0 0 0 0 0 0
49 5.0277 -5.78898 -13.4799 0.56194 0.742728 -0.41498
50 0 -3.88574 -0.867033 0 0 -1.5708
51 0 -2.3834 1.62041 0 1.39626 -1.5708
52 0 -9.60567 0.513889 0 0 -1.5708
53 -2.44017 -0.616138 1.06069 1.5708 0 0
54 -2.44109 0.616133 1.06069 1.5708 0 0
55 0 -6.39109 2.6639 0 1.39626 -1.5708
56 7.33683 2.18407 -14.6802 0.56194 0.742728 -0.41498
57 6.97529 3.02482 -15.4097 0.56194 0.742728 -0.41498
58 0.0535702 -12.6263 -15.436 0.56194 0.742728 -0.41498
59 -0.307972 -11.7855 -16.1656 0.56194 0.742728 -0.41498
time 6
0 13.0414 17.2134 0.506361 0.000934124 0 -1.48352
1 6.02794 0 0 -0.2585 0.750881 -0.105876
2 11.7344 0 0 -0.00140277 0 -0.549372
3 8.81138 -0.000450134 -0.000111103 -1.69706 0 0.000158279
4 5.77839 0.000287056 0 -1.13703 0 0.000100928
5 2.23163 -0.000328064 -0.000363827 -0.56003 0 0
6 11.4725 0 0 -1.70203 0.340084 -0.247365
7 0.615219 -0.993091 -0.810699 -3.12143 0.455449 -0.448969
8 2.24752 0 0 0.057754 -0.0801897 -0.422607
9 1.11936 0 0 0.0108782 -0.011531 -1.06412
10 3.71348 -0.10264 0.102192 1.6576 1.11328 0.527799
11 1.72615 0 0 0.00181525 -0.00104461 -1.16018
12 1.21114 0 0 -0.00818881 0.01562 -1.08034
13 3.59919 -1.06012 0.0708885 1.55964 0.174096 0.0209862
14 1.66069 0 0 0.00468677 0.0777242 -0.162634
15 1.167 0 0 -0.021016 0.037585 -0.131225
16 2.18853 0.501039 0.0576591 1.57003 0.123978 0.225804
17 1.29609 0 0 -0.15314 -0.0413945 -1.3026
18 1.62202 0.000714302 -0.000470638 -0.00529195 0.00572119 -1.17914
19 1.22241 0 0 -0.0403372 0.0245782 -0.809734
20 1.76707 1.27612 0.0366411 1.40923 0.411606 0.261114
21 1.55588 0 0 -0.0325419 -0.0777187 -1.17583
22 1.24274 0 0 -0.00057411 -0.00017318 -0.972816
23 0.784522 0 0 0.00619213 -0.00457889 -0.750474
24 -8.90025 1.31301 -8.99925 -0.000932693 0 -2.00714
25 6.02794 0 0 -0.221148 1.22091 -0.495209
26 11.7344 0 0 0.0014025 0 1.88633
27 8.81167 0 0 1.95158 0 0
28 5.77884 0 0 1.30756 0 0
29 2.23249 0 0 0.644022 0 0
30 11.4725 0 0 1.6999 -0.497586 -1.34426
31 0.615814 0.994371 -0.809165 -2.35091 0.190833 0.666857
32 2.24752 0 0 -0.0908317 0.010794 -0.034351
33 1.11936 0 0 -0.0951361 0.184552 -0.0506809
34 3.71349 0.102638 0.102191 -1.55132 -0.0257473 -0.08123
35 1.72615 0 0 0.000868144 -0.0285146 0.0813041
36 1.21112 0 0 -0.00940607 0.0149189 0.0349041
37 3.5992 1.06011 0.0708885 -1.55618 -0.00310575 0.052869
38 1.66069 0 0 -0.0164778 0.0761049 0.00948245
39 1.16699 0 0 0.0169627 0.044681 0.0143503
40 2.18853 -0.50104 0.0576591 -1.57023 -0.0450809 -0.221613
41 1.29609 0 0 0.0155062 -0.0486641 0.0603319
42 1.62202 -0.000712872 -0.000469208 0.0159542 -0.0364062 0.0344301
43 1.2224 0 0 -0.0100594 -0.0203251 0.0198254
44 1.76707 -1.27612 0.0366402 -1.57027 -0.0122343 -0.254413
45 1.55587 0 0 0.0179411 0.0177986 0.0501821
46 1.24273 0 0 0.000483019 0.000355463 0.0451281
47 0.784534 0 0 -0.0155471 0.00391642 -0.0139168
48 0 0 0 0 0 0
49 5.04148 -6.14058 -13.1405 0.528551 0.756051 -0.423525
50 0 -3.88574 -0.867033 0 0 -1.5708
51 0 -2.3834 1.62041 0 1.39626 -1.5708
52 0 -9.60567 0.513889 0 0 -1.5708
53 -2.44017 -0.616137 1.06069 1.5708 0 0
54 -2.44109 0.616132 1.06069 1.5708 0 0
55 0 -6.39109 2.66389 0 1.39626 -1.5708
56 7.20872 1.84241 -14.5251 0.528551 0.756051 -0.423525
57 6.81917 2.66545 -15.2605 0.528551 0.756051 -0.423525
58 0.12439 -13.0793 -14.8708 0.528551 0.756051 -0.423525
59 -0.265169 -12.2563 -15.6061 0.528551 0.756051 -0.423525
time 7
0 12.6138 17.2134 0.598828 0.000934124 0 -1.48352
1 6.02794 0 0 -0.259458 0.741803 -0.0758496
2 11.7344 0 0 -0.00140288 0 -0.558301
3 8.81139 -0.000449181 -0.00011301 -1.68677 0 0.000157498
4 5.77839 0.000287056 0 -1.13014 0 0.00010013
5 2.23163 -0.000329971 -0.000363827 -0.556634 0 0
6 11.4725 0 0 -1.69079 0.332693 -0.25158
7 0.615219 -0.993091 -0.8107 -3.12143 0.455449 -0.448969
8 2.24752 0 0 0.0577539 -0.0801897 -0.422607
9 1.11936 0 0 0.0108782 -0.0115309 -1.06412
10 3.71348 -0.102641 0.10219 1.6576 1.11328 0.527799
11 1.72615 0 0 0.00181512 -0.00104484 -1.16018
12 1.21114 0 0 -0.00818877 0.0156201 -1.08034
13 3.59919 -1.06012 0.0708876 1.55964 0.174096 0.0209862
14 1.66069 0 0 0.00468697 0.0777241 -0.162633
15 1.167 0 0 -0.0210161 0.0375851 -0.131225
16 2.18852 0.501039 0.0576591 1.57003 0.123978 0.225804
17 1.29609 0 0 -0.15314 -0.0413945 -1.3026
18 1.62202 0.000714302 -0.000471354 -0.00529187 0.00572117 -1.17914
19 1.22241 0 0 -0.0403371 0.0245782 -0.809734
20 1.76707 1.27612 0.0366402 1.40923 0.411606 0.261114
21 1.55588 0 0 -0.0325417 -0.0777185 -1.17583
22 1.24273 0 0 -0.000573998 -0.000173391 -0.972816
23 0.784523 0 0 0.0061921 -0.0045787 -0.750474
24 -8.90025 1.31301 -8.99925 -0.000932693 0 -2.00714
25 6.02794 0 0 0.00434069 1.25735 -0.337002
26 11.7344 0 0 0.00140274 0 1.87379
27 8.81167 0 0 1.60075 0 0
28 5.77884 0 0 1.0725 0 0
29 2.23249 0 0 0.528249 0 0
30 11.4725 0 0 1.57965 -0.497892 -1.31249
31 0.615812 0.994371 -0.809164 -2.37086 0.19348 0.651319
32 2.24752 0 0 -0.0906976 0.0103709 -0.0383084
33 1.11936 0 0 -0.0913897 0.18543 -0.0311024
34 3.71349 0.102638 0.102192 -1.54138 -0.0069489 -0.0828075
35 1.72615 0 0 -0.000521953 -0.0285228 0.130038
36 1.21112 0 0 -0.00880533 0.0152812 0.0746771
37 3.5992 1.06012 0.0708876 -1.55207 -0.00855809 0.0414493
38 1.66069 0 0 -0.0148167 0.0764449 0.0312803
39 1.16699 0 0 0.0189653 0.0436205 0.0773967
40 2.18853 -0.50104 0.0576582 -1.57038 -0.0369072 -0.216624
41 1.29609 0 0 0.0254095 -0.0513473 0.0834256
42 1.62201 -0.000713348 -0.000470161 0.0146537 -0.0364675 0.081467
43 1.2224 0 0 -0.00964425 -0.0191431 0.0495966
44 1.76707 -1.27612 0.0366406 -1.57023 0.00757263 -0.246274
45 1.55587 0 0 0.0269275 0.00255343 0.0826482
46 1.24273 0 0 0.00048718 0.000349317 0.0574744
47 0.784534 0 0 -0.0152011 0.00391979 0.0225867
48 0 0 0 0 0 0
49 5.04857 -6.46857 -12.8002 0.491787 0.75281 -0.42899
50 0 -3.88574 -0.867035 0 0 -1.5708
51 0 -2.3834 1.62041 0 1.39626 -1.5708
52 0 -9.60567 0.513889 0 0 -1.5708
53 -2.44017 -0.616137 1.06069 1.5708 0 0
54 -2.44109 0.616134 1.06069 1.5708 0 0
55 0 -6.39109 2.66389 0 1.39626 -1.5708
56 7.04625 1.51699 -14.4072 0.491787 0.75281 -0.42899
57 6.63468 2.31297 -15.1601 0.491787 0.75281 -0.42899
58 0.256476 -13.5447 -14.3107 0.491787 0.75281 -0.42899
59 -0.15509 -12.7487 -15.0636 0.491787 0.75281 -0.42899
time 8
0 12.1539 17.2134 0.700985 0.000934124 0 -1.48352
1 6.02794 0 0 -0.256958 0.733878 -0.0404205
2 11.7344 0 0 -0.00140273 0 -0.575471
3 8.81138 -0.000448227 -0.00011301 -1.66272 0 0.000157564
4 5.77839 0.00028801 0 -1.11402 0 0.000100401
5 2.23163 -0.000329971 -0.000364065 -0.548697 0 0
6 11.4725 0 0 -1.6656 0.321192 -0.237906
7 0.615219 -0.993092 -0.810699 -3.12143 0.455449 -0.448969
8 2.24752 0 0 0.057754 -0.0801897 -0.422607
9 1.11936 0 0 0.010878 -0.0115311 -1.06412
10 3.71348 -0.102641 0.102191 1.6576 1.11328 0.527799
11 1.72615 0 0 0.00181505 -0.00104453 -1.16018
12 1.21114 0 0 -0.00818888 0.0156201 -1.08034
13 3.59919 -1.06012 0.0708885 1.55964 0.174096 0.020986
14 1.66069 0 0 0.00468677 0.0777243 -0.162634
15 1.167 0 0 -0.021016 0.037585 -0.131225
16 2.18852 0.501039 0.0576591 1.57003 0.123978 0.225804
17 1.29609 0 0 -0.15314 -0.0413945 -1.3026
18 1.62202 0.000715256 -0.000470638 -0.0052919 0.00572122 -1.17914
19 1.22241 0 0 -0.0403372 0.0245782 -0.809734
20 1.76707 1.27612 0.0366421 1.40923 0.411606 0.261114
21 1.55588 0 0 -0.0325418 -0.0777185 -1.17583
22 1.24274 0 0 -0.000574131 -0.000173394 -0.972816
23 0.784523 0 0 0.00619215 -0.00457881 -0.750474
24 -8.90025 1.31301 -8.99925 -0.000932693 0 -2.00714
25 6.02794 0 0 0.279974 1.26746 -0.109807
26 11.7344 0 0 0.0014027 0 1.84238
27 8.81167 0 0 1.28388 0 0
28 5.77884 0 0 0.860199 0 0
29 2.23249 0 0 0.42368 0 0
30 11.4725 0 0 1.48407 -0.490689 -1.26717
31 0.615814 0.994371 -0.809165 -2.39712 0.196855 0.631032
32 2.24752 0 0 -0.0905208 0.00981869 -0.0434693
33 1.11936 0 0 -0.0864512 0.186469 -0.00556016
34 3.71349 0.102639 0.10219 -1.52851 0.0175668 -0.0848663
35 1.72615 0 0 -0.00233227 -0.0284321 0.193595
36 1.21112 0 0 -0.00800133 0.0157171 0.126548
37 3.5992 1.06012 0.0708876 -1.54653 -0.0156627 0.0265538
38 1.66069 0 0 -0.0126398 0.0768342 0.0597096
39 1.16699 0 0 0.021453 0.0419798 0.159609
40 2.18853 -0.50104 0.0576577 -1.57045 -0.0262472 -0.210121
41 1.29609 0 0 0.0383208 -0.0548092 0.113551
42 1.62202 -0.000712395 -0.000469208 0.0129122 -0.0364222 0.14281
43 1.2224 0 0 -0.00908721 -0.0175739 0.0884205
44 1.76707 -1.27612 0.0366406 -1.5697 0.0333953 -0.235646
45 1.55588 0 0 0.0386317 -0.0173767 0.124944
46 1.24273 0 0 0.000492646 0.000341766 0.0735763
47 0.784531 0 0 -0.0147188 0.00391424 0.0701925
48 0 0 0 0 0 0
49 5.04899 -6.77295 -12.459 0.451647 0.733005 -0.431376
50 0 -3.88574 -0.867035 0 0 -1.5708
51 0 -2.3834 1.62041 0 1.39626 -1.5708
52 0 -9.60566 0.51389 0 0 -1.5708
53 -2.44017 -0.616137 1.06069 1.5708 0 0
54 -2.44109 0.616133 1.06069 1.5708 0 0
55 0 -6.39109 2.66389 0 1.39626 -1.5708
56 6.8589 1.19857 -14.3355 0.451647 0.733005 -0.431376
57 6.43243 1.95721 -15.1181 0.451647 0.733005 -0.431376
58 0.442158 -14.0146 -13.7446 0.451647 0.733005 -0.431376
59 0.0156897 -13.256 -14.5272 0.451647 0.733005 -0.431376
time 9
0 11.666 17.2134 0.811622 0.000934124 0 -1.48352
1 6.02794 0 0 -0.251857 0.726859 -0.000743777
2 11.7344 0 0 -0.00140297 0 -0.599412
3 8.81139 -0.000450134 -0.000112295 -1.62445 0 0.00015804
4 5.77839 0.000286102 0 -1.08838 0 0.000100664
5 2.23163 -0.000329018 -0.000363827 -0.536069 0 0
6 11.4725 0 0 -1.626 0.304611 -0.208674
7 0.61522 -0.993092 -0.810699 -3.12143 0.455449 -0.448969
8 2.24752 0 0 0.057754 -0.0801897 -0.422607
9 1.11936 0 0 0.0108781 -0.0115311 -1.06412
10 3.71348 -0.102642 0.102192 1.6576 1.11328 0.527799
11 1.72615 0 0 0.00181509 -0.00104458 -1.16018
12 1.21114 0 0 -0.00818863 0.01562 -1.08034
13 3.59919 -1.06012 0.0708885 1.55964 0.174096 0.020986
14 1.66069 0 0 0.00468696 0.0777242 -0.162634
15 1.167 0 0 -0.021016 0.0375851 -0.131225
16 2.18852 0.501039 0.0576591 1.57003 0.123978 0.225804
17 1.29609 0 0 -0.15314 -0.0413946 -1.3026
18 1.62202 0.000713348 -0.000471115 -0.00529192 0.00572114 -1.17914
19 1.22241 0 0 -0.0403372 0.0245783 -0.809734
20 1.76707 1.27612 0.0366421 1.40923 0.411606 0.261114
21 1.55588 0 0 -0.0325417 -0.0777184 -1.17583
22 1.24273 0 0 -0.000574079 -0.000173366 -0.972816
23 0.784523 0 0 0.00619201 -0.00457874 -0.750474
24 -8.90025 1.31301 -8.99925 -0.000932693 0 -2.00714
25 6.02794 0 0 0.55187 1.24731 0.129147
26 11.7344 0 0 0.00140259 0 1.79438
27 8.81167 0 0 1.10771 0 0
28 5.77884 0 0 0.742163 0 0
29 2.23249 0 0 0.365543 0 0
30 11.4725 0 0 1.41133 -0.477202 -1.20768
31 0.615812 0.994373 -0.809165 -2.42874 0.200754 0.606841
32 2.24752 0 0 -0.090307 0.00916085 -0.0496151
33 1.11936 0 0 -0.0804971 0.187549 0.024868
34 3.71349 0.10264 0.10219 -1.51332 0.0467596 -0.0873252
35 1.72615 0 0 -0.00447504 -0.0281745 0.269279
36 1.21112 0 0 -0.0070158 0.0161808 0.188316
37 3.5992 1.06012 0.070888 -1.53966 -0.0241079 0.0088089
38 1.66069 0 0 -0.0100343 0.077217 0.0935653
39 1.16699 0 0 0.0242028 0.0396614 0.257492
40 2.18853 -0.50104 0.0576587 -1.57036 -0.0135546 -0.20238
41 1.29609 0 0 0.053691 -0.0588766 0.149438
42 1.62202 -0.000712395 -0.000469208 0.0107832 -0.0361798 0.215857
43 1.2224 0 0 -0.0083995 -0.0156655 0.134649
44 1.76707 -1.27612 0.0366406 -1.56834 0.064121 -0.222941
45 1.55587 0 0 0.0525455 -0.041179 0.175246
46 1.24273 0 0 0.000499296 0.000332097 0.0927503
47 0.784531 0 0 -0.0140995 0.00389062 0.126882
48 0 0 0 0 0 0
49 5.04273 -7.05371 -12.1169 0.408131 0.696635 -0.430681
50 0 -3.88574 -0.867035 0 0 -1.5708
51 0 -2.3834 1.62041 0 1.39626 -1.5708
52 0 -9.60567 0.51389 0 0 -1.5708
53 -2.44017 -0.616137 1.06069 1.5708 0 0
54 -2.44109 0.616133 1.06069 1.5708 0 0
55 0 -6.39109 2.6639 0 1.39626 -1.5708
56 6.65963 0.875991 -14.3186 0.408131 0.696635 -0.430681
57 6.22721 1.58587 -15.1426 0.408131 0.696635 -0.430681
58 0.672712 -14.479 -13.1587 0.408131 0.696635 -0.430681
59 0.240295 -13.7691 -13.9827 0.408131 0.696635 -0.430681
time 10
0 11.1548 17.2134 0.929527 0.000934124 0 -1.48352
1 6.02794 0 0 -0.245012 0.7205 0.0419254
2 11.7344 0 0 -0.00140292 0 -0.628504
3 8.81138 -0.000449181 -0.000112534 -1.57182 0 0.00015779
4 5.77839 0.000287056 0 -1.05312 0 0.000100712
5 2.23164 -0.000329018 -0.000364065 -0.518699 0 0
6 11.4725 0 0 -1.57183 0.28163 -0.166734
7 0.61522 -0.993091 -0.8107 -3.12143 0.455449 -0.448969
8 2.24752 0 0 0.0577541 -0.0801896 -0.422607
9 1.11936 0 0 0.0108781 -0.0115311 -1.06412
10 3.71348 -0.102641 0.102191 1.6576 1.11328 0.527799
11 1.72615 0 0 0.00181505 -0.00104474 -1.16018
12 1.21114 0 0 -0.00818895 0.0156202 -1.08034
13 3.59919 -1.06012 0.0708876 1.55964 0.174096 0.020986
14 1.66069 0 0 0.00468684 0.0777242 -0.162634
15 1.167 0 0 -0.021016 0.0375851 -0.131225
16 2.18853 0.501039 0.0576582 1.57003 0.123978 0.225804
17 1.29609 0 0 -0.15314 -0.0413945 -1.3026
18 1.62202 0.000714302 -0.000471115 -0.00529187 0.00572117 -1.17914
19 1.22241 0 0 -0.0403372 0.0245782 -0.809734
20 1.76707 1.27612 0.0366402 1.40923 0.411606 0.261114
21 1.55588 0 0 -0.0325416 -0.0777184 -1.17583
22 1.24273 0 0 -0.000574101 -0.00017358 -0.972817
23 0.784523 0 0 0.00619184 -0.00457868 -0.750474
24 -8.90025 1.31301 -8.99925 -0.000932693 0 -2.00714
25 6.02794 0 0 0.773488 1.20096 0.330284
26 11.7344 0 0 0.00140286 0 1.7318
27 8.81167 0 0 1.05185 0 0
28 5.77884 0 0 0.70474 0 0
29 2.23249 0 0 0.347111 0 0
30 11.4725 0 0 1.35916 -0.459143 -1.13351
31 0.615814 0.994372 -0.809165 -2.46474 0.204968 0.579597
32 2.24752 0 0 -0.0900624 0.00842063 -0.0565266
33 1.11936 0 0 -0.0737121 0.188556 0.0591022
34 3.71349 0.102639 0.10219 -1.49643 0.0795886 -0.0901069
35 1.72615 0 0 -0.00685383 -0.0276924 0.354393
36 1.21112 0 0 -0.00587578 0.0166288 0.257784
37 3.5992 1.06012 0.0708885 -1.53156 -0.0335764 -0.0111606
38 1.66069 0 0 -0.00709076 0.0775418 0.131642
39 1.16699 0 0 0.0269751 0.0366102 0.367552
40 2.18853 -0.501039 0.0576582 -1.57002 0.000714712 -0.193671
41 1.29609 0 0 0.0709732 -0.0633788 0.189814
42 1.62202 -0.000713348 -0.000469208 0.00833479 -0.0356579 0.298005
43 1.2224 0 0 -0.00759189 -0.0134692 0.186635
44 1.76707 -1.27612 0.0366402 -1.56588 0.0986269 -0.208548
45 1.55588 0 0 0.0681621 -0.0680354 0.231735
46 1.24273 0 0 0.0005061 0.000321194 0.114314
47 0.784533 0 0 -0.0133456 0.00383873 0.190636
48 0 0 0 0 0 0
49 5.02978 -7.31087 -11.7739 0.361239 0.643701 -0.426906
50 0 -3.88574 -0.867035 0 0 -1.5708
51 0 -2.38341 1.62041 0 1.39626 -1.5708
52 0 -9.60567 0.513888 0 0 -1.5708
53 -2.44017 -0.616138 1.06069 1.5708 0 0
54 -2.44109 0.616132 1.06069 1.5708 0 0
55 0 -6.39109 2.66389 0 1.39626 -1.5708
56 6.46576 0.536242 -14.3629 0.361239 0.643701 -0.426906
57 6.03891 1.18485 -15.2387 0.361239 0.643701 -0.426906
58 0.936975 -14.9255 -12.5378 0.361239 0.643701 -0.426906
59 0.510132 -14.2769 -13.4135 0.361239 0.643701 -0.426906
time 11
0 10.6247 17.2134 1.05349 0.000934124 0 -1.48352
1 6.02795 0 0 -0.235788 0.714943 0.0887149
2 11.7344 0 0 -0.00140291 0 -0.665865
3 8.81139 -0.000448227 -0.00011158 -1.49254 0 0.000157998
4 5.77839 0.000287056 0 -1 0 0.000100878
5 2.23164 -0.000329018 -0.000363827 -0.492537 0 0
6 11.4725 0 0 -1.49073 0.244125 -0.102456
7 0.615219 -0.993091 -0.810699 -3.12143 0.455449 -0.448969
8 2.24752 0 0 0.057754 -0.0801896 -0.422607
9 1.11936 0 0 0.0108781 -0.0115309 -1.06412
10 3.71348 -0.102641 0.102192 1.6576 1.11328 0.527799
11 1.72615 0 0 0.00181515 -0.00104468 -1.16018
12 1.21114 0 0 -0.00818887 0.01562 -1.08034
13 3.59919 -1.06012 0.0708885 1.55964 0.174096 0.0209861
14 1.66069 0 0 0.00468678 0.0777242 -0.162633
15 1.167 0 0 -0.0210158 0.037585 -0.131225
16 2.18853 0.50104 0.0576601 1.57003 0.123978 0.225804
17 1.29609 0 0 -0.15314 -0.0413945 -1.3026
18 1.62202 0.000714302 -0.000471115 -0.00529193 0.00572105 -1.17914
19 1.22241 0 0 -0.0403371 0.0245782 -0.809734
20 1.76707 1.27612 0.0366421 1.40923 0.411606 0.261114
21 1.55588 0 0 -0.0325417 -0.0777184 -1.17583
22 1.24273 0 0 -0.000574051 -0.000173419 -0.972817
23 0.784523 0 0 0.00619199 -0.00457881 -0.750474
24 -8.90025 1.31301 -8.99925 -0.000932693 0 -2.00714
25 6.02794 0 0 0.94315 1.12921 0.492629
26 11.7344 0 0 0.0014027 0 1.64482
27 8.81167 0 0 1.09124 0 0
28 5.77884 0 0 0.731132 0 0
29 2.23249 0 0 0.36011 0 0
30 11.4725 0 0 1.32996 -0.436874 -1.02759
31 0.615812 0.994372 -0.809165 -2.50411 0.209293 0.550155
32 2.24751 0 0 -0.0897935 0.00762137 -0.0639853
33 1.11936 0 0 -0.0662933 0.189393 0.0960589
34 3.71349 0.102639 0.10219 -1.47841 0.115013 -0.0931398
35 1.72615 0 0 -0.00936449 -0.0269473 0.446241
36 1.21112 0 0 -0.00461391 0.0170221 0.332752
37 3.5992 1.06012 0.0708885 -1.5224 -0.0437472 -0.0327326
38 1.66069 0 0 -0.00390215 0.0777672 0.172736
39 1.16699 0 0 0.0295306 0.0328339 0.486293
40 2.18853 -0.50104 0.0576591 -1.56937 0.0161048 -0.184266
41 1.29609 0 0 0.0896224 -0.0681521 0.233405
42 1.62201 -0.000712395 -0.000469208 0.00565231 -0.0347944 0.386651
43 1.22241 0 0 -0.00667682 -0.0110418 0.242731
44 1.76707 -1.27612 0.0366411 -1.5621 0.135782 -0.192832
45 1.55588 0 0 0.0849748 -0.0971187 0.292603
46 1.24273 0 0 0.000513606 0.000309346 0.137585
47 0.784533 0 0 -0.0124662 0.00374852 0.259437
48 0 0 0 0 0 0
49 5.01016 -7.54442 -11.43 0.306178 0.560042 -0.417705
50 0 -3.88574 -0.867035 0 0 -1.5708
51 0 -2.3834 1.62041 0 1.39626 -1.5708
52 0 -9.60567 0.513889 0 0 -1.5708
53 -2.44017 -0.616137 1.06069 1.5708 0 0
54 -2.44109 0.616133 1.06069 1.5708 0 0
55 0 -6.39109 2.66389 0 1.39626 -1.5708
56 6.29645 0.142244 -14.5289 0.306178 0.560042 -0.417705
57 5.8977 0.705184 -15.4744 0.306178 0.560042 -0.417705
58 1.26295 -15.3618 -11.8357 0.306178 0.560042 -0.417705
59 0.864198 -14.7988 -12.7811 0.306178 0.560042 -0.417705
time 12
0 10.0802 17.2134 1.1823 0.000934124 0 -1.48352
1 6.02794 0 0 -0.224835 0.710061 0.138157
2 11.7344 0 0 -0.00140291 0 -0.709919
3 8.81139 -0.000450134 -0.00011301 -1.38479 0 0.000158201
4 5.77839 0.000287056 0 -0.927813 0 0.000101214
5 2.23163 -0.000329971 -0.000364065 -0.456982 0 0
6 11.4725 0 0 -1.38177 0.186447 -0.0209366
7 0.615218 -0.993092 -0.8107 -3.12143 0.455449 -0.448969
8 2.24752 0 0 0.057754 -0.0801897 -0.422607
9 1.11936 0 0 0.010878 -0.0115311 -1.06412
10 3.71348 -0.102641 0.10219 1.6576 1.11328 0.527799
11 1.72615 0 0 0.00181527 -0.00104464 -1.16018
12 1.21114 0 0 -0.00818879 0.01562 -1.08034
13 3.59919 -1.06012 0.0708885 1.55964 0.174096 0.0209862
14 1.66069 0 0 0.0046869 0.0777242 -0.162633
15 1.167 0 0 -0.0210161 0.0375851 -0.131225
16 2.18852 0.501039 0.0576591 1.57003 0.123978 0.225804
17 1.29609 0 0 -0.15314 -0.0413945 -1.3026
18 1.62202 0.000714302 -0.000471115 -0.00529195 0.00572119 -1.17914
19 1.22241 0 0 -0.0403371 0.0245782 -0.809734
20 1.76707 1.27612 0.0366402 1.40923 0.411606 0.261114
21 1.55588 0 0 -0.0325419 -0.0777186 -1.17583
22 1.24274 0 0 -0.000574079 -0.000173366 -0.972816
23 0.784523 0 0 0.00619204 -0.00457873 -0.750474
24 -8.90025 1.31301 -8.99925 -0.000932693 0 -2.00714
25 6.02794 0 0 1.06573 1.03515 0.619272
26 11.7344 0 0 0.00140265 0 1.5343
27 8.81167 0 0 1.17405 0 0
28 5.77884 0 0 0.786611 0 0
29 2.23249 0 0 0.387435 0 0
30 11.4725 0 0 1.3234 -0.413601 -0.888253
31 0.615814 0.994372 -0.809164 -2.54578 0.213542 0.519377
32 2.24752 0 0 -0.0895073 0.00678643 -0.0717718
33 1.11936 0 0 -0.0584517 0.189987 0.134653
34 3.71349 0.102639 0.102191 -1.45985 0.151992 -0.0963533
35 1.72615 0 0 -0.0119011 -0.0259271 0.542127
36 1.21112 0 0 -0.00326913 0.0173308 0.411021
37 3.5992 1.06012 0.0708885 -1.51236 -0.0542979 -0.0552852
38 1.66069 0 0 -0.000566763 0.0778628 0.215638
39 1.16699 0 0 0.0316573 0.0284172 0.610229
40 2.18853 -0.50104 0.0576591 -1.56838 0.0321577 -0.174432
41 1.29609 0 0 0.109095 -0.0730408 0.278934
42 1.62202 -0.000713348 -0.000470161 0.00283704 -0.0335573 0.479191
43 1.2224 0 0 -0.00567013 -0.00844687 0.301291
44 1.76707 -1.27612 0.0366411 -1.55688 0.174453 -0.176152
45 1.55587 0 0 0.102481 -0.127589 0.356051
46 1.24273 0 0 0.000520896 0.000296785 0.16188
47 0.784533 0 0 -0.0114779 0.00361108 0.331265
48 0 0 0 0 0 0
49 4.98386 -7.75435 -11.0853 0.241989 0.442825 -0.401455
50 0 -3.88574 -0.867034 0 0 -1.5708
51 0 -2.3834 1.62041 0 1.39626 -1.5708
52 0 -9.60567 0.513889 0 0 -1.5708
53 -2.44017 -0.616137 1.06069 1.5708 0 0
54 -2.44109 0.616132 1.06069 1.5708 0 0
55 0 -6.39109 2.66389 0 1.39626 -1.5708
56 6.20521 -0.345084 -14.8207 0.241989 0.442825 -0.401455
57 5.86661 0.103348 -15.8474 0.241989 0.442825 -0.401455
58 1.62405 -15.7558 -11.0147 0.241989 0.442825 -0.401455
59 1.28545 -15.3074 -12.0414 0.241989 0.442825 -0.401455
time 13
0 9.52586 17.2134 1.31474 0.000934124 0 -1.48352
1 6.02794 0 0 -0.214297 0.705357 0.186218
2 11.7344 0 0 -0.00140281 0 -0.753564
3 8.81138 -0.000451088 -0.000112534 -1.26336 0 0.000158202
4 5.77839 0.000286102 0 -0.846449 0 0.00010146
5 2.23163 -0.000329018 -0.000363827 -0.416908 0 0
6 11.4725 0 0 -1.26133 0.114464 0.0569808
7 0.615219 -0.993091 -0.810699 -3.12143 0.455449 -0.448969
8 2.24752 0 0 0.0577541 -0.0801896 -0.422607
9 1.11936 0 0 0.0108781 -0.011531 -1.06412
10 3.71348 -0.102641 0.102192 1.6576 1.11328 0.527799
11 1.72615 0 0 0.00181527 -0.00104453 -1.16018
12 1.21114 0 0 -0.00818873 0.0156199 -1.08034
13 3.59919 -1.06012 0.0708895 1.55964 0.174096 0.0209861
14 1.66069 0 0 0.00468678 0.0777242 -0.162633
15 1.167 0 0 -0.021016 0.0375851 -0.131225
16 2.18852 0.50104 0.0576601 1.57003 0.123978 0.225804
17 1.29609 0 0 -0.15314 -0.0413945 -1.3026
18 1.62202 0.000714302 -0.000471115 -0.00529202 0.00572107 -1.17914
19 1.22241 0 0 -0.0403372 0.0245784 -0.809734
20 1.76707 1.27612 0.0366411 1.40923 0.411606 0.261114
21 1.55588 0 0 -0.0325416 -0.0777183 -1.17583
22 1.24274 0 0 -0.000574076 -0.000173499 -0.972816
23 0.784523 0 0 0.00619202 -0.0045788 -0.750474
24 -8.90025 1.31301 -8.99925 -0.000932693 0 -2.00714
25 6.02794 0 0 1.14843 0.931066 0.711461
26 11.7344 0 0 0.00140274 0 1.41772
27 8.81167 0 0 1.25113 0 0
28 5.77884 0 0 0.838258 0 0
29 2.23249 0 0 0.412874 0 0
30 11.4725 0 0 1.33249 -0.394268 -0.737284
31 0.615812 0.994372 -0.809165 -2.58862 0.217549 0.488132
32 2.24752 0 0 -0.0892114 0.00593943 -0.0796679
33 1.11936 0 0 -0.0504113 0.190292 0.173794
34 3.71349 0.10264 0.10219 -1.44129 0.189484 -0.0996753
35 1.72615 0 0 -0.0143615 -0.0246499 0.639354
36 1.21112 0 0 -0.00188468 0.0175353 0.490389
37 3.5992 1.06012 0.0708876 -1.50168 -0.0649097 -0.0781941
38 1.66069 0 0 0.0028169 0.0778141 0.259144
39 1.16699 0 0 0.0331925 0.0235161 0.735873
40 2.18853 -0.50104 0.0576582 -1.56706 0.0484163 -0.164435
41 1.29609 0 0 0.128849 -0.0778997 0.325125
42 1.62202 -0.000713348 -0.000471592 0 -0.0319534 0.573019
43 1.2224 0 0 -0.00459201 -0.00575512 0.360669
44 1.76707 -1.27612 0.0366402 -1.55024 0.213508 -0.158873
45 1.55587 0 0 0.120182 -0.158594 0.420293
46 1.24273 0 0 0.000527902 0.000283863 0.186516
47 0.784531 0 0 -0.0104057 0.00342212 0.404102
48 0 0 0 0 0 0
49 4.95089 -7.94068 -10.7396 0.174424 0.309044 -0.379237
50 0 -3.88574 -0.867034 0 0 -1.5708
51 0 -2.3834 1.62041 0 1.39626 -1.5708
52 0 -9.60567 0.513889 0 0 -1.5708
53 -2.44017 -0.616137 1.06069 1.5708 0 0
54 -2.44109 0.616134 1.06069 1.5708 0 0
55 0 -6.39109 2.6639 0 1.39626 -1.5708
56 6.23884 -0.916739 -15.1382 0.174424 0.309044 -0.379237
57 5.98837 -0.598269 -16.2363 0.174424 0.309044 -0.379237
58 1.9354 -16.0539 -10.1072 0.174424 0.309044 -0.379237
59 1.68493 -15.7354 -11.2052 0.174424 0.309044 -0.379237
time 14
0 8.9661 17.2134 1.4496 0.000934124 0 -1.48352
1 6.02794 0 0 -0.204947 0.700664 0.231464
2 11.7344 0 0 -0.00140278 0 -0.79368
3 8.81138 -0.000450134 -0.000112057 -1.14219 0 0.000158
4 5.77839 0.000286102 0 -0.76527 0 0.000101722
5 2.23163 -0.000329018 -0.000363588 -0.376924 0 0
6 11.4725 0 0 -1.14383 0.0384433 0.119701
7 0.61522 -0.993091 -0.810699 -3.12143 0.455449 -0.448969
8 2.24752 0 0 0.0577539 -0.0801897 -0.422607
9 1.11936 0 0 0.0108781 -0.011531 -1.06412
10 3.71348 -0.102641 0.102191 1.6576 1.11328 0.527799
11 1.72615 0 0 0.00181528 -0.00104465 -1.16018
12 1.21114 0 0 -0.00818886 0.01562 -1.08034
13 3.59919 -1.06012 0.0708885 1.55964 0.174096 0.020986
14 1.66069 0 0 0.0046869 0.0777242 -0.162634
15 1.167 0 0 -0.021016 0.0375851 -0.131225
16 2.18852 0.501039 0.0576591 1.57003 0.123978 0.225804
17 1.29609 0 0 -0.15314 -0.0413946 -1.3026
18 1.62202 0.000713348 -0.000470638 -0.00529195 0.00572108 -1.17914
19 1.22241 0 0 -0.0403371 0.0245783 -0.809734
20 1.76707 1.27612 0.0366421 1.40923 0.411606 0.261114
21 1.55588 0 0 -0.0325419 -0.0777185 -1.17583
22 1.24274 0 0 -0.000574026 -0.000173338 -0.972816
23 0.784525 0 0 0.00619194 -0.0045787 -0.750473
24 -8.90025 1.31301 -8.99925 -0.000932693 0 -2.00714
25 6.02794 0 0 1.20303 0.828511 0.776683
26 11.7344 0 0 0.00140265 0 1.30877
27 8.81167 0 0 1.31077 0 0
28 5.77884 0 0 0.878213 0 0
29 2.23249 0 0 0.432553 0 0
30 11.4725 0 0 1.35026 -0.380382 -0.593554
31 0.615812 0.994371 -0.809164 -2.63143 0.22118 0.457295
32 2.24752 0 0 -0.0889141 0.00510355 -0.0874543
33 1.11936 0 0 -0.0424069 0.190299 0.212396
34 3.71349 0.102639 0.102192 -1.42326 0.226449 -0.10303
35 1.72615 0 0 -0.016655 -0.0231623 0.735228
36 1.21112 0 0 -0.000507854 0.0176288 0.568659
37 3.5992 1.06012 0.0708885 -1.49067 -0.0752721 -0.100832
38 1.66069 0 0 0.00614818 0.0776224 0.302046
39 1.16699 0 0 0.0340473 0.0183456 0.859748
40 2.18853 -0.50104 0.0576591 -1.56544 0.0644254 -0.154545
41 1.29609 0 0 0.14834 -0.0825948 0.370694
42 1.62201 -0.000713348 -0.000471115 -0.00275166 -0.03003 0.665536
43 1.2224 0 0 -0.0034687 -0.00304474 0.41922
44 1.76707 -1.27612 0.0366411 -1.54232 0.251832 -0.141391
45 1.55588 0 0 0.137586 -0.18927 0.483554
46 1.24273 0 0 0.000534757 0.000270907 0.21081
47 0.784532 0 0 -0.00928322 0.00318187 0.475928
48 0 0 0 0 0 0
49 4.91123 -8.10339 -10.3931 0.109236 0.175692 -0.352136
50 0 -3.88574 -0.867034 0 0 -1.5708
51 0 -2.3834 1.62041 0 1.39626 -1.5708
52 0 -9.60566 0.51389 0 0 -1.5708
53 -2.44017 -0.616137 1.06069 1.5708 0 0
54 -2.44109 0.616133 1.06069 1.5708 0 0
55 0 -6.39109 2.66389 0 1.39626 -1.5708
56 6.38692 -1.52251 -15.3787 0.109236 0.175692 -0.352136
57 6.24005 -1.33261 -16.5243 0.109236 0.175692 -0.352136
58 2.1496 -16.2418 -9.18573 0.109236 0.175692 -0.352136
59 2.00273 -16.0518 -10.3313 0.109236 0.175692 -0.352136
time 15
0 8.40543 17.2134 1.58568 0.000934124 0 -1.48352
1 6.02794 0 0 -0.197288 0.695862 0.27319
2 11.7344 0 0 -0.00140291 0 -0.828437
3 8.81138 -0.000452042 -0.000112295 -1.03586 0 0.000158154
4 5.77839 0.000286102 0 -0.694028 0 0.000102293
5 2.23163 -0.000329971 -0.000363588 -0.341834 0 0
6 11.4725 0 0 -1.04282 -0.0297923 0.164054
7 0.615218 -0.993091 -0.8107 -3.12143 0.455449 -0.448969
8 2.24752 0 0 0.0577539 -0.0801897 -0.422607
9 1.11936 0 0 0.0108781 -0.0115312 -1.06412
10 3.71348 -0.102641 0.102191 1.6576 1.11328 0.527799
11 1.72615 0 0 0.00181505 -0.00104463 -1.16018
12 1.21114 0 0 -0.00818877 0.0156199 -1.08034
13 3.59919 -1.06012 0.0708876 1.55964 0.174096 0.020986
14 1.66069 0 0 0.0046868 0.0777242 -0.162634
15 1.167 0 0 -0.0210159 0.037585 -0.131225
16 2.18853 0.50104 0.0576591 1.57003 0.123978 0.225804
17 1.29609 0 0 -0.15314 -0.0413944 -1.3026
18 1.62202 0.000713348 -0.000472069 -0.00529193 0.00572116 -1.17914
19 1.22241 0 0 -0.0403372 0.0245783 -0.809734
20 1.76707 1.27612 0.0366402 1.40923 0.411606 0.261114
21 1.55588 0 0 -0.0325416 -0.0777184 -1.17583
22 1.24273 0 0 -0.000574023 -0.000173471 -0.972817
23 0.784523 0 0 0.00619196 -0.00457883 -0.750474
24 -8.90025 1.31301 -8.99925 -0.000932693 0 -2.00714
25 6.02794 0 0 1.23891 0.735826 0.82229
26 11.7344 0 0 0.0014027 0 1.21453
27 8.81167 0 0 1.35308 0 0
28 5.77884 0 0 0.906563 0 0
29 2.23249 0 0 0.446516 0 0
30 11.4725 0 0 1.37018 -0.369451 -0.472131
31 0.615812 0.994371 -0.809166 -2.67295 0.224341 0.427741
32 2.24752 0 0 -0.0886241 0.00430261 -0.0949127
33 1.11936 0 0 -0.034681 0.190028 0.249367
34 3.71349 0.102639 0.10219 -1.40624 0.261847 -0.10633
35 1.72615 0 0 -0.0187086 -0.0215376 0.827053
36 1.21112 0 0 0.000813756 0.0176175 0.643629
37 3.5992 1.06012 0.0708876 -1.47967 -0.0850868 -0.122564
38 1.66069 0 0 0.00932863 0.0773051 0.343138
39 1.16699 0 0 0.0342191 0.0131572 0.978379
40 2.18853 -0.50104 0.0576582 -1.56358 0.0797327 -0.145037
41 1.29609 0 0 0.167025 -0.0870021 0.414361
42 1.62201 -0.000713348 -0.000469208 -0.00531235 -0.0278749 0.754139
43 1.2224 0 0 -0.0023342 -0.000400155 0.475299
44 1.76707 -1.27612 0.0366402 -1.53342 0.288328 -0.124155
45 1.55587 0 0 0.154205 -0.21874 0.544071
46 1.24273 0 0 0.000540892 0.000258377 0.234081
47 0.784531 0 0 -0.00815106 0.00289693 0.544726
48 0 0 0 0 0 0
49 4.86489 -8.2425 -10.0457 0.0521772 0.0597635 -0.321232
50 0 -3.88574 -0.867036 0 0 -1.5708
51 0 -2.3834 1.62041 0 1.39626 -1.5708
52 0 -9.60567 0.513887 0 0 -1.5708
53 -2.44017 -0.616137 1.06069 1.5708 0 0
54 -2.44109 0.616133 1.06069 1.5708 0 0
55 0 -6.39109 2.66389 0 1.39626 -1.5708
56 6.57361 -2.08039 -15.4726 0.0521773 0.0597635 -0.321232
57 6.52664 -2.00043 -16.6393 0.0521773 0.0597635 -0.321232
58 2.27631 -16.3473 -8.33449 0.0521773 0.0597635 -0.321232
59 2.22935 -16.2674 -9.50122 0.0521773 0.0597635 -0.321232
time 16
0 7.84835 17.2134 1.72175 0.000934124 0 -1.48352
1 6.02794 0 0 -0.190973 0.691057 0.311964
2 11.7344 0 0 -0.00140285 0 -0.858275
3 8.81138 -0.000450134 -0.00011301 -0.960676 0 0.000157435
4 5.77839 0.000285149 0 -0.643653 0 0.000101684
5 2.23163 -0.000329971 -0.00036478 -0.317023 0 0
6 11.4725 0 0 -0.973022 -0.0799554 0.19383
7 0.61522 -0.99309 -0.8107 -3.12143 0.455449 -0.448969
8 2.24752 0 0 0.057754 -0.0801897 -0.422607
9 1.11936 0 0 0.0108781 -0.0115312 -1.06412
10 3.71348 -0.102641 0.102191 1.6576 1.11328 0.527799
11 1.72615 0 0 0.00181504 -0.00104472 -1.16018
12 1.21114 0 0 -0.00818886 0.0156201 -1.08034
13 3.59919 -1.06012 0.0708885 1.55964 0.174096 0.020986
14 1.66069 0 0 0.00468674 0.0777243 -0.162634
15 1.167 0 0 -0.0210159 0.0375851 -0.131225
16 2.18852 0.50104 0.0576591 1.57003 0.123978 0.225804
17 1.29609 0 0 -0.15314 -0.0413944 -1.3026
18 1.62202 0.000713348 -0.000471592 -0.00529198 0.00572113 -1.17914
19 1.22241 0 0 -0.0403372 0.0245782 -0.809734
20 1.76707 1.27612 0.0366411 1.40923 0.411605 0.261114
21 1.55588 0 0 -0.0325418 -0.0777185 -1.17583
22 1.24274 0 0 -0.000574051 -0.000173419 -0.972817
23 0.784523 0 0 0.00619202 -0.00457874 -0.750474
24 -8.90025 1.31301 -8.99925 -0.000932693 0 -2.00714
25 6.02794 0 0 1.26236 0.656807 0.854717
26 11.7344 0 0 0.0014026 0 1.13473
27 8.81167 0 0 1.37869 0 0
28 5.77884 0 0 0.923719 0 0
29 2.23249 0 0 0.454966 0 0
30 11.4725 0 0 1.38564 -0.355558 -0.384074
31 0.615814 0.994372 -0.809164 -2.71186 0.226976 0.400351
32 2.24752 0 0 -0.0883508 0.00356029 -0.101824
33 1.11936 0 0 -0.0274799 0.189533 0.28362
34 3.71349 0.10264 0.102192 -1.3907 0.294641 -0.109478
35 1.72615 0 0 -0.020471 -0.01987 0.912137
36 1.21112 0 0 0.00203458 0.0175185 0.713099
37 3.5992 1.06012 0.0708885 -1.46909 -0.0940723 -0.142751
38 1.66069 0 0 0.0122618 0.0768954 0.381214
39 1.16699 0 0 0.0337923 0.00821004 1.0883
40 2.18853 -0.50104 0.0576601 -1.56161 0.0938899 -0.136188
41 1.29609 0 0 0.184355 -0.091009 0.45484
42 1.62202 -0.000713348 -0.000469208 -0.00759686 -0.0256111 0.836229
43 1.22241 0 0 -0.00122932 0.00209026 0.527261
44 1.76707 -1.27612 0.0366411 -1.52397 0.321934 -0.107685
45 1.55587 0 0 0.169558 -0.246119 0.600087
46 1.24273 0 0 0.00054645 0.000246702 0.255645
47 0.784531 0 0 -0.00705542 0.00258237 0.608477
48 0 0 0 0 0 0
49 4.81188 -8.35799 -9.69737 0.00900044 -0.0217489 -0.287609
50 0 -3.88574 -0.867034 0 0 -1.5708
51 0 -2.3834 1.62041 0 1.39626 -1.5708
52 0 -9.60566 0.513889 0 0 -1.5708
53 -2.44017 -0.616137 1.06069 1.5708 0 0
54 -2.44109 0.616133 1.06069 1.5708 0 0
55 0 -6.39109 2.6639 0 1.39626 -1.57079
56 6.67462 -2.49998 -15.4032 0.00900053 -0.0217489 -0.287609
57 6.70202 -2.49709 -16.5732 0.00900053 -0.0217489 -0.287609
58 2.37889 -16.4248 -7.61796 0.00900053 -0.0217489 -0.287609
59 2.40629 -16.422 -8.78805 0.00900053 -0.0217489 -0.287609
time 17
0 7.29937 17.2134 1.85661 0.000934124 0 -1.48352
1 6.02794 0 0 -0.185576 0.686366 0.348486
2 11.7344 0 0 -0.00140274 0 -0.884573
3 8.81138 -0.000450134 -0.000112295 -0.923631 0 0.00015776
4 5.77839 0.000287056 0 -0.618833 0 0.000102137
5 2.23163 -0.000329018 -0.000364065 -0.304798 0 0
6 11.4725 0 0 -0.940518 -0.108948 0.216622
7 0.615218 -0.993091 -0.8107 -3.12143 0.455449 -0.448969
8 2.24752 0 0 0.057754 -0.0801897 -0.422607
9 1.11936 0 0 0.0108782 -0.011531 -1.06412
10 3.71348 -0.102641 0.102191 1.6576 1.11328 0.527799
11 1.72615 0 0 0.0018152 -0.00104464 -1.16018
12 1.21114 0 0 -0.0081888 0.0156199 -1.08034
13 3.59919 -1.06012 0.0708885 1.55964 0.174096 0.0209861
14 1.66069 0 0 0.00468683 0.0777242 -0.162634
15 1.167 0 0 -0.0210159 0.037585 -0.131225
16 2.18852 0.50104 0.0576587 1.57003 0.123978 0.225804
17 1.29609 0 0 -0.15314 -0.0413945 -1.3026
18 1.62202 0.000714302 -0.000471592 -0.00529187 0.00572106 -1.17914
19 1.22241 0 0 -0.0403371 0.0245782 -0.809734
20 1.76707 1.27612 0.0366416 1.40923 0.411606 0.261114
21 1.55588 0 0 -0.032542 -0.0777185 -1.17583
22 1.24274 0 0 -0.000574104 -0.000173447 -0.972817
23 0.784523 0 0 0.00619209 -0.00457874 -0.750474
24 -8.90025 1.31301 -8.99925 -0.000932693 0 -2.00714
25 6.02794 0 0 1.27761 0.590068 0.87976
26 11.7344 0 0 0.00140261 0 1.06346
27 8.81167 0 0 1.39016 0 0
28 5.77884 0 0 0.931405 0 0
29 2.23249 0 0 0.458752 0 0
30 11.4725 0 0 1.39345 -0.334073 -0.329666
31 0.615812 0.994372 -0.809165 -2.7468 0.22907 0.375998
32 2.24752 0 0 -0.0881041 0.00289988 -0.107969
33 1.11936 0 0 -0.0210496 0.188895 0.31407
34 3.71349 0.102639 0.102192 -1.37708 0.323792 -0.11236
35 1.72615 0 0 -0.0219142 -0.018266 0.987788
36 1.21112 0 0 0.00311226 0.0173595 0.774872
37 3.5992 1.06012 0.0708885 -1.45937 -0.101964 -0.160743
38 1.66069 0 0 0.014855 0.0764376 0.415067
39 1.16699 0 0 0.0329308 0.00375123 1.18602
40 2.18853 -0.50104 0.0576591 -1.55963 0.106453 -0.128285
41 1.29609 0 0 0.19978 -0.0945096 0.490844
42 1.62202 -0.000713348 -0.000470638 -0.00953965 -0.0233897 0.909212
43 1.2224 0 0 -0.000202018 0.00433435 0.573463
44 1.76707 -1.27612 0.0366402 -1.51458 0.351619 -0.0925819
45 1.55588 0 0 0.18317 -0.270519 0.649848
46 1.24273 0 0 0.000551068 0.000236167 0.274819
47 0.784532 0 0 -0.00604651 0.00225916 0.665163
48 0 0 0 0 0 0
49 4.75218 -8.44988 -9.34818 -0.0177934 -0.0629081 -0.25235
50 0 -3.88574 -0.867036 0 0 -1.5708
51 0 -2.3834 1.62041 0 1.39626 -1.5708
52 0 -9.60567 0.513888 0 0 -1.5708
53 -2.44017 -0.616138 1.06069 1.5708 0 0
54 -2.44109 0.616133 1.06069 1.5708 0 0
55 0 -6.39109 2.66389 0 1.39626 -1.5708
56 6.60568 -2.74117 -15.2063 -0.0177933 -0.0629081 -0.25235
57 6.67172 -2.77971 -16.3742 -0.0177933 -0.0629081 -0.25235
58 2.52324 -16.5157 -7.04784 -0.0177933 -0.0629081 -0.25235
59 2.58928 -16.5542 -8.21574 -0.0177933 -0.0629081 -0.25235
time 18
0 6.76297 17.2134 1.98906 0.000934124 0 -1.48352
1 6.02794 0 0 -0.180028 0.682014 0.38495
2 11.7344 0 0 -0.00140282 0 -0.91272
3 8.81138 -0.000450134 -0.00011301 -0.914973 0 0.000158128
4 5.77839 0.000286102 0 -0.613032 0 0.000102327
5 2.23164 -0.000329971 -0.000364304 -0.301941 0 0
6 11.4725 0 0 -0.936094 -0.121906 0.240606
7 0.615219 -0.993092 -0.8107 -3.12143 0.455449 -0.448969
8 2.24752 0 0 0.0577541 -0.0801895 -0.422607
9 1.11936 0 0 0.0108781 -0.0115312 -1.06412
10 3.71348 -0.102642 0.102191 1.6576 1.11328 0.527799
11 1.72615 0 0 0.00181501 -0.00104467 -1.16018
12 1.21114 0 0 -0.00818874 0.0156201 -1.08034
13 3.59919 -1.06012 0.0708876 1.55964 0.174096 0.020986
14 1.66069 0 0 0.00468681 0.0777242 -0.162634
15 1.167 0 0 -0.0210159 0.037585 -0.131225
16 2.18853 0.50104 0.0576591 1.57003 0.123978 0.225804
17 1.29609 0 0 -0.15314 -0.0413944 -1.3026
18 1.62202 0.000714302 -0.000471115 -0.0052918 0.00572118 -1.17914
19 1.22241 0 0 -0.0403371 0.0245782 -0.809734
20 1.76707 1.27612 0.0366411 1.40923 0.411606 0.261114
21 1.55588 0 0 -0.0325418 -0.0777185 -1.17583
22 1.24273 0 0 -0.000573984 -0.000173417 -0.972816
23 0.784525 0 0 0.0061919 -0.00457885 -0.750474
24 -8.90025 1.31301 -8.99925 -0.000932693 0 -2.00714
25 6.02794 0 0 1.28765 0.532131 0.901117
26 11.7344 0 0 0.00140279 0 0.998133
27 8.81167 0 0 1.39256 0 0
28 5.77884 0 0 0.933017 0 0
29 2.23249 0 0 0.459546 0 0
30 11.4725 0 0 1.39515 -0.305818 -0.30024
31 0.615816 0.994372 -0.809164 -2.77639 0.230639 0.355553
32 2.24752 0 0 -0.0878943 0.00234531 -0.11313
33 1.11936 0 0 -0.0156349 0.188214 0.339633
34 3.71348 0.102638 0.10219 -1.36579 0.348266 -0.114849
35 1.72615 0 0 -0.0230295 -0.0168381 1.05131
36 1.21112 0 0 0.00400812 0.0171749 0.826745
37 3.5992 1.06012 0.0708885 -1.45098 -0.108514 -0.175885
38 1.66069 0 0 0.0170194 0.0759857 0.443495
39 1.16699 0 0 0.0318536 0 1.26809
40 2.18853 -0.50104 0.0576591 -1.55782 0.116984 -0.12162
41 1.29609 0 0 0.212746 -0.0974047 0.521088
42 1.62202 -0.000711441 -0.000469208 -0.0110961 -0.0213774 0.970492
43 1.22241 0 0 0.000694245 0.00623911 0.61226
44 1.76707 -1.27612 0.0366421 -1.50594 0.376389 -0.0795285
45 1.55588 0 0 0.194573 -0.291045 0.691605
46 1.24273 0 0 0.000554742 0.000227192 0.290921
47 0.784531 0 0 -0.00517559 0.00195483 0.712764
48 0 0 0 0 0 0
49 4.67919 -8.50672 -8.98298 -0.0315153 -0.0741174 -0.216537
50 0 -3.88574 -0.867035 0 0 -1.5708
51 0 -2.3834 1.62041 0 1.39626 -1.5708
52 0 -9.60567 0.513889 0 0 -1.5708
53 -2.44017 -0.616137 1.06069 1.5708 0 0
54 -2.44109 0.616133 1.06069 1.5708 0 0
55 0 -6.39109 2.6639 0 1.39626 -1.5708
56 6.37968 -2.82993 -14.918 -0.0315152 -0.0741174 -0.216537
57 6.45636 -2.88456 -16.0846 -0.0315152 -0.0741174 -0.216537
58 2.71398 -16.6082 -6.57013 -0.0315152 -0.0741174 -0.216537
59 2.79066 -16.6628 -7.73675 -0.0315152 -0.0741174 -0.216537
time 19
0 6.24365 17.2134 2.11786 0.000934124 0 -1.48352
1 6.02794 0 0 -0.17379 0.678124 0.422555
2 11.7344 0 0 -0.00140296 0 -0.945785
3 8.81138 -0.000450134 -0.000111341 -0.927259 0 0.000157989
4 5.77839 0.000286102 0 -0.621264 0 0.000102318
5 2.23163 -0.000329018 -0.000363588 -0.305996 0 0
6 11.4725 0 0 -0.952546 -0.122557 0.26839
7 0.615218 -0.993091 -0.8107 -3.12143 0.455449 -0.448969
8 2.24752 0 0 0.0577539 -0.0801898 -0.422607
9 1.11936 0 0 0.0108781 -0.0115309 -1.06412
10 3.71348 -0.102641 0.102191 1.6576 1.11328 0.527799
11 1.72615 0 0 0.00181523 -0.00104457 -1.16018
12 1.21114 0 0 -0.00818888 0.0156201 -1.08034
13 3.59919 -1.06012 0.070888 1.55964 0.174096 0.0209862
14 1.66069 0 0 0.00468682 0.0777242 -0.162634
15 1.167 0 0 -0.0210159 0.0375851 -0.131225
16 2.18852 0.501039 0.0576587 1.57003 0.123978 0.225804
17 1.29609 0 0 -0.15314 -0.0413944 -1.3026
18 1.62202 0.000713348 -0.000470161 -0.00529192 0.00572114 -1.17914
19 1.22241 0 0 -0.0403373 0.0245782 -0.809734
20 1.76707 1.27612 0.0366411 1.40923 0.411606 0.261114
21 1.55588 0 0 -0.0325419 -0.0777185 -1.17583
22 1.24274 0 0 -0.000573984 -0.000173417 -0.972816
23 0.784523 0 0 0.00619185 -0.00457871 -0.750474
24 -8.90025 1.31301 -8.99925 -0.000932693 0 -2.00714
25 6.02794 0 0 1.29423 0.481781 0.91994
26 11.7344 0 0 0.00140268 0 0.940408
27 8.81167 0 0 1.38719 0 0
28 5.77884 0 0 0.929418 0 0
29 2.23249 0 0 0.457773 0 0
30 11.4725 0 0 1.39079 -0.272391 -0.291277
31 0.615814 0.994372 -0.809166 -2.79922 0.231722 0.339882
32 2.24752 0 0 -0.0877317 0.00192008 -0.117086
33 1.11936 0 0 -0.0114761 0.187603 0.359229
34 3.71349 0.102639 0.10219 -1.35722 0.367029 -0.116803
35 1.72615 0 0 -0.0238219 -0.0156968 1.10002
36 1.21112 0 0 0.00468775 0.0170017 0.86652
37 3.5992 1.06012 0.0708876 -1.4444 -0.113486 -0.187517
38 1.66069 0 0 0.0186698 0.0755978 0.465291
39 1.16699 0 0 0.0308094 -0.00286971 1.33102
40 2.18854 -0.50104 0.0576591 -1.55634 0.125045 -0.11649
41 1.29609 0 0 0.222697 -0.0995973 0.544282
42 1.62202 -0.000713348 -0.000470161 -0.0122377 -0.0197467 1.01748
43 1.2224 0 0 0.00140266 0.0077114 0.642009
44 1.76707 -1.27612 0.0366402 -1.49883 0.395274 -0.0692703
45 1.55588 0 0 0.203297 -0.306806 0.723606
46 1.24273 0 0 0.000557517 0.000220281 0.303267
47 0.784532 0 0 -0.00449428 0.00170074 0.749264
48 0 0 0 0 0 0
49 4.58894 -8.52167 -8.59272 -0.0351309 -0.062893 -0.181253
50 0 -3.88574 -0.867035 0 0 -1.5708
51 0 -2.3834 1.62041 0 1.39626 -1.5708
52 0 -9.60567 0.513889 0 0 -1.5708
53 -2.44017 -0.616137 1.06069 1.5708 0 0
54 -2.44109 0.616132 1.06069 1.5708 0 0
55 0 -6.39109 2.6639 0 1.39626 -1.5708
56 6.02 -2.79785 -14.5536 -0.0351308 -0.062893 -0.181253
57 6.0849 -2.85153 -15.721 -0.0351308 -0.062893 -0.181253
58 2.93712 -16.6833 -6.14796 -0.0351308 -0.062893 -0.181253
59 3.00203 -16.737 -7.31533 -0.0351308 -0.062893 -0.181253
time 20
0 5.74591 17.2134 2.24182 0.000934124 0 -1.48352
1 6.02794 0 0 -0.167508 0.674583 0.460301
2 11.7344 0 0 -0.00140284 0 -0.982131
3 8.81138 -0.000451088 -0.000111818 -0.953287 0 0.000157522
4 5.77839 0.000286102 0 -0.638702 0 0.000101903
5 2.23163 -0.000329018 -0.000363588 -0.314585 0 0
6 11.4725 0 0 -0.982334 -0.114289 0.298146
7 0.615219 -0.993092 -0.8107 -3.12143 0.455449 -0.448969
8 2.24752 0 0 0.0577541 -0.0801898 -0.422607
9 1.11936 0 0 0.0108781 -0.011531 -1.06412
10 3.71348 -0.102642 0.10219 1.6576 1.11328 0.527799
11 1.72615 0 0 0.00181527 -0.00104464 -1.16018
12 1.21114 0 0 -0.00818883 0.01562 -1.08034
13 3.59919 -1.06012 0.070888 1.55964 0.174096 0.020986
14 1.66069 0 0 0.00468685 0.0777243 -0.162634
15 1.167 0 0 -0.021016 0.037585 -0.131225
16 2.18852 0.501039 0.0576591 1.57003 0.123978 0.225804
17 1.29609 0 0 -0.15314 -0.0413945 -1.3026
18 1.62202 0.000713348 -0.000471115 -0.005292 0.00572105 -1.17914
19 1.22241 0 0 -0.040337 0.0245781 -0.809734
20 1.76707 1.27612 0.0366411 1.40923 0.411606 0.261114
21 1.55588 0 0 -0.0325418 -0.0777185 -1.17583
22 1.24274 0 0 -0.000574026 -0.000173338 -0.972816
23 0.784524 0 0 0.00619195 -0.0045788 -0.750474
24 -8.90025 1.31301 -8.99925 -0.000932693 0 -2.00714
25 6.02794 0 0 1.29849 0.438588 0.936451
26 11.7344 0 0 0.00140275 0 0.891587
27 8.81167 0 0 1.37531 0 0
28 5.77884 0 0 0.921457 0 0
29 2.23249 0 0 0.453852 0 0
30 11.4725 0 0 1.38107 -0.236412 -0.297692
31 0.61581 0.994371 -0.809166 -2.81392 0.23236 0.329849
32 2.24752 0 0 -0.0876268 0.00164744 -0.119621
33 1.11936 0 0 -0.00880994 0.187171 0.371778
34 3.71348 0.102639 0.10219 -1.35178 0.379045 -0.118077
35 1.72615 0 0 -0.0242999 -0.014946 1.13122
36 1.21112 0 0 0.00511946 0.016877 0.891999
37 3.5992 1.06012 0.0708866 -1.44013 -0.116646 -0.194977
38 1.66069 0 0 0.0197225 0.0753305 0.479252
39 1.16699 0 0 0.0300414 -0.00469476 1.37133
40 2.18853 -0.50104 0.0576591 -1.55535 0.130203 -0.113195
41 1.29609 0 0 0.229075 -0.100989 0.559142
42 1.62202 -0.000715256 -0.000469208 -0.0129434 -0.018663 1.04757
43 1.22241 0 0 0.00186613 0.00865911 0.661063
44 1.76707 -1.27612 0.0366402 -1.49405 0.40732 -0.0625784
45 1.55588 0 0 0.208877 -0.316911 0.744097
46 1.24273 0 0 0.000559212 0.000216052 0.311176
47 0.784531 0 0 -0.00405191 0.00152773 0.772643
48 0 0 0 0 0 0
49 4.4854 -8.50157 -8.18646 -0.0316056 -0.036751 -0.14758
50 0 -3.88574 -0.867035 0 0 -1.5708
51 0 -2.38341 1.62041 0 1.39626 -1.5708
52 0 -9.60567 0.513889 0 0 -1.5708
53 -2.44017 -0.616137 1.06069 1.5708 0 0
54 -2.44109 0.616132 1.06069 1.5708 0 0
55 0 -6.39109 2.66389 0 1.39626 -1.5708
56 5.57103 -2.68898 -14.1344 -0.0316055 -0.036751 -0.14758
57 5.60811 -2.73188 -15.3034 -0.0316055 -0.036751 -0.14758
58 3.17236 -16.7322 -5.76787 -0.0316055 -0.036751 -0.14758
59 3.20943 -16.7751 -6.9369 -0.0316055 -0.036751 -0.14758
time 21
0 5.27423 17.2134 2.35973 0.000934124 0 -1.48352
1 6.02794 0 0 -0.161767 0.671311 0.497262
2 11.7344 0 0 -0.00140286 0 -1.02023
3 8.81138 -0.000450134 -0.00011158 -0.985611 0 0.000157624
4 5.77839 0.000286102 0 -0.660359 0 0.000101772
5 2.23163 -0.000329971 -0.00036335 -0.325252 0 0
6 11.4725 0 0 -1.01779 -0.100303 0.327833
7 0.615219 -0.993092 -0.8107 -3.12143 0.455449 -0.448969
8 2.24752 0 0 0.0577538 -0.0801896 -0.422607
9 1.11936 0 0 0.0108782 -0.0115312 -1.06412
10 3.71348 -0.102641 0.102191 1.6576 1.11328 0.527799
11 1.72615 0 0 0.00181515 -0.00104457 -1.16018
12 1.21114 0 0 -0.0081889 0.01562 -1.08034
13 3.59919 -1.06012 0.0708876 1.55964 0.174096 0.0209861
14 1.66069 0 0 0.00468684 0.0777243 -0.162634
15 1.167 0 0 -0.0210159 0.037585 -0.131225
16 2.18852 0.50104 0.0576591 1.57003 0.123978 0.225804
17 1.29609 0 0 -0.15314 -0.0413945 -1.3026
18 1.62202 0.000713348 -0.000471115 -0.00529195 0.00572108 -1.17914
19 1.22241 0 0 -0.0403372 0.0245782 -0.809734
20 1.76707 1.27612 0.0366406 1.40923 0.411606 0.261114
21 1.55588 0 0 -0.0325418 -0.0777185 -1.17583
22 1.24274 0 0 -0.000573998 -0.000173391 -0.972816
23 0.784523 0 0 0.00619188 -0.00457879 -0.750474
24 -8.90025 1.31301 -8.99925 -0.000932693 0 -2.00714
25 6.02794 0 0 1.30128 0.402478 0.950395
26 11.7344 0 0 0.00140275 0 0.853552
27 8.81167 0 0 1.35879 0 0
28 5.77884 0 0 0.910389 0 0
29 2.23249 0 0 0.448401 0 0
30 11.4725 0 0 1.36759 -0.200832 -0.315045
31 0.615814 0.994372 -0.809164 -2.81911 0.232574 0.326312
32 2.24752 0 0 -0.0875897 0.00155137 -0.120515
33 1.11936 0 0 -0.00786956 0.187011 0.376202
34 3.71349 0.102638 0.10219 -1.34987 0.38328 -0.11853
35 1.72615 0 0 -0.0244629 -0.0146777 1.14222
36 1.21112 0 0 0.00527072 0.0168303 0.90098
37 3.5992 1.06012 0.0708885 -1.43861 -0.117756 -0.197609
38 1.66069 0 0 0.0200926 0.0752329 0.484173
39 1.16699 0 0 0.0297523 -0.00533503 1.38554
40 2.18853 -0.50104 0.0576591 -1.55499 0.13202 -0.112032
41 1.29609 0 0 0.231325 -0.101478 0.564381
42 1.62201 -0.000713348 -0.000470161 -0.0131873 -0.018274 1.05818
43 1.2224 0 0 0.00203142 0.00899418 0.667781
44 1.76707 -1.27612 0.0366411 -1.49233 0.411556 -0.060196
45 1.55588 0 0 0.210842 -0.320475 0.751319
46 1.24273 0 0 0.000559749 0.000214477 0.313964
47 0.784532 0 0 -0.00389511 0.00146508 0.780885
48 0 0 0 0 0 0
49 4.37253 -8.45329 -7.77327 -0.0239048 -0.00320775 -0.116601
50 0 -3.88574 -0.867035 0 0 -1.5708
51 0 -2.3834 1.62041 0 1.39626 -1.5708
52 0 -9.60567 0.513889 0 0 -1.5708
53 -2.44017 -0.616136 1.06069 1.5708 0 0
54 -2.44109 0.616133 1.06069 1.5708 0 0
55 0 -6.39109 2.66389 0 1.39626 -1.5708
56 5.08453 -2.54128 -13.6795 -0.0239047 -0.00320775 -0.116601
57 5.085 -2.5695 -14.8496 -0.0239047 -0.00320775 -0.116601
58 3.39373 -16.7484 -5.41731 -0.0239047 -0.00320775 -0.116601
59 3.3942 -16.7766 -6.58738 -0.0239047 -0.00320775 -0.116601
time 22
0 4.83312 17.2134 2.47037 0.000934124 0 -1.48352
1 6.02794 0 0 -0.157045 0.668262 0.53266
2 11.7344 0 0 -0.00140281 0 -1.05882
3 8.81138 -0.000449181 -0.000112295 -1.01653 0 0.000157433
4 5.77839 0.000286102 0 -0.681077 0 0.000101666
5 2.23163 -0.000329018 -0.000363588 -0.335456 0 0
6 11.4725 0 0 -1.05131 -0.0838171 0.356006
7 0.61522 -0.993091 -0.8107 -3.12143 0.455449 -0.448969
8 2.24752 0 0 0.0577538 -0.0801895 -0.422607
9 1.11936 0 0 0.0108781 -0.011531 -1.06412
10 3.71348 -0.102641 0.102191 1.6576 1.11328 0.527799
11 1.72615 0 0 0.00181505 -0.00104474 -1.16018
12 1.21114 0 0 -0.00818879 0.01562 -1.08034
13 3.59919 -1.06012 0.070888 1.55964 0.174096 0.0209861
14 1.66069 0 0 0.00468679 0.0777242 -0.162634
15 1.167 0 0 -0.021016 0.0375849 -0.131225
16 2.18852 0.501038 0.0576591 1.57003 0.123978 0.225804
17 1.29609 0 0 -0.15314 -0.0413945 -1.3026
18 1.62202 0.000714302 -0.000470638 -0.0052919 0.00572111 -1.17914
19 1.22241 0 0 -0.0403372 0.0245781 -0.809734
20 1.76707 1.27612 0.0366406 1.40923 0.411606 0.261114
21 1.55588 0 0 -0.0325417 -0.0777186 -1.17583
22 1.24274 0 0 -0.00057404 -0.000173312 -0.972816
23 0.784523 0 0 0.00619194 -0.0045787 -0.750474
24 -8.90025 1.31301 -8.99925 -0.000932693 0 -2.00714
25 6.02794 0 0 1.30328 0.373084 0.96151
26 11.7344 0 0 0.00140256 0 0.827433
27 8.81167 0 0 1.34059 0 0
28 5.77884 0 0 0.898197 0 0
29 2.23249 0 0 0.442395 0 0
30 11.4725 0 0 1.35302 -0.168528 -0.338687
31 0.615812 0.994373 -0.809165 -2.81911 0.232574 0.326312
32 2.24752 0 0 -0.0875897 0.00155137 -0.120514
33 1.11936 0 0 -0.00786965 0.187011 0.376202
34 3.71348 0.102639 0.102191 -1.34987 0.38328 -0.11853
35 1.72615 0 0 -0.0244629 -0.0146778 1.14222
36 1.21112 0 0 0.00527077 0.0168303 0.90098
37 3.5992 1.06012 0.0708876 -1.43861 -0.117756 -0.197609
38 1.66069 0 0 0.0200925 0.0752328 0.484173
39 1.16699 0 0 0.0297522 -0.0053352 1.38554
40 2.18853 -0.50104 0.0576591 -1.55499 0.13202 -0.112032
41 1.29609 0 0 0.231325 -0.101478 0.564381
42 1.62202 -0.000715256 -0.000470161 -0.0131873 -0.018274 1.05818
43 1.2224 0 0 0.00203139 0.00899429 0.667781
44 1.76707 -1.27612 0.0366402 -1.49233 0.411556 -0.0601962
45 1.55588 0 0 0.210842 -0.320475 0.751319
46 1.24273 0 0 0.000559823 0.000214374 0.313964
47 0.784532 0 0 -0.00389497 0.0014651 0.780885
48 0 0 0 0 0 0
49 4.2543 -8.38369 -7.36221 -0.0149941 0.0302206 -0.089399
50 0 -3.88574 -0.867035 0 0 -1.5708
51 0 -2.3834 1.62041 0 1.39626 -1.5708
52 0 -9.60566 0.513889 0 0 -1.5708
53 -2.44017 -0.616136 1.06069 1.5708 0 0
54 -2.44109 0.616133 1.06069 1.5708 0 0
55 0 -6.39109 2.66389 0 1.39626 -1.5708
56 4.6149 -2.38484 -13.2125 -0.0149941 0.0302206 -0.089399
57 4.57811 -2.39916 -14.3823 -0.0149941 0.0302206 -0.089399
58 3.57583 -16.7297 -5.08182 -0.0149941 0.0302206 -0.089399
59 3.53904 -16.7441 -6.25156 -0.0149941 0.0302206 -0.089399
time 23
0 4.42708 17.2134 2.57252 0.000934124 0 -1.48352
1 6.02794 0 0 -0.153827 0.665401 0.565663
2 11.7344 0 0 -0.00140284 0 -1.09656
3 8.81138 -0.000449181 -0.000111818 -1.03813 0 0.000157774
4 5.77839 0.000286102 0 -0.695548 0 0.000101778
5 2.23163 -0.000329971 -0.000364304 -0.342583 0 0
6 11.4725 0 0 -1.07549 -0.0681077 0.381936
7 0.615219 -0.993091 -0.8107 -3.12143 0.455449 -0.448969
8 2.24752 0 0 0.057754 -0.0801897 -0.422607
9 1.11936 0 0 0.0108782 -0.011531 -1.06412
10 3.71348 -0.102641 0.102191 1.6576 1.11328 0.527799
11 1.72615 0 0 0.00181519 -0.00104463 -1.16018
12 1.21114 0 0 -0.00818876 0.0156199 -1.08034
13 3.59919 -1.06012 0.0708885 1.55964 0.174096 0.0209861
14 1.66068 0 0 0.00468685 0.0777243 -0.162634
15 1.167 0 0 -0.021016 0.037585 -0.131225
16 2.18852 0.501039 0.0576591 1.57003 0.123978 0.225804
17 1.29609 0 0 -0.15314 -0.0413944 -1.3026
18 1.62202 0.000713348 -0.000471592 -0.00529195 0.00572097 -1.17914
19 1.22241 0 0 -0.0403372 0.0245783 -0.809734
20 1.76707 1.27612 0.0366411 1.40923 0.411606 0.261114
21 1.55588 0 0 -0.0325418 -0.0777185 -1.17583
22 1.24274 0 0 -0.000573998 -0.000173391 -0.972816
23 0.784524 0 0 0.00619188 -0.00457879 -0.750474
24 -8.90025 1.31301 -8.99925 -0.000932693 0 -2.00714
25 6.02794 0 0 1.30501 0.349284 0.969813
26 11.7344 0 0 0.00140258 0 0.812584
27 8.81167 0 0 1.32497 0 0
28 5.77884 0 0 0.887731 0 0
29 2.23249 0 0 0.437241 0 0
30 11.4725 0 0 1.34098 -0.142068 -0.363044
31 0.615814 0.994372 -0.809165 -2.81911 0.232574 0.326312
32 2.24752 0 0 -0.0875898 0.00155137 -0.120515
33 1.11936 0 0 -0.00786955 0.187011 0.376202
34 3.71349 0.102639 0.102191 -1.34987 0.38328 -0.11853
35 1.72615 0 0 -0.0244628 -0.0146778 1.14222
36 1.21112 0 0 0.00527098 0.0168304 0.90098
37 3.5992 1.06012 0.0708885 -1.43861 -0.117756 -0.197609
38 1.66069 0 0 0.0200926 0.0752328 0.484173
39 1.16699 0 0 0.0297523 -0.00533525 1.38554
40 2.18853 -0.501039 0.0576591 -1.55499 0.13202 -0.112032
41 1.29609 0 0 0.231325 -0.101478 0.564381
42 1.62202 -0.000713348 -0.000470161 -0.0131873 -0.0182739 1.05818
43 1.2224 0 0 0.00203153 0.00899413 0.667781
44 1.76707 -1.27612 0.0366402 -1.49233 0.411556 -0.060196
45 1.55587 0 0 0.210842 -0.320475 0.751319
46 1.24273 0 0 0.000559654 0.000214262 0.313964
47 0.784531 0 0 -0.00389496 0.00146514 0.780885
48 0 0 0 0 0 0
49 4.13469 -8.29962 -6.96235 -0.00783903 0.0560178 -0.0670562
50 0 -3.88574 -0.867034 0 0 -1.5708
51 0 -2.3834 1.62041 0 1.39626 -1.5708
52 0 -9.60567 0.513889 0 0 -1.5708
53 -2.44017 -0.616137 1.06069 1.5708 0 0
54 -2.44109 0.616132 1.06069 1.5708 0 0
55 0 -6.39109 2.6639 0 1.39626 -1.5708
56 4.21588 -2.24263 -12.7631 -0.00783894 0.0560178 -0.0670562
57 4.14988 -2.24739 -13.9316 -0.00783894 0.0560178 -0.0670562
58 3.69708 -16.6785 -4.74439 -0.00783894 0.0560178 -0.0670562
59 3.63108 -16.6833 -5.91292 -0.00783894 0.0560178 -0.0670562
time 24
0 4.06058 17.2134 2.66499 0.000934124 0 -1.48352
1 6.02794 0 0 -0.152327 0.662741 0.595822
2 11.7344 0 0 -0.0014028 0 -1.13282
3 8.81138 -0.000450134 -0.00011301 -1.0422 0 0.000157508
4 5.77839 0.000286102 0 -0.698277 0 0.000101462
5 2.23163 -0.000329971 -0.000364304 -0.343927 0 0
6 11.4725 0 0 -1.08299 -0.0564727 0.405745
7 0.615219 -0.993091 -0.8107 -3.12143 0.455449 -0.448969
8 2.24752 0 0 0.0577539 -0.0801897 -0.422607
9 1.11936 0 0 0.0108781 -0.0115309 -1.06412
10 3.71348 -0.102641 0.10219 1.6576 1.11328 0.527799
11 1.72615 0 0 0.00181525 -0.00104461 -1.16018
12 1.21114 0 0 -0.00818876 0.0156199 -1.08034
13 3.59919 -1.06012 0.0708876 1.55964 0.174096 0.0209862
14 1.66068 0 0 0.00468684 0.0777242 -0.162634
15 1.167 0 0 -0.0210159 0.037585 -0.131225
16 2.18852 0.501039 0.0576587 1.57003 0.123978 0.225804
17 1.29609 0 0 -0.15314 -0.0413944 -1.3026
18 1.62202 0.000713348 -0.000470638 -0.00529198 0.00572113 -1.17914
19 1.22241 0 0 -0.0403372 0.0245783 -0.809734
20 1.76707 1.27612 0.0366411 1.40923 0.411605 0.261114
21 1.55588 0 0 -0.0325418 -0.0777184 -1.17583
22 1.24274 0 0 -0.000574104 -0.000173447 -0.972816
23 0.784524 0 0 0.00619199 -0.00457875 -0.750474
24 -8.90025 1.31301 -8.99925 -0.000932693 0 -2.00714
25 6.02794 0 0 1.30691 0.329338 0.975578
26 11.7344 0 0 0.00140266 0 0.806858
27 8.81167 0 0 1.31729 0 0
28 5.77884 0 0 0.882587 0 0
29 2.23249 0 0 0.434707 0 0
30 11.4725 0 0 1.33581 -0.123739 -0.381669
31 0.615814 0.994372 -0.809165 -2.81911 0.232574 0.326312
32 2.24751 0 0 -0.0875897 0.00155138 -0.120515
33 1.11936 0 0 -0.0078696 0.187011 0.376202
34 3.71349 0.102638 0.102191 -1.34987 0.38328 -0.11853
35 1.72615 0 0 -0.0244628 -0.0146778 1.14222
36 1.21112 0 0 0.00527075 0.0168302 0.90098
37 3.5992 1.06012 0.0708876 -1.43861 -0.117756 -0.197609
38 1.66069 0 0 0.0200926 0.0752328 0.484173
39 1.16699 0 0 0.0297522 -0.00533513 1.38554
40 2.18854 -0.501039 0.0576582 -1.55499 0.13202 -0.112032
41 1.29609 0 0 0.231325 -0.101478 0.564381
42 1.62201 -0.000713348 -0.000471115 -0.0131873 -0.0182739 1.05818
43 1.22241 0 0 0.0020314 0.00899431 0.667781
44 1.76707 -1.27612 0.0366411 -1.49233 0.411556 -0.0601961
45 1.55587 0 0 0.210842 -0.320475 0.751319
46 1.24273 0 0 0.000559781 0.000214487 0.313964
47 0.784531 0 0 -0.00389496 0.00146514 0.780885
48 0 0 0 0 0 0
49 4.01766 -8.20794 -6.58276 -0.00540496 0.0666676 -0.0506553
50 0 -3.88574 -0.867035 0 0 -1.5708
51 0 -2.3834 1.62041 0 1.39626 -1.5708
52 0 -9.60566 0.513889 0 0 -1.5708
53 -2.44017 -0.616137 1.06069 1.5708 0 0
54 -2.44109 0.616132 1.06069 1.5708 0 0
55 0 -6.39109 2.66389 0 1.39626 -1.5708
56 3.93952 -2.13326 -12.365 -0.00540487 0.0666676 -0.0506553
57 3.86133 -2.13562 -13.5328 -0.00540487 0.0666676 -0.0506553
58 3.73947 -16.5994 -4.38663 -0.00540487 0.0666676 -0.0506553
59 3.66128 -16.6018 -5.55443 -0.00540487 0.0666676 -0.0506553
time 25
0 3.73814 17.2134 2.74655 0.000934124 0 -1.48352
1 6.02794 0 0 -0.152748 0.660289 0.62218
2 11.7344 0 0 -0.00140287 0 -1.16603
3 8.81138 -0.000449181 -0.000112295 -1.03121 0 0.000157385
4 5.77839 0.000286102 0 -0.690908 0 0.000101575
5 2.23163 -0.000329018 -0.000363827 -0.340298 0 0
6 11.4725 0 0 -1.07636 -0.0480279 0.427882
7 0.615219 -0.993091 -0.810701 -3.12143 0.455449 -0.448969
8 2.24752 0 0 0.057754 -0.0801895 -0.422607
9 1.11936 0 0 0.0108783 -0.0115312 -1.06412
10 3.71348 -0.102641 0.10219 1.6576 1.11328 0.527799
11 1.72615 0 0 0.00181516 -0.00104469 -1.16018
12 1.21114 0 0 -0.00818874 0.0156201 -1.08034
13 3.59919 -1.06012 0.0708876 1.55964 0.174096 0.0209861
14 1.66069 0 0 0.00468683 0.0777242 -0.162634
15 1.167 0 0 -0.0210159 0.0375851 -0.131225
16 2.18852 0.50104 0.0576582 1.57003 0.123978 0.225804
17 1.29609 0 0 -0.15314 -0.0413944 -1.3026
18 1.62202 0.000714302 -0.000470638 -0.00529198 0.00572113 -1.17914
19 1.22241 0 0 -0.0403371 0.0245783 -0.809734
20 1.76707 1.27612 0.0366402 1.40923 0.411606 0.261114
21 1.55588 0 0 -0.0325416 -0.0777185 -1.17583
22 1.24274 0 0 -0.000574076 -0.000173499 -0.972817
23 0.784523 0 0 0.00619194 -0.0045787 -0.750474
24 -8.90025 1.31301 -8.99925 -0.000932693 0 -2.00714
25 6.02794 0 0 1.30879 0.312808 0.979473
26 11.7344 0 0 0.00140289 0 0.806962
27 8.81167 0 0 1.31821 0 0
28 5.77884 0 0 0.8832 0 0
29 2.23249 0 0 0.435009 0 0
30 11.4725 0 0 1.33792 -0.112375 -0.394031
31 0.615812 0.994372 -0.809165 -2.81911 0.232574 0.326312
32 2.24752 0 0 -0.0875897 0.00155132 -0.120515
33 1.11936 0 0 -0.00786968 0.187011 0.376202
34 3.71349 0.102639 0.102192 -1.34987 0.38328 -0.11853
35 1.72615 0 0 -0.0244628 -0.0146778 1.14222
36 1.21112 0 0 0.00527079 0.0168303 0.90098
37 3.5992 1.06012 0.0708885 -1.43861 -0.117756 -0.197609
38 1.66069 0 0 0.0200925 0.0752328 0.484173
39 1.16699 0 0 0.0297521 -0.00533511 1.38554
40 2.18853 -0.50104 0.0576591 -1.55499 0.13202 -0.112032
41 1.29609 0 0 0.231325 -0.101478 0.564381
42 1.62202 -0.000711441 -0.000471115 -0.0131873 -0.018274 1.05818
43 1.2224 0 0 0.00203134 0.00899415 0.667781
44 1.76707 -1.27612 0.0366411 -1.49233 0.411556 -0.0601961
45 1.55588 0 0 0.210842 -0.320475 0.751319
46 1.24273 0 0 0.000559765 0.00021458 0.313964
47 0.784532 0 0 -0.00389513 0.00146503 0.780885
48 0 0 0 0 0 0
49 3.90718 -8.11551 -6.23251 -0.0061697 0.0641697 -0.0392014
50 0 -3.88574 -0.867035 0 0 -1.5708
51 0 -2.3834 1.62041 0 1.39626 -1.5708
52 0 -9.60567 0.513889 0 0 -1.5708
53 -2.44017 -0.616137 1.06069 1.5708 0 0
54 -2.44109 0.616133 1.06069 1.5708 0 0
55 0 -6.39109 2.66389 0 1.39626 -1.5708
56 3.77342 -2.0471 -12.0203 -0.00616961 0.0641697 -0.0392014
57 3.69815 -2.05138 -13.1883 -0.00616961 0.0641697 -0.0392014
58 3.72012 -16.5077 -4.02962 -0.00616961 0.0641697 -0.0392014
59 3.64484 -16.512 -5.19759 -0.00616961 0.0641697 -0.0392014
time 26
0 3.46424 17.2134 2.81601 0.000934124 0 -1.48352
1 6.02794 0 0 -0.154518 0.658163 0.644482
2 11.7344 0 0 -0.00140281 0 -1.19561
3 8.81138 -0.000450134 -0.000112057 -1.01445 0 0.000157609
4 5.77839 0.000286102 0 -0.679679 0 0.000101822
5 2.23163 -0.000329018 -0.000363827 -0.334767 0 0
6 11.4725 0 0 -1.06432 -0.040052 0.448896
7 0.615219 -0.993092 -0.810701 -3.12143 0.455449 -0.448969
8 2.24752 0 0 0.0577539 -0.0801897 -0.422607
9 1.11936 0 0 0.010878 -0.0115311 -1.06412
10 3.71348 -0.102641 0.10219 1.6576 1.11328 0.527799
11 1.72615 0 0 0.00181516 -0.00104458 -1.16018
12 1.21114 0 0 -0.00818885 0.0156201 -1.08034
13 3.59919 -1.06012 0.0708876 1.55964 0.174096 0.020986
14 1.66069 0 0 0.00468689 0.0777242 -0.162634
15 1.167 0 0 -0.0210159 0.037585 -0.131225
16 2.18852 0.501039 0.0576587 1.57003 0.123978 0.225804
17 1.29609 0 0 -0.15314 -0.0413944 -1.3026
18 1.62202 0.000713348 -0.000471115 -0.00529195 0.00572119 -1.17914
19 1.22241 0 0 -0.0403372 0.0245783 -0.809734
20 1.76707 1.27612 0.0366406 1.40923 0.411605 0.261114
21 1.55588 0 0 -0.0325417 -0.0777186 -1.17583
22 1.24274 0 0 -0.000574101 -0.00017358 -0.972817
23 0.784523 0 0 0.00619205 -0.00457873 -0.750473
24 -8.90025 1.31301 -8.99925 -0.000932693 0 -2.00714
25 6.02794 0 0 1.31031 0.300032 0.982199
26 11.7344 0 0 0.00140295 0 0.809934
27 8.81167 0 0 1.32379 0 0
28 5.77884 0 0 0.886936 0 0
29 2.23249 0 0 0.436849 0 0
30 11.4725 0 0 1.344 -0.104848 -0.403652
31 0.615814 0.994372 -0.809164 -2.81911 0.232574 0.326312
32 2.24752 0 0 -0.0875898 0.00155133 -0.120515
33 1.11936 0 0 -0.00786956 0.187011 0.376202
34 3.71349 0.102639 0.102192 -1.34987 0.38328 -0.11853
35 1.72615 0 0 -0.0244627 -0.0146778 1.14222
36 1.21112 0 0 0.00527075 0.0168304 0.90098
37 3.5992 1.06012 0.0708885 -1.43861 -0.117755 -0.197609
38 1.66069 0 0 0.0200927 0.0752328 0.484173
39 1.16699 0 0 0.0297522 -0.00533519 1.38554
40 2.18853 -0.50104 0.0576601 -1.55499 0.13202 -0.112032
41 1.29609 0 0 0.231325 -0.101478 0.564381
42 1.62202 -0.000713348 -0.000469208 -0.0131873 -0.0182739 1.05818
43 1.2224 0 0 0.0020313 0.00899421 0.667781
44 1.76707 -1.27612 0.0366421 -1.49233 0.411556 -0.060196
45 1.55588 0 0 0.210842 -0.320475 0.751319
46 1.24273 0 0 0.000559755 0.000214514 0.313964
47 0.784532 0 0 -0.003895 0.00146504 0.780885
48 0 0 0 0 0 0
49 3.80721 -8.02919 -5.92066 -0.00665662 0.0565391 -0.0306184
50 0 -3.88574 -0.867035 0 0 -1.5708
51 0 -2.3834 1.62041 0 1.39626 -1.5708
52 0 -9.60567 0.513889 0 0 -1.5708
53 -2.44016 -0.616136 1.06069 1.5708 0 0
54 -2.44108 0.616133 1.06069 1.5708 0 0
55 0 -6.39109 2.66389 0 1.39626 -1.5708
56 3.66528 -1.96633 -11.7141 -0.00665653 0.0565391 -0.0306184
57 3.59894 -1.97209 -12.8826 -0.00665653 0.0565391 -0.0306184
58 3.67565 -16.4211 -3.71267 -0.00665653 0.0565391 -0.0306184
59 3.60931 -16.4269 -4.88118 -0.00665653 0.0565391 -0.0306184
time 27
0 3.24339 17.2134 2.87213 0.000934124 0 -1.48352
1 6.02794 0 0 -0.157341 0.656376 0.662192
2 11.7344 0 0 -0.00140292 0 -1.22051
3 8.81138 -0.000450134 -0.000112534 -0.994128 0 0.000157434
4 5.77839 0.000287056 0 -0.666066 0 0.000101777
5 2.23164 -0.000329971 -0.000363588 -0.328063 0 0
6 11.4725 0 0 -1.04881 -0.0331189 0.468116
7 0.61522 -0.993091 -0.8107 -3.12143 0.455449 -0.448969
8 2.24752 0 0 0.057754 -0.0801896 -0.422607
9 1.11936 0 0 0.0108782 -0.0115311 -1.06412
10 3.71348 -0.102641 0.10219 1.6576 1.11328 0.527799
11 1.72615 0 0 0.00181513 -0.00104476 -1.16018
12 1.21114 0 0 -0.00818881 0.0156199 -1.08034
13 3.59919 -1.06012 0.070888 1.55964 0.174096 0.0209863
14 1.66069 0 0 0.00468685 0.0777242 -0.162634
15 1.167 0 0 -0.0210159 0.037585 -0.131225
16 2.18853 0.501039 0.0576591 1.57003 0.123978 0.225804
17 1.29609 0 0 -0.15314 -0.0413944 -1.3026
18 1.62202 0.000713348 -0.000470638 -0.00529185 0.00572114 -1.17914
19 1.22241 0 0 -0.0403372 0.0245782 -0.809734
20 1.76707 1.27612 0.0366406 1.40923 0.411606 0.261114
21 1.55588 0 0 -0.0325419 -0.0777185 -1.17583
22 1.24274 0 0 -0.000574001 -0.000173258 -0.972817
23 0.784525 0 0 0.00619205 -0.00457872 -0.750474
24 -8.90025 1.31301 -8.99925 -0.000932693 0 -2.00714
25 6.02794 0 0 1.31149 0.290264 0.984131
26 11.7344 0 0 0.00140269 0 0.813624
27 8.81167 0 0 1.33292 0 0
28 5.77884 0 0 0.893057 0 0
29 2.23249 0 0 0.439864 0 0
30 11.4725 0 0 1.35295 -0.100498 -0.409828
31 0.615812 0.994372 -0.809166 -2.81911 0.232574 0.326312
32 2.24752 0 0 -0.0875897 0.00155145 -0.120515
33 1.11936 0 0 -0.00786953 0.187011 0.376202
34 3.71349 0.10264 0.102191 -1.34987 0.38328 -0.11853
35 1.72615 0 0 -0.0244627 -0.0146777 1.14222
36 1.21112 0 0 0.00527079 0.0168303 0.90098
37 3.5992 1.06012 0.0708876 -1.43861 -0.117755 -0.197609
38 1.66069 0 0 0.0200925 0.0752328 0.484173
39 1.16699 0 0 0.0297523 -0.00533504 1.38554
40 2.18853 -0.50104 0.0576591 -1.55499 0.13202 -0.112032
41 1.29609 0 0 0.231325 -0.101478 0.564381
42 1.62202 -0.000711441 -0.000469208 -0.0131873 -0.0182741 1.05818
43 1.2224 0 0 0.0020312 0.00899428 0.667781
44 1.76707 -1.27612 0.0366402 -1.49233 0.411556 -0.0601962
45 1.55588 0 0 0.210842 -0.320475 0.751319
46 1.24273 0 0 0.000559814 0.000214504 0.313964
47 0.784531 0 0 -0.00389475 0.00146501 0.780885
48 0 0 0 0 0 0
49 3.72174 -7.95584 -5.65628 -0.00689955 0.0452833 -0.0243671
50 0 -3.88574 -0.867035 0 0 -1.5708
51 0 -2.3834 1.62041 0 1.39626 -1.5708
52 0 -9.60567 0.513889 0 0 -1.5708
53 -2.44017 -0.616137 1.06069 1.5708 0 0
54 -2.44109 0.616133 1.06069 1.5708 0 0
55 0 -6.39109 2.66389 0 1.39626 -1.5708
56 3.60701 -1.89698 -11.4545 -0.00689946 0.0452833 -0.0243671
57 3.55385 -1.90376 -12.6237 -0.00689946 0.0452833 -0.0243671
58 3.61789 -16.3473 -3.44498 -0.00689946 0.0452833 -0.0243671
59 3.56473 -16.3541 -4.61416 -0.00689946 0.0452833 -0.0243671
time 28
0 3.08007 17.2134 2.91372 0.000934124 0 -1.48352
1 6.02795 0 0 -0.161001 0.654898 0.674611
2 11.7344 0 0 -0.00140305 0 -1.23936
3 8.81138 -0.000450134 -0.000112295 -0.972543 0 0.000157932
4 5.77839 0.000286102 0 -0.651604 0 0.000102238
5 2.23163 -0.000329971 -0.000363827 -0.320939 0 0
6 11.4725 0 0 -1.03181 -0.0278084 0.484704
7 0.615219 -0.993091 -0.8107 -3.12143 0.455449 -0.448969
8 2.24752 0 0 0.0577539 -0.0801897 -0.422607
9 1.11936 0 0 0.0108782 -0.011531 -1.06412
10 3.71348 -0.102641 0.102191 1.6576 1.11328 0.527799
11 1.72615 0 0 0.00181514 -0.00104466 -1.16018
12 1.21114 0 0 -0.00818882 0.01562 -1.08034
13 3.59919 -1.06012 0.0708885 1.55964 0.174096 0.0209861
14 1.66069 0 0 0.00468681 0.0777242 -0.162634
15 1.167 0 0 -0.021016 0.037585 -0.131225
16 2.18852 0.501039 0.0576591 1.57003 0.123978 0.225804
17 1.29609 0 0 -0.15314 -0.0413944 -1.3026
18 1.62202 0.000714302 -0.000470638 -0.00529202 0.00572107 -1.17914
19 1.22241 0 0 -0.040337 0.0245782 -0.809734
20 1.76707 1.27612 0.0366411 1.40923 0.411605 0.261114
21 1.55588 0 0 -0.0325418 -0.0777186 -1.17583
22 1.24274 0 0 -0.000574037 -0.000173445 -0.972816
23 0.784523 0 0 0.00619199 -0.00457875 -0.750474
24 -8.90025 1.31301 -8.99925 -0.000932693 0 -2.00714
25 6.02794 0 0 1.31235 0.282785 0.985637
26 11.7344 0 0 0.00140266 0 0.815871
27 8.81167 0 0 1.34445 0 0
28 5.77884 0 0 0.900781 0 0
29 2.23249 0 0 0.443668 0 0
30 11.4725 0 0 1.36366 -0.0986688 -0.411814
31 0.615812 0.994372 -0.809164 -2.81911 0.232574 0.326312
32 2.24752 0 0 -0.0875898 0.00155142 -0.120515
33 1.11936 0 0 -0.00786963 0.187011 0.376202
34 3.71349 0.10264 0.102192 -1.34987 0.38328 -0.11853
35 1.72615 0 0 -0.0244628 -0.0146777 1.14222
36 1.21112 0 0 0.0052709 0.0168301 0.90098
37 3.5992 1.06012 0.0708876 -1.43861 -0.117756 -0.197609
38 1.66069 0 0 0.0200927 0.0752328 0.484173
39 1.16699 0 0 0.0297523 -0.00533509 1.38554
40 2.18853 -0.50104 0.0576591 -1.55499 0.13202 -0.112032
41 1.29609 0 0 0.231325 -0.101478 0.564381
42 1.62201 -0.000713348 -0.000469208 -0.0131873 -0.0182742 1.05818
43 1.2224 0 0 0.00203129 0.00899436 0.667781
44 1.76707 -1.27612 0.0366411 -1.49233 0.411556 -0.060196
45 1.55588 0 0 0.210842 -0.320475 0.751319
46 1.24273 0 0 0.000559799 0.000214409 0.313964
47 0.784531 0 0 -0.00389497 0.0014651 0.780885
48 0 0 0 0 0 0
49 3.65471 -7.90231 -5.44844 -0.00693232 0.0319096 -0.0199083
50 0 -3.88574 -0.867035 0 0 -1.5708
51 0 -2.3834 1.62041 0 1.39626 -1.5708
52 0 -9.60567 0.513889 0 0 -1.5708
53 -2.44017 -0.616137 1.06069 1.5708 0 0
54 -2.44109 0.616133 1.06069 1.5708 0 0
55 0 -6.39109 2.66389 0 1.39626 -1.5708
56 3.59052 -1.84576 -11.2498 -0.00693223 0.0319096 -0.0199083
57 3.55302 -1.85312 -12.4196 -0.00693223 0.0319096 -0.0199083
58 3.55871 -16.2935 -3.23572 -0.00693223 0.0319096 -0.0199083
59 3.52122 -16.3009 -4.4055 -0.00693223 0.0319096 -0.0199083
time 29
0 2.97878 17.2134 2.93956 0.000934124 0 -1.48352
1 6.02794 0 0 -0.164182 0.653903 0.682492
2 11.7344 0 0 -0.00140285 0 -1.25355
3 8.81138 -0.000450134 -0.000112295 -0.951694 0 0.000157543
4 5.77839 0.000287056 0 -0.637635 0 0.000101862
5 2.23163 -0.000329018 -0.000363827 -0.314059 0 0
6 11.4725 0 0 -1.01544 -0.0248542 0.499405
7 0.61522 -0.993091 -0.8107 -3.12143 0.455449 -0.448969
8 2.24752 0 0 0.0577539 -0.0801896 -0.422607
9 1.11936 0 0 0.0108781 -0.0115312 -1.06412
10 3.71348 -0.102641 0.102191 1.6576 1.11328 0.527799
11 1.72615 0 0 0.00181499 -0.00104465 -1.16018
12 1.21114 0 0 -0.00818874 0.0156201 -1.08034
13 3.59919 -1.06012 0.0708885 1.55964 0.174096 0.0209861
14 1.66069 0 0 0.00468688 0.0777242 -0.162634
15 1.167 0 0 -0.0210159 0.0375851 -0.131225
16 2.18852 0.50104 0.0576591 1.57003 0.123978 0.225804
17 1.29609 0 0 -0.15314 -0.0413944 -1.3026
18 1.62202 0.000713348 -0.000470638 -0.00529195 0.00572119 -1.17914
19 1.22241 0 0 -0.0403371 0.0245782 -0.809734
20 1.76707 1.27612 0.0366416 1.40923 0.411606 0.261114
21 1.55588 0 0 -0.0325417 -0.0777184 -1.17583
22 1.24274 0 0 -0.000574023 -0.000173471 -0.972816
23 0.784524 0 0 0.00619193 -0.00457884 -0.750474
24 -8.90025 1.31301 -8.99925 -0.000932693 0 -2.00714
25 6.02794 0 0 1.31279 0.277911 0.98685
26 11.7344 0 0 0.00140268 0 0.817316
27 8.81167 0 0 1.35701 0 0
28 5.77884 0 0 0.909198 0 0
29 2.23249 0 0 0.447814 0 0
30 11.4725 0 0 1.37501 -0.0987487 -0.410595
31 0.61581 0.994372 -0.809164 -2.81911 0.232574 0.326312
32 2.24752 0 0 -0.0875898 0.00155141 -0.120515
33 1.11936 0 0 -0.00786967 0.187011 0.376201
34 3.71348 0.10264 0.102192 -1.34987 0.38328 -0.11853
35 1.72615 0 0 -0.0244628 -0.0146777 1.14222
36 1.21112 0 0 0.00527082 0.0168304 0.90098
37 3.5992 1.06012 0.0708885 -1.43861 -0.117756 -0.197609
38 1.66069 0 0 0.0200926 0.0752328 0.484173
39 1.16699 0 0 0.0297523 -0.00533526 1.38554
40 2.18853 -0.501039 0.0576601 -1.55499 0.13202 -0.112032
41 1.29609 0 0 0.231325 -0.101478 0.564381
42 1.62201 -0.000713348 -0.000469208 -0.0131873 -0.018274 1.05818
43 1.2224 0 0 0.00203138 0.00899407 0.667781
44 1.76707 -1.27612 0.0366421 -1.49233 0.411556 -0.0601961
45 1.55588 0 0 0.210842 -0.320475 0.751319
46 1.24273 0 0 0.000559895 0.000214446 0.313964
47 0.784531 0 0 -0.00389513 0.0014652 0.780885
48 0 0 0 0 0 0
49 3.60434 -7.86292 -5.30104 -0.00678877 0.0179255 -0.016703
50 0 -3.88574 -0.867035 0 0 -1.5708
51 0 -2.3834 1.62041 0 1.39626 -1.5708
52 0 -9.60567 0.513889 0 0 -1.5708
53 -2.44017 -0.616137 1.06069 1.5708 0 0
54 -2.44109 0.616133 1.06069 1.5708 0 0
55 0 -6.39109 2.66389 0 1.39626 -1.5708
56 3.60189 -1.80712 -11.1036 -0.00678868 0.0179255 -0.016703
57 3.58078 -1.81471 -12.2738 -0.00678868 0.0179255 -0.016703
58 3.50427 -16.2542 -3.08875 -0.00678868 0.0179255 -0.016703
59 3.48316 -16.2618 -4.25894 -0.00678868 0.0179255 -0.016703
time 30
0 2.94402 17.2134 2.94845 0.000934124 0 -1.48352
1 6.02794 0 0 -0.166049 0.653517 0.686671
2 11.7344 0 0 -0.00140294 0 -1.26539
3 8.81138 -0.000450134 -0.000112534 -0.932988 0 0.000157537
4 5.77839 0.000286102 0 -0.625102 0 0.000101976
5 2.23163 -0.000329018 -0.000363827 -0.307886 0 0
6 11.4725 0 0 -1.00152 -0.024546 0.513824
7 0.615219 -0.993091 -0.810701 -3.12143 0.455449 -0.448969
8 2.24752 0 0 0.0577539 -0.0801897 -0.422607
9 1.11936 0 0 0.0108781 -0.011531 -1.06412
10 3.71348 -0.102641 0.102191 1.6576 1.11328 0.527799
11 1.72615 0 0 0.00181519 -0.00104451 -1.16018
12 1.21114 0 0 -0.00818872 0.0156201 -1.08034
13 3.59919 -1.06012 0.0708876 1.55964 0.174096 0.0209861
14 1.66069 0 0 0.00468682 0.0777243 -0.162634
15 1.167 0 0 -0.0210159 0.0375851 -0.131225
16 2.18852 0.50104 0.0576587 1.57003 0.123978 0.225804
17 1.29609 0 0 -0.15314 -0.0413945 -1.3026
18 1.62202 0.000714302 -0.000470638 -0.00529192 0.00572114 -1.17914
19 1.22241 0 0 -0.0403371 0.0245783 -0.809734
20 1.76707 1.27612 0.0366411 1.40923 0.411606 0.261114
21 1.55588 0 0 -0.0325417 -0.0777186 -1.17583
22 1.24274 0 0 -0.000574065 -0.000173392 -0.972816
23 0.784523 0 0 0.00619207 -0.00457885 -0.750474
24 -8.90025 1.31301 -8.99925 -0.000932693 0 -2.00714
25 6.02794 0 0 1.31275 0.275803 0.987819
26 11.7344 0 0 0.00140286 0 0.819559
27 8.81167 0 0 1.36911 0 0
28 5.77884 0 0 0.917307 0 0
29 2.23249 0 0 0.451808 0 0
30 11.4725 0 0 1.38586 -0.0999557 -0.408232
31 0.615814 0.994372 -0.809166 -2.81911 0.232574 0.326312
32 2.24752 0 0 -0.0875897 0.00155132 -0.120515
33 1.11936 0 0 -0.00786964 0.187011 0.376202
34 3.71349 0.102639 0.10219 -1.34987 0.38328 -0.11853
35 1.72615 0 0 -0.0244629 -0.0146778 1.14222
36 1.21112 0 0 0.00527087 0.0168303 0.90098
37 3.5992 1.06012 0.0708866 -1.43861 -0.117756 -0.197609
38 1.66069 0 0 0.0200925 0.0752328 0.484173
39 1.16699 0 0 0.0297524 -0.00533516 1.38554
40 2.18853 -0.50104 0.0576582 -1.55499 0.13202 -0.112032
41 1.29609 0 0 0.231325 -0.101478 0.564381
42 1.62202 -0.000711441 -0.000470161 -0.0131873 -0.0182742 1.05818
43 1.2224 0 0 0.00203144 0.00899444 0.667781
44 1.76707 -1.27612 0.0366402 -1.49233 0.411556 -0.0601961
45 1.55588 0 0 0.210842 -0.320475 0.751319
46 1.24273 0 0 0.000559782 0.000214494 0.313964
47 0.784531 0 0 -0.00389504 0.00146494 0.780885
48 0 0 0 0 0 0
49 3.56508 -7.82681 -5.20546 -0.00650275 0.00483814 -0.014212
50 0 -3.88574 -0.867035 0 0 -1.5708
51 0 -2.3834 1.62041 0 1.39626 -1.5708
52 0 -9.60567 0.513889 0 0 -1.5708
53 -2.44017 -0.616137 1.06069 1.5708 0 0
54 -2.44109 0.616132 1.06069 1.5708 0 0
55 0 -6.39109 2.66389 0 1.39626 -1.5708
56 3.62352 -1.77046 -11.0071 -0.00650266 0.00483814 -0.014212
57 3.61775 -1.77799 -12.1775 -0.00650266 0.00483814 -0.014212
58 3.45694 -16.2185 -2.99522 -0.00650266 0.00483814 -0.014212
59 3.45117 -16.226 -4.16559 -0.00650266 0.00483814 -0.014212
time 31
0 2.94402 17.2134 2.94845 0.000934124 0 -1.48352
1 6.02794 0 0 -0.166333 0.653568 0.688914
2 11.7344 0 0 -0.00140292 0 -1.27483
3 8.81138 -0.000450134 -0.000112295 -0.918268 0 0.000157669
4 5.77839 0.000286102 0 -0.61524 0 0.000102166
5 2.23163 -0.000329971 -0.000364065 -0.303029 0 0
6 11.4725 0 0 -0.99133 -0.0260538 0.526541
7 0.615219 -0.993092 -0.8107 -3.12143 0.455449 -0.448969
8 2.24752 0 0 0.057754 -0.0801897 -0.422607
9 1.11936 0 0 0.0108781 -0.0115309 -1.06412
10 3.71348 -0.102641 0.102191 1.6576 1.11328 0.527799
11 1.72615 0 0 0.00181526 -0.00104462 -1.16018
12 1.21114 0 0 -0.00818888 0.0156199 -1.08034
13 3.59919 -1.06012 0.070888 1.55964 0.174096 0.0209861
14 1.66069 0 0 0.0046868 0.0777243 -0.162633
15 1.167 0 0 -0.0210159 0.037585 -0.131225
16 2.18852 0.501039 0.0576587 1.57003 0.123978 0.225804
17 1.29609 0 0 -0.15314 -0.0413945 -1.3026
18 1.62202 0.000714302 -0.000471115 -0.0052919 0.00572111 -1.17914
19 1.22241 0 0 -0.0403372 0.0245782 -0.809734
20 1.76707 1.27612 0.0366411 1.40923 0.411606 0.261114
21 1.55588 0 0 -0.0325416 -0.0777185 -1.17583
22 1.24274 0 0 -0.000574142 -0.000173501 -0.972817
23 0.784524 0 0 0.00619205 -0.00457872 -0.750474
24 -8.90025 1.31301 -8.99925 -0.000932693 0 -2.00714
25 6.02794 0 0 1.31234 0.275515 0.988777
26 11.7344 0 0 0.00140268 0 0.821863
27 8.81167 0 0 1.37939 0 0
28 5.77884 0 0 0.924194 0 0
29 2.23249 0 0 0.4552 0 0
30 11.4725 0 0 1.39503 -0.101346 -0.405544
31 0.615808 0.994371 -0.809165 -2.81911 0.232574 0.326312
32 2.24752 0 0 -0.0875898 0.00155136 -0.120515
33 1.11936 0 0 -0.00786952 0.187011 0.376202
34 3.71349 0.102639 0.102191 -1.34987 0.38328 -0.11853
35 1.72615 0 0 -0.0244628 -0.0146779 1.14222
36 1.21112 0 0 0.00527094 0.0168303 0.90098
37 3.5992 1.06012 0.0708876 -1.43861 -0.117756 -0.197609
38 1.66069 0 0 0.0200927 0.0752328 0.484173
39 1.16699 0 0 0.0297524 -0.00533522 1.38554
40 2.18853 -0.501041 0.0576582 -1.55499 0.13202 -0.112032
41 1.29609 0 0 0.231325 -0.101478 0.564381
42 1.62202 -0.000713348 -0.000470161 -0.0131874 -0.018274 1.05818
43 1.22241 0 0 0.00203132 0.00899427 0.667781
44 1.76707 -1.27612 0.0366411 -1.49233 0.411556 -0.0601959
45 1.55588 0 0 0.210842 -0.320475 0.751319
46 1.24273 0 0 0.000560026 0.000214508 0.313964
47 0.784531 0 0 -0.00389512 0.00146521 0.780885
48 0 0 0 0 0 0
49 3.53532 -7.79311 -5.15195 -0.00610808 -0.00584496 -0.0118961
50 0 -3.88574 -0.867035 0 0 -1.5708
51 0 -2.3834 1.62041 0 1.39626 -1.5708
52 0 -9.60567 0.513889 0 0 -1.5708
53 -2.44017 -0.616136 1.06069 1.5708 0 0
54 -2.44108 0.616133 1.06069 1.5708 0 0
55 0 -6.39109 2.66389 0 1.39626 -1.5708
56 3.64172 -1.73509 -10.9512 -0.00610799 -0.00584496 -0.0118961
57 3.64848 -1.74232 -12.1216 -0.00610799 -0.00584496 -0.0118961
58 3.42301 -16.1856 -2.94504 -0.00610799 -0.00584496 -0.0118961
59 3.42977 -16.1928 -4.11541 -0.00610799 -0.00584496 -0.0118961
time 32
0 2.94402 17.2134 2.94845 0.000934124 0 -1.48352
1 6.02794 0 0 -0.164638 0.653923 0.691353
2 11.7344 0 0 -0.00140293 0 -1.28208
3 8.81138 -0.000450134 -0.000112057 -0.90946 0 0.000157473
4 5.77839 0.000287056 0 -0.609338 0 0.000101958
5 2.23163 -0.000329018 -0.000364304 -0.300122 0 0
6 11.4725 0 0 -0.98611 -0.02845 0.536112
7 0.615219 -0.993091 -0.8107 -3.12143 0.455449 -0.448969
8 2.24752 0 0 0.057754 -0.0801897 -0.422607
9 1.11936 0 0 0.0108781 -0.0115311 -1.06412
10 3.71348 -0.102641 0.102191 1.6576 1.11328 0.527798
11 1.72615 0 0 0.00181505 -0.00104463 -1.16018
12 1.21114 0 0 -0.0081888 0.01562 -1.08034
13 3.59919 -1.06012 0.070888 1.55964 0.174096 0.0209861
14 1.66068 0 0 0.0046868 0.0777243 -0.162634
15 1.167 0 0 -0.0210159 0.037585 -0.131225
16 2.18852 0.501039 0.0576587 1.57003 0.123978 0.225804
17 1.29609 0 0 -0.15314 -0.0413945 -1.3026
18 1.62202 0.000715256 -0.000470638 -0.00529193 0.00572116 -1.17914
19 1.22241 0 0 -0.0403372 0.0245782 -0.809734
20 1.76707 1.27612 0.0366411 1.40923 0.411606 0.261114
21 1.55588 0 0 -0.0325416 -0.0777186 -1.17583
22 1.24274 0 0 -0.000573942 -0.000173496 -0.972816
23 0.784523 0 0 0.0061919 -0.00457891 -0.750474
24 -8.90025 1.31301 -8.99925 -0.000932693 0 -2.00714
25 6.02794 0 0 1.31164 0.276092 0.989948
26 11.7344 0 0 0.00140268 0 0.823462
27 8.81167 0 0 1.38653 0 0
28 5.77884 0 0 0.928976 0 0
29 2.23249 0 0 0.457555 0 0
30 11.4725 0 0 1.4014 -0.101956 -0.403321
31 0.615812 0.994371 -0.809165 -2.81911 0.232574 0.326312
32 2.24752 0 0 -0.0875897 0.0015514 -0.120514
33 1.11936 0 0 -0.00786961 0.187011 0.376202
34 3.71349 0.102638 0.10219 -1.34987 0.38328 -0.11853
35 1.72615 0 0 -0.0244629 -0.0146778 1.14222
36 1.21112 0 0 0.00527077 0.0168304 0.90098
37 3.5992 1.06012 0.0708885 -1.43861 -0.117756 -0.197609
38 1.66069 0 0 0.0200927 0.0752329 0.484173
39 1.16699 0 0 0.0297522 -0.00533519 1.38554
40 2.18853 -0.50104 0.0576591 -1.55499 0.13202 -0.112032
41 1.29609 0 0 0.231325 -0.101478 0.564381
42 1.62202 -0.000711441 -0.000469208 -0.0131873 -0.0182739 1.05818
43 1.22241 0 0 0.00203137 0.00899422 0.667781
44 1.76707 -1.27612 0.0366421 -1.49233 0.411556 -0.0601962
45 1.55588 0 0 0.210842 -0.320475 0.751319
46 1.24273 0 0 0.000559907 0.000214331 0.313964
47 0.784531 0 0 -0.003895 0.00146518 0.780885
48 0 0 0 0 0 0
49 3.51343 -7.76095 -5.13081 -0.0056386 -0.0126165 -0.00921611
50 0 -3.88574 -0.867035 0 0 -1.5708
51 0 -2.3834 1.62041 0 1.39626 -1.5708
52 0 -9.60567 0.513889 0 0 -1.5708
53 -2.44017 -0.616136 1.06069 1.5708 0 0
54 -2.44108 0.616133 1.06069 1.5708 0 0
55 0 -6.39109 2.66389 0 1.39626 -1.5708
56 3.64285 -1.7003 -10.9268 -0.00563851 -0.0126165 -0.00921611
57 3.65756 -1.70704 -12.0971 -0.00563851 -0.0126165 -0.00921611
58 3.40871 -16.1546 -2.92797 -0.00563851 -0.0126165 -0.00921611
59 3.42341 -16.1614 -4.09827 -0.00563851 -0.0126165 -0.00921611
time 33
0 2.94402 17.2134 2.94845 0.000934124 0 -1.48352
1 6.02794 0 0 -0.161763 0.654438 0.693617
2 11.7344 0 0 -0.00140289 0 -1.28702
3 8.81138 -0.000450134 -0.000112057 -0.906268 0 0.000157674
4 5.77839 0.000286102 0 -0.6072 0 0.000102276
5 2.23163 -0.000329018 -0.000364304 -0.299068 0 0
6 11.4725 0 0 -0.985323 -0.0308745 0.542432
7 0.615218 -0.993091 -0.8107 -3.12143 0.455449 -0.448969
8 2.24752 0 0 0.057754 -0.0801898 -0.422607
9 1.11936 0 0 0.010878 -0.0115311 -1.06412
10 3.71348 -0.102641 0.10219 1.6576 1.11328 0.527799
11 1.72615 0 0 0.00181524 -0.0010446 -1.16018
12 1.21114 0 0 -0.00818884 0.0156199 -1.08034
13 3.59919 -1.06012 0.0708876 1.55964 0.174096 0.0209862
14 1.66069 0 0 0.00468685 0.0777242 -0.162634
15 1.167 0 0 -0.0210159 0.037585 -0.131225
16 2.18852 0.50104 0.0576587 1.57003 0.123978 0.225804
17 1.29609 0 0 -0.15314 -0.0413945 -1.3026
18 1.62202 0.000713348 -0.000471592 -0.00529202 0.00572107 -1.17914
19 1.22241 0 0 -0.0403372 0.0245783 -0.809734
20 1.76707 1.27612 0.0366411 1.40923 0.411606 0.261114
21 1.55588 0 0 -0.0325417 -0.0777184 -1.17583
22 1.24274 0 0 -0.000574026 -0.000173338 -0.972816
23 0.784524 0 0 0.00619194 -0.0045787 -0.750474
24 -8.90025 1.31301 -8.99925 -0.000932693 0 -2.00714
25 6.02794 0 0 1.31078 0.277752 0.990981
26 11.7344 0 0 0.00140269 0 0.825601
27 8.81167 0 0 1.39038 0 0
28 5.77884 0 0 0.931555 0 0
29 2.23249 0 0 0.458825 0 0
30 11.4725 0 0 1.40488 -0.101875 -0.402728
31 0.615812 0.994372 -0.809165 -2.81911 0.232574 0.326312
32 2.24751 0 0 -0.0875898 0.00155134 -0.120515
33 1.11936 0 0 -0.00786954 0.187011 0.376202
34 3.71348 0.102639 0.102191 -1.34987 0.38328 -0.11853
35 1.72615 0 0 -0.0244627 -0.0146779 1.14222
36 1.21112 0 0 0.00527082 0.0168304 0.90098
37 3.5992 1.06012 0.0708876 -1.43861 -0.117756 -0.197609
38 1.66069 0 0 0.0200926 0.0752328 0.484173
39 1.16699 0 0 0.0297523 -0.00533508 1.38554
40 2.18853 -0.50104 0.0576582 -1.55499 0.13202 -0.112032
41 1.29609 0 0 0.231325 -0.101478 0.564381
42 1.62202 -0.000713348 -0.000468254 -0.0131873 -0.0182739 1.05818
43 1.22241 0 0 0.00203137 0.00899423 0.667781
44 1.76707 -1.27612 0.0366411 -1.49233 0.411556 -0.060196
45 1.55587 0 0 0.210842 -0.320475 0.751319
46 1.24273 0 0 0.000559825 0.000214382 0.313964
47 0.784532 0 0 -0.00389477 0.00146527 0.780885
48 0 0 0 0 0 0
49 3.49779 -7.72945 -5.1323 -0.00494277 -0.0154815 -0.00666704
50 0 -3.88574 -0.867035 0 0 -1.5708
51 0 -2.3834 1.62041 0 1.39626 -1.5708
52 0 -9.60567 0.51389 0 0 -1.5708
53 -2.44017 -0.616137 1.06069 1.5708 0 0
54 -2.44109 0.616133 1.06069 1.5708 0 0
55 0 -6.39109 2.66389 0 1.39626 -1.5708
56 3.62833 -1.66457 -10.9239 -0.00494268 -0.0154815 -0.00666704
57 3.64641 -1.67047 -12.0941 -0.00494268 -0.0154815 -0.00666704
58 3.40823 -16.1249 -2.93539 -0.00494268 -0.0154815 -0.00666704
59 3.42631 -16.1308 -4.10564 -0.00494268 -0.0154815 -0.00666704
time 34
0 2.94402 17.2134 2.94845 0.000934124 0 -1.48352
1 6.02794 0 0 -0.158183 0.655051 0.696041
2 11.7344 0 0 -0.0014028 0 -1.2908
3 8.81138 -0.000450134 -0.000112534 -0.906548 0 0.000157935
4 5.77839 0.000286102 0 -0.607387 0 0.000102446
5 2.23163 -0.000329971 -0.000364065 -0.299161 0 0
6 11.4725 0 0 -0.986977 -0.0325759 0.546258
7 0.615219 -0.993091 -0.810701 -3.12143 0.455449 -0.448969
8 2.24752 0 0 0.057754 -0.0801896 -0.422607
9 1.11936 0 0 0.0108781 -0.0115312 -1.06412
10 3.71348 -0.102641 0.10219 1.6576 1.11328 0.527799
11 1.72615 0 0 0.00181533 -0.00104463 -1.16018
12 1.21114 0 0 -0.00818885 0.01562 -1.08034
13 3.59919 -1.06012 0.070888 1.55964 0.174096 0.0209863
14 1.66068 0 0 0.00468678 0.0777242 -0.162634
15 1.167 0 0 -0.0210159 0.037585 -0.131225
16 2.18852 0.501039 0.0576587 1.57003 0.123978 0.225804
17 1.29609 0 0 -0.15314 -0.0413944 -1.3026
18 1.62202 0.000713348 -0.000470161 -0.00529199 0.00572113 -1.17914
19 1.22241 0 0 -0.0403372 0.0245783 -0.809734
20 1.76707 1.27612 0.0366406 1.40923 0.411605 0.261114
21 1.55588 0 0 -0.0325417 -0.0777185 -1.17583
22 1.24274 0 0 -0.000574073 -0.000173633 -0.972817
23 0.784523 0 0 0.00619199 -0.00457875 -0.750474
24 -8.90025 1.31301 -8.99925 -0.000932693 0 -2.00714
25 6.02794 0 0 1.30987 0.280926 0.99145
26 11.7344 0 0 0.00140262 0 0.829789
27 8.81167 0 0 1.39196 0 0
28 5.77884 0 0 0.93261 0 0
29 2.23249 0 0 0.459345 0 0
30 11.4725 0 0 1.40644 -0.101786 -0.404309
31 0.615814 0.994372 -0.809164 -2.81911 0.232574 0.326312
32 2.24752 0 0 -0.0875897 0.00155134 -0.120515
33 1.11936 0 0 -0.0078696 0.187011 0.376202
34 3.71349 0.102639 0.102191 -1.34987 0.38328 -0.11853
35 1.72615 0 0 -0.0244628 -0.0146777 1.14222
36 1.21112 0 0 0.00527075 0.0168304 0.90098
37 3.5992 1.06012 0.0708885 -1.43861 -0.117756 -0.197609
38 1.66069 0 0 0.0200926 0.0752328 0.484173
39 1.16699 0 0 0.0297523 -0.00533514 1.38554
40 2.18853 -0.50104 0.0576591 -1.55499 0.13202 -0.112032
41 1.29609 0 0 0.231325 -0.101478 0.564381
42 1.62202 -0.000715256 -0.000469208 -0.0131871 -0.018274 1.05818
43 1.22241 0 0 0.00203134 0.00899433 0.667781
44 1.76707 -1.27612 0.0366411 -1.49233 0.411556 -0.0601962
45 1.55587 0 0 0.210842 -0.320475 0.751319
46 1.24273 0 0 0.000559756 0.000214332 0.313964
47 0.784531 0 0 -0.0038949 0.00146512 0.780885
48 0 0 0 0 0 0
49 3.48678 -7.69773 -5.14669 -0.00391378 -0.0158243 -0.00499051
50 0 -3.88574 -0.867035 0 0 -1.5708
51 0 -2.3834 1.62041 0 1.39626 -1.5708
52 0 -9.60567 0.513889 0 0 -1.5708
53 -2.44017 -0.616137 1.06069 1.5708 0 0
54 -2.44109 0.616133 1.06069 1.5708 0 0
55 0 -6.39109 2.6639 0 1.39626 -1.5708
56 3.60906 -1.6267 -10.932 -0.00391369 -0.0158243 -0.00499051
57 3.62756 -1.63137 -12.1023 -0.00391369 -0.0158243 -0.00499051
58 3.41067 -16.0955 -2.95843 -0.00391369 -0.0158243 -0.00499051
59 3.42917 -16.1002 -4.12868 -0.00391369 -0.0158243 -0.00499051
time 35
0 2.94402 17.2134 2.94845 0.000934124 0 -1.48352
1 6.02794 0 0 -0.154345 0.655697 0.698697
2 11.7344 0 0 -0.00140281 0 -1.29421
3 8.81138 -0.000450134 -0.000112295 -0.909223 0 0.000157618
4 5.77839 0.000287056 0 -0.609179 0 0.000102247
5 2.23163 -0.000329018 -0.000364065 -0.300044 0 0
6 11.4725 0 0 -0.990284 -0.0334455 0.548538
7 0.61522 -0.993091 -0.8107 -3.12143 0.455449 -0.448969
8 2.24752 0 0 0.0577538 -0.0801896 -0.422607
9 1.11936 0 0 0.010878 -0.0115311 -1.06412
10 3.71348 -0.102641 0.102191 1.6576 1.11328 0.527799
11 1.72615 0 0 0.00181513 -0.00104475 -1.16018
12 1.21114 0 0 -0.00818886 0.01562 -1.08034
13 3.59919 -1.06012 0.070888 1.55964 0.174096 0.0209861
14 1.66069 0 0 0.00468681 0.0777243 -0.162633
15 1.167 0 0 -0.0210159 0.0375851 -0.131225
16 2.18852 0.501039 0.0576591 1.57003 0.123978 0.225804
17 1.29609 0 0 -0.15314 -0.0413944 -1.3026
18 1.62202 0.000713348 -0.000470638 -0.00529197 0.0057211 -1.17914
19 1.22241 0 0 -0.0403372 0.0245784 -0.809734
20 1.76707 1.27612 0.0366411 1.40923 0.411606 0.261114
21 1.55588 0 0 -0.0325418 -0.0777186 -1.17583
22 1.24274 0 0 -0.000574079 -0.000173366 -0.972817
23 0.784523 0 0 0.00619197 -0.00457869 -0.750474
24 -8.90025 1.31301 -8.99925 -0.000932693 0 -2.00714
25 6.02794 0 0 1.30899 0.284976 0.991478
26 11.7344 0 0 0.00140268 0 0.835644
27 8.81167 0 0 1.39168 0 0
28 5.77884 0 0 0.932429 0 0
29 2.23249 0 0 0.459256 0 0
30 11.4725 0 0 1.40645 -0.101624 -0.407925
31 0.615814 0.994371 -0.809166 -2.81911 0.232574 0.326312
32 2.24752 0 0 -0.0875897 0.00155133 -0.120515
33 1.11936 0 0 -0.00786961 0.187011 0.376202
34 3.71349 0.102638 0.10219 -1.34987 0.38328 -0.11853
35 1.72615 0 0 -0.0244629 -0.0146776 1.14222
36 1.21112 0 0 0.00527076 0.0168304 0.90098
37 3.5992 1.06012 0.0708885 -1.43861 -0.117756 -0.197609
38 1.66069 0 0 0.0200926 0.0752328 0.484173
39 1.16699 0 0 0.0297523 -0.00533509 1.38554
40 2.18853 -0.50104 0.0576591 -1.55499 0.13202 -0.112032
41 1.29609 0 0 0.231325 -0.101478 0.564381
42 1.62201 -0.000711441 -0.000472069 -0.0131873 -0.0182741 1.05818
43 1.2224 0 0 0.00203143 0.00899422 0.667781
44 1.76707 -1.27612 0.0366402 -1.49233 0.411556 -0.060196
45 1.55587 0 0 0.210842 -0.320475 0.751319
46 1.24273 0 0 0.000559759 0.000214543 0.313964
47 0.784531 0 0 -0.00389492 0.00146507 0.780885
48 0 0 0 0 0 0
49 3.47877 -7.66493 -5.16426 -0.00265262 -0.0142064 -0.00401752
50 0 -3.88574 -0.867035 0 0 -1.5708
51 0 -2.3834 1.62041 0 1.39626 -1.5708
52 0 -9.60567 0.51389 0 0 -1.5708
53 -2.44017 -0.616137 1.06069 1.5708 0 0
54 -2.44109 0.616133 1.06069 1.5708 0 0
55 0 -6.39109 2.66389 0 1.39626 -1.5708
56 3.58571 -1.58645 -10.9421 -0.00265253 -0.0142064 -0.00401752
57 3.60233 -1.58962 -12.1123 -0.00265253 -0.0142064 -0.00401752
58 3.41451 -16.0656 -2.98654 -0.00265253 -0.0142064 -0.00401752
59 3.43113 -16.0687 -4.15683 -0.00265253 -0.0142064 -0.00401752
time 36
0 2.94402 17.2134 2.94845 0.000934124 0 -1.48352
1 6.02794 0 0 -0.150705 0.656313 0.701654
2 11.7344 0 0 -0.00140278 0 -1.29802
3 8.81138 -0.000449181 -0.000112772 -0.913186 0 0.000157697
4 5.77839 0.000286102 0 -0.611834 0 0.00010217
5 2.23163 -0.000329971 -0.000364304 -0.301351 0 0
6 11.4725 0 0 -0.994457 -0.0333732 0.550221
7 0.615219 -0.993091 -0.8107 -3.12143 0.455449 -0.448969
8 2.24752 0 0 0.0577541 -0.0801897 -0.422607
9 1.11936 0 0 0.0108781 -0.0115309 -1.06412
10 3.71348 -0.102641 0.102191 1.6576 1.11328 0.527799
11 1.72615 0 0 0.00181518 -0.00104462 -1.16018
12 1.21114 0 0 -0.00818879 0.01562 -1.08034
13 3.59919 -1.06012 0.0708876 1.55964 0.174096 0.0209861
14 1.66069 0 0 0.00468683 0.0777243 -0.162634
15 1.167 0 0 -0.021016 0.037585 -0.131225
16 2.18852 0.501039 0.0576587 1.57003 0.123978 0.225804
17 1.29609 0 0 -0.15314 -0.0413944 -1.3026
18 1.62202 0.000714302 -0.000471115 -0.00529184 0.00572112 -1.17914
19 1.22241 0 0 -0.0403371 0.0245781 -0.809734
20 1.76707 1.27612 0.0366411 1.40923 0.411605 0.261114
21 1.55588 0 0 -0.0325416 -0.0777185 -1.17583
22 1.24274 0 0 -0.000574104 -0.000173447 -0.972817
23 0.784524 0 0 0.00619206 -0.00457885 -0.750473
24 -8.90025 1.31301 -8.99925 -0.000932693 0 -2.00714
25 6.02794 0 0 1.3082 0.289265 0.99119
26 11.7344 0 0 0.00140267 0 0.842795
27 8.81167 0 0 1.38999 0 0
28 5.77884 0 0 0.93129 0 0
29 2.23249 0 0 0.458695 0 0
30 11.4725 0 0 1.4053 -0.101329 -0.413453
31 0.615814 0.994372 -0.809165 -2.81911 0.232574 0.326312
32 2.24752 0 0 -0.0875897 0.00155138 -0.120514
33 1.11936 0 0 -0.0078697 0.187011 0.376201
34 3.71349 0.102638 0.10219 -1.34987 0.38328 -0.11853
35 1.72615 0 0 -0.0244629 -0.0146778 1.14222
36 1.21112 0 0 0.0052707 0.0168303 0.90098
37 3.5992 1.06012 0.0708876 -1.43861 -0.117756 -0.197609
38 1.66069 0 0 0.0200926 0.0752328 0.484173
39 1.16699 0 0 0.0297523 -0.00533503 1.38554
40 2.18853 -0.50104 0.0576591 -1.55499 0.13202 -0.112032
41 1.29609 0 0 0.231325 -0.101478 0.564381
42 1.62202 -0.000713348 -0.000470161 -0.0131873 -0.0182739 1.05818
43 1.22241 0 0 0.00203141 0.00899434 0.667781
44 1.76707 -1.27612 0.0366402 -1.49233 0.411556 -0.0601963
45 1.55587 0 0 0.210842 -0.320475 0.751319
46 1.24273 0 0 0.000559876 0.000214328 0.313964
47 0.784531 0 0 -0.00389501 0.00146516 0.780885
48 0 0 0 0 0 0
49 3.47215 -7.63017 -5.17529 -0.00126025 -0.0111891 -0.00357908
50 0 -3.88574 -0.867035 0 0 -1.5708
51 0 -2.3834 1.62041 0 1.39626 -1.5708
52 0 -9.60567 0.513889 0 0 -1.5708
53 -2.44017 -0.616137 1.06069 1.5708 0 0
54 -2.44109 0.616133 1.06069 1.5708 0 0
55 0 -6.39109 2.6639 0 1.39626 -1.5708
56 3.55893 -1.54354 -10.9448 -0.00126016 -0.0111891 -0.00357908
57 3.57202 -1.54506 -12.1152 -0.00126016 -0.0111891 -0.00357908
58 3.41827 -16.0339 -3.00919 -0.00126016 -0.0111891 -0.00357908
59 3.43136 -16.0354 -4.17952 -0.00126016 -0.0111891 -0.00357908
time 37
0 2.94402 17.2134 2.94845 0.000934124 0 -1.48352
1 6.02794 0 0 -0.147722 0.65684 0.704981
2 11.7344 0 0 -0.00140286 0 -1.30301
3 8.81138 -0.000450134 -0.000112057 -0.917315 0 0.000157742
4 5.77839 0.000286102 0 -0.614601 0 0.000102409
5 2.23163 -0.000329971 -0.000363588 -0.302714 0 0
6 11.4725 0 0 -0.998707 -0.0322465 0.552263
7 0.615219 -0.993091 -0.810701 -3.12143 0.455449 -0.448969
8 2.24752 0 0 0.0577538 -0.0801897 -0.422607
9 1.11936 0 0 0.0108782 -0.011531 -1.06412
10 3.71348 -0.102641 0.102191 1.6576 1.11328 0.527799
11 1.72615 0 0 0.0018151 -0.0010446 -1.16018
12 1.21114 0 0 -0.00818875 0.01562 -1.08034
13 3.59919 -1.06012 0.0708876 1.55964 0.174096 0.0209861
14 1.66069 0 0 0.00468683 0.0777242 -0.162633
15 1.167 0 0 -0.0210159 0.0375851 -0.131225
16 2.18853 0.501039 0.0576587 1.57003 0.123978 0.225804
17 1.29609 0 0 -0.15314 -0.0413944 -1.3026
18 1.62202 0.000715256 -0.000471115 -0.00529195 0.00572108 -1.17914
19 1.22241 0 0 -0.0403372 0.0245782 -0.809734
20 1.76707 1.27612 0.0366411 1.40923 0.411606 0.261114
21 1.55588 0 0 -0.0325418 -0.0777187 -1.17583
22 1.24274 0 0 -0.000574079 -0.000173366 -0.972816
23 0.784524 0 0 0.00619186 -0.00457874 -0.750474
24 -8.90025 1.31301 -8.99925 -0.000932693 0 -2.00714
25 6.02794 0 0 1.30757 0.293157 0.990716
26 11.7344 0 0 0.0014026 0 0.850878
27 8.81167 0 0 1.38727 0 0
28 5.77884 0 0 0.929468 0 0
29 2.23249 0 0 0.457798 0 0
30 11.4725 0 0 1.40338 -0.100841 -0.420771
31 0.61581 0.994372 -0.809166 -2.81911 0.232574 0.326312
32 2.24752 0 0 -0.0875897 0.00155132 -0.120515
33 1.11935 0 0 -0.00786963 0.187011 0.376202
34 3.71348 0.102639 0.10219 -1.34987 0.38328 -0.11853
35 1.72615 0 0 -0.0244628 -0.0146778 1.14222
36 1.21112 0 0 0.00527082 0.0168304 0.90098
37 3.5992 1.06012 0.0708876 -1.43861 -0.117756 -0.197609
38 1.66069 0 0 0.0200925 0.0752328 0.484173
39 1.16699 0 0 0.0297524 -0.00533524 1.38554
40 2.18853 -0.50104 0.0576591 -1.55499 0.13202 -0.112032
41 1.29609 0 0 0.231325 -0.101478 0.564381
42 1.62202 -0.000713348 -0.000470161 -0.0131873 -0.018274 1.05818
43 1.22241 0 0 0.00203144 0.00899424 0.667781
44 1.76707 -1.27612 0.0366402 -1.49233 0.411556 -0.0601962
45 1.55588 0 0 0.210842 -0.320475 0.751319
46 1.24273 0 0 0.000559807 0.00021446 0.313964
47 0.784531 0 0 -0.00389502 0.00146498 0.780885
48 0 0 0 0 0 0
49 3.46529 -7.59257 -5.17004 0.000162341 -0.00733403 -0.00350622
50 0 -3.88574 -0.867035 0 0 -1.5708
51 0 -2.3834 1.62041 0 1.39626 -1.5708
52 0 -9.60567 0.51389 0 0 -1.5708
53 -2.44017 -0.616137 1.06069 1.5708 0 0
54 -2.44109 0.616133 1.06069 1.5708 0 0
55 0 -6.39109 2.6639 0 1.39626 -1.5708
56 3.52935 -1.49765 -10.9311 0.00016243 -0.00733403 -0.00350622
57 3.53793 -1.49749 -12.1015 0.00016243 -0.00733403 -0.00350622
58 3.42045 -15.9994 -3.01582 0.00016243 -0.00733403 -0.00350622
59 3.42904 -15.9992 -4.1862 0.00016243 -0.00733403 -0.00350622
time 38
0 2.94402 17.2134 2.94845 0.000934124 0 -1.48352
1 6.02794 0 0 -0.144567 0.657413 0.709331
2 11.7344 0 0 -0.0014028 0 -1.3096
3 8.81138 -0.000450134 -0.000112057 -0.921252 0 0.000157583
4 5.77839 0.000287056 0 -0.617239 0 0.000102094
5 2.23163 -0.000329971 -0.000364065 -0.304013 0 0
6 11.4725 0 0 -1.00285 -0.0306749 0.554812
7 0.615219 -0.993091 -0.8107 -3.12143 0.455449 -0.448969
8 2.24752 0 0 0.057754 -0.0801897 -0.422607
9 1.11936 0 0 0.010878 -0.0115312 -1.06412
10 3.71348 -0.102641 0.102191 1.6576 1.11328 0.527799
11 1.72615 0 0 0.00181517 -0.0010447 -1.16018
12 1.21114 0 0 -0.00818889 0.0156201 -1.08034
13 3.59919 -1.06012 0.0708876 1.55964 0.174096 0.0209861
14 1.66069 0 0 0.00468679 0.0777242 -0.162634
15 1.167 0 0 -0.021016 0.0375851 -0.131225
16 2.18852 0.501039 0.0576591 1.57003 0.123978 0.225804
17 1.29609 0 0 -0.15314 -0.0413945 -1.3026
18 1.62202 0.000713348 -0.000470638 -0.00529187 0.00572128 -1.17914
19 1.22241 0 0 -0.0403371 0.0245782 -0.809734
20 1.76707 1.27612 0.0366406 1.40923 0.411605 0.261114
21 1.55588 0 0 -0.0325416 -0.0777184 -1.17583
22 1.24274 0 0 -0.000574037 -0.000173445 -0.972817
23 0.784523 0 0 0.00619205 -0.00457873 -0.750474
24 -8.90025 1.31301 -8.99925 -0.000932693 0 -2.00714
25 6.02794 0 0 1.30691 0.297075 0.990295
26 11.7344 0 0 0.00140271 0 0.86024
27 8.81167 0 0 1.38411 0 0
28 5.77884 0 0 0.927353 0 0
29 2.23249 0 0 0.456756 0 0
30 11.4725 0 0 1.4012 -0.100574 -0.429486
31 0.615812 0.994371 -0.809166 -2.81911 0.232574 0.326312
32 2.24752 0 0 -0.0875897 0.00155132 -0.120515
33 1.11936 0 0 -0.00786964 0.187011 0.376202
34 3.71349 0.102638 0.102191 -1.34987 0.38328 -0.11853
35 1.72615 0 0 -0.0244628 -0.0146779 1.14222
36 1.21112 0 0 0.0052709 0.0168304 0.90098
37 3.5992 1.06012 0.0708885 -1.43861 -0.117756 -0.197609
38 1.66069 0 0 0.0200927 0.0752328 0.484173
39 1.16699 0 0 0.0297522 -0.00533505 1.38554
40 2.18853 -0.50104 0.0576591 -1.55499 0.13202 -0.112032
41 1.29609 0 0 0.231325 -0.101478 0.564381
42 1.62201 -0.000713348 -0.000470161 -0.0131873 -0.018274 1.05818
43 1.22241 0 0 0.00203139 0.00899409 0.667781
44 1.76707 -1.27612 0.0366402 -1.49233 0.411556 -0.060196
45 1.55588 0 0 0.210842 -0.320475 0.751319
46 1.24273 0 0 0.000559843 0.0002145 0.313964
47 0.784532 0 0 -0.00389503 0.00146496 0.780885
48 0 0 0 0 0 0
49 3.46048 -7.54612 -5.15489 0.00151418 -0.00320252 -0.00362993
50 0 -3.88574 -0.867035 0 0 -1.5708
51 0 -2.3834 1.62041 0 1.39626 -1.5708
52 0 -9.60566 0.513889 0 0 -1.5708
53 -2.44017 -0.616137 1.06069 1.5708 0 0
54 -2.44109 0.616133 1.06069 1.5708 0 0
55 0 -6.39109 2.66389 0 1.39626 -1.5708
56 3.50149 -1.44334 -10.9079 0.00151427 -0.00320252 -0.00362993
57 3.50525 -1.44158 -12.0783 0.00151427 -0.00320252 -0.00362993
58 3.42352 -15.9559 -3.01199 0.00151427 -0.00320252 -0.00362993
59 3.42728 -15.9541 -4.18239 0.00151427 -0.00320252 -0.00362993
time 39
0 2.94402 17.2134 2.94845 0.000934124 0 -1.48352
1 6.02794 0 0 -0.140631 0.658105 0.714616
2 11.7344 0 0 -0.00140283 0 -1.31693
3 8.81138 -0.000449181 -0.000111341 -0.924987 0 0.000157369
4 5.77839 0.000286102 0 -0.619742 0 0.000102019
5 2.23163 -0.000329018 -0.00036335 -0.305246 0 0
6 11.4725 0 0 -1.00684 -0.0294469 0.55731
7 0.61522 -0.993092 -0.8107 -3.12143 0.455449 -0.448969
8 2.24752 0 0 0.057754 -0.0801898 -0.422607
9 1.11936 0 0 0.010878 -0.011531 -1.06412
10 3.71348 -0.102641 0.102191 1.6576 1.11328 0.527799
11 1.72615 0 0 0.001815 -0.00104477 -1.16018
12 1.21114 0 0 -0.00818879 0.0156201 -1.08034
13 3.59919 -1.06012 0.070888 1.55964 0.174096 0.0209861
14 1.66069 0 0 0.00468682 0.0777242 -0.162634
15 1.167 0 0 -0.021016 0.0375851 -0.131225
16 2.18852 0.501039 0.0576596 1.57003 0.123978 0.225804
17 1.29609 0 0 -0.15314 -0.0413945 -1.3026
18 1.62202 0.000713348 -0.000471115 -0.00529193 0.00572095 -1.17914
19 1.22241 0 0 -0.0403373 0.0245783 -0.809734
20 1.76707 1.27612 0.0366411 1.40923 0.411606 0.261114
21 1.55588 0 0 -0.0325419 -0.0777184 -1.17583
22 1.24274 0 0 -0.000574104 -0.000173447 -0.972816
23 0.784524 0 0 0.00619204 -0.00457886 -0.750474
24 -8.90025 1.31301 -8.99925 -0.000932693 0 -2.00714
25 6.02794 0 0 1.30604 0.301461 0.990058
26 11.7344 0 0 0.00140269 0 0.870534
27 8.81167 0 0 1.38114 0 0
28 5.77884 0 0 0.925366 0 0
29 2.23249 0 0 0.455777 0 0
30 11.4725 0 0 1.39924 -0.100814 -0.438463
31 0.615814 0.994371 -0.809165 -2.81911 0.232574 0.326312
32 2.24752 0 0 -0.0875897 0.00155141 -0.120514
33 1.11936 0 0 -0.00786963 0.187011 0.376202
34 3.71349 0.102639 0.102192 -1.34987 0.38328 -0.11853
35 1.72615 0 0 -0.0244628 -0.0146778 1.14222
36 1.21112 0 0 0.00527087 0.0168305 0.90098
37 3.5992 1.06012 0.0708885 -1.43861 -0.117756 -0.197609
38 1.66069 0 0 0.0200927 0.0752328 0.484173
39 1.16699 0 0 0.0297524 -0.00533504 1.38554
40 2.18853 -0.50104 0.0576591 -1.55499 0.13202 -0.112032
41 1.29609 0 0 0.231325 -0.101478 0.564381
42 1.62202 -0.000713348 -0.000470161 -0.0131872 -0.018274 1.05818
43 1.2224 0 0 0.00203122 0.00899416 0.667781
44 1.76707 -1.27612 0.0366421 -1.49233 0.411556 -0.0601962
45 1.55588 0 0 0.210842 -0.320475 0.751319
46 1.24273 0 0 0.000559736 0.000214396 0.313964
47 0.784531 0 0 -0.00389506 0.0014652 0.780885
48 0 0 0 0 0 0
49 3.45988 -7.49201 -5.14279 0.00269431 0.000643958 -0.00378124
50 0 -3.88574 -0.867035 0 0 -1.5708
51 0 -2.3834 1.62041 0 1.39626 -1.5708
52 0 -9.60566 0.513889 0 0 -1.5708
53 -2.44017 -0.616137 1.06069 1.5708 0 0
54 -2.44109 0.616133 1.06069 1.5708 0 0
55 0 -6.39109 2.66389 0 1.39626 -1.5708
56 3.47972 -1.38237 -10.8886 0.00269439 0.000643958 -0.00378124
57 3.47897 -1.37921 -12.059 0.00269439 0.000643958 -0.00378124
58 3.42988 -15.9043 -3.00981 0.00269439 0.000643958 -0.00378124
59 3.42914 -15.9011 -4.18022 0.00269439 0.000643958 -0.00378124
time 40
0 2.94402 17.2134 2.94845 0.000934124 0 -1.48352
1 6.02794 0 0 -0.136713 0.65877 0.71979
2 11.7344 0 0 -0.0014028 0 -1.32382
3 8.81138 -0.000450134 -0.000112295 -0.927917 0 0.000157497
4 5.77839 0.000286102 0 -0.621704 0 0.00010208
5 2.23163 -0.000329971 -0.000364304 -0.306212 0 0
6 11.4725 0 0 -1.01013 -0.0287122 0.559668
7 0.615219 -0.993091 -0.8107 -3.12143 0.455449 -0.448969
8 2.24752 0 0 0.057754 -0.0801897 -0.422607
9 1.11936 0 0 0.0108782 -0.0115311 -1.06412
10 3.71348 -0.102641 0.102191 1.6576 1.11328 0.527799
11 1.72615 0 0 0.0018152 -0.00104454 -1.16018
12 1.21114 0 0 -0.00818874 0.01562 -1.08034
13 3.59919 -1.06012 0.0708885 1.55964 0.174096 0.0209861
14 1.66069 0 0 0.00468679 0.0777243 -0.162633
15 1.16699 0 0 -0.021016 0.0375851 -0.131225
16 2.18852 0.50104 0.0576596 1.57003 0.123978 0.225804
17 1.29609 0 0 -0.15314 -0.0413945 -1.3026
18 1.62202 0.000713348 -0.000471115 -0.00529193 0.00572116 -1.17914
19 1.22241 0 0 -0.0403371 0.0245782 -0.809734
20 1.76707 1.27612 0.0366416 1.40923 0.411606 0.261114
21 1.55588 0 0 -0.0325418 -0.0777186 -1.17583
22 1.24274 0 0 -0.000574073 -0.000173633 -0.972817
23 0.784522 0 0 0.00619207 -0.00457885 -0.750474
24 -8.90025 1.31301 -8.99925 -0.000932693 0 -2.00714
25 6.02794 0 0 1.30517 0.305119 0.990144
26 11.7344 0 0 0.0014027 0 0.879125
27 8.81167 0 0 1.37891 0 0
28 5.77884 0 0 0.923867 0 0
29 2.23249 0 0 0.455039 0 0
30 11.4725 0 0 1.39784 -0.101307 -0.445844
31 0.615812 0.994372 -0.809165 -2.81911 0.232574 0.326312
32 2.24752 0 0 -0.0875897 0.00155134 -0.120515
33 1.11936 0 0 -0.00786965 0.187011 0.376202
34 3.71348 0.102639 0.102191 -1.34987 0.38328 -0.11853
35 1.72615 0 0 -0.0244628 -0.0146777 1.14222
36 1.21112 0 0 0.00527064 0.0168304 0.90098
37 3.5992 1.06012 0.0708876 -1.43861 -0.117756 -0.197609
38 1.66069 0 0 0.0200926 0.0752329 0.484173
39 1.16699 0 0 0.0297522 -0.00533517 1.38554
40 2.18853 -0.50104 0.0576591 -1.55499 0.13202 -0.112032
41 1.29609 0 0 0.231325 -0.101478 0.564381
42 1.62202 -0.000711441 -0.000471115 -0.0131874 -0.0182739 1.05818
43 1.22241 0 0 0.00203134 0.00899414 0.667781
44 1.76707 -1.27612 0.0366411 -1.49233 0.411556 -0.0601961
45 1.55588 0 0 0.210842 -0.320475 0.751319
46 1.24273 0 0 0.000559672 0.000214368 0.313964
47 0.784531 0 0 -0.0038949 0.00146513 0.780885
48 0 0 0 0 0 0
49 3.46169 -7.4401 -5.13394 0.00360173 0.00364394 -0.00379114
50 0 -3.88574 -0.867035 0 0 -1.5708
51 0 -2.3834 1.62041 0 1.39626 -1.5708
52 0 -9.60567 0.513889 0 0 -1.5708
53 -2.44017 -0.616137 1.06069 1.5708 0 0
54 -2.44109 0.616132 1.06069 1.5708 0 0
55 0 -6.39109 2.66389 0 1.39626 -1.5708
56 3.46438 -1.32518 -10.8742 0.00360182 0.00364394 -0.00379114
57 3.46013 -1.32095 -12.0445 0.00360182 0.00364394 -0.00379114
58 3.43796 -15.8543 -3.00861 0.00360182 0.00364394 -0.00379114
59 3.43371 -15.8501 -4.179 0.00360182 0.00364394 -0.00379114
time 41
0 2.94402 17.2134 2.94845 0.000934124 0 -1.48352
1 6.02794 0 0 -0.133622 0.659278 0.723805
2 11.7344 0 0 -0.00140285 0 -1.32911
3 8.81138 -0.000450134 -0.000112295 -0.929424 0 0.000157542
4 5.77839 0.000286102 0 -0.622714 0 0.0001019
5 2.23163 -0.000329971 -0.000363827 -0.30671 0 0
6 11.4725 0 0 -1.01213 -0.0286141 0.56181
7 0.615219 -0.993091 -0.8107 -3.12143 0.455449 -0.448969
8 2.24752 0 0 0.057754 -0.0801898 -0.422607
9 1.11936 0 0 0.0108781 -0.0115309 -1.06412
10 3.71348 -0.102641 0.102191 1.6576 1.11328 0.527799
11 1.72615 0 0 0.00181527 -0.00104464 -1.16018
12 1.21114 0 0 -0.00818893 0.01562 -1.08034
13 3.59919 -1.06012 0.0708876 1.55964 0.174096 0.0209861
14 1.66069 0 0 0.00468685 0.0777242 -0.162634
15 1.167 0 0 -0.021016 0.037585 -0.131225
16 2.18852 0.501039 0.0576587 1.57003 0.123978 0.225804
17 1.29609 0 0 -0.15314 -0.0413945 -1.3026
18 1.62202 0.000713348 -0.000471115 -0.00529198 0.00572113 -1.17914
19 1.22241 0 0 -0.0403371 0.0245782 -0.809734
20 1.76707 1.27612 0.0366406 1.40923 0.411606 0.261114
21 1.55588 0 0 -0.0325418 -0.0777186 -1.17583
22 1.24273 0 0 -0.000573959 -0.000173337 -0.972817
23 0.784523 0 0 0.00619195 -0.00457889 -0.750474
24 -8.90025 1.31301 -8.99925 -0.000932693 0 -2.00714
25 6.02794 0 0 1.30444 0.307547 0.990494
26 11.7344 0 0 0.00140278 0 0.884833
27 8.81167 0 0 1.37789 0 0
28 5.77884 0 0 0.923184 0 0
29 2.23249 0 0 0.454703 0 0
30 11.4725 0 0 1.39732 -0.101796 -0.450504
31 0.615812 0.994372 -0.809164 -2.81911 0.232574 0.326313
32 2.24752 0 0 -0.0875897 0.00155137 -0.120515
33 1.11936 0 0 -0.00786968 0.187011 0.376202
34 3.71349 0.102639 0.102192 -1.34987 0.38328 -0.11853
35 1.72615 0 0 -0.0244629 -0.0146778 1.14222
36 1.21112 0 0 0.00527079 0.0168303 0.90098
37 3.5992 1.06012 0.0708885 -1.43861 -0.117756 -0.197609
38 1.66069 0 0 0.0200927 0.0752328 0.484173
39 1.16699 0 0 0.0297523 -0.00533527 1.38554
40 2.18853 -0.50104 0.0576591 -1.55499 0.13202 -0.112032
41 1.29609 0 0 0.231325 -0.101478 0.564381
42 1.62202 -0.000711441 -0.000471115 -0.0131872 -0.0182739 1.05818
43 1.22241 0 0 0.00203136 0.0089942 0.667781
44 1.76707 -1.27612 0.0366421 -1.49233 0.411556 -0.0601961
45 1.55587 0 0 0.210842 -0.320475 0.751319
46 1.24273 0 0 0.000559907 0.00021452 0.313964
47 0.784532 0 0 -0.00389511 0.00146507 0.780885
48 0 0 0 0 0 0
49 3.46409 -7.40027 -5.1285 0.00413548 0.00523599 -0.00349066
50 0 -3.88574 -0.867035 0 0 -1.5708
51 0 -2.3834 1.62041 0 1.39626 -1.5708
52 0 -9.60566 0.513889 0 0 -1.5708
53 -2.44017 -0.616137 1.06069 1.5708 0 0
54 -2.44109 0.616132 1.06069 1.5708 0 0
55 0 -6.39109 2.66389 0 1.39626 -1.5708
56 3.45584 -1.28225 -10.8654 0.00413557 0.00523599 -0.00349066
57 3.44973 -1.27739 -12.0358 0.00413557 0.00523599 -0.00349066
58 3.44625 -15.8157 -3.00767 0.00413557 0.00523599 -0.00349066
59 3.44014 -15.8108 -4.17806 0.00413557 0.00523599 -0.00349066
time 42
0 2.94402 17.2134 2.94845 0.000934124 0 -1.48352
1 6.02794 0 0 -0.132153 0.659513 0.725618
2 11.7344 0 0 -0.00140283 0 -1.33154
3 8.81138 -0.000450134 -0.000112534 -0.929767 0 0.000157616
4 5.77839 0.000285149 0 -0.622944 0 0.000102062
5 2.23163 -0.000329971 -0.000364065 -0.306823 0 0
6 11.4725 0 0 -1.0129 -0.0289993 0.563155
7 0.615219 -0.993092 -0.8107 -3.12143 0.455449 -0.448969
8 2.24752 0 0 0.0577538 -0.0801897 -0.422607
9 1.11936 0 0 0.0108781 -0.0115307 -1.06412
10 3.71348 -0.102641 0.102191 1.6576 1.11328 0.527799
11 1.72615 0 0 0.00181521 -0.00104455 -1.16018
12 1.21114 0 0 -0.00818888 0.0156201 -1.08034
13 3.59919 -1.06012 0.070888 1.55964 0.174096 0.0209862
14 1.66069 0 0 0.00468678 0.0777241 -0.162633
15 1.167 0 0 -0.0210159 0.0375851 -0.131225
16 2.18852 0.501039 0.0576591 1.57003 0.123978 0.225804
17 1.29609 0 0 -0.15314 -0.0413945 -1.3026
18 1.62202 0.000714302 -0.000470161 -0.00529199 0.00572091 -1.17914
19 1.22241 0 0 -0.0403371 0.0245783 -0.809734
20 1.76707 1.27612 0.0366411 1.40923 0.411606 0.261114
21 1.55588 0 0 -0.0325419 -0.0777185 -1.17583
22 1.24274 0 0 -0.000574104 -0.000173447 -0.972817
23 0.784523 0 0 0.00619193 -0.00457884 -0.750474
24 -8.90025 1.31301 -8.99925 -0.000932693 0 -2.00714
25 6.02794 0 0 1.30407 0.308213 0.990926
26 11.7344 0 0 0.00140271 0 0.886523
27 8.81167 0 0 1.37781 0 0
28 5.77884 0 0 0.923134 0 0
29 2.23249 0 0 0.454678 0 0
30 11.4725 0 0 1.39736 -0.10192 -0.451831
31 0.615812 0.994372 -0.809165 -2.81911 0.232574 0.326312
32 2.24752 0 0 -0.0875897 0.00155124 -0.120515
33 1.11936 0 0 -0.00786962 0.187011 0.376202
34 3.71349 0.102639 0.102191 -1.34987 0.38328 -0.11853
35 1.72615 0 0 -0.0244629 -0.0146777 1.14222
36 1.21112 0 0 0.00527067 0.0168302 0.90098
37 3.5992 1.06012 0.0708876 -1.43861 -0.117756 -0.197609
38 1.66069 0 0 0.0200928 0.0752329 0.484173
39 1.16699 0 0 0.0297523 -0.00533531 1.38554
40 2.18853 -0.50104 0.0576591 -1.55499 0.13202 -0.112032
41 1.29609 0 0 0.231325 -0.101478 0.564381
42 1.62202 -0.000713348 -0.000469208 -0.0131874 -0.018274 1.05818
43 1.22241 0 0 0.00203148 0.00899417 0.667781
44 1.76707 -1.27612 0.0366411 -1.49233 0.411556 -0.0601963
45 1.55588 0 0 0.210842 -0.320475 0.751319
46 1.24273 0 0 0.000559839 0.000214281 0.313964
47 0.784531 0 0 -0.0038949 0.00146513 0.780885
48 0 0 0 0 0 0
49 3.46529 -7.3824 -5.12665 0.00424117 0.00561025 -0.0029664
50 0 -3.88574 -0.867035 0 0 -1.5708
51 0 -2.3834 1.62041 0 1.39626 -1.5708
52 0 -9.60567 0.513889 0 0 -1.5708
53 -2.44017 -0.616136 1.06069 1.5708 0 0
54 -2.44109 0.616133 1.06069 1.5708 0 0
55 0 -6.39109 2.66389 0 1.39626 -1.5708
56 3.45169 -1.26378 -10.8629 0.00424126 0.00561025 -0.0029664
57 3.44514 -1.25879 -12.0333 0.00424126 0.00561025 -0.0029664
58 3.45265 -15.798 -3.00672 0.00424126 0.00561025 -0.0029664
59 3.4461 -15.7931 -4.17709 0.00424126 0.00561025 -0.0029664
time 43
0 2.94402 17.2134 2.94845 0.000934124 0 -1.48352
1 6.02794 0 0 -0.131681 0.659578 0.725928
2 11.7344 0 0 -0.00140274 0 -1.33192
3 8.81138 -0.000449181 -0.000111818 -0.9297 0 0.000157614
4 5.77839 0.000286102 0 -0.622899 0 0.00010208
5 2.23163 -0.000328064 -0.00036335 -0.306801 0 0
6 11.4725 0 0 -1.0131 -0.0297328 0.563645
7 0.615219 -0.993092 -0.8107 -3.12143 0.455449 -0.448969
8 2.24752 0 0 0.0577539 -0.0801896 -0.422607
9 1.11936 0 0 0.0108783 -0.0115313 -1.06412
10 3.71348 -0.102641 0.102191 1.6576 1.11328 0.527799
11 1.72615 0 0 0.00181516 -0.00104469 -1.16018
12 1.21114 0 0 -0.00818874 0.01562 -1.08034
13 3.59919 -1.06012 0.070888 1.55964 0.174096 0.0209862
14 1.66069 0 0 0.00468682 0.0777242 -0.162634
15 1.167 0 0 -0.0210159 0.037585 -0.131225
16 2.18852 0.501039 0.0576596 1.57003 0.123978 0.225804
17 1.29609 0 0 -0.15314 -0.0413945 -1.3026
18 1.62202 0.000713348 -0.000471115 -0.00529194 0.00572116 -1.17914
19 1.22241 0 0 -0.0403371 0.0245783 -0.809734
20 1.76707 1.27612 0.0366411 1.40923 0.411606 0.261114
21 1.55588 0 0 -0.0325419 -0.0777185 -1.17583
22 1.24274 0 0 -0.000574131 -0.000173394 -0.972817
23 0.784524 0 0 0.00619206 -0.00457891 -0.750474
24 -8.90025 1.31301 -8.99925 -0.000932693 0 -2.00714
25 6.02794 0 0 1.30397 0.307858 0.991289
26 11.7344 0 0 0.00140286 0 0.885869
27 8.81167 0 0 1.37803 0 0
28 5.77884 0 0 0.923281 0 0
29 2.23249 0 0 0.454751 0 0
30 11.4725 0 0 1.3975 -0.101787 -0.451189
31 0.615812 0.994372 -0.809164 -2.81911 0.232574 0.326312
32 2.24752 0 0 -0.0875898 0.00155134 -0.120515
33 1.11936 0 0 -0.00786964 0.187011 0.376201
34 3.71349 0.102638 0.102191 -1.34987 0.38328 -0.11853
35 1.72615 0 0 -0.0244629 -0.0146778 1.14222
36 1.21112 0 0 0.00527085 0.0168303 0.90098
37 3.5992 1.06012 0.0708876 -1.43861 -0.117756 -0.197609
38 1.66069 0 0 0.0200927 0.0752328 0.484173
39 1.16699 0 0 0.0297521 -0.0053353 1.38554
40 2.18853 -0.50104 0.0576591 -1.55499 0.13202 -0.112032
41 1.29609 0 0 0.231325 -0.101478 0.564381
42 1.62202 -0.000713348 -0.000470161 -0.0131874 -0.0182739 1.05818
43 1.22241 0 0 0.00203136 0.00899419 0.667781
44 1.76707 -1.27612 0.0366411 -1.49233 0.411556 -0.060196
45 1.55588 0 0 0.210842 -0.320475 0.751319
46 1.24273 0 0 0.00055983 0.000214607 0.313964
47 0.784531 0 0 -0.00389506 0.00146504 0.780885
48 0 0 0 0 0 0
49 3.46529 -7.37923 -5.12855 0.00399258 0.00542326 -0.00243067
50 0 -3.88574 -0.867035 0 0 -1.5708
51 0 -2.3834 1.62041 0 1.39626 -1.5708
52 0 -9.60567 0.513889 0 0 -1.5708
53 -2.44017 -0.616137 1.06069 1.5708 0 0
54 -2.44109 0.616132 1.06069 1.5708 0 0
55 0 -6.39109 2.66389 0 1.39626 -1.5708
56 3.44948 -1.26205 -10.8663 0.00399267 0.00542326 -0.00243067
57 3.44314 -1.25736 -12.0367 0.00399267 0.00542326 -0.00243067
58 3.45678 -15.7943 -3.00652 0.00399267 0.00542326 -0.00243067
59 3.45044 -15.7897 -4.17691 0.00399267 0.00542326 -0.00243067
time 44
0 2.94402 17.2134 2.94845 0.000934124 0 -1.48352
1 6.02794 0 0 -0.131089 0.659655 0.726143
2 11.7344 0 0 -0.00140281 0 -1.33204
3 8.81138 -0.000450134 -0.000112295 -0.929312 0 0.000157886
4 5.77839 0.000286102 0 -0.622639 0 0.000102277
5 2.23163 -0.000329971 -0.000364065 -0.306673 0 0
6 11.4725 0 0 -1.01302 -0.0309007 0.563922
7 0.615219 -0.993092 -0.8107 -3.12143 0.455449 -0.448969
8 2.24752 0 0 0.0577539 -0.0801897 -0.422607
9 1.11936 0 0 0.0108781 -0.0115311 -1.06412
10 3.71348 -0.102641 0.102191 1.6576 1.11328 0.527799
11 1.72615 0 0 0.00181518 -0.00104461 -1.16018
12 1.21114 0 0 -0.0081889 0.0156202 -1.08034
13 3.59919 -1.06012 0.0708876 1.55964 0.174096 0.0209862
14 1.66069 0 0 0.00468685 0.0777242 -0.162634
15 1.167 0 0 -0.021016 0.0375851 -0.131225
16 2.18852 0.501039 0.0576587 1.57003 0.123978 0.225804
17 1.29609 0 0 -0.15314 -0.0413944 -1.3026
18 1.62202 0.000713348 -0.000471115 -0.00529198 0.00572113 -1.17914
19 1.22241 0 0 -0.0403371 0.0245783 -0.809734
20 1.76707 1.27612 0.0366406 1.40923 0.411606 0.261114
21 1.55588 0 0 -0.0325419 -0.0777185 -1.17583
22 1.24274 0 0 -0.000574065 -0.000173392 -0.972817
23 0.784523 0 0 0.00619198 -0.00457888 -0.750474
24 -8.90025 1.31301 -8.99925 -0.000932693 0 -2.00714
25 6.02794 0 0 1.30387 0.307423 0.99167
26 11.7344 0 0 0.00140267 0 0.884982
27 8.81167 0 0 1.37849 0 0
28 5.77884 0 0 0.92359 0 0
29 2.23249 0 0 0.454903 0 0
30 11.4725 0 0 1.39781 -0.101791 -0.449965
31 0.615812 0.994372 -0.809165 -2.81911 0.232574 0.326312
32 2.24752 0 0 -0.0875898 0.00155142 -0.120515
33 1.11936 0 0 -0.00786963 0.187011 0.376202
34 3.71349 0.102638 0.10219 -1.34987 0.38328 -0.11853
35 1.72615 0 0 -0.0244627 -0.0146777 1.14222
36 1.21112 0 0 0.00527095 0.0168304 0.90098
37 3.5992 1.06012 0.0708876 -1.43861 -0.117756 -0.197609
38 1.66069 0 0 0.0200927 0.0752328 0.484173
39 1.16699 0 0 0.0297522 -0.00533515 1.38554
40 2.18853 -0.50104 0.0576591 -1.55499 0.13202 -0.112032
41 1.29609 0 0 0.231325 -0.101478 0.564381
42 1.62202 -0.000711441 -0.000471115 -0.0131873 -0.0182739 1.05818
43 1.2224 0 0 0.00203151 0.00899426 0.667781
44 1.76707 -1.27612 0.0366411 -1.49233 0.411556 -0.060196
45 1.55587 0 0 0.210842 -0.320475 0.751319
46 1.24273 0 0 0.000559815 0.000214512 0.313964
47 0.784531 0 0 -0.00389517 0.0014651 0.780885
48 0 0 0 0 0 0
49 3.46529 -7.37685 -5.13357 0.00348099 0.00481311 -0.001903
50 0 -3.88574 -0.867035 0 0 -1.5708
51 0 -2.3834 1.62041 0 1.39626 -1.5708
52 0 -9.60566 0.513889 0 0 -1.5708
53 -2.44017 -0.616137 1.06069 1.5708 0 0
54 -2.44109 0.616133 1.06069 1.5708 0 0
55 0 -6.39109 2.66389 0 1.39626 -1.5708
56 3.44973 -1.26262 -10.8745 0.00348108 0.00481311 -0.001903
57 3.4441 -1.25854 -12.0449 0.00348108 0.00481311 -0.001903
58 3.45995 -15.7909 -3.00723 0.00348108 0.00481311 -0.001903
59 3.45432 -15.7868 -4.17762 0.00348108 0.00481311 -0.001903
time 45
0 2.94402 17.2134 2.94845 0.000934124 0 -1.48352
1 6.02794 0 0 -0.130433 0.659736 0.726281
2 11.7344 0 0 -0.00140285 0 -1.33196
3 8.81138 -0.000449181 -0.000112057 -0.928706 0 0.0001575
4 5.77839 0.000286102 0 -0.622233 0 0.000102221
5 2.23163 -0.000329018 -0.000364304 -0.306473 0 0
6 11.4725 0 0 -1.01272 -0.0323383 0.56403
7 0.61522 -0.993091 -0.810701 -3.12143 0.455449 -0.448969
8 2.24752 0 0 0.0577541 -0.0801897 -0.422607
9 1.11936 0 0 0.0108781 -0.0115312 -1.06412
10 3.71348 -0.102641 0.102191 1.6576 1.11328 0.527799
11 1.72615 0 0 0.00181517 -0.0010447 -1.16018
12 1.21114 0 0 -0.00818885 0.01562 -1.08034
13 3.59919 -1.06012 0.0708876 1.55964 0.174096 0.0209861
14 1.66068 0 0 0.0046868 0.0777242 -0.162634
15 1.167 0 0 -0.0210159 0.0375851 -0.131226
16 2.18852 0.50104 0.0576591 1.57003 0.123978 0.225804
17 1.29609 0 0 -0.15314 -0.0413944 -1.3026
18 1.62202 0.000713348 -0.000471592 -0.00529194 0.00572116 -1.17914
19 1.22241 0 0 -0.0403372 0.0245784 -0.809734
20 1.76707 1.27612 0.0366406 1.40923 0.411606 0.261114
21 1.55588 0 0 -0.0325419 -0.0777186 -1.17583
22 1.24274 0 0 -0.000574076 -0.000173499 -0.972816
23 0.784524 0 0 0.00619191 -0.00457878 -0.750474
24 -8.90025 1.31301 -8.99925 -0.000932693 0 -2.00714
25 6.02794 0 0 1.30379 0.306947 0.992049
26 11.7344 0 0 0.00140277 0 0.883961
27 8.81167 0 0 1.37911 0 0
28 5.77884 0 0 0.924003 0 0
29 2.23249 0 0 0.455106 0 0
30 11.4725 0 0 1.39823 -0.101896 -0.448366
31 0.615812 0.994372 -0.809165 -2.81911 0.232574 0.326312
32 2.24752 0 0 -0.0875897 0.00155138 -0.120514
33 1.11936 0 0 -0.00786969 0.187011 0.376202
34 3.71348 0.102639 0.102191 -1.34987 0.38328 -0.11853
35 1.72615 0 0 -0.0244628 -0.0146779 1.14222
36 1.21112 0 0 0.00527083 0.0168304 0.90098
37 3.5992 1.06012 0.0708876 -1.43861 -0.117756 -0.197609
38 1.66069 0 0 0.0200926 0.0752328 0.484173
39 1.16699 0 0 0.0297522 -0.0053353 1.38554
40 2.18853 -0.50104 0.0576601 -1.55499 0.13202 -0.112032
41 1.29609 0 0 0.231325 -0.101478 0.564381
42 1.62202 -0.000713348 -0.000470161 -0.0131873 -0.018274 1.05818
43 1.2224 0 0 0.00203144 0.00899424 0.667781
44 1.76707 -1.27612 0.0366411 -1.49233 0.411556 -0.0601959
45 1.55587 0 0 0.210842 -0.320475 0.751319
46 1.24273 0 0 0.000559777 0.000214465 0.313964
47 0.784531 0 0 -0.003895 0.00146503 0.780885
48 0 0 0 0 0 0
49 3.46529 -7.37515 -5.14066 0.00279768 0.00391793 -0.00140291
50 0 -3.88574 -0.867035 0 0 -1.5708
51 0 -2.3834 1.62041 0 1.39626 -1.5708
52 0 -9.60566 0.513889 0 0 -1.5708
53 -2.44017 -0.616136 1.06069 1.5708 0 0
54 -2.44109 0.616133 1.06069 1.5708 0 0
55 0 -6.39109 2.66389 0 1.39626 -1.5708
56 3.45179 -1.26486 -10.8858 0.00279777 0.00391793 -0.00140291
57 3.44721 -1.26157 -12.0562 0.00279777 0.00391793 -0.00140291
58 3.46228 -15.7877 -3.00856 0.00279777 0.00391793 -0.00140291
59 3.4577 -15.7844 -4.17896 0.00279777 0.00391793 -0.00140291
time 46
0 2.94402 17.2134 2.94845 0.000934124 0 -1.48352
1 6.02794 0 0 -0.129771 0.659817 0.726356
2 11.7344 0 0 -0.00140273 0 -1.33174
3 8.81138 -0.000449181 -0.000112057 -0.927985 0 0.000157725
4 5.77839 0.000286102 0 -0.62175 0 0.000102133
5 2.23163 -0.000329971 -0.000364065 -0.306235 0 0
6 11.4725 0 0 -1.0123 -0.0338818 0.564015
7 0.61522 -0.993091 -0.8107 -3.12143 0.455449 -0.448969
8 2.24752 0 0 0.057754 -0.0801896 -0.422607
9 1.11936 0 0 0.0108782 -0.0115311 -1.06412
10 3.71348 -0.102641 0.102191 1.6576 1.11328 0.527799
11 1.72615 0 0 0.00181514 -0.00104466 -1.16018
12 1.21114 0 0 -0.00818875 0.01562 -1.08034
13 3.59919 -1.06012 0.070888 1.55964 0.174096 0.020986
14 1.66069 0 0 0.00468683 0.0777242 -0.162634
15 1.167 0 0 -0.0210159 0.037585 -0.131225
16 2.18852 0.501039 0.0576596 1.57003 0.123978 0.225804
17 1.29609 0 0 -0.15314 -0.0413945 -1.3026
18 1.62202 0.000715256 -0.000470161 -0.00529198 0.00572113 -1.17914
19 1.22241 0 0 -0.0403371 0.0245782 -0.809734
20 1.76707 1.27612 0.0366411 1.40923 0.411606 0.261114
21 1.55588 0 0 -0.0325417 -0.0777184 -1.17583
22 1.24274 0 0 -0.000574079 -0.000173366 -0.972816
23 0.784523 0 0 0.00619205 -0.00457873 -0.750474
24 -8.90025 1.31301 -8.99925 -0.000932693 0 -2.00714
25 6.02794 0 0 1.30373 0.306471 0.992403
26 11.7344 0 0 0.00140263 0 0.882908
27 8.81167 0 0 1.3798 0 0
28 5.77884 0 0 0.924463 0 0
29 2.23249 0 0 0.455333 0 0
30 11.4725 0 0 1.3987 -0.102065 -0.446598
31 0.615812 0.994372 -0.809166 -2.81911 0.232574 0.326312
32 2.24752 0 0 -0.0875897 0.00155133 -0.120515
33 1.11936 0 0 -0.00786959 0.187011 0.376202
34 3.71349 0.102639 0.10219 -1.34987 0.38328 -0.11853
35 1.72615 0 0 -0.024463 -0.0146779 1.14222
36 1.21112 0 0 0.00527089 0.0168304 0.90098
37 3.5992 1.06012 0.0708866 -1.43861 -0.117756 -0.197609
38 1.66069 0 0 0.0200926 0.0752329 0.484173
39 1.16699 0 0 0.0297523 -0.00533506 1.38554
40 2.18853 -0.50104 0.0576582 -1.55499 0.13202 -0.112032
41 1.29609 0 0 0.231325 -0.101478 0.564381
42 1.62202 -0.000713348 -0.000470161 -0.0131873 -0.018274 1.05818
43 1.2224 0 0 0.00203145 0.00899428 0.667781
44 1.76707 -1.27612 0.0366402 -1.49233 0.411556 -0.0601962
45 1.55588 0 0 0.210842 -0.320475 0.751319
46 1.24273 0 0 0.00055965 0.000214424 0.313964
47 0.784532 0 0 -0.00389495 0.00146517 0.780885
48 0 0 0 0 0 0
49 3.46529 -7.37401 -5.14879 0.00203392 0.00287582 -0.000949953
50 0 -3.88574 -0.867035 0 0 -1.5708
51 0 -2.3834 1.62041 0 1.39626 -1.5708
52 0 -9.60566 0.513889 0 0 -1.5708
53 -2.44017 -0.616137 1.06069 1.5708 0 0
54 -2.44109 0.616133 1.06069 1.5708 0 0
55 0 -6.39109 2.66389 0 1.39626 -1.5708
56 3.45499 -1.26812 -10.8986 0.00203401 0.00287582 -0.000949953
57 3.45163 -1.26573 -12.069 0.00203401 0.00287582 -0.000949953
58 3.46388 -15.7849 -3.01026 0.00203401 0.00287582 -0.000949953
59 3.46052 -15.7826 -4.18066 0.00203401 0.00287582 -0.000949953
time 47
0 2.94402 17.2134 2.94845 0.000934124 0 -1.48352
1 6.02794 0 0 -0.129158 0.659889 0.726386
2 11.7344 0 0 -0.00140286 0 -1.33146
3 8.81138 -0.000450134 -0.000112057 -0.927248 0 0.000157629
4 5.77839 0.000287056 0 -0.621256 0 0.000102325
5 2.23164 -0.000329018 -0.000364065 -0.305992 0 0
6 11.4725 0 0 -1.01184 -0.0353668 0.563924
7 0.61522 -0.993091 -0.8107 -3.12143 0.455449 -0.448969
8 2.24752 0 0 0.057754 -0.0801896 -0.422607
9 1.11936 0 0 0.010878 -0.0115311 -1.06412
10 3.71348 -0.10264 0.102191 1.6576 1.11328 0.527799
11 1.72615 0 0 0.00181533 -0.00104462 -1.16018
12 1.21114 0 0 -0.00818879 0.0156199 -1.08034
13 3.59919 -1.06012 0.070888 1.55964 0.174096 0.0209861
14 1.66068 0 0 0.00468684 0.0777242 -0.162634
15 1.167 0 0 -0.021016 0.0375851 -0.131225
16 2.18853 0.50104 0.0576587 1.57003 0.123978 0.225804
17 1.29609 0 0 -0.15314 -0.0413944 -1.3026
18 1.62202 0.000713348 -0.000470638 -0.00529195 0.00572119 -1.17914
19 1.22241 0 0 -0.0403372 0.0245782 -0.809734
20 1.76707 1.27612 0.0366406 1.40923 0.411606 0.261114
21 1.55588 0 0 -0.0325417 -0.0777185 -1.17583
22 1.24274 0 0 -0.000574037 -0.000173445 -0.972816
23 0.784524 0 0 0.00619193 -0.00457884 -0.750474
24 -8.90025 1.31301 -8.99925 -0.000932693 0 -2.00714
25 6.02794 0 0 1.30367 0.306034 0.992714
26 11.7344 0 0 0.00140256 0 0.88192
27 8.81167 0 0 1.38047 0 0
28 5.77884 0 0 0.924917 0 0
29 2.23249 0 0 0.455556 0 0
30 11.4725 0 0 1.39916 -0.102262 -0.444868
31 0.615812 0.994372 -0.809164 -2.81911 0.232574 0.326312
32 2.24752 0 0 -0.0875897 0.00155136 -0.120515
33 1.11936 0 0 -0.00786959 0.187011 0.376202
34 3.71349 0.10264 0.102192 -1.34987 0.38328 -0.11853
35 1.72615 0 0 -0.0244628 -0.0146777 1.14222
36 1.21112 0 0 0.00527083 0.0168302 0.90098
37 3.5992 1.06012 0.0708885 -1.43861 -0.117756 -0.197609
38 1.66069 0 0 0.0200925 0.075233 0.484173
39 1.16699 0 0 0.0297523 -0.00533515 1.38554
40 2.18853 -0.501039 0.0576591 -1.55499 0.13202 -0.112032
41 1.29609 0 0 0.231325 -0.101478 0.564381
42 1.62202 -0.000713348 -0.000470161 -0.0131875 -0.0182741 1.05818
43 1.22241 0 0 0.00203136 0.0089942 0.667781
44 1.76707 -1.27612 0.0366421 -1.49233 0.411556 -0.060196
45 1.55587 0 0 0.210842 -0.320475 0.751319
46 1.24273 0 0 0.00055983 0.000214419 0.313964
47 0.784531 0 0 -0.00389496 0.00146497 0.780885
48 0 0 0 0 0 0
49 3.46529 -7.37331 -5.15692 0.001281 0.00182487 -0.000563648
50 0 -3.88574 -0.867034 0 0 -1.5708
51 0 -2.3834 1.62041 0 1.39626 -1.5708
52 0 -9.60567 0.513889 0 0 -1.5708
53 -2.44017 -0.616136 1.06069 1.5708 0 0
54 -2.44109 0.616133 1.06069 1.5708 0 0
55 0 -6.39109 2.66389 0 1.39626 -1.5708
56 3.45866 -1.27176 -10.9113 0.00128109 0.00182487 -0.000563648
57 3.45653 -1.27026 -12.0817 0.00128109 0.00182487 -0.000563648
58 3.4649 -15.7826 -3.01205 0.00128109 0.00182487 -0.000563648
59 3.46277 -15.7811 -4.18246 0.00128109 0.00182487 -0.000563648
time 48
0 2.94402 17.2134 2.94845 0.000934124 0 -1.48352
1 6.02794 0 0 -0.128651 0.659948 0.726386
2 11.7344 0 0 -0.00140285 0 -1.33117
3 8.81138 -0.000449181 -0.000112295 -0.926597 0 0.000157722
4 5.77839 0.000286102 0 -0.62082 0 0.000102175
5 2.23163 -0.000329971 -0.000364065 -0.305777 0 0
6 11.4725 0 0 -1.0114 -0.0366298 0.563801
7 0.615219 -0.993091 -0.8107 -3.12143 0.455449 -0.448969
8 2.24752 0 0 0.0577539 -0.0801897 -0.422607
9 1.11936 0 0 0.0108782 -0.011531 -1.06412
10 3.71348 -0.102641 0.102191 1.6576 1.11328 0.527799
11 1.72615 0 0 0.00181521 -0.00104455 -1.16018
12 1.21114 0 0 -0.00818884 0.01562 -1.08034
13 3.59919 -1.06012 0.070888 1.55964 0.174096 0.0209862
14 1.66069 0 0 0.00468683 0.0777242 -0.162633
15 1.167 0 0 -0.021016 0.037585 -0.131225
16 2.18852 0.501039 0.0576591 1.57003 0.123978 0.225804
17 1.29609 0 0 -0.15314 -0.0413945 -1.3026
18 1.62202 0.000714302 -0.000471115 -0.00529202 0.00572107 -1.17914
19 1.22241 0 0 -0.0403371 0.0245782 -0.809734
20 1.76707 1.27612 0.0366411 1.40923 0.411606 0.261114
21 1.55588 0 0 -0.0325417 -0.0777184 -1.17583
22 1.24274 0 0 -0.000574012 -0.000173365 -0.972816
23 0.784523 0 0 0.00619201 -0.00457887 -0.750474
24 -8.90025 1.31301 -8.99925 -0.000932693 0 -2.00714
25 6.02794 0 0 1.30363 0.305674 0.99296
26 11.7344 0 0 0.00140282 0 0.881097
27 8.81167 0 0 1.38106 0 0
28 5.77884 0 0 0.925307 0 0
29 2.23249 0 0 0.455748 0 0
30 11.4725 0 0 1.39956 -0.102448 -0.44338
31 0.615812 0.994373 -0.809165 -2.81911 0.232574 0.326312
32 2.24752 0 0 -0.0875897 0.00155125 -0.120515
33 1.11936 0 0 -0.00786963 0.187011 0.376202
34 3.71349 0.10264 0.10219 -1.34987 0.38328 -0.11853
35 1.72615 0 0 -0.0244629 -0.0146778 1.14222
36 1.21112 0 0 0.00527083 0.0168304 0.90098
37 3.5992 1.06012 0.0708876 -1.43861 -0.117756 -0.197609
38 1.66069 0 0 0.0200925 0.0752328 0.484173
39 1.16699 0 0 0.0297522 -0.00533517 1.38554
40 2.18853 -0.50104 0.0576591 -1.55499 0.13202 -0.112032
41 1.29609 0 0 0.231325 -0.101478 0.564381
42 1.62202 -0.000713348 -0.000470161 -0.0131874 -0.018274 1.05818
43 1.22241 0 0 0.00203146 0.00899413 0.667781
44 1.76707 -1.27612 0.0366402 -1.49233 0.411556 -0.060196
45 1.55588 0 0 0.210842 -0.320475 0.751319
46 1.24273 0 0 0.00055986 0.000214414 0.313964
47 0.784531 0 0 -0.00389504 0.0014651 0.780885
48 0 0 0 0 0 0
49 3.46529 -7.37296 -5.16401 0.000630185 0.00090321 -0.000263532
50 0 -3.88574 -0.867034 0 0 -1.5708
51 0 -2.3834 1.62041 0 1.39626 -1.5708
52 0 -9.60566 0.51389 0 0 -1.5708
53 -2.44017 -0.616137 1.06069 1.5708 0 0
54 -2.44109 0.616133 1.06069 1.5708 0 0
55 0 -6.39109 2.66389 0 1.39626 -1.5708
56 3.46213 -1.27515 -10.9224 0.000630274 0.00090321 -0.000263532
57 3.46107 -1.27442 -12.0928 0.000630274 0.00090321 -0.000263532
58 3.46545 -15.7809 -3.01367 0.000630274 0.00090321 -0.000263532
59 3.4644 -15.7801 -4.18408 0.000630274 0.00090321 -0.000263532
time 49
0 2.94402 17.2134 2.94845 0.000934124 0 -1.48352
1 6.02794 0 0 -0.128306 0.659989 0.726375
2 11.7344 0 0 -0.00140287 0 -1.33095
3 8.81138 -0.000451088 -0.000112295 -0.926131 0 0.000157992
4 5.77839 0.000287056 0 -0.620508 0 0.000102266
5 2.23163 -0.000329018 -0.000363588 -0.305623 0 0
6 11.4725 0 0 -1.01108 -0.0375071 0.563693
7 0.61522 -0.993091 -0.8107 -3.12143 0.455449 -0.448969
8 2.24752 0 0 0.0577539 -0.0801896 -0.422607
9 1.11936 0 0 0.0108781 -0.0115309 -1.06412
10 3.71348 -0.102641 0.102191 1.6576 1.11328 0.527799
11 1.72615 0 0 0.00181517 -0.00104459 -1.16018
12 1.21114 0 0 -0.00818879 0.0156201 -1.08034
13 3.59919 -1.06012 0.0708885 1.55964 0.174096 0.020986
14 1.66069 0 0 0.00468679 0.0777242 -0.162634
15 1.167 0 0 -0.021016 0.037585 -0.131225
16 2.18852 0.50104 0.0576591 1.57003 0.123978 0.225804
17 1.29609 0 0 -0.15314 -0.0413945 -1.3026
18 1.62202 0.000715256 -0.000471115 -0.00529185 0.00572125 -1.17914
19 1.22241 0 0 -0.0403371 0.0245782 -0.809734
20 1.76707 1.27612 0.0366411 1.40923 0.411606 0.261114
21 1.55588 0 0 -0.0325417 -0.0777185 -1.17583
22 1.24274 0 0 -0.00057409 -0.000173473 -0.972817
23 0.784523 0 0 0.00619207 -0.00457878 -0.750474
24 -8.90025 1.31301 -8.99925 -0.000932693 0 -2.00714
25 6.02794 0 0 1.30361 0.305431 0.993122
26 11.7344 0 0 0.00140274 0 0.880532
27 8.81167 0 0 1.38147 0 0
28 5.77884 0 0 0.925583 0 0
29 2.23249 0 0 0.455884 0 0
30 11.4725 0 0 1.39984 -0.102589 -0.442338
31 0.615814 0.994372 -0.809164 -2.81911 0.232574 0.326312
32 2.24751 0 0 -0.0875897 0.00155139 -0.120515
33 1.11936 0 0 -0.00786963 0.187011 0.376202
34 3.71349 0.10264 0.102192 -1.34987 0.38328 -0.11853
35 1.72615 0 0 -0.0244628 -0.0146778 1.14222
36 1.21112 0 0 0.00527084 0.0168303 0.90098
37 3.5992 1.06012 0.0708885 -1.43861 -0.117756 -0.197609
38 1.66069 0 0 0.0200925 0.075233 0.484173
39 1.16699 0 0 0.0297522 -0.00533528 1.38554
40 2.18853 -0.50104 0.0576591 -1.55499 0.13202 -0.112032
41 1.29609 0 0 0.231325 -0.101478 0.564381
42 1.62202 -0.000713348 -0.000470161 -0.0131874 -0.0182741 1.05818
43 1.2224 0 0 0.00203143 0.0089944 0.667781
44 1.76707 -1.27612 0.0366421 -1.49233 0.411556 -0.0601961
45 1.55587 0 0 0.210842 -0.320475 0.751319
46 1.24273 0 0 0.000559778 0.000214472 0.313964
47 0.784531 0 0 -0.00389492 0.00146493 0.780885
48 0 0 0 0 0 0
49 3.46529 -7.37283 -5.16903 0.000172759 0.000248933 0
50 0 -3.88574 -0.867035 0 0 -1.5708
51 0 -2.3834 1.62041 0 1.39626 -1.5708
52 0 -9.60566 0.51389 0 0 -1.5708
53 -2.44017 -0.616137 1.06069 1.5708 0 0
54 -2.44109 0.616133 1.06069 1.5708 0 0
55 0 -6.39109 2.66389 0 1.39626 -1.5708
56 3.46471 -1.27766 -10.9302 0.000172848 0.000248933 0
57 3.46442 -1.27746 -12.1006 0.000172848 0.000248933 0
58 3.46568 -15.7798 -3.01484 0.000172848 0.000248933 0
59 3.46539 -15.7796 -4.18525 0.000172848 0.000248933 0
time 50
0 2.94402 17.2134 2.94845 0.000934124 0 -1.48352
1 6.02794 0 0 -0.128178 0.660003 0.726367
2 11.7344 0 0 -0.00140287 0 -1.33086
3 8.81138 -0.000449181 -0.000112534 -0.925954 0 0.000158002
4 5.77839 0.000287056 0 -0.620389 0 0.000102222
5 2.23163 -0.000329018 -0.000363827 -0.305565 0 0
6 11.4725 0 0 -1.01096 -0.0378361 0.563646
7 0.61522 -0.993092 -0.8107 -3.12143 0.455449 -0.448969
8 2.24752 0 0 0.0577538 -0.0801897 -0.422607
9 1.11936 0 0 0.010878 -0.0115311 -1.06412
10 3.71348 -0.102642 0.102191 1.6576 1.11328 0.527799
11 1.72615 0 0 0.00181509 -0.00104459 -1.16018
12 1.21114 0 0 -0.00818871 0.01562 -1.08034
13 3.59919 -1.06012 0.070888 1.55964 0.174096 0.0209861
14 1.66069 0 0 0.00468686 0.0777242 -0.162634
15 1.167 0 0 -0.0210158 0.037585 -0.131225
16 2.18852 0.501039 0.0576591 1.57003 0.123978 0.225804
17 1.29609 0 0 -0.15314 -0.0413945 -1.3026
18 1.62202 0.000714302 -0.000471592 -0.00529207 0.00572093 -1.17914
19 1.22241 0 0 -0.0403372 0.0245783 -0.809734
20 1.76707 1.27612 0.0366416 1.40923 0.411606 0.261114
21 1.55588 0 0 -0.0325419 -0.0777185 -1.17583
22 1.24274 0 0 -0.000574065 -0.000173392 -0.972816
23 0.784523 0 0 0.00619194 -0.00457877 -0.750474
24 -8.90025 1.31301 -8.99925 -0.000932693 0 -2.00714
25 6.02794 0 0 1.3036 0.305341 0.99318
26 11.7344 0 0 0.00140278 0 0.880323
27 8.81167 0 0 1.38162 0 0
28 5.77884 0 0 0.925686 0 0
29 2.23249 0 0 0.455935 0 0
30 11.4725 0 0 1.39995 -0.102643 -0.441945
31 0.615814 0.994371 -0.809166 -2.81911 0.232574 0.326312
32 2.24752 0 0 -0.0875897 0.00155138 -0.120514
33 1.11936 0 0 -0.00786969 0.187011 0.376201
34 3.71349 0.102638 0.102192 -1.34987 0.38328 -0.11853
35 1.72615 0 0 -0.0244627 -0.0146779 1.14222
36 1.21112 0 0 0.00527072 0.0168303 0.90098
37 3.5992 1.06012 0.0708885 -1.43861 -0.117756 -0.197609
38 1.66069 0 0 0.0200926 0.0752328 0.484173
39 1.16699 0 0 0.0297523 -0.00533517 1.38554
40 2.18853 -0.50104 0.0576591 -1.55499 0.13202 -0.112032
41 1.29609 0 0 0.231325 -0.101478 0.564381
42 1.62202 -0.000713348 -0.000471115 -0.0131874 -0.018274 1.05818
43 1.22241 0 0 0.00203124 0.0089944 0.667781
44 1.76707 -1.27612 0.0366402 -1.49233 0.411556 -0.0601961
45 1.55588 0 0 0.210842 -0.320475 0.751319
46 1.24273 0 0 0.000559773 0.000214435 0.313964
47 0.784531 0 0 -0.00389496 0.00146512 0.780885
48 0 0 0 0 0 0
49 3.46529 -7.37281 -5.17093 0 0 0
50 0 -3.88574 -0.867035 0 0 -1.5708
51 0 -2.3834 1.62041 0 1.39626 -1.5708
52 0 -9.60567 0.513889 0 0 -1.5708
53 -2.44017 -0.616137 1.06069 1.5708 0 0
54 -2.44109 0.616132 1.06069 1.5708 0 0
55 0 -6.39109 2.66389 0 1.39626 -1.5708
56 3.46572 -1.27864 -10.9332 0 0 0
57 3.46572 -1.27864 -12.1036 0 0 0
58 3.46572 -15.7794 -3.01529 0 0 0
59 3.46573 -15.7794 -4.1857 0 0 0
end
