//Sequence File generated by the Wall Worm SMD Exporter PRO 1.99
//www.wallworm.com
version 1
nodes
0 "b_l_clav" -1
1 "b_l_upperarm" 0
2 "b_l_forearm" 1
3 "b_l_twist3" 2
4 "b_l_twist2" 2
5 "b_l_twist1" 2
6 "b_l_hand" 2
7 "b_l_thumb001" 6
8 "b_l_thumb002" 7
9 "b_l_thumb003" 8
10 "b_l_middle001" 6
11 "b_l_middle002" 10
12 "b_l_middle003" 11
13 "b_l_index001" 6
14 "b_l_index002" 13
15 "b_l_index003" 14
16 "b_l_hand_ringsqueezer" 6
17 "b_l_ring001" 16
18 "b_l_ring002" 17
19 "b_l_ring003" 18
20 "b_l_hand_pinkysqueezer" 6
21 "b_l_pinky001" 20
22 "b_l_pinky002" 21
23 "b_l_pinky003" 22
24 "b_r_clav" -1
25 "b_r_upperarm" 24
26 "b_r_forearm" 25
27 "b_r_twist3" 26
28 "b_r_twist2" 26
29 "b_r_twist1" 26
30 "b_r_hand" 26
31 "b_r_thumb001" 30
32 "b_r_thumb002" 31
33 "b_r_thumb003" 32
34 "b_r_middle001" 30
35 "b_r_middle002" 34
36 "b_r_middle003" 35
37 "b_r_index001" 30
38 "b_r_index002" 37
39 "b_r_index003" 38
40 "b_r_hand_ringsqueezer" 30
41 "b_r_ring001" 40
42 "b_r_ring002" 41
43 "b_r_ring003" 42
44 "b_r_hand_pinkysqueezer" 30
45 "b_r_pinky001" 44
46 "b_r_pinky002" 45
47 "b_r_pinky003" 46
48 "b_zero" -1
49 "d_phone" -1
50 "d_menu" 49
51 "d_meme" 49
52 "d_lightup" 49
53 "d_call" 49
54 "d_backgroundstuff" 49
55 "d_7" 49
56 "d_2" 49
57 "d_0b" 49
58 "d_0a" 49
end
skeleton
time 0
0 1.938 -2.84623 -11.5177 0 0 -0.338214
1 6.02795 0 0 -0.719383 0.197982 -0.316423
2 11.7344 0 0 -0.00140281 0 -1.59082
3 8.81138 -0.000450134 -0.000112057 -1.41782 0 0.000157998
4 5.77839 0.000286102 0 -0.949941 0 0.000100974
5 2.23163 -0.000329971 -0.000363827 -0.467881 0 0
6 11.4725 0 0 -1.41512 0.350938 0.356576
7 0.615219 -0.993091 -0.810699 2.61026 0.452332 -0.787569
8 2.24752 0 0 0.136888 -0.110104 0.213811
9 1.11936 0 0 -0.0212102 0.0836398 -0.471476
10 3.71348 -0.102641 0.10219 1.55584 0.763632 0.0690664
11 1.72615 0 0 0.00741433 -0.00946437 -0.776187
12 1.21114 0 0 -0.000460039 0.0176302 -0.623545
13 3.59919 -1.06012 0.0708885 1.55742 0.583032 -0.0701078
14 1.66069 0 0 -0.0175587 0.0481344 -0.572574
15 1.167 0 0 0.000419737 -0.00703708 -0.659767
16 2.18852 0.501039 0.0576591 1.57004 0.0300834 0.225876
17 1.29609 0 0 0.0209817 -0.041874 -0.653439
18 1.62202 0.000713348 -0.000470877 0.0148739 -0.0304652 -0.808982
19 1.22241 0 0 0.0155149 0.0023855 -0.758389
20 1.76707 1.27612 0.0366421 1.57004 0.0188432 0.261428
21 1.55588 0 0 -0.0272201 0.0179406 -0.693615
22 1.24274 0 0 -0.000599467 0 -0.652744
23 0.784522 0 0 0.00767526 -0.00183526 -0.500732
24 -1.93761 -2.84623 -11.5177 -0.000932534 0 3.14159
25 6.02794 0 0 0.83502 0.395693 1.66542
26 11.7344 0 0 0.00140269 0 1.46679
27 8.81167 0 0 -0.485994 0 0
28 5.77884 0 0 -0.325616 0 0
29 2.23249 0 0 -0.160378 0 0
30 11.4725 0 0 -0.435813 -0.243272 -0.266713
31 0.615813 0.99437 -0.809165 -2.85201 0.401541 0.43994
32 2.24752 0 0 -0.0870316 0.0286895 0.164945
33 1.11936 0 0 -0.0163923 0.195515 0.335226
34 3.71349 0.102637 0.102192 -1.55929 0.352258 -0.0754376
35 1.72615 0 0 -0.0090215 -0.0270639 0.433549
36 1.21112 0 0 -0.00354954 0.0172754 0.394804
37 3.5992 1.06011 0.0708885 -1.55922 0.268145 0.0658116
38 1.66069 0 0 0.0025613 0.0732788 0.257872
39 1.16699 0 0 0.0229141 0.0311174 0.226051
40 2.18853 -0.50104 0.0576591 -1.57004 -0.0521616 -0.225938
41 1.29609 0 0 -0.0116306 -0.0453676 0.43981
42 1.62202 -0.000713348 -0.000471115 0.00160744 -0.0400605 0.393013
43 1.2224 0 0 -0.0156264 -0.0114508 0.393001
44 1.76707 -1.27612 0.0366421 -1.57004 -0.0293955 -0.261465
45 1.55588 0 0 0.0238681 0.022207 0.526994
46 1.24273 0 0 0.000593483 0 0.539287
47 0.784532 0 0 -0.0119649 0.0110774 0.459279
48 0 0 0 0 0 0
49 10.12 -22.2534 -3.80518 2.96209 -0.0294396 -2.40653
50 -3.3008 2.07667 -0.0219364 -1.61332 0 0
51 0.00576639 1.98489 -0.0178735 -1.61332 0 0
52 0.00575733 2.07248 -0.0285532 -1.61332 0 0
53 -3.46175 1.98076 -0.0216691 -1.61332 0 0
54 -3.15015 2.07651 -0.0257416 -1.61332 0 0
55 -1.68436 1.98075 -0.0216706 -1.61332 0 0
56 -1.09015 1.98075 -0.0216689 -1.61332 0 0
57 -1.58629 1.98075 -0.021668 -1.61332 0 0
58 -1.31274 1.98074 -0.0216737 -1.61332 0 0
time 1
0 1.938 -2.84623 -11.5177 0 0 -0.338214
1 6.02795 0 0 -0.719383 0.197982 -0.316423
2 11.7344 0 0 -0.00140281 0 -1.59082
3 8.81138 -0.000450134 -0.000112057 -1.41782 0 0.000157998
4 5.77839 0.000286102 0 -0.949941 0 0.000100974
5 2.23163 -0.000329971 -0.000363827 -0.467881 0 0
6 11.4725 0 0 -1.41512 0.350938 0.356576
7 0.615219 -0.993091 -0.810699 2.61026 0.452332 -0.787569
8 2.24752 0 0 0.136888 -0.110104 0.213811
9 1.11936 0 0 -0.0212102 0.0836398 -0.471476
10 3.71348 -0.102641 0.10219 1.55584 0.763632 0.0690664
11 1.72615 0 0 0.00741433 -0.00946437 -0.776187
12 1.21114 0 0 -0.000460039 0.0176302 -0.623545
13 3.59919 -1.06012 0.0708885 1.55742 0.583032 -0.0701078
14 1.66069 0 0 -0.0175587 0.0481344 -0.572574
15 1.167 0 0 0.000419737 -0.00703708 -0.659767
16 2.18852 0.501039 0.0576591 1.57004 0.0300834 0.225876
17 1.29609 0 0 0.0209817 -0.041874 -0.653439
18 1.62202 0.000713348 -0.000470877 0.0148739 -0.0304652 -0.808982
19 1.22241 0 0 0.0155149 0.0023855 -0.758389
20 1.76707 1.27612 0.0366421 1.57004 0.0188432 0.261428
21 1.55588 0 0 -0.0272201 0.0179406 -0.693615
22 1.24274 0 0 -0.000599467 0 -0.652744
23 0.784522 0 0 0.00767526 -0.00183526 -0.500732
24 -1.93761 -2.84623 -11.5177 -0.000932534 0 3.14159
25 6.02794 0 0 0.83502 0.395693 1.66542
26 11.7344 0 0 0.00140269 0 1.46679
27 8.81167 0 0 -0.485994 0 0
28 5.77884 0 0 -0.325616 0 0
29 2.23249 0 0 -0.160378 0 0
30 11.4725 0 0 -0.435813 -0.243272 -0.266713
31 0.615813 0.99437 -0.809165 -2.85201 0.401541 0.43994
32 2.24752 0 0 -0.0870316 0.0286895 0.164945
33 1.11936 0 0 -0.0163923 0.195515 0.335226
34 3.71349 0.102637 0.102192 -1.55929 0.352258 -0.0754376
35 1.72615 0 0 -0.0090215 -0.0270639 0.433549
36 1.21112 0 0 -0.00354954 0.0172754 0.394804
37 3.5992 1.06011 0.0708885 -1.55922 0.268145 0.0658116
38 1.66069 0 0 0.0025613 0.0732788 0.257872
39 1.16699 0 0 0.0229141 0.0311174 0.226051
40 2.18853 -0.50104 0.0576591 -1.57004 -0.0521616 -0.225938
41 1.29609 0 0 -0.0116306 -0.0453676 0.43981
42 1.62202 -0.000713348 -0.000471115 0.00160744 -0.0400605 0.393013
43 1.2224 0 0 -0.0156264 -0.0114508 0.393001
44 1.76707 -1.27612 0.0366421 -1.57004 -0.0293955 -0.261465
45 1.55588 0 0 0.0238681 0.022207 0.526994
46 1.24273 0 0 0.000593483 0 0.539287
47 0.784532 0 0 -0.0119649 0.0110774 0.459279
48 0 0 0 0 0 0
49 10.12 -22.2534 -3.80518 2.96209 -0.0294396 -2.40653
50 -3.3008 2.07667 -0.0219364 -1.61332 0 0
51 0.00576639 1.98489 -0.0178735 -1.61332 0 0
52 0.00575733 2.07248 -0.0285532 -1.61332 0 0
53 -3.46175 1.98076 -0.0216691 -1.61332 0 0
54 -3.15015 2.07651 -0.0257416 -1.61332 0 0
55 -1.68436 1.98075 -0.0216706 -1.61332 0 0
56 -1.09015 1.98075 -0.0216689 -1.61332 0 0
57 -1.58629 1.98075 -0.021668 -1.61332 0 0
58 -1.31274 1.98074 -0.0216737 -1.61332 0 0
time 2
0 1.938 -2.84623 -11.5177 0 0 -0.338214
1 6.02795 0 0 -0.719383 0.197982 -0.316423
2 11.7344 0 0 -0.00140281 0 -1.59082
3 8.81138 -0.000450134 -0.000112057 -1.41782 0 0.000157998
4 5.77839 0.000286102 0 -0.949941 0 0.000100974
5 2.23163 -0.000329971 -0.000363827 -0.467881 0 0
6 11.4725 0 0 -1.41512 0.350938 0.356576
7 0.615219 -0.993091 -0.810699 2.61026 0.452332 -0.787569
8 2.24752 0 0 0.136888 -0.110104 0.213811
9 1.11936 0 0 -0.0212102 0.0836398 -0.471476
10 3.71348 -0.102641 0.10219 1.55584 0.763632 0.0690664
11 1.72615 0 0 0.00741433 -0.00946437 -0.776187
12 1.21114 0 0 -0.000460039 0.0176302 -0.623545
13 3.59919 -1.06012 0.0708885 1.55742 0.583032 -0.0701078
14 1.66069 0 0 -0.0175587 0.0481344 -0.572574
15 1.167 0 0 0.000419737 -0.00703708 -0.659767
16 2.18852 0.501039 0.0576591 1.57004 0.0300834 0.225876
17 1.29609 0 0 0.0209817 -0.041874 -0.653439
18 1.62202 0.000713348 -0.000470877 0.0148739 -0.0304652 -0.808982
19 1.22241 0 0 0.0155149 0.0023855 -0.758389
20 1.76707 1.27612 0.0366421 1.57004 0.0188432 0.261428
21 1.55588 0 0 -0.0272201 0.0179406 -0.693615
22 1.24274 0 0 -0.000599467 0 -0.652744
23 0.784522 0 0 0.00767526 -0.00183526 -0.500732
24 -1.93761 -2.84623 -11.5177 -0.000932534 0 3.14159
25 6.02794 0 0 0.83502 0.395693 1.66542
26 11.7344 0 0 0.00140269 0 1.46679
27 8.81167 0 0 -0.485994 0 0
28 5.77884 0 0 -0.325616 0 0
29 2.23249 0 0 -0.160378 0 0
30 11.4725 0 0 -0.435813 -0.243272 -0.266713
31 0.615813 0.99437 -0.809165 -2.85201 0.401541 0.43994
32 2.24752 0 0 -0.0870316 0.0286895 0.164945
33 1.11936 0 0 -0.0163923 0.195515 0.335226
34 3.71349 0.102637 0.102192 -1.55929 0.352258 -0.0754376
35 1.72615 0 0 -0.0090215 -0.0270639 0.433549
36 1.21112 0 0 -0.00354954 0.0172754 0.394804
37 3.5992 1.06011 0.0708885 -1.55922 0.268145 0.0658116
38 1.66069 0 0 0.0025613 0.0732788 0.257872
39 1.16699 0 0 0.0229141 0.0311174 0.226051
40 2.18853 -0.50104 0.0576591 -1.57004 -0.0521616 -0.225938
41 1.29609 0 0 -0.0116306 -0.0453676 0.43981
42 1.62202 -0.000713348 -0.000471115 0.00160744 -0.0400605 0.393013
43 1.2224 0 0 -0.0156264 -0.0114508 0.393001
44 1.76707 -1.27612 0.0366421 -1.57004 -0.0293955 -0.261465
45 1.55588 0 0 0.0238681 0.022207 0.526994
46 1.24273 0 0 0.000593483 0 0.539287
47 0.784532 0 0 -0.0119649 0.0110774 0.459279
48 0 0 0 0 0 0
49 10.12 -22.2534 -3.80518 2.96209 -0.0294396 -2.40653
50 -3.3008 2.07667 -0.0219364 -1.61332 0 0
51 0.00576639 1.98489 -0.0178735 -1.61332 0 0
52 0.00575733 2.07248 -0.0285532 -1.61332 0 0
53 -3.46175 1.98076 -0.0216691 -1.61332 0 0
54 -3.15015 2.07651 -0.0257416 -1.61332 0 0
55 -1.68436 1.98075 -0.0216706 -1.61332 0 0
56 -1.09015 1.98075 -0.0216689 -1.61332 0 0
57 -1.58629 1.98075 -0.021668 -1.61332 0 0
58 -1.31274 1.98074 -0.0216737 -1.61332 0 0
time 3
0 1.938 -2.84623 -11.5177 0 0 -0.338214
1 6.02795 0 0 -0.719383 0.197982 -0.316423
2 11.7344 0 0 -0.00140281 0 -1.59082
3 8.81138 -0.000450134 -0.000112057 -1.41782 0 0.000157998
4 5.77839 0.000286102 0 -0.949941 0 0.000100974
5 2.23163 -0.000329971 -0.000363827 -0.467881 0 0
6 11.4725 0 0 -1.41512 0.350938 0.356576
7 0.615219 -0.993091 -0.810699 2.61026 0.452332 -0.787569
8 2.24752 0 0 0.136888 -0.110104 0.213811
9 1.11936 0 0 -0.0212102 0.0836398 -0.471476
10 3.71348 -0.102641 0.10219 1.55584 0.763632 0.0690664
11 1.72615 0 0 0.00741433 -0.00946437 -0.776187
12 1.21114 0 0 -0.000460039 0.0176302 -0.623545
13 3.59919 -1.06012 0.0708885 1.55742 0.583032 -0.0701078
14 1.66069 0 0 -0.0175587 0.0481344 -0.572574
15 1.167 0 0 0.000419737 -0.00703708 -0.659767
16 2.18852 0.501039 0.0576591 1.57004 0.0300834 0.225876
17 1.29609 0 0 0.0209817 -0.041874 -0.653439
18 1.62202 0.000713348 -0.000470877 0.0148739 -0.0304652 -0.808982
19 1.22241 0 0 0.0155149 0.0023855 -0.758389
20 1.76707 1.27612 0.0366421 1.57004 0.0188432 0.261428
21 1.55588 0 0 -0.0272201 0.0179406 -0.693615
22 1.24274 0 0 -0.000599467 0 -0.652744
23 0.784522 0 0 0.00767526 -0.00183526 -0.500732
24 -1.93761 -2.84623 -11.5177 -0.000932534 0 3.14159
25 6.02794 0 0 0.83502 0.395693 1.66542
26 11.7344 0 0 0.00140269 0 1.46679
27 8.81167 0 0 -0.485994 0 0
28 5.77884 0 0 -0.325616 0 0
29 2.23249 0 0 -0.160378 0 0
30 11.4725 0 0 -0.435813 -0.243272 -0.266713
31 0.615813 0.99437 -0.809165 -2.85201 0.401541 0.43994
32 2.24752 0 0 -0.0870316 0.0286895 0.164945
33 1.11936 0 0 -0.0163923 0.195515 0.335226
34 3.71349 0.102637 0.102192 -1.55929 0.352258 -0.0754376
35 1.72615 0 0 -0.0090215 -0.0270639 0.433549
36 1.21112 0 0 -0.00354954 0.0172754 0.394804
37 3.5992 1.06011 0.0708885 -1.55922 0.268145 0.0658116
38 1.66069 0 0 0.0025613 0.0732788 0.257872
39 1.16699 0 0 0.0229141 0.0311174 0.226051
40 2.18853 -0.50104 0.0576591 -1.57004 -0.0521616 -0.225938
41 1.29609 0 0 -0.0116306 -0.0453676 0.43981
42 1.62202 -0.000713348 -0.000471115 0.00160744 -0.0400605 0.393013
43 1.2224 0 0 -0.0156264 -0.0114508 0.393001
44 1.76707 -1.27612 0.0366421 -1.57004 -0.0293955 -0.261465
45 1.55588 0 0 0.0238681 0.022207 0.526994
46 1.24273 0 0 0.000593483 0 0.539287
47 0.784532 0 0 -0.0119649 0.0110774 0.459279
48 0 0 0 0 0 0
49 10.12 -22.2534 -3.80518 2.96209 -0.0294396 -2.40653
50 -3.3008 2.07667 -0.0219364 -1.61332 0 0
51 0.00576639 1.98489 -0.0178735 -1.61332 0 0
52 0.00575733 2.07248 -0.0285532 -1.61332 0 0
53 -3.46175 1.98076 -0.0216691 -1.61332 0 0
54 -3.15015 2.07651 -0.0257416 -1.61332 0 0
55 -1.68436 1.98075 -0.0216706 -1.61332 0 0
56 -1.09015 1.98075 -0.0216689 -1.61332 0 0
57 -1.58629 1.98075 -0.021668 -1.61332 0 0
58 -1.31274 1.98074 -0.0216737 -1.61332 0 0
time 4
0 1.938 -2.84623 -11.5177 0 0 -0.338214
1 6.02795 0 0 -0.719383 0.197982 -0.316423
2 11.7344 0 0 -0.00140281 0 -1.59082
3 8.81138 -0.000450134 -0.000112057 -1.41782 0 0.000157998
4 5.77839 0.000286102 0 -0.949941 0 0.000100974
5 2.23163 -0.000329971 -0.000363827 -0.467881 0 0
6 11.4725 0 0 -1.41512 0.350938 0.356576
7 0.615219 -0.993091 -0.810699 2.61026 0.452332 -0.787569
8 2.24752 0 0 0.136888 -0.110104 0.213811
9 1.11936 0 0 -0.0212102 0.0836398 -0.471476
10 3.71348 -0.102641 0.10219 1.55584 0.763632 0.0690664
11 1.72615 0 0 0.00741433 -0.00946437 -0.776187
12 1.21114 0 0 -0.000460039 0.0176302 -0.623545
13 3.59919 -1.06012 0.0708885 1.55742 0.583032 -0.0701078
14 1.66069 0 0 -0.0175587 0.0481344 -0.572574
15 1.167 0 0 0.000419737 -0.00703708 -0.659767
16 2.18852 0.501039 0.0576591 1.57004 0.0300834 0.225876
17 1.29609 0 0 0.0209817 -0.041874 -0.653439
18 1.62202 0.000713348 -0.000470877 0.0148739 -0.0304652 -0.808982
19 1.22241 0 0 0.0155149 0.0023855 -0.758389
20 1.76707 1.27612 0.0366421 1.57004 0.0188432 0.261428
21 1.55588 0 0 -0.0272201 0.0179406 -0.693615
22 1.24274 0 0 -0.000599467 0 -0.652744
23 0.784522 0 0 0.00767526 -0.00183526 -0.500732
24 -1.93761 -2.84623 -11.5177 -0.000932534 0 3.14159
25 6.02794 0 0 0.83502 0.395693 1.66542
26 11.7344 0 0 0.00140269 0 1.46679
27 8.81167 0 0 -0.485994 0 0
28 5.77884 0 0 -0.325616 0 0
29 2.23249 0 0 -0.160378 0 0
30 11.4725 0 0 -0.435813 -0.243272 -0.266713
31 0.615813 0.99437 -0.809165 -2.85201 0.401541 0.43994
32 2.24752 0 0 -0.0870316 0.0286895 0.164945
33 1.11936 0 0 -0.0163923 0.195515 0.335226
34 3.71349 0.102637 0.102192 -1.55929 0.352258 -0.0754376
35 1.72615 0 0 -0.0090215 -0.0270639 0.433549
36 1.21112 0 0 -0.00354954 0.0172754 0.394804
37 3.5992 1.06011 0.0708885 -1.55922 0.268145 0.0658116
38 1.66069 0 0 0.0025613 0.0732788 0.257872
39 1.16699 0 0 0.0229141 0.0311174 0.226051
40 2.18853 -0.50104 0.0576591 -1.57004 -0.0521616 -0.225938
41 1.29609 0 0 -0.0116306 -0.0453676 0.43981
42 1.62202 -0.000713348 -0.000471115 0.00160744 -0.0400605 0.393013
43 1.2224 0 0 -0.0156264 -0.0114508 0.393001
44 1.76707 -1.27612 0.0366421 -1.57004 -0.0293955 -0.261465
45 1.55588 0 0 0.0238681 0.022207 0.526994
46 1.24273 0 0 0.000593483 0 0.539287
47 0.784532 0 0 -0.0119649 0.0110774 0.459279
48 0 0 0 0 0 0
49 10.12 -22.2534 -3.80518 2.96209 -0.0294396 -2.40653
50 -3.3008 2.07667 -0.0219364 -1.61332 0 0
51 0.00576639 1.98489 -0.0178735 -1.61332 0 0
52 0.00575733 2.07248 -0.0285532 -1.61332 0 0
53 -3.46175 1.98076 -0.0216691 -1.61332 0 0
54 -3.15015 2.07651 -0.0257416 -1.61332 0 0
55 -1.68436 1.98075 -0.0216706 -1.61332 0 0
56 -1.09015 1.98075 -0.0216689 -1.61332 0 0
57 -1.58629 1.98075 -0.021668 -1.61332 0 0
58 -1.31274 1.98074 -0.0216737 -1.61332 0 0
time 5
0 1.938 -2.84623 -11.5177 0 0 -0.338214
1 6.02795 0 0 -0.719383 0.197982 -0.316423
2 11.7344 0 0 -0.00140281 0 -1.59082
3 8.81138 -0.000450134 -0.000112057 -1.41782 0 0.000157998
4 5.77839 0.000286102 0 -0.949941 0 0.000100974
5 2.23163 -0.000329971 -0.000363827 -0.467881 0 0
6 11.4725 0 0 -1.41512 0.350938 0.356576
7 0.615219 -0.993091 -0.810699 2.61026 0.452332 -0.787569
8 2.24752 0 0 0.136888 -0.110104 0.213811
9 1.11936 0 0 -0.0212102 0.0836398 -0.471476
10 3.71348 -0.102641 0.10219 1.55584 0.763632 0.0690664
11 1.72615 0 0 0.00741433 -0.00946437 -0.776187
12 1.21114 0 0 -0.000460039 0.0176302 -0.623545
13 3.59919 -1.06012 0.0708885 1.55742 0.583032 -0.0701078
14 1.66069 0 0 -0.0175587 0.0481344 -0.572574
15 1.167 0 0 0.000419737 -0.00703708 -0.659767
16 2.18852 0.501039 0.0576591 1.57004 0.0300834 0.225876
17 1.29609 0 0 0.0209817 -0.041874 -0.653439
18 1.62202 0.000713348 -0.000470877 0.0148739 -0.0304652 -0.808982
19 1.22241 0 0 0.0155149 0.0023855 -0.758389
20 1.76707 1.27612 0.0366421 1.57004 0.0188432 0.261428
21 1.55588 0 0 -0.0272201 0.0179406 -0.693615
22 1.24274 0 0 -0.000599467 0 -0.652744
23 0.784522 0 0 0.00767526 -0.00183526 -0.500732
24 -1.93761 -2.84623 -11.5177 -0.000932534 0 3.14159
25 6.02794 0 0 0.83502 0.395693 1.66542
26 11.7344 0 0 0.00140269 0 1.46679
27 8.81167 0 0 -0.485994 0 0
28 5.77884 0 0 -0.325616 0 0
29 2.23249 0 0 -0.160378 0 0
30 11.4725 0 0 -0.435813 -0.243272 -0.266713
31 0.615813 0.99437 -0.809165 -2.85201 0.401541 0.43994
32 2.24752 0 0 -0.0870316 0.0286895 0.164945
33 1.11936 0 0 -0.0163923 0.195515 0.335226
34 3.71349 0.102637 0.102192 -1.55929 0.352258 -0.0754376
35 1.72615 0 0 -0.0090215 -0.0270639 0.433549
36 1.21112 0 0 -0.00354954 0.0172754 0.394804
37 3.5992 1.06011 0.0708885 -1.55922 0.268145 0.0658116
38 1.66069 0 0 0.0025613 0.0732788 0.257872
39 1.16699 0 0 0.0229141 0.0311174 0.226051
40 2.18853 -0.50104 0.0576591 -1.57004 -0.0521616 -0.225938
41 1.29609 0 0 -0.0116306 -0.0453676 0.43981
42 1.62202 -0.000713348 -0.000471115 0.00160744 -0.0400605 0.393013
43 1.2224 0 0 -0.0156264 -0.0114508 0.393001
44 1.76707 -1.27612 0.0366421 -1.57004 -0.0293955 -0.261465
45 1.55588 0 0 0.0238681 0.022207 0.526994
46 1.24273 0 0 0.000593483 0 0.539287
47 0.784532 0 0 -0.0119649 0.0110774 0.459279
48 0 0 0 0 0 0
49 10.12 -22.2534 -3.80518 2.96209 -0.0294396 -2.40653
50 -3.3008 2.07667 -0.0219364 -1.61332 0 0
51 0.00576639 1.98489 -0.0178735 -1.61332 0 0
52 0.00575733 2.07248 -0.0285532 -1.61332 0 0
53 -3.46175 1.98076 -0.0216691 -1.61332 0 0
54 -3.15015 2.07651 -0.0257416 -1.61332 0 0
55 -1.68436 1.98075 -0.0216706 -1.61332 0 0
56 -1.09015 1.98075 -0.0216689 -1.61332 0 0
57 -1.58629 1.98075 -0.021668 -1.61332 0 0
58 -1.31274 1.98074 -0.0216737 -1.61332 0 0
time 6
0 1.938 -2.84623 -11.5177 0 0 -0.338214
1 6.02795 0 0 -0.719383 0.197982 -0.316423
2 11.7344 0 0 -0.00140281 0 -1.59082
3 8.81138 -0.000450134 -0.000112057 -1.41782 0 0.000157998
4 5.77839 0.000286102 0 -0.949941 0 0.000100974
5 2.23163 -0.000329971 -0.000363827 -0.467881 0 0
6 11.4725 0 0 -1.41512 0.350938 0.356576
7 0.615219 -0.993091 -0.810699 2.61026 0.452332 -0.787569
8 2.24752 0 0 0.136888 -0.110104 0.213811
9 1.11936 0 0 -0.0212102 0.0836398 -0.471476
10 3.71348 -0.102641 0.10219 1.55584 0.763632 0.0690664
11 1.72615 0 0 0.00741433 -0.00946437 -0.776187
12 1.21114 0 0 -0.000460039 0.0176302 -0.623545
13 3.59919 -1.06012 0.0708885 1.55742 0.583032 -0.0701078
14 1.66069 0 0 -0.0175587 0.0481344 -0.572574
15 1.167 0 0 0.000419737 -0.00703708 -0.659767
16 2.18852 0.501039 0.0576591 1.57004 0.0300834 0.225876
17 1.29609 0 0 0.0209817 -0.041874 -0.653439
18 1.62202 0.000713348 -0.000470877 0.0148739 -0.0304652 -0.808982
19 1.22241 0 0 0.0155149 0.0023855 -0.758389
20 1.76707 1.27612 0.0366421 1.57004 0.0188432 0.261428
21 1.55588 0 0 -0.0272201 0.0179406 -0.693615
22 1.24274 0 0 -0.000599467 0 -0.652744
23 0.784522 0 0 0.00767526 -0.00183526 -0.500732
24 -1.93761 -2.84623 -11.5177 -0.000932534 0 3.14159
25 6.02794 0 0 0.83502 0.395693 1.66542
26 11.7344 0 0 0.00140269 0 1.46679
27 8.81167 0 0 -0.485994 0 0
28 5.77884 0 0 -0.325616 0 0
29 2.23249 0 0 -0.160378 0 0
30 11.4725 0 0 -0.435813 -0.243272 -0.266713
31 0.615813 0.99437 -0.809165 -2.85201 0.401541 0.43994
32 2.24752 0 0 -0.0870316 0.0286895 0.164945
33 1.11936 0 0 -0.0163923 0.195515 0.335226
34 3.71349 0.102637 0.102192 -1.55929 0.352258 -0.0754376
35 1.72615 0 0 -0.0090215 -0.0270639 0.433549
36 1.21112 0 0 -0.00354954 0.0172754 0.394804
37 3.5992 1.06011 0.0708885 -1.55922 0.268145 0.0658116
38 1.66069 0 0 0.0025613 0.0732788 0.257872
39 1.16699 0 0 0.0229141 0.0311174 0.226051
40 2.18853 -0.50104 0.0576591 -1.57004 -0.0521616 -0.225938
41 1.29609 0 0 -0.0116306 -0.0453676 0.43981
42 1.62202 -0.000713348 -0.000471115 0.00160744 -0.0400605 0.393013
43 1.2224 0 0 -0.0156264 -0.0114508 0.393001
44 1.76707 -1.27612 0.0366421 -1.57004 -0.0293955 -0.261465
45 1.55588 0 0 0.0238681 0.022207 0.526994
46 1.24273 0 0 0.000593483 0 0.539287
47 0.784532 0 0 -0.0119649 0.0110774 0.459279
48 0 0 0 0 0 0
49 10.12 -22.2534 -3.80518 2.96209 -0.0294396 -2.40653
50 -3.3008 2.07667 -0.0219364 -1.61332 0 0
51 0.00576639 1.98489 -0.0178735 -1.61332 0 0
52 0.00575733 2.07248 -0.0285532 -1.61332 0 0
53 -3.46175 1.98076 -0.0216691 -1.61332 0 0
54 -3.15015 2.07651 -0.0257416 -1.61332 0 0
55 -1.68436 1.98075 -0.0216706 -1.61332 0 0
56 -1.09015 1.98075 -0.0216689 -1.61332 0 0
57 -1.58629 1.98075 -0.021668 -1.61332 0 0
58 -1.31274 1.98074 -0.0216737 -1.61332 0 0
time 7
0 1.938 -2.84623 -11.5177 0 0 -0.338214
1 6.02795 0 0 -0.719383 0.197982 -0.316423
2 11.7344 0 0 -0.00140281 0 -1.59082
3 8.81138 -0.000450134 -0.000112057 -1.41782 0 0.000157998
4 5.77839 0.000286102 0 -0.949941 0 0.000100974
5 2.23163 -0.000329971 -0.000363827 -0.467881 0 0
6 11.4725 0 0 -1.41512 0.350938 0.356576
7 0.615219 -0.993091 -0.810699 2.61026 0.452332 -0.787569
8 2.24752 0 0 0.136888 -0.110104 0.213811
9 1.11936 0 0 -0.0212102 0.0836398 -0.471476
10 3.71348 -0.102641 0.10219 1.55584 0.763632 0.0690664
11 1.72615 0 0 0.00741433 -0.00946437 -0.776187
12 1.21114 0 0 -0.000460039 0.0176302 -0.623545
13 3.59919 -1.06012 0.0708885 1.55742 0.583032 -0.0701078
14 1.66069 0 0 -0.0175587 0.0481344 -0.572574
15 1.167 0 0 0.000419737 -0.00703708 -0.659767
16 2.18852 0.501039 0.0576591 1.57004 0.0300834 0.225876
17 1.29609 0 0 0.0209817 -0.041874 -0.653439
18 1.62202 0.000713348 -0.000470877 0.0148739 -0.0304652 -0.808982
19 1.22241 0 0 0.0155149 0.0023855 -0.758389
20 1.76707 1.27612 0.0366421 1.57004 0.0188432 0.261428
21 1.55588 0 0 -0.0272201 0.0179406 -0.693615
22 1.24274 0 0 -0.000599467 0 -0.652744
23 0.784522 0 0 0.00767526 -0.00183526 -0.500732
24 -1.93761 -2.84623 -11.5177 -0.000932534 0 3.14159
25 6.02794 0 0 0.83502 0.395693 1.66542
26 11.7344 0 0 0.00140269 0 1.46679
27 8.81167 0 0 -0.485994 0 0
28 5.77884 0 0 -0.325616 0 0
29 2.23249 0 0 -0.160378 0 0
30 11.4725 0 0 -0.435813 -0.243272 -0.266713
31 0.615813 0.99437 -0.809165 -2.85201 0.401541 0.43994
32 2.24752 0 0 -0.0870316 0.0286895 0.164945
33 1.11936 0 0 -0.0163923 0.195515 0.335226
34 3.71349 0.102637 0.102192 -1.55929 0.352258 -0.0754376
35 1.72615 0 0 -0.0090215 -0.0270639 0.433549
36 1.21112 0 0 -0.00354954 0.0172754 0.394804
37 3.5992 1.06011 0.0708885 -1.55922 0.268145 0.0658116
38 1.66069 0 0 0.0025613 0.0732788 0.257872
39 1.16699 0 0 0.0229141 0.0311174 0.226051
40 2.18853 -0.50104 0.0576591 -1.57004 -0.0521616 -0.225938
41 1.29609 0 0 -0.0116306 -0.0453676 0.43981
42 1.62202 -0.000713348 -0.000471115 0.00160744 -0.0400605 0.393013
43 1.2224 0 0 -0.0156264 -0.0114508 0.393001
44 1.76707 -1.27612 0.0366421 -1.57004 -0.0293955 -0.261465
45 1.55588 0 0 0.0238681 0.022207 0.526994
46 1.24273 0 0 0.000593483 0 0.539287
47 0.784532 0 0 -0.0119649 0.0110774 0.459279
48 0 0 0 0 0 0
49 10.12 -22.2534 -3.80518 2.96209 -0.0294396 -2.40653
50 -3.3008 2.07667 -0.0219364 -1.61332 0 0
51 0.00576639 1.98489 -0.0178735 -1.61332 0 0
52 0.00575733 2.07248 -0.0285532 -1.61332 0 0
53 -3.46175 1.98076 -0.0216691 -1.61332 0 0
54 -3.15015 2.07651 -0.0257416 -1.61332 0 0
55 -1.68436 1.98075 -0.0216706 -1.61332 0 0
56 -1.09015 1.98075 -0.0216689 -1.61332 0 0
57 -1.58629 1.98075 -0.021668 -1.61332 0 0
58 -1.31274 1.98074 -0.0216737 -1.61332 0 0
time 8
0 1.938 -2.84623 -11.5177 0 0 -0.338214
1 6.02795 0 0 -0.719383 0.197982 -0.316423
2 11.7344 0 0 -0.00140281 0 -1.59082
3 8.81138 -0.000450134 -0.000112057 -1.41782 0 0.000157998
4 5.77839 0.000286102 0 -0.949941 0 0.000100974
5 2.23163 -0.000329971 -0.000363827 -0.467881 0 0
6 11.4725 0 0 -1.41512 0.350938 0.356576
7 0.615219 -0.993091 -0.810699 2.61026 0.452332 -0.787569
8 2.24752 0 0 0.136888 -0.110104 0.213811
9 1.11936 0 0 -0.0212102 0.0836398 -0.471476
10 3.71348 -0.102641 0.10219 1.55584 0.763632 0.0690664
11 1.72615 0 0 0.00741433 -0.00946437 -0.776187
12 1.21114 0 0 -0.000460039 0.0176302 -0.623545
13 3.59919 -1.06012 0.0708885 1.55742 0.583032 -0.0701078
14 1.66069 0 0 -0.0175587 0.0481344 -0.572574
15 1.167 0 0 0.000419737 -0.00703708 -0.659767
16 2.18852 0.501039 0.0576591 1.57004 0.0300834 0.225876
17 1.29609 0 0 0.0209817 -0.041874 -0.653439
18 1.62202 0.000713348 -0.000470877 0.0148739 -0.0304652 -0.808982
19 1.22241 0 0 0.0155149 0.0023855 -0.758389
20 1.76707 1.27612 0.0366421 1.57004 0.0188432 0.261428
21 1.55588 0 0 -0.0272201 0.0179406 -0.693615
22 1.24274 0 0 -0.000599467 0 -0.652744
23 0.784522 0 0 0.00767526 -0.00183526 -0.500732
24 -1.93761 -2.84623 -11.5177 -0.000932534 0 3.14159
25 6.02794 0 0 0.83502 0.395693 1.66542
26 11.7344 0 0 0.00140269 0 1.46679
27 8.81167 0 0 -0.485994 0 0
28 5.77884 0 0 -0.325616 0 0
29 2.23249 0 0 -0.160378 0 0
30 11.4725 0 0 -0.435813 -0.243272 -0.266713
31 0.615813 0.99437 -0.809165 -2.85201 0.401541 0.43994
32 2.24752 0 0 -0.0870316 0.0286895 0.164945
33 1.11936 0 0 -0.0163923 0.195515 0.335226
34 3.71349 0.102637 0.102192 -1.55929 0.352258 -0.0754376
35 1.72615 0 0 -0.0090215 -0.0270639 0.433549
36 1.21112 0 0 -0.00354954 0.0172754 0.394804
37 3.5992 1.06011 0.0708885 -1.55922 0.268145 0.0658116
38 1.66069 0 0 0.0025613 0.0732788 0.257872
39 1.16699 0 0 0.0229141 0.0311174 0.226051
40 2.18853 -0.50104 0.0576591 -1.57004 -0.0521616 -0.225938
41 1.29609 0 0 -0.0116306 -0.0453676 0.43981
42 1.62202 -0.000713348 -0.000471115 0.00160744 -0.0400605 0.393013
43 1.2224 0 0 -0.0156264 -0.0114508 0.393001
44 1.76707 -1.27612 0.0366421 -1.57004 -0.0293955 -0.261465
45 1.55588 0 0 0.0238681 0.022207 0.526994
46 1.24273 0 0 0.000593483 0 0.539287
47 0.784532 0 0 -0.0119649 0.0110774 0.459279
48 0 0 0 0 0 0
49 10.12 -22.2534 -3.80518 2.96209 -0.0294396 -2.40653
50 -3.3008 2.07667 -0.0219364 -1.61332 0 0
51 0.00576639 1.98489 -0.0178735 -1.61332 0 0
52 0.00575733 2.07248 -0.0285532 -1.61332 0 0
53 -3.46175 1.98076 -0.0216691 -1.61332 0 0
54 -3.15015 2.07651 -0.0257416 -1.61332 0 0
55 -1.68436 1.98075 -0.0216706 -1.61332 0 0
56 -1.09015 1.98075 -0.0216689 -1.61332 0 0
57 -1.58629 1.98075 -0.021668 -1.61332 0 0
58 -1.31274 1.98074 -0.0216737 -1.61332 0 0
time 9
0 1.938 -2.84623 -11.5177 0 0 -0.338214
1 6.02795 0 0 -0.719383 0.197982 -0.316423
2 11.7344 0 0 -0.00140281 0 -1.59082
3 8.81138 -0.000450134 -0.000112057 -1.41782 0 0.000157998
4 5.77839 0.000286102 0 -0.949941 0 0.000100974
5 2.23163 -0.000329971 -0.000363827 -0.467881 0 0
6 11.4725 0 0 -1.41512 0.350938 0.356576
7 0.615219 -0.993091 -0.810699 2.61026 0.452332 -0.787569
8 2.24752 0 0 0.136888 -0.110104 0.213811
9 1.11936 0 0 -0.0212102 0.0836398 -0.471476
10 3.71348 -0.102641 0.10219 1.55584 0.763632 0.0690664
11 1.72615 0 0 0.00741433 -0.00946437 -0.776187
12 1.21114 0 0 -0.000460039 0.0176302 -0.623545
13 3.59919 -1.06012 0.0708885 1.55742 0.583032 -0.0701078
14 1.66069 0 0 -0.0175587 0.0481344 -0.572574
15 1.167 0 0 0.000419737 -0.00703708 -0.659767
16 2.18852 0.501039 0.0576591 1.57004 0.0300834 0.225876
17 1.29609 0 0 0.0209817 -0.041874 -0.653439
18 1.62202 0.000713348 -0.000470877 0.0148739 -0.0304652 -0.808982
19 1.22241 0 0 0.0155149 0.0023855 -0.758389
20 1.76707 1.27612 0.0366421 1.57004 0.0188432 0.261428
21 1.55588 0 0 -0.0272201 0.0179406 -0.693615
22 1.24274 0 0 -0.000599467 0 -0.652744
23 0.784522 0 0 0.00767526 -0.00183526 -0.500732
24 -1.93761 -2.84623 -11.5177 -0.000932534 0 3.14159
25 6.02794 0 0 0.83502 0.395693 1.66542
26 11.7344 0 0 0.00140269 0 1.46679
27 8.81167 0 0 -0.485994 0 0
28 5.77884 0 0 -0.325616 0 0
29 2.23249 0 0 -0.160378 0 0
30 11.4725 0 0 -0.435813 -0.243272 -0.266713
31 0.615813 0.99437 -0.809165 -2.85201 0.401541 0.43994
32 2.24752 0 0 -0.0870316 0.0286895 0.164945
33 1.11936 0 0 -0.0163923 0.195515 0.335226
34 3.71349 0.102637 0.102192 -1.55929 0.352258 -0.0754376
35 1.72615 0 0 -0.0090215 -0.0270639 0.433549
36 1.21112 0 0 -0.00354954 0.0172754 0.394804
37 3.5992 1.06011 0.0708885 -1.55922 0.268145 0.0658116
38 1.66069 0 0 0.0025613 0.0732788 0.257872
39 1.16699 0 0 0.0229141 0.0311174 0.226051
40 2.18853 -0.50104 0.0576591 -1.57004 -0.0521616 -0.225938
41 1.29609 0 0 -0.0116306 -0.0453676 0.43981
42 1.62202 -0.000713348 -0.000471115 0.00160744 -0.0400605 0.393013
43 1.2224 0 0 -0.0156264 -0.0114508 0.393001
44 1.76707 -1.27612 0.0366421 -1.57004 -0.0293955 -0.261465
45 1.55588 0 0 0.0238681 0.022207 0.526994
46 1.24273 0 0 0.000593483 0 0.539287
47 0.784532 0 0 -0.0119649 0.0110774 0.459279
48 0 0 0 0 0 0
49 10.12 -22.2534 -3.80518 2.96209 -0.0294396 -2.40653
50 -3.3008 2.07667 -0.0219364 -1.61332 0 0
51 0.00576639 1.98489 -0.0178735 -1.61332 0 0
52 0.00575733 2.07248 -0.0285532 -1.61332 0 0
53 -3.46175 1.98076 -0.0216691 -1.61332 0 0
54 -3.15015 2.07651 -0.0257416 -1.61332 0 0
55 -1.68436 1.98075 -0.0216706 -1.61332 0 0
56 -1.09015 1.98075 -0.0216689 -1.61332 0 0
57 -1.58629 1.98075 -0.021668 -1.61332 0 0
58 -1.31274 1.98074 -0.0216737 -1.61332 0 0
time 10
0 1.938 -2.84623 -11.5177 0 0 -0.338214
1 6.02795 0 0 -0.719383 0.197982 -0.316423
2 11.7344 0 0 -0.00140281 0 -1.59082
3 8.81138 -0.000450134 -0.000112057 -1.41782 0 0.000157998
4 5.77839 0.000286102 0 -0.949941 0 0.000100974
5 2.23163 -0.000329971 -0.000363827 -0.467881 0 0
6 11.4725 0 0 -1.41512 0.350938 0.356576
7 0.615219 -0.993091 -0.810699 2.61026 0.452332 -0.787569
8 2.24752 0 0 0.136888 -0.110104 0.213811
9 1.11936 0 0 -0.0212102 0.0836398 -0.471476
10 3.71348 -0.102641 0.10219 1.55584 0.763632 0.0690664
11 1.72615 0 0 0.00741433 -0.00946437 -0.776187
12 1.21114 0 0 -0.000460039 0.0176302 -0.623545
13 3.59919 -1.06012 0.0708885 1.55742 0.583032 -0.0701078
14 1.66069 0 0 -0.0175587 0.0481344 -0.572574
15 1.167 0 0 0.000419737 -0.00703708 -0.659767
16 2.18852 0.501039 0.0576591 1.57004 0.0300834 0.225876
17 1.29609 0 0 0.0209817 -0.041874 -0.653439
18 1.62202 0.000713348 -0.000470877 0.0148739 -0.0304652 -0.808982
19 1.22241 0 0 0.0155149 0.0023855 -0.758389
20 1.76707 1.27612 0.0366421 1.57004 0.0188432 0.261428
21 1.55588 0 0 -0.0272201 0.0179406 -0.693615
22 1.24274 0 0 -0.000599467 0 -0.652744
23 0.784522 0 0 0.00767526 -0.00183526 -0.500732
24 -1.93761 -2.84623 -11.5177 -0.000932534 0 3.14159
25 6.02794 0 0 0.83502 0.395693 1.66542
26 11.7344 0 0 0.00140269 0 1.46679
27 8.81167 0 0 -0.485994 0 0
28 5.77884 0 0 -0.325616 0 0
29 2.23249 0 0 -0.160378 0 0
30 11.4725 0 0 -0.435813 -0.243272 -0.266713
31 0.615813 0.99437 -0.809165 -2.85201 0.401541 0.43994
32 2.24752 0 0 -0.0870316 0.0286895 0.164945
33 1.11936 0 0 -0.0163923 0.195515 0.335226
34 3.71349 0.102637 0.102192 -1.55929 0.352258 -0.0754376
35 1.72615 0 0 -0.0090215 -0.0270639 0.433549
36 1.21112 0 0 -0.00354954 0.0172754 0.394804
37 3.5992 1.06011 0.0708885 -1.55922 0.268145 0.0658116
38 1.66069 0 0 0.0025613 0.0732788 0.257872
39 1.16699 0 0 0.0229141 0.0311174 0.226051
40 2.18853 -0.50104 0.0576591 -1.57004 -0.0521616 -0.225938
41 1.29609 0 0 -0.0116306 -0.0453676 0.43981
42 1.62202 -0.000713348 -0.000471115 0.00160744 -0.0400605 0.393013
43 1.2224 0 0 -0.0156264 -0.0114508 0.393001
44 1.76707 -1.27612 0.0366421 -1.57004 -0.0293955 -0.261465
45 1.55588 0 0 0.0238681 0.022207 0.526994
46 1.24273 0 0 0.000593483 0 0.539287
47 0.784532 0 0 -0.0119649 0.0110774 0.459279
48 0 0 0 0 0 0
49 10.12 -22.2534 -3.80518 2.96209 -0.0294396 -2.40653
50 -3.3008 2.07667 -0.0219364 -1.61332 0 0
51 0.00576639 1.98489 -0.0178735 -1.61332 0 0
52 0.00575733 2.07248 -0.0285532 -1.61332 0 0
53 -3.46175 1.98076 -0.0216691 -1.61332 0 0
54 -3.15015 2.07651 -0.0257416 -1.61332 0 0
55 -1.68436 1.98075 -0.0216706 -1.61332 0 0
56 -1.09015 1.98075 -0.0216689 -1.61332 0 0
57 -1.58629 1.98075 -0.021668 -1.61332 0 0
58 -1.31274 1.98074 -0.0216737 -1.61332 0 0
time 11
0 1.938 -2.84623 -11.5177 0 0 -0.338214
1 6.02795 0 0 -0.719383 0.197982 -0.316423
2 11.7344 0 0 -0.00140281 0 -1.59082
3 8.81138 -0.000450134 -0.000112057 -1.41782 0 0.000157998
4 5.77839 0.000286102 0 -0.949941 0 0.000100974
5 2.23163 -0.000329971 -0.000363827 -0.467881 0 0
6 11.4725 0 0 -1.41512 0.350938 0.356576
7 0.615219 -0.993091 -0.810699 2.61026 0.452332 -0.787569
8 2.24752 0 0 0.136888 -0.110104 0.213811
9 1.11936 0 0 -0.0212102 0.0836398 -0.471476
10 3.71348 -0.102641 0.10219 1.55584 0.763632 0.0690664
11 1.72615 0 0 0.00741433 -0.00946437 -0.776187
12 1.21114 0 0 -0.000460039 0.0176302 -0.623545
13 3.59919 -1.06012 0.0708885 1.55742 0.583032 -0.0701078
14 1.66069 0 0 -0.0175587 0.0481344 -0.572574
15 1.167 0 0 0.000419737 -0.00703708 -0.659767
16 2.18852 0.501039 0.0576591 1.57004 0.0300834 0.225876
17 1.29609 0 0 0.0209817 -0.041874 -0.653439
18 1.62202 0.000713348 -0.000470877 0.0148739 -0.0304652 -0.808982
19 1.22241 0 0 0.0155149 0.0023855 -0.758389
20 1.76707 1.27612 0.0366421 1.57004 0.0188432 0.261428
21 1.55588 0 0 -0.0272201 0.0179406 -0.693615
22 1.24274 0 0 -0.000599467 0 -0.652744
23 0.784522 0 0 0.00767526 -0.00183526 -0.500732
24 -1.93761 -2.84623 -11.5177 -0.000932534 0 3.14159
25 6.02794 0 0 0.83502 0.395693 1.66542
26 11.7344 0 0 0.00140269 0 1.46679
27 8.81167 0 0 -0.485994 0 0
28 5.77884 0 0 -0.325616 0 0
29 2.23249 0 0 -0.160378 0 0
30 11.4725 0 0 -0.435813 -0.243272 -0.266713
31 0.615813 0.99437 -0.809165 -2.85201 0.401541 0.43994
32 2.24752 0 0 -0.0870316 0.0286895 0.164945
33 1.11936 0 0 -0.0163923 0.195515 0.335226
34 3.71349 0.102637 0.102192 -1.55929 0.352258 -0.0754376
35 1.72615 0 0 -0.0090215 -0.0270639 0.433549
36 1.21112 0 0 -0.00354954 0.0172754 0.394804
37 3.5992 1.06011 0.0708885 -1.55922 0.268145 0.0658116
38 1.66069 0 0 0.0025613 0.0732788 0.257872
39 1.16699 0 0 0.0229141 0.0311174 0.226051
40 2.18853 -0.50104 0.0576591 -1.57004 -0.0521616 -0.225938
41 1.29609 0 0 -0.0116306 -0.0453676 0.43981
42 1.62202 -0.000713348 -0.000471115 0.00160744 -0.0400605 0.393013
43 1.2224 0 0 -0.0156264 -0.0114508 0.393001
44 1.76707 -1.27612 0.0366421 -1.57004 -0.0293955 -0.261465
45 1.55588 0 0 0.0238681 0.022207 0.526994
46 1.24273 0 0 0.000593483 0 0.539287
47 0.784532 0 0 -0.0119649 0.0110774 0.459279
48 0 0 0 0 0 0
49 10.12 -22.2534 -3.80518 2.96209 -0.0294396 -2.40653
50 -3.3008 2.07667 -0.0219364 -1.61332 0 0
51 0.00576639 1.98489 -0.0178735 -1.61332 0 0
52 0.00575733 2.07248 -0.0285532 -1.61332 0 0
53 -3.46175 1.98076 -0.0216691 -1.61332 0 0
54 -3.15015 2.07651 -0.0257416 -1.61332 0 0
55 -1.68436 1.98075 -0.0216706 -1.61332 0 0
56 -1.09015 1.98075 -0.0216689 -1.61332 0 0
57 -1.58629 1.98075 -0.021668 -1.61332 0 0
58 -1.31274 1.98074 -0.0216737 -1.61332 0 0
time 12
0 1.938 -2.84623 -11.5177 0 0 -0.338214
1 6.02795 0 0 -0.719383 0.197982 -0.316423
2 11.7344 0 0 -0.00140281 0 -1.59082
3 8.81138 -0.000450134 -0.000112057 -1.41782 0 0.000157998
4 5.77839 0.000286102 0 -0.949941 0 0.000100974
5 2.23163 -0.000329971 -0.000363827 -0.467881 0 0
6 11.4725 0 0 -1.41512 0.350938 0.356576
7 0.615219 -0.993091 -0.810699 2.61026 0.452332 -0.787569
8 2.24752 0 0 0.136888 -0.110104 0.213811
9 1.11936 0 0 -0.0212102 0.0836398 -0.471476
10 3.71348 -0.102641 0.10219 1.55584 0.763632 0.0690664
11 1.72615 0 0 0.00741433 -0.00946437 -0.776187
12 1.21114 0 0 -0.000460039 0.0176302 -0.623545
13 3.59919 -1.06012 0.0708885 1.55742 0.583032 -0.0701078
14 1.66069 0 0 -0.0175587 0.0481344 -0.572574
15 1.167 0 0 0.000419737 -0.00703708 -0.659767
16 2.18852 0.501039 0.0576591 1.57004 0.0300834 0.225876
17 1.29609 0 0 0.0209817 -0.041874 -0.653439
18 1.62202 0.000713348 -0.000470877 0.0148739 -0.0304652 -0.808982
19 1.22241 0 0 0.0155149 0.0023855 -0.758389
20 1.76707 1.27612 0.0366421 1.57004 0.0188432 0.261428
21 1.55588 0 0 -0.0272201 0.0179406 -0.693615
22 1.24274 0 0 -0.000599467 0 -0.652744
23 0.784522 0 0 0.00767526 -0.00183526 -0.500732
24 -1.93761 -2.84623 -11.5177 -0.000932534 0 3.14159
25 6.02794 0 0 0.83502 0.395693 1.66542
26 11.7344 0 0 0.00140269 0 1.46679
27 8.81167 0 0 -0.485994 0 0
28 5.77884 0 0 -0.325616 0 0
29 2.23249 0 0 -0.160378 0 0
30 11.4725 0 0 -0.435813 -0.243272 -0.266713
31 0.615813 0.99437 -0.809165 -2.85201 0.401541 0.43994
32 2.24752 0 0 -0.0870316 0.0286895 0.164945
33 1.11936 0 0 -0.0163923 0.195515 0.335226
34 3.71349 0.102637 0.102192 -1.55929 0.352258 -0.0754376
35 1.72615 0 0 -0.0090215 -0.0270639 0.433549
36 1.21112 0 0 -0.00354954 0.0172754 0.394804
37 3.5992 1.06011 0.0708885 -1.55922 0.268145 0.0658116
38 1.66069 0 0 0.0025613 0.0732788 0.257872
39 1.16699 0 0 0.0229141 0.0311174 0.226051
40 2.18853 -0.50104 0.0576591 -1.57004 -0.0521616 -0.225938
41 1.29609 0 0 -0.0116306 -0.0453676 0.43981
42 1.62202 -0.000713348 -0.000471115 0.00160744 -0.0400605 0.393013
43 1.2224 0 0 -0.0156264 -0.0114508 0.393001
44 1.76707 -1.27612 0.0366421 -1.57004 -0.0293955 -0.261465
45 1.55588 0 0 0.0238681 0.022207 0.526994
46 1.24273 0 0 0.000593483 0 0.539287
47 0.784532 0 0 -0.0119649 0.0110774 0.459279
48 0 0 0 0 0 0
49 10.12 -22.2534 -3.80518 2.96209 -0.0294396 -2.40653
50 -3.3008 2.07667 -0.0219364 -1.61332 0 0
51 0.00576639 1.98489 -0.0178735 -1.61332 0 0
52 0.00575733 2.07248 -0.0285532 -1.61332 0 0
53 -3.46175 1.98076 -0.0216691 -1.61332 0 0
54 -3.15015 2.07651 -0.0257416 -1.61332 0 0
55 -1.68436 1.98075 -0.0216706 -1.61332 0 0
56 -1.09015 1.98075 -0.0216689 -1.61332 0 0
57 -1.58629 1.98075 -0.021668 -1.61332 0 0
58 -1.31274 1.98074 -0.0216737 -1.61332 0 0
time 13
0 1.938 -2.84623 -11.5177 0 0 -0.338214
1 6.02795 0 0 -0.719383 0.197982 -0.316423
2 11.7344 0 0 -0.00140281 0 -1.59082
3 8.81138 -0.000450134 -0.000112057 -1.41782 0 0.000157998
4 5.77839 0.000286102 0 -0.949941 0 0.000100974
5 2.23163 -0.000329971 -0.000363827 -0.467881 0 0
6 11.4725 0 0 -1.41512 0.350938 0.356576
7 0.615219 -0.993091 -0.810699 2.61026 0.452332 -0.787569
8 2.24752 0 0 0.136888 -0.110104 0.213811
9 1.11936 0 0 -0.0212102 0.0836398 -0.471476
10 3.71348 -0.102641 0.10219 1.55584 0.763632 0.0690664
11 1.72615 0 0 0.00741433 -0.00946437 -0.776187
12 1.21114 0 0 -0.000460039 0.0176302 -0.623545
13 3.59919 -1.06012 0.0708885 1.55742 0.583032 -0.0701078
14 1.66069 0 0 -0.0175587 0.0481344 -0.572574
15 1.167 0 0 0.000419737 -0.00703708 -0.659767
16 2.18852 0.501039 0.0576591 1.57004 0.0300834 0.225876
17 1.29609 0 0 0.0209817 -0.041874 -0.653439
18 1.62202 0.000713348 -0.000470877 0.0148739 -0.0304652 -0.808982
19 1.22241 0 0 0.0155149 0.0023855 -0.758389
20 1.76707 1.27612 0.0366421 1.57004 0.0188432 0.261428
21 1.55588 0 0 -0.0272201 0.0179406 -0.693615
22 1.24274 0 0 -0.000599467 0 -0.652744
23 0.784522 0 0 0.00767526 -0.00183526 -0.500732
24 -1.93761 -2.84623 -11.5177 -0.000932534 0 3.14159
25 6.02794 0 0 0.83502 0.395693 1.66542
26 11.7344 0 0 0.00140269 0 1.46679
27 8.81167 0 0 -0.485994 0 0
28 5.77884 0 0 -0.325616 0 0
29 2.23249 0 0 -0.160378 0 0
30 11.4725 0 0 -0.435813 -0.243272 -0.266713
31 0.615813 0.99437 -0.809165 -2.85201 0.401541 0.43994
32 2.24752 0 0 -0.0870316 0.0286895 0.164945
33 1.11936 0 0 -0.0163923 0.195515 0.335226
34 3.71349 0.102637 0.102192 -1.55929 0.352258 -0.0754376
35 1.72615 0 0 -0.0090215 -0.0270639 0.433549
36 1.21112 0 0 -0.00354954 0.0172754 0.394804
37 3.5992 1.06011 0.0708885 -1.55922 0.268145 0.0658116
38 1.66069 0 0 0.0025613 0.0732788 0.257872
39 1.16699 0 0 0.0229141 0.0311174 0.226051
40 2.18853 -0.50104 0.0576591 -1.57004 -0.0521616 -0.225938
41 1.29609 0 0 -0.0116306 -0.0453676 0.43981
42 1.62202 -0.000713348 -0.000471115 0.00160744 -0.0400605 0.393013
43 1.2224 0 0 -0.0156264 -0.0114508 0.393001
44 1.76707 -1.27612 0.0366421 -1.57004 -0.0293955 -0.261465
45 1.55588 0 0 0.0238681 0.022207 0.526994
46 1.24273 0 0 0.000593483 0 0.539287
47 0.784532 0 0 -0.0119649 0.0110774 0.459279
48 0 0 0 0 0 0
49 10.12 -22.2534 -3.80518 2.96209 -0.0294396 -2.40653
50 -3.3008 2.07667 -0.0219364 -1.61332 0 0
51 0.00576639 1.98489 -0.0178735 -1.61332 0 0
52 0.00575733 2.07248 -0.0285532 -1.61332 0 0
53 -3.46175 1.98076 -0.0216691 -1.61332 0 0
54 -3.15015 2.07651 -0.0257416 -1.61332 0 0
55 -1.68436 1.98075 -0.0216706 -1.61332 0 0
56 -1.09015 1.98075 -0.0216689 -1.61332 0 0
57 -1.58629 1.98075 -0.021668 -1.61332 0 0
58 -1.31274 1.98074 -0.0216737 -1.61332 0 0
time 14
0 1.938 -2.84623 -11.5177 0 0 -0.338214
1 6.02795 0 0 -0.719383 0.197982 -0.316423
2 11.7344 0 0 -0.00140281 0 -1.59082
3 8.81138 -0.000450134 -0.000112057 -1.41782 0 0.000157998
4 5.77839 0.000286102 0 -0.949941 0 0.000100974
5 2.23163 -0.000329971 -0.000363827 -0.467881 0 0
6 11.4725 0 0 -1.41512 0.350938 0.356576
7 0.615219 -0.993091 -0.810699 2.61026 0.452332 -0.787569
8 2.24752 0 0 0.136888 -0.110104 0.213811
9 1.11936 0 0 -0.0212102 0.0836398 -0.471476
10 3.71348 -0.102641 0.10219 1.55584 0.763632 0.0690664
11 1.72615 0 0 0.00741433 -0.00946437 -0.776187
12 1.21114 0 0 -0.000460039 0.0176302 -0.623545
13 3.59919 -1.06012 0.0708885 1.55742 0.583032 -0.0701078
14 1.66069 0 0 -0.0175587 0.0481344 -0.572574
15 1.167 0 0 0.000419737 -0.00703708 -0.659767
16 2.18852 0.501039 0.0576591 1.57004 0.0300834 0.225876
17 1.29609 0 0 0.0209817 -0.041874 -0.653439
18 1.62202 0.000713348 -0.000470877 0.0148739 -0.0304652 -0.808982
19 1.22241 0 0 0.0155149 0.0023855 -0.758389
20 1.76707 1.27612 0.0366421 1.57004 0.0188432 0.261428
21 1.55588 0 0 -0.0272201 0.0179406 -0.693615
22 1.24274 0 0 -0.000599467 0 -0.652744
23 0.784522 0 0 0.00767526 -0.00183526 -0.500732
24 -1.93761 -2.84623 -11.5177 -0.000932534 0 3.14159
25 6.02794 0 0 0.83502 0.395693 1.66542
26 11.7344 0 0 0.00140269 0 1.46679
27 8.81167 0 0 -0.485994 0 0
28 5.77884 0 0 -0.325616 0 0
29 2.23249 0 0 -0.160378 0 0
30 11.4725 0 0 -0.435813 -0.243272 -0.266713
31 0.615813 0.99437 -0.809165 -2.85201 0.401541 0.43994
32 2.24752 0 0 -0.0870316 0.0286895 0.164945
33 1.11936 0 0 -0.0163923 0.195515 0.335226
34 3.71349 0.102637 0.102192 -1.55929 0.352258 -0.0754376
35 1.72615 0 0 -0.0090215 -0.0270639 0.433549
36 1.21112 0 0 -0.00354954 0.0172754 0.394804
37 3.5992 1.06011 0.0708885 -1.55922 0.268145 0.0658116
38 1.66069 0 0 0.0025613 0.0732788 0.257872
39 1.16699 0 0 0.0229141 0.0311174 0.226051
40 2.18853 -0.50104 0.0576591 -1.57004 -0.0521616 -0.225938
41 1.29609 0 0 -0.0116306 -0.0453676 0.43981
42 1.62202 -0.000713348 -0.000471115 0.00160744 -0.0400605 0.393013
43 1.2224 0 0 -0.0156264 -0.0114508 0.393001
44 1.76707 -1.27612 0.0366421 -1.57004 -0.0293955 -0.261465
45 1.55588 0 0 0.0238681 0.022207 0.526994
46 1.24273 0 0 0.000593483 0 0.539287
47 0.784532 0 0 -0.0119649 0.0110774 0.459279
48 0 0 0 0 0 0
49 10.12 -22.2534 -3.80518 2.96209 -0.0294396 -2.40653
50 -3.3008 2.07667 -0.0219364 -1.61332 0 0
51 0.00576639 1.98489 -0.0178735 -1.61332 0 0
52 0.00575733 2.07248 -0.0285532 -1.61332 0 0
53 -3.46175 1.98076 -0.0216691 -1.61332 0 0
54 -3.15015 2.07651 -0.0257416 -1.61332 0 0
55 -1.68436 1.98075 -0.0216706 -1.61332 0 0
56 -1.09015 1.98075 -0.0216689 -1.61332 0 0
57 -1.58629 1.98075 -0.021668 -1.61332 0 0
58 -1.31274 1.98074 -0.0216737 -1.61332 0 0
time 15
0 1.938 -2.84623 -11.5177 0 0 -0.338214
1 6.02795 0 0 -0.719383 0.197982 -0.316423
2 11.7344 0 0 -0.00140281 0 -1.59082
3 8.81138 -0.000450134 -0.000112057 -1.41782 0 0.000157998
4 5.77839 0.000286102 0 -0.949941 0 0.000100974
5 2.23163 -0.000329971 -0.000363827 -0.467881 0 0
6 11.4725 0 0 -1.41512 0.350938 0.356576
7 0.615219 -0.993091 -0.810699 2.61026 0.452332 -0.787569
8 2.24752 0 0 0.136888 -0.110104 0.213811
9 1.11936 0 0 -0.0212102 0.0836398 -0.471476
10 3.71348 -0.102641 0.10219 1.55584 0.763632 0.0690664
11 1.72615 0 0 0.00741433 -0.00946437 -0.776187
12 1.21114 0 0 -0.000460039 0.0176302 -0.623545
13 3.59919 -1.06012 0.0708885 1.55742 0.583032 -0.0701078
14 1.66069 0 0 -0.0175587 0.0481344 -0.572574
15 1.167 0 0 0.000419737 -0.00703708 -0.659767
16 2.18852 0.501039 0.0576591 1.57004 0.0300834 0.225876
17 1.29609 0 0 0.0209817 -0.041874 -0.653439
18 1.62202 0.000713348 -0.000470877 0.0148739 -0.0304652 -0.808982
19 1.22241 0 0 0.0155149 0.0023855 -0.758389
20 1.76707 1.27612 0.0366421 1.57004 0.0188432 0.261428
21 1.55588 0 0 -0.0272201 0.0179406 -0.693615
22 1.24274 0 0 -0.000599467 0 -0.652744
23 0.784522 0 0 0.00767526 -0.00183526 -0.500732
24 -1.93761 -2.84623 -11.5177 -0.000932534 0 3.14159
25 6.02794 0 0 0.83502 0.395693 1.66542
26 11.7344 0 0 0.00140269 0 1.46679
27 8.81167 0 0 -0.485994 0 0
28 5.77884 0 0 -0.325616 0 0
29 2.23249 0 0 -0.160378 0 0
30 11.4725 0 0 -0.435813 -0.243272 -0.266713
31 0.615813 0.99437 -0.809165 -2.85201 0.401541 0.43994
32 2.24752 0 0 -0.0870316 0.0286895 0.164945
33 1.11936 0 0 -0.0163923 0.195515 0.335226
34 3.71349 0.102637 0.102192 -1.55929 0.352258 -0.0754376
35 1.72615 0 0 -0.0090215 -0.0270639 0.433549
36 1.21112 0 0 -0.00354954 0.0172754 0.394804
37 3.5992 1.06011 0.0708885 -1.55922 0.268145 0.0658116
38 1.66069 0 0 0.0025613 0.0732788 0.257872
39 1.16699 0 0 0.0229141 0.0311174 0.226051
40 2.18853 -0.50104 0.0576591 -1.57004 -0.0521616 -0.225938
41 1.29609 0 0 -0.0116306 -0.0453676 0.43981
42 1.62202 -0.000713348 -0.000471115 0.00160744 -0.0400605 0.393013
43 1.2224 0 0 -0.0156264 -0.0114508 0.393001
44 1.76707 -1.27612 0.0366421 -1.57004 -0.0293955 -0.261465
45 1.55588 0 0 0.0238681 0.022207 0.526994
46 1.24273 0 0 0.000593483 0 0.539287
47 0.784532 0 0 -0.0119649 0.0110774 0.459279
48 0 0 0 0 0 0
49 10.12 -22.2534 -3.80518 2.96209 -0.0294396 -2.40653
50 -3.3008 2.07667 -0.0219364 -1.61332 0 0
51 0.00576639 1.98489 -0.0178735 -1.61332 0 0
52 0.00575733 2.07248 -0.0285532 -1.61332 0 0
53 -3.46175 1.98076 -0.0216691 -1.61332 0 0
54 -3.15015 2.07651 -0.0257416 -1.61332 0 0
55 -1.68436 1.98075 -0.0216706 -1.61332 0 0
56 -1.09015 1.98075 -0.0216689 -1.61332 0 0
57 -1.58629 1.98075 -0.021668 -1.61332 0 0
58 -1.31274 1.98074 -0.0216737 -1.61332 0 0
time 16
0 1.938 -2.84623 -11.5177 0 0 -0.338214
1 6.02795 0 0 -0.719383 0.197982 -0.316423
2 11.7344 0 0 -0.00140281 0 -1.59082
3 8.81138 -0.000450134 -0.000112057 -1.41782 0 0.000157998
4 5.77839 0.000286102 0 -0.949941 0 0.000100974
5 2.23163 -0.000329971 -0.000363827 -0.467881 0 0
6 11.4725 0 0 -1.41512 0.350938 0.356576
7 0.615219 -0.993091 -0.810699 2.61026 0.452332 -0.787569
8 2.24752 0 0 0.136888 -0.110104 0.213811
9 1.11936 0 0 -0.0212102 0.0836398 -0.471476
10 3.71348 -0.102641 0.10219 1.55584 0.763632 0.0690664
11 1.72615 0 0 0.00741433 -0.00946437 -0.776187
12 1.21114 0 0 -0.000460039 0.0176302 -0.623545
13 3.59919 -1.06012 0.0708885 1.55742 0.583032 -0.0701078
14 1.66069 0 0 -0.0175587 0.0481344 -0.572574
15 1.167 0 0 0.000419737 -0.00703708 -0.659767
16 2.18852 0.501039 0.0576591 1.57004 0.0300834 0.225876
17 1.29609 0 0 0.0209817 -0.041874 -0.653439
18 1.62202 0.000713348 -0.000470877 0.0148739 -0.0304652 -0.808982
19 1.22241 0 0 0.0155149 0.0023855 -0.758389
20 1.76707 1.27612 0.0366421 1.57004 0.0188432 0.261428
21 1.55588 0 0 -0.0272201 0.0179406 -0.693615
22 1.24274 0 0 -0.000599467 0 -0.652744
23 0.784522 0 0 0.00767526 -0.00183526 -0.500732
24 -1.93761 -2.84623 -11.5177 -0.000932534 0 3.14159
25 6.02794 0 0 0.83502 0.395693 1.66542
26 11.7344 0 0 0.00140269 0 1.46679
27 8.81167 0 0 -0.485994 0 0
28 5.77884 0 0 -0.325616 0 0
29 2.23249 0 0 -0.160378 0 0
30 11.4725 0 0 -0.435813 -0.243272 -0.266713
31 0.615813 0.99437 -0.809165 -2.85201 0.401541 0.43994
32 2.24752 0 0 -0.0870316 0.0286895 0.164945
33 1.11936 0 0 -0.0163923 0.195515 0.335226
34 3.71349 0.102637 0.102192 -1.55929 0.352258 -0.0754376
35 1.72615 0 0 -0.0090215 -0.0270639 0.433549
36 1.21112 0 0 -0.00354954 0.0172754 0.394804
37 3.5992 1.06011 0.0708885 -1.55922 0.268145 0.0658116
38 1.66069 0 0 0.0025613 0.0732788 0.257872
39 1.16699 0 0 0.0229141 0.0311174 0.226051
40 2.18853 -0.50104 0.0576591 -1.57004 -0.0521616 -0.225938
41 1.29609 0 0 -0.0116306 -0.0453676 0.43981
42 1.62202 -0.000713348 -0.000471115 0.00160744 -0.0400605 0.393013
43 1.2224 0 0 -0.0156264 -0.0114508 0.393001
44 1.76707 -1.27612 0.0366421 -1.57004 -0.0293955 -0.261465
45 1.55588 0 0 0.0238681 0.022207 0.526994
46 1.24273 0 0 0.000593483 0 0.539287
47 0.784532 0 0 -0.0119649 0.0110774 0.459279
48 0 0 0 0 0 0
49 10.12 -22.2534 -3.80518 2.96209 -0.0294396 -2.40653
50 -3.3008 2.07667 -0.0219364 -1.61332 0 0
51 0.00576639 1.98489 -0.0178735 -1.61332 0 0
52 0.00575733 2.07248 -0.0285532 -1.61332 0 0
53 -3.46175 1.98076 -0.0216691 -1.61332 0 0
54 -3.15015 2.07651 -0.0257416 -1.61332 0 0
55 -1.68436 1.98075 -0.0216706 -1.61332 0 0
56 -1.09015 1.98075 -0.0216689 -1.61332 0 0
57 -1.58629 1.98075 -0.021668 -1.61332 0 0
58 -1.31274 1.98074 -0.0216737 -1.61332 0 0
time 17
0 1.938 -2.84623 -11.5177 0 0 -0.338214
1 6.02795 0 0 -0.719383 0.197982 -0.316423
2 11.7344 0 0 -0.00140281 0 -1.59082
3 8.81138 -0.000450134 -0.000112057 -1.41782 0 0.000157998
4 5.77839 0.000286102 0 -0.949941 0 0.000100974
5 2.23163 -0.000329971 -0.000363827 -0.467881 0 0
6 11.4725 0 0 -1.41512 0.350938 0.356576
7 0.615219 -0.993091 -0.810699 2.61026 0.452332 -0.787569
8 2.24752 0 0 0.136888 -0.110104 0.213811
9 1.11936 0 0 -0.0212102 0.0836398 -0.471476
10 3.71348 -0.102641 0.10219 1.55584 0.763632 0.0690664
11 1.72615 0 0 0.00741433 -0.00946437 -0.776187
12 1.21114 0 0 -0.000460039 0.0176302 -0.623545
13 3.59919 -1.06012 0.0708885 1.55742 0.583032 -0.0701078
14 1.66069 0 0 -0.0175587 0.0481344 -0.572574
15 1.167 0 0 0.000419737 -0.00703708 -0.659767
16 2.18852 0.501039 0.0576591 1.57004 0.0300834 0.225876
17 1.29609 0 0 0.0209817 -0.041874 -0.653439
18 1.62202 0.000713348 -0.000470877 0.0148739 -0.0304652 -0.808982
19 1.22241 0 0 0.0155149 0.0023855 -0.758389
20 1.76707 1.27612 0.0366421 1.57004 0.0188432 0.261428
21 1.55588 0 0 -0.0272201 0.0179406 -0.693615
22 1.24274 0 0 -0.000599467 0 -0.652744
23 0.784522 0 0 0.00767526 -0.00183526 -0.500732
24 -1.93761 -2.84623 -11.5177 -0.000932534 0 3.14159
25 6.02794 0 0 0.83502 0.395693 1.66542
26 11.7344 0 0 0.00140269 0 1.46679
27 8.81167 0 0 -0.485994 0 0
28 5.77884 0 0 -0.325616 0 0
29 2.23249 0 0 -0.160378 0 0
30 11.4725 0 0 -0.435813 -0.243272 -0.266713
31 0.615813 0.99437 -0.809165 -2.85201 0.401541 0.43994
32 2.24752 0 0 -0.0870316 0.0286895 0.164945
33 1.11936 0 0 -0.0163923 0.195515 0.335226
34 3.71349 0.102637 0.102192 -1.55929 0.352258 -0.0754376
35 1.72615 0 0 -0.0090215 -0.0270639 0.433549
36 1.21112 0 0 -0.00354954 0.0172754 0.394804
37 3.5992 1.06011 0.0708885 -1.55922 0.268145 0.0658116
38 1.66069 0 0 0.0025613 0.0732788 0.257872
39 1.16699 0 0 0.0229141 0.0311174 0.226051
40 2.18853 -0.50104 0.0576591 -1.57004 -0.0521616 -0.225938
41 1.29609 0 0 -0.0116306 -0.0453676 0.43981
42 1.62202 -0.000713348 -0.000471115 0.00160744 -0.0400605 0.393013
43 1.2224 0 0 -0.0156264 -0.0114508 0.393001
44 1.76707 -1.27612 0.0366421 -1.57004 -0.0293955 -0.261465
45 1.55588 0 0 0.0238681 0.022207 0.526994
46 1.24273 0 0 0.000593483 0 0.539287
47 0.784532 0 0 -0.0119649 0.0110774 0.459279
48 0 0 0 0 0 0
49 10.12 -22.2534 -3.80518 2.96209 -0.0294396 -2.40653
50 -3.3008 2.07667 -0.0219364 -1.61332 0 0
51 0.00576639 1.98489 -0.0178735 -1.61332 0 0
52 0.00575733 2.07248 -0.0285532 -1.61332 0 0
53 -3.46175 1.98076 -0.0216691 -1.61332 0 0
54 -3.15015 2.07651 -0.0257416 -1.61332 0 0
55 -1.68436 1.98075 -0.0216706 -1.61332 0 0
56 -1.09015 1.98075 -0.0216689 -1.61332 0 0
57 -1.58629 1.98075 -0.021668 -1.61332 0 0
58 -1.31274 1.98074 -0.0216737 -1.61332 0 0
time 18
0 1.938 -2.84623 -11.5177 0 0 -0.338214
1 6.02795 0 0 -0.719383 0.197982 -0.316423
2 11.7344 0 0 -0.00140281 0 -1.59082
3 8.81138 -0.000450134 -0.000112057 -1.41782 0 0.000157998
4 5.77839 0.000286102 0 -0.949941 0 0.000100974
5 2.23163 -0.000329971 -0.000363827 -0.467881 0 0
6 11.4725 0 0 -1.41512 0.350938 0.356576
7 0.615219 -0.993091 -0.810699 2.61026 0.452332 -0.787569
8 2.24752 0 0 0.136888 -0.110104 0.213811
9 1.11936 0 0 -0.0212102 0.0836398 -0.471476
10 3.71348 -0.102641 0.10219 1.55584 0.763632 0.0690664
11 1.72615 0 0 0.00741433 -0.00946437 -0.776187
12 1.21114 0 0 -0.000460039 0.0176302 -0.623545
13 3.59919 -1.06012 0.0708885 1.55742 0.583032 -0.0701078
14 1.66069 0 0 -0.0175587 0.0481344 -0.572574
15 1.167 0 0 0.000419737 -0.00703708 -0.659767
16 2.18852 0.501039 0.0576591 1.57004 0.0300834 0.225876
17 1.29609 0 0 0.0209817 -0.041874 -0.653439
18 1.62202 0.000713348 -0.000470877 0.0148739 -0.0304652 -0.808982
19 1.22241 0 0 0.0155149 0.0023855 -0.758389
20 1.76707 1.27612 0.0366421 1.57004 0.0188432 0.261428
21 1.55588 0 0 -0.0272201 0.0179406 -0.693615
22 1.24274 0 0 -0.000599467 0 -0.652744
23 0.784522 0 0 0.00767526 -0.00183526 -0.500732
24 -1.93761 -2.84623 -11.5177 -0.000932534 0 3.14159
25 6.02794 0 0 0.83502 0.395693 1.66542
26 11.7344 0 0 0.00140269 0 1.46679
27 8.81167 0 0 -0.485994 0 0
28 5.77884 0 0 -0.325616 0 0
29 2.23249 0 0 -0.160378 0 0
30 11.4725 0 0 -0.435813 -0.243272 -0.266713
31 0.615813 0.99437 -0.809165 -2.85201 0.401541 0.43994
32 2.24752 0 0 -0.0870316 0.0286895 0.164945
33 1.11936 0 0 -0.0163923 0.195515 0.335226
34 3.71349 0.102637 0.102192 -1.55929 0.352258 -0.0754376
35 1.72615 0 0 -0.0090215 -0.0270639 0.433549
36 1.21112 0 0 -0.00354954 0.0172754 0.394804
37 3.5992 1.06011 0.0708885 -1.55922 0.268145 0.0658116
38 1.66069 0 0 0.0025613 0.0732788 0.257872
39 1.16699 0 0 0.0229141 0.0311174 0.226051
40 2.18853 -0.50104 0.0576591 -1.57004 -0.0521616 -0.225938
41 1.29609 0 0 -0.0116306 -0.0453676 0.43981
42 1.62202 -0.000713348 -0.000471115 0.00160744 -0.0400605 0.393013
43 1.2224 0 0 -0.0156264 -0.0114508 0.393001
44 1.76707 -1.27612 0.0366421 -1.57004 -0.0293955 -0.261465
45 1.55588 0 0 0.0238681 0.022207 0.526994
46 1.24273 0 0 0.000593483 0 0.539287
47 0.784532 0 0 -0.0119649 0.0110774 0.459279
48 0 0 0 0 0 0
49 10.12 -22.2534 -3.80518 2.96209 -0.0294396 -2.40653
50 -3.3008 2.07667 -0.0219364 -1.61332 0 0
51 0.00576639 1.98489 -0.0178735 -1.61332 0 0
52 0.00575733 2.07248 -0.0285532 -1.61332 0 0
53 -3.46175 1.98076 -0.0216691 -1.61332 0 0
54 -3.15015 2.07651 -0.0257416 -1.61332 0 0
55 -1.68436 1.98075 -0.0216706 -1.61332 0 0
56 -1.09015 1.98075 -0.0216689 -1.61332 0 0
57 -1.58629 1.98075 -0.021668 -1.61332 0 0
58 -1.31274 1.98074 -0.0216737 -1.61332 0 0
time 19
0 1.938 -2.84623 -11.5177 0 0 -0.338214
1 6.02795 0 0 -0.719383 0.197982 -0.316423
2 11.7344 0 0 -0.00140281 0 -1.59082
3 8.81138 -0.000450134 -0.000112057 -1.41782 0 0.000157998
4 5.77839 0.000286102 0 -0.949941 0 0.000100974
5 2.23163 -0.000329971 -0.000363827 -0.467881 0 0
6 11.4725 0 0 -1.41512 0.350938 0.356576
7 0.615219 -0.993091 -0.810699 2.61026 0.452332 -0.787569
8 2.24752 0 0 0.136888 -0.110104 0.213811
9 1.11936 0 0 -0.0212102 0.0836398 -0.471476
10 3.71348 -0.102641 0.10219 1.55584 0.763632 0.0690664
11 1.72615 0 0 0.00741433 -0.00946437 -0.776187
12 1.21114 0 0 -0.000460039 0.0176302 -0.623545
13 3.59919 -1.06012 0.0708885 1.55742 0.583032 -0.0701078
14 1.66069 0 0 -0.0175587 0.0481344 -0.572574
15 1.167 0 0 0.000419737 -0.00703708 -0.659767
16 2.18852 0.501039 0.0576591 1.57004 0.0300834 0.225876
17 1.29609 0 0 0.0209817 -0.041874 -0.653439
18 1.62202 0.000713348 -0.000470877 0.0148739 -0.0304652 -0.808982
19 1.22241 0 0 0.0155149 0.0023855 -0.758389
20 1.76707 1.27612 0.0366421 1.57004 0.0188432 0.261428
21 1.55588 0 0 -0.0272201 0.0179406 -0.693615
22 1.24274 0 0 -0.000599467 0 -0.652744
23 0.784522 0 0 0.00767526 -0.00183526 -0.500732
24 -1.93761 -2.84623 -11.5177 -0.000932534 0 3.14159
25 6.02794 0 0 0.83502 0.395693 1.66542
26 11.7344 0 0 0.00140269 0 1.46679
27 8.81167 0 0 -0.485994 0 0
28 5.77884 0 0 -0.325616 0 0
29 2.23249 0 0 -0.160378 0 0
30 11.4725 0 0 -0.435813 -0.243272 -0.266713
31 0.615813 0.99437 -0.809165 -2.85201 0.401541 0.43994
32 2.24752 0 0 -0.0870316 0.0286895 0.164945
33 1.11936 0 0 -0.0163923 0.195515 0.335226
34 3.71349 0.102637 0.102192 -1.55929 0.352258 -0.0754376
35 1.72615 0 0 -0.0090215 -0.0270639 0.433549
36 1.21112 0 0 -0.00354954 0.0172754 0.394804
37 3.5992 1.06011 0.0708885 -1.55922 0.268145 0.0658116
38 1.66069 0 0 0.0025613 0.0732788 0.257872
39 1.16699 0 0 0.0229141 0.0311174 0.226051
40 2.18853 -0.50104 0.0576591 -1.57004 -0.0521616 -0.225938
41 1.29609 0 0 -0.0116306 -0.0453676 0.43981
42 1.62202 -0.000713348 -0.000471115 0.00160744 -0.0400605 0.393013
43 1.2224 0 0 -0.0156264 -0.0114508 0.393001
44 1.76707 -1.27612 0.0366421 -1.57004 -0.0293955 -0.261465
45 1.55588 0 0 0.0238681 0.022207 0.526994
46 1.24273 0 0 0.000593483 0 0.539287
47 0.784532 0 0 -0.0119649 0.0110774 0.459279
48 0 0 0 0 0 0
49 10.12 -22.2534 -3.80518 2.96209 -0.0294396 -2.40653
50 -3.3008 2.07667 -0.0219364 -1.61332 0 0
51 0.00576639 1.98489 -0.0178735 -1.61332 0 0
52 0.00575733 2.07248 -0.0285532 -1.61332 0 0
53 -3.46175 1.98076 -0.0216691 -1.61332 0 0
54 -3.15015 2.07651 -0.0257416 -1.61332 0 0
55 -1.68436 1.98075 -0.0216706 -1.61332 0 0
56 -1.09015 1.98075 -0.0216689 -1.61332 0 0
57 -1.58629 1.98075 -0.021668 -1.61332 0 0
58 -1.31274 1.98074 -0.0216737 -1.61332 0 0
time 20
0 1.938 -2.84623 -11.5177 0 0 -0.338214
1 6.02795 0 0 -0.719383 0.197982 -0.316423
2 11.7344 0 0 -0.00140281 0 -1.59082
3 8.81138 -0.000450134 -0.000112057 -1.41782 0 0.000157998
4 5.77839 0.000286102 0 -0.949941 0 0.000100974
5 2.23163 -0.000329971 -0.000363827 -0.467881 0 0
6 11.4725 0 0 -1.41512 0.350938 0.356576
7 0.615219 -0.993091 -0.810699 2.61026 0.452332 -0.787569
8 2.24752 0 0 0.136888 -0.110104 0.213811
9 1.11936 0 0 -0.0212102 0.0836398 -0.471476
10 3.71348 -0.102641 0.10219 1.55584 0.763632 0.0690664
11 1.72615 0 0 0.00741433 -0.00946437 -0.776187
12 1.21114 0 0 -0.000460039 0.0176302 -0.623545
13 3.59919 -1.06012 0.0708885 1.55742 0.583032 -0.0701078
14 1.66069 0 0 -0.0175587 0.0481344 -0.572574
15 1.167 0 0 0.000419737 -0.00703708 -0.659767
16 2.18852 0.501039 0.0576591 1.57004 0.0300834 0.225876
17 1.29609 0 0 0.0209817 -0.041874 -0.653439
18 1.62202 0.000713348 -0.000470877 0.0148739 -0.0304652 -0.808982
19 1.22241 0 0 0.0155149 0.0023855 -0.758389
20 1.76707 1.27612 0.0366421 1.57004 0.0188432 0.261428
21 1.55588 0 0 -0.0272201 0.0179406 -0.693615
22 1.24274 0 0 -0.000599467 0 -0.652744
23 0.784522 0 0 0.00767526 -0.00183526 -0.500732
24 -1.93761 -2.84623 -11.5177 -0.000932534 0 3.14159
25 6.02794 0 0 0.83502 0.395693 1.66542
26 11.7344 0 0 0.00140269 0 1.46679
27 8.81167 0 0 -0.485994 0 0
28 5.77884 0 0 -0.325616 0 0
29 2.23249 0 0 -0.160378 0 0
30 11.4725 0 0 -0.435813 -0.243272 -0.266713
31 0.615813 0.99437 -0.809165 -2.85201 0.401541 0.43994
32 2.24752 0 0 -0.0870316 0.0286895 0.164945
33 1.11936 0 0 -0.0163923 0.195515 0.335226
34 3.71349 0.102637 0.102192 -1.55929 0.352258 -0.0754376
35 1.72615 0 0 -0.0090215 -0.0270639 0.433549
36 1.21112 0 0 -0.00354954 0.0172754 0.394804
37 3.5992 1.06011 0.0708885 -1.55922 0.268145 0.0658116
38 1.66069 0 0 0.0025613 0.0732788 0.257872
39 1.16699 0 0 0.0229141 0.0311174 0.226051
40 2.18853 -0.50104 0.0576591 -1.57004 -0.0521616 -0.225938
41 1.29609 0 0 -0.0116306 -0.0453676 0.43981
42 1.62202 -0.000713348 -0.000471115 0.00160744 -0.0400605 0.393013
43 1.2224 0 0 -0.0156264 -0.0114508 0.393001
44 1.76707 -1.27612 0.0366421 -1.57004 -0.0293955 -0.261465
45 1.55588 0 0 0.0238681 0.022207 0.526994
46 1.24273 0 0 0.000593483 0 0.539287
47 0.784532 0 0 -0.0119649 0.0110774 0.459279
48 0 0 0 0 0 0
49 10.12 -22.2534 -3.80518 2.96209 -0.0294396 -2.40653
50 -3.3008 2.07667 -0.0219364 -1.61332 0 0
51 0.00576639 1.98489 -0.0178735 -1.61332 0 0
52 0.00575733 2.07248 -0.0285532 -1.61332 0 0
53 -3.46175 1.98076 -0.0216691 -1.61332 0 0
54 -3.15015 2.07651 -0.0257416 -1.61332 0 0
55 -1.68436 1.98075 -0.0216706 -1.61332 0 0
56 -1.09015 1.98075 -0.0216689 -1.61332 0 0
57 -1.58629 1.98075 -0.021668 -1.61332 0 0
58 -1.31274 1.98074 -0.0216737 -1.61332 0 0
time 21
0 1.938 -2.84623 -11.5177 0 0 -0.338214
1 6.02795 0 0 -0.719383 0.197982 -0.316423
2 11.7344 0 0 -0.00140281 0 -1.59082
3 8.81138 -0.000450134 -0.000112057 -1.41782 0 0.000157998
4 5.77839 0.000286102 0 -0.949941 0 0.000100974
5 2.23163 -0.000329971 -0.000363827 -0.467881 0 0
6 11.4725 0 0 -1.41512 0.350938 0.356576
7 0.615219 -0.993091 -0.810699 2.61026 0.452332 -0.787569
8 2.24752 0 0 0.136888 -0.110104 0.213811
9 1.11936 0 0 -0.0212102 0.0836398 -0.471476
10 3.71348 -0.102641 0.10219 1.55584 0.763632 0.0690664
11 1.72615 0 0 0.00741433 -0.00946437 -0.776187
12 1.21114 0 0 -0.000460039 0.0176302 -0.623545
13 3.59919 -1.06012 0.0708885 1.55742 0.583032 -0.0701078
14 1.66069 0 0 -0.0175587 0.0481344 -0.572574
15 1.167 0 0 0.000419737 -0.00703708 -0.659767
16 2.18852 0.501039 0.0576591 1.57004 0.0300834 0.225876
17 1.29609 0 0 0.0209817 -0.041874 -0.653439
18 1.62202 0.000713348 -0.000470877 0.0148739 -0.0304652 -0.808982
19 1.22241 0 0 0.0155149 0.0023855 -0.758389
20 1.76707 1.27612 0.0366421 1.57004 0.0188432 0.261428
21 1.55588 0 0 -0.0272201 0.0179406 -0.693615
22 1.24274 0 0 -0.000599467 0 -0.652744
23 0.784522 0 0 0.00767526 -0.00183526 -0.500732
24 -1.93761 -2.84623 -11.5177 -0.000932534 0 3.14159
25 6.02794 0 0 0.83502 0.395693 1.66542
26 11.7344 0 0 0.00140269 0 1.46679
27 8.81167 0 0 -0.485994 0 0
28 5.77884 0 0 -0.325616 0 0
29 2.23249 0 0 -0.160378 0 0
30 11.4725 0 0 -0.435813 -0.243272 -0.266713
31 0.615813 0.99437 -0.809165 -2.85201 0.401541 0.43994
32 2.24752 0 0 -0.0870316 0.0286895 0.164945
33 1.11936 0 0 -0.0163923 0.195515 0.335226
34 3.71349 0.102637 0.102192 -1.55929 0.352258 -0.0754376
35 1.72615 0 0 -0.0090215 -0.0270639 0.433549
36 1.21112 0 0 -0.00354954 0.0172754 0.394804
37 3.5992 1.06011 0.0708885 -1.55922 0.268145 0.0658116
38 1.66069 0 0 0.0025613 0.0732788 0.257872
39 1.16699 0 0 0.0229141 0.0311174 0.226051
40 2.18853 -0.50104 0.0576591 -1.57004 -0.0521616 -0.225938
41 1.29609 0 0 -0.0116306 -0.0453676 0.43981
42 1.62202 -0.000713348 -0.000471115 0.00160744 -0.0400605 0.393013
43 1.2224 0 0 -0.0156264 -0.0114508 0.393001
44 1.76707 -1.27612 0.0366421 -1.57004 -0.0293955 -0.261465
45 1.55588 0 0 0.0238681 0.022207 0.526994
46 1.24273 0 0 0.000593483 0 0.539287
47 0.784532 0 0 -0.0119649 0.0110774 0.459279
48 0 0 0 0 0 0
49 10.12 -22.2534 -3.80518 2.96209 -0.0294396 -2.40653
50 -3.3008 2.07667 -0.0219364 -1.61332 0 0
51 0.00576639 1.98489 -0.0178735 -1.61332 0 0
52 0.00575733 2.07248 -0.0285532 -1.61332 0 0
53 -3.46175 1.98076 -0.0216691 -1.61332 0 0
54 -3.15015 2.07651 -0.0257416 -1.61332 0 0
55 -1.68436 1.98075 -0.0216706 -1.61332 0 0
56 -1.09015 1.98075 -0.0216689 -1.61332 0 0
57 -1.58629 1.98075 -0.021668 -1.61332 0 0
58 -1.31274 1.98074 -0.0216737 -1.61332 0 0
time 22
0 1.938 -2.84623 -11.5177 0 0 -0.338214
1 6.02795 0 0 -0.719383 0.197982 -0.316423
2 11.7344 0 0 -0.00140281 0 -1.59082
3 8.81138 -0.000450134 -0.000112057 -1.41782 0 0.000157998
4 5.77839 0.000286102 0 -0.949941 0 0.000100974
5 2.23163 -0.000329971 -0.000363827 -0.467881 0 0
6 11.4725 0 0 -1.41512 0.350938 0.356576
7 0.615219 -0.993091 -0.810699 2.61026 0.452332 -0.787569
8 2.24752 0 0 0.136888 -0.110104 0.213811
9 1.11936 0 0 -0.0212102 0.0836398 -0.471476
10 3.71348 -0.102641 0.10219 1.55584 0.763632 0.0690664
11 1.72615 0 0 0.00741433 -0.00946437 -0.776187
12 1.21114 0 0 -0.000460039 0.0176302 -0.623545
13 3.59919 -1.06012 0.0708885 1.55742 0.583032 -0.0701078
14 1.66069 0 0 -0.0175587 0.0481344 -0.572574
15 1.167 0 0 0.000419737 -0.00703708 -0.659767
16 2.18852 0.501039 0.0576591 1.57004 0.0300834 0.225876
17 1.29609 0 0 0.0209817 -0.041874 -0.653439
18 1.62202 0.000713348 -0.000470877 0.0148739 -0.0304652 -0.808982
19 1.22241 0 0 0.0155149 0.0023855 -0.758389
20 1.76707 1.27612 0.0366421 1.57004 0.0188432 0.261428
21 1.55588 0 0 -0.0272201 0.0179406 -0.693615
22 1.24274 0 0 -0.000599467 0 -0.652744
23 0.784522 0 0 0.00767526 -0.00183526 -0.500732
24 -1.93761 -2.84623 -11.5177 -0.000932534 0 3.14159
25 6.02794 0 0 0.83502 0.395693 1.66542
26 11.7344 0 0 0.00140269 0 1.46679
27 8.81167 0 0 -0.485994 0 0
28 5.77884 0 0 -0.325616 0 0
29 2.23249 0 0 -0.160378 0 0
30 11.4725 0 0 -0.435813 -0.243272 -0.266713
31 0.615813 0.99437 -0.809165 -2.85201 0.401541 0.43994
32 2.24752 0 0 -0.0870316 0.0286895 0.164945
33 1.11936 0 0 -0.0163923 0.195515 0.335226
34 3.71349 0.102637 0.102192 -1.55929 0.352258 -0.0754376
35 1.72615 0 0 -0.0090215 -0.0270639 0.433549
36 1.21112 0 0 -0.00354954 0.0172754 0.394804
37 3.5992 1.06011 0.0708885 -1.55922 0.268145 0.0658116
38 1.66069 0 0 0.0025613 0.0732788 0.257872
39 1.16699 0 0 0.0229141 0.0311174 0.226051
40 2.18853 -0.50104 0.0576591 -1.57004 -0.0521616 -0.225938
41 1.29609 0 0 -0.0116306 -0.0453676 0.43981
42 1.62202 -0.000713348 -0.000471115 0.00160744 -0.0400605 0.393013
43 1.2224 0 0 -0.0156264 -0.0114508 0.393001
44 1.76707 -1.27612 0.0366421 -1.57004 -0.0293955 -0.261465
45 1.55588 0 0 0.0238681 0.022207 0.526994
46 1.24273 0 0 0.000593483 0 0.539287
47 0.784532 0 0 -0.0119649 0.0110774 0.459279
48 0 0 0 0 0 0
49 10.12 -22.2534 -3.80518 2.96209 -0.0294396 -2.40653
50 -3.3008 2.07667 -0.0219364 -1.61332 0 0
51 0.00576639 1.98489 -0.0178735 -1.61332 0 0
52 0.00575733 2.07248 -0.0285532 -1.61332 0 0
53 -3.46175 1.98076 -0.0216691 -1.61332 0 0
54 -3.15015 2.07651 -0.0257416 -1.61332 0 0
55 -1.68436 1.98075 -0.0216706 -1.61332 0 0
56 -1.09015 1.98075 -0.0216689 -1.61332 0 0
57 -1.58629 1.98075 -0.021668 -1.61332 0 0
58 -1.31274 1.98074 -0.0216737 -1.61332 0 0
time 23
0 1.938 -2.84623 -11.5177 0 0 -0.338214
1 6.02795 0 0 -0.719383 0.197982 -0.316423
2 11.7344 0 0 -0.00140281 0 -1.59082
3 8.81138 -0.000450134 -0.000112057 -1.41782 0 0.000157998
4 5.77839 0.000286102 0 -0.949941 0 0.000100974
5 2.23163 -0.000329971 -0.000363827 -0.467881 0 0
6 11.4725 0 0 -1.41512 0.350938 0.356576
7 0.615219 -0.993091 -0.810699 2.61026 0.452332 -0.787569
8 2.24752 0 0 0.136888 -0.110104 0.213811
9 1.11936 0 0 -0.0212102 0.0836398 -0.471476
10 3.71348 -0.102641 0.10219 1.55584 0.763632 0.0690664
11 1.72615 0 0 0.00741433 -0.00946437 -0.776187
12 1.21114 0 0 -0.000460039 0.0176302 -0.623545
13 3.59919 -1.06012 0.0708885 1.55742 0.583032 -0.0701078
14 1.66069 0 0 -0.0175587 0.0481344 -0.572574
15 1.167 0 0 0.000419737 -0.00703708 -0.659767
16 2.18852 0.501039 0.0576591 1.57004 0.0300834 0.225876
17 1.29609 0 0 0.0209817 -0.041874 -0.653439
18 1.62202 0.000713348 -0.000470877 0.0148739 -0.0304652 -0.808982
19 1.22241 0 0 0.0155149 0.0023855 -0.758389
20 1.76707 1.27612 0.0366421 1.57004 0.0188432 0.261428
21 1.55588 0 0 -0.0272201 0.0179406 -0.693615
22 1.24274 0 0 -0.000599467 0 -0.652744
23 0.784522 0 0 0.00767526 -0.00183526 -0.500732
24 -1.93761 -2.84623 -11.5177 -0.000932534 0 3.14159
25 6.02794 0 0 0.83502 0.395693 1.66542
26 11.7344 0 0 0.00140269 0 1.46679
27 8.81167 0 0 -0.485994 0 0
28 5.77884 0 0 -0.325616 0 0
29 2.23249 0 0 -0.160378 0 0
30 11.4725 0 0 -0.435813 -0.243272 -0.266713
31 0.615813 0.99437 -0.809165 -2.85201 0.401541 0.43994
32 2.24752 0 0 -0.0870316 0.0286895 0.164945
33 1.11936 0 0 -0.0163923 0.195515 0.335226
34 3.71349 0.102637 0.102192 -1.55929 0.352258 -0.0754376
35 1.72615 0 0 -0.0090215 -0.0270639 0.433549
36 1.21112 0 0 -0.00354954 0.0172754 0.394804
37 3.5992 1.06011 0.0708885 -1.55922 0.268145 0.0658116
38 1.66069 0 0 0.0025613 0.0732788 0.257872
39 1.16699 0 0 0.0229141 0.0311174 0.226051
40 2.18853 -0.50104 0.0576591 -1.57004 -0.0521616 -0.225938
41 1.29609 0 0 -0.0116306 -0.0453676 0.43981
42 1.62202 -0.000713348 -0.000471115 0.00160744 -0.0400605 0.393013
43 1.2224 0 0 -0.0156264 -0.0114508 0.393001
44 1.76707 -1.27612 0.0366421 -1.57004 -0.0293955 -0.261465
45 1.55588 0 0 0.0238681 0.022207 0.526994
46 1.24273 0 0 0.000593483 0 0.539287
47 0.784532 0 0 -0.0119649 0.0110774 0.459279
48 0 0 0 0 0 0
49 10.12 -22.2534 -3.80518 2.96209 -0.0294396 -2.40653
50 -3.3008 2.07667 -0.0219364 -1.61332 0 0
51 0.00576639 1.98489 -0.0178735 -1.61332 0 0
52 0.00575733 2.07248 -0.0285532 -1.61332 0 0
53 -3.46175 1.98076 -0.0216691 -1.61332 0 0
54 -3.15015 2.07651 -0.0257416 -1.61332 0 0
55 -1.68436 1.98075 -0.0216706 -1.61332 0 0
56 -1.09015 1.98075 -0.0216689 -1.61332 0 0
57 -1.58629 1.98075 -0.021668 -1.61332 0 0
58 -1.31274 1.98074 -0.0216737 -1.61332 0 0
time 24
0 1.938 -2.84623 -11.5177 0 0 -0.338214
1 6.02795 0 0 -0.719383 0.197982 -0.316423
2 11.7344 0 0 -0.00140281 0 -1.59082
3 8.81138 -0.000450134 -0.000112057 -1.41782 0 0.000157998
4 5.77839 0.000286102 0 -0.949941 0 0.000100974
5 2.23163 -0.000329971 -0.000363827 -0.467881 0 0
6 11.4725 0 0 -1.41512 0.350938 0.356576
7 0.615219 -0.993091 -0.810699 2.61026 0.452332 -0.787569
8 2.24752 0 0 0.136888 -0.110104 0.213811
9 1.11936 0 0 -0.0212102 0.0836398 -0.471476
10 3.71348 -0.102641 0.10219 1.55584 0.763632 0.0690664
11 1.72615 0 0 0.00741433 -0.00946437 -0.776187
12 1.21114 0 0 -0.000460039 0.0176302 -0.623545
13 3.59919 -1.06012 0.0708885 1.55742 0.583032 -0.0701078
14 1.66069 0 0 -0.0175587 0.0481344 -0.572574
15 1.167 0 0 0.000419737 -0.00703708 -0.659767
16 2.18852 0.501039 0.0576591 1.57004 0.0300834 0.225876
17 1.29609 0 0 0.0209817 -0.041874 -0.653439
18 1.62202 0.000713348 -0.000470877 0.0148739 -0.0304652 -0.808982
19 1.22241 0 0 0.0155149 0.0023855 -0.758389
20 1.76707 1.27612 0.0366421 1.57004 0.0188432 0.261428
21 1.55588 0 0 -0.0272201 0.0179406 -0.693615
22 1.24274 0 0 -0.000599467 0 -0.652744
23 0.784522 0 0 0.00767526 -0.00183526 -0.500732
24 -1.93761 -2.84623 -11.5177 -0.000932534 0 3.14159
25 6.02794 0 0 0.83502 0.395693 1.66542
26 11.7344 0 0 0.00140269 0 1.46679
27 8.81167 0 0 -0.485994 0 0
28 5.77884 0 0 -0.325616 0 0
29 2.23249 0 0 -0.160378 0 0
30 11.4725 0 0 -0.435813 -0.243272 -0.266713
31 0.615813 0.99437 -0.809165 -2.85201 0.401541 0.43994
32 2.24752 0 0 -0.0870316 0.0286895 0.164945
33 1.11936 0 0 -0.0163923 0.195515 0.335226
34 3.71349 0.102637 0.102192 -1.55929 0.352258 -0.0754376
35 1.72615 0 0 -0.0090215 -0.0270639 0.433549
36 1.21112 0 0 -0.00354954 0.0172754 0.394804
37 3.5992 1.06011 0.0708885 -1.55922 0.268145 0.0658116
38 1.66069 0 0 0.0025613 0.0732788 0.257872
39 1.16699 0 0 0.0229141 0.0311174 0.226051
40 2.18853 -0.50104 0.0576591 -1.57004 -0.0521616 -0.225938
41 1.29609 0 0 -0.0116306 -0.0453676 0.43981
42 1.62202 -0.000713348 -0.000471115 0.00160744 -0.0400605 0.393013
43 1.2224 0 0 -0.0156264 -0.0114508 0.393001
44 1.76707 -1.27612 0.0366421 -1.57004 -0.0293955 -0.261465
45 1.55588 0 0 0.0238681 0.022207 0.526994
46 1.24273 0 0 0.000593483 0 0.539287
47 0.784532 0 0 -0.0119649 0.0110774 0.459279
48 0 0 0 0 0 0
49 10.12 -22.2534 -3.80518 2.96209 -0.0294396 -2.40653
50 -3.3008 2.07667 -0.0219364 -1.61332 0 0
51 0.00576639 1.98489 -0.0178735 -1.61332 0 0
52 0.00575733 2.07248 -0.0285532 -1.61332 0 0
53 -3.46175 1.98076 -0.0216691 -1.61332 0 0
54 -3.15015 2.07651 -0.0257416 -1.61332 0 0
55 -1.68436 1.98075 -0.0216706 -1.61332 0 0
56 -1.09015 1.98075 -0.0216689 -1.61332 0 0
57 -1.58629 1.98075 -0.021668 -1.61332 0 0
58 -1.31274 1.98074 -0.0216737 -1.61332 0 0
time 25
0 1.938 -2.84623 -11.5177 0 0 -0.338214
1 6.02795 0 0 -0.719383 0.197982 -0.316423
2 11.7344 0 0 -0.00140281 0 -1.59082
3 8.81138 -0.000450134 -0.000112057 -1.41782 0 0.000157998
4 5.77839 0.000286102 0 -0.949941 0 0.000100974
5 2.23163 -0.000329971 -0.000363827 -0.467881 0 0
6 11.4725 0 0 -1.41512 0.350938 0.356576
7 0.615219 -0.993091 -0.810699 2.61026 0.452332 -0.787569
8 2.24752 0 0 0.136888 -0.110104 0.213811
9 1.11936 0 0 -0.0212102 0.0836398 -0.471476
10 3.71348 -0.102641 0.10219 1.55584 0.763632 0.0690664
11 1.72615 0 0 0.00741433 -0.00946437 -0.776187
12 1.21114 0 0 -0.000460039 0.0176302 -0.623545
13 3.59919 -1.06012 0.0708885 1.55742 0.583032 -0.0701078
14 1.66069 0 0 -0.0175587 0.0481344 -0.572574
15 1.167 0 0 0.000419737 -0.00703708 -0.659767
16 2.18852 0.501039 0.0576591 1.57004 0.0300834 0.225876
17 1.29609 0 0 0.0209817 -0.041874 -0.653439
18 1.62202 0.000713348 -0.000470877 0.0148739 -0.0304652 -0.808982
19 1.22241 0 0 0.0155149 0.0023855 -0.758389
20 1.76707 1.27612 0.0366421 1.57004 0.0188432 0.261428
21 1.55588 0 0 -0.0272201 0.0179406 -0.693615
22 1.24274 0 0 -0.000599467 0 -0.652744
23 0.784522 0 0 0.00767526 -0.00183526 -0.500732
24 -1.93761 -2.84623 -11.5177 -0.000932534 0 3.14159
25 6.02794 0 0 0.83502 0.395693 1.66542
26 11.7344 0 0 0.00140269 0 1.46679
27 8.81167 0 0 -0.485994 0 0
28 5.77884 0 0 -0.325616 0 0
29 2.23249 0 0 -0.160378 0 0
30 11.4725 0 0 -0.435813 -0.243272 -0.266713
31 0.615813 0.99437 -0.809165 -2.85201 0.401541 0.43994
32 2.24752 0 0 -0.0870316 0.0286895 0.164945
33 1.11936 0 0 -0.0163923 0.195515 0.335226
34 3.71349 0.102637 0.102192 -1.55929 0.352258 -0.0754376
35 1.72615 0 0 -0.0090215 -0.0270639 0.433549
36 1.21112 0 0 -0.00354954 0.0172754 0.394804
37 3.5992 1.06011 0.0708885 -1.55922 0.268145 0.0658116
38 1.66069 0 0 0.0025613 0.0732788 0.257872
39 1.16699 0 0 0.0229141 0.0311174 0.226051
40 2.18853 -0.50104 0.0576591 -1.57004 -0.0521616 -0.225938
41 1.29609 0 0 -0.0116306 -0.0453676 0.43981
42 1.62202 -0.000713348 -0.000471115 0.00160744 -0.0400605 0.393013
43 1.2224 0 0 -0.0156264 -0.0114508 0.393001
44 1.76707 -1.27612 0.0366421 -1.57004 -0.0293955 -0.261465
45 1.55588 0 0 0.0238681 0.022207 0.526994
46 1.24273 0 0 0.000593483 0 0.539287
47 0.784532 0 0 -0.0119649 0.0110774 0.459279
48 0 0 0 0 0 0
49 10.12 -22.2534 -3.80518 2.96209 -0.0294396 -2.40653
50 -3.3008 2.07667 -0.0219364 -1.61332 0 0
51 0.00576639 1.98489 -0.0178735 -1.61332 0 0
52 0.00575733 2.07248 -0.0285532 -1.61332 0 0
53 -3.46175 1.98076 -0.0216691 -1.61332 0 0
54 -3.15015 2.07651 -0.0257416 -1.61332 0 0
55 -1.68436 1.98075 -0.0216706 -1.61332 0 0
56 -1.09015 1.98075 -0.0216689 -1.61332 0 0
57 -1.58629 1.98075 -0.021668 -1.61332 0 0
58 -1.31274 1.98074 -0.0216737 -1.61332 0 0
time 26
0 1.938 -2.84623 -11.5177 0 0 -0.338214
1 6.02795 0 0 -0.719383 0.197982 -0.316423
2 11.7344 0 0 -0.00140281 0 -1.59082
3 8.81138 -0.000450134 -0.000112057 -1.41782 0 0.000157998
4 5.77839 0.000286102 0 -0.949941 0 0.000100974
5 2.23163 -0.000329971 -0.000363827 -0.467881 0 0
6 11.4725 0 0 -1.41512 0.350938 0.356576
7 0.615219 -0.993091 -0.810699 2.61026 0.452332 -0.787569
8 2.24752 0 0 0.136888 -0.110104 0.213811
9 1.11936 0 0 -0.0212102 0.0836398 -0.471476
10 3.71348 -0.102641 0.10219 1.55584 0.763632 0.0690664
11 1.72615 0 0 0.00741433 -0.00946437 -0.776187
12 1.21114 0 0 -0.000460039 0.0176302 -0.623545
13 3.59919 -1.06012 0.0708885 1.55742 0.583032 -0.0701078
14 1.66069 0 0 -0.0175587 0.0481344 -0.572574
15 1.167 0 0 0.000419737 -0.00703708 -0.659767
16 2.18852 0.501039 0.0576591 1.57004 0.0300834 0.225876
17 1.29609 0 0 0.0209817 -0.041874 -0.653439
18 1.62202 0.000713348 -0.000470877 0.0148739 -0.0304652 -0.808982
19 1.22241 0 0 0.0155149 0.0023855 -0.758389
20 1.76707 1.27612 0.0366421 1.57004 0.0188432 0.261428
21 1.55588 0 0 -0.0272201 0.0179406 -0.693615
22 1.24274 0 0 -0.000599467 0 -0.652744
23 0.784522 0 0 0.00767526 -0.00183526 -0.500732
24 -1.93761 -2.84623 -11.5177 -0.000932534 0 3.14159
25 6.02794 0 0 0.83502 0.395693 1.66542
26 11.7344 0 0 0.00140269 0 1.46679
27 8.81167 0 0 -0.485994 0 0
28 5.77884 0 0 -0.325616 0 0
29 2.23249 0 0 -0.160378 0 0
30 11.4725 0 0 -0.435813 -0.243272 -0.266713
31 0.615813 0.99437 -0.809165 -2.85201 0.401541 0.43994
32 2.24752 0 0 -0.0870316 0.0286895 0.164945
33 1.11936 0 0 -0.0163923 0.195515 0.335226
34 3.71349 0.102637 0.102192 -1.55929 0.352258 -0.0754376
35 1.72615 0 0 -0.0090215 -0.0270639 0.433549
36 1.21112 0 0 -0.00354954 0.0172754 0.394804
37 3.5992 1.06011 0.0708885 -1.55922 0.268145 0.0658116
38 1.66069 0 0 0.0025613 0.0732788 0.257872
39 1.16699 0 0 0.0229141 0.0311174 0.226051
40 2.18853 -0.50104 0.0576591 -1.57004 -0.0521616 -0.225938
41 1.29609 0 0 -0.0116306 -0.0453676 0.43981
42 1.62202 -0.000713348 -0.000471115 0.00160744 -0.0400605 0.393013
43 1.2224 0 0 -0.0156264 -0.0114508 0.393001
44 1.76707 -1.27612 0.0366421 -1.57004 -0.0293955 -0.261465
45 1.55588 0 0 0.0238681 0.022207 0.526994
46 1.24273 0 0 0.000593483 0 0.539287
47 0.784532 0 0 -0.0119649 0.0110774 0.459279
48 0 0 0 0 0 0
49 10.12 -22.2534 -3.80518 2.96209 -0.0294396 -2.40653
50 -3.3008 2.07667 -0.0219364 -1.61332 0 0
51 0.00576639 1.98489 -0.0178735 -1.61332 0 0
52 0.00575733 2.07248 -0.0285532 -1.61332 0 0
53 -3.46175 1.98076 -0.0216691 -1.61332 0 0
54 -3.15015 2.07651 -0.0257416 -1.61332 0 0
55 -1.68436 1.98075 -0.0216706 -1.61332 0 0
56 -1.09015 1.98075 -0.0216689 -1.61332 0 0
57 -1.58629 1.98075 -0.021668 -1.61332 0 0
58 -1.31274 1.98074 -0.0216737 -1.61332 0 0
time 27
0 1.938 -2.84623 -11.5177 0 0 -0.338214
1 6.02795 0 0 -0.719383 0.197982 -0.316423
2 11.7344 0 0 -0.00140281 0 -1.59082
3 8.81138 -0.000450134 -0.000112057 -1.41782 0 0.000157998
4 5.77839 0.000286102 0 -0.949941 0 0.000100974
5 2.23163 -0.000329971 -0.000363827 -0.467881 0 0
6 11.4725 0 0 -1.41512 0.350938 0.356576
7 0.615219 -0.993091 -0.810699 2.61026 0.452332 -0.787569
8 2.24752 0 0 0.136888 -0.110104 0.213811
9 1.11936 0 0 -0.0212102 0.0836398 -0.471476
10 3.71348 -0.102641 0.10219 1.55584 0.763632 0.0690664
11 1.72615 0 0 0.00741433 -0.00946437 -0.776187
12 1.21114 0 0 -0.000460039 0.0176302 -0.623545
13 3.59919 -1.06012 0.0708885 1.55742 0.583032 -0.0701078
14 1.66069 0 0 -0.0175587 0.0481344 -0.572574
15 1.167 0 0 0.000419737 -0.00703708 -0.659767
16 2.18852 0.501039 0.0576591 1.57004 0.0300834 0.225876
17 1.29609 0 0 0.0209817 -0.041874 -0.653439
18 1.62202 0.000713348 -0.000470877 0.0148739 -0.0304652 -0.808982
19 1.22241 0 0 0.0155149 0.0023855 -0.758389
20 1.76707 1.27612 0.0366421 1.57004 0.0188432 0.261428
21 1.55588 0 0 -0.0272201 0.0179406 -0.693615
22 1.24274 0 0 -0.000599467 0 -0.652744
23 0.784522 0 0 0.00767526 -0.00183526 -0.500732
24 -1.93761 -2.84623 -11.5177 -0.000932534 0 3.14159
25 6.02794 0 0 0.83502 0.395693 1.66542
26 11.7344 0 0 0.00140269 0 1.46679
27 8.81167 0 0 -0.485994 0 0
28 5.77884 0 0 -0.325616 0 0
29 2.23249 0 0 -0.160378 0 0
30 11.4725 0 0 -0.435813 -0.243272 -0.266713
31 0.615813 0.99437 -0.809165 -2.85201 0.401541 0.43994
32 2.24752 0 0 -0.0870316 0.0286895 0.164945
33 1.11936 0 0 -0.0163923 0.195515 0.335226
34 3.71349 0.102637 0.102192 -1.55929 0.352258 -0.0754376
35 1.72615 0 0 -0.0090215 -0.0270639 0.433549
36 1.21112 0 0 -0.00354954 0.0172754 0.394804
37 3.5992 1.06011 0.0708885 -1.55922 0.268145 0.0658116
38 1.66069 0 0 0.0025613 0.0732788 0.257872
39 1.16699 0 0 0.0229141 0.0311174 0.226051
40 2.18853 -0.50104 0.0576591 -1.57004 -0.0521616 -0.225938
41 1.29609 0 0 -0.0116306 -0.0453676 0.43981
42 1.62202 -0.000713348 -0.000471115 0.00160744 -0.0400605 0.393013
43 1.2224 0 0 -0.0156264 -0.0114508 0.393001
44 1.76707 -1.27612 0.0366421 -1.57004 -0.0293955 -0.261465
45 1.55588 0 0 0.0238681 0.022207 0.526994
46 1.24273 0 0 0.000593483 0 0.539287
47 0.784532 0 0 -0.0119649 0.0110774 0.459279
48 0 0 0 0 0 0
49 10.12 -22.2534 -3.80518 2.96209 -0.0294396 -2.40653
50 -3.3008 2.07667 -0.0219364 -1.61332 0 0
51 0.00576639 1.98489 -0.0178735 -1.61332 0 0
52 0.00575733 2.07248 -0.0285532 -1.61332 0 0
53 -3.46175 1.98076 -0.0216691 -1.61332 0 0
54 -3.15015 2.07651 -0.0257416 -1.61332 0 0
55 -1.68436 1.98075 -0.0216706 -1.61332 0 0
56 -1.09015 1.98075 -0.0216689 -1.61332 0 0
57 -1.58629 1.98075 -0.021668 -1.61332 0 0
58 -1.31274 1.98074 -0.0216737 -1.61332 0 0
time 28
0 1.938 -2.84623 -11.5177 0 0 -0.338214
1 6.02795 0 0 -0.719383 0.197982 -0.316423
2 11.7344 0 0 -0.00140281 0 -1.59082
3 8.81138 -0.000450134 -0.000112057 -1.41782 0 0.000157998
4 5.77839 0.000286102 0 -0.949941 0 0.000100974
5 2.23163 -0.000329971 -0.000363827 -0.467881 0 0
6 11.4725 0 0 -1.41512 0.350938 0.356576
7 0.615219 -0.993091 -0.810699 2.61026 0.452332 -0.787569
8 2.24752 0 0 0.136888 -0.110104 0.213811
9 1.11936 0 0 -0.0212102 0.0836398 -0.471476
10 3.71348 -0.102641 0.10219 1.55584 0.763632 0.0690664
11 1.72615 0 0 0.00741433 -0.00946437 -0.776187
12 1.21114 0 0 -0.000460039 0.0176302 -0.623545
13 3.59919 -1.06012 0.0708885 1.55742 0.583032 -0.0701078
14 1.66069 0 0 -0.0175587 0.0481344 -0.572574
15 1.167 0 0 0.000419737 -0.00703708 -0.659767
16 2.18852 0.501039 0.0576591 1.57004 0.0300834 0.225876
17 1.29609 0 0 0.0209817 -0.041874 -0.653439
18 1.62202 0.000713348 -0.000470877 0.0148739 -0.0304652 -0.808982
19 1.22241 0 0 0.0155149 0.0023855 -0.758389
20 1.76707 1.27612 0.0366421 1.57004 0.0188432 0.261428
21 1.55588 0 0 -0.0272201 0.0179406 -0.693615
22 1.24274 0 0 -0.000599467 0 -0.652744
23 0.784522 0 0 0.00767526 -0.00183526 -0.500732
24 -1.93761 -2.84623 -11.5177 -0.000932534 0 3.14159
25 6.02794 0 0 0.83502 0.395693 1.66542
26 11.7344 0 0 0.00140269 0 1.46679
27 8.81167 0 0 -0.485994 0 0
28 5.77884 0 0 -0.325616 0 0
29 2.23249 0 0 -0.160378 0 0
30 11.4725 0 0 -0.435813 -0.243272 -0.266713
31 0.615813 0.99437 -0.809165 -2.85201 0.401541 0.43994
32 2.24752 0 0 -0.0870316 0.0286895 0.164945
33 1.11936 0 0 -0.0163923 0.195515 0.335226
34 3.71349 0.102637 0.102192 -1.55929 0.352258 -0.0754376
35 1.72615 0 0 -0.0090215 -0.0270639 0.433549
36 1.21112 0 0 -0.00354954 0.0172754 0.394804
37 3.5992 1.06011 0.0708885 -1.55922 0.268145 0.0658116
38 1.66069 0 0 0.0025613 0.0732788 0.257872
39 1.16699 0 0 0.0229141 0.0311174 0.226051
40 2.18853 -0.50104 0.0576591 -1.57004 -0.0521616 -0.225938
41 1.29609 0 0 -0.0116306 -0.0453676 0.43981
42 1.62202 -0.000713348 -0.000471115 0.00160744 -0.0400605 0.393013
43 1.2224 0 0 -0.0156264 -0.0114508 0.393001
44 1.76707 -1.27612 0.0366421 -1.57004 -0.0293955 -0.261465
45 1.55588 0 0 0.0238681 0.022207 0.526994
46 1.24273 0 0 0.000593483 0 0.539287
47 0.784532 0 0 -0.0119649 0.0110774 0.459279
48 0 0 0 0 0 0
49 10.12 -22.2534 -3.80518 2.96209 -0.0294396 -2.40653
50 -3.3008 2.07667 -0.0219364 -1.61332 0 0
51 0.00576639 1.98489 -0.0178735 -1.61332 0 0
52 0.00575733 2.07248 -0.0285532 -1.61332 0 0
53 -3.46175 1.98076 -0.0216691 -1.61332 0 0
54 -3.15015 2.07651 -0.0257416 -1.61332 0 0
55 -1.68436 1.98075 -0.0216706 -1.61332 0 0
56 -1.09015 1.98075 -0.0216689 -1.61332 0 0
57 -1.58629 1.98075 -0.021668 -1.61332 0 0
58 -1.31274 1.98074 -0.0216737 -1.61332 0 0
time 29
0 1.938 -2.84623 -11.5177 0 0 -0.338214
1 6.02795 0 0 -0.719383 0.197982 -0.316423
2 11.7344 0 0 -0.00140281 0 -1.59082
3 8.81138 -0.000450134 -0.000112057 -1.41782 0 0.000157998
4 5.77839 0.000286102 0 -0.949941 0 0.000100974
5 2.23163 -0.000329971 -0.000363827 -0.467881 0 0
6 11.4725 0 0 -1.41512 0.350938 0.356576
7 0.615219 -0.993091 -0.810699 2.61026 0.452332 -0.787569
8 2.24752 0 0 0.136888 -0.110104 0.213811
9 1.11936 0 0 -0.0212102 0.0836398 -0.471476
10 3.71348 -0.102641 0.10219 1.55584 0.763632 0.0690664
11 1.72615 0 0 0.00741433 -0.00946437 -0.776187
12 1.21114 0 0 -0.000460039 0.0176302 -0.623545
13 3.59919 -1.06012 0.0708885 1.55742 0.583032 -0.0701078
14 1.66069 0 0 -0.0175587 0.0481344 -0.572574
15 1.167 0 0 0.000419737 -0.00703708 -0.659767
16 2.18852 0.501039 0.0576591 1.57004 0.0300834 0.225876
17 1.29609 0 0 0.0209817 -0.041874 -0.653439
18 1.62202 0.000713348 -0.000470877 0.0148739 -0.0304652 -0.808982
19 1.22241 0 0 0.0155149 0.0023855 -0.758389
20 1.76707 1.27612 0.0366421 1.57004 0.0188432 0.261428
21 1.55588 0 0 -0.0272201 0.0179406 -0.693615
22 1.24274 0 0 -0.000599467 0 -0.652744
23 0.784522 0 0 0.00767526 -0.00183526 -0.500732
24 -1.93761 -2.84623 -11.5177 -0.000932534 0 3.14159
25 6.02794 0 0 0.83502 0.395693 1.66542
26 11.7344 0 0 0.00140269 0 1.46679
27 8.81167 0 0 -0.485994 0 0
28 5.77884 0 0 -0.325616 0 0
29 2.23249 0 0 -0.160378 0 0
30 11.4725 0 0 -0.435813 -0.243272 -0.266713
31 0.615813 0.99437 -0.809165 -2.85201 0.401541 0.43994
32 2.24752 0 0 -0.0870316 0.0286895 0.164945
33 1.11936 0 0 -0.0163923 0.195515 0.335226
34 3.71349 0.102637 0.102192 -1.55929 0.352258 -0.0754376
35 1.72615 0 0 -0.0090215 -0.0270639 0.433549
36 1.21112 0 0 -0.00354954 0.0172754 0.394804
37 3.5992 1.06011 0.0708885 -1.55922 0.268145 0.0658116
38 1.66069 0 0 0.0025613 0.0732788 0.257872
39 1.16699 0 0 0.0229141 0.0311174 0.226051
40 2.18853 -0.50104 0.0576591 -1.57004 -0.0521616 -0.225938
41 1.29609 0 0 -0.0116306 -0.0453676 0.43981
42 1.62202 -0.000713348 -0.000471115 0.00160744 -0.0400605 0.393013
43 1.2224 0 0 -0.0156264 -0.0114508 0.393001
44 1.76707 -1.27612 0.0366421 -1.57004 -0.0293955 -0.261465
45 1.55588 0 0 0.0238681 0.022207 0.526994
46 1.24273 0 0 0.000593483 0 0.539287
47 0.784532 0 0 -0.0119649 0.0110774 0.459279
48 0 0 0 0 0 0
49 10.12 -22.2534 -3.80518 2.96209 -0.0294396 -2.40653
50 -3.3008 2.07667 -0.0219364 -1.61332 0 0
51 0.00576639 1.98489 -0.0178735 -1.61332 0 0
52 0.00575733 2.07248 -0.0285532 -1.61332 0 0
53 -3.46175 1.98076 -0.0216691 -1.61332 0 0
54 -3.15015 2.07651 -0.0257416 -1.61332 0 0
55 -1.68436 1.98075 -0.0216706 -1.61332 0 0
56 -1.09015 1.98075 -0.0216689 -1.61332 0 0
57 -1.58629 1.98075 -0.021668 -1.61332 0 0
58 -1.31274 1.98074 -0.0216737 -1.61332 0 0
time 30
0 1.938 -2.84623 -11.5177 0 0 -0.338214
1 6.02795 0 0 -0.719383 0.197982 -0.316423
2 11.7344 0 0 -0.00140281 0 -1.59082
3 8.81138 -0.000450134 -0.000112057 -1.41782 0 0.000157998
4 5.77839 0.000286102 0 -0.949941 0 0.000100974
5 2.23163 -0.000329971 -0.000363827 -0.467881 0 0
6 11.4725 0 0 -1.41512 0.350938 0.356576
7 0.615219 -0.993091 -0.810699 2.61026 0.452332 -0.787569
8 2.24752 0 0 0.136888 -0.110104 0.213811
9 1.11936 0 0 -0.0212102 0.0836398 -0.471476
10 3.71348 -0.102641 0.10219 1.55584 0.763632 0.0690664
11 1.72615 0 0 0.00741433 -0.00946437 -0.776187
12 1.21114 0 0 -0.000460039 0.0176302 -0.623545
13 3.59919 -1.06012 0.0708885 1.55742 0.583032 -0.0701078
14 1.66069 0 0 -0.0175587 0.0481344 -0.572574
15 1.167 0 0 0.000419737 -0.00703708 -0.659767
16 2.18852 0.501039 0.0576591 1.57004 0.0300834 0.225876
17 1.29609 0 0 0.0209817 -0.041874 -0.653439
18 1.62202 0.000713348 -0.000470877 0.0148739 -0.0304652 -0.808982
19 1.22241 0 0 0.0155149 0.0023855 -0.758389
20 1.76707 1.27612 0.0366421 1.57004 0.0188432 0.261428
21 1.55588 0 0 -0.0272201 0.0179406 -0.693615
22 1.24274 0 0 -0.000599467 0 -0.652744
23 0.784522 0 0 0.00767526 -0.00183526 -0.500732
24 -1.93761 -2.84623 -11.5177 -0.000932534 0 3.14159
25 6.02794 0 0 0.83502 0.395693 1.66542
26 11.7344 0 0 0.00140269 0 1.46679
27 8.81167 0 0 -0.485994 0 0
28 5.77884 0 0 -0.325616 0 0
29 2.23249 0 0 -0.160378 0 0
30 11.4725 0 0 -0.435813 -0.243272 -0.266713
31 0.615813 0.99437 -0.809165 -2.85201 0.401541 0.43994
32 2.24752 0 0 -0.0870316 0.0286895 0.164945
33 1.11936 0 0 -0.0163923 0.195515 0.335226
34 3.71349 0.102637 0.102192 -1.55929 0.352258 -0.0754376
35 1.72615 0 0 -0.0090215 -0.0270639 0.433549
36 1.21112 0 0 -0.00354954 0.0172754 0.394804
37 3.5992 1.06011 0.0708885 -1.55922 0.268145 0.0658116
38 1.66069 0 0 0.0025613 0.0732788 0.257872
39 1.16699 0 0 0.0229141 0.0311174 0.226051
40 2.18853 -0.50104 0.0576591 -1.57004 -0.0521616 -0.225938
41 1.29609 0 0 -0.0116306 -0.0453676 0.43981
42 1.62202 -0.000713348 -0.000471115 0.00160744 -0.0400605 0.393013
43 1.2224 0 0 -0.0156264 -0.0114508 0.393001
44 1.76707 -1.27612 0.0366421 -1.57004 -0.0293955 -0.261465
45 1.55588 0 0 0.0238681 0.022207 0.526994
46 1.24273 0 0 0.000593483 0 0.539287
47 0.784532 0 0 -0.0119649 0.0110774 0.459279
48 0 0 0 0 0 0
49 10.12 -22.2534 -3.80518 2.96209 -0.0294396 -2.40653
50 -3.3008 2.07667 -0.0219364 -1.61332 0 0
51 0.00576639 1.98489 -0.0178735 -1.61332 0 0
52 0.00575733 2.07248 -0.0285532 -1.61332 0 0
53 -3.46175 1.98076 -0.0216691 -1.61332 0 0
54 -3.15015 2.07651 -0.0257416 -1.61332 0 0
55 -1.68436 1.98075 -0.0216706 -1.61332 0 0
56 -1.09015 1.98075 -0.0216689 -1.61332 0 0
57 -1.58629 1.98075 -0.021668 -1.61332 0 0
58 -1.31274 1.98074 -0.0216737 -1.61332 0 0
time 31
0 1.938 -2.84623 -11.5177 0 0 -0.338214
1 6.02795 0 0 -0.719383 0.197982 -0.316423
2 11.7344 0 0 -0.00140281 0 -1.59082
3 8.81138 -0.000450134 -0.000112057 -1.41782 0 0.000157998
4 5.77839 0.000286102 0 -0.949941 0 0.000100974
5 2.23163 -0.000329971 -0.000363827 -0.467881 0 0
6 11.4725 0 0 -1.41512 0.350938 0.356576
7 0.615219 -0.993091 -0.810699 2.61026 0.452332 -0.787569
8 2.24752 0 0 0.136888 -0.110104 0.213811
9 1.11936 0 0 -0.0212102 0.0836398 -0.471476
10 3.71348 -0.102641 0.10219 1.55584 0.763632 0.0690664
11 1.72615 0 0 0.00741433 -0.00946437 -0.776187
12 1.21114 0 0 -0.000460039 0.0176302 -0.623545
13 3.59919 -1.06012 0.0708885 1.55742 0.583032 -0.0701078
14 1.66069 0 0 -0.0175587 0.0481344 -0.572574
15 1.167 0 0 0.000419737 -0.00703708 -0.659767
16 2.18852 0.501039 0.0576591 1.57004 0.0300834 0.225876
17 1.29609 0 0 0.0209817 -0.041874 -0.653439
18 1.62202 0.000713348 -0.000470877 0.0148739 -0.0304652 -0.808982
19 1.22241 0 0 0.0155149 0.0023855 -0.758389
20 1.76707 1.27612 0.0366421 1.57004 0.0188432 0.261428
21 1.55588 0 0 -0.0272201 0.0179406 -0.693615
22 1.24274 0 0 -0.000599467 0 -0.652744
23 0.784522 0 0 0.00767526 -0.00183526 -0.500732
24 -1.93761 -2.84623 -11.5177 -0.000932534 0 3.14159
25 6.02794 0 0 0.83502 0.395693 1.66542
26 11.7344 0 0 0.00140269 0 1.46679
27 8.81167 0 0 -0.485994 0 0
28 5.77884 0 0 -0.325616 0 0
29 2.23249 0 0 -0.160378 0 0
30 11.4725 0 0 -0.435813 -0.243272 -0.266713
31 0.615813 0.99437 -0.809165 -2.85201 0.401541 0.43994
32 2.24752 0 0 -0.0870316 0.0286895 0.164945
33 1.11936 0 0 -0.0163923 0.195515 0.335226
34 3.71349 0.102637 0.102192 -1.55929 0.352258 -0.0754376
35 1.72615 0 0 -0.0090215 -0.0270639 0.433549
36 1.21112 0 0 -0.00354954 0.0172754 0.394804
37 3.5992 1.06011 0.0708885 -1.55922 0.268145 0.0658116
38 1.66069 0 0 0.0025613 0.0732788 0.257872
39 1.16699 0 0 0.0229141 0.0311174 0.226051
40 2.18853 -0.50104 0.0576591 -1.57004 -0.0521616 -0.225938
41 1.29609 0 0 -0.0116306 -0.0453676 0.43981
42 1.62202 -0.000713348 -0.000471115 0.00160744 -0.0400605 0.393013
43 1.2224 0 0 -0.0156264 -0.0114508 0.393001
44 1.76707 -1.27612 0.0366421 -1.57004 -0.0293955 -0.261465
45 1.55588 0 0 0.0238681 0.022207 0.526994
46 1.24273 0 0 0.000593483 0 0.539287
47 0.784532 0 0 -0.0119649 0.0110774 0.459279
48 0 0 0 0 0 0
49 10.12 -22.2534 -3.80518 2.96209 -0.0294396 -2.40653
50 -3.3008 2.07667 -0.0219364 -1.61332 0 0
51 0.00576639 1.98489 -0.0178735 -1.61332 0 0
52 0.00575733 2.07248 -0.0285532 -1.61332 0 0
53 -3.46175 1.98076 -0.0216691 -1.61332 0 0
54 -3.15015 2.07651 -0.0257416 -1.61332 0 0
55 -1.68436 1.98075 -0.0216706 -1.61332 0 0
56 -1.09015 1.98075 -0.0216689 -1.61332 0 0
57 -1.58629 1.98075 -0.021668 -1.61332 0 0
58 -1.31274 1.98074 -0.0216737 -1.61332 0 0
time 32
0 1.938 -2.84623 -11.5177 0 0 -0.338214
1 6.02795 0 0 -0.719383 0.197982 -0.316423
2 11.7344 0 0 -0.00140281 0 -1.59082
3 8.81138 -0.000450134 -0.000112057 -1.41782 0 0.000157998
4 5.77839 0.000286102 0 -0.949941 0 0.000100974
5 2.23163 -0.000329971 -0.000363827 -0.467881 0 0
6 11.4725 0 0 -1.41512 0.350938 0.356576
7 0.615219 -0.993091 -0.810699 2.61026 0.452332 -0.787569
8 2.24752 0 0 0.136888 -0.110104 0.213811
9 1.11936 0 0 -0.0212102 0.0836398 -0.471476
10 3.71348 -0.102641 0.10219 1.55584 0.763632 0.0690664
11 1.72615 0 0 0.00741433 -0.00946437 -0.776187
12 1.21114 0 0 -0.000460039 0.0176302 -0.623545
13 3.59919 -1.06012 0.0708885 1.55742 0.583032 -0.0701078
14 1.66069 0 0 -0.0175587 0.0481344 -0.572574
15 1.167 0 0 0.000419737 -0.00703708 -0.659767
16 2.18852 0.501039 0.0576591 1.57004 0.0300834 0.225876
17 1.29609 0 0 0.0209817 -0.041874 -0.653439
18 1.62202 0.000713348 -0.000470877 0.0148739 -0.0304652 -0.808982
19 1.22241 0 0 0.0155149 0.0023855 -0.758389
20 1.76707 1.27612 0.0366421 1.57004 0.0188432 0.261428
21 1.55588 0 0 -0.0272201 0.0179406 -0.693615
22 1.24274 0 0 -0.000599467 0 -0.652744
23 0.784522 0 0 0.00767526 -0.00183526 -0.500732
24 -1.93761 -2.84623 -11.5177 -0.000932534 0 3.14159
25 6.02794 0 0 0.83502 0.395693 1.66542
26 11.7344 0 0 0.00140269 0 1.46679
27 8.81167 0 0 -0.485994 0 0
28 5.77884 0 0 -0.325616 0 0
29 2.23249 0 0 -0.160378 0 0
30 11.4725 0 0 -0.435813 -0.243272 -0.266713
31 0.615813 0.99437 -0.809165 -2.85201 0.401541 0.43994
32 2.24752 0 0 -0.0870316 0.0286895 0.164945
33 1.11936 0 0 -0.0163923 0.195515 0.335226
34 3.71349 0.102637 0.102192 -1.55929 0.352258 -0.0754376
35 1.72615 0 0 -0.0090215 -0.0270639 0.433549
36 1.21112 0 0 -0.00354954 0.0172754 0.394804
37 3.5992 1.06011 0.0708885 -1.55922 0.268145 0.0658116
38 1.66069 0 0 0.0025613 0.0732788 0.257872
39 1.16699 0 0 0.0229141 0.0311174 0.226051
40 2.18853 -0.50104 0.0576591 -1.57004 -0.0521616 -0.225938
41 1.29609 0 0 -0.0116306 -0.0453676 0.43981
42 1.62202 -0.000713348 -0.000471115 0.00160744 -0.0400605 0.393013
43 1.2224 0 0 -0.0156264 -0.0114508 0.393001
44 1.76707 -1.27612 0.0366421 -1.57004 -0.0293955 -0.261465
45 1.55588 0 0 0.0238681 0.022207 0.526994
46 1.24273 0 0 0.000593483 0 0.539287
47 0.784532 0 0 -0.0119649 0.0110774 0.459279
48 0 0 0 0 0 0
49 10.12 -22.2534 -3.80518 2.96209 -0.0294396 -2.40653
50 -3.3008 2.07667 -0.0219364 -1.61332 0 0
51 0.00576639 1.98489 -0.0178735 -1.61332 0 0
52 0.00575733 2.07248 -0.0285532 -1.61332 0 0
53 -3.46175 1.98076 -0.0216691 -1.61332 0 0
54 -3.15015 2.07651 -0.0257416 -1.61332 0 0
55 -1.68436 1.98075 -0.0216706 -1.61332 0 0
56 -1.09015 1.98075 -0.0216689 -1.61332 0 0
57 -1.58629 1.98075 -0.021668 -1.61332 0 0
58 -1.31274 1.98074 -0.0216737 -1.61332 0 0
time 33
0 1.938 -2.84623 -11.5177 0 0 -0.338214
1 6.02795 0 0 -0.719383 0.197982 -0.316423
2 11.7344 0 0 -0.00140281 0 -1.59082
3 8.81138 -0.000450134 -0.000112057 -1.41782 0 0.000157998
4 5.77839 0.000286102 0 -0.949941 0 0.000100974
5 2.23163 -0.000329971 -0.000363827 -0.467881 0 0
6 11.4725 0 0 -1.41512 0.350938 0.356576
7 0.615219 -0.993091 -0.810699 2.61026 0.452332 -0.787569
8 2.24752 0 0 0.136888 -0.110104 0.213811
9 1.11936 0 0 -0.0212102 0.0836398 -0.471476
10 3.71348 -0.102641 0.10219 1.55584 0.763632 0.0690664
11 1.72615 0 0 0.00741433 -0.00946437 -0.776187
12 1.21114 0 0 -0.000460039 0.0176302 -0.623545
13 3.59919 -1.06012 0.0708885 1.55742 0.583032 -0.0701078
14 1.66069 0 0 -0.0175587 0.0481344 -0.572574
15 1.167 0 0 0.000419737 -0.00703708 -0.659767
16 2.18852 0.501039 0.0576591 1.57004 0.0300834 0.225876
17 1.29609 0 0 0.0209817 -0.041874 -0.653439
18 1.62202 0.000713348 -0.000470877 0.0148739 -0.0304652 -0.808982
19 1.22241 0 0 0.0155149 0.0023855 -0.758389
20 1.76707 1.27612 0.0366421 1.57004 0.0188432 0.261428
21 1.55588 0 0 -0.0272201 0.0179406 -0.693615
22 1.24274 0 0 -0.000599467 0 -0.652744
23 0.784522 0 0 0.00767526 -0.00183526 -0.500732
24 -1.93761 -2.84623 -11.5177 -0.000932534 0 3.14159
25 6.02794 0 0 0.83502 0.395693 1.66542
26 11.7344 0 0 0.00140269 0 1.46679
27 8.81167 0 0 -0.485994 0 0
28 5.77884 0 0 -0.325616 0 0
29 2.23249 0 0 -0.160378 0 0
30 11.4725 0 0 -0.435813 -0.243272 -0.266713
31 0.615813 0.99437 -0.809165 -2.85201 0.401541 0.43994
32 2.24752 0 0 -0.0870316 0.0286895 0.164945
33 1.11936 0 0 -0.0163923 0.195515 0.335226
34 3.71349 0.102637 0.102192 -1.55929 0.352258 -0.0754376
35 1.72615 0 0 -0.0090215 -0.0270639 0.433549
36 1.21112 0 0 -0.00354954 0.0172754 0.394804
37 3.5992 1.06011 0.0708885 -1.55922 0.268145 0.0658116
38 1.66069 0 0 0.0025613 0.0732788 0.257872
39 1.16699 0 0 0.0229141 0.0311174 0.226051
40 2.18853 -0.50104 0.0576591 -1.57004 -0.0521616 -0.225938
41 1.29609 0 0 -0.0116306 -0.0453676 0.43981
42 1.62202 -0.000713348 -0.000471115 0.00160744 -0.0400605 0.393013
43 1.2224 0 0 -0.0156264 -0.0114508 0.393001
44 1.76707 -1.27612 0.0366421 -1.57004 -0.0293955 -0.261465
45 1.55588 0 0 0.0238681 0.022207 0.526994
46 1.24273 0 0 0.000593483 0 0.539287
47 0.784532 0 0 -0.0119649 0.0110774 0.459279
48 0 0 0 0 0 0
49 10.12 -22.2534 -3.80518 2.96209 -0.0294396 -2.40653
50 -3.3008 2.07667 -0.0219364 -1.61332 0 0
51 0.00576639 1.98489 -0.0178735 -1.61332 0 0
52 0.00575733 2.07248 -0.0285532 -1.61332 0 0
53 -3.46175 1.98076 -0.0216691 -1.61332 0 0
54 -3.15015 2.07651 -0.0257416 -1.61332 0 0
55 -1.68436 1.98075 -0.0216706 -1.61332 0 0
56 -1.09015 1.98075 -0.0216689 -1.61332 0 0
57 -1.58629 1.98075 -0.021668 -1.61332 0 0
58 -1.31274 1.98074 -0.0216737 -1.61332 0 0
time 34
0 1.938 -2.84623 -11.5177 0 0 -0.338214
1 6.02795 0 0 -0.719383 0.197982 -0.316423
2 11.7344 0 0 -0.00140281 0 -1.59082
3 8.81138 -0.000450134 -0.000112057 -1.41782 0 0.000157998
4 5.77839 0.000286102 0 -0.949941 0 0.000100974
5 2.23163 -0.000329971 -0.000363827 -0.467881 0 0
6 11.4725 0 0 -1.41512 0.350938 0.356576
7 0.615219 -0.993091 -0.810699 2.61026 0.452332 -0.787569
8 2.24752 0 0 0.136888 -0.110104 0.213811
9 1.11936 0 0 -0.0212102 0.0836398 -0.471476
10 3.71348 -0.102641 0.10219 1.55584 0.763632 0.0690664
11 1.72615 0 0 0.00741433 -0.00946437 -0.776187
12 1.21114 0 0 -0.000460039 0.0176302 -0.623545
13 3.59919 -1.06012 0.0708885 1.55742 0.583032 -0.0701078
14 1.66069 0 0 -0.0175587 0.0481344 -0.572574
15 1.167 0 0 0.000419737 -0.00703708 -0.659767
16 2.18852 0.501039 0.0576591 1.57004 0.0300834 0.225876
17 1.29609 0 0 0.0209817 -0.041874 -0.653439
18 1.62202 0.000713348 -0.000470877 0.0148739 -0.0304652 -0.808982
19 1.22241 0 0 0.0155149 0.0023855 -0.758389
20 1.76707 1.27612 0.0366421 1.57004 0.0188432 0.261428
21 1.55588 0 0 -0.0272201 0.0179406 -0.693615
22 1.24274 0 0 -0.000599467 0 -0.652744
23 0.784522 0 0 0.00767526 -0.00183526 -0.500732
24 -1.93761 -2.84623 -11.5177 -0.000932534 0 3.14159
25 6.02794 0 0 0.83502 0.395693 1.66542
26 11.7344 0 0 0.00140269 0 1.46679
27 8.81167 0 0 -0.485994 0 0
28 5.77884 0 0 -0.325616 0 0
29 2.23249 0 0 -0.160378 0 0
30 11.4725 0 0 -0.435813 -0.243272 -0.266713
31 0.615813 0.99437 -0.809165 -2.85201 0.401541 0.43994
32 2.24752 0 0 -0.0870316 0.0286895 0.164945
33 1.11936 0 0 -0.0163923 0.195515 0.335226
34 3.71349 0.102637 0.102192 -1.55929 0.352258 -0.0754376
35 1.72615 0 0 -0.0090215 -0.0270639 0.433549
36 1.21112 0 0 -0.00354954 0.0172754 0.394804
37 3.5992 1.06011 0.0708885 -1.55922 0.268145 0.0658116
38 1.66069 0 0 0.0025613 0.0732788 0.257872
39 1.16699 0 0 0.0229141 0.0311174 0.226051
40 2.18853 -0.50104 0.0576591 -1.57004 -0.0521616 -0.225938
41 1.29609 0 0 -0.0116306 -0.0453676 0.43981
42 1.62202 -0.000713348 -0.000471115 0.00160744 -0.0400605 0.393013
43 1.2224 0 0 -0.0156264 -0.0114508 0.393001
44 1.76707 -1.27612 0.0366421 -1.57004 -0.0293955 -0.261465
45 1.55588 0 0 0.0238681 0.022207 0.526994
46 1.24273 0 0 0.000593483 0 0.539287
47 0.784532 0 0 -0.0119649 0.0110774 0.459279
48 0 0 0 0 0 0
49 10.12 -22.2534 -3.80518 2.96209 -0.0294396 -2.40653
50 -3.3008 2.07667 -0.0219364 -1.61332 0 0
51 0.00576639 1.98489 -0.0178735 -1.61332 0 0
52 0.00575733 2.07248 -0.0285532 -1.61332 0 0
53 -3.46175 1.98076 -0.0216691 -1.61332 0 0
54 -3.15015 2.07651 -0.0257416 -1.61332 0 0
55 -1.68436 1.98075 -0.0216706 -1.61332 0 0
56 -1.09015 1.98075 -0.0216689 -1.61332 0 0
57 -1.58629 1.98075 -0.021668 -1.61332 0 0
58 -1.31274 1.98074 -0.0216737 -1.61332 0 0
time 35
0 1.938 -2.84623 -11.5177 0 0 -0.338214
1 6.02795 0 0 -0.719383 0.197982 -0.316423
2 11.7344 0 0 -0.00140281 0 -1.59082
3 8.81138 -0.000450134 -0.000112057 -1.41782 0 0.000157998
4 5.77839 0.000286102 0 -0.949941 0 0.000100974
5 2.23163 -0.000329971 -0.000363827 -0.467881 0 0
6 11.4725 0 0 -1.41512 0.350938 0.356576
7 0.615219 -0.993091 -0.810699 2.61026 0.452332 -0.787569
8 2.24752 0 0 0.136888 -0.110104 0.213811
9 1.11936 0 0 -0.0212102 0.0836398 -0.471476
10 3.71348 -0.102641 0.10219 1.55584 0.763632 0.0690664
11 1.72615 0 0 0.00741433 -0.00946437 -0.776187
12 1.21114 0 0 -0.000460039 0.0176302 -0.623545
13 3.59919 -1.06012 0.0708885 1.55742 0.583032 -0.0701078
14 1.66069 0 0 -0.0175587 0.0481344 -0.572574
15 1.167 0 0 0.000419737 -0.00703708 -0.659767
16 2.18852 0.501039 0.0576591 1.57004 0.0300834 0.225876
17 1.29609 0 0 0.0209817 -0.041874 -0.653439
18 1.62202 0.000713348 -0.000470877 0.0148739 -0.0304652 -0.808982
19 1.22241 0 0 0.0155149 0.0023855 -0.758389
20 1.76707 1.27612 0.0366421 1.57004 0.0188432 0.261428
21 1.55588 0 0 -0.0272201 0.0179406 -0.693615
22 1.24274 0 0 -0.000599467 0 -0.652744
23 0.784522 0 0 0.00767526 -0.00183526 -0.500732
24 -1.93761 -2.84623 -11.5177 -0.000932534 0 3.14159
25 6.02794 0 0 0.83502 0.395693 1.66542
26 11.7344 0 0 0.00140269 0 1.46679
27 8.81167 0 0 -0.485994 0 0
28 5.77884 0 0 -0.325616 0 0
29 2.23249 0 0 -0.160378 0 0
30 11.4725 0 0 -0.435813 -0.243272 -0.266713
31 0.615813 0.99437 -0.809165 -2.85201 0.401541 0.43994
32 2.24752 0 0 -0.0870316 0.0286895 0.164945
33 1.11936 0 0 -0.0163923 0.195515 0.335226
34 3.71349 0.102637 0.102192 -1.55929 0.352258 -0.0754376
35 1.72615 0 0 -0.0090215 -0.0270639 0.433549
36 1.21112 0 0 -0.00354954 0.0172754 0.394804
37 3.5992 1.06011 0.0708885 -1.55922 0.268145 0.0658116
38 1.66069 0 0 0.0025613 0.0732788 0.257872
39 1.16699 0 0 0.0229141 0.0311174 0.226051
40 2.18853 -0.50104 0.0576591 -1.57004 -0.0521616 -0.225938
41 1.29609 0 0 -0.0116306 -0.0453676 0.43981
42 1.62202 -0.000713348 -0.000471115 0.00160744 -0.0400605 0.393013
43 1.2224 0 0 -0.0156264 -0.0114508 0.393001
44 1.76707 -1.27612 0.0366421 -1.57004 -0.0293955 -0.261465
45 1.55588 0 0 0.0238681 0.022207 0.526994
46 1.24273 0 0 0.000593483 0 0.539287
47 0.784532 0 0 -0.0119649 0.0110774 0.459279
48 0 0 0 0 0 0
49 10.12 -22.2534 -3.80518 2.96209 -0.0294396 -2.40653
50 -3.3008 2.07667 -0.0219364 -1.61332 0 0
51 0.00576639 1.98489 -0.0178735 -1.61332 0 0
52 0.00575733 2.07248 -0.0285532 -1.61332 0 0
53 -3.46175 1.98076 -0.0216691 -1.61332 0 0
54 -3.15015 2.07651 -0.0257416 -1.61332 0 0
55 -1.68436 1.98075 -0.0216706 -1.61332 0 0
56 -1.09015 1.98075 -0.0216689 -1.61332 0 0
57 -1.58629 1.98075 -0.021668 -1.61332 0 0
58 -1.31274 1.98074 -0.0216737 -1.61332 0 0
time 36
0 1.938 -2.84623 -11.5177 0 0 -0.338214
1 6.02795 0 0 -0.719383 0.197982 -0.316423
2 11.7344 0 0 -0.00140281 0 -1.59082
3 8.81138 -0.000450134 -0.000112057 -1.41782 0 0.000157998
4 5.77839 0.000286102 0 -0.949941 0 0.000100974
5 2.23163 -0.000329971 -0.000363827 -0.467881 0 0
6 11.4725 0 0 -1.41512 0.350938 0.356576
7 0.615219 -0.993091 -0.810699 2.61026 0.452332 -0.787569
8 2.24752 0 0 0.136888 -0.110104 0.213811
9 1.11936 0 0 -0.0212102 0.0836398 -0.471476
10 3.71348 -0.102641 0.10219 1.55584 0.763632 0.0690664
11 1.72615 0 0 0.00741433 -0.00946437 -0.776187
12 1.21114 0 0 -0.000460039 0.0176302 -0.623545
13 3.59919 -1.06012 0.0708885 1.55742 0.583032 -0.0701078
14 1.66069 0 0 -0.0175587 0.0481344 -0.572574
15 1.167 0 0 0.000419737 -0.00703708 -0.659767
16 2.18852 0.501039 0.0576591 1.57004 0.0300834 0.225876
17 1.29609 0 0 0.0209817 -0.041874 -0.653439
18 1.62202 0.000713348 -0.000470877 0.0148739 -0.0304652 -0.808982
19 1.22241 0 0 0.0155149 0.0023855 -0.758389
20 1.76707 1.27612 0.0366421 1.57004 0.0188432 0.261428
21 1.55588 0 0 -0.0272201 0.0179406 -0.693615
22 1.24274 0 0 -0.000599467 0 -0.652744
23 0.784522 0 0 0.00767526 -0.00183526 -0.500732
24 -1.93761 -2.84623 -11.5177 -0.000932534 0 3.14159
25 6.02794 0 0 0.83502 0.395693 1.66542
26 11.7344 0 0 0.00140269 0 1.46679
27 8.81167 0 0 -0.485994 0 0
28 5.77884 0 0 -0.325616 0 0
29 2.23249 0 0 -0.160378 0 0
30 11.4725 0 0 -0.435813 -0.243272 -0.266713
31 0.615813 0.99437 -0.809165 -2.85201 0.401541 0.43994
32 2.24752 0 0 -0.0870316 0.0286895 0.164945
33 1.11936 0 0 -0.0163923 0.195515 0.335226
34 3.71349 0.102637 0.102192 -1.55929 0.352258 -0.0754376
35 1.72615 0 0 -0.0090215 -0.0270639 0.433549
36 1.21112 0 0 -0.00354954 0.0172754 0.394804
37 3.5992 1.06011 0.0708885 -1.55922 0.268145 0.0658116
38 1.66069 0 0 0.0025613 0.0732788 0.257872
39 1.16699 0 0 0.0229141 0.0311174 0.226051
40 2.18853 -0.50104 0.0576591 -1.57004 -0.0521616 -0.225938
41 1.29609 0 0 -0.0116306 -0.0453676 0.43981
42 1.62202 -0.000713348 -0.000471115 0.00160744 -0.0400605 0.393013
43 1.2224 0 0 -0.0156264 -0.0114508 0.393001
44 1.76707 -1.27612 0.0366421 -1.57004 -0.0293955 -0.261465
45 1.55588 0 0 0.0238681 0.022207 0.526994
46 1.24273 0 0 0.000593483 0 0.539287
47 0.784532 0 0 -0.0119649 0.0110774 0.459279
48 0 0 0 0 0 0
49 10.12 -22.2534 -3.80518 2.96209 -0.0294396 -2.40653
50 -3.3008 2.07667 -0.0219364 -1.61332 0 0
51 0.00576639 1.98489 -0.0178735 -1.61332 0 0
52 0.00575733 2.07248 -0.0285532 -1.61332 0 0
53 -3.46175 1.98076 -0.0216691 -1.61332 0 0
54 -3.15015 2.07651 -0.0257416 -1.61332 0 0
55 -1.68436 1.98075 -0.0216706 -1.61332 0 0
56 -1.09015 1.98075 -0.0216689 -1.61332 0 0
57 -1.58629 1.98075 -0.021668 -1.61332 0 0
58 -1.31274 1.98074 -0.0216737 -1.61332 0 0
time 37
0 1.938 -2.84623 -11.5177 0 0 -0.338214
1 6.02795 0 0 -0.719383 0.197982 -0.316423
2 11.7344 0 0 -0.00140281 0 -1.59082
3 8.81138 -0.000450134 -0.000112057 -1.41782 0 0.000157998
4 5.77839 0.000286102 0 -0.949941 0 0.000100974
5 2.23163 -0.000329971 -0.000363827 -0.467881 0 0
6 11.4725 0 0 -1.41512 0.350938 0.356576
7 0.615219 -0.993091 -0.810699 2.61026 0.452332 -0.787569
8 2.24752 0 0 0.136888 -0.110104 0.213811
9 1.11936 0 0 -0.0212102 0.0836398 -0.471476
10 3.71348 -0.102641 0.10219 1.55584 0.763632 0.0690664
11 1.72615 0 0 0.00741433 -0.00946437 -0.776187
12 1.21114 0 0 -0.000460039 0.0176302 -0.623545
13 3.59919 -1.06012 0.0708885 1.55742 0.583032 -0.0701078
14 1.66069 0 0 -0.0175587 0.0481344 -0.572574
15 1.167 0 0 0.000419737 -0.00703708 -0.659767
16 2.18852 0.501039 0.0576591 1.57004 0.0300834 0.225876
17 1.29609 0 0 0.0209817 -0.041874 -0.653439
18 1.62202 0.000713348 -0.000470877 0.0148739 -0.0304652 -0.808982
19 1.22241 0 0 0.0155149 0.0023855 -0.758389
20 1.76707 1.27612 0.0366421 1.57004 0.0188432 0.261428
21 1.55588 0 0 -0.0272201 0.0179406 -0.693615
22 1.24274 0 0 -0.000599467 0 -0.652744
23 0.784522 0 0 0.00767526 -0.00183526 -0.500732
24 -1.93761 -2.84623 -11.5177 -0.000932534 0 3.14159
25 6.02794 0 0 0.83502 0.395693 1.66542
26 11.7344 0 0 0.00140269 0 1.46679
27 8.81167 0 0 -0.485994 0 0
28 5.77884 0 0 -0.325616 0 0
29 2.23249 0 0 -0.160378 0 0
30 11.4725 0 0 -0.435813 -0.243272 -0.266713
31 0.615813 0.99437 -0.809165 -2.85201 0.401541 0.43994
32 2.24752 0 0 -0.0870316 0.0286895 0.164945
33 1.11936 0 0 -0.0163923 0.195515 0.335226
34 3.71349 0.102637 0.102192 -1.55929 0.352258 -0.0754376
35 1.72615 0 0 -0.0090215 -0.0270639 0.433549
36 1.21112 0 0 -0.00354954 0.0172754 0.394804
37 3.5992 1.06011 0.0708885 -1.55922 0.268145 0.0658116
38 1.66069 0 0 0.0025613 0.0732788 0.257872
39 1.16699 0 0 0.0229141 0.0311174 0.226051
40 2.18853 -0.50104 0.0576591 -1.57004 -0.0521616 -0.225938
41 1.29609 0 0 -0.0116306 -0.0453676 0.43981
42 1.62202 -0.000713348 -0.000471115 0.00160744 -0.0400605 0.393013
43 1.2224 0 0 -0.0156264 -0.0114508 0.393001
44 1.76707 -1.27612 0.0366421 -1.57004 -0.0293955 -0.261465
45 1.55588 0 0 0.0238681 0.022207 0.526994
46 1.24273 0 0 0.000593483 0 0.539287
47 0.784532 0 0 -0.0119649 0.0110774 0.459279
48 0 0 0 0 0 0
49 10.12 -22.2534 -3.80518 2.96209 -0.0294396 -2.40653
50 -3.3008 2.07667 -0.0219364 -1.61332 0 0
51 0.00576639 1.98489 -0.0178735 -1.61332 0 0
52 0.00575733 2.07248 -0.0285532 -1.61332 0 0
53 -3.46175 1.98076 -0.0216691 -1.61332 0 0
54 -3.15015 2.07651 -0.0257416 -1.61332 0 0
55 -1.68436 1.98075 -0.0216706 -1.61332 0 0
56 -1.09015 1.98075 -0.0216689 -1.61332 0 0
57 -1.58629 1.98075 -0.021668 -1.61332 0 0
58 -1.31274 1.98074 -0.0216737 -1.61332 0 0
time 38
0 1.938 -2.84623 -11.5177 0 0 -0.338214
1 6.02795 0 0 -0.719383 0.197982 -0.316423
2 11.7344 0 0 -0.00140281 0 -1.59082
3 8.81138 -0.000450134 -0.000112057 -1.41782 0 0.000157998
4 5.77839 0.000286102 0 -0.949941 0 0.000100974
5 2.23163 -0.000329971 -0.000363827 -0.467881 0 0
6 11.4725 0 0 -1.41512 0.350938 0.356576
7 0.615219 -0.993091 -0.810699 2.61026 0.452332 -0.787569
8 2.24752 0 0 0.136888 -0.110104 0.213811
9 1.11936 0 0 -0.0212102 0.0836398 -0.471476
10 3.71348 -0.102641 0.10219 1.55584 0.763632 0.0690664
11 1.72615 0 0 0.00741433 -0.00946437 -0.776187
12 1.21114 0 0 -0.000460039 0.0176302 -0.623545
13 3.59919 -1.06012 0.0708885 1.55742 0.583032 -0.0701078
14 1.66069 0 0 -0.0175587 0.0481344 -0.572574
15 1.167 0 0 0.000419737 -0.00703708 -0.659767
16 2.18852 0.501039 0.0576591 1.57004 0.0300834 0.225876
17 1.29609 0 0 0.0209817 -0.041874 -0.653439
18 1.62202 0.000713348 -0.000470877 0.0148739 -0.0304652 -0.808982
19 1.22241 0 0 0.0155149 0.0023855 -0.758389
20 1.76707 1.27612 0.0366421 1.57004 0.0188432 0.261428
21 1.55588 0 0 -0.0272201 0.0179406 -0.693615
22 1.24274 0 0 -0.000599467 0 -0.652744
23 0.784522 0 0 0.00767526 -0.00183526 -0.500732
24 -1.93761 -2.84623 -11.5177 -0.000932534 0 3.14159
25 6.02794 0 0 0.83502 0.395693 1.66542
26 11.7344 0 0 0.00140269 0 1.46679
27 8.81167 0 0 -0.485994 0 0
28 5.77884 0 0 -0.325616 0 0
29 2.23249 0 0 -0.160378 0 0
30 11.4725 0 0 -0.435813 -0.243272 -0.266713
31 0.615813 0.99437 -0.809165 -2.85201 0.401541 0.43994
32 2.24752 0 0 -0.0870316 0.0286895 0.164945
33 1.11936 0 0 -0.0163923 0.195515 0.335226
34 3.71349 0.102637 0.102192 -1.55929 0.352258 -0.0754376
35 1.72615 0 0 -0.0090215 -0.0270639 0.433549
36 1.21112 0 0 -0.00354954 0.0172754 0.394804
37 3.5992 1.06011 0.0708885 -1.55922 0.268145 0.0658116
38 1.66069 0 0 0.0025613 0.0732788 0.257872
39 1.16699 0 0 0.0229141 0.0311174 0.226051
40 2.18853 -0.50104 0.0576591 -1.57004 -0.0521616 -0.225938
41 1.29609 0 0 -0.0116306 -0.0453676 0.43981
42 1.62202 -0.000713348 -0.000471115 0.00160744 -0.0400605 0.393013
43 1.2224 0 0 -0.0156264 -0.0114508 0.393001
44 1.76707 -1.27612 0.0366421 -1.57004 -0.0293955 -0.261465
45 1.55588 0 0 0.0238681 0.022207 0.526994
46 1.24273 0 0 0.000593483 0 0.539287
47 0.784532 0 0 -0.0119649 0.0110774 0.459279
48 0 0 0 0 0 0
49 10.12 -22.2534 -3.80518 2.96209 -0.0294396 -2.40653
50 -3.3008 2.07667 -0.0219364 -1.61332 0 0
51 0.00576639 1.98489 -0.0178735 -1.61332 0 0
52 0.00575733 2.07248 -0.0285532 -1.61332 0 0
53 -3.46175 1.98076 -0.0216691 -1.61332 0 0
54 -3.15015 2.07651 -0.0257416 -1.61332 0 0
55 -1.68436 1.98075 -0.0216706 -1.61332 0 0
56 -1.09015 1.98075 -0.0216689 -1.61332 0 0
57 -1.58629 1.98075 -0.021668 -1.61332 0 0
58 -1.31274 1.98074 -0.0216737 -1.61332 0 0
time 39
0 1.938 -2.84623 -11.5177 0 0 -0.338214
1 6.02795 0 0 -0.719383 0.197982 -0.316423
2 11.7344 0 0 -0.00140281 0 -1.59082
3 8.81138 -0.000450134 -0.000112057 -1.41782 0 0.000157998
4 5.77839 0.000286102 0 -0.949941 0 0.000100974
5 2.23163 -0.000329971 -0.000363827 -0.467881 0 0
6 11.4725 0 0 -1.41512 0.350938 0.356576
7 0.615219 -0.993091 -0.810699 2.61026 0.452332 -0.787569
8 2.24752 0 0 0.136888 -0.110104 0.213811
9 1.11936 0 0 -0.0212102 0.0836398 -0.471476
10 3.71348 -0.102641 0.10219 1.55584 0.763632 0.0690664
11 1.72615 0 0 0.00741433 -0.00946437 -0.776187
12 1.21114 0 0 -0.000460039 0.0176302 -0.623545
13 3.59919 -1.06012 0.0708885 1.55742 0.583032 -0.0701078
14 1.66069 0 0 -0.0175587 0.0481344 -0.572574
15 1.167 0 0 0.000419737 -0.00703708 -0.659767
16 2.18852 0.501039 0.0576591 1.57004 0.0300834 0.225876
17 1.29609 0 0 0.0209817 -0.041874 -0.653439
18 1.62202 0.000713348 -0.000470877 0.0148739 -0.0304652 -0.808982
19 1.22241 0 0 0.0155149 0.0023855 -0.758389
20 1.76707 1.27612 0.0366421 1.57004 0.0188432 0.261428
21 1.55588 0 0 -0.0272201 0.0179406 -0.693615
22 1.24274 0 0 -0.000599467 0 -0.652744
23 0.784522 0 0 0.00767526 -0.00183526 -0.500732
24 -1.93761 -2.84623 -11.5177 -0.000932534 0 3.14159
25 6.02794 0 0 0.83502 0.395693 1.66542
26 11.7344 0 0 0.00140269 0 1.46679
27 8.81167 0 0 -0.485994 0 0
28 5.77884 0 0 -0.325616 0 0
29 2.23249 0 0 -0.160378 0 0
30 11.4725 0 0 -0.435813 -0.243272 -0.266713
31 0.615813 0.99437 -0.809165 -2.85201 0.401541 0.43994
32 2.24752 0 0 -0.0870316 0.0286895 0.164945
33 1.11936 0 0 -0.0163923 0.195515 0.335226
34 3.71349 0.102637 0.102192 -1.55929 0.352258 -0.0754376
35 1.72615 0 0 -0.0090215 -0.0270639 0.433549
36 1.21112 0 0 -0.00354954 0.0172754 0.394804
37 3.5992 1.06011 0.0708885 -1.55922 0.268145 0.0658116
38 1.66069 0 0 0.0025613 0.0732788 0.257872
39 1.16699 0 0 0.0229141 0.0311174 0.226051
40 2.18853 -0.50104 0.0576591 -1.57004 -0.0521616 -0.225938
41 1.29609 0 0 -0.0116306 -0.0453676 0.43981
42 1.62202 -0.000713348 -0.000471115 0.00160744 -0.0400605 0.393013
43 1.2224 0 0 -0.0156264 -0.0114508 0.393001
44 1.76707 -1.27612 0.0366421 -1.57004 -0.0293955 -0.261465
45 1.55588 0 0 0.0238681 0.022207 0.526994
46 1.24273 0 0 0.000593483 0 0.539287
47 0.784532 0 0 -0.0119649 0.0110774 0.459279
48 0 0 0 0 0 0
49 10.12 -22.2534 -3.80518 2.96209 -0.0294396 -2.40653
50 -3.3008 2.07667 -0.0219364 -1.61332 0 0
51 0.00576639 1.98489 -0.0178735 -1.61332 0 0
52 0.00575733 2.07248 -0.0285532 -1.61332 0 0
53 -3.46175 1.98076 -0.0216691 -1.61332 0 0
54 -3.15015 2.07651 -0.0257416 -1.61332 0 0
55 -1.68436 1.98075 -0.0216706 -1.61332 0 0
56 -1.09015 1.98075 -0.0216689 -1.61332 0 0
57 -1.58629 1.98075 -0.021668 -1.61332 0 0
58 -1.31274 1.98074 -0.0216737 -1.61332 0 0
time 40
0 1.938 -2.84623 -11.5177 0 0 -0.338214
1 6.02795 0 0 -0.719383 0.197982 -0.316423
2 11.7344 0 0 -0.00140281 0 -1.59082
3 8.81138 -0.000450134 -0.000112057 -1.41782 0 0.000157998
4 5.77839 0.000286102 0 -0.949941 0 0.000100974
5 2.23163 -0.000329971 -0.000363827 -0.467881 0 0
6 11.4725 0 0 -1.41512 0.350938 0.356576
7 0.615219 -0.993091 -0.810699 2.61026 0.452332 -0.787569
8 2.24752 0 0 0.136888 -0.110104 0.213811
9 1.11936 0 0 -0.0212102 0.0836398 -0.471476
10 3.71348 -0.102641 0.10219 1.55584 0.763632 0.0690664
11 1.72615 0 0 0.00741433 -0.00946437 -0.776187
12 1.21114 0 0 -0.000460039 0.0176302 -0.623545
13 3.59919 -1.06012 0.0708885 1.55742 0.583032 -0.0701078
14 1.66069 0 0 -0.0175587 0.0481344 -0.572574
15 1.167 0 0 0.000419737 -0.00703708 -0.659767
16 2.18852 0.501039 0.0576591 1.57004 0.0300834 0.225876
17 1.29609 0 0 0.0209817 -0.041874 -0.653439
18 1.62202 0.000713348 -0.000470877 0.0148739 -0.0304652 -0.808982
19 1.22241 0 0 0.0155149 0.0023855 -0.758389
20 1.76707 1.27612 0.0366421 1.57004 0.0188432 0.261428
21 1.55588 0 0 -0.0272201 0.0179406 -0.693615
22 1.24274 0 0 -0.000599467 0 -0.652744
23 0.784522 0 0 0.00767526 -0.00183526 -0.500732
24 -1.93761 -2.84623 -11.5177 -0.000932534 0 3.14159
25 6.02794 0 0 0.83502 0.395693 1.66542
26 11.7344 0 0 0.00140269 0 1.46679
27 8.81167 0 0 -0.485994 0 0
28 5.77884 0 0 -0.325616 0 0
29 2.23249 0 0 -0.160378 0 0
30 11.4725 0 0 -0.435813 -0.243272 -0.266713
31 0.615813 0.99437 -0.809165 -2.85201 0.401541 0.43994
32 2.24752 0 0 -0.0870316 0.0286895 0.164945
33 1.11936 0 0 -0.0163923 0.195515 0.335226
34 3.71349 0.102637 0.102192 -1.55929 0.352258 -0.0754376
35 1.72615 0 0 -0.0090215 -0.0270639 0.433549
36 1.21112 0 0 -0.00354954 0.0172754 0.394804
37 3.5992 1.06011 0.0708885 -1.55922 0.268145 0.0658116
38 1.66069 0 0 0.0025613 0.0732788 0.257872
39 1.16699 0 0 0.0229141 0.0311174 0.226051
40 2.18853 -0.50104 0.0576591 -1.57004 -0.0521616 -0.225938
41 1.29609 0 0 -0.0116306 -0.0453676 0.43981
42 1.62202 -0.000713348 -0.000471115 0.00160744 -0.0400605 0.393013
43 1.2224 0 0 -0.0156264 -0.0114508 0.393001
44 1.76707 -1.27612 0.0366421 -1.57004 -0.0293955 -0.261465
45 1.55588 0 0 0.0238681 0.022207 0.526994
46 1.24273 0 0 0.000593483 0 0.539287
47 0.784532 0 0 -0.0119649 0.0110774 0.459279
48 0 0 0 0 0 0
49 10.12 -22.2534 -3.80518 2.96209 -0.0294396 -2.40653
50 -3.3008 2.07667 -0.0219364 -1.61332 0 0
51 0.00576639 1.98489 -0.0178735 -1.61332 0 0
52 0.00575733 2.07248 -0.0285532 -1.61332 0 0
53 -3.46175 1.98076 -0.0216691 -1.61332 0 0
54 -3.15015 2.07651 -0.0257416 -1.61332 0 0
55 -1.68436 1.98075 -0.0216706 -1.61332 0 0
56 -1.09015 1.98075 -0.0216689 -1.61332 0 0
57 -1.58629 1.98075 -0.021668 -1.61332 0 0
58 -1.31274 1.98074 -0.0216737 -1.61332 0 0
time 41
0 1.938 -2.84623 -11.5177 0 0 -0.338214
1 6.02795 0 0 -0.719383 0.197982 -0.316423
2 11.7344 0 0 -0.00140285 0 -1.59082
3 8.81138 -0.000450134 -0.000111103 -1.41782 0 0.000157448
4 5.77839 0.000286102 0 -0.94994 0 0.000100727
5 2.23163 -0.000329971 -0.00036335 -0.467881 0 0
6 11.4725 0 0 -1.41512 0.350938 0.356576
7 0.615217 -0.993091 -0.810699 2.61026 0.452332 -0.787568
8 2.24752 0 0 0.136888 -0.110104 0.213811
9 1.11936 0 0 -0.0212105 0.0836397 -0.471476
10 3.71348 -0.102641 0.10219 1.55584 0.763632 0.069066
11 1.72615 0 0 0.0074143 -0.00946432 -0.776187
12 1.21113 0 0 -0.000460014 0.0176302 -0.623545
13 3.59919 -1.06012 0.0708866 1.55742 0.583032 -0.0701081
14 1.66069 0 0 -0.0175587 0.0481344 -0.572574
15 1.167 0 0 0.000419717 -0.00703702 -0.659767
16 2.18852 0.50104 0.0576591 1.57004 0.0300834 0.225876
17 1.2961 0 0 0.0209816 -0.0418739 -0.65344
18 1.62202 0.000711441 -0.000471354 0.0148739 -0.0304652 -0.808982
19 1.22241 0 0 0.015515 0.00238541 -0.758389
20 1.76707 1.27612 0.0366421 1.57004 0.0188433 0.261428
21 1.55588 0 0 -0.02722 0.0179406 -0.693614
22 1.24273 0 0 -0.000599458 0 -0.652744
23 0.784524 0 0 0.00767522 -0.00183521 -0.500732
24 -1.93761 -2.84623 -11.5177 -0.000932534 0 3.14159
25 6.02794 0 0 0.83502 0.395693 1.66542
26 11.7344 0 0 0.00140269 0 1.46679
27 8.81167 0 0 -0.485994 0 0
28 5.77884 0 0 -0.325616 0 0
29 2.23249 0 0 -0.160378 0 0
30 11.4725 0 0 -0.435813 -0.243272 -0.266713
31 0.615813 0.99437 -0.809165 -2.85201 0.401541 0.43994
32 2.24752 0 0 -0.0870316 0.0286895 0.164945
33 1.11936 0 0 -0.0163923 0.195515 0.335226
34 3.71349 0.102637 0.102192 -1.55929 0.352258 -0.0754376
35 1.72615 0 0 -0.0090215 -0.0270639 0.433549
36 1.21112 0 0 -0.00354954 0.0172754 0.394804
37 3.5992 1.06011 0.0708885 -1.55922 0.268145 0.0658116
38 1.66069 0 0 0.0025613 0.0732788 0.257872
39 1.16699 0 0 0.0229141 0.0311174 0.226051
40 2.18853 -0.50104 0.0576591 -1.57004 -0.0521616 -0.225938
41 1.29609 0 0 -0.0116306 -0.0453676 0.43981
42 1.62202 -0.000713348 -0.000471115 0.00160744 -0.0400605 0.393013
43 1.2224 0 0 -0.0156264 -0.0114508 0.393001
44 1.76707 -1.27612 0.0366421 -1.57004 -0.0293955 -0.261465
45 1.55588 0 0 0.0238681 0.022207 0.526994
46 1.24273 0 0 0.000593483 0 0.539287
47 0.784532 0 0 -0.0119649 0.0110774 0.459279
48 0 0 0 0 0 0
49 10.12 -22.2534 -3.80518 2.96209 -0.0294396 -2.40653
50 -3.3008 2.07667 -0.0219364 -1.61332 0 0
51 0.00576639 1.98489 -0.0178735 -1.61332 0 0
52 0.00575733 2.07248 -0.0285532 -1.61332 0 0
53 -3.46175 1.98076 -0.0216691 -1.61332 0 0
54 -3.15015 2.07651 -0.0257416 -1.61332 0 0
55 -1.68436 1.98075 -0.0216706 -1.61332 0 0
56 -1.09015 1.98075 -0.0216689 -1.61332 0 0
57 -1.58629 1.98075 -0.021668 -1.61332 0 0
58 -1.31274 1.98074 -0.0216737 -1.61332 0 0
time 42
0 1.938 -2.84623 -11.5177 0 0 -0.338214
1 6.02795 0 0 -0.719383 0.197982 -0.316423
2 11.7344 0 0 -0.00140285 0 -1.59082
3 8.81138 -0.000450134 -0.000111103 -1.41782 0 0.000157448
4 5.77839 0.000286102 0 -0.94994 0 0.000100727
5 2.23163 -0.000329971 -0.00036335 -0.467881 0 0
6 11.4725 0 0 -1.41512 0.350938 0.356576
7 0.615217 -0.993091 -0.810699 2.61026 0.452332 -0.787568
8 2.24752 0 0 0.136888 -0.110104 0.213811
9 1.11936 0 0 -0.0212105 0.0836397 -0.471476
10 3.71348 -0.102641 0.10219 1.55584 0.763632 0.069066
11 1.72615 0 0 0.0074143 -0.00946432 -0.776187
12 1.21113 0 0 -0.000460014 0.0176302 -0.623545
13 3.59919 -1.06012 0.0708866 1.55742 0.583032 -0.0701081
14 1.66069 0 0 -0.0175587 0.0481344 -0.572574
15 1.167 0 0 0.000419717 -0.00703702 -0.659767
16 2.18852 0.50104 0.0576591 1.57004 0.0300834 0.225876
17 1.2961 0 0 0.0209816 -0.0418739 -0.65344
18 1.62202 0.000711441 -0.000471354 0.0148739 -0.0304652 -0.808982
19 1.22241 0 0 0.015515 0.00238541 -0.758389
20 1.76707 1.27612 0.0366421 1.57004 0.0188433 0.261428
21 1.55588 0 0 -0.02722 0.0179406 -0.693614
22 1.24273 0 0 -0.000599458 0 -0.652744
23 0.784524 0 0 0.00767522 -0.00183521 -0.500732
24 -1.93761 -2.84623 -11.5177 -0.000932534 0 3.14159
25 6.02794 0 0 0.83502 0.395693 1.66542
26 11.7344 0 0 0.00140269 0 1.46679
27 8.81167 0 0 -0.485994 0 0
28 5.77884 0 0 -0.325616 0 0
29 2.23249 0 0 -0.160378 0 0
30 11.4725 0 0 -0.435813 -0.243272 -0.266713
31 0.615813 0.99437 -0.809165 -2.85201 0.401541 0.43994
32 2.24752 0 0 -0.0870316 0.0286895 0.164945
33 1.11936 0 0 -0.0163923 0.195515 0.335226
34 3.71349 0.102637 0.102192 -1.55929 0.352258 -0.0754376
35 1.72615 0 0 -0.0090215 -0.0270639 0.433549
36 1.21112 0 0 -0.00354954 0.0172754 0.394804
37 3.5992 1.06011 0.0708885 -1.55922 0.268145 0.0658116
38 1.66069 0 0 0.0025613 0.0732788 0.257872
39 1.16699 0 0 0.0229141 0.0311174 0.226051
40 2.18853 -0.50104 0.0576591 -1.57004 -0.0521616 -0.225938
41 1.29609 0 0 -0.0116306 -0.0453676 0.43981
42 1.62202 -0.000713348 -0.000471115 0.00160744 -0.0400605 0.393013
43 1.2224 0 0 -0.0156264 -0.0114508 0.393001
44 1.76707 -1.27612 0.0366421 -1.57004 -0.0293955 -0.261465
45 1.55588 0 0 0.0238681 0.022207 0.526994
46 1.24273 0 0 0.000593483 0 0.539287
47 0.784532 0 0 -0.0119649 0.0110774 0.459279
48 0 0 0 0 0 0
49 10.12 -22.2534 -3.80518 2.96209 -0.0294396 -2.40653
50 -3.3008 2.07667 -0.0219364 -1.61332 0 0
51 0.00576639 1.98489 -0.0178735 -1.61332 0 0
52 0.00575733 2.07248 -0.0285532 -1.61332 0 0
53 -3.46175 1.98076 -0.0216691 -1.61332 0 0
54 -3.15015 2.07651 -0.0257416 -1.61332 0 0
55 -1.68436 1.98075 -0.0216706 -1.61332 0 0
56 -1.09015 1.98075 -0.0216689 -1.61332 0 0
57 -1.58629 1.98075 -0.021668 -1.61332 0 0
58 -1.31274 1.98074 -0.0216737 -1.61332 0 0
time 43
0 1.938 -2.84623 -11.5177 0 0 -0.338214
1 6.02795 0 0 -0.719383 0.197982 -0.316423
2 11.7344 0 0 -0.00140285 0 -1.59082
3 8.81138 -0.000450134 -0.000111103 -1.41782 0 0.000157448
4 5.77839 0.000286102 0 -0.94994 0 0.000100727
5 2.23163 -0.000329971 -0.00036335 -0.467881 0 0
6 11.4725 0 0 -1.41512 0.350938 0.356576
7 0.615217 -0.993091 -0.810699 2.61026 0.452332 -0.787568
8 2.24752 0 0 0.136888 -0.110104 0.213811
9 1.11936 0 0 -0.0212105 0.0836397 -0.471476
10 3.71348 -0.102641 0.10219 1.55584 0.763632 0.069066
11 1.72615 0 0 0.0074143 -0.00946432 -0.776187
12 1.21113 0 0 -0.000460014 0.0176302 -0.623545
13 3.59919 -1.06012 0.0708866 1.55742 0.583032 -0.0701081
14 1.66069 0 0 -0.0175587 0.0481344 -0.572574
15 1.167 0 0 0.000419717 -0.00703702 -0.659767
16 2.18852 0.50104 0.0576591 1.57004 0.0300834 0.225876
17 1.2961 0 0 0.0209816 -0.0418739 -0.65344
18 1.62202 0.000711441 -0.000471354 0.0148739 -0.0304652 -0.808982
19 1.22241 0 0 0.015515 0.00238541 -0.758389
20 1.76707 1.27612 0.0366421 1.57004 0.0188433 0.261428
21 1.55588 0 0 -0.02722 0.0179406 -0.693614
22 1.24273 0 0 -0.000599458 0 -0.652744
23 0.784524 0 0 0.00767522 -0.00183521 -0.500732
24 -1.93761 -2.84623 -11.5177 -0.000932534 0 3.14159
25 6.02794 0 0 0.83502 0.395693 1.66542
26 11.7344 0 0 0.00140269 0 1.46679
27 8.81167 0 0 -0.485994 0 0
28 5.77884 0 0 -0.325616 0 0
29 2.23249 0 0 -0.160378 0 0
30 11.4725 0 0 -0.435813 -0.243272 -0.266713
31 0.615813 0.99437 -0.809165 -2.85201 0.401541 0.43994
32 2.24752 0 0 -0.0870316 0.0286895 0.164945
33 1.11936 0 0 -0.0163923 0.195515 0.335226
34 3.71349 0.102637 0.102192 -1.55929 0.352258 -0.0754376
35 1.72615 0 0 -0.0090215 -0.0270639 0.433549
36 1.21112 0 0 -0.00354954 0.0172754 0.394804
37 3.5992 1.06011 0.0708885 -1.55922 0.268145 0.0658116
38 1.66069 0 0 0.0025613 0.0732788 0.257872
39 1.16699 0 0 0.0229141 0.0311174 0.226051
40 2.18853 -0.50104 0.0576591 -1.57004 -0.0521616 -0.225938
41 1.29609 0 0 -0.0116306 -0.0453676 0.43981
42 1.62202 -0.000713348 -0.000471115 0.00160744 -0.0400605 0.393013
43 1.2224 0 0 -0.0156264 -0.0114508 0.393001
44 1.76707 -1.27612 0.0366421 -1.57004 -0.0293955 -0.261465
45 1.55588 0 0 0.0238681 0.022207 0.526994
46 1.24273 0 0 0.000593483 0 0.539287
47 0.784532 0 0 -0.0119649 0.0110774 0.459279
48 0 0 0 0 0 0
49 10.12 -22.2534 -3.80518 2.96209 -0.0294396 -2.40653
50 -3.3008 2.07667 -0.0219364 -1.61332 0 0
51 0.00576639 1.98489 -0.0178735 -1.61332 0 0
52 0.00575733 2.07248 -0.0285532 -1.61332 0 0
53 -3.46175 1.98076 -0.0216691 -1.61332 0 0
54 -3.15015 2.07651 -0.0257416 -1.61332 0 0
55 -1.68436 1.98075 -0.0216706 -1.61332 0 0
56 -1.09015 1.98075 -0.0216689 -1.61332 0 0
57 -1.58629 1.98075 -0.021668 -1.61332 0 0
58 -1.31274 1.98074 -0.0216737 -1.61332 0 0
time 44
0 1.938 -2.84623 -11.5177 0 0 -0.338214
1 6.02795 0 0 -0.719383 0.197982 -0.316423
2 11.7344 0 0 -0.00140285 0 -1.59082
3 8.81138 -0.000450134 -0.000111103 -1.41782 0 0.000157448
4 5.77839 0.000286102 0 -0.94994 0 0.000100727
5 2.23163 -0.000329971 -0.00036335 -0.467881 0 0
6 11.4725 0 0 -1.41512 0.350938 0.356576
7 0.615217 -0.993091 -0.810699 2.61026 0.452332 -0.787568
8 2.24752 0 0 0.136888 -0.110104 0.213811
9 1.11936 0 0 -0.0212105 0.0836397 -0.471476
10 3.71348 -0.102641 0.10219 1.55584 0.763632 0.069066
11 1.72615 0 0 0.0074143 -0.00946432 -0.776187
12 1.21113 0 0 -0.000460014 0.0176302 -0.623545
13 3.59919 -1.06012 0.0708866 1.55742 0.583032 -0.0701081
14 1.66069 0 0 -0.0175587 0.0481344 -0.572574
15 1.167 0 0 0.000419717 -0.00703702 -0.659767
16 2.18852 0.50104 0.0576591 1.57004 0.0300834 0.225876
17 1.2961 0 0 0.0209816 -0.0418739 -0.65344
18 1.62202 0.000711441 -0.000471354 0.0148739 -0.0304652 -0.808982
19 1.22241 0 0 0.015515 0.00238541 -0.758389
20 1.76707 1.27612 0.0366421 1.57004 0.0188433 0.261428
21 1.55588 0 0 -0.02722 0.0179406 -0.693614
22 1.24273 0 0 -0.000599458 0 -0.652744
23 0.784524 0 0 0.00767522 -0.00183521 -0.500732
24 -1.93761 -2.84623 -11.5177 -0.000932534 0 3.14159
25 6.02794 0 0 0.83502 0.395693 1.66542
26 11.7344 0 0 0.00140269 0 1.46679
27 8.81167 0 0 -0.485994 0 0
28 5.77884 0 0 -0.325616 0 0
29 2.23249 0 0 -0.160378 0 0
30 11.4725 0 0 -0.435813 -0.243272 -0.266713
31 0.615813 0.99437 -0.809165 -2.85201 0.401541 0.43994
32 2.24752 0 0 -0.0870316 0.0286895 0.164945
33 1.11936 0 0 -0.0163923 0.195515 0.335226
34 3.71349 0.102637 0.102192 -1.55929 0.352258 -0.0754376
35 1.72615 0 0 -0.0090215 -0.0270639 0.433549
36 1.21112 0 0 -0.00354954 0.0172754 0.394804
37 3.5992 1.06011 0.0708885 -1.55922 0.268145 0.0658116
38 1.66069 0 0 0.0025613 0.0732788 0.257872
39 1.16699 0 0 0.0229141 0.0311174 0.226051
40 2.18853 -0.50104 0.0576591 -1.57004 -0.0521616 -0.225938
41 1.29609 0 0 -0.0116306 -0.0453676 0.43981
42 1.62202 -0.000713348 -0.000471115 0.00160744 -0.0400605 0.393013
43 1.2224 0 0 -0.0156264 -0.0114508 0.393001
44 1.76707 -1.27612 0.0366421 -1.57004 -0.0293955 -0.261465
45 1.55588 0 0 0.0238681 0.022207 0.526994
46 1.24273 0 0 0.000593483 0 0.539287
47 0.784532 0 0 -0.0119649 0.0110774 0.459279
48 0 0 0 0 0 0
49 10.12 -22.2534 -3.80518 2.96209 -0.0294396 -2.40653
50 -3.3008 2.07667 -0.0219364 -1.61332 0 0
51 0.00576639 1.98489 -0.0178735 -1.61332 0 0
52 0.00575733 2.07248 -0.0285532 -1.61332 0 0
53 -3.46175 1.98076 -0.0216691 -1.61332 0 0
54 -3.15015 2.07651 -0.0257416 -1.61332 0 0
55 -1.68436 1.98075 -0.0216706 -1.61332 0 0
56 -1.09015 1.98075 -0.0216689 -1.61332 0 0
57 -1.58629 1.98075 -0.021668 -1.61332 0 0
58 -1.31274 1.98074 -0.0216737 -1.61332 0 0
time 45
0 1.938 -2.84623 -11.5177 0 0 -0.338214
1 6.02795 0 0 -0.719383 0.197982 -0.316423
2 11.7344 0 0 -0.00140285 0 -1.59082
3 8.81138 -0.000450134 -0.000111103 -1.41782 0 0.000157448
4 5.77839 0.000286102 0 -0.94994 0 0.000100727
5 2.23163 -0.000329971 -0.00036335 -0.467881 0 0
6 11.4725 0 0 -1.41512 0.350938 0.356576
7 0.615217 -0.993091 -0.810699 2.61026 0.452332 -0.787568
8 2.24752 0 0 0.136888 -0.110104 0.213811
9 1.11936 0 0 -0.0212105 0.0836397 -0.471476
10 3.71348 -0.102641 0.10219 1.55584 0.763632 0.069066
11 1.72615 0 0 0.0074143 -0.00946432 -0.776187
12 1.21113 0 0 -0.000460014 0.0176302 -0.623545
13 3.59919 -1.06012 0.0708866 1.55742 0.583032 -0.0701081
14 1.66069 0 0 -0.0175587 0.0481344 -0.572574
15 1.167 0 0 0.000419717 -0.00703702 -0.659767
16 2.18852 0.50104 0.0576591 1.57004 0.0300834 0.225876
17 1.2961 0 0 0.0209816 -0.0418739 -0.65344
18 1.62202 0.000711441 -0.000471354 0.0148739 -0.0304652 -0.808982
19 1.22241 0 0 0.015515 0.00238541 -0.758389
20 1.76707 1.27612 0.0366421 1.57004 0.0188433 0.261428
21 1.55588 0 0 -0.02722 0.0179406 -0.693614
22 1.24273 0 0 -0.000599458 0 -0.652744
23 0.784524 0 0 0.00767522 -0.00183521 -0.500732
24 -1.93761 -2.84623 -11.5177 -0.000932534 0 3.14159
25 6.02794 0 0 0.83502 0.395693 1.66542
26 11.7344 0 0 0.00140269 0 1.46679
27 8.81167 0 0 -0.485994 0 0
28 5.77884 0 0 -0.325616 0 0
29 2.23249 0 0 -0.160378 0 0
30 11.4725 0 0 -0.435813 -0.243272 -0.266713
31 0.615813 0.99437 -0.809165 -2.85201 0.401541 0.43994
32 2.24752 0 0 -0.0870316 0.0286895 0.164945
33 1.11936 0 0 -0.0163923 0.195515 0.335226
34 3.71349 0.102637 0.102192 -1.55929 0.352258 -0.0754376
35 1.72615 0 0 -0.0090215 -0.0270639 0.433549
36 1.21112 0 0 -0.00354954 0.0172754 0.394804
37 3.5992 1.06011 0.0708885 -1.55922 0.268145 0.0658116
38 1.66069 0 0 0.0025613 0.0732788 0.257872
39 1.16699 0 0 0.0229141 0.0311174 0.226051
40 2.18853 -0.50104 0.0576591 -1.57004 -0.0521616 -0.225938
41 1.29609 0 0 -0.0116306 -0.0453676 0.43981
42 1.62202 -0.000713348 -0.000471115 0.00160744 -0.0400605 0.393013
43 1.2224 0 0 -0.0156264 -0.0114508 0.393001
44 1.76707 -1.27612 0.0366421 -1.57004 -0.0293955 -0.261465
45 1.55588 0 0 0.0238681 0.022207 0.526994
46 1.24273 0 0 0.000593483 0 0.539287
47 0.784532 0 0 -0.0119649 0.0110774 0.459279
48 0 0 0 0 0 0
49 10.12 -22.2534 -3.80518 2.96209 -0.0294396 -2.40653
50 -3.3008 2.07667 -0.0219364 -1.61332 0 0
51 0.00576639 1.98489 -0.0178735 -1.61332 0 0
52 0.00575733 2.07248 -0.0285532 -1.61332 0 0
53 -3.46175 1.98076 -0.0216691 -1.61332 0 0
54 -3.15015 2.07651 -0.0257416 -1.61332 0 0
55 -1.68436 1.98075 -0.0216706 -1.61332 0 0
56 -1.09015 1.98075 -0.0216689 -1.61332 0 0
57 -1.58629 1.98075 -0.021668 -1.61332 0 0
58 -1.31274 1.98074 -0.0216737 -1.61332 0 0
time 46
0 1.938 -2.84623 -11.5177 0 0 -0.338214
1 6.02795 0 0 -0.719383 0.197982 -0.316423
2 11.7344 0 0 -0.00140285 0 -1.59082
3 8.81138 -0.000450134 -0.000111103 -1.41782 0 0.000157448
4 5.77839 0.000286102 0 -0.94994 0 0.000100727
5 2.23163 -0.000329971 -0.00036335 -0.467881 0 0
6 11.4725 0 0 -1.41512 0.350938 0.356576
7 0.615217 -0.993091 -0.810699 2.61026 0.452332 -0.787568
8 2.24752 0 0 0.136888 -0.110104 0.213811
9 1.11936 0 0 -0.0212105 0.0836397 -0.471476
10 3.71348 -0.102641 0.10219 1.55584 0.763632 0.069066
11 1.72615 0 0 0.0074143 -0.00946432 -0.776187
12 1.21113 0 0 -0.000460014 0.0176302 -0.623545
13 3.59919 -1.06012 0.0708866 1.55742 0.583032 -0.0701081
14 1.66069 0 0 -0.0175587 0.0481344 -0.572574
15 1.167 0 0 0.000419717 -0.00703702 -0.659767
16 2.18852 0.50104 0.0576591 1.57004 0.0300834 0.225876
17 1.2961 0 0 0.0209816 -0.0418739 -0.65344
18 1.62202 0.000711441 -0.000471354 0.0148739 -0.0304652 -0.808982
19 1.22241 0 0 0.015515 0.00238541 -0.758389
20 1.76707 1.27612 0.0366421 1.57004 0.0188433 0.261428
21 1.55588 0 0 -0.02722 0.0179406 -0.693614
22 1.24273 0 0 -0.000599458 0 -0.652744
23 0.784524 0 0 0.00767522 -0.00183521 -0.500732
24 -1.93761 -2.84623 -11.5177 -0.000932534 0 3.14159
25 6.02794 0 0 0.83502 0.395693 1.66542
26 11.7344 0 0 0.00140269 0 1.46679
27 8.81167 0 0 -0.485994 0 0
28 5.77884 0 0 -0.325616 0 0
29 2.23249 0 0 -0.160378 0 0
30 11.4725 0 0 -0.435813 -0.243272 -0.266713
31 0.615813 0.99437 -0.809165 -2.85201 0.401541 0.43994
32 2.24752 0 0 -0.0870316 0.0286895 0.164945
33 1.11936 0 0 -0.0163923 0.195515 0.335226
34 3.71349 0.102637 0.102192 -1.55929 0.352258 -0.0754376
35 1.72615 0 0 -0.0090215 -0.0270639 0.433549
36 1.21112 0 0 -0.00354954 0.0172754 0.394804
37 3.5992 1.06011 0.0708885 -1.55922 0.268145 0.0658116
38 1.66069 0 0 0.0025613 0.0732788 0.257872
39 1.16699 0 0 0.0229141 0.0311174 0.226051
40 2.18853 -0.50104 0.0576591 -1.57004 -0.0521616 -0.225938
41 1.29609 0 0 -0.0116306 -0.0453676 0.43981
42 1.62202 -0.000713348 -0.000471115 0.00160744 -0.0400605 0.393013
43 1.2224 0 0 -0.0156264 -0.0114508 0.393001
44 1.76707 -1.27612 0.0366421 -1.57004 -0.0293955 -0.261465
45 1.55588 0 0 0.0238681 0.022207 0.526994
46 1.24273 0 0 0.000593483 0 0.539287
47 0.784532 0 0 -0.0119649 0.0110774 0.459279
48 0 0 0 0 0 0
49 10.12 -22.2534 -3.80518 2.96209 -0.0294396 -2.40653
50 -3.3008 2.07667 -0.0219364 -1.61332 0 0
51 0.00576639 1.98489 -0.0178735 -1.61332 0 0
52 0.00575733 2.07248 -0.0285532 -1.61332 0 0
53 -3.46175 1.98076 -0.0216691 -1.61332 0 0
54 -3.15015 2.07651 -0.0257416 -1.61332 0 0
55 -1.68436 1.98075 -0.0216706 -1.61332 0 0
56 -1.09015 1.98075 -0.0216689 -1.61332 0 0
57 -1.58629 1.98075 -0.021668 -1.61332 0 0
58 -1.31274 1.98074 -0.0216737 -1.61332 0 0
time 47
0 1.938 -2.84623 -11.5177 0 0 -0.338214
1 6.02795 0 0 -0.719383 0.197982 -0.316423
2 11.7344 0 0 -0.00140285 0 -1.59082
3 8.81138 -0.000450134 -0.000111103 -1.41782 0 0.000157448
4 5.77839 0.000286102 0 -0.94994 0 0.000100727
5 2.23163 -0.000329971 -0.00036335 -0.467881 0 0
6 11.4725 0 0 -1.41512 0.350938 0.356576
7 0.615217 -0.993091 -0.810699 2.61026 0.452332 -0.787568
8 2.24752 0 0 0.136888 -0.110104 0.213811
9 1.11936 0 0 -0.0212105 0.0836397 -0.471476
10 3.71348 -0.102641 0.10219 1.55584 0.763632 0.069066
11 1.72615 0 0 0.0074143 -0.00946432 -0.776187
12 1.21113 0 0 -0.000460014 0.0176302 -0.623545
13 3.59919 -1.06012 0.0708866 1.55742 0.583032 -0.0701081
14 1.66069 0 0 -0.0175587 0.0481344 -0.572574
15 1.167 0 0 0.000419717 -0.00703702 -0.659767
16 2.18852 0.50104 0.0576591 1.57004 0.0300834 0.225876
17 1.2961 0 0 0.0209816 -0.0418739 -0.65344
18 1.62202 0.000711441 -0.000471354 0.0148739 -0.0304652 -0.808982
19 1.22241 0 0 0.015515 0.00238541 -0.758389
20 1.76707 1.27612 0.0366421 1.57004 0.0188433 0.261428
21 1.55588 0 0 -0.02722 0.0179406 -0.693614
22 1.24273 0 0 -0.000599458 0 -0.652744
23 0.784524 0 0 0.00767522 -0.00183521 -0.500732
24 -1.93761 -2.84623 -11.5177 -0.000932534 0 3.14159
25 6.02794 0 0 0.83502 0.395693 1.66542
26 11.7344 0 0 0.00140269 0 1.46679
27 8.81167 0 0 -0.485994 0 0
28 5.77884 0 0 -0.325616 0 0
29 2.23249 0 0 -0.160378 0 0
30 11.4725 0 0 -0.435813 -0.243272 -0.266713
31 0.615813 0.99437 -0.809165 -2.85201 0.401541 0.43994
32 2.24752 0 0 -0.0870316 0.0286895 0.164945
33 1.11936 0 0 -0.0163923 0.195515 0.335226
34 3.71349 0.102637 0.102192 -1.55929 0.352258 -0.0754376
35 1.72615 0 0 -0.0090215 -0.0270639 0.433549
36 1.21112 0 0 -0.00354954 0.0172754 0.394804
37 3.5992 1.06011 0.0708885 -1.55922 0.268145 0.0658116
38 1.66069 0 0 0.0025613 0.0732788 0.257872
39 1.16699 0 0 0.0229141 0.0311174 0.226051
40 2.18853 -0.50104 0.0576591 -1.57004 -0.0521616 -0.225938
41 1.29609 0 0 -0.0116306 -0.0453676 0.43981
42 1.62202 -0.000713348 -0.000471115 0.00160744 -0.0400605 0.393013
43 1.2224 0 0 -0.0156264 -0.0114508 0.393001
44 1.76707 -1.27612 0.0366421 -1.57004 -0.0293955 -0.261465
45 1.55588 0 0 0.0238681 0.022207 0.526994
46 1.24273 0 0 0.000593483 0 0.539287
47 0.784532 0 0 -0.0119649 0.0110774 0.459279
48 0 0 0 0 0 0
49 10.12 -22.2534 -3.80518 2.96209 -0.0294396 -2.40653
50 -3.3008 2.07667 -0.0219364 -1.61332 0 0
51 0.00576639 1.98489 -0.0178735 -1.61332 0 0
52 0.00575733 2.07248 -0.0285532 -1.61332 0 0
53 -3.46175 1.98076 -0.0216691 -1.61332 0 0
54 -3.15015 2.07651 -0.0257416 -1.61332 0 0
55 -1.68436 1.98075 -0.0216706 -1.61332 0 0
56 -1.09015 1.98075 -0.0216689 -1.61332 0 0
57 -1.58629 1.98075 -0.021668 -1.61332 0 0
58 -1.31274 1.98074 -0.0216737 -1.61332 0 0
time 48
0 1.938 -2.84623 -11.5177 0 0 -0.338214
1 6.02795 0 0 -0.719383 0.197982 -0.316423
2 11.7344 0 0 -0.00140285 0 -1.59082
3 8.81138 -0.000450134 -0.000111103 -1.41782 0 0.000157448
4 5.77839 0.000286102 0 -0.94994 0 0.000100727
5 2.23163 -0.000329971 -0.00036335 -0.467881 0 0
6 11.4725 0 0 -1.41512 0.350938 0.356576
7 0.615217 -0.993091 -0.810699 2.61026 0.452332 -0.787568
8 2.24752 0 0 0.136888 -0.110104 0.213811
9 1.11936 0 0 -0.0212105 0.0836397 -0.471476
10 3.71348 -0.102641 0.10219 1.55584 0.763632 0.069066
11 1.72615 0 0 0.0074143 -0.00946432 -0.776187
12 1.21113 0 0 -0.000460014 0.0176302 -0.623545
13 3.59919 -1.06012 0.0708866 1.55742 0.583032 -0.0701081
14 1.66069 0 0 -0.0175587 0.0481344 -0.572574
15 1.167 0 0 0.000419717 -0.00703702 -0.659767
16 2.18852 0.50104 0.0576591 1.57004 0.0300834 0.225876
17 1.2961 0 0 0.0209816 -0.0418739 -0.65344
18 1.62202 0.000711441 -0.000471354 0.0148739 -0.0304652 -0.808982
19 1.22241 0 0 0.015515 0.00238541 -0.758389
20 1.76707 1.27612 0.0366421 1.57004 0.0188433 0.261428
21 1.55588 0 0 -0.02722 0.0179406 -0.693614
22 1.24273 0 0 -0.000599458 0 -0.652744
23 0.784524 0 0 0.00767522 -0.00183521 -0.500732
24 -1.93761 -2.84623 -11.5177 -0.000932534 0 3.14159
25 6.02794 0 0 0.83502 0.395693 1.66542
26 11.7344 0 0 0.00140269 0 1.46679
27 8.81167 0 0 -0.485994 0 0
28 5.77884 0 0 -0.325616 0 0
29 2.23249 0 0 -0.160378 0 0
30 11.4725 0 0 -0.435813 -0.243272 -0.266713
31 0.615813 0.99437 -0.809165 -2.85201 0.401541 0.43994
32 2.24752 0 0 -0.0870316 0.0286895 0.164945
33 1.11936 0 0 -0.0163923 0.195515 0.335226
34 3.71349 0.102637 0.102192 -1.55929 0.352258 -0.0754376
35 1.72615 0 0 -0.0090215 -0.0270639 0.433549
36 1.21112 0 0 -0.00354954 0.0172754 0.394804
37 3.5992 1.06011 0.0708885 -1.55922 0.268145 0.0658116
38 1.66069 0 0 0.0025613 0.0732788 0.257872
39 1.16699 0 0 0.0229141 0.0311174 0.226051
40 2.18853 -0.50104 0.0576591 -1.57004 -0.0521616 -0.225938
41 1.29609 0 0 -0.0116306 -0.0453676 0.43981
42 1.62202 -0.000713348 -0.000471115 0.00160744 -0.0400605 0.393013
43 1.2224 0 0 -0.0156264 -0.0114508 0.393001
44 1.76707 -1.27612 0.0366421 -1.57004 -0.0293955 -0.261465
45 1.55588 0 0 0.0238681 0.022207 0.526994
46 1.24273 0 0 0.000593483 0 0.539287
47 0.784532 0 0 -0.0119649 0.0110774 0.459279
48 0 0 0 0 0 0
49 10.12 -22.2534 -3.80518 2.96209 -0.0294396 -2.40653
50 -3.3008 2.07667 -0.0219364 -1.61332 0 0
51 0.00576639 1.98489 -0.0178735 -1.61332 0 0
52 0.00575733 2.07248 -0.0285532 -1.61332 0 0
53 -3.46175 1.98076 -0.0216691 -1.61332 0 0
54 -3.15015 2.07651 -0.0257416 -1.61332 0 0
55 -1.68436 1.98075 -0.0216706 -1.61332 0 0
56 -1.09015 1.98075 -0.0216689 -1.61332 0 0
57 -1.58629 1.98075 -0.021668 -1.61332 0 0
58 -1.31274 1.98074 -0.0216737 -1.61332 0 0
time 49
0 1.938 -2.84623 -11.5177 0 0 -0.338214
1 6.02795 0 0 -0.719383 0.197982 -0.316423
2 11.7344 0 0 -0.00140285 0 -1.59082
3 8.81138 -0.000450134 -0.000111103 -1.41782 0 0.000157448
4 5.77839 0.000286102 0 -0.94994 0 0.000100727
5 2.23163 -0.000329971 -0.00036335 -0.467881 0 0
6 11.4725 0 0 -1.41512 0.350938 0.356576
7 0.615217 -0.993091 -0.810699 2.61026 0.452332 -0.787568
8 2.24752 0 0 0.136888 -0.110104 0.213811
9 1.11936 0 0 -0.0212105 0.0836397 -0.471476
10 3.71348 -0.102641 0.10219 1.55584 0.763632 0.069066
11 1.72615 0 0 0.0074143 -0.00946432 -0.776187
12 1.21113 0 0 -0.000460014 0.0176302 -0.623545
13 3.59919 -1.06012 0.0708866 1.55742 0.583032 -0.0701081
14 1.66069 0 0 -0.0175587 0.0481344 -0.572574
15 1.167 0 0 0.000419717 -0.00703702 -0.659767
16 2.18852 0.50104 0.0576591 1.57004 0.0300834 0.225876
17 1.2961 0 0 0.0209816 -0.0418739 -0.65344
18 1.62202 0.000711441 -0.000471354 0.0148739 -0.0304652 -0.808982
19 1.22241 0 0 0.015515 0.00238541 -0.758389
20 1.76707 1.27612 0.0366421 1.57004 0.0188433 0.261428
21 1.55588 0 0 -0.02722 0.0179406 -0.693614
22 1.24273 0 0 -0.000599458 0 -0.652744
23 0.784524 0 0 0.00767522 -0.00183521 -0.500732
24 -1.93761 -2.84623 -11.5177 -0.000932534 0 3.14159
25 6.02794 0 0 0.83502 0.395693 1.66542
26 11.7344 0 0 0.00140269 0 1.46679
27 8.81167 0 0 -0.485994 0 0
28 5.77884 0 0 -0.325616 0 0
29 2.23249 0 0 -0.160378 0 0
30 11.4725 0 0 -0.435813 -0.243272 -0.266713
31 0.615813 0.99437 -0.809165 -2.85201 0.401541 0.43994
32 2.24752 0 0 -0.0870316 0.0286895 0.164945
33 1.11936 0 0 -0.0163923 0.195515 0.335226
34 3.71349 0.102637 0.102192 -1.55929 0.352258 -0.0754376
35 1.72615 0 0 -0.0090215 -0.0270639 0.433549
36 1.21112 0 0 -0.00354954 0.0172754 0.394804
37 3.5992 1.06011 0.0708885 -1.55922 0.268145 0.0658116
38 1.66069 0 0 0.0025613 0.0732788 0.257872
39 1.16699 0 0 0.0229141 0.0311174 0.226051
40 2.18853 -0.50104 0.0576591 -1.57004 -0.0521616 -0.225938
41 1.29609 0 0 -0.0116306 -0.0453676 0.43981
42 1.62202 -0.000713348 -0.000471115 0.00160744 -0.0400605 0.393013
43 1.2224 0 0 -0.0156264 -0.0114508 0.393001
44 1.76707 -1.27612 0.0366421 -1.57004 -0.0293955 -0.261465
45 1.55588 0 0 0.0238681 0.022207 0.526994
46 1.24273 0 0 0.000593483 0 0.539287
47 0.784532 0 0 -0.0119649 0.0110774 0.459279
48 0 0 0 0 0 0
49 10.12 -22.2534 -3.80518 2.96209 -0.0294396 -2.40653
50 -3.3008 2.07667 -0.0219364 -1.61332 0 0
51 0.00576639 1.98489 -0.0178735 -1.61332 0 0
52 0.00575733 2.07248 -0.0285532 -1.61332 0 0
53 -3.46175 1.98076 -0.0216691 -1.61332 0 0
54 -3.15015 2.07651 -0.0257416 -1.61332 0 0
55 -1.68436 1.98075 -0.0216706 -1.61332 0 0
56 -1.09015 1.98075 -0.0216689 -1.61332 0 0
57 -1.58629 1.98075 -0.021668 -1.61332 0 0
58 -1.31274 1.98074 -0.0216737 -1.61332 0 0
time 50
0 1.938 -2.84623 -11.5177 0 0 -0.338214
1 6.02795 0 0 -0.719383 0.197982 -0.316423
2 11.7344 0 0 -0.00140285 0 -1.59082
3 8.81138 -0.000450134 -0.000111103 -1.41782 0 0.000157448
4 5.77839 0.000286102 0 -0.94994 0 0.000100727
5 2.23163 -0.000329971 -0.00036335 -0.467881 0 0
6 11.4725 0 0 -1.41512 0.350938 0.356576
7 0.615217 -0.993091 -0.810699 2.61026 0.452332 -0.787568
8 2.24752 0 0 0.136888 -0.110104 0.213811
9 1.11936 0 0 -0.0212105 0.0836397 -0.471476
10 3.71348 -0.102641 0.10219 1.55584 0.763632 0.069066
11 1.72615 0 0 0.0074143 -0.00946432 -0.776187
12 1.21113 0 0 -0.000460014 0.0176302 -0.623545
13 3.59919 -1.06012 0.0708866 1.55742 0.583032 -0.0701081
14 1.66069 0 0 -0.0175587 0.0481344 -0.572574
15 1.167 0 0 0.000419717 -0.00703702 -0.659767
16 2.18852 0.50104 0.0576591 1.57004 0.0300834 0.225876
17 1.2961 0 0 0.0209816 -0.0418739 -0.65344
18 1.62202 0.000711441 -0.000471354 0.0148739 -0.0304652 -0.808982
19 1.22241 0 0 0.015515 0.00238541 -0.758389
20 1.76707 1.27612 0.0366421 1.57004 0.0188433 0.261428
21 1.55588 0 0 -0.02722 0.0179406 -0.693614
22 1.24273 0 0 -0.000599458 0 -0.652744
23 0.784524 0 0 0.00767522 -0.00183521 -0.500732
24 -1.93761 -2.84623 -11.5177 -0.000932534 0 3.14159
25 6.02794 0 0 0.83502 0.395693 1.66542
26 11.7344 0 0 0.00140269 0 1.46679
27 8.81167 0 0 -0.485994 0 0
28 5.77884 0 0 -0.325616 0 0
29 2.23249 0 0 -0.160378 0 0
30 11.4725 0 0 -0.435813 -0.243272 -0.266713
31 0.615813 0.99437 -0.809165 -2.85201 0.401541 0.43994
32 2.24752 0 0 -0.0870316 0.0286895 0.164945
33 1.11936 0 0 -0.0163923 0.195515 0.335226
34 3.71349 0.102637 0.102192 -1.55929 0.352258 -0.0754376
35 1.72615 0 0 -0.0090215 -0.0270639 0.433549
36 1.21112 0 0 -0.00354954 0.0172754 0.394804
37 3.5992 1.06011 0.0708885 -1.55922 0.268145 0.0658116
38 1.66069 0 0 0.0025613 0.0732788 0.257872
39 1.16699 0 0 0.0229141 0.0311174 0.226051
40 2.18853 -0.50104 0.0576591 -1.57004 -0.0521616 -0.225938
41 1.29609 0 0 -0.0116306 -0.0453676 0.43981
42 1.62202 -0.000713348 -0.000471115 0.00160744 -0.0400605 0.393013
43 1.2224 0 0 -0.0156264 -0.0114508 0.393001
44 1.76707 -1.27612 0.0366421 -1.57004 -0.0293955 -0.261465
45 1.55588 0 0 0.0238681 0.022207 0.526994
46 1.24273 0 0 0.000593483 0 0.539287
47 0.784532 0 0 -0.0119649 0.0110774 0.459279
48 0 0 0 0 0 0
49 10.12 -22.2534 -3.80518 2.96209 -0.0294396 -2.40653
50 -3.3008 2.07667 -0.0219364 -1.61332 0 0
51 0.00576639 1.98489 -0.0178735 -1.61332 0 0
52 0.00575733 2.07248 -0.0285532 -1.61332 0 0
53 -3.46175 1.98076 -0.0216691 -1.61332 0 0
54 -3.15015 2.07651 -0.0257416 -1.61332 0 0
55 -1.68436 1.98075 -0.0216706 -1.61332 0 0
56 -1.09015 1.98075 -0.0216689 -1.61332 0 0
57 -1.58629 1.98075 -0.021668 -1.61332 0 0
58 -1.31274 1.98074 -0.0216737 -1.61332 0 0
time 51
0 1.938 -2.84623 -11.5177 0 0 -0.338214
1 6.02795 0 0 -0.719383 0.197982 -0.316423
2 11.7344 0 0 -0.00140285 0 -1.59082
3 8.81138 -0.000450134 -0.000111103 -1.41782 0 0.000157448
4 5.77839 0.000286102 0 -0.94994 0 0.000100727
5 2.23163 -0.000329971 -0.00036335 -0.467881 0 0
6 11.4725 0 0 -1.41512 0.350938 0.356576
7 0.615217 -0.993091 -0.810699 2.61026 0.452332 -0.787568
8 2.24752 0 0 0.136888 -0.110104 0.213811
9 1.11936 0 0 -0.0212105 0.0836397 -0.471476
10 3.71348 -0.102641 0.10219 1.55584 0.763632 0.069066
11 1.72615 0 0 0.0074143 -0.00946432 -0.776187
12 1.21113 0 0 -0.000460014 0.0176302 -0.623545
13 3.59919 -1.06012 0.0708866 1.55742 0.583032 -0.0701081
14 1.66069 0 0 -0.0175587 0.0481344 -0.572574
15 1.167 0 0 0.000419717 -0.00703702 -0.659767
16 2.18852 0.50104 0.0576591 1.57004 0.0300834 0.225876
17 1.2961 0 0 0.0209816 -0.0418739 -0.65344
18 1.62202 0.000711441 -0.000471354 0.0148739 -0.0304652 -0.808982
19 1.22241 0 0 0.015515 0.00238541 -0.758389
20 1.76707 1.27612 0.0366421 1.57004 0.0188433 0.261428
21 1.55588 0 0 -0.02722 0.0179406 -0.693614
22 1.24273 0 0 -0.000599458 0 -0.652744
23 0.784524 0 0 0.00767522 -0.00183521 -0.500732
24 -1.93761 -2.84623 -11.5177 -0.000932534 0 3.14159
25 6.02794 0 0 0.83502 0.395693 1.66542
26 11.7344 0 0 0.00140269 0 1.46679
27 8.81167 0 0 -0.485994 0 0
28 5.77884 0 0 -0.325616 0 0
29 2.23249 0 0 -0.160378 0 0
30 11.4725 0 0 -0.435813 -0.243272 -0.266713
31 0.615813 0.99437 -0.809165 -2.85201 0.401541 0.43994
32 2.24752 0 0 -0.0870316 0.0286895 0.164945
33 1.11936 0 0 -0.0163923 0.195515 0.335226
34 3.71349 0.102637 0.102192 -1.55929 0.352258 -0.0754376
35 1.72615 0 0 -0.0090215 -0.0270639 0.433549
36 1.21112 0 0 -0.00354954 0.0172754 0.394804
37 3.5992 1.06011 0.0708885 -1.55922 0.268145 0.0658116
38 1.66069 0 0 0.0025613 0.0732788 0.257872
39 1.16699 0 0 0.0229141 0.0311174 0.226051
40 2.18853 -0.50104 0.0576591 -1.57004 -0.0521616 -0.225938
41 1.29609 0 0 -0.0116306 -0.0453676 0.43981
42 1.62202 -0.000713348 -0.000471115 0.00160744 -0.0400605 0.393013
43 1.2224 0 0 -0.0156264 -0.0114508 0.393001
44 1.76707 -1.27612 0.0366421 -1.57004 -0.0293955 -0.261465
45 1.55588 0 0 0.0238681 0.022207 0.526994
46 1.24273 0 0 0.000593483 0 0.539287
47 0.784532 0 0 -0.0119649 0.0110774 0.459279
48 0 0 0 0 0 0
49 10.12 -22.2534 -3.80518 2.96209 -0.0294396 -2.40653
50 -3.3008 2.07667 -0.0219364 -1.61332 0 0
51 0.00576639 1.98489 -0.0178735 -1.61332 0 0
52 0.00575733 2.07248 -0.0285532 -1.61332 0 0
53 -3.46175 1.98076 -0.0216691 -1.61332 0 0
54 -3.15015 2.07651 -0.0257416 -1.61332 0 0
55 -1.68436 1.98075 -0.0216706 -1.61332 0 0
56 -1.09015 1.98075 -0.0216689 -1.61332 0 0
57 -1.58629 1.98075 -0.021668 -1.61332 0 0
58 -1.31274 1.98074 -0.0216737 -1.61332 0 0
time 52
0 1.938 -2.84623 -11.5177 0 0 -0.338214
1 6.02795 0 0 -0.719383 0.197982 -0.316423
2 11.7344 0 0 -0.00140285 0 -1.59082
3 8.81138 -0.000450134 -0.000111103 -1.41782 0 0.000157448
4 5.77839 0.000286102 0 -0.94994 0 0.000100727
5 2.23163 -0.000329971 -0.00036335 -0.467881 0 0
6 11.4725 0 0 -1.41512 0.350938 0.356576
7 0.615217 -0.993091 -0.810699 2.61026 0.452332 -0.787568
8 2.24752 0 0 0.136888 -0.110104 0.213811
9 1.11936 0 0 -0.0212105 0.0836397 -0.471476
10 3.71348 -0.102641 0.10219 1.55584 0.763632 0.069066
11 1.72615 0 0 0.0074143 -0.00946432 -0.776187
12 1.21113 0 0 -0.000460014 0.0176302 -0.623545
13 3.59919 -1.06012 0.0708866 1.55742 0.583032 -0.0701081
14 1.66069 0 0 -0.0175587 0.0481344 -0.572574
15 1.167 0 0 0.000419717 -0.00703702 -0.659767
16 2.18852 0.50104 0.0576591 1.57004 0.0300834 0.225876
17 1.2961 0 0 0.0209816 -0.0418739 -0.65344
18 1.62202 0.000711441 -0.000471354 0.0148739 -0.0304652 -0.808982
19 1.22241 0 0 0.015515 0.00238541 -0.758389
20 1.76707 1.27612 0.0366421 1.57004 0.0188433 0.261428
21 1.55588 0 0 -0.02722 0.0179406 -0.693614
22 1.24273 0 0 -0.000599458 0 -0.652744
23 0.784524 0 0 0.00767522 -0.00183521 -0.500732
24 -1.93761 -2.84623 -11.5177 -0.000932534 0 3.14159
25 6.02794 0 0 0.83502 0.395693 1.66542
26 11.7344 0 0 0.00140269 0 1.46679
27 8.81167 0 0 -0.485994 0 0
28 5.77884 0 0 -0.325616 0 0
29 2.23249 0 0 -0.160378 0 0
30 11.4725 0 0 -0.435813 -0.243272 -0.266713
31 0.615813 0.99437 -0.809165 -2.85201 0.401541 0.43994
32 2.24752 0 0 -0.0870316 0.0286895 0.164945
33 1.11936 0 0 -0.0163923 0.195515 0.335226
34 3.71349 0.102637 0.102192 -1.55929 0.352258 -0.0754376
35 1.72615 0 0 -0.0090215 -0.0270639 0.433549
36 1.21112 0 0 -0.00354954 0.0172754 0.394804
37 3.5992 1.06011 0.0708885 -1.55922 0.268145 0.0658116
38 1.66069 0 0 0.0025613 0.0732788 0.257872
39 1.16699 0 0 0.0229141 0.0311174 0.226051
40 2.18853 -0.50104 0.0576591 -1.57004 -0.0521616 -0.225938
41 1.29609 0 0 -0.0116306 -0.0453676 0.43981
42 1.62202 -0.000713348 -0.000471115 0.00160744 -0.0400605 0.393013
43 1.2224 0 0 -0.0156264 -0.0114508 0.393001
44 1.76707 -1.27612 0.0366421 -1.57004 -0.0293955 -0.261465
45 1.55588 0 0 0.0238681 0.022207 0.526994
46 1.24273 0 0 0.000593483 0 0.539287
47 0.784532 0 0 -0.0119649 0.0110774 0.459279
48 0 0 0 0 0 0
49 10.12 -22.2534 -3.80518 2.96209 -0.0294396 -2.40653
50 -3.3008 2.07667 -0.0219364 -1.61332 0 0
51 0.00576639 1.98489 -0.0178735 -1.61332 0 0
52 0.00575733 2.07248 -0.0285532 -1.61332 0 0
53 -3.46175 1.98076 -0.0216691 -1.61332 0 0
54 -3.15015 2.07651 -0.0257416 -1.61332 0 0
55 -1.68436 1.98075 -0.0216706 -1.61332 0 0
56 -1.09015 1.98075 -0.0216689 -1.61332 0 0
57 -1.58629 1.98075 -0.021668 -1.61332 0 0
58 -1.31274 1.98074 -0.0216737 -1.61332 0 0
time 53
0 1.938 -2.84623 -11.5177 0 0 -0.338214
1 6.02795 0 0 -0.719383 0.197982 -0.316423
2 11.7344 0 0 -0.00140285 0 -1.59082
3 8.81138 -0.000450134 -0.000111103 -1.41782 0 0.000157448
4 5.77839 0.000286102 0 -0.94994 0 0.000100727
5 2.23163 -0.000329971 -0.00036335 -0.467881 0 0
6 11.4725 0 0 -1.41512 0.350938 0.356576
7 0.615217 -0.993091 -0.810699 2.61026 0.452332 -0.787568
8 2.24752 0 0 0.136888 -0.110104 0.213811
9 1.11936 0 0 -0.0212105 0.0836397 -0.471476
10 3.71348 -0.102641 0.10219 1.55584 0.763632 0.069066
11 1.72615 0 0 0.0074143 -0.00946432 -0.776187
12 1.21113 0 0 -0.000460014 0.0176302 -0.623545
13 3.59919 -1.06012 0.0708866 1.55742 0.583032 -0.0701081
14 1.66069 0 0 -0.0175587 0.0481344 -0.572574
15 1.167 0 0 0.000419717 -0.00703702 -0.659767
16 2.18852 0.50104 0.0576591 1.57004 0.0300834 0.225876
17 1.2961 0 0 0.0209816 -0.0418739 -0.65344
18 1.62202 0.000711441 -0.000471354 0.0148739 -0.0304652 -0.808982
19 1.22241 0 0 0.015515 0.00238541 -0.758389
20 1.76707 1.27612 0.0366421 1.57004 0.0188433 0.261428
21 1.55588 0 0 -0.02722 0.0179406 -0.693614
22 1.24273 0 0 -0.000599458 0 -0.652744
23 0.784524 0 0 0.00767522 -0.00183521 -0.500732
24 -1.93761 -2.84623 -11.5177 -0.000932534 0 3.14159
25 6.02794 0 0 0.83502 0.395693 1.66542
26 11.7344 0 0 0.00140269 0 1.46679
27 8.81167 0 0 -0.485994 0 0
28 5.77884 0 0 -0.325616 0 0
29 2.23249 0 0 -0.160378 0 0
30 11.4725 0 0 -0.435813 -0.243272 -0.266713
31 0.615813 0.99437 -0.809165 -2.85201 0.401541 0.43994
32 2.24752 0 0 -0.0870316 0.0286895 0.164945
33 1.11936 0 0 -0.0163923 0.195515 0.335226
34 3.71349 0.102637 0.102192 -1.55929 0.352258 -0.0754376
35 1.72615 0 0 -0.0090215 -0.0270639 0.433549
36 1.21112 0 0 -0.00354954 0.0172754 0.394804
37 3.5992 1.06011 0.0708885 -1.55922 0.268145 0.0658116
38 1.66069 0 0 0.0025613 0.0732788 0.257872
39 1.16699 0 0 0.0229141 0.0311174 0.226051
40 2.18853 -0.50104 0.0576591 -1.57004 -0.0521616 -0.225938
41 1.29609 0 0 -0.0116306 -0.0453676 0.43981
42 1.62202 -0.000713348 -0.000471115 0.00160744 -0.0400605 0.393013
43 1.2224 0 0 -0.0156264 -0.0114508 0.393001
44 1.76707 -1.27612 0.0366421 -1.57004 -0.0293955 -0.261465
45 1.55588 0 0 0.0238681 0.022207 0.526994
46 1.24273 0 0 0.000593483 0 0.539287
47 0.784532 0 0 -0.0119649 0.0110774 0.459279
48 0 0 0 0 0 0
49 10.12 -22.2534 -3.80518 2.96209 -0.0294396 -2.40653
50 -3.3008 2.07667 -0.0219364 -1.61332 0 0
51 0.00576639 1.98489 -0.0178735 -1.61332 0 0
52 0.00575733 2.07248 -0.0285532 -1.61332 0 0
53 -3.46175 1.98076 -0.0216691 -1.61332 0 0
54 -3.15015 2.07651 -0.0257416 -1.61332 0 0
55 -1.68436 1.98075 -0.0216706 -1.61332 0 0
56 -1.09015 1.98075 -0.0216689 -1.61332 0 0
57 -1.58629 1.98075 -0.021668 -1.61332 0 0
58 -1.31274 1.98074 -0.0216737 -1.61332 0 0
time 54
0 1.938 -2.84623 -11.5177 0 0 -0.338214
1 6.02795 0 0 -0.719383 0.197982 -0.316423
2 11.7344 0 0 -0.00140285 0 -1.59082
3 8.81138 -0.000450134 -0.000111103 -1.41782 0 0.000157448
4 5.77839 0.000286102 0 -0.94994 0 0.000100727
5 2.23163 -0.000329971 -0.00036335 -0.467881 0 0
6 11.4725 0 0 -1.41512 0.350938 0.356576
7 0.615217 -0.993091 -0.810699 2.61026 0.452332 -0.787568
8 2.24752 0 0 0.136888 -0.110104 0.213811
9 1.11936 0 0 -0.0212105 0.0836397 -0.471476
10 3.71348 -0.102641 0.10219 1.55584 0.763632 0.069066
11 1.72615 0 0 0.0074143 -0.00946432 -0.776187
12 1.21113 0 0 -0.000460014 0.0176302 -0.623545
13 3.59919 -1.06012 0.0708866 1.55742 0.583032 -0.0701081
14 1.66069 0 0 -0.0175587 0.0481344 -0.572574
15 1.167 0 0 0.000419717 -0.00703702 -0.659767
16 2.18852 0.50104 0.0576591 1.57004 0.0300834 0.225876
17 1.2961 0 0 0.0209816 -0.0418739 -0.65344
18 1.62202 0.000711441 -0.000471354 0.0148739 -0.0304652 -0.808982
19 1.22241 0 0 0.015515 0.00238541 -0.758389
20 1.76707 1.27612 0.0366421 1.57004 0.0188433 0.261428
21 1.55588 0 0 -0.02722 0.0179406 -0.693614
22 1.24273 0 0 -0.000599458 0 -0.652744
23 0.784524 0 0 0.00767522 -0.00183521 -0.500732
24 -1.93761 -2.84623 -11.5177 -0.000932534 0 3.14159
25 6.02794 0 0 0.83502 0.395693 1.66542
26 11.7344 0 0 0.00140269 0 1.46679
27 8.81167 0 0 -0.485994 0 0
28 5.77884 0 0 -0.325616 0 0
29 2.23249 0 0 -0.160378 0 0
30 11.4725 0 0 -0.435813 -0.243272 -0.266713
31 0.615813 0.99437 -0.809165 -2.85201 0.401541 0.43994
32 2.24752 0 0 -0.0870316 0.0286895 0.164945
33 1.11936 0 0 -0.0163923 0.195515 0.335226
34 3.71349 0.102637 0.102192 -1.55929 0.352258 -0.0754376
35 1.72615 0 0 -0.0090215 -0.0270639 0.433549
36 1.21112 0 0 -0.00354954 0.0172754 0.394804
37 3.5992 1.06011 0.0708885 -1.55922 0.268145 0.0658116
38 1.66069 0 0 0.0025613 0.0732788 0.257872
39 1.16699 0 0 0.0229141 0.0311174 0.226051
40 2.18853 -0.50104 0.0576591 -1.57004 -0.0521616 -0.225938
41 1.29609 0 0 -0.0116306 -0.0453676 0.43981
42 1.62202 -0.000713348 -0.000471115 0.00160744 -0.0400605 0.393013
43 1.2224 0 0 -0.0156264 -0.0114508 0.393001
44 1.76707 -1.27612 0.0366421 -1.57004 -0.0293955 -0.261465
45 1.55588 0 0 0.0238681 0.022207 0.526994
46 1.24273 0 0 0.000593483 0 0.539287
47 0.784532 0 0 -0.0119649 0.0110774 0.459279
48 0 0 0 0 0 0
49 10.12 -22.2534 -3.80518 2.96209 -0.0294396 -2.40653
50 -3.3008 2.07667 -0.0219364 -1.61332 0 0
51 0.00576639 1.98489 -0.0178735 -1.61332 0 0
52 0.00575733 2.07248 -0.0285532 -1.61332 0 0
53 -3.46175 1.98076 -0.0216691 -1.61332 0 0
54 -3.15015 2.07651 -0.0257416 -1.61332 0 0
55 -1.68436 1.98075 -0.0216706 -1.61332 0 0
56 -1.09015 1.98075 -0.0216689 -1.61332 0 0
57 -1.58629 1.98075 -0.021668 -1.61332 0 0
58 -1.31274 1.98074 -0.0216737 -1.61332 0 0
time 55
0 1.938 -2.84623 -11.5177 0 0 -0.338214
1 6.02795 0 0 -0.719383 0.197982 -0.316423
2 11.7344 0 0 -0.00140285 0 -1.59082
3 8.81138 -0.000450134 -0.000111103 -1.41782 0 0.000157448
4 5.77839 0.000286102 0 -0.94994 0 0.000100727
5 2.23163 -0.000329971 -0.00036335 -0.467881 0 0
6 11.4725 0 0 -1.41512 0.350938 0.356576
7 0.615217 -0.993091 -0.810699 2.61026 0.452332 -0.787568
8 2.24752 0 0 0.136888 -0.110104 0.213811
9 1.11936 0 0 -0.0212105 0.0836397 -0.471476
10 3.71348 -0.102641 0.10219 1.55584 0.763632 0.069066
11 1.72615 0 0 0.0074143 -0.00946432 -0.776187
12 1.21113 0 0 -0.000460014 0.0176302 -0.623545
13 3.59919 -1.06012 0.0708866 1.55742 0.583032 -0.0701081
14 1.66069 0 0 -0.0175587 0.0481344 -0.572574
15 1.167 0 0 0.000419717 -0.00703702 -0.659767
16 2.18852 0.50104 0.0576591 1.57004 0.0300834 0.225876
17 1.2961 0 0 0.0209816 -0.0418739 -0.65344
18 1.62202 0.000711441 -0.000471354 0.0148739 -0.0304652 -0.808982
19 1.22241 0 0 0.015515 0.00238541 -0.758389
20 1.76707 1.27612 0.0366421 1.57004 0.0188433 0.261428
21 1.55588 0 0 -0.02722 0.0179406 -0.693614
22 1.24273 0 0 -0.000599458 0 -0.652744
23 0.784524 0 0 0.00767522 -0.00183521 -0.500732
24 -1.93761 -2.84623 -11.5177 -0.000932534 0 3.14159
25 6.02794 0 0 0.83502 0.395693 1.66542
26 11.7344 0 0 0.00140269 0 1.46679
27 8.81167 0 0 -0.485994 0 0
28 5.77884 0 0 -0.325616 0 0
29 2.23249 0 0 -0.160378 0 0
30 11.4725 0 0 -0.435813 -0.243272 -0.266713
31 0.615813 0.99437 -0.809165 -2.85201 0.401541 0.43994
32 2.24752 0 0 -0.0870316 0.0286895 0.164945
33 1.11936 0 0 -0.0163923 0.195515 0.335226
34 3.71349 0.102637 0.102192 -1.55929 0.352258 -0.0754376
35 1.72615 0 0 -0.0090215 -0.0270639 0.433549
36 1.21112 0 0 -0.00354954 0.0172754 0.394804
37 3.5992 1.06011 0.0708885 -1.55922 0.268145 0.0658116
38 1.66069 0 0 0.0025613 0.0732788 0.257872
39 1.16699 0 0 0.0229141 0.0311174 0.226051
40 2.18853 -0.50104 0.0576591 -1.57004 -0.0521616 -0.225938
41 1.29609 0 0 -0.0116306 -0.0453676 0.43981
42 1.62202 -0.000713348 -0.000471115 0.00160744 -0.0400605 0.393013
43 1.2224 0 0 -0.0156264 -0.0114508 0.393001
44 1.76707 -1.27612 0.0366421 -1.57004 -0.0293955 -0.261465
45 1.55588 0 0 0.0238681 0.022207 0.526994
46 1.24273 0 0 0.000593483 0 0.539287
47 0.784532 0 0 -0.0119649 0.0110774 0.459279
48 0 0 0 0 0 0
49 10.12 -22.2534 -3.80518 2.96209 -0.0294396 -2.40653
50 -3.3008 2.07667 -0.0219364 -1.61332 0 0
51 0.00576639 1.98489 -0.0178735 -1.61332 0 0
52 0.00575733 2.07248 -0.0285532 -1.61332 0 0
53 -3.46175 1.98076 -0.0216691 -1.61332 0 0
54 -3.15015 2.07651 -0.0257416 -1.61332 0 0
55 -1.68436 1.98075 -0.0216706 -1.61332 0 0
56 -1.09015 1.98075 -0.0216689 -1.61332 0 0
57 -1.58629 1.98075 -0.021668 -1.61332 0 0
58 -1.31274 1.98074 -0.0216737 -1.61332 0 0
time 56
0 1.938 -2.84623 -11.5177 0 0 -0.338214
1 6.02795 0 0 -0.719383 0.197982 -0.316423
2 11.7344 0 0 -0.00140285 0 -1.59082
3 8.81138 -0.000450134 -0.000111103 -1.41782 0 0.000157448
4 5.77839 0.000286102 0 -0.94994 0 0.000100727
5 2.23163 -0.000329971 -0.00036335 -0.467881 0 0
6 11.4725 0 0 -1.41512 0.350938 0.356576
7 0.615217 -0.993091 -0.810699 2.61026 0.452332 -0.787568
8 2.24752 0 0 0.136888 -0.110104 0.213811
9 1.11936 0 0 -0.0212105 0.0836397 -0.471476
10 3.71348 -0.102641 0.10219 1.55584 0.763632 0.069066
11 1.72615 0 0 0.0074143 -0.00946432 -0.776187
12 1.21113 0 0 -0.000460014 0.0176302 -0.623545
13 3.59919 -1.06012 0.0708866 1.55742 0.583032 -0.0701081
14 1.66069 0 0 -0.0175587 0.0481344 -0.572574
15 1.167 0 0 0.000419717 -0.00703702 -0.659767
16 2.18852 0.50104 0.0576591 1.57004 0.0300834 0.225876
17 1.2961 0 0 0.0209816 -0.0418739 -0.65344
18 1.62202 0.000711441 -0.000471354 0.0148739 -0.0304652 -0.808982
19 1.22241 0 0 0.015515 0.00238541 -0.758389
20 1.76707 1.27612 0.0366421 1.57004 0.0188433 0.261428
21 1.55588 0 0 -0.02722 0.0179406 -0.693614
22 1.24273 0 0 -0.000599458 0 -0.652744
23 0.784524 0 0 0.00767522 -0.00183521 -0.500732
24 -1.93761 -2.84623 -11.5177 -0.000932534 0 3.14159
25 6.02794 0 0 0.83502 0.395693 1.66542
26 11.7344 0 0 0.00140269 0 1.46679
27 8.81167 0 0 -0.485994 0 0
28 5.77884 0 0 -0.325616 0 0
29 2.23249 0 0 -0.160378 0 0
30 11.4725 0 0 -0.435813 -0.243272 -0.266713
31 0.615813 0.99437 -0.809165 -2.85201 0.401541 0.43994
32 2.24752 0 0 -0.0870316 0.0286895 0.164945
33 1.11936 0 0 -0.0163923 0.195515 0.335226
34 3.71349 0.102637 0.102192 -1.55929 0.352258 -0.0754376
35 1.72615 0 0 -0.0090215 -0.0270639 0.433549
36 1.21112 0 0 -0.00354954 0.0172754 0.394804
37 3.5992 1.06011 0.0708885 -1.55922 0.268145 0.0658116
38 1.66069 0 0 0.0025613 0.0732788 0.257872
39 1.16699 0 0 0.0229141 0.0311174 0.226051
40 2.18853 -0.50104 0.0576591 -1.57004 -0.0521616 -0.225938
41 1.29609 0 0 -0.0116306 -0.0453676 0.43981
42 1.62202 -0.000713348 -0.000471115 0.00160744 -0.0400605 0.393013
43 1.2224 0 0 -0.0156264 -0.0114508 0.393001
44 1.76707 -1.27612 0.0366421 -1.57004 -0.0293955 -0.261465
45 1.55588 0 0 0.0238681 0.022207 0.526994
46 1.24273 0 0 0.000593483 0 0.539287
47 0.784532 0 0 -0.0119649 0.0110774 0.459279
48 0 0 0 0 0 0
49 10.12 -22.2534 -3.80518 2.96209 -0.0294396 -2.40653
50 -3.3008 2.07667 -0.0219364 -1.61332 0 0
51 0.00576639 1.98489 -0.0178735 -1.61332 0 0
52 0.00575733 2.07248 -0.0285532 -1.61332 0 0
53 -3.46175 1.98076 -0.0216691 -1.61332 0 0
54 -3.15015 2.07651 -0.0257416 -1.61332 0 0
55 -1.68436 1.98075 -0.0216706 -1.61332 0 0
56 -1.09015 1.98075 -0.0216689 -1.61332 0 0
57 -1.58629 1.98075 -0.021668 -1.61332 0 0
58 -1.31274 1.98074 -0.0216737 -1.61332 0 0
time 57
0 1.938 -2.84623 -11.5177 0 0 -0.338214
1 6.02795 0 0 -0.719383 0.197982 -0.316423
2 11.7344 0 0 -0.00140285 0 -1.59082
3 8.81138 -0.000450134 -0.000111103 -1.41782 0 0.000157448
4 5.77839 0.000286102 0 -0.94994 0 0.000100727
5 2.23163 -0.000329971 -0.00036335 -0.467881 0 0
6 11.4725 0 0 -1.41512 0.350938 0.356576
7 0.615217 -0.993091 -0.810699 2.61026 0.452332 -0.787568
8 2.24752 0 0 0.136888 -0.110104 0.213811
9 1.11936 0 0 -0.0212105 0.0836397 -0.471476
10 3.71348 -0.102641 0.10219 1.55584 0.763632 0.069066
11 1.72615 0 0 0.0074143 -0.00946432 -0.776187
12 1.21113 0 0 -0.000460014 0.0176302 -0.623545
13 3.59919 -1.06012 0.0708866 1.55742 0.583032 -0.0701081
14 1.66069 0 0 -0.0175587 0.0481344 -0.572574
15 1.167 0 0 0.000419717 -0.00703702 -0.659767
16 2.18852 0.50104 0.0576591 1.57004 0.0300834 0.225876
17 1.2961 0 0 0.0209816 -0.0418739 -0.65344
18 1.62202 0.000711441 -0.000471354 0.0148739 -0.0304652 -0.808982
19 1.22241 0 0 0.015515 0.00238541 -0.758389
20 1.76707 1.27612 0.0366421 1.57004 0.0188433 0.261428
21 1.55588 0 0 -0.02722 0.0179406 -0.693614
22 1.24273 0 0 -0.000599458 0 -0.652744
23 0.784524 0 0 0.00767522 -0.00183521 -0.500732
24 -1.93761 -2.84623 -11.5177 -0.000932534 0 3.14159
25 6.02794 0 0 0.83502 0.395693 1.66542
26 11.7344 0 0 0.00140269 0 1.46679
27 8.81167 0 0 -0.485994 0 0
28 5.77884 0 0 -0.325616 0 0
29 2.23249 0 0 -0.160378 0 0
30 11.4725 0 0 -0.435813 -0.243272 -0.266713
31 0.615813 0.99437 -0.809165 -2.85201 0.401541 0.43994
32 2.24752 0 0 -0.0870316 0.0286895 0.164945
33 1.11936 0 0 -0.0163923 0.195515 0.335226
34 3.71349 0.102637 0.102192 -1.55929 0.352258 -0.0754376
35 1.72615 0 0 -0.0090215 -0.0270639 0.433549
36 1.21112 0 0 -0.00354954 0.0172754 0.394804
37 3.5992 1.06011 0.0708885 -1.55922 0.268145 0.0658116
38 1.66069 0 0 0.0025613 0.0732788 0.257872
39 1.16699 0 0 0.0229141 0.0311174 0.226051
40 2.18853 -0.50104 0.0576591 -1.57004 -0.0521616 -0.225938
41 1.29609 0 0 -0.0116306 -0.0453676 0.43981
42 1.62202 -0.000713348 -0.000471115 0.00160744 -0.0400605 0.393013
43 1.2224 0 0 -0.0156264 -0.0114508 0.393001
44 1.76707 -1.27612 0.0366421 -1.57004 -0.0293955 -0.261465
45 1.55588 0 0 0.0238681 0.022207 0.526994
46 1.24273 0 0 0.000593483 0 0.539287
47 0.784532 0 0 -0.0119649 0.0110774 0.459279
48 0 0 0 0 0 0
49 10.12 -22.2534 -3.80518 2.96209 -0.0294396 -2.40653
50 -3.3008 2.07667 -0.0219364 -1.61332 0 0
51 0.00576639 1.98489 -0.0178735 -1.61332 0 0
52 0.00575733 2.07248 -0.0285532 -1.61332 0 0
53 -3.46175 1.98076 -0.0216691 -1.61332 0 0
54 -3.15015 2.07651 -0.0257416 -1.61332 0 0
55 -1.68436 1.98075 -0.0216706 -1.61332 0 0
56 -1.09015 1.98075 -0.0216689 -1.61332 0 0
57 -1.58629 1.98075 -0.021668 -1.61332 0 0
58 -1.31274 1.98074 -0.0216737 -1.61332 0 0
time 58
0 1.938 -2.84623 -11.5177 0 0 -0.338214
1 6.02795 0 0 -0.719383 0.197982 -0.316423
2 11.7344 0 0 -0.00140285 0 -1.59082
3 8.81138 -0.000450134 -0.000111103 -1.41782 0 0.000157448
4 5.77839 0.000286102 0 -0.94994 0 0.000100727
5 2.23163 -0.000329971 -0.00036335 -0.467881 0 0
6 11.4725 0 0 -1.41512 0.350938 0.356576
7 0.615217 -0.993091 -0.810699 2.61026 0.452332 -0.787568
8 2.24752 0 0 0.136888 -0.110104 0.213811
9 1.11936 0 0 -0.0212105 0.0836397 -0.471476
10 3.71348 -0.102641 0.10219 1.55584 0.763632 0.069066
11 1.72615 0 0 0.0074143 -0.00946432 -0.776187
12 1.21113 0 0 -0.000460014 0.0176302 -0.623545
13 3.59919 -1.06012 0.0708866 1.55742 0.583032 -0.0701081
14 1.66069 0 0 -0.0175587 0.0481344 -0.572574
15 1.167 0 0 0.000419717 -0.00703702 -0.659767
16 2.18852 0.50104 0.0576591 1.57004 0.0300834 0.225876
17 1.2961 0 0 0.0209816 -0.0418739 -0.65344
18 1.62202 0.000711441 -0.000471354 0.0148739 -0.0304652 -0.808982
19 1.22241 0 0 0.015515 0.00238541 -0.758389
20 1.76707 1.27612 0.0366421 1.57004 0.0188433 0.261428
21 1.55588 0 0 -0.02722 0.0179406 -0.693614
22 1.24273 0 0 -0.000599458 0 -0.652744
23 0.784524 0 0 0.00767522 -0.00183521 -0.500732
24 -1.93761 -2.84623 -11.5177 -0.000932534 0 3.14159
25 6.02794 0 0 0.83502 0.395693 1.66542
26 11.7344 0 0 0.00140269 0 1.46679
27 8.81167 0 0 -0.485994 0 0
28 5.77884 0 0 -0.325616 0 0
29 2.23249 0 0 -0.160378 0 0
30 11.4725 0 0 -0.435813 -0.243272 -0.266713
31 0.615813 0.99437 -0.809165 -2.85201 0.401541 0.43994
32 2.24752 0 0 -0.0870316 0.0286895 0.164945
33 1.11936 0 0 -0.0163923 0.195515 0.335226
34 3.71349 0.102637 0.102192 -1.55929 0.352258 -0.0754376
35 1.72615 0 0 -0.0090215 -0.0270639 0.433549
36 1.21112 0 0 -0.00354954 0.0172754 0.394804
37 3.5992 1.06011 0.0708885 -1.55922 0.268145 0.0658116
38 1.66069 0 0 0.0025613 0.0732788 0.257872
39 1.16699 0 0 0.0229141 0.0311174 0.226051
40 2.18853 -0.50104 0.0576591 -1.57004 -0.0521616 -0.225938
41 1.29609 0 0 -0.0116306 -0.0453676 0.43981
42 1.62202 -0.000713348 -0.000471115 0.00160744 -0.0400605 0.393013
43 1.2224 0 0 -0.0156264 -0.0114508 0.393001
44 1.76707 -1.27612 0.0366421 -1.57004 -0.0293955 -0.261465
45 1.55588 0 0 0.0238681 0.022207 0.526994
46 1.24273 0 0 0.000593483 0 0.539287
47 0.784532 0 0 -0.0119649 0.0110774 0.459279
48 0 0 0 0 0 0
49 10.12 -22.2534 -3.80518 2.96209 -0.0294396 -2.40653
50 -3.3008 2.07667 -0.0219364 -1.61332 0 0
51 0.00576639 1.98489 -0.0178735 -1.61332 0 0
52 0.00575733 2.07248 -0.0285532 -1.61332 0 0
53 -3.46175 1.98076 -0.0216691 -1.61332 0 0
54 -3.15015 2.07651 -0.0257416 -1.61332 0 0
55 -1.68436 1.98075 -0.0216706 -1.61332 0 0
56 -1.09015 1.98075 -0.0216689 -1.61332 0 0
57 -1.58629 1.98075 -0.021668 -1.61332 0 0
58 -1.31274 1.98074 -0.0216737 -1.61332 0 0
time 59
0 1.938 -2.84623 -11.5177 0 0 -0.338214
1 6.02795 0 0 -0.719383 0.197982 -0.316423
2 11.7344 0 0 -0.00140285 0 -1.59082
3 8.81138 -0.000450134 -0.000111103 -1.41782 0 0.000157448
4 5.77839 0.000286102 0 -0.94994 0 0.000100727
5 2.23163 -0.000329971 -0.00036335 -0.467881 0 0
6 11.4725 0 0 -1.41512 0.350938 0.356576
7 0.615217 -0.993091 -0.810699 2.61026 0.452332 -0.787568
8 2.24752 0 0 0.136888 -0.110104 0.213811
9 1.11936 0 0 -0.0212105 0.0836397 -0.471476
10 3.71348 -0.102641 0.10219 1.55584 0.763632 0.069066
11 1.72615 0 0 0.0074143 -0.00946432 -0.776187
12 1.21113 0 0 -0.000460014 0.0176302 -0.623545
13 3.59919 -1.06012 0.0708866 1.55742 0.583032 -0.0701081
14 1.66069 0 0 -0.0175587 0.0481344 -0.572574
15 1.167 0 0 0.000419717 -0.00703702 -0.659767
16 2.18852 0.50104 0.0576591 1.57004 0.0300834 0.225876
17 1.2961 0 0 0.0209816 -0.0418739 -0.65344
18 1.62202 0.000711441 -0.000471354 0.0148739 -0.0304652 -0.808982
19 1.22241 0 0 0.015515 0.00238541 -0.758389
20 1.76707 1.27612 0.0366421 1.57004 0.0188433 0.261428
21 1.55588 0 0 -0.02722 0.0179406 -0.693614
22 1.24273 0 0 -0.000599458 0 -0.652744
23 0.784524 0 0 0.00767522 -0.00183521 -0.500732
24 -1.93761 -2.84623 -11.5177 -0.000932534 0 3.14159
25 6.02794 0 0 0.83502 0.395693 1.66542
26 11.7344 0 0 0.00140269 0 1.46679
27 8.81167 0 0 -0.485994 0 0
28 5.77884 0 0 -0.325616 0 0
29 2.23249 0 0 -0.160378 0 0
30 11.4725 0 0 -0.435813 -0.243272 -0.266713
31 0.615813 0.99437 -0.809165 -2.85201 0.401541 0.43994
32 2.24752 0 0 -0.0870316 0.0286895 0.164945
33 1.11936 0 0 -0.0163923 0.195515 0.335226
34 3.71349 0.102637 0.102192 -1.55929 0.352258 -0.0754376
35 1.72615 0 0 -0.0090215 -0.0270639 0.433549
36 1.21112 0 0 -0.00354954 0.0172754 0.394804
37 3.5992 1.06011 0.0708885 -1.55922 0.268145 0.0658116
38 1.66069 0 0 0.0025613 0.0732788 0.257872
39 1.16699 0 0 0.0229141 0.0311174 0.226051
40 2.18853 -0.50104 0.0576591 -1.57004 -0.0521616 -0.225938
41 1.29609 0 0 -0.0116306 -0.0453676 0.43981
42 1.62202 -0.000713348 -0.000471115 0.00160744 -0.0400605 0.393013
43 1.2224 0 0 -0.0156264 -0.0114508 0.393001
44 1.76707 -1.27612 0.0366421 -1.57004 -0.0293955 -0.261465
45 1.55588 0 0 0.0238681 0.022207 0.526994
46 1.24273 0 0 0.000593483 0 0.539287
47 0.784532 0 0 -0.0119649 0.0110774 0.459279
48 0 0 0 0 0 0
49 10.12 -22.2534 -3.80518 2.96209 -0.0294396 -2.40653
50 -3.3008 2.07667 -0.0219364 -1.61332 0 0
51 0.00576639 1.98489 -0.0178735 -1.61332 0 0
52 0.00575733 2.07248 -0.0285532 -1.61332 0 0
53 -3.46175 1.98076 -0.0216691 -1.61332 0 0
54 -3.15015 2.07651 -0.0257416 -1.61332 0 0
55 -1.68436 1.98075 -0.0216706 -1.61332 0 0
56 -1.09015 1.98075 -0.0216689 -1.61332 0 0
57 -1.58629 1.98075 -0.021668 -1.61332 0 0
58 -1.31274 1.98074 -0.0216737 -1.61332 0 0
time 60
0 1.938 -2.84623 -11.5177 0 0 -0.338214
1 6.02795 0 0 -0.719383 0.197982 -0.316423
2 11.7344 0 0 -0.00140285 0 -1.59082
3 8.81138 -0.000450134 -0.000111103 -1.41782 0 0.000157448
4 5.77839 0.000286102 0 -0.94994 0 0.000100727
5 2.23163 -0.000329971 -0.00036335 -0.467881 0 0
6 11.4725 0 0 -1.41512 0.350938 0.356576
7 0.615217 -0.993091 -0.810699 2.61026 0.452332 -0.787568
8 2.24752 0 0 0.136888 -0.110104 0.213811
9 1.11936 0 0 -0.0212105 0.0836397 -0.471476
10 3.71348 -0.102641 0.10219 1.55584 0.763632 0.069066
11 1.72615 0 0 0.0074143 -0.00946432 -0.776187
12 1.21113 0 0 -0.000460014 0.0176302 -0.623545
13 3.59919 -1.06012 0.0708866 1.55742 0.583032 -0.0701081
14 1.66069 0 0 -0.0175587 0.0481344 -0.572574
15 1.167 0 0 0.000419717 -0.00703702 -0.659767
16 2.18852 0.50104 0.0576591 1.57004 0.0300834 0.225876
17 1.2961 0 0 0.0209816 -0.0418739 -0.65344
18 1.62202 0.000711441 -0.000471354 0.0148739 -0.0304652 -0.808982
19 1.22241 0 0 0.015515 0.00238541 -0.758389
20 1.76707 1.27612 0.0366421 1.57004 0.0188433 0.261428
21 1.55588 0 0 -0.02722 0.0179406 -0.693614
22 1.24273 0 0 -0.000599458 0 -0.652744
23 0.784524 0 0 0.00767522 -0.00183521 -0.500732
24 -1.93761 -2.84623 -11.5177 -0.000932534 0 3.14159
25 6.02794 0 0 0.83502 0.395693 1.66542
26 11.7344 0 0 0.00140269 0 1.46679
27 8.81167 0 0 -0.485994 0 0
28 5.77884 0 0 -0.325616 0 0
29 2.23249 0 0 -0.160378 0 0
30 11.4725 0 0 -0.435813 -0.243272 -0.266713
31 0.615813 0.99437 -0.809165 -2.85201 0.401541 0.43994
32 2.24752 0 0 -0.0870316 0.0286895 0.164945
33 1.11936 0 0 -0.0163923 0.195515 0.335226
34 3.71349 0.102637 0.102192 -1.55929 0.352258 -0.0754376
35 1.72615 0 0 -0.0090215 -0.0270639 0.433549
36 1.21112 0 0 -0.00354954 0.0172754 0.394804
37 3.5992 1.06011 0.0708885 -1.55922 0.268145 0.0658116
38 1.66069 0 0 0.0025613 0.0732788 0.257872
39 1.16699 0 0 0.0229141 0.0311174 0.226051
40 2.18853 -0.50104 0.0576591 -1.57004 -0.0521616 -0.225938
41 1.29609 0 0 -0.0116306 -0.0453676 0.43981
42 1.62202 -0.000713348 -0.000471115 0.00160744 -0.0400605 0.393013
43 1.2224 0 0 -0.0156264 -0.0114508 0.393001
44 1.76707 -1.27612 0.0366421 -1.57004 -0.0293955 -0.261465
45 1.55588 0 0 0.0238681 0.022207 0.526994
46 1.24273 0 0 0.000593483 0 0.539287
47 0.784532 0 0 -0.0119649 0.0110774 0.459279
48 0 0 0 0 0 0
49 10.12 -22.2534 -3.80518 2.96209 -0.0294396 -2.40653
50 -3.3008 2.07667 -0.0219364 -1.61332 0 0
51 0.00576639 1.98489 -0.0178735 -1.61332 0 0
52 0.00575733 2.07248 -0.0285532 -1.61332 0 0
53 -3.46175 1.98076 -0.0216691 -1.61332 0 0
54 -3.15015 2.07651 -0.0257416 -1.61332 0 0
55 -1.68436 1.98075 -0.0216706 -1.61332 0 0
56 -1.09015 1.98075 -0.0216689 -1.61332 0 0
57 -1.58629 1.98075 -0.021668 -1.61332 0 0
58 -1.31274 1.98074 -0.0216737 -1.61332 0 0
end
