//Sequence File generated by the Wall Worm SMD Exporter PRO 1.99
//www.wallworm.com
version 1
nodes
0 "b_l_clav" -1
1 "b_l_upperarm" 0
2 "b_l_forearm" 1
3 "b_l_twist3" 2
4 "b_l_twist2" 2
5 "b_l_twist1" 2
6 "b_l_hand" 2
7 "b_l_thumb001" 6
8 "b_l_thumb002" 7
9 "b_l_thumb003" 8
10 "b_l_middle001" 6
11 "b_l_middle002" 10
12 "b_l_middle003" 11
13 "b_l_index001" 6
14 "b_l_index002" 13
15 "b_l_index003" 14
16 "b_l_hand_ringsqueezer" 6
17 "b_l_ring001" 16
18 "b_l_ring002" 17
19 "b_l_ring003" 18
20 "b_l_hand_pinkysqueezer" 6
21 "b_l_pinky001" 20
22 "b_l_pinky002" 21
23 "b_l_pinky003" 22
24 "b_r_clav" -1
25 "b_r_upperarm" 24
26 "b_r_forearm" 25
27 "b_r_twist3" 26
28 "b_r_twist2" 26
29 "b_r_twist1" 26
30 "b_r_hand" 26
31 "b_r_thumb001" 30
32 "b_r_thumb002" 31
33 "b_r_thumb003" 32
34 "b_r_middle001" 30
35 "b_r_middle002" 34
36 "b_r_middle003" 35
37 "b_r_index001" 30
38 "b_r_index002" 37
39 "b_r_index003" 38
40 "b_r_hand_ringsqueezer" 30
41 "b_r_ring001" 40
42 "b_r_ring002" 41
43 "b_r_ring003" 42
44 "b_r_hand_pinkysqueezer" 30
45 "b_r_pinky001" 44
46 "b_r_pinky002" 45
47 "b_r_pinky003" 46
48 "b_zero" -1
49 "d_phone" -1
50 "d_menu" 49
51 "d_meme" 49
52 "d_lightup" 49
53 "d_call" 49
54 "d_backgroundstuff" 49
55 "d_7" 49
56 "d_2" 49
57 "d_0b" 49
58 "d_0a" 49
end
skeleton
time 0
0 1.938 -2.84623 -11.5177 0 0 0
1 6.02794 0 0 -1.30336 0.288047 -1.66692
2 11.7344 0 0 -0.00140283 0 -0.923295
3 8.81138 -0.000450134 -0.00011158 0.760684 0 0.000157095
4 5.77839 0.000286102 0 0.509658 0 0.000109336
5 2.23163 -0.000328064 -0.000364304 0.251026 0 0
6 11.4725 0 0 0.780711 -0.00391449 0.28542
7 0.615219 -0.993091 -0.810699 2.33902 0.155091 -0.714923
8 2.24752 0 0 0.114871 0.0703093 0.166296
9 1.11936 0 0 0.0687037 0.0585169 -0.351506
10 3.71348 -0.102641 0.102192 1.55929 0.352511 0.0754343
11 1.72615 0 0 0.00902877 -0.0270614 -0.433803
12 1.21114 0 0 0.00354514 0.0172764 -0.395057
13 3.59919 -1.06012 0.0708885 1.55869 0.396162 -0.0674143
14 1.66069 0 0 -0.0126177 0.0731066 -0.386254
15 1.167 0 0 -0.0253568 0.0266387 -0.354066
16 2.18852 0.50104 0.0576591 1.57004 -0.0310726 0.225922
17 1.29609 0 0 0.0114267 -0.0454193 -0.435318
18 1.62202 0.000714302 -0.000471115 -0.00178711 -0.0400528 -0.388522
19 1.22241 0 0 0.0161168 -0.0122075 -0.388536
20 1.76707 1.27612 0.0366421 1.57004 -0.00830641 0.261449
21 1.55588 0 0 -0.0212789 0.0246986 -0.416705
22 1.24273 0 0 -0.000580973 0.000148617 -0.429
23 0.784525 0 0 0.0131114 0.00969327 -0.348994
24 -1.93761 -2.84623 -11.5177 -0.000932534 0 3.14159
25 6.02794 0 0 1.12163 -0.0660229 0.542657
26 11.7344 0 0 0.00140274 0 2.55198
27 8.81167 0 0 -0.0334623 0 0
28 5.77884 0 0 -0.0224198 0 0
29 2.23249 0 0 -0.0110427 0 0
30 11.4725 0 0 1.1443 -0.699971 -1.29719
31 0.615813 0.994371 -0.809165 -2.75079 0.325437 0.793311
32 2.24752 0 0 -0.0914701 -0.103439 -0.0239575
33 1.11936 0 0 -0.119206 0.171032 -0.185681
34 3.71349 0.102639 0.102191 -1.58909 0.862034 -0.119426
35 1.72615 0 0 -0.0146905 -0.0156264 0.786665
36 1.21112 0 0 0.000742596 0.0176206 0.639583
37 3.5992 1.06012 0.0708866 -1.63119 0.565989 -0.0670041
38 1.66069 0 0 0.0236726 0.0479983 0.681077
39 1.16699 0 0 0.00219294 -0.00509789 0.836227
40 2.18853 -0.50104 0.0576601 -1.56385 0.0595168 -0.173895
41 1.29609 0 0 -0.0829927 -0.0261582 0.746444
42 1.62202 -0.000713825 -0.000469685 -0.0204122 -0.0253737 0.977118
43 1.2224 0 0 -0.00883901 -0.00173475 0.485149
44 1.76707 -1.27612 0.0366411 -1.56318 0.0589347 -0.145416
45 1.55588 0 0 0.0303735 0.011842 0.90458
46 1.24273 0 0 0.000598488 0 0.620514
47 0.784532 0 0 -0.0124134 0.0105723 0.417843
48 0 0 0 0 0 0
49 -7.26593 -4.25155 -1.64465 -2.8319 1.22062 1.91114
50 -3.3008 1.98092 -0.0178614 -1.61333 0 0
51 0.00576687 1.98489 -0.0178733 -1.61332 0 0
52 0.00575638 2.07249 -0.0285535 -1.61332 0 0
53 -3.46178 2.07651 -0.025743 -1.61332 0 0
54 -3.15015 2.07651 -0.0257421 -1.61332 0 0
55 -1.68436 2.09113 -0.0263638 -1.61332 0 0
56 -1.61192 2.09074 -0.035563 -1.61332 0 0
57 -1.74901 2.09114 -0.0263638 -1.61332 0 0
58 -1.65881 2.09113 -0.0263638 -1.61333 0 0
time 1
0 1.938 -2.84623 -11.5177 0 0 0
1 6.02794 0 0 -1.30325 0.288015 -1.66719
2 11.7344 0 0 -0.00140283 0 -0.923075
3 8.81138 -0.000450134 -0.00011158 0.760642 0 0.000157626
4 5.77839 0.000284195 0 0.50963 0 0.000109757
5 2.23163 -0.000328064 -0.00036335 0.251012 0 0
6 11.4725 0 0 0.780537 -0.00439859 0.285008
7 0.615221 -0.993091 -0.810699 2.33902 0.155091 -0.714923
8 2.24752 0 0 0.114871 0.0703093 0.166296
9 1.11936 0 0 0.0687035 0.0585169 -0.351506
10 3.71348 -0.102641 0.102191 1.55929 0.352511 0.0754344
11 1.72615 0 0 0.00902878 -0.0270615 -0.433803
12 1.21114 0 0 0.00354505 0.0172762 -0.395057
13 3.59919 -1.06012 0.0708885 1.55869 0.396162 -0.0674145
14 1.66069 0 0 -0.0126175 0.0731066 -0.386254
15 1.167 0 0 -0.0253567 0.0266387 -0.354065
16 2.18852 0.50104 0.0576591 1.57004 -0.0310725 0.225922
17 1.29609 0 0 0.0114266 -0.0454193 -0.435318
18 1.62202 0.000714302 -0.000470161 -0.00178715 -0.0400529 -0.388522
19 1.22241 0 0 0.0161167 -0.0122074 -0.388536
20 1.76707 1.27612 0.0366411 1.57004 -0.00830629 0.261449
21 1.55588 0 0 -0.0212789 0.0246985 -0.416704
22 1.24273 0 0 -0.00058094 0.000148746 -0.429
23 0.784523 0 0 0.0131114 0.00969345 -0.348994
24 -1.93761 -2.84623 -11.5177 -0.000932534 0 3.14159
25 6.02794 0 0 1.12167 -0.0657158 0.542484
26 11.7344 0 0 0.00140263 0 2.552
27 8.81167 0 0 -0.0320956 0 0
28 5.77884 0 0 -0.0215041 0 0
29 2.23249 0 0 -0.0105916 0 0
30 11.4725 0 0 1.14431 -0.700018 -1.29673
31 0.615812 0.994372 -0.809165 -2.75079 0.325437 0.793311
32 2.24752 0 0 -0.09147 -0.103439 -0.0239575
33 1.11936 0 0 -0.119206 0.171032 -0.185681
34 3.71349 0.102639 0.10219 -1.58909 0.862034 -0.119426
35 1.72615 0 0 -0.0146905 -0.0156264 0.786665
36 1.21112 0 0 0.000742784 0.0176205 0.639583
37 3.5992 1.06012 0.0708876 -1.63119 0.56599 -0.0670042
38 1.66069 0 0 0.0236725 0.0479982 0.681077
39 1.16699 0 0 0.00219305 -0.00509778 0.836227
40 2.18853 -0.50104 0.0576582 -1.56385 0.0595169 -0.173895
41 1.29609 0 0 -0.0829927 -0.0261581 0.746444
42 1.62202 -0.000712395 -0.000470161 -0.0204122 -0.0253737 0.977118
43 1.22241 0 0 -0.00883891 -0.00173479 0.485149
44 1.76707 -1.27612 0.0366411 -1.56318 0.0589349 -0.145416
45 1.55588 0 0 0.0303735 0.011842 0.90458
46 1.24273 0 0 0.000598507 0 0.620514
47 0.78453 0 0 -0.0124134 0.0105723 0.417843
48 0 0 0 0 0 0
49 -7.2678 -4.25154 -1.64568 -2.83153 1.22071 1.91153
50 -3.3008 1.98092 -0.0178614 -1.61333 0 0
51 0.00576699 1.98489 -0.0178733 -1.61332 0 0
52 0.00575662 2.07248 -0.028553 -1.61332 0 0
53 -3.46178 2.07651 -0.0257421 -1.61332 0 0
54 -3.15015 2.07651 -0.0257411 -1.61332 0 0
55 -1.68436 2.09113 -0.0263629 -1.61332 0 0
56 -1.61192 2.09074 -0.035562 -1.61332 0 0
57 -1.74901 2.09114 -0.0263634 -1.61332 0 0
58 -1.65881 2.09113 -0.0263629 -1.61333 0 0
time 2
0 1.938 -2.84623 -11.5177 0 0 0
1 6.02794 0 0 -1.30297 0.287945 -1.66789
2 11.7344 0 0 -0.00140296 0 -0.922496
3 8.81138 -0.000450134 -0.00011158 0.760523 0 0.000157894
4 5.77839 0.000286102 0 0.50955 0 0.000109858
5 2.23163 -0.000328064 -0.000362873 0.250973 0 0
6 11.4725 0 0 0.780061 -0.00570107 0.283886
7 0.615219 -0.993091 -0.810699 2.33902 0.155091 -0.714923
8 2.24752 0 0 0.114871 0.0703092 0.166296
9 1.11936 0 0 0.0687035 0.0585169 -0.351506
10 3.71348 -0.102641 0.102191 1.55929 0.352511 0.0754344
11 1.72615 0 0 0.00902873 -0.0270616 -0.433803
12 1.21114 0 0 0.00354509 0.0172763 -0.395057
13 3.59919 -1.06012 0.0708885 1.55869 0.396162 -0.0674144
14 1.66069 0 0 -0.0126179 0.0731067 -0.386254
15 1.16699 0 0 -0.0253567 0.0266387 -0.354066
16 2.18852 0.50104 0.0576591 1.57004 -0.0310725 0.225922
17 1.29609 0 0 0.0114266 -0.0454193 -0.435318
18 1.62202 0.000713825 -0.000469208 -0.00178725 -0.0400527 -0.388522
19 1.22241 0 0 0.0161168 -0.0122076 -0.388536
20 1.76707 1.27612 0.0366411 1.57004 -0.0083066 0.261449
21 1.55588 0 0 -0.0212788 0.0246984 -0.416704
22 1.24273 0 0 -0.000580869 0.000148701 -0.429
23 0.784525 0 0 0.0131114 0.00969339 -0.348994
24 -1.93761 -2.84623 -11.5177 -0.000932534 0 3.14159
25 6.02794 0 0 1.12176 -0.0648975 0.542027
26 11.7344 0 0 0.00140284 0 2.55207
27 8.81167 0 0 -0.0284295 0 0
28 5.77884 0 0 -0.0190478 0 0
29 2.23249 0 0 -0.00938166 0 0
30 11.4725 0 0 1.14434 -0.700152 -1.29548
31 0.615812 0.994371 -0.809165 -2.75079 0.325437 0.793311
32 2.24752 0 0 -0.0914701 -0.103439 -0.0239576
33 1.11936 0 0 -0.119206 0.171032 -0.185681
34 3.71349 0.102638 0.102191 -1.58909 0.862034 -0.119426
35 1.72615 0 0 -0.0146904 -0.0156264 0.786665
36 1.21112 0 0 0.000742712 0.0176206 0.639583
37 3.5992 1.06012 0.0708885 -1.63119 0.565989 -0.0670042
38 1.66069 0 0 0.0236725 0.0479982 0.681077
39 1.16699 0 0 0.00219303 -0.0050978 0.836227
40 2.18853 -0.50104 0.0576572 -1.56385 0.0595167 -0.173895
41 1.29609 0 0 -0.0829927 -0.0261582 0.746444
42 1.62202 -0.000712872 -0.000469685 -0.0204121 -0.0253737 0.977118
43 1.22241 0 0 -0.00883908 -0.00173476 0.485149
44 1.76707 -1.27612 0.0366402 -1.56318 0.0589347 -0.145416
45 1.55588 0 0 0.0303736 0.011842 0.90458
46 1.24273 0 0 0.000598447 0 0.620514
47 0.784531 0 0 -0.0124133 0.0105723 0.417843
48 0 0 0 0 0 0
49 -7.27275 -4.25154 -1.64843 -2.83051 1.22097 1.9126
50 -3.3008 1.98092 -0.0178618 -1.61333 0 0
51 0.00576699 1.98489 -0.0178738 -1.61332 0 0
52 0.00575674 2.07248 -0.0285535 -1.61332 0 0
53 -3.46178 2.07651 -0.025743 -1.61332 0 0
54 -3.15015 2.07651 -0.0257416 -1.61333 0 0
55 -1.68436 2.09113 -0.0263634 -1.61332 0 0
56 -1.61192 2.09074 -0.035563 -1.61332 0 0
57 -1.74901 2.09114 -0.0263638 -1.61332 0 0
58 -1.65881 2.09113 -0.0263638 -1.61333 0 0
time 3
0 1.938 -2.84623 -11.5177 0 0 0
1 6.02794 0 0 -1.30257 0.287878 -1.66888
2 11.7344 0 0 -0.00140288 0 -0.921679
3 8.81138 -0.000452042 -0.000112057 0.760339 0 0.000158029
4 5.77839 0.000286102 0 0.509427 0 0.000110017
5 2.23164 -0.000329971 -0.00036478 0.250912 0 0
6 11.4725 0 0 0.779355 -0.00759849 0.28222
7 0.615223 -0.993091 -0.8107 2.33902 0.155092 -0.714923
8 2.24752 0 0 0.114871 0.0703093 0.166296
9 1.11936 0 0 0.0687035 0.0585169 -0.351506
10 3.71348 -0.102641 0.102192 1.55929 0.352511 0.0754344
11 1.72614 0 0 0.00902884 -0.0270615 -0.433803
12 1.21114 0 0 0.00354511 0.0172762 -0.395057
13 3.5992 -1.06012 0.0708885 1.55869 0.396162 -0.0674144
14 1.66068 0 0 -0.0126179 0.0731066 -0.386254
15 1.16699 0 0 -0.0253567 0.0266387 -0.354065
16 2.18852 0.501039 0.0576591 1.57004 -0.0310726 0.225922
17 1.29609 0 0 0.0114266 -0.0454194 -0.435318
18 1.62202 0.000713348 -0.000470161 -0.00178717 -0.0400528 -0.388522
19 1.22241 0 0 0.0161167 -0.0122074 -0.388536
20 1.76707 1.27612 0.0366411 1.57004 -0.00830648 0.261449
21 1.55588 0 0 -0.0212789 0.0246985 -0.416704
22 1.24273 0 0 -0.000580928 0.000148688 -0.429
23 0.784523 0 0 0.0131115 0.00969335 -0.348994
24 -1.93761 -2.84623 -11.5177 -0.000932534 0 3.14159
25 6.02794 0 0 1.12187 -0.0637226 0.541379
26 11.7344 0 0 0.00140271 0 2.55216
27 8.81167 0 0 -0.0231086 0 0
28 5.77884 0 0 -0.0154829 0 0
29 2.23249 0 0 -0.00762604 0 0
30 11.4725 0 0 1.14437 -0.700362 -1.29366
31 0.615812 0.994373 -0.809165 -2.75079 0.325437 0.793311
32 2.24752 0 0 -0.0914699 -0.103439 -0.0239575
33 1.11936 0 0 -0.119206 0.171032 -0.185681
34 3.71349 0.10264 0.10219 -1.58909 0.862034 -0.119426
35 1.72615 0 0 -0.0146904 -0.0156264 0.786665
36 1.21112 0 0 0.00074262 0.0176205 0.639583
37 3.5992 1.06012 0.0708876 -1.63119 0.56599 -0.0670042
38 1.66069 0 0 0.0236725 0.047998 0.681077
39 1.16699 0 0 0.00219299 -0.00509785 0.836227
40 2.18853 -0.50104 0.0576582 -1.56385 0.0595169 -0.173895
41 1.29609 0 0 -0.0829927 -0.0261581 0.746444
42 1.62202 -0.000712395 -0.000469685 -0.0204121 -0.0253737 0.977118
43 1.22241 0 0 -0.00883904 -0.00173472 0.485149
44 1.76707 -1.27612 0.0366411 -1.56318 0.0589349 -0.145416
45 1.55588 0 0 0.0303737 0.011842 0.90458
46 1.24273 0 0 0.000598358 0 0.620514
47 0.784531 0 0 -0.0124133 0.0105723 0.417843
48 0 0 0 0 0 0
49 -7.27978 -4.25153 -1.65239 -2.829 1.22136 1.9142
50 -3.3008 1.98092 -0.0178614 -1.61333 0 0
51 0.00576711 1.98489 -0.0178738 -1.61332 0 0
52 0.00575674 2.07248 -0.0285535 -1.61332 0 0
53 -3.46178 2.07651 -0.0257421 -1.61332 0 0
54 -3.15015 2.07651 -0.0257416 -1.61332 0 0
55 -1.68436 2.09113 -0.0263634 -1.61332 0 0
56 -1.61192 2.09074 -0.035563 -1.61332 0 0
57 -1.74901 2.09114 -0.0263643 -1.61332 0 0
58 -1.65881 2.09113 -0.0263643 -1.61333 0 0
time 4
0 1.938 -2.84623 -11.5177 0 0 0
1 6.02794 0 0 -1.3021 0.287854 -1.67003
2 11.7344 0 0 -0.00140286 0 -0.920745
3 8.81138 -0.000450134 -0.000112534 0.760102 0 0.000157662
4 5.77839 0.000286102 0 0.509269 0 0.000109729
5 2.23163 -0.000329971 -0.000365257 0.250834 0 0
6 11.4725 0 0 0.77849 -0.00986655 0.280179
7 0.615219 -0.993093 -0.8107 2.33902 0.155092 -0.714923
8 2.24752 0 0 0.114871 0.0703093 0.166296
9 1.11936 0 0 0.0687035 0.0585168 -0.351506
10 3.71348 -0.102642 0.102191 1.55929 0.352511 0.0754344
11 1.72615 0 0 0.0090287 -0.0270614 -0.433802
12 1.21114 0 0 0.00354516 0.0172763 -0.395057
13 3.59919 -1.06012 0.0708876 1.55869 0.396162 -0.0674143
14 1.66069 0 0 -0.0126178 0.0731065 -0.386254
15 1.167 0 0 -0.0253568 0.0266388 -0.354065
16 2.18853 0.501039 0.0576582 1.57004 -0.0310725 0.225922
17 1.29609 0 0 0.0114267 -0.0454194 -0.435318
18 1.62202 0.000714302 -0.000471115 -0.00178729 -0.0400528 -0.388522
19 1.22241 0 0 0.0161167 -0.0122076 -0.388536
20 1.76707 1.27612 0.0366411 1.57004 -0.00830642 0.261449
21 1.55588 0 0 -0.0212789 0.0246985 -0.416704
22 1.24273 0 0 -0.000581102 0.00014865 -0.429
23 0.784523 0 0 0.0131114 0.00969345 -0.348994
24 -1.93761 -2.84623 -11.5177 -0.000932534 0 3.14159
25 6.02794 0 0 1.122 -0.0623451 0.540633
26 11.7344 0 0 0.0014027 0 2.55226
27 8.81167 0 0 -0.0167764 0 0
28 5.77884 0 0 -0.0112402 0 0
29 2.23249 0 0 -0.00553631 0 0
30 11.4725 0 0 1.1444 -0.700636 -1.29148
31 0.615813 0.994372 -0.809165 -2.75079 0.325437 0.793311
32 2.24752 0 0 -0.0914701 -0.103439 -0.0239574
33 1.11936 0 0 -0.119206 0.171032 -0.185681
34 3.71349 0.102639 0.10219 -1.58909 0.862034 -0.119426
35 1.72615 0 0 -0.0146904 -0.0156264 0.786665
36 1.21112 0 0 0.000742686 0.0176205 0.639583
37 3.5992 1.06012 0.0708885 -1.63119 0.565989 -0.0670042
38 1.66069 0 0 0.0236726 0.0479981 0.681077
39 1.16699 0 0 0.00219297 -0.00509778 0.836227
40 2.18853 -0.50104 0.0576591 -1.56385 0.059517 -0.173895
41 1.29609 0 0 -0.0829927 -0.0261582 0.746444
42 1.62201 -0.000712872 -0.000469685 -0.0204122 -0.0253737 0.977118
43 1.22241 0 0 -0.00883906 -0.00173475 0.485149
44 1.76707 -1.27612 0.0366421 -1.56318 0.0589348 -0.145416
45 1.55588 0 0 0.0303736 0.0118421 0.90458
46 1.24273 0 0 0.000598374 0 0.620514
47 0.784532 0 0 -0.0124135 0.0105723 0.417843
48 0 0 0 0 0 0
49 -7.28791 -4.25155 -1.65705 -2.82713 1.22182 1.91617
50 -3.3008 1.98092 -0.0178618 -1.61333 0 0
51 0.00576711 1.98489 -0.0178738 -1.61332 0 0
52 0.00575674 2.07248 -0.028554 -1.61332 0 0
53 -3.46178 2.07651 -0.025743 -1.61332 0 0
54 -3.15015 2.07651 -0.0257416 -1.61332 0 0
55 -1.68436 2.09113 -0.0263638 -1.61332 0 0
56 -1.61192 2.09074 -0.0355635 -1.61332 0 0
57 -1.74901 2.09114 -0.0263643 -1.61332 0 0
58 -1.65881 2.09113 -0.0263638 -1.61333 0 0
time 5
0 1.938 -2.84623 -11.5177 0 0 0
1 6.02794 0 0 -1.3016 0.287913 -1.67119
2 11.7344 0 0 -0.00140291 0 -0.919818
3 8.81138 -0.000450134 -0.00011158 0.759824 0 0.000157283
4 5.77839 0.000284195 0 0.509082 0 0.000109528
5 2.23163 -0.000329971 -0.00036335 0.250742 0 0
6 11.4725 0 0 0.777537 -0.0122828 0.277932
7 0.615219 -0.993091 -0.810699 2.33902 0.155092 -0.714923
8 2.24752 0 0 0.114871 0.0703092 0.166296
9 1.11936 0 0 0.0687035 0.0585168 -0.351506
10 3.71348 -0.10264 0.102191 1.55929 0.352511 0.0754344
11 1.72615 0 0 0.00902872 -0.0270615 -0.433803
12 1.21114 0 0 0.00354515 0.0172764 -0.395057
13 3.59919 -1.06012 0.0708885 1.55869 0.396162 -0.0674144
14 1.66068 0 0 -0.0126176 0.0731068 -0.386254
15 1.167 0 0 -0.0253568 0.0266386 -0.354066
16 2.18852 0.50104 0.0576591 1.57004 -0.0310724 0.225922
17 1.29609 0 0 0.0114265 -0.0454193 -0.435318
18 1.62202 0.000714302 -0.000470161 -0.00178712 -0.0400527 -0.388522
19 1.22241 0 0 0.0161167 -0.0122074 -0.388536
20 1.76707 1.27612 0.0366411 1.57004 -0.00830638 0.261449
21 1.55588 0 0 -0.021279 0.0246985 -0.416704
22 1.24273 0 0 -0.000580999 0.000148734 -0.429
23 0.784523 0 0 0.0131114 0.00969322 -0.348994
24 -1.93761 -2.84623 -11.5177 -0.000932534 0 3.14159
25 6.02794 0 0 1.1221 -0.0609198 0.539883
26 11.7344 0 0 0.00140269 0 2.55234
27 8.81167 0 0 -0.0100914 0 0
28 5.77884 0 0 -0.00676121 0 0
29 2.23249 0 0 -0.00333031 0 0
30 11.4725 0 0 1.14442 -0.700964 -1.28916
31 0.615812 0.994372 -0.809165 -2.75079 0.325437 0.793311
32 2.24752 0 0 -0.0914701 -0.103439 -0.0239577
33 1.11936 0 0 -0.119206 0.171032 -0.185681
34 3.71349 0.102639 0.102191 -1.58909 0.862034 -0.119426
35 1.72615 0 0 -0.0146905 -0.0156264 0.786665
36 1.21112 0 0 0.000742605 0.0176206 0.639583
37 3.5992 1.06012 0.0708876 -1.63119 0.565989 -0.0670041
38 1.66069 0 0 0.0236725 0.0479982 0.681077
39 1.16699 0 0 0.00219292 -0.00509779 0.836227
40 2.18853 -0.50104 0.0576582 -1.56385 0.0595168 -0.173895
41 1.29609 0 0 -0.0829928 -0.0261581 0.746444
42 1.62202 -0.000712872 -0.000470638 -0.0204121 -0.0253737 0.977118
43 1.2224 0 0 -0.00883902 -0.00173473 0.485149
44 1.76707 -1.27612 0.0366411 -1.56318 0.0589347 -0.145417
45 1.55588 0 0 0.0303735 0.0118419 0.90458
46 1.24273 0 0 0.000598342 0 0.620514
47 0.784531 0 0 -0.0124133 0.0105723 0.417843
48 0 0 0 0 0 0
49 -7.29615 -4.25158 -1.66192 -2.82507 1.22233 1.91836
50 -3.3008 1.98092 -0.0178609 -1.61333 0 0
51 0.00576675 1.98489 -0.0178733 -1.61332 0 0
52 0.0057565 2.07248 -0.028553 -1.61332 0 0
53 -3.46178 2.07651 -0.0257421 -1.61332 0 0
54 -3.15015 2.07651 -0.0257416 -1.61333 0 0
55 -1.68436 2.09113 -0.0263629 -1.61332 0 0
56 -1.61192 2.09074 -0.035563 -1.61332 0 0
57 -1.74901 2.09114 -0.0263638 -1.61332 0 0
58 -1.65881 2.09113 -0.0263634 -1.61333 0 0
time 6
0 1.938 -2.84623 -11.5177 0 0 0
1 6.02794 0 0 -1.30113 0.288098 -1.67222
2 11.7344 0 0 -0.00140297 0 -0.919026
3 8.81138 -0.000452042 -0.00011158 0.759512 0 0.000157814
4 5.77839 0.000286102 0 0.508873 0 0.000109806
5 2.23163 -0.000329971 -0.000364304 0.250639 0 0
6 11.4725 0 0 0.776561 -0.014622 0.275649
7 0.615221 -0.99309 -0.8107 2.33902 0.155092 -0.714923
8 2.24752 0 0 0.114871 0.0703093 0.166296
9 1.11936 0 0 0.0687035 0.0585168 -0.351506
10 3.71348 -0.10264 0.102191 1.55929 0.352511 0.0754346
11 1.72615 0 0 0.00902872 -0.0270615 -0.433802
12 1.21113 0 0 0.00354523 0.0172762 -0.395057
13 3.59919 -1.06012 0.0708876 1.55869 0.396162 -0.0674142
14 1.66068 0 0 -0.0126178 0.0731065 -0.386254
15 1.167 0 0 -0.0253567 0.0266387 -0.354065
16 2.18853 0.50104 0.0576591 1.57004 -0.0310726 0.225922
17 1.29609 0 0 0.0114266 -0.0454195 -0.435318
18 1.62202 0.000714302 -0.000470161 -0.00178721 -0.0400526 -0.388522
19 1.22241 0 0 0.0161168 -0.0122075 -0.388536
20 1.76707 1.27612 0.0366411 1.57004 -0.00830651 0.261449
21 1.55588 0 0 -0.021279 0.0246985 -0.416705
22 1.24273 0 0 -0.00058109 0.000148592 -0.429
23 0.784525 0 0 0.0131114 0.00969327 -0.348994
24 -1.93761 -2.84623 -11.5177 -0.000932534 0 3.14159
25 6.02794 0 0 1.12217 -0.0596013 0.539221
26 11.7344 0 0 0.00140267 0 2.5524
27 8.81167 0 0 -0.00370523 0 0
28 5.77884 0 0 -0.00248253 0 0
29 2.23249 0 0 -0.0012227 0 0
30 11.4725 0 0 1.14442 -0.701335 -1.28691
31 0.615812 0.994371 -0.809165 -2.75079 0.325437 0.793311
32 2.24752 0 0 -0.0914699 -0.103439 -0.0239576
33 1.11936 0 0 -0.119206 0.171032 -0.185681
34 3.71348 0.102639 0.102191 -1.58909 0.862034 -0.119426
35 1.72615 0 0 -0.0146906 -0.0156263 0.786665
36 1.21112 0 0 0.00074275 0.0176205 0.639583
37 3.5992 1.06012 0.0708876 -1.63119 0.565989 -0.0670044
38 1.66069 0 0 0.0236724 0.0479981 0.681077
39 1.16699 0 0 0.00219286 -0.00509782 0.836226
40 2.18853 -0.50104 0.0576582 -1.56385 0.0595168 -0.173895
41 1.29609 0 0 -0.0829926 -0.0261581 0.746444
42 1.62202 -0.000713348 -0.000470161 -0.0204121 -0.0253737 0.977118
43 1.2224 0 0 -0.00883908 -0.0017347 0.485149
44 1.76707 -1.27612 0.0366411 -1.56318 0.0589348 -0.145416
45 1.55588 0 0 0.0303736 0.0118421 0.90458
46 1.24273 0 0 0.000598389 0 0.620514
47 0.784531 0 0 -0.0124134 0.0105723 0.417843
48 0 0 0 0 0 0
49 -7.3035 -4.25165 -1.66648 -2.82296 1.22284 1.9206
50 -3.3008 1.98092 -0.0178614 -1.61333 0 0
51 0.00576663 1.98489 -0.0178738 -1.61332 0 0
52 0.00575662 2.07248 -0.0285535 -1.61332 0 0
53 -3.46178 2.07651 -0.0257425 -1.61332 0 0
54 -3.15015 2.07651 -0.0257411 -1.61332 0 0
55 -1.68436 2.09113 -0.0263634 -1.61332 0 0
56 -1.61192 2.09074 -0.0355625 -1.61332 0 0
57 -1.74901 2.09114 -0.0263643 -1.61332 0 0
58 -1.65881 2.09113 -0.0263638 -1.61333 0 0
time 7
0 1.938 -2.84623 -11.5177 0 0 0
1 6.02794 0 0 -1.30074 0.288451 -1.67298
2 11.7344 0 0 -0.00140297 0 -0.918495
3 8.81138 -0.000450134 -0.00011158 0.759175 0 0.000157189
4 5.77839 0.000286102 0 0.508647 0 0.000109501
5 2.23163 -0.000328064 -0.00036335 0.250528 0 0
6 11.4725 0 0 0.77563 -0.0166611 0.273499
7 0.615221 -0.99309 -0.8107 2.33902 0.155092 -0.714923
8 2.24752 0 0 0.114871 0.0703092 0.166296
9 1.11936 0 0 0.0687035 0.058517 -0.351506
10 3.71348 -0.10264 0.102191 1.55929 0.352511 0.0754342
11 1.72615 0 0 0.00902882 -0.0270614 -0.433802
12 1.21113 0 0 0.00354515 0.0172763 -0.395057
13 3.59919 -1.06012 0.0708876 1.55869 0.396162 -0.0674146
14 1.66068 0 0 -0.0126177 0.0731068 -0.386254
15 1.167 0 0 -0.0253566 0.0266387 -0.354065
16 2.18853 0.50104 0.0576591 1.57004 -0.0310724 0.225922
17 1.29609 0 0 0.0114266 -0.0454194 -0.435318
18 1.62201 0.000714779 -0.000473022 -0.00178708 -0.0400527 -0.388522
19 1.22241 0 0 0.0161167 -0.0122076 -0.388536
20 1.76707 1.27612 0.0366411 1.57004 -0.00830639 0.261449
21 1.55588 0 0 -0.0212788 0.0246985 -0.416704
22 1.24273 0 0 -0.00058109 0.000148592 -0.429
23 0.784523 0 0 0.0131115 0.00969335 -0.348994
24 -1.93761 -2.84623 -11.5177 -0.000932534 0 3.14159
25 6.02794 0 0 1.12217 -0.0585442 0.538741
26 11.7344 0 0 0.00140268 0 2.55241
27 8.81167 0 0 0.00172186 0 0
28 5.77884 0 0 0.0011535 0 0
29 2.23249 0 0 0.000568074 0 0
30 11.4725 0 0 1.14439 -0.701738 -1.28495
31 0.615813 0.994371 -0.809165 -2.75079 0.325437 0.793311
32 2.24752 0 0 -0.0914699 -0.103439 -0.0239576
33 1.11936 0 0 -0.119206 0.171032 -0.185681
34 3.71349 0.102638 0.102192 -1.58909 0.862034 -0.119426
35 1.72615 0 0 -0.0146905 -0.0156263 0.786665
36 1.21112 0 0 0.000742665 0.0176205 0.639583
37 3.5992 1.06012 0.0708876 -1.63119 0.565989 -0.0670043
38 1.66069 0 0 0.0236725 0.0479981 0.681077
39 1.16699 0 0 0.00219288 -0.00509777 0.836227
40 2.18853 -0.50104 0.0576582 -1.56385 0.0595168 -0.173895
41 1.29609 0 0 -0.0829927 -0.0261581 0.746444
42 1.62202 -0.000713348 -0.000469685 -0.0204121 -0.0253737 0.977118
43 1.2224 0 0 -0.00883897 -0.00173473 0.485149
44 1.76707 -1.27612 0.0366411 -1.56318 0.0589347 -0.145417
45 1.55588 0 0 0.0303735 0.0118419 0.90458
46 1.24273 0 0 0.000598446 0 0.620514
47 0.784532 0 0 -0.0124134 0.0105723 0.417843
48 0 0 0 0 0 0
49 -7.30898 -4.25175 -1.67024 -2.82096 1.22331 1.92274
50 -3.3008 1.98092 -0.0178614 -1.61333 0 0
51 0.00576711 1.98489 -0.0178738 -1.61332 0 0
52 0.00575674 2.07248 -0.0285535 -1.61332 0 0
53 -3.46178 2.07651 -0.0257425 -1.61332 0 0
54 -3.15015 2.07651 -0.0257416 -1.61332 0 0
55 -1.68436 2.09113 -0.0263638 -1.61332 0 0
56 -1.61192 2.09074 -0.0355625 -1.61332 0 0
57 -1.74901 2.09114 -0.0263634 -1.61332 0 0
58 -1.65881 2.09113 -0.0263634 -1.61333 0 0
time 8
0 1.938 -2.84623 -11.5177 0 0 0
1 6.02794 0 0 -1.3004 0.289105 -1.67349
2 11.7344 0 0 -0.00140284 0 -0.91827
3 8.81138 -0.000448227 -0.00011301 0.758872 0 0.000157618
4 5.77839 0.000286102 0 0.508444 0 0.000109848
5 2.23163 -0.000328064 -0.000364304 0.250428 0 0
6 11.4725 0 0 0.774804 -0.0183991 0.271528
7 0.615219 -0.99309 -0.810699 2.33902 0.155091 -0.714923
8 2.24752 0 0 0.114871 0.0703092 0.166296
9 1.11936 0 0 0.0687036 0.0585168 -0.351506
10 3.71348 -0.102641 0.102192 1.55929 0.352511 0.0754345
11 1.72615 0 0 0.00902871 -0.0270614 -0.433803
12 1.21114 0 0 0.00354507 0.0172762 -0.395057
13 3.59919 -1.06012 0.0708885 1.55869 0.396162 -0.0674142
14 1.66069 0 0 -0.0126177 0.0731067 -0.386254
15 1.16699 0 0 -0.0253568 0.0266386 -0.354066
16 2.18852 0.50104 0.0576591 1.57004 -0.0310725 0.225922
17 1.29609 0 0 0.0114264 -0.0454194 -0.435318
18 1.62202 0.000713825 -0.000471115 -0.00178702 -0.0400527 -0.388522
19 1.22241 0 0 0.0161166 -0.0122076 -0.388536
20 1.76707 1.27612 0.0366421 1.57004 -0.00830649 0.261449
21 1.55588 0 0 -0.0212789 0.0246986 -0.416704
22 1.24273 0 0 -0.000580902 0.000148572 -0.429
23 0.784525 0 0 0.0131114 0.00969332 -0.348994
24 -1.93761 -2.84623 -11.5177 -0.000932534 0 3.14159
25 6.02794 0 0 1.12211 -0.0576897 0.53841
26 11.7344 0 0 0.00140282 0 2.55243
27 8.81167 0 0 0.00607687 0 0
28 5.77884 0 0 0.00407161 0 0
29 2.23249 0 0 0.00200536 0 0
30 11.4725 0 0 1.14433 -0.702134 -1.28334
31 0.615813 0.994371 -0.809165 -2.75079 0.325437 0.793311
32 2.24752 0 0 -0.0914701 -0.103439 -0.0239577
33 1.11936 0 0 -0.119206 0.171032 -0.185681
34 3.71349 0.102639 0.102192 -1.58909 0.862034 -0.119426
35 1.72615 0 0 -0.0146904 -0.0156264 0.786665
36 1.21112 0 0 0.000742692 0.0176205 0.639583
37 3.5992 1.06012 0.0708876 -1.63119 0.565989 -0.0670042
38 1.66069 0 0 0.0236724 0.0479981 0.681077
39 1.16699 0 0 0.00219303 -0.00509784 0.836227
40 2.18853 -0.50104 0.0576591 -1.56385 0.0595169 -0.173895
41 1.29609 0 0 -0.0829927 -0.0261583 0.746444
42 1.62202 -0.000712872 -0.000469685 -0.0204122 -0.0253736 0.977118
43 1.22241 0 0 -0.00883897 -0.00173479 0.485149
44 1.76707 -1.27612 0.0366411 -1.56318 0.0589348 -0.145416
45 1.55588 0 0 0.0303735 0.0118422 0.90458
46 1.24273 0 0 0.000598392 0 0.620514
47 0.784531 0 0 -0.0124133 0.0105723 0.417843
48 0 0 0 0 0 0
49 -7.31294 -4.2519 -1.67365 -2.81921 1.22371 1.92463
50 -3.3008 1.98092 -0.0178609 -1.61333 0 0
51 0.00576687 1.98489 -0.0178733 -1.61332 0 0
52 0.00575674 2.07248 -0.0285535 -1.61332 0 0
53 -3.46178 2.07651 -0.0257425 -1.61332 0 0
54 -3.15015 2.07651 -0.0257411 -1.61332 0 0
55 -1.68436 2.09113 -0.0263629 -1.61332 0 0
56 -1.61192 2.09074 -0.0355625 -1.61332 0 0
57 -1.74901 2.09114 -0.0263634 -1.61332 0 0
58 -1.65881 2.09114 -0.0263629 -1.61333 0 0
time 9
0 1.938 -2.84623 -11.5177 0 0 0
1 6.02794 0 0 -1.30003 0.290106 -1.67388
2 11.7344 0 0 -0.00140289 0 -0.918295
3 8.81138 -0.000450134 -0.000112057 0.758671 0 0.000157332
4 5.77839 0.000284195 0 0.50831 0 0.000109348
5 2.23163 -0.000331879 -0.000363827 0.250362 0 0
6 11.4725 0 0 0.774147 -0.0199231 0.269784
7 0.615219 -0.993091 -0.8107 2.33902 0.155091 -0.714923
8 2.24752 0 0 0.114871 0.0703094 0.166296
9 1.11936 0 0 0.0687035 0.0585168 -0.351506
10 3.71348 -0.10264 0.102191 1.55929 0.352511 0.0754345
11 1.72615 0 0 0.00902883 -0.0270615 -0.433802
12 1.21114 0 0 0.0035451 0.0172763 -0.395057
13 3.59919 -1.06012 0.0708885 1.55869 0.396162 -0.0674143
14 1.66069 0 0 -0.0126177 0.0731066 -0.386254
15 1.167 0 0 -0.0253568 0.0266387 -0.354066
16 2.18852 0.501039 0.0576591 1.57004 -0.0310726 0.225922
17 1.29609 0 0 0.0114265 -0.0454193 -0.435318
18 1.62202 0.000713348 -0.000472069 -0.00178724 -0.0400528 -0.388522
19 1.22241 0 0 0.0161168 -0.0122074 -0.388536
20 1.76707 1.27612 0.0366402 1.57004 -0.00830652 0.261449
21 1.55588 0 0 -0.0212788 0.0246985 -0.416704
22 1.24274 0 0 -0.000581057 0.000148721 -0.429
23 0.784521 0 0 0.0131115 0.00969335 -0.348994
24 -1.93761 -2.84623 -11.5177 -0.000932534 0 3.14159
25 6.02794 0 0 1.12203 -0.0568948 0.538131
26 11.7344 0 0 0.00140265 0 2.55255
27 8.81167 0 0 0.00953305 0 0
28 5.77884 0 0 0.00638705 0 0
29 2.23249 0 0 0.00314585 0 0
30 11.4725 0 0 1.14428 -0.702461 -1.28205
31 0.615813 0.994373 -0.809165 -2.75079 0.325437 0.793311
32 2.24752 0 0 -0.09147 -0.103439 -0.0239576
33 1.11936 0 0 -0.119206 0.171032 -0.185681
34 3.71349 0.102639 0.10219 -1.58909 0.862034 -0.119426
35 1.72615 0 0 -0.0146905 -0.0156263 0.786665
36 1.21112 0 0 0.00074268 0.0176206 0.639583
37 3.5992 1.06012 0.0708876 -1.63119 0.565989 -0.0670042
38 1.66069 0 0 0.0236725 0.0479981 0.681077
39 1.16699 0 0 0.00219282 -0.00509781 0.836227
40 2.18853 -0.50104 0.0576601 -1.56385 0.0595168 -0.173895
41 1.29609 0 0 -0.0829928 -0.0261582 0.746444
42 1.62202 -0.000713348 -0.000469685 -0.0204122 -0.0253737 0.977118
43 1.2224 0 0 -0.00883902 -0.00173475 0.485149
44 1.76707 -1.27612 0.0366421 -1.56318 0.0589347 -0.145416
45 1.55588 0 0 0.0303736 0.011842 0.90458
46 1.24273 0 0 0.000598395 0 0.620514
47 0.784531 0 0 -0.0124134 0.0105723 0.417843
48 0 0 0 0 0 0
49 -7.31639 -4.25209 -1.67744 -2.81788 1.22398 1.92609
50 -3.3008 1.98092 -0.0178614 -1.61333 0 0
51 0.00576711 1.98489 -0.0178742 -1.61332 0 0
52 0.00575674 2.07248 -0.028554 -1.61332 0 0
53 -3.46178 2.07651 -0.025743 -1.61332 0 0
54 -3.15015 2.07651 -0.0257421 -1.61332 0 0
55 -1.68436 2.09113 -0.0263638 -1.61332 0 0
56 -1.61192 2.09074 -0.035563 -1.61332 0 0
57 -1.74901 2.09114 -0.0263643 -1.61332 0 0
58 -1.65881 2.09113 -0.0263638 -1.61333 0 0
time 10
0 1.938 -2.84623 -11.5177 0 0 0
1 6.02794 0 0 -1.29965 0.291372 -1.67417
2 11.7344 0 0 -0.00140286 0 -0.918547
3 8.81138 -0.000450134 -0.00011158 0.758598 0 0.00015774
4 5.77839 0.000284195 0 0.508261 0 0.000109808
5 2.23163 -0.000329971 -0.000363827 0.250337 0 0
6 11.4725 0 0 0.77372 -0.0211331 0.268445
7 0.615219 -0.993091 -0.8107 2.33902 0.155092 -0.714923
8 2.24752 0 0 0.114871 0.0703092 0.166296
9 1.11936 0 0 0.0687034 0.0585169 -0.351506
10 3.71348 -0.102641 0.102191 1.55929 0.352511 0.0754344
11 1.72615 0 0 0.00902872 -0.0270615 -0.433803
12 1.21114 0 0 0.00354509 0.0172763 -0.395057
13 3.59919 -1.06012 0.0708876 1.55869 0.396162 -0.0674144
14 1.66068 0 0 -0.0126177 0.0731067 -0.386254
15 1.16699 0 0 -0.0253568 0.0266386 -0.354066
16 2.18853 0.501039 0.0576591 1.57004 -0.0310724 0.225922
17 1.29609 0 0 0.0114265 -0.0454193 -0.435318
18 1.62202 0.000713825 -0.000471115 -0.00178713 -0.0400527 -0.388522
19 1.22241 0 0 0.0161168 -0.0122074 -0.388536
20 1.76707 1.27612 0.0366411 1.57004 -0.00830624 0.261449
21 1.55588 0 0 -0.0212788 0.0246986 -0.416704
22 1.24273 0 0 -0.000581102 0.00014865 -0.429
23 0.784523 0 0 0.0131115 0.00969335 -0.348994
24 -1.93761 -2.84623 -11.5177 -0.000932534 0 3.14159
25 6.02794 0 0 1.12193 -0.0561848 0.537899
26 11.7344 0 0 0.00140267 0 2.55276
27 8.81167 0 0 0.0118738 0 0
28 5.77884 0 0 0.00795544 0 0
29 2.23249 0 0 0.0039184 0 0
30 11.4725 0 0 1.14425 -0.702663 -1.28118
31 0.615813 0.994373 -0.809165 -2.75079 0.325437 0.793311
32 2.24752 0 0 -0.09147 -0.103439 -0.0239576
33 1.11936 0 0 -0.119206 0.171032 -0.185681
34 3.71349 0.102639 0.102191 -1.58909 0.862034 -0.119426
35 1.72615 0 0 -0.0146906 -0.0156264 0.786665
36 1.21112 0 0 0.000742793 0.0176205 0.639583
37 3.5992 1.06012 0.0708885 -1.63119 0.565989 -0.0670041
38 1.66069 0 0 0.0236725 0.0479981 0.681077
39 1.16699 0 0 0.00219304 -0.00509784 0.836227
40 2.18853 -0.50104 0.0576591 -1.56385 0.0595169 -0.173895
41 1.29609 0 0 -0.0829928 -0.026158 0.746444
42 1.62202 -0.000712872 -0.000470161 -0.0204121 -0.0253737 0.977118
43 1.22241 0 0 -0.00883891 -0.00173476 0.485149
44 1.76707 -1.27612 0.0366411 -1.56318 0.0589348 -0.145417
45 1.55588 0 0 0.0303736 0.0118419 0.90458
46 1.24273 0 0 0.000598451 0 0.620514
47 0.784531 0 0 -0.0124134 0.0105723 0.417843
48 0 0 0 0 0 0
49 -7.31936 -4.25232 -1.68146 -2.81712 1.22411 1.92696
50 -3.3008 1.98092 -0.0178618 -1.61333 0 0
51 0.00576675 1.98489 -0.0178738 -1.61332 0 0
52 0.00575674 2.07248 -0.0285544 -1.61332 0 0
53 -3.46178 2.07651 -0.025743 -1.61332 0 0
54 -3.15015 2.07651 -0.0257421 -1.61333 0 0
55 -1.68436 2.09113 -0.0263638 -1.61332 0 0
56 -1.61192 2.09074 -0.0355635 -1.61332 0 0
57 -1.74901 2.09114 -0.0263638 -1.61332 0 0
58 -1.65881 2.09114 -0.0263643 -1.61333 0 0
time 11
0 1.938 -2.84623 -11.5177 0 0 0
1 6.02794 0 0 -1.29929 0.29282 -1.67434
2 11.7344 0 0 -0.00140294 0 -0.919008
3 8.81138 -0.000450134 -0.00011158 0.758681 0 0.000156897
4 5.77839 0.000286102 0 0.508316 0 0.000109303
5 2.23163 -0.000328064 -0.000363827 0.250365 0 0
6 11.4725 0 0 0.773587 -0.0219318 0.267692
7 0.615219 -0.99309 -0.810699 2.33902 0.155091 -0.714923
8 2.24752 0 0 0.114871 0.070309 0.166296
9 1.11936 0 0 0.0687035 0.0585169 -0.351506
10 3.71348 -0.10264 0.102191 1.55929 0.352511 0.0754345
11 1.72615 0 0 0.00902879 -0.0270616 -0.433803
12 1.21114 0 0 0.0035451 0.0172763 -0.395057
13 3.59919 -1.06012 0.0708885 1.55869 0.396162 -0.0674144
14 1.66069 0 0 -0.0126177 0.0731066 -0.386254
15 1.167 0 0 -0.0253568 0.0266387 -0.354066
16 2.18852 0.50104 0.0576591 1.57004 -0.0310726 0.225922
17 1.29609 0 0 0.0114265 -0.0454193 -0.435318
18 1.62201 0.000713825 -0.000471115 -0.00178713 -0.0400527 -0.388522
19 1.22241 0 0 0.0161168 -0.0122075 -0.388536
20 1.76707 1.27612 0.0366411 1.57004 -0.00830657 0.261449
21 1.55587 0 0 -0.0212788 0.0246986 -0.416704
22 1.24274 0 0 -0.000580986 0.000148675 -0.429
23 0.784525 0 0 0.0131114 0.00969333 -0.348994
24 -1.93761 -2.84623 -11.5177 -0.000932534 0 3.14159
25 6.02794 0 0 1.12185 -0.0555868 0.537708
26 11.7344 0 0 0.00140275 0 2.55308
27 8.81167 0 0 0.0128887 0 0
28 5.77884 0 0 0.00863554 0 0
29 2.23249 0 0 0.00425315 0 0
30 11.4725 0 0 1.14426 -0.702684 -1.28084
31 0.615812 0.994372 -0.809166 -2.75079 0.325437 0.793311
32 2.24752 0 0 -0.09147 -0.103439 -0.0239576
33 1.11936 0 0 -0.119206 0.171032 -0.185681
34 3.71349 0.102639 0.10219 -1.58909 0.862034 -0.119426
35 1.72615 0 0 -0.0146905 -0.0156263 0.786665
36 1.21112 0 0 0.000742642 0.0176206 0.639583
37 3.5992 1.06012 0.0708885 -1.63119 0.565989 -0.0670043
38 1.66069 0 0 0.0236724 0.0479982 0.681078
39 1.16699 0 0 0.00219285 -0.00509789 0.836227
40 2.18853 -0.50104 0.0576582 -1.56385 0.0595169 -0.173895
41 1.29609 0 0 -0.0829928 -0.0261582 0.746444
42 1.62201 -0.000712395 -0.000470161 -0.0204123 -0.0253737 0.977118
43 1.22241 0 0 -0.00883904 -0.00173477 0.485149
44 1.76707 -1.27612 0.0366402 -1.56318 0.0589346 -0.145417
45 1.55588 0 0 0.0303736 0.0118419 0.90458
46 1.24273 0 0 0.000598324 0 0.620514
47 0.78453 0 0 -0.0124133 0.0105723 0.417843
48 0 0 0 0 0 0
49 -7.32186 -4.25258 -1.68555 -2.81708 1.22403 1.92709
50 -3.3008 1.98092 -0.0178609 -1.61333 0 0
51 0.00576687 1.98489 -0.0178738 -1.61332 0 0
52 0.00575674 2.07248 -0.028554 -1.61332 0 0
53 -3.46178 2.07651 -0.025743 -1.61332 0 0
54 -3.15015 2.07651 -0.0257416 -1.61332 0 0
55 -1.68436 2.09113 -0.0263638 -1.61332 0 0
56 -1.61192 2.09074 -0.035563 -1.61332 0 0
57 -1.74901 2.09114 -0.0263638 -1.61332 0 0
58 -1.65881 2.09113 -0.0263643 -1.61333 0 0
time 12
0 1.938 -2.84623 -11.5177 0 0 0
1 6.02794 0 0 -1.29894 0.29437 -1.6744
2 11.7344 0 0 -0.00140291 0 -0.919658
3 8.81138 -0.000450134 -0.00011158 0.758943 0 0.00015719
4 5.77839 0.000286102 0 0.508491 0 0.000109404
5 2.23163 -0.000328064 -0.000364304 0.250451 0 0
6 11.4725 0 0 0.773808 -0.0222207 0.267703
7 0.615219 -0.993092 -0.810699 2.33902 0.155092 -0.714923
8 2.24752 0 0 0.114871 0.0703092 0.166296
9 1.11936 0 0 0.0687035 0.0585169 -0.351506
10 3.71348 -0.102641 0.102191 1.55929 0.352511 0.0754345
11 1.72614 0 0 0.00902888 -0.0270614 -0.433803
12 1.21114 0 0 0.00354502 0.0172764 -0.395057
13 3.59919 -1.06012 0.0708876 1.55869 0.396162 -0.0674143
14 1.66069 0 0 -0.0126178 0.0731065 -0.386254
15 1.167 0 0 -0.0253567 0.0266387 -0.354066
16 2.18853 0.50104 0.0576591 1.57004 -0.0310725 0.225922
17 1.29609 0 0 0.0114265 -0.0454194 -0.435318
18 1.62202 0.000713348 -0.000471115 -0.00178719 -0.0400527 -0.388522
19 1.22241 0 0 0.0161168 -0.0122074 -0.388536
20 1.76707 1.27612 0.0366411 1.57004 -0.00830648 0.261449
21 1.55588 0 0 -0.0212789 0.0246985 -0.416704
22 1.24274 0 0 -0.000581031 0.000148604 -0.429
23 0.784525 0 0 0.0131114 0.00969345 -0.348994
24 -1.93761 -2.84623 -11.5177 -0.000932534 0 3.14159
25 6.02794 0 0 1.1218 -0.0551285 0.537553
26 11.7344 0 0 0.00140251 0 2.55351
27 8.81167 0 0 0.012354 0 0
28 5.77884 0 0 0.00827715 0 0
29 2.23249 0 0 0.00407685 0 0
30 11.4725 0 0 1.14433 -0.702472 -1.28114
31 0.615813 0.994371 -0.809165 -2.75079 0.325437 0.793311
32 2.24752 0 0 -0.0914701 -0.103439 -0.0239578
33 1.11936 0 0 -0.119206 0.171032 -0.185681
34 3.71349 0.102639 0.102191 -1.58909 0.862034 -0.119426
35 1.72615 0 0 -0.0146905 -0.0156264 0.786665
36 1.21112 0 0 0.000742616 0.0176206 0.639583
37 3.5992 1.06012 0.0708885 -1.63119 0.56599 -0.0670042
38 1.66069 0 0 0.0236724 0.0479982 0.681077
39 1.16699 0 0 0.00219279 -0.00509773 0.836227
40 2.18853 -0.50104 0.0576601 -1.56385 0.0595168 -0.173895
41 1.29609 0 0 -0.0829928 -0.0261582 0.746444
42 1.62202 -0.000712395 -0.000470161 -0.0204121 -0.0253738 0.977118
43 1.22241 0 0 -0.00883909 -0.00173474 0.485149
44 1.76707 -1.27612 0.0366411 -1.56318 0.0589349 -0.145417
45 1.55588 0 0 0.0303735 0.0118419 0.90458
46 1.24273 0 0 0.000598438 0 0.620514
47 0.78453 0 0 -0.0124135 0.0105723 0.417843
48 0 0 0 0 0 0
49 -7.3239 -4.25287 -1.68957 -2.81792 1.22372 1.92632
50 -3.3008 1.98092 -0.0178614 -1.61333 0 0
51 0.00576699 1.98489 -0.0178738 -1.61332 0 0
52 0.00575674 2.07248 -0.028553 -1.61332 0 0
53 -3.46178 2.07651 -0.0257421 -1.61332 0 0
54 -3.15015 2.07651 -0.0257416 -1.61332 0 0
55 -1.68436 2.09113 -0.0263629 -1.61332 0 0
56 -1.61192 2.09074 -0.035562 -1.61332 0 0
57 -1.74901 2.09114 -0.0263638 -1.61332 0 0
58 -1.65881 2.09113 -0.0263634 -1.61333 0 0
time 13
0 1.938 -2.84623 -11.5177 0 0 0
1 6.02794 0 0 -1.29863 0.295942 -1.67437
2 11.7344 0 0 -0.0014027 0 -0.920484
3 8.81138 -0.000450134 -0.000112534 0.759412 0 0.000158204
4 5.77839 0.000286102 0 0.508806 0 0.000110063
5 2.23163 -0.000329971 -0.000364304 0.250606 0 0
6 11.4725 0 0 0.77445 -0.0219037 0.268664
7 0.615221 -0.993091 -0.8107 2.33902 0.155091 -0.714923
8 2.24752 0 0 0.114871 0.0703094 0.166296
9 1.11936 0 0 0.0687035 0.0585168 -0.351506
10 3.71348 -0.102641 0.10219 1.55929 0.352511 0.0754345
11 1.72615 0 0 0.00902878 -0.0270615 -0.433803
12 1.21113 0 0 0.00354517 0.0172762 -0.395057
13 3.59919 -1.06012 0.0708876 1.55869 0.396162 -0.0674143
14 1.66068 0 0 -0.0126179 0.0731065 -0.386254
15 1.16699 0 0 -0.0253567 0.0266386 -0.354066
16 2.18852 0.501039 0.0576582 1.57004 -0.0310728 0.225922
17 1.29609 0 0 0.0114264 -0.0454195 -0.435318
18 1.62202 0.000714302 -0.000471115 -0.00178714 -0.0400527 -0.388522
19 1.22241 0 0 0.0161167 -0.0122074 -0.388536
20 1.76707 1.27612 0.0366402 1.57004 -0.00830658 0.261449
21 1.55588 0 0 -0.021279 0.0246985 -0.416704
22 1.24273 0 0 -0.000580799 0.000148655 -0.429
23 0.784523 0 0 0.0131114 0.00969339 -0.348994
24 -1.93761 -2.84623 -11.5177 -0.000932534 0 3.14159
25 6.02794 0 0 1.12179 -0.0548358 0.537428
26 11.7344 0 0 0.00140262 0 2.55408
27 8.81167 0 0 0.0100662 0 0
28 5.77884 0 0 0.00674426 0 0
29 2.23249 0 0 0.00332178 0 0
30 11.4725 0 0 1.14447 -0.701969 -1.28216
31 0.615813 0.994371 -0.809165 -2.75079 0.325437 0.793311
32 2.24752 0 0 -0.09147 -0.103439 -0.0239575
33 1.11936 0 0 -0.119206 0.171032 -0.185681
34 3.71349 0.102639 0.102191 -1.58909 0.862034 -0.119426
35 1.72615 0 0 -0.0146903 -0.0156264 0.786665
36 1.21112 0 0 0.000742596 0.0176206 0.639583
37 3.5992 1.06012 0.0708876 -1.63119 0.565989 -0.0670042
38 1.66069 0 0 0.0236725 0.0479981 0.681077
39 1.16699 0 0 0.00219304 -0.00509788 0.836227
40 2.18853 -0.50104 0.0576582 -1.56385 0.0595169 -0.173895
41 1.29609 0 0 -0.0829928 -0.0261583 0.746444
42 1.62202 -0.000713348 -0.000470161 -0.0204123 -0.0253737 0.977118
43 1.2224 0 0 -0.00883898 -0.00173476 0.485149
44 1.76707 -1.27612 0.0366421 -1.56318 0.0589347 -0.145416
45 1.55588 0 0 0.0303735 0.0118421 0.90458
46 1.24273 0 0 0.000598541 0 0.620514
47 0.784532 0 0 -0.0124134 0.0105723 0.417843
48 0 0 0 0 0 0
49 -7.32551 -4.2532 -1.69336 -2.81979 1.22313 1.92448
50 -3.3008 1.98092 -0.0178614 -1.61333 0 0
51 0.00576687 1.98489 -0.0178738 -1.61332 0 0
52 0.00575662 2.07248 -0.0285535 -1.61332 0 0
53 -3.46178 2.07651 -0.0257425 -1.61332 0 0
54 -3.15015 2.07651 -0.0257416 -1.61332 0 0
55 -1.68436 2.09113 -0.0263634 -1.61332 0 0
56 -1.61192 2.09074 -0.035563 -1.61332 0 0
57 -1.74901 2.09114 -0.0263638 -1.61332 0 0
58 -1.65881 2.09113 -0.0263638 -1.61333 0 0
time 14
0 1.938 -2.84623 -11.5177 0 0 0
1 6.02794 0 0 -1.29837 0.297458 -1.67424
2 11.7344 0 0 -0.00140286 0 -0.921473
3 8.81138 -0.000450134 -0.000112057 0.760116 0 0.000158088
4 5.77839 0.000286102 0 0.509278 0 0.00011009
5 2.23163 -0.000328064 -0.000363827 0.250838 0 0
6 11.4725 0 0 0.775581 -0.0208865 0.270759
7 0.615219 -0.993092 -0.8107 2.33902 0.155092 -0.714923
8 2.24752 0 0 0.114871 0.0703093 0.166296
9 1.11936 0 0 0.0687035 0.0585169 -0.351506
10 3.71348 -0.102641 0.102191 1.55929 0.352511 0.0754345
11 1.72615 0 0 0.00902882 -0.0270617 -0.433803
12 1.21114 0 0 0.00354509 0.0172763 -0.395057
13 3.59919 -1.06012 0.0708876 1.55869 0.396162 -0.0674144
14 1.66069 0 0 -0.0126178 0.0731067 -0.386254
15 1.167 0 0 -0.0253567 0.0266385 -0.354065
16 2.18852 0.50104 0.0576582 1.57004 -0.0310725 0.225922
17 1.29609 0 0 0.0114267 -0.0454193 -0.435318
18 1.62202 0.000713825 -0.000471115 -0.00178733 -0.0400529 -0.388522
19 1.22241 0 0 0.0161168 -0.0122075 -0.388536
20 1.76707 1.27612 0.0366402 1.57004 -0.00830644 0.261449
21 1.55587 0 0 -0.0212791 0.0246986 -0.416705
22 1.24274 0 0 -0.000580915 0.00014863 -0.429
23 0.784523 0 0 0.0131114 0.00969338 -0.348994
24 -1.93761 -2.84623 -11.5177 -0.000932534 0 3.14159
25 6.02794 0 0 1.12184 -0.054738 0.537329
26 11.7344 0 0 0.0014025 0 2.55478
27 8.81167 0 0 0.00579895 0 0
28 5.77884 0 0 0.00388516 0 0
29 2.23249 0 0 0.00191367 0 0
30 11.4725 0 0 1.14471 -0.701123 -1.28402
31 0.615813 0.994372 -0.809165 -2.75079 0.325437 0.793311
32 2.24752 0 0 -0.09147 -0.103439 -0.0239577
33 1.11936 0 0 -0.119206 0.171032 -0.185681
34 3.71349 0.102639 0.102191 -1.58909 0.862034 -0.119426
35 1.72615 0 0 -0.0146905 -0.0156264 0.786665
36 1.21112 0 0 0.000742532 0.0176206 0.639583
37 3.5992 1.06012 0.0708876 -1.63119 0.565989 -0.0670042
38 1.66069 0 0 0.0236725 0.0479981 0.681077
39 1.16699 0 0 0.00219291 -0.00509782 0.836227
40 2.18853 -0.501041 0.0576582 -1.56385 0.0595167 -0.173895
41 1.29609 0 0 -0.0829926 -0.026158 0.746444
42 1.62202 -0.000712395 -0.000469685 -0.0204121 -0.0253736 0.977118
43 1.2224 0 0 -0.00883913 -0.00173468 0.485149
44 1.76707 -1.27612 0.0366402 -1.56318 0.0589346 -0.145417
45 1.55588 0 0 0.0303735 0.0118419 0.90458
46 1.24273 0 0 0.000598474 0 0.620514
47 0.784532 0 0 -0.0124135 0.0105723 0.417843
48 0 0 0 0 0 0
49 -7.32669 -4.25354 -1.69679 -2.82282 1.22223 1.92143
50 -3.3008 1.98092 -0.0178614 -1.61333 0 0
51 0.00576675 1.98489 -0.0178733 -1.61332 0 0
52 0.00575662 2.07248 -0.028553 -1.61332 0 0
53 -3.46178 2.07651 -0.0257425 -1.61332 0 0
54 -3.15015 2.07651 -0.0257416 -1.61333 0 0
55 -1.68436 2.09113 -0.0263638 -1.61332 0 0
56 -1.61192 2.09074 -0.035563 -1.61332 0 0
57 -1.74901 2.09114 -0.0263638 -1.61332 0 0
58 -1.65881 2.09113 -0.0263634 -1.61333 0 0
time 15
0 1.938 -2.84623 -11.5177 0 0 0
1 6.02794 0 0 -1.29818 0.29884 -1.67401
2 11.7344 0 0 -0.00140259 0 -0.922619
3 8.81138 -0.000452042 -0.000112534 0.761081 0 0.000157925
4 5.77839 0.000284195 0 0.509924 0 0.000109884
5 2.23163 -0.000329971 -0.000364304 0.251157 0 0
6 11.4725 0 0 0.777269 -0.0190799 0.274179
7 0.615219 -0.993092 -0.8107 2.33902 0.155091 -0.714923
8 2.24752 0 0 0.114871 0.0703093 0.166296
9 1.11936 0 0 0.0687036 0.0585168 -0.351506
10 3.71348 -0.102642 0.102191 1.55929 0.352511 0.0754345
11 1.72614 0 0 0.00902886 -0.0270616 -0.433803
12 1.21114 0 0 0.00354498 0.0172763 -0.395057
13 3.5992 -1.06012 0.0708876 1.55869 0.396162 -0.0674144
14 1.66068 0 0 -0.0126176 0.0731066 -0.386254
15 1.167 0 0 -0.0253568 0.0266386 -0.354065
16 2.18853 0.501038 0.0576591 1.57004 -0.0310726 0.225922
17 1.29609 0 0 0.0114264 -0.0454195 -0.435318
18 1.62202 0.000713825 -0.000470161 -0.00178708 -0.0400527 -0.388521
19 1.22241 0 0 0.0161167 -0.0122076 -0.388536
20 1.76707 1.27612 0.0366421 1.57004 -0.00830633 0.261449
21 1.55588 0 0 -0.0212788 0.0246986 -0.416704
22 1.24274 0 0 -0.000581019 0.000148546 -0.429
23 0.784525 0 0 0.0131114 0.00969345 -0.348994
24 -1.93761 -2.84623 -11.5177 -0.000932534 0 3.14159
25 6.02794 0 0 1.12198 -0.0548644 0.53725
26 11.7344 0 0 0.00140262 0 2.55563
27 8.81167 0 0 -0.000658748 0 0
28 5.77884 0 0 -0.000441379 0 0
29 2.23249 0 0 -0.000217484 0 0
30 11.4725 0 0 1.14506 -0.699876 -1.28682
31 0.615813 0.994372 -0.809166 -2.75079 0.325437 0.793311
32 2.24752 0 0 -0.0914701 -0.103439 -0.0239576
33 1.11936 0 0 -0.119206 0.171032 -0.185681
34 3.71349 0.102639 0.102191 -1.58909 0.862034 -0.119426
35 1.72615 0 0 -0.0146904 -0.0156263 0.786665
36 1.21112 0 0 0.000742715 0.0176205 0.639583
37 3.5992 1.06012 0.0708876 -1.63119 0.56599 -0.0670042
38 1.66069 0 0 0.0236726 0.0479982 0.681077
39 1.16699 0 0 0.00219288 -0.00509784 0.836227
40 2.18853 -0.50104 0.0576591 -1.56385 0.059517 -0.173895
41 1.29609 0 0 -0.0829927 -0.0261582 0.746444
42 1.62202 -0.000713348 -0.000470161 -0.0204121 -0.0253737 0.977118
43 1.2224 0 0 -0.00883901 -0.00173479 0.485149
44 1.76707 -1.27612 0.0366421 -1.56318 0.0589348 -0.145417
45 1.55588 0 0 0.0303735 0.0118419 0.90458
46 1.24273 0 0 0.000598475 0 0.620514
47 0.784532 0 0 -0.0124134 0.0105724 0.417843
48 0 0 0 0 0 0
49 -7.32746 -4.25392 -1.6997 -2.82716 1.22097 1.91703
50 -3.3008 1.98092 -0.0178614 -1.61333 0 0
51 0.00576675 1.98489 -0.0178733 -1.61332 0 0
52 0.00575638 2.07248 -0.0285535 -1.61332 0 0
53 -3.46178 2.07651 -0.0257421 -1.61332 0 0
54 -3.15015 2.07651 -0.0257411 -1.61332 0 0
55 -1.68436 2.09113 -0.0263634 -1.61332 0 0
56 -1.61192 2.09074 -0.035562 -1.61332 0 0
57 -1.74901 2.09114 -0.0263643 -1.61332 0 0
58 -1.65881 2.09113 -0.0263634 -1.61333 0 0
time 16
0 1.938 -2.84623 -11.5177 0 0 0
1 6.02794 0 0 -1.29808 0.299979 -1.67367
2 11.7344 0 0 -0.00140293 0 -0.923875
3 8.81138 -0.000452042 -0.00011158 0.762232 0 0.000157545
4 5.77839 0.000286102 0 0.510695 0 0.000109632
5 2.23163 -0.000329971 -0.000363827 0.251537 0 0
6 11.4725 0 0 0.779422 -0.0165667 0.278785
7 0.615219 -0.99309 -0.8107 2.33902 0.155092 -0.714923
8 2.24752 0 0 0.114871 0.0703093 0.166296
9 1.11936 0 0 0.0687036 0.0585168 -0.351506
10 3.71348 -0.102642 0.102191 1.55929 0.352511 0.0754344
11 1.72615 0 0 0.00902871 -0.0270614 -0.433803
12 1.21114 0 0 0.00354505 0.0172762 -0.395057
13 3.59919 -1.06012 0.0708876 1.55869 0.396162 -0.0674144
14 1.66068 0 0 -0.0126177 0.0731067 -0.386254
15 1.167 0 0 -0.0253566 0.0266389 -0.354066
16 2.18853 0.501038 0.0576591 1.57004 -0.0310725 0.225922
17 1.29609 0 0 0.0114265 -0.0454194 -0.435318
18 1.62202 0.000714779 -0.000471115 -0.00178711 -0.0400528 -0.388522
19 1.22241 0 0 0.0161167 -0.0122074 -0.388536
20 1.76707 1.27612 0.0366402 1.57004 -0.00830643 0.261449
21 1.55588 0 0 -0.0212789 0.0246986 -0.416704
22 1.24273 0 0 -0.000581019 0.000148546 -0.429
23 0.784521 0 0 0.0131114 0.00969332 -0.348994
24 -1.93761 -2.84623 -11.5177 -0.000932534 0 3.14159
25 6.02794 0 0 1.12223 -0.0554232 0.537262
26 11.7344 0 0 0.00140262 0 2.55651
27 8.81167 0 0 -0.010168 0 0
28 5.77884 0 0 -0.00681263 0 0
29 2.23249 0 0 -0.00335568 0 0
30 11.4725 0 0 1.14569 -0.697942 -1.29106
31 0.615812 0.994372 -0.809165 -2.75079 0.325437 0.793311
32 2.24752 0 0 -0.09147 -0.103439 -0.0239577
33 1.11936 0 0 -0.119206 0.171032 -0.185681
34 3.71349 0.102639 0.102191 -1.58909 0.862034 -0.119426
35 1.72615 0 0 -0.0146905 -0.0156263 0.786665
36 1.21112 0 0 0.000742704 0.0176205 0.639583
37 3.5992 1.06012 0.0708885 -1.63119 0.565989 -0.0670042
38 1.66069 0 0 0.0236723 0.0479981 0.681077
39 1.16699 0 0 0.00219282 -0.00509781 0.836227
40 2.18853 -0.50104 0.0576582 -1.56385 0.059517 -0.173895
41 1.29609 0 0 -0.0829927 -0.0261581 0.746444
42 1.62202 -0.000712872 -0.000469685 -0.0204122 -0.0253736 0.977118
43 1.2224 0 0 -0.00883898 -0.00173473 0.485149
44 1.76707 -1.27612 0.0366402 -1.56318 0.0589349 -0.145416
45 1.55588 0 0 0.0303736 0.011842 0.90458
46 1.24273 0 0 0.000598358 0 0.620514
47 0.784531 0 0 -0.0124132 0.0105723 0.417843
48 0 0 0 0 0 0
49 -7.32773 -4.25457 -1.7019 -2.83364 1.21906 1.91053
50 -3.3008 1.98092 -0.0178618 -1.61333 0 0
51 0.00576699 1.98489 -0.0178742 -1.61332 0 0
52 0.00575662 2.07248 -0.028554 -1.61332 0 0
53 -3.46178 2.07651 -0.025743 -1.61332 0 0
54 -3.15015 2.07651 -0.0257425 -1.61333 0 0
55 -1.68436 2.09113 -0.0263638 -1.61332 0 0
56 -1.61192 2.09074 -0.0355635 -1.61332 0 0
57 -1.74901 2.09114 -0.0263643 -1.61332 0 0
58 -1.65881 2.09113 -0.0263643 -1.61333 0 0
time 17
0 1.938 -2.84623 -11.5177 0 0 0
1 6.02794 0 0 -1.29809 0.300856 -1.67321
2 11.7344 0 0 -0.00140296 0 -0.925213
3 8.81138 -0.000450134 -0.000112534 0.763479 0 0.000157397
4 5.77839 0.000286102 0 0.511531 0 0.000109568
5 2.23163 -0.000329971 -0.000363827 0.251948 0 0
6 11.4725 0 0 0.781898 -0.0135102 0.284287
7 0.615219 -0.99309 -0.8107 2.33902 0.155091 -0.714923
8 2.24752 0 0 0.114871 0.0703094 0.166296
9 1.11936 0 0 0.0687036 0.0585169 -0.351506
10 3.71348 -0.10264 0.102191 1.55929 0.352511 0.0754344
11 1.72614 0 0 0.00902882 -0.0270614 -0.433802
12 1.21114 0 0 0.00354504 0.0172763 -0.395057
13 3.59919 -1.06012 0.0708876 1.55869 0.396162 -0.0674144
14 1.66069 0 0 -0.0126178 0.0731065 -0.386254
15 1.167 0 0 -0.0253568 0.0266386 -0.354066
16 2.18852 0.50104 0.0576591 1.57004 -0.0310725 0.225922
17 1.29609 0 0 0.0114266 -0.0454194 -0.435318
18 1.62202 0.000714302 -0.000471115 -0.00178725 -0.0400527 -0.388522
19 1.22241 0 0 0.0161166 -0.0122075 -0.388536
20 1.76707 1.27612 0.0366411 1.57004 -0.00830638 0.261449
21 1.55588 0 0 -0.0212789 0.0246985 -0.416704
22 1.24273 0 0 -0.000580986 0.000148675 -0.429
23 0.784523 0 0 0.0131115 0.00969322 -0.348994
24 -1.93761 -2.84623 -11.5177 -0.000932534 0 3.14159
25 6.02794 0 0 1.12254 -0.0562239 0.537317
26 11.7344 0 0 0.00140282 0 2.55749
27 8.81167 0 0 -0.021243 0 0
28 5.77884 0 0 -0.0142328 0 0
29 2.23249 0 0 -0.00701012 0 0
30 11.4725 0 0 1.1464 -0.695754 -1.29595
31 0.615812 0.994372 -0.809165 -2.75079 0.325437 0.793311
32 2.24752 0 0 -0.0914701 -0.103439 -0.0239576
33 1.11936 0 0 -0.119206 0.171032 -0.185681
34 3.71349 0.102639 0.102191 -1.58909 0.862034 -0.119426
35 1.72615 0 0 -0.0146905 -0.0156264 0.786665
36 1.21112 0 0 0.000742709 0.0176205 0.639583
37 3.5992 1.06012 0.0708895 -1.63119 0.565989 -0.0670043
38 1.66069 0 0 0.0236725 0.0479981 0.681077
39 1.16699 0 0 0.00219282 -0.00509784 0.836227
40 2.18853 -0.50104 0.0576601 -1.56385 0.0595168 -0.173895
41 1.29609 0 0 -0.0829927 -0.0261581 0.746444
42 1.62202 -0.000712395 -0.000469685 -0.020412 -0.0253737 0.977118
43 1.2224 0 0 -0.00883911 -0.0017347 0.485149
44 1.76707 -1.27612 0.0366411 -1.56318 0.0589348 -0.145416
45 1.55588 0 0 0.0303735 0.0118421 0.90458
46 1.24273 0 0 0.000598317 0 0.620514
47 0.784531 0 0 -0.0124133 0.0105723 0.417843
48 0 0 0 0 0 0
49 -7.32715 -4.25525 -1.70272 -2.84075 1.21695 1.90338
50 -3.3008 1.98092 -0.0178609 -1.61333 0 0
51 0.00576687 1.98489 -0.0178738 -1.61332 0 0
52 0.00575662 2.07249 -0.0285535 -1.61332 0 0
53 -3.46178 2.07651 -0.0257425 -1.61332 0 0
54 -3.15015 2.07651 -0.0257416 -1.61333 0 0
55 -1.68436 2.09113 -0.0263634 -1.61332 0 0
56 -1.61192 2.09074 -0.035563 -1.61332 0 0
57 -1.74901 2.09114 -0.0263643 -1.61332 0 0
58 -1.65881 2.09114 -0.0263634 -1.61333 0 0
time 18
0 1.938 -2.84623 -11.5177 0 0 0
1 6.02794 0 0 -1.29819 0.301527 -1.67263
2 11.7344 0 0 -0.00140283 0 -0.926654
3 8.81138 -0.000450134 -0.00011158 0.764831 0 0.000158177
4 5.77839 0.00028801 0 0.512437 0 0.000110072
5 2.23163 -0.000328064 -0.00036335 0.252394 0 0
6 11.4725 0 0 0.784708 -0.00994575 0.290655
7 0.615219 -0.993092 -0.810699 2.33902 0.155092 -0.714923
8 2.24752 0 0 0.114871 0.0703093 0.166296
9 1.11936 0 0 0.0687035 0.0585169 -0.351506
10 3.71348 -0.102642 0.102191 1.55929 0.352511 0.0754346
11 1.72615 0 0 0.0090286 -0.0270615 -0.433803
12 1.21113 0 0 0.00354501 0.0172761 -0.395057
13 3.59919 -1.06012 0.0708885 1.55869 0.396162 -0.0674142
14 1.66068 0 0 -0.0126176 0.0731067 -0.386254
15 1.167 0 0 -0.0253568 0.0266386 -0.354066
16 2.18852 0.501038 0.0576591 1.57004 -0.0310726 0.225922
17 1.29609 0 0 0.0114266 -0.0454193 -0.435318
18 1.62202 0.000714302 -0.000471115 -0.00178725 -0.0400527 -0.388522
19 1.22241 0 0 0.0161167 -0.0122076 -0.388536
20 1.76707 1.27612 0.0366421 1.57004 -0.00830655 0.261449
21 1.55588 0 0 -0.0212788 0.0246986 -0.416704
22 1.24273 0 0 -0.000581011 0.000148792 -0.429
23 0.784521 0 0 0.0131115 0.00969323 -0.348994
24 -1.93761 -2.84623 -11.5177 -0.000932534 0 3.14159
25 6.02794 0 0 1.12284 -0.0570012 0.537375
26 11.7344 0 0 0.00140287 0 2.55806
27 8.81167 0 0 -0.0291608 0 0
28 5.77884 0 0 -0.0195377 0 0
29 2.23249 0 0 -0.00962317 0 0
30 11.4725 0 0 1.14666 -0.694335 -1.29924
31 0.615813 0.994372 -0.809165 -2.75079 0.325437 0.793311
32 2.24752 0 0 -0.0914701 -0.103439 -0.0239577
33 1.11936 0 0 -0.119206 0.171032 -0.185681
34 3.71349 0.102639 0.10219 -1.58909 0.862034 -0.119426
35 1.72615 0 0 -0.0146904 -0.0156263 0.786665
36 1.21112 0 0 0.000742606 0.0176206 0.639583
37 3.5992 1.06012 0.0708885 -1.63119 0.565989 -0.0670041
38 1.66069 0 0 0.0236724 0.0479982 0.681077
39 1.16699 0 0 0.00219289 -0.00509778 0.836227
40 2.18853 -0.501039 0.0576591 -1.56385 0.059517 -0.173895
41 1.29609 0 0 -0.0829927 -0.0261581 0.746444
42 1.62201 -0.000712872 -0.000470161 -0.0204122 -0.0253737 0.977118
43 1.22241 0 0 -0.00883906 -0.00173474 0.485149
44 1.76707 -1.27612 0.0366411 -1.56318 0.0589348 -0.145416
45 1.55588 0 0 0.0303735 0.0118421 0.90458
46 1.24273 0 0 0.000598475 0 0.620514
47 0.784532 0 0 -0.0124135 0.0105723 0.417843
48 0 0 0 0 0 0
49 -7.32539 -4.25518 -1.70134 -2.84521 1.21564 1.89866
50 -3.3008 1.98092 -0.0178609 -1.61333 0 0
51 0.00576687 1.98489 -0.0178733 -1.61332 0 0
52 0.00575674 2.07248 -0.028553 -1.61332 0 0
53 -3.46178 2.07651 -0.0257421 -1.61332 0 0
54 -3.15015 2.07651 -0.0257411 -1.61333 0 0
55 -1.68436 2.09113 -0.0263634 -1.61332 0 0
56 -1.61192 2.09074 -0.0355625 -1.61332 0 0
57 -1.74901 2.09114 -0.0263638 -1.61332 0 0
58 -1.65881 2.09113 -0.0263634 -1.61333 0 0
time 19
0 1.938 -2.84623 -11.5177 0 0 0
1 6.02794 0 0 -1.29855 0.299898 -1.6726
2 11.7344 0 0 -0.00140285 0 -0.925384
3 8.81138 -0.000450134 -0.00011158 0.763967 0 0.000157925
4 5.77839 0.000284195 0 0.511858 0 0.000109912
5 2.23163 -0.000329971 -0.00036335 0.252109 0 0
6 11.4725 0 0 0.783207 -0.0108567 0.287206
7 0.615219 -0.99309 -0.8107 2.33902 0.155092 -0.714923
8 2.24752 0 0 0.114871 0.0703092 0.166296
9 1.11936 0 0 0.0687036 0.0585169 -0.351506
10 3.71348 -0.102641 0.102191 1.55929 0.352511 0.0754343
11 1.72615 0 0 0.00902872 -0.0270615 -0.433803
12 1.21114 0 0 0.00354513 0.0172765 -0.395057
13 3.59919 -1.06012 0.0708876 1.55869 0.396162 -0.0674146
14 1.66068 0 0 -0.0126178 0.0731067 -0.386254
15 1.167 0 0 -0.0253568 0.0266386 -0.354065
16 2.18852 0.50104 0.0576582 1.57004 -0.0310725 0.225922
17 1.29609 0 0 0.0114265 -0.0454194 -0.435318
18 1.62201 0.000714302 -0.000471115 -0.00178706 -0.0400527 -0.388522
19 1.22241 0 0 0.0161166 -0.0122075 -0.388536
20 1.76707 1.27612 0.0366402 1.57004 -0.0083062 0.261449
21 1.55588 0 0 -0.0212789 0.0246985 -0.416704
22 1.24274 0 0 -0.000580915 0.00014863 -0.429
23 0.784521 0 0 0.0131114 0.00969345 -0.348994
24 -1.93761 -2.84623 -11.5177 -0.000932534 0 3.14159
25 6.02794 0 0 1.12285 -0.0575967 0.537636
26 11.7344 0 0 0.00140274 0 2.55766
27 8.81167 0 0 -0.0296646 0 0
28 5.77884 0 0 -0.0198752 0 0
29 2.23249 0 0 -0.00978935 0 0
30 11.4725 0 0 1.1466 -0.694527 -1.2993
31 0.615813 0.994372 -0.809165 -2.75079 0.325437 0.793311
32 2.24752 0 0 -0.09147 -0.103439 -0.0239576
33 1.11936 0 0 -0.119206 0.171032 -0.185681
34 3.71349 0.10264 0.102191 -1.58909 0.862034 -0.119426
35 1.72615 0 0 -0.0146904 -0.0156263 0.786665
36 1.21112 0 0 0.000742552 0.0176206 0.639583
37 3.5992 1.06012 0.0708876 -1.63119 0.56599 -0.0670043
38 1.66069 0 0 0.0236724 0.0479981 0.681077
39 1.16699 0 0 0.00219301 -0.0050978 0.836227
40 2.18853 -0.50104 0.0576591 -1.56385 0.0595168 -0.173895
41 1.29609 0 0 -0.0829926 -0.0261582 0.746444
42 1.62202 -0.000712872 -0.000470638 -0.0204122 -0.0253736 0.977118
43 1.2224 0 0 -0.008839 -0.00173472 0.485149
44 1.76707 -1.27612 0.0366421 -1.56318 0.0589349 -0.145417
45 1.55588 0 0 0.0303736 0.0118419 0.90458
46 1.24273 0 0 0.000598347 0 0.620514
47 0.784531 0 0 -0.0124135 0.0105723 0.417843
48 0 0 0 0 0 0
49 -7.32243 -4.25496 -1.69727 -2.8448 1.21587 1.899
50 -3.3008 1.98092 -0.0178614 -1.61333 0 0
51 0.00576687 1.98489 -0.0178738 -1.61332 0 0
52 0.00575662 2.07248 -0.028554 -1.61332 0 0
53 -3.46178 2.07651 -0.0257425 -1.61332 0 0
54 -3.15015 2.07651 -0.0257416 -1.61333 0 0
55 -1.68436 2.09113 -0.0263638 -1.61332 0 0
56 -1.61192 2.09074 -0.035563 -1.61332 0 0
57 -1.74901 2.09114 -0.0263634 -1.61332 0 0
58 -1.65881 2.09113 -0.0263634 -1.61333 0 0
time 20
0 1.938 -2.84623 -11.5177 0 0 0
1 6.02794 0 0 -1.29896 0.298177 -1.67247
2 11.7344 0 0 -0.00140288 0 -0.924251
3 8.81138 -0.000448227 -0.00011158 0.763166 0 0.00015763
4 5.77839 0.00028801 0 0.511321 0 0.000109874
5 2.23163 -0.000328064 -0.000364304 0.251845 0 0
6 11.4725 0 0 0.781923 -0.0114315 0.284435
7 0.615221 -0.99309 -0.810699 2.33902 0.155092 -0.714923
8 2.24752 0 0 0.114871 0.0703093 0.166296
9 1.11936 0 0 0.0687035 0.058517 -0.351506
10 3.71348 -0.102641 0.102191 1.55929 0.352511 0.0754346
11 1.72615 0 0 0.00902877 -0.0270614 -0.433803
12 1.21113 0 0 0.003545 0.0172762 -0.395057
13 3.59919 -1.06012 0.0708876 1.55869 0.396162 -0.0674144
14 1.66069 0 0 -0.0126178 0.0731067 -0.386254
15 1.167 0 0 -0.0253567 0.0266387 -0.354066
16 2.18852 0.50104 0.0576591 1.57004 -0.0310726 0.225922
17 1.29609 0 0 0.0114265 -0.0454195 -0.435318
18 1.62202 0.000713348 -0.000471115 -0.00178719 -0.0400527 -0.388522
19 1.22241 0 0 0.0161167 -0.0122076 -0.388536
20 1.76707 1.27612 0.0366421 1.57004 -0.00830649 0.261449
21 1.55588 0 0 -0.0212789 0.0246986 -0.416704
22 1.24274 0 0 -0.000580973 0.000148617 -0.429
23 0.784523 0 0 0.0131113 0.00969338 -0.348994
24 -1.93761 -2.84623 -11.5177 -0.000932534 0 3.14159
25 6.02794 0 0 1.12278 -0.0581389 0.537953
26 11.7344 0 0 0.00140267 0 2.55651
27 8.81167 0 0 -0.0253342 0 0
28 5.77884 0 0 -0.0169739 0 0
29 2.23249 0 0 -0.0083604 0 0
30 11.4725 0 0 1.14601 -0.695774 -1.29704
31 0.615813 0.994372 -0.809165 -2.75079 0.325437 0.793311
32 2.24752 0 0 -0.09147 -0.103439 -0.0239576
33 1.11936 0 0 -0.119206 0.171032 -0.185681
34 3.71349 0.102639 0.102191 -1.58909 0.862034 -0.119426
35 1.72615 0 0 -0.0146905 -0.0156263 0.786665
36 1.21112 0 0 0.000742687 0.0176205 0.639583
37 3.5992 1.06012 0.0708885 -1.63119 0.565989 -0.0670043
38 1.66069 0 0 0.0236724 0.0479981 0.681077
39 1.16699 0 0 0.00219288 -0.0050978 0.836226
40 2.18853 -0.50104 0.0576591 -1.56385 0.0595168 -0.173895
41 1.29609 0 0 -0.0829927 -0.0261581 0.746444
42 1.62202 -0.000713825 -0.000469685 -0.0204122 -0.0253736 0.977118
43 1.2224 0 0 -0.00883895 -0.00173474 0.485149
44 1.76707 -1.27612 0.0366411 -1.56318 0.0589346 -0.145417
45 1.55588 0 0 0.0303735 0.011842 0.90458
46 1.24273 0 0 0.000598383 0 0.620514
47 0.784532 0 0 -0.0124134 0.0105723 0.417843
48 0 0 0 0 0 0
49 -7.3184 -4.25394 -1.69125 -2.84102 1.21717 1.90251
50 -3.3008 1.98092 -0.0178614 -1.61333 0 0
51 0.00576687 1.98489 -0.0178738 -1.61332 0 0
52 0.00575662 2.07248 -0.0285535 -1.61332 0 0
53 -3.46178 2.07651 -0.025743 -1.61332 0 0
54 -3.15015 2.07651 -0.0257411 -1.61332 0 0
55 -1.68436 2.09113 -0.0263634 -1.61332 0 0
56 -1.61192 2.09074 -0.0355625 -1.61332 0 0
57 -1.74901 2.09114 -0.0263634 -1.61332 0 0
58 -1.65881 2.09114 -0.0263638 -1.61333 0 0
time 21
0 1.938 -2.84623 -11.5177 0 0 0
1 6.02794 0 0 -1.29942 0.296419 -1.67225
2 11.7344 0 0 -0.00140283 0 -0.923263
3 8.81138 -0.000448227 -0.000112534 0.762437 0 0.000157465
4 5.77839 0.00028801 0 0.510833 0 0.000109705
5 2.23163 -0.000328064 -0.000364304 0.251604 0 0
6 11.4725 0 0 0.780853 -0.0116918 0.2823
7 0.615221 -0.993091 -0.810699 2.33902 0.155091 -0.714923
8 2.24752 0 0 0.114871 0.0703091 0.166296
9 1.11936 0 0 0.0687035 0.0585169 -0.351506
10 3.71348 -0.102641 0.102191 1.55929 0.352511 0.0754344
11 1.72614 0 0 0.00902879 -0.0270616 -0.433802
12 1.21114 0 0 0.00354506 0.0172762 -0.395057
13 3.5992 -1.06012 0.0708885 1.55869 0.396162 -0.0674145
14 1.66069 0 0 -0.0126178 0.0731066 -0.386254
15 1.167 0 0 -0.0253568 0.0266388 -0.354066
16 2.18853 0.50104 0.0576591 1.57004 -0.0310725 0.225922
17 1.29609 0 0 0.0114265 -0.0454194 -0.435318
18 1.62202 0.000714779 -0.000472069 -0.00178728 -0.0400528 -0.388522
19 1.22241 0 0 0.0161168 -0.0122075 -0.388536
20 1.76707 1.27612 0.0366411 1.57004 -0.00830657 0.261449
21 1.55587 0 0 -0.0212789 0.0246985 -0.416705
22 1.24273 0 0 -0.000581019 0.000148546 -0.429
23 0.784523 0 0 0.0131114 0.0096934 -0.348994
24 -1.93761 -2.84623 -11.5177 -0.000932534 0 3.14159
25 6.02794 0 0 1.12269 -0.0584846 0.538198
26 11.7344 0 0 0.0014027 0 2.55573
27 8.81167 0 0 -0.0207159 0 0
28 5.77884 0 0 -0.0138796 0 0
29 2.23249 0 0 -0.00683632 0 0
30 11.4725 0 0 1.14527 -0.697339 -1.29448
31 0.615813 0.994372 -0.809165 -2.75079 0.325437 0.793311
32 2.24752 0 0 -0.0914702 -0.103439 -0.0239578
33 1.11936 0 0 -0.119206 0.171032 -0.185681
34 3.71349 0.102639 0.102191 -1.58909 0.862034 -0.119426
35 1.72615 0 0 -0.0146905 -0.0156263 0.786665
36 1.21112 0 0 0.000742659 0.0176206 0.639583
37 3.5992 1.06012 0.0708885 -1.63119 0.56599 -0.0670042
38 1.66069 0 0 0.0236725 0.0479982 0.681077
39 1.16699 0 0 0.0021929 -0.00509784 0.836227
40 2.18853 -0.50104 0.0576601 -1.56385 0.059517 -0.173895
41 1.29609 0 0 -0.0829926 -0.0261582 0.746444
42 1.62202 -0.000713348 -0.000470161 -0.0204122 -0.0253737 0.977118
43 1.2224 0 0 -0.00883894 -0.00173475 0.485149
44 1.76707 -1.27612 0.0366411 -1.56318 0.0589349 -0.145417
45 1.55588 0 0 0.0303736 0.011842 0.90458
46 1.24273 0 0 0.000598324 0 0.620514
47 0.784532 0 0 -0.0124133 0.0105723 0.417843
48 0 0 0 0 0 0
49 -7.31369 -4.25269 -1.68426 -2.83616 1.21879 1.90704
50 -3.3008 1.98092 -0.0178609 -1.61333 0 0
51 0.00576687 1.98489 -0.0178733 -1.61332 0 0
52 0.00575674 2.07248 -0.0285535 -1.61332 0 0
53 -3.46178 2.07651 -0.0257425 -1.61332 0 0
54 -3.15015 2.07651 -0.0257411 -1.61332 0 0
55 -1.68436 2.09113 -0.0263629 -1.61332 0 0
56 -1.61192 2.09074 -0.035563 -1.61332 0 0
57 -1.74901 2.09114 -0.0263634 -1.61332 0 0
58 -1.65881 2.09113 -0.0263634 -1.61333 0 0
time 22
0 1.938 -2.84623 -11.5177 0 0 0
1 6.02794 0 0 -1.29991 0.294676 -1.67193
2 11.7344 0 0 -0.00140294 0 -0.922432
3 8.81138 -0.000450134 -0.000111103 0.76179 0 0.000156885
4 5.77839 0.000286102 0 0.5104 0 0.000109317
5 2.23163 -0.000329971 -0.00036478 0.251391 0 0
6 11.4725 0 0 0.779995 -0.0116611 0.280761
7 0.615219 -0.993092 -0.810699 2.33902 0.155091 -0.714923
8 2.24752 0 0 0.114871 0.0703093 0.166296
9 1.11936 0 0 0.0687034 0.0585169 -0.351506
10 3.71348 -0.102641 0.102191 1.55929 0.352511 0.0754346
11 1.72615 0 0 0.00902876 -0.0270614 -0.433803
12 1.21114 0 0 0.00354512 0.0172762 -0.395057
13 3.59919 -1.06012 0.0708876 1.55869 0.396162 -0.0674143
14 1.66068 0 0 -0.0126178 0.0731067 -0.386254
15 1.167 0 0 -0.0253567 0.0266387 -0.354066
16 2.18853 0.501041 0.0576591 1.57004 -0.0310725 0.225922
17 1.29609 0 0 0.0114266 -0.0454193 -0.435318
18 1.62202 0.000713825 -0.000471115 -0.00178727 -0.0400529 -0.388522
19 1.22241 0 0 0.0161167 -0.0122074 -0.388536
20 1.76707 1.27612 0.0366411 1.57004 -0.00830648 0.261449
21 1.55588 0 0 -0.0212788 0.0246985 -0.416704
22 1.24273 0 0 -0.000580895 0.000148817 -0.429
23 0.784523 0 0 0.0131113 0.0096932 -0.348994
24 -1.93761 -2.84623 -11.5177 -0.000932534 0 3.14159
25 6.02794 0 0 1.12262 -0.0591793 0.538581
26 11.7344 0 0 0.00140262 0 2.55468
27 8.81167 0 0 -0.0173205 0 0
28 5.77884 0 0 -0.0116049 0 0
29 2.23249 0 0 -0.00571579 0 0
30 11.4725 0 0 1.14474 -0.698493 -1.29259
31 0.615813 0.994372 -0.809165 -2.75079 0.325437 0.793311
32 2.24752 0 0 -0.0914701 -0.103439 -0.0239576
33 1.11936 0 0 -0.119206 0.171032 -0.185681
34 3.71349 0.102639 0.102191 -1.58909 0.862034 -0.119426
35 1.72615 0 0 -0.0146903 -0.0156264 0.786665
36 1.21112 0 0 0.000742638 0.0176206 0.639583
37 3.5992 1.06012 0.0708876 -1.63119 0.565989 -0.0670041
38 1.66069 0 0 0.0236724 0.0479982 0.681077
39 1.16699 0 0 0.00219287 -0.0050979 0.836227
40 2.18853 -0.50104 0.0576582 -1.56385 0.0595167 -0.173895
41 1.29609 0 0 -0.0829927 -0.0261581 0.746444
42 1.62202 -0.000712872 -0.000469685 -0.0204121 -0.0253737 0.977118
43 1.22241 0 0 -0.00883907 -0.00173473 0.485149
44 1.76707 -1.27612 0.0366411 -1.56318 0.0589349 -0.145416
45 1.55588 0 0 0.0303736 0.011842 0.90458
46 1.24273 0 0 0.000598427 0 0.620514
47 0.784532 0 0 -0.0124135 0.0105723 0.417843
48 0 0 0 0 0 0
49 -7.3087 -4.25177 -1.67729 -2.83257 1.22 1.91039
50 -3.3008 1.98092 -0.0178614 -1.61333 0 0
51 0.00576687 1.98489 -0.0178733 -1.61332 0 0
52 0.00575674 2.07248 -0.0285535 -1.61332 0 0
53 -3.46178 2.07651 -0.0257425 -1.61332 0 0
54 -3.15015 2.07651 -0.0257421 -1.61333 0 0
55 -1.68436 2.09113 -0.0263634 -1.61332 0 0
56 -1.61192 2.09074 -0.035563 -1.61332 0 0
57 -1.74901 2.09114 -0.0263638 -1.61332 0 0
58 -1.65881 2.09113 -0.0263634 -1.61333 0 0
time 23
0 1.938 -2.84623 -11.5177 0 0 0
1 6.02794 0 0 -1.30042 0.293053 -1.67151
2 11.7344 0 0 -0.0014028 0 -0.921834
3 8.81138 -0.000450134 -0.000111103 0.761279 0 0.000157249
4 5.77839 0.000286102 0 0.510057 0 0.000109608
5 2.23163 -0.000329971 -0.00036335 0.251222 0 0
6 11.4725 0 0 0.779434 -0.0112744 0.279995
7 0.615217 -0.993091 -0.810699 2.33902 0.155092 -0.714923
8 2.24752 0 0 0.114871 0.0703093 0.166296
9 1.11936 0 0 0.0687036 0.0585169 -0.351506
10 3.71348 -0.102641 0.102191 1.55929 0.352511 0.0754347
11 1.72615 0 0 0.00902883 -0.0270614 -0.433803
12 1.21114 0 0 0.00354501 0.0172761 -0.395057
13 3.59919 -1.06012 0.0708876 1.55869 0.396162 -0.0674142
14 1.66068 0 0 -0.0126178 0.0731065 -0.386254
15 1.167 0 0 -0.0253567 0.0266388 -0.354065
16 2.18852 0.50104 0.0576591 1.57004 -0.0310725 0.225922
17 1.29609 0 0 0.0114266 -0.0454194 -0.435318
18 1.62202 0.000714779 -0.000469208 -0.00178719 -0.0400527 -0.388522
19 1.22241 0 0 0.0161169 -0.0122074 -0.388536
20 1.76707 1.27612 0.0366411 1.57004 -0.00830658 0.261449
21 1.55588 0 0 -0.0212789 0.0246985 -0.416704
22 1.24273 0 0 -0.000581032 0.000148605 -0.429
23 0.784523 0 0 0.0131115 0.00969353 -0.348994
24 -1.93761 -2.84623 -11.5177 -0.000932534 0 3.14159
25 6.02794 0 0 1.12259 -0.0600496 0.53901
26 11.7344 0 0 0.0014027 0 2.55392
27 8.81167 0 0 -0.0167704 0 0
28 5.77884 0 0 -0.0112361 0 0
29 2.23249 0 0 -0.00553424 0 0
30 11.4725 0 0 1.14451 -0.699053 -1.29206
31 0.615813 0.994372 -0.809165 -2.75079 0.325437 0.793311
32 2.24752 0 0 -0.0914699 -0.103439 -0.0239576
33 1.11936 0 0 -0.119206 0.171032 -0.185681
34 3.71349 0.102639 0.102191 -1.58909 0.862034 -0.119426
35 1.72615 0 0 -0.0146905 -0.0156264 0.786665
36 1.21112 0 0 0.000742746 0.0176205 0.639583
37 3.5992 1.06012 0.0708885 -1.63119 0.565989 -0.0670042
38 1.66069 0 0 0.0236724 0.0479982 0.681077
39 1.16699 0 0 0.00219281 -0.00509784 0.836227
40 2.18853 -0.50104 0.0576591 -1.56385 0.0595168 -0.173895
41 1.29609 0 0 -0.0829927 -0.0261582 0.746444
42 1.62202 -0.000712872 -0.000470161 -0.0204121 -0.0253737 0.977118
43 1.2224 0 0 -0.00883898 -0.00173474 0.485149
44 1.76707 -1.27612 0.0366411 -1.56318 0.0589347 -0.145416
45 1.55588 0 0 0.0303736 0.011842 0.90458
46 1.24273 0 0 0.000598369 0 0.620514
47 0.784531 0 0 -0.0124134 0.0105723 0.417843
48 0 0 0 0 0 0
49 -7.30359 -4.25131 -1.67078 -2.8309 1.22059 1.91196
50 -3.3008 1.98092 -0.0178609 -1.61333 0 0
51 0.00576687 1.98489 -0.0178728 -1.61332 0 0
52 0.0057565 2.07248 -0.028553 -1.61332 0 0
53 -3.46178 2.07651 -0.0257421 -1.61332 0 0
54 -3.15015 2.07651 -0.0257416 -1.61332 0 0
55 -1.68436 2.09113 -0.0263629 -1.61332 0 0
56 -1.61192 2.09074 -0.0355625 -1.61332 0 0
57 -1.74901 2.09114 -0.0263638 -1.61332 0 0
58 -1.65881 2.09113 -0.0263629 -1.61333 0 0
time 24
0 1.938 -2.84623 -11.5177 0 0 0
1 6.02794 0 0 -1.30093 0.291627 -1.67099
2 11.7344 0 0 -0.00140286 0 -0.921514
3 8.81138 -0.000450134 -0.000112057 0.760929 0 0.000156801
4 5.77839 0.000286102 0 0.509823 0 0.000109045
5 2.23163 -0.000328064 -0.00036335 0.251107 0 0
6 11.4725 0 0 0.779206 -0.0105175 0.280058
7 0.615219 -0.993091 -0.810699 2.33902 0.155091 -0.714923
8 2.24752 0 0 0.114871 0.0703093 0.166296
9 1.11936 0 0 0.0687036 0.0585169 -0.351506
10 3.71348 -0.10264 0.102191 1.55929 0.352511 0.0754344
11 1.72615 0 0 0.00902878 -0.0270615 -0.433803
12 1.21114 0 0 0.0035451 0.0172763 -0.395057
13 3.59919 -1.06012 0.0708885 1.55869 0.396162 -0.0674144
14 1.66069 0 0 -0.0126178 0.0731066 -0.386254
15 1.167 0 0 -0.0253568 0.0266386 -0.354065
16 2.18852 0.50104 0.0576591 1.57004 -0.0310726 0.225922
17 1.29609 0 0 0.0114265 -0.0454194 -0.435318
18 1.62202 0.000712872 -0.000472069 -0.00178704 -0.0400525 -0.388522
19 1.22241 0 0 0.0161166 -0.0122076 -0.388536
20 1.76707 1.27612 0.0366411 1.57004 -0.00830652 0.261449
21 1.55588 0 0 -0.0212789 0.0246986 -0.416704
22 1.24273 0 0 -0.000581064 0.000148475 -0.429
23 0.784523 0 0 0.0131114 0.00969332 -0.348994
24 -1.93761 -2.84623 -11.5177 -0.000932534 0 3.14159
25 6.02794 0 0 1.12255 -0.0609932 0.539473
26 11.7344 0 0 0.00140263 0 2.55332
27 8.81167 0 0 -0.0175141 0 0
28 5.77884 0 0 -0.0117345 0 0
29 2.23249 0 0 -0.00577967 0 0
30 11.4725 0 0 1.1444 -0.69937 -1.29213
31 0.615813 0.994372 -0.809165 -2.75079 0.325437 0.793311
32 2.24752 0 0 -0.0914701 -0.103439 -0.0239575
33 1.11936 0 0 -0.119206 0.171032 -0.185681
34 3.71349 0.102639 0.102191 -1.58909 0.862034 -0.119426
35 1.72615 0 0 -0.0146905 -0.0156263 0.786665
36 1.21112 0 0 0.000742706 0.0176205 0.639583
37 3.5992 1.06012 0.0708885 -1.63119 0.565989 -0.067004
38 1.66069 0 0 0.0236725 0.0479981 0.681077
39 1.16699 0 0 0.00219292 -0.00509782 0.836227
40 2.18853 -0.50104 0.0576591 -1.56385 0.059517 -0.173895
41 1.29609 0 0 -0.0829926 -0.0261581 0.746444
42 1.62202 -0.000713348 -0.000469208 -0.0204123 -0.0253736 0.977118
43 1.22241 0 0 -0.00883886 -0.00173484 0.485149
44 1.76707 -1.27612 0.0366411 -1.56318 0.0589347 -0.145416
45 1.55588 0 0 0.0303735 0.0118422 0.90458
46 1.24273 0 0 0.000598379 0 0.620514
47 0.784531 0 0 -0.0124132 0.0105723 0.417843
48 0 0 0 0 0 0
49 -7.29832 -4.25106 -1.66464 -2.83006 1.22092 1.91274
50 -3.3008 1.98092 -0.0178614 -1.61333 0 0
51 0.00576687 1.98489 -0.0178742 -1.61332 0 0
52 0.00575638 2.07248 -0.0285535 -1.61332 0 0
53 -3.46178 2.07651 -0.0257425 -1.61332 0 0
54 -3.15015 2.07651 -0.0257421 -1.61333 0 0
55 -1.68436 2.09113 -0.0263634 -1.61332 0 0
56 -1.61192 2.09074 -0.035563 -1.61332 0 0
57 -1.74901 2.09114 -0.0263643 -1.61332 0 0
58 -1.65881 2.09113 -0.0263634 -1.61333 0 0
time 25
0 1.938 -2.84623 -11.5177 0 0 0
1 6.02794 0 0 -1.30143 0.290411 -1.67039
2 11.7344 0 0 -0.00140283 0 -0.92143
3 8.81138 -0.000448227 -0.000112057 0.760714 0 0.000157349
4 5.77839 0.000286102 0 0.509678 0 0.000109552
5 2.23163 -0.000328064 -0.00036335 0.251036 0 0
6 11.4725 0 0 0.779237 -0.0094915 0.280727
7 0.615219 -0.993092 -0.8107 2.33902 0.155092 -0.714923
8 2.24752 0 0 0.114871 0.0703093 0.166296
9 1.11936 0 0 0.0687033 0.0585169 -0.351506
10 3.71348 -0.102642 0.102191 1.55929 0.352511 0.0754345
11 1.72614 0 0 0.00902873 -0.0270616 -0.433803
12 1.21113 0 0 0.00354521 0.0172764 -0.395057
13 3.59919 -1.06012 0.0708885 1.55869 0.396162 -0.0674144
14 1.66068 0 0 -0.0126178 0.0731064 -0.386254
15 1.167 0 0 -0.0253567 0.0266387 -0.354065
16 2.18852 0.501039 0.0576591 1.57004 -0.0310725 0.225922
17 1.29609 0 0 0.0114266 -0.0454194 -0.435318
18 1.62201 0.000713825 -0.000471115 -0.00178726 -0.0400526 -0.388522
19 1.22241 0 0 0.0161167 -0.0122074 -0.388536
20 1.76707 1.27612 0.0366411 1.57004 -0.00830632 0.261449
21 1.55587 0 0 -0.0212789 0.0246986 -0.416704
22 1.24273 0 0 -0.000580953 0.000148805 -0.429
23 0.784521 0 0 0.0131114 0.00969333 -0.348994
24 -1.93761 -2.84623 -11.5177 -0.000932534 0 3.14159
25 6.02794 0 0 1.1225 -0.0619664 0.539963
26 11.7344 0 0 0.00140254 0 2.55284
27 8.81167 0 0 -0.0192644 0 0
28 5.77884 0 0 -0.0129072 0 0
29 2.23249 0 0 -0.00635723 0 0
30 11.4725 0 0 1.14438 -0.699514 -1.29266
31 0.615812 0.994372 -0.809165 -2.75079 0.325437 0.793311
32 2.24752 0 0 -0.09147 -0.103439 -0.0239577
33 1.11936 0 0 -0.119206 0.171032 -0.185681
34 3.71349 0.102639 0.102191 -1.58909 0.862034 -0.119426
35 1.72615 0 0 -0.0146904 -0.0156264 0.786665
36 1.21112 0 0 0.000742701 0.0176206 0.639583
37 3.5992 1.06012 0.0708876 -1.63119 0.565989 -0.0670043
38 1.66069 0 0 0.0236725 0.0479982 0.681077
39 1.16699 0 0 0.0021928 -0.0050978 0.836227
40 2.18853 -0.50104 0.0576582 -1.56385 0.0595169 -0.173895
41 1.29609 0 0 -0.0829928 -0.0261581 0.746444
42 1.62202 -0.000712872 -0.000469685 -0.0204122 -0.0253737 0.977118
43 1.2224 0 0 -0.00883902 -0.00173474 0.485149
44 1.76707 -1.27612 0.0366411 -1.56318 0.0589348 -0.145416
45 1.55588 0 0 0.0303737 0.0118421 0.90458
46 1.24273 0 0 0.000598382 0 0.620514
47 0.784531 0 0 -0.0124134 0.0105723 0.417843
48 0 0 0 0 0 0
49 -7.29297 -4.25098 -1.65904 -2.82987 1.22105 1.91292
50 -3.3008 1.98092 -0.0178614 -1.61333 0 0
51 0.00576687 1.98489 -0.0178738 -1.61332 0 0
52 0.0057565 2.07249 -0.028553 -1.61332 0 0
53 -3.46178 2.07651 -0.025743 -1.61332 0 0
54 -3.15015 2.07651 -0.0257411 -1.61332 0 0
55 -1.68436 2.09113 -0.0263634 -1.61332 0 0
56 -1.61192 2.09074 -0.0355635 -1.61332 0 0
57 -1.74901 2.09114 -0.0263648 -1.61332 0 0
58 -1.65881 2.09113 -0.0263634 -1.61333 0 0
time 26
0 1.938 -2.84623 -11.5177 0 0 0
1 6.02794 0 0 -1.3019 0.289421 -1.66974
2 11.7344 0 0 -0.00140283 0 -0.921545
3 8.81138 -0.000450134 -0.000112534 0.760605 0 0.0001577
4 5.77839 0.000286102 0 0.509606 0 0.000109842
5 2.23163 -0.000328064 -0.00036478 0.251 0 0
6 11.4725 0 0 0.779455 -0.00829809 0.281779
7 0.615219 -0.993089 -0.810699 2.33902 0.155092 -0.714923
8 2.24752 0 0 0.114871 0.0703093 0.166296
9 1.11936 0 0 0.0687035 0.058517 -0.351506
10 3.71348 -0.10264 0.102192 1.55929 0.352512 0.0754345
11 1.72615 0 0 0.00902884 -0.0270615 -0.433803
12 1.21114 0 0 0.00354513 0.0172762 -0.395057
13 3.59919 -1.06012 0.0708885 1.55869 0.396162 -0.0674145
14 1.66068 0 0 -0.0126177 0.0731066 -0.386254
15 1.167 0 0 -0.0253567 0.0266387 -0.354066
16 2.18852 0.50104 0.0576591 1.57004 -0.0310724 0.225922
17 1.29609 0 0 0.0114266 -0.0454194 -0.435318
18 1.62202 0.000713348 -0.000470161 -0.00178735 -0.0400528 -0.388522
19 1.22241 0 0 0.0161167 -0.0122076 -0.388536
20 1.76707 1.27612 0.0366411 1.57004 -0.00830623 0.261449
21 1.55588 0 0 -0.0212789 0.0246983 -0.416704
22 1.24273 0 0 -0.00058107 0.000148779 -0.429
23 0.784521 0 0 0.0131115 0.00969341 -0.348994
24 -1.93761 -2.84623 -11.5177 -0.000932534 0 3.14159
25 6.02794 0 0 1.12243 -0.0629273 0.540472
26 11.7344 0 0 0.00140264 0 2.55249
27 8.81167 0 0 -0.0217435 0 0
28 5.77884 0 0 -0.0145681 0 0
29 2.23249 0 0 -0.00717534 0 0
30 11.4725 0 0 1.14441 -0.699555 -1.29349
31 0.615813 0.994372 -0.809165 -2.75079 0.325437 0.793311
32 2.24752 0 0 -0.09147 -0.103439 -0.0239577
33 1.11936 0 0 -0.119206 0.171032 -0.185681
34 3.71349 0.102639 0.102191 -1.58909 0.862034 -0.119426
35 1.72615 0 0 -0.0146905 -0.0156264 0.786665
36 1.21112 0 0 0.000742689 0.0176205 0.639583
37 3.5992 1.06012 0.0708876 -1.63119 0.565989 -0.0670041
38 1.66069 0 0 0.0236725 0.0479982 0.681077
39 1.16699 0 0 0.00219288 -0.00509793 0.836227
40 2.18853 -0.50104 0.0576601 -1.56385 0.0595168 -0.173895
41 1.29609 0 0 -0.0829927 -0.0261583 0.746444
42 1.62202 -0.000713348 -0.000469685 -0.0204122 -0.0253738 0.977118
43 1.2224 0 0 -0.00883896 -0.00173476 0.485149
44 1.76707 -1.27612 0.0366411 -1.56318 0.0589347 -0.145416
45 1.55588 0 0 0.0303736 0.0118419 0.90458
46 1.24273 0 0 0.000598426 0 0.620514
47 0.784531 0 0 -0.0124134 0.0105723 0.417843
48 0 0 0 0 0 0
49 -7.28758 -4.25103 -1.65419 -2.83014 1.22103 1.91267
50 -3.3008 1.98092 -0.0178614 -1.61333 0 0
51 0.00576687 1.98489 -0.0178728 -1.61332 0 0
52 0.0057565 2.07248 -0.028553 -1.61332 0 0
53 -3.46178 2.07651 -0.0257425 -1.61332 0 0
54 -3.15015 2.07651 -0.0257411 -1.61332 0 0
55 -1.68436 2.09113 -0.0263638 -1.61332 0 0
56 -1.61192 2.09074 -0.0355625 -1.61332 0 0
57 -1.74901 2.09114 -0.0263638 -1.61332 0 0
58 -1.65881 2.09113 -0.0263634 -1.61333 0 0
time 27
0 1.938 -2.84623 -11.5177 0 0 0
1 6.02794 0 0 -1.30234 0.288673 -1.66905
2 11.7344 0 0 -0.00140288 0 -0.921825
3 8.81138 -0.000448227 -0.00011158 0.760577 0 0.000158045
4 5.77839 0.00028801 0 0.509586 0 0.000110016
5 2.23163 -0.000328064 -0.000364304 0.25099 0 0
6 11.4725 0 0 0.779786 -0.00704176 0.282995
7 0.615215 -0.993091 -0.8107 2.33902 0.155092 -0.714923
8 2.24752 0 0 0.114872 0.0703092 0.166296
9 1.11936 0 0 0.0687034 0.058517 -0.351506
10 3.71348 -0.10264 0.102191 1.55929 0.352511 0.0754345
11 1.72615 0 0 0.00902882 -0.0270614 -0.433803
12 1.21114 0 0 0.00354506 0.0172762 -0.395057
13 3.59919 -1.06012 0.0708876 1.55869 0.396162 -0.0674144
14 1.66069 0 0 -0.0126178 0.0731066 -0.386254
15 1.167 0 0 -0.0253568 0.0266386 -0.354066
16 2.18852 0.50104 0.0576582 1.57004 -0.0310725 0.225922
17 1.29609 0 0 0.0114266 -0.0454193 -0.435318
18 1.62202 0.000714779 -0.000471115 -0.00178714 -0.0400527 -0.388521
19 1.22241 0 0 0.0161167 -0.0122076 -0.388536
20 1.76707 1.27612 0.0366411 1.57004 -0.00830635 0.261449
21 1.55587 0 0 -0.0212788 0.0246986 -0.416704
22 1.24273 0 0 -0.000580961 0.000148559 -0.429
23 0.784521 0 0 0.0131113 0.00969332 -0.348994
24 -1.93761 -2.84623 -11.5177 -0.000932534 0 3.14159
25 6.02794 0 0 1.12231 -0.0638341 0.540997
26 11.7344 0 0 0.00140259 0 2.55225
27 8.81167 0 0 -0.0246695 0 0
28 5.77884 0 0 -0.0165286 0 0
29 2.23249 0 0 -0.00814098 0 0
30 11.4725 0 0 1.14445 -0.699564 -1.2945
31 0.615813 0.994371 -0.809165 -2.75079 0.325437 0.793311
32 2.24752 0 0 -0.0914699 -0.103439 -0.0239577
33 1.11936 0 0 -0.119206 0.171032 -0.185681
34 3.71349 0.102639 0.102192 -1.58909 0.862034 -0.119426
35 1.72615 0 0 -0.0146905 -0.0156264 0.786665
36 1.21112 0 0 0.000742583 0.0176206 0.639583
37 3.5992 1.06012 0.0708885 -1.63119 0.565989 -0.0670041
38 1.66069 0 0 0.0236726 0.0479981 0.681077
39 1.16699 0 0 0.00219281 -0.0050978 0.836227
40 2.18853 -0.50104 0.0576591 -1.56385 0.0595169 -0.173895
41 1.29609 0 0 -0.0829927 -0.0261582 0.746444
42 1.62202 -0.000713348 -0.000469685 -0.0204122 -0.0253737 0.977118
43 1.22241 0 0 -0.00883898 -0.00173478 0.485149
44 1.76707 -1.27612 0.0366411 -1.56318 0.0589348 -0.145416
45 1.55587 0 0 0.0303736 0.0118419 0.90458
46 1.24273 0 0 0.000598426 0 0.620514
47 0.784531 0 0 -0.0124133 0.0105723 0.417843
48 0 0 0 0 0 0
49 -7.28225 -4.25115 -1.65026 -2.83069 1.22093 1.91218
50 -3.3008 1.98092 -0.0178614 -1.61333 0 0
51 0.00576687 1.98489 -0.0178733 -1.61332 0 0
52 0.00575662 2.07248 -0.0285535 -1.61332 0 0
53 -3.46178 2.07651 -0.0257421 -1.61332 0 0
54 -3.15015 2.07651 -0.0257411 -1.61332 0 0
55 -1.68436 2.09113 -0.0263634 -1.61332 0 0
56 -1.61192 2.09074 -0.035562 -1.61332 0 0
57 -1.74901 2.09114 -0.0263634 -1.61332 0 0
58 -1.65881 2.09113 -0.0263638 -1.61333 0 0
time 28
0 1.938 -2.84623 -11.5177 0 0 0
1 6.02794 0 0 -1.30274 0.288184 -1.66833
2 11.7344 0 0 -0.00140302 0 -0.922234
3 8.81138 -0.000450134 -0.00011158 0.760598 0 0.000157899
4 5.77839 0.000286102 0 0.5096 0 0.000109886
5 2.23163 -0.000328064 -0.000364304 0.250997 0 0
6 11.4725 0 0 0.780156 -0.00582402 0.284155
7 0.615219 -0.99309 -0.8107 2.33902 0.155092 -0.714923
8 2.24752 0 0 0.114871 0.0703092 0.166296
9 1.11936 0 0 0.0687035 0.0585168 -0.351506
10 3.71348 -0.10264 0.102191 1.55929 0.352511 0.0754345
11 1.72615 0 0 0.00902878 -0.0270615 -0.433803
12 1.21113 0 0 0.00354504 0.0172763 -0.395057
13 3.59919 -1.06012 0.0708885 1.55869 0.396162 -0.0674143
14 1.66068 0 0 -0.0126178 0.0731065 -0.386254
15 1.167 0 0 -0.0253566 0.0266386 -0.354065
16 2.18853 0.50104 0.0576591 1.57004 -0.0310725 0.225922
17 1.29609 0 0 0.0114265 -0.0454193 -0.435318
18 1.62202 0.000714302 -0.000471115 -0.00178722 -0.0400528 -0.388522
19 1.22241 0 0 0.0161167 -0.0122073 -0.388536
20 1.76707 1.27612 0.0366402 1.57004 -0.00830654 0.261449
21 1.55588 0 0 -0.0212789 0.0246985 -0.416704
22 1.24273 0 0 -0.000580915 0.00014863 -0.429
23 0.784525 0 0 0.0131115 0.00969334 -0.348994
24 -1.93761 -2.84623 -11.5177 -0.000932534 0 3.14159
25 6.02794 0 0 1.12214 -0.0646453 0.541529
26 11.7344 0 0 0.00140267 0 2.5521
27 8.81167 0 0 -0.0277588 0 0
28 5.77884 0 0 -0.0185985 0 0
29 2.23249 0 0 -0.00916051 0 0
30 11.4725 0 0 1.14448 -0.699612 -1.29553
31 0.615813 0.994372 -0.809165 -2.75079 0.325437 0.793311
32 2.24752 0 0 -0.0914701 -0.103439 -0.0239576
33 1.11936 0 0 -0.119206 0.171032 -0.185681
34 3.71349 0.10264 0.102191 -1.58909 0.862034 -0.119426
35 1.72615 0 0 -0.0146904 -0.0156264 0.786665
36 1.21112 0 0 0.000742535 0.0176206 0.639583
37 3.5992 1.06012 0.0708885 -1.63119 0.56599 -0.0670041
38 1.66069 0 0 0.0236725 0.0479982 0.681077
39 1.16699 0 0 0.00219273 -0.00509777 0.836227
40 2.18853 -0.50104 0.0576582 -1.56385 0.0595171 -0.173895
41 1.29609 0 0 -0.0829927 -0.0261581 0.746444
42 1.62202 -0.000713348 -0.000470161 -0.0204122 -0.0253737 0.977118
43 1.22241 0 0 -0.00883892 -0.00173476 0.485149
44 1.76707 -1.27612 0.0366421 -1.56318 0.0589349 -0.145416
45 1.55588 0 0 0.0303736 0.0118421 0.90458
46 1.24273 0 0 0.000598435 0 0.620514
47 0.784531 0 0 -0.0124135 0.0105724 0.417843
48 0 0 0 0 0 0
49 -7.27703 -4.2513 -1.64745 -2.83132 1.2208 1.91161
50 -3.3008 1.98092 -0.0178614 -1.61333 0 0
51 0.00576711 1.98489 -0.0178733 -1.61332 0 0
52 0.00575686 2.07248 -0.0285535 -1.61332 0 0
53 -3.46178 2.07651 -0.0257425 -1.61332 0 0
54 -3.15015 2.07651 -0.0257416 -1.61333 0 0
55 -1.68436 2.09113 -0.0263634 -1.61332 0 0
56 -1.61192 2.09074 -0.0355625 -1.61332 0 0
57 -1.74901 2.09114 -0.0263638 -1.61332 0 0
58 -1.65881 2.09113 -0.0263638 -1.61333 0 0
time 29
0 1.938 -2.84623 -11.5177 0 0 0
1 6.02794 0 0 -1.30308 0.28797 -1.66762
2 11.7344 0 0 -0.0014028 0 -0.922735
3 8.81138 -0.000450134 -0.000112057 0.760644 0 0.000158205
4 5.77839 0.000286102 0 0.509631 0 0.000110089
5 2.23163 -0.000328064 -0.000364304 0.251012 0 0
6 11.4725 0 0 0.78049 -0.00474695 0.285036
7 0.615221 -0.993092 -0.810699 2.33902 0.155092 -0.714923
8 2.24752 0 0 0.114871 0.0703093 0.166296
9 1.11936 0 0 0.0687035 0.0585169 -0.351506
10 3.71348 -0.102641 0.102192 1.55929 0.352511 0.0754344
11 1.72615 0 0 0.00902871 -0.0270614 -0.433803
12 1.21114 0 0 0.00354511 0.0172762 -0.395057
13 3.59919 -1.06012 0.0708885 1.55869 0.396162 -0.0674144
14 1.66068 0 0 -0.0126179 0.0731065 -0.386254
15 1.167 0 0 -0.0253567 0.0266387 -0.354066
16 2.18852 0.501039 0.0576591 1.57004 -0.0310725 0.225922
17 1.29609 0 0 0.0114265 -0.0454194 -0.435318
18 1.62202 0.000713348 -0.000471115 -0.00178709 -0.0400526 -0.388522
19 1.22241 0 0 0.0161167 -0.0122075 -0.388536
20 1.76707 1.27612 0.0366411 1.57004 -0.00830642 0.261449
21 1.55588 0 0 -0.021279 0.0246985 -0.416704
22 1.24273 0 0 -0.000581031 0.000148604 -0.429
23 0.784525 0 0 0.0131114 0.0096934 -0.348994
24 -1.93761 -2.84623 -11.5177 -0.000932534 0 3.14159
25 6.02794 0 0 1.12191 -0.0653176 0.542063
26 11.7344 0 0 0.00140268 0 2.55205
27 8.81167 0 0 -0.0307324 0 0
28 5.77884 0 0 -0.0205906 0 0
29 2.23249 0 0 -0.0101417 0 0
30 11.4725 0 0 1.14445 -0.699768 -1.29645
31 0.615812 0.994372 -0.809165 -2.75079 0.325437 0.793311
32 2.24752 0 0 -0.0914699 -0.103439 -0.0239576
33 1.11936 0 0 -0.119206 0.171032 -0.185681
34 3.71349 0.102639 0.102191 -1.58909 0.862034 -0.119426
35 1.72615 0 0 -0.0146905 -0.0156263 0.786665
36 1.21112 0 0 0.000742599 0.0176205 0.639583
37 3.5992 1.06012 0.0708876 -1.63119 0.565989 -0.0670042
38 1.66069 0 0 0.0236724 0.0479981 0.681077
39 1.16699 0 0 0.0021929 -0.00509778 0.836227
40 2.18853 -0.50104 0.0576591 -1.56385 0.0595169 -0.173895
41 1.29609 0 0 -0.0829927 -0.0261581 0.746444
42 1.62202 -0.000712872 -0.000470161 -0.0204121 -0.0253737 0.977118
43 1.2224 0 0 -0.00883909 -0.00173475 0.485149
44 1.76707 -1.27612 0.0366411 -1.56318 0.0589348 -0.145416
45 1.55588 0 0 0.0303735 0.0118421 0.90458
46 1.24273 0 0 0.000598358 0 0.620514
47 0.784532 0 0 -0.0124133 0.0105723 0.417843
48 0 0 0 0 0 0
49 -7.272 -4.25144 -1.64595 -2.83184 1.2207 1.91115
50 -3.3008 1.98092 -0.0178618 -1.61333 0 0
51 0.00576687 1.98489 -0.0178738 -1.61332 0 0
52 0.00575638 2.07248 -0.028554 -1.61332 0 0
53 -3.46178 2.07651 -0.025743 -1.61332 0 0
54 -3.15015 2.07651 -0.0257416 -1.61333 0 0
55 -1.68436 2.09113 -0.0263638 -1.61332 0 0
56 -1.61192 2.09074 -0.035563 -1.61332 0 0
57 -1.74901 2.09114 -0.0263638 -1.61332 0 0
58 -1.65881 2.09114 -0.0263638 -1.61333 0 0
time 30
0 1.938 -2.84623 -11.5177 0 0 0
1 6.02794 0 0 -1.30336 0.288047 -1.66692
2 11.7344 0 0 -0.00140283 0 -0.923295
3 8.81138 -0.000450134 -0.00011158 0.760684 0 0.000157095
4 5.77839 0.000286102 0 0.509658 0 0.000109336
5 2.23163 -0.000328064 -0.000364304 0.251026 0 0
6 11.4725 0 0 0.780711 -0.00391449 0.28542
7 0.615219 -0.993091 -0.810699 2.33902 0.155091 -0.714923
8 2.24752 0 0 0.114871 0.0703093 0.166296
9 1.11936 0 0 0.0687037 0.0585169 -0.351506
10 3.71348 -0.102641 0.102192 1.55929 0.352511 0.0754343
11 1.72615 0 0 0.00902877 -0.0270614 -0.433803
12 1.21114 0 0 0.00354514 0.0172764 -0.395057
13 3.59919 -1.06012 0.0708885 1.55869 0.396162 -0.0674143
14 1.66069 0 0 -0.0126177 0.0731066 -0.386254
15 1.167 0 0 -0.0253568 0.0266387 -0.354066
16 2.18852 0.50104 0.0576591 1.57004 -0.0310726 0.225922
17 1.29609 0 0 0.0114267 -0.0454193 -0.435318
18 1.62202 0.000714302 -0.000471115 -0.00178711 -0.0400528 -0.388522
19 1.22241 0 0 0.0161168 -0.0122075 -0.388536
20 1.76707 1.27612 0.0366421 1.57004 -0.00830641 0.261449
21 1.55588 0 0 -0.0212789 0.0246986 -0.416705
22 1.24273 0 0 -0.000580973 0.000148617 -0.429
23 0.784525 0 0 0.0131114 0.00969327 -0.348994
24 -1.93761 -2.84623 -11.5177 -0.000932534 0 3.14159
25 6.02794 0 0 1.1216 -0.0658112 0.542593
26 11.7344 0 0 0.00140274 0 2.55206
27 8.81167 0 0 -0.0333109 0 0
28 5.77884 0 0 -0.0223183 0 0
29 2.23249 0 0 -0.0109926 0 0
30 11.4725 0 0 1.14433 -0.700104 -1.29712
31 0.615813 0.994372 -0.809165 -2.75079 0.325437 0.793311
32 2.24752 0 0 -0.09147 -0.103439 -0.0239576
33 1.11936 0 0 -0.119206 0.171032 -0.185681
34 3.71349 0.102639 0.10219 -1.58909 0.862034 -0.119426
35 1.72615 0 0 -0.0146905 -0.0156264 0.786665
36 1.21112 0 0 0.000742685 0.0176205 0.639583
37 3.5992 1.06012 0.0708876 -1.63119 0.565989 -0.0670041
38 1.66069 0 0 0.0236725 0.0479982 0.681077
39 1.16699 0 0 0.00219282 -0.00509781 0.836227
40 2.18853 -0.50104 0.0576591 -1.56385 0.0595169 -0.173895
41 1.29609 0 0 -0.0829928 -0.0261581 0.746444
42 1.62202 -0.000713348 -0.000469685 -0.0204121 -0.0253737 0.977118
43 1.22241 0 0 -0.00883906 -0.00173474 0.485149
44 1.76707 -1.27612 0.0366411 -1.56318 0.0589349 -0.145416
45 1.55588 0 0 0.0303736 0.011842 0.90458
46 1.24273 0 0 0.000598417 0 0.620514
47 0.784531 0 0 -0.0124135 0.0105723 0.417843
48 0 0 0 0 0 0
49 -7.26722 -4.25152 -1.64595 -2.83207 1.2207 1.91098
50 -3.3008 1.98092 -0.0178623 -1.61333 0 0
51 0.00576687 1.98489 -0.0178738 -1.61332 0 0
52 0.00575662 2.07248 -0.028554 -1.61332 0 0
53 -3.46178 2.07651 -0.025743 -1.61332 0 0
54 -3.15015 2.07651 -0.0257421 -1.61332 0 0
55 -1.68436 2.09113 -0.0263634 -1.61332 0 0
56 -1.61192 2.09074 -0.0355635 -1.61332 0 0
57 -1.74901 2.09114 -0.0263648 -1.61332 0 0
58 -1.65881 2.09113 -0.0263638 -1.61333 0 0
time 31
0 1.938 -2.84623 -11.5177 0 0 0
1 6.02794 0 0 -1.30362 0.28822 -1.66621
2 11.7344 0 0 -0.00140296 0 -0.923848
3 8.81138 -0.000450134 -0.00011301 0.761045 0 0.000157936
4 5.77839 0.000286102 0 0.5099 0 0.000109941
5 2.23163 -0.000329971 -0.000364304 0.251145 0 0
6 11.4725 0 0 0.781172 -0.00315279 0.285319
7 0.615221 -0.993091 -0.810699 2.33902 0.155091 -0.714923
8 2.24752 0 0 0.114871 0.0703093 0.166296
9 1.11936 0 0 0.0687035 0.0585169 -0.351506
10 3.71348 -0.10264 0.102191 1.55929 0.352511 0.0754345
11 1.72615 0 0 0.00902868 -0.0270616 -0.433803
12 1.21114 0 0 0.00354511 0.0172762 -0.395057
13 3.59919 -1.06012 0.0708885 1.55869 0.396162 -0.0674144
14 1.66069 0 0 -0.0126176 0.0731067 -0.386254
15 1.167 0 0 -0.0253568 0.0266387 -0.354066
16 2.18853 0.50104 0.0576591 1.57004 -0.0310725 0.225922
17 1.29609 0 0 0.0114266 -0.0454194 -0.435318
18 1.62201 0.000715256 -0.000471115 -0.00178719 -0.0400527 -0.388522
19 1.22241 0 0 0.0161168 -0.0122074 -0.388536
20 1.76707 1.27612 0.0366421 1.57004 -0.00830632 0.261449
21 1.55588 0 0 -0.0212791 0.0246986 -0.416704
22 1.24274 0 0 -0.000580902 0.000148572 -0.429
23 0.784523 0 0 0.0131115 0.00969341 -0.348994
24 -1.93761 -2.84623 -11.5177 -0.000932534 0 3.14159
25 6.02794 0 0 1.12115 -0.0661759 0.543208
26 11.7344 0 0 0.00140273 0 2.55214
27 8.81167 0 0 -0.0359715 0 0
28 5.77884 0 0 -0.0241007 0 0
29 2.23249 0 0 -0.0118707 0 0
30 11.4725 0 0 1.14417 -0.700789 -1.29767
31 0.615813 0.994372 -0.809165 -2.75079 0.325437 0.793311
32 2.24752 0 0 -0.0914701 -0.103439 -0.0239575
33 1.11936 0 0 -0.119206 0.171032 -0.185681
34 3.71349 0.10264 0.102191 -1.58909 0.862034 -0.119426
35 1.72615 0 0 -0.0146904 -0.0156263 0.786665
36 1.21112 0 0 0.000742566 0.0176206 0.639583
37 3.5992 1.06012 0.0708876 -1.63119 0.565989 -0.0670042
38 1.66069 0 0 0.0236724 0.0479981 0.681077
39 1.16699 0 0 0.00219285 -0.00509789 0.836227
40 2.18853 -0.50104 0.0576601 -1.56385 0.0595168 -0.173895
41 1.29609 0 0 -0.0829926 -0.0261583 0.746444
42 1.62202 -0.000713348 -0.000469685 -0.0204122 -0.0253736 0.977118
43 1.2224 0 0 -0.00883892 -0.00173475 0.485149
44 1.76707 -1.27612 0.0366411 -1.56318 0.0589348 -0.145416
45 1.55588 0 0 0.0303736 0.0118421 0.90458
46 1.24273 0 0 0.00059844 0 0.620514
47 0.784532 0 0 -0.0124135 0.0105723 0.417843
48 0 0 0 0 0 0
49 -7.26249 -4.25157 -1.6474 -2.83223 1.22089 1.9109
50 -3.3008 1.98092 -0.0178609 -1.61333 0 0
51 0.00576687 1.98489 -0.0178728 -1.61332 0 0
52 0.00575662 2.07248 -0.028553 -1.61332 0 0
53 -3.46178 2.07651 -0.0257425 -1.61332 0 0
54 -3.15015 2.07651 -0.0257411 -1.61332 0 0
55 -1.68436 2.09113 -0.0263629 -1.61332 0 0
56 -1.61192 2.09074 -0.0355625 -1.61332 0 0
57 -1.74901 2.09114 -0.0263634 -1.61332 0 0
58 -1.65881 2.09113 -0.0263634 -1.61333 0 0
time 32
0 1.938 -2.84623 -11.5177 0 0 0
1 6.02794 0 0 -1.30393 0.288313 -1.66543
2 11.7344 0 0 -0.00140296 0 -0.924365
3 8.81138 -0.000450134 -0.00011158 0.761979 0 0.000157743
4 5.77839 0.000286102 0 0.510526 0 0.000109865
5 2.23163 -0.000328064 -0.00036335 0.251453 0 0
6 11.4725 0 0 0.782186 -0.00225505 0.284934
7 0.615217 -0.993092 -0.8107 2.33902 0.155091 -0.714923
8 2.24752 0 0 0.114871 0.0703092 0.166296
9 1.11936 0 0 0.0687035 0.0585169 -0.351506
10 3.71348 -0.102642 0.102191 1.55929 0.352511 0.0754347
11 1.72614 0 0 0.00902874 -0.0270616 -0.433803
12 1.21114 0 0 0.00354509 0.0172763 -0.395057
13 3.59919 -1.06012 0.0708885 1.55869 0.396162 -0.0674142
14 1.66069 0 0 -0.0126177 0.0731067 -0.386254
15 1.167 0 0 -0.0253568 0.0266387 -0.354066
16 2.18852 0.50104 0.0576591 1.57004 -0.0310725 0.225922
17 1.29609 0 0 0.0114266 -0.0454193 -0.435318
18 1.62202 0.000714779 -0.000470161 -0.00178719 -0.0400527 -0.388522
19 1.22241 0 0 0.0161167 -0.0122076 -0.388536
20 1.76707 1.27612 0.0366411 1.57004 -0.00830639 0.261449
21 1.55588 0 0 -0.0212788 0.0246985 -0.416704
22 1.24273 0 0 -0.000580928 0.000148688 -0.429
23 0.784521 0 0 0.0131113 0.00969325 -0.348994
24 -1.93761 -2.84623 -11.5177 -0.000932534 0 3.14159
25 6.02794 0 0 1.12053 -0.0664926 0.543975
26 11.7344 0 0 0.00140276 0 2.55225
27 8.81167 0 0 -0.0392617 0 0
28 5.77884 0 0 -0.0263054 0 0
29 2.23249 0 0 -0.0129563 0 0
30 11.4725 0 0 1.14406 -0.701876 -1.29833
31 0.615813 0.994372 -0.809165 -2.75079 0.325437 0.793311
32 2.24752 0 0 -0.0914701 -0.103439 -0.0239578
33 1.11936 0 0 -0.119206 0.171032 -0.185681
34 3.71349 0.102639 0.102191 -1.58909 0.862034 -0.119426
35 1.72615 0 0 -0.0146903 -0.0156263 0.786665
36 1.21112 0 0 0.000742589 0.0176206 0.639583
37 3.5992 1.06012 0.0708885 -1.63119 0.565989 -0.0670042
38 1.66069 0 0 0.0236724 0.0479983 0.681077
39 1.16699 0 0 0.00219305 -0.00509781 0.836227
40 2.18853 -0.50104 0.0576591 -1.56385 0.0595168 -0.173895
41 1.29609 0 0 -0.0829927 -0.0261583 0.746444
42 1.62202 -0.000712872 -0.000470161 -0.0204123 -0.0253737 0.977118
43 1.2224 0 0 -0.00883901 -0.00173474 0.485149
44 1.76707 -1.27612 0.0366411 -1.56318 0.0589348 -0.145416
45 1.55588 0 0 0.0303736 0.011842 0.90458
46 1.24273 0 0 0.000598428 0 0.620514
47 0.784532 0 0 -0.0124136 0.0105723 0.417843
48 0 0 0 0 0 0
49 -7.25763 -4.25165 -1.64997 -2.83265 1.2213 1.91065
50 -3.3008 1.98092 -0.0178609 -1.61333 0 0
51 0.00576675 1.98489 -0.0178733 -1.61332 0 0
52 0.00575674 2.07248 -0.028553 -1.61332 0 0
53 -3.46178 2.07651 -0.0257425 -1.61332 0 0
54 -3.15015 2.07651 -0.0257416 -1.61332 0 0
55 -1.68436 2.09113 -0.0263634 -1.61332 0 0
56 -1.61192 2.09074 -0.0355625 -1.61332 0 0
57 -1.74901 2.09114 -0.0263634 -1.61332 0 0
58 -1.65881 2.09113 -0.0263634 -1.61333 0 0
time 33
0 1.938 -2.84623 -11.5177 0 0 0
1 6.02794 0 0 -1.30426 0.288374 -1.66463
2 11.7344 0 0 -0.00140291 0 -0.924858
3 8.81138 -0.000448227 -0.00011158 0.763352 0 0.000157792
4 5.77839 0.00028801 0 0.511446 0 0.000109729
5 2.23163 -0.000328064 -0.000364304 0.251906 0 0
6 11.4725 0 0 0.783617 -0.00127318 0.28432
7 0.615219 -0.993091 -0.8107 2.33902 0.155092 -0.714923
8 2.24752 0 0 0.114871 0.0703093 0.166296
9 1.11936 0 0 0.0687035 0.0585169 -0.351506
10 3.71348 -0.10264 0.102191 1.55929 0.352511 0.0754346
11 1.72615 0 0 0.00902884 -0.0270615 -0.433803
12 1.21113 0 0 0.0035451 0.0172763 -0.395057
13 3.59919 -1.06012 0.0708876 1.55869 0.396162 -0.0674143
14 1.66069 0 0 -0.0126176 0.0731067 -0.386254
15 1.16699 0 0 -0.0253568 0.0266387 -0.354065
16 2.18852 0.50104 0.0576582 1.57004 -0.0310726 0.225922
17 1.29609 0 0 0.0114266 -0.0454194 -0.435318
18 1.62202 0.000713825 -0.000471115 -0.00178714 -0.0400527 -0.388522
19 1.22241 0 0 0.0161168 -0.0122074 -0.388536
20 1.76707 1.27612 0.0366411 1.57004 -0.0083066 0.261449
21 1.55588 0 0 -0.0212789 0.0246984 -0.416704
22 1.24273 0 0 -0.000580986 0.000148675 -0.429
23 0.784523 0 0 0.0131115 0.00969347 -0.348994
24 -1.93761 -2.84623 -11.5177 -0.000932534 0 3.14159
25 6.02794 0 0 1.11978 -0.0667619 0.544847
26 11.7344 0 0 0.00140255 0 2.55239
27 8.81167 0 0 -0.0429909 0 0
28 5.77884 0 0 -0.0288039 0 0
29 2.23249 0 0 -0.0141871 0 0
30 11.4725 0 0 1.14398 -0.703259 -1.29906
31 0.615813 0.994372 -0.809166 -2.75079 0.325437 0.793311
32 2.24752 0 0 -0.09147 -0.103439 -0.0239575
33 1.11936 0 0 -0.119206 0.171032 -0.185681
34 3.71349 0.102639 0.10219 -1.58909 0.862034 -0.119426
35 1.72615 0 0 -0.0146904 -0.0156264 0.786665
36 1.21112 0 0 0.000742715 0.0176206 0.639583
37 3.5992 1.06012 0.0708866 -1.63119 0.56599 -0.0670043
38 1.66069 0 0 0.0236724 0.0479981 0.681077
39 1.16699 0 0 0.00219289 -0.00509784 0.836227
40 2.18853 -0.50104 0.0576582 -1.56385 0.0595169 -0.173895
41 1.29609 0 0 -0.0829927 -0.0261582 0.746444
42 1.62201 -0.000712872 -0.000470161 -0.0204122 -0.0253737 0.977118
43 1.2224 0 0 -0.00883908 -0.00173475 0.485149
44 1.76707 -1.27612 0.0366402 -1.56318 0.0589349 -0.145417
45 1.55588 0 0 0.0303736 0.0118419 0.90458
46 1.24273 0 0 0.000598459 0 0.620514
47 0.784531 0 0 -0.0124133 0.0105723 0.417843
48 0 0 0 0 0 0
49 -7.25278 -4.25175 -1.65341 -2.83327 1.22186 1.91027
50 -3.3008 1.98092 -0.0178614 -1.61333 0 0
51 0.00576687 1.98489 -0.0178733 -1.61332 0 0
52 0.00575662 2.07248 -0.0285535 -1.61332 0 0
53 -3.46178 2.07651 -0.025743 -1.61332 0 0
54 -3.15015 2.07651 -0.0257406 -1.61332 0 0
55 -1.68436 2.09113 -0.0263634 -1.61332 0 0
56 -1.61192 2.09074 -0.035563 -1.61332 0 0
57 -1.74901 2.09114 -0.0263638 -1.61332 0 0
58 -1.65881 2.09113 -0.0263634 -1.61333 0 0
time 34
0 1.938 -2.84623 -11.5177 0 0 0
1 6.02794 0 0 -1.30459 0.288447 -1.66381
2 11.7344 0 0 -0.00140288 0 -0.925339
3 8.81138 -0.000452042 -0.000112057 0.765028 0 0.000156881
4 5.77839 0.000286102 0 0.512569 0 0.000109301
5 2.23163 -0.000328064 -0.000363827 0.252459 0 0
6 11.4725 0 0 0.785328 -0.000258088 0.28353
7 0.615221 -0.99309 -0.8107 2.33902 0.155092 -0.714923
8 2.24752 0 0 0.114871 0.0703093 0.166296
9 1.11936 0 0 0.0687035 0.0585168 -0.351506
10 3.71348 -0.10264 0.102191 1.55929 0.352511 0.0754344
11 1.72615 0 0 0.00902875 -0.0270616 -0.433803
12 1.21113 0 0 0.00354513 0.0172765 -0.395057
13 3.59919 -1.06012 0.0708876 1.55869 0.396162 -0.0674146
14 1.66068 0 0 -0.0126177 0.0731066 -0.386254
15 1.167 0 0 -0.0253568 0.0266386 -0.354066
16 2.18852 0.50104 0.0576591 1.57004 -0.0310724 0.225922
17 1.29609 0 0 0.0114265 -0.0454193 -0.435318
18 1.62202 0.000713825 -0.000471115 -0.00178712 -0.0400527 -0.388522
19 1.2224 0 0 0.0161166 -0.0122075 -0.388536
20 1.76707 1.27612 0.0366411 1.57004 -0.00830638 0.261449
21 1.55587 0 0 -0.0212789 0.0246985 -0.416704
22 1.24273 0 0 -0.000580837 0.00014883 -0.429
23 0.784525 0 0 0.0131114 0.00969339 -0.348994
24 -1.93761 -2.84623 -11.5177 -0.000932534 0 3.14159
25 6.02794 0 0 1.11895 -0.0669856 0.545781
26 11.7344 0 0 0.00140269 0 2.55256
27 8.81167 0 0 -0.0469737 0 0
28 5.77884 0 0 -0.0314723 0 0
29 2.23249 0 0 -0.0155013 0 0
30 11.4725 0 0 1.14393 -0.704834 -1.29983
31 0.615812 0.994371 -0.809165 -2.75079 0.325437 0.793311
32 2.24752 0 0 -0.0914701 -0.103439 -0.0239577
33 1.11936 0 0 -0.119206 0.171032 -0.185681
34 3.71349 0.102639 0.102192 -1.58909 0.862034 -0.119426
35 1.72615 0 0 -0.0146906 -0.0156264 0.786665
36 1.21112 0 0 0.000742734 0.0176205 0.639583
37 3.5992 1.06012 0.0708885 -1.63119 0.565989 -0.0670042
38 1.66069 0 0 0.0236725 0.0479982 0.681077
39 1.16699 0 0 0.0021929 -0.00509781 0.836227
40 2.18853 -0.50104 0.0576601 -1.56385 0.0595169 -0.173895
41 1.29609 0 0 -0.0829927 -0.0261581 0.746444
42 1.62202 -0.000712872 -0.000470161 -0.0204121 -0.0253737 0.977118
43 1.2224 0 0 -0.0088391 -0.00173471 0.485149
44 1.76707 -1.27612 0.0366421 -1.56318 0.0589347 -0.145416
45 1.55588 0 0 0.0303736 0.011842 0.90458
46 1.24273 0 0 0.000598357 0 0.620514
47 0.784532 0 0 -0.0124135 0.0105723 0.417843
48 0 0 0 0 0 0
49 -7.24805 -4.25188 -1.65747 -2.83402 1.22252 1.90979
50 -3.3008 1.98092 -0.0178609 -1.61333 0 0
51 0.00576687 1.98489 -0.0178733 -1.61332 0 0
52 0.0057565 2.07248 -0.028553 -1.61332 0 0
53 -3.46178 2.07651 -0.0257421 -1.61332 0 0
54 -3.15015 2.07651 -0.0257416 -1.61332 0 0
55 -1.68436 2.09113 -0.0263634 -1.61332 0 0
56 -1.61192 2.09074 -0.035562 -1.61332 0 0
57 -1.74901 2.09114 -0.0263638 -1.61332 0 0
58 -1.65881 2.09113 -0.0263634 -1.61333 0 0
time 35
0 1.938 -2.84623 -11.5177 0 0 0
1 6.02794 0 0 -1.3049 0.288578 -1.663
2 11.7344 0 0 -0.00140291 0 -0.925822
3 8.81138 -0.000452042 -0.000112534 0.766871 0 0.000157176
4 5.77839 0.000284195 0 0.513804 0 0.000109541
5 2.23163 -0.000329971 -0.000364304 0.253067 0 0
6 11.4725 0 0 0.787185 0.000737094 0.282619
7 0.615219 -0.993092 -0.810699 2.33902 0.155092 -0.714923
8 2.24752 0 0 0.114871 0.0703092 0.166296
9 1.11936 0 0 0.0687034 0.0585168 -0.351506
10 3.71348 -0.102641 0.102191 1.55929 0.352511 0.0754345
11 1.72614 0 0 0.00902865 -0.0270615 -0.433803
12 1.21114 0 0 0.00354509 0.0172763 -0.395057
13 3.59919 -1.06012 0.0708885 1.55869 0.396162 -0.0674144
14 1.66068 0 0 -0.0126179 0.0731065 -0.386254
15 1.16699 0 0 -0.0253567 0.0266387 -0.354066
16 2.18852 0.50104 0.0576591 1.57004 -0.0310724 0.225922
17 1.29609 0 0 0.0114266 -0.0454192 -0.435318
18 1.62202 0.000713825 -0.000471115 -0.00178713 -0.0400527 -0.388522
19 1.22241 0 0 0.0161167 -0.0122075 -0.388536
20 1.76707 1.27612 0.0366411 1.57004 -0.0083064 0.261449
21 1.55587 0 0 -0.0212788 0.0246986 -0.416705
22 1.24273 0 0 -0.000581044 0.000148663 -0.429
23 0.784523 0 0 0.0131115 0.00969328 -0.348994
24 -1.93761 -2.84623 -11.5177 -0.000932534 0 3.14159
25 6.02794 0 0 1.11808 -0.0671644 0.54673
26 11.7344 0 0 0.00140256 0 2.55275
27 8.81167 0 0 -0.0510172 0 0
28 5.77884 0 0 -0.0341814 0 0
29 2.23249 0 0 -0.0168357 0 0
30 11.4725 0 0 1.14391 -0.706496 -1.30061
31 0.615813 0.994372 -0.809166 -2.75079 0.325437 0.793311
32 2.24752 0 0 -0.0914699 -0.103439 -0.0239577
33 1.11936 0 0 -0.119206 0.171032 -0.185681
34 3.71349 0.102639 0.10219 -1.58909 0.862034 -0.119426
35 1.72615 0 0 -0.0146905 -0.0156264 0.786665
36 1.21112 0 0 0.000742567 0.0176206 0.639583
37 3.5992 1.06012 0.0708876 -1.63119 0.565989 -0.0670043
38 1.66069 0 0 0.0236723 0.0479981 0.681077
39 1.16699 0 0 0.002193 -0.00509786 0.836227
40 2.18853 -0.50104 0.0576582 -1.56385 0.0595169 -0.173895
41 1.29609 0 0 -0.0829926 -0.0261581 0.746444
42 1.62202 -0.000712872 -0.000469685 -0.0204122 -0.0253736 0.977118
43 1.2224 0 0 -0.00883892 -0.00173473 0.485149
44 1.76707 -1.27612 0.0366402 -1.56318 0.0589348 -0.145416
45 1.55588 0 0 0.0303736 0.011842 0.90458
46 1.24273 0 0 0.000598278 0 0.620514
47 0.784532 0 0 -0.0124133 0.0105723 0.417843
48 0 0 0 0 0 0
49 -7.24355 -4.25203 -1.6619 -2.83486 1.22323 1.90925
50 -3.3008 1.98092 -0.0178614 -1.61333 0 0
51 0.00576675 1.98489 -0.0178733 -1.61332 0 0
52 0.0057565 2.07248 -0.0285535 -1.61332 0 0
53 -3.46178 2.07651 -0.0257425 -1.61332 0 0
54 -3.15015 2.07651 -0.0257416 -1.61332 0 0
55 -1.68436 2.09113 -0.0263634 -1.61332 0 0
56 -1.61192 2.09074 -0.035563 -1.61332 0 0
57 -1.74901 2.09114 -0.0263634 -1.61332 0 0
58 -1.65881 2.09113 -0.0263638 -1.61333 0 0
time 36
0 1.938 -2.84623 -11.5177 0 0 0
1 6.02794 0 0 -1.30518 0.288815 -1.66223
2 11.7344 0 0 -0.00140277 0 -0.92632
3 8.81138 -0.000450134 -0.000112057 0.768748 0 0.000157774
4 5.77839 0.000284195 0 0.515061 0 0.000109921
5 2.23163 -0.000329971 -0.000363827 0.253687 0 0
6 11.4725 0 0 0.789052 0.00166057 0.281641
7 0.615221 -0.99309 -0.8107 2.33902 0.155092 -0.714923
8 2.24752 0 0 0.114871 0.0703092 0.166296
9 1.11936 0 0 0.0687035 0.0585169 -0.351506
10 3.71348 -0.10264 0.10219 1.55929 0.352511 0.0754345
11 1.72615 0 0 0.0090288 -0.0270616 -0.433803
12 1.21114 0 0 0.00354527 0.0172764 -0.395057
13 3.59919 -1.06012 0.0708876 1.55869 0.396162 -0.0674144
14 1.66069 0 0 -0.0126178 0.0731066 -0.386254
15 1.167 0 0 -0.0253568 0.0266387 -0.354066
16 2.18852 0.50104 0.0576591 1.57004 -0.0310725 0.225922
17 1.29609 0 0 0.0114267 -0.0454193 -0.435318
18 1.62202 0.000713825 -0.000472069 -0.00178724 -0.0400528 -0.388522
19 1.22241 0 0 0.0161168 -0.0122074 -0.388536
20 1.76707 1.27612 0.0366402 1.57004 -0.00830638 0.261449
21 1.55588 0 0 -0.0212789 0.0246986 -0.416704
22 1.24274 0 0 -0.000580948 0.000148501 -0.429
23 0.784523 0 0 0.0131114 0.00969339 -0.348994
24 -1.93761 -2.84623 -11.5177 -0.000932534 0 3.14159
25 6.02794 0 0 1.11723 -0.0672994 0.547648
26 11.7344 0 0 0.00140261 0 2.55294
27 8.81167 0 0 -0.0549301 0 0
28 5.77884 0 0 -0.0368033 0 0
29 2.23249 0 0 -0.0181271 0 0
30 11.4725 0 0 1.14391 -0.708138 -1.30136
31 0.615813 0.994372 -0.809164 -2.75079 0.325437 0.793311
32 2.24752 0 0 -0.09147 -0.103439 -0.0239576
33 1.11936 0 0 -0.119206 0.171032 -0.185681
34 3.71349 0.102639 0.102192 -1.58909 0.862034 -0.119426
35 1.72615 0 0 -0.0146906 -0.0156264 0.786665
36 1.21112 0 0 0.000742704 0.0176205 0.639583
37 3.5992 1.06012 0.0708895 -1.63119 0.56599 -0.0670041
38 1.66069 0 0 0.0236724 0.0479981 0.681077
39 1.16699 0 0 0.00219297 -0.00509791 0.836227
40 2.18853 -0.50104 0.0576591 -1.56385 0.0595169 -0.173895
41 1.29609 0 0 -0.0829927 -0.0261582 0.746444
42 1.62202 -0.000712872 -0.000470638 -0.0204122 -0.0253738 0.977118
43 1.2224 0 0 -0.00883903 -0.00173476 0.485149
44 1.76707 -1.27612 0.0366421 -1.56318 0.058935 -0.145416
45 1.55588 0 0 0.0303735 0.0118422 0.90458
46 1.24273 0 0 0.000598383 0 0.620514
47 0.78453 0 0 -0.0124133 0.0105723 0.417843
48 0 0 0 0 0 0
49 -7.23942 -4.25221 -1.66645 -2.83572 1.22394 1.9087
50 -3.3008 1.98092 -0.0178614 -1.61333 0 0
51 0.00576699 1.98489 -0.0178738 -1.61332 0 0
52 0.00575662 2.07248 -0.0285535 -1.61332 0 0
53 -3.46178 2.07651 -0.0257425 -1.61332 0 0
54 -3.15015 2.07651 -0.0257416 -1.61333 0 0
55 -1.68436 2.09113 -0.0263634 -1.61332 0 0
56 -1.61192 2.09074 -0.035563 -1.61332 0 0
57 -1.74901 2.09114 -0.0263638 -1.61332 0 0
58 -1.65881 2.09113 -0.0263634 -1.61333 0 0
time 37
0 1.938 -2.84623 -11.5177 0 0 0
1 6.02794 0 0 -1.30539 0.289433 -1.66144
2 11.7344 0 0 -0.0014028 0 -0.926996
3 8.81138 -0.000450134 -0.00011158 0.770534 0 0.000157187
4 5.77839 0.000286102 0 0.516258 0 0.000109467
5 2.23163 -0.000331879 -0.00036335 0.254276 0 0
6 11.4725 0 0 0.790796 0.0024693 0.280559
7 0.615217 -0.993092 -0.8107 2.33902 0.155092 -0.714923
8 2.24752 0 0 0.114871 0.0703094 0.166296
9 1.11936 0 0 0.0687034 0.0585169 -0.351506
10 3.71348 -0.102641 0.10219 1.55929 0.352511 0.0754346
11 1.72615 0 0 0.0090288 -0.0270616 -0.433803
12 1.21114 0 0 0.00354516 0.0172763 -0.395057
13 3.59919 -1.06012 0.0708876 1.55869 0.396162 -0.0674142
14 1.66069 0 0 -0.0126177 0.0731067 -0.386254
15 1.167 0 0 -0.0253567 0.0266387 -0.354066
16 2.18852 0.501038 0.0576582 1.57004 -0.0310726 0.225922
17 1.29609 0 0 0.0114265 -0.0454194 -0.435318
18 1.62202 0.000712872 -0.000471115 -0.00178706 -0.0400527 -0.388522
19 1.22241 0 0 0.0161168 -0.0122074 -0.388536
20 1.76707 1.27612 0.0366411 1.57004 -0.00830642 0.261449
21 1.55588 0 0 -0.021279 0.0246985 -0.416704
22 1.24274 0 0 -0.000580844 0.000148584 -0.429
23 0.784523 0 0 0.0131114 0.00969338 -0.348994
24 -1.93761 -2.84623 -11.5177 -0.000932534 0 3.14159
25 6.02794 0 0 1.11637 -0.0673628 0.548539
26 11.7344 0 0 0.00140269 0 2.5532
27 8.81167 0 0 -0.058768 0 0
28 5.77884 0 0 -0.0393747 0 0
29 2.23249 0 0 -0.0193936 0 0
30 11.4725 0 0 1.14387 -0.709731 -1.30208
31 0.615813 0.994372 -0.809165 -2.75079 0.325437 0.793311
32 2.24752 0 0 -0.0914701 -0.103439 -0.0239576
33 1.11936 0 0 -0.119206 0.171032 -0.185681
34 3.71349 0.102639 0.102191 -1.58909 0.862034 -0.119426
35 1.72615 0 0 -0.0146905 -0.0156264 0.786665
36 1.21112 0 0 0.000742595 0.0176206 0.639583
37 3.5992 1.06012 0.0708876 -1.63119 0.565989 -0.0670041
38 1.66069 0 0 0.0236725 0.0479982 0.681077
39 1.16699 0 0 0.0021929 -0.00509775 0.836227
40 2.18853 -0.50104 0.0576591 -1.56385 0.0595169 -0.173895
41 1.29609 0 0 -0.0829926 -0.0261581 0.746444
42 1.62202 -0.000713825 -0.000469685 -0.0204122 -0.0253736 0.977118
43 1.2224 0 0 -0.00883914 -0.00173466 0.485149
44 1.76707 -1.27612 0.0366411 -1.56318 0.0589348 -0.145417
45 1.55588 0 0 0.0303737 0.011842 0.90458
46 1.24273 0 0 0.000598389 0 0.620514
47 0.784531 0 0 -0.0124135 0.0105723 0.417843
48 0 0 0 0 0 0
49 -7.2354 -4.25241 -1.67163 -2.83655 1.22458 1.90817
50 -3.3008 1.98092 -0.0178614 -1.61333 0 0
51 0.00576675 1.98489 -0.0178728 -1.61332 0 0
52 0.00575662 2.07248 -0.028553 -1.61332 0 0
53 -3.46178 2.07651 -0.0257421 -1.61332 0 0
54 -3.15015 2.07651 -0.0257411 -1.61332 0 0
55 -1.68436 2.09113 -0.0263629 -1.61332 0 0
56 -1.61192 2.09074 -0.0355625 -1.61332 0 0
57 -1.74901 2.09114 -0.0263634 -1.61332 0 0
58 -1.65881 2.09114 -0.0263634 -1.61333 0 0
time 38
0 1.938 -2.84623 -11.5177 0 0 0
1 6.02794 0 0 -1.30551 0.290604 -1.6606
2 11.7344 0 0 -0.00140299 0 -0.927959
3 8.81138 -0.000452042 -0.00011158 0.772098 0 0.000157565
4 5.77839 0.000284195 0 0.517306 0 0.000109725
5 2.23163 -0.000329971 -0.00036335 0.254792 0 0
6 11.4725 0 0 0.792284 0.00314262 0.279387
7 0.615219 -0.993092 -0.810699 2.33902 0.155092 -0.714923
8 2.24752 0 0 0.114871 0.0703093 0.166296
9 1.11936 0 0 0.0687036 0.0585168 -0.351506
10 3.71348 -0.102641 0.102191 1.55929 0.352511 0.0754345
11 1.72615 0 0 0.00902873 -0.0270616 -0.433802
12 1.21114 0 0 0.00354511 0.0172762 -0.395057
13 3.59919 -1.06012 0.0708885 1.55869 0.396162 -0.0674145
14 1.66069 0 0 -0.0126177 0.0731067 -0.386254
15 1.16699 0 0 -0.0253567 0.0266388 -0.354065
16 2.18852 0.501039 0.0576591 1.57004 -0.0310725 0.225922
17 1.29609 0 0 0.0114266 -0.0454195 -0.435318
18 1.62202 0.000714779 -0.000471115 -0.00178715 -0.0400526 -0.388522
19 1.22241 0 0 0.0161168 -0.0122075 -0.388536
20 1.76707 1.27612 0.0366402 1.57004 -0.00830638 0.261449
21 1.55587 0 0 -0.0212789 0.0246985 -0.416704
22 1.24273 0 0 -0.000580902 0.000148572 -0.429
23 0.784521 0 0 0.0131116 0.00969348 -0.348994
24 -1.93761 -2.84623 -11.5177 -0.000932534 0 3.14159
25 6.02794 0 0 1.1155 -0.0673437 0.549404
26 11.7344 0 0 0.00140268 0 2.55356
27 8.81167 0 0 -0.0625748 0 0
28 5.77884 0 0 -0.0419252 0 0
29 2.23249 0 0 -0.0206498 0 0
30 11.4725 0 0 1.14376 -0.71123 -1.30276
31 0.615813 0.994372 -0.809165 -2.75079 0.325437 0.793312
32 2.24752 0 0 -0.09147 -0.103439 -0.0239576
33 1.11936 0 0 -0.119206 0.171032 -0.185681
34 3.71349 0.102639 0.102191 -1.58909 0.862034 -0.119426
35 1.72615 0 0 -0.0146904 -0.0156263 0.786665
36 1.21112 0 0 0.000742632 0.0176206 0.639583
37 3.5992 1.06012 0.0708885 -1.63119 0.565989 -0.0670042
38 1.66069 0 0 0.0236726 0.0479981 0.681077
39 1.16699 0 0 0.00219291 -0.00509778 0.836227
40 2.18853 -0.50104 0.0576601 -1.56385 0.0595169 -0.173895
41 1.29609 0 0 -0.0829928 -0.0261581 0.746444
42 1.62202 -0.000713348 -0.000469685 -0.0204121 -0.0253737 0.977118
43 1.2224 0 0 -0.00883908 -0.0017347 0.485149
44 1.76707 -1.27612 0.0366421 -1.56318 0.0589349 -0.145416
45 1.55588 0 0 0.0303735 0.011842 0.90458
46 1.24273 0 0 0.000598458 0 0.620514
47 0.78453 0 0 -0.0124135 0.0105723 0.417843
48 0 0 0 0 0 0
49 -7.23125 -4.25262 -1.6778 -2.83728 1.22511 1.90771
50 -3.3008 1.98092 -0.0178614 -1.61333 0 0
51 0.00576675 1.98489 -0.0178733 -1.61332 0 0
52 0.0057565 2.07248 -0.028553 -1.61332 0 0
53 -3.46178 2.07651 -0.0257425 -1.61332 0 0
54 -3.15015 2.07651 -0.0257411 -1.61332 0 0
55 -1.68436 2.09113 -0.0263634 -1.61332 0 0
56 -1.61192 2.09074 -0.035563 -1.61332 0 0
57 -1.74901 2.09114 -0.0263638 -1.61332 0 0
58 -1.65881 2.09113 -0.0263634 -1.61333 0 0
time 39
0 1.938 -2.84623 -11.5177 0 0 0
1 6.02794 0 0 -1.30555 0.292218 -1.65974
2 11.7344 0 0 -0.00140285 0 -0.929149
3 8.81138 -0.000452042 -0.000112057 0.773288 0 0.000157151
4 5.77839 0.000286102 0 0.518103 0 0.000109439
5 2.23163 -0.000329971 -0.000364304 0.255185 0 0
6 11.4725 0 0 0.793381 0.00365562 0.27826
7 0.615219 -0.993091 -0.810699 2.33902 0.155092 -0.714923
8 2.24752 0 0 0.114871 0.0703091 0.166296
9 1.11936 0 0 0.0687035 0.0585169 -0.351506
10 3.71348 -0.10264 0.102192 1.55929 0.352511 0.0754346
11 1.72615 0 0 0.00902863 -0.0270614 -0.433802
12 1.21114 0 0 0.00354516 0.0172763 -0.395057
13 3.59919 -1.06012 0.0708885 1.55869 0.396162 -0.0674143
14 1.66068 0 0 -0.0126176 0.0731067 -0.386254
15 1.16699 0 0 -0.0253568 0.0266386 -0.354065
16 2.18853 0.501039 0.0576591 1.57004 -0.0310726 0.225922
17 1.29609 0 0 0.0114266 -0.0454193 -0.435318
18 1.62202 0.000714302 -0.000472069 -0.00178718 -0.0400528 -0.388522
19 1.22241 0 0 0.0161167 -0.0122076 -0.388536
20 1.76707 1.27612 0.0366411 1.57004 -0.00830649 0.261449
21 1.55588 0 0 -0.0212789 0.0246985 -0.416704
22 1.24273 0 0 -0.000580869 0.000148701 -0.429
23 0.784523 0 0 0.0131113 0.0096932 -0.348994
24 -1.93761 -2.84623 -11.5177 -0.000932534 0 3.14159
25 6.02794 0 0 1.11468 -0.0672656 0.550193
26 11.7344 0 0 0.0014027 0 2.554
27 8.81167 0 0 -0.0661221 0 0
28 5.77884 0 0 -0.0443018 0 0
29 2.23249 0 0 -0.0218203 0 0
30 11.4725 0 0 1.14356 -0.712512 -1.30337
31 0.615812 0.994372 -0.809165 -2.75079 0.325437 0.793311
32 2.24752 0 0 -0.0914701 -0.103439 -0.0239576
33 1.11936 0 0 -0.119206 0.171032 -0.185681
34 3.71349 0.102639 0.102191 -1.58909 0.862034 -0.119426
35 1.72615 0 0 -0.0146905 -0.0156263 0.786665
36 1.21112 0 0 0.000742634 0.0176206 0.639583
37 3.5992 1.06012 0.0708876 -1.63119 0.565989 -0.0670042
38 1.66069 0 0 0.0236725 0.0479982 0.681077
39 1.16699 0 0 0.00219287 -0.00509783 0.836227
40 2.18853 -0.50104 0.0576601 -1.56385 0.0595168 -0.173895
41 1.29609 0 0 -0.0829927 -0.0261581 0.746444
42 1.62202 -0.000712872 -0.000470161 -0.0204122 -0.0253737 0.977118
43 1.2224 0 0 -0.00883902 -0.00173475 0.485149
44 1.76707 -1.27612 0.0366411 -1.56318 0.0589349 -0.145416
45 1.55588 0 0 0.0303735 0.011842 0.90458
46 1.24273 0 0 0.000598294 0 0.620514
47 0.78453 0 0 -0.0124133 0.0105723 0.417843
48 0 0 0 0 0 0
49 -7.22709 -4.25285 -1.68441 -2.83785 1.22547 1.90736
50 -3.3008 1.98092 -0.0178604 -1.61333 0 0
51 0.00576699 1.98489 -0.0178733 -1.61332 0 0
52 0.00575662 2.07248 -0.0285535 -1.61332 0 0
53 -3.46178 2.07651 -0.0257421 -1.61332 0 0
54 -3.15015 2.07651 -0.0257411 -1.61332 0 0
55 -1.68436 2.09113 -0.0263629 -1.61332 0 0
56 -1.61192 2.09074 -0.035563 -1.61332 0 0
57 -1.74901 2.09114 -0.0263638 -1.61332 0 0
58 -1.65881 2.09113 -0.0263634 -1.61333 0 0
time 40
0 1.938 -2.84623 -11.5177 0 0 0
1 6.02794 0 0 -1.30551 0.294164 -1.6589
2 11.7344 0 0 -0.00140301 0 -0.9305
3 8.81138 -0.000450134 -0.00011158 0.773956 0 0.000157015
4 5.77839 0.000286102 0 0.51855 0 0.000109468
5 2.23163 -0.000328064 -0.000364304 0.255405 0 0
6 11.4725 0 0 0.793956 0.00398609 0.277308
7 0.615219 -0.993092 -0.8107 2.33902 0.155091 -0.714923
8 2.24752 0 0 0.114871 0.0703093 0.166296
9 1.11936 0 0 0.0687037 0.058517 -0.351506
10 3.71348 -0.102641 0.102191 1.55929 0.352511 0.0754344
11 1.72614 0 0 0.00902873 -0.0270616 -0.433803
12 1.21114 0 0 0.00354516 0.0172763 -0.395057
13 3.59919 -1.06012 0.0708885 1.55869 0.396162 -0.0674144
14 1.66069 0 0 -0.0126177 0.0731068 -0.386254
15 1.167 0 0 -0.0253568 0.0266387 -0.354066
16 2.18852 0.501039 0.0576591 1.57004 -0.0310727 0.225922
17 1.29609 0 0 0.0114265 -0.0454193 -0.435318
18 1.62202 0.000714302 -0.000472069 -0.00178709 -0.0400529 -0.388522
19 1.22241 0 0 0.0161167 -0.0122074 -0.388536
20 1.76707 1.27612 0.0366402 1.57004 -0.00830645 0.261449
21 1.55588 0 0 -0.0212789 0.0246986 -0.416704
22 1.24273 0 0 -0.000580857 0.000148643 -0.429
23 0.784525 0 0 0.0131114 0.00969346 -0.348994
24 -1.93761 -2.84623 -11.5177 -0.000932534 0 3.14159
25 6.02794 0 0 1.11397 -0.067153 0.550855
26 11.7344 0 0 0.00140262 0 2.55448
27 8.81167 0 0 -0.0691872 0 0
28 5.77884 0 0 -0.0463556 0 0
29 2.23249 0 0 -0.022832 0 0
30 11.4725 0 0 1.1433 -0.713455 -1.3039
31 0.615813 0.994372 -0.809165 -2.75079 0.325437 0.793311
32 2.24752 0 0 -0.09147 -0.103439 -0.0239577
33 1.11936 0 0 -0.119206 0.171032 -0.185681
34 3.71349 0.102639 0.102191 -1.58909 0.862034 -0.119426
35 1.72615 0 0 -0.0146905 -0.0156263 0.786665
36 1.21112 0 0 0.000742706 0.0176205 0.639583
37 3.5992 1.06012 0.0708876 -1.63119 0.565989 -0.0670042
38 1.66069 0 0 0.0236726 0.0479982 0.681077
39 1.16699 0 0 0.00219286 -0.00509779 0.836227
40 2.18853 -0.50104 0.0576582 -1.56385 0.0595169 -0.173895
41 1.29609 0 0 -0.0829927 -0.026158 0.746444
42 1.62202 -0.000712872 -0.000470161 -0.0204122 -0.0253737 0.977118
43 1.22241 0 0 -0.00883905 -0.00173473 0.485149
44 1.76707 -1.27612 0.0366421 -1.56318 0.0589347 -0.145416
45 1.55588 0 0 0.0303735 0.011842 0.90458
46 1.24273 0 0 0.00059847 0 0.620514
47 0.784531 0 0 -0.0124134 0.0105723 0.417843
48 0 0 0 0 0 0
49 -7.22304 -4.25309 -1.69096 -2.83821 1.22561 1.90717
50 -3.3008 1.98092 -0.0178614 -1.61333 0 0
51 0.00576687 1.98489 -0.0178733 -1.61332 0 0
52 0.00575674 2.07248 -0.0285535 -1.61332 0 0
53 -3.46178 2.07651 -0.0257425 -1.61332 0 0
54 -3.15015 2.07651 -0.0257416 -1.61333 0 0
55 -1.68436 2.09113 -0.0263629 -1.61332 0 0
56 -1.61192 2.09074 -0.0355635 -1.61332 0 0
57 -1.74901 2.09114 -0.0263638 -1.61332 0 0
58 -1.65881 2.09113 -0.0263643 -1.61333 0 0
time 41
0 1.938 -2.84623 -11.5177 0 0 0
1 6.02794 0 0 -1.3054 0.296334 -1.65812
2 11.7344 0 0 -0.00140291 0 -0.931953
3 8.81138 -0.000450134 -0.00011158 0.77395 0 0.000157639
4 5.77839 0.000286102 0 0.518547 0 0.000110028
5 2.23163 -0.000328064 -0.00036335 0.255404 0 0
6 11.4725 0 0 0.793875 0.00410921 0.276668
7 0.615221 -0.993092 -0.8107 2.33902 0.155091 -0.714923
8 2.24752 0 0 0.114871 0.0703093 0.166296
9 1.11936 0 0 0.0687036 0.0585169 -0.351506
10 3.71348 -0.10264 0.10219 1.55929 0.352511 0.0754345
11 1.72614 0 0 0.00902872 -0.0270615 -0.433803
12 1.21114 0 0 0.00354509 0.0172763 -0.395057
13 3.59919 -1.06012 0.0708876 1.55869 0.396162 -0.0674142
14 1.66069 0 0 -0.0126178 0.0731065 -0.386254
15 1.16699 0 0 -0.0253567 0.0266388 -0.354066
16 2.18852 0.501039 0.0576591 1.57004 -0.0310726 0.225922
17 1.29609 0 0 0.0114265 -0.0454193 -0.435318
18 1.62201 0.000714779 -0.000472069 -0.00178723 -0.0400528 -0.388522
19 1.22241 0 0 0.0161167 -0.0122074 -0.388536
20 1.76707 1.27612 0.0366402 1.57004 -0.00830641 0.261449
21 1.55587 0 0 -0.0212788 0.0246985 -0.416704
22 1.24274 0 0 -0.000581044 0.000148663 -0.429
23 0.784523 0 0 0.0131114 0.00969327 -0.348994
24 -1.93761 -2.84623 -11.5177 -0.000932534 0 3.14159
25 6.02794 0 0 1.11344 -0.0670318 0.55134
26 11.7344 0 0 0.00140267 0 2.55498
27 8.81167 0 0 -0.0715494 0 0
28 5.77884 0 0 -0.0479382 0 0
29 2.23249 0 0 -0.0236112 0 0
30 11.4725 0 0 1.14298 -0.713932 -1.3043
31 0.615813 0.994372 -0.809165 -2.75079 0.325437 0.793311
32 2.24752 0 0 -0.09147 -0.103439 -0.0239577
33 1.11936 0 0 -0.119206 0.171032 -0.185681
34 3.71349 0.102639 0.102191 -1.58909 0.862034 -0.119426
35 1.72615 0 0 -0.0146906 -0.0156263 0.786665
36 1.21112 0 0 0.000742656 0.0176205 0.639583
37 3.5992 1.06012 0.0708885 -1.63119 0.565989 -0.067004
38 1.66069 0 0 0.0236725 0.0479982 0.681077
39 1.16699 0 0 0.0021928 -0.00509783 0.836227
40 2.18853 -0.50104 0.0576591 -1.56385 0.0595168 -0.173895
41 1.29609 0 0 -0.0829926 -0.0261582 0.746444
42 1.62202 -0.000712872 -0.000470161 -0.020412 -0.0253737 0.977118
43 1.22241 0 0 -0.00883905 -0.00173471 0.485149
44 1.76707 -1.27612 0.0366421 -1.56318 0.0589348 -0.145417
45 1.55588 0 0 0.0303736 0.011842 0.90458
46 1.24273 0 0 0.000598467 0 0.620514
47 0.784532 0 0 -0.0124134 0.0105723 0.417843
48 0 0 0 0 0 0
49 -7.21923 -4.25334 -1.69692 -2.83828 1.22547 1.90718
50 -3.3008 1.98092 -0.0178614 -1.61333 0 0
51 0.00576699 1.98489 -0.0178733 -1.61332 0 0
52 0.00575662 2.07248 -0.028553 -1.61332 0 0
53 -3.46178 2.07651 -0.0257416 -1.61332 0 0
54 -3.15015 2.07651 -0.0257411 -1.61332 0 0
55 -1.68436 2.09113 -0.0263629 -1.61332 0 0
56 -1.61192 2.09074 -0.035563 -1.61332 0 0
57 -1.74901 2.09114 -0.0263638 -1.61332 0 0
58 -1.65881 2.09113 -0.0263634 -1.61333 0 0
time 42
0 1.938 -2.84623 -11.5177 0 0 0
1 6.02794 0 0 -1.30522 0.298616 -1.65745
2 11.7344 0 0 -0.00140289 0 -0.933446
3 8.81138 -0.000450134 -0.000113487 0.77312 0 0.000157837
4 5.77839 0.000286102 0 0.51799 0 0.00010986
5 2.23163 -0.000328064 -0.000364304 0.25513 0 0
6 11.4725 0 0 0.793004 0.00400223 0.276474
7 0.615219 -0.99309 -0.8107 2.33902 0.155092 -0.714923
8 2.24752 0 0 0.114871 0.0703092 0.166296
9 1.11936 0 0 0.0687034 0.0585169 -0.351506
10 3.71348 -0.10264 0.102192 1.55929 0.352511 0.0754346
11 1.72615 0 0 0.00902862 -0.0270616 -0.433803
12 1.21114 0 0 0.00354521 0.0172764 -0.395057
13 3.59919 -1.06012 0.0708885 1.55869 0.396162 -0.0674144
14 1.66069 0 0 -0.0126177 0.0731067 -0.386254
15 1.167 0 0 -0.0253567 0.0266387 -0.354065
16 2.18852 0.501039 0.0576591 1.57004 -0.0310725 0.225922
17 1.29609 0 0 0.0114266 -0.0454193 -0.435318
18 1.62202 0.000713825 -0.000471115 -0.0017871 -0.0400529 -0.388522
19 1.22241 0 0 0.0161168 -0.0122075 -0.388536
20 1.76707 1.27612 0.0366411 1.57004 -0.00830648 0.261449
21 1.55588 0 0 -0.0212788 0.0246985 -0.416704
22 1.24274 0 0 -0.000581044 0.000148663 -0.429
23 0.784527 0 0 0.0131116 0.0096933 -0.348994
24 -1.93761 -2.84623 -11.5177 -0.000932534 0 3.14159
25 6.02794 0 0 1.11313 -0.0669246 0.551596
26 11.7344 0 0 0.00140257 0 2.55547
27 8.81167 0 0 -0.0729775 0 0
28 5.77884 0 0 -0.048895 0 0
29 2.23249 0 0 -0.0240827 0 0
30 11.4725 0 0 1.1426 -0.71382 -1.30456
31 0.615813 0.994372 -0.809165 -2.75079 0.325437 0.793311
32 2.24752 0 0 -0.09147 -0.103439 -0.0239577
33 1.11936 0 0 -0.119206 0.171032 -0.185681
34 3.71349 0.102639 0.102191 -1.58909 0.862034 -0.119426
35 1.72615 0 0 -0.0146905 -0.0156264 0.786665
36 1.21112 0 0 0.000742648 0.0176205 0.639583
37 3.5992 1.06012 0.0708885 -1.63119 0.565989 -0.0670041
38 1.66069 0 0 0.0236725 0.0479981 0.681077
39 1.16699 0 0 0.00219298 -0.00509778 0.836227
40 2.18853 -0.50104 0.0576591 -1.56385 0.0595169 -0.173895
41 1.29609 0 0 -0.0829926 -0.0261582 0.746444
42 1.62202 -0.000712395 -0.000470161 -0.0204123 -0.0253736 0.977118
43 1.2224 0 0 -0.00883896 -0.00173477 0.485149
44 1.76707 -1.27612 0.0366411 -1.56318 0.0589349 -0.145417
45 1.55588 0 0 0.0303736 0.0118419 0.90458
46 1.24273 0 0 0.000598316 0 0.620514
47 0.784531 0 0 -0.0124133 0.0105723 0.417843
48 0 0 0 0 0 0
49 -7.21577 -4.2536 -1.70175 -2.83802 1.22499 1.90743
50 -3.3008 1.98092 -0.0178614 -1.61333 0 0
51 0.00576663 1.98489 -0.0178733 -1.61332 0 0
52 0.0057565 2.07248 -0.0285535 -1.61332 0 0
53 -3.46178 2.07651 -0.025743 -1.61332 0 0
54 -3.15015 2.07651 -0.0257416 -1.61332 0 0
55 -1.68436 2.09113 -0.0263634 -1.61332 0 0
56 -1.61192 2.09074 -0.035563 -1.61332 0 0
57 -1.74901 2.09114 -0.0263648 -1.61332 0 0
58 -1.65881 2.09114 -0.0263643 -1.61333 0 0
time 43
0 1.938 -2.84623 -11.5177 0 0 0
1 6.02794 0 0 -1.30498 0.300904 -1.65691
2 11.7344 0 0 -0.00140297 0 -0.934925
3 8.81138 -0.000450134 -0.00011158 0.771315 0 0.000157464
4 5.77839 0.000286102 0 0.516781 0 0.000109739
5 2.23163 -0.000328064 -0.000363827 0.254534 0 0
6 11.4725 0 0 0.791207 0.00364564 0.276866
7 0.615219 -0.993093 -0.8107 2.33902 0.155092 -0.714923
8 2.24752 0 0 0.114872 0.0703092 0.166296
9 1.11936 0 0 0.0687035 0.0585169 -0.351506
10 3.71348 -0.102642 0.10219 1.55929 0.352511 0.0754345
11 1.72615 0 0 0.00902882 -0.0270617 -0.433803
12 1.21114 0 0 0.00354509 0.0172763 -0.395057
13 3.59919 -1.06012 0.0708876 1.55869 0.396162 -0.0674144
14 1.66069 0 0 -0.0126178 0.0731067 -0.386254
15 1.167 0 0 -0.0253567 0.0266387 -0.354065
16 2.18852 0.501038 0.0576582 1.57004 -0.0310726 0.225922
17 1.29609 0 0 0.0114265 -0.0454194 -0.435318
18 1.62202 0.000713825 -0.000471115 -0.00178712 -0.0400527 -0.388522
19 1.22241 0 0 0.0161168 -0.0122075 -0.388536
20 1.76707 1.27612 0.0366402 1.57004 -0.00830654 0.261449
21 1.55588 0 0 -0.021279 0.0246986 -0.416704
22 1.24273 0 0 -0.000580915 0.00014863 -0.429
23 0.784525 0 0 0.0131115 0.00969335 -0.348994
24 -1.93761 -2.84623 -11.5177 -0.000932534 0 3.14159
25 6.02794 0 0 1.11313 -0.0666327 0.551462
26 11.7344 0 0 0.00140272 0 2.55651
27 8.81167 0 0 -0.0742474 0 0
28 5.77884 0 0 -0.0497457 0 0
29 2.23249 0 0 -0.0245016 0 0
30 11.4725 0 0 1.14217 -0.712994 -1.30498
31 0.615813 0.994372 -0.809165 -2.75079 0.325437 0.793311
32 2.24752 0 0 -0.0914701 -0.103439 -0.0239576
33 1.11936 0 0 -0.119206 0.171032 -0.185681
34 3.71349 0.102639 0.102191 -1.58909 0.862034 -0.119426
35 1.72615 0 0 -0.0146906 -0.0156263 0.786665
36 1.21112 0 0 0.000742806 0.0176205 0.639583
37 3.5992 1.06012 0.0708885 -1.63119 0.56599 -0.0670041
38 1.66069 0 0 0.0236724 0.0479982 0.681077
39 1.16699 0 0 0.00219297 -0.00509781 0.836227
40 2.18853 -0.50104 0.0576582 -1.56385 0.0595169 -0.173895
41 1.29609 0 0 -0.0829927 -0.0261583 0.746444
42 1.62201 -0.000713348 -0.000470161 -0.0204122 -0.0253737 0.977118
43 1.2224 0 0 -0.00883908 -0.00173473 0.485149
44 1.76707 -1.27612 0.0366411 -1.56318 0.0589349 -0.145416
45 1.55588 0 0 0.0303735 0.0118419 0.90458
46 1.24273 0 0 0.000598565 0 0.620514
47 0.784532 0 0 -0.0124133 0.0105723 0.417843
48 0 0 0 0 0 0
49 -7.21278 -4.25386 -1.70494 -2.83736 1.22413 1.90796
50 -3.3008 1.98092 -0.0178609 -1.61333 0 0
51 0.00576699 1.98489 -0.0178733 -1.61332 0 0
52 0.00575674 2.07248 -0.0285535 -1.61332 0 0
53 -3.46178 2.07651 -0.0257421 -1.61332 0 0
54 -3.15015 2.07651 -0.0257411 -1.61333 0 0
55 -1.68436 2.09113 -0.0263634 -1.61332 0 0
56 -1.61192 2.09074 -0.0355625 -1.61332 0 0
57 -1.74901 2.09114 -0.0263634 -1.61332 0 0
58 -1.65881 2.09113 -0.0263634 -1.61333 0 0
time 44
0 1.938 -2.84623 -11.5177 0 0 0
1 6.02794 0 0 -1.30468 0.30309 -1.65656
2 11.7344 0 0 -0.00140282 0 -0.936335
3 8.81138 -0.000450134 -0.000112057 0.768382 0 0.000157802
4 5.77839 0.000286102 0 0.514816 0 0.000109981
5 2.23163 -0.000329971 -0.000364304 0.253566 0 0
6 11.4725 0 0 0.788348 0.0030198 0.277981
7 0.615219 -0.993092 -0.8107 2.33902 0.155092 -0.714923
8 2.24752 0 0 0.114871 0.0703094 0.166296
9 1.11936 0 0 0.0687035 0.0585169 -0.351506
10 3.71348 -0.102642 0.102191 1.55929 0.352511 0.0754344
11 1.72615 0 0 0.00902891 -0.0270615 -0.433803
12 1.21114 0 0 0.00354504 0.0172763 -0.395057
13 3.59919 -1.06012 0.0708876 1.55869 0.396162 -0.0674144
14 1.66069 0 0 -0.0126178 0.0731066 -0.386254
15 1.167 0 0 -0.0253568 0.0266386 -0.354066
16 2.18852 0.50104 0.0576582 1.57004 -0.0310725 0.225922
17 1.29609 0 0 0.0114265 -0.0454194 -0.435318
18 1.62201 0.000715256 -0.000471115 -0.00178719 -0.0400527 -0.388522
19 1.22241 0 0 0.0161167 -0.0122074 -0.388536
20 1.76707 1.27612 0.0366411 1.57004 -0.00830651 0.261449
21 1.55588 0 0 -0.0212789 0.0246985 -0.416704
22 1.24274 0 0 -0.000581019 0.000148546 -0.429
23 0.784523 0 0 0.0131115 0.00969346 -0.348994
24 -1.93761 -2.84623 -11.5177 -0.000932534 0 3.14159
25 6.02794 0 0 1.11348 -0.066782 0.551182
26 11.7344 0 0 0.00140261 0 2.55651
27 8.81167 0 0 -0.0724921 0 0
28 5.77884 0 0 -0.0485697 0 0
29 2.23249 0 0 -0.0239225 0 0
30 11.4725 0 0 1.1417 -0.71133 -1.30464
31 0.615813 0.994372 -0.809164 -2.75079 0.325437 0.793311
32 2.24752 0 0 -0.09147 -0.103439 -0.0239576
33 1.11936 0 0 -0.119206 0.171032 -0.185681
34 3.71349 0.102639 0.102192 -1.58909 0.862034 -0.119426
35 1.72615 0 0 -0.0146905 -0.0156264 0.786665
36 1.21112 0 0 0.000742687 0.0176205 0.639583
37 3.5992 1.06012 0.0708885 -1.63119 0.565989 -0.067004
38 1.66069 0 0 0.0236725 0.0479981 0.681077
39 1.16699 0 0 0.00219286 -0.00509776 0.836227
40 2.18853 -0.50104 0.0576591 -1.56385 0.0595168 -0.173895
41 1.29609 0 0 -0.0829928 -0.0261582 0.746444
42 1.62201 -0.000713348 -0.000470161 -0.0204122 -0.0253738 0.977118
43 1.22241 0 0 -0.00883891 -0.00173476 0.485149
44 1.76707 -1.27612 0.0366411 -1.56318 0.0589347 -0.145417
45 1.55588 0 0 0.0303736 0.011842 0.90458
46 1.24273 0 0 0.00059841 0 0.620514
47 0.784531 0 0 -0.0124133 0.0105723 0.417843
48 0 0 0 0 0 0
49 -7.21038 -4.25412 -1.70596 -2.83626 1.22282 1.90881
50 -3.3008 1.98092 -0.0178614 -1.61333 0 0
51 0.00576687 1.98489 -0.0178733 -1.61332 0 0
52 0.00575662 2.07248 -0.028553 -1.61332 0 0
53 -3.46178 2.07651 -0.025743 -1.61332 0 0
54 -3.15015 2.07651 -0.0257416 -1.61333 0 0
55 -1.68436 2.09113 -0.0263634 -1.61332 0 0
56 -1.61192 2.09074 -0.0355635 -1.61332 0 0
57 -1.74901 2.09114 -0.0263638 -1.61332 0 0
58 -1.65881 2.09113 -0.0263634 -1.61333 0 0
time 45
0 1.938 -2.84623 -11.5177 0 0 0
1 6.02794 0 0 -1.30432 0.305068 -1.65644
2 11.7344 0 0 -0.00140287 0 -0.937626
3 8.81138 -0.000452042 -0.000112057 0.764165 0 0.000157971
4 5.77839 0.000286102 0 0.511991 0 0.000109984
5 2.23163 -0.000328064 -0.000363827 0.252175 0 0
6 11.4725 0 0 0.78429 0.00211217 0.279964
7 0.615219 -0.993092 -0.810699 2.33902 0.155092 -0.714923
8 2.24752 0 0 0.114872 0.0703092 0.166296
9 1.11936 0 0 0.0687035 0.0585169 -0.351506
10 3.71348 -0.10264 0.102191 1.55929 0.352511 0.0754344
11 1.72615 0 0 0.00902891 -0.0270615 -0.433803
12 1.21113 0 0 0.00354511 0.0172762 -0.395057
13 3.59919 -1.06012 0.0708876 1.55869 0.396162 -0.0674143
14 1.66069 0 0 -0.0126177 0.0731067 -0.386254
15 1.16699 0 0 -0.0253567 0.0266387 -0.354065
16 2.18852 0.50104 0.0576591 1.57004 -0.0310725 0.225922
17 1.29609 0 0 0.0114265 -0.0454195 -0.435318
18 1.62202 0.000714302 -0.000471115 -0.00178715 -0.0400526 -0.388522
19 1.22241 0 0 0.0161168 -0.0122075 -0.388536
20 1.76707 1.27612 0.0366411 1.57004 -0.00830644 0.261449
21 1.55588 0 0 -0.0212789 0.0246985 -0.416704
22 1.24273 0 0 -0.000581044 0.000148663 -0.429
23 0.784525 0 0 0.0131114 0.00969322 -0.348994
24 -1.93761 -2.84623 -11.5177 -0.000932534 0 3.14159
25 6.02794 0 0 1.11425 -0.0669856 0.550501
26 11.7344 0 0 0.00140278 0 2.55651
27 8.81167 0 0 -0.0693183 0 0
28 5.77884 0 0 -0.0464434 0 0
29 2.23249 0 0 -0.0228751 0 0
30 11.4725 0 0 1.14119 -0.708699 -1.30414
31 0.615813 0.994372 -0.809165 -2.75079 0.325437 0.793311
32 2.24752 0 0 -0.09147 -0.103439 -0.0239576
33 1.11936 0 0 -0.119206 0.171032 -0.185681
34 3.71349 0.102639 0.102191 -1.58909 0.862034 -0.119426
35 1.72615 0 0 -0.0146906 -0.0156263 0.786665
36 1.21112 0 0 0.000742664 0.0176205 0.639583
37 3.5992 1.06012 0.0708885 -1.63119 0.565989 -0.0670041
38 1.66069 0 0 0.0236725 0.0479982 0.681077
39 1.16699 0 0 0.00219287 -0.00509789 0.836227
40 2.18853 -0.50104 0.0576591 -1.56385 0.0595168 -0.173895
41 1.29609 0 0 -0.0829928 -0.0261582 0.746444
42 1.62202 -0.000713825 -0.000469685 -0.0204122 -0.0253738 0.977118
43 1.2224 0 0 -0.00883905 -0.00173478 0.485149
44 1.76707 -1.27612 0.0366411 -1.56318 0.0589347 -0.145416
45 1.55588 0 0 0.0303735 0.011842 0.90458
46 1.24273 0 0 0.000598442 0 0.620514
47 0.784531 0 0 -0.0124134 0.0105723 0.417843
48 0 0 0 0 0 0
49 -7.2087 -4.25438 -1.70428 -2.83465 1.22102 1.91
50 -3.3008 1.98092 -0.0178618 -1.61333 0 0
51 0.00576663 1.98489 -0.0178738 -1.61332 0 0
52 0.00575638 2.07248 -0.0285535 -1.61332 0 0
53 -3.46178 2.07651 -0.0257425 -1.61332 0 0
54 -3.15015 2.07651 -0.0257421 -1.61332 0 0
55 -1.68436 2.09113 -0.0263638 -1.61332 0 0
56 -1.61192 2.09074 -0.0355639 -1.61332 0 0
57 -1.74901 2.09114 -0.0263643 -1.61332 0 0
58 -1.65881 2.09113 -0.0263643 -1.61333 0 0
time 46
0 1.938 -2.84623 -11.5177 0 0 0
1 6.02794 0 0 -1.30394 0.306661 -1.65654
2 11.7344 0 0 -0.00140282 0 -0.938711
3 8.81138 -0.000452042 -0.000112057 0.758881 0 0.00015811
4 5.77839 0.000284195 0 0.50845 0 0.000110066
5 2.23163 -0.000331879 -0.000363827 0.250431 0 0
6 11.4725 0 0 0.779251 0.00101329 0.282767
7 0.615219 -0.993091 -0.810699 2.33902 0.155092 -0.714923
8 2.24752 0 0 0.114871 0.0703092 0.166296
9 1.11936 0 0 0.0687035 0.0585169 -0.351506
10 3.71348 -0.102641 0.102192 1.55929 0.352511 0.0754346
11 1.72615 0 0 0.00902878 -0.0270615 -0.433803
12 1.21114 0 0 0.00354514 0.0172764 -0.395057
13 3.59919 -1.06012 0.0708885 1.55869 0.396162 -0.0674143
14 1.66069 0 0 -0.0126178 0.0731066 -0.386254
15 1.16699 0 0 -0.0253567 0.0266387 -0.354065
16 2.18852 0.501039 0.0576591 1.57004 -0.0310725 0.225922
17 1.29609 0 0 0.0114266 -0.0454194 -0.435318
18 1.62202 0.000714302 -0.000471115 -0.00178719 -0.0400527 -0.388522
19 1.22241 0 0 0.0161168 -0.0122075 -0.388536
20 1.76707 1.27612 0.0366411 1.57004 -0.00830642 0.261449
21 1.55588 0 0 -0.0212789 0.0246985 -0.416704
22 1.24273 0 0 -0.000580986 0.000148675 -0.429
23 0.784523 0 0 0.0131115 0.00969341 -0.348994
24 -1.93761 -2.84623 -11.5177 -0.000932534 0 3.14159
25 6.02794 0 0 1.11546 -0.0672102 0.549383
26 11.7344 0 0 0.00140273 0 2.55651
27 8.81167 0 0 -0.0641856 0 0
28 5.77884 0 0 -0.0430044 0 0
29 2.23249 0 0 -0.0211812 0 0
30 11.4725 0 0 1.14061 -0.705095 -1.30326
31 0.615813 0.994372 -0.809165 -2.75079 0.325437 0.793311
32 2.24752 0 0 -0.0914702 -0.103439 -0.0239577
33 1.11936 0 0 -0.119206 0.171032 -0.185681
34 3.71349 0.102639 0.102191 -1.58909 0.862034 -0.119426
35 1.72615 0 0 -0.0146906 -0.0156263 0.786665
36 1.21112 0 0 0.000742655 0.0176205 0.639583
37 3.5992 1.06012 0.0708876 -1.63119 0.565989 -0.0670043
38 1.66069 0 0 0.0236723 0.0479981 0.681078
39 1.16699 0 0 0.00219307 -0.00509792 0.836227
40 2.18853 -0.50104 0.0576591 -1.56385 0.0595168 -0.173895
41 1.29609 0 0 -0.0829928 -0.0261582 0.746444
42 1.62202 -0.000711918 -0.000469208 -0.0204121 -0.0253737 0.977118
43 1.2224 0 0 -0.00883893 -0.00173476 0.485149
44 1.76707 -1.27612 0.0366411 -1.56318 0.0589348 -0.145416
45 1.55588 0 0 0.0303736 0.0118419 0.90458
46 1.24273 0 0 0.000598378 0 0.620514
47 0.784531 0 0 -0.0124134 0.0105723 0.417843
48 0 0 0 0 0 0
49 -7.20762 -4.25465 -1.69956 -2.83215 1.21874 1.91193
50 -3.3008 1.98092 -0.0178609 -1.61333 0 0
51 0.00576687 1.98489 -0.0178738 -1.61332 0 0
52 0.00575674 2.07248 -0.0285535 -1.61332 0 0
53 -3.46178 2.07651 -0.0257425 -1.61332 0 0
54 -3.15015 2.07651 -0.0257421 -1.61333 0 0
55 -1.68436 2.09113 -0.0263629 -1.61332 0 0
56 -1.61192 2.09074 -0.035563 -1.61332 0 0
57 -1.74901 2.09114 -0.0263638 -1.61332 0 0
58 -1.65881 2.09113 -0.0263638 -1.61333 0 0
time 47
0 1.938 -2.84623 -11.5177 0 0 0
1 6.02794 0 0 -1.30356 0.307892 -1.65684
2 11.7344 0 0 -0.00140277 0 -0.939605
3 8.81138 -0.000450134 -0.000112534 0.752859 0 0.000157571
4 5.77839 0.000286102 0 0.504416 0 0.000109703
5 2.23163 -0.000328064 -0.000364304 0.248443 0 0
6 11.4725 0 0 0.77354 -0.000196233 0.286184
7 0.615219 -0.993091 -0.8107 2.33902 0.155092 -0.714923
8 2.24752 0 0 0.114871 0.0703094 0.166296
9 1.11936 0 0 0.0687036 0.0585169 -0.351506
10 3.71348 -0.102641 0.102191 1.55929 0.352511 0.0754344
11 1.72615 0 0 0.00902875 -0.0270614 -0.433802
12 1.21114 0 0 0.00354518 0.0172762 -0.395057
13 3.59919 -1.06012 0.0708885 1.55869 0.396162 -0.0674144
14 1.66069 0 0 -0.0126178 0.0731066 -0.386254
15 1.167 0 0 -0.0253566 0.0266387 -0.354066
16 2.18852 0.501039 0.0576582 1.57004 -0.0310725 0.225922
17 1.29609 0 0 0.0114265 -0.0454194 -0.435318
18 1.62202 0.000714302 -0.000470161 -0.00178717 -0.0400528 -0.388522
19 1.22241 0 0 0.0161168 -0.0122073 -0.388536
20 1.76707 1.27612 0.0366402 1.57004 -0.00830652 0.261449
21 1.55588 0 0 -0.0212789 0.0246984 -0.416704
22 1.24273 0 0 -0.000580973 0.000148617 -0.429
23 0.784523 0 0 0.0131114 0.0096932 -0.348994
24 -1.93761 -2.84623 -11.5177 -0.000932534 0 3.14159
25 6.02794 0 0 1.11695 -0.0674725 0.548005
26 11.7344 0 0 0.00140262 0 2.55651
27 8.81167 0 0 -0.0582209 0 0
28 5.77884 0 0 -0.0390082 0 0
29 2.23249 0 0 -0.0192129 0 0
30 11.4725 0 0 1.14005 -0.700903 -1.30231
31 0.615812 0.994373 -0.809164 -2.75079 0.325437 0.793311
32 2.24752 0 0 -0.0914699 -0.103439 -0.0239576
33 1.11936 0 0 -0.119206 0.171032 -0.185681
34 3.71349 0.102639 0.102192 -1.58909 0.862034 -0.119426
35 1.72615 0 0 -0.0146906 -0.0156263 0.786665
36 1.21112 0 0 0.000742678 0.0176205 0.639583
37 3.5992 1.06012 0.0708876 -1.63119 0.565989 -0.0670043
38 1.66069 0 0 0.0236723 0.0479982 0.681077
39 1.16699 0 0 0.00219286 -0.00509792 0.836227
40 2.18853 -0.50104 0.0576591 -1.56385 0.0595168 -0.173895
41 1.29609 0 0 -0.0829928 -0.0261582 0.746444
42 1.62202 -0.000712872 -0.000470161 -0.020412 -0.0253738 0.977118
43 1.2224 0 0 -0.00883903 -0.00173472 0.485149
44 1.76707 -1.27612 0.0366411 -1.56318 0.0589348 -0.145417
45 1.55588 0 0 0.0303736 0.011842 0.90458
46 1.24273 0 0 0.000598373 0 0.620514
47 0.784532 0 0 -0.0124135 0.0105724 0.417843
48 0 0 0 0 0 0
49 -7.20713 -4.25494 -1.6928 -2.82942 1.21619 1.914
50 -3.3008 1.98092 -0.0178614 -1.61333 0 0
51 0.00576687 1.98489 -0.0178733 -1.61332 0 0
52 0.00575662 2.07248 -0.0285535 -1.61332 0 0
53 -3.46178 2.07651 -0.0257425 -1.61332 0 0
54 -3.15015 2.07651 -0.0257416 -1.61333 0 0
55 -1.68436 2.09113 -0.0263634 -1.61332 0 0
56 -1.61192 2.09074 -0.035563 -1.61332 0 0
57 -1.74901 2.09114 -0.0263643 -1.61332 0 0
58 -1.65881 2.09113 -0.0263634 -1.61333 0 0
time 48
0 1.938 -2.84623 -11.5177 0 0 0
1 6.02794 0 0 -1.30314 0.308959 -1.65729
2 11.7344 0 0 -0.00140278 0 -0.940409
3 8.81138 -0.000450134 -0.00011158 0.746113 0 0.000158265
4 5.77839 0.000284195 0 0.499896 0 0.000110184
5 2.23163 -0.000328064 -0.000363827 0.246217 0 0
6 11.4725 0 0 0.767153 -0.00153783 0.290119
7 0.615221 -0.99309 -0.810699 2.33902 0.155092 -0.714923
8 2.24752 0 0 0.114871 0.0703093 0.166296
9 1.11936 0 0 0.0687036 0.0585168 -0.351506
10 3.71348 -0.10264 0.102191 1.55929 0.352511 0.0754344
11 1.72615 0 0 0.00902878 -0.0270615 -0.433803
12 1.21114 0 0 0.00354521 0.0172764 -0.395057
13 3.59919 -1.06012 0.070889 1.55869 0.396162 -0.0674146
14 1.66069 0 0 -0.0126177 0.0731068 -0.386254
15 1.167 0 0 -0.0253569 0.0266386 -0.354066
16 2.18853 0.50104 0.0576596 1.57004 -0.0310724 0.225922
17 1.29609 0 0 0.0114265 -0.0454192 -0.435318
18 1.62202 0.000714302 -0.000471115 -0.00178715 -0.0400529 -0.388522
19 1.22241 0 0 0.0161167 -0.0122074 -0.388536
20 1.76707 1.27612 0.0366421 1.57004 -0.00830634 0.261449
21 1.55587 0 0 -0.0212789 0.0246987 -0.416704
22 1.24274 0 0 -0.000580799 0.000148655 -0.429
23 0.784525 0 0 0.0131114 0.00969332 -0.348994
24 -1.93761 -2.84623 -11.5177 -0.000932534 0 3.14159
25 6.02794 0 0 1.11849 -0.0678587 0.546629
26 11.7344 0 0 0.00140268 0 2.55651
27 8.81167 0 0 -0.0537201 0 0
28 5.77884 0 0 -0.0359924 0 0
29 2.23249 0 0 -0.0177276 0 0
30 11.4725 0 0 1.13969 -0.69659 -1.30202
31 0.615812 0.994372 -0.809165 -2.75079 0.325437 0.793311
32 2.24752 0 0 -0.09147 -0.103439 -0.0239576
33 1.11936 0 0 -0.119206 0.171032 -0.185681
34 3.71349 0.102639 0.102192 -1.58909 0.862034 -0.119426
35 1.72615 0 0 -0.0146905 -0.0156264 0.786665
36 1.21112 0 0 0.000742755 0.0176205 0.639583
37 3.5992 1.06012 0.0708885 -1.63119 0.56599 -0.0670043
38 1.66069 0 0 0.0236723 0.0479981 0.681077
39 1.16699 0 0 0.00219296 -0.00509784 0.836227
40 2.18853 -0.50104 0.0576591 -1.56385 0.059517 -0.173895
41 1.29609 0 0 -0.0829926 -0.0261581 0.746444
42 1.62202 -0.000713348 -0.000469685 -0.0204122 -0.0253736 0.977118
43 1.22241 0 0 -0.00883902 -0.00173474 0.485149
44 1.76707 -1.27612 0.0366411 -1.56318 0.058935 -0.145417
45 1.55588 0 0 0.0303735 0.0118419 0.90458
46 1.24273 0 0 0.000598417 0 0.620514
47 0.784531 0 0 -0.0124133 0.0105723 0.417843
48 0 0 0 0 0 0
49 -7.20749 -4.25524 -1.68552 -2.82794 1.21354 1.91484
50 -3.3008 1.98092 -0.0178614 -1.61333 0 0
51 0.00576687 1.98489 -0.0178738 -1.61332 0 0
52 0.0057565 2.07248 -0.0285535 -1.61332 0 0
53 -3.46178 2.07651 -0.0257425 -1.61332 0 0
54 -3.15015 2.07651 -0.0257416 -1.61332 0 0
55 -1.68436 2.09113 -0.0263638 -1.61332 0 0
56 -1.61192 2.09074 -0.035563 -1.61332 0 0
57 -1.74901 2.09114 -0.0263643 -1.61332 0 0
58 -1.65881 2.09113 -0.0263643 -1.61333 0 0
time 49
0 1.938 -2.84623 -11.5177 0 0 0
1 6.02794 0 0 -1.3034 0.306998 -1.65763
2 11.7344 0 0 -0.00140293 0 -0.939548
3 8.81139 -0.000450134 -0.000112057 0.747513 0 0.000157522
4 5.77839 0.000286102 0 0.500834 0 0.000109527
5 2.23164 -0.000328064 -0.000364304 0.246679 0 0
6 11.4725 0 0 0.76907 -0.000324085 0.292298
7 0.615217 -0.993093 -0.8107 2.33902 0.155092 -0.714923
8 2.24752 0 0 0.114871 0.0703093 0.166296
9 1.11936 0 0 0.0687037 0.0585168 -0.351506
10 3.71348 -0.102642 0.102191 1.55929 0.352511 0.0754345
11 1.72615 0 0 0.00902872 -0.0270615 -0.433803
12 1.21114 0 0 0.00354508 0.0172764 -0.395057
13 3.59919 -1.06012 0.0708876 1.55869 0.396162 -0.0674144
14 1.66069 0 0 -0.0126178 0.0731066 -0.386254
15 1.167 0 0 -0.0253567 0.0266386 -0.354066
16 2.18852 0.501038 0.0576587 1.57004 -0.0310726 0.225922
17 1.29609 0 0 0.0114265 -0.0454194 -0.435318
18 1.62202 0.000714302 -0.000471115 -0.00178704 -0.0400525 -0.388522
19 1.22241 0 0 0.0161167 -0.0122076 -0.388536
20 1.76707 1.27612 0.0366411 1.57004 -0.00830644 0.261449
21 1.55588 0 0 -0.0212789 0.0246986 -0.416704
22 1.24273 0 0 -0.000581044 0.000148663 -0.429
23 0.784525 0 0 0.0131114 0.00969333 -0.348994
24 -1.93761 -2.84623 -11.5177 -0.000932534 0 3.14159
25 6.02794 0 0 1.11916 -0.0678634 0.545959
26 11.7344 0 0 0.00140268 0 2.55651
27 8.81167 0 0 -0.0505143 0 0
28 5.77884 0 0 -0.0338446 0 0
29 2.23249 0 0 -0.0166697 0 0
30 11.4725 0 0 1.13978 -0.695249 -1.30145
31 0.615812 0.994371 -0.809165 -2.75079 0.325437 0.793311
32 2.24752 0 0 -0.09147 -0.103439 -0.0239577
33 1.11936 0 0 -0.119206 0.171032 -0.185681
34 3.71348 0.102639 0.102192 -1.58909 0.862034 -0.119426
35 1.72615 0 0 -0.0146904 -0.0156263 0.786665
36 1.21112 0 0 0.000742617 0.0176206 0.639583
37 3.5992 1.06012 0.0708885 -1.63119 0.565989 -0.0670042
38 1.66069 0 0 0.0236724 0.0479982 0.681077
39 1.16699 0 0 0.00219304 -0.00509781 0.836226
40 2.18853 -0.50104 0.0576582 -1.56385 0.0595169 -0.173895
41 1.29609 0 0 -0.0829927 -0.0261582 0.746444
42 1.62202 -0.000713348 -0.000470161 -0.0204122 -0.0253738 0.977118
43 1.2224 0 0 -0.00883892 -0.00173475 0.485149
44 1.76707 -1.27612 0.0366411 -1.56318 0.0589347 -0.145417
45 1.55588 0 0 0.0303735 0.011842 0.90458
46 1.24273 0 0 0.000598339 0 0.620514
47 0.784531 0 0 -0.0124134 0.0105723 0.417843
48 0 0 0 0 0 0
49 -7.20907 -4.25548 -1.67957 -2.82658 1.213 1.91612
50 -3.3008 1.98092 -0.0178618 -1.61333 0 0
51 0.00576687 1.98489 -0.0178733 -1.61332 0 0
52 0.0057565 2.07248 -0.0285535 -1.61332 0 0
53 -3.46178 2.07651 -0.025743 -1.61332 0 0
54 -3.15015 2.07651 -0.0257421 -1.61332 0 0
55 -1.68436 2.09113 -0.0263643 -1.61332 0 0
56 -1.61192 2.09074 -0.035563 -1.61332 0 0
57 -1.74901 2.09114 -0.0263643 -1.61332 0 0
58 -1.65881 2.09113 -0.0263638 -1.61333 0 0
time 50
0 1.938 -2.84623 -11.5177 0 0 0
1 6.02794 0 0 -1.30365 0.304898 -1.65809
2 11.7344 0 0 -0.00140282 0 -0.938493
3 8.81138 -0.000450134 -0.00011158 0.748861 0 0.000157481
4 5.77839 0.000286102 0 0.501737 0 0.000109491
5 2.23163 -0.000329971 -0.000363827 0.247124 0 0
6 11.4725 0 0 0.770846 0.000658497 0.2941
7 0.615221 -0.993091 -0.810699 2.33902 0.155091 -0.714923
8 2.24752 0 0 0.114871 0.0703093 0.166296
9 1.11936 0 0 0.0687035 0.058517 -0.351506
10 3.71348 -0.102641 0.102191 1.55929 0.352511 0.0754346
11 1.72615 0 0 0.00902878 -0.0270615 -0.433803
12 1.21114 0 0 0.00354508 0.0172764 -0.395057
13 3.59919 -1.06012 0.0708885 1.55869 0.396162 -0.0674143
14 1.66068 0 0 -0.0126177 0.0731067 -0.386254
15 1.167 0 0 -0.0253567 0.0266388 -0.354065
16 2.18853 0.501039 0.0576591 1.57004 -0.0310725 0.225922
17 1.29609 0 0 0.0114266 -0.0454193 -0.435318
18 1.62202 0.000714302 -0.000471115 -0.00178715 -0.0400526 -0.388522
19 1.22241 0 0 0.0161167 -0.0122077 -0.388536
20 1.76707 1.27612 0.0366421 1.57004 -0.00830645 0.261449
21 1.55588 0 0 -0.0212787 0.0246986 -0.416704
22 1.24273 0 0 -0.000581044 0.000148663 -0.429
23 0.784523 0 0 0.0131114 0.00969332 -0.348994
24 -1.93761 -2.84623 -11.5177 -0.000932534 0 3.14159
25 6.02794 0 0 1.11962 -0.0679159 0.545529
26 11.7344 0 0 0.0014026 0 2.55651
27 8.81167 0 0 -0.0496479 0 0
28 5.77884 0 0 -0.0332641 0 0
29 2.23249 0 0 -0.0163838 0 0
30 11.4725 0 0 1.14012 -0.694552 -1.30162
31 0.615813 0.994372 -0.809165 -2.75079 0.325437 0.793311
32 2.24752 0 0 -0.0914701 -0.103439 -0.0239576
33 1.11936 0 0 -0.119206 0.171032 -0.185681
34 3.71349 0.102639 0.102191 -1.58909 0.862034 -0.119426
35 1.72615 0 0 -0.0146905 -0.0156264 0.786665
36 1.21112 0 0 0.000742763 0.0176205 0.639583
37 3.5992 1.06012 0.0708885 -1.63119 0.565989 -0.0670042
38 1.66069 0 0 0.0236725 0.0479982 0.681077
39 1.16699 0 0 0.00219283 -0.00509785 0.836227
40 2.18853 -0.50104 0.0576591 -1.56385 0.0595168 -0.173895
41 1.29609 0 0 -0.0829927 -0.0261582 0.746444
42 1.62202 -0.000712395 -0.000470638 -0.0204122 -0.0253738 0.977118
43 1.2224 0 0 -0.00883894 -0.00173476 0.485149
44 1.76707 -1.27612 0.0366421 -1.56318 0.0589349 -0.145416
45 1.55588 0 0 0.0303737 0.011842 0.90458
46 1.24273 0 0 0.00059832 0 0.620514
47 0.784531 0 0 -0.0124133 0.0105723 0.417843
48 0 0 0 0 0 0
49 -7.21157 -4.25563 -1.67463 -2.82679 1.21282 1.91591
50 -3.3008 1.98092 -0.0178614 -1.61333 0 0
51 0.00576687 1.98489 -0.0178733 -1.61332 0 0
52 0.0057565 2.07248 -0.0285535 -1.61332 0 0
53 -3.46178 2.07651 -0.0257425 -1.61332 0 0
54 -3.15015 2.07651 -0.0257411 -1.61332 0 0
55 -1.68436 2.09113 -0.0263634 -1.61332 0 0
56 -1.61192 2.09074 -0.035563 -1.61332 0 0
57 -1.74901 2.09114 -0.0263638 -1.61332 0 0
58 -1.65881 2.09113 -0.0263638 -1.61333 0 0
time 51
0 1.938 -2.84623 -11.5177 0 0 0
1 6.02794 0 0 -1.30385 0.302853 -1.65862
2 11.7344 0 0 -0.00140276 0 -0.937341
3 8.81138 -0.000450134 -0.000112057 0.750178 0 0.000157688
4 5.77839 0.000286102 0 0.502619 0 0.000109617
5 2.23164 -0.000328064 -0.000364304 0.247559 0 0
6 11.4725 0 0 0.772479 0.00137843 0.295425
7 0.615219 -0.99309 -0.810699 2.33902 0.155092 -0.714923
8 2.24752 0 0 0.114871 0.0703093 0.166296
9 1.11936 0 0 0.0687034 0.0585169 -0.351506
10 3.71348 -0.10264 0.102191 1.55929 0.352511 0.0754345
11 1.72615 0 0 0.00902872 -0.0270615 -0.433803
12 1.21114 0 0 0.00354509 0.0172763 -0.395057
13 3.59919 -1.06012 0.0708885 1.55869 0.396162 -0.0674145
14 1.66068 0 0 -0.0126177 0.0731066 -0.386254
15 1.167 0 0 -0.0253568 0.0266387 -0.354065
16 2.18853 0.50104 0.0576591 1.57004 -0.0310725 0.225922
17 1.29609 0 0 0.0114266 -0.0454193 -0.435318
18 1.62201 0.000712872 -0.000471115 -0.00178724 -0.0400528 -0.388522
19 1.22241 0 0 0.0161167 -0.0122076 -0.388536
20 1.76707 1.27612 0.0366406 1.57004 -0.00830645 0.261449
21 1.55588 0 0 -0.0212789 0.0246986 -0.416704
22 1.24273 0 0 -0.000580986 0.000148675 -0.429
23 0.784523 0 0 0.0131114 0.0096934 -0.348994
24 -1.93761 -2.84623 -11.5177 -0.000932534 0 3.14159
25 6.02794 0 0 1.11989 -0.0679698 0.545286
26 11.7344 0 0 0.00140276 0 2.55651
27 8.81167 0 0 -0.0504486 0 0
28 5.77884 0 0 -0.0338005 0 0
29 2.23249 0 0 -0.016648 0 0
30 11.4725 0 0 1.14063 -0.694395 -1.30229
31 0.615812 0.994372 -0.809166 -2.75079 0.325437 0.793311
32 2.24752 0 0 -0.09147 -0.103439 -0.0239575
33 1.11936 0 0 -0.119206 0.171032 -0.185681
34 3.71348 0.102639 0.10219 -1.58909 0.862034 -0.119426
35 1.72615 0 0 -0.0146906 -0.0156264 0.786665
36 1.21112 0 0 0.000742781 0.0176205 0.639583
37 3.5992 1.06012 0.0708876 -1.63119 0.565989 -0.0670043
38 1.66069 0 0 0.0236725 0.0479981 0.681077
39 1.16699 0 0 0.00219296 -0.00509784 0.836227
40 2.18853 -0.50104 0.0576582 -1.56385 0.0595167 -0.173895
41 1.29609 0 0 -0.0829927 -0.0261581 0.746444
42 1.62201 -0.000712872 -0.000469685 -0.0204122 -0.0253737 0.977118
43 1.2224 0 0 -0.00883908 -0.00173471 0.485149
44 1.76707 -1.27612 0.0366402 -1.56318 0.0589347 -0.145416
45 1.55588 0 0 0.0303735 0.0118421 0.90458
46 1.24273 0 0 0.000598459 0 0.620514
47 0.784531 0 0 -0.0124133 0.0105723 0.417843
48 0 0 0 0 0 0
49 -7.21485 -4.25568 -1.6708 -2.82814 1.21295 1.91465
50 -3.3008 1.98092 -0.0178609 -1.61333 0 0
51 0.00576699 1.98489 -0.0178738 -1.61332 0 0
52 0.00575674 2.07248 -0.028554 -1.61332 0 0
53 -3.46178 2.07651 -0.0257425 -1.61332 0 0
54 -3.15015 2.07651 -0.0257411 -1.61332 0 0
55 -1.68436 2.09113 -0.0263629 -1.61332 0 0
56 -1.61192 2.09074 -0.035563 -1.61332 0 0
57 -1.74901 2.09114 -0.0263638 -1.61332 0 0
58 -1.65881 2.09113 -0.0263638 -1.61333 0 0
time 52
0 1.938 -2.84623 -11.5177 0 0 0
1 6.02794 0 0 -1.30397 0.30106 -1.6592
2 11.7344 0 0 -0.00140284 0 -0.936191
3 8.81138 -0.000450134 -0.00011158 0.751482 0 0.000157793
4 5.77839 0.000286102 0 0.503493 0 0.000109927
5 2.23163 -0.000328064 -0.000364304 0.247989 0 0
6 11.4725 0 0 0.773966 0.00180581 0.296175
7 0.615219 -0.993092 -0.810699 2.33902 0.155092 -0.714923
8 2.24752 0 0 0.114871 0.0703093 0.166296
9 1.11936 0 0 0.0687035 0.058517 -0.351506
10 3.71348 -0.10264 0.10219 1.55929 0.352511 0.0754345
11 1.72615 0 0 0.00902893 -0.0270613 -0.433803
12 1.21113 0 0 0.00354507 0.0172762 -0.395057
13 3.59919 -1.06012 0.0708876 1.55869 0.396162 -0.0674144
14 1.66069 0 0 -0.0126176 0.0731068 -0.386254
15 1.167 0 0 -0.0253567 0.0266386 -0.354065
16 2.18852 0.50104 0.0576591 1.57004 -0.0310725 0.225922
17 1.29609 0 0 0.0114266 -0.0454194 -0.435318
18 1.62202 0.000714302 -0.000471115 -0.00178714 -0.0400526 -0.388522
19 1.22241 0 0 0.0161167 -0.0122076 -0.388536
20 1.76707 1.27612 0.0366406 1.57004 -0.00830637 0.261449
21 1.55588 0 0 -0.0212787 0.0246987 -0.416704
22 1.24273 0 0 -0.000581019 0.000148546 -0.429
23 0.784523 0 0 0.0131115 0.00969347 -0.348994
24 -1.93761 -2.84623 -11.5177 -0.000932534 0 3.14159
25 6.02794 0 0 1.11999 -0.0682974 0.545329
26 11.7344 0 0 0.00140265 0 2.55568
27 8.81167 0 0 -0.050865 0 0
28 5.77884 0 0 -0.0340794 0 0
29 2.23249 0 0 -0.0167854 0 0
30 11.4725 0 0 1.14123 -0.69468 -1.30273
31 0.615812 0.994371 -0.809165 -2.75079 0.325437 0.793311
32 2.24752 0 0 -0.09147 -0.103439 -0.0239576
33 1.11936 0 0 -0.119206 0.171032 -0.185681
34 3.71349 0.102639 0.102192 -1.58909 0.862034 -0.119426
35 1.72615 0 0 -0.0146905 -0.0156264 0.786665
36 1.21112 0 0 0.000742727 0.0176205 0.639583
37 3.5992 1.06012 0.0708876 -1.63119 0.565989 -0.0670042
38 1.66069 0 0 0.0236726 0.0479982 0.681077
39 1.16699 0 0 0.00219282 -0.00509781 0.836227
40 2.18853 -0.50104 0.0576582 -1.56385 0.059517 -0.173895
41 1.29609 0 0 -0.0829927 -0.0261581 0.746444
42 1.62201 -0.000712872 -0.000469685 -0.0204122 -0.0253737 0.977118
43 1.2224 0 0 -0.0088389 -0.00173473 0.485149
44 1.76707 -1.27612 0.0366411 -1.56318 0.0589348 -0.145416
45 1.55588 0 0 0.0303734 0.0118418 0.90458
46 1.24273 0 0 0.000598652 0 0.620514
47 0.784531 0 0 -0.0124134 0.0105724 0.417843
48 0 0 0 0 0 0
49 -7.21875 -4.25562 -1.66819 -2.83018 1.21334 1.91274
50 -3.3008 1.98092 -0.0178614 -1.61333 0 0
51 0.00576711 1.98489 -0.0178738 -1.61332 0 0
52 0.00575674 2.07248 -0.0285535 -1.61332 0 0
53 -3.46178 2.07651 -0.0257421 -1.61332 0 0
54 -3.15015 2.07651 -0.0257416 -1.61333 0 0
55 -1.68436 2.09113 -0.0263638 -1.61332 0 0
56 -1.61192 2.09074 -0.035563 -1.61332 0 0
57 -1.74901 2.09114 -0.0263638 -1.61332 0 0
58 -1.65881 2.09113 -0.0263638 -1.61333 0 0
time 53
0 1.938 -2.84623 -11.5177 0 0 0
1 6.02794 0 0 -1.30398 0.299396 -1.65998
2 11.7344 0 0 -0.00140292 0 -0.934909
3 8.81138 -0.000448227 -0.000112534 0.752786 0 0.000156867
4 5.77839 0.000286102 0 0.504366 0 0.000109184
5 2.23163 -0.000328064 -0.00036478 0.248419 0 0
6 11.4725 0 0 0.775305 0.00182622 0.296369
7 0.615219 -0.993091 -0.8107 2.33902 0.155092 -0.714923
8 2.24752 0 0 0.114871 0.0703093 0.166296
9 1.11936 0 0 0.0687036 0.0585169 -0.351506
10 3.71348 -0.10264 0.10219 1.55929 0.352511 0.0754344
11 1.72615 0 0 0.00902866 -0.0270615 -0.433803
12 1.21114 0 0 0.00354521 0.0172764 -0.395057
13 3.59919 -1.06012 0.0708876 1.55869 0.396162 -0.0674144
14 1.66069 0 0 -0.0126177 0.0731067 -0.386254
15 1.16699 0 0 -0.0253566 0.0266387 -0.354066
16 2.18853 0.501041 0.0576582 1.57004 -0.0310725 0.225922
17 1.29609 0 0 0.0114265 -0.0454193 -0.435318
18 1.62202 0.000714302 -0.000471115 -0.00178721 -0.0400529 -0.388522
19 1.22241 0 0 0.0161169 -0.0122073 -0.388536
20 1.76707 1.27612 0.0366411 1.57004 -0.00830642 0.261449
21 1.55587 0 0 -0.0212789 0.0246986 -0.416704
22 1.24274 0 0 -0.000581019 0.000148546 -0.429
23 0.784525 0 0 0.0131115 0.00969328 -0.348994
24 -1.93761 -2.84623 -11.5177 -0.000932534 0 3.14159
25 6.02794 0 0 1.12009 -0.068253 0.545205
26 11.7344 0 0 0.00140257 0 2.55548
27 8.81167 0 0 -0.0522429 0 0
28 5.77884 0 0 -0.0350027 0 0
29 2.23249 0 0 -0.0172402 0 0
30 11.4725 0 0 1.1419 -0.695177 -1.30348
31 0.615813 0.994372 -0.809165 -2.75079 0.325437 0.793311
32 2.24752 0 0 -0.0914699 -0.103439 -0.0239576
33 1.11936 0 0 -0.119206 0.171032 -0.185681
34 3.71349 0.102639 0.10219 -1.58909 0.862034 -0.119426
35 1.72615 0 0 -0.0146905 -0.0156264 0.786665
36 1.21112 0 0 0.000742849 0.0176204 0.639583
37 3.5992 1.06012 0.0708885 -1.63119 0.565989 -0.0670043
38 1.66069 0 0 0.0236725 0.0479982 0.681077
39 1.16699 0 0 0.00219288 -0.0050978 0.836227
40 2.18853 -0.50104 0.0576591 -1.56385 0.0595168 -0.173895
41 1.29609 0 0 -0.0829927 -0.026158 0.746444
42 1.62202 -0.000712872 -0.000470161 -0.0204122 -0.0253736 0.977118
43 1.2224 0 0 -0.00883901 -0.00173471 0.485149
44 1.76707 -1.27612 0.0366411 -1.56318 0.0589347 -0.145416
45 1.55588 0 0 0.0303735 0.0118421 0.90458
46 1.24273 0 0 0.000598526 0 0.620514
47 0.784531 0 0 -0.0124136 0.0105724 0.417843
48 0 0 0 0 0 0
49 -7.22403 -4.25545 -1.66587 -2.83246 1.21392 1.9106
50 -3.3008 1.98092 -0.0178614 -1.61333 0 0
51 0.00576699 1.98489 -0.0178728 -1.61332 0 0
52 0.0057565 2.07248 -0.028553 -1.61332 0 0
53 -3.46178 2.07651 -0.0257425 -1.61332 0 0
54 -3.15015 2.07651 -0.0257416 -1.61333 0 0
55 -1.68436 2.09113 -0.0263629 -1.61332 0 0
56 -1.61192 2.09074 -0.0355625 -1.61332 0 0
57 -1.74901 2.09114 -0.0263634 -1.61332 0 0
58 -1.65881 2.09113 -0.0263634 -1.61333 0 0
time 54
0 1.938 -2.84623 -11.5177 0 0 0
1 6.02794 0 0 -1.3039 0.297637 -1.66102
2 11.7344 0 0 -0.00140289 0 -0.933351
3 8.81138 -0.000448227 -0.000112057 0.754079 0 0.000157887
4 5.77839 0.00028801 0 0.505233 0 0.000110002
5 2.23163 -0.000326157 -0.000363827 0.248846 0 0
6 11.4725 0 0 0.776495 0.00141839 0.296097
7 0.615217 -0.99309 -0.8107 2.33902 0.155092 -0.714923
8 2.24752 0 0 0.114871 0.0703093 0.166296
9 1.11936 0 0 0.0687034 0.058517 -0.351506
10 3.71348 -0.102639 0.102191 1.55929 0.352511 0.0754345
11 1.72615 0 0 0.00902875 -0.0270616 -0.433803
12 1.21113 0 0 0.0035451 0.0172763 -0.395057
13 3.59919 -1.06012 0.070888 1.55869 0.396162 -0.0674143
14 1.66069 0 0 -0.0126178 0.0731066 -0.386254
15 1.16699 0 0 -0.0253568 0.0266386 -0.354065
16 2.18852 0.50104 0.0576591 1.57004 -0.0310725 0.225922
17 1.29609 0 0 0.0114266 -0.0454193 -0.435318
18 1.62202 0.000714302 -0.000471115 -0.00178723 -0.0400528 -0.388522
19 1.22241 0 0 0.0161167 -0.0122075 -0.388536
20 1.76707 1.27612 0.0366411 1.57004 -0.00830642 0.261449
21 1.55588 0 0 -0.021279 0.0246985 -0.416704
22 1.24274 0 0 -0.000580844 0.000148584 -0.429
23 0.784525 0 0 0.0131115 0.00969334 -0.348994
24 -1.93761 -2.84623 -11.5177 -0.000932534 0 3.14159
25 6.02794 0 0 1.1203 -0.0680757 0.544915
26 11.7344 0 0 0.00140287 0 2.55517
27 8.81167 0 0 -0.0525074 0 0
28 5.77884 0 0 -0.03518 0 0
29 2.23249 0 0 -0.0173275 0 0
30 11.4725 0 0 1.14264 -0.695687 -1.30389
31 0.615813 0.994372 -0.809165 -2.75079 0.325437 0.793311
32 2.24752 0 0 -0.0914701 -0.103439 -0.0239576
33 1.11936 0 0 -0.119206 0.171032 -0.185681
34 3.71349 0.102639 0.102191 -1.58909 0.862034 -0.119426
35 1.72615 0 0 -0.0146905 -0.0156263 0.786665
36 1.21112 0 0 0.000742651 0.0176206 0.639583
37 3.5992 1.06012 0.0708876 -1.63119 0.56599 -0.0670042
38 1.66069 0 0 0.0236725 0.0479983 0.681077
39 1.16699 0 0 0.00219289 -0.00509781 0.836227
40 2.18853 -0.50104 0.0576601 -1.56385 0.059517 -0.173895
41 1.29609 0 0 -0.0829927 -0.0261581 0.746444
42 1.62202 -0.000713348 -0.000470638 -0.0204121 -0.0253737 0.977118
43 1.2224 0 0 -0.00883908 -0.00173475 0.485149
44 1.76707 -1.27612 0.0366402 -1.56318 0.0589348 -0.145416
45 1.55588 0 0 0.0303736 0.011842 0.90458
46 1.24273 0 0 0.000598529 0 0.620514
47 0.784531 0 0 -0.0124135 0.0105723 0.417843
48 0 0 0 0 0 0
49 -7.23102 -4.25517 -1.66289 -2.83455 1.21464 1.90865
50 -3.3008 1.98092 -0.0178614 -1.61333 0 0
51 0.00576693 1.98489 -0.0178733 -1.61332 0 0
52 0.00575644 2.07248 -0.0285535 -1.61332 0 0
53 -3.46178 2.07651 -0.0257425 -1.61332 0 0
54 -3.15015 2.07651 -0.0257416 -1.61332 0 0
55 -1.68436 2.09113 -0.0263629 -1.61332 0 0
56 -1.61192 2.09074 -0.035563 -1.61332 0 0
57 -1.74901 2.09114 -0.0263638 -1.61332 0 0
58 -1.65881 2.09113 -0.0263638 -1.61333 0 0
time 55
0 1.938 -2.84623 -11.5177 0 0 0
1 6.02794 0 0 -1.30376 0.295836 -1.66223
2 11.7344 0 0 -0.00140286 0 -0.931605
3 8.81138 -0.000450134 -0.00011158 0.755344 0 0.000158126
4 5.77839 0.000286102 0 0.506081 0 0.000110053
5 2.23163 -0.000329971 -0.000363827 0.249264 0 0
6 11.4725 0 0 0.777539 0.000693172 0.295371
7 0.615217 -0.993092 -0.8107 2.33902 0.155092 -0.714923
8 2.24752 0 0 0.114871 0.0703093 0.166296
9 1.11936 0 0 0.0687036 0.0585169 -0.351506
10 3.71348 -0.102642 0.102191 1.55929 0.352511 0.0754343
11 1.72615 0 0 0.00902875 -0.0270614 -0.433803
12 1.21114 0 0 0.00354513 0.0172762 -0.395057
13 3.59919 -1.06012 0.070888 1.55869 0.396162 -0.0674145
14 1.66069 0 0 -0.0126178 0.0731066 -0.386254
15 1.167 0 0 -0.0253568 0.0266387 -0.354066
16 2.18852 0.501038 0.0576587 1.57004 -0.0310725 0.225922
17 1.29609 0 0 0.0114267 -0.0454193 -0.435318
18 1.62202 0.000714779 -0.000470161 -0.00178729 -0.0400528 -0.388522
19 1.22241 0 0 0.0161168 -0.0122075 -0.388536
20 1.76707 1.27612 0.0366406 1.57004 -0.00830657 0.261449
21 1.55588 0 0 -0.021279 0.0246985 -0.416704
22 1.24273 0 0 -0.000580902 0.000148572 -0.429
23 0.784525 0 0 0.0131113 0.0096935 -0.348994
24 -1.93761 -2.84623 -11.5177 -0.000932534 0 3.14159
25 6.02794 0 0 1.12061 -0.0677886 0.544474
26 11.7344 0 0 0.00140272 0 2.55475
27 8.81167 0 0 -0.051279 0 0
28 5.77884 0 0 -0.0343568 0 0
29 2.23249 0 0 -0.016922 0 0
30 11.4725 0 0 1.14333 -0.696153 -1.30378
31 0.615812 0.994372 -0.809165 -2.75079 0.325437 0.793311
32 2.24752 0 0 -0.0914699 -0.103439 -0.0239576
33 1.11936 0 0 -0.119206 0.171032 -0.185681
34 3.71348 0.102639 0.102191 -1.58909 0.862034 -0.119426
35 1.72615 0 0 -0.0146904 -0.0156263 0.786665
36 1.21112 0 0 0.000742753 0.0176205 0.639583
37 3.5992 1.06012 0.0708885 -1.63119 0.565989 -0.0670042
38 1.66069 0 0 0.0236725 0.047998 0.681077
39 1.16699 0 0 0.00219298 -0.00509782 0.836227
40 2.18853 -0.50104 0.0576591 -1.56385 0.059517 -0.173895
41 1.29609 0 0 -0.0829927 -0.0261581 0.746444
42 1.62202 -0.000713348 -0.000470638 -0.0204123 -0.0253737 0.977118
43 1.22241 0 0 -0.00883897 -0.00173476 0.485149
44 1.76707 -1.27612 0.0366411 -1.56318 0.0589347 -0.145417
45 1.55588 0 0 0.0303735 0.0118418 0.90458
46 1.24273 0 0 0.000598315 0 0.620514
47 0.784531 0 0 -0.0124132 0.0105723 0.417843
48 0 0 0 0 0 0
49 -7.2389 -4.25479 -1.65931 -2.83598 1.21545 1.9073
50 -3.3008 1.98092 -0.0178614 -1.61333 0 0
51 0.00576699 1.98489 -0.0178738 -1.61332 0 0
52 0.00575674 2.07248 -0.0285535 -1.61332 0 0
53 -3.46178 2.07651 -0.0257425 -1.61332 0 0
54 -3.15015 2.07651 -0.0257416 -1.61332 0 0
55 -1.68436 2.09113 -0.0263629 -1.61332 0 0
56 -1.61192 2.09074 -0.035563 -1.61332 0 0
57 -1.74901 2.09114 -0.0263638 -1.61332 0 0
58 -1.65881 2.09113 -0.0263634 -1.61333 0 0
time 56
0 1.938 -2.84623 -11.5177 0 0 0
1 6.02794 0 0 -1.30359 0.294044 -1.66349
2 11.7344 0 0 -0.00140283 0 -0.929761
3 8.81138 -0.000450134 -0.00011158 0.756567 0 0.000157203
4 5.77839 0.000286102 0 0.5069 0 0.00010937
5 2.23164 -0.000329971 -0.000363827 0.249667 0 0
6 11.4725 0 0 0.778442 -0.000241518 0.294203
7 0.615217 -0.993091 -0.8107 2.33902 0.155092 -0.714923
8 2.24752 0 0 0.114871 0.0703092 0.166296
9 1.11936 0 0 0.0687035 0.0585169 -0.351506
10 3.71348 -0.102642 0.102191 1.55929 0.352511 0.0754345
11 1.72615 0 0 0.00902874 -0.0270616 -0.433803
12 1.21114 0 0 0.00354509 0.0172763 -0.395057
13 3.59919 -1.06012 0.070888 1.55869 0.396162 -0.0674143
14 1.66069 0 0 -0.0126178 0.0731065 -0.386254
15 1.167 0 0 -0.0253567 0.0266386 -0.354065
16 2.18852 0.501038 0.0576596 1.57004 -0.0310725 0.225922
17 1.29609 0 0 0.0114264 -0.0454194 -0.435318
18 1.62202 0.000714779 -0.000471115 -0.00178706 -0.0400527 -0.388522
19 1.22241 0 0 0.0161167 -0.0122076 -0.388536
20 1.76707 1.27612 0.0366406 1.57004 -0.00830655 0.261449
21 1.55588 0 0 -0.021279 0.0246984 -0.416704
22 1.24273 0 0 -0.000581032 0.000148604 -0.429
23 0.784523 0 0 0.0131114 0.00969346 -0.348994
24 -1.93761 -2.84623 -11.5177 -0.000932534 0 3.14159
25 6.02794 0 0 1.12102 -0.0674124 0.543898
26 11.7344 0 0 0.00140286 0 2.55422
27 8.81167 0 0 -0.0481609 0 0
28 5.77884 0 0 -0.0322677 0 0
29 2.23249 0 0 -0.0158932 0 0
30 11.4725 0 0 1.14387 -0.696517 -1.30297
31 0.615813 0.994372 -0.809164 -2.75079 0.325437 0.793311
32 2.24752 0 0 -0.09147 -0.103439 -0.0239576
33 1.11936 0 0 -0.119206 0.171032 -0.185681
34 3.71349 0.102639 0.102191 -1.58909 0.862034 -0.119426
35 1.72615 0 0 -0.0146905 -0.0156263 0.786665
36 1.21112 0 0 0.000742583 0.0176206 0.639583
37 3.5992 1.06012 0.0708885 -1.63119 0.565989 -0.0670042
38 1.66069 0 0 0.0236725 0.0479982 0.681077
39 1.16699 0 0 0.00219292 -0.00509786 0.836227
40 2.18853 -0.50104 0.0576591 -1.56385 0.0595168 -0.173895
41 1.29609 0 0 -0.0829926 -0.0261582 0.746444
42 1.62201 -0.000713348 -0.000470161 -0.0204122 -0.0253737 0.977118
43 1.2224 0 0 -0.00883903 -0.00173475 0.485149
44 1.76707 -1.27612 0.0366421 -1.56318 0.0589348 -0.145416
45 1.55588 0 0 0.0303735 0.011842 0.90458
46 1.24273 0 0 0.000598404 0 0.620514
47 0.784532 0 0 -0.0124133 0.0105723 0.417843
48 0 0 0 0 0 0
49 -7.24684 -4.25431 -1.65517 -2.83631 1.21628 1.90699
50 -3.3008 1.98092 -0.0178618 -1.61333 0 0
51 0.00576687 1.98489 -0.0178738 -1.61332 0 0
52 0.00575662 2.07248 -0.0285535 -1.61332 0 0
53 -3.46178 2.07651 -0.025743 -1.61332 0 0
54 -3.15015 2.07651 -0.0257416 -1.61333 0 0
55 -1.68436 2.09113 -0.0263638 -1.61332 0 0
56 -1.61192 2.09074 -0.035563 -1.61332 0 0
57 -1.74901 2.09114 -0.0263643 -1.61332 0 0
58 -1.65881 2.09113 -0.0263643 -1.61333 0 0
time 57
0 1.938 -2.84623 -11.5177 0 0 0
1 6.02794 0 0 -1.30346 0.29211 -1.66473
2 11.7344 0 0 -0.00140283 0 -0.927701
3 8.81138 -0.000450134 -0.00011158 0.757885 0 0.000157931
4 5.77839 0.000286102 0 0.507783 0 0.000109843
5 2.23163 -0.000328064 -0.000364304 0.250102 0 0
6 11.4725 0 0 0.779265 -0.00138019 0.292051
7 0.615219 -0.993091 -0.8107 2.33902 0.155092 -0.714923
8 2.24752 0 0 0.114871 0.0703093 0.166296
9 1.11936 0 0 0.0687035 0.058517 -0.351506
10 3.71348 -0.102641 0.102191 1.55929 0.352511 0.0754345
11 1.72615 0 0 0.00902883 -0.0270614 -0.433803
12 1.21114 0 0 0.00354506 0.0172762 -0.395057
13 3.59919 -1.06012 0.070888 1.55869 0.396162 -0.0674145
14 1.66069 0 0 -0.0126178 0.0731066 -0.386254
15 1.16699 0 0 -0.0253568 0.0266387 -0.354066
16 2.18852 0.50104 0.0576587 1.57004 -0.0310726 0.225922
17 1.29609 0 0 0.0114265 -0.0454193 -0.435318
18 1.62202 0.000713825 -0.000471115 -0.00178711 -0.0400528 -0.388522
19 1.22241 0 0 0.0161168 -0.0122075 -0.388536
20 1.76707 1.27612 0.0366402 1.57004 -0.00830646 0.261449
21 1.55588 0 0 -0.0212788 0.0246987 -0.416704
22 1.24273 0 0 -0.00058094 0.000148746 -0.429
23 0.784523 0 0 0.0131114 0.0096934 -0.348994
24 -1.93761 -2.84623 -11.5177 -0.000932534 0 3.14159
25 6.02794 0 0 1.12137 -0.0669618 0.543346
26 11.7344 0 0 0.00140273 0 2.55353
27 8.81167 0 0 -0.0435132 0 0
28 5.77884 0 0 -0.029154 0 0
29 2.23249 0 0 -0.0143593 0 0
30 11.4725 0 0 1.14417 -0.697222 -1.30138
31 0.615813 0.994371 -0.809165 -2.75079 0.325437 0.793311
32 2.24752 0 0 -0.0914701 -0.103439 -0.0239577
33 1.11936 0 0 -0.119206 0.171032 -0.185681
34 3.71349 0.102638 0.102192 -1.58909 0.862034 -0.119426
35 1.72615 0 0 -0.0146905 -0.0156264 0.786665
36 1.21112 0 0 0.00074276 0.0176205 0.639583
37 3.5992 1.06012 0.0708885 -1.63119 0.56599 -0.0670042
38 1.66069 0 0 0.0236723 0.0479982 0.681077
39 1.16699 0 0 0.00219301 -0.00509789 0.836227
40 2.18853 -0.50104 0.0576582 -1.56385 0.0595169 -0.173895
41 1.29609 0 0 -0.0829928 -0.0261582 0.746444
42 1.62201 -0.000713348 -0.000470638 -0.0204121 -0.0253736 0.977118
43 1.2224 0 0 -0.00883903 -0.00173471 0.485149
44 1.76707 -1.27612 0.0366411 -1.56318 0.0589347 -0.145416
45 1.55588 0 0 0.0303736 0.0118421 0.90458
46 1.24273 0 0 0.000598412 0 0.620514
47 0.784531 0 0 -0.0124134 0.0105723 0.417843
48 0 0 0 0 0 0
49 -7.25416 -4.25359 -1.65106 -2.83542 1.21743 1.90783
50 -3.3008 1.98092 -0.0178614 -1.61333 0 0
51 0.00576699 1.98489 -0.0178733 -1.61332 0 0
52 0.00575656 2.07248 -0.028553 -1.61332 0 0
53 -3.46178 2.07651 -0.0257421 -1.61332 0 0
54 -3.15015 2.07651 -0.0257416 -1.61332 0 0
55 -1.68436 2.09113 -0.0263634 -1.61332 0 0
56 -1.61192 2.09074 -0.035563 -1.61332 0 0
57 -1.74901 2.09114 -0.0263638 -1.61332 0 0
58 -1.65881 2.09113 -0.0263634 -1.61333 0 0
time 58
0 1.938 -2.84623 -11.5177 0 0 0
1 6.02794 0 0 -1.30339 0.290159 -1.66583
2 11.7344 0 0 -0.00140288 0 -0.925594
3 8.81138 -0.000450134 -0.000112534 0.759227 0 0.000157145
4 5.77839 0.000286102 0 0.508682 0 0.000109243
5 2.23163 -0.000328064 -0.00036335 0.250545 0 0
6 11.4725 0 0 0.779991 -0.00258065 0.289118
7 0.615221 -0.993091 -0.810699 2.33902 0.155092 -0.714923
8 2.24752 0 0 0.114871 0.0703094 0.166296
9 1.11936 0 0 0.0687035 0.0585169 -0.351506
10 3.71348 -0.102641 0.102191 1.55929 0.352511 0.0754345
11 1.72615 0 0 0.00902879 -0.0270616 -0.433802
12 1.21114 0 0 0.00354509 0.0172763 -0.395057
13 3.59919 -1.06012 0.0708885 1.55869 0.396162 -0.0674144
14 1.66069 0 0 -0.0126176 0.0731068 -0.386254
15 1.167 0 0 -0.0253568 0.0266386 -0.354066
16 2.18853 0.50104 0.0576601 1.57004 -0.0310727 0.225922
17 1.29609 0 0 0.0114265 -0.0454194 -0.435318
18 1.62202 0.000714302 -0.000471115 -0.00178718 -0.0400528 -0.388522
19 1.22241 0 0 0.0161168 -0.0122074 -0.388536
20 1.76707 1.27612 0.0366411 1.57004 -0.00830657 0.261449
21 1.55588 0 0 -0.0212789 0.0246986 -0.416704
22 1.24273 0 0 -0.000581006 0.000148488 -0.429
23 0.784521 0 0 0.0131115 0.0096934 -0.348994
24 -1.93761 -2.84623 -11.5177 -0.000932534 0 3.14159
25 6.02794 0 0 1.12155 -0.0665092 0.542959
26 11.7344 0 0 0.00140269 0 2.5528
27 8.81167 0 0 -0.0387236 0 0
28 5.77884 0 0 -0.0259449 0 0
29 2.23249 0 0 -0.0127788 0 0
30 11.4725 0 0 1.14429 -0.698391 -1.29947
31 0.615812 0.994373 -0.809164 -2.75079 0.325437 0.793311
32 2.24752 0 0 -0.0914701 -0.103439 -0.0239576
33 1.11936 0 0 -0.119206 0.171032 -0.185681
34 3.71349 0.102639 0.102192 -1.58909 0.862034 -0.119426
35 1.72615 0 0 -0.0146905 -0.0156264 0.786665
36 1.21112 0 0 0.00074268 0.0176205 0.639583
37 3.5992 1.06012 0.0708895 -1.63119 0.565989 -0.0670041
38 1.66069 0 0 0.0236726 0.0479981 0.681077
39 1.16699 0 0 0.00219279 -0.00509783 0.836227
40 2.18853 -0.50104 0.0576601 -1.56385 0.059517 -0.173895
41 1.29609 0 0 -0.0829927 -0.0261583 0.746444
42 1.62202 -0.000713825 -0.000470161 -0.0204121 -0.0253737 0.977118
43 1.2224 0 0 -0.00883911 -0.00173475 0.485149
44 1.76707 -1.27612 0.0366411 -1.56318 0.0589348 -0.145417
45 1.55588 0 0 0.0303735 0.0118419 0.90458
46 1.24273 0 0 0.00059849 0 0.620514
47 0.784531 0 0 -0.0124136 0.0105723 0.417843
48 0 0 0 0 0 0
49 -7.26024 -4.25267 -1.64771 -2.83393 1.21887 1.90923
50 -3.3008 1.98092 -0.0178614 -1.61333 0 0
51 0.00576681 1.98489 -0.0178733 -1.61332 0 0
52 0.00575644 2.07248 -0.028553 -1.61332 0 0
53 -3.46178 2.07651 -0.0257425 -1.61332 0 0
54 -3.15015 2.07651 -0.0257416 -1.61333 0 0
55 -1.68436 2.09113 -0.0263634 -1.61332 0 0
56 -1.61192 2.09074 -0.035563 -1.61332 0 0
57 -1.74901 2.09114 -0.0263634 -1.61332 0 0
58 -1.65881 2.09113 -0.0263634 -1.61333 0 0
time 59
0 1.938 -2.84623 -11.5177 0 0 0
1 6.02794 0 0 -1.30336 0.288651 -1.66662
2 11.7344 0 0 -0.00140304 0 -0.923954
3 8.81138 -0.00044632 -0.00011158 0.760267 0 0.000157145
4 5.77839 0.000286102 0 0.509379 0 0.000109383
5 2.23164 -0.000328064 -0.00036335 0.250888 0 0
6 11.4725 0 0 0.780512 -0.0035288 0.286532
7 0.615221 -0.993092 -0.810699 2.33902 0.155092 -0.714923
8 2.24752 0 0 0.114871 0.0703093 0.166296
9 1.11936 0 0 0.0687036 0.0585168 -0.351506
10 3.71348 -0.10264 0.102191 1.55929 0.352511 0.0754346
11 1.72615 0 0 0.00902881 -0.0270616 -0.433803
12 1.21114 0 0 0.00354507 0.0172765 -0.395057
13 3.59919 -1.06012 0.0708885 1.55869 0.396162 -0.0674144
14 1.66068 0 0 -0.0126178 0.0731065 -0.386254
15 1.167 0 0 -0.0253568 0.0266387 -0.354066
16 2.18853 0.50104 0.0576591 1.57004 -0.0310724 0.225922
17 1.29609 0 0 0.0114265 -0.0454193 -0.435318
18 1.62202 0.000714779 -0.000471115 -0.0017872 -0.0400526 -0.388522
19 1.22241 0 0 0.0161167 -0.0122074 -0.388536
20 1.76707 1.27612 0.0366421 1.57004 -0.00830641 0.261449
21 1.55588 0 0 -0.0212789 0.0246985 -0.416704
22 1.24273 0 0 -0.00058109 0.000148592 -0.429
23 0.784525 0 0 0.0131115 0.00969346 -0.348994
24 -1.93761 -2.84623 -11.5177 -0.000932534 0 3.14159
25 6.02794 0 0 1.12162 -0.0661617 0.542732
26 11.7344 0 0 0.00140269 0 2.55222
27 8.81167 0 0 -0.0349764 0 0
28 5.77884 0 0 -0.0234341 0 0
29 2.23249 0 0 -0.0115422 0 0
30 11.4725 0 0 1.14431 -0.699487 -1.29787
31 0.615813 0.994373 -0.809165 -2.75079 0.325437 0.793311
32 2.24752 0 0 -0.0914699 -0.103439 -0.0239576
33 1.11936 0 0 -0.119206 0.171032 -0.185681
34 3.71349 0.102639 0.102191 -1.58909 0.862034 -0.119426
35 1.72615 0 0 -0.0146904 -0.0156263 0.786665
36 1.21112 0 0 0.000742663 0.0176206 0.639583
37 3.5992 1.06012 0.0708876 -1.63119 0.565989 -0.0670042
38 1.66069 0 0 0.0236725 0.0479981 0.681077
39 1.16699 0 0 0.00219295 -0.00509783 0.836227
40 2.18853 -0.50104 0.0576591 -1.56385 0.0595169 -0.173895
41 1.29609 0 0 -0.0829927 -0.0261582 0.746444
42 1.62202 -0.000712872 -0.000470161 -0.020412 -0.0253737 0.977118
43 1.22241 0 0 -0.00883901 -0.00173475 0.485149
44 1.76707 -1.27612 0.0366402 -1.56318 0.0589348 -0.145417
45 1.55588 0 0 0.0303736 0.011842 0.90458
46 1.24273 0 0 0.000598436 0 0.620514
47 0.784531 0 0 -0.0124133 0.0105723 0.417843
48 0 0 0 0 0 0
49 -7.26439 -4.25188 -1.64547 -2.83252 1.2201 1.91055
50 -3.3008 1.98092 -0.0178609 -1.61333 0 0
51 0.00576687 1.98489 -0.0178738 -1.61332 0 0
52 0.00575662 2.07248 -0.0285535 -1.61332 0 0
53 -3.46178 2.07651 -0.0257421 -1.61332 0 0
54 -3.15015 2.07651 -0.0257411 -1.61332 0 0
55 -1.68436 2.09113 -0.0263634 -1.61332 0 0
56 -1.61192 2.09074 -0.0355625 -1.61332 0 0
57 -1.74901 2.09114 -0.0263638 -1.61332 0 0
58 -1.65881 2.09114 -0.0263638 -1.61333 0 0
time 60
0 1.938 -2.84623 -11.5177 0 0 0
1 6.02794 0 0 -1.30336 0.288047 -1.66692
2 11.7344 0 0 -0.00140283 0 -0.923295
3 8.81138 -0.000450134 -0.00011158 0.760684 0 0.000157095
4 5.77839 0.000286102 0 0.509658 0 0.000109336
5 2.23163 -0.000328064 -0.000364304 0.251026 0 0
6 11.4725 0 0 0.780711 -0.00391449 0.28542
7 0.615219 -0.993091 -0.810699 2.33902 0.155091 -0.714923
8 2.24752 0 0 0.114871 0.0703093 0.166296
9 1.11936 0 0 0.0687037 0.0585169 -0.351506
10 3.71348 -0.102641 0.102192 1.55929 0.352511 0.0754343
11 1.72615 0 0 0.00902877 -0.0270614 -0.433803
12 1.21114 0 0 0.00354514 0.0172764 -0.395057
13 3.59919 -1.06012 0.0708885 1.55869 0.396162 -0.0674143
14 1.66069 0 0 -0.0126177 0.0731066 -0.386254
15 1.167 0 0 -0.0253568 0.0266387 -0.354066
16 2.18852 0.50104 0.0576591 1.57004 -0.0310726 0.225922
17 1.29609 0 0 0.0114267 -0.0454193 -0.435318
18 1.62202 0.000714302 -0.000471115 -0.00178711 -0.0400528 -0.388522
19 1.22241 0 0 0.0161168 -0.0122075 -0.388536
20 1.76707 1.27612 0.0366421 1.57004 -0.00830641 0.261449
21 1.55588 0 0 -0.0212789 0.0246986 -0.416705
22 1.24273 0 0 -0.000580973 0.000148617 -0.429
23 0.784525 0 0 0.0131114 0.00969327 -0.348994
24 -1.93761 -2.84623 -11.5177 -0.000932534 0 3.14159
25 6.02794 0 0 1.12163 -0.0660229 0.542657
26 11.7344 0 0 0.00140274 0 2.55198
27 8.81167 0 0 -0.0334623 0 0
28 5.77884 0 0 -0.0224198 0 0
29 2.23249 0 0 -0.0110427 0 0
30 11.4725 0 0 1.1443 -0.699971 -1.29719
31 0.615813 0.994371 -0.809165 -2.75079 0.325437 0.793311
32 2.24752 0 0 -0.0914701 -0.103439 -0.0239575
33 1.11936 0 0 -0.119206 0.171032 -0.185681
34 3.71349 0.102639 0.102191 -1.58909 0.862034 -0.119426
35 1.72615 0 0 -0.0146905 -0.0156264 0.786665
36 1.21112 0 0 0.000742596 0.0176206 0.639583
37 3.5992 1.06012 0.0708866 -1.63119 0.565989 -0.0670041
38 1.66069 0 0 0.0236726 0.0479983 0.681077
39 1.16699 0 0 0.00219294 -0.00509789 0.836227
40 2.18853 -0.50104 0.0576601 -1.56385 0.0595168 -0.173895
41 1.29609 0 0 -0.0829927 -0.0261582 0.746444
42 1.62202 -0.000713825 -0.000469685 -0.0204122 -0.0253737 0.977118
43 1.2224 0 0 -0.00883901 -0.00173475 0.485149
44 1.76707 -1.27612 0.0366411 -1.56318 0.0589347 -0.145416
45 1.55588 0 0 0.0303735 0.011842 0.90458
46 1.24273 0 0 0.000598488 0 0.620514
47 0.784532 0 0 -0.0124134 0.0105723 0.417843
48 0 0 0 0 0 0
49 -7.26593 -4.25155 -1.64465 -2.8319 1.22062 1.91114
50 -3.3008 1.98092 -0.0178614 -1.61333 0 0
51 0.00576687 1.98489 -0.0178733 -1.61332 0 0
52 0.00575638 2.07249 -0.0285535 -1.61332 0 0
53 -3.46178 2.07651 -0.025743 -1.61332 0 0
54 -3.15015 2.07651 -0.0257421 -1.61332 0 0
55 -1.68436 2.09113 -0.0263638 -1.61332 0 0
56 -1.61192 2.09074 -0.035563 -1.61332 0 0
57 -1.74901 2.09114 -0.0263638 -1.61332 0 0
58 -1.65881 2.09113 -0.0263638 -1.61333 0 0
end
