//Sequence File generated by the Wall Worm SMD Exporter PRO 1.99
//www.wallworm.com
version 1
nodes
0 "b_l_clav" -1
1 "b_l_upperarm" 0
2 "b_l_forearm" 1
3 "b_l_twist3" 2
4 "b_l_twist2" 2
5 "b_l_twist1" 2
6 "b_l_hand" 2
7 "b_l_thumb001" 6
8 "b_l_thumb002" 7
9 "b_l_thumb003" 8
10 "b_l_middle001" 6
11 "b_l_middle002" 10
12 "b_l_middle003" 11
13 "b_l_index001" 6
14 "b_l_index002" 13
15 "b_l_index003" 14
16 "b_l_hand_ringsqueezer" 6
17 "b_l_ring001" 16
18 "b_l_ring002" 17
19 "b_l_ring003" 18
20 "b_l_hand_pinkysqueezer" 6
21 "b_l_pinky001" 20
22 "b_l_pinky002" 21
23 "b_l_pinky003" 22
24 "b_r_clav" -1
25 "b_r_upperarm" 24
26 "b_r_forearm" 25
27 "b_r_twist3" 26
28 "b_r_twist2" 26
29 "b_r_twist1" 26
30 "b_r_hand" 26
31 "b_r_thumb001" 30
32 "b_r_thumb002" 31
33 "b_r_thumb003" 32
34 "b_r_middle001" 30
35 "b_r_middle002" 34
36 "b_r_middle003" 35
37 "b_r_index001" 30
38 "b_r_index002" 37
39 "b_r_index003" 38
40 "b_r_hand_ringsqueezer" 30
41 "b_r_ring001" 40
42 "b_r_ring002" 41
43 "b_r_ring003" 42
44 "b_r_hand_pinkysqueezer" 30
45 "b_r_pinky001" 44
46 "b_r_pinky002" 45
47 "b_r_pinky003" 46
48 "b_zero" -1
49 "d_wepinbone" -1
50 "glock_materials" -1
end
skeleton
time 0
0 1.938 -1.56582 -7.2488 0 0 -0.814469
1 6.02794 0 0 -0.60755 0.594158 -1.02241
2 11.7344 0 0 -0.00140287 0 -0.914687
3 8.81138 -0.000450134 -0.000113487 0.116363 0 0.000158206
4 5.77839 0.000286102 0 0.0779634 0 0.0001066
5 2.23163 -0.000328064 -0.000365257 0.0383998 0 0
6 11.4725 0 0 -0.254129 -1.23107 0.308825
7 0.615218 -0.993093 -0.810698 2.92227 0.454999 -0.33141
8 2.24752 0 0 0.0643998 0.0920015 -0.24525
9 1.11936 0 0 0.012409 0.0391455 -1.16006
10 3.71348 -0.102642 0.102192 1.44559 1.26927 -0.122844
11 1.72614 0 0 -0.0132949 0.00454353 -1.35296
12 1.21113 0 0 -0.0138875 0.0108707 -1.50415
13 3.59919 -1.06012 0.0708885 1.59719 1.13552 0.0844631
14 1.66068 0 0 0.0206524 0.106433 -1.46129
15 1.167 0 0 0.140204 0.107864 -1.2636
16 2.18852 0.501038 0.0576591 1.58026 0.110062 0.0312637
17 1.29609 0 0 -0.0214549 0.0115008 -1.06235
18 1.62202 0.000714779 -0.000473022 -0.00757013 0.00444233 -1.4728
19 1.22241 0 0 -0.0469828 -0.00376806 -1.43289
20 1.76707 1.27612 0.0366421 1.57845 0.182304 -0.0214509
21 1.55588 0 0 -0.155246 -0.00355026 -0.857709
22 1.24273 0 0 -0.000505292 -0.000323049 -1.24825
23 0.784523 0 0 0.00822041 0.0140817 -0.754785
24 -1.93761 -1.56582 -7.2488 -0.000932534 0 -2.53187
25 6.02794 0 0 1.26685 0.966574 0.621782
26 11.7344 0 0 0.00140263 0 1.56183
27 8.81167 0 0 0.622 0 0
28 5.77884 0 0 0.41674 0 0
29 2.23249 0 0 0.20526 0 0
30 11.4725 0 0 0.623851 -0.0292449 0.142096
31 0.615811 0.994372 -0.809166 -2.72226 0.463503 0.286233
32 2.24752 0 0 -0.0835969 0.0959307 0.272288
33 1.11936 0 0 -0.401235 0.450129 0.842933
34 3.71349 0.102639 0.10219 -1.41386 1.26431 0.0816927
35 1.72615 0 0 0.000698346 0.000241887 1.34896
36 1.21112 0 0 0.0115403 0.0133364 1.31081
37 3.5992 1.06012 0.0708885 -1.68043 1.04215 -0.112109
38 1.66069 0 0 0.00620727 0.00200644 1.47997
39 1.16699 0 0 -0.0701393 0.164234 1.21657
40 2.18853 -0.50104 0.0576591 -1.57605 0.00117788 -0.0469346
41 1.29609 0 0 -0.0326373 -0.0616158 1.17811
42 1.62201 -0.000711441 -0.000469208 -0.00508027 -0.00330939 1.42626
43 1.22241 0 0 0.0247019 -0.0856982 1.42308
44 1.76707 -1.27612 0.0366421 -1.56655 0.103701 0.0275535
45 1.55588 0 0 0.103891 -0.0756531 0.975564
46 1.24273 0 0 -0.00469962 -0.0380688 1.28397
47 0.784533 0 0 -0.0127428 -0.0577753 1.00048
48 0 0 0 0 0 0
49 -8.68284 -21.9724 -5.95148 -0.482858 -0.258133 0.220885
50 -0.49446 -2.33627 -0.838784 0 0 0
time 1
0 1.938 -1.56582 -7.2488 0 0 -0.814469
1 6.02794 0 0 -0.607875 0.593804 -1.02326
2 11.7344 0 0 -0.00140291 0 -0.913458
3 8.81138 -0.000448227 -0.000112534 0.114567 0 0.000157745
4 5.77839 0.000286102 0 0.0767597 0 0.000106179
5 2.23163 -0.000328064 -0.000364304 0.037807 0 0
6 11.4725 0 0 -0.254374 -1.23154 0.308357
7 0.615221 -0.993092 -0.810699 2.92227 0.454999 -0.33141
8 2.24752 0 0 0.0643998 0.0920015 -0.24525
9 1.11935 0 0 0.0124089 0.0391456 -1.16006
10 3.71348 -0.102642 0.10219 1.44559 1.26927 -0.122844
11 1.72615 0 0 -0.0132949 0.00454347 -1.35296
12 1.21114 0 0 -0.0138878 0.0108707 -1.50415
13 3.59919 -1.06012 0.0708885 1.59719 1.13552 0.0844626
14 1.66069 0 0 0.0206525 0.106434 -1.46129
15 1.167 0 0 0.140204 0.107864 -1.2636
16 2.18853 0.50104 0.0576591 1.58026 0.110062 0.0312638
17 1.29609 0 0 -0.0214549 0.0115007 -1.06235
18 1.62201 0.000713348 -0.000471115 -0.00756997 0.00444251 -1.4728
19 1.22241 0 0 -0.0469828 -0.00376793 -1.43289
20 1.76707 1.27612 0.0366421 1.57845 0.182304 -0.0214509
21 1.55587 0 0 -0.155246 -0.0035504 -0.857709
22 1.24274 0 0 -0.000505185 -0.000323046 -1.24825
23 0.784523 0 0 0.0082204 0.0140817 -0.754785
24 -1.93761 -1.56582 -7.2488 -0.000932534 0 -2.53187
25 6.02794 0 0 1.267 0.966506 0.621499
26 11.7344 0 0 0.00140266 0 1.56155
27 8.81167 0 0 0.621948 0 0
28 5.77885 0 0 0.416705 0 0
29 2.23249 0 0 0.205243 0 0
30 11.4725 0 0 0.623881 -0.0287233 0.142644
31 0.615812 0.994372 -0.809164 -2.72226 0.463503 0.286233
32 2.24752 0 0 -0.083597 0.0959306 0.272288
33 1.11936 0 0 -0.401235 0.450129 0.842934
34 3.71348 0.102639 0.102192 -1.41386 1.26431 0.0816937
35 1.72615 0 0 0.000698428 0.000241846 1.34896
36 1.21112 0 0 0.0115403 0.0133366 1.31081
37 3.5992 1.06011 0.0708866 -1.68043 1.04215 -0.112109
38 1.66069 0 0 0.00620721 0.00200647 1.47997
39 1.16699 0 0 -0.0701393 0.164234 1.21657
40 2.18853 -0.50104 0.0576591 -1.57605 0.00117801 -0.0469346
41 1.29609 0 0 -0.0326375 -0.061616 1.17811
42 1.62201 -0.000713348 -0.000470161 -0.00508018 -0.00330951 1.42626
43 1.22241 0 0 0.0247019 -0.0856983 1.42308
44 1.76707 -1.27612 0.0366421 -1.56655 0.103701 0.0275536
45 1.55588 0 0 0.103891 -0.0756531 0.975564
46 1.24273 0 0 -0.00469949 -0.0380688 1.28397
47 0.784531 0 0 -0.0127429 -0.0577751 1.00048
48 0 0 0 0 0 0
49 -8.68844 -21.9722 -5.95249 -0.483066 -0.257808 0.22098
50 -0.49446 -2.33627 -0.838784 0 0 0
time 2
0 1.938 -1.56582 -7.2488 0 0 -0.814469
1 6.02794 0 0 -0.608742 0.592859 -1.02554
2 11.7344 0 0 -0.00140281 0 -0.910139
3 8.81138 -0.000450134 -0.000110626 0.109627 0 0.000157303
4 5.77839 0.000286102 0 0.0734504 0 0.000105819
5 2.23163 -0.000328064 -0.000364304 0.036177 0 0
6 11.4725 0 0 -0.255043 -1.23282 0.307083
7 0.615219 -0.993092 -0.810699 2.92227 0.454999 -0.33141
8 2.24752 0 0 0.0643999 0.0920015 -0.24525
9 1.11936 0 0 0.0124089 0.0391455 -1.16006
10 3.71348 -0.102642 0.102192 1.44559 1.26927 -0.122846
11 1.72615 0 0 -0.0132948 0.00454365 -1.35296
12 1.21114 0 0 -0.0138877 0.0108709 -1.50415
13 3.59919 -1.06012 0.0708866 1.59719 1.13552 0.0844624
14 1.66069 0 0 0.0206525 0.106434 -1.46129
15 1.167 0 0 0.140204 0.107864 -1.2636
16 2.18852 0.501038 0.0576591 1.58026 0.110062 0.0312637
17 1.29609 0 0 -0.0214551 0.0115007 -1.06235
18 1.62202 0.000715256 -0.000473022 -0.00757006 0.00444243 -1.4728
19 1.22241 0 0 -0.0469829 -0.00376786 -1.43289
20 1.76707 1.27612 0.0366421 1.57845 0.182304 -0.0214511
21 1.55588 0 0 -0.155246 -0.00355038 -0.857709
22 1.24273 0 0 -0.000505213 -0.000322956 -1.24825
23 0.784523 0 0 0.0082204 0.0140818 -0.754785
24 -1.93761 -1.56582 -7.2488 -0.000932534 0 -2.53187
25 6.02794 0 0 1.26742 0.966329 0.620745
26 11.7344 0 0 0.00140277 0 1.56081
27 8.81167 0 0 0.621791 0 0
28 5.77884 0 0 0.4166 0 0
29 2.23249 0 0 0.205191 0 0
30 11.4725 0 0 0.62395 -0.0273245 0.144141
31 0.615812 0.994372 -0.809164 -2.72226 0.463503 0.286233
32 2.24752 0 0 -0.083597 0.0959305 0.272288
33 1.11936 0 0 -0.401235 0.450129 0.842934
34 3.71348 0.102639 0.102192 -1.41386 1.26431 0.0816932
35 1.72615 0 0 0.000698579 0.000241749 1.34896
36 1.21112 0 0 0.0115403 0.0133367 1.31081
37 3.5992 1.06012 0.0708885 -1.68043 1.04215 -0.112109
38 1.66069 0 0 0.0062072 0.00200647 1.47997
39 1.16699 0 0 -0.0701393 0.164234 1.21657
40 2.18853 -0.50104 0.0576591 -1.57605 0.00117819 -0.0469344
41 1.29609 0 0 -0.0326374 -0.0616157 1.17811
42 1.62202 -0.000713348 -0.000469208 -0.00508035 -0.00330939 1.42626
43 1.22241 0 0 0.0247018 -0.0856986 1.42308
44 1.76707 -1.27612 0.0366421 -1.56655 0.103701 0.0275537
45 1.55588 0 0 0.103891 -0.075653 0.975564
46 1.24273 0 0 -0.00469947 -0.0380689 1.28397
47 0.784533 0 0 -0.0127429 -0.0577751 1.00048
48 0 0 0 0 0 0
49 -8.70325 -21.9719 -5.9554 -0.483629 -0.256918 0.221241
50 -0.49446 -2.33627 -0.838784 0 0 0
time 3
0 1.938 -1.56582 -7.2488 0 0 -0.814469
1 6.02794 0 0 -0.609994 0.591489 -1.02884
2 11.7344 0 0 -0.00140281 0 -0.905275
3 8.81138 -0.000450134 -0.00011158 0.102171 0 0.000158274
4 5.77839 0.000284195 0 0.0684545 0 0.000106536
5 2.23163 -0.000331879 -0.00036335 0.0337163 0 0
6 11.4725 0 0 -0.256041 -1.23471 0.305189
7 0.615217 -0.993092 -0.810699 2.92227 0.454999 -0.33141
8 2.24752 0 0 0.0643999 0.0920016 -0.24525
9 1.11935 0 0 0.0124089 0.0391456 -1.16006
10 3.71348 -0.102642 0.102192 1.44559 1.26927 -0.122845
11 1.72615 0 0 -0.0132949 0.00454366 -1.35296
12 1.21114 0 0 -0.0138878 0.0108708 -1.50415
13 3.59919 -1.06012 0.0708885 1.59719 1.13552 0.0844627
14 1.66069 0 0 0.0206525 0.106434 -1.46129
15 1.167 0 0 0.140204 0.107864 -1.2636
16 2.18853 0.501038 0.0576591 1.58026 0.110062 0.0312637
17 1.29609 0 0 -0.0214549 0.0115007 -1.06235
18 1.62202 0.000713348 -0.000473022 -0.00757008 0.00444246 -1.4728
19 1.22241 0 0 -0.046983 -0.0037679 -1.43289
20 1.76707 1.27612 0.0366421 1.57845 0.182304 -0.021451
21 1.55588 0 0 -0.155246 -0.0035504 -0.857709
22 1.24273 0 0 -0.000505237 -0.000322973 -1.24825
23 0.784523 0 0 0.00822034 0.0140818 -0.754785
24 -1.93761 -1.56582 -7.2488 -0.000932534 0 -2.53187
25 6.02794 0 0 1.26801 0.96608 0.619666
26 11.7344 0 0 0.00140258 0 1.5597
27 8.81167 0 0 0.621527 0 0
28 5.77884 0 0 0.416424 0 0
29 2.23249 0 0 0.205104 0 0
30 11.4725 0 0 0.624021 -0.025297 0.146372
31 0.615813 0.994371 -0.809166 -2.72226 0.463503 0.286233
32 2.24752 0 0 -0.0835969 0.0959307 0.272288
33 1.11936 0 0 -0.401236 0.450129 0.842933
34 3.71349 0.102638 0.10219 -1.41386 1.26431 0.0816933
35 1.72615 0 0 0.000698446 0.000241726 1.34896
36 1.21112 0 0 0.0115402 0.0133366 1.31081
37 3.5992 1.06011 0.0708885 -1.68043 1.04215 -0.112109
38 1.66069 0 0 0.00620712 0.00200644 1.47997
39 1.16699 0 0 -0.0701393 0.164234 1.21657
40 2.18853 -0.501041 0.0576572 -1.57605 0.00117792 -0.0469346
41 1.29609 0 0 -0.0326375 -0.0616158 1.17811
42 1.62201 -0.000711441 -0.000470161 -0.00508019 -0.00330951 1.42626
43 1.22241 0 0 0.0247019 -0.0856984 1.42308
44 1.76707 -1.27612 0.0366402 -1.56655 0.103701 0.0275536
45 1.55587 0 0 0.103891 -0.0756531 0.975564
46 1.24273 0 0 -0.00469962 -0.0380689 1.28397
47 0.784531 0 0 -0.0127429 -0.0577751 1.00048
48 0 0 0 0 0 0
49 -8.7243 -21.9714 -5.96002 -0.484461 -0.255594 0.221629
50 -0.49446 -2.33627 -0.838784 0 0 0
time 4
0 1.938 -1.56582 -7.2488 0 0 -0.814469
1 6.02794 0 0 -0.611467 0.589865 -1.03277
2 11.7344 0 0 -0.00140286 0 -0.899418
3 8.81138 -0.000450134 -0.00011158 0.0928501 0 0.000158039
4 5.77839 0.000286102 0 0.0622095 0 0.0001064
5 2.23163 -0.000329971 -0.000364304 0.0306407 0 0
6 11.4725 0 0 -0.25728 -1.23701 0.302872
7 0.615219 -0.99309 -0.810699 2.92227 0.454999 -0.331411
8 2.24752 0 0 0.0643997 0.0920016 -0.24525
9 1.11936 0 0 0.0124091 0.0391456 -1.16006
10 3.71348 -0.102642 0.102192 1.44559 1.26927 -0.122846
11 1.72615 0 0 -0.0132949 0.0045437 -1.35296
12 1.21114 0 0 -0.0138878 0.0108708 -1.50415
13 3.59919 -1.06012 0.0708904 1.59719 1.13552 0.0844622
14 1.66068 0 0 0.0206526 0.106433 -1.46129
15 1.167 0 0 0.140204 0.107864 -1.2636
16 2.18852 0.50104 0.0576591 1.58026 0.110062 0.0312638
17 1.29609 0 0 -0.0214549 0.0115005 -1.06235
18 1.62202 0.000715256 -0.000471115 -0.00756987 0.00444249 -1.4728
19 1.22241 0 0 -0.0469829 -0.0037677 -1.43289
20 1.76707 1.27612 0.0366421 1.57845 0.182304 -0.0214509
21 1.55588 0 0 -0.155245 -0.00355045 -0.857709
22 1.24273 0 0 -0.000505113 -0.000322993 -1.24825
23 0.784523 0 0 0.00822039 0.0140817 -0.754785
24 -1.93761 -1.56582 -7.2488 -0.000932534 0 -2.53187
25 6.02794 0 0 1.26869 0.9658 0.618406
26 11.7344 0 0 0.00140252 0 1.55835
27 8.81167 0 0 0.621155 0 0
28 5.77884 0 0 0.416174 0 0
29 2.23249 0 0 0.204981 0 0
30 11.4725 0 0 0.62406 -0.0228897 0.149117
31 0.615812 0.994372 -0.809166 -2.72226 0.463503 0.286233
32 2.24752 0 0 -0.0835969 0.0959307 0.272288
33 1.11936 0 0 -0.401235 0.450129 0.842934
34 3.71349 0.102639 0.102192 -1.41386 1.26431 0.0816933
35 1.72615 0 0 0.000698476 0.000241763 1.34896
36 1.21112 0 0 0.0115402 0.0133366 1.31081
37 3.5992 1.06011 0.0708866 -1.68043 1.04215 -0.112109
38 1.66069 0 0 0.00620717 0.00200635 1.47997
39 1.16699 0 0 -0.0701393 0.164234 1.21657
40 2.18853 -0.501039 0.0576591 -1.57605 0.00117806 -0.0469344
41 1.29609 0 0 -0.0326374 -0.0616157 1.17811
42 1.62201 -0.000715256 -0.000469208 -0.00508036 -0.0033094 1.42626
43 1.22241 0 0 0.0247019 -0.0856985 1.42308
44 1.76707 -1.27612 0.0366421 -1.56655 0.103701 0.0275535
45 1.55588 0 0 0.103891 -0.0756532 0.975564
46 1.24273 0 0 -0.00469952 -0.0380688 1.28397
47 0.784533 0 0 -0.0127428 -0.0577753 1.00048
48 0 0 0 0 0 0
49 -8.74858 -21.9708 -5.96618 -0.485473 -0.253965 0.222107
50 -0.49446 -2.33627 -0.838784 0 0 0
time 5
0 1.938 -1.56582 -7.2488 0 0 -0.814469
1 6.02794 0 0 -0.613002 0.588162 -1.0369
2 11.7344 0 0 -0.00140295 0 -0.893131
3 8.81138 -0.000450134 -0.000110626 0.0823554 0 0.000158349
4 5.77839 0.000286102 0 0.055178 0 0.000106566
5 2.23163 -0.000328064 -0.000362396 0.0271773 0 0
6 11.4725 0 0 -0.258664 -1.23953 0.300331
7 0.615219 -0.993092 -0.810701 2.92227 0.454999 -0.33141
8 2.24752 0 0 0.0643999 0.0920014 -0.24525
9 1.11936 0 0 0.0124091 0.0391454 -1.16006
10 3.71348 -0.102642 0.10219 1.44559 1.26927 -0.122845
11 1.72615 0 0 -0.013295 0.00454354 -1.35296
12 1.21113 0 0 -0.0138878 0.0108708 -1.50415
13 3.59919 -1.06012 0.0708866 1.59719 1.13552 0.0844631
14 1.66069 0 0 0.0206525 0.106434 -1.46129
15 1.167 0 0 0.140204 0.107864 -1.2636
16 2.18852 0.501038 0.0576572 1.58026 0.110062 0.0312638
17 1.29609 0 0 -0.021455 0.0115008 -1.06235
18 1.62202 0.000714302 -0.000471115 -0.00757008 0.00444246 -1.4728
19 1.22241 0 0 -0.0469829 -0.00376806 -1.43289
20 1.76707 1.27612 0.0366402 1.57845 0.182304 -0.0214512
21 1.55588 0 0 -0.155246 -0.00355041 -0.857709
22 1.24273 0 0 -0.00050524 -0.000323122 -1.24825
23 0.784524 0 0 0.00822042 0.0140818 -0.754785
24 -1.93761 -1.56582 -7.2488 -0.000932534 0 -2.53187
25 6.02794 0 0 1.26938 0.96553 0.617108
26 11.7344 0 0 0.00140273 0 1.55686
27 8.81167 0 0 0.620672 0 0
28 5.77884 0 0 0.41585 0 0
29 2.23249 0 0 0.204822 0 0
30 11.4725 0 0 0.624029 -0.020353 0.152161
31 0.615813 0.994371 -0.809166 -2.72226 0.463503 0.286233
32 2.24752 0 0 -0.0835968 0.0959307 0.272288
33 1.11936 0 0 -0.401235 0.450129 0.842933
34 3.71349 0.102638 0.10219 -1.41386 1.26431 0.0816943
35 1.72615 0 0 0.000698328 0.000241864 1.34896
36 1.21112 0 0 0.0115403 0.0133366 1.31081
37 3.5992 1.06012 0.0708866 -1.68043 1.04215 -0.112109
38 1.66069 0 0 0.00620714 0.00200643 1.47997
39 1.16699 0 0 -0.0701394 0.164234 1.21657
40 2.18853 -0.50104 0.0576591 -1.57605 0.00117795 -0.0469346
41 1.29609 0 0 -0.0326375 -0.0616159 1.17811
42 1.62201 -0.000713348 -0.000471115 -0.0050802 -0.00330949 1.42626
43 1.22241 0 0 0.024702 -0.0856983 1.42308
44 1.76707 -1.27612 0.0366402 -1.56655 0.103701 0.0275535
45 1.55588 0 0 0.103891 -0.0756531 0.975564
46 1.24273 0 0 -0.00469946 -0.0380689 1.28397
47 0.784531 0 0 -0.0127429 -0.0577751 1.00048
48 0 0 0 0 0 0
49 -8.77312 -21.9701 -5.97369 -0.486577 -0.252163 0.222637
50 -0.49446 -2.33627 -0.838784 0 0 0
time 6
0 1.938 -1.56582 -7.2488 0 0 -0.814469
1 6.02794 0 0 -0.614426 0.586566 -1.04081
2 11.7344 0 0 -0.00140292 0 -0.887014
3 8.81138 -0.000450134 -0.00011158 0.0714854 0 0.000157927
4 5.77839 0.000286102 0 0.0478953 0 0.000106095
5 2.23163 -0.000328064 -0.000364304 0.0235902 0 0
6 11.4725 0 0 -0.260104 -1.24207 0.297789
7 0.615221 -0.993088 -0.810701 2.92227 0.454999 -0.33141
8 2.24752 0 0 0.0643999 0.0920015 -0.24525
9 1.11936 0 0 0.0124089 0.0391454 -1.16006
10 3.71348 -0.10264 0.10219 1.44559 1.26927 -0.122846
11 1.72614 0 0 -0.0132948 0.00454366 -1.35296
12 1.21114 0 0 -0.0138877 0.0108709 -1.50415
13 3.59919 -1.06012 0.0708866 1.59719 1.13552 0.0844621
14 1.66069 0 0 0.0206526 0.106434 -1.46129
15 1.167 0 0 0.140204 0.107864 -1.2636
16 2.18852 0.501041 0.0576572 1.58026 0.110062 0.0312637
17 1.29609 0 0 -0.021455 0.0115006 -1.06235
18 1.62201 0.000713825 -0.000471115 -0.00756991 0.00444245 -1.4728
19 1.22241 0 0 -0.0469829 -0.00376779 -1.43289
20 1.76707 1.27612 0.0366402 1.57845 0.182304 -0.0214511
21 1.55588 0 0 -0.155246 -0.00355041 -0.857709
22 1.24273 0 0 -0.000505154 -0.000322986 -1.24825
23 0.784523 0 0 0.00822032 0.0140817 -0.754785
24 -1.93761 -1.56582 -7.2488 -0.000932534 0 -2.53187
25 6.02794 0 0 1.27 0.965312 0.615913
26 11.7344 0 0 0.00140281 0 1.55535
27 8.81167 0 0 0.620079 0 0
28 5.77884 0 0 0.415453 0 0
29 2.23249 0 0 0.204626 0 0
30 11.4725 0 0 0.623891 -0.0179312 0.155278
31 0.615812 0.994372 -0.809166 -2.72226 0.463503 0.286233
32 2.24752 0 0 -0.083597 0.0959306 0.272288
33 1.11936 0 0 -0.401235 0.450129 0.842934
34 3.71348 0.102639 0.10219 -1.41386 1.26431 0.0816931
35 1.72615 0 0 0.000698415 0.00024183 1.34896
36 1.21112 0 0 0.0115402 0.0133365 1.31081
37 3.5992 1.06012 0.0708885 -1.68043 1.04215 -0.112109
38 1.66069 0 0 0.00620709 0.00200642 1.47997
39 1.16699 0 0 -0.0701393 0.164234 1.21657
40 2.18853 -0.50104 0.0576591 -1.57605 0.00117811 -0.0469346
41 1.29609 0 0 -0.0326374 -0.0616157 1.17811
42 1.62201 -0.000715256 -0.000470161 -0.00508029 -0.00330936 1.42626
43 1.22241 0 0 0.0247018 -0.0856985 1.42308
44 1.76707 -1.27612 0.0366402 -1.56655 0.103701 0.0275536
45 1.55588 0 0 0.103891 -0.0756531 0.975564
46 1.24273 0 0 -0.00469943 -0.0380689 1.28397
47 0.784534 0 0 -0.0127428 -0.0577751 1.00048
48 0 0 0 0 0 0
49 -8.79494 -21.9696 -5.98237 -0.487685 -0.250318 0.223182
50 -0.49446 -2.33627 -0.838784 0 0 0
time 7
0 1.938 -1.56582 -7.2488 0 0 -0.814469
1 6.02794 0 0 -0.615581 0.58526 -1.0441
2 11.7344 0 0 -0.00140278 0 -0.881644
3 8.81138 -0.000450134 -0.00011158 0.0610604 0 0.000158323
4 5.77839 0.000286102 0 0.0409105 0 0.000106323
5 2.23163 -0.000328064 -0.000364304 0.0201501 0 0
6 11.4725 0 0 -0.261505 -1.24443 0.295446
7 0.615219 -0.99309 -0.810699 2.92227 0.454998 -0.33141
8 2.24752 0 0 0.0643999 0.0920015 -0.24525
9 1.11935 0 0 0.0124088 0.0391455 -1.16006
10 3.71348 -0.10264 0.10219 1.44559 1.26927 -0.122845
11 1.72615 0 0 -0.0132949 0.00454348 -1.35296
12 1.21114 0 0 -0.0138878 0.0108709 -1.50415
13 3.59919 -1.06012 0.0708866 1.59719 1.13552 0.0844623
14 1.66069 0 0 0.0206526 0.106434 -1.46129
15 1.167 0 0 0.140204 0.107864 -1.2636
16 2.18853 0.50104 0.0576591 1.58026 0.110062 0.0312638
17 1.29609 0 0 -0.0214548 0.0115007 -1.06235
18 1.62202 0.000713825 -0.000473022 -0.00756991 0.00444253 -1.4728
19 1.22241 0 0 -0.0469828 -0.0037679 -1.43289
20 1.76707 1.27612 0.0366402 1.57845 0.182304 -0.0214509
21 1.55587 0 0 -0.155246 -0.00355041 -0.857709
22 1.24273 0 0 -0.000505279 -0.000322966 -1.24825
23 0.784523 0 0 0.00822036 0.0140817 -0.754785
24 -1.93761 -1.56582 -7.2488 -0.000932534 0 -2.53187
25 6.02794 0 0 1.27045 0.965194 0.614963
26 11.7344 0 0 0.0014026 0 1.55395
27 8.81167 0 0 0.619374 0 0
28 5.77884 0 0 0.414981 0 0
29 2.23249 0 0 0.204393 0 0
30 11.4725 0 0 0.623602 -0.0158728 0.15825
31 0.615812 0.994373 -0.809166 -2.72226 0.463503 0.286233
32 2.24752 0 0 -0.0835969 0.0959308 0.272288
33 1.11936 0 0 -0.401236 0.450129 0.842934
34 3.71348 0.10264 0.10219 -1.41386 1.26431 0.0816935
35 1.72615 0 0 0.000698452 0.000241829 1.34896
36 1.21112 0 0 0.0115402 0.0133365 1.31081
37 3.5992 1.06012 0.0708847 -1.68043 1.04215 -0.112109
38 1.66069 0 0 0.00620712 0.00200639 1.47997
39 1.16699 0 0 -0.0701392 0.164234 1.21657
40 2.18853 -0.50104 0.0576572 -1.57605 0.00117792 -0.0469347
41 1.29609 0 0 -0.0326375 -0.0616159 1.17811
42 1.62201 -0.000715256 -0.000470161 -0.0050802 -0.00330939 1.42626
43 1.2224 0 0 0.0247019 -0.0856984 1.42308
44 1.76707 -1.27612 0.0366402 -1.56655 0.103701 0.0275535
45 1.55588 0 0 0.103891 -0.075653 0.975564
46 1.24273 0 0 -0.00469956 -0.038069 1.28397
47 0.784531 0 0 -0.0127429 -0.0577752 1.00048
48 0 0 0 0 0 0
49 -8.81108 -21.9692 -5.99205 -0.48871 -0.24856 0.223703
50 -0.49446 -2.33627 -0.838784 0 0 0
time 8
0 1.938 -1.56582 -7.2488 0 0 -0.814469
1 6.02794 0 0 -0.616391 0.584316 -1.0468
2 11.7344 0 0 -0.00140284 0 -0.876963
3 8.81138 -0.000450134 -0.00011158 0.0511493 0 0.000157914
4 5.77839 0.000286102 0 0.0342702 0 0.000106117
5 2.23163 -0.000328064 -0.00036335 0.0168793 0 0
6 11.4725 0 0 -0.262974 -1.2466 0.293427
7 0.615219 -0.99309 -0.810701 2.92227 0.454999 -0.33141
8 2.24752 0 0 0.0643998 0.0920014 -0.24525
9 1.11936 0 0 0.0124089 0.0391456 -1.16006
10 3.71348 -0.10264 0.10219 1.44559 1.26927 -0.122845
11 1.72615 0 0 -0.0132949 0.0045435 -1.35296
12 1.21114 0 0 -0.0138878 0.010871 -1.50415
13 3.59919 -1.06012 0.0708866 1.59719 1.13552 0.0844627
14 1.66069 0 0 0.0206525 0.106434 -1.46129
15 1.167 0 0 0.140204 0.107864 -1.2636
16 2.18852 0.50104 0.0576591 1.58026 0.110062 0.0312637
17 1.29609 0 0 -0.021455 0.0115008 -1.06235
18 1.62202 0.000713825 -0.000471115 -0.00757002 0.00444247 -1.4728
19 1.22241 0 0 -0.0469829 -0.00376791 -1.43289
20 1.76707 1.27612 0.0366402 1.57845 0.182304 -0.021451
21 1.55587 0 0 -0.155246 -0.00355025 -0.857709
22 1.24273 0 0 -0.000505327 -0.000323001 -1.24825
23 0.784523 0 0 0.00822037 0.0140817 -0.754785
24 -1.93761 -1.56582 -7.2488 -0.000932534 0 -2.53187
25 6.02794 0 0 1.27069 0.965315 0.614166
26 11.7344 0 0 0.00140267 0 1.55263
27 8.81167 0 0 0.618645 0 0
28 5.77884 0 0 0.414492 0 0
29 2.23249 0 0 0.204153 0 0
30 11.4725 0 0 0.623246 -0.0142238 0.161115
31 0.615813 0.99437 -0.809166 -2.72226 0.463503 0.286233
32 2.24752 0 0 -0.0835969 0.0959307 0.272288
33 1.11936 0 0 -0.401236 0.450129 0.842933
34 3.71349 0.102638 0.10219 -1.41386 1.26431 0.0816939
35 1.72615 0 0 0.000698486 0.000241776 1.34896
36 1.21112 0 0 0.0115404 0.0133367 1.31081
37 3.5992 1.06011 0.0708885 -1.68043 1.04215 -0.112109
38 1.66069 0 0 0.00620722 0.00200638 1.47997
39 1.16699 0 0 -0.0701393 0.164234 1.21657
40 2.18853 -0.50104 0.0576572 -1.57605 0.0011779 -0.0469345
41 1.29609 0 0 -0.0326375 -0.0616157 1.17811
42 1.62202 -0.000711441 -0.000469208 -0.00508027 -0.00330947 1.42626
43 1.22241 0 0 0.0247019 -0.0856983 1.42308
44 1.76707 -1.27612 0.0366402 -1.56655 0.103701 0.0275537
45 1.55587 0 0 0.103891 -0.075653 0.975564
46 1.24273 0 0 -0.00469939 -0.038069 1.28397
47 0.784533 0 0 -0.0127429 -0.0577751 1.00048
48 0 0 0 0 0 0
49 -8.82265 -21.9691 -6.00529 -0.489565 -0.24702 0.224162
50 -0.49446 -2.33627 -0.838784 0 0 0
time 9
0 1.938 -1.56582 -7.2488 0 0 -0.814469
1 6.02794 0 0 -0.61687 0.583711 -1.0491
2 11.7344 0 0 -0.00140285 0 -0.872734
3 8.81138 -0.000450134 -0.000113487 0.041808 0 0.000157813
4 5.77839 0.000284195 0 0.0280113 0 0.000105948
5 2.23163 -0.000331879 -0.000365257 0.0137967 0 0
6 11.4725 0 0 -0.264634 -1.24859 0.291867
7 0.615221 -0.993092 -0.810701 2.92227 0.454999 -0.331411
8 2.24752 0 0 0.0643999 0.0920015 -0.24525
9 1.11936 0 0 0.012409 0.0391456 -1.16006
10 3.71348 -0.102642 0.102192 1.44559 1.26927 -0.122846
11 1.72615 0 0 -0.013295 0.00454341 -1.35296
12 1.21114 0 0 -0.0138875 0.0108709 -1.50415
13 3.59919 -1.06012 0.0708885 1.59719 1.13552 0.0844622
14 1.66069 0 0 0.0206524 0.106433 -1.46129
15 1.167 0 0 0.140204 0.107864 -1.2636
16 2.18853 0.501038 0.0576591 1.58026 0.110062 0.0312637
17 1.29609 0 0 -0.021455 0.0115007 -1.06235
18 1.62202 0.000713825 -0.000471115 -0.00757005 0.00444233 -1.4728
19 1.22241 0 0 -0.046983 -0.00376788 -1.43289
20 1.76707 1.27612 0.0366421 1.57845 0.182304 -0.0214511
21 1.55588 0 0 -0.155246 -0.00355027 -0.857709
22 1.24273 0 0 -0.000505268 -0.000323032 -1.24825
23 0.784523 0 0 0.00822036 0.0140817 -0.754785
24 -1.93761 -1.56582 -7.2488 -0.000932534 0 -2.53187
25 6.02794 0 0 1.2707 0.965774 0.613357
26 11.7344 0 0 0.00140267 0 1.55138
27 8.81167 0 0 0.618037 0 0
28 5.77884 0 0 0.414085 0 0
29 2.23249 0 0 0.203952 0 0
30 11.4725 0 0 0.622974 -0.0129179 0.163892
31 0.615814 0.994371 -0.809164 -2.72226 0.463503 0.286233
32 2.24752 0 0 -0.083597 0.0959307 0.272288
33 1.11936 0 0 -0.401235 0.450129 0.842933
34 3.71349 0.102637 0.102192 -1.41386 1.26431 0.0816933
35 1.72615 0 0 0.000698364 0.000241766 1.34896
36 1.21112 0 0 0.0115403 0.0133366 1.31081
37 3.5992 1.06012 0.0708885 -1.68043 1.04215 -0.112109
38 1.66069 0 0 0.006207 0.00200654 1.47997
39 1.16699 0 0 -0.0701394 0.164234 1.21657
40 2.18853 -0.50104 0.0576591 -1.57605 0.00117785 -0.0469346
41 1.29609 0 0 -0.0326373 -0.0616158 1.17811
42 1.62201 -0.000715256 -0.000469208 -0.00508038 -0.00330942 1.42626
43 1.2224 0 0 0.024702 -0.0856985 1.42308
44 1.76707 -1.27612 0.0366421 -1.56655 0.103701 0.0275537
45 1.55588 0 0 0.103891 -0.0756531 0.975564
46 1.24273 0 0 -0.00469964 -0.0380688 1.28397
47 0.784533 0 0 -0.0127429 -0.0577753 1.00048
48 0 0 0 0 0 0
49 -8.83283 -21.9691 -6.02392 -0.490164 -0.245828 0.224523
50 -0.49446 -2.33627 -0.838784 0 0 0
time 10
0 1.938 -1.56582 -7.2488 0 0 -0.814469
1 6.02794 0 0 -0.616987 0.583487 -1.0509
2 11.7344 0 0 -0.00140288 0 -0.869257
3 8.81138 -0.000450134 -0.000112534 0.033933 0 0.000158239
4 5.77839 0.000286102 0 0.0227351 0 0.000106182
5 2.23163 -0.000328064 -0.00036335 0.011198 0 0
6 11.4725 0 0 -0.266425 -1.25024 0.290999
7 0.615221 -0.993092 -0.810699 2.92227 0.454999 -0.33141
8 2.24752 0 0 0.0643999 0.0920014 -0.24525
9 1.11936 0 0 0.0124089 0.0391455 -1.16006
10 3.71348 -0.102642 0.102192 1.44559 1.26927 -0.122846
11 1.72615 0 0 -0.0132949 0.00454357 -1.35296
12 1.21114 0 0 -0.0138876 0.010871 -1.50415
13 3.59919 -1.06012 0.0708885 1.59719 1.13552 0.0844621
14 1.66068 0 0 0.0206525 0.106434 -1.46129
15 1.167 0 0 0.140204 0.107864 -1.2636
16 2.18852 0.501038 0.0576591 1.58026 0.110062 0.0312637
17 1.2961 0 0 -0.0214551 0.0115006 -1.06235
18 1.62202 0.000713825 -0.000471115 -0.00756981 0.00444234 -1.4728
19 1.22241 0 0 -0.046983 -0.00376773 -1.43289
20 1.76707 1.27612 0.0366421 1.57845 0.182304 -0.021451
21 1.55588 0 0 -0.155246 -0.00355045 -0.857709
22 1.24273 0 0 -0.000505185 -0.000323046 -1.24825
23 0.784523 0 0 0.00822042 0.0140817 -0.754785
24 -1.93761 -1.56582 -7.2488 -0.000932534 0 -2.53187
25 6.02794 0 0 1.27051 0.966549 0.612554
26 11.7344 0 0 0.00140273 0 1.55031
27 8.81167 0 0 0.617645 0 0
28 5.77884 0 0 0.413822 0 0
29 2.23249 0 0 0.203823 0 0
30 11.4725 0 0 0.622855 -0.0120264 0.166324
31 0.615813 0.994372 -0.809164 -2.72226 0.463503 0.286233
32 2.24752 0 0 -0.0835968 0.0959307 0.272288
33 1.11936 0 0 -0.401236 0.450129 0.842933
34 3.71348 0.102638 0.10219 -1.41386 1.26431 0.0816942
35 1.72615 0 0 0.00069835 0.000241701 1.34896
36 1.21112 0 0 0.0115404 0.0133363 1.31081
37 3.5992 1.06012 0.0708885 -1.68043 1.04215 -0.112109
38 1.66069 0 0 0.00620723 0.00200639 1.47997
39 1.16699 0 0 -0.0701392 0.164234 1.21657
40 2.18853 -0.50104 0.0576591 -1.57605 0.001178 -0.0469346
41 1.29609 0 0 -0.0326374 -0.0616158 1.17811
42 1.62201 -0.000711441 -0.000469208 -0.00508016 -0.00330953 1.42626
43 1.22241 0 0 0.024702 -0.0856984 1.42308
44 1.76707 -1.27612 0.0366421 -1.56655 0.103701 0.0275536
45 1.55588 0 0 0.103891 -0.075653 0.975564
46 1.24273 0 0 -0.00469944 -0.0380688 1.28397
47 0.784533 0 0 -0.0127429 -0.0577753 1.00048
48 0 0 0 0 0 0
49 -8.84168 -21.9693 -6.04662 -0.490418 -0.245115 0.224747
50 -0.49446 -2.33627 -0.838784 0 0 0
time 11
0 1.938 -1.56582 -7.2488 0 0 -0.814469
1 6.02794 0 0 -0.616709 0.583685 -1.05206
2 11.7344 0 0 -0.00140293 0 -0.866839
3 8.81138 -0.000450134 -0.000112534 0.0284522 0 0.00015836
4 5.77839 0.000284195 0 0.019063 0 0.000106251
5 2.23163 -0.000329971 -0.000364304 0.00938914 0 0
6 11.4725 0 0 -0.268292 -1.25137 0.291061
7 0.615219 -0.99309 -0.810699 2.92227 0.454999 -0.331411
8 2.24752 0 0 0.0643999 0.0920016 -0.24525
9 1.11936 0 0 0.0124089 0.0391456 -1.16006
10 3.71348 -0.10264 0.102192 1.44559 1.26927 -0.122846
11 1.72615 0 0 -0.013295 0.00454352 -1.35296
12 1.21114 0 0 -0.0138877 0.0108709 -1.50415
13 3.59919 -1.06012 0.0708885 1.59719 1.13552 0.0844621
14 1.66069 0 0 0.0206526 0.106434 -1.46129
15 1.167 0 0 0.140204 0.107864 -1.2636
16 2.18852 0.50104 0.0576611 1.58026 0.110062 0.0312637
17 1.29609 0 0 -0.0214549 0.0115007 -1.06235
18 1.62201 0.000713348 -0.000471115 -0.00756987 0.00444249 -1.4728
19 1.22241 0 0 -0.046983 -0.0037678 -1.43289
20 1.76707 1.27612 0.0366402 1.57845 0.182304 -0.0214511
21 1.55587 0 0 -0.155246 -0.00355039 -0.857709
22 1.24274 0 0 -0.000505137 -0.000323011 -1.24825
23 0.784523 0 0 0.00822033 0.0140817 -0.754785
24 -1.93761 -1.56582 -7.2488 -0.000932534 0 -2.53187
25 6.02794 0 0 1.2701 0.967619 0.611778
26 11.7344 0 0 0.00140271 0 1.54952
27 8.81167 0 0 0.617565 0 0
28 5.77884 0 0 0.413768 0 0
29 2.23249 0 0 0.203796 0 0
30 11.4725 0 0 0.622954 -0.0116209 0.168154
31 0.615813 0.994373 -0.809164 -2.72226 0.463503 0.286233
32 2.24752 0 0 -0.083597 0.0959305 0.272288
33 1.11936 0 0 -0.401236 0.450129 0.842933
34 3.71349 0.10264 0.102192 -1.41386 1.26431 0.0816934
35 1.72615 0 0 0.000698438 0.000241621 1.34896
36 1.21112 0 0 0.0115404 0.0133367 1.31081
37 3.5992 1.06012 0.0708885 -1.68043 1.04215 -0.112109
38 1.66069 0 0 0.00620724 0.00200652 1.47997
39 1.16699 0 0 -0.0701393 0.164234 1.21657
40 2.18853 -0.50104 0.0576591 -1.57605 0.00117789 -0.0469346
41 1.29609 0 0 -0.0326375 -0.0616157 1.17811
42 1.62201 -0.000711441 -0.000469208 -0.00508032 -0.00330958 1.42626
43 1.22241 0 0 0.0247019 -0.0856984 1.42308
44 1.76707 -1.27612 0.0366421 -1.56655 0.103701 0.0275536
45 1.55588 0 0 0.103891 -0.075653 0.975564
46 1.24273 0 0 -0.00469954 -0.0380688 1.28397
47 0.784531 0 0 -0.0127429 -0.0577751 1.00048
48 0 0 0 0 0 0
49 -8.84927 -21.9697 -6.07205 -0.490242 -0.245011 0.224797
50 -0.49446 -2.33627 -0.838784 0 0 0
time 12
0 1.938 -1.56582 -7.2488 0 0 -0.814469
1 6.02794 0 0 -0.616 0.584346 -1.05243
2 11.7344 0 0 -0.00140285 0 -0.865785
3 8.81138 -0.000450134 -0.00011158 0.0263157 0 0.000157691
4 5.77839 0.000286102 0 0.0176315 0 0.00010582
5 2.23163 -0.000328064 -0.000364304 0.0086843 0 0
6 11.4725 0 0 -0.270165 -1.25181 0.292281
7 0.615219 -0.99309 -0.810699 2.92227 0.454999 -0.331411
8 2.24752 0 0 0.0643998 0.0920015 -0.24525
9 1.11936 0 0 0.012409 0.0391453 -1.16006
10 3.71348 -0.102642 0.102192 1.44559 1.26927 -0.122845
11 1.72615 0 0 -0.0132951 0.00454355 -1.35296
12 1.21114 0 0 -0.0138876 0.0108707 -1.50415
13 3.59919 -1.06012 0.0708885 1.59719 1.13552 0.084463
14 1.66069 0 0 0.0206526 0.106434 -1.46129
15 1.167 0 0 0.140204 0.107864 -1.2636
16 2.18853 0.50104 0.0576591 1.58026 0.110062 0.0312637
17 1.29609 0 0 -0.021455 0.0115007 -1.06235
18 1.62202 0.000713825 -0.000473022 -0.00757011 0.00444239 -1.4728
19 1.22241 0 0 -0.0469829 -0.00376788 -1.43289
20 1.76707 1.27612 0.0366402 1.57845 0.182304 -0.0214509
21 1.55588 0 0 -0.155245 -0.00355039 -0.857709
22 1.24273 0 0 -0.000505196 -0.00032298 -1.24825
23 0.784523 0 0 0.00822035 0.0140816 -0.754785
24 -1.93761 -1.56582 -7.2488 -0.000932534 0 -2.53187
25 6.02794 0 0 1.26949 0.968965 0.611045
26 11.7344 0 0 0.00140266 0 1.54912
27 8.81167 0 0 0.617895 0 0
28 5.77884 0 0 0.41399 0 0
29 2.23249 0 0 0.203905 0 0
30 11.4725 0 0 0.623339 -0.0117726 0.169126
31 0.615812 0.994371 -0.809164 -2.72226 0.463503 0.286233
32 2.24752 0 0 -0.0835969 0.0959307 0.272288
33 1.11936 0 0 -0.401235 0.450129 0.842934
34 3.71349 0.102638 0.102192 -1.41386 1.26431 0.0816931
35 1.72615 0 0 0.000698436 0.000241808 1.34896
36 1.21112 0 0 0.0115402 0.0133365 1.31081
37 3.5992 1.06011 0.0708885 -1.68043 1.04215 -0.112109
38 1.66069 0 0 0.00620714 0.00200656 1.47997
39 1.16699 0 0 -0.0701394 0.164233 1.21657
40 2.18853 -0.501041 0.0576591 -1.57605 0.00117788 -0.0469344
41 1.29609 0 0 -0.0326374 -0.0616158 1.17811
42 1.62201 -0.000713348 -0.000471115 -0.00508026 -0.0033095 1.42626
43 1.22241 0 0 0.024702 -0.0856984 1.42308
44 1.76707 -1.27612 0.0366421 -1.56655 0.103701 0.0275537
45 1.55588 0 0 0.103891 -0.075653 0.975564
46 1.24273 0 0 -0.0046995 -0.0380689 1.28397
47 0.784533 0 0 -0.0127429 -0.0577752 1.00048
48 0 0 0 0 0 0
49 -8.85564 -21.9703 -6.09891 -0.489549 -0.245648 0.224633
50 -0.49446 -2.33627 -0.838784 0 0 0
time 13
0 1.938 -1.56582 -7.2488 0 0 -0.814469
1 6.02794 0 0 -0.614824 0.585509 -1.05189
2 11.7344 0 0 -0.00140286 0 -0.866405
3 8.81138 -0.000450134 -0.00011158 0.0284321 0 0.000157637
4 5.77839 0.000286102 0 0.0190495 0 0.000105717
5 2.23163 -0.000329971 -0.000364304 0.00938264 0 0
6 11.4725 0 0 -0.271969 -1.25141 0.29488
7 0.615219 -0.99309 -0.810699 2.92227 0.454999 -0.33141
8 2.24752 0 0 0.0643999 0.0920016 -0.245251
9 1.11936 0 0 0.0124089 0.0391455 -1.16006
10 3.71348 -0.102642 0.102192 1.44559 1.26927 -0.122846
11 1.72614 0 0 -0.0132949 0.00454348 -1.35296
12 1.21113 0 0 -0.0138876 0.0108708 -1.50415
13 3.59919 -1.06012 0.0708885 1.59719 1.13552 0.0844622
14 1.66068 0 0 0.0206524 0.106434 -1.46129
15 1.167 0 0 0.140204 0.107864 -1.2636
16 2.18852 0.50104 0.0576591 1.58026 0.110062 0.0312636
17 1.29609 0 0 -0.021455 0.0115007 -1.06235
18 1.62202 0.000715256 -0.000471115 -0.00756994 0.00444239 -1.4728
19 1.22241 0 0 -0.0469828 -0.00376795 -1.43289
20 1.76707 1.27612 0.0366402 1.57845 0.182304 -0.0214511
21 1.55588 0 0 -0.155246 -0.00355031 -0.857708
22 1.24273 0 0 -0.000505264 -0.000323139 -1.24825
23 0.784523 0 0 0.00822039 0.0140817 -0.754785
24 -1.93761 -1.56582 -7.2488 -0.000932534 0 -2.53187
25 6.02794 0 0 1.26868 0.970565 0.610373
26 11.7344 0 0 0.00140276 0 1.54923
27 8.81167 0 0 0.618736 0 0
28 5.77884 0 0 0.414553 0 0
29 2.23249 0 0 0.204183 0 0
30 11.4725 0 0 0.624083 -0.0125531 0.168982
31 0.615811 0.994371 -0.809164 -2.72226 0.463503 0.286233
32 2.24752 0 0 -0.0835969 0.0959307 0.272288
33 1.11936 0 0 -0.401235 0.450129 0.842934
34 3.71348 0.10264 0.102192 -1.41386 1.26431 0.0816936
35 1.72615 0 0 0.000698434 0.000241758 1.34896
36 1.21112 0 0 0.0115403 0.0133365 1.31081
37 3.5992 1.06012 0.0708885 -1.68043 1.04215 -0.112109
38 1.66069 0 0 0.00620718 0.00200647 1.47997
39 1.16699 0 0 -0.0701393 0.164234 1.21657
40 2.18853 -0.501041 0.0576591 -1.57605 0.00117786 -0.0469346
41 1.29609 0 0 -0.0326374 -0.0616157 1.17811
42 1.62201 -0.000711441 -0.000469208 -0.00508017 -0.00330945 1.42626
43 1.22241 0 0 0.0247019 -0.0856983 1.42308
44 1.76707 -1.27612 0.0366421 -1.56655 0.103701 0.0275537
45 1.55588 0 0 0.103891 -0.075653 0.975564
46 1.24273 0 0 -0.00469958 -0.0380688 1.28397
47 0.784533 0 0 -0.0127429 -0.0577752 1.00048
48 0 0 0 0 0 0
49 -8.86086 -21.971 -6.12587 -0.488249 -0.247154 0.22422
50 -0.49446 -2.33627 -0.838784 0 0 0
time 14
0 1.938 -1.56582 -7.2488 0 0 -0.814469
1 6.02794 0 0 -0.613139 0.587214 -1.0503
2 11.7344 0 0 -0.00140296 0 -0.86901
3 8.81138 -0.000450134 -0.00011158 0.0356588 0 0.000157892
4 5.77839 0.000286102 0 0.0238912 0 0.000105958
5 2.23163 -0.000328064 -0.00036335 0.0117673 0 0
6 11.4725 0 0 -0.273617 -1.25 0.299073
7 0.615218 -0.993092 -0.810701 2.92227 0.454999 -0.331411
8 2.24752 0 0 0.0643997 0.0920015 -0.24525
9 1.11936 0 0 0.0124089 0.0391454 -1.16006
10 3.71348 -0.102642 0.102192 1.44559 1.26927 -0.122846
11 1.72614 0 0 -0.0132949 0.00454353 -1.35296
12 1.21114 0 0 -0.0138878 0.0108708 -1.50415
13 3.59919 -1.06012 0.0708885 1.59719 1.13552 0.0844621
14 1.66068 0 0 0.0206525 0.106433 -1.46129
15 1.167 0 0 0.140204 0.107864 -1.2636
16 2.18852 0.501038 0.0576572 1.58026 0.110062 0.0312637
17 1.29609 0 0 -0.0214551 0.0115008 -1.06235
18 1.62202 0.000714302 -0.000471115 -0.00757002 0.00444239 -1.4728
19 1.22241 0 0 -0.0469828 -0.00376779 -1.43289
20 1.76707 1.27612 0.0366402 1.57845 0.182304 -0.0214511
21 1.55587 0 0 -0.155246 -0.00355037 -0.857709
22 1.24273 0 0 -0.000505237 -0.000322973 -1.24825
23 0.784523 0 0 0.00822033 0.0140817 -0.754785
24 -1.93761 -1.56582 -7.2488 -0.000932534 0 -2.53187
25 6.02794 0 0 1.26768 0.972399 0.609782
26 11.7344 0 0 0.00140274 0 1.54996
27 8.81167 0 0 0.620184 0 0
28 5.77884 0 0 0.415523 0 0
29 2.23249 0 0 0.204661 0 0
30 11.4725 0 0 0.625257 -0.0140302 0.167462
31 0.615812 0.994371 -0.809162 -2.72226 0.463503 0.286233
32 2.24752 0 0 -0.083597 0.0959306 0.272288
33 1.11936 0 0 -0.401235 0.450129 0.842934
34 3.71349 0.102639 0.102192 -1.41386 1.26431 0.081693
35 1.72615 0 0 0.000698478 0.000241765 1.34896
36 1.21112 0 0 0.0115403 0.0133366 1.31081
37 3.5992 1.06012 0.0708885 -1.68043 1.04215 -0.112109
38 1.66069 0 0 0.0062072 0.00200643 1.47997
39 1.16699 0 0 -0.0701393 0.164234 1.21657
40 2.18853 -0.501041 0.0576591 -1.57605 0.00117804 -0.0469345
41 1.29609 0 0 -0.0326375 -0.0616159 1.17811
42 1.62202 -0.000711441 -0.000469208 -0.00508033 -0.00330955 1.42626
43 1.22241 0 0 0.0247019 -0.0856985 1.42308
44 1.76707 -1.27612 0.0366421 -1.56655 0.103701 0.0275537
45 1.55587 0 0 0.103891 -0.0756531 0.975564
46 1.24273 0 0 -0.00469954 -0.0380688 1.28397
47 0.784533 0 0 -0.0127429 -0.0577753 1.00048
48 0 0 0 0 0 0
49 -8.86495 -21.972 -6.15161 -0.486255 -0.24966 0.223518
50 -0.49446 -2.33627 -0.838784 0 0 0
time 15
0 1.938 -1.56582 -7.2488 0 0 -0.814469
1 6.02794 0 0 -0.610903 0.589497 -1.0475
2 11.7344 0 0 -0.00140289 0 -0.873915
3 8.81138 -0.000450134 -0.000110626 0.0487277 0 0.000157586
4 5.77839 0.000286102 0 0.0326474 0 0.000105703
5 2.23163 -0.000329971 -0.00036335 0.01608 0 0
6 11.4725 0 0 -0.275018 -1.24741 0.305074
7 0.615216 -0.993092 -0.810699 2.92227 0.454999 -0.331411
8 2.24752 0 0 0.0643999 0.0920015 -0.24525
9 1.11936 0 0 0.0124089 0.0391455 -1.16006
10 3.71348 -0.102642 0.10219 1.44559 1.26927 -0.122846
11 1.72615 0 0 -0.0132949 0.00454367 -1.35296
12 1.21114 0 0 -0.0138878 0.0108708 -1.50415
13 3.59919 -1.06012 0.0708885 1.59719 1.13552 0.0844626
14 1.66068 0 0 0.0206527 0.106434 -1.46129
15 1.167 0 0 0.140204 0.107864 -1.2636
16 2.18852 0.50104 0.0576591 1.58026 0.110062 0.0312635
17 1.29609 0 0 -0.021455 0.0115006 -1.06235
18 1.62201 0.000712872 -0.000469208 -0.00756985 0.00444247 -1.4728
19 1.22241 0 0 -0.046983 -0.00376775 -1.43289
20 1.76707 1.27612 0.0366402 1.57845 0.182304 -0.0214513
21 1.55587 0 0 -0.155245 -0.00355037 -0.857709
22 1.24273 0 0 -0.000505095 -0.000323017 -1.24825
23 0.784523 0 0 0.00822032 0.0140818 -0.754785
24 -1.93761 -1.56582 -7.2488 -0.000932534 0 -2.53187
25 6.02794 0 0 1.26647 0.974446 0.609292
26 11.7344 0 0 0.00140262 0 1.55142
27 8.81167 0 0 0.622336 0 0
28 5.77884 0 0 0.416965 0 0
29 2.23249 0 0 0.205371 0 0
30 11.4725 0 0 0.626942 -0.0162725 0.164309
31 0.615814 0.994372 -0.809164 -2.72226 0.463503 0.286233
32 2.24752 0 0 -0.0835968 0.0959307 0.272288
33 1.11936 0 0 -0.401236 0.450129 0.842933
34 3.71349 0.102638 0.102192 -1.41386 1.26431 0.0816941
35 1.72615 0 0 0.000698415 0.000241687 1.34896
36 1.21112 0 0 0.0115403 0.0133366 1.31081
37 3.5992 1.06012 0.0708885 -1.68043 1.04215 -0.112109
38 1.66069 0 0 0.00620717 0.00200637 1.47997
39 1.16699 0 0 -0.0701394 0.164234 1.21657
40 2.18853 -0.50104 0.0576591 -1.57605 0.00117784 -0.0469346
41 1.29609 0 0 -0.0326375 -0.0616158 1.17811
42 1.62201 -0.000713348 -0.000469208 -0.00508026 -0.0033096 1.42626
43 1.22241 0 0 0.024702 -0.0856984 1.42308
44 1.76707 -1.27612 0.0366421 -1.56655 0.103701 0.0275535
45 1.55588 0 0 0.103891 -0.0756532 0.975564
46 1.24273 0 0 -0.00469954 -0.0380689 1.28397
47 0.784533 0 0 -0.012743 -0.0577753 1.00048
48 0 0 0 0 0 0
49 -8.86795 -21.9731 -6.17482 -0.483476 -0.253296 0.222488
50 -0.49446 -2.33627 -0.838784 0 0 0
time 16
0 1.938 -1.56582 -7.2488 0 0 -0.814469
1 6.02794 0 0 -0.60823 0.592232 -1.04359
2 11.7344 0 0 -0.00140285 0 -0.880969
3 8.81138 -0.000450134 -0.00011158 0.0668406 0 0.000157701
4 5.77839 0.000284195 0 0.0447832 0 0.000105889
5 2.23163 -0.000331879 -0.000364304 0.0220574 0 0
6 11.4725 0 0 -0.276062 -1.24375 0.312596
7 0.61522 -0.993092 -0.810699 2.92227 0.454999 -0.33141
8 2.24752 0 0 0.0643998 0.0920015 -0.24525
9 1.11936 0 0 0.012409 0.0391454 -1.16006
10 3.71348 -0.102642 0.10219 1.44559 1.26927 -0.122845
11 1.72615 0 0 -0.013295 0.00454352 -1.35296
12 1.21114 0 0 -0.0138878 0.0108708 -1.50415
13 3.59919 -1.06012 0.0708885 1.59719 1.13552 0.0844632
14 1.66068 0 0 0.0206525 0.106433 -1.46129
15 1.167 0 0 0.140204 0.107864 -1.2636
16 2.18853 0.50104 0.0576591 1.58026 0.110062 0.0312638
17 1.29609 0 0 -0.021455 0.0115008 -1.06235
18 1.62202 0.000714779 -0.000469208 -0.00757006 0.00444243 -1.4728
19 1.22241 0 0 -0.046983 -0.00376786 -1.43289
20 1.76707 1.27612 0.0366402 1.57845 0.182304 -0.0214507
21 1.55588 0 0 -0.155246 -0.00355029 -0.857709
22 1.24273 0 0 -0.000505303 -0.000322984 -1.24825
23 0.784523 0 0 0.00822041 0.0140816 -0.754785
24 -1.93761 -1.56582 -7.2488 -0.000932534 0 -2.53187
25 6.02794 0 0 1.26514 0.976553 0.608968
26 11.7344 0 0 0.0014025 0 1.55357
27 8.81167 0 0 0.625056 0 0
28 5.77884 0 0 0.418787 0 0
29 2.23249 0 0 0.206268 0 0
30 11.4725 0 0 0.629037 -0.0191531 0.159613
31 0.615812 0.994372 -0.809164 -2.72226 0.463503 0.286233
32 2.24752 0 0 -0.0835969 0.0959306 0.272288
33 1.11936 0 0 -0.401235 0.450129 0.842933
34 3.71349 0.102639 0.102192 -1.41386 1.26431 0.0816933
35 1.72615 0 0 0.000698202 0.000241945 1.34896
36 1.21112 0 0 0.0115402 0.0133365 1.31081
37 3.5992 1.06011 0.0708885 -1.68043 1.04215 -0.112109
38 1.66069 0 0 0.00620722 0.00200647 1.47997
39 1.16699 0 0 -0.0701394 0.164234 1.21657
40 2.18853 -0.50104 0.0576591 -1.57605 0.00117806 -0.0469346
41 1.29609 0 0 -0.0326374 -0.0616157 1.17811
42 1.62201 -0.000713348 -0.000470161 -0.0050803 -0.00330951 1.42626
43 1.22241 0 0 0.024702 -0.0856984 1.42308
44 1.76707 -1.27612 0.0366421 -1.56655 0.103701 0.0275534
45 1.55588 0 0 0.103891 -0.075653 0.975564
46 1.24273 0 0 -0.00469941 -0.0380689 1.28397
47 0.784531 0 0 -0.012743 -0.0577752 1.00048
48 0 0 0 0 0 0
49 -8.86899 -21.9744 -6.19329 -0.480053 -0.257842 0.221194
50 -0.49446 -2.33627 -0.838784 0 0 0
time 17
0 1.938 -1.56582 -7.2488 0 0 -0.814469
1 6.02794 0 0 -0.605252 0.595267 -1.03875
2 11.7344 0 0 -0.00140295 0 -0.889752
3 8.81138 -0.000450134 -0.000112534 0.0884338 0 0.000158039
4 5.77839 0.000286102 0 0.0592507 0 0.000106259
5 2.23163 -0.000328064 -0.00036335 0.0291831 0 0
6 11.4725 0 0 -0.276733 -1.23928 0.321198
7 0.615217 -0.993092 -0.810699 2.92227 0.454999 -0.33141
8 2.24752 0 0 0.0643999 0.0920017 -0.24525
9 1.11936 0 0 0.012409 0.0391455 -1.16006
10 3.71348 -0.102642 0.102192 1.44559 1.26927 -0.122845
11 1.72615 0 0 -0.0132949 0.00454349 -1.35296
12 1.21114 0 0 -0.0138879 0.0108709 -1.50415
13 3.59919 -1.06012 0.0708885 1.59719 1.13552 0.0844629
14 1.66069 0 0 0.0206525 0.106434 -1.46129
15 1.167 0 0 0.140204 0.107864 -1.2636
16 2.18852 0.501038 0.0576591 1.58026 0.110062 0.0312639
17 1.29609 0 0 -0.0214549 0.0115007 -1.06235
18 1.62202 0.000714779 -0.000473022 -0.00756998 0.00444243 -1.4728
19 1.22241 0 0 -0.0469828 -0.00376788 -1.43289
20 1.76707 1.27612 0.0366421 1.57845 0.182304 -0.0214509
21 1.55588 0 0 -0.155245 -0.00355029 -0.857709
22 1.24273 0 0 -0.000505306 -0.000323133 -1.24825
23 0.784523 0 0 0.00822041 0.0140818 -0.754785
24 -1.93761 -1.56582 -7.2488 -0.000932534 0 -2.53187
25 6.02794 0 0 1.26375 0.978608 0.60885
26 11.7344 0 0 0.00140258 0 1.55627
27 8.81167 0 0 0.628136 0 0
28 5.77884 0 0 0.420851 0 0
29 2.23249 0 0 0.207285 0 0
30 11.4725 0 0 0.631396 -0.0224952 0.153696
31 0.615814 0.994372 -0.809166 -2.72226 0.463503 0.286233
32 2.24752 0 0 -0.083597 0.0959306 0.272288
33 1.11936 0 0 -0.401235 0.450129 0.842934
34 3.71349 0.102639 0.10219 -1.41386 1.26431 0.0816937
35 1.72615 0 0 0.000698393 0.000241659 1.34896
36 1.21112 0 0 0.0115404 0.0133366 1.31081
37 3.5992 1.06012 0.0708866 -1.68043 1.04215 -0.112109
38 1.66069 0 0 0.00620718 0.00200652 1.47997
39 1.16699 0 0 -0.0701393 0.164234 1.21657
40 2.18853 -0.50104 0.0576572 -1.57605 0.00117796 -0.0469347
41 1.29609 0 0 -0.0326373 -0.0616157 1.17811
42 1.62201 -0.000715256 -0.000471115 -0.00508035 -0.00330929 1.42626
43 1.22241 0 0 0.0247018 -0.0856986 1.42308
44 1.76707 -1.27612 0.0366402 -1.56655 0.103701 0.0275535
45 1.55588 0 0 0.103891 -0.0756529 0.975564
46 1.24273 0 0 -0.00469957 -0.0380689 1.28397
47 0.784533 0 0 -0.0127428 -0.0577752 1.00048
48 0 0 0 0 0 0
49 -8.8674 -21.9757 -6.20638 -0.476187 -0.262993 0.219724
50 -0.49446 -2.33627 -0.838784 0 0 0
time 18
0 1.938 -1.56582 -7.2488 0 0 -0.814469
1 6.02794 0 0 -0.601953 0.598605 -1.03302
2 11.7344 0 0 -0.00140288 0 -0.900171
3 8.81138 -0.000450134 -0.00011158 0.112961 0 0.000157972
4 5.77839 0.000286102 0 0.075684 0 0.0001064
5 2.23163 -0.000328064 -0.000364304 0.0372772 0 0
6 11.4725 0 0 -0.277052 -1.23404 0.330836
7 0.615217 -0.993092 -0.810701 2.92227 0.454999 -0.33141
8 2.24752 0 0 0.0643998 0.0920015 -0.24525
9 1.11935 0 0 0.0124089 0.0391455 -1.16006
10 3.71348 -0.102642 0.102192 1.44559 1.26927 -0.122846
11 1.72614 0 0 -0.013295 0.0045437 -1.35296
12 1.21114 0 0 -0.0138878 0.0108709 -1.50415
13 3.59919 -1.06012 0.0708866 1.59719 1.13552 0.084462
14 1.66068 0 0 0.0206526 0.106434 -1.46129
15 1.167 0 0 0.140204 0.107864 -1.2636
16 2.18852 0.501038 0.0576591 1.58026 0.110062 0.0312638
17 1.29609 0 0 -0.021455 0.0115007 -1.06235
18 1.62202 0.000713825 -0.000473022 -0.00757006 0.00444256 -1.4728
19 1.22241 0 0 -0.046983 -0.003768 -1.43289
20 1.76707 1.27612 0.0366421 1.57845 0.182304 -0.0214511
21 1.55588 0 0 -0.155246 -0.00355024 -0.857708
22 1.24273 0 0 -0.000505231 -0.000322931 -1.24825
23 0.784523 0 0 0.00822041 0.0140817 -0.754785
24 -1.93761 -1.56582 -7.2488 -0.000932534 0 -2.53187
25 6.02794 0 0 1.26228 0.98065 0.608912
26 11.7344 0 0 0.0014028 0 1.55947
27 8.81167 0 0 0.631567 0 0
28 5.77884 0 0 0.42315 0 0
29 2.23249 0 0 0.208417 0 0
30 11.4725 0 0 0.634036 -0.0262881 0.14663
31 0.615813 0.994371 -0.809166 -2.72226 0.463503 0.286233
32 2.24752 0 0 -0.0835971 0.0959307 0.272288
33 1.11936 0 0 -0.401235 0.450129 0.842934
34 3.71349 0.102638 0.102192 -1.41386 1.26431 0.0816934
35 1.72615 0 0 0.00069836 0.000241809 1.34896
36 1.21112 0 0 0.0115403 0.0133365 1.31081
37 3.5992 1.06012 0.0708885 -1.68043 1.04215 -0.112109
38 1.66069 0 0 0.00620717 0.00200648 1.47997
39 1.16699 0 0 -0.0701393 0.164234 1.21657
40 2.18853 -0.50104 0.0576591 -1.57605 0.0011779 -0.0469346
41 1.29609 0 0 -0.0326374 -0.0616158 1.17811
42 1.62202 -0.000713348 -0.000472069 -0.00508013 -0.00330945 1.42626
43 1.22241 0 0 0.024702 -0.0856983 1.42308
44 1.76707 -1.27612 0.0366402 -1.56655 0.103701 0.0275537
45 1.55587 0 0 0.103891 -0.075653 0.975564
46 1.24273 0 0 -0.00469946 -0.0380687 1.28397
47 0.784531 0 0 -0.0127429 -0.0577752 1.00048
48 0 0 0 0 0 0
49 -8.86342 -21.977 -6.21514 -0.471874 -0.268748 0.218075
50 -0.49446 -2.33627 -0.838784 0 0 0
time 19
0 1.938 -1.56582 -7.2488 0 0 -0.814469
1 6.02794 0 0 -0.604008 0.596623 -1.0349
2 11.7344 0 0 -0.00140277 0 -0.896454
3 8.81138 -0.00044632 -0.000110626 0.101985 0 0.000157801
4 5.77839 0.000289917 0 0.0683301 0 0.000106162
5 2.23163 -0.000328064 -0.000364304 0.033655 0 0
6 11.4725 0 0 -0.274322 -1.23589 0.323896
7 0.615218 -0.993092 -0.810699 2.92227 0.454999 -0.33141
8 2.24752 0 0 0.0643999 0.0920016 -0.24525
9 1.11936 0 0 0.012409 0.0391455 -1.16006
10 3.71348 -0.10264 0.102192 1.44559 1.26927 -0.122845
11 1.72615 0 0 -0.013295 0.00454343 -1.35296
12 1.21114 0 0 -0.0138876 0.0108708 -1.50415
13 3.59919 -1.06012 0.0708885 1.59719 1.13552 0.0844628
14 1.66069 0 0 0.0206526 0.106434 -1.46129
15 1.167 0 0 0.140204 0.107864 -1.2636
16 2.18852 0.501041 0.0576591 1.58026 0.110062 0.0312637
17 1.29609 0 0 -0.0214551 0.0115006 -1.06235
18 1.62202 0.000712872 -0.000469208 -0.00756996 0.00444245 -1.4728
19 1.22241 0 0 -0.0469829 -0.00376783 -1.43289
20 1.76707 1.27612 0.0366402 1.57845 0.182304 -0.0214511
21 1.55587 0 0 -0.155246 -0.00355032 -0.857709
22 1.24273 0 0 -0.000505154 -0.000322986 -1.24825
23 0.784522 0 0 0.0082204 0.0140817 -0.754785
24 -1.93761 -1.56582 -7.2488 -0.000932534 0 -2.53187
25 6.02794 0 0 1.26337 0.978565 0.609857
26 11.7344 0 0 0.00140262 0 1.55824
27 8.81167 0 0 0.629302 0 0
28 5.77884 0 0 0.421632 0 0
29 2.23249 0 0 0.20767 0 0
30 11.4725 0 0 0.63204 -0.0250586 0.149383
31 0.615814 0.994373 -0.809164 -2.72226 0.463503 0.286233
32 2.24752 0 0 -0.0835969 0.0959307 0.272288
33 1.11936 0 0 -0.401236 0.450129 0.842933
34 3.71349 0.102639 0.10219 -1.41386 1.26431 0.0816937
35 1.72615 0 0 0.000698523 0.00024187 1.34896
36 1.21112 0 0 0.0115403 0.0133366 1.31081
37 3.5992 1.06012 0.0708885 -1.68043 1.04215 -0.112109
38 1.66069 0 0 0.0062071 0.00200651 1.47997
39 1.16699 0 0 -0.0701393 0.164234 1.21657
40 2.18853 -0.50104 0.0576611 -1.57605 0.00117785 -0.0469346
41 1.29609 0 0 -0.0326374 -0.0616158 1.17811
42 1.62201 -0.000715256 -0.000470161 -0.00508024 -0.00330944 1.42626
43 1.22241 0 0 0.0247017 -0.0856984 1.42308
44 1.76707 -1.27612 0.0366402 -1.56655 0.103701 0.0275534
45 1.55587 0 0 0.103891 -0.0756532 0.975564
46 1.24273 0 0 -0.00469948 -0.0380689 1.28397
47 0.784533 0 0 -0.0127428 -0.0577752 1.00048
48 0 0 0 0 0 0
49 -8.8536 -21.9759 -6.18903 -0.474787 -0.265467 0.218782
50 -0.49446 -2.33627 -0.838784 0 0 0
time 20
0 1.938 -1.56582 -7.2488 0 0 -0.814469
1 6.02794 0 0 -0.605801 0.594904 -1.03612
2 11.7344 0 0 -0.00140279 0 -0.893968
3 8.81138 -0.000452042 -0.00011158 0.0936688 0 0.000158494
4 5.77839 0.00028801 0 0.062758 0 0.000106669
5 2.23163 -0.000329971 -0.000362396 0.0309108 0 0
6 11.4725 0 0 -0.271558 -1.23722 0.317963
7 0.615219 -0.993092 -0.810699 2.92227 0.454999 -0.33141
8 2.24752 0 0 0.0643997 0.0920017 -0.245251
9 1.11936 0 0 0.012409 0.0391455 -1.16006
10 3.71348 -0.10264 0.10219 1.44559 1.26927 -0.122845
11 1.72615 0 0 -0.0132949 0.00454353 -1.35296
12 1.21114 0 0 -0.0138877 0.010871 -1.50415
13 3.59919 -1.06012 0.0708885 1.59719 1.13552 0.0844626
14 1.66069 0 0 0.0206526 0.106433 -1.46129
15 1.167 0 0 0.140204 0.107864 -1.2636
16 2.18852 0.50104 0.0576591 1.58026 0.110062 0.0312636
17 1.29609 0 0 -0.0214549 0.0115006 -1.06235
18 1.62201 0.000711441 -0.000471115 -0.00756991 0.00444261 -1.4728
19 1.22241 0 0 -0.046983 -0.00376778 -1.43289
20 1.76707 1.27612 0.0366402 1.57845 0.182304 -0.0214511
21 1.55587 0 0 -0.155246 -0.00355038 -0.857709
22 1.24273 0 0 -0.000505275 -0.000323074 -1.24825
23 0.784523 0 0 0.00822045 0.0140817 -0.754785
24 -1.93761 -1.56582 -7.2488 -0.000932534 0 -2.53187
25 6.02794 0 0 1.26439 0.976502 0.610918
26 11.7344 0 0 0.0014027 0 1.55738
27 8.81167 0 0 0.627312 0 0
28 5.77884 0 0 0.420299 0 0
29 2.23249 0 0 0.207013 0 0
30 11.4725 0 0 0.630248 -0.0241108 0.151298
31 0.615813 0.994372 -0.809166 -2.72226 0.463503 0.286233
32 2.24752 0 0 -0.083597 0.0959308 0.272288
33 1.11936 0 0 -0.401235 0.450129 0.842933
34 3.71349 0.102639 0.10219 -1.41386 1.26431 0.0816935
35 1.72615 0 0 0.000698365 0.000241767 1.34896
36 1.21112 0 0 0.0115403 0.0133365 1.31081
37 3.5992 1.06012 0.0708866 -1.68043 1.04215 -0.112109
38 1.66069 0 0 0.00620716 0.00200636 1.47997
39 1.16699 0 0 -0.0701393 0.164234 1.21657
40 2.18853 -0.501039 0.0576572 -1.57605 0.00117797 -0.0469347
41 1.29609 0 0 -0.0326375 -0.0616158 1.17811
42 1.62201 -0.000715256 -0.000470161 -0.00508032 -0.00330949 1.42626
43 1.22241 0 0 0.024702 -0.0856984 1.42308
44 1.76707 -1.27612 0.0366402 -1.56655 0.103701 0.0275535
45 1.55587 0 0 0.103891 -0.0756531 0.975564
46 1.24273 0 0 -0.00469962 -0.0380688 1.28397
47 0.784531 0 0 -0.0127431 -0.0577753 1.00048
48 0 0 0 0 0 0
49 -8.84181 -21.9748 -6.16022 -0.477332 -0.26262 0.219401
50 -0.49446 -2.33627 -0.838784 0 0 0
time 21
0 1.938 -1.56582 -7.2488 0 0 -0.814469
1 6.02794 0 0 -0.607328 0.593456 -1.03674
2 11.7344 0 0 -0.00140295 0 -0.892606
3 8.81138 -0.000450134 -0.00011158 0.0878819 0 0.000157259
4 5.77839 0.000284195 0 0.0588807 0 0.000105752
5 2.23163 -0.000328064 -0.00036335 0.0290011 0 0
6 11.4725 0 0 -0.268825 -1.23807 0.313019
7 0.61522 -0.993092 -0.810699 2.92227 0.454999 -0.331411
8 2.24752 0 0 0.0643998 0.0920017 -0.24525
9 1.11936 0 0 0.0124089 0.0391456 -1.16006
10 3.71348 -0.102642 0.10219 1.44559 1.26927 -0.122845
11 1.72615 0 0 -0.0132951 0.00454355 -1.35296
12 1.21114 0 0 -0.0138878 0.0108708 -1.50415
13 3.59919 -1.06012 0.0708866 1.59719 1.13552 0.0844626
14 1.66069 0 0 0.0206525 0.106434 -1.46129
15 1.167 0 0 0.140204 0.107864 -1.2636
16 2.18852 0.50104 0.0576591 1.58026 0.110062 0.0312635
17 1.29609 0 0 -0.0214549 0.0115007 -1.06235
18 1.62202 0.000714302 -0.000469208 -0.00756996 0.00444268 -1.4728
19 1.22241 0 0 -0.046983 -0.00376773 -1.43289
20 1.76707 1.27612 0.0366402 1.57845 0.182304 -0.0214511
21 1.55588 0 0 -0.155245 -0.00355039 -0.857709
22 1.24273 0 0 -0.00050522 -0.000322997 -1.24825
23 0.784523 0 0 0.00822041 0.0140819 -0.754785
24 -1.93761 -1.56582 -7.2488 -0.000932534 0 -2.53187
25 6.02794 0 0 1.26531 0.974503 0.61207
26 11.7344 0 0 0.00140267 0 1.55686
27 8.81167 0 0 0.625594 0 0
28 5.77884 0 0 0.419148 0 0
29 2.23249 0 0 0.206446 0 0
30 11.4725 0 0 0.628659 -0.0234407 0.152457
31 0.615813 0.994373 -0.809164 -2.72226 0.463503 0.286233
32 2.24752 0 0 -0.083597 0.0959307 0.272288
33 1.11936 0 0 -0.401235 0.450129 0.842934
34 3.71349 0.10264 0.10219 -1.41386 1.26431 0.0816936
35 1.72615 0 0 0.000698465 0.000241702 1.34896
36 1.21112 0 0 0.0115403 0.0133365 1.31081
37 3.5992 1.06012 0.0708885 -1.68043 1.04215 -0.112109
38 1.66069 0 0 0.00620717 0.00200644 1.47997
39 1.16699 0 0 -0.0701393 0.164234 1.21657
40 2.18853 -0.50104 0.0576591 -1.57605 0.00117797 -0.0469346
41 1.29609 0 0 -0.0326376 -0.0616158 1.17811
42 1.62201 -0.000713348 -0.000470161 -0.00508024 -0.00330962 1.42626
43 1.2224 0 0 0.024702 -0.0856983 1.42308
44 1.76707 -1.27612 0.0366402 -1.56655 0.103701 0.0275536
45 1.55588 0 0 0.103891 -0.0756531 0.975564
46 1.24273 0 0 -0.0046995 -0.0380689 1.28397
47 0.784533 0 0 -0.0127429 -0.0577752 1.00048
48 0 0 0 0 0 0
49 -8.82838 -21.974 -6.12976 -0.479513 -0.260209 0.219934
50 -0.49446 -2.33627 -0.838784 0 0 0
time 22
0 1.938 -1.56582 -7.2488 0 0 -0.814469
1 6.02794 0 0 -0.608581 0.592291 -1.03679
2 11.7344 0 0 -0.00140296 0 -0.892271
3 8.81138 -0.000450134 -0.000112534 0.0844479 0 0.000157888
4 5.77839 0.000286102 0 0.0565802 0 0.000106065
5 2.23163 -0.000329971 -0.000364304 0.0278677 0 0
6 11.4725 0 0 -0.26618 -1.23848 0.309043
7 0.615221 -0.99309 -0.810699 2.92227 0.454999 -0.33141
8 2.24752 0 0 0.0643998 0.0920015 -0.24525
9 1.11936 0 0 0.012409 0.0391455 -1.16006
10 3.71348 -0.10264 0.102192 1.44559 1.26927 -0.122846
11 1.72615 0 0 -0.013295 0.00454364 -1.35296
12 1.21113 0 0 -0.0138878 0.0108709 -1.50415
13 3.59919 -1.06012 0.0708904 1.59719 1.13552 0.0844621
14 1.66068 0 0 0.0206525 0.106434 -1.46129
15 1.167 0 0 0.140204 0.107864 -1.2636
16 2.18852 0.50104 0.0576591 1.58026 0.110062 0.0312636
17 1.29609 0 0 -0.0214549 0.0115007 -1.06235
18 1.62201 0.000714302 -0.000473022 -0.00756999 0.00444254 -1.4728
19 1.22241 0 0 -0.0469831 -0.00376785 -1.43289
20 1.76707 1.27612 0.0366421 1.57845 0.182304 -0.0214511
21 1.55588 0 0 -0.155246 -0.0035504 -0.857709
22 1.24273 0 0 -0.000505286 -0.000323008 -1.24825
23 0.784523 0 0 0.00822031 0.0140817 -0.754785
24 -1.93761 -1.56582 -7.2488 -0.000932534 0 -2.53187
25 6.02794 0 0 1.26612 0.972611 0.613282
26 11.7344 0 0 0.00140259 0 1.55665
27 8.81167 0 0 0.624148 0 0
28 5.77884 0 0 0.418179 0 0
29 2.23249 0 0 0.205969 0 0
30 11.4725 0 0 0.627275 -0.0230447 0.15294
31 0.615813 0.994372 -0.809164 -2.72226 0.463503 0.286233
32 2.24752 0 0 -0.0835968 0.0959307 0.272288
33 1.11936 0 0 -0.401235 0.450129 0.842934
34 3.71349 0.102639 0.10219 -1.41386 1.26431 0.0816937
35 1.72615 0 0 0.000698277 0.000241752 1.34896
36 1.21112 0 0 0.0115402 0.0133365 1.31081
37 3.5992 1.06012 0.0708885 -1.68043 1.04215 -0.112109
38 1.66069 0 0 0.00620716 0.00200654 1.47997
39 1.16699 0 0 -0.0701392 0.164234 1.21657
40 2.18853 -0.50104 0.0576572 -1.57605 0.00117794 -0.0469345
41 1.29609 0 0 -0.0326374 -0.0616158 1.17811
42 1.62201 -0.000711441 -0.000471115 -0.00508028 -0.00330949 1.42626
43 1.2224 0 0 0.0247021 -0.0856984 1.42308
44 1.76707 -1.27612 0.0366402 -1.56655 0.103701 0.0275537
45 1.55587 0 0 0.103891 -0.0756531 0.975564
46 1.24273 0 0 -0.00469953 -0.0380689 1.28397
47 0.784531 0 0 -0.012743 -0.0577749 1.00048
48 0 0 0 0 0 0
49 -8.8136 -21.9732 -6.09867 -0.481329 -0.258232 0.22038
50 -0.49446 -2.33627 -0.838784 0 0 0
time 23
0 1.938 -1.56582 -7.2488 0 0 -0.814469
1 6.02794 0 0 -0.609439 0.591531 -1.03617
2 11.7344 0 0 -0.00140284 0 -0.893171
3 8.81138 -0.000450134 -0.00011158 0.0839741 0 0.000158107
4 5.77839 0.000284195 0 0.0562625 0 0.000106412
5 2.23163 -0.000329971 -0.00036335 0.0277116 0 0
6 11.4725 0 0 -0.26378 -1.23836 0.30641
7 0.615219 -0.993092 -0.810701 2.92227 0.454999 -0.331411
8 2.24752 0 0 0.0643998 0.0920016 -0.24525
9 1.11936 0 0 0.0124088 0.0391454 -1.16006
10 3.71348 -0.102642 0.10219 1.44559 1.26927 -0.122847
11 1.72614 0 0 -0.0132949 0.00454361 -1.35296
12 1.21114 0 0 -0.0138877 0.0108709 -1.50415
13 3.59919 -1.06012 0.0708885 1.59719 1.13552 0.084462
14 1.66069 0 0 0.0206524 0.106433 -1.46129
15 1.167 0 0 0.140204 0.107864 -1.2636
16 2.18852 0.501038 0.0576591 1.58026 0.110062 0.0312637
17 1.29609 0 0 -0.021455 0.0115007 -1.06235
18 1.62202 0.000713825 -0.000469208 -0.00756998 0.00444243 -1.4728
19 1.22241 0 0 -0.0469829 -0.00376784 -1.43289
20 1.76707 1.27612 0.0366402 1.57845 0.182304 -0.0214512
21 1.55588 0 0 -0.155246 -0.00355042 -0.857709
22 1.24273 0 0 -0.00050514 -0.00032316 -1.24825
23 0.784523 0 0 0.00822039 0.0140818 -0.754785
24 -1.93761 -1.56582 -7.2488 -0.000932534 0 -2.53187
25 6.02794 0 0 1.26676 0.970952 0.614512
26 11.7344 0 0 0.0014027 0 1.55679
27 8.81167 0 0 0.623089 0 0
28 5.77884 0 0 0.41747 0 0
29 2.23249 0 0 0.20562 0 0
30 11.4725 0 0 0.626194 -0.0230146 0.152614
31 0.615813 0.994373 -0.809164 -2.72226 0.463503 0.286233
32 2.24752 0 0 -0.0835969 0.0959305 0.272288
33 1.11936 0 0 -0.401235 0.450129 0.842933
34 3.71349 0.102639 0.102192 -1.41386 1.26431 0.081693
35 1.72615 0 0 0.000698421 0.000241694 1.34896
36 1.21112 0 0 0.0115402 0.0133366 1.31081
37 3.5992 1.06012 0.0708885 -1.68043 1.04215 -0.112109
38 1.66069 0 0 0.00620718 0.00200643 1.47997
39 1.16699 0 0 -0.0701393 0.164234 1.21657
40 2.18853 -0.50104 0.0576572 -1.57605 0.0011779 -0.0469346
41 1.29609 0 0 -0.0326374 -0.0616158 1.17811
42 1.62201 -0.000715256 -0.000470161 -0.00508022 -0.00330951 1.42626
43 1.22241 0 0 0.024702 -0.0856983 1.42308
44 1.76707 -1.27612 0.0366421 -1.56655 0.103701 0.0275536
45 1.55587 0 0 0.103891 -0.075653 0.975564
46 1.24273 0 0 -0.00469955 -0.0380689 1.28397
47 0.784533 0 0 -0.0127429 -0.0577752 1.00048
48 0 0 0 0 0 0
49 -8.79784 -21.9726 -6.06861 -0.482627 -0.256876 0.220701
50 -0.49446 -2.33627 -0.838784 0 0 0
time 24
0 1.938 -1.56582 -7.2488 0 0 -0.814469
1 6.02794 0 0 -0.609847 0.591235 -1.03485
2 11.7344 0 0 -0.00140303 0 -0.895343
3 8.81138 -0.000450134 -0.000113487 0.0865848 0 0.000158299
4 5.77839 0.000286102 0 0.0580117 0 0.000106599
5 2.23163 -0.000328064 -0.000364304 0.0285731 0 0
6 11.4725 0 0 -0.261716 -1.23767 0.305261
7 0.615217 -0.993092 -0.810701 2.92227 0.454999 -0.33141
8 2.24752 0 0 0.0643998 0.0920015 -0.24525
9 1.11936 0 0 0.0124089 0.0391455 -1.16006
10 3.71348 -0.102642 0.10219 1.44559 1.26927 -0.122846
11 1.72615 0 0 -0.0132948 0.00454343 -1.35296
12 1.21114 0 0 -0.0138877 0.0108709 -1.50415
13 3.59919 -1.06012 0.0708885 1.59719 1.13552 0.0844622
14 1.66069 0 0 0.0206526 0.106434 -1.46129
15 1.167 0 0 0.140204 0.107864 -1.2636
16 2.18852 0.50104 0.0576572 1.58026 0.110062 0.0312638
17 1.29609 0 0 -0.0214548 0.0115006 -1.06235
18 1.62202 0.000714779 -0.000473022 -0.00756993 0.00444247 -1.4728
19 1.22241 0 0 -0.046983 -0.0037678 -1.43289
20 1.76707 1.27612 0.0366402 1.57845 0.182304 -0.0214508
21 1.55587 0 0 -0.155246 -0.00355041 -0.857709
22 1.24274 0 0 -0.000505192 -0.000323087 -1.24825
23 0.784523 0 0 0.00822046 0.0140818 -0.754785
24 -1.93761 -1.56582 -7.2488 -0.000932534 0 -2.53187
25 6.02794 0 0 1.2672 0.969604 0.615727
26 11.7344 0 0 0.00140274 0 1.55731
27 8.81167 0 0 0.622465 0 0
28 5.77884 0 0 0.417052 0 0
29 2.23249 0 0 0.205414 0 0
30 11.4725 0 0 0.625457 -0.0233887 0.151465
31 0.615813 0.994372 -0.809166 -2.72226 0.463503 0.286233
32 2.24752 0 0 -0.0835968 0.0959306 0.272288
33 1.11936 0 0 -0.401235 0.450129 0.842934
34 3.71349 0.102638 0.10219 -1.41386 1.26431 0.0816935
35 1.72615 0 0 0.000698491 0.000241638 1.34896
36 1.21112 0 0 0.0115402 0.0133365 1.31081
37 3.5992 1.06011 0.0708885 -1.68043 1.04215 -0.11211
38 1.66069 0 0 0.00620721 0.0020064 1.47997
39 1.16699 0 0 -0.0701393 0.164234 1.21657
40 2.18853 -0.50104 0.0576591 -1.57605 0.00117801 -0.0469347
41 1.29609 0 0 -0.0326376 -0.0616157 1.17811
42 1.62201 -0.000711441 -0.000469208 -0.00508018 -0.00330941 1.42626
43 1.2224 0 0 0.0247018 -0.0856985 1.42308
44 1.76707 -1.27612 0.0366421 -1.56655 0.103701 0.0275536
45 1.55588 0 0 0.103891 -0.075653 0.975564
46 1.24273 0 0 -0.00469956 -0.0380689 1.28397
47 0.784531 0 0 -0.0127429 -0.0577751 1.00048
48 0 0 0 0 0 0
49 -8.78141 -21.9723 -6.04089 -0.48334 -0.25622 0.22088
50 -0.49446 -2.33627 -0.838784 0 0 0
time 25
0 1.938 -1.56582 -7.2488 0 0 -0.814469
1 6.02794 0 0 -0.609884 0.591317 -1.033
2 11.7344 0 0 -0.00140289 0 -0.898438
3 8.81138 -0.000450134 -0.00011158 0.091383 0 0.00015752
4 5.77839 0.000286102 0 0.0612265 0 0.000105889
5 2.23163 -0.000329971 -0.000365257 0.0301565 0 0
6 11.4725 0 0 -0.259953 -1.23659 0.305239
7 0.615219 -0.993092 -0.810701 2.92227 0.454999 -0.33141
8 2.24752 0 0 0.0643999 0.0920014 -0.24525
9 1.11936 0 0 0.012409 0.0391455 -1.16006
10 3.71348 -0.102642 0.10219 1.44559 1.26927 -0.122846
11 1.72615 0 0 -0.013295 0.00454359 -1.35296
12 1.21114 0 0 -0.0138878 0.0108709 -1.50415
13 3.59919 -1.06012 0.0708866 1.59719 1.13552 0.0844631
14 1.66069 0 0 0.0206523 0.106434 -1.46129
15 1.16699 0 0 0.140204 0.107864 -1.2636
16 2.18852 0.501038 0.0576591 1.58026 0.110062 0.0312636
17 1.29609 0 0 -0.0214548 0.0115007 -1.06235
18 1.62202 0.000715256 -0.000471115 -0.00756998 0.00444243 -1.4728
19 1.22241 0 0 -0.0469829 -0.00376787 -1.43289
20 1.76707 1.27612 0.0366402 1.57845 0.182304 -0.021451
21 1.55587 0 0 -0.155246 -0.00355032 -0.857709
22 1.24273 0 0 -0.000505286 -0.000323008 -1.24825
23 0.784523 0 0 0.00822035 0.0140817 -0.754785
24 -1.93761 -1.56582 -7.2488 -0.000932534 0 -2.53187
25 6.02794 0 0 1.26744 0.968542 0.61691
26 11.7344 0 0 0.0014027 0 1.55809
27 8.81167 0 0 0.62217 0 0
28 5.77884 0 0 0.416854 0 0
29 2.23249 0 0 0.205316 0 0
30 11.4725 0 0 0.624987 -0.0240801 0.149759
31 0.615812 0.994371 -0.809164 -2.72226 0.463503 0.286233
32 2.24752 0 0 -0.0835971 0.0959306 0.272288
33 1.11936 0 0 -0.401235 0.450129 0.842934
34 3.71349 0.102638 0.10219 -1.41386 1.26431 0.0816931
35 1.72615 0 0 0.000698398 0.000241713 1.34896
36 1.21112 0 0 0.0115402 0.0133365 1.31081
37 3.5992 1.06012 0.0708866 -1.68043 1.04215 -0.112109
38 1.66069 0 0 0.00620707 0.00200637 1.47997
39 1.16699 0 0 -0.0701393 0.164234 1.21657
40 2.18853 -0.501041 0.0576591 -1.57605 0.00117802 -0.0469345
41 1.29609 0 0 -0.0326374 -0.0616158 1.17811
42 1.62201 -0.000711441 -0.000470161 -0.00508024 -0.00330944 1.42626
43 1.22241 0 0 0.0247019 -0.0856983 1.42308
44 1.76707 -1.27612 0.0366402 -1.56655 0.103701 0.0275537
45 1.55587 0 0 0.103891 -0.0756531 0.975564
46 1.24273 0 0 -0.00469957 -0.0380688 1.28397
47 0.784531 0 0 -0.0127428 -0.0577753 1.00048
48 0 0 0 0 0 0
49 -8.76458 -21.9722 -6.016 -0.483603 -0.256105 0.22095
50 -0.49446 -2.33627 -0.838784 0 0 0
time 26
0 1.938 -1.56582 -7.2488 0 0 -0.814469
1 6.02794 0 0 -0.609652 0.591673 -1.03083
2 11.7344 0 0 -0.00140285 0 -0.902039
3 8.81138 -0.000450134 -0.000112534 0.0973617 0 0.00015815
4 5.77839 0.000286102 0 0.0652324 0 0.000106391
5 2.23163 -0.000328064 -0.00036335 0.0321294 0 0
6 11.4725 0 0 -0.258443 -1.23528 0.305941
7 0.615221 -0.99309 -0.810701 2.92227 0.454999 -0.331411
8 2.24752 0 0 0.0643998 0.0920016 -0.24525
9 1.11936 0 0 0.012409 0.0391455 -1.16006
10 3.71348 -0.10264 0.10219 1.44559 1.26927 -0.122845
11 1.72615 0 0 -0.0132949 0.00454349 -1.35296
12 1.21114 0 0 -0.0138878 0.0108709 -1.50415
13 3.59919 -1.06012 0.0708885 1.59719 1.13552 0.084463
14 1.66068 0 0 0.0206527 0.106434 -1.46129
15 1.167 0 0 0.140204 0.107864 -1.2636
16 2.18852 0.50104 0.0576572 1.58026 0.110062 0.0312636
17 1.29609 0 0 -0.0214549 0.0115006 -1.06235
18 1.62202 0.000714302 -0.000469208 -0.00756996 0.00444241 -1.4728
19 1.22241 0 0 -0.0469828 -0.00376768 -1.43289
20 1.76706 1.27612 0.0366402 1.57845 0.182304 -0.0214511
21 1.55588 0 0 -0.155246 -0.00355035 -0.857709
22 1.24273 0 0 -0.000505244 -0.000323015 -1.24825
23 0.784523 0 0 0.00822035 0.0140817 -0.754785
24 -1.93761 -1.56582 -7.2488 -0.000932534 0 -2.53187
25 6.02794 0 0 1.26754 0.967736 0.618048
26 11.7344 0 0 0.00140256 0 1.55901
27 8.81167 0 0 0.622099 0 0
28 5.77884 0 0 0.416806 0 0
29 2.23249 0 0 0.205293 0 0
30 11.4725 0 0 0.624703 -0.0250023 0.147757
31 0.615812 0.994373 -0.809166 -2.72226 0.463503 0.286233
32 2.24752 0 0 -0.083597 0.0959306 0.272288
33 1.11936 0 0 -0.401235 0.450129 0.842933
34 3.71349 0.10264 0.10219 -1.41386 1.26431 0.0816929
35 1.72615 0 0 0.000698505 0.000241751 1.34896
36 1.21112 0 0 0.0115403 0.0133367 1.31081
37 3.5992 1.06012 0.0708866 -1.68043 1.04215 -0.112109
38 1.66069 0 0 0.00620707 0.00200648 1.47997
39 1.16699 0 0 -0.0701393 0.164233 1.21657
40 2.18853 -0.501038 0.0576572 -1.57605 0.00117816 -0.0469345
41 1.29609 0 0 -0.0326374 -0.0616157 1.17811
42 1.62201 -0.000711441 -0.000469208 -0.00508022 -0.00330951 1.42626
43 1.2224 0 0 0.024702 -0.0856984 1.42308
44 1.76707 -1.27612 0.0366402 -1.56655 0.103701 0.0275536
45 1.55587 0 0 0.103891 -0.0756531 0.975564
46 1.24273 0 0 -0.00469941 -0.0380688 1.28397
47 0.784529 0 0 -0.0127428 -0.0577753 1.00048
48 0 0 0 0 0 0
49 -8.74759 -21.9722 -5.99444 -0.48355 -0.256375 0.220948
50 -0.49446 -2.33627 -0.838784 0 0 0
time 27
0 1.938 -1.56582 -7.2488 0 0 -0.814469
1 6.02794 0 0 -0.609218 0.592224 -1.02851
2 11.7344 0 0 -0.00140293 0 -0.905827
3 8.81138 -0.000450134 -0.00011158 0.1037 0 0.000158035
4 5.77839 0.000286102 0 0.0694787 0 0.000106391
5 2.23163 -0.000331879 -0.00036335 0.0342208 0 0
6 11.4725 0 0 -0.257149 -1.23391 0.307024
7 0.615219 -0.993092 -0.810699 2.92227 0.454999 -0.331411
8 2.24752 0 0 0.0643999 0.0920015 -0.24525
9 1.11936 0 0 0.0124091 0.0391456 -1.16006
10 3.71348 -0.102642 0.102192 1.44559 1.26927 -0.122845
11 1.72615 0 0 -0.0132949 0.00454344 -1.35296
12 1.21114 0 0 -0.0138877 0.0108709 -1.50415
13 3.59919 -1.06012 0.0708885 1.59719 1.13552 0.0844632
14 1.66069 0 0 0.0206523 0.106433 -1.46129
15 1.167 0 0 0.140204 0.107864 -1.2636
16 2.18852 0.501038 0.0576591 1.58026 0.110062 0.0312636
17 1.29609 0 0 -0.021455 0.0115008 -1.06235
18 1.62202 0.000712872 -0.000469208 -0.00757009 0.00444229 -1.4728
19 1.22241 0 0 -0.0469826 -0.00376798 -1.43289
20 1.76707 1.27612 0.0366402 1.57845 0.182304 -0.0214509
21 1.55588 0 0 -0.155246 -0.00355042 -0.857709
22 1.24273 0 0 -0.00050533 -0.00032315 -1.24825
23 0.784523 0 0 0.00822035 0.0140815 -0.754785
24 -1.93761 -1.56582 -7.2488 -0.000932534 0 -2.53187
25 6.02794 0 0 1.2675 0.967162 0.619122
26 11.7344 0 0 0.00140264 0 1.55996
27 8.81167 0 0 0.622147 0 0
28 5.77884 0 0 0.416839 0 0
29 2.23249 0 0 0.205309 0 0
30 11.4725 0 0 0.624527 -0.0260679 0.145727
31 0.615813 0.994371 -0.809164 -2.72226 0.463503 0.286233
32 2.24752 0 0 -0.083597 0.0959306 0.272288
33 1.11936 0 0 -0.401235 0.450129 0.842934
34 3.71348 0.10264 0.10219 -1.41386 1.26431 0.0816931
35 1.72615 0 0 0.000698277 0.000241657 1.34896
36 1.21112 0 0 0.0115405 0.0133364 1.31081
37 3.5992 1.06012 0.0708885 -1.68043 1.04215 -0.112109
38 1.66069 0 0 0.00620723 0.00200642 1.47997
39 1.16699 0 0 -0.0701394 0.164234 1.21657
40 2.18853 -0.50104 0.0576591 -1.57605 0.00117799 -0.0469345
41 1.29609 0 0 -0.0326373 -0.0616158 1.17811
42 1.62201 -0.000709534 -0.000470161 -0.00508033 -0.00330932 1.42626
43 1.22241 0 0 0.024702 -0.0856984 1.42308
44 1.76707 -1.27612 0.0366421 -1.56655 0.103701 0.0275537
45 1.55588 0 0 0.103891 -0.075653 0.975564
46 1.24273 0 0 -0.0046995 -0.0380687 1.28397
47 0.784533 0 0 -0.0127429 -0.0577752 1.00048
48 0 0 0 0 0 0
49 -8.73067 -21.9722 -5.97671 -0.483315 -0.256871 0.220905
50 -0.49446 -2.33627 -0.838784 0 0 0
time 28
0 1.938 -1.56582 -7.2488 0 0 -0.814469
1 6.02794 0 0 -0.60867 0.592879 -1.02621
2 11.7344 0 0 -0.0014029 0 -0.909433
3 8.81138 -0.000450134 -0.00011158 0.109521 0 0.000158412
4 5.77839 0.000286102 0 0.073379 0 0.000106714
5 2.23163 -0.000328064 -0.00036335 0.0361418 0 0
6 11.4725 0 0 -0.256025 -1.23264 0.308108
7 0.615217 -0.99309 -0.810699 2.92227 0.454999 -0.33141
8 2.24752 0 0 0.0643999 0.0920016 -0.24525
9 1.11936 0 0 0.012409 0.0391455 -1.16006
10 3.71348 -0.10264 0.10219 1.44559 1.26927 -0.122845
11 1.72615 0 0 -0.013295 0.00454352 -1.35296
12 1.21113 0 0 -0.0138875 0.0108708 -1.50415
13 3.59919 -1.06012 0.0708866 1.59719 1.13552 0.0844623
14 1.66068 0 0 0.0206526 0.106433 -1.46129
15 1.167 0 0 0.140204 0.107864 -1.2636
16 2.18852 0.50104 0.0576591 1.58026 0.110062 0.0312639
17 1.29609 0 0 -0.021455 0.0115007 -1.06235
18 1.62201 0.000713348 -0.000469208 -0.00756995 0.00444258 -1.4728
19 1.22241 0 0 -0.0469827 -0.0037679 -1.43289
20 1.76707 1.27612 0.0366402 1.57845 0.182304 -0.0214509
21 1.55587 0 0 -0.155246 -0.00355033 -0.857709
22 1.24274 0 0 -0.000505354 -0.000323167 -1.24825
23 0.784523 0 0 0.00822038 0.0140817 -0.754785
24 -1.93761 -1.56582 -7.2488 -0.000932534 0 -2.53187
25 6.02794 0 0 1.26735 0.966794 0.620115
26 11.7344 0 0 0.00140271 0 1.56082
27 8.81167 0 0 0.622214 0 0
28 5.77884 0 0 0.416884 0 0
29 2.23249 0 0 0.205331 0 0
30 11.4725 0 0 0.62438 -0.0271896 0.143931
31 0.615812 0.994373 -0.809164 -2.72226 0.463503 0.286233
32 2.24752 0 0 -0.083597 0.0959306 0.272288
33 1.11936 0 0 -0.401235 0.450129 0.842934
34 3.71348 0.10264 0.102192 -1.41386 1.26431 0.0816932
35 1.72615 0 0 0.000698402 0.000241671 1.34896
36 1.21112 0 0 0.0115404 0.0133366 1.31081
37 3.5992 1.06012 0.0708885 -1.68043 1.04215 -0.112109
38 1.66069 0 0 0.0062072 0.00200651 1.47997
39 1.16699 0 0 -0.0701395 0.164234 1.21657
40 2.18853 -0.50104 0.0576591 -1.57605 0.00117794 -0.0469346
41 1.29609 0 0 -0.0326376 -0.0616157 1.17811
42 1.62201 -0.000713348 -0.000470161 -0.00508024 -0.00330944 1.42626
43 1.2224 0 0 0.0247019 -0.0856984 1.42308
44 1.76707 -1.27612 0.0366402 -1.56655 0.103701 0.0275535
45 1.55588 0 0 0.103891 -0.075653 0.975564
46 1.24273 0 0 -0.00469952 -0.0380689 1.28397
47 0.784534 0 0 -0.0127428 -0.0577751 1.00048
48 0 0 0 0 0 0
49 -8.71408 -21.9723 -5.96331 -0.483032 -0.257435 0.220858
50 -0.49446 -2.33627 -0.838784 0 0 0
time 29
0 1.938 -1.56582 -7.2488 0 0 -0.814469
1 6.02794 0 0 -0.608088 0.593552 -1.02412
2 11.7344 0 0 -0.0014029 0 -0.912503
3 8.81138 -0.000450134 -0.00011158 0.114009 0 0.000157859
4 5.77839 0.000286102 0 0.0763861 0 0.000106291
5 2.23163 -0.000328064 -0.00036335 0.0376231 0 0
6 11.4725 0 0 -0.255031 -1.23164 0.308828
7 0.615221 -0.993092 -0.810701 2.92227 0.454999 -0.33141
8 2.24752 0 0 0.0643999 0.0920015 -0.24525
9 1.11936 0 0 0.012409 0.0391456 -1.16006
10 3.71348 -0.10264 0.10219 1.44559 1.26927 -0.122845
11 1.72615 0 0 -0.013295 0.00454351 -1.35296
12 1.21114 0 0 -0.0138876 0.0108708 -1.50415
13 3.59919 -1.06012 0.0708885 1.59719 1.13552 0.0844632
14 1.66068 0 0 0.0206524 0.106434 -1.46129
15 1.167 0 0 0.140204 0.107864 -1.2636
16 2.18852 0.50104 0.0576591 1.58026 0.110062 0.0312638
17 1.29609 0 0 -0.021455 0.0115008 -1.06235
18 1.62202 0.000714302 -0.000469208 -0.00757011 0.00444239 -1.4728
19 1.22241 0 0 -0.0469827 -0.00376804 -1.43289
20 1.76707 1.27612 0.0366421 1.57845 0.182304 -0.0214508
21 1.55588 0 0 -0.155246 -0.00355024 -0.857709
22 1.24273 0 0 -0.000505348 -0.000323126 -1.24825
23 0.784523 0 0 0.00822039 0.0140818 -0.754785
24 -1.93761 -1.56582 -7.2488 -0.000932534 0 -2.53187
25 6.02794 0 0 1.26713 0.966607 0.621008
26 11.7344 0 0 0.00140263 0 1.56148
27 8.81167 0 0 0.622198 0 0
28 5.77884 0 0 0.416873 0 0
29 2.23249 0 0 0.205325 0 0
30 11.4725 0 0 0.624181 -0.0282785 0.142632
31 0.615812 0.994371 -0.809164 -2.72226 0.463503 0.286233
32 2.24752 0 0 -0.0835969 0.0959305 0.272288
33 1.11936 0 0 -0.401235 0.450129 0.842934
34 3.71348 0.10264 0.10219 -1.41386 1.26431 0.0816928
35 1.72615 0 0 0.000698451 0.000241875 1.34896
36 1.21112 0 0 0.0115403 0.0133366 1.31081
37 3.5992 1.06012 0.0708885 -1.68043 1.04215 -0.112109
38 1.66069 0 0 0.0062072 0.0020064 1.47997
39 1.16699 0 0 -0.0701393 0.164234 1.21657
40 2.18853 -0.50104 0.0576591 -1.57605 0.00117807 -0.0469345
41 1.29609 0 0 -0.0326374 -0.0616158 1.17811
42 1.62201 -0.000713348 -0.000470161 -0.00508005 -0.00330945 1.42626
43 1.2224 0 0 0.024702 -0.0856982 1.42308
44 1.76707 -1.27612 0.0366421 -1.56655 0.103701 0.0275537
45 1.55588 0 0 0.103891 -0.0756531 0.975564
46 1.24273 0 0 -0.00469937 -0.0380689 1.28397
47 0.784531 0 0 -0.0127429 -0.0577751 1.00048
48 0 0 0 0 0 0
49 -8.69805 -21.9724 -5.95473 -0.482835 -0.257908 0.22084
50 -0.49446 -2.33627 -0.838784 0 0 0
time 30
0 1.938 -1.56582 -7.2488 0 0 -0.814469
1 6.02794 0 0 -0.60755 0.594158 -1.02241
2 11.7344 0 0 -0.00140287 0 -0.914687
3 8.81138 -0.000450134 -0.000113487 0.116363 0 0.000158206
4 5.77839 0.000286102 0 0.0779634 0 0.0001066
5 2.23163 -0.000328064 -0.000365257 0.0383998 0 0
6 11.4725 0 0 -0.254129 -1.23107 0.308825
7 0.615218 -0.993093 -0.810698 2.92227 0.454999 -0.33141
8 2.24752 0 0 0.0643998 0.0920015 -0.24525
9 1.11936 0 0 0.012409 0.0391455 -1.16006
10 3.71348 -0.102642 0.102192 1.44559 1.26927 -0.122844
11 1.72614 0 0 -0.0132949 0.00454353 -1.35296
12 1.21113 0 0 -0.0138875 0.0108707 -1.50415
13 3.59919 -1.06012 0.0708885 1.59719 1.13552 0.0844631
14 1.66068 0 0 0.0206524 0.106433 -1.46129
15 1.167 0 0 0.140204 0.107864 -1.2636
16 2.18852 0.501038 0.0576591 1.58026 0.110062 0.0312637
17 1.29609 0 0 -0.0214549 0.0115008 -1.06235
18 1.62202 0.000714779 -0.000473022 -0.00757013 0.00444233 -1.4728
19 1.22241 0 0 -0.0469828 -0.00376806 -1.43289
20 1.76707 1.27612 0.0366421 1.57845 0.182304 -0.0214509
21 1.55588 0 0 -0.155246 -0.00355026 -0.857709
22 1.24273 0 0 -0.000505292 -0.000323049 -1.24825
23 0.784523 0 0 0.00822041 0.0140817 -0.754785
24 -1.93761 -1.56582 -7.2488 -0.000932534 0 -2.53187
25 6.02794 0 0 1.26685 0.966574 0.621782
26 11.7344 0 0 0.00140263 0 1.56183
27 8.81167 0 0 0.622 0 0
28 5.77884 0 0 0.41674 0 0
29 2.23249 0 0 0.20526 0 0
30 11.4725 0 0 0.623851 -0.0292449 0.142096
31 0.615811 0.994372 -0.809166 -2.72226 0.463503 0.286233
32 2.24752 0 0 -0.0835969 0.0959307 0.272288
33 1.11936 0 0 -0.401235 0.450129 0.842933
34 3.71349 0.102639 0.10219 -1.41386 1.26431 0.0816927
35 1.72615 0 0 0.000698346 0.000241887 1.34896
36 1.21112 0 0 0.0115403 0.0133364 1.31081
37 3.5992 1.06012 0.0708885 -1.68043 1.04215 -0.112109
38 1.66069 0 0 0.00620727 0.00200644 1.47997
39 1.16699 0 0 -0.0701393 0.164234 1.21657
40 2.18853 -0.50104 0.0576591 -1.57605 0.00117788 -0.0469346
41 1.29609 0 0 -0.0326373 -0.0616158 1.17811
42 1.62201 -0.000711441 -0.000469208 -0.00508027 -0.00330939 1.42626
43 1.22241 0 0 0.0247019 -0.0856982 1.42308
44 1.76707 -1.27612 0.0366421 -1.56655 0.103701 0.0275535
45 1.55588 0 0 0.103891 -0.0756531 0.975564
46 1.24273 0 0 -0.00469962 -0.0380688 1.28397
47 0.784533 0 0 -0.0127428 -0.0577753 1.00048
48 0 0 0 0 0 0
49 -8.68284 -21.9724 -5.95148 -0.482858 -0.258133 0.220885
50 -0.49446 -2.33627 -0.838784 0 0 0
time 31
0 1.938 -1.56582 -7.2488 0 0 -0.814469
1 6.02794 0 0 -0.607059 0.594714 -1.02077
2 11.7344 0 0 -0.0014029 0 -0.916351
3 8.81138 -0.000450134 -0.000113487 0.117682 0 0.00015767
4 5.77839 0.000286102 0 0.078847 0 0.000106244
5 2.23164 -0.000329971 -0.000364304 0.038835 0 0
6 11.4725 0 0 -0.25209 -1.23073 0.307232
7 0.615219 -0.993092 -0.810701 2.92227 0.454999 -0.33141
8 2.24752 0 0 0.0643998 0.0920015 -0.24525
9 1.11935 0 0 0.012409 0.0391455 -1.16006
10 3.71348 -0.102642 0.10219 1.44559 1.26927 -0.122846
11 1.72615 0 0 -0.0132948 0.00454335 -1.35296
12 1.21114 0 0 -0.0138876 0.0108709 -1.50415
13 3.59919 -1.06012 0.0708866 1.59719 1.13552 0.0844627
14 1.66069 0 0 0.0206525 0.106434 -1.46129
15 1.167 0 0 0.140204 0.107864 -1.2636
16 2.18852 0.501038 0.0576591 1.58026 0.110062 0.0312637
17 1.29609 0 0 -0.0214551 0.0115007 -1.06235
18 1.62202 0.000714302 -0.000469208 -0.00757002 0.00444239 -1.4728
19 1.22241 0 0 -0.0469829 -0.00376782 -1.43289
20 1.76707 1.27612 0.0366402 1.57845 0.182304 -0.021451
21 1.55588 0 0 -0.155246 -0.00355043 -0.857709
22 1.24273 0 0 -0.000505244 -0.000323015 -1.24825
23 0.784523 0 0 0.00822044 0.0140817 -0.754785
24 -1.93761 -1.56582 -7.2488 -0.000932534 0 -2.53187
25 6.02794 0 0 1.26652 0.966586 0.622603
26 11.7344 0 0 0.00140279 0 1.56184
27 8.81167 0 0 0.621844 0 0
28 5.77884 0 0 0.416636 0 0
29 2.23249 0 0 0.205209 0 0
30 11.4725 0 0 0.623577 -0.0304252 0.142339
31 0.615813 0.994372 -0.809166 -2.72226 0.463503 0.286233
32 2.24752 0 0 -0.0835968 0.0959306 0.272288
33 1.11936 0 0 -0.401235 0.450129 0.842933
34 3.71349 0.102639 0.10219 -1.41386 1.26431 0.0816934
35 1.72615 0 0 0.000698291 0.000241722 1.34896
36 1.21112 0 0 0.0115403 0.0133365 1.31081
37 3.5992 1.06012 0.0708885 -1.68043 1.04215 -0.112109
38 1.66069 0 0 0.00620721 0.00200635 1.47997
39 1.16699 0 0 -0.0701392 0.164234 1.21657
40 2.18853 -0.50104 0.0576591 -1.57605 0.00117788 -0.0469345
41 1.29609 0 0 -0.0326374 -0.0616158 1.17811
42 1.62202 -0.000711441 -0.000470161 -0.00508035 -0.00330952 1.42626
43 1.2224 0 0 0.0247018 -0.0856985 1.42308
44 1.76707 -1.27612 0.0366421 -1.56655 0.103701 0.0275536
45 1.55587 0 0 0.103891 -0.075653 0.975564
46 1.24273 0 0 -0.00469945 -0.0380689 1.28397
47 0.784533 0 0 -0.0127429 -0.0577752 1.00048
48 0 0 0 0 0 0
49 -8.66761 -21.9722 -5.95168 -0.483347 -0.258393 0.221089
50 -0.49446 -2.33627 -0.838784 0 0 0
time 32
0 1.938 -1.56582 -7.2488 0 0 -0.814469
1 6.02794 0 0 -0.606562 0.595294 -1.01887
2 11.7344 0 0 -0.0014029 0 -0.918048
3 8.81138 -0.000450134 -0.000109673 0.119447 0 0.000157882
4 5.77839 0.000286102 0 0.0800294 0 0.000106138
5 2.23164 -0.000328064 -0.000362396 0.0394173 0 0
6 11.4725 0 0 -0.248061 -1.23033 0.303736
7 0.615219 -0.993092 -0.810699 2.92227 0.454999 -0.331411
8 2.24752 0 0 0.0643999 0.0920016 -0.24525
9 1.11936 0 0 0.012409 0.0391455 -1.16006
10 3.71348 -0.102642 0.10219 1.44559 1.26927 -0.122846
11 1.72615 0 0 -0.0132949 0.00454368 -1.35296
12 1.21114 0 0 -0.0138876 0.0108708 -1.50415
13 3.59919 -1.06012 0.0708885 1.59719 1.13552 0.0844627
14 1.66069 0 0 0.0206526 0.106434 -1.46129
15 1.167 0 0 0.140204 0.107864 -1.2636
16 2.18852 0.501038 0.0576591 1.58026 0.110062 0.0312638
17 1.29609 0 0 -0.021455 0.0115006 -1.06235
18 1.62202 0.000713825 -0.000473022 -0.00756983 0.00444253 -1.4728
19 1.22241 0 0 -0.0469828 -0.00376769 -1.43289
20 1.76707 1.27612 0.0366421 1.57845 0.182304 -0.0214508
21 1.55588 0 0 -0.155245 -0.00355046 -0.857709
22 1.24274 0 0 -0.000505209 -0.000323063 -1.24825
23 0.784523 0 0 0.00822047 0.0140818 -0.754785
24 -1.93761 -1.56582 -7.2488 -0.000932534 0 -2.53187
25 6.02794 0 0 1.26614 0.966565 0.623606
26 11.7344 0 0 0.00140266 0 1.56162
27 8.81167 0 0 0.62198 0 0
28 5.77884 0 0 0.416727 0 0
29 2.23249 0 0 0.205253 0 0
30 11.4725 0 0 0.623566 -0.0321221 0.143139
31 0.615812 0.994373 -0.809164 -2.72226 0.463503 0.286233
32 2.24752 0 0 -0.0835969 0.0959307 0.272288
33 1.11936 0 0 -0.401236 0.450129 0.842934
34 3.71349 0.102639 0.102192 -1.41386 1.26431 0.0816935
35 1.72615 0 0 0.0006985 0.000241793 1.34896
36 1.21112 0 0 0.0115402 0.0133366 1.31081
37 3.5992 1.06012 0.0708885 -1.68043 1.04215 -0.112109
38 1.66069 0 0 0.00620717 0.00200644 1.47997
39 1.16699 0 0 -0.0701393 0.164234 1.21657
40 2.18853 -0.50104 0.0576591 -1.57605 0.00117791 -0.0469344
41 1.29609 0 0 -0.0326374 -0.0616156 1.17811
42 1.62201 -0.000715256 -0.000470161 -0.00508025 -0.00330949 1.42626
43 1.22241 0 0 0.024702 -0.0856984 1.42308
44 1.76707 -1.27612 0.0366402 -1.56655 0.103701 0.0275536
45 1.55588 0 0 0.103891 -0.0756529 0.975564
46 1.24273 0 0 -0.00469956 -0.0380688 1.28397
47 0.784533 0 0 -0.0127428 -0.0577752 1.00048
48 0 0 0 0 0 0
49 -8.65167 -21.9719 -5.95325 -0.484368 -0.259017 0.221494
50 -0.49446 -2.33627 -0.838784 0 0 0
time 33
0 1.938 -1.56582 -7.2488 0 0 -0.814469
1 6.02794 0 0 -0.60606 0.59589 -1.01679
2 11.7344 0 0 -0.00140288 0 -0.919709
3 8.81138 -0.000450134 -0.00011158 0.121448 0 0.000157996
4 5.77839 0.000284195 0 0.0813703 0 0.000106409
5 2.23163 -0.000331879 -0.000364304 0.0400779 0 0
6 11.4725 0 0 -0.242568 -1.2299 0.298805
7 0.615217 -0.993092 -0.810701 2.92227 0.454999 -0.33141
8 2.24752 0 0 0.0643999 0.0920016 -0.24525
9 1.11936 0 0 0.012409 0.0391455 -1.16006
10 3.71348 -0.102642 0.102192 1.44559 1.26927 -0.122845
11 1.72615 0 0 -0.0132948 0.00454349 -1.35296
12 1.21114 0 0 -0.0138878 0.0108711 -1.50415
13 3.59919 -1.06012 0.0708885 1.59719 1.13552 0.0844628
14 1.66068 0 0 0.0206525 0.106434 -1.46129
15 1.167 0 0 0.140204 0.107864 -1.2636
16 2.18852 0.50104 0.0576591 1.58026 0.110062 0.0312635
17 1.29609 0 0 -0.021455 0.0115007 -1.06235
18 1.62202 0.000712872 -0.000469208 -0.00756988 0.00444259 -1.4728
19 1.22241 0 0 -0.0469828 -0.00376765 -1.43289
20 1.76707 1.27612 0.0366402 1.57845 0.182304 -0.0214509
21 1.55587 0 0 -0.155246 -0.00355039 -0.857709
22 1.24273 0 0 -0.000505216 -0.000323104 -1.24825
23 0.784524 0 0 0.00822036 0.0140818 -0.754785
24 -1.93761 -1.56582 -7.2488 -0.000932534 0 -2.53187
25 6.02794 0 0 1.26572 0.966543 0.624727
26 11.7344 0 0 0.00140277 0 1.5612
27 8.81167 0 0 0.622341 0 0
28 5.77884 0 0 0.416968 0 0
29 2.23249 0 0 0.205372 0 0
30 11.4725 0 0 0.623758 -0.0341977 0.144399
31 0.615814 0.994372 -0.809166 -2.72226 0.463503 0.286233
32 2.24752 0 0 -0.0835969 0.0959305 0.272288
33 1.11936 0 0 -0.401236 0.450129 0.842933
34 3.71348 0.102639 0.10219 -1.41386 1.26431 0.0816931
35 1.72615 0 0 0.000698367 0.00024177 1.34896
36 1.21112 0 0 0.0115404 0.0133365 1.31081
37 3.5992 1.06012 0.0708866 -1.68043 1.04215 -0.112109
38 1.66069 0 0 0.00620726 0.0020064 1.47997
39 1.16699 0 0 -0.0701393 0.164234 1.21657
40 2.18853 -0.501039 0.0576591 -1.57605 0.00117802 -0.0469346
41 1.29609 0 0 -0.0326375 -0.0616157 1.17811
42 1.62201 -0.000713348 -0.000468254 -0.00508033 -0.00330954 1.42626
43 1.22241 0 0 0.0247018 -0.0856985 1.42308
44 1.76707 -1.27612 0.0366402 -1.56655 0.103701 0.0275536
45 1.55588 0 0 0.103891 -0.0756529 0.975564
46 1.24273 0 0 -0.00469957 -0.0380689 1.28397
47 0.784534 0 0 -0.0127429 -0.0577753 1.00048
48 0 0 0 0 0 0
49 -8.63548 -21.9716 -5.95638 -0.485789 -0.259918 0.22205
50 -0.49446 -2.33627 -0.838784 0 0 0
time 34
0 1.938 -1.56582 -7.2488 0 0 -0.814469
1 6.02794 0 0 -0.60555 0.596498 -1.01464
2 11.7344 0 0 -0.00140276 0 -0.921266
3 8.81138 -0.000450134 -0.000113487 0.12348 0 0.000158309
4 5.77839 0.000286102 0 0.0827316 0 0.000106758
5 2.23163 -0.000328064 -0.000366211 0.0407485 0 0
6 11.4725 0 0 -0.236131 -1.22948 0.2929
7 0.615219 -0.99309 -0.810701 2.92227 0.454999 -0.33141
8 2.24752 0 0 0.0643998 0.0920015 -0.24525
9 1.11936 0 0 0.012409 0.0391454 -1.16006
10 3.71348 -0.10264 0.10219 1.44559 1.26927 -0.122846
11 1.72615 0 0 -0.013295 0.00454354 -1.35296
12 1.21114 0 0 -0.0138878 0.0108708 -1.50415
13 3.59919 -1.06012 0.0708866 1.59719 1.13552 0.0844626
14 1.66068 0 0 0.0206526 0.106433 -1.46129
15 1.167 0 0 0.140204 0.107864 -1.2636
16 2.18852 0.50104 0.0576591 1.58026 0.110062 0.0312639
17 1.29609 0 0 -0.021455 0.0115007 -1.06235
18 1.62202 0.000713348 -0.000469208 -0.00756998 0.00444243 -1.4728
19 1.22241 0 0 -0.0469829 -0.00376782 -1.43289
20 1.76707 1.27612 0.0366421 1.57845 0.182304 -0.0214509
21 1.55588 0 0 -0.155246 -0.00355031 -0.857709
22 1.24274 0 0 -0.000505326 -0.000323257 -1.24825
23 0.784523 0 0 0.00822046 0.0140817 -0.754785
24 -1.93761 -1.56582 -7.2488 -0.000932534 0 -2.53187
25 6.02794 0 0 1.26526 0.966546 0.625898
26 11.7344 0 0 0.00140262 0 1.56063
27 8.81167 0 0 0.622862 0 0
28 5.77884 0 0 0.417318 0 0
29 2.23249 0 0 0.205544 0 0
30 11.4725 0 0 0.624096 -0.0365135 0.146018
31 0.615812 0.994371 -0.809164 -2.72226 0.463503 0.286233
32 2.24752 0 0 -0.083597 0.0959306 0.272288
33 1.11936 0 0 -0.401235 0.450129 0.842933
34 3.71349 0.102639 0.102192 -1.41386 1.26431 0.0816934
35 1.72615 0 0 0.000698446 0.000241774 1.34896
36 1.21112 0 0 0.0115402 0.0133367 1.31081
37 3.5992 1.06012 0.0708885 -1.68043 1.04215 -0.112109
38 1.66069 0 0 0.00620721 0.00200639 1.47997
39 1.16699 0 0 -0.0701393 0.164234 1.21657
40 2.18853 -0.50104 0.0576591 -1.57605 0.00117795 -0.0469347
41 1.29609 0 0 -0.0326374 -0.0616159 1.17811
42 1.62201 -0.000711441 -0.000471115 -0.00508013 -0.00330959 1.42626
43 1.2224 0 0 0.0247019 -0.0856984 1.42308
44 1.76707 -1.27612 0.0366421 -1.56655 0.103701 0.0275537
45 1.55587 0 0 0.103891 -0.0756531 0.975564
46 1.24273 0 0 -0.00469945 -0.0380689 1.28397
47 0.784531 0 0 -0.0127429 -0.0577752 1.00048
48 0 0 0 0 0 0
49 -8.61948 -21.9712 -5.96127 -0.487475 -0.261008 0.222709
50 -0.49446 -2.33627 -0.838784 0 0 0
time 35
0 1.938 -1.56582 -7.2488 0 0 -0.814469
1 6.02794 0 0 -0.605032 0.597111 -1.01251
2 11.7344 0 0 -0.00140276 0 -0.922653
3 8.81138 -0.000450134 -0.000112534 0.125341 0 0.000157861
4 5.77839 0.000286102 0 0.0839786 0 0.000106397
5 2.23163 -0.000328064 -0.000364304 0.0413626 0 0
6 11.4725 0 0 -0.229267 -1.22909 0.286481
7 0.615221 -0.99309 -0.810699 2.92227 0.454999 -0.33141
8 2.24752 0 0 0.0643999 0.0920015 -0.24525
9 1.11936 0 0 0.012409 0.0391456 -1.16006
10 3.71348 -0.10264 0.10219 1.44559 1.26927 -0.122845
11 1.72615 0 0 -0.013295 0.00454348 -1.35296
12 1.21114 0 0 -0.0138877 0.0108707 -1.50415
13 3.59919 -1.06012 0.0708866 1.59719 1.13552 0.0844625
14 1.66069 0 0 0.0206525 0.106434 -1.46129
15 1.167 0 0 0.140204 0.107864 -1.2636
16 2.18852 0.50104 0.0576591 1.58026 0.110062 0.0312636
17 1.29609 0 0 -0.0214551 0.0115007 -1.06235
18 1.62202 0.000715256 -0.000469208 -0.00757011 0.00444231 -1.4728
19 1.22241 0 0 -0.0469827 -0.00376807 -1.43289
20 1.76707 1.27612 0.0366402 1.57845 0.182304 -0.021451
21 1.55588 0 0 -0.155246 -0.00355032 -0.857709
22 1.24273 0 0 -0.000505251 -0.000323056 -1.24825
23 0.784523 0 0 0.00822041 0.0140818 -0.754785
24 -1.93761 -1.56582 -7.2488 -0.000932534 0 -2.53187
25 6.02794 0 0 1.26477 0.966605 0.627055
26 11.7344 0 0 0.00140257 0 1.55993
27 8.81167 0 0 0.623477 0 0
28 5.77884 0 0 0.41773 0 0
29 2.23249 0 0 0.205748 0 0
30 11.4725 0 0 0.624523 -0.0389334 0.147899
31 0.615814 0.994372 -0.809166 -2.72226 0.463503 0.286233
32 2.24752 0 0 -0.083597 0.0959307 0.272288
33 1.11936 0 0 -0.401236 0.450129 0.842934
34 3.71348 0.10264 0.10219 -1.41386 1.26431 0.0816945
35 1.72615 0 0 0.000698477 0.000241764 1.34896
36 1.21112 0 0 0.0115402 0.0133365 1.31081
37 3.5992 1.06012 0.0708866 -1.68043 1.04215 -0.112109
38 1.66069 0 0 0.00620729 0.00200633 1.47997
39 1.16699 0 0 -0.0701393 0.164234 1.21657
40 2.18853 -0.501038 0.0576572 -1.57605 0.00117799 -0.0469345
41 1.29609 0 0 -0.0326375 -0.0616157 1.17811
42 1.62202 -0.000713348 -0.000470161 -0.00508006 -0.00330951 1.42626
43 1.22241 0 0 0.0247019 -0.0856984 1.42308
44 1.76707 -1.27612 0.0366383 -1.56655 0.103701 0.0275536
45 1.55587 0 0 0.103891 -0.075653 0.975564
46 1.24273 0 0 -0.00469953 -0.0380689 1.28397
47 0.784533 0 0 -0.0127428 -0.0577753 1.00048
48 0 0 0 0 0 0
49 -8.60415 -21.9708 -5.96811 -0.489292 -0.262199 0.223423
50 -0.49446 -2.33627 -0.838784 0 0 0
time 36
0 1.938 -1.56582 -7.2488 0 0 -0.814469
1 6.02794 0 0 -0.604502 0.597726 -1.0105
2 11.7344 0 0 -0.00140293 0 -0.923805
3 8.81138 -0.000450134 -0.00011158 0.126838 0 0.000158454
4 5.77839 0.000284195 0 0.0849812 0 0.000106866
5 2.23163 -0.000329971 -0.000365257 0.0418566 0 0
6 11.4725 0 0 -0.222491 -1.22877 0.280007
7 0.615221 -0.993092 -0.810701 2.92227 0.454999 -0.33141
8 2.24752 0 0 0.0644 0.0920014 -0.24525
9 1.11936 0 0 0.0124089 0.0391455 -1.16006
10 3.71348 -0.102642 0.10219 1.44559 1.26927 -0.122845
11 1.72614 0 0 -0.0132949 0.00454334 -1.35296
12 1.21114 0 0 -0.0138877 0.0108708 -1.50415
13 3.59919 -1.06012 0.0708885 1.59719 1.13552 0.0844621
14 1.66069 0 0 0.0206528 0.106434 -1.46129
15 1.167 0 0 0.140204 0.107864 -1.2636
16 2.18853 0.501038 0.0576572 1.58026 0.110062 0.0312638
17 1.29609 0 0 -0.0214549 0.0115006 -1.06235
18 1.62201 0.000713348 -0.000469208 -0.00756981 0.0044425 -1.4728
19 1.22241 0 0 -0.046983 -0.00376782 -1.43289
20 1.76707 1.27612 0.0366421 1.57845 0.182304 -0.0214509
21 1.55587 0 0 -0.155246 -0.00355045 -0.857709
22 1.24273 0 0 -0.000505327 -0.000323001 -1.24825
23 0.784523 0 0 0.00822042 0.0140817 -0.754785
24 -1.93761 -1.56582 -7.2488 -0.000932534 0 -2.53187
25 6.02794 0 0 1.26426 0.966748 0.628132
26 11.7344 0 0 0.0014028 0 1.55916
27 8.81167 0 0 0.624121 0 0
28 5.77884 0 0 0.418161 0 0
29 2.23249 0 0 0.20596 0 0
30 11.4725 0 0 0.624982 -0.0413202 0.149944
31 0.615812 0.994372 -0.809164 -2.72226 0.463503 0.286233
32 2.24752 0 0 -0.0835969 0.0959305 0.272288
33 1.11936 0 0 -0.401235 0.450129 0.842933
34 3.71349 0.102639 0.102192 -1.41386 1.26431 0.0816937
35 1.72615 0 0 0.000698342 0.000241786 1.34896
36 1.21112 0 0 0.0115403 0.0133367 1.31081
37 3.5992 1.06012 0.0708904 -1.68043 1.04215 -0.112109
38 1.66069 0 0 0.00620727 0.00200635 1.47997
39 1.16699 0 0 -0.0701394 0.164234 1.21657
40 2.18853 -0.501039 0.0576591 -1.57605 0.00117793 -0.0469344
41 1.29609 0 0 -0.0326375 -0.0616158 1.17811
42 1.62202 -0.000711441 -0.000469208 -0.00508023 -0.00330947 1.42626
43 1.22241 0 0 0.0247021 -0.0856982 1.42308
44 1.76707 -1.27612 0.0366421 -1.56655 0.103701 0.0275536
45 1.55588 0 0 0.103891 -0.0756531 0.975564
46 1.24273 0 0 -0.00469965 -0.0380688 1.28397
47 0.784531 0 0 -0.0127428 -0.0577753 1.00048
48 0 0 0 0 0 0
49 -8.58992 -21.9704 -5.97709 -0.491108 -0.263405 0.224144
50 -0.49446 -2.33627 -0.838784 0 0 0
time 37
0 1.938 -1.56582 -7.2488 0 0 -0.814469
1 6.02794 0 0 -0.603835 0.598451 -1.00864
2 11.7344 0 0 -0.00140295 0 -0.924591
3 8.81138 -0.000450134 -0.000112534 0.127304 0 0.000157277
4 5.77839 0.000286102 0 0.0852937 0 0.000106042
5 2.23163 -0.000328064 -0.000364304 0.0420104 0 0
6 11.4725 0 0 -0.216393 -1.22867 0.273826
7 0.615217 -0.99309 -0.810701 2.92227 0.454999 -0.33141
8 2.24752 0 0 0.0643998 0.0920016 -0.24525
9 1.11936 0 0 0.0124089 0.0391456 -1.16006
10 3.71348 -0.10264 0.10219 1.44559 1.26927 -0.122846
11 1.72615 0 0 -0.0132948 0.00454362 -1.35296
12 1.21114 0 0 -0.0138877 0.010871 -1.50415
13 3.59919 -1.06012 0.0708885 1.59719 1.13552 0.084462
14 1.66069 0 0 0.0206528 0.106434 -1.46129
15 1.167 0 0 0.140204 0.107864 -1.2636
16 2.18853 0.50104 0.0576572 1.58026 0.110062 0.0312635
17 1.29609 0 0 -0.021455 0.0115005 -1.06235
18 1.62202 0.000712872 -0.000471115 -0.00756983 0.00444236 -1.4728
19 1.22241 0 0 -0.0469829 -0.00376765 -1.43289
20 1.76707 1.27612 0.0366402 1.57845 0.182304 -0.0214511
21 1.55588 0 0 -0.155246 -0.00355045 -0.857709
22 1.24274 0 0 -0.000505213 -0.000322956 -1.24825
23 0.784523 0 0 0.00822035 0.0140818 -0.754785
24 -1.93761 -1.56582 -7.2488 -0.000932534 0 -2.53187
25 6.02794 0 0 1.26362 0.967164 0.629061
26 11.7344 0 0 0.00140284 0 1.55828
27 8.81167 0 0 0.624669 0 0
28 5.77884 0 0 0.418528 0 0
29 2.23249 0 0 0.206141 0 0
30 11.4725 0 0 0.625361 -0.04363 0.152281
31 0.615813 0.994371 -0.809166 -2.72226 0.463503 0.286233
32 2.24752 0 0 -0.0835969 0.0959307 0.272288
33 1.11936 0 0 -0.401236 0.450129 0.842933
34 3.71348 0.102639 0.10219 -1.41386 1.26431 0.0816934
35 1.72615 0 0 0.000698325 0.000241861 1.34896
36 1.21112 0 0 0.0115403 0.0133366 1.31081
37 3.5992 1.06012 0.0708866 -1.68043 1.04215 -0.112109
38 1.66069 0 0 0.00620702 0.00200638 1.47997
39 1.16699 0 0 -0.0701393 0.164234 1.21657
40 2.18853 -0.50104 0.0576572 -1.57605 0.00117788 -0.0469346
41 1.29609 0 0 -0.0326374 -0.0616158 1.17811
42 1.62201 -0.000713348 -0.000471115 -0.00508028 -0.00330953 1.42626
43 1.22241 0 0 0.0247019 -0.0856985 1.42308
44 1.76707 -1.27612 0.0366402 -1.56655 0.103701 0.0275535
45 1.55587 0 0 0.103891 -0.075653 0.975564
46 1.24273 0 0 -0.00469954 -0.0380689 1.28397
47 0.784531 0 0 -0.0127428 -0.0577752 1.00048
48 0 0 0 0 0 0
49 -8.57611 -21.9701 -5.99178 -0.492787 -0.264539 0.224822
50 -0.49446 -2.33627 -0.838784 0 0 0
time 38
0 1.938 -1.56582 -7.2488 0 0 -0.814469
1 6.02794 0 0 -0.602944 0.599359 -1.00693
2 11.7344 0 0 -0.00140285 0 -0.92498
3 8.81138 -0.000450134 -0.000112534 0.126343 0 0.000158084
4 5.77839 0.000286102 0 0.0846498 0 0.000106485
5 2.23163 -0.000328064 -0.000364304 0.0416933 0 0
6 11.4725 0 0 -0.21151 -1.22886 0.268344
7 0.615217 -0.993092 -0.810699 2.92227 0.454999 -0.331411
8 2.24752 0 0 0.0643998 0.0920015 -0.24525
9 1.11936 0 0 0.012409 0.0391453 -1.16006
10 3.71348 -0.102642 0.102192 1.44559 1.26927 -0.122846
11 1.72615 0 0 -0.0132949 0.00454348 -1.35296
12 1.21114 0 0 -0.0138876 0.0108709 -1.50415
13 3.59919 -1.06012 0.0708885 1.59719 1.13552 0.0844622
14 1.66068 0 0 0.0206526 0.106433 -1.46129
15 1.167 0 0 0.140204 0.107864 -1.2636
16 2.18852 0.501041 0.0576591 1.58026 0.110062 0.0312635
17 1.29609 0 0 -0.0214549 0.0115006 -1.06235
18 1.62202 0.000714302 -0.000469208 -0.00756994 0.0044423 -1.4728
19 1.22241 0 0 -0.0469827 -0.00376782 -1.43289
20 1.76707 1.27612 0.0366421 1.57845 0.182304 -0.0214511
21 1.55588 0 0 -0.155245 -0.00355033 -0.857708
22 1.24273 0 0 -0.000505105 -0.000323208 -1.24825
23 0.784523 0 0 0.00822049 0.0140817 -0.754785
24 -1.93761 -1.56582 -7.2488 -0.000932534 0 -2.53187
25 6.02794 0 0 1.26279 0.967963 0.629797
26 11.7344 0 0 0.00140266 0 1.55731
27 8.81167 0 0 0.625013 0 0
28 5.77884 0 0 0.418758 0 0
29 2.23249 0 0 0.206254 0 0
30 11.4725 0 0 0.625557 -0.0458025 0.154915
31 0.615812 0.994371 -0.809164 -2.72226 0.463503 0.286233
32 2.24752 0 0 -0.0835969 0.0959306 0.272288
33 1.11936 0 0 -0.401235 0.450129 0.842933
34 3.71349 0.102639 0.10219 -1.41386 1.26431 0.0816934
35 1.72615 0 0 0.000698374 0.000241684 1.34896
36 1.21112 0 0 0.0115404 0.0133367 1.31081
37 3.5992 1.06012 0.0708885 -1.68043 1.04215 -0.112109
38 1.66069 0 0 0.00620733 0.00200646 1.47997
39 1.16699 0 0 -0.0701393 0.164234 1.21657
40 2.18853 -0.501041 0.0576591 -1.57605 0.00117795 -0.0469346
41 1.29609 0 0 -0.0326375 -0.0616158 1.17811
42 1.62201 -0.000715256 -0.000471115 -0.00508019 -0.00330948 1.42626
43 1.2224 0 0 0.0247019 -0.0856985 1.42308
44 1.76707 -1.27612 0.0366402 -1.56655 0.103701 0.0275535
45 1.55588 0 0 0.103891 -0.075653 0.975564
46 1.24273 0 0 -0.00469951 -0.0380688 1.28397
47 0.784533 0 0 -0.0127429 -0.0577753 1.00048
48 0 0 0 0 0 0
49 -8.56202 -21.9699 -6.01404 -0.494195 -0.265513 0.22541
50 -0.49446 -2.33627 -0.838784 0 0 0
time 39
0 1.938 -1.56582 -7.2488 0 0 -0.814469
1 6.02794 0 0 -0.601886 0.600397 -1.00544
2 11.7344 0 0 -0.00140292 0 -0.925055
3 8.81138 -0.000450134 -0.000113487 0.12418 0 0.000157795
4 5.77839 0.000284195 0 0.0832009 0 0.000106413
5 2.23163 -0.000329971 -0.000364304 0.0409795 0 0
6 11.4725 0 0 -0.208267 -1.22932 0.264093
7 0.615219 -0.99309 -0.810699 2.92227 0.454999 -0.33141
8 2.24752 0 0 0.0643999 0.0920015 -0.24525
9 1.11936 0 0 0.0124089 0.0391453 -1.16006
10 3.71348 -0.10264 0.102192 1.44559 1.26927 -0.122846
11 1.72615 0 0 -0.013295 0.00454352 -1.35296
12 1.21114 0 0 -0.0138878 0.0108708 -1.50415
13 3.59919 -1.06012 0.0708885 1.59719 1.13552 0.0844623
14 1.66068 0 0 0.0206525 0.106434 -1.46129
15 1.167 0 0 0.140204 0.107864 -1.2636
16 2.18852 0.50104 0.0576591 1.58026 0.110062 0.0312637
17 1.29609 0 0 -0.0214549 0.0115008 -1.06235
18 1.62202 0.000715256 -0.000473022 -0.00757014 0.00444261 -1.4728
19 1.22241 0 0 -0.046983 -0.003768 -1.43289
20 1.76707 1.27612 0.0366402 1.57845 0.182304 -0.0214511
21 1.55587 0 0 -0.155245 -0.00355023 -0.857709
22 1.24274 0 0 -0.000505321 -0.000322959 -1.24825
23 0.784523 0 0 0.00822028 0.0140818 -0.754785
24 -1.93761 -1.56582 -7.2488 -0.000932534 0 -2.53187
25 6.02794 0 0 1.26184 0.969062 0.630314
26 11.7344 0 0 0.00140281 0 1.55635
27 8.81167 0 0 0.625107 0 0
28 5.77884 0 0 0.418821 0 0
29 2.23249 0 0 0.206285 0 0
30 11.4725 0 0 0.625533 -0.0476763 0.157563
31 0.615815 0.994373 -0.809166 -2.72226 0.463503 0.286233
32 2.24752 0 0 -0.0835969 0.0959305 0.272288
33 1.11936 0 0 -0.401235 0.450129 0.842934
34 3.71349 0.10264 0.102192 -1.41386 1.26431 0.0816937
35 1.72615 0 0 0.000698402 0.000241862 1.34896
36 1.21112 0 0 0.0115403 0.0133364 1.31081
37 3.5992 1.06012 0.0708885 -1.68043 1.04215 -0.112109
38 1.66069 0 0 0.00620708 0.00200654 1.47997
39 1.16699 0 0 -0.0701394 0.164234 1.21657
40 2.18853 -0.501038 0.0576591 -1.57605 0.00117782 -0.0469345
41 1.29609 0 0 -0.0326373 -0.0616157 1.17811
42 1.62202 -0.000715256 -0.000470161 -0.00508024 -0.0033094 1.42626
43 1.22241 0 0 0.0247018 -0.0856984 1.42308
44 1.76707 -1.27612 0.0366402 -1.56655 0.103701 0.0275538
45 1.55588 0 0 0.103891 -0.0756531 0.975564
46 1.24273 0 0 -0.00469933 -0.038069 1.28397
47 0.784534 0 0 -0.0127429 -0.0577752 1.00048
48 0 0 0 0 0 0
49 -8.54809 -21.9699 -6.04148 -0.495198 -0.266241 0.22586
50 -0.49446 -2.33627 -0.838784 0 0 0
time 40
0 1.938 -1.56582 -7.2488 0 0 -0.814469
1 6.02794 0 0 -0.600715 0.601507 -1.00423
2 11.7344 0 0 -0.00140295 0 -0.924897
3 8.81138 -0.000450134 -0.00011158 0.121017 0 0.000157475
4 5.77839 0.000286102 0 0.0810816 0 0.000106036
5 2.23163 -0.000329971 -0.00036335 0.0399357 0 0
6 11.4725 0 0 -0.207101 -1.22999 0.261619
7 0.615217 -0.993092 -0.810698 2.92227 0.454999 -0.33141
8 2.24752 0 0 0.0643999 0.0920015 -0.24525
9 1.11936 0 0 0.012409 0.0391455 -1.16006
10 3.71348 -0.102642 0.102192 1.44559 1.26927 -0.122845
11 1.72615 0 0 -0.013295 0.00454348 -1.35296
12 1.21114 0 0 -0.0138878 0.0108709 -1.50415
13 3.59919 -1.06012 0.0708885 1.59719 1.13552 0.0844628
14 1.66068 0 0 0.0206526 0.106433 -1.46129
15 1.167 0 0 0.140204 0.107864 -1.2636
16 2.18852 0.50104 0.0576611 1.58026 0.110062 0.0312637
17 1.29609 0 0 -0.0214549 0.0115006 -1.06235
18 1.62202 0.000714302 -0.000469208 -0.00756971 0.00444239 -1.4728
19 1.22241 0 0 -0.0469827 -0.00376758 -1.43289
20 1.76707 1.27612 0.0366421 1.57845 0.182304 -0.021451
21 1.55588 0 0 -0.155246 -0.00355037 -0.857709
22 1.24274 0 0 -0.000505168 -0.00032307 -1.24825
23 0.784523 0 0 0.00822042 0.0140817 -0.754785
24 -1.93761 -1.56582 -7.2488 -0.000932534 0 -2.53187
25 6.02794 0 0 1.26083 0.970377 0.630589
26 11.7344 0 0 0.00140263 0 1.55552
27 8.81167 0 0 0.624903 0 0
28 5.77884 0 0 0.418685 0 0
29 2.23249 0 0 0.206218 0 0
30 11.4725 0 0 0.625251 -0.0490893 0.159944
31 0.615812 0.994371 -0.809166 -2.72226 0.463503 0.286233
32 2.24752 0 0 -0.0835969 0.0959307 0.272288
33 1.11936 0 0 -0.401235 0.450129 0.842933
34 3.71349 0.102638 0.102192 -1.41386 1.26431 0.0816934
35 1.72615 0 0 0.000698319 0.000241852 1.34896
36 1.21112 0 0 0.0115403 0.0133366 1.31081
37 3.5992 1.06012 0.0708866 -1.68043 1.04215 -0.112109
38 1.66069 0 0 0.00620736 0.00200636 1.47997
39 1.16699 0 0 -0.0701392 0.164234 1.21657
40 2.18853 -0.50104 0.0576572 -1.57605 0.00117804 -0.0469346
41 1.29609 0 0 -0.0326375 -0.0616158 1.17811
42 1.62202 -0.000715256 -0.000469208 -0.00508033 -0.00330959 1.42626
43 1.22241 0 0 0.0247019 -0.0856984 1.42308
44 1.76707 -1.27612 0.0366402 -1.56655 0.103701 0.0275536
45 1.55587 0 0 0.103891 -0.075653 0.975564
46 1.24273 0 0 -0.00469957 -0.0380688 1.28397
47 0.784531 0 0 -0.0127429 -0.0577752 1.00048
48 0 0 0 0 0 0
49 -8.53478 -21.9699 -6.07173 -0.49566 -0.266637 0.226121
50 -0.49446 -2.33627 -0.838784 0 0 0
time 41
0 1.938 -1.56582 -7.2488 0 0 -0.814469
1 6.02794 0 0 -0.599487 0.602637 -1.00337
2 11.7344 0 0 -0.00140292 0 -0.924597
3 8.81138 -0.000450134 -0.000112534 0.117066 0 0.000157794
4 5.77839 0.000286102 0 0.0784346 0 0.000106188
5 2.23163 -0.000328064 -0.00036335 0.0386318 0 0
6 11.4725 0 0 -0.208461 -1.23084 0.261479
7 0.615218 -0.993092 -0.810699 2.92227 0.454999 -0.33141
8 2.24752 0 0 0.0643998 0.0920015 -0.24525
9 1.11936 0 0 0.012409 0.0391454 -1.16006
10 3.71348 -0.102642 0.102192 1.44559 1.26927 -0.122845
11 1.72615 0 0 -0.013295 0.0045437 -1.35296
12 1.21113 0 0 -0.0138876 0.0108707 -1.50415
13 3.59919 -1.06012 0.0708866 1.59719 1.13552 0.0844622
14 1.66068 0 0 0.0206522 0.106434 -1.46129
15 1.167 0 0 0.140204 0.107864 -1.2636
16 2.18852 0.501038 0.0576591 1.58026 0.110062 0.0312636
17 1.2961 0 0 -0.0214549 0.0115007 -1.06235
18 1.62201 0.000714779 -0.000471115 -0.00757009 0.00444237 -1.4728
19 1.22241 0 0 -0.0469828 -0.00376789 -1.43289
20 1.76707 1.27612 0.0366421 1.57845 0.182304 -0.021451
21 1.55587 0 0 -0.155246 -0.00355025 -0.857708
22 1.24273 0 0 -0.000505334 -0.000323043 -1.24825
23 0.784523 0 0 0.00822038 0.0140818 -0.754785
24 -1.93761 -1.56582 -7.2488 -0.000932534 0 -2.53187
25 6.02794 0 0 1.25983 0.971828 0.630594
26 11.7344 0 0 0.00140259 0 1.55493
27 8.81167 0 0 0.624357 0 0
28 5.77884 0 0 0.418319 0 0
29 2.23249 0 0 0.206038 0 0
30 11.4725 0 0 0.624677 -0.0498781 0.161773
31 0.615813 0.994372 -0.809164 -2.72226 0.463503 0.286233
32 2.24752 0 0 -0.0835969 0.0959306 0.272288
33 1.11936 0 0 -0.401235 0.450129 0.842934
34 3.71349 0.102638 0.102192 -1.41386 1.26431 0.0816938
35 1.72615 0 0 0.000698433 0.000241804 1.34896
36 1.21112 0 0 0.0115403 0.0133366 1.31081
37 3.5992 1.06012 0.0708885 -1.68043 1.04215 -0.112109
38 1.66069 0 0 0.00620715 0.00200644 1.47997
39 1.16699 0 0 -0.0701393 0.164234 1.21657
40 2.18853 -0.50104 0.0576591 -1.57605 0.00117793 -0.0469345
41 1.29609 0 0 -0.0326376 -0.0616157 1.17811
42 1.62201 -0.000713348 -0.000471115 -0.00508035 -0.00330943 1.42626
43 1.22241 0 0 0.024702 -0.0856984 1.42308
44 1.76707 -1.27612 0.0366421 -1.56655 0.103701 0.0275536
45 1.55588 0 0 0.103891 -0.0756531 0.975564
46 1.24273 0 0 -0.00469949 -0.0380689 1.28397
47 0.784533 0 0 -0.0127429 -0.0577753 1.00048
48 0 0 0 0 0 0
49 -8.52252 -21.9701 -6.1024 -0.495447 -0.266614 0.226147
50 -0.49446 -2.33627 -0.838784 0 0 0
time 42
0 1.938 -1.56582 -7.2488 0 0 -0.814469
1 6.02794 0 0 -0.59826 0.603731 -1.00294
2 11.7344 0 0 -0.00140284 0 -0.924241
3 8.81138 -0.000450134 -0.00011158 0.112534 0 0.000157728
4 5.77839 0.000286102 0 0.0753979 0 0.00010617
5 2.23163 -0.000328064 -0.00036335 0.0371362 0 0
6 11.4725 0 0 -0.212802 -1.23182 0.264236
7 0.615218 -0.993092 -0.810699 2.92227 0.454999 -0.331411
8 2.24752 0 0 0.0643998 0.0920017 -0.24525
9 1.11936 0 0 0.0124089 0.0391455 -1.16006
10 3.71348 -0.10264 0.10219 1.44559 1.26927 -0.122846
11 1.72614 0 0 -0.0132948 0.00454337 -1.35296
12 1.21114 0 0 -0.0138877 0.010871 -1.50415
13 3.59919 -1.06012 0.0708885 1.59719 1.13552 0.0844626
14 1.66069 0 0 0.0206526 0.106434 -1.46129
15 1.167 0 0 0.140204 0.107864 -1.2636
16 2.18852 0.50104 0.0576591 1.58026 0.110062 0.0312637
17 1.29609 0 0 -0.0214549 0.0115007 -1.06235
18 1.62202 0.000713825 -0.000469208 -0.00756993 0.00444255 -1.4728
19 1.22241 0 0 -0.046983 -0.0037678 -1.43289
20 1.76707 1.27612 0.0366402 1.57845 0.182304 -0.021451
21 1.55588 0 0 -0.155246 -0.00355033 -0.857709
22 1.24273 0 0 -0.000505206 -0.000322914 -1.24825
23 0.784523 0 0 0.00822044 0.0140817 -0.754785
24 -1.93761 -1.56582 -7.2488 -0.000932534 0 -2.53187
25 6.02794 0 0 1.2589 0.973335 0.630304
26 11.7344 0 0 0.00140265 0 1.5547
27 8.81167 0 0 0.623419 0 0
28 5.77884 0 0 0.417691 0 0
29 2.23249 0 0 0.205728 0 0
30 11.4725 0 0 0.623772 -0.0498837 0.162764
31 0.615814 0.994371 -0.809162 -2.72226 0.463503 0.286233
32 2.24752 0 0 -0.0835971 0.0959308 0.272288
33 1.11936 0 0 -0.401236 0.450129 0.842933
34 3.71349 0.102638 0.102192 -1.41386 1.26431 0.0816943
35 1.72615 0 0 0.000698419 0.000241787 1.34896
36 1.21112 0 0 0.0115403 0.0133365 1.31081
37 3.5992 1.06012 0.0708904 -1.68043 1.04215 -0.112109
38 1.66069 0 0 0.00620716 0.00200637 1.47997
39 1.16699 0 0 -0.0701393 0.164234 1.21657
40 2.18853 -0.501038 0.0576591 -1.57605 0.00117799 -0.0469345
41 1.29609 0 0 -0.0326373 -0.0616157 1.17811
42 1.62201 -0.000715256 -0.000471115 -0.00508028 -0.00330939 1.42626
43 1.22241 0 0 0.024702 -0.0856986 1.42308
44 1.76707 -1.27612 0.0366421 -1.56655 0.103701 0.0275536
45 1.55588 0 0 0.103891 -0.0756529 0.975564
46 1.24273 0 0 -0.0046996 -0.0380689 1.28397
47 0.784533 0 0 -0.0127428 -0.0577753 1.00048
48 0 0 0 0 0 0
49 -8.51178 -21.9706 -6.13112 -0.494424 -0.266084 0.225888
50 -0.49446 -2.33627 -0.838784 0 0 0
time 43
0 1.938 -1.56582 -7.2488 0 0 -0.814469
1 6.02794 0 0 -0.597093 0.604739 -1.00299
2 11.7344 0 0 -0.00140295 0 -0.923919
3 8.81138 -0.000450134 -0.00011158 0.107638 0 0.000158019
4 5.77839 0.000286102 0 0.0721177 0 0.000106376
5 2.23163 -0.000328064 -0.000364304 0.0355206 0 0
6 11.4725 0 0 -0.220585 -1.23287 0.270459
7 0.615219 -0.993088 -0.810701 2.92227 0.454999 -0.331411
8 2.24752 0 0 0.0643998 0.0920015 -0.24525
9 1.11936 0 0 0.0124091 0.0391454 -1.16006
10 3.71348 -0.102638 0.10219 1.44559 1.26927 -0.122846
11 1.72615 0 0 -0.0132949 0.00454348 -1.35296
12 1.21114 0 0 -0.0138875 0.0108709 -1.50415
13 3.59919 -1.06012 0.0708885 1.59719 1.13552 0.0844621
14 1.66069 0 0 0.0206525 0.106434 -1.46129
15 1.167 0 0 0.140204 0.107864 -1.2636
16 2.18852 0.501041 0.0576591 1.58026 0.110062 0.0312635
17 1.29609 0 0 -0.021455 0.0115008 -1.06235
18 1.62202 0.000715733 -0.000471115 -0.00757007 0.00444262 -1.4728
19 1.22241 0 0 -0.0469829 -0.00376784 -1.43289
20 1.76707 1.27612 0.0366421 1.57845 0.182304 -0.0214511
21 1.55588 0 0 -0.155246 -0.00355023 -0.857708
22 1.24273 0 0 -0.000505323 -0.000323108 -1.24825
23 0.784523 0 0 0.0082203 0.0140817 -0.754785
24 -1.93761 -1.56582 -7.2488 -0.000932534 0 -2.53187
25 6.02794 0 0 1.2581 0.974821 0.629692
26 11.7344 0 0 0.00140263 0 1.55493
27 8.81167 0 0 0.622042 0 0
28 5.77884 0 0 0.416768 0 0
29 2.23249 0 0 0.205274 0 0
30 11.4725 0 0 0.622496 -0.0489461 0.162629
31 0.615811 0.994373 -0.809164 -2.72226 0.463503 0.286233
32 2.24752 0 0 -0.083597 0.0959306 0.272288
33 1.11936 0 0 -0.401235 0.450129 0.842933
34 3.71349 0.10264 0.102192 -1.41386 1.26431 0.081694
35 1.72615 0 0 0.000698416 0.000241641 1.34896
36 1.21112 0 0 0.0115403 0.0133366 1.31081
37 3.5992 1.06012 0.0708866 -1.68043 1.04215 -0.112109
38 1.66069 0 0 0.00620718 0.00200647 1.47997
39 1.16699 0 0 -0.0701392 0.164234 1.21657
40 2.18853 -0.50104 0.0576591 -1.57605 0.00117802 -0.0469345
41 1.29609 0 0 -0.0326373 -0.0616157 1.17811
42 1.62201 -0.000713348 -0.000469208 -0.00508034 -0.00330951 1.42626
43 1.22241 0 0 0.0247019 -0.0856985 1.42308
44 1.76707 -1.27612 0.0366402 -1.56655 0.103701 0.0275537
45 1.55587 0 0 0.103891 -0.075653 0.975564
46 1.24273 0 0 -0.00469952 -0.038069 1.28397
47 0.784529 0 0 -0.0127429 -0.0577751 1.00048
48 0 0 0 0 0 0
49 -8.503 -21.9712 -6.15551 -0.492458 -0.264961 0.225296
50 -0.49446 -2.33627 -0.838784 0 0 0
time 44
0 1.938 -1.56582 -7.2488 0 0 -0.814469
1 6.02794 0 0 -0.596045 0.605604 -1.00361
2 11.7344 0 0 -0.00140294 0 -0.923725
3 8.81138 -0.000450134 -0.00011158 0.102602 0 0.000158024
4 5.77839 0.000284195 0 0.0687431 0 0.000106407
5 2.23163 -0.000329971 -0.000365257 0.0338585 0 0
6 11.4725 0 0 -0.232282 -1.23391 0.28073
7 0.615219 -0.993092 -0.810699 2.92227 0.454999 -0.331411
8 2.24752 0 0 0.0643998 0.0920015 -0.24525
9 1.11936 0 0 0.0124089 0.0391453 -1.16006
10 3.71348 -0.102642 0.102192 1.44559 1.26927 -0.122846
11 1.72615 0 0 -0.0132949 0.00454366 -1.35296
12 1.21114 0 0 -0.0138876 0.0108708 -1.50415
13 3.59919 -1.06012 0.0708885 1.59719 1.13552 0.0844619
14 1.66068 0 0 0.0206524 0.106433 -1.46129
15 1.167 0 0 0.140204 0.107864 -1.2636
16 2.18852 0.501038 0.0576591 1.58026 0.110062 0.0312635
17 1.29609 0 0 -0.0214551 0.0115007 -1.06235
18 1.62202 0.000714302 -0.000471115 -0.00756992 0.00444236 -1.4728
19 1.22241 0 0 -0.0469826 -0.00376787 -1.43289
20 1.76707 1.27612 0.0366421 1.57845 0.182304 -0.0214512
21 1.55588 0 0 -0.155246 -0.00355031 -0.857709
22 1.24274 0 0 -0.000505296 -0.000322942 -1.24825
23 0.784523 0 0 0.00822048 0.0140817 -0.754785
24 -1.93761 -1.56582 -7.2488 -0.000932534 0 -2.53187
25 6.02794 0 0 1.2575 0.976205 0.628733
26 11.7344 0 0 0.00140262 0 1.55577
27 8.81167 0 0 0.620178 0 0
28 5.77884 0 0 0.415519 0 0
29 2.23249 0 0 0.204659 0 0
30 11.4725 0 0 0.620808 -0.0469062 0.161078
31 0.615811 0.994371 -0.809164 -2.72226 0.463503 0.286233
32 2.24752 0 0 -0.0835971 0.0959307 0.272288
33 1.11936 0 0 -0.401235 0.450129 0.842934
34 3.71348 0.102638 0.102192 -1.41386 1.26431 0.0816932
35 1.72615 0 0 0.000698333 0.000241774 1.34896
36 1.21112 0 0 0.0115404 0.0133366 1.31081
37 3.5992 1.06011 0.0708904 -1.68043 1.04215 -0.112109
38 1.66069 0 0 0.00620725 0.00200651 1.47997
39 1.16699 0 0 -0.0701393 0.164234 1.21657
40 2.18853 -0.501041 0.0576591 -1.57605 0.00117804 -0.0469345
41 1.29609 0 0 -0.0326375 -0.0616157 1.17811
42 1.62201 -0.000709534 -0.000469208 -0.00508028 -0.00330944 1.42626
43 1.2224 0 0 0.0247018 -0.0856984 1.42308
44 1.76707 -1.27612 0.0366421 -1.56655 0.103701 0.0275536
45 1.55588 0 0 0.103891 -0.0756532 0.975564
46 1.24273 0 0 -0.00469937 -0.0380689 1.28397
47 0.784531 0 0 -0.0127427 -0.0577753 1.00048
48 0 0 0 0 0 0
49 -8.49665 -21.972 -6.1732 -0.489417 -0.263156 0.224322
50 -0.49446 -2.33627 -0.838784 0 0 0
time 45
0 1.938 -1.56582 -7.2488 0 0 -0.814469
1 6.02794 0 0 -0.59518 0.606273 -1.00485
2 11.7344 0 0 -0.00140294 0 -0.92375
3 8.81138 -0.000450134 -0.000113487 0.0976574 0 0.000158471
4 5.77839 0.000284195 0 0.0654305 0 0.000106585
5 2.23163 -0.000331879 -0.00036335 0.0322269 0 0
6 11.4725 0 0 -0.248341 -1.23484 0.295606
7 0.615219 -0.993092 -0.810699 2.92227 0.454999 -0.33141
8 2.24752 0 0 0.0643998 0.0920015 -0.24525
9 1.11936 0 0 0.012409 0.0391455 -1.16006
10 3.71348 -0.10264 0.102191 1.44559 1.26927 -0.122846
11 1.72615 0 0 -0.0132949 0.00454344 -1.35296
12 1.21114 0 0 -0.0138876 0.0108709 -1.50415
13 3.59919 -1.06012 0.0708885 1.59719 1.13552 0.0844625
14 1.66069 0 0 0.0206525 0.106434 -1.46129
15 1.167 0 0 0.140204 0.107864 -1.2636
16 2.18852 0.50104 0.0576611 1.58026 0.110062 0.0312636
17 1.29609 0 0 -0.0214549 0.0115006 -1.06235
18 1.62201 0.000715256 -0.000471115 -0.00756975 0.00444235 -1.4728
19 1.22241 0 0 -0.046983 -0.00376769 -1.43289
20 1.76707 1.27612 0.0366421 1.57845 0.182304 -0.0214512
21 1.55588 0 0 -0.155246 -0.00355035 -0.857709
22 1.24273 0 0 -0.000505216 -0.000323104 -1.24825
23 0.784523 0 0 0.00822032 0.0140818 -0.754785
24 -1.93761 -1.56582 -7.2488 -0.000932534 0 -2.53187
25 6.02794 0 0 1.25717 0.977407 0.627405
26 11.7344 0 0 0.00140268 0 1.55731
27 8.81167 0 0 0.617779 0 0
28 5.77884 0 0 0.413912 0 0
29 2.23249 0 0 0.203867 0 0
30 11.4725 0 0 0.618655 -0.0436079 0.157817
31 0.615813 0.994373 -0.809166 -2.72226 0.463503 0.286233
32 2.24752 0 0 -0.0835969 0.0959307 0.272288
33 1.11936 0 0 -0.401236 0.450129 0.842933
34 3.71349 0.102638 0.102192 -1.41386 1.26431 0.0816934
35 1.72615 0 0 0.000698484 0.000241677 1.34896
36 1.21112 0 0 0.0115403 0.0133365 1.31081
37 3.5992 1.06012 0.0708885 -1.68043 1.04215 -0.112109
38 1.66069 0 0 0.00620717 0.00200642 1.47997
39 1.16699 0 0 -0.0701393 0.164234 1.21657
40 2.18853 -0.50104 0.0576591 -1.57605 0.00117812 -0.0469347
41 1.29609 0 0 -0.0326374 -0.0616157 1.17811
42 1.62201 -0.000711441 -0.0004673 -0.00508024 -0.00330939 1.42626
43 1.2224 0 0 0.0247019 -0.0856985 1.42308
44 1.76707 -1.27612 0.0366421 -1.56655 0.103701 0.0275534
45 1.55588 0 0 0.103891 -0.075653 0.975564
46 1.24273 0 0 -0.00469955 -0.0380689 1.28397
47 0.784533 0 0 -0.012743 -0.0577753 1.00048
48 0 0 0 0 0 0
49 -8.49322 -21.9731 -6.18181 -0.48517 -0.260579 0.222919
50 -0.49446 -2.33627 -0.838784 0 0 0
time 46
0 1.938 -1.56582 -7.2488 0 0 -0.814469
1 6.02794 0 0 -0.594567 0.606693 -1.0066
2 11.7344 0 0 -0.00140292 0 -0.924117
3 8.81138 -0.000450134 -0.00011158 0.0933692 0 0.000157386
4 5.77839 0.00028801 0 0.0625574 0 0.000105919
5 2.23163 -0.000328064 -0.000364304 0.0308118 0 0
6 11.4725 0 0 -0.26785 -1.23548 0.314341
7 0.615221 -0.993092 -0.810698 2.92227 0.454999 -0.33141
8 2.24752 0 0 0.0643999 0.0920014 -0.24525
9 1.11936 0 0 0.0124091 0.0391454 -1.16006
10 3.71348 -0.102642 0.102192 1.44559 1.26927 -0.122845
11 1.72615 0 0 -0.013295 0.00454324 -1.35296
12 1.21113 0 0 -0.0138876 0.0108709 -1.50415
13 3.59919 -1.06012 0.0708904 1.59719 1.13552 0.0844624
14 1.66069 0 0 0.0206525 0.106434 -1.46129
15 1.167 0 0 0.140204 0.107864 -1.2636
16 2.18852 0.501038 0.0576591 1.58026 0.110062 0.0312638
17 1.29609 0 0 -0.0214549 0.0115007 -1.06235
18 1.62202 0.000714302 -0.000471115 -0.00757006 0.00444239 -1.4728
19 1.22241 0 0 -0.0469829 -0.00376795 -1.43289
20 1.76707 1.27612 0.0366421 1.57845 0.182304 -0.0214508
21 1.55588 0 0 -0.155246 -0.00355024 -0.857709
22 1.24274 0 0 -0.000505354 -0.000323167 -1.24825
23 0.784523 0 0 0.00822041 0.0140817 -0.754785
24 -1.93761 -1.56582 -7.2488 -0.000932534 0 -2.53187
25 6.02794 0 0 1.25716 0.978303 0.625817
26 11.7344 0 0 0.00140268 0 1.55952
27 8.81167 0 0 0.614983 0 0
28 5.77884 0 0 0.412039 0 0
29 2.23249 0 0 0.202945 0 0
30 11.4725 0 0 0.616145 -0.0392387 0.152908
31 0.615812 0.99437 -0.809166 -2.72226 0.463503 0.286233
32 2.24752 0 0 -0.0835971 0.0959307 0.272288
33 1.11936 0 0 -0.401236 0.450129 0.842933
34 3.71348 0.102638 0.102192 -1.41386 1.26431 0.0816928
35 1.72615 0 0 0.000698384 0.000241791 1.34896
36 1.21112 0 0 0.0115403 0.0133366 1.31081
37 3.5992 1.06012 0.0708866 -1.68043 1.04215 -0.112109
38 1.66069 0 0 0.0062073 0.00200645 1.47997
39 1.16699 0 0 -0.0701394 0.164234 1.21657
40 2.18853 -0.501041 0.0576591 -1.57605 0.00117797 -0.0469344
41 1.29609 0 0 -0.0326374 -0.0616156 1.17811
42 1.62201 -0.000713348 -0.000473022 -0.0050804 -0.00330945 1.42626
43 1.22241 0 0 0.0247019 -0.0856984 1.42308
44 1.76707 -1.27612 0.0366402 -1.56655 0.103701 0.0275535
45 1.55587 0 0 0.103891 -0.075653 0.975564
46 1.24273 0 0 -0.00469969 -0.0380689 1.28397
47 0.784531 0 0 -0.0127429 -0.0577754 1.00048
48 0 0 0 0 0 0
49 -8.4926 -21.9744 -6.1796 -0.479944 -0.257372 0.221167
50 -0.49446 -2.33627 -0.838784 0 0 0
time 47
0 1.938 -1.56582 -7.2488 0 0 -0.814469
1 6.02794 0 0 -0.594183 0.606896 -1.00873
2 11.7344 0 0 -0.00140284 0 -0.924771
3 8.81138 -0.000450134 -0.000112534 0.0897861 0 0.000158008
4 5.77839 0.000286102 0 0.0601567 0 0.000106229
5 2.23163 -0.000328064 -0.000364304 0.0296294 0 0
6 11.4725 0 0 -0.289643 -1.2358 0.335728
7 0.61522 -0.993092 -0.810701 2.92227 0.454999 -0.33141
8 2.24752 0 0 0.0643998 0.0920015 -0.24525
9 1.11935 0 0 0.0124089 0.0391455 -1.16006
10 3.71348 -0.102642 0.10219 1.44559 1.26927 -0.122846
11 1.72615 0 0 -0.0132948 0.00454366 -1.35296
12 1.21114 0 0 -0.0138878 0.010871 -1.50415
13 3.59919 -1.06012 0.0708866 1.59719 1.13552 0.0844627
14 1.66069 0 0 0.0206527 0.106434 -1.46129
15 1.167 0 0 0.140204 0.107864 -1.2636
16 2.18852 0.501038 0.0576591 1.58026 0.110062 0.0312636
17 1.2961 0 0 -0.021455 0.0115007 -1.06235
18 1.62201 0.000713825 -0.000473022 -0.00756991 0.00444249 -1.4728
19 1.22241 0 0 -0.0469829 -0.00376779 -1.43289
20 1.76707 1.27612 0.0366411 1.57845 0.182304 -0.0214513
21 1.55588 0 0 -0.155245 -0.0035505 -0.857709
22 1.24273 0 0 -0.000505102 -0.000323059 -1.24825
23 0.784523 0 0 0.00822044 0.0140818 -0.754785
24 -1.93761 -1.56582 -7.2488 -0.000932534 0 -2.53187
25 6.02794 0 0 1.25742 0.978915 0.624068
26 11.7344 0 0 0.00140284 0 1.56223
27 8.81167 0 0 0.61194 0 0
28 5.77884 0 0 0.41 0 0
29 2.23249 0 0 0.20194 0 0
30 11.4725 0 0 0.613393 -0.0341188 0.146755
31 0.615812 0.994372 -0.809166 -2.72226 0.463503 0.286233
32 2.24752 0 0 -0.083597 0.0959307 0.272288
33 1.11936 0 0 -0.401235 0.450129 0.842934
34 3.71349 0.102638 0.10219 -1.41386 1.26431 0.0816943
35 1.72615 0 0 0.000698502 0.000241653 1.34896
36 1.21112 0 0 0.0115404 0.0133366 1.31081
37 3.5992 1.06012 0.0708866 -1.68043 1.04215 -0.112109
38 1.66069 0 0 0.00620709 0.00200651 1.47997
39 1.16699 0 0 -0.0701393 0.164234 1.21657
40 2.18853 -0.50104 0.0576572 -1.57605 0.00117783 -0.0469347
41 1.29609 0 0 -0.0326375 -0.0616158 1.17811
42 1.62201 -0.000711441 -0.000469208 -0.00508026 -0.00330951 1.42626
43 1.22241 0 0 0.0247019 -0.0856984 1.42308
44 1.76707 -1.27612 0.0366402 -1.56655 0.103701 0.0275536
45 1.55588 0 0 0.103891 -0.0756532 0.975564
46 1.24273 0 0 -0.00469951 -0.0380689 1.28397
47 0.784533 0 0 -0.0127429 -0.0577752 1.00048
48 0 0 0 0 0 0
49 -8.49428 -21.9759 -6.16851 -0.474057 -0.253735 0.219179
50 -0.49446 -2.33627 -0.838784 0 0 0
time 48
0 1.938 -1.56582 -7.2488 0 0 -0.814469
1 6.02794 0 0 -0.593956 0.606947 -1.01125
2 11.7344 0 0 -0.00140283 0 -0.925543
3 8.81138 -0.000450134 -0.00011158 0.0863872 0 0.000158413
4 5.77839 0.000286102 0 0.0578794 0 0.000106632
5 2.23163 -0.000329971 -0.000364304 0.0285077 0 0
6 11.4725 0 0 -0.313783 -1.23585 0.359633
7 0.615219 -0.993092 -0.8107 2.92227 0.454999 -0.33141
8 2.24752 0 0 0.0643998 0.0920015 -0.24525
9 1.11936 0 0 0.012409 0.0391456 -1.16006
10 3.71348 -0.102642 0.10219 1.44559 1.26927 -0.122846
11 1.72615 0 0 -0.013295 0.0045436 -1.35296
12 1.21114 0 0 -0.0138878 0.010871 -1.50415
13 3.59919 -1.06012 0.0708876 1.59719 1.13552 0.0844621
14 1.66069 0 0 0.0206525 0.106434 -1.46129
15 1.167 0 0 0.140204 0.107864 -1.2636
16 2.18852 0.50104 0.0576582 1.58026 0.110062 0.0312636
17 1.29609 0 0 -0.021455 0.0115007 -1.06235
18 1.62202 0.000714302 -0.000471115 -0.00757008 0.0044425 -1.4728
19 1.22241 0 0 -0.046983 -0.00376803 -1.43289
20 1.76707 1.27612 0.0366411 1.57845 0.182304 -0.0214511
21 1.55588 0 0 -0.155245 -0.00355042 -0.857709
22 1.24273 0 0 -0.000505224 -0.00032289 -1.24825
23 0.784523 0 0 0.00822026 0.0140817 -0.754785
24 -1.93761 -1.56582 -7.2488 -0.000932534 0 -2.53187
25 6.02794 0 0 1.25787 0.979376 0.622115
26 11.7344 0 0 0.00140271 0 1.56535
27 8.81167 0 0 0.608621 0 0
28 5.77884 0 0 0.407776 0 0
29 2.23249 0 0 0.200845 0 0
30 11.4725 0 0 0.61036 -0.0282927 0.13958
31 0.615812 0.994372 -0.809166 -2.72226 0.463502 0.286233
32 2.24752 0 0 -0.0835969 0.0959306 0.272288
33 1.11936 0 0 -0.401235 0.450129 0.842934
34 3.71349 0.102638 0.10219 -1.41386 1.26431 0.0816934
35 1.72615 0 0 0.000698428 0.000241703 1.34896
36 1.21112 0 0 0.0115403 0.0133367 1.31081
37 3.5992 1.06012 0.0708866 -1.68043 1.04215 -0.112109
38 1.66069 0 0 0.00620719 0.00200655 1.47997
39 1.16699 0 0 -0.0701395 0.164234 1.21657
40 2.18853 -0.501038 0.0576591 -1.57605 0.00117782 -0.0469347
41 1.29609 0 0 -0.0326375 -0.0616159 1.17811
42 1.62202 -0.000713348 -0.000469208 -0.00508035 -0.00330943 1.42626
43 1.22241 0 0 0.0247018 -0.0856984 1.42308
44 1.76707 -1.27612 0.0366402 -1.56655 0.103701 0.0275536
45 1.55588 0 0 0.103891 -0.075653 0.975564
46 1.24273 0 0 -0.00469936 -0.0380689 1.28397
47 0.784531 0 0 -0.0127429 -0.0577752 1.00048
48 0 0 0 0 0 0
49 -8.49813 -21.9774 -6.15173 -0.467511 -0.249666 0.216957
50 -0.49446 -2.33627 -0.838784 0 0 0
time 49
0 1.938 -1.56582 -7.2488 0 0 -0.814469
1 6.02794 0 0 -0.594037 0.60697 -1.00963
2 11.7344 0 0 -0.00140283 0 -0.929254
3 8.81138 -0.000450134 -0.00011158 0.0990741 0 0.000158154
4 5.77839 0.000286102 0 0.0663797 0 0.000106504
5 2.23163 -0.000329971 -0.000365257 0.0326945 0 0
6 11.4725 0 0 -0.308835 -1.23346 0.359228
7 0.615218 -0.993092 -0.810698 2.92227 0.454999 -0.331411
8 2.24752 0 0 0.0643998 0.0920015 -0.24525
9 1.11936 0 0 0.0124089 0.0391454 -1.16006
10 3.71348 -0.10264 0.102192 1.44559 1.26927 -0.122846
11 1.72615 0 0 -0.0132949 0.00454351 -1.35296
12 1.21114 0 0 -0.0138875 0.010871 -1.50415
13 3.59919 -1.06012 0.0708895 1.59719 1.13552 0.0844623
14 1.66069 0 0 0.0206526 0.106434 -1.46129
15 1.167 0 0 0.140204 0.107864 -1.2636
16 2.18852 0.50104 0.0576601 1.58026 0.110062 0.0312638
17 1.29609 0 0 -0.0214549 0.0115007 -1.06235
18 1.62201 0.000713348 -0.000469208 -0.00756987 0.00444245 -1.4728
19 1.22241 0 0 -0.0469829 -0.00376772 -1.43289
20 1.76707 1.27612 0.0366421 1.57845 0.182304 -0.021451
21 1.55588 0 0 -0.155246 -0.00355038 -0.857709
22 1.24274 0 0 -0.000505202 -0.000323021 -1.24825
23 0.784523 0 0 0.00822036 0.0140817 -0.754785
24 -1.93761 -1.56582 -7.2488 -0.000932534 0 -2.53187
25 6.02794 0 0 1.2583 0.978491 0.622602
26 11.7344 0 0 0.00140267 0 1.56645
27 8.81167 0 0 0.610684 0 0
28 5.77884 0 0 0.409158 0 0
29 2.23249 0 0 0.201526 0 0
30 11.4725 0 0 0.612163 -0.0295827 0.136612
31 0.615813 0.994371 -0.809164 -2.72226 0.463503 0.286233
32 2.24752 0 0 -0.083597 0.0959306 0.272288
33 1.11936 0 0 -0.401235 0.450129 0.842933
34 3.71348 0.102638 0.102192 -1.41386 1.26431 0.0816942
35 1.72615 0 0 0.000698372 0.000241728 1.34896
36 1.21112 0 0 0.0115403 0.0133366 1.31081
37 3.5992 1.06011 0.0708885 -1.68043 1.04215 -0.112109
38 1.66069 0 0 0.00620714 0.00200636 1.47997
39 1.16699 0 0 -0.0701392 0.164234 1.21657
40 2.18853 -0.50104 0.0576591 -1.57605 0.00117786 -0.0469345
41 1.29609 0 0 -0.0326375 -0.0616158 1.17811
42 1.62201 -0.000713348 -0.000471115 -0.00508035 -0.00330947 1.42626
43 1.2224 0 0 0.024702 -0.0856984 1.42308
44 1.76707 -1.27612 0.0366421 -1.56655 0.103701 0.0275537
45 1.55588 0 0 0.103891 -0.0756531 0.975564
46 1.24273 0 0 -0.00469947 -0.0380689 1.28397
47 0.784531 0 0 -0.0127428 -0.0577754 1.00048
48 0 0 0 0 0 0
49 -8.50496 -21.9779 -6.12667 -0.467284 -0.252044 0.216893
50 -0.49446 -2.33627 -0.838784 0 0 0
time 50
0 1.938 -1.56582 -7.2488 0 0 -0.814469
1 6.02794 0 0 -0.594394 0.606728 -1.00847
2 11.7344 0 0 -0.00140294 0 -0.932266
3 8.81138 -0.00044632 -0.000110626 0.110188 0 0.000157052
4 5.77839 0.000286102 0 0.073826 0 0.000105777
5 2.23164 -0.000328064 -0.00036335 0.036362 0 0
6 11.4725 0 0 -0.303805 -1.23134 0.358228
7 0.61522 -0.993092 -0.8107 2.92227 0.454999 -0.33141
8 2.24752 0 0 0.0643997 0.0920017 -0.24525
9 1.11936 0 0 0.0124089 0.0391454 -1.16006
10 3.71348 -0.102642 0.102191 1.44559 1.26927 -0.122847
11 1.72615 0 0 -0.0132948 0.00454346 -1.35296
12 1.21114 0 0 -0.0138876 0.0108708 -1.50415
13 3.59919 -1.06012 0.0708876 1.59719 1.13552 0.084462
14 1.66069 0 0 0.0206526 0.106434 -1.46129
15 1.167 0 0 0.140204 0.107864 -1.2636
16 2.18852 0.501038 0.0576582 1.58026 0.110062 0.0312637
17 1.29609 0 0 -0.0214548 0.0115007 -1.06235
18 1.62202 0.000714779 -0.000471115 -0.00756977 0.00444242 -1.4728
19 1.22241 0 0 -0.0469829 -0.00376765 -1.43289
20 1.76707 1.27612 0.0366402 1.57845 0.182304 -0.0214511
21 1.55587 0 0 -0.155246 -0.00355037 -0.857709
22 1.24273 0 0 -0.000505192 -0.000323087 -1.24825
23 0.784522 0 0 0.00822037 0.0140817 -0.754785
24 -1.93761 -1.56582 -7.2488 -0.000932534 0 -2.53187
25 6.02794 0 0 1.25887 0.977441 0.623042
26 11.7344 0 0 0.00140272 0 1.56738
27 8.81167 0 0 0.612595 0 0
28 5.77884 0 0 0.410439 0 0
29 2.23249 0 0 0.202156 0 0
30 11.4725 0 0 0.613865 -0.0306121 0.134014
31 0.615812 0.994373 -0.809166 -2.72226 0.463503 0.286233
32 2.24752 0 0 -0.0835969 0.0959305 0.272288
33 1.11936 0 0 -0.401235 0.450129 0.842933
34 3.71349 0.10264 0.102188 -1.41386 1.26431 0.0816935
35 1.72615 0 0 0.000698456 0.000241738 1.34896
36 1.21112 0 0 0.0115403 0.0133366 1.31081
37 3.5992 1.06012 0.0708866 -1.68043 1.04215 -0.112109
38 1.66069 0 0 0.0062071 0.00200648 1.47997
39 1.16699 0 0 -0.0701393 0.164234 1.21657
40 2.18853 -0.50104 0.0576572 -1.57605 0.00117789 -0.0469345
41 1.29609 0 0 -0.0326374 -0.0616159 1.17811
42 1.62201 -0.000713348 -0.000470161 -0.00508037 -0.00330945 1.42626
43 1.22241 0 0 0.0247018 -0.0856985 1.42308
44 1.76707 -1.27612 0.0366402 -1.56655 0.103701 0.0275536
45 1.55588 0 0 0.103891 -0.0756531 0.975564
46 1.24273 0 0 -0.00469968 -0.0380689 1.28397
47 0.784531 0 0 -0.0127428 -0.0577752 1.00048
48 0 0 0 0 0 0
49 -8.51348 -21.9783 -6.10026 -0.467331 -0.254118 0.216902
50 -0.49446 -2.33627 -0.838784 0 0 0
time 51
0 1.938 -1.56582 -7.2488 0 0 -0.814469
1 6.02794 0 0 -0.594941 0.606296 -1.00778
2 11.7344 0 0 -0.00140295 0 -0.934422
3 8.81138 -0.000448227 -0.000110626 0.119285 0 0.000157754
4 5.77839 0.000286102 0 0.0799208 0 0.000106224
5 2.23164 -0.000326157 -0.000362396 0.039364 0 0
6 11.4725 0 0 -0.298813 -1.22959 0.356557
7 0.615217 -0.99309 -0.810699 2.92227 0.454999 -0.33141
8 2.24752 0 0 0.0643997 0.0920016 -0.24525
9 1.11936 0 0 0.0124088 0.0391455 -1.16006
10 3.71348 -0.102642 0.102191 1.44559 1.26927 -0.122846
11 1.72614 0 0 -0.0132949 0.00454355 -1.35296
12 1.21114 0 0 -0.0138879 0.0108708 -1.50415
13 3.59919 -1.06012 0.0708895 1.59719 1.13552 0.0844624
14 1.66069 0 0 0.0206524 0.106434 -1.46129
15 1.167 0 0 0.140204 0.107864 -1.2636
16 2.18852 0.501041 0.0576601 1.58026 0.110062 0.0312636
17 1.29609 0 0 -0.0214549 0.0115007 -1.06235
18 1.62202 0.000713348 -0.000469208 -0.00757008 0.00444241 -1.4728
19 1.22241 0 0 -0.0469829 -0.00376799 -1.43289
20 1.76707 1.27612 0.0366402 1.57845 0.182304 -0.0214511
21 1.55587 0 0 -0.155246 -0.00355042 -0.857709
22 1.24273 0 0 -0.000505209 -0.000323063 -1.24825
23 0.784523 0 0 0.00822039 0.0140818 -0.754785
24 -1.93761 -1.56582 -7.2488 -0.000932534 0 -2.53187
25 6.02794 0 0 1.25949 0.976369 0.623384
26 11.7344 0 0 0.00140265 0 1.56804
27 8.81167 0 0 0.614329 0 0
28 5.77884 0 0 0.4116 0 0
29 2.23249 0 0 0.202729 0 0
30 11.4725 0 0 0.615442 -0.0314223 0.132013
31 0.615811 0.994372 -0.809164 -2.72226 0.463503 0.286233
32 2.24752 0 0 -0.0835969 0.0959306 0.272288
33 1.11936 0 0 -0.401235 0.450129 0.842934
34 3.71348 0.102638 0.10219 -1.41386 1.26431 0.0816934
35 1.72615 0 0 0.000698395 0.00024171 1.34896
36 1.21112 0 0 0.0115403 0.0133366 1.31081
37 3.5992 1.06012 0.0708885 -1.68043 1.04215 -0.112109
38 1.66069 0 0 0.00620725 0.0020065 1.47997
39 1.16699 0 0 -0.0701394 0.164234 1.21657
40 2.18853 -0.50104 0.0576591 -1.57605 0.00117805 -0.0469346
41 1.29609 0 0 -0.0326375 -0.0616158 1.17811
42 1.62201 -0.000715256 -0.000471115 -0.00508029 -0.00330963 1.42626
43 1.22241 0 0 0.0247021 -0.0856985 1.42308
44 1.76707 -1.27612 0.0366421 -1.56655 0.103701 0.0275536
45 1.55587 0 0 0.103891 -0.0756529 0.975564
46 1.24273 0 0 -0.00469965 -0.0380688 1.28397
47 0.784531 0 0 -0.0127429 -0.0577753 1.00048
48 0 0 0 0 0 0
49 -8.52354 -21.9785 -6.07565 -0.467651 -0.255888 0.216982
50 -0.49446 -2.33627 -0.838784 0 0 0
time 52
0 1.938 -1.56582 -7.2488 0 0 -0.814469
1 6.02794 0 0 -0.595593 0.605742 -1.00758
2 11.7344 0 0 -0.00140299 0 -0.935559
3 8.81138 -0.00044632 -0.00011158 0.125945 0 0.000158343
4 5.77839 0.000289917 0 0.0843835 0 0.000106726
5 2.23163 -0.000328064 -0.00036335 0.041562 0 0
6 11.4725 0 0 -0.293967 -1.22832 0.354128
7 0.615219 -0.993088 -0.810699 2.92227 0.454999 -0.331411
8 2.24752 0 0 0.0643998 0.0920016 -0.24525
9 1.11936 0 0 0.0124091 0.0391455 -1.16006
10 3.71348 -0.102638 0.102191 1.44559 1.26927 -0.122845
11 1.72615 0 0 -0.0132948 0.00454368 -1.35296
12 1.21114 0 0 -0.0138877 0.0108708 -1.50415
13 3.59919 -1.06012 0.0708885 1.59719 1.13552 0.0844627
14 1.66069 0 0 0.0206525 0.106434 -1.46129
15 1.167 0 0 0.140204 0.107864 -1.2636
16 2.18852 0.501041 0.0576572 1.58026 0.110062 0.0312637
17 1.29609 0 0 -0.0214549 0.0115006 -1.06235
18 1.62202 0.000712872 -0.000471115 -0.00756997 0.00444255 -1.4728
19 1.22241 0 0 -0.0469829 -0.00376784 -1.43289
20 1.76707 1.27612 0.0366421 1.57845 0.182304 -0.0214511
21 1.55588 0 0 -0.155245 -0.00355033 -0.857709
22 1.24273 0 0 -0.000505196 -0.00032298 -1.24825
23 0.784523 0 0 0.00822036 0.0140817 -0.754785
24 -1.93761 -1.56582 -7.2488 -0.000932534 0 -2.53187
25 6.02794 0 0 1.26008 0.97542 0.62358
26 11.7344 0 0 0.00140262 0 1.56836
27 8.81167 0 0 0.615859 0 0
28 5.77884 0 0 0.412626 0 0
29 2.23249 0 0 0.203234 0 0
30 11.4725 0 0 0.616869 -0.0320537 0.130836
31 0.615812 0.994372 -0.809166 -2.72226 0.463503 0.286233
32 2.24752 0 0 -0.0835967 0.0959309 0.272288
33 1.11936 0 0 -0.401236 0.450129 0.842933
34 3.71349 0.102638 0.10219 -1.41386 1.26431 0.0816933
35 1.72615 0 0 0.000698325 0.000241861 1.34896
36 1.21112 0 0 0.0115402 0.0133364 1.31081
37 3.5992 1.06012 0.0708885 -1.68043 1.04215 -0.112109
38 1.66069 0 0 0.00620713 0.00200649 1.47997
39 1.16699 0 0 -0.0701393 0.164234 1.21657
40 2.18853 -0.50104 0.0576572 -1.57605 0.00117803 -0.0469344
41 1.29609 0 0 -0.0326375 -0.0616158 1.17811
42 1.62202 -0.000711441 -0.000470161 -0.0050803 -0.0033096 1.42626
43 1.22241 0 0 0.0247019 -0.0856985 1.42308
44 1.76707 -1.27612 0.0366402 -1.56655 0.103701 0.0275537
45 1.55587 0 0 0.103891 -0.0756529 0.975564
46 1.24273 0 0 -0.00469954 -0.038069 1.28397
47 0.784533 0 0 -0.0127428 -0.0577751 1.00048
48 0 0 0 0 0 0
49 -8.53498 -21.9785 -6.05603 -0.468245 -0.257355 0.217134
50 -0.49446 -2.33627 -0.838784 0 0 0
time 53
0 1.938 -1.56582 -7.2488 0 0 -0.814469
1 6.02794 0 0 -0.596475 0.604941 -1.00811
2 11.7344 0 0 -0.00140293 0 -0.935459
3 8.81138 -0.000450134 -0.00011158 0.130321 0 0.000157808
4 5.77839 0.00028801 0 0.087315 0 0.000106282
5 2.23163 -0.000329971 -0.00036335 0.0430058 0 0
6 11.4725 0 0 -0.289279 -1.22755 0.35097
7 0.61522 -0.99309 -0.810701 2.92227 0.454999 -0.33141
8 2.24752 0 0 0.0643998 0.0920015 -0.24525
9 1.11936 0 0 0.012409 0.0391455 -1.16006
10 3.71348 -0.10264 0.10219 1.44559 1.26927 -0.122846
11 1.72615 0 0 -0.0132948 0.00454357 -1.35296
12 1.21113 0 0 -0.0138879 0.010871 -1.50415
13 3.59919 -1.06012 0.0708866 1.59719 1.13552 0.0844623
14 1.66068 0 0 0.0206525 0.106434 -1.46129
15 1.167 0 0 0.140204 0.107864 -1.2636
16 2.18853 0.50104 0.0576582 1.58026 0.110062 0.0312638
17 1.29609 0 0 -0.0214549 0.0115008 -1.06235
18 1.62202 0.000714302 -0.000471115 -0.00757002 0.00444247 -1.4728
19 1.22241 0 0 -0.046983 -0.00376797 -1.43289
20 1.76707 1.27612 0.0366411 1.57845 0.182304 -0.0214509
21 1.55587 0 0 -0.155245 -0.00355034 -0.857709
22 1.24273 0 0 -0.000505231 -0.000322931 -1.24825
23 0.784523 0 0 0.00822036 0.0140817 -0.754785
24 -1.93761 -1.56582 -7.2488 -0.000932534 0 -2.53187
25 6.02794 0 0 1.26072 0.974527 0.623524
26 11.7344 0 0 0.00140283 0 1.56833
27 8.81167 0 0 0.617272 0 0
28 5.77884 0 0 0.413572 0 0
29 2.23249 0 0 0.2037 0 0
30 11.4725 0 0 0.618245 -0.0323407 0.130432
31 0.615812 0.994373 -0.809166 -2.72226 0.463503 0.286233
32 2.24752 0 0 -0.0835969 0.0959305 0.272288
33 1.11936 0 0 -0.401236 0.450129 0.842933
34 3.71349 0.102639 0.10219 -1.41386 1.26431 0.0816934
35 1.72615 0 0 0.000698493 0.000241689 1.34896
36 1.21112 0 0 0.0115404 0.0133367 1.31081
37 3.5992 1.06012 0.0708866 -1.68043 1.04215 -0.112109
38 1.66069 0 0 0.0062073 0.0020064 1.47997
39 1.16699 0 0 -0.0701393 0.164234 1.21657
40 2.18853 -0.50104 0.0576591 -1.57605 0.00117795 -0.0469344
41 1.29609 0 0 -0.0326374 -0.061616 1.17811
42 1.62201 -0.000715256 -0.000471115 -0.00508023 -0.00330957 1.42626
43 1.2224 0 0 0.024702 -0.0856983 1.42308
44 1.76707 -1.27612 0.0366402 -1.56655 0.103701 0.0275537
45 1.55587 0 0 0.103891 -0.0756532 0.975564
46 1.24273 0 0 -0.00469938 -0.038069 1.28397
47 0.784533 0 0 -0.0127428 -0.0577753 1.00048
48 0 0 0 0 0 0
49 -8.5506 -21.9783 -6.04012 -0.469113 -0.258518 0.217357
50 -0.49446 -2.33627 -0.838784 0 0 0
time 54
0 1.938 -1.56582 -7.2488 0 0 -0.814469
1 6.02794 0 0 -0.597711 0.603776 -1.00948
2 11.7344 0 0 -0.00140293 0 -0.934159
3 8.81138 -0.000450134 -0.00011158 0.132903 0 0.00015804
4 5.77839 0.000286102 0 0.0890451 0 0.000106533
5 2.23163 -0.000329971 -0.00036335 0.043858 0 0
6 11.4725 0 0 -0.284634 -1.22719 0.347142
7 0.615219 -0.993092 -0.810699 2.92227 0.454999 -0.33141
8 2.24752 0 0 0.0643999 0.0920016 -0.24525
9 1.11936 0 0 0.012409 0.0391456 -1.16006
10 3.71348 -0.10264 0.102192 1.44559 1.26927 -0.122845
11 1.72615 0 0 -0.0132948 0.00454352 -1.35296
12 1.21114 0 0 -0.0138876 0.0108708 -1.50415
13 3.59919 -1.06012 0.0708885 1.59719 1.13552 0.0844625
14 1.66069 0 0 0.0206525 0.106433 -1.46129
15 1.167 0 0 0.140204 0.107864 -1.2636
16 2.18852 0.50104 0.0576591 1.58026 0.110062 0.0312638
17 1.29609 0 0 -0.021455 0.0115005 -1.06235
18 1.62202 0.000713825 -0.000471115 -0.00756998 0.00444235 -1.4728
19 1.22241 0 0 -0.0469829 -0.00376774 -1.43289
20 1.76707 1.27612 0.0366421 1.57845 0.182304 -0.0214509
21 1.55588 0 0 -0.155246 -0.00355044 -0.857709
22 1.24273 0 0 -0.000505247 -0.000323164 -1.24825
23 0.784523 0 0 0.00822039 0.0140818 -0.754785
24 -1.93761 -1.56582 -7.2488 -0.000932534 0 -2.53187
25 6.02794 0 0 1.26154 0.973535 0.623212
26 11.7344 0 0 0.00140257 0 1.56804
27 8.81167 0 0 0.618629 0 0
28 5.77884 0 0 0.414481 0 0
29 2.23249 0 0 0.204148 0 0
30 11.4725 0 0 0.619634 -0.0321806 0.130587
31 0.615812 0.994372 -0.809164 -2.72226 0.463503 0.286233
32 2.24752 0 0 -0.0835969 0.0959307 0.272288
33 1.11936 0 0 -0.401236 0.450129 0.842933
34 3.71348 0.102638 0.102192 -1.41386 1.26431 0.0816935
35 1.72615 0 0 0.000698381 0.000241788 1.34896
36 1.21112 0 0 0.0115403 0.0133365 1.31081
37 3.5992 1.06012 0.0708866 -1.68043 1.04215 -0.112109
38 1.66069 0 0 0.00620721 0.00200628 1.47997
39 1.16699 0 0 -0.0701393 0.164234 1.21657
40 2.18853 -0.50104 0.0576591 -1.57605 0.00117799 -0.0469347
41 1.29609 0 0 -0.0326375 -0.0616158 1.17811
42 1.62201 -0.000713348 -0.000470161 -0.00508017 -0.00330955 1.42626
43 1.2224 0 0 0.0247019 -0.0856982 1.42308
44 1.76707 -1.27612 0.0366402 -1.56655 0.103701 0.0275535
45 1.55588 0 0 0.103891 -0.0756531 0.975564
46 1.24273 0 0 -0.0046994 -0.0380689 1.28397
47 0.784531 0 0 -0.012743 -0.0577753 1.00048
48 0 0 0 0 0 0
49 -8.57174 -21.9778 -6.02468 -0.470256 -0.259377 0.217652
50 -0.49446 -2.33627 -0.838784 0 0 0
time 55
0 1.938 -1.56582 -7.2488 0 0 -0.814469
1 6.02794 0 0 -0.599209 0.602335 -1.01144
2 11.7344 0 0 -0.00140288 0 -0.9319
3 8.81138 -0.000450134 -0.000110626 0.133813 0 0.000157852
4 5.77839 0.000286102 0 0.089655 0 0.000106436
5 2.23163 -0.000329971 -0.000364304 0.0441584 0 0
6 11.4725 0 0 -0.27997 -1.2272 0.342621
7 0.615217 -0.99309 -0.810699 2.92227 0.454999 -0.33141
8 2.24752 0 0 0.0643998 0.0920016 -0.24525
9 1.11935 0 0 0.012409 0.0391457 -1.16006
10 3.71348 -0.10264 0.102192 1.44559 1.26927 -0.122844
11 1.72615 0 0 -0.0132949 0.00454347 -1.35296
12 1.21113 0 0 -0.0138878 0.0108709 -1.50415
13 3.59919 -1.06012 0.0708885 1.59719 1.13552 0.0844631
14 1.66069 0 0 0.0206525 0.106433 -1.46129
15 1.167 0 0 0.140204 0.107864 -1.2636
16 2.18852 0.501041 0.0576591 1.58026 0.110062 0.0312638
17 1.29609 0 0 -0.021455 0.0115007 -1.06235
18 1.62201 0.000714779 -0.000471115 -0.00757017 0.00444242 -1.4728
19 1.22241 0 0 -0.046983 -0.00376803 -1.43289
20 1.76707 1.27612 0.0366421 1.57845 0.182304 -0.0214509
21 1.55588 0 0 -0.155245 -0.00355041 -0.857709
22 1.24274 0 0 -0.000505303 -0.000322984 -1.24825
23 0.784523 0 0 0.00822037 0.0140818 -0.754785
24 -1.93761 -1.56582 -7.2488 -0.000932534 0 -2.53187
25 6.02794 0 0 1.26246 0.972465 0.622746
26 11.7344 0 0 0.00140258 0 1.56749
27 8.81167 0 0 0.619867 0 0
28 5.77884 0 0 0.415311 0 0
29 2.23249 0 0 0.204556 0 0
30 11.4725 0 0 0.620957 -0.0317069 0.131283
31 0.615812 0.99437 -0.809164 -2.72226 0.463503 0.286233
32 2.24752 0 0 -0.0835971 0.0959307 0.272288
33 1.11936 0 0 -0.401235 0.450129 0.842934
34 3.71348 0.102638 0.102192 -1.41386 1.26431 0.0816932
35 1.72615 0 0 0.000698339 0.000241879 1.34896
36 1.21112 0 0 0.0115404 0.0133365 1.31081
37 3.5992 1.06011 0.0708904 -1.68043 1.04215 -0.112109
38 1.66069 0 0 0.00620723 0.00200646 1.47997
39 1.16699 0 0 -0.0701393 0.164234 1.21657
40 2.18853 -0.50104 0.0576591 -1.57605 0.00117799 -0.0469346
41 1.29609 0 0 -0.0326376 -0.0616158 1.17811
42 1.62201 -0.000713348 -0.000470161 -0.00508023 -0.00330948 1.42626
43 1.22241 0 0 0.0247019 -0.0856983 1.42308
44 1.76707 -1.27612 0.0366421 -1.56655 0.103701 0.0275536
45 1.55588 0 0 0.103891 -0.075653 0.975564
46 1.24273 0 0 -0.00469947 -0.0380689 1.28397
47 0.784533 0 0 -0.0127429 -0.0577752 1.00048
48 0 0 0 0 0 0
49 -8.59604 -21.9772 -6.00989 -0.471673 -0.259932 0.218017
50 -0.49446 -2.33627 -0.838784 0 0 0
time 56
0 1.938 -1.56582 -7.2488 0 0 -0.814469
1 6.02794 0 0 -0.600882 0.600708 -1.01378
2 11.7344 0 0 -0.00140283 0 -0.928919
3 8.81138 -0.000450134 -0.00011158 0.133135 0 0.000158193
4 5.77839 0.000284195 0 0.0892004 0 0.000106628
5 2.23163 -0.000331879 -0.00036335 0.0439345 0 0
6 11.4725 0 0 -0.27522 -1.22753 0.337378
7 0.615221 -0.993088 -0.810699 2.92227 0.454999 -0.331411
8 2.24752 0 0 0.0643998 0.0920016 -0.24525
9 1.11936 0 0 0.0124089 0.0391454 -1.16006
10 3.71348 -0.102638 0.102191 1.44559 1.26927 -0.122846
11 1.72615 0 0 -0.0132949 0.00454359 -1.35296
12 1.21114 0 0 -0.0138876 0.0108709 -1.50415
13 3.59919 -1.06012 0.0708866 1.59719 1.13552 0.0844622
14 1.66069 0 0 0.0206526 0.106434 -1.46129
15 1.167 0 0 0.140204 0.107864 -1.2636
16 2.18853 0.501041 0.0576591 1.58026 0.110062 0.0312635
17 1.29609 0 0 -0.0214549 0.0115007 -1.06235
18 1.62202 0.000713825 -0.000471115 -0.00756989 0.00444259 -1.4728
19 1.22241 0 0 -0.046983 -0.00376783 -1.43289
20 1.76707 1.27612 0.0366402 1.57845 0.182304 -0.021451
21 1.55587 0 0 -0.155245 -0.00355038 -0.857709
22 1.24274 0 0 -0.000505154 -0.000322987 -1.24825
23 0.784523 0 0 0.00822032 0.0140819 -0.754785
24 -1.93761 -1.56582 -7.2488 -0.000932534 0 -2.53187
25 6.02794 0 0 1.26344 0.971332 0.622233
26 11.7344 0 0 0.00140264 0 1.56671
27 8.81167 0 0 0.620922 0 0
28 5.77884 0 0 0.416018 0 0
29 2.23249 0 0 0.204904 0 0
30 11.4725 0 0 0.622137 -0.031052 0.132497
31 0.615813 0.994371 -0.809164 -2.72226 0.463503 0.286233
32 2.24752 0 0 -0.0835969 0.0959306 0.272288
33 1.11936 0 0 -0.401235 0.450129 0.842933
34 3.71349 0.102638 0.102192 -1.41386 1.26431 0.081693
35 1.72615 0 0 0.000698456 0.00024169 1.34896
36 1.21112 0 0 0.0115403 0.0133365 1.31081
37 3.5992 1.06011 0.0708885 -1.68043 1.04215 -0.112109
38 1.66069 0 0 0.00620717 0.0020066 1.47997
39 1.16699 0 0 -0.0701393 0.164234 1.21657
40 2.18853 -0.501041 0.0576591 -1.57605 0.00117784 -0.0469347
41 1.29609 0 0 -0.0326374 -0.0616159 1.17811
42 1.62201 -0.000715256 -0.000470161 -0.00508028 -0.0033094 1.42626
43 1.2224 0 0 0.0247019 -0.0856983 1.42308
44 1.76707 -1.27612 0.0366402 -1.56655 0.103701 0.0275536
45 1.55587 0 0 0.103891 -0.0756529 0.975564
46 1.24273 0 0 -0.00469954 -0.0380689 1.28397
47 0.784531 0 0 -0.0127429 -0.0577751 1.00048
48 0 0 0 0 0 0
49 -8.62115 -21.9764 -5.99591 -0.473364 -0.260182 0.218452
50 -0.49446 -2.33627 -0.838784 0 0 0
time 57
0 1.938 -1.56582 -7.2488 0 0 -0.814469
1 6.02794 0 0 -0.602898 0.598737 -1.01651
2 11.7344 0 0 -0.00140293 0 -0.924867
3 8.81138 -0.000450134 -0.000113487 0.12973 0 0.000157984
4 5.77839 0.000286102 0 0.086919 0 0.000106448
5 2.23163 -0.000328064 -0.000365257 0.0428108 0 0
6 11.4725 0 0 -0.269236 -1.22835 0.329783
7 0.615218 -0.99309 -0.810699 2.92227 0.454999 -0.33141
8 2.24752 0 0 0.0643998 0.0920015 -0.24525
9 1.11936 0 0 0.0124089 0.0391455 -1.16006
10 3.71348 -0.10264 0.102192 1.44559 1.26927 -0.122847
11 1.72615 0 0 -0.0132947 0.00454372 -1.35296
12 1.21114 0 0 -0.0138878 0.0108709 -1.50415
13 3.59919 -1.06012 0.0708885 1.59719 1.13552 0.0844627
14 1.66068 0 0 0.0206526 0.106434 -1.46129
15 1.167 0 0 0.140204 0.107864 -1.2636
16 2.18852 0.50104 0.0576591 1.58026 0.110062 0.0312636
17 1.29609 0 0 -0.021455 0.0115007 -1.06235
18 1.62202 0.000712872 -0.000471115 -0.00756991 0.00444253 -1.4728
19 1.22241 0 0 -0.046983 -0.00376778 -1.43289
20 1.76707 1.27612 0.0366402 1.57845 0.182304 -0.0214511
21 1.55588 0 0 -0.155245 -0.00355037 -0.857709
22 1.24274 0 0 -0.000505196 -0.00032298 -1.24825
23 0.784523 0 0 0.00822044 0.0140818 -0.754785
24 -1.93761 -1.56582 -7.2488 -0.000932534 0 -2.53187
25 6.02794 0 0 1.26453 0.969939 0.621881
26 11.7344 0 0 0.00140271 0 1.56545
27 8.81167 0 0 0.621621 0 0
28 5.77884 0 0 0.416486 0 0
29 2.23249 0 0 0.205135 0 0
30 11.4725 0 0 0.623012 -0.0303746 0.134822
31 0.615813 0.994371 -0.809164 -2.72226 0.463503 0.286233
32 2.24752 0 0 -0.0835969 0.0959307 0.272288
33 1.11936 0 0 -0.401236 0.450129 0.842934
34 3.71349 0.102638 0.102192 -1.41386 1.26431 0.0816927
35 1.72615 0 0 0.000698398 0.000241665 1.34896
36 1.21112 0 0 0.0115404 0.0133368 1.31081
37 3.5992 1.06011 0.0708885 -1.68043 1.04215 -0.112109
38 1.66069 0 0 0.00620723 0.00200637 1.47997
39 1.16699 0 0 -0.0701393 0.164234 1.21657
40 2.18853 -0.501041 0.0576591 -1.57605 0.00117805 -0.0469345
41 1.29609 0 0 -0.0326375 -0.0616157 1.17811
42 1.62201 -0.000713348 -0.000471115 -0.0050803 -0.0033096 1.42626
43 1.22241 0 0 0.0247019 -0.0856984 1.42308
44 1.76707 -1.27612 0.0366402 -1.56655 0.103701 0.0275538
45 1.55587 0 0 0.103891 -0.0756529 0.975564
46 1.24273 0 0 -0.00469954 -0.0380689 1.28397
47 0.784531 0 0 -0.0127429 -0.0577752 1.00048
48 0 0 0 0 0 0
49 -8.64471 -21.9753 -5.98136 -0.475876 -0.259919 0.219097
50 -0.49446 -2.33627 -0.838784 0 0 0
time 58
0 1.938 -1.56582 -7.2488 0 0 -0.814469
1 6.02794 0 0 -0.605083 0.596593 -1.01932
2 11.7344 0 0 -0.00140299 0 -0.920182
3 8.81138 -0.000450134 -0.000110626 0.124073 0 0.000158167
4 5.77839 0.000286102 0 0.0831287 0 0.000106631
5 2.23163 -0.000329971 -0.000364304 0.040944 0 0
6 11.4725 0 0 -0.262301 -1.22954 0.320335
7 0.615217 -0.993092 -0.810701 2.92227 0.454999 -0.33141
8 2.24752 0 0 0.0643999 0.0920015 -0.24525
9 1.11935 0 0 0.0124089 0.0391456 -1.16006
10 3.71348 -0.102642 0.102192 1.44559 1.26927 -0.122845
11 1.72615 0 0 -0.013295 0.00454345 -1.35296
12 1.21114 0 0 -0.0138877 0.0108708 -1.50415
13 3.59919 -1.06012 0.0708885 1.59719 1.13552 0.0844624
14 1.66069 0 0 0.0206524 0.106434 -1.46129
15 1.167 0 0 0.140204 0.107864 -1.2636
16 2.18852 0.50104 0.0576572 1.58026 0.110062 0.0312638
17 1.29609 0 0 -0.0214549 0.0115008 -1.06235
18 1.62202 0.000713825 -0.000471115 -0.00756998 0.00444235 -1.4728
19 1.22241 0 0 -0.0469829 -0.00376792 -1.43289
20 1.76707 1.27612 0.0366402 1.57845 0.182304 -0.0214509
21 1.55588 0 0 -0.155246 -0.00355038 -0.857709
22 1.24273 0 0 -0.000505264 -0.000323139 -1.24825
23 0.784523 0 0 0.00822042 0.0140817 -0.754785
24 -1.93761 -1.56582 -7.2488 -0.000932534 0 -2.53187
25 6.02794 0 0 1.26564 0.968376 0.621759
26 11.7344 0 0 0.00140269 0 1.56382
27 8.81167 0 0 0.621934 0 0
28 5.77884 0 0 0.416696 0 0
29 2.23249 0 0 0.205238 0 0
30 11.4725 0 0 0.623532 -0.0297972 0.138031
31 0.615813 0.994372 -0.809164 -2.72226 0.463503 0.286233
32 2.24752 0 0 -0.0835969 0.0959308 0.272288
33 1.11936 0 0 -0.401235 0.450129 0.842934
34 3.71348 0.102639 0.102192 -1.41386 1.26431 0.0816935
35 1.72615 0 0 0.00069844 0.000241813 1.34896
36 1.21112 0 0 0.0115402 0.0133367 1.31081
37 3.5992 1.06012 0.0708885 -1.68043 1.04215 -0.112109
38 1.66069 0 0 0.00620719 0.00200649 1.47997
39 1.16699 0 0 -0.0701392 0.164234 1.21657
40 2.18853 -0.501039 0.0576591 -1.57605 0.0011779 -0.0469345
41 1.29609 0 0 -0.0326376 -0.0616157 1.17811
42 1.62201 -0.000713348 -0.000469208 -0.00508028 -0.00330957 1.42626
43 1.22241 0 0 0.024702 -0.0856983 1.42308
44 1.76707 -1.27612 0.036644 -1.56655 0.103701 0.0275537
45 1.55587 0 0 0.103891 -0.0756529 0.975564
46 1.24273 0 0 -0.00469945 -0.0380688 1.28397
47 0.784531 0 0 -0.012743 -0.0577753 1.00048
48 0 0 0 0 0 0
49 -8.66438 -21.974 -5.96694 -0.479026 -0.259209 0.219905
50 -0.49446 -2.33627 -0.838784 0 0 0
time 59
0 1.938 -1.56582 -7.2488 0 0 -0.814469
1 6.02794 0 0 -0.606833 0.594867 -1.02152
2 11.7344 0 0 -0.00140287 0 -0.916303
3 8.81138 -0.000450134 -0.00011158 0.118736 0 0.000157811
4 5.77839 0.000286102 0 0.079553 0 0.000106252
5 2.23163 -0.000329971 -0.00036335 0.0391827 0 0
6 11.4725 0 0 -0.256539 -1.23061 0.312253
7 0.615218 -0.993092 -0.810699 2.92227 0.454999 -0.331411
8 2.24752 0 0 0.0643998 0.0920016 -0.24525
9 1.11936 0 0 0.012409 0.0391455 -1.16006
10 3.71348 -0.102642 0.102192 1.44559 1.26927 -0.122846
11 1.72615 0 0 -0.013295 0.00454375 -1.35296
12 1.21114 0 0 -0.0138876 0.0108707 -1.50415
13 3.59919 -1.06012 0.0708885 1.59719 1.13552 0.0844622
14 1.66069 0 0 0.0206525 0.106433 -1.46129
15 1.167 0 0 0.140204 0.107864 -1.2636
16 2.18853 0.501038 0.0576591 1.58026 0.110062 0.0312636
17 1.29609 0 0 -0.0214549 0.0115008 -1.06235
18 1.62202 0.000714302 -0.000469208 -0.00757004 0.00444249 -1.4728
19 1.22241 0 0 -0.0469831 -0.00376787 -1.43289
20 1.76707 1.27612 0.0366402 1.57845 0.182304 -0.021451
21 1.55588 0 0 -0.155246 -0.00355035 -0.857709
22 1.24274 0 0 -0.000505369 -0.000322994 -1.24825
23 0.784523 0 0 0.00822027 0.0140818 -0.754785
24 -1.93761 -1.56582 -7.2488 -0.000932534 0 -2.53187
25 6.02794 0 0 1.2665 0.967101 0.621759
26 11.7344 0 0 0.00140272 0 1.56242
27 8.81167 0 0 0.622009 0 0
28 5.77884 0 0 0.416746 0 0
29 2.23249 0 0 0.205263 0 0
30 11.4725 0 0 0.623785 -0.0293956 0.140872
31 0.615813 0.994373 -0.809166 -2.72226 0.463503 0.286233
32 2.24752 0 0 -0.0835971 0.0959304 0.272288
33 1.11936 0 0 -0.401235 0.450129 0.842934
34 3.71348 0.10264 0.102192 -1.41386 1.26431 0.0816935
35 1.72615 0 0 0.000698586 0.000241758 1.34896
36 1.21112 0 0 0.0115403 0.0133365 1.31081
37 3.5992 1.06012 0.0708885 -1.68043 1.04215 -0.112109
38 1.66069 0 0 0.00620724 0.00200647 1.47997
39 1.16699 0 0 -0.0701392 0.164234 1.21657
40 2.18853 -0.50104 0.0576591 -1.57605 0.00117787 -0.0469345
41 1.29609 0 0 -0.0326374 -0.0616157 1.17811
42 1.62202 -0.000713348 -0.000469208 -0.00508013 -0.00330945 1.42626
43 1.2224 0 0 0.024702 -0.0856984 1.42308
44 1.76707 -1.27612 0.0366402 -1.56655 0.103701 0.0275537
45 1.55587 0 0 0.103891 -0.0756529 0.975564
46 1.24273 0 0 -0.00469949 -0.0380688 1.28397
47 0.784533 0 0 -0.0127429 -0.0577751 1.00048
48 0 0 0 0 0 0
49 -8.67785 -21.9729 -5.95589 -0.481718 -0.258473 0.220594
50 -0.49446 -2.33627 -0.838784 0 0 0
time 60
0 1.938 -1.56582 -7.2488 0 0 -0.814469
1 6.02794 0 0 -0.60755 0.594158 -1.02241
2 11.7344 0 0 -0.00140287 0 -0.914687
3 8.81138 -0.000450134 -0.000113487 0.116363 0 0.000158206
4 5.77839 0.000286102 0 0.0779634 0 0.0001066
5 2.23163 -0.000328064 -0.000365257 0.0383998 0 0
6 11.4725 0 0 -0.254129 -1.23107 0.308825
7 0.615218 -0.993093 -0.810698 2.92227 0.454999 -0.33141
8 2.24752 0 0 0.0643998 0.0920015 -0.24525
9 1.11936 0 0 0.012409 0.0391455 -1.16006
10 3.71348 -0.102642 0.102192 1.44559 1.26927 -0.122844
11 1.72614 0 0 -0.0132949 0.00454353 -1.35296
12 1.21113 0 0 -0.0138875 0.0108707 -1.50415
13 3.59919 -1.06012 0.0708885 1.59719 1.13552 0.0844631
14 1.66068 0 0 0.0206524 0.106433 -1.46129
15 1.167 0 0 0.140204 0.107864 -1.2636
16 2.18852 0.501038 0.0576591 1.58026 0.110062 0.0312637
17 1.29609 0 0 -0.0214549 0.0115008 -1.06235
18 1.62202 0.000714779 -0.000473022 -0.00757013 0.00444233 -1.4728
19 1.22241 0 0 -0.0469828 -0.00376806 -1.43289
20 1.76707 1.27612 0.0366421 1.57845 0.182304 -0.0214509
21 1.55588 0 0 -0.155246 -0.00355026 -0.857709
22 1.24273 0 0 -0.000505292 -0.000323049 -1.24825
23 0.784523 0 0 0.00822041 0.0140817 -0.754785
24 -1.93761 -1.56582 -7.2488 -0.000932534 0 -2.53187
25 6.02794 0 0 1.26685 0.966574 0.621782
26 11.7344 0 0 0.00140263 0 1.56183
27 8.81167 0 0 0.622 0 0
28 5.77884 0 0 0.41674 0 0
29 2.23249 0 0 0.20526 0 0
30 11.4725 0 0 0.623851 -0.0292449 0.142096
31 0.615811 0.994372 -0.809166 -2.72226 0.463503 0.286233
32 2.24752 0 0 -0.0835969 0.0959307 0.272288
33 1.11936 0 0 -0.401235 0.450129 0.842933
34 3.71349 0.102639 0.10219 -1.41386 1.26431 0.0816927
35 1.72615 0 0 0.000698346 0.000241887 1.34896
36 1.21112 0 0 0.0115403 0.0133364 1.31081
37 3.5992 1.06012 0.0708885 -1.68043 1.04215 -0.112109
38 1.66069 0 0 0.00620727 0.00200644 1.47997
39 1.16699 0 0 -0.0701393 0.164234 1.21657
40 2.18853 -0.50104 0.0576591 -1.57605 0.00117788 -0.0469346
41 1.29609 0 0 -0.0326373 -0.0616158 1.17811
42 1.62201 -0.000711441 -0.000469208 -0.00508027 -0.00330939 1.42626
43 1.22241 0 0 0.0247019 -0.0856982 1.42308
44 1.76707 -1.27612 0.0366421 -1.56655 0.103701 0.0275535
45 1.55588 0 0 0.103891 -0.0756531 0.975564
46 1.24273 0 0 -0.00469962 -0.0380688 1.28397
47 0.784533 0 0 -0.0127428 -0.0577753 1.00048
48 0 0 0 0 0 0
49 -8.68284 -21.9724 -5.95148 -0.482858 -0.258133 0.220885
50 -0.49446 -2.33627 -0.838784 0 0 0
end
