//Sequence File generated by the Wall Worm SMD Exporter PRO 1.99
//www.wallworm.com
version 1
nodes
0 "b_l_clav" -1
1 "b_l_upperarm" 0
2 "b_l_forearm" 1
3 "b_l_twist3" 2
4 "b_l_twist2" 2
5 "b_l_twist1" 2
6 "b_l_hand" 2
7 "b_l_thumb001" 6
8 "b_l_thumb002" 7
9 "b_l_thumb003" 8
10 "b_l_middle001" 6
11 "b_l_middle002" 10
12 "b_l_middle003" 11
13 "b_l_index001" 6
14 "b_l_index002" 13
15 "b_l_index003" 14
16 "b_l_hand_ringsqueezer" 6
17 "b_l_ring001" 16
18 "b_l_ring002" 17
19 "b_l_ring003" 18
20 "b_l_hand_pinkysqueezer" 6
21 "b_l_pinky001" 20
22 "b_l_pinky002" 21
23 "b_l_pinky003" 22
24 "b_r_clav" -1
25 "b_r_upperarm" 24
26 "b_r_forearm" 25
27 "b_r_twist3" 26
28 "b_r_twist2" 26
29 "b_r_twist1" 26
30 "b_r_hand" 26
31 "b_r_thumb001" 30
32 "b_r_thumb002" 31
33 "b_r_thumb003" 32
34 "b_r_middle001" 30
35 "b_r_middle002" 34
36 "b_r_middle003" 35
37 "b_r_index001" 30
38 "b_r_index002" 37
39 "b_r_index003" 38
40 "b_r_hand_ringsqueezer" 30
41 "b_r_ring001" 40
42 "b_r_ring002" 41
43 "b_r_ring003" 42
44 "b_r_hand_pinkysqueezer" 30
45 "b_r_pinky001" 44
46 "b_r_pinky002" 45
47 "b_r_pinky003" 46
48 "b_zero" -1
49 "d_nshell001" -1
50 "d_nshell002" -1
51 "d_nshell003" -1
52 "d_walk" -1
53 "d_gun" 52
54 "d_trig" 53
55 "d_safe" 53
56 "d_pump" 53
57 "d_lifter" 53
end
skeleton
time 0
0 8.86316 13.8082 -6.91069 0.000934124 0 -0.959925
1 6.02794 0 0 -1.28027 1.19813 0.16939
2 11.7344 0 0 -0.00140288 0 -2.06669
3 8.81138 -0.000450134 -0.000113487 -0.451946 0 0.00015608
4 5.77839 0.000286102 0 -0.302804 0 0.00010257
5 2.23163 -0.000329018 -0.00036335 -0.149142 0 0
6 11.4725 0 0 1.08033 0.626228 1.46944
7 0.615219 -0.993092 -0.810699 -3.11008 0.289607 -0.713288
8 2.24752 0 0 0.0131012 -0.0340814 -0.42689
9 1.11936 0 0 0.025529 0.0772494 -0.408427
10 3.71348 -0.102642 0.102193 1.55999 1.02731 0.079863
11 1.72615 0 0 0.012526 -0.00480698 -0.855105
12 1.21114 0 0 0.00913617 0.0149643 -0.795481
13 3.59919 -1.06012 0.0708885 1.66272 1.07745 0.204079
14 1.66069 0 0 -0.020748 0.0243857 -0.94146
15 1.167 0 0 0.0233464 -0.0255551 -0.805635
16 2.18853 0.501038 0.0576587 1.57464 0.0581211 0.137522
17 1.29609 0 0 0.0328184 -0.0334176 -0.965397
18 1.62202 0.000714302 -0.000471115 0.00536307 -0.0172363 -0.734625
19 1.22241 0 0 -0.00814579 0.0123916 -0.733913
20 1.76707 1.27612 0.0366421 1.57441 0.120935 0.112728
21 1.55588 0 0 0.0388575 -0.0542098 -0.752723
22 1.24274 0 0 -0.000479129 0.000361082 -0.794044
23 0.784523 0 0 0.00620543 -0.00235265 -0.713996
24 -4.10422 -4.45234 -10.0641 0.838062 0.114999 -1.99578
25 6.02794 0 0 0.0580894 0.886988 -0.332568
26 11.7344 0 0 0.00140263 0 1.71923
27 8.81167 0 0 2.40571 0 0
28 5.77884 0 0 1.61183 0 0
29 2.23249 0 0 0.793885 0 0
30 11.4725 0 0 2.36044 0.437317 -0.302512
31 0.615812 0.994371 -0.809165 -2.31887 0.262144 0.844518
32 2.24752 0 0 -0.0376721 -0.162116 -0.379648
33 1.11936 0 0 -0.0957556 0.17054 -0.0438598
34 3.71349 0.102638 0.10219 -1.43333 0.751514 -0.155188
35 1.72615 0 0 0.000990525 0.0145417 1.19155
36 1.21112 0 0 -0.00795381 0.0217379 0.738145
37 3.5992 1.06012 0.0708876 -1.59965 0.521767 0.063954
38 1.66069 0 0 0.0590221 0.0488008 1.10359
39 1.16699 0 0 0.0405589 0.0114251 0.949852
40 2.18853 -0.501041 0.0576591 -1.56657 -0.104728 -0.112922
41 1.29609 0 0 0.187772 -0.000754818 0.847815
42 1.62202 -0.000713348 -0.000471115 0.000354754 0.000500644 1.04304
43 1.22241 0 0 0.0184347 0.0119843 0.828283
44 1.76707 -1.27612 0.0366402 -1.55745 -0.0395005 -0.0923493
45 1.55588 0 0 0.26128 0.0464079 0.599438
46 1.24273 0 0 0.000478879 0.000360554 0.809047
47 0.784532 0 0 0.00273253 -0.0109977 0.677786
48 0 0 0 0 0 0
49 2.52429 -20.46 -6.35602 1.80486 -1.31216 -2.05265
50 13.0861 -0.828399 -0.458647 1.80486 -1.31216 -2.05265
51 12.8441 -1.29112 1.51507 1.80486 -1.31216 -2.05265
52 4.774 -5.75588 -4.56645 0 0 0
53 -0.366635 -4.63762 0.801299 1.63208 0.251432 -1.81084
54 1.01569 0 -1.0878 0 0 0
55 -0.39368 0.152813 -1.3904 0 0 0
56 23.6734 0 -0.790618 0 0 0
57 5.15077 0 -1.06019 0 0 0
time 1
0 8.86316 13.8082 -6.91069 0.000934124 0 -0.959925
1 6.02794 0 0 -1.09874 0.95598 0.158373
2 11.7344 0 0 -0.00140282 0 -2.06535
3 8.81138 -0.000450134 -0.00011158 -0.443372 0 0.000156726
4 5.77839 0.000287056 0 -0.297059 0 0.000103112
5 2.23163 -0.000329018 -0.00036335 -0.146313 0 0
6 11.4725 0 0 0.863923 0.550241 1.4721
7 0.61522 -0.99309 -0.810701 -3.08545 0.292064 -0.71111
8 2.24752 0 0 0.185845 -0.0580902 0.0674144
9 1.11936 0 0 -0.11137 0.0979228 -0.0948578
10 3.71348 -0.10264 0.10219 1.61113 1.04134 0.33982
11 1.72615 0 0 0.00722118 -0.00791169 -1.04793
12 1.21114 0 0 -0.00454143 0.0137656 -0.698353
13 3.59919 -1.06012 0.0708871 1.508 0.24656 0.0925395
14 1.66069 0 0 0.0252797 0.0708752 0.118493
15 1.167 0 0 0.00325883 -0.000534473 0.0296669
16 2.18852 0.501041 0.0576596 1.55856 0.0202824 0.120989
17 1.29609 0 0 -0.158586 0.0371095 -1.17159
18 1.62202 0.000713348 -0.000471115 0.0238871 -0.0279559 -1.03837
19 1.22241 0 0 0.0011016 0.00334211 -0.560961
20 1.76707 1.27612 0.0366402 1.50435 0.244747 0.0782881
21 1.55588 0 0 -0.178348 -0.0740177 -1.11872
22 1.24273 0 0 0.000183048 0.00498859 -0.893224
23 0.784522 0 0 0.00947836 0.00870313 -0.397013
24 -4.10422 -4.45234 -10.0641 0.838062 0.114999 -1.99578
25 6.02794 0 0 0.0578027 0.886784 -0.334146
26 11.7344 0 0 0.0014027 0 1.72067
27 8.81167 0 0 2.40507 0 0
28 5.77884 0 0 1.6114 0 0
29 2.23249 0 0 0.793673 0 0
30 11.4725 0 0 2.35972 0.437061 -0.302891
31 0.615811 0.994373 -0.809165 -2.32384 0.259602 0.844193
32 2.24752 0 0 -0.0435283 -0.149645 -0.380868
33 1.11936 0 0 -0.0973211 0.16994 -0.0469243
34 3.71348 0.102638 0.102191 -1.43321 0.752259 -0.155021
35 1.72615 0 0 0.000991966 0.0145416 1.19164
36 1.21112 0 0 -0.00802842 0.0216659 0.733656
37 3.5992 1.06012 0.070888 -1.59964 0.520819 0.0639825
38 1.66069 0 0 0.0590145 0.0488186 1.10335
39 1.16699 0 0 0.04057 0.0114358 0.949613
40 2.18853 -0.50104 0.0576591 -1.56657 -0.104462 -0.112922
41 1.29609 0 0 0.188181 -0.000408143 0.849414
42 1.62202 -0.000713825 -0.000473022 0.000355008 0.000500681 1.04272
43 1.22241 0 0 0.0183417 0.0120335 0.823341
44 1.76707 -1.27612 0.0366406 -1.55745 -0.0381511 -0.0923493
45 1.55588 0 0 0.262066 0.046268 0.603281
46 1.24273 0 0 0.000478827 0.000360497 0.806541
47 0.784531 0 0 0.00273254 -0.0109978 0.674254
48 0 0 0 0 0 0
49 2.51053 -20.4561 -6.3598 1.80659 -1.31247 -2.05571
50 13.0981 -0.836382 -0.469304 1.80659 -1.31247 -2.05571
51 12.855 -1.29781 1.50458 1.80659 -1.31247 -2.05571
52 4.774 -5.75588 -4.56645 0 0 0
53 -0.367066 -4.63515 0.79313 1.63245 0.251022 -1.81214
54 1.01569 0 -1.0878 0 0 0
55 -0.39368 0.152813 -1.3904 0 0 0
56 23.6734 0 -0.790618 0 0 0
57 5.15077 0 -1.06019 0 0 0
time 2
0 8.86316 13.8082 -6.91069 0.000934124 0 -0.959925
1 6.02794 0 0 -0.759345 0.592151 0.283874
2 11.7344 0 0 -0.00140289 0 -2.00355
3 8.81138 -0.000451088 -0.000112534 -0.467 0 0.000156267
4 5.77839 0.000285149 0 -0.31289 0 0.000102812
5 2.23163 -0.000329018 -0.00036478 -0.15411 0 0
6 11.4725 0 0 0.470256 0.576637 1.35342
7 0.615219 -0.993091 -0.8107 -3.08545 0.292064 -0.71111
8 2.24752 0 0 0.185845 -0.0580903 0.0674144
9 1.11936 0 0 -0.11137 0.0979228 -0.0948577
10 3.71348 -0.102641 0.10219 1.61066 1.02926 0.339202
11 1.72615 0 0 0.00722114 -0.00791156 -1.03585
12 1.21114 0 0 -0.00454128 0.0137655 -0.650749
13 3.59919 -1.06012 0.0708876 1.508 0.24656 0.0925397
14 1.66069 0 0 0.0252797 0.0708751 0.118493
15 1.167 0 0 0.0032587 -0.00053471 0.0296668
16 2.18852 0.501039 0.0576587 1.55856 0.0202824 0.120989
17 1.29609 0 0 -0.157736 0.0490231 -1.15869
18 1.62202 0.000713348 -0.000471115 0.0234157 -0.0285229 -1.02535
19 1.22241 0 0 0.00110156 0.00334204 -0.504282
20 1.76707 1.27612 0.0366411 1.50435 0.244747 0.0782881
21 1.55588 0 0 -0.182678 -0.0716301 -1.10614
22 1.24274 0 0 0.000183125 0.00498843 -0.880433
23 0.784522 0 0 0.00943821 0.00849709 -0.329714
24 -4.10422 -4.45234 -10.0641 0.838062 0.114999 -1.99578
25 6.02794 0 0 0.0566546 0.886543 -0.337273
26 11.7344 0 0 0.00140267 0 1.72306
27 8.81167 0 0 2.40421 0 0
28 5.77884 0 0 1.61082 0 0
29 2.23249 0 0 0.79339 0 0
30 11.4725 0 0 2.35899 0.435899 -0.302676
31 0.615813 0.994373 -0.809165 -2.33701 0.253002 0.843194
32 2.24752 0 0 -0.0590396 -0.117355 -0.383801
33 1.11936 0 0 -0.101434 0.168379 -0.0548422
34 3.71349 0.10264 0.102191 -1.43285 0.754412 -0.154536
35 1.72615 0 0 0.000995866 0.0145414 1.1919
36 1.21112 0 0 -0.00824288 0.0214577 0.72068
37 3.5992 1.06012 0.0708885 -1.59961 0.518077 0.0640655
38 1.66069 0 0 0.0589925 0.0488705 1.10266
39 1.16699 0 0 0.0406013 0.0114671 0.94892
40 2.18853 -0.50104 0.0576591 -1.56657 -0.103694 -0.112922
41 1.29609 0 0 0.189363 0.000593595 0.854034
42 1.62202 -0.000713825 -0.000471115 0.000354977 0.000500472 1.04181
43 1.22241 0 0 0.0180738 0.0121757 0.809057
44 1.76707 -1.27612 0.0366406 -1.55745 -0.034251 -0.0923494
45 1.55588 0 0 0.264339 0.0458628 0.614388
46 1.24273 0 0 0.000478767 0.000360666 0.799297
47 0.784532 0 0 0.00273238 -0.0109978 0.664044
48 0 0 0 0 0 0
49 2.48828 -20.4485 -6.3695 1.81198 -1.31272 -2.06332
50 13.1165 -0.849165 -0.484349 1.81198 -1.31272 -2.06332
51 12.8701 -1.3083 1.48966 1.81198 -1.31272 -2.06332
52 4.774 -5.75588 -4.56645 0 0 0
53 -0.367981 -4.6299 0.7768 1.63376 0.250444 -1.81421
54 1.01569 0 -1.0878 0 0 0
55 -0.393681 0.152813 -1.39039 0 0 0
56 23.6734 0 -0.790618 0 0 0
57 5.15077 0 -1.06019 0 0 0
time 3
0 8.86316 13.8082 -6.91069 0.000934124 0 -0.959925
1 6.02794 0 0 -0.381758 0.0305889 0.401123
2 11.7344 0 0 -0.00140281 0 -1.90802
3 8.81138 -0.000450134 -0.000112057 -0.672457 0 0.000156578
4 5.77839 0.000287056 0 -0.450546 0 0.000102289
5 2.23164 -0.000329018 -0.000363827 -0.221911 0 0
6 11.4725 0 0 -0.207736 0.656321 1.02414
7 0.615219 -0.993091 -0.8107 -3.08545 0.292064 -0.71111
8 2.24752 0 0 0.185845 -0.0580902 0.0674144
9 1.11936 0 0 -0.11137 0.0979228 -0.0948576
10 3.71348 -0.10264 0.102191 1.60937 0.996886 0.337544
11 1.72615 0 0 0.00722112 -0.00791159 -1.00346
12 1.21114 0 0 -0.0045413 0.0137654 -0.599492
13 3.59919 -1.06012 0.0708876 1.508 0.24656 0.0925395
14 1.66069 0 0 0.0252798 0.0708751 0.118493
15 1.167 0 0 0.00325863 -0.000534589 0.0296669
16 2.18852 0.50104 0.0576591 1.55856 0.0202826 0.120989
17 1.29609 0 0 -0.155458 0.0594763 -1.1241
18 1.62202 0.000713348 -0.000470161 0.0221524 -0.0289644 -0.990443
19 1.22241 0 0 0.00110167 0.00334216 -0.446198
20 1.76707 1.27612 0.0366402 1.50435 0.244747 0.0782881
21 1.55588 0 0 -0.186051 -0.0652317 -1.07243
22 1.24274 0 0 0.000183182 0.0049885 -0.846154
23 0.784522 0 0 0.00933117 0.0079449 -0.266481
24 -4.10422 -4.45234 -10.0641 0.838062 0.114999 -1.99578
25 6.02794 0 0 0.0544153 0.886197 -0.342677
26 11.7344 0 0 0.0014028 0 1.72733
27 8.81167 0 0 2.40365 0 0
28 5.77884 0 0 1.61045 0 0
29 2.23249 0 0 0.793206 0 0
30 11.4725 0 0 2.35793 0.434448 -0.303994
31 0.615813 0.994371 -0.809165 -2.35578 0.243883 0.841483
32 2.24752 0 0 -0.0811193 -0.0729326 -0.387355
33 1.11936 0 0 -0.107217 0.166212 -0.0657009
34 3.71348 0.102638 0.102191 -1.43228 0.757851 -0.153762
35 1.72615 0 0 0.00100153 0.014541 1.19231
36 1.21112 0 0 -0.0085857 0.0211252 0.699954
37 3.5992 1.06011 0.070888 -1.59955 0.513698 0.0641972
38 1.66069 0 0 0.0589578 0.0489534 1.10155
39 1.16699 0 0 0.040652 0.011517 0.947815
40 2.18853 -0.501041 0.0576596 -1.56657 -0.102467 -0.112922
41 1.29609 0 0 0.19125 0.00219348 0.861415
42 1.62202 -0.000713348 -0.000469208 0.000354884 0.00050073 1.04034
43 1.22241 0 0 0.0176457 0.0124026 0.786244
44 1.76707 -1.27612 0.0366406 -1.55745 -0.0280219 -0.0923493
45 1.55587 0 0 0.267969 0.0452164 0.632129
46 1.24273 0 0 0.00047886 0.000360617 0.787727
47 0.784532 0 0 0.00273239 -0.0109978 0.647738
48 0 0 0 0 0 0
49 2.45455 -20.437 -6.38357 1.81538 -1.31226 -2.07013
50 13.1459 -0.875103 -0.488042 1.81538 -1.31226 -2.07013
51 12.896 -1.33335 1.48572 1.81538 -1.31226 -2.07013
52 4.774 -5.75588 -4.56645 0 0 0
53 -0.368817 -4.62512 0.764579 1.63475 0.250677 -1.81749
54 1.01569 0 -1.0878 0 0 0
55 -0.39368 0.152813 -1.39039 0 0 0
56 23.6734 0 -0.790618 0 0 0
57 5.15077 0 -1.06019 0 0 0
time 4
0 8.86316 13.8082 -6.91069 0.000934124 0 -0.959925
1 6.02794 0 0 -0.180954 -0.368268 0.359146
2 11.7344 0 0 -0.00140288 0 -1.7982
3 8.81138 -0.000449181 -0.000112534 -0.877347 0 0.000156159
4 5.77839 0.000287056 0 -0.587823 0 0.000101208
5 2.23163 -0.000329018 -0.000363827 -0.289525 0 0
6 11.4725 0 0 -0.626426 0.664965 0.800111
7 0.615219 -0.99309 -0.8107 -3.08545 0.292064 -0.71111
8 2.24752 0 0 0.185846 -0.0580901 0.0674143
9 1.11936 0 0 -0.11137 0.0979228 -0.0948577
10 3.71348 -0.10264 0.102192 1.60752 0.95002 0.335144
11 1.72615 0 0 0.00722109 -0.00791145 -0.956571
12 1.21114 0 0 -0.0045413 0.0137654 -0.547052
13 3.59919 -1.06012 0.070888 1.508 0.24656 0.0925396
14 1.66069 0 0 0.0252796 0.0708751 0.118493
15 1.167 0 0 0.00325878 -0.000534532 0.0296669
16 2.18852 0.50104 0.0576587 1.55856 0.0202826 0.120989
17 1.29609 0 0 -0.152161 0.0684846 -1.07403
18 1.62202 0.000714302 -0.000471115 0.0203233 -0.0292962 -0.939911
19 1.22241 0 0 0.0011018 0.00334203 -0.388864
20 1.76707 1.27612 0.0366411 1.50435 0.244747 0.0782881
21 1.55588 0 0 -0.188586 -0.0559683 -1.02363
22 1.24274 0 0 0.000182979 0.00498861 -0.796527
23 0.784523 0 0 0.009176 0.00714542 -0.208344
24 -4.10422 -4.45234 -10.0641 0.838062 0.114999 -1.99578
25 6.02794 0 0 0.0508638 0.88568 -0.351074
26 11.7344 0 0 0.00140279 0 1.73439
27 8.81167 0 0 2.40392 0 0
28 5.77884 0 0 1.61063 0 0
29 2.23249 0 0 0.793295 0 0
30 11.4725 0 0 2.35627 0.433312 -0.308961
31 0.615812 0.994375 -0.809166 -2.37752 0.233784 0.839023
32 2.24752 0 0 -0.106682 -0.0240615 -0.390439
33 1.11936 0 0 -0.113794 0.163795 -0.077587
34 3.71348 0.10264 0.10219 -1.43151 0.762454 -0.152725
35 1.72615 0 0 0.00100965 0.0145402 1.19286
36 1.21112 0 0 -0.00904493 0.0206803 0.672218
37 3.5992 1.06012 0.070888 -1.59948 0.507838 0.0643745
38 1.66069 0 0 0.0589109 0.0490643 1.10007
39 1.16699 0 0 0.0407196 0.0115836 0.946335
40 2.18853 -0.50104 0.0576587 -1.56657 -0.100826 -0.112922
41 1.29609 0 0 0.193775 0.00433452 0.871291
42 1.62202 -0.000713348 -0.000469208 0.000354941 0.000500713 1.03838
43 1.22241 0 0 0.0170724 0.0127065 0.755713
44 1.76707 -1.27612 0.0366406 -1.55745 -0.0196856 -0.0923494
45 1.55587 0 0 0.272828 0.044351 0.655872
46 1.24273 0 0 0.000478977 0.000360583 0.772243
47 0.784532 0 0 0.00273249 -0.0109977 0.625916
48 0 0 0 0 0 0
49 2.40642 -20.4211 -6.40042 1.81115 -1.31045 -2.07079
50 13.1911 -0.922673 -0.464653 1.81115 -1.31045 -2.07079
51 12.9391 -1.38389 1.50817 1.81115 -1.31045 -2.07079
52 4.774 -5.75588 -4.56645 0 0 0
53 -0.369008 -4.62407 0.768734 1.63413 0.252698 -1.82239
54 1.01569 0 -1.0878 0 0 0
55 -0.393681 0.152813 -1.39039 0 0 0
56 23.6734 0 -0.790618 0 0 0
57 5.15077 0 -1.06019 0 0 0
time 5
0 8.86316 13.8082 -6.91069 0.000934124 0 -0.959925
1 6.02794 0 0 -0.116904 -0.509881 0.251725
2 11.7344 0 0 -0.0014029 0 -1.68603
3 8.81138 -0.000449181 -0.000112534 -0.916026 0 0.00015626
4 5.77839 0.000287056 0 -0.613738 0 0.000101097
5 2.23164 -0.000329971 -0.000363827 -0.302289 0 0
6 11.4725 0 0 -0.661423 0.692806 0.783657
7 0.61522 -0.99309 -0.810701 -3.08545 0.292064 -0.71111
8 2.24752 0 0 0.185845 -0.0580902 0.0674144
9 1.11936 0 0 -0.11137 0.0979228 -0.0948577
10 3.71348 -0.102641 0.102191 1.60532 0.894458 0.332299
11 1.72615 0 0 0.00722119 -0.00791162 -0.900979
12 1.21114 0 0 -0.0045412 0.0137654 -0.495901
13 3.59919 -1.06012 0.070888 1.508 0.24656 0.0925396
14 1.66069 0 0 0.0252797 0.0708752 0.118493
15 1.167 0 0 0.00325867 -0.000534709 0.0296668
16 2.18852 0.50104 0.0576587 1.55856 0.0202825 0.120989
17 1.29609 0 0 -0.148252 0.0760636 -1.01466
18 1.62202 0.000715256 -0.000470161 0.0181547 -0.0295338 -0.880002
19 1.22241 0 0 0.00110154 0.00334228 -0.334436
20 1.76707 1.27612 0.0366411 1.50435 0.244747 0.0782882
21 1.55588 0 0 -0.190402 -0.044986 -0.965766
22 1.24274 0 0 0.000183137 0.00498847 -0.73769
23 0.784524 0 0 0.00899187 0.00619778 -0.15633
24 -4.10422 -4.45234 -10.0641 0.838062 0.114999 -1.99578
25 6.02794 0 0 0.0457887 0.884924 -0.363157
26 11.7344 0 0 0.00140271 0 1.74518
27 8.81167 0 0 2.4056 0 0
28 5.77884 0 0 1.61175 0 0
29 2.23249 0 0 0.793848 0 0
30 11.4725 0 0 2.35372 0.433067 -0.31969
31 0.615814 0.994373 -0.809165 -2.39964 0.224244 0.835777
32 2.24752 0 0 -0.13264 0.0215724 -0.391962
33 1.11936 0 0 -0.12029 0.161487 -0.0885877
34 3.71349 0.10264 0.10219 -1.43057 0.768098 -0.151455
35 1.72615 0 0 0.00101912 0.0145394 1.19354
36 1.21112 0 0 -0.00960771 0.0201348 0.638209
37 3.5992 1.06012 0.0708876 -1.59939 0.500652 0.0645911
38 1.66069 0 0 0.0588539 0.0492002 1.09826
39 1.16699 0 0 0.0408026 0.0116655 0.94452
40 2.18853 -0.501041 0.0576587 -1.56657 -0.0988132 -0.112922
41 1.29609 0 0 0.196872 0.0069599 0.883402
42 1.62202 -0.000713348 -0.000469208 0.000355072 0.000500739 1.03598
43 1.22241 0 0 0.0163695 0.013079 0.718277
44 1.76707 -1.27612 0.0366402 -1.55745 -0.009464 -0.0923493
45 1.55587 0 0 0.278786 0.0432898 0.684984
46 1.24273 0 0 0.000478926 0.000360567 0.753258
47 0.784532 0 0 0.00273234 -0.0109977 0.599159
48 0 0 0 0 0 0
49 2.34113 -20.4002 -6.41846 1.79403 -1.3066 -2.06032
50 13.2562 -1.0005 -0.398466 1.79403 -1.3066 -2.06032
51 13.0055 -1.47102 1.57232 1.79403 -1.3066 -2.06032
52 4.774 -5.75588 -4.56645 0 0 0
53 -0.367988 -4.62999 0.801534 1.63061 0.257487 -1.82935
54 1.01569 0 -1.0878 0 0 0
55 -0.393681 0.152813 -1.39039 0 0 0
56 23.6734 0 -0.790618 0 0 0
57 5.15077 0 -1.06019 0 0 0
time 6
0 8.86316 13.8082 -6.91069 0.000934124 0 -0.959925
1 6.02794 0 0 -0.0967026 -0.554119 0.13751
2 11.7344 0 0 -0.00140283 0 -1.57917
3 8.81138 -0.000450134 -0.000112057 -0.879859 0 0.000157096
4 5.77839 0.000286102 0 -0.589506 0 0.000101977
5 2.23164 -0.000329971 -0.00036335 -0.290353 0 0
6 11.4725 0 0 -0.553242 0.72436 0.837957
7 0.615219 -0.99309 -0.810701 -3.08545 0.292064 -0.71111
8 2.24752 0 0 0.185845 -0.0580902 0.0674144
9 1.11936 0 0 -0.11137 0.0979228 -0.0948576
10 3.71348 -0.10264 0.10219 1.603 0.835996 0.329306
11 1.72615 0 0 0.00722118 -0.00791168 -0.842488
12 1.21114 0 0 -0.00454143 0.0137655 -0.448509
13 3.59919 -1.06012 0.0708876 1.508 0.24656 0.0925394
14 1.66069 0 0 0.0252797 0.0708751 0.118493
15 1.167 0 0 0.00325862 -0.000534649 0.029667
16 2.18852 0.50104 0.0576591 1.55856 0.0202825 0.120989
17 1.29609 0 0 -0.144139 0.0822299 -0.952197
18 1.62202 0.000714302 -0.000471115 0.0158733 -0.0296935 -0.816968
19 1.22241 0 0 0.00110171 0.00334205 -0.285069
20 1.76707 1.27612 0.0366406 1.50435 0.244747 0.078288
21 1.55588 0 0 -0.19162 -0.0334306 -0.904888
22 1.24274 0 0 0.000183026 0.00498851 -0.675783
23 0.784524 0 0 0.00879861 0.00520028 -0.111467
24 -4.10422 -4.45234 -10.0641 0.838062 0.114999 -1.99578
25 6.02794 0 0 0.031419 0.883661 -0.381155
26 11.7344 0 0 0.0014027 0 1.76084
27 8.81167 0 0 2.41989 0 0
28 5.77884 0 0 1.62133 0 0
29 2.23249 0 0 0.798563 0 0
30 11.4725 0 0 2.36396 0.41171 -0.323152
31 0.615813 0.994373 -0.809165 -2.41952 0.216801 0.831705
32 2.24752 0 0 -0.155908 0.0562838 -0.390833
33 1.11936 0 0 -0.125827 0.159642 -0.0967904
34 3.71349 0.102638 0.102191 -1.42947 0.77466 -0.149977
35 1.72615 0 0 0.00103066 0.0145385 1.19432
36 1.21112 0 0 -0.0102623 0.0195005 0.598665
37 3.5992 1.06012 0.070888 -1.59929 0.492297 0.0648439
38 1.66069 0 0 0.058787 0.0493582 1.09615
39 1.16699 0 0 0.0408989 0.0117606 0.94241
40 2.18853 -0.501041 0.0576587 -1.56657 -0.0964732 -0.112922
41 1.29609 0 0 0.200473 0.0100127 0.897484
42 1.62202 -0.000713348 -0.000469208 0.000354847 0.000500621 1.03319
43 1.22241 0 0 0.0155529 0.0135122 0.674748
44 1.76707 -1.27612 0.0366406 -1.55745 0.00242105 -0.0923494
45 1.55587 0 0 0.285713 0.0420564 0.718834
46 1.24273 0 0 0.000478868 0.000360648 0.731183
47 0.784532 0 0 0.00273243 -0.0109978 0.568047
48 0 0 0 0 0 0
49 2.2375 -20.3352 -6.43506 1.77913 -1.29756 -2.05665
50 13.3544 -1.1134 -0.216834 1.77913 -1.29756 -2.05665
51 13.0971 -1.60058 1.74905 1.77913 -1.29756 -2.05665
52 4.774 -5.75588 -4.56645 0 0 0
53 -0.366893 -4.6142 0.884817 1.6287 0.267181 -1.84053
54 1.01569 0 -1.0878 0 0 0
55 -0.39368 0.152814 -1.39039 0 0 0
56 23.6734 0 -0.790618 0 0 0
57 5.15077 0 -1.06019 0 0 0
time 7
0 8.86316 13.8082 -6.91069 0.000934124 0 -0.959925
1 6.02794 0 0 -0.0555534 -0.58878 0.0348246
2 11.7344 0 0 -0.00140281 0 -1.49536
3 8.81138 -0.000449181 -0.000112534 -0.85206 0 0.000156844
4 5.77839 0.000287056 0 -0.57088 0 0.000101718
5 2.23163 -0.000328064 -0.000363827 -0.28118 0 0
6 11.4725 0 0 -0.460492 0.746798 0.866585
7 0.615219 -0.99309 -0.8107 -3.08545 0.292064 -0.71111
8 2.24752 0 0 0.185845 -0.0580902 0.0674144
9 1.11936 0 0 -0.11137 0.0979227 -0.0948579
10 3.71348 -0.10264 0.102191 1.6008 0.780434 0.326461
11 1.72615 0 0 0.00722117 -0.00791169 -0.786896
12 1.21114 0 0 -0.00454142 0.0137653 -0.407347
13 3.59919 -1.06012 0.070888 1.508 0.24656 0.0925398
14 1.66069 0 0 0.0252796 0.070875 0.118493
15 1.167 0 0 0.0032587 -0.000534591 0.029667
16 2.18852 0.501041 0.0576589 1.55856 0.0202825 0.120989
17 1.29609 0 0 -0.14023 0.0869979 -0.892831
18 1.62202 0.000715256 -0.000472069 0.0137047 -0.02979 -0.757059
19 1.22241 0 0 0.00110157 0.00334223 -0.242921
20 1.76707 1.27612 0.0366411 1.50435 0.244747 0.0782881
21 1.55588 0 0 -0.192358 -0.0224483 -0.847029
22 1.24274 0 0 0.000183222 0.00498842 -0.616947
23 0.784523 0 0 0.00861443 0.00425264 -0.0747841
24 -4.10422 -4.45234 -10.0641 0.838062 0.114999 -1.99578
25 6.02794 0 0 0.00608159 0.880937 -0.401209
26 11.7344 0 0 0.00140274 0 1.77683
27 8.81167 0 0 2.4491 0 0
28 5.77884 0 0 1.64089 0 0
29 2.23249 0 0 0.808202 0 0
30 11.4725 0 0 2.39367 0.354693 -0.309426
31 0.615814 0.994375 -0.809165 -2.43884 0.211436 0.825845
32 2.24752 0 0 -0.178417 0.0796181 -0.385614
33 1.11936 0 0 -0.130713 0.158229 -0.101982
34 3.71349 0.102642 0.102191 -1.42824 0.782018 -0.14832
35 1.72615 0 0 0.00104346 0.0145376 1.1952
36 1.21112 0 0 -0.0109956 0.0187891 0.554324
37 3.5992 1.06012 0.0708885 -1.59917 0.482928 0.0651261
38 1.66069 0 0 0.0587122 0.0495355 1.09378
39 1.16699 0 0 0.0410072 0.0118672 0.940045
40 2.18853 -0.501038 0.0576591 -1.56657 -0.0938489 -0.112922
41 1.29609 0 0 0.20451 0.0134355 0.913273
42 1.62202 -0.000713825 -0.000469208 0.000355056 0.000500632 1.03006
43 1.22241 0 0 0.0146362 0.0139979 0.625939
44 1.76707 -1.27612 0.0366411 -1.55745 0.0157481 -0.0923494
45 1.55587 0 0 0.29348 0.0406725 0.75679
46 1.24273 0 0 0.000478863 0.000360475 0.70643
47 0.784532 0 0 0.00273257 -0.0109977 0.533161
48 0 0 0 0 0 0
49 2.09884 -20.2239 -6.45093 1.77033 -1.28382 -2.06346
50 13.4798 -1.25836 0.0692453 1.77033 -1.28382 -2.06346
51 13.2065 -1.76753 2.02737 1.77033 -1.28382 -2.06346
52 4.774 -5.75588 -4.56645 0 0 0
53 -0.366098 -4.57452 1.0104 1.62923 0.281127 -1.85566
54 1.01569 0 -1.0878 0 0 0
55 -0.39368 0.152813 -1.39039 0 0 0
56 23.6734 0 -0.790618 0 0 0
57 5.15077 0 -1.06019 0 0 0
time 8
0 8.86316 13.8082 -6.91069 0.000934124 0 -0.959925
1 6.02794 0 0 -0.00265551 -0.611991 -0.0540279
2 11.7344 0 0 -0.00140289 0 -1.43815
3 8.81138 -0.000450134 -0.00011301 -0.83653 0 0.000156677
4 5.77839 0.000286102 0 -0.560475 0 0.000101639
5 2.23163 -0.000329971 -0.00036478 -0.276055 0 0
6 11.4725 0 0 -0.395782 0.764955 0.874125
7 0.615219 -0.993091 -0.8107 -3.08545 0.292064 -0.71111
8 2.24752 0 0 0.185845 -0.0580902 0.0674144
9 1.11936 0 0 -0.11137 0.0979228 -0.0948578
10 3.71348 -0.102642 0.102191 1.59895 0.733568 0.324061
11 1.72615 0 0 0.00722119 -0.00791173 -0.740006
12 1.21114 0 0 -0.00454137 0.0137655 -0.374886
13 3.59919 -1.06012 0.0708883 1.508 0.24656 0.0925397
14 1.66069 0 0 0.0252795 0.0708749 0.118493
15 1.167 0 0 0.0032588 -0.000534473 0.0296668
16 2.18852 0.501039 0.0576591 1.55856 0.0202825 0.120989
17 1.29609 0 0 -0.136932 0.0903843 -0.842756
18 1.62202 0.000715256 -0.000469685 0.0118757 -0.0298395 -0.706527
19 1.22241 0 0 0.00110157 0.00334213 -0.210145
20 1.76707 1.27612 0.0366411 1.50435 0.244747 0.078288
21 1.55588 0 0 -0.192737 -0.0131851 -0.798225
22 1.24274 0 0 0.000183105 0.00498846 -0.567319
23 0.784524 0 0 0.00845924 0.00345341 -0.047309
24 -4.10422 -4.45234 -10.0641 0.838062 0.114999 -1.99578
25 6.02794 0 0 -0.0211708 0.87598 -0.415027
26 11.7344 0 0 0.00140272 0 1.78563
27 8.81167 0 0 2.48065 0 0
28 5.77884 0 0 1.66204 0 0
29 2.23249 0 0 0.818615 0 0
30 11.4725 0 0 2.43134 0.273182 -0.286291
31 0.615812 0.994371 -0.809165 -2.46075 0.207049 0.817474
32 2.24752 0 0 -0.203842 0.096629 -0.375955
33 1.11935 0 0 -0.135801 0.156971 -0.105344
34 3.71348 0.102638 0.102191 -1.4269 0.79005 -0.146512
35 1.72615 0 0 0.00105717 0.0145364 1.19616
36 1.21112 0 0 -0.0117964 0.0180127 0.505924
37 3.5992 1.06012 0.070888 -1.59904 0.472701 0.0654352
38 1.66069 0 0 0.0586307 0.0497289 1.0912
39 1.16699 0 0 0.041125 0.0119836 0.937463
40 2.18853 -0.501041 0.0576587 -1.56657 -0.0909847 -0.112922
41 1.29609 0 0 0.208918 0.017172 0.930508
42 1.62202 -0.000713348 -0.000469208 0.000354894 0.000500649 1.02664
43 1.22241 0 0 0.0136363 0.014528 0.572662
44 1.76707 -1.27612 0.0366406 -1.55745 0.0302949 -0.0923494
45 1.55588 0 0 0.301958 0.0391627 0.798221
46 1.24273 0 0 0.00047888 0.000360649 0.679411
47 0.784531 0 0 0.00273246 -0.0109978 0.495081
48 0 0 0 0 0 0
49 1.95845 -20.1225 -6.46957 1.74807 -1.26982 -2.05689
50 13.611 -1.42943 0.350651 1.74807 -1.26982 -2.05689
51 13.3283 -1.96457 2.30049 1.74807 -1.26982 -2.05689
52 4.774 -5.75588 -4.56645 0 0 0
53 -0.363904 -4.554 1.14554 1.62548 0.29612 -1.87146
54 1.01569 0 -1.0878 0 0 0
55 -0.39368 0.152813 -1.39039 0 0 0
56 23.6734 0 -0.790618 0 0 0
57 5.15077 0 -1.06019 0 0 0
time 9
0 8.86316 13.8082 -6.91069 0.000934124 0 -0.959925
1 6.02794 0 0 0.0524862 -0.627014 -0.132827
2 11.7344 0 0 -0.00140286 0 -1.38756
3 8.81138 -0.000450134 -0.000112534 -0.837821 0 0.000156809
4 5.77839 0.000286102 0 -0.56134 0 0.000101727
5 2.23164 -0.000329971 -0.000363827 -0.276481 0 0
6 11.4725 0 0 -0.367897 0.782758 0.869573
7 0.615219 -0.993091 -0.8107 -3.08545 0.292064 -0.71111
8 2.24752 0 0 0.185845 -0.0580902 0.0674144
9 1.11936 0 0 -0.11137 0.0979228 -0.0948577
10 3.71348 -0.102642 0.102191 1.59767 0.701197 0.322403
11 1.72615 0 0 0.00722112 -0.00791174 -0.707618
12 1.21114 0 0 -0.00454137 0.0137656 -0.353597
13 3.59919 -1.06012 0.0708883 1.508 0.24656 0.0925397
14 1.66069 0 0 0.0252796 0.0708751 0.118493
15 1.167 0 0 0.00325862 -0.00053453 0.0296669
16 2.18852 0.501039 0.0576591 1.55856 0.0202825 0.120989
17 1.29609 0 0 -0.134655 0.0924046 -0.808169
18 1.62202 0.000714302 -0.000471592 0.0106123 -0.029858 -0.671624
19 1.22241 0 0 0.00110152 0.00334232 -0.188899
20 1.76707 1.27612 0.0366411 1.50435 0.244747 0.078288
21 1.55588 0 0 -0.192877 -0.00678682 -0.764516
22 1.24274 0 0 0.000183052 0.00498861 -0.53304
23 0.784523 0 0 0.00835217 0.00290076 -0.0300699
24 -4.10422 -4.45234 -10.0641 0.838062 0.114999 -1.99578
25 6.02794 0 0 -0.0419946 0.868588 -0.415654
26 11.7344 0 0 0.00140274 0 1.78022
27 8.81167 0 0 2.50616 0 0
28 5.77884 0 0 1.67913 0 0
29 2.23249 0 0 0.827033 0 0
30 11.4725 0 0 2.46777 0.179744 -0.260262
31 0.615813 0.994373 -0.809165 -2.48483 0.203562 0.806915
32 2.24752 0 0 -0.231709 0.107895 -0.362396
33 1.11936 0 0 -0.141039 0.15586 -0.107053
34 3.71349 0.102642 0.10219 -1.42547 0.798633 -0.14458
35 1.72615 0 0 0.00107206 0.0145353 1.19719
36 1.21112 0 0 -0.0126529 0.0171831 0.454203
37 3.5992 1.06012 0.070888 -1.59891 0.461773 0.0657651
38 1.66069 0 0 0.0585435 0.0499357 1.08844
39 1.16699 0 0 0.0412509 0.012108 0.934703
40 2.18853 -0.50104 0.0576591 -1.56657 -0.0879239 -0.112922
41 1.29609 0 0 0.213627 0.0211646 0.948926
42 1.62202 -0.000713825 -0.000469208 0.000354993 0.000500667 1.02299
43 1.22241 0 0 0.0125677 0.0150946 0.515729
44 1.76707 -1.27612 0.0366406 -1.55745 0.0458398 -0.0923494
45 1.55587 0 0 0.311018 0.0375491 0.842494
46 1.24273 0 0 0.000478953 0.000360569 0.650538
47 0.784532 0 0 0.00273243 -0.0109978 0.454388
48 0 0 0 0 0 0
49 1.84775 -20.0906 -6.49491 1.69523 -1.25936 -2.01533
50 13.7303 -1.61545 0.51947 1.69523 -1.25936 -2.01533
51 13.4613 -2.18026 2.46288 1.69523 -1.25936 -2.01533
52 4.774 -5.75588 -4.56645 0 0 0
53 -0.358607 -4.59568 1.25746 1.61073 0.308951 -1.88468
54 1.01569 0 -1.0878 0 0 0
55 -0.393681 0.152814 -1.39039 0 0 0
56 23.6734 0 -0.790618 0 0 0
57 5.15077 0 -1.06019 0 0 0
time 10
0 8.86316 13.8082 -6.91069 0.000934124 0 -0.959925
1 6.02794 0 0 0.110431 -0.633666 -0.20228
2 11.7344 0 0 -0.00140278 0 -1.34096
3 8.81138 -0.000450134 -0.000112057 -0.853547 0 0.000156715
4 5.77839 0.000286102 0 -0.571877 0 0.000101662
5 2.23164 -0.000329018 -0.000364304 -0.28167 0 0
6 11.4725 0 0 -0.375099 0.798103 0.864951
7 0.615219 -0.993091 -0.810701 -3.08545 0.292064 -0.71111
8 2.24752 0 0 0.185845 -0.0580901 0.0674144
9 1.11936 0 0 -0.11137 0.0979228 -0.0948577
10 3.71348 -0.102641 0.102191 1.59719 0.689119 0.321785
11 1.72615 0 0 0.00722114 -0.00791166 -0.695533
12 1.21114 0 0 -0.00454135 0.0137655 -0.345952
13 3.59919 -1.06012 0.0708878 1.508 0.24656 0.0925398
14 1.66069 0 0 0.0252796 0.0708749 0.118493
15 1.167 0 0 0.00325865 -0.00053453 0.029667
16 2.18853 0.50104 0.0576589 1.55856 0.0202825 0.120989
17 1.29609 0 0 -0.133805 0.0930747 -0.795264
18 1.62202 0.000714302 -0.000470877 0.0101409 -0.0298604 -0.6586
19 1.22241 0 0 0.00110154 0.00334219 -0.181338
20 1.76707 1.27612 0.0366406 1.50435 0.244747 0.078288
21 1.55588 0 0 -0.192897 -0.00439917 -0.751938
22 1.24274 0 0 0.000183229 0.00498845 -0.52025
23 0.784523 0 0 0.00831213 0.00269501 -0.024095
24 -4.10422 -4.45234 -10.0641 0.838062 0.114999 -1.99578
25 6.02794 0 0 -0.0496597 0.858876 -0.398149
26 11.7344 0 0 0.00140281 0 1.7541
27 8.81167 0 0 2.52268 0 0
28 5.77884 0 0 1.6902 0 0
29 2.23249 0 0 0.832485 0 0
30 11.4725 0 0 2.49755 0.0892862 -0.235086
31 0.615811 0.994373 -0.809166 -2.51066 0.200896 0.794492
32 2.24752 0 0 -0.261547 0.113996 -0.345476
33 1.11936 0 0 -0.146373 0.154887 -0.107286
34 3.71349 0.10264 0.102191 -1.42397 0.807644 -0.142551
35 1.72615 0 0 0.00108782 0.0145341 1.19826
36 1.21112 0 0 -0.0135509 0.0163119 0.399899
37 3.5992 1.06012 0.0708876 -1.59877 0.4503 0.0661112
38 1.66069 0 0 0.0584519 0.0501526 1.08554
39 1.16699 0 0 0.0413834 0.0122386 0.931806
40 2.18853 -0.501041 0.0576591 -1.56657 -0.08471 -0.112922
41 1.29609 0 0 0.218572 0.0253566 0.968263
42 1.62202 -0.000714302 -0.000469208 0.000354952 0.000500671 1.01915
43 1.22241 0 0 0.0114457 0.0156894 0.455953
44 1.76707 -1.27612 0.0366402 -1.55745 0.0621612 -0.0923494
45 1.55587 0 0 0.320531 0.0358548 0.888979
46 1.24273 0 0 0.000478898 0.000360622 0.620223
47 0.784532 0 0 0.00273238 -0.0109978 0.411663
48 0 0 0 0 0 0
49 1.79599 -20.1903 -6.53136 1.59352 -1.2543 -1.91595
50 13.8195 -1.80098 0.468417 1.59352 -1.2543 -1.91595
51 13.6046 -2.39894 2.40863 1.59352 -1.2543 -1.91595
52 4.774 -5.75588 -4.56645 0 0 0
53 -0.348509 -4.74261 1.31341 1.57824 0.316414 -1.89204
54 1.01569 0 -1.0878 0 0 0
55 -0.39368 0.152813 -1.3904 0 0 0
56 23.6734 0 -0.790619 0 0 0
57 5.15077 0 -1.06019 0 0 0
time 11
0 8.80547 13.8144 -6.87242 0.000934124 0 -0.959925
1 6.02794 0 0 0.172337 -0.627678 -0.257801
2 11.7344 0 0 -0.0014029 0 -1.30645
3 8.81139 -0.000450611 -0.000112057 -0.879516 0 0.000158124
4 5.77839 0.000285625 0 -0.589276 0 0.000102555
5 2.23163 -0.000329971 -0.000364304 -0.29024 0 0
6 11.4725 0 0 -0.413787 0.808244 0.862181
7 0.615218 -0.993091 -0.8107 -3.07233 0.309467 -0.688827
8 2.24752 0 0 0.192385 -0.0589538 0.0301903
9 1.11936 0 0 -0.107577 0.0838814 -0.129896
10 3.71348 -0.102641 0.102191 1.5988 0.717124 0.323714
11 1.72615 0 0 0.00722121 -0.00791152 -0.723559
12 1.21114 0 0 -0.00454141 0.0137655 -0.373978
13 3.59919 -1.06012 0.0708878 1.50796 0.248808 0.0923922
14 1.66069 0 0 0.0235478 0.0712044 0.095184
15 1.167 0 0 0.00325866 -0.000534417 -0.0245713
16 2.18852 0.501039 0.0576589 1.55856 0.0287873 0.120989
17 1.29609 0 0 -0.135606 0.0886142 -0.824505
18 1.62202 0.000713348 -0.000470877 0.011107 -0.0298183 -0.688145
19 1.22241 0 0 0.00126088 0.00311904 -0.210867
20 1.76707 1.27612 0.0366409 1.50416 0.253232 0.0776777
21 1.55588 0 0 -0.191578 -0.00984293 -0.78064
22 1.24274 0 0 0.000146505 0.00473205 -0.549411
23 0.784524 0 0 0.00848208 0.00290653 -0.0532547
24 -4.10422 -4.45234 -10.0641 0.838062 0.114999 -1.99578
25 6.02794 0 0 -0.0428224 0.846593 -0.36393
26 11.7344 0 0 0.00140274 0 1.7051
27 8.81167 0 0 2.53125 0 0
28 5.77884 0 0 1.69594 0 0
29 2.23249 0 0 0.835312 0 0
30 11.4725 0 0 2.51819 0.0155979 -0.213983
31 0.615813 0.994371 -0.809165 -2.53784 0.198973 0.780528
32 2.24752 0 0 -0.292883 0.115509 -0.325735
33 1.11936 0 0 -0.151749 0.154042 -0.106221
34 3.71349 0.102638 0.102191 -1.42241 0.816962 -0.140453
35 1.72615 0 0 0.00110414 0.0145328 1.19938
36 1.21112 0 0 -0.0144805 0.0154112 0.343751
37 3.5992 1.06011 0.0708876 -1.59862 0.438436 0.0664697
38 1.66069 0 0 0.0583569 0.050377 1.08255
39 1.16699 0 0 0.0415204 0.0123737 0.92881
40 2.18853 -0.501043 0.0576587 -1.56657 -0.0813872 -0.112922
41 1.29609 0 0 0.223684 0.0296913 0.988257
42 1.62202 -0.000713348 -0.000469208 0.000354846 0.000500638 1.01519
43 1.22241 0 0 0.0102855 0.0163045 0.394146
44 1.76707 -1.27612 0.0366406 -1.55745 0.0790369 -0.0923494
45 1.55588 0 0 0.330367 0.0341027 0.937043
46 1.24273 0 0 0.000478875 0.00036055 0.588878
47 0.784531 0 0 0.00273247 -0.0109977 0.367487
48 0 0 0 0 0 0
49 1.81317 -20.466 -6.5902 1.42393 -1.24954 -1.73771
50 13.8649 -1.99389 0.137996 1.42393 -1.24954 -1.73771
51 13.7577 -2.62959 2.07516 1.42393 -1.24954 -1.73771
52 4.774 -5.75588 -4.56645 0 0 0
53 -0.331961 -5.03269 1.29737 1.52214 0.31768 -1.89237
54 1.01569 0 -1.0878 0 0 0
55 -0.393681 0.152813 -1.3904 0 0 0
56 23.6734 0 -0.790619 0 0 0
57 5.15077 0 -1.06019 0 0 0
time 12
0 8.64034 13.8321 -6.76291 0.000934124 0 -0.959925
1 6.02794 0 0 0.231912 -0.610287 -0.298915
2 11.7344 0 0 -0.00140273 0 -1.27667
3 8.81139 -0.000449181 -0.000112534 -0.914971 0 0.000156724
4 5.77839 0.000286102 0 -0.613031 0 0.00010158
5 2.23164 -0.000329494 -0.000364304 -0.301941 0 0
6 11.4725 0 0 -0.48003 0.81559 0.85217
7 0.61522 -0.99309 -0.8107 -3.03847 0.354349 -0.63136
8 2.24752 0 0 0.209251 -0.0611809 -0.0658102
9 1.11936 0 0 -0.0977963 0.0476694 -0.220258
10 3.71348 -0.102641 0.102191 1.60296 0.78935 0.32869
11 1.72615 0 0 0.00722119 -0.00791182 -0.795835
12 1.21114 0 0 -0.00454134 0.0137655 -0.446254
13 3.59919 -1.06012 0.070888 1.50786 0.254606 0.0920122
14 1.66069 0 0 0.0190813 0.0720537 0.035072
15 1.167 0 0 0.00325875 -0.000534469 -0.16445
16 2.18853 0.50104 0.0576591 1.55856 0.050721 0.120989
17 1.29609 0 0 -0.140251 0.0771106 -0.899917
18 1.62202 0.000713348 -0.000471354 0.0135988 -0.0297097 -0.764339
19 1.22241 0 0 0.00167153 0.00254336 -0.28702
20 1.76707 1.27612 0.0366409 1.50366 0.275115 0.0761045
21 1.55588 0 0 -0.188176 -0.0238829 -0.854662
22 1.24274 0 0 0 0.00407116 -0.624616
23 0.784523 0 0 0.00892053 0.00345193 -0.128456
24 -4.10422 -4.45234 -10.0641 0.838062 0.114999 -1.99578
25 6.02794 0 0 -0.0283736 0.831494 -0.321478
26 11.7344 0 0 0.00140258 0 1.64068
27 8.81167 0 0 2.53377 0 0
28 5.77884 0 0 1.69762 0 0
29 2.23249 0 0 0.836144 0 0
30 11.4725 0 0 2.53015 -0.0401497 -0.199455
31 0.615812 0.99437 -0.809165 -2.56594 0.197713 0.765345
32 2.24752 0 0 -0.325245 0.113013 -0.303714
33 1.11936 0 0 -0.157115 0.153316 -0.104035
34 3.71349 0.102636 0.10219 -1.42083 0.826463 -0.138313
35 1.72615 0 0 0.00112076 0.0145316 1.20051
36 1.21112 0 0 -0.0154278 0.0144928 0.286495
37 3.5992 1.06012 0.0708885 -1.59847 0.426338 0.0668351
38 1.66069 0 0 0.0582602 0.0506059 1.07949
39 1.16699 0 0 0.0416599 0.0125113 0.925755
40 2.18853 -0.501041 0.0576591 -1.56657 -0.0779987 -0.112922
41 1.29609 0 0 0.228898 0.0341113 1.00865
42 1.62202 -0.000712395 -0.000471115 0.000354848 0.000500726 1.01114
43 1.22241 0 0 0.00910239 0.0169317 0.331121
44 1.76707 -1.27612 0.0366406 -1.55745 0.0962456 -0.0923494
45 1.55588 0 0 0.340396 0.0323165 0.986054
46 1.24273 0 0 0.000478881 0.00036057 0.556915
47 0.784531 0 0 0.00273264 -0.0109978 0.322439
48 0 0 0 0 0 0
49 1.87662 -20.8775 -6.66867 1.2082 -1.23317 -1.50555
50 13.8564 -2.1984 -0.399247 1.2082 -1.23317 -1.50555
51 13.9005 -2.87324 1.52711 1.2082 -1.23317 -1.50555
52 4.774 -5.75588 -4.56645 0 0 0
53 -0.310097 -5.43724 1.23117 1.44691 0.314885 -1.88784
54 1.01569 0 -1.0878 0 0 0
55 -0.393681 0.152813 -1.39039 0 0 0
56 23.6734 0 -0.790618 0 0 0
57 5.15077 0 -1.06019 0 0 0
time 13
0 8.37973 13.8601 -6.59006 0.000934124 0 -0.959925
1 6.02794 0 0 0.284215 -0.585898 -0.32696
2 11.7344 0 0 -0.0014029 0 -1.2475
3 8.81138 -0.000450134 -0.000112057 -0.958094 0 0.000157278
4 5.77839 0.000285625 0 -0.641923 0 0.000101819
5 2.23164 -0.000329494 -0.000363827 -0.316171 0 0
6 11.4725 0 0 -0.566257 0.821264 0.830339
7 0.61522 -0.993091 -0.8107 -2.99219 0.415718 -0.552782
8 2.24752 0 0 0.232313 -0.0642263 -0.197076
9 1.11936 0 0 -0.0844218 -0.00184528 -0.343814
10 3.71348 -0.102641 0.102191 1.60864 0.888108 0.335493
11 1.72615 0 0 0.0072213 -0.00791181 -0.894662
12 1.21114 0 0 -0.00454158 0.0137654 -0.545081
13 3.59919 -1.06012 0.0708883 1.50772 0.262533 0.0914926
14 1.66069 0 0 0.0129739 0.073215 -0.0471223
15 1.167 0 0 0.00325868 -0.000534532 -0.355714
16 2.18853 0.501039 0.0576591 1.55856 0.0807119 0.120989
17 1.29609 0 0 -0.146602 0.0613813 -1.00303
18 1.62202 0.000713348 -0.000471592 0.0170058 -0.0295611 -0.868524
19 1.22241 0 0 0.00223273 0.00175662 -0.391149
20 1.76707 1.27612 0.0366411 1.50298 0.305036 0.0739528
21 1.55588 0 0 -0.183525 -0.0430799 -0.955877
22 1.24274 0 0 0 0.00316719 -0.727449
23 0.784524 0 0 0.00951973 0.00419781 -0.231283
24 -4.10422 -4.45234 -10.0641 0.838062 0.114999 -1.99578
25 6.02794 0 0 -0.0120112 0.813667 -0.276741
26 11.7344 0 0 0.0014026 0 1.5695
27 8.81167 0 0 2.53154 0 0
28 5.77884 0 0 1.69613 0 0
29 2.23249 0 0 0.835409 0 0
30 11.4725 0 0 2.53465 -0.0794888 -0.191739
31 0.615814 0.994371 -0.809166 -2.59456 0.197038 0.749268
32 2.24752 0 0 -0.35816 0.107088 -0.279951
33 1.11935 0 0 -0.162417 0.152701 -0.100904
34 3.71349 0.102638 0.10219 -1.41923 0.836025 -0.13616
35 1.72615 0 0 0.00113696 0.0145302 1.20166
36 1.21112 0 0 -0.0163817 0.0135684 0.22887
37 3.5992 1.06012 0.0708876 -1.59832 0.414163 0.0672023
38 1.66069 0 0 0.0581633 0.0508363 1.07642
39 1.16699 0 0 0.0418002 0.0126498 0.922681
40 2.18853 -0.501041 0.0576591 -1.56657 -0.0745884 -0.112922
41 1.29609 0 0 0.234145 0.0385597 1.02917
42 1.62202 -0.000713348 -0.000469208 0.000354833 0.000500677 1.00708
43 1.22241 0 0 0.00791152 0.0175629 0.267689
44 1.76707 -1.27612 0.0366402 -1.55745 0.113565 -0.0923495
45 1.55587 0 0 0.350491 0.0305186 1.03538
46 1.24273 0 0 0.000478934 0.000360604 0.524746
47 0.784532 0 0 0.00273243 -0.0109978 0.277101
48 0 0 0 0 0 0
49 1.96627 -21.3604 -6.7502 0.993971 -1.19918 -1.27064
50 13.7822 -2.39635 -1.0514 0.993971 -1.19918 -1.27064
51 14.0014 -3.10456 0.850868 0.993971 -1.19918 -1.27064
52 4.774 -5.75588 -4.56645 0 0 0
53 -0.285389 -5.89938 1.13885 1.36137 0.309275 -1.88023
54 1.01569 0 -1.0878 0 0 0
55 -0.393679 0.152813 -1.39039 0 0 0
56 23.6734 0 -0.790618 0 0 0
57 5.15077 0 -1.06019 0 0 0
time 14
0 8.03555 13.8971 -6.36179 0.000934124 0 -0.959925
1 6.02794 0 0 0.325051 -0.558855 -0.34033
2 11.7344 0 0 -0.00140286 0 -1.21904
3 8.81139 -0.000449657 -0.000112057 -1.00615 0 0.000157391
4 5.77839 0.000287056 0 -0.674119 0 0.000101604
5 2.23164 -0.000329018 -0.000363827 -0.332029 0 0
6 11.4725 0 0 -0.664801 0.823724 0.794058
7 0.61522 -0.993091 -0.810701 -2.94176 0.482583 -0.467168
8 2.24752 0 0 0.25744 -0.0675443 -0.340098
9 1.11936 0 0 -0.0698497 -0.0557942 -0.478436
10 3.71348 -0.102641 0.102191 1.61483 0.99571 0.342905
11 1.72615 0 0 0.00722109 -0.00791167 -1.00234
12 1.21114 0 0 -0.00454136 0.0137657 -0.652759
13 3.59919 -1.06012 0.070888 1.50757 0.271171 0.0909262
14 1.66069 0 0 0.00631963 0.0744802 -0.136677
15 1.167 0 0 0.00325869 -0.000534577 -0.564106
16 2.18853 0.501039 0.0576587 1.55856 0.113389 0.120989
17 1.29609 0 0 -0.153522 0.0442433 -1.11538
18 1.62202 0.000713348 -0.000471398 0.0207179 -0.0293992 -0.982039
19 1.22241 0 0 0.00284428 0.000899373 -0.504602
20 1.76707 1.27612 0.0366406 1.50224 0.337638 0.0716085
21 1.55588 0 0 -0.178457 -0.0639961 -1.06616
22 1.24274 0 0 -0.000218456 0.00218196 -0.839491
23 0.784522 0 0 0.0101726 0.00501064 -0.343319
24 -4.10422 -4.45234 -10.0641 0.838062 0.114999 -1.99578
25 6.02794 0 0 0.00268797 0.793343 -0.233812
26 11.7344 0 0 0.00140278 0 1.49966
27 8.81167 0 0 2.52676 0 0
28 5.77884 0 0 1.69293 0 0
29 2.23249 0 0 0.83383 0 0
30 11.4725 0 0 2.5339 -0.103059 -0.190392
31 0.615812 0.994373 -0.809165 -2.62326 0.19687 0.732619
32 2.24752 0 0 -0.391157 0.0983108 -0.254988
33 1.11936 0 0 -0.167601 0.152187 -0.0970055
34 3.71349 0.10264 0.102192 -1.41764 0.845527 -0.134021
35 1.72615 0 0 0.00115357 0.0145289 1.20279
36 1.21112 0 0 -0.0173289 0.01265 0.171614
37 3.5992 1.06012 0.0708885 -1.59817 0.402066 0.0675674
38 1.66069 0 0 0.0580666 0.0510651 1.07336
39 1.16699 0 0 0.0419399 0.0127876 0.919626
40 2.18853 -0.501038 0.0576591 -1.56657 -0.0711999 -0.112922
41 1.29609 0 0 0.239359 0.0429795 1.04956
42 1.62202 -0.000712395 -0.000469208 0.000354922 0.000500676 1.00303
43 1.22241 0 0 0.00672853 0.0181901 0.204664
44 1.76707 -1.27612 0.0366421 -1.55745 0.130773 -0.0923494
45 1.55588 0 0 0.36052 0.0287324 1.08439
46 1.24273 0 0 0.000478954 0.000360658 0.492783
47 0.784532 0 0 0.00273244 -0.0109978 0.232054
48 0 0 0 0 0 0
49 2.06348 -21.8508 -6.81808 0.817664 -1.15074 -1.07273
50 13.6467 -2.57325 -1.72556 0.817664 -1.15074 -1.07273
51 14.0445 -3.30469 0.138577 0.817664 -1.15074 -1.07273
52 4.774 -5.75588 -4.56645 0 0 0
53 -0.260307 -6.36224 1.04445 1.27433 0.302095 -1.87131
54 1.01569 0 -1.0878 0 0 0
55 -0.39368 0.152813 -1.39039 0 0 0
56 23.6734 0 -0.790618 0 0 0
57 5.15077 0 -1.06019 0 0 0
time 15
0 7.61976 13.9418 -6.08602 0.000934124 0 -0.959925
1 6.02794 0 0 0.351177 -0.533516 -0.335203
2 11.7344 0 0 -0.00140285 0 -1.19483
3 8.81138 -0.000450611 -0.000112534 -1.05539 0 0.000157699
4 5.77839 0.000287056 0 -0.707114 0 0.000101883
5 2.23163 -0.000329494 -0.000363827 -0.34828 0 0
6 11.4725 0 0 -0.767123 0.819864 0.743576
7 0.615219 -0.993091 -0.8107 -2.89547 0.543953 -0.388591
8 2.24752 0 0 0.280502 -0.0705895 -0.471364
9 1.11936 0 0 -0.0564755 -0.105309 -0.601993
10 3.71348 -0.102641 0.102191 1.62051 1.09447 0.349708
11 1.72615 0 0 0.00722119 -0.00791154 -1.10117
12 1.21114 0 0 -0.00454145 0.0137654 -0.751586
13 3.59919 -1.06012 0.070888 1.50743 0.279099 0.0904068
14 1.66069 0 0 0.000212278 0.0756412 -0.218871
15 1.167 0 0 0.00325865 -0.000534218 -0.755369
16 2.18852 0.50104 0.0576589 1.55856 0.14338 0.120989
17 1.29609 0 0 -0.159873 0.028514 -1.2185
18 1.62202 0.000714302 -0.000470757 0.024125 -0.0292505 -1.08622
19 1.22241 0 0 0.00340583 0.000112379 -0.608731
20 1.76707 1.27612 0.0366411 1.50156 0.367559 0.0694569
21 1.55588 0 0 -0.173805 -0.0831931 -1.16737
22 1.24274 0 0 -0.000348065 0.00127815 -0.942323
23 0.784523 0 0 0.010772 0.00575658 -0.446146
24 -4.10422 -4.45234 -10.0641 0.838062 0.114999 -1.99578
25 6.02794 0 0 0.0129785 0.770861 -0.196396
26 11.7344 0 0 0.0014027 0 1.43997
27 8.81167 0 0 2.52325 0 0
28 5.77884 0 0 1.69058 0 0
29 2.23249 0 0 0.832673 0 0
30 11.4725 0 0 2.53168 -0.111112 -0.195525
31 0.615812 0.994375 -0.809166 -2.65165 0.197129 0.715722
32 2.24752 0 0 -0.423762 0.0872612 -0.229363
33 1.11936 0 0 -0.172614 0.151766 -0.0925172
34 3.71348 0.10264 0.102191 -1.41609 0.854844 -0.131923
35 1.72615 0 0 0.00116985 0.0145277 1.20391
36 1.21112 0 0 -0.0182585 0.0117492 0.115465
37 3.5992 1.06012 0.0708885 -1.59802 0.390202 0.067926
38 1.66069 0 0 0.0579717 0.0512896 1.07037
39 1.16699 0 0 0.0420768 0.0129227 0.916631
40 2.18853 -0.50104 0.0576591 -1.56657 -0.0678771 -0.112922
41 1.29609 0 0 0.244472 0.0473141 1.06955
42 1.62202 -0.000712395 -0.0004673 0.000354987 0.000500706 0.999067
43 1.22241 0 0 0.00556811 0.0188051 0.142857
44 1.76707 -1.27612 0.0366402 -1.55745 0.14765 -0.0923494
45 1.55587 0 0 0.370356 0.0269804 1.13246
46 1.24273 0 0 0.000479 0.000360568 0.461438
47 0.784532 0 0 0.00273249 -0.0109978 0.187877
48 0 0 0 0 0 0
49 2.1511 -22.2852 -6.85589 0.690313 -1.09735 -0.925904
50 13.4759 -2.71474 -2.33088 0.690313 -1.09735 -0.925904
51 14.0355 -3.45868 -0.513836 0.690313 -1.09735 -0.925904
52 4.774 -5.75588 -4.56645 0 0 0
53 -0.237323 -6.76895 0.972011 1.19459 0.294588 -1.86286
54 1.01569 0 -1.0878 0 0 0
55 -0.393681 0.152813 -1.39039 0 0 0
56 23.6734 0 -0.790617 0 0 0
57 5.15077 0 -1.06019 0 0 0
time 16
0 7.14428 13.9929 -5.77067 0.000934124 0 -0.959925
1 6.02794 0 0 0.367677 -0.508848 -0.317707
2 11.7344 0 0 -0.00140281 0 -1.17479
3 8.81138 -0.000449657 -0.00011301 -1.10294 0 0.000157414
4 5.77839 0.000286102 0 -0.738972 0 0.000101369
5 2.23164 -0.000329494 -0.000363827 -0.363971 0 0
6 11.4725 0 0 -0.866064 0.808089 0.688775
7 0.615219 -0.993091 -0.8107 -2.86162 0.588834 -0.331124
8 2.24752 0 0 0.297368 -0.0728169 -0.567365
9 1.11936 0 0 -0.0466942 -0.141521 -0.692355
10 3.71348 -0.102641 0.102191 1.62467 1.16669 0.354683
11 1.72615 0 0 0.00722123 -0.00791164 -1.17344
12 1.21114 0 0 -0.00454127 0.0137655 -0.823863
13 3.59919 -1.06012 0.070888 1.50733 0.284897 0.0900266
14 1.66069 0 0 -0.00425435 0.0764907 -0.278983
15 1.167 0 0 0.00325881 -0.000534626 -0.895248
16 2.18853 0.50104 0.0576591 1.55856 0.165313 0.120989
17 1.29609 0 0 -0.164518 0.0170105 -1.29391
18 1.62202 0.000713348 -0.000470579 0.0266168 -0.029142 -1.16242
19 1.22241 0 0 0.00381619 -0.000463036 -0.684884
20 1.76707 1.27612 0.0366409 1.50106 0.389442 0.0678834
21 1.55587 0 0 -0.170404 -0.0972325 -1.24139
22 1.24274 0 0 -0.000442496 0.000616923 -1.01753
23 0.784523 0 0 0.0112101 0.00630205 -0.521347
24 -4.10422 -4.45234 -10.0641 0.838062 0.114999 -1.99578
25 6.02794 0 0 0.0232925 0.746377 -0.158657
26 11.7344 0 0 0.0014027 0 1.38597
27 8.81167 0 0 2.52154 0 0
28 5.77884 0 0 1.68943 0 0
29 2.23249 0 0 0.832109 0 0
30 11.4725 0 0 2.52886 -0.106554 -0.204672
31 0.615815 0.994373 -0.809165 -2.67931 0.197737 0.6989
32 2.24751 0 0 -0.455504 0.0745178 -0.203617
33 1.11936 0 0 -0.177404 0.151427 -0.0876159
34 3.71349 0.102642 0.102192 -1.41459 0.863856 -0.129894
35 1.72615 0 0 0.00118561 0.0145265 1.20498
36 1.21112 0 0 -0.0191567 0.0108781 0.0611612
37 3.5992 1.06012 0.0708885 -1.59788 0.378728 0.0682721
38 1.66069 0 0 0.05788 0.0515064 1.06747
39 1.16699 0 0 0.0422095 0.0130534 0.913733
40 2.18853 -0.501038 0.0576591 -1.56657 -0.0646633 -0.112922
41 1.29609 0 0 0.249417 0.0515062 1.08889
42 1.62202 -0.000713348 -0.000471115 0.000355049 0.000500645 0.995232
43 1.22241 0 0 0.00444611 0.0194 0.083081
44 1.76707 -1.27612 0.0366411 -1.55745 0.163971 -0.0923495
45 1.55588 0 0 0.379869 0.0252865 1.17894
46 1.24273 0 0 0.000478868 0.000360627 0.431123
47 0.784532 0 0 0.00273239 -0.0109978 0.145153
48 0 0 0 0 0 0
49 2.23376 -22.6763 -6.8476 0.594545 -1.04365 -0.812474
50 13.2761 -2.82573 -2.87916 0.594545 -1.04365 -0.812474
51 13.9824 -3.57139 -1.1147 0.594545 -1.04365 -0.812474
52 4.774 -5.75588 -4.56645 0 0 0
53 -0.216063 -7.12765 0.926878 1.12148 0.285657 -1.85443
54 1.01569 0 -1.0878 0 0 0
55 -0.393681 0.152814 -1.39039 0 0 0
56 23.6734 0 -0.790618 0 0 0
57 5.15077 0 -1.06019 0 0 0
time 17
0 6.62106 14.0491 -5.42365 0.000934124 0 -0.959925
1 6.02794 0 0 0.381685 -0.48102 -0.298452
2 11.7344 0 0 -0.00140283 0 -1.15376
3 8.81138 -0.000450134 -0.000112534 -1.14933 0 0.000156947
4 5.77839 0.000287056 0 -0.770053 0 0.000101016
5 2.23163 -0.000329018 -0.000364304 -0.37928 0 0
6 11.4725 0 0 -0.959944 0.789752 0.637714
7 0.615218 -0.993091 -0.8107 -2.8485 0.606238 -0.308841
8 2.24752 0 0 0.303907 -0.0736804 -0.604589
9 1.11936 0 0 -0.0429015 -0.155562 -0.727393
10 3.71348 -0.102641 0.102191 1.62628 1.1947 0.356613
11 1.72615 0 0 0.00722103 -0.00791167 -1.20147
12 1.21114 0 0 -0.00454145 0.0137656 -0.851888
13 3.59919 -1.06012 0.0708885 1.50729 0.287145 0.0898794
14 1.66069 0 0 -0.00598612 0.0768198 -0.302292
15 1.167 0 0 0.00325867 -0.000534533 -0.949486
16 2.18852 0.50104 0.0576591 1.55856 0.173818 0.120989
17 1.29609 0 0 -0.166319 0.01255 -1.32315
18 1.62202 0.000713348 -0.000471354 0.0275829 -0.0290999 -1.19196
19 1.22241 0 0 0.0039755 -0.000686072 -0.714413
20 1.76707 1.27612 0.0366411 1.50086 0.397927 0.0672732
21 1.55588 0 0 -0.169085 -0.102676 -1.27009
22 1.24274 0 0 -0.000479338 0.000360475 -1.04669
23 0.784525 0 0 0.0113801 0.0065136 -0.550507
24 -4.10422 -4.45234 -10.0641 0.838062 0.114999 -1.99578
25 6.02794 0 0 0.0378699 0.719925 -0.114038
26 11.7344 0 0 0.00140279 0 1.3278
27 8.81167 0 0 2.51849 0 0
28 5.77884 0 0 1.68739 0 0
29 2.23249 0 0 0.831101 0 0
30 11.4725 0 0 2.52284 -0.0929583 -0.213838
31 0.61581 0.994373 -0.809165 -2.70582 0.198615 0.682476
32 2.24752 0 0 -0.48591 0.0606589 -0.178288
33 1.11936 0 0 -0.181915 0.151163 -0.0824784
34 3.71348 0.102638 0.10219 -1.41315 0.872439 -0.127962
35 1.72615 0 0 0.00120039 0.0145253 1.20601
36 1.21112 0 0 -0.0200126 0.0100485 0.00944034
37 3.5992 1.06012 0.0708885 -1.59775 0.3678 0.0686022
38 1.66069 0 0 0.0577928 0.0517133 1.06471
39 1.16699 0 0 0.0423352 0.0131777 0.910974
40 2.18853 -0.501038 0.0576591 -1.56657 -0.0616025 -0.112922
41 1.29609 0 0 0.254126 0.0554988 1.1073
42 1.62202 -0.000714302 -0.000469208 0.000354884 0.000500675 0.991579
43 1.22241 0 0 0.00337768 0.0199665 0.0261484
44 1.76707 -1.27612 0.0366402 -1.55745 0.179516 -0.0923493
45 1.55587 0 0 0.388929 0.0236726 1.22321
46 1.24273 0 0 0.000478886 0.000360549 0.40225
47 0.784532 0 0 0.00273237 -0.0109978 0.10446
48 0 0 0 0 0 0
49 2.3264 -23.0752 -6.79182 0.512622 -0.987192 -0.712788
50 13.0267 -2.92635 -3.43667 0.512622 -0.987192 -0.712788
51 13.8778 -3.66204 -1.73298 0.512622 -0.987192 -0.712788
52 4.774 -5.75588 -4.56645 0 0 0
53 -0.194606 -7.48225 0.896958 1.04862 0.273667 -1.84451
54 1.01569 0 -1.0878 0 0 0
55 -0.39368 0.152812 -1.39039 0 0 0
56 23.6734 0 -0.790618 0 0 0
57 5.15077 0 -1.06019 0 0 0
time 18
0 6.06203 14.1092 -5.05289 0.000934124 0 -0.959925
1 6.02794 0 0 0.393254 -0.450338 -0.278468
2 11.7344 0 0 -0.00140285 0 -1.13082
3 8.81138 -0.000450134 -0.000112534 -1.19505 0 0.000157509
4 5.77839 0.000285149 0 -0.800681 0 0.000101235
5 2.23163 -0.000329971 -0.000364304 -0.394365 0 0
6 11.4725 0 0 -1.04784 0.765981 0.590443
7 0.615219 -0.993091 -0.810701 -2.8485 0.606238 -0.308841
8 2.24752 0 0 0.303907 -0.0736804 -0.604589
9 1.11936 0 0 -0.0429015 -0.155562 -0.727393
10 3.71348 -0.102641 0.10219 1.62628 1.1947 0.356613
11 1.72615 0 0 0.0072211 -0.00791162 -1.20147
12 1.21114 0 0 -0.00454145 0.0137654 -0.851888
13 3.59919 -1.06012 0.0708876 1.50729 0.287145 0.0898792
14 1.66069 0 0 -0.00598609 0.0768197 -0.302292
15 1.167 0 0 0.00325861 -0.000534494 -0.949486
16 2.18852 0.501039 0.0576587 1.55856 0.173818 0.120989
17 1.29609 0 0 -0.166319 0.0125501 -1.32315
18 1.62202 0.000713348 -0.00047183 0.0275829 -0.0291 -1.19196
19 1.22241 0 0 0.00397542 -0.000686196 -0.714413
20 1.76707 1.27612 0.0366406 1.50086 0.397927 0.0672731
21 1.55587 0 0 -0.169084 -0.102676 -1.27009
22 1.24274 0 0 -0.000479338 0.000360475 -1.04669
23 0.784524 0 0 0.0113802 0.00651358 -0.550507
24 -4.10422 -4.45234 -10.0641 0.838062 0.114999 -1.99578
25 6.02794 0 0 0.0549551 0.691737 -0.0638811
26 11.7344 0 0 0.00140268 0 1.26517
27 8.81167 0 0 2.51358 0 0
28 5.77884 0 0 1.6841 0 0
29 2.23249 0 0 0.829482 0 0
30 11.4725 0 0 2.51349 -0.0715816 -0.221073
31 0.615814 0.994373 -0.809166 -2.73076 0.199685 0.666774
32 2.24752 0 0 -0.514508 0.0462635 -0.153919
33 1.11936 0 0 -0.186096 0.150964 -0.0772823
34 3.71349 0.102638 0.10219 -1.41181 0.880471 -0.126153
35 1.72615 0 0 0.00121434 0.0145243 1.20697
36 1.21112 0 0 -0.0208138 0.00927208 -0.0389596
37 3.5992 1.06012 0.0708885 -1.59762 0.357574 0.0689113
38 1.66069 0 0 0.0577113 0.0519067 1.06213
39 1.16699 0 0 0.0424531 0.0132942 0.908391
40 2.18853 -0.501041 0.0576591 -1.56657 -0.0587381 -0.112922
41 1.29609 0 0 0.258533 0.0592354 1.12454
42 1.62202 -0.000714302 -0.0004673 0.000354953 0.000500609 0.988161
43 1.22241 0 0 0.00237778 0.0204967 -0.0271287
44 1.76707 -1.27612 0.0366402 -1.55745 0.194063 -0.0923492
45 1.55587 0 0 0.397407 0.0221626 1.26465
46 1.24273 0 0 0.000478947 0.000360596 0.375231
47 0.784532 0 0 0.00273258 -0.0109978 0.0663801
48 0 0 0 0 0 0
49 2.42831 -23.4759 -6.69459 0.441935 -0.928594 -0.624658
50 12.7294 -3.02247 -3.99762 0.441935 -0.928594 -0.624658
51 13.7213 -3.73761 -2.36273 0.441935 -0.928594 -0.624658
52 4.774 -5.75588 -4.56645 0 0 0
53 -0.173102 -7.82948 0.88011 0.976283 0.259057 -1.83328
54 1.01569 0 -1.0878 0 0 0
55 -0.393682 0.152814 -1.3904 0 0 0
56 23.6734 0 -0.790618 0 0 0
57 5.15077 0 -1.06019 0 0 0
time 19
0 5.47912 14.1719 -4.66629 0.000934124 0 -0.959925
1 6.02794 0 0 0.402493 -0.41705 -0.259002
2 11.7344 0 0 -0.00140296 0 -1.1046
3 8.81138 -0.000449181 -0.000112534 -1.2404 0 0.000157245
4 5.77839 0.000287056 0 -0.83107 0 0.000100898
5 2.23163 -0.000329018 -0.000364304 -0.409333 0 0
6 11.4725 0 0 -1.12925 0.737942 0.546366
7 0.615219 -0.993091 -0.8107 -2.8485 0.606238 -0.308841
8 2.24752 0 0 0.303907 -0.0736804 -0.604589
9 1.11936 0 0 -0.0429014 -0.155562 -0.727393
10 3.71348 -0.102641 0.10219 1.62628 1.1947 0.356613
11 1.72615 0 0 0.00722133 -0.00791175 -1.20147
12 1.21113 0 0 -0.00454143 0.0137655 -0.851888
13 3.59919 -1.06012 0.070888 1.50729 0.287145 0.0898792
14 1.66069 0 0 -0.00598626 0.0768201 -0.302292
15 1.167 0 0 0.00325865 -0.000534543 -0.949486
16 2.18853 0.50104 0.0576587 1.55856 0.173818 0.120989
17 1.29609 0 0 -0.166319 0.0125498 -1.32315
18 1.62202 0.000713348 -0.000470638 0.0275827 -0.0290999 -1.19196
19 1.22241 0 0 0.00397545 -0.000686264 -0.714413
20 1.76707 1.27612 0.0366406 1.50086 0.397927 0.0672732
21 1.55588 0 0 -0.169085 -0.102676 -1.27009
22 1.24274 0 0 -0.00047902 0.000360521 -1.04669
23 0.784523 0 0 0.0113801 0.00651359 -0.550507
24 -4.10422 -4.45234 -10.0641 0.838062 0.114999 -1.99578
25 6.02794 0 0 0.0730764 0.662097 -0.00928128
26 11.7344 0 0 0.00140265 0 1.19769
27 8.81167 0 0 2.50628 0 0
28 5.77884 0 0 1.67921 0 0
29 2.23249 0 0 0.827073 0 0
30 11.4725 0 0 2.50092 -0.043722 -0.224712
31 0.61581 0.994373 -0.809165 -2.75372 0.200867 0.652117
32 2.24752 0 0 -0.540825 0.03191 -0.131046
33 1.11936 0 0 -0.189893 0.150821 -0.0722042
34 3.71349 0.10264 0.102191 -1.41059 0.887828 -0.124497
35 1.72615 0 0 0.00122716 0.0145233 1.20785
36 1.21112 0 0 -0.0215471 0.00856073 -0.0833005
37 3.5992 1.06012 0.0708885 -1.5975 0.348205 0.0691935
38 1.66069 0 0 0.0576365 0.052084 1.05976
39 1.16699 0 0 0.0425612 0.0134008 0.906026
40 2.18853 -0.501041 0.0576591 -1.56657 -0.056114 -0.112922
41 1.29609 0 0 0.262571 0.0626583 1.14033
42 1.62202 -0.000711441 -0.000471115 0.000354946 0.000500723 0.98503
43 1.22241 0 0 0.00146124 0.0209823 -0.0759378
44 1.76707 -1.27612 0.0366402 -1.55745 0.207389 -0.0923493
45 1.55587 0 0 0.405174 0.0207791 1.3026
46 1.24273 0 0 0.000478848 0.00036058 0.350478
47 0.784531 0 0 0.00273246 -0.0109979 0.0314939
48 0 0 0 0 0 0
49 2.5388 -23.8726 -6.56196 0.380457 -0.868412 -0.54642
50 12.3872 -3.11898 -4.55614 0.380457 -0.868412 -0.54642
51 13.5141 -3.80436 -2.99776 0.380457 -0.868412 -0.54642
52 4.774 -5.75588 -4.56645 0 0 0
53 -0.151699 -8.16607 0.874191 0.904742 0.242267 -1.82092
54 1.01569 0 -1.0878 0 0 0
55 -0.393681 0.152813 -1.39039 0 0 0
56 23.6734 0 -0.790618 0 0 0
57 5.15077 0 -1.06019 0 0 0
time 20
0 4.88428 14.2358 -4.27177 0.000934124 0 -0.959925
1 6.02794 0 0 0.409214 -0.381729 -0.240582
2 11.7344 0 0 -0.00140283 0 -1.07517
3 8.81139 -0.000450134 -0.000112057 -1.28548 0 0.000156633
4 5.77839 0.000286102 0 -0.861275 0 0.000100523
5 2.23164 -0.000329971 -0.00036335 -0.42421 0 0
6 11.4725 0 0 -1.20408 0.706801 0.505283
7 0.615219 -0.993091 -0.8107 -2.8485 0.606238 -0.308841
8 2.24752 0 0 0.303907 -0.0736805 -0.604589
9 1.11936 0 0 -0.0429016 -0.155562 -0.727393
10 3.71348 -0.102641 0.102191 1.62628 1.1947 0.356612
11 1.72615 0 0 0.00722116 -0.00791155 -1.20147
12 1.21113 0 0 -0.00454131 0.0137654 -0.851888
13 3.59919 -1.06012 0.070888 1.50729 0.287145 0.0898792
14 1.66069 0 0 -0.0059862 0.0768198 -0.302292
15 1.167 0 0 0.00325862 -0.000534557 -0.949486
16 2.18852 0.50104 0.0576596 1.55856 0.173818 0.120989
17 1.29609 0 0 -0.166319 0.0125499 -1.32315
18 1.62202 0.000714302 -0.000470638 0.0275827 -0.0290999 -1.19196
19 1.22241 0 0 0.00397551 -0.000686086 -0.714413
20 1.76707 1.27612 0.0366416 1.50086 0.397927 0.0672731
21 1.55588 0 0 -0.169085 -0.102676 -1.27009
22 1.24274 0 0 -0.000479234 0.000360415 -1.04669
23 0.784523 0 0 0.01138 0.00651358 -0.550507
24 -4.10422 -4.45234 -10.0641 0.838062 0.114999 -1.99578
25 6.02794 0 0 0.0908737 0.63138 0.0485628
26 11.7344 0 0 0.00140273 0 1.12552
27 8.81167 0 0 2.49607 0 0
28 5.77884 0 0 1.67237 0 0
29 2.23249 0 0 0.823704 0 0
30 11.4725 0 0 2.48545 -0.0106091 -0.223648
31 0.61581 0.994371 -0.809165 -2.77429 0.202083 0.638827
32 2.24752 0 0 -0.564389 0.0181769 -0.110212
33 1.11936 0 0 -0.193251 0.150725 -0.0674214
34 3.71348 0.102634 0.102191 -1.40949 0.894391 -0.123019
35 1.72615 0 0 0.00123847 0.0145223 1.20864
36 1.21112 0 0 -0.0222019 0.00792635 -0.122845
37 3.5992 1.06012 0.0708876 -1.5974 0.33985 0.0694461
38 1.66069 0 0 0.0575697 0.0522419 1.05765
39 1.16699 0 0 0.0426575 0.0134959 0.903916
40 2.18853 -0.501043 0.0576582 -1.56657 -0.0537738 -0.112922
41 1.29609 0 0 0.266171 0.065711 1.15441
42 1.62202 -0.000713348 -0.000471115 0.000354827 0.000500661 0.982237
43 1.22241 0 0 0.0006444 0.0214156 -0.119467
44 1.76707 -1.27612 0.0366411 -1.55745 0.219275 -0.0923496
45 1.55587 0 0 0.412101 0.0195455 1.33645
46 1.24273 0 0 0.000478924 0.000360597 0.328403
47 0.784531 0 0 0.00273255 -0.0109978 0.000381589
48 0 0 0 0 0 0
49 2.65712 -24.2596 -6.40005 0.326617 -0.807184 -0.476795
50 12.0044 -3.21954 -5.10641 0.326617 -0.807184 -0.476795
51 13.2587 -3.86749 -3.63166 0.326617 -0.807184 -0.476795
52 4.774 -5.75588 -4.56645 0 0 0
53 -0.130548 -8.48878 0.877059 0.83427 0.223735 -1.80761
54 1.01569 0 -1.0878 0 0 0
55 -0.393681 0.152813 -1.39039 0 0 0
56 23.6734 0 -0.790618 0 0 0
57 5.15077 0 -1.06019 0 0 0
time 21
0 4.28944 14.2997 -3.87725 0.000934124 0 -0.959925
1 6.02794 0 0 0.404997 -0.34096 -0.221991
2 11.7344 0 0 -0.00140283 0 -1.04248
3 8.81139 -0.000450134 -0.000112534 -1.32134 0 0.000156769
4 5.77839 0.000285149 0 -0.885297 0 0.000100571
5 2.23163 -0.000329018 -0.000364304 -0.436042 0 0
6 11.4725 0 0 -1.26118 0.674196 0.473783
7 0.615219 -0.993091 -0.8107 -2.8485 0.606238 -0.308841
8 2.24752 0 0 0.303907 -0.0736804 -0.604589
9 1.11936 0 0 -0.0429016 -0.155562 -0.727393
10 3.71348 -0.10264 0.102191 1.62628 1.1947 0.356612
11 1.72615 0 0 0.00722127 -0.00791165 -1.20147
12 1.21114 0 0 -0.00454134 0.0137655 -0.851888
13 3.59919 -1.06012 0.0708885 1.50729 0.287145 0.0898793
14 1.66069 0 0 -0.00598631 0.07682 -0.302292
15 1.167 0 0 0.00325878 -0.000534475 -0.949486
16 2.18852 0.50104 0.0576591 1.55856 0.173818 0.120989
17 1.29609 0 0 -0.166319 0.01255 -1.32315
18 1.62202 0.000713348 -0.000470638 0.027583 -0.0291 -1.19196
19 1.22241 0 0 0.0039754 -0.000686141 -0.714413
20 1.76707 1.27612 0.0366406 1.50086 0.397927 0.0672733
21 1.55588 0 0 -0.169084 -0.102676 -1.27009
22 1.24274 0 0 -0.000479112 0.000360442 -1.04669
23 0.784524 0 0 0.0113801 0.00651361 -0.550507
24 -4.10422 -4.45234 -10.0641 0.838062 0.114999 -1.99578
25 6.02794 0 0 0.107594 0.599991 0.109121
26 11.7344 0 0 0.00140274 0 1.04806
27 8.81167 0 0 2.48246 0 0
28 5.77884 0 0 1.66325 0 0
29 2.23249 0 0 0.819214 0 0
30 11.4725 0 0 2.46756 0.0266726 -0.216657
31 0.61581 0.994371 -0.809165 -2.79205 0.203255 0.627229
32 2.24752 0 0 -0.584728 0.00564325 -0.0919552
33 1.11936 0 0 -0.196119 0.150666 -0.0631113
34 3.71348 0.102636 0.102191 -1.40855 0.900034 -0.121748
35 1.72615 0 0 0.00124815 0.0145216 1.20931
36 1.21112 0 0 -0.0227646 0.00738091 -0.156854
37 3.5992 1.06012 0.0708885 -1.59731 0.332664 0.0696627
38 1.66069 0 0 0.0575123 0.0523779 1.05584
39 1.16699 0 0 0.0427406 0.0135776 0.902101
40 2.18853 -0.501041 0.0576591 -1.56657 -0.0517611 -0.112922
41 1.29609 0 0 0.269268 0.0683364 1.16652
42 1.62202 -0.000713348 -0.000471115 0.000354963 0.000500695 0.979836
43 1.22241 0 0 0 0.0217881 -0.156903
44 1.76707 -1.27612 0.0366411 -1.55745 0.229496 -0.0923494
45 1.55588 0 0 0.418059 0.0184843 1.36556
46 1.24273 0 0 0.00047891 0.000360437 0.309417
47 0.784532 0 0 0.00273251 -0.0109978 -0.0263759
48 0 0 0 0 0 0
49 2.78241 -24.6311 -6.21512 0.279188 -0.745433 -0.414784
50 11.5863 -3.32631 -5.64279 0.279188 -0.745433 -0.414784
51 12.9592 -3.93087 -4.25798 0.279188 -0.745433 -0.414784
52 4.774 -5.75588 -4.56645 0 0 0
53 -0.109797 -8.79434 0.88657 0.765141 0.203901 -1.79353
54 1.01569 0 -1.0878 0 0 0
55 -0.393681 0.152813 -1.39039 0 0 0
56 23.6734 0 -0.790618 0 0 0
57 5.15077 0 -1.06019 0 0 0
time 22
0 3.70653 14.3624 -3.49065 0.000934124 0 -0.959925
1 6.02794 0 0 0.382538 -0.292103 -0.202932
2 11.7344 0 0 -0.00140289 0 -1.006
3 8.81139 -0.000449181 -0.000112057 -1.33936 0 0.000156744
4 5.77839 0.00028801 0 -0.897374 0 0.00010036
5 2.23164 -0.000328064 -0.000364304 -0.44199 0 0
6 11.4725 0 0 -1.29185 0.641964 0.455594
7 0.61522 -0.993091 -0.8107 -2.8485 0.606238 -0.308841
8 2.24752 0 0 0.303907 -0.0736804 -0.604589
9 1.11936 0 0 -0.0429014 -0.155562 -0.727393
10 3.71348 -0.10264 0.102191 1.62628 1.1947 0.356613
11 1.72615 0 0 0.00722133 -0.00791169 -1.20147
12 1.21114 0 0 -0.00454157 0.0137653 -0.851888
13 3.59919 -1.06012 0.0708885 1.50729 0.287145 0.0898794
14 1.66069 0 0 -0.00598621 0.0768198 -0.302292
15 1.167 0 0 0.00325863 -0.000534483 -0.949486
16 2.18852 0.501039 0.0576591 1.55856 0.173818 0.120989
17 1.29609 0 0 -0.166319 0.01255 -1.32315
18 1.62202 0.000713348 -0.000471592 0.027583 -0.0290999 -1.19196
19 1.22241 0 0 0.00397536 -0.000686204 -0.714413
20 1.76707 1.27612 0.0366411 1.50086 0.397927 0.0672732
21 1.55588 0 0 -0.169085 -0.102676 -1.27009
22 1.24274 0 0 -0.000479196 0.000360587 -1.04669
23 0.784523 0 0 0.0113801 0.00651357 -0.550507
24 -4.10422 -4.45234 -10.0641 0.838062 0.114999 -1.99578
25 6.02794 0 0 0.122355 0.568425 0.171288
26 11.7344 0 0 0.00140266 0 0.965998
27 8.81167 0 0 2.46518 0 0
28 5.77884 0 0 1.65167 0 0
29 2.23249 0 0 0.81351 0 0
30 11.4725 0 0 2.44786 0.0672287 -0.203363
31 0.615814 0.994371 -0.809165 -2.80658 0.204303 0.617646
32 2.24752 0 0 -0.60137 -0.00511237 -0.0768157
33 1.11936 0 0 -0.198443 0.150637 -0.0594507
34 3.71349 0.10264 0.102192 -1.40778 0.904637 -0.120712
35 1.72615 0 0 0.00125613 0.014521 1.20986
36 1.21112 0 0 -0.0232236 0.00693584 -0.18459
37 3.5992 1.06012 0.0708895 -1.59724 0.326804 0.0698401
38 1.66069 0 0 0.0574657 0.0524888 1.05436
39 1.16699 0 0 0.0428082 0.0136443 0.900621
40 2.18853 -0.501041 0.0576601 -1.56657 -0.0501198 -0.112922
41 1.29609 0 0 0.271794 0.0704774 1.1764
42 1.62202 -0.000713348 -0.0004673 0.000355126 0.000500876 0.977877
43 1.22241 0 0 -0.000631622 0.0220919 -0.187434
44 1.76707 -1.27612 0.0366411 -1.55745 0.237832 -0.0923495
45 1.55588 0 0 0.422918 0.0176191 1.38931
46 1.24273 0 0 0.000478877 0.00036047 0.293934
47 0.784533 0 0 0.00273246 -0.0109977 -0.0481979
48 0 0 0 0 0 0
49 2.91362 -24.9815 -6.01354 0.237213 -0.683681 -0.359587
50 11.1393 -3.43983 -6.15995 0.237213 -0.683681 -0.359587
51 12.6208 -3.99679 -4.87035 0.237213 -0.683681 -0.359587
52 4.774 -5.75588 -4.56645 0 0 0
53 -0.0895953 -9.07948 0.900585 0.697628 0.183203 -1.77884
54 1.01569 0 -1.0878 0 0 0
55 -0.393681 0.152814 -1.39039 0 0 0
56 23.6734 0 -0.790619 0 0 0
57 5.15077 0 -1.06019 0 0 0
time 23
0 3.1475 14.4225 -3.11988 0.000934124 0 -0.959925
1 6.02794 0 0 0.34286 -0.237153 -0.184489
2 11.7344 0 0 -0.00140281 0 -0.967316
3 8.81138 -0.000450134 -0.000112534 -1.33993 0 0.000157061
4 5.77839 0.000287056 0 -0.897756 0 0.000100603
5 2.23163 -0.000329018 -0.000363827 -0.442178 0 0
6 11.4725 0 0 -1.29917 0.610919 0.447882
7 0.615219 -0.99309 -0.810699 -2.8485 0.606238 -0.308841
8 2.24752 0 0 0.303907 -0.0736805 -0.604589
9 1.11936 0 0 -0.0429016 -0.155562 -0.727393
10 3.71348 -0.102641 0.102192 1.62628 1.1947 0.356613
11 1.72615 0 0 0.00722118 -0.00791168 -1.20147
12 1.21114 0 0 -0.00454139 0.0137655 -0.851888
13 3.59919 -1.06012 0.0708885 1.50729 0.287145 0.0898792
14 1.66069 0 0 -0.00598623 0.0768199 -0.302292
15 1.167 0 0 0.00325866 -0.000534503 -0.949486
16 2.18853 0.501039 0.0576591 1.55856 0.173818 0.120989
17 1.29609 0 0 -0.166319 0.0125498 -1.32315
18 1.62202 0.000714302 -0.000470638 0.0275827 -0.0290999 -1.19196
19 1.22241 0 0 0.00397542 -0.000686183 -0.714413
20 1.76707 1.27612 0.0366411 1.50086 0.397927 0.0672731
21 1.55587 0 0 -0.169085 -0.102676 -1.27009
22 1.24274 0 0 -0.000479171 0.000360545 -1.04669
23 0.784523 0 0 0.01138 0.00651358 -0.550507
24 -4.10422 -4.45234 -10.0641 0.838062 0.114999 -1.99578
25 6.02794 0 0 0.134686 0.537184 0.23428
26 11.7344 0 0 0.00140278 0 0.879807
27 8.81167 0 0 2.44415 0 0
28 5.77884 0 0 1.63758 0 0
29 2.23249 0 0 0.806568 0 0
30 11.4725 0 0 2.42704 0.110375 -0.183419
31 0.615812 0.994375 -0.809165 -2.81748 0.205149 0.6104
32 2.24752 0 0 -0.613841 -0.0135115 -0.0653336
33 1.11936 0 0 -0.200168 0.150627 -0.0566165
34 3.71348 0.10264 0.102191 -1.40721 0.908076 -0.119938
35 1.72615 0 0 0.00126195 0.0145206 1.21027
36 1.21112 0 0 -0.0235666 0.00660343 -0.205315
37 3.5992 1.06012 0.0708876 -1.59719 0.322425 0.0699717
38 1.66069 0 0 0.057431 0.0525716 1.05325
39 1.16699 0 0 0.0428587 0.0136943 0.899516
40 2.18853 -0.501041 0.0576591 -1.56657 -0.0488932 -0.112922
41 1.29609 0 0 0.273681 0.0720775 1.18378
42 1.62202 -0.000713348 -0.000465393 0.000354913 0.000500662 0.976414
43 1.22241 0 0 -0.00105991 0.0223188 -0.210247
44 1.76707 -1.27612 0.0366411 -1.55745 0.244061 -0.0923493
45 1.55588 0 0 0.426548 0.0169726 1.40705
46 1.24273 0 0 0.0004788 0.000360479 0.282364
47 0.784533 0 0 0.00273248 -0.0109978 -0.064504
48 0 0 0 0 0 0
49 3.04956 -25.3058 -5.80183 0.199953 -0.62244 -0.310553
50 10.6705 -3.55893 -6.65303 0.199953 -0.62244 -0.310553
51 12.2498 -4.06582 -5.46272 0.199953 -0.62244 -0.310553
52 4.774 -5.75588 -4.56645 0 0 0
53 -0.0700927 -9.34095 0.916959 0.632003 0.162082 -1.76374
54 1.01569 0 -1.0878 0 0 0
55 -0.39368 0.152812 -1.39039 0 0 0
56 23.6734 0 -0.790618 0 0 0
57 5.15077 0 -1.06019 0 0 0
time 24
0 2.62428 14.4787 -2.77286 0.000934124 0 -0.959925
1 6.02794 0 0 0.28717 -0.177857 -0.168429
2 11.7344 0 0 -0.00140284 0 -0.926962
3 8.81139 -0.000450134 -0.000112057 -1.32379 0 0.00015681
4 5.77839 0.000286102 0 -0.886939 0 0.000100466
5 2.23163 -0.000329018 -0.000363827 -0.436851 0 0
6 11.4725 0 0 -1.28581 0.581309 0.44802
7 0.615221 -0.993091 -0.8107 -2.8485 0.606238 -0.308841
8 2.24752 0 0 0.303907 -0.0736803 -0.604589
9 1.11936 0 0 -0.0429015 -0.155562 -0.727393
10 3.71348 -0.102641 0.102191 1.62628 1.1947 0.356613
11 1.72615 0 0 0.00722122 -0.00791174 -1.20147
12 1.21114 0 0 -0.00454133 0.0137656 -0.851888
13 3.59919 -1.06012 0.070888 1.50729 0.287145 0.0898793
14 1.66069 0 0 -0.00598614 0.0768198 -0.302292
15 1.167 0 0 0.00325867 -0.000534463 -0.949486
16 2.18853 0.50104 0.0576587 1.55856 0.173818 0.120989
17 1.29609 0 0 -0.166319 0.0125501 -1.32315
18 1.62202 0.000715256 -0.000471115 0.0275829 -0.0291 -1.19196
19 1.22241 0 0 0.00397542 -0.000686197 -0.714413
20 1.76707 1.27612 0.0366411 1.50086 0.397927 0.0672732
21 1.55588 0 0 -0.169085 -0.102676 -1.27009
22 1.24273 0 0 -0.000479317 0.00036044 -1.04669
23 0.784524 0 0 0.0113802 0.00651372 -0.550507
24 -4.10422 -4.45234 -10.0641 0.838062 0.114999 -1.99578
25 6.02794 0 0 0.144309 0.506767 0.297301
26 11.7344 0 0 0.0014025 0 0.790217
27 8.81167 0 0 2.41957 0 0
28 5.77884 0 0 1.62111 0 0
29 2.23249 0 0 0.798459 0 0
30 11.4725 0 0 2.40586 0.155639 -0.156708
31 0.615812 0.994373 -0.809165 -2.82432 0.205715 0.605816
32 2.24752 0 0 -0.621671 -0.0189753 -0.0580485
33 1.11936 0 0 -0.201243 0.150627 -0.0547861
34 3.71349 0.102642 0.102191 -1.40685 0.91023 -0.119453
35 1.72615 0 0 0.00126577 0.0145203 1.21053
36 1.21112 0 0 -0.0237811 0.0063953 -0.218291
37 3.5992 1.06012 0.0708876 -1.59715 0.319683 0.0700547
38 1.66069 0 0 0.0574089 0.0526235 1.05256
39 1.16699 0 0 0.0428903 0.0137254 0.898824
40 2.18853 -0.50104 0.0576591 -1.56657 -0.0481254 -0.112922
41 1.29609 0 0 0.274862 0.0730791 1.1884
42 1.62202 -0.000713348 -0.000471115 0.000355068 0.000500785 0.975497
43 1.22241 0 0 -0.00132785 0.0224611 -0.224531
44 1.76707 -1.27612 0.0366411 -1.55745 0.247962 -0.0923493
45 1.55587 0 0 0.428821 0.0165675 1.41816
46 1.24273 0 0 0.000478814 0.000360463 0.27512
47 0.784532 0 0 0.00273244 -0.0109976 -0.0747135
48 0 0 0 0 0 0
49 3.18883 -25.5989 -5.58666 0.166844 -0.562215 -0.26713
50 10.1873 -3.68077 -7.11776 0.166844 -0.562215 -0.26713
51 11.8534 -4.13673 -6.02945 0.166844 -0.562215 -0.26713
52 4.774 -5.75588 -4.56645 0 0 0
53 -0.0514388 -9.57549 0.933551 0.56854 0.140975 -1.74839
54 1.01569 0 -1.0878 0 0 0
55 -0.39368 0.152814 -1.39039 0 0 0
56 23.6734 0 -0.790617 0 0 0
57 5.15077 0 -1.06019 0 0 0
time 25
0 2.1488 14.5298 -2.45751 0.000934124 0 -0.959925
1 6.02794 0 0 0.216946 -0.116335 -0.155838
2 11.7344 0 0 -0.00140286 0 -0.886987
3 8.81138 -0.000450134 -0.000112057 -1.29239 0 0.000157184
4 5.77839 0.000286102 0 -0.865902 0 0.000100871
5 2.23163 -0.000329971 -0.000363827 -0.426489 0 0
6 11.4725 0 0 -1.25463 0.553059 0.454547
7 0.61522 -0.993091 -0.8107 -2.8485 0.606238 -0.308841
8 2.24752 0 0 0.303907 -0.0736805 -0.604589
9 1.11936 0 0 -0.0429015 -0.155562 -0.727393
10 3.71348 -0.102641 0.102191 1.62628 1.1947 0.356613
11 1.72615 0 0 0.00722124 -0.00791177 -1.20147
12 1.21113 0 0 -0.00454132 0.0137654 -0.851888
13 3.59919 -1.06012 0.070888 1.50729 0.287145 0.0898792
14 1.66069 0 0 -0.00598634 0.07682 -0.302292
15 1.167 0 0 0.0032587 -0.000534516 -0.949486
16 2.18853 0.50104 0.0576596 1.55856 0.173818 0.120989
17 1.29609 0 0 -0.166319 0.01255 -1.32315
18 1.62202 0.000714302 -0.000471115 0.0275829 -0.0290999 -1.19196
19 1.22241 0 0 0.0039754 -0.000686127 -0.714413
20 1.76707 1.27612 0.0366411 1.50086 0.397927 0.0672731
21 1.55588 0 0 -0.169085 -0.102676 -1.27009
22 1.24274 0 0 -0.000479138 0.000360487 -1.04669
23 0.784522 0 0 0.0113802 0.00651359 -0.550507
24 -4.10422 -4.45234 -10.0641 0.838062 0.114999 -1.99578
25 6.02794 0 0 0.151067 0.477654 0.35945
26 11.7344 0 0 0.00140256 0 0.698334
27 8.81167 0 0 2.392 0 0
28 5.77884 0 0 1.60264 0 0
29 2.23249 0 0 0.78936 0 0
30 11.4725 0 0 2.38514 0.202743 -0.12334
31 0.61581 0.994371 -0.809166 -2.82669 0.205921 0.604216
32 2.24752 0 0 -0.624386 -0.0209251 -0.0555001
33 1.11936 0 0 -0.201613 0.15063 -0.0541366
34 3.71349 0.102636 0.10219 -1.40672 0.910975 -0.119285
35 1.72615 0 0 0.00126707 0.0145202 1.21062
36 1.21112 0 0 -0.0238556 0.00632337 -0.222781
37 3.5992 1.06011 0.0708885 -1.59714 0.318734 0.0700833
38 1.66069 0 0 0.0574013 0.0526414 1.05232
39 1.16699 0 0 0.0429012 0.0137362 0.898584
40 2.18853 -0.501041 0.0576591 -1.56657 -0.0478596 -0.112922
41 1.29609 0 0 0.275271 0.0734258 1.19
42 1.62202 -0.000713348 -0.0004673 0.00035489 0.000500784 0.97518
43 1.22241 0 0 -0.00142072 0.0225103 -0.229473
44 1.76707 -1.27612 0.0366402 -1.55745 0.249311 -0.0923494
45 1.55588 0 0 0.429607 0.0164274 1.422
46 1.24273 0 0 0.000478853 0.000360695 0.272614
47 0.784531 0 0 0.00273249 -0.0109978 -0.0782457
48 0 0 0 0 0 0
49 3.32985 -25.8564 -5.37482 0.137472 -0.503497 -0.228838
50 9.69756 -3.80089 -7.55055 0.137472 -0.503497 -0.228838
51 11.4392 -4.20655 -6.56548 0.137472 -0.503497 -0.228838
52 4.774 -5.75588 -4.56645 0 0 0
53 -0.033783 -9.77982 0.948218 0.507513 0.120323 -1.73298
54 1.01569 0 -1.0878 0 0 0
55 -0.393681 0.152813 -1.39039 0 0 0
56 23.6734 0 -0.790619 0 0 0
57 5.15077 0 -1.06019 0 0 0
time 26
0 1.73301 14.5745 -2.18174 0.000934124 0 -0.959925
1 6.02794 0 0 0.134509 -0.0548291 -0.147695
2 11.7344 0 0 -0.00140284 0 -0.849301
3 8.81139 -0.000450134 -0.000111818 -1.24825 0 0.000156987
4 5.77839 0.000286102 0 -0.836325 0 0.000100846
5 2.23163 -0.000329971 -0.000363827 -0.411921 0 0
6 11.4725 0 0 -1.20921 0.525986 0.466169
7 0.615221 -0.99309 -0.810699 -2.8485 0.606238 -0.308841
8 2.24752 0 0 0.303907 -0.0736803 -0.604589
9 1.11936 0 0 -0.0429015 -0.155562 -0.727393
10 3.71348 -0.102641 0.102191 1.62628 1.1947 0.356613
11 1.72615 0 0 0.00722109 -0.00791177 -1.20147
12 1.21114 0 0 -0.00454138 0.0137654 -0.851888
13 3.59919 -1.06012 0.0708885 1.50729 0.287145 0.0898793
14 1.66069 0 0 -0.00598625 0.0768198 -0.302292
15 1.167 0 0 0.00325867 -0.00053453 -0.949486
16 2.18853 0.50104 0.0576596 1.55856 0.173818 0.120989
17 1.29609 0 0 -0.166319 0.01255 -1.32315
18 1.62202 0.000714302 -0.000472069 0.027583 -0.0290999 -1.19196
19 1.22241 0 0 0.00397532 -0.000686253 -0.714413
20 1.76707 1.27612 0.0366411 1.50086 0.397927 0.0672732
21 1.55588 0 0 -0.169085 -0.102676 -1.27009
22 1.24273 0 0 -0.000479286 0.000360505 -1.04669
23 0.784523 0 0 0.0113802 0.00651372 -0.550507
24 -4.10422 -4.45234 -10.0641 0.838062 0.114999 -1.99578
25 6.02794 0 0 0.155608 0.450229 0.42185
26 11.7344 0 0 0.00140271 0 0.603065
27 8.81167 0 0 2.3624 0 0
28 5.77884 0 0 1.58281 0 0
29 2.23249 0 0 0.779593 0 0
30 11.4725 0 0 2.36546 0.248826 -0.0848202
31 0.615812 0.994371 -0.809165 -2.82669 0.205921 0.604216
32 2.24752 0 0 -0.624385 -0.0209251 -0.0555
33 1.11936 0 0 -0.201613 0.15063 -0.0541368
34 3.71348 0.102638 0.102191 -1.40672 0.910974 -0.119285
35 1.72615 0 0 0.0012671 0.0145201 1.21062
36 1.21112 0 0 -0.0238555 0.00632341 -0.222781
37 3.5992 1.06012 0.0708885 -1.59714 0.318734 0.0700833
38 1.66069 0 0 0.0574013 0.0526414 1.05232
39 1.16699 0 0 0.0429013 0.0137362 0.898584
40 2.18853 -0.501041 0.0576601 -1.56657 -0.0478595 -0.112922
41 1.29609 0 0 0.275271 0.0734257 1.19
42 1.62202 -0.000713348 -0.0004673 0.000355111 0.000500819 0.97518
43 1.22241 0 0 -0.00142095 0.0225102 -0.229473
44 1.76707 -1.27612 0.0366411 -1.55745 0.249311 -0.0923493
45 1.55588 0 0 0.429608 0.0164275 1.422
46 1.24273 0 0 0.000478884 0.00036048 0.272614
47 0.784532 0 0 0.00273249 -0.0109978 -0.0782457
48 0 0 0 0 0 0
49 3.47089 -26.0742 -5.17323 0.111551 -0.44676 -0.195248
50 9.20887 -3.9134 -7.94852 0.111551 -0.44676 -0.195248
51 11.0151 -4.27062 -7.06644 0.111551 -0.44676 -0.195248
52 4.774 -5.75588 -4.56645 0 0 0
53 -0.0172734 -9.9507 0.958818 0.449194 0.100563 -1.71769
54 1.01569 0 -1.0878 0 0 0
55 -0.393681 0.152813 -1.39039 0 0 0
56 23.6734 0 -0.790618 0 0 0
57 5.15077 0 -1.06019 0 0 0
time 27
0 1.38884 14.6115 -1.95348 0.000934124 0 -0.959925
1 6.02794 0 0 0.0431567 0.00435298 -0.144093
2 11.7344 0 0 -0.00140286 0 -0.816762
3 8.81138 -0.000450134 -0.000112295 -1.19483 0 0.000157575
4 5.77839 0.000287056 0 -0.800538 0 0.000101351
5 2.23163 -0.000329018 -0.000364304 -0.394295 0 0
6 11.4725 0 0 -1.15396 0.500003 0.482333
7 0.615219 -0.993091 -0.8107 -2.8485 0.606237 -0.308841
8 2.24752 0 0 0.303907 -0.0736804 -0.604589
9 1.11936 0 0 -0.0429016 -0.155562 -0.727393
10 3.71348 -0.102641 0.102191 1.62628 1.1947 0.356613
11 1.72615 0 0 0.00722121 -0.00791173 -1.20147
12 1.21114 0 0 -0.0045414 0.0137655 -0.851888
13 3.59919 -1.06012 0.070888 1.50729 0.287145 0.0898792
14 1.66069 0 0 -0.00598627 0.0768199 -0.302292
15 1.167 0 0 0.00325874 -0.000534529 -0.949486
16 2.18853 0.50104 0.0576591 1.55856 0.173818 0.120989
17 1.29609 0 0 -0.166319 0.0125499 -1.32315
18 1.62202 0.000714302 -0.000471115 0.0275828 -0.0290999 -1.19196
19 1.22241 0 0 0.0039755 -0.000686058 -0.714413
20 1.76707 1.27612 0.0366411 1.50086 0.397927 0.0672732
21 1.55588 0 0 -0.169085 -0.102676 -1.27009
22 1.24273 0 0 -0.000479205 0.000360603 -1.04669
23 0.784524 0 0 0.0113801 0.00651364 -0.550507
24 -4.10422 -4.45234 -10.0641 0.838062 0.114999 -1.99578
25 6.02794 0 0 0.158341 0.424951 0.485259
26 11.7344 0 0 0.00140285 0 0.504177
27 8.81167 0 0 2.33227 0 0
28 5.77884 0 0 1.56262 0 0
29 2.23249 0 0 0.769649 0 0
30 11.4725 0 0 2.34711 0.291017 -0.0434221
31 0.615812 0.994373 -0.809166 -2.82669 0.205921 0.604216
32 2.24752 0 0 -0.624385 -0.0209251 -0.0555002
33 1.11936 0 0 -0.201613 0.150629 -0.0541368
34 3.71348 0.10264 0.102191 -1.40672 0.910975 -0.119285
35 1.72615 0 0 0.00126718 0.0145201 1.21062
36 1.21112 0 0 -0.0238555 0.00632328 -0.222781
37 3.5992 1.06012 0.0708885 -1.59714 0.318734 0.0700832
38 1.66069 0 0 0.0574013 0.0526413 1.05232
39 1.16699 0 0 0.0429012 0.0137362 0.898584
40 2.18853 -0.501041 0.0576591 -1.56657 -0.0478596 -0.112922
41 1.29609 0 0 0.275271 0.0734258 1.19
42 1.62202 -0.000711441 -0.000473022 0.000354764 0.000500674 0.97518
43 1.22241 0 0 -0.00142077 0.0225103 -0.229473
44 1.76707 -1.27612 0.0366402 -1.55745 0.249311 -0.0923493
45 1.55588 0 0 0.429607 0.0164275 1.422
46 1.24273 0 0 0.000478892 0.000360539 0.272614
47 0.784531 0 0 0.00273237 -0.0109978 -0.0782456
48 0 0 0 0 0 0
49 3.6101 -26.2486 -4.98888 0.0889118 -0.392455 -0.165966
50 8.72866 -4.01115 -8.30951 0.0889118 -0.392455 -0.165966
51 10.5891 -4.32279 -7.52867 0.0889118 -0.392455 -0.165966
52 4.774 -5.75588 -4.56645 0 0 0
53 -0.00206089 -10.0849 0.963209 0.393856 0.0821362 -1.70268
54 1.01569 0 -1.0878 0 0 0
55 -0.39368 0.152813 -1.39039 0 0 0
56 23.6734 0 -0.790618 0 0 0
57 5.15077 0 -1.06019 0 0 0
time 28
0 1.12822 14.6395 -1.78063 0.000934124 0 -0.959925
1 6.02794 0 0 -0.052907 0.0593383 -0.144351
2 11.7344 0 0 -0.00140284 0 -0.792573
3 8.81138 -0.000450134 -0.000112176 -1.13617 0 0.00015779
4 5.77839 0.000286102 0 -0.761235 0 0.00010169
5 2.23163 -0.000328064 -0.000363946 -0.374937 0 0
6 11.4725 0 0 -1.09369 0.475242 0.503139
7 0.61522 -0.99309 -0.8107 -2.8485 0.606238 -0.308841
8 2.24752 0 0 0.303907 -0.0736804 -0.604589
9 1.11936 0 0 -0.0429015 -0.155562 -0.727393
10 3.71348 -0.102641 0.102191 1.62628 1.1947 0.356613
11 1.72615 0 0 0.00722115 -0.00791175 -1.20147
12 1.21114 0 0 -0.0045414 0.0137655 -0.851888
13 3.59919 -1.06012 0.070888 1.50729 0.287145 0.0898792
14 1.66069 0 0 -0.00598626 0.0768198 -0.302292
15 1.167 0 0 0.00325859 -0.000534437 -0.949486
16 2.18853 0.501039 0.0576591 1.55856 0.173818 0.120989
17 1.29609 0 0 -0.166319 0.0125499 -1.32315
18 1.62202 0.000713348 -0.000470161 0.0275828 -0.0290999 -1.19196
19 1.22241 0 0 0.00397545 -0.000686107 -0.714413
20 1.76707 1.27612 0.0366406 1.50086 0.397927 0.0672732
21 1.55588 0 0 -0.169085 -0.102676 -1.27009
22 1.24274 0 0 -0.000479197 0.00036047 -1.04669
23 0.784523 0 0 0.0113801 0.00651364 -0.550507
24 -4.10422 -4.45234 -10.0641 0.838062 0.114999 -1.99578
25 6.02794 0 0 0.159534 0.402171 0.549589
26 11.7344 0 0 0.00140278 0 0.401703
27 8.81167 0 0 2.30291 0 0
28 5.77884 0 0 1.54295 0 0
29 2.23249 0 0 0.75996 0 0
30 11.4725 0 0 2.33054 0.3292 0.000796392
31 0.615812 0.994373 -0.809165 -2.82669 0.205921 0.604216
32 2.24751 0 0 -0.624386 -0.020925 -0.0555001
33 1.11936 0 0 -0.201613 0.15063 -0.0541367
34 3.71348 0.102638 0.102191 -1.40672 0.910974 -0.119285
35 1.72615 0 0 0.0012673 0.0145202 1.21062
36 1.21112 0 0 -0.0238556 0.00632309 -0.222781
37 3.5992 1.06012 0.0708885 -1.59714 0.318734 0.0700832
38 1.66069 0 0 0.0574013 0.0526414 1.05232
39 1.16699 0 0 0.0429012 0.0137361 0.898584
40 2.18853 -0.50104 0.0576601 -1.56657 -0.0478595 -0.112922
41 1.29609 0 0 0.275271 0.0734256 1.19
42 1.62202 -0.000713348 -0.000469208 0.000354894 0.00050079 0.97518
43 1.22241 0 0 -0.00142077 0.0225103 -0.229473
44 1.76707 -1.27612 0.0366411 -1.55745 0.249311 -0.0923494
45 1.55587 0 0 0.429607 0.0164275 1.422
46 1.24273 0 0 0.000478947 0.000360501 0.272614
47 0.784531 0 0 0.00273249 -0.0109978 -0.0782457
48 0 0 0 0 0 0
49 3.74555 -26.3761 -4.82883 0.0694876 -0.341011 -0.14062
50 8.26392 -4.086 -8.63203 0.0694876 -0.341011 -0.14062
51 10.169 -4.35567 -7.94924 0.0694876 -0.341011 -0.14062
52 4.774 -5.75588 -4.56645 0 0 0
53 0.0117059 -10.1791 0.959249 0.341773 0.0654804 -1.68814
54 1.01569 0 -1.0878 0 0 0
55 -0.39368 0.152814 -1.39039 0 0 0
56 23.6734 0 -0.790617 0 0 0
57 5.15077 0 -1.06019 0 0 0
time 29
0 0.963094 14.6573 -1.67111 0.000934124 0 -0.959925
1 6.02794 0 0 -0.149079 0.109106 -0.147235
2 11.7344 0 0 -0.00140285 0 -0.779911
3 8.81138 -0.000451088 -0.000112414 -1.0761 0 0.000157481
4 5.77839 0.000285149 0 -0.72099 0 0.000101666
5 2.23163 -0.000329971 -0.000363946 -0.355114 0 0
6 11.4725 0 0 -1.03297 0.452029 0.529426
7 0.615218 -0.99309 -0.8107 -2.8485 0.606238 -0.308841
8 2.24752 0 0 0.303907 -0.0736803 -0.604589
9 1.11936 0 0 -0.0429015 -0.155562 -0.727393
10 3.71348 -0.102641 0.102191 1.62628 1.1947 0.356613
11 1.72615 0 0 0.00722112 -0.00791181 -1.20147
12 1.21114 0 0 -0.00454148 0.0137655 -0.851888
13 3.59919 -1.06012 0.070888 1.50729 0.287145 0.0898793
14 1.66069 0 0 -0.00598619 0.0768198 -0.302292
15 1.167 0 0 0.00325865 -0.000534543 -0.949486
16 2.18853 0.501039 0.0576591 1.55856 0.173818 0.120989
17 1.29609 0 0 -0.166319 0.0125501 -1.32315
18 1.62202 0.000714302 -0.000471115 0.0275828 -0.0291 -1.19196
19 1.22241 0 0 0.00397539 -0.000686033 -0.714413
20 1.76707 1.27612 0.0366406 1.50086 0.397927 0.0672733
21 1.55588 0 0 -0.169085 -0.102676 -1.27009
22 1.24274 0 0 -0.000479183 0.000360565 -1.04669
23 0.784524 0 0 0.0113801 0.00651351 -0.550507
24 -4.10422 -4.45234 -10.0641 0.838062 0.114999 -1.99578
25 6.02794 0 0 0.159362 0.382264 0.614392
26 11.7344 0 0 0.00140277 0 0.296358
27 8.81167 0 0 2.27561 0 0
28 5.77884 0 0 1.52466 0 0
29 2.23249 0 0 0.750952 0 0
30 11.4725 0 0 2.31622 0.3633 0.0474604
31 0.615812 0.994373 -0.809165 -2.82669 0.205921 0.604216
32 2.24752 0 0 -0.624385 -0.0209251 -0.0555001
33 1.11936 0 0 -0.201613 0.15063 -0.0541368
34 3.71349 0.102642 0.102191 -1.40672 0.910975 -0.119285
35 1.72615 0 0 0.00126726 0.0145202 1.21062
36 1.21112 0 0 -0.0238556 0.00632316 -0.222781
37 3.5992 1.06012 0.0708885 -1.59714 0.318734 0.0700833
38 1.66069 0 0 0.0574013 0.0526413 1.05232
39 1.16699 0 0 0.0429014 0.0137362 0.898584
40 2.18853 -0.50104 0.0576591 -1.56657 -0.0478596 -0.112922
41 1.29609 0 0 0.275271 0.0734258 1.19
42 1.62202 -0.000713348 -0.000471115 0.000354929 0.000500603 0.97518
43 1.22241 0 0 -0.00142078 0.0225103 -0.229473
44 1.76707 -1.27612 0.0366402 -1.55745 0.249311 -0.0923495
45 1.55588 0 0 0.429607 0.0164274 1.422
46 1.24273 0 0 0.000478912 0.000360687 0.272614
47 0.784532 0 0 0.00273237 -0.0109979 -0.0782457
48 0 0 0 0 0 0
49 3.87526 -26.4538 -4.70017 0.0533062 -0.292824 -0.118858
50 7.8211 -4.12912 -8.91518 0.0533062 -0.292824 -0.118858
51 9.76202 -4.3609 -8.32585 0.0533062 -0.292824 -0.118858
52 4.774 -5.75588 -4.56645 0 0 0
53 0.0238781 -10.23 0.944795 0.293217 0.0510351 -1.67425
54 1.01569 0 -1.0878 0 0 0
55 -0.393681 0.152813 -1.39039 0 0 0
56 23.6734 0 -0.790618 0 0 0
57 5.15077 0 -1.06019 0 0 0
time 30
0 0.9054 14.6635 -1.63285 0.000934124 0 -0.959925
1 6.02794 0 0 -0.241127 0.153572 -0.15164
2 11.7344 0 0 -0.00140285 0 -0.781051
3 8.81138 -0.000450134 -0.000112295 -1.0176 0 0.00015744
4 5.77839 0.000286102 0 -0.681789 0 0.000101679
5 2.23163 -0.000329971 -0.000363827 -0.335806 0 0
6 11.4725 0 0 -0.975387 0.430734 0.562482
7 0.615219 -0.993092 -0.8107 -2.8485 0.606238 -0.308841
8 2.24752 0 0 0.303907 -0.0736804 -0.604589
9 1.11936 0 0 -0.0429014 -0.155562 -0.727393
10 3.71348 -0.102642 0.10219 1.62628 1.1947 0.356613
11 1.72615 0 0 0.00722133 -0.00791159 -1.20147
12 1.21114 0 0 -0.00454144 0.0137654 -0.851888
13 3.59919 -1.06012 0.0708876 1.50729 0.287145 0.0898792
14 1.66069 0 0 -0.00598625 0.07682 -0.302292
15 1.167 0 0 0.0032587 -0.000534516 -0.949486
16 2.18852 0.501039 0.0576587 1.55856 0.173818 0.120989
17 1.29609 0 0 -0.166319 0.0125499 -1.32315
18 1.62202 0.000714302 -0.000470638 0.0275829 -0.0290999 -1.19196
19 1.22241 0 0 0.00397545 -0.000686267 -0.714413
20 1.76707 1.27612 0.0366402 1.50086 0.397927 0.0672731
21 1.55588 0 0 -0.169085 -0.102676 -1.27009
22 1.24274 0 0 -0.00047919 0.000360457 -1.04669
23 0.784524 0 0 0.0113802 0.00651359 -0.550507
24 -4.10422 -4.45234 -10.0641 0.838062 0.114999 -1.99578
25 6.02794 0 0 0.157867 0.36567 0.678668
26 11.7344 0 0 0.00140262 0 0.189927
27 8.81167 0 0 2.25162 0 0
28 5.77884 0 0 1.50859 0 0
29 2.23249 0 0 0.743036 0 0
30 11.4725 0 0 2.30467 0.393267 0.0956824
31 0.615812 0.994373 -0.809166 -2.82669 0.205921 0.604216
32 2.24752 0 0 -0.624385 -0.020925 -0.0555
33 1.11936 0 0 -0.201613 0.15063 -0.0541368
34 3.71349 0.102642 0.10219 -1.40672 0.910975 -0.119285
35 1.72615 0 0 0.00126724 0.0145202 1.21062
36 1.21112 0 0 -0.0238555 0.00632326 -0.222781
37 3.5992 1.06012 0.0708876 -1.59714 0.318734 0.0700833
38 1.66069 0 0 0.0574014 0.0526415 1.05232
39 1.16699 0 0 0.0429012 0.0137362 0.898584
40 2.18853 -0.501038 0.0576582 -1.56657 -0.0478596 -0.112922
41 1.29609 0 0 0.275271 0.0734257 1.19
42 1.62202 -0.000715256 -0.000469208 0.000354827 0.000500665 0.97518
43 1.22241 0 0 -0.00142083 0.0225102 -0.229473
44 1.76707 -1.27612 0.0366392 -1.55745 0.249311 -0.0923495
45 1.55588 0 0 0.429607 0.0164275 1.422
46 1.24273 0 0 0.000478908 0.000360657 0.272614
47 0.784531 0 0 0.00273249 -0.0109978 -0.0782455
48 0 0 0 0 0 0
49 3.9972 -26.4789 -4.61001 0.0404812 -0.248267 -0.100344
50 7.40606 -4.13121 -9.15848 0.0404812 -0.248267 -0.100344
51 9.37513 -4.32946 -8.6568 0.0404812 -0.248267 -0.100344
52 4.774 -5.75588 -4.56645 0 0 0
53 0.0343056 -10.2344 0.917704 0.248462 0.0392393 -1.66119
54 1.01569 0 -1.0878 0 0 0
55 -0.39368 0.152813 -1.39039 0 0 0
56 23.6734 0 -0.790618 0 0 0
57 5.15077 0 -1.06019 0 0 0
time 31
0 0.9054 14.6635 -1.63285 0.000934124 0 -0.959925
1 6.02794 0 0 -0.32543 0.194651 -0.155191
2 11.7344 0 0 -0.00140287 0 -0.794693
3 8.81139 -0.000450134 -0.000112057 -0.962603 0 0.000156877
4 5.77839 0.000285149 0 -0.644944 0 0.000101446
5 2.23163 -0.000329018 -0.000364065 -0.317659 0 0
6 11.4725 0 0 -0.923124 0.410858 0.599339
7 0.615219 -0.993091 -0.8107 -2.8485 0.606238 -0.308841
8 2.24752 0 0 0.303907 -0.0736805 -0.604589
9 1.11936 0 0 -0.0429016 -0.155562 -0.727393
10 3.71348 -0.10264 0.102191 1.62628 1.1947 0.356613
11 1.72615 0 0 0.00722123 -0.00791175 -1.20147
12 1.21114 0 0 -0.00454149 0.0137655 -0.851888
13 3.59919 -1.06012 0.0708885 1.50729 0.287145 0.0898793
14 1.66069 0 0 -0.00598626 0.0768199 -0.302292
15 1.167 0 0 0.00325874 -0.000534529 -0.949486
16 2.18853 0.50104 0.0576587 1.55856 0.173818 0.120989
17 1.29609 0 0 -0.166319 0.01255 -1.32315
18 1.62202 0.000713348 -0.000472069 0.0275829 -0.0291 -1.19196
19 1.22241 0 0 0.00397535 -0.000686336 -0.714413
20 1.76707 1.27612 0.0366411 1.50086 0.397927 0.0672733
21 1.55588 0 0 -0.169085 -0.102676 -1.27009
22 1.24274 0 0 -0.000479131 0.000360594 -1.04669
23 0.784523 0 0 0.0113802 0.00651353 -0.550507
24 -4.10422 -4.45234 -10.0641 0.838062 0.114999 -1.99578
25 6.02794 0 0 0.153902 0.35334 0.737761
26 11.7344 0 0 0.00140268 0 0.0912318
27 8.81167 0 0 2.23233 0 0
28 5.77884 0 0 1.49566 0 0
29 2.23249 0 0 0.73667 0 0
30 11.4725 0 0 2.29644 0.419053 0.141051
31 0.615814 0.994375 -0.809165 -2.82669 0.205921 0.604216
32 2.24752 0 0 -0.624385 -0.020925 -0.0555
33 1.11936 0 0 -0.201613 0.15063 -0.0541368
34 3.71349 0.102638 0.10219 -1.40672 0.910975 -0.119285
35 1.72615 0 0 0.00126714 0.0145201 1.21062
36 1.21112 0 0 -0.0238554 0.00632327 -0.222781
37 3.5992 1.06011 0.0708876 -1.59714 0.318734 0.0700833
38 1.66069 0 0 0.0574013 0.0526414 1.05232
39 1.16699 0 0 0.0429012 0.0137362 0.898584
40 2.18853 -0.50104 0.0576591 -1.56657 -0.0478596 -0.112922
41 1.29609 0 0 0.275271 0.0734258 1.19
42 1.62202 -0.000711441 -0.000469208 0.000354779 0.000500573 0.97518
43 1.22241 0 0 -0.00142073 0.0225103 -0.229473
44 1.76707 -1.27612 0.0366402 -1.55745 0.249311 -0.0923492
45 1.55588 0 0 0.429608 0.0164275 1.422
46 1.24273 0 0 0.000478817 0.000360429 0.272614
47 0.784533 0 0 0.00273242 -0.0109976 -0.0782459
48 0 0 0 0 0 0
49 4.10937 -26.4486 -4.56545 0.031203 -0.207684 -0.0847641
50 7.02406 -4.08284 -9.36172 0.031203 -0.207684 -0.0847641
51 9.01464 -4.25198 -8.94075 0.031203 -0.207684 -0.0847641
52 4.774 -5.75588 -4.56645 0 0 0
53 0.0428391 -10.1891 0.875836 0.207782 0.0305323 -1.64912
54 1.01569 0 -1.0878 0 0 0
55 -0.393681 0.152813 -1.3904 0 0 0
56 23.6734 0 -0.790618 0 0 0
57 5.15077 0 -1.06019 0 0 0
time 32
0 0.9054 14.6635 -1.63285 0.000934124 0 -0.959925
1 6.02794 0 0 -0.399007 0.234599 -0.154691
2 11.7344 0 0 -0.00140281 0 -0.820412
3 8.81138 -0.000449181 -0.000112057 -0.913623 0 0.000157495
4 5.77839 0.000287056 0 -0.612128 0 0.000102088
5 2.23163 -0.000329018 -0.000364065 -0.301496 0 0
6 11.4725 0 0 -0.879063 0.392 0.6373
7 0.615219 -0.99309 -0.8107 -2.8485 0.606238 -0.308841
8 2.24752 0 0 0.303907 -0.0736805 -0.604589
9 1.11936 0 0 -0.0429015 -0.155562 -0.727393
10 3.71348 -0.10264 0.102191 1.62628 1.1947 0.356613
11 1.72615 0 0 0.00722114 -0.00791173 -1.20147
12 1.21114 0 0 -0.00454137 0.0137655 -0.851888
13 3.59919 -1.06012 0.070888 1.50729 0.287145 0.0898791
14 1.66069 0 0 -0.00598627 0.0768199 -0.302292
15 1.167 0 0 0.00325867 -0.000534463 -0.949486
16 2.18853 0.50104 0.0576591 1.55856 0.173818 0.120989
17 1.29609 0 0 -0.166319 0.01255 -1.32315
18 1.62202 0.000713348 -0.000470638 0.0275829 -0.0291 -1.19196
19 1.22241 0 0 0.00397533 -0.000686281 -0.714413
20 1.76707 1.27612 0.0366411 1.50086 0.397927 0.0672731
21 1.55588 0 0 -0.169085 -0.102676 -1.27009
22 1.24274 0 0 -0.000479213 0.000360616 -1.04669
23 0.784522 0 0 0.0113801 0.00651357 -0.550507
24 -4.10422 -4.45234 -10.0641 0.838062 0.114999 -1.99578
25 6.02794 0 0 0.136122 0.35009 0.756448
26 11.7344 0 0 0.00140267 0 0.0697374
27 8.81167 0 0 2.22025 0 0
28 5.77884 0 0 1.48757 0 0
29 2.23249 0 0 0.732682 0 0
30 11.4725 0 0 2.29089 0.441683 0.148135
31 0.61581 0.994373 -0.809165 -2.82669 0.205921 0.604216
32 2.24751 0 0 -0.624385 -0.0209251 -0.0555
33 1.11936 0 0 -0.201613 0.15063 -0.0541368
34 3.71349 0.10264 0.102192 -1.40672 0.910975 -0.119285
35 1.72615 0 0 0.00126702 0.0145201 1.21062
36 1.21112 0 0 -0.0238556 0.00632339 -0.222781
37 3.5992 1.06012 0.0708885 -1.59714 0.318734 0.0700833
38 1.66069 0 0 0.0574014 0.0526415 1.05232
39 1.16699 0 0 0.0429012 0.0137362 0.898584
40 2.18853 -0.50104 0.0576591 -1.56657 -0.0478595 -0.112922
41 1.29609 0 0 0.275271 0.0734257 1.19
42 1.62202 -0.000713348 -0.000469208 0.000354887 0.000500777 0.97518
43 1.22241 0 0 -0.00142084 0.0225103 -0.229473
44 1.76707 -1.27612 0.0366411 -1.55745 0.249311 -0.0923494
45 1.55588 0 0 0.429608 0.0164275 1.422
46 1.24273 0 0 0.000478892 0.000360539 0.272614
47 0.784532 0 0 0.00273237 -0.0109978 -0.0782458
48 0 0 0 0 0 0
49 4.22043 -26.3554 -4.56113 0.024893 -0.170197 -0.070634
50 6.66058 -3.97092 -9.53195 0.024893 -0.170197 -0.070634
51 8.66769 -4.11293 -9.18614 0.024893 -0.170197 -0.070634
52 4.774 -5.75588 -4.56645 0 0 0
53 0.0498562 -10.0846 0.820969 0.170248 0.0245332 -1.63721
54 1.01569 0 -1.0878 0 0 0
55 -0.39368 0.152813 -1.39039 0 0 0
56 23.6734 0 -0.790618 0 0 0
57 5.15077 0 -1.06019 0 0 0
time 33
0 0.9054 14.6635 -1.63285 0.000934124 0 -0.959925
1 6.02794 0 0 -0.46124 0.272733 -0.152164
2 11.7344 0 0 -0.00140281 0 -0.852699
3 8.81138 -0.000450134 -0.000112295 -0.872453 0 0.000157314
4 5.77839 0.000286102 0 -0.584544 0 0.000102148
5 2.23163 -0.000329971 -0.000364065 -0.287909 0 0
6 11.4725 0 0 -0.845009 0.374336 0.674047
7 0.615219 -0.99309 -0.810701 -2.8485 0.606238 -0.308841
8 2.24752 0 0 0.303907 -0.0736805 -0.604589
9 1.11936 0 0 -0.0429014 -0.155562 -0.727393
10 3.71348 -0.102641 0.10219 1.62628 1.1947 0.356613
11 1.72615 0 0 0.00722113 -0.00791171 -1.20147
12 1.21113 0 0 -0.00454141 0.0137655 -0.851888
13 3.59919 -1.06012 0.0708876 1.50729 0.287145 0.0898792
14 1.66069 0 0 -0.00598624 0.0768199 -0.302292
15 1.167 0 0 0.00325871 -0.000534469 -0.949486
16 2.18852 0.50104 0.0576591 1.55856 0.173818 0.120989
17 1.29609 0 0 -0.166319 0.01255 -1.32315
18 1.62202 0.000715256 -0.000471115 0.0275828 -0.0290999 -1.19196
19 1.22241 0 0 0.00397543 -0.000686117 -0.714413
20 1.76707 1.27612 0.0366406 1.50086 0.397927 0.0672732
21 1.55588 0 0 -0.169085 -0.102676 -1.27009
22 1.24273 0 0 -0.000479286 0.000360505 -1.04669
23 0.784523 0 0 0.0113802 0.00651359 -0.550507
24 -4.10422 -4.45234 -10.0641 0.838062 0.114999 -1.99578
25 6.02794 0 0 0.10665 0.352882 0.738537
26 11.7344 0 0 0.0014027 0 0.118761
27 8.81167 0 0 2.21389 0 0
28 5.77884 0 0 1.48331 0 0
29 2.23249 0 0 0.730585 0 0
30 11.4725 0 0 2.28693 0.462393 0.120284
31 0.615814 0.994373 -0.809166 -2.82669 0.205921 0.604216
32 2.24751 0 0 -0.624385 -0.020925 -0.0555
33 1.11936 0 0 -0.201613 0.15063 -0.0541368
34 3.71349 0.102638 0.10219 -1.40672 0.910975 -0.119285
35 1.72615 0 0 0.00126717 0.0145202 1.21062
36 1.21112 0 0 -0.0238555 0.00632327 -0.222781
37 3.5992 1.06011 0.0708876 -1.59714 0.318734 0.0700833
38 1.66069 0 0 0.0574013 0.0526415 1.05232
39 1.16699 0 0 0.0429012 0.0137363 0.898584
40 2.18853 -0.50104 0.0576591 -1.56657 -0.0478595 -0.112922
41 1.29609 0 0 0.275271 0.0734256 1.19
42 1.62202 -0.000715256 -0.000471115 0.000354962 0.000500602 0.97518
43 1.22241 0 0 -0.00142072 0.0225103 -0.229473
44 1.76707 -1.27612 0.0366402 -1.55745 0.249311 -0.0923494
45 1.55587 0 0 0.429608 0.0164274 1.422
46 1.24273 0 0 0.000479018 0.000360582 0.272614
47 0.784532 0 0 0.00273255 -0.0109978 -0.0782456
48 0 0 0 0 0 0
49 4.33659 -26.2242 -4.57978 0.0204722 -0.135009 -0.0567939
50 6.30368 -3.82136 -9.67609 0.0204722 -0.135009 -0.0567939
51 8.32346 -3.9362 -9.40129 0.0204722 -0.135009 -0.0567939
52 4.774 -5.75588 -4.56645 0 0 0
53 0.0556269 -9.94452 0.760607 0.135037 0.0202859 -1.62483
54 1.01569 0 -1.0878 0 0 0
55 -0.393681 0.152813 -1.39039 0 0 0
56 23.6734 0 -0.790618 0 0 0
57 5.15077 0 -1.06019 0 0 0
time 34
0 0.9054 14.6635 -1.63285 0.000934124 0 -0.959925
1 6.02794 0 0 -0.513434 0.306626 -0.151516
2 11.7344 0 0 -0.00140281 0 -0.881671
3 8.81139 -0.000450134 -0.000112295 -0.839466 0 0.000157474
4 5.77839 0.000286102 0 -0.562442 0 0.000102362
5 2.23163 -0.000329971 -0.000364304 -0.277024 0 0
6 11.4725 0 0 -0.820062 0.358392 0.705147
7 0.615219 -0.993091 -0.8107 -2.8485 0.606238 -0.308841
8 2.24752 0 0 0.303907 -0.0736804 -0.604589
9 1.11936 0 0 -0.0429014 -0.155562 -0.727393
10 3.71348 -0.102641 0.10219 1.62628 1.1947 0.356613
11 1.72615 0 0 0.00722121 -0.00791173 -1.20147
12 1.21114 0 0 -0.0045414 0.0137655 -0.851888
13 3.59919 -1.06012 0.0708876 1.50729 0.287145 0.0898792
14 1.66069 0 0 -0.00598618 0.0768199 -0.302292
15 1.167 0 0 0.00325868 -0.00053454 -0.949486
16 2.18853 0.501039 0.0576582 1.55856 0.173818 0.120989
17 1.29609 0 0 -0.166319 0.0125499 -1.32315
18 1.62202 0.000713348 -0.000471115 0.0275829 -0.0291 -1.19196
19 1.22241 0 0 0.00397544 -0.000686145 -0.714413
20 1.76707 1.27612 0.0366402 1.50086 0.397927 0.0672732
21 1.55588 0 0 -0.169085 -0.102676 -1.27009
22 1.24274 0 0 -0.000479183 0.000360565 -1.04669
23 0.784522 0 0 0.0113801 0.00651351 -0.550507
24 -4.10422 -4.45234 -10.0641 0.838062 0.114999 -1.99578
25 6.02794 0 0 0.0822402 0.354628 0.731364
26 11.7344 0 0 0.00140272 0 0.146071
27 8.81167 0 0 2.20803 0 0
28 5.77884 0 0 1.47938 0 0
29 2.23249 0 0 0.728649 0 0
30 11.4725 0 0 2.28424 0.48141 0.10457
31 0.615816 0.994373 -0.809165 -2.82669 0.205921 0.604216
32 2.24752 0 0 -0.624385 -0.020925 -0.0555
33 1.11936 0 0 -0.201613 0.150629 -0.0541367
34 3.71348 0.10264 0.102191 -1.40672 0.910975 -0.119285
35 1.72615 0 0 0.00126717 0.0145202 1.21062
36 1.21112 0 0 -0.0238555 0.00632321 -0.222781
37 3.5992 1.06012 0.0708885 -1.59714 0.318734 0.0700831
38 1.66069 0 0 0.0574013 0.0526414 1.05232
39 1.16699 0 0 0.0429013 0.0137363 0.898584
40 2.18853 -0.50104 0.0576591 -1.56657 -0.0478595 -0.112922
41 1.29609 0 0 0.275271 0.0734257 1.19
42 1.62202 -0.000713348 -0.000471115 0.000354839 0.000500752 0.97518
43 1.22241 0 0 -0.00142083 0.0225102 -0.229473
44 1.76707 -1.27612 0.0366402 -1.55745 0.249311 -0.0923494
45 1.55587 0 0 0.429607 0.0164275 1.422
46 1.24273 0 0 0.000478896 0.000360569 0.272614
47 0.784531 0 0 0.00273237 -0.0109978 -0.0782456
48 0 0 0 0 0 0
49 4.45222 -26.1013 -4.6106 0.0174577 -0.102559 -0.0435031
50 5.96209 -3.68298 -9.79407 0.0174577 -0.102559 -0.0435031
51 7.99106 -3.7713 -9.58505 0.0174577 -0.102559 -0.0435031
52 4.774 -5.75588 -4.56645 0 0 0
53 0.0598407 -9.81492 0.701194 0.102575 0.0173659 -1.61251
54 1.01569 0 -1.0878 0 0 0
55 -0.39368 0.152813 -1.39039 0 0 0
56 23.6734 0 -0.790618 0 0 0
57 5.15077 0 -1.06019 0 0 0
time 35
0 0.9054 14.6635 -1.63285 0.000934124 0 -0.959925
1 6.02794 0 0 -0.556487 0.335224 -0.153373
2 11.7344 0 0 -0.00140288 0 -0.904026
3 8.81138 -0.000451088 -0.000112057 -0.814371 0 0.000157602
4 5.77839 0.000286102 0 -0.545629 0 0.00010239
5 2.23163 -0.000330925 -0.00036335 -0.268742 0 0
6 11.4725 0 0 -0.803088 0.344276 0.72917
7 0.615219 -0.993091 -0.8107 -2.8485 0.606238 -0.308841
8 2.24752 0 0 0.303907 -0.0736803 -0.604589
9 1.11936 0 0 -0.0429014 -0.155562 -0.727393
10 3.71348 -0.102642 0.102191 1.62628 1.1947 0.356613
11 1.72615 0 0 0.00722121 -0.00791173 -1.20147
12 1.21114 0 0 -0.00454141 0.0137654 -0.851888
13 3.59919 -1.06012 0.0708885 1.50729 0.287145 0.0898792
14 1.66069 0 0 -0.00598616 0.07682 -0.302292
15 1.167 0 0 0.00325862 -0.00053455 -0.949486
16 2.18853 0.501039 0.0576591 1.55856 0.173818 0.120989
17 1.29609 0 0 -0.166319 0.0125499 -1.32315
18 1.62202 0.000714302 -0.000471115 0.0275828 -0.0290999 -1.19196
19 1.22241 0 0 0.00397544 -0.000686079 -0.714413
20 1.76707 1.27612 0.0366411 1.50086 0.397927 0.0672732
21 1.55588 0 0 -0.169085 -0.102676 -1.27009
22 1.24273 0 0 -0.000479264 0.000360587 -1.04669
23 0.784524 0 0 0.0113802 0.00651362 -0.550507
24 -4.10422 -4.45234 -10.0641 0.838062 0.114999 -1.99578
25 6.02794 0 0 0.0630007 0.355774 0.734577
26 11.7344 0 0 0.00140265 0 0.151717
27 8.81167 0 0 2.20216 0 0
28 5.77884 0 0 1.47545 0 0
29 2.23249 0 0 0.726714 0 0
30 11.4725 0 0 2.28275 0.49841 0.101216
31 0.615812 0.994373 -0.809166 -2.82669 0.205921 0.604216
32 2.24752 0 0 -0.624385 -0.0209251 -0.0555
33 1.11936 0 0 -0.201613 0.15063 -0.0541366
34 3.71349 0.10264 0.102191 -1.40672 0.910975 -0.119285
35 1.72615 0 0 0.00126703 0.0145201 1.21062
36 1.21112 0 0 -0.0238554 0.00632325 -0.222781
37 3.5992 1.06012 0.0708876 -1.59714 0.318734 0.0700833
38 1.66069 0 0 0.0574015 0.0526413 1.05232
39 1.16699 0 0 0.0429012 0.0137363 0.898584
40 2.18853 -0.50104 0.0576591 -1.56657 -0.0478595 -0.112922
41 1.29609 0 0 0.275271 0.0734258 1.19
42 1.62202 -0.000715256 -0.000471115 0.000354992 0.000500721 0.97518
43 1.22241 0 0 -0.00142089 0.0225102 -0.229473
44 1.76707 -1.27612 0.0366402 -1.55745 0.249311 -0.0923493
45 1.55588 0 0 0.429607 0.0164275 1.422
46 1.24273 0 0 0.000478967 0.000360649 0.272614
47 0.784532 0 0 0.00273249 -0.0109978 -0.0782457
48 0 0 0 0 0 0
49 4.56206 -26.0031 -4.65051 0.0153902 -0.0732775 -0.0311023
50 5.64497 -3.57398 -9.89367 0.0153902 -0.0732775 -0.0311023
51 7.68012 -3.6373 -9.7442 0.0153902 -0.0732775 -0.0311023
52 4.774 -5.75588 -4.56645 0 0 0
53 0.0625572 -9.71201 0.641489 0.0732862 0.0153489 -1.60077
54 1.01569 0 -1.0878 0 0 0
55 -0.39368 0.152813 -1.39039 0 0 0
56 23.6734 0 -0.790618 0 0 0
57 5.15077 0 -1.06019 0 0 0
time 36
0 0.9054 14.6635 -1.63285 0.000934124 0 -0.959925
1 6.02794 0 0 -0.590398 0.35949 -0.155253
2 11.7344 0 0 -0.00140281 0 -0.923437
3 8.81138 -0.000449181 -0.000112295 -0.79603 0 0.000157478
4 5.77839 0.000286102 0 -0.53334 0 0.000102481
5 2.23163 -0.000329018 -0.00036335 -0.26269 0 0
6 11.4725 0 0 -0.792787 0.332004 0.748001
7 0.61522 -0.993092 -0.810701 -2.8485 0.606238 -0.308841
8 2.24752 0 0 0.303907 -0.0736804 -0.604589
9 1.11936 0 0 -0.0429015 -0.155562 -0.727393
10 3.71348 -0.102641 0.102191 1.62628 1.1947 0.356613
11 1.72615 0 0 0.00722119 -0.0079117 -1.20147
12 1.21114 0 0 -0.00454142 0.0137655 -0.851888
13 3.59919 -1.06012 0.0708885 1.50729 0.287145 0.0898794
14 1.66069 0 0 -0.00598622 0.0768199 -0.302292
15 1.167 0 0 0.00325868 -0.000534541 -0.949486
16 2.18853 0.50104 0.0576591 1.55856 0.173818 0.120989
17 1.29609 0 0 -0.166319 0.0125499 -1.32315
18 1.62202 0.000714302 -0.000471115 0.0275829 -0.0290998 -1.19196
19 1.22241 0 0 0.00397542 -0.000686277 -0.714413
20 1.76707 1.27612 0.0366406 1.50086 0.397927 0.0672733
21 1.55588 0 0 -0.169085 -0.102676 -1.27009
22 1.24273 0 0 -0.00047922 0.000360509 -1.04669
23 0.784523 0 0 0.01138 0.00651364 -0.550507
24 -4.10422 -4.45234 -10.0641 0.838062 0.114999 -1.99578
25 6.02794 0 0 0.0451327 0.357179 0.736865
26 11.7344 0 0 0.00140265 0 0.157576
27 8.81167 0 0 2.19786 0 0
28 5.77884 0 0 1.47257 0 0
29 2.23249 0 0 0.725295 0 0
30 11.4725 0 0 2.28238 0.512887 0.098828
31 0.615812 0.994373 -0.809166 -2.82669 0.205921 0.604216
32 2.24752 0 0 -0.624385 -0.0209251 -0.0555
33 1.11936 0 0 -0.201613 0.15063 -0.0541367
34 3.71349 0.10264 0.10219 -1.40672 0.910975 -0.119285
35 1.72615 0 0 0.00126722 0.0145202 1.21062
36 1.21112 0 0 -0.0238555 0.00632328 -0.222781
37 3.5992 1.06011 0.0708866 -1.59714 0.318734 0.0700833
38 1.66069 0 0 0.0574013 0.0526416 1.05232
39 1.16699 0 0 0.0429011 0.0137362 0.898584
40 2.18853 -0.50104 0.0576591 -1.56657 -0.0478595 -0.112922
41 1.29609 0 0 0.275271 0.0734256 1.19
42 1.62202 -0.000713348 -0.000469208 0.000354952 0.000500709 0.97518
43 1.22241 0 0 -0.00142088 0.0225101 -0.229473
44 1.76707 -1.27612 0.0366402 -1.55745 0.249311 -0.0923493
45 1.55587 0 0 0.429608 0.0164274 1.422
46 1.24273 0 0 0.00047903 0.00036067 0.272614
47 0.784531 0 0 0.00273249 -0.0109979 -0.0782457
48 0 0 0 0 0 0
49 4.66087 -25.9144 -4.69619 0.0138262 -0.0475936 -0.0199992
50 5.36143 -3.48019 -9.98258 0.0138262 -0.0475936 -0.0199992
51 7.40033 -3.52098 -9.88545 0.0138262 -0.0475936 -0.0199992
52 4.774 -5.75588 -4.56645 0 0 0
53 0.0638256 -9.62014 0.580474 0.0475981 0.0138105 -1.59014
54 1.01568 0 -1.0878 0 0 0
55 -0.393681 0.152813 -1.3904 0 0 0
56 23.6734 0 -0.790618 0 0 0
57 5.15077 0 -1.06019 0 0 0
time 37
0 0.9054 14.6635 -1.63285 0.000934124 0 -0.959925
1 6.02794 0 0 -0.615827 0.379415 -0.156507
2 11.7344 0 0 -0.00140292 0 -0.940293
3 8.81138 -0.000450134 -0.000112057 -0.783502 0 0.000157408
4 5.77839 0.000286102 0 -0.524946 0 0.000102175
5 2.23163 -0.000329971 -0.00036335 -0.258556 0 0
6 11.4725 0 0 -0.78767 0.321796 0.762152
7 0.615219 -0.99309 -0.8107 -2.8485 0.606238 -0.308841
8 2.24752 0 0 0.303907 -0.0736804 -0.604589
9 1.11936 0 0 -0.0429016 -0.155562 -0.727393
10 3.71348 -0.10264 0.102191 1.62628 1.1947 0.356613
11 1.72615 0 0 0.00722118 -0.00791168 -1.20147
12 1.21114 0 0 -0.00454137 0.0137655 -0.851888
13 3.59919 -1.06012 0.070888 1.50729 0.287145 0.0898794
14 1.66069 0 0 -0.0059862 0.0768198 -0.302292
15 1.167 0 0 0.00325866 -0.000534508 -0.949486
16 2.18853 0.50104 0.0576587 1.55856 0.173818 0.120989
17 1.29609 0 0 -0.166319 0.01255 -1.32315
18 1.62202 0.000713348 -0.000471592 0.0275828 -0.0291 -1.19196
19 1.22241 0 0 0.00397542 -0.000686023 -0.714413
20 1.76707 1.27612 0.0366406 1.50086 0.397927 0.0672733
21 1.55588 0 0 -0.169085 -0.102676 -1.27009
22 1.24273 0 0 -0.000479146 0.00036062 -1.04669
23 0.784523 0 0 0.0113801 0.00651349 -0.550507
24 -4.10422 -4.45234 -10.0641 0.838062 0.114999 -1.99578
25 6.02794 0 0 0.0284287 0.358303 0.736826
26 11.7344 0 0 0.00140263 0 0.166488
27 8.81167 0 0 2.19533 0 0
28 5.77884 0 0 1.47087 0 0
29 2.23249 0 0 0.72446 0 0
30 11.4725 0 0 2.28301 0.524707 0.0955937
31 0.615814 0.994373 -0.809165 -2.82669 0.205921 0.604216
32 2.24752 0 0 -0.624385 -0.0209251 -0.0555
33 1.11936 0 0 -0.201613 0.15063 -0.0541366
34 3.71349 0.102638 0.102191 -1.40672 0.910975 -0.119285
35 1.72615 0 0 0.00126726 0.0145202 1.21062
36 1.21112 0 0 -0.0238555 0.00632324 -0.222781
37 3.59921 1.06012 0.0708876 -1.59714 0.318734 0.0700833
38 1.6607 0 0 0.0574014 0.0526415 1.05232
39 1.16699 0 0 0.0429012 0.0137363 0.898584
40 2.18853 -0.501041 0.0576591 -1.56657 -0.0478595 -0.112922
41 1.29609 0 0 0.275271 0.0734258 1.19
42 1.62202 -0.000713348 -0.000469208 0.000354889 0.000500591 0.97518
43 1.22241 0 0 -0.00142067 0.0225104 -0.229473
44 1.76707 -1.27612 0.0366411 -1.55745 0.249311 -0.0923493
45 1.55588 0 0 0.429608 0.0164274 1.422
46 1.24273 0 0 0.000478912 0.000360687 0.272614
47 0.784533 0 0 0.00273237 -0.0109979 -0.0782457
48 0 0 0 0 0 0
49 4.743 -25.834 -4.73654 0.0123305 -0.0259343 -0.0106581
50 5.12022 -3.40103 -10.0607 0.0123305 -0.0259343 -0.0106581
51 7.16103 -3.42278 -10.0078 0.0123305 -0.0259343 -0.0106581
52 4.774 -5.75588 -4.56645 0 0 0
53 0.0633202 -9.53773 0.524924 0.0259363 0.0123263 -1.58113
54 1.01569 0 -1.0878 0 0 0
55 -0.393681 0.152812 -1.39039 0 0 0
56 23.6734 0 -0.790618 0 0 0
57 5.15077 0 -1.06019 0 0 0
time 38
0 0.9054 14.6635 -1.63285 0.000934124 0 -0.959925
1 6.02794 0 0 -0.633178 0.395082 -0.156421
2 11.7344 0 0 -0.00140281 0 -0.955373
3 8.81138 -0.000449181 -0.000111818 -0.775973 0 0.000157312
4 5.77839 0.000286102 0 -0.519901 0 0.000102311
5 2.23163 -0.000329018 -0.000364304 -0.256071 0 0
6 11.4725 0 0 -0.786483 0.313847 0.772196
7 0.615219 -0.99309 -0.810701 -2.8485 0.606238 -0.308841
8 2.24752 0 0 0.303907 -0.0736805 -0.604589
9 1.11936 0 0 -0.0429016 -0.155562 -0.727393
10 3.71348 -0.10264 0.10219 1.62628 1.1947 0.356613
11 1.72615 0 0 0.00722136 -0.00791163 -1.20147
12 1.21114 0 0 -0.00454143 0.0137654 -0.851888
13 3.59919 -1.06012 0.070888 1.50729 0.287145 0.0898793
14 1.66069 0 0 -0.00598625 0.07682 -0.302292
15 1.167 0 0 0.00325873 -0.000534512 -0.949486
16 2.18853 0.50104 0.0576587 1.55856 0.173818 0.120989
17 1.29609 0 0 -0.166319 0.0125499 -1.32315
18 1.62202 0.000715256 -0.000471592 0.0275829 -0.0290999 -1.19196
19 1.22241 0 0 0.0039753 -0.00068613 -0.714413
20 1.76707 1.27612 0.0366406 1.50086 0.397927 0.0672733
21 1.55588 0 0 -0.169085 -0.102676 -1.27009
22 1.24273 0 0 -0.000479301 0.000360531 -1.04669
23 0.784523 0 0 0.0113801 0.00651367 -0.550507
24 -4.10422 -4.45234 -10.0641 0.838062 0.114999 -1.99578
25 6.02794 0 0 0.0126249 0.358524 0.732906
26 11.7344 0 0 0.00140266 0 0.181588
27 8.81167 0 0 2.19485 0 0
28 5.77884 0 0 1.47055 0 0
29 2.23249 0 0 0.7243 0 0
30 11.4725 0 0 2.28449 0.53375 0.0895398
31 0.615814 0.994371 -0.809166 -2.82669 0.205921 0.604216
32 2.24752 0 0 -0.624385 -0.020925 -0.0555
33 1.11936 0 0 -0.201613 0.15063 -0.0541367
34 3.71348 0.102638 0.10219 -1.40672 0.910975 -0.119285
35 1.72615 0 0 0.00126709 0.0145203 1.21062
36 1.21112 0 0 -0.0238555 0.00632334 -0.222781
37 3.5992 1.06012 0.0708885 -1.59714 0.318734 0.0700834
38 1.66069 0 0 0.0574014 0.0526416 1.05232
39 1.16699 0 0 0.0429013 0.0137364 0.898584
40 2.18853 -0.50104 0.0576591 -1.56657 -0.0478596 -0.112922
41 1.29609 0 0 0.275271 0.0734257 1.19
42 1.62202 -0.000711441 -0.000471115 0.000355078 0.000500693 0.97518
43 1.22241 0 0 -0.00142088 0.0225101 -0.229473
44 1.76707 -1.27612 0.0366402 -1.55745 0.249311 -0.0923493
45 1.55588 0 0 0.429608 0.0164274 1.422
46 1.24273 0 0 0.000478925 0.000360565 0.272614
47 0.784532 0 0 0.00273243 -0.0109978 -0.0782456
48 0 0 0 0 0 0
49 4.80284 -25.7611 -4.76047 0.0104724 -0.00872617 -0.00358219
50 4.93001 -3.33562 -10.1279 0.0104724 -0.00872617 -0.00358219
51 6.97154 -3.34293 -10.1101 0.0104724 -0.00872617 -0.00358219
52 4.774 -5.75588 -4.56645 0 0 0
53 0.0607138 -9.46319 0.481613 0.00872665 0.010472 -1.57429
54 1.01569 0 -1.0878 0 0 0
55 -0.39368 0.152812 -1.39039 0 0 0
56 23.6734 0 -0.790619 0 0 0
57 5.15077 0 -1.06019 0 0 0
time 39
0 0.9054 14.6635 -1.63285 0.000934124 0 -0.959925
1 6.02794 0 0 -0.642805 0.406092 -0.154969
2 11.7344 0 0 -0.00140281 0 -0.968357
3 8.81138 -0.000449181 -0.000111818 -0.771949 0 0.000157363
4 5.77839 0.000287056 0 -0.517206 0 0.000102571
5 2.23163 -0.000329018 -0.000364304 -0.254743 0 0
6 11.4725 0 0 -0.78732 0.30819 0.778867
7 0.61522 -0.993091 -0.810701 -2.8485 0.606238 -0.308841
8 2.24752 0 0 0.303907 -0.0736804 -0.604589
9 1.11936 0 0 -0.0429014 -0.155562 -0.727393
10 3.71348 -0.102641 0.10219 1.62628 1.1947 0.356613
11 1.72615 0 0 0.00722131 -0.00791166 -1.20147
12 1.21114 0 0 -0.00454148 0.0137655 -0.851888
13 3.59919 -1.06012 0.0708876 1.50729 0.287145 0.0898793
14 1.66069 0 0 -0.00598633 0.0768199 -0.302292
15 1.167 0 0 0.00325885 -0.000534478 -0.949486
16 2.18853 0.50104 0.0576582 1.55856 0.173818 0.120989
17 1.29609 0 0 -0.166319 0.01255 -1.32315
18 1.62202 0.000713348 -0.000471115 0.0275829 -0.0290999 -1.19196
19 1.22241 0 0 0.00397546 -0.000686201 -0.714413
20 1.76707 1.27612 0.0366406 1.50086 0.397927 0.0672732
21 1.55588 0 0 -0.169085 -0.102676 -1.27009
22 1.24274 0 0 -0.000479241 0.000360428 -1.04669
23 0.784523 0 0 0.0113801 0.0065136 -0.550507
24 -4.10422 -4.45234 -10.0641 0.838062 0.114999 -1.99578
25 6.02794 0 0 -0.00232974 0.35755 0.724669
26 11.7344 0 0 0.00140273 0 0.203462
27 8.81167 0 0 2.19779 0 0
28 5.77884 0 0 1.47252 0 0
29 2.23249 0 0 0.725271 0 0
30 11.4725 0 0 2.28798 0.539267 0.0807649
31 0.615814 0.994373 -0.809166 -2.82669 0.205921 0.604216
32 2.24752 0 0 -0.624386 -0.020925 -0.0555
33 1.11936 0 0 -0.201613 0.15063 -0.0541368
34 3.71349 0.102636 0.10219 -1.40672 0.910975 -0.119285
35 1.72615 0 0 0.00126707 0.0145201 1.21062
36 1.21112 0 0 -0.0238554 0.00632316 -0.222781
37 3.5992 1.06012 0.0708876 -1.59714 0.318734 0.0700832
38 1.66069 0 0 0.0574012 0.0526415 1.05232
39 1.16699 0 0 0.0429011 0.0137362 0.898584
40 2.18853 -0.501041 0.0576591 -1.56657 -0.0478595 -0.112922
41 1.29609 0 0 0.275271 0.0734258 1.19
42 1.62202 -0.000715256 -0.000471115 0.00035486 0.000500791 0.97518
43 1.22241 0 0 -0.00142083 0.0225102 -0.229473
44 1.76707 -1.27612 0.0366402 -1.55745 0.249311 -0.0923494
45 1.55588 0 0 0.429607 0.0164275 1.422
46 1.24273 0 0 0.0004789 0.000360598 0.272614
47 0.784532 0 0 0.00273248 -0.0109977 -0.0782456
48 0 0 0 0 0 0
49 4.83485 -25.6942 -4.76315 0.00828966 0.00266063 0.000835183
50 4.80171 -3.28016 -10.1797 0.00828966 0.00266063 0.000835183
51 6.84333 -3.27845 -10.1851 0.00828966 0.00266063 0.000835183
52 4.774 -5.75588 -4.56645 0 0 0
53 0.0537848 -9.39476 0.455948 -0.00266072 0.00828963 -1.56998
54 1.01569 0 -1.0878 0 0 0
55 -0.393679 0.152813 -1.39039 0 0 0
56 23.6734 0 -0.790618 0 0 0
57 5.15077 0 -1.06019 0 0 0
time 40
0 0.9054 14.6635 -1.63285 0.000934124 0 -0.959925
1 6.02794 0 0 -0.644276 0.412495 -0.151619
2 11.7344 0 0 -0.00140288 0 -0.980014
3 8.81138 -0.000451088 -0.00011158 -0.771379 0 0.000157583
4 5.77839 0.000286102 0 -0.516824 0 0.000102617
5 2.23163 -0.000329018 -0.00036335 -0.254555 0 0
6 11.4725 0 0 -0.790317 0.304934 0.783323
7 0.61522 -0.993091 -0.8107 -2.8485 0.606238 -0.308841
8 2.24752 0 0 0.303907 -0.0736804 -0.604589
9 1.11936 0 0 -0.0429015 -0.155562 -0.727393
10 3.71348 -0.102641 0.102191 1.62628 1.1947 0.356613
11 1.72615 0 0 0.00722119 -0.0079116 -1.20147
12 1.21114 0 0 -0.00454137 0.0137654 -0.851888
13 3.59919 -1.06012 0.0708876 1.50729 0.287145 0.0898793
14 1.66069 0 0 -0.00598621 0.0768199 -0.302292
15 1.167 0 0 0.00325881 -0.000534528 -0.949486
16 2.18852 0.50104 0.0576582 1.55856 0.173818 0.120989
17 1.29609 0 0 -0.166319 0.01255 -1.32315
18 1.62202 0.000715256 -0.000472069 0.0275829 -0.0290999 -1.19196
19 1.22241 0 0 0.00397541 -0.000686155 -0.714413
20 1.76707 1.27612 0.0366402 1.50086 0.397927 0.0672731
21 1.55588 0 0 -0.169085 -0.102676 -1.27009
22 1.24274 0 0 -0.000479271 0.000360479 -1.04669
23 0.784524 0 0 0.0113801 0.00651367 -0.550507
24 -4.10422 -4.45234 -10.0641 0.838062 0.114999 -1.99578
25 6.02794 0 0 -0.0165123 0.355679 0.712374
26 11.7344 0 0 0.00140263 0 0.231404
27 8.81167 0 0 2.20465 0 0
28 5.77884 0 0 1.47712 0 0
29 2.23249 0 0 0.727536 0 0
30 11.4725 0 0 2.29401 0.54124 0.0699341
31 0.615816 0.994371 -0.809166 -2.82669 0.205921 0.604216
32 2.24752 0 0 -0.624385 -0.020925 -0.0555
33 1.11935 0 0 -0.201613 0.15063 -0.0541368
34 3.71349 0.102634 0.102191 -1.40672 0.910975 -0.119285
35 1.72615 0 0 0.00126709 0.0145201 1.21062
36 1.21112 0 0 -0.0238555 0.00632336 -0.222781
37 3.5992 1.06011 0.0708876 -1.59714 0.318734 0.0700833
38 1.66069 0 0 0.0574013 0.0526414 1.05232
39 1.16699 0 0 0.0429012 0.0137362 0.898584
40 2.18854 -0.501043 0.0576582 -1.56657 -0.0478596 -0.112922
41 1.29609 0 0 0.275271 0.0734258 1.19
42 1.62202 -0.000715256 -0.000471115 0.000354949 0.000500576 0.97518
43 1.22241 0 0 -0.00142077 0.0225103 -0.229473
44 1.76707 -1.27612 0.0366402 -1.55745 0.249311 -0.0923493
45 1.55587 0 0 0.429607 0.0164276 1.422
46 1.24273 0 0 0.000478866 0.000360573 0.272614
47 0.784532 0 0 0.00273255 -0.0109978 -0.0782457
48 0 0 0 0 0 0
49 4.84205 -25.6335 -4.75077 0.00617073 0.0081477 0.00296053
50 4.73121 -3.23118 -10.2146 0.00617073 0.0081477 0.00296053
51 6.77275 -3.22513 -10.2313 0.00617073 0.0081477 0.00296053
52 4.774 -5.75588 -4.56645 0 0 0
53 0.0419731 -9.33271 0.445967 -0.00814785 0.00617052 -1.56789
54 1.01569 0 -1.0878 0 0 0
55 -0.39368 0.152813 -1.39039 0 0 0
56 23.6734 0 -0.790619 0 0 0
57 5.15077 0 -1.06019 0 0 0
time 41
0 0.9054 14.6635 -1.63285 0.000934124 0 -0.959925
1 6.02794 0 0 -0.641861 0.41598 -0.147622
2 11.7344 0 0 -0.00140274 0 -0.990113
3 8.81138 -0.000449181 -0.00011301 -0.771382 0 0.00015765
4 5.77839 0.000286102 0 -0.516826 0 0.000102534
5 2.23163 -0.000329018 -0.000364304 -0.254556 0 0
6 11.4725 0 0 -0.792784 0.303009 0.786641
7 0.615219 -0.99309 -0.8107 -2.8485 0.606237 -0.308841
8 2.24752 0 0 0.303907 -0.0736803 -0.604589
9 1.11936 0 0 -0.0429014 -0.155562 -0.727393
10 3.71348 -0.102641 0.102191 1.62628 1.1947 0.356613
11 1.72615 0 0 0.00722131 -0.00791156 -1.20147
12 1.21114 0 0 -0.00454137 0.0137654 -0.851888
13 3.59919 -1.06012 0.070888 1.50729 0.287145 0.0898792
14 1.66069 0 0 -0.00598622 0.07682 -0.302292
15 1.167 0 0 0.00325861 -0.000534534 -0.949486
16 2.18852 0.50104 0.0576591 1.55856 0.173818 0.120989
17 1.29609 0 0 -0.166319 0.0125499 -1.32315
18 1.62202 0.000714302 -0.000472546 0.0275829 -0.0291 -1.19196
19 1.22241 0 0 0.00397541 -0.000686155 -0.714413
20 1.76707 1.27612 0.0366411 1.50086 0.397927 0.0672731
21 1.55588 0 0 -0.169085 -0.102677 -1.27009
22 1.24274 0 0 -0.000479198 0.00036059 -1.04669
23 0.784523 0 0 0.0113801 0.00651355 -0.550507
24 -4.10422 -4.45234 -10.0641 0.838062 0.114999 -1.99578
25 6.02794 0 0 -0.0292229 0.353188 0.698315
26 11.7344 0 0 0.00140276 0 0.261327
27 8.81167 0 0 2.2139 0 0
28 5.77884 0 0 1.48332 0 0
29 2.23249 0 0 0.730589 0 0
30 11.4725 0 0 2.30148 0.540651 0.0585823
31 0.615816 0.994371 -0.809166 -2.82669 0.205921 0.604216
32 2.24752 0 0 -0.624385 -0.0209251 -0.0555
33 1.11935 0 0 -0.201613 0.15063 -0.0541367
34 3.71349 0.102642 0.10219 -1.40672 0.910975 -0.119285
35 1.72615 0 0 0.00126716 0.0145201 1.21062
36 1.21112 0 0 -0.0238556 0.00632341 -0.222781
37 3.5992 1.06012 0.0708885 -1.59714 0.318734 0.0700834
38 1.6607 0 0 0.0574013 0.0526414 1.05232
39 1.16699 0 0 0.0429012 0.0137363 0.898584
40 2.18853 -0.501041 0.0576591 -1.56657 -0.0478596 -0.112922
41 1.29609 0 0 0.275271 0.0734257 1.19
42 1.62202 -0.000715256 -0.000469208 0.000355043 0.000500627 0.97518
43 1.22241 0 0 -0.00142084 0.0225103 -0.229473
44 1.76707 -1.27612 0.0366402 -1.55745 0.249311 -0.0923493
45 1.55587 0 0 0.429607 0.0164275 1.422
46 1.24273 0 0 0.000478833 0.000360547 0.272614
47 0.784531 0 0 0.00273254 -0.0109977 -0.0782456
48 0 0 0 0 0 0
49 4.83169 -25.5805 -4.72871 0.00421417 0.00924663 0.0034027
50 4.70457 -3.18904 -10.2363 0.00421417 0.00924663 0.0034027
51 6.74609 -3.18209 -10.2552 0.00421417 0.00924663 0.0034027
52 4.774 -5.75588 -4.56645 0 0 0
53 0.0274472 -9.27856 0.447393 -0.00924671 0.00421399 -1.56743
54 1.01569 0 -1.0878 0 0 0
55 -0.393681 0.152813 -1.39039 0 0 0
56 23.6734 0 -0.790618 0 0 0
57 5.15077 0 -1.06019 0 0 0
time 42
0 0.9054 14.6635 -1.63285 0.000934124 0 -0.959925
1 6.02794 0 0 -0.640245 0.418439 -0.144472
2 11.7344 0 0 -0.00140287 0 -0.998374
3 8.81138 -0.000450134 -0.000112295 -0.768704 0 0.000157687
4 5.77839 0.000286102 0 -0.515032 0 0.000102696
5 2.23163 -0.000329971 -0.000363827 -0.253672 0 0
6 11.4725 0 0 -0.79167 0.30123 0.789882
7 0.615219 -0.993091 -0.8107 -2.8485 0.606238 -0.308841
8 2.24752 0 0 0.303907 -0.0736805 -0.604589
9 1.11936 0 0 -0.0429015 -0.155562 -0.727393
10 3.71348 -0.102641 0.102192 1.62628 1.1947 0.356613
11 1.72615 0 0 0.00722124 -0.00791167 -1.20147
12 1.21114 0 0 -0.00454143 0.0137654 -0.851888
13 3.59919 -1.06012 0.070888 1.50729 0.287145 0.0898791
14 1.66069 0 0 -0.00598618 0.0768199 -0.302292
15 1.167 0 0 0.00325873 -0.000534502 -0.949486
16 2.18853 0.501039 0.0576587 1.55856 0.173818 0.120989
17 1.29609 0 0 -0.166319 0.01255 -1.32315
18 1.62202 0.000712395 -0.000472069 0.0275829 -0.0291 -1.19196
19 1.22241 0 0 0.00397538 -0.000686166 -0.714413
20 1.76707 1.27612 0.0366406 1.50086 0.397927 0.0672732
21 1.55588 0 0 -0.169085 -0.102676 -1.27009
22 1.24274 0 0 -0.000479228 0.000360642 -1.04669
23 0.784524 0 0 0.0113802 0.00651362 -0.550507
24 -4.10422 -4.45234 -10.0641 0.838062 0.114999 -1.99578
25 6.02794 0 0 -0.0391959 0.350534 0.686475
26 11.7344 0 0 0.00140267 0 0.285922
27 8.81167 0 0 2.22358 0 0
28 5.77884 0 0 1.4898 0 0
29 2.23249 0 0 0.73378 0 0
30 11.4725 0 0 2.30925 0.538479 0.0498929
31 0.615812 0.994373 -0.809166 -2.82669 0.205921 0.604216
32 2.24752 0 0 -0.624385 -0.0209251 -0.0555002
33 1.11936 0 0 -0.201613 0.15063 -0.0541367
34 3.71349 0.102638 0.10219 -1.40672 0.910975 -0.119285
35 1.72615 0 0 0.00126713 0.0145202 1.21062
36 1.21112 0 0 -0.0238554 0.00632325 -0.222781
37 3.5992 1.06012 0.0708876 -1.59714 0.318734 0.0700832
38 1.66069 0 0 0.0574014 0.0526413 1.05232
39 1.16699 0 0 0.0429013 0.0137362 0.898584
40 2.18853 -0.501041 0.0576582 -1.56657 -0.0478595 -0.112922
41 1.29609 0 0 0.275271 0.0734258 1.19
42 1.62202 -0.000715256 -0.000469208 0.000354887 0.000500524 0.97518
43 1.22241 0 0 -0.00142067 0.0225104 -0.229473
44 1.76707 -1.27612 0.0366402 -1.55745 0.249311 -0.0923495
45 1.55588 0 0 0.429608 0.0164275 1.422
46 1.24273 0 0 0.000478849 0.000360665 0.272614
47 0.784532 0 0 0.00273249 -0.0109978 -0.0782456
48 0 0 0 0 0 0
49 4.81101 -25.5368 -4.70229 0.00251941 0.00746929 0.00275539
50 4.70791 -3.15459 -10.2479 0.00251941 0.00746929 0.00275539
51 6.74947 -3.14896 -10.2632 0.00251941 0.00746929 0.00275539
52 4.774 -5.75588 -4.56645 0 0 0
53 0.0123749 -9.23382 0.455948 -0.00746931 0.00251934 -1.56806
54 1.01569 0 -1.0878 0 0 0
55 -0.39368 0.152814 -1.39039 0 0 0
56 23.6734 0 -0.790617 0 0 0
57 5.15077 0 -1.06019 0 0 0
time 43
0 0.9054 14.6635 -1.63285 0.000934124 0 -0.959925
1 6.02794 0 0 -0.639284 0.420018 -0.142196
2 11.7344 0 0 -0.00140283 0 -1.00457
3 8.81138 -0.000450134 -0.000112772 -0.764891 0 0.00015739
4 5.77839 0.000286102 0 -0.512477 0 0.000102422
5 2.23163 -0.000329971 -0.000364304 -0.252414 0 0
6 11.4725 0 0 -0.788721 0.29976 0.792665
7 0.615219 -0.993091 -0.810699 -2.8485 0.606238 -0.308841
8 2.24752 0 0 0.303907 -0.0736804 -0.604589
9 1.11936 0 0 -0.0429016 -0.155562 -0.727393
10 3.71348 -0.102641 0.102191 1.62628 1.1947 0.356613
11 1.72615 0 0 0.00722121 -0.00791173 -1.20147
12 1.21114 0 0 -0.0045414 0.0137655 -0.851888
13 3.59919 -1.06012 0.070888 1.50729 0.287145 0.0898793
14 1.66069 0 0 -0.0059862 0.0768199 -0.302292
15 1.167 0 0 0.00325868 -0.000534543 -0.949486
16 2.18852 0.501039 0.0576596 1.55856 0.173818 0.120989
17 1.29609 0 0 -0.166319 0.01255 -1.32315
18 1.62202 0.000713348 -0.000470161 0.0275829 -0.0290999 -1.19196
19 1.22241 0 0 0.00397536 -0.00068611 -0.714413
20 1.76707 1.27612 0.0366411 1.50086 0.397927 0.0672732
21 1.55588 0 0 -0.169085 -0.102676 -1.27009
22 1.24273 0 0 -0.000479198 0.00036059 -1.04669
23 0.784523 0 0 0.0113802 0.00651362 -0.550507
24 -4.10422 -4.45234 -10.0641 0.838062 0.114999 -1.99578
25 6.02794 0 0 -0.0468072 0.348098 0.676145
26 11.7344 0 0 0.00140266 0 0.306774
27 8.81167 0 0 2.23248 0 0
28 5.77884 0 0 1.49576 0 0
29 2.23249 0 0 0.736719 0 0
30 11.4725 0 0 2.31619 0.5357 0.0425788
31 0.615812 0.994371 -0.809165 -2.82669 0.205921 0.604216
32 2.24752 0 0 -0.624385 -0.0209251 -0.0555
33 1.11936 0 0 -0.201613 0.150629 -0.0541367
34 3.71349 0.102634 0.102192 -1.40672 0.910975 -0.119285
35 1.72615 0 0 0.00126717 0.0145202 1.21062
36 1.21112 0 0 -0.0238555 0.00632321 -0.222781
37 3.5992 1.06011 0.0708885 -1.59714 0.318734 0.0700832
38 1.66069 0 0 0.0574014 0.0526415 1.05232
39 1.16699 0 0 0.0429011 0.0137363 0.898584
40 2.18853 -0.501041 0.0576601 -1.56657 -0.0478595 -0.112922
41 1.29609 0 0 0.275271 0.0734257 1.19
42 1.62202 -0.000711441 -0.0004673 0.000354963 0.000500922 0.97518
43 1.22241 0 0 -0.00142078 0.0225103 -0.229473
44 1.76707 -1.27612 0.0366421 -1.55745 0.249311 -0.0923494
45 1.55588 0 0 0.429608 0.0164274 1.422
46 1.24273 0 0 0.000478933 0.000360624 0.272614
47 0.784531 0 0 0.00273236 -0.0109977 -0.0782456
48 0 0 0 0 0 0
49 4.78726 -25.5038 -4.67683 0.00118593 0.00432769 0.00159658
50 4.7274 -3.12884 -10.2524 0.00118593 0.00432769 0.00159658
51 6.769 -3.12558 -10.2613 0.00118593 0.00432769 0.00159658
52 4.774 -5.75588 -4.56645 0 0 0
53 -0.00107574 -9.19999 0.467355 -0.0043277 0.00118592 -1.5692
54 1.01569 0 -1.0878 0 0 0
55 -0.39368 0.152813 -1.39039 0 0 0
56 23.6734 0 -0.790618 0 0 0
57 5.15077 0 -1.06019 0 0 0
time 44
0 0.9054 14.6635 -1.63285 0.000934124 0 -0.959925
1 6.02794 0 0 -0.638822 0.420863 -0.140814
2 11.7344 0 0 -0.00140282 0 -1.00846
3 8.81138 -0.000450134 -0.000111818 -0.761482 0 0.000157329
4 5.77839 0.000286102 0 -0.510193 0 0.000102329
5 2.23163 -0.000329971 -0.000363827 -0.251289 0 0
6 11.4725 0 0 -0.785679 0.298758 0.794611
7 0.61522 -0.993091 -0.8107 -2.8485 0.606238 -0.308841
8 2.24752 0 0 0.303907 -0.0736804 -0.604589
9 1.11936 0 0 -0.0429016 -0.155562 -0.727393
10 3.71348 -0.102641 0.10219 1.62628 1.1947 0.356613
11 1.72615 0 0 0.00722121 -0.00791173 -1.20147
12 1.21114 0 0 -0.00454143 0.0137655 -0.851888
13 3.59919 -1.06012 0.0708876 1.50729 0.287145 0.0898793
14 1.66069 0 0 -0.00598616 0.0768199 -0.302292
15 1.167 0 0 0.00325869 -0.000534556 -0.949486
16 2.18853 0.501039 0.0576587 1.55856 0.173818 0.120989
17 1.29609 0 0 -0.166319 0.0125499 -1.32315
18 1.62202 0.000714302 -0.000472069 0.0275829 -0.0290999 -1.19196
19 1.22241 0 0 0.00397541 -0.000686156 -0.714413
20 1.76707 1.27612 0.0366406 1.50086 0.397927 0.0672733
21 1.55588 0 0 -0.169084 -0.102676 -1.27009
22 1.24274 0 0 -0.00047922 0.000360509 -1.04669
23 0.784524 0 0 0.0113803 0.00651358 -0.550507
24 -4.10422 -4.45234 -10.0641 0.838062 0.114999 -1.99578
25 6.02794 0 0 -0.0515608 0.346337 0.669152
26 11.7344 0 0 0.00140264 0 0.320634
27 8.81167 0 0 2.23895 0 0
28 5.77884 0 0 1.5001 0 0
29 2.23249 0 0 0.738855 0 0
30 11.4725 0 0 2.32117 0.533303 0.0378303
31 0.615812 0.994373 -0.809165 -2.82669 0.205921 0.604216
32 2.24752 0 0 -0.624385 -0.0209251 -0.0555
33 1.11935 0 0 -0.201613 0.15063 -0.0541368
34 3.71349 0.10264 0.102192 -1.40672 0.910975 -0.119285
35 1.72615 0 0 0.00126717 0.0145201 1.21062
36 1.21112 0 0 -0.0238555 0.00632339 -0.222781
37 3.5992 1.06012 0.0708885 -1.59714 0.318734 0.0700833
38 1.66069 0 0 0.0574014 0.0526415 1.05232
39 1.16699 0 0 0.0429012 0.0137362 0.898584
40 2.18853 -0.501041 0.0576601 -1.56657 -0.0478596 -0.112922
41 1.29609 0 0 0.275271 0.0734257 1.19
42 1.62202 -0.000713348 -0.0004673 0.000355011 0.000500694 0.97518
43 1.22241 0 0 -0.00142077 0.0225103 -0.229473
44 1.76707 -1.27612 0.0366411 -1.55745 0.249311 -0.0923493
45 1.55588 0 0 0.429608 0.0164274 1.422
46 1.24273 0 0 0.000478896 0.000360569 0.272614
47 0.784531 0 0 0.00273237 -0.0109979 -0.0782456
48 0 0 0 0 0 0
49 4.76769 -25.4829 -4.65764 0.000313032 0.00133392 0.000492037
50 4.74922 -3.11276 -10.2528 0.000313032 0.00133392 0.000492037
51 6.79084 -3.11176 -10.2555 0.000313032 0.00133392 0.000492037
52 4.774 -5.75588 -4.56645 0 0 0
53 -0.010736 -9.17859 0.477335 -0.00133392 0.000313032 -1.5703
54 1.01569 0 -1.0878 0 0 0
55 -0.39368 0.152814 -1.39039 0 0 0
56 23.6734 0 -0.790617 0 0 0
57 5.15077 0 -1.06019 0 0 0
time 45
0 0.9054 14.6635 -1.63285 0.000934124 0 -0.959925
1 6.02794 0 0 -0.638704 0.421113 -0.140348
2 11.7344 0 0 -0.00140281 0 -1.00981
3 8.81138 -0.000449181 -0.000111818 -0.760008 0 0.000157149
4 5.77839 0.000287056 0 -0.509206 0 0.000102335
5 2.23163 -0.000329018 -0.00036335 -0.250803 0 0
6 11.4725 0 0 -0.78428 0.298388 0.795343
7 0.61522 -0.993091 -0.8107 -2.8485 0.606238 -0.308841
8 2.24752 0 0 0.303907 -0.0736804 -0.604589
9 1.11936 0 0 -0.0429015 -0.155562 -0.727393
10 3.71348 -0.102641 0.102191 1.62628 1.1947 0.356613
11 1.72615 0 0 0.00722124 -0.00791167 -1.20147
12 1.21114 0 0 -0.00454143 0.0137653 -0.851888
13 3.59919 -1.06012 0.0708885 1.50729 0.287145 0.0898793
14 1.66069 0 0 -0.00598619 0.0768199 -0.302292
15 1.167 0 0 0.00325881 -0.000534531 -0.949486
16 2.18853 0.50104 0.0576591 1.55856 0.173818 0.120989
17 1.29609 0 0 -0.166319 0.01255 -1.32315
18 1.62202 0.000713348 -0.000471115 0.0275829 -0.0290999 -1.19196
19 1.22241 0 0 0.0039754 -0.000686222 -0.714413
20 1.76707 1.27612 0.0366411 1.50086 0.397927 0.0672733
21 1.55588 0 0 -0.169084 -0.102676 -1.27009
22 1.24274 0 0 -0.000479271 0.000360479 -1.04669
23 0.784523 0 0 0.0113802 0.00651374 -0.550507
24 -4.10422 -4.45234 -10.0641 0.838062 0.114999 -1.99578
25 6.02794 0 0 -0.0532202 0.345663 0.666538
26 11.7344 0 0 0.00140267 0 0.325741
27 8.81167 0 0 2.24146 0 0
28 5.77884 0 0 1.50178 0 0
29 2.23249 0 0 0.739681 0 0
30 11.4725 0 0 2.32309 0.532283 0.0360995
31 0.615812 0.994371 -0.809165 -2.82669 0.205921 0.604216
32 2.24752 0 0 -0.624385 -0.020925 -0.0554999
33 1.11936 0 0 -0.201613 0.15063 -0.0541368
34 3.71349 0.102638 0.102191 -1.40672 0.910975 -0.119285
35 1.72615 0 0 0.00126705 0.0145201 1.21062
36 1.21112 0 0 -0.0238555 0.00632318 -0.222781
37 3.5992 1.06012 0.0708885 -1.59714 0.318734 0.0700833
38 1.66069 0 0 0.0574013 0.0526415 1.05232
39 1.16699 0 0 0.0429013 0.013736 0.898584
40 2.18853 -0.501041 0.0576601 -1.56657 -0.0478595 -0.112922
41 1.29609 0 0 0.275271 0.0734257 1.19
42 1.62202 -0.000713348 -0.000471115 0.000354987 0.000500775 0.97518
43 1.22241 0 0 -0.00142077 0.0225103 -0.229473
44 1.76707 -1.27612 0.0366411 -1.55745 0.249311 -0.0923494
45 1.55588 0 0 0.429607 0.0164274 1.422
46 1.24273 0 0 0.000478892 0.000360539 0.272614
47 0.784533 0 0 0.00273255 -0.0109978 -0.0782457
48 0 0 0 0 0 0
49 4.75955 -25.4756 -4.65006 0 0 0
50 4.75956 -3.10722 -10.2522 0 0 0
51 6.80118 -3.10722 -10.2522 0 0 0
52 4.774 -5.75588 -4.56645 0 0 0
53 -0.0144377 -9.17112 0.481613 0 0 -1.5708
54 1.01569 0 -1.0878 0 0 0
55 -0.39368 0.152813 -1.39039 0 0 0
56 23.6734 0 -0.790618 0 0 0
57 5.15077 0 -1.06019 0 0 0
end
