//Sequence File generated by the Wall Worm SMD Exporter PRO 1.99
//www.wallworm.com
version 1
nodes
0 "b_l_clav" -1
1 "b_l_upperarm" 0
2 "b_l_forearm" 1
3 "b_l_twist3" 2
4 "b_l_twist2" 2
5 "b_l_twist1" 2
6 "b_l_hand" 2
7 "b_l_thumb001" 6
8 "b_l_thumb002" 7
9 "b_l_thumb003" 8
10 "b_l_middle001" 6
11 "b_l_middle002" 10
12 "b_l_middle003" 11
13 "b_l_index001" 6
14 "b_l_index002" 13
15 "b_l_index003" 14
16 "b_l_hand_ringsqueezer" 6
17 "b_l_ring001" 16
18 "b_l_ring002" 17
19 "b_l_ring003" 18
20 "b_l_hand_pinkysqueezer" 6
21 "b_l_pinky001" 20
22 "b_l_pinky002" 21
23 "b_l_pinky003" 22
24 "b_r_clav" -1
25 "b_r_upperarm" 24
26 "b_r_forearm" 25
27 "b_r_twist3" 26
28 "b_r_twist2" 26
29 "b_r_twist1" 26
30 "b_r_hand" 26
31 "b_r_thumb001" 30
32 "b_r_thumb002" 31
33 "b_r_thumb003" 32
34 "b_r_middle001" 30
35 "b_r_middle002" 34
36 "b_r_middle003" 35
37 "b_r_index001" 30
38 "b_r_index002" 37
39 "b_r_index003" 38
40 "b_r_hand_ringsqueezer" 30
41 "b_r_ring001" 40
42 "b_r_ring002" 41
43 "b_r_ring003" 42
44 "b_r_hand_pinkysqueezer" 30
45 "b_r_pinky001" 44
46 "b_r_pinky002" 45
47 "b_r_pinky003" 46
48 "b_zero" -1
49 "d_gun" -1
50 "d_trigger" 49
51 "d_stock" 49
52 "d_selector" 49
53 "d_paddle" 49
54 "d_dustcover" 49
55 "d_charger" 49
56 "d_bcg" 49
57 "d_mag" -1
58 "d_boolet" 57
end
skeleton
time 0
0 7.96718 5.13272 -3.24532 0.000934124 0 -0.959925
1 6.02794 0 0 -0.699025 1.05874 -0.290865
2 11.7344 0 0 -0.00140274 0 -1.64072
3 8.81138 -0.000449181 -0.000113487 -0.323205 0 0.000157311
4 5.77839 0.000285149 0 -0.216547 0 0.000103974
5 2.23163 -0.000329018 -0.000364304 -0.106658 0 0
6 11.4725 0 0 -0.498073 -0.284547 0.541322
7 0.615219 -0.993092 -0.8107 2.34511 -0.11076 -0.44386
8 2.24752 0 0 0.101545 0.256935 -0.00235492
9 1.11936 0 0 0.100351 0.152181 -0.151588
10 3.71348 -0.102641 0.10219 1.44717 0.805255 0.453677
11 1.72615 0 0 0.000435653 0.152128 -1.5215
12 1.21114 0 0 -0.0030375 0.0173727 -0.770564
13 3.59919 -1.06012 0.0708876 1.51798 -0.0791176 0.003477
14 1.66069 0 0 -0.0425705 0.0394149 -1.04703
15 1.167 0 0 -0.00883494 0.00165494 -0.482647
16 2.18853 0.50104 0.0576582 1.55893 0.123347 0.226068
17 1.29609 0 0 -0.203075 0.0749011 -0.697922
18 1.62202 0.000711441 -0.000471115 0.0360742 -0.00491092 -1.60563
19 1.22241 0 0 0.00725898 -0.00270849 -0.703281
20 1.76707 1.27612 0.0366402 1.52736 0.172031 0.124018
21 1.55588 0 0 -0.299721 0.178509 -0.619377
22 1.24274 0 0 -0.000462317 -0.000381959 -1.36998
23 0.784525 0 0 0.00430536 0.00338743 -0.7269
24 -2.83583 -0.518291 -10.3275 -0.000932693 0 -2.0944
25 6.02794 0 0 1.00325 0.142299 0.748646
26 11.7344 0 0 0.00140266 0 0.67378
27 8.81167 0 0 2.05665 0 0
28 5.77884 0 0 1.37795 0 0
29 2.23249 0 0 0.678693 0 0
30 11.4725 0 0 2.04437 0.377889 -0.294651
31 0.615812 0.994374 -0.809166 -2.74992 0.371521 0.481775
32 2.24752 0 0 -0.0913848 -0.00666569 -0.225298
33 1.11936 0 0 -0.0659631 0.197557 0.102886
34 3.71349 0.102641 0.10219 -1.55796 0.571139 -0.0724673
35 1.72615 0 0 -0.0103978 -0.0184003 0.607515
36 1.21112 0 0 0.00331376 0.0173223 0.786478
37 3.5992 1.06012 0.0708876 -1.58519 0.28709 -0.0423539
38 1.66069 0 0 0.00583335 0.073164 0.298474
39 1.16699 0 0 0.0397123 0.0124133 0.751671
40 2.18853 -0.50104 0.0576591 -1.57359 0.194888 -0.159461
41 1.29609 0 0 -0.0170079 -0.0436384 0.560533
42 1.62202 -0.000715256 -0.000469208 -0.00806923 -0.0311475 0.638739
43 1.22241 0 0 -0.00974955 0.00244499 0.993006
44 1.76707 -1.27612 0.0366402 -1.57222 0.314887 -0.190364
45 1.55588 0 0 0.0298598 0.0130839 0.863363
46 1.24273 0 0 0.00058726 0.000120472 0.477555
47 0.784531 0 0 -0.0100873 -0.00368621 0.217615
48 0 0 0 0 0 0
49 5 -17.2798 -7.47292 0.000267079 -0.000273704 0
50 0 -1.70357 0.0050807 0 0 0
51 -0.00196028 3.96104 2.21118 0 0 0
52 0.641596 -0.666147 0.75166 0 0 0
53 0.786658 -3.45621 1.13628 0 0.198355 0
54 -0.70623 -4.69238 1.98618 -3.14159 -0.0872663 3.14159
55 0.0133295 1.02904 3.61174 0 0 0
56 0.0133295 -1.24399 2.23877 0 0 0
57 5 -22.4862 -12.5873 0 0 0
58 0.0129194 0.0367718 5.95712 0 0 0
time 1
0 7.96718 5.13272 -3.24532 0.000934124 0 -0.959925
1 6.02794 0 0 -0.701977 1.05753 -0.293179
2 11.7344 0 0 -0.00140274 0 -1.63558
3 8.81138 -0.000449181 -0.000110626 -0.325394 0 0.000157259
4 5.77839 0.000287056 0 -0.218014 0 0.000103967
5 2.23163 -0.000329971 -0.000364304 -0.10738 0 0
6 11.4725 0 0 -0.497249 -0.282179 0.536867
7 0.61522 -0.993091 -0.810699 2.33884 -0.113906 -0.445042
8 2.24752 0 0 0.100234 0.257589 -0.00746551
9 1.11936 0 0 0.101339 0.152811 -0.14103
10 3.71348 -0.10264 0.102192 1.44909 0.808945 0.45659
11 1.72615 0 0 0 0.152361 -1.52512
12 1.21113 0 0 -0.00311212 0.0174842 -0.765952
13 3.59919 -1.06012 0.0708885 1.51798 -0.0797737 0.00351294
14 1.66069 0 0 -0.0430199 0.0387405 -1.06016
15 1.167 0 0 -0.0088339 0.00157655 -0.488255
16 2.18853 0.50104 0.0576601 1.55893 0.123348 0.226068
17 1.29609 0 0 -0.203466 0.0755642 -0.701691
18 1.62202 0.000713348 -0.000472069 0.0361054 -0.0048367 -1.60764
19 1.22241 0 0 0.00728344 -0.00270807 -0.700272
20 1.76707 1.27612 0.0366411 1.52736 0.172031 0.124018
21 1.55588 0 0 -0.299438 0.179077 -0.61758
22 1.24274 0 0 -0.000460412 -0.000384223 -1.37477
23 0.784523 0 0 0.00423879 0.0034284 -0.731697
24 -2.83583 -0.518291 -10.3275 -0.000932693 0 -2.0944
25 6.02794 0 0 1.00343 0.139594 0.749909
26 11.7344 0 0 0.00140273 0 0.667112
27 8.81167 0 0 2.05417 0 0
28 5.77884 0 0 1.37629 0 0
29 2.23249 0 0 0.677876 0 0
30 11.4725 0 0 2.0432 0.376618 -0.28837
31 0.615814 0.994373 -0.809166 -2.74992 0.371521 0.481775
32 2.24752 0 0 -0.0913849 -0.00666562 -0.225298
33 1.11936 0 0 -0.065963 0.197557 0.102886
34 3.71349 0.10264 0.102191 -1.55796 0.571139 -0.0724673
35 1.72615 0 0 -0.0103976 -0.0184 0.607515
36 1.21112 0 0 0.00331364 0.017322 0.786479
37 3.5992 1.06012 0.0708876 -1.58519 0.28709 -0.0423538
38 1.66069 0 0 0.00583332 0.073164 0.298474
39 1.16699 0 0 0.0397123 0.0124132 0.751671
40 2.18853 -0.50104 0.0576591 -1.57359 0.194888 -0.159461
41 1.29609 0 0 -0.0170078 -0.0436383 0.560533
42 1.62202 -0.000713348 -0.000469208 -0.00806935 -0.0311474 0.638739
43 1.22241 0 0 -0.00974962 0.00244486 0.993006
44 1.76707 -1.27612 0.0366402 -1.57222 0.314887 -0.190364
45 1.55588 0 0 0.0298597 0.0130838 0.863363
46 1.24273 0 0 0.000587291 0.000120349 0.477555
47 0.784532 0 0 -0.0100873 -0.00368623 0.217615
48 0 0 0 0 0 0
49 4.99988 -17.3082 -7.50111 -0.00336167 -0.000545672 0
50 0 -1.70357 0.0050807 0 0 0
51 -0.0019598 3.96104 2.21118 0 0 0
52 0.641596 -0.666147 0.75166 0 0 0
53 0.786659 -3.4562 1.13628 0 0.198355 0
54 -0.706229 -4.69238 1.98618 -3.14159 -0.0872664 3.14159
55 0.01333 1.02904 3.61174 0 0 0
56 0.01333 -1.24399 2.23877 0 0 0
57 5.00132 -22.5331 -12.5966 -0.00362876 -0.000271815 0
58 0.0129199 0.0367737 5.95713 0 0 0
time 2
0 7.96718 5.13272 -3.24532 0.000934124 0 -0.959925
1 6.02794 0 0 -0.704715 1.05636 -0.295568
2 11.7344 0 0 -0.00140291 0 -1.62597
3 8.81138 -0.000450134 -0.00011158 -0.329485 0 0.000157462
4 5.77839 0.000286102 0 -0.220755 0 0.000104108
5 2.23164 -0.000329971 -0.00036335 -0.10873 0 0
6 11.4725 0 0 -0.495147 -0.27989 0.525509
7 0.61522 -0.993091 -0.810699 2.32839 -0.11915 -0.447002
8 2.24752 0 0 0.0980442 0.258673 -0.0159858
9 1.11936 0 0 0.102968 0.153849 -0.123434
10 3.71348 -0.102641 0.102191 1.45236 0.81508 0.461508
11 1.72615 0 0 -0.000929456 0.152748 -1.53115
12 1.21113 0 0 -0.00323626 0.0176694 -0.758265
13 3.59919 -1.06012 0.0708885 1.51797 -0.0804301 0.00354898
14 1.66069 0 0 -0.0434593 0.038057 -1.07329
15 1.167 0 0 -0.0088317 0.00149718 -0.493864
16 2.18853 0.50104 0.0576591 1.55893 0.123347 0.226068
17 1.29609 0 0 -0.204119 0.0766707 -0.707971
18 1.62202 0.000715256 -0.000471115 0.0361568 -0.00471315 -1.61098
19 1.22241 0 0 0.0073238 -0.0027072 -0.695257
20 1.76707 1.27612 0.0366411 1.52736 0.172031 0.124017
21 1.55588 0 0 -0.298968 0.180024 -0.614585
22 1.24273 0 0 -0.000457329 -0.000387878 -1.38277
23 0.784523 0 0 0.0041275 0.00349626 -0.739693
24 -2.83583 -0.518291 -10.3275 -0.000932693 0 -2.0944
25 6.02794 0 0 1.00366 0.136074 0.751668
26 11.7344 0 0 0.00140271 0 0.65779
27 8.81167 0 0 2.04915 0 0
28 5.77884 0 0 1.37293 0 0
29 2.23249 0 0 0.676219 0 0
30 11.4725 0 0 2.04033 0.373385 -0.27736
31 0.615812 0.994371 -0.809166 -2.74992 0.371521 0.481775
32 2.24752 0 0 -0.091385 -0.00666562 -0.225298
33 1.11936 0 0 -0.065963 0.197557 0.102886
34 3.71348 0.10264 0.102191 -1.55796 0.571139 -0.0724674
35 1.72615 0 0 -0.0103979 -0.0184 0.607515
36 1.21112 0 0 0.00331359 0.017322 0.786478
37 3.5992 1.06012 0.0708885 -1.58519 0.28709 -0.0423539
38 1.66069 0 0 0.00583321 0.0731641 0.298474
39 1.16699 0 0 0.0397122 0.0124133 0.751671
40 2.18853 -0.501041 0.0576591 -1.57359 0.194888 -0.159462
41 1.29609 0 0 -0.0170079 -0.0436384 0.560533
42 1.62202 -0.000711441 -0.000469208 -0.0080693 -0.0311476 0.638739
43 1.22241 0 0 -0.00974943 0.00244508 0.993006
44 1.76707 -1.27612 0.0366402 -1.57222 0.314887 -0.190364
45 1.55588 0 0 0.0298598 0.0130839 0.863363
46 1.24273 0 0 0.00058746 0.000120416 0.477555
47 0.784532 0 0 -0.0100876 -0.00368608 0.217615
48 0 0 0 0 0 0
49 4.99963 -17.3492 -7.57091 -0.0114238 -0.0010896 0
50 0 -1.70357 0.0050807 0 0 0
51 -0.0019598 3.96104 2.21118 0 0 0
52 0.641596 -0.666149 0.75166 0 0 0
53 0.786658 -3.45621 1.13628 0 0.198355 0
54 -0.70623 -4.69238 1.98618 3.14159 -0.0872664 -3.14159
55 0.01333 1.02904 3.61174 0 0 0
56 0.01333 -1.244 2.23877 0 0 0
57 5.00392 -22.615 -12.6241 -0.0116909 -0.000815419 0
58 0.0129199 0.0367718 5.95713 0 0 0
time 3
0 7.96718 5.13272 -3.24532 0.000934124 0 -0.959925
1 6.02794 0 0 -0.704425 1.05627 -0.296486
2 11.7344 0 0 -0.00140298 0 -1.614
3 8.81138 -0.000449181 -0.000112534 -0.333324 0 0.000156935
4 5.77839 0.000287056 0 -0.223327 0 0.000103616
5 2.23163 -0.000329018 -0.00036335 -0.109997 0 0
6 11.4725 0 0 -0.491143 -0.283759 0.505632
7 0.61522 -0.993092 -0.810699 2.3263 -0.120199 -0.447392
8 2.24752 0 0 0.0976053 0.258889 -0.0176903
9 1.11936 0 0 0.10329 0.154055 -0.119915
10 3.71348 -0.102642 0.102191 1.45303 0.816304 0.462501
11 1.72615 0 0 -0.0011003 0.152826 -1.53236
12 1.21114 0 0 -0.00326113 0.0177063 -0.756727
13 3.59919 -1.06012 0.0708885 1.51798 -0.0791176 0.0034771
14 1.66069 0 0 -0.0425705 0.039415 -1.04703
15 1.167 0 0 -0.00883494 0.00165497 -0.482647
16 2.18853 0.501039 0.0576601 1.55893 0.123347 0.226068
17 1.29609 0 0 -0.204249 0.0768922 -0.709228
18 1.62202 0.000713348 -0.000471115 0.0361671 -0.00468842 -1.61165
19 1.22241 0 0 0.00733176 -0.00270687 -0.694254
20 1.76707 1.27612 0.0366411 1.52736 0.172031 0.124018
21 1.55588 0 0 -0.298874 0.180214 -0.613986
22 1.24273 0 0 -0.000456737 -0.00038863 -1.38437
23 0.784523 0 0 0.00410521 0.00350973 -0.741292
24 -2.83583 -0.518291 -10.3275 -0.000932693 0 -2.0944
25 6.02794 0 0 1.0039 0.132509 0.753548
26 11.7344 0 0 0.00140261 0 0.647859
27 8.81167 0 0 2.04298 0 0
28 5.77884 0 0 1.3688 0 0
29 2.23249 0 0 0.674184 0 0
30 11.4725 0 0 2.03649 0.369376 -0.264789
31 0.61581 0.99437 -0.809165 -2.74992 0.371521 0.481775
32 2.24752 0 0 -0.0913849 -0.00666562 -0.225298
33 1.11936 0 0 -0.0659631 0.197556 0.102885
34 3.71349 0.102639 0.102191 -1.55796 0.571139 -0.0724673
35 1.72615 0 0 -0.0103978 -0.0184002 0.607515
36 1.21112 0 0 0.00331374 0.017322 0.786478
37 3.5992 1.06011 0.0708885 -1.58519 0.28709 -0.0423538
38 1.66069 0 0 0.0058332 0.0731641 0.298474
39 1.16699 0 0 0.0397123 0.0124132 0.751671
40 2.18853 -0.50104 0.0576591 -1.57359 0.194888 -0.159461
41 1.29609 0 0 -0.017008 -0.0436384 0.560533
42 1.62202 -0.000715256 -0.000471115 -0.00806921 -0.0311475 0.638739
43 1.22241 0 0 -0.00974962 0.00244499 0.993006
44 1.76707 -1.27612 0.0366402 -1.57222 0.314887 -0.190364
45 1.55588 0 0 0.0298598 0.0130837 0.863363
46 1.24273 0 0 0.000587359 0.000120502 0.477555
47 0.784532 0 0 -0.0100875 -0.00368626 0.217615
48 0 0 0 0 0 0
49 4.99944 -17.394 -7.66035 -0.0212737 -0.00149755 0
50 0 -1.70357 0.00508022 0 0 0
51 -0.00195932 3.96104 2.21118 0 0 0
52 0.641596 -0.666147 0.75166 0 0 0
53 0.786658 -3.4562 1.13628 0 0.198355 0
54 -0.706229 -4.69238 1.98618 -3.14159 -0.0872664 3.14159
55 0.0133305 1.02904 3.61174 0 0 0
56 0.01333 -1.24399 2.23877 0 0 0
57 5.00582 -22.7093 -12.6614 -0.0215409 -0.00122299 0
58 0.0129189 0.0367718 5.95713 0 0 0
time 4
0 7.96718 5.13272 -3.24532 0.000934124 0 -0.959925
1 6.02794 0 0 -0.698397 1.05826 -0.294477
2 11.7344 0 0 -0.0014028 0 -1.6016
3 8.81138 -0.000448227 -0.000112534 -0.335179 0 0.000157375
4 5.77839 0.000286102 0 -0.22457 0 0.000104051
5 2.23164 -0.000328064 -0.00036335 -0.110609 0 0
6 11.4725 0 0 -0.484414 -0.29981 0.475386
7 0.61522 -0.993091 -0.810699 2.34511 -0.11076 -0.44386
8 2.24752 0 0 0.101545 0.256935 -0.00235499
9 1.11936 0 0 0.100351 0.152181 -0.151587
10 3.71348 -0.102641 0.102191 1.44717 0.805255 0.453677
11 1.72615 0 0 0.00043557 0.152128 -1.5215
12 1.21114 0 0 -0.00303757 0.0173728 -0.770565
13 3.59919 -1.06012 0.0708885 1.51805 -0.0768478 0.00232929
14 1.66069 0 0 -0.0385041 0.044623 -0.938825
15 1.167 0 0 -0.00880611 0.00227517 -0.436044
16 2.18853 0.50104 0.0576601 1.55893 0.123347 0.226068
17 1.29609 0 0 -0.203075 0.0749011 -0.697922
18 1.62202 0.000715256 -0.000471115 0.0360743 -0.00491092 -1.60563
19 1.22241 0 0 0.00725895 -0.00270853 -0.703282
20 1.76707 1.27612 0.0366411 1.52736 0.172032 0.124017
21 1.55588 0 0 -0.299721 0.178509 -0.619377
22 1.24274 0 0 -0.000462307 -0.000382066 -1.36998
23 0.784523 0 0 0.00430533 0.00338719 -0.7269
24 -2.83583 -0.518291 -10.3275 -0.000932693 0 -2.0944
25 6.02794 0 0 1.00411 0.129653 0.75518
26 11.7344 0 0 0.00140264 0 0.639305
27 8.81167 0 0 2.03697 0 0
28 5.77884 0 0 1.36477 0 0
29 2.23249 0 0 0.672199 0 0
30 11.4725 0 0 2.03242 0.365774 -0.253782
31 0.615814 0.994374 -0.809166 -2.74992 0.371521 0.481775
32 2.24752 0 0 -0.0913849 -0.00666569 -0.225298
33 1.11936 0 0 -0.065963 0.197556 0.102885
34 3.71349 0.10264 0.102191 -1.55796 0.571139 -0.0724674
35 1.72615 0 0 -0.0103978 -0.0184002 0.607515
36 1.21112 0 0 0.00331355 0.0173221 0.786478
37 3.5992 1.06012 0.0708876 -1.58519 0.28709 -0.0423539
38 1.66069 0 0 0.00583339 0.073164 0.298474
39 1.16699 0 0 0.0397122 0.0124132 0.751671
40 2.18853 -0.501039 0.0576582 -1.57359 0.194888 -0.159461
41 1.29609 0 0 -0.0170079 -0.0436384 0.560533
42 1.62201 -0.000713348 -0.000469208 -0.00806915 -0.0311476 0.638739
43 1.22241 0 0 -0.00974965 0.00244506 0.993006
44 1.76707 -1.27612 0.0366402 -1.57222 0.314887 -0.190364
45 1.55587 0 0 0.0298599 0.0130838 0.863363
46 1.24273 0 0 0.000587255 0.000120328 0.477555
47 0.784532 0 0 -0.0100873 -0.00368608 0.217615
48 0 0 0 0 0 0
49 4.9995 -17.4336 -7.74744 -0.030266 -0.00136157 0
50 0 -1.70357 0.00508022 0 0 0
51 -0.0019598 3.96104 2.21118 0 0 0
52 0.641596 -0.666147 0.75166 0 0 0
53 0.786658 -3.45621 1.13628 0 0.198355 0
54 -0.70623 -4.69238 1.98618 3.14159 -0.0872664 -3.14159
55 0.01333 1.02904 3.61174 0 0 0
56 0.01333 -1.24399 2.23877 0 0 0
57 5.0051 -22.7937 -12.7005 -0.0305331 -0.00108669 0
58 0.0129189 0.0367718 5.95713 0 0 0
time 5
0 7.96718 5.13272 -3.24532 0.000934124 0 -0.959925
1 6.02794 0 0 -0.680323 1.06463 -0.285024
2 11.7344 0 0 -0.00140293 0 -1.58985
3 8.81138 -0.000450134 -0.000112534 -0.338117 0 0.000157487
4 5.77839 0.000286102 0 -0.226538 0 0.000104069
5 2.23163 -0.000329971 -0.000364304 -0.111579 0 0
6 11.4725 0 0 -0.47323 -0.336123 0.422297
7 0.615219 -0.993092 -0.810699 2.39528 -0.0859237 -0.426678
8 2.24752 0 0 0.114071 0.251334 0.0470173
9 1.11936 0 0 0.0925376 0.14564 -0.210866
10 3.71348 -0.102642 0.10219 1.42961 0.767957 0.426017
11 1.72615 0 0 0.00553128 0.149808 -1.48527
12 1.21114 0 0 -0.0022878 0.0162367 -0.816687
13 3.59919 -1.06012 0.0708876 1.51818 -0.0746096 0
14 1.66069 0 0 -0.0303086 0.0518361 -0.755805
15 1.167 0 0 -0.00859159 0.00316265 -0.357075
16 2.18852 0.501039 0.0576582 1.55893 0.123347 0.226068
17 1.29609 0 0 -0.199178 0.0683021 -0.660227
18 1.62202 0.000711441 -0.000472546 0.0357551 -0.00564845 -1.5856
19 1.22241 0 0 0.00700346 -0.00270793 -0.733373
20 1.76707 1.27612 0.0366402 1.52736 0.172031 0.124018
21 1.55588 0 0 -0.302554 0.172797 -0.637427
22 1.24273 0 0 -0.000479138 -0.000360762 -1.32475
23 0.784523 0 0 0.00492252 0.00298381 -0.681676
24 -2.83583 -0.518291 -10.3275 -0.000932693 0 -2.0944
25 6.02794 0 0 1.00425 0.128212 0.756216
26 11.7344 0 0 0.00140265 0 0.633994
27 8.81166 0 0 2.03229 0 0
28 5.77884 0 0 1.36163 0 0
29 2.23249 0 0 0.670655 0 0
30 11.4725 0 0 2.02888 0.363752 -0.247396
31 0.615812 0.994372 -0.809165 -2.74992 0.371521 0.481775
32 2.24751 0 0 -0.0913849 -0.00666564 -0.225298
33 1.11936 0 0 -0.065963 0.197556 0.102885
34 3.71348 0.102639 0.102191 -1.55796 0.571139 -0.0724675
35 1.72615 0 0 -0.0103979 -0.0184003 0.607515
36 1.21112 0 0 0.00331353 0.017322 0.786479
37 3.5992 1.06012 0.0708885 -1.58519 0.28709 -0.0423539
38 1.66069 0 0 0.00583309 0.073164 0.298474
39 1.16699 0 0 0.0397124 0.0124132 0.751671
40 2.18853 -0.50104 0.0576601 -1.57359 0.194888 -0.159461
41 1.29609 0 0 -0.0170079 -0.0436384 0.560533
42 1.62202 -0.000713348 -0.000473022 -0.00806918 -0.0311476 0.638739
43 1.22241 0 0 -0.00974971 0.00244495 0.993006
44 1.76707 -1.27612 0.0366411 -1.57222 0.314887 -0.190364
45 1.55588 0 0 0.0298599 0.0130838 0.863363
46 1.24273 0 0 0.000587247 0.000120422 0.477555
47 0.784531 0 0 -0.0100874 -0.00368625 0.217615
48 0 0 0 0 0 0
49 5 -17.4592 -7.81023 -0.0357551 -0.000273705 0
50 0 -1.70357 0.00508022 0 0 0
51 -0.0019598 3.96104 2.21118 0 0 0
52 0.641596 -0.666149 0.75166 0 0 0
53 0.786658 -3.45621 1.13628 0 0.198355 0
54 -0.70623 -4.69238 1.98618 3.14159 -0.0872664 -3.14159
55 0.01333 1.02904 3.61174 0 0 0
56 0.0133295 -1.24399 2.23877 0 0 0
57 4.99994 -22.8464 -12.7338 -0.0360222 0 0
58 0.0129189 0.0367699 5.95713 0 0 0
time 6
0 7.96718 5.13272 -3.24532 0.000934124 0 -0.959925
1 6.02794 0 0 -0.650596 1.07456 -0.26856
2 11.7344 0 0 -0.00140277 0 -1.5778
3 8.81138 -0.000448227 -0.00011158 -0.344816 0 0.000157178
4 5.77839 0.000286102 0 -0.231027 0 0.000103777
5 2.23163 -0.000328064 -0.000363827 -0.113789 0 0
6 11.4725 0 0 -0.455745 -0.390734 0.34586
7 0.615219 -0.993092 -0.810699 2.47115 -0.0491447 -0.396635
8 2.24752 0 0 0.133389 0.242389 0.125154
9 1.11936 0 0 0.0806102 0.134888 -0.287158
10 3.71348 -0.10264 0.102191 1.40645 0.704387 0.385207
11 1.72615 0 0 0.0139418 0.145958 -1.42492
12 1.21114 0 0 -0.00101941 0.0142623 -0.893555
13 3.59919 -1.06012 0.0708876 1.51831 -0.0704008 -0.0025226
14 1.66068 0 0 -0.0186041 0.0575633 -0.533191
15 1.167 0 0 -0.00806633 0.00393219 -0.261284
16 2.18853 0.50104 0.0576591 1.55893 0.123347 0.226068
17 1.29609 0 0 -0.192747 0.0574366 -0.597362
18 1.62202 0.000711441 -0.000470638 0.0351907 -0.00686326 -1.5522
19 1.22241 0 0 0.00653282 -0.00268956 -0.783526
20 1.76707 1.27612 0.0366411 1.52736 0.172031 0.124018
21 1.55588 0 0 -0.307265 0.163249 -0.667544
22 1.24274 0 0 -0.000504421 -0.00032433 -1.25084
23 0.784521 0 0 0.00589007 0.00226578 -0.607771
24 -2.83583 -0.518291 -10.3275 -0.000932693 0 -2.0944
25 6.02794 0 0 1.00434 0.128331 0.756786
26 11.7344 0 0 0.00140276 0 0.631887
27 8.81167 0 0 2.0286 0 0
28 5.77884 0 0 1.35916 0 0
29 2.23249 0 0 0.669439 0 0
30 11.4725 0 0 2.02558 0.363721 -0.246137
31 0.615812 0.994374 -0.809166 -2.74992 0.371521 0.481775
32 2.24752 0 0 -0.0913849 -0.00666566 -0.225298
33 1.11936 0 0 -0.065963 0.197556 0.102886
34 3.71349 0.10264 0.102191 -1.55796 0.571139 -0.0724672
35 1.72615 0 0 -0.0103979 -0.0184002 0.607515
36 1.21112 0 0 0.0033136 0.0173221 0.786478
37 3.5992 1.06012 0.0708885 -1.58519 0.28709 -0.0423537
38 1.66069 0 0 0.00583332 0.0731641 0.298474
39 1.16699 0 0 0.0397124 0.0124133 0.751671
40 2.18853 -0.501041 0.0576591 -1.57359 0.194888 -0.159461
41 1.29609 0 0 -0.017008 -0.0436384 0.560533
42 1.62202 -0.000713348 -0.000469208 -0.00806917 -0.0311476 0.638739
43 1.22241 0 0 -0.00974955 0.00244499 0.993006
44 1.76707 -1.27612 0.0366402 -1.57222 0.314887 -0.190364
45 1.55587 0 0 0.0298598 0.0130839 0.863363
46 1.24273 0 0 0.000587269 0.000120385 0.477555
47 0.784532 0 0 -0.0100875 -0.00368619 0.217615
48 0 0 0 0 0 0
49 5.0016 -17.4695 -7.84862 -0.0371813 0.00230057 0
50 0 -1.70357 0.00508022 0 0 0
51 -0.0019598 3.96104 2.21118 0 0 0
52 0.641596 -0.666147 0.75166 0 0 0
53 0.786658 -3.45621 1.13628 0 0.198355 0
54 -0.70623 -4.69238 1.98618 3.14159 -0.0872664 -3.14159
55 0.01333 1.02904 3.61174 0 0 0
56 0.0133295 -1.24399 2.23877 0 0 0
57 4.98941 -22.8637 -12.7645 -0.0374483 0.00257568 0
58 0.0129199 0.0367699 5.95713 0 0 0
time 7
0 7.96718 5.13272 -3.24532 0.000934124 0 -0.959925
1 6.02794 0 0 -0.615612 1.08512 -0.249773
2 11.7344 0 0 -0.00140285 0 -1.5656
3 8.81139 -0.000450134 -0.000112534 -0.352013 0 0.000157257
4 5.77839 0.000286102 0 -0.235849 0 0.000103869
5 2.23163 -0.000329971 -0.000364304 -0.116164 0 0
6 11.4725 0 0 -0.430209 -0.454593 0.261176
7 0.615219 -0.993091 -0.8107 2.56023 -0.00630606 -0.367079
8 2.24752 0 0 0.153381 0.231721 0.208962
9 1.11936 0 0 0.0656366 0.122866 -0.397081
10 3.71348 -0.102641 0.10219 1.3877 0.628838 0.344694
11 1.72615 0 0 0.0235716 0.141525 -1.35492
12 1.21114 0 0 0.000490663 0.0118474 -0.982714
13 3.59919 -1.06012 0.0708876 1.51834 -0.0622197 -0.00398239
14 1.66069 0 0 -0.00547934 0.059628 -0.306354
15 1.167 0 0 -0.00726556 0.00433781 -0.164213
16 2.18853 0.50104 0.0576582 1.55893 0.123347 0.226068
17 1.29609 0 0 -0.185372 0.0450466 -0.524375
18 1.62202 0.000713348 -0.000470638 0.0344855 -0.00824769 -1.51346
19 1.22241 0 0 0.00591623 -0.00264439 -0.841704
20 1.76707 1.27612 0.0366411 1.52736 0.172031 0.124018
21 1.55588 0 0 -0.312694 0.152161 -0.702433
22 1.24273 0 0 -0.000530664 -0.000279457 -1.16413
23 0.784523 0 0 0.00695377 0.00133523 -0.521074
24 -2.83583 -0.518291 -10.3275 -0.000932693 0 -2.0944
25 6.02794 0 0 1.00441 0.129538 0.757125
26 11.7344 0 0 0.00140262 0 0.63173
27 8.81167 0 0 2.02507 0 0
28 5.77884 0 0 1.3568 0 0
29 2.23249 0 0 0.668274 0 0
30 11.4725 0 0 2.02203 0.364879 -0.247974
31 0.615814 0.994372 -0.809165 -2.74992 0.371521 0.481775
32 2.24752 0 0 -0.0913849 -0.00666566 -0.225298
33 1.11936 0 0 -0.065963 0.197557 0.102885
34 3.71349 0.102641 0.102191 -1.55796 0.571139 -0.0724674
35 1.72615 0 0 -0.0103978 -0.0184 0.607515
36 1.21112 0 0 0.00331357 0.0173221 0.786478
37 3.5992 1.06012 0.0708885 -1.58519 0.28709 -0.0423539
38 1.66069 0 0 0.00583318 0.0731642 0.298474
39 1.16699 0 0 0.0397122 0.0124133 0.751671
40 2.18853 -0.50104 0.0576591 -1.57359 0.194888 -0.159461
41 1.29609 0 0 -0.0170079 -0.0436383 0.560533
42 1.62201 -0.000711441 -0.000469208 -0.00806927 -0.0311475 0.638739
43 1.22241 0 0 -0.0097496 0.00244502 0.993006
44 1.76707 -1.27612 0.0366411 -1.57222 0.314887 -0.190364
45 1.55588 0 0 0.0298598 0.0130838 0.863363
46 1.24273 0 0 0.000587439 0.000120452 0.477555
47 0.784532 0 0 -0.0100875 -0.00368628 0.217615
48 0 0 0 0 0 0
49 5.00431 -17.4703 -7.87722 -0.0363084 0.00608931 0.000312521
50 0 -1.70357 0.00508022 0 0 0
51 -0.0019598 3.96104 2.21118 0 0 0
52 0.641596 -0.666149 0.751659 0 0 0
53 0.786659 -3.45621 1.13628 0 0.198355 0
54 -0.70623 -4.69238 1.98618 -3.14159 -0.0872663 3.14159
55 0.0133305 1.02904 3.61174 0 0 0
56 0.01333 -1.24399 2.23877 0 0 0
57 4.97485 -22.8602 -12.7977 -0.0365753 0.00636438 0.000344923
58 0.0129189 0.0367737 5.95713 0 0 0
time 8
0 7.96718 5.13272 -3.24532 0.000934124 0 -0.959925
1 6.02794 0 0 -0.582711 1.09397 -0.233487
2 11.7344 0 0 -0.00140278 0 -1.55555
3 8.81138 -0.000448227 -0.000112057 -0.354717 0 0.000157238
4 5.77839 0.000286102 0 -0.237661 0 0.00010378
5 2.23163 -0.000328064 -0.00036335 -0.117057 0 0
6 11.4725 0 0 -0.398572 -0.517613 0.18699
7 0.615217 -0.993092 -0.810699 2.64841 0.0374848 -0.351713
8 2.24752 0 0 0.168708 0.221472 0.275589
9 1.11936 0 0 0.0480993 0.11183 -0.557272
10 3.71348 -0.102641 0.102192 1.37675 0.557107 0.312228
11 1.72615 0 0 0.0324176 0.137439 -1.28976
12 1.21114 0 0 0.00194373 0.00948219 -1.06572
13 3.59919 -1.06012 0.0708885 1.51825 -0.0480676 -0.00329689
14 1.66069 0 0 0.00613853 0.0582043 -0.11076
15 1.167 0 0 -0.00638929 0.00435776 -0.0814019
16 2.18852 0.50104 0.0576591 1.55893 0.123347 0.226068
17 1.29609 0 0 -0.178575 0.0337233 -0.456355
18 1.62202 0.000713348 -0.000471592 0.0337812 -0.00951126 -1.47739
19 1.22241 0 0 0.00527261 -0.00258314 -0.895869
20 1.76707 1.27612 0.0366411 1.52736 0.172031 0.124018
21 1.55587 0 0 -0.317704 0.141845 -0.734814
22 1.24274 0 0 -0.000552057 -0.000234156 -1.08052
23 0.784524 0 0 0.00789943 0.000353881 -0.437474
24 -2.83583 -0.518291 -10.3275 -0.000932693 0 -2.0944
25 6.02794 0 0 1.00442 0.131641 0.757023
26 11.7344 0 0 0.00140276 0 0.633649
27 8.81167 0 0 2.02209 0 0
28 5.77884 0 0 1.3548 0 0
29 2.23249 0 0 0.66729 0 0
30 11.4725 0 0 2.01865 0.366575 -0.252196
31 0.615814 0.994371 -0.809165 -2.74992 0.371521 0.481775
32 2.24752 0 0 -0.0913849 -0.00666567 -0.225298
33 1.11936 0 0 -0.065963 0.197556 0.102886
34 3.71349 0.10264 0.102191 -1.55796 0.571139 -0.0724673
35 1.72615 0 0 -0.0103979 -0.0183999 0.607515
36 1.21112 0 0 0.00331359 0.0173221 0.786478
37 3.5992 1.06012 0.0708876 -1.58519 0.28709 -0.0423538
38 1.66069 0 0 0.00583343 0.073164 0.298474
39 1.16699 0 0 0.0397123 0.0124133 0.751671
40 2.18853 -0.50104 0.0576582 -1.57359 0.194888 -0.159461
41 1.29609 0 0 -0.0170079 -0.0436384 0.560533
42 1.62202 -0.000711441 -0.000471115 -0.00806908 -0.0311476 0.638739
43 1.22241 0 0 -0.00974951 0.00244507 0.993006
44 1.76707 -1.27612 0.0366402 -1.57222 0.314887 -0.190364
45 1.55587 0 0 0.0298597 0.0130838 0.863363
46 1.24273 0 0 0.000587235 0.000120371 0.477555
47 0.784532 0 0 -0.0100874 -0.00368622 0.217615
48 0 0 0 0 0 0
49 5.00732 -17.4629 -7.89617 -0.0339757 0.0102907 0.000443996
50 0 -1.70357 0.00508118 0 0 0
51 -0.0019598 3.96104 2.21118 0 0 0
52 0.641596 -0.666149 0.75166 0 0 0
53 0.786658 -3.4562 1.13628 0 0.198355 0
54 -0.70623 -4.69238 1.98618 3.14159 -0.0872664 -3.14159
55 0.0133295 1.02904 3.61174 0 0 0
56 0.01333 -1.24399 2.23877 0 0 0
57 4.95777 -22.8413 -12.829 -0.0342425 0.0105657 0.000477041
58 0.0129194 0.0367718 5.95713 0 0 0
time 9
0 7.96718 5.13272 -3.24532 0.000934124 0 -0.959925
1 6.02794 0 0 -0.559499 1.09946 -0.224244
2 11.7344 0 0 -0.0014028 0 -1.55066
3 8.81138 -0.000450134 -0.000111103 -0.34663 0 0.000157638
4 5.77839 0.000286102 0 -0.232242 0 0.00010418
5 2.23163 -0.000329971 -0.000362873 -0.114388 0 0
6 11.4725 0 0 -0.36822 -0.570284 0.14465
7 0.615219 -0.993092 -0.810699 2.72049 0.0775052 -0.365046
8 2.24752 0 0 0.17473 0.21409 0.302383
9 1.11936 0 0 0.0278232 0.10262 -0.784401
10 3.71348 -0.102641 0.102192 1.37226 0.505972 0.291843
11 1.72615 0 0 0.038575 0.13459 -1.24391
12 1.21114 0 0 0.00299858 0.00775259 -1.12413
13 3.59919 -1.06012 0.0708885 1.51813 -0.0259529 0.000666794
14 1.66069 0 0 0.0136558 0.0556119 0.0181875
15 1.167 0 0 -0.00573016 0.00418178 -0.0283876
16 2.18853 0.50104 0.0576591 1.55893 0.123348 0.226068
17 1.29609 0 0 -0.173825 0.0258804 -0.408451
18 1.62202 0.000715256 -0.000470161 0.0332584 -0.0103848 -1.45201
19 1.22241 0 0 0.00477888 -0.00253086 -0.933986
20 1.76707 1.27612 0.0366421 1.52736 0.172031 0.124018
21 1.55587 0 0 -0.321182 0.134628 -0.757418
22 1.24274 0 0 -0.000566052 -0.000197973 -1.0159
23 0.784523 0 0 0.00857218 -0.00045683 -0.372861
24 -2.83583 -0.518291 -10.3275 -0.000932693 0 -2.0944
25 6.02794 0 0 1.00434 0.134454 0.756276
26 11.7344 0 0 0.00140275 0 0.637768
27 8.81167 0 0 2.02007 0 0
28 5.77884 0 0 1.35345 0 0
29 2.23249 0 0 0.666624 0 0
30 11.4725 0 0 2.0159 0.368165 -0.258086
31 0.615812 0.994374 -0.809165 -2.74992 0.371521 0.481775
32 2.24752 0 0 -0.0913849 -0.00666567 -0.225298
33 1.11936 0 0 -0.065963 0.197557 0.102885
34 3.71348 0.10264 0.102192 -1.55796 0.571139 -0.0724675
35 1.72615 0 0 -0.0103978 -0.0184001 0.607515
36 1.21112 0 0 0.00331365 0.0173221 0.786478
37 3.5992 1.06012 0.0708885 -1.58519 0.28709 -0.0423539
38 1.66069 0 0 0.00583329 0.073164 0.298474
39 1.16699 0 0 0.0397122 0.0124135 0.751671
40 2.18853 -0.50104 0.0576591 -1.57359 0.194888 -0.159461
41 1.29609 0 0 -0.017008 -0.0436383 0.560533
42 1.62201 -0.000713348 -0.000469208 -0.00806912 -0.0311478 0.638739
43 1.22241 0 0 -0.00974943 0.00244495 0.993006
44 1.76707 -1.27612 0.0366411 -1.57222 0.314887 -0.190364
45 1.55588 0 0 0.0298598 0.013084 0.863363
46 1.24273 0 0 0.000587261 0.000120226 0.477555
47 0.784531 0 0 -0.0100874 -0.00368613 0.217615
48 0 0 0 0 0 0
49 5.00985 -17.4488 -7.90557 -0.0310228 0.0141029 0.000165033
50 0 -1.70357 0.00508118 0 0 0
51 -0.00195932 3.96104 2.21118 0 0 0
52 0.641596 -0.666149 0.751661 0 0 0
53 0.786658 -3.45621 1.13628 0 0.198355 0
54 -0.706229 -4.69238 1.98618 -3.14159 -0.0872664 3.14159
55 0.01333 1.02904 3.61174 0 0 0
56 0.01333 -1.24399 2.23877 0 0 0
57 4.93977 -22.8126 -12.8541 -0.0312894 0.0143778 0.000198891
58 0.0129194 0.0367737 5.95713 0 0 0
time 10
0 7.96718 5.13272 -3.24532 0.000934124 0 -0.959925
1 6.02794 0 0 -0.553793 1.10022 -0.226473
2 11.7344 0 0 -0.00140286 0 -1.55408
3 8.81138 -0.000450134 -0.000112534 -0.319521 0 0.000157362
4 5.77839 0.000286102 0 -0.214079 0 0.00010393
5 2.23164 -0.000329971 -0.000363827 -0.105442 0 0
6 11.4725 0 0 -0.351053 -0.603607 0.158074
7 0.615218 -0.993091 -0.810699 2.76028 0.153087 -0.500382
8 2.24752 0 0 0.114828 0.0981127 0.00868705
9 1.11936 0 0 -0.0472413 0.0742722 -1.74931
10 3.71348 -0.102641 0.10219 1.37148 0.492436 0.286771
11 1.72615 0 0 0.0401863 0.133845 -1.23185
12 1.21114 0 0 0.00328108 0.00728869 -1.13949
13 3.59919 -1.06012 0.070888 1.51844 0.0124479 0.0103877
14 1.66069 0 0 0.0167214 0.0540681 0.0720429
15 1.167 0 0 -0.00543455 0.00401193 -0.00987867
16 2.18852 0.50104 0.0576587 1.55893 0.123347 0.226068
17 1.29609 0 0 -0.172579 0.023834 -0.395839
18 1.62202 0.000713348 -0.000470161 0.0331172 -0.0106125 -1.44533
19 1.22241 0 0 0.00464331 -0.00251604 -0.944016
20 1.76707 1.27612 0.0366406 1.52736 0.172031 0.124018
21 1.55588 0 0 -0.322029 0.132844 -0.762985
22 1.24273 0 0 -0.000571714 -0.000181115 -0.986153
23 0.784523 0 0 0.00886396 -0.000844114 -0.343121
24 -2.83583 -0.518291 -10.3275 -0.000932693 0 -2.0944
25 6.02794 0 0 1.00414 0.137744 0.754708
26 11.7344 0 0 0.00140275 0 0.644117
27 8.81167 0 0 2.01943 0 0
28 5.77884 0 0 1.35302 0 0
29 2.23249 0 0 0.666414 0 0
30 11.4725 0 0 2.01422 0.369026 -0.264863
31 0.615812 0.994374 -0.809165 -2.74992 0.371521 0.481775
32 2.24752 0 0 -0.0913849 -0.00666561 -0.225298
33 1.11935 0 0 -0.065963 0.197556 0.102886
34 3.71349 0.10264 0.102191 -1.55796 0.571139 -0.0724674
35 1.72615 0 0 -0.0103978 -0.0184003 0.607515
36 1.21112 0 0 0.00331355 0.0173221 0.786478
37 3.5992 1.06012 0.0708885 -1.58519 0.28709 -0.0423539
38 1.66069 0 0 0.0058333 0.0731641 0.298474
39 1.16699 0 0 0.0397122 0.0124133 0.751671
40 2.18853 -0.501039 0.0576591 -1.57359 0.194888 -0.159461
41 1.29609 0 0 -0.0170079 -0.0436383 0.560533
42 1.62202 -0.000713348 -0.000469208 -0.00806919 -0.0311475 0.638739
43 1.22241 0 0 -0.00974948 0.002445 0.993006
44 1.76707 -1.27612 0.0366402 -1.57222 0.314887 -0.190364
45 1.55588 0 0 0.0298599 0.0130838 0.863363
46 1.24273 0 0 0.000587261 0.000120479 0.477555
47 0.784531 0 0 -0.0100875 -0.00368624 0.217615
48 0 0 0 0 0 0
49 5.01109 -17.4295 -7.90554 -0.0282889 0.0167241 -0.000809193
50 0 -1.70357 0.00508118 0 0 0
51 -0.0019598 3.96104 2.21118 0 0 0
52 0.641596 -0.666147 0.75166 0 0 0
53 0.786658 -3.45621 1.13628 0 0.198355 0
54 -0.70623 -4.69238 1.98618 -3.14159 -0.0872664 3.14159
55 0.0133295 1.02904 3.61174 0 0 0
56 0.0133295 -1.24399 2.23877 0 0 0
57 4.92258 -22.7797 -12.8685 -0.0285554 0.0169989 -0.000774581
58 0.0129194 0.0367699 5.95713 0 0 0
time 11
0 7.96718 5.13272 -3.24532 0.000934124 0 -0.959925
1 6.02794 0 0 -0.574436 1.09381 -0.24725
2 11.7344 0 0 -0.00140289 0 -1.57007
3 8.81138 -0.000450134 -0.00011301 -0.25211 0 0.000157248
4 5.77839 0.000286102 0 -0.168914 0 0.000104288
5 2.23163 -0.000328064 -0.000363827 -0.0831962 0 0
6 11.4725 0 0 -0.356974 -0.613695 0.262873
7 0.615219 -0.993092 -0.8107 2.78005 0.239551 -0.659116
8 2.24752 0 0 0.0238475 -0.0648764 -0.387122
9 1.11936 0 0 -0.0315203 0.0550005 -1.69044
10 3.71348 -0.102641 0.102191 1.37432 0.533055 0.302386
11 1.72615 0 0 0.0353282 0.136093 -1.26814
12 1.21114 0 0 0.00243757 0.00867313 -1.09326
13 3.59919 -1.06012 0.070888 1.5203 0.0671166 0.0256324
14 1.66069 0 0 0.0170376 0.0537495 0.0774176
15 1.167 0 0 -0.0053964 0.00388921 -0.0143861
16 2.18852 0.50104 0.0576591 1.55893 0.123347 0.226068
17 1.29609 0 0 -0.176332 0.0300118 -0.433769
18 1.62202 0.000713348 -0.000471592 0.0335374 -0.00992487 -1.46542
19 1.22241 0 0 0.00504397 -0.00255932 -0.913844
20 1.76707 1.27612 0.0366406 1.52736 0.172031 0.124018
21 1.55588 0 0 -0.319098 0.138876 -0.74406
22 1.24274 0 0 -0.0005686 -0.000190489 -1.00271
23 0.784525 0 0 0.00870298 -0.00062744 -0.359674
24 -2.83583 -0.518291 -10.3275 -0.000932693 0 -2.0944
25 6.02794 0 0 1.00306 0.155465 0.747137
26 11.7344 0 0 0.00140267 0 0.675795
27 8.81167 0 0 2.00429 0 0
28 5.77884 0 0 1.34287 0 0
29 2.23249 0 0 0.661415 0 0
30 11.4725 0 0 1.99657 0.358161 -0.278737
31 0.615814 0.994371 -0.809166 -2.7444 0.369048 0.48482
32 2.24752 0 0 -0.0913471 -0.00657174 -0.222769
33 1.11936 0 0 -0.0676476 0.196994 0.0942958
34 3.71349 0.102638 0.10219 -1.55841 0.565254 -0.0730523
35 1.72615 0 0 -0.0101103 -0.0186367 0.594842
36 1.21112 0 0 0.00311498 0.0173415 0.776128
37 3.5992 1.06012 0.0708876 -1.58437 0.286338 -0.0402243
38 1.66069 0 0 0.00532757 0.0732252 0.292023
39 1.16699 0 0 0.0394039 0.0130812 0.738487
40 2.18853 -0.50104 0.0576582 -1.57367 0.191594 -0.160012
41 1.29609 0 0 -0.0167107 -0.0434483 0.555095
42 1.62202 -0.000715256 -0.000469208 -0.00753621 -0.0313307 0.625183
43 1.22241 0 0 -0.0098292 0.00196416 0.974633
44 1.76707 -1.27612 0.0366402 -1.57238 0.31046 -0.19101
45 1.55587 0 0 0.0295763 0.0131564 0.854048
46 1.24273 0 0 0.00058576 0.00012812 0.464418
47 0.784531 0 0 -0.0102048 -0.00370115 0.210508
48 0 0 0 0 0 0
49 5.01024 -17.4064 -7.89621 -0.0241035 0.0174569 -0.00249958
50 0 -1.70357 0.00508118 0 0 0
51 -0.00195932 3.96104 2.21118 0 0 0
52 0.641596 -0.666147 0.75166 0 0 0
53 0.786659 -3.45621 1.13628 0 0.198355 0
54 -0.706229 -4.69238 1.98618 -3.14159 -0.0872664 -3.14159
55 0.0133305 1.02904 3.61174 0 0 0
56 0.01333 -1.24399 2.23877 0 0 0
57 4.90871 -22.7356 -12.8814 -0.02437 0.0177315 -0.00246382
58 0.0129194 0.0367718 5.95713 0 0 0
time 12
0 7.96718 5.13272 -3.24532 0.000934124 0 -0.959925
1 6.02794 0 0 -0.617391 1.07985 -0.285118
2 11.7344 0 0 -0.00140294 0 -1.5942
3 8.81138 -0.000448227 -0.00011158 -0.143933 0 0.00015749
4 5.77839 0.00028801 0 -0.0964352 0 0.000104839
5 2.23164 -0.000328064 -0.000363827 -0.0474979 0 0
6 11.4725 0 0 -0.380044 -0.603019 0.440853
7 0.615219 -0.993092 -0.810699 2.79651 0.303589 -0.64879
8 2.24752 0 0 0.00202158 -0.0859037 -0.493927
9 1.11936 0 0 -0.00493255 0.0591294 -1.31873
10 3.71348 -0.102641 0.102191 1.38482 0.613321 0.337233
11 1.72615 0 0 0.0255078 0.140632 -1.34073
12 1.21113 0 0 0.000802865 0.0113418 -1.00079
13 3.59919 -1.06012 0.070888 1.52446 0.127529 0.0435074
14 1.66069 0 0 0.0155977 0.0542908 0.0515678
15 1.16699 0 0 -0.00552229 0.00380032 -0.0331463
16 2.18852 0.50104 0.0576587 1.55893 0.123347 0.226068
17 1.29609 0 0 -0.183886 0.042563 -0.509567
18 1.62202 0.000711441 -0.000471592 0.034336 -0.00852503 -1.5056
19 1.22241 0 0 0.00578182 -0.00263252 -0.8535
20 1.76707 1.27612 0.0366406 1.52736 0.172031 0.124018
21 1.55587 0 0 -0.313294 0.150771 -0.706689
22 1.24273 0 0 -0.000558519 -0.000218498 -1.05232
23 0.784524 0 0 0.00819934 0 -0.409278
24 -2.83583 -0.518291 -10.3275 -0.000932693 0 -2.0944
25 6.02794 0 0 1.00009 0.19563 0.731164
26 11.7344 0 0 0.00140277 0 0.744453
27 8.81167 0 0 1.9599 0 0
28 5.77884 0 0 1.31313 0 0
29 2.23249 0 0 0.646766 0 0
30 11.4725 0 0 1.94871 0.327511 -0.301854
31 0.615814 0.994373 -0.809165 -2.7289 0.362079 0.493352
32 2.24752 0 0 -0.0912372 -0.00631054 -0.215673
33 1.11936 0 0 -0.0722415 0.195379 0.0707418
34 3.71349 0.102641 0.102191 -1.5596 0.548578 -0.0746379
35 1.72615 0 0 -0.00931173 -0.019271 0.560019
36 1.21112 0 0 0.00255859 0.0173853 0.747247
37 3.59921 1.06012 0.0708885 -1.58212 0.283982 -0.0343396
38 1.66069 0 0 0.00394082 0.0733785 0.274355
39 1.16699 0 0 0.0385094 0.0149174 0.701946
40 2.18854 -0.50104 0.0576591 -1.57387 0.182295 -0.161558
41 1.29609 0 0 -0.0158709 -0.0429042 0.53982
42 1.62202 -0.000713348 -0.000468254 -0.00606202 -0.0318028 0.587873
43 1.22241 0 0 -0.010015 0.00063305 0.923636
44 1.76707 -1.27612 0.0366411 -1.57282 0.297963 -0.192816
45 1.55588 0 0 0.0287623 0.0133543 0.827825
46 1.24273 0 0 0.000580709 0.000149179 0.42841
47 0.784533 0 0 -0.0105275 -0.00373635 0.191105
48 0 0 0 0 0 0
49 5.00636 -17.3844 -7.87138 -0.0169045 0.0164172 -0.0047288
50 0 -1.70357 0.00508022 0 0 0
51 -0.0019598 3.96104 2.21118 0 0 0
52 0.641597 -0.666147 0.75166 0 0 0
53 0.786658 -3.45621 1.13628 0 0.198355 0
54 -0.706229 -4.69238 1.98618 -3.14159 -0.0872664 3.14159
55 0.01333 1.02904 3.61174 0 0 0
56 0.0133305 -1.24399 2.23877 0 0 0
57 4.89767 -22.6773 -12.8949 -0.017171 0.0166916 -0.00469106
58 0.0129194 0.0367737 5.95713 0 0 0
time 13
0 7.96718 5.13272 -3.24532 0.000934124 0 -0.959925
1 6.02794 0 0 -0.668956 1.06066 -0.329631
2 11.7344 0 0 -0.00140295 0 -1.6173
3 8.81138 -0.000450134 -0.000113487 -0.028697 0 0.000157524
4 5.77839 0.000286102 0 -0.019227 0 0.000105451
5 2.23163 -0.000330925 -0.000365257 -0.0094699 0 0
6 11.4725 0 0 -0.406016 -0.575314 0.634106
7 0.61522 -0.993092 -0.8107 2.81811 0.357717 -0.525965
8 2.24752 0 0 0.0216307 -0.0183807 -0.450245
9 1.11936 0 0 0.0175012 0.0604379 -0.958693
10 3.71348 -0.10264 0.102191 1.4062 0.703563 0.384723
11 1.72615 0 0 0.0140489 0.145909 -1.42415
12 1.21114 0 0 -0.00100299 0.0142363 -0.894539
13 3.59919 -1.06012 0.070888 1.53038 0.18326 0.0609309
14 1.66069 0 0 0.0133424 0.0551386 0.0117412
15 1.167 0 0 -0.00571376 0.00371969 -0.0573963
16 2.18852 0.50104 0.0576587 1.55893 0.123348 0.226068
17 1.29609 0 0 -0.192665 0.0572986 -0.596557
18 1.62202 0.000713348 -0.000472069 0.0351832 -0.00687861 -1.55177
19 1.22241 0 0 0.00652641 -0.00268917 -0.784168
20 1.76707 1.27612 0.0366406 1.52736 0.172032 0.124018
21 1.55588 0 0 -0.306604 0.164366 -0.663863
22 1.24273 0 0 -0.000543975 -0.000252454 -1.11388
23 0.784524 0 0 0.00753184 0.000754859 -0.470835
24 -2.83583 -0.518291 -10.3275 -0.000932693 0 -2.0944
25 6.02794 0 0 0.994649 0.249928 0.710558
26 11.7344 0 0 0.00140265 0 0.834208
27 8.81167 0 0 1.88782 0 0
28 5.77884 0 0 1.26484 0 0
29 2.23249 0 0 0.622981 0 0
30 11.4725 0 0 1.87476 0.280501 -0.327964
31 0.615814 0.994373 -0.809165 -2.70501 0.351274 0.50644
32 2.24752 0 0 -0.0910572 -0.00591194 -0.204744
33 1.11936 0 0 -0.0790308 0.192766 0.0355551
34 3.71349 0.10264 0.10219 -1.56127 0.522575 -0.0769555
35 1.72615 0 0 -0.00809214 -0.0201727 0.507841
36 1.21112 0 0 0.00170265 0.0174231 0.70309
37 3.5992 1.06012 0.0708876 -1.57878 0.279872 -0.0254638
38 1.66069 0 0 0.00186861 0.073566 0.247995
39 1.16699 0 0 0.0370448 0.0176513 0.646557
40 2.18853 -0.50104 0.0576582 -1.57412 0.167863 -0.163937
41 1.29609 0 0 -0.0145635 -0.0420387 0.516261
42 1.62201 -0.000713348 -0.000469208 -0.00383293 -0.0324186 0.531845
43 1.22241 0 0 -0.0101942 -0.0013697 0.846199
44 1.76707 -1.27612 0.0366402 -1.5734 0.278566 -0.195569
45 1.55588 0 0 0.0274594 0.0136399 0.787277
46 1.24273 0 0 0.000571885 0.000180141 0.374631
47 0.784532 0 0 -0.0110078 -0.00377718 0.162288
48 0 0 0 0 0 0
49 4.9995 -17.3653 -7.82755 -0.00769431 0.0140236 -0.0074843
50 0 -1.70357 0.0050807 0 0 0
51 -0.00196028 3.96104 2.21118 0 0 0
52 0.641596 -0.666147 0.75166 0 0 0
53 0.786658 -3.45621 1.13628 0 0.198355 0
54 -0.70623 -4.69238 1.98618 3.14159 -0.0872664 3.14159
55 0.01333 1.02904 3.61174 0 0 0
56 0.0133295 -1.24399 2.23877 0 0 0
57 4.88792 -22.6115 -12.8998 -0.00796081 0.0142976 -0.00744403
58 0.0129189 0.0367737 5.95713 0 0 0
time 14
0 7.96718 5.13272 -3.24532 0.000934124 0 -0.959925
1 6.02794 0 0 -0.712551 1.042 -0.366854
2 11.7344 0 0 -0.00140289 0 -1.63496
3 8.81138 -0.000450134 -0.000111103 0.0573726 0 0.000157325
4 5.77839 0.000286102 0 0.0384397 0 0.000105628
5 2.23163 -0.000329018 -0.000364304 0.018933 0 0
6 11.4725 0 0 -0.423339 -0.54235 0.7897
7 0.615219 -0.99309 -0.810699 2.85023 0.389156 -0.380505
8 2.24752 0 0 0.0543557 0.070341 -0.351228
9 1.11936 0 0 0.0113138 0.0701926 -1.01587
10 3.71348 -0.102641 0.102191 1.43307 0.775871 0.431629
11 1.72615 0 0 0.00446097 0.150296 -1.4929
12 1.21114 0 0 -0.00244646 0.0164791 -0.806971
13 3.59919 -1.06012 0.070888 1.53607 0.224073 0.0743443
14 1.66069 0 0 0.0112444 0.0558418 -0.0248109
15 1.167 0 0 -0.00588272 0.00364794 -0.078373
16 2.18853 0.50104 0.0576591 1.55893 0.123348 0.226068
17 1.29609 0 0 -0.199997 0.0696874 -0.66817
18 1.62202 0.000715256 -0.000471115 0.0358236 -0.0054937 -1.58982
19 1.22241 0 0 0.00705897 -0.00270863 -0.727034
20 1.76707 1.27612 0.0366414 1.52736 0.172031 0.124017
21 1.55588 0 0 -0.301063 0.175528 -0.6286
22 1.24273 0 0 -0.000529933 -0.000280518 -1.1663
23 0.784523 0 0 0.00692813 0.00135958 -0.523243
24 -2.83583 -0.518291 -10.3275 -0.000932693 0 -2.0944
25 6.02794 0 0 0.986258 0.312322 0.687941
26 11.7344 0 0 0.00140263 0 0.933743
27 8.81167 0 0 1.79014 0 0
28 5.77884 0 0 1.1994 0 0
29 2.23249 0 0 0.590747 0 0
30 11.4725 0 0 1.7785 0.220275 -0.352808
31 0.615814 0.994371 -0.809165 -2.67437 0.337285 0.523143
32 2.24752 0 0 -0.0908074 -0.00540653 -0.190717
33 1.11936 0 0 -0.0872888 0.18921 -0.00792875
34 3.71349 0.102639 0.102192 -1.56314 0.488709 -0.0797377
35 1.72615 0 0 -0.0065456 -0.0212078 0.443103
36 1.21112 0 0 0.00060658 0.0174205 0.646913
37 3.5992 1.06011 0.0708885 -1.57469 0.27385 -0.014369
38 1.66069 0 0 -0.000692028 0.0737301 0.215466
39 1.16699 0 0 0.0350206 0.0209958 0.576832
40 2.18853 -0.501041 0.0576591 -1.57434 0.149168 -0.16698
41 1.29609 0 0 -0.0128629 -0.04088 0.485975
42 1.62202 -0.000713348 -0.000469208 -0.00104284 -0.0330266 0.462136
43 1.22241 0 0 -0.0102441 -0.00384879 0.748506
44 1.76707 -1.27612 0.0366402 -1.57399 0.253438 -0.199053
45 1.55588 0 0 0.0257023 0.0139692 0.734987
46 1.24273 0 0 0.000558553 0.000217736 0.308184
47 0.784531 0 0 -0.0115992 -0.00380943 0.126937
48 0 0 0 0 0 0
49 4.9904 -17.3456 -7.76881 0.00252465 0.0106946 -0.0107535
50 0 -1.70357 0.00508118 0 0 0
51 -0.0019598 3.96104 2.21118 0 0 0
52 0.641596 -0.666147 0.75166 0 0 0
53 0.786658 -3.45621 1.13628 0 0.198355 0
54 -0.70623 -4.69238 1.98618 -3.14159 -0.0872664 -3.14159
55 0.0133305 1.02904 3.61174 0 0 0
56 0.01333 -1.24399 2.23877 0 0 0
57 4.87854 -22.5395 -12.8946 0.00225804 0.0109682 -0.0107105
58 0.0129189 0.0367718 5.95713 0 0 0
time 15
0 7.96718 5.13272 -3.24532 0.000934124 0 -0.959925
1 6.02794 0 0 -0.73292 1.03253 -0.383317
2 11.7344 0 0 -0.00140291 0 -1.64616
3 8.81138 -0.000449181 -0.000112534 0.0937061 0 0.00015686
4 5.77839 0.000286102 0 0.062783 0 0.000105517
5 2.23163 -0.000329018 -0.00036478 0.0309232 0 0
6 11.4725 0 0 -0.427148 -0.521052 0.862002
7 0.615217 -0.993091 -0.8107 2.86877 0.397357 -0.310175
8 2.24752 0 0 0.0715792 0.114086 -0.295503
9 1.11936 0 0 0.000850034 0.0785901 -1.14183
10 3.71348 -0.102641 0.102191 1.44717 0.805255 0.453677
11 1.72615 0 0 0.00043572 0.152128 -1.5215
12 1.21113 0 0 -0.0030376 0.0173727 -0.770565
13 3.59919 -1.06012 0.0708883 1.5386 0.23991 0.0797228
14 1.66069 0 0 0.0103178 0.0561241 -0.0408303
15 1.167 0 0 -0.00595468 0.0036155 -0.0873128
16 2.18852 0.501039 0.0576594 1.55893 0.123347 0.226068
17 1.29609 0 0 -0.203075 0.0749012 -0.697922
18 1.62202 0.000713348 -0.000471115 0.0360743 -0.00491089 -1.60563
19 1.22241 0 0 0.00725902 -0.00270841 -0.703281
20 1.76707 1.27612 0.0366416 1.52736 0.172031 0.124018
21 1.55588 0 0 -0.298752 0.180158 -0.613945
22 1.24273 0 0 -0.00052364 -0.00029221 -1.18846
23 0.784523 0 0 0.00666359 0.00160566 -0.545401
24 -2.83583 -0.518291 -10.3275 -0.000932693 0 -2.0944
25 6.02794 0 0 0.974694 0.378436 0.664811
26 11.7344 0 0 0.00140274 0 1.0357
27 8.81167 0 0 1.6702 0 0
28 5.77884 0 0 1.11903 0 0
29 2.23249 0 0 0.551165 0 0
30 11.4725 0 0 1.66391 0.150114 -0.373766
31 0.615814 0.994374 -0.809165 -2.63861 0.320774 0.54253
32 2.24752 0 0 -0.0904889 -0.0048244 -0.174327
33 1.11936 0 0 -0.0962997 0.184828 -0.0563787
34 3.71349 0.10264 0.102192 -1.56498 0.448448 -0.0827393
35 1.72615 0 0 -0.00477818 -0.0222554 0.370598
36 1.21112 0 0 -0.000666436 0.0173462 0.581971
37 3.5992 1.06012 0.0708895 -1.57025 0.265767 -0.00183036
38 1.66069 0 0 -0.00353996 0.0738258 0.179295
39 1.16699 0 0 0.0324763 0.0246662 0.497281
40 2.18853 -0.50104 0.0576591 -1.57446 0.127084 -0.170525
41 1.29609 0 0 -0.0108459 -0.0394574 0.450516
42 1.62202 -0.000713348 -0.000469208 0.00209921 -0.0335026 0.383786
43 1.22241 0 0 -0.0100706 -0.00659554 0.636738
44 1.76707 -1.27612 0.0366402 -1.57446 0.223752 -0.203059
45 1.55587 0 0 0.0235301 0.0142953 0.673536
46 1.24273 0 0 0.000540973 0.000258435 0.234169
47 0.784531 0 0 -0.0122568 -0.00381672 0.087931
48 0 0 0 0 0 0
49 4.97976 -17.3218 -7.69928 0.01275 0.00684858 -0.014524
50 0 -1.70357 0.0050807 0 0 0
51 -0.00196028 3.96104 2.21118 0 0 0
52 0.641596 -0.666147 0.75166 0 0 0
53 0.786658 -3.45621 1.13628 0 0.198355 0
54 -0.70623 -4.69238 1.98618 -3.14159 -0.0872664 -3.14159
55 0.0133295 1.02904 3.61174 0 0 0
56 0.0133295 -1.24399 2.23877 0 0 0
57 4.86844 -22.4628 -12.8781 0.0124832 0.00712174 -0.0144781
58 0.0129194 0.0367718 5.95713 0 0 0
time 16
0 7.96718 5.13272 -3.24532 0.000934124 0 -0.959925
1 6.02794 0 0 -0.736383 1.03111 -0.384603
2 11.7344 0 0 -0.00140282 0 -1.65482
3 8.81138 -0.000449181 -0.000112057 0.101185 0 0.000157104
4 5.77839 0.000287056 0 0.0677942 0 0.000105738
5 2.23163 -0.000328064 -0.00036478 0.0333912 0 0
6 11.4725 0 0 -0.423363 -0.511387 0.877827
7 0.615219 -0.993092 -0.8107 2.86877 0.397357 -0.310175
8 2.24752 0 0 0.0715791 0.114086 -0.295502
9 1.11936 0 0 0.000850072 0.0785901 -1.14183
10 3.71348 -0.102641 0.102191 1.44717 0.805255 0.453677
11 1.72615 0 0 0.000435645 0.152128 -1.5215
12 1.21114 0 0 -0.00303762 0.0173726 -0.770565
13 3.59919 -1.06012 0.0708888 1.5386 0.23991 0.0797227
14 1.66069 0 0 0.0103178 0.0561241 -0.0408303
15 1.167 0 0 -0.00595464 0.00361557 -0.0873128
16 2.18853 0.501039 0.0576591 1.55893 0.123347 0.226068
17 1.29609 0 0 -0.203075 0.0749011 -0.697922
18 1.62202 0.000713348 -0.000471115 0.0360742 -0.00491094 -1.60563
19 1.22241 0 0 0.00725899 -0.00270842 -0.703281
20 1.76707 1.27612 0.0366409 1.52736 0.172031 0.124018
21 1.55588 0 0 -0.298752 0.180158 -0.613945
22 1.24274 0 0 -0.000523689 -0.000292243 -1.18846
23 0.784523 0 0 0.00666352 0.00160558 -0.545401
24 -2.83583 -0.518291 -10.3275 -0.000932693 0 -2.0944
25 6.02794 0 0 0.960209 0.444356 0.642397
26 11.7344 0 0 0.00140271 0 1.13385
27 8.81167 0 0 1.53262 0 0
28 5.77884 0 0 1.02685 0 0
29 2.23249 0 0 0.505764 0 0
30 11.4725 0 0 1.53533 0.0735345 -0.38837
31 0.615812 0.994371 -0.809166 -2.59931 0.302417 0.563702
32 2.24752 0 0 -0.0901052 -0.00419749 -0.156308
33 1.11936 0 0 -0.105385 0.17984 -0.106479
34 3.71349 0.102639 0.102192 -1.56658 0.403257 -0.0857458
35 1.72615 0 0 -0.00291337 -0.0232247 0.295123
36 1.21112 0 0 -0.00204957 0.017179 0.511518
37 3.5992 1.06012 0.0708885 -1.56582 0.255481 0.0113765
38 1.66069 0 0 -0.00647454 0.0738322 0.142006
39 1.16699 0 0 0.0295014 0.0283944 0.412416
40 2.18853 -0.501041 0.0576591 -1.57441 0.102484 -0.174417
41 1.29609 0 0 -0.00859125 -0.0378054 0.411441
42 1.62202 -0.000715256 -0.000469685 0.00537258 -0.0337722 0.301832
43 1.2224 0 0 -0.00963134 -0.00939915 0.517079
44 1.76707 -1.27612 0.0366402 -1.5747 0.19068 -0.207396
45 1.55588 0 0 0.0209942 0.0145718 0.60551
46 1.24273 0 0 0.000519513 0.000298993 0.15769
47 0.784532 0 0 -0.0129425 -0.00377925 0.0481508
48 0 0 0 0 0 0
49 4.96832 -17.2904 -7.62306 0.0219793 0.00290416 -0.0187831
50 0 -1.70357 0.00508022 0 0 0
51 -0.00196028 3.96104 2.21118 0 0 0
52 0.641596 -0.666147 0.75166 0 0 0
53 0.786658 -3.45621 1.13628 0 0.198355 0
54 -0.706229 -4.69238 1.98618 -3.14159 -0.0872664 3.14159
55 0.0133305 1.02904 3.61174 0 0 0
56 0.01333 -1.24399 2.23877 0 0 0
57 4.85629 -22.3833 -12.8493 0.0217123 0.00317688 -0.0187347
58 0.0129199 0.0367737 5.95712 0 0 0
time 17
0 7.96718 5.13272 -3.24532 0.000934124 0 -0.959925
1 6.02794 0 0 -0.738818 1.03017 -0.385092
2 11.7344 0 0 -0.00140269 0 -1.66407
3 8.81138 -0.000450134 -0.000112057 0.107776 0 0.000157119
4 5.77839 0.000287056 0 0.07221 0 0.000105756
5 2.23163 -0.000329018 -0.00036478 0.0355661 0 0
6 11.4725 0 0 -0.419106 -0.502635 0.891507
7 0.615219 -0.993091 -0.810699 2.86877 0.397357 -0.310175
8 2.24752 0 0 0.0715791 0.114087 -0.295502
9 1.11936 0 0 0.000850139 0.07859 -1.14183
10 3.71348 -0.102641 0.102191 1.44717 0.805255 0.453677
11 1.72615 0 0 0.00043563 0.152128 -1.5215
12 1.21113 0 0 -0.00303758 0.0173728 -0.770565
13 3.59919 -1.06012 0.070888 1.5386 0.23991 0.0797227
14 1.66069 0 0 0.0103178 0.056124 -0.0408304
15 1.167 0 0 -0.00595465 0.00361553 -0.0873128
16 2.18852 0.50104 0.0576596 1.55893 0.123348 0.226068
17 1.29609 0 0 -0.203075 0.0749011 -0.697922
18 1.62202 0.000711441 -0.000471115 0.0360743 -0.00491086 -1.60563
19 1.22241 0 0 0.00725898 -0.00270839 -0.703281
20 1.76707 1.27612 0.0366411 1.52736 0.172031 0.124018
21 1.55588 0 0 -0.298752 0.180158 -0.613945
22 1.24274 0 0 -0.000523697 -0.000292231 -1.18846
23 0.784524 0 0 0.00666364 0.00160561 -0.545402
24 -2.83583 -0.518291 -10.3275 -0.000932693 0 -2.0944
25 6.02794 0 0 0.943213 0.50753 0.621008
26 11.7344 0 0 0.00140267 0 1.22536
27 8.81167 0 0 1.38335 0 0
28 5.77884 0 0 0.926847 0 0
29 2.23249 0 0 0.456507 0 0
30 11.4725 0 0 1.3976 -0.00563782 -0.395567
31 0.615812 0.994372 -0.809164 -2.55798 0.282915 0.5858
32 2.24752 0 0 -0.0896639 -0.00355577 -0.137396
33 1.11935 0 0 -0.113924 0.174582 -0.154934
34 3.71349 0.102639 0.102192 -1.56781 0.354606 -0.0885724
35 1.72615 0 0 -0.00108641 -0.0240614 0.221474
36 1.21112 0 0 -0.00347385 0.0169115 0.43881
37 3.5992 1.06012 0.0708885 -1.56178 0.242867 0.0244823
38 1.66069 0 0 -0.00929421 0.0737563 0.106127
39 1.16699 0 0 0.0262435 0.0319504 0.326752
40 2.18853 -0.501041 0.0576591 -1.57415 0.0762426 -0.178512
41 1.29609 0 0 -0.00618212 -0.0359668 0.370303
42 1.62202 -0.000713348 -0.000470161 0.00855462 -0.0338245 0.221317
43 1.22241 0 0 -0.00895094 -0.0120671 0.395711
44 1.76707 -1.27612 0.0366402 -1.57464 0.155399 -0.211896
45 1.55588 0 0 0.0181634 0.0147589 0.53349
46 1.24273 0 0 0.000496172 0.000336544 0.0838472
47 0.78453 0 0 -0.0136244 -0.00367461 0.0104767
48 0 0 0 0 0 0
49 4.95679 -17.248 -7.54426 0.0292102 -0.000720211 -0.0235183
50 0 -1.70357 0.0050807 0 0 0
51 -0.0019598 3.96104 2.21118 0 0 0
52 0.641596 -0.666149 0.75166 0 0 0
53 0.786658 -3.45621 1.13628 0 0.198355 0
54 -0.70623 -4.69238 1.98618 3.14159 -0.0872663 -3.14159
55 0.0133295 1.02904 3.61174 0 0 0
56 0.0133295 -1.24399 2.23877 0 0 0
57 4.8405 -22.3028 -12.8072 0.0289431 -0.00044785 -0.0234679
58 0.0129194 0.0367718 5.95713 0 0 0
time 18
0 7.96718 5.13272 -3.24532 0.000934124 0 -0.959925
1 6.02794 0 0 -0.739427 1.0301 -0.384191
2 11.7344 0 0 -0.00140287 0 -1.67391
3 8.81138 -0.000449181 -0.000112057 0.112899 0 0.000157639
4 5.77839 0.000285149 0 0.0756424 0 0.000106186
5 2.23163 -0.000329018 -0.00036335 0.0372568 0 0
6 11.4725 0 0 -0.414675 -0.495453 0.901667
7 0.615219 -0.993091 -0.8107 2.86877 0.397357 -0.310175
8 2.24752 0 0 0.0715792 0.114086 -0.295502
9 1.11936 0 0 0.000850049 0.07859 -1.14183
10 3.71348 -0.102641 0.102191 1.44717 0.805255 0.453677
11 1.72615 0 0 0.000435615 0.152128 -1.5215
12 1.21114 0 0 -0.00303757 0.0173727 -0.770565
13 3.59919 -1.06012 0.0708878 1.5386 0.23991 0.0797227
14 1.66069 0 0 0.0103178 0.0561241 -0.0408304
15 1.167 0 0 -0.00595466 0.00361555 -0.0873128
16 2.18853 0.50104 0.0576589 1.55893 0.123347 0.226068
17 1.29609 0 0 -0.203075 0.0749011 -0.697923
18 1.62202 0.000713348 -0.000470161 0.0360744 -0.00491078 -1.60563
19 1.22241 0 0 0.00725894 -0.00270847 -0.703281
20 1.76707 1.27612 0.0366414 1.52736 0.172031 0.124017
21 1.55588 0 0 -0.298752 0.180158 -0.613945
22 1.24274 0 0 -0.00052354 -0.00029225 -1.18846
23 0.784525 0 0 0.00666351 0.00160564 -0.545401
24 -2.83583 -0.518291 -10.3275 -0.000932693 0 -2.0944
25 6.02794 0 0 0.924617 0.565361 0.601059
26 11.7344 0 0 0.00140267 0 1.30747
27 8.81167 0 0 1.22943 0 0
28 5.77884 0 0 0.823719 0 0
29 2.23249 0 0 0.405712 0 0
30 11.4725 0 0 1.25616 -0.0832404 -0.394251
31 0.615814 0.994372 -0.809166 -2.51608 0.262986 0.608004
32 2.24752 0 0 -0.0891769 -0.00293167 -0.118324
33 1.11936 0 0 -0.121372 0.169499 -0.198477
34 3.71349 0.102639 0.10219 -1.56857 0.303962 -0.0910578
35 1.72615 0 0 0.000561759 -0.0247521 0.15445
36 1.21112 0 0 -0.00487062 0.0165526 0.367103
37 3.5992 1.06012 0.0708885 -1.55846 0.227808 0.0367273
38 1.66069 0 0 -0.0118008 0.0736326 0.0741813
39 1.16699 0 0 0.0229027 0.0351567 0.24481
40 2.18853 -0.50104 0.0576591 -1.57365 0.0492375 -0.182672
41 1.29609 0 0 -0.00370458 -0.0339947 0.328658
42 1.62202 -0.000715256 -0.000469685 0.0114333 -0.0337145 0.14728
43 1.2224 0 0 -0.00811612 -0.0144455 0.278818
44 1.76707 -1.27612 0.0366421 -1.57424 0.119087 -0.216409
45 1.55588 0 0 0.0151268 0.0148272 0.460061
46 1.24273 0 0 0.000472883 0.000368505 0.0177428
47 0.784531 0 0 -0.0142768 -0.00347854 -0.0222112
48 0 0 0 0 0 0
49 4.94589 -17.191 -7.46698 0.0334402 -0.00360604 -0.0287171
50 0 -1.70357 0.0050807 0 0 0
51 -0.00196028 3.96104 2.21118 0 0 0
52 0.641596 -0.666149 0.75166 0 0 0
53 0.786658 -3.45621 1.13628 0 0.198355 0
54 -0.70623 -4.69238 1.98618 -3.14159 -0.0872663 -3.14159
55 0.01333 1.02904 3.61174 0 0 0
56 0.0133295 -1.24399 2.23877 0 0 0
57 4.81922 -22.2233 -12.7512 0.0331729 -0.0033339 -0.0286656
58 0.0129194 0.0367718 5.95712 0 0 0
time 19
0 7.96718 5.13272 -3.24532 0.000934124 0 -0.959925
1 6.02794 0 0 -0.737393 1.0313 -0.381292
2 11.7344 0 0 -0.00140277 0 -1.68428
3 8.81138 -0.000450134 -0.00011158 0.116024 0 0.000157491
4 5.77839 0.000286102 0 0.077736 0 0.000106043
5 2.23163 -0.000329971 -0.00036335 0.0382878 0 0
6 11.4725 0 0 -0.410384 -0.490486 0.906908
7 0.615219 -0.993091 -0.8107 2.86877 0.397357 -0.310175
8 2.24752 0 0 0.0715793 0.114086 -0.295502
9 1.11936 0 0 0.000850004 0.0785902 -1.14183
10 3.71348 -0.102641 0.102191 1.44717 0.805255 0.453677
11 1.72615 0 0 0.000435645 0.152128 -1.5215
12 1.21114 0 0 -0.00303759 0.0173728 -0.770564
13 3.59919 -1.06012 0.070888 1.5386 0.23991 0.0797228
14 1.66068 0 0 0.0103178 0.0561241 -0.0408304
15 1.167 0 0 -0.00595462 0.00361542 -0.0873129
16 2.18852 0.501039 0.0576591 1.55893 0.123347 0.226068
17 1.29609 0 0 -0.203074 0.074901 -0.697922
18 1.62202 0.000715256 -0.000472069 0.0360742 -0.00491087 -1.60563
19 1.22241 0 0 0.00725898 -0.00270849 -0.703282
20 1.76707 1.27612 0.0366406 1.52736 0.172031 0.124018
21 1.55588 0 0 -0.298752 0.180158 -0.613946
22 1.24274 0 0 -0.000523681 -0.000292255 -1.18846
23 0.784523 0 0 0.00666352 0.00160558 -0.545401
24 -2.83583 -0.518291 -10.3275 -0.000932693 0 -2.0944
25 6.02794 0 0 0.905794 0.615414 0.582966
26 11.7344 0 0 0.00140277 0 1.37814
27 8.81167 0 0 1.07893 0 0
28 5.77884 0 0 0.722881 0 0
29 2.23249 0 0 0.356046 0 0
30 11.4725 0 0 1.11717 -0.154799 -0.383894
31 0.615812 0.994372 -0.809166 -2.47497 0.243373 0.629535
32 2.24752 0 0 -0.0886615 -0.00235616 -0.0998291
33 1.11936 0 0 -0.127254 0.165119 -0.233861
34 3.71349 0.102639 0.10219 -1.56883 0.252794 -0.0930536
35 1.72615 0 0 0.00189049 -0.0253185 0.0988488
36 1.21112 0 0 -0.00617434 0.0161285 0.299652
37 3.5992 1.06012 0.0708885 -1.55614 0.210202 0.0473683
38 1.66069 0 0 -0.0138011 0.0735183 0.0486959
39 1.16699 0 0 0.019721 0.037895 0.171114
40 2.18853 -0.501041 0.0576591 -1.57294 0.0223474 -0.186771
41 1.29609 0 0 -0.00124727 -0.0319543 0.288058
42 1.62201 -0.000715256 -0.000470638 0.013817 -0.0335508 0.0847616
43 1.22241 0 0 -0.00726319 -0.0164341 0.172589
44 1.76707 -1.27612 0.0366383 -1.57353 0.0829292 -0.220804
45 1.55588 0 0 0.0119926 0.0147635 0.387805
46 1.24273 0 0 0.000452498 0.000393226 -0.0355215
47 0.784531 0 0 -0.0148801 -0.00316564 -0.0470323
48 0 0 0 0 0 0
49 4.93634 -17.1161 -7.39534 0.033667 -0.00533484 -0.0343669
50 0 -1.70357 0.00508118 0 0 0
51 -0.00195932 3.96104 2.21118 0 0 0
52 0.641596 -0.666145 0.75166 0 0 0
53 0.786658 -3.45621 1.13628 0 0.198355 0
54 -0.706229 -4.69238 1.98618 -3.14159 -0.0872664 -3.14159
55 0.0133305 1.02904 3.61174 0 0 0
56 0.0133305 -1.24399 2.23877 0 0 0
57 4.79042 -22.1467 -12.6807 0.0333996 -0.0050627 -0.0343153
58 0.0129189 0.036768 5.95713 0 0 0
time 20
0 7.96718 5.13272 -3.24532 0.000934124 0 -0.959925
1 6.02794 0 0 -0.731772 1.03418 -0.375657
2 11.7344 0 0 -0.00140286 0 -1.69528
3 8.81138 -0.000449181 -0.00011301 0.11668 0 0.000157036
4 5.77839 0.000286102 0 0.0781757 0 0.00010579
5 2.23164 -0.000329018 -0.000364304 0.0385045 0 0
6 11.4725 0 0 -0.406537 -0.488385 0.90587
7 0.61522 -0.993091 -0.810699 2.86877 0.397357 -0.310175
8 2.24752 0 0 0.0715793 0.114086 -0.295502
9 1.11936 0 0 0.000850075 0.0785901 -1.14183
10 3.71348 -0.102641 0.102191 1.44717 0.805255 0.453677
11 1.72615 0 0 0.000435592 0.152128 -1.5215
12 1.21114 0 0 -0.00303758 0.0173727 -0.770564
13 3.59919 -1.06012 0.070888 1.5386 0.23991 0.0797226
14 1.66069 0 0 0.0103178 0.0561241 -0.0408303
15 1.16699 0 0 -0.00595462 0.00361548 -0.0873128
16 2.18853 0.501039 0.0576591 1.55893 0.123348 0.226068
17 1.29609 0 0 -0.203075 0.0749011 -0.697922
18 1.62202 0.000713348 -0.000470161 0.0360743 -0.00491085 -1.60563
19 1.22241 0 0 0.00725898 -0.00270839 -0.703282
20 1.76707 1.27612 0.0366411 1.52736 0.172031 0.124018
21 1.55588 0 0 -0.298752 0.180158 -0.613945
22 1.24273 0 0 -0.000523697 -0.000292338 -1.18846
23 0.784522 0 0 0.00666355 0.00160571 -0.545401
24 -2.83583 -0.518291 -10.3275 -0.000932693 0 -2.0944
25 6.02794 0 0 0.888614 0.655262 0.567295
26 11.7344 0 0 0.00140281 0 1.43572
27 8.81167 0 0 0.940884 0 0
28 5.77884 0 0 0.630392 0 0
29 2.23249 0 0 0.310492 0 0
30 11.4725 0 0 0.987713 -0.215616 -0.364789
31 0.615811 0.994371 -0.809167 -2.43596 0.224828 0.649644
32 2.24752 0 0 -0.0881397 -0.00186058 -0.0826442
33 1.11936 0 0 -0.131144 0.162016 -0.257856
34 3.71349 0.102638 0.10219 -1.5686 0.202568 -0.0944145
35 1.72615 0 0 0.0027661 -0.0258043 0.0594682
36 1.21112 0 0 -0.00732473 0.0156785 0.239712
37 3.5992 1.06012 0.0708876 -1.55503 0.189951 0.0556784
38 1.66069 0 0 -0.0151053 0.0734819 0.0321946
39 1.16699 0 0 0.0169615 0.0401034 0.110191
40 2.18853 -0.50104 0.0576591 -1.57204 -0.0035476 -0.190686
41 1.29609 0 0 0.00110035 -0.0299223 0.250054
42 1.62201 -0.000711441 -0.000470161 0.0155366 -0.033477 0.0387994
43 1.22241 0 0 -0.00655513 -0.0179882 0.0832118
44 1.76707 -1.27612 0.0366383 -1.57254 0.0481071 -0.22496
45 1.55587 0 0 0.00888493 0.0145739 0.319307
46 1.24273 0 0 0.000438357 0.000408896 -0.0708439
47 0.784531 0 0 -0.0154165 -0.00271037 -0.0611064
48 0 0 0 0 0 0
49 4.92887 -17.0197 -7.33345 0.0288881 -0.00548809 -0.0404552
50 0 -1.70356 0.0050807 0 0 0
51 -0.0019598 3.96104 2.21118 0 0 0
52 0.641596 -0.666147 0.75166 0 0 0
53 0.786659 -3.45621 1.13628 0 0.198355 0
54 -0.70623 -4.69238 1.98618 3.14159 -0.0872663 3.14159
55 0.01333 1.02904 3.61174 0 0 0
56 0.01333 -1.24399 2.23877 0 0 0
57 4.75198 -22.0745 -12.5947 0.0286207 -0.00521571 -0.0404049
58 0.0129199 0.0367718 5.95712 0 0 0
time 21
0 7.96718 5.13272 -3.24532 0.000934124 0 -0.959925
1 6.02794 0 0 -0.721654 1.03906 -0.366619
2 11.7344 0 0 -0.00140283 0 -1.70674
3 8.81138 -0.000450134 -0.00011158 0.114291 0 0.000157445
4 5.77839 0.000286102 0 0.0765752 0 0.00010604
5 2.23164 -0.000329018 -0.00036335 0.0377162 0 0
6 11.4725 0 0 -0.40341 -0.489843 0.897071
7 0.615219 -0.993092 -0.8107 2.86877 0.397357 -0.310175
8 2.24752 0 0 0.0715792 0.114087 -0.295502
9 1.11936 0 0 0.00085012 0.0785899 -1.14183
10 3.71348 -0.102641 0.10219 1.44717 0.805255 0.453677
11 1.72615 0 0 0.0004356 0.152128 -1.5215
12 1.21114 0 0 -0.00303754 0.0173727 -0.770565
13 3.59919 -1.06012 0.070888 1.5386 0.23991 0.0797227
14 1.66069 0 0 0.0103178 0.056124 -0.0408302
15 1.167 0 0 -0.00595462 0.00361561 -0.0873129
16 2.18852 0.50104 0.0576587 1.55893 0.123347 0.226068
17 1.29609 0 0 -0.203075 0.0749011 -0.697923
18 1.62202 0.000713348 -0.000471115 0.0360742 -0.00491095 -1.60563
19 1.22241 0 0 0.00725895 -0.0027084 -0.703282
20 1.76707 1.27612 0.0366402 1.52736 0.172031 0.124018
21 1.55588 0 0 -0.298752 0.180158 -0.613945
22 1.24274 0 0 -0.000523581 -0.000292296 -1.18846
23 0.784523 0 0 0.00666344 0.00160556 -0.545401
24 -2.83583 -0.518291 -10.3275 -0.000932693 0 -2.0944
25 6.02794 0 0 0.875429 0.682322 0.554921
26 11.7344 0 0 0.00140261 0 1.47864
27 8.81167 0 0 0.825159 0 0
28 5.77884 0 0 0.552856 0 0
29 2.23249 0 0 0.272302 0 0
30 11.4725 0 0 0.875978 -0.260957 -0.338252
31 0.615813 0.994372 -0.809166 -2.40028 0.20812 0.667603
32 2.24752 0 0 -0.0876381 -0.00147579 -0.0675049
33 1.11936 0 0 -0.132628 0.160752 -0.267232
34 3.71349 0.102639 0.102192 -1.56792 0.154751 -0.0949897
35 1.72615 0 0 0.00305962 -0.0262567 0.0411064
36 1.21112 0 0 -0.00826818 0.0152533 0.190536
37 3.5992 1.06012 0.0708885 -1.55527 0.166957 0.0609505
38 1.66069 0 0 -0.0155253 0.073589 0.0272023
39 1.16699 0 0 0.0148931 0.0417568 0.0665712
40 2.18853 -0.501041 0.0576582 -1.57103 -0.0275662 -0.194295
41 1.29609 0 0 0.00324847 -0.0279859 0.216198
42 1.62202 -0.000715256 -0.000469208 0.0164363 -0.0336421 0.0144319
43 1.22241 0 0 -0.00616117 -0.0191071 0.0168764
44 1.76707 -1.27612 0.0366402 -1.57137 0.0158065 -0.228761
45 1.55588 0 0 0.00594028 0.0142838 0.257149
46 1.24273 0 0 0.000433344 0.000414175 -0.0831229
47 0.784533 0 0 -0.0158663 -0.00208836 -0.0615531
48 0 0 0 0 0 0
49 4.92419 -16.8983 -7.2854 0.0181011 -0.00364733 -0.0469694
50 0 -1.70357 0.00508118 0 0 0
51 -0.00195932 3.96104 2.21118 0 0 0
52 0.641596 -0.666145 0.75166 0 0 0
53 0.786659 -3.4562 1.13628 0 0.198355 0
54 -0.706229 -4.69238 1.98618 3.14159 -0.0872664 -3.14159
55 0.0133305 1.02904 3.61174 0 0 0
56 0.0133305 -1.24399 2.23877 0 0 0
57 4.70186 -22.0079 -12.4918 0.0178339 -0.00337442 -0.0469221
58 0.0129189 0.0367718 5.95713 0 0 0
time 22
0 7.96718 5.13272 -3.24532 0.000934124 0 -0.959925
1 6.02794 0 0 -0.705411 1.04642 -0.353052
2 11.7344 0 0 -0.00140299 0 -1.71927
3 8.81138 -0.000449181 -0.000111103 0.107643 0 0.000157197
4 5.77839 0.000287056 0 0.0721207 0 0.000105824
5 2.23163 -0.000329018 -0.000364304 0.0355221 0 0
6 11.4725 0 0 -0.401244 -0.495466 0.878482
7 0.615219 -0.993091 -0.8107 2.86877 0.397357 -0.310175
8 2.24752 0 0 0.0715791 0.114087 -0.295502
9 1.11936 0 0 0.000850057 0.07859 -1.14183
10 3.71348 -0.102641 0.102191 1.44717 0.805255 0.453677
11 1.72615 0 0 0.000435562 0.152128 -1.5215
12 1.21114 0 0 -0.00303765 0.0173727 -0.770565
13 3.59919 -1.06012 0.070888 1.5386 0.23991 0.0797226
14 1.66069 0 0 0.0103178 0.0561241 -0.0408304
15 1.167 0 0 -0.00595463 0.00361551 -0.0873128
16 2.18852 0.50104 0.0576591 1.55893 0.123347 0.226068
17 1.29609 0 0 -0.203075 0.074901 -0.697922
18 1.62202 0.000715256 -0.000472069 0.0360743 -0.00491093 -1.60563
19 1.22241 0 0 0.00725903 -0.00270853 -0.703282
20 1.76707 1.27612 0.0366406 1.52736 0.172031 0.124017
21 1.55588 0 0 -0.298752 0.180158 -0.613945
22 1.24274 0 0 -0.000523681 -0.000292255 -1.18846
23 0.784524 0 0 0.00666344 0.00160556 -0.545401
24 -2.83583 -0.518291 -10.3275 -0.000932693 0 -2.0944
25 6.02794 0 0 0.866034 0.698904 0.544355
26 11.7344 0 0 0.00140273 0 1.51264
27 8.81167 0 0 0.721655 0 0
28 5.77884 0 0 0.483509 0 0
29 2.23249 0 0 0.238146 0 0
30 11.4725 0 0 0.771282 -0.293301 -0.301553
31 0.615814 0.994371 -0.809165 -2.36912 0.194018 0.682695
32 2.24752 0 0 -0.0871861 -0.0012315 -0.0551453
33 1.11936 0 0 -0.131232 0.161817 -0.258741
34 3.71349 0.102638 0.102192 -1.56686 0.110808 -0.0946164
35 1.72615 0 0 0.00264469 -0.0266999 0.0485621
36 1.21112 0 0 -0.00895609 0.0149082 0.15538
37 3.5992 1.06012 0.0708885 -1.55687 0.14112 0.0624928
38 1.66069 0 0 -0.0148692 0.0738832 0.0362444
39 1.16699 0 0 0.0137731 0.0428384 0.0447843
40 2.18853 -0.501041 0.0576582 -1.56999 -0.0488275 -0.197478
41 1.29609 0 0 0.00510876 -0.0262408 0.188039
42 1.62202 -0.000713348 -0.000470161 0.0163557 -0.0341666 0.0166986
43 1.2224 0 0 -0.00623881 -0.0198067 -0.0202269
44 1.76707 -1.27612 0.0366411 -1.57013 -0.012787 -0.232093
45 1.55588 0 0 0.00330124 0.0139372 0.203914
46 1.24273 0 0 0.000439863 0.000407304 -0.0672567
47 0.784533 0 0 -0.0162021 -0.00127676 -0.045492
48 0 0 0 0 0 0
49 4.92009 -16.7379 -7.2496 -0.000387445 0.00103072 -0.0546897
50 0 -1.70357 0.0050807 0 0 0
51 -0.00196075 3.96104 2.21118 0 0 0
52 0.641596 -0.666145 0.75166 0 0 0
53 0.786658 -3.4562 1.13628 0 0.198355 0
54 -0.70623 -4.69238 1.98618 -3.14159 -0.0872664 3.14159
55 0.013329 1.02904 3.61174 0 0 0
56 0.0133295 -1.24399 2.23877 0 0 0
57 4.62887 -21.9394 -12.3606 -0.000654469 0.00130446 -0.0546475
58 0.0129199 0.0367718 5.95713 0 0 0
time 23
0 7.96718 5.13272 -3.24532 0.000934124 0 -0.959925
1 6.02794 0 0 -0.682622 1.05608 -0.334534
2 11.7344 0 0 -0.00140283 0 -1.73366
3 8.81138 -0.000449181 -0.000112057 0.0970452 0 0.000157473
4 5.77839 0.000286102 0 0.0650204 0 0.000105836
5 2.23164 -0.000328064 -0.000363827 0.0320249 0 0
6 11.4725 0 0 -0.399775 -0.504857 0.85124
7 0.615219 -0.993091 -0.8107 2.86877 0.397357 -0.310175
8 2.24752 0 0 0.0715793 0.114086 -0.295502
9 1.11936 0 0 0.000850049 0.07859 -1.14183
10 3.71348 -0.102642 0.102191 1.44717 0.805255 0.453677
11 1.72615 0 0 0.000435668 0.152128 -1.5215
12 1.21114 0 0 -0.00303753 0.0173727 -0.770564
13 3.59919 -1.06012 0.0708885 1.5386 0.23991 0.0797227
14 1.66069 0 0 0.0103178 0.056124 -0.0408303
15 1.167 0 0 -0.00595465 0.00361551 -0.0873129
16 2.18852 0.50104 0.0576587 1.55893 0.123347 0.226068
17 1.29609 0 0 -0.203075 0.0749011 -0.697922
18 1.62202 0.000713348 -0.000470161 0.0360743 -0.00491087 -1.60563
19 1.22241 0 0 0.00725894 -0.00270847 -0.703281
20 1.76707 1.27612 0.0366406 1.52736 0.172032 0.124018
21 1.55588 0 0 -0.298752 0.180158 -0.613945
22 1.24274 0 0 -0.000523475 -0.000292134 -1.18846
23 0.784524 0 0 0.00666333 0.0016055 -0.545401
24 -2.83583 -0.518291 -10.3275 -0.000932693 0 -2.0944
25 6.02794 0 0 0.858827 0.709435 0.534098
26 11.7344 0 0 0.00140284 0 1.54364
27 8.81167 0 0 0.61682 0 0
28 5.77884 0 0 0.413269 0 0
29 2.23249 0 0 0.203551 0 0
30 11.4725 0 0 0.660221 -0.317297 -0.252839
31 0.615813 0.994373 -0.809165 -2.34366 0.183296 0.694206
32 2.24752 0 0 -0.0868146 -0.00115785 -0.0463007
33 1.11936 0 0 -0.126356 0.165551 -0.229096
34 3.71348 0.102638 0.102191 -1.56549 0.0722024 -0.0931183
35 1.72615 0 0 0.00139183 -0.027103 0.086634
36 1.21112 0 0 -0.00934189 0.0146961 0.137499
37 3.5992 1.06012 0.0708876 -1.55972 0.112329 0.0596249
38 1.66069 0 0 -0.0129363 0.0743599 0.0618477
39 1.16699 0 0 0.0138364 0.0432967 0.0493589
40 2.18853 -0.501041 0.0576601 -1.56903 -0.06645 -0.200111
41 1.29609 0 0 0.00659373 -0.0247865 0.167127
42 1.62202 -0.000713348 -0.000470161 0.0151042 -0.0350996 0.0506398
43 1.22241 0 0 -0.00692144 -0.0200807 -0.0219086
44 1.76707 -1.27612 0.0366411 -1.56896 -0.0364877 -0.234838
45 1.55588 0 0 0.00111195 0.0135905 0.162185
46 1.24273 0 0 0.000459279 0.000385362 -0.018143
47 0.784531 0 0 -0.0163823 -0.000256599 -0.0100422
48 0 0 0 0 0 0
49 4.91477 -16.5361 -7.22068 -0.0260623 0.00838932 -0.063966
50 0 -1.70356 0.00508118 0 0 0
51 -0.0019598 3.96104 2.21118 0 0 0
52 0.641596 -0.666146 0.75166 0 0 0
53 0.786658 -3.4562 1.13628 0 0.198355 0
54 -0.706229 -4.69238 1.98618 -3.14159 -0.0872663 3.14159
55 0.01333 1.02904 3.61174 0 0 0
56 0.01333 -1.24399 2.23877 0 0 0
57 4.53064 -21.8617 -12.1961 -0.026329 0.00866404 -0.0639308
58 0.0129194 0.0367718 5.95713 0 0 0
time 24
0 7.96718 5.13272 -3.24532 0.000934124 0 -0.959925
1 6.02794 0 0 -0.655195 1.0668 -0.312628
2 11.7344 0 0 -0.001403 0 -1.7485
3 8.81138 -0.000450134 -0.000112534 0.083576 0 0.000157591
4 5.77839 0.000286102 0 0.0559959 0 0.000105986
5 2.23163 -0.000329971 -0.000363827 0.02758 0 0
6 11.4725 0 0 -0.398436 -0.517221 0.817786
7 0.615219 -0.993092 -0.8107 2.86877 0.397357 -0.310175
8 2.24752 0 0 0.0715792 0.114086 -0.295502
9 1.11936 0 0 0.000849956 0.0785902 -1.14183
10 3.71348 -0.102641 0.102191 1.44717 0.805255 0.453677
11 1.72615 0 0 0.000435577 0.152128 -1.5215
12 1.21114 0 0 -0.00303751 0.0173727 -0.770565
13 3.59919 -1.06012 0.070888 1.5386 0.23991 0.0797226
14 1.66069 0 0 0.0103178 0.0561241 -0.0408304
15 1.167 0 0 -0.00595466 0.00361555 -0.0873125
16 2.18852 0.50104 0.0576587 1.55893 0.123347 0.226068
17 1.29609 0 0 -0.203075 0.0749011 -0.697922
18 1.62202 0.000713348 -0.000471592 0.0360744 -0.00491084 -1.60563
19 1.22241 0 0 0.007259 -0.00270854 -0.703282
20 1.76707 1.27612 0.0366406 1.52736 0.172031 0.124018
21 1.55588 0 0 -0.298752 0.180158 -0.613945
22 1.24274 0 0 -0.000523623 -0.000292181 -1.18846
23 0.784524 0 0 0.00666347 0.00160554 -0.545402
24 -2.83583 -0.518291 -10.3275 -0.000932693 0 -2.0944
25 6.02794 0 0 0.85386 0.714825 0.524715
26 11.7344 0 0 0.00140275 0 1.57169
27 8.81167 0 0 0.515164 0 0
28 5.77884 0 0 0.34516 0 0
29 2.23249 0 0 0.170004 0 0
30 11.4725 0 0 0.54831 -0.33222 -0.196836
31 0.615814 0.99437 -0.809165 -2.32505 0.176721 0.701415
32 2.24752 0 0 -0.0865542 -0.00128449 -0.0417053
33 1.11936 0 0 -0.117195 0.172022 -0.174943
34 3.71349 0.102638 0.102191 -1.56386 0.0403999 -0.0903078
35 1.72615 0 0 -0.000828709 -0.0273429 0.16012
36 1.21112 0 0 -0.00937575 0.0146614 0.140146
37 3.5992 1.06012 0.0708885 -1.56355 0.0804702 0.0516659
38 1.66069 0 0 -0.00951501 0.0749384 0.10654
39 1.16699 0 0 0.0152787 0.0429953 0.0848197
40 2.18853 -0.501041 0.0576591 -1.56826 -0.0795532 -0.202067
41 1.29609 0 0 0.0076171 -0.0237226 0.155009
42 1.62202 -0.000712395 -0.000469208 0.0124427 -0.036363 0.1213
43 1.22241 0 0 -0.00830592 -0.0198528 0.0180195
44 1.76707 -1.27612 0.0366402 -1.56801 -0.0541106 -0.236872
45 1.55587 0 0 -0.000486247 0.0133054 0.134542
46 1.24273 0 0 0.000491217 0.000343673 0.069319
47 0.784529 0 0 -0.0163429 0.00098368 0.0476762
48 0 0 0 0 0 0
49 4.90964 -16.3078 -7.19707 -0.0566126 0.017347 -0.0741403
50 0 -1.70357 0.00508118 0 0 0
51 -0.00196028 3.96104 2.21118 0 0 0
52 0.641596 -0.666143 0.75166 0 0 0
53 0.786658 -3.4562 1.13628 0 0.198355 0
54 -0.70623 -4.69238 1.98618 3.14159 -0.0872664 -3.14159
55 0.0133295 1.02904 3.61174 0 0 0
56 0.0133295 -1.24399 2.23877 0 0 0
57 4.41869 -21.7752 -12.0065 -0.0568792 0.0176226 -0.0741135
58 0.0129194 0.0367718 5.95713 0 0 0
time 25
0 7.96718 5.13272 -3.24532 0.000934124 0 -0.959925
1 6.02794 0 0 -0.624994 1.0776 -0.288733
2 11.7344 0 0 -0.00140276 0 -1.76293
3 8.81138 -0.000450134 -0.000112534 0.0685479 0 0.000157495
4 5.77839 0.000286102 0 0.0459271 0 0.000105773
5 2.23164 -0.000328064 -0.000364304 0.022621 0 0
6 11.4725 0 0 -0.396638 -0.531628 0.780798
7 0.61522 -0.993092 -0.8107 2.86877 0.397357 -0.310175
8 2.24752 0 0 0.0715791 0.114086 -0.295502
9 1.11936 0 0 0.000850001 0.0785902 -1.14183
10 3.71348 -0.102642 0.102191 1.44717 0.805255 0.453677
11 1.72615 0 0 0.000435675 0.152128 -1.5215
12 1.21114 0 0 -0.0030375 0.0173728 -0.770564
13 3.59919 -1.06012 0.070888 1.5386 0.23991 0.0797227
14 1.66069 0 0 0.0103178 0.0561241 -0.0408304
15 1.167 0 0 -0.00595461 0.00361551 -0.0873128
16 2.18852 0.50104 0.0576587 1.55893 0.123347 0.226068
17 1.29609 0 0 -0.203075 0.074901 -0.697923
18 1.62202 0.000713348 -0.000471592 0.0360743 -0.00491095 -1.60563
19 1.22241 0 0 0.00725892 -0.00270848 -0.703281
20 1.76707 1.27612 0.0366402 1.52736 0.172031 0.124018
21 1.55588 0 0 -0.298752 0.180158 -0.613945
22 1.24273 0 0 -0.000523746 -0.000292318 -1.18846
23 0.784524 0 0 0.00666354 0.00160553 -0.545401
24 -2.83583 -0.518291 -10.3275 -0.000932693 0 -2.0944
25 6.02794 0 0 0.8511 0.715938 0.516822
26 11.7344 0 0 0.00140256 0 1.59658
27 8.81167 0 0 0.42075 0 0
28 5.77884 0 0 0.281902 0 0
29 2.23249 0 0 0.138847 0 0
30 11.4725 0 0 0.441353 -0.338468 -0.138452
31 0.615813 0.994373 -0.809166 -2.3145 0.175055 0.703587
32 2.24752 0 0 -0.086432 -0.00164116 -0.042094
33 1.11936 0 0 -0.102691 0.180881 -0.0928379
34 3.71349 0.102638 0.10219 -1.562 0.0168655 -0.0859896
35 1.72615 0 0 -0.00412546 -0.0271579 0.273816
36 1.21112 0 0 -0.00899939 0.0148291 0.166576
37 3.5992 1.06012 0.0708876 -1.56791 0.0454293 0.0379213
38 1.66069 0 0 -0.00438837 0.0754242 0.172851
39 1.16699 0 0 0.0182252 0.0416589 0.155685
40 2.18853 -0.501041 0.0576582 -1.56778 -0.0872565 -0.203217
41 1.29609 0 0 0.0080936 -0.0231424 0.153236
42 1.62202 -0.000714302 -0.000471115 0.0080859 -0.0376777 0.233727
43 1.22241 0 0 -0.0104248 -0.0189276 0.105742
44 1.76707 -1.27612 0.0366402 -1.56741 -0.0644712 -0.238066
45 1.55587 0 0 -0.00135836 0.0131378 0.123568
46 1.24273 0 0 0.00053186 0.000276528 0.200232
47 0.784533 0 0 -0.0159896 0.00244155 0.130544
48 0 0 0 0 0 0
49 4.90609 -16.0676 -7.17721 -0.0897277 0.0268221 -0.0845547
50 0 -1.70357 0.00508022 0 0 0
51 -0.0019598 3.96104 2.21118 0 0 0
52 0.641595 -0.666146 0.75166 0 0 0
53 0.786658 -3.45621 1.13628 0 0.198355 0
54 -0.70623 -4.69238 1.98618 3.14159 -0.0872664 -3.14159
55 0.01333 1.02904 3.61174 0 0 0
56 0.01333 -1.24399 2.23877 0 0 0
57 4.30456 -21.6818 -11.8013 -0.0899943 0.0270985 -0.084537
58 0.0129189 0.0367699 5.95712 0 0 0
time 26
0 7.96718 5.13272 -3.24532 0.000934124 0 -0.959925
1 6.02794 0 0 -0.594097 1.08768 -0.264348
2 11.7344 0 0 -0.00140295 0 -1.77628
3 8.81138 -0.000449181 -0.000112534 0.0534521 0 0.000157275
4 5.77839 0.000287056 0 0.0358129 0 0.000105654
5 2.23163 -0.000329018 -0.000364304 0.0176392 0 0
6 11.4725 0 0 -0.393828 -0.546935 0.74299
7 0.615217 -0.993093 -0.8107 2.86877 0.397357 -0.310175
8 2.24752 0 0 0.0715792 0.114086 -0.295502
9 1.11936 0 0 0.00085009 0.07859 -1.14183
10 3.71348 -0.102641 0.10219 1.44717 0.805255 0.453677
11 1.72615 0 0 0.000435713 0.152128 -1.5215
12 1.21114 0 0 -0.00303751 0.0173727 -0.770565
13 3.59919 -1.06012 0.0708876 1.5386 0.23991 0.0797228
14 1.66069 0 0 0.0103178 0.0561241 -0.0408303
15 1.167 0 0 -0.00595464 0.00361553 -0.0873128
16 2.18852 0.501039 0.0576587 1.55893 0.123347 0.226068
17 1.29609 0 0 -0.203075 0.0749011 -0.697922
18 1.62202 0.000715256 -0.000471115 0.0360743 -0.00491092 -1.60563
19 1.22241 0 0 0.00725897 -0.00270853 -0.703281
20 1.76707 1.27612 0.0366406 1.52736 0.172031 0.124018
21 1.55588 0 0 -0.298752 0.180158 -0.613945
22 1.24274 0 0 -0.000523648 -0.000292251 -1.18846
23 0.784524 0 0 0.00666346 0.00160557 -0.545401
24 -2.83583 -0.518291 -10.3275 -0.000932693 0 -2.0944
25 6.02794 0 0 0.850291 0.71381 0.51084
26 11.7344 0 0 0.00140269 0 1.61819
27 8.81167 0 0 0.337074 0 0
28 5.77884 0 0 0.225839 0 0
29 2.23249 0 0 0.111234 0 0
30 11.4725 0 0 0.344822 -0.337669 -0.0824682
31 0.615813 0.994373 -0.809165 -2.31109 0.178774 0.70035
32 2.24752 0 0 -0.0864446 -0.002341 -0.0483784
33 1.11936 0 0 -0.0779716 0.192584 0.0393906
34 3.71349 0.102638 0.102191 -1.55949 -0.00194488 -0.0789956
35 1.72615 0 0 -0.00923749 -0.025898 0.458202
36 1.21112 0 0 -0.00804748 0.0152272 0.226282
37 3.5992 1.06012 0.0708885 -1.57272 -0.000622819 0.0145335
38 1.66069 0 0 0.00380094 0.0754254 0.278253
39 1.16699 0 0 0.0232819 0.0384144 0.282656
40 2.18853 -0.501041 0.0576587 -1.56758 -0.0902707 -0.203667
41 1.29609 0 0 0.00812678 -0.022973 0.159116
42 1.62202 -0.000713348 -0.000469208 0.00137378 -0.0385218 0.402502
43 1.22241 0 0 -0.0133264 -0.0169083 0.251674
44 1.76707 -1.27612 0.0366406 -1.56717 -0.0685252 -0.238533
45 1.55588 0 0 -0.00167118 0.0130636 0.122594
46 1.24273 0 0 0.000573839 0.000173255 0.386486
47 0.784532 0 0 -0.0152014 0.00416314 0.243873
48 0 0 0 0 0 0
49 4.9055 -15.83 -7.15951 -0.123097 0.0357333 -0.0945512
50 0 -1.70357 0.00508022 0 0 0
51 -0.00195932 3.96104 2.21118 0 0 0
52 0.641596 -0.666149 0.75166 0 0 0
53 0.786659 -3.45621 1.13628 0 0.198355 0
54 -0.70623 -4.69238 1.98618 3.14159 -0.0872663 -3.14159
55 0.0133305 1.02904 3.61174 0 0 0
56 0.01333 -1.24399 2.23877 0 0 0
57 4.19938 -21.5852 -11.5915 -0.123363 0.0360102 -0.0945427
58 0.0129189 0.0367718 5.95713 0 0 0
time 27
0 7.96718 5.13272 -3.24532 0.000934124 0 -0.959925
1 6.02794 0 0 -0.564743 1.09645 -0.241007
2 11.7344 0 0 -0.00140301 0 -1.78817
3 8.81138 -0.000449181 -0.000112534 0.0400013 0 0.0001572
4 5.77839 0.000286102 0 0.0268008 0 0.000105615
5 2.23164 -0.000329018 -0.00036335 0.0132003 0 0
6 11.4725 0 0 -0.389551 -0.561783 0.70714
7 0.615219 -0.993091 -0.810699 2.86877 0.397357 -0.310175
8 2.24752 0 0 0.0715792 0.114087 -0.295502
9 1.11936 0 0 0.000850083 0.07859 -1.14183
10 3.71348 -0.102641 0.102191 1.44717 0.805255 0.453677
11 1.72615 0 0 0.000435683 0.152128 -1.5215
12 1.21114 0 0 -0.00303755 0.0173726 -0.770564
13 3.59919 -1.06012 0.0708885 1.5386 0.23991 0.0797227
14 1.66069 0 0 0.0103178 0.0561241 -0.0408302
15 1.167 0 0 -0.00595463 0.00361555 -0.0873128
16 2.18852 0.50104 0.0576591 1.55893 0.123347 0.226068
17 1.29609 0 0 -0.203075 0.0749011 -0.697923
18 1.62202 0.000713348 -0.000471115 0.0360743 -0.00491076 -1.60563
19 1.22241 0 0 0.00725903 -0.00270853 -0.703282
20 1.76707 1.27612 0.0366411 1.52736 0.172031 0.124018
21 1.55588 0 0 -0.298752 0.180158 -0.613945
22 1.24273 0 0 -0.000523648 -0.000292251 -1.18846
23 0.784523 0 0 0.00666344 0.00160553 -0.545402
24 -2.83583 -0.518291 -10.3275 -0.000932693 0 -2.0944
25 6.02794 0 0 0.851024 0.709579 0.507048
26 11.7344 0 0 0.00140258 0 1.63622
27 8.81167 0 0 0.267162 0 0
28 5.77884 0 0 0.178999 0 0
29 2.23249 0 0 0.0881635 0 0
30 11.4725 0 0 0.263362 -0.332467 -0.0329667
31 0.615813 0.994371 -0.809166 -2.31183 0.186132 0.69348
32 2.24752 0 0 -0.0865336 -0.00331355 -0.0588439
33 1.11936 0 0 -0.0432818 0.202947 0.214504
34 3.71348 0.10264 0.10219 -1.55653 -0.0194513 -0.069743
35 1.72615 0 0 -0.0154327 -0.0227739 0.702057
36 1.21112 0 0 -0.00662475 0.0157113 0.31167
37 3.5992 1.06012 0.0708885 -1.5758 -0.0572809 -0.0169859
38 1.66069 0 0 0.0144877 0.0740931 0.416837
39 1.16699 0 0 0.0294233 0.0329151 0.455137
40 2.18853 -0.501041 0.0576587 -1.56756 -0.0906476 -0.203723
41 1.29609 0 0 0.00791709 -0.0230285 0.169031
42 1.62202 -0.000712395 -0.000471115 -0.00713707 -0.0378824 0.615855
43 1.22241 0 0 -0.0164534 -0.0136682 0.441366
44 1.76707 -1.27612 0.0366406 -1.56714 -0.0690323 -0.238591
45 1.55588 0 0 -0.00169906 0.0130332 0.125594
46 1.24273 0 0 0.000598204 0 0.616177
47 0.784532 0 0 -0.0139474 0.00601624 0.380942
48 0 0 0 0 0 0
49 4.90928 -15.6097 -7.14243 -0.154409 0.0429991 -0.103472
50 0 -1.70357 0.00508118 0 0 0
51 -0.0019598 3.96104 2.21118 0 0 0
52 0.641596 -0.666148 0.75166 0 0 0
53 0.786658 -3.45621 1.13628 0 0.198355 0
54 -0.70623 -4.69238 1.98618 3.14159 -0.0872663 -3.14159
55 0.01333 1.02904 3.61174 0 0 0
56 0.01333 -1.24399 2.23877 0 0 0
57 4.11363 -21.4911 -11.3897 -0.154676 0.0432761 -0.103472
58 0.0129189 0.0367718 5.95713 0 0 0
time 28
0 7.96718 5.13272 -3.24532 0.000934124 0 -0.959925
1 6.02794 0 0 -0.539297 1.10351 -0.220274
2 11.7344 0 0 -0.00140288 0 -1.79834
3 8.81138 -0.000450134 -0.000113487 0.0300851 0 0.000157315
4 5.77839 0.000286102 0 0.0201571 0 0.000105527
5 2.23163 -0.000330925 -0.000364304 0.00992809 0 0
6 11.4725 0 0 -0.383505 -0.574634 0.676065
7 0.615218 -0.993092 -0.810699 2.86877 0.397357 -0.310175
8 2.24752 0 0 0.0715792 0.114087 -0.295502
9 1.11936 0 0 0.000850068 0.0785901 -1.14183
10 3.71348 -0.102641 0.102191 1.44717 0.805255 0.453677
11 1.72615 0 0 0.000435698 0.152128 -1.5215
12 1.21114 0 0 -0.00303759 0.0173727 -0.770565
13 3.59919 -1.06012 0.070888 1.5386 0.23991 0.0797225
14 1.66069 0 0 0.0103178 0.056124 -0.0408304
15 1.167 0 0 -0.00595464 0.00361556 -0.0873128
16 2.18852 0.501039 0.0576591 1.55893 0.123347 0.226068
17 1.29609 0 0 -0.203075 0.0749011 -0.697923
18 1.62202 0.000715256 -0.000471592 0.0360742 -0.00491092 -1.60563
19 1.22241 0 0 0.007259 -0.00270854 -0.703281
20 1.76707 1.27612 0.0366411 1.52736 0.172032 0.124017
21 1.55588 0 0 -0.298752 0.180158 -0.613945
22 1.24274 0 0 -0.000523681 -0.000292255 -1.18846
23 0.784525 0 0 0.00666344 0.00160556 -0.545401
24 -2.83583 -0.518291 -10.3275 -0.000932693 0 -2.0944
25 6.02794 0 0 0.852865 0.704374 0.505726
26 11.7344 0 0 0.00140281 0 1.64984
27 8.81167 0 0 0.2137 0 0
28 5.77884 0 0 0.143179 0 0
29 2.23249 0 0 0.0705211 0 0
30 11.4725 0 0 0.200611 -0.326131 0.00697844
31 0.615814 0.994371 -0.809165 -2.31484 0.194556 0.685457
32 2.24752 0 0 -0.0866448 -0.00431379 -0.0702866
33 1.11936 0 0 -0.00698322 0.20724 0.391197
34 3.71349 0.10264 0.102192 -1.55384 -0.033997 -0.0604148
35 1.72615 0 0 -0.0207077 -0.01818 0.947648
36 1.21112 0 0 -0.00509987 0.0160898 0.400364
37 3.5992 1.06012 0.070889 -1.57535 -0.112305 -0.0493554
38 1.66069 0 0 0.0249373 0.0712731 0.556047
39 1.16699 0 0 0.0346216 0.0262698 0.630727
40 2.18853 -0.50104 0.0576606 -1.56763 -0.0895172 -0.203555
41 1.29609 0 0 0.00752387 -0.0232217 0.183137
42 1.62202 -0.000714302 -0.000471115 -0.0156903 -0.0352644 0.83929
43 1.22241 0 0 -0.018988 -0.00960993 0.643714
44 1.76707 -1.27612 0.0366416 -1.56723 -0.0675118 -0.238416
45 1.55588 0 0 -0.00147521 0.0130516 0.136113
46 1.24273 0 0 0.000589985 -0.000106725 0.858714
47 0.784531 0 0 -0.0123241 0.00773663 0.526588
48 0 0 0 0 0 0
49 4.91881 -15.4214 -7.1244 -0.181353 0.0475379 -0.110659
50 0 -1.70357 0.00508022 0 0 0
51 -0.00196075 3.96104 2.21118 0 0 0
52 0.641596 -0.666148 0.75166 0 0 0
53 0.786658 -3.45621 1.13628 0 0.198355 0
54 -0.70623 -4.69238 1.98618 -3.14159 -0.0872664 3.14159
55 0.0133295 1.02904 3.61174 0 0 0
56 0.013329 -1.24399 2.23877 0 0 0
57 4.05696 -21.4074 -11.2096 -0.181621 0.0478147 -0.110667
58 0.0129199 0.0367737 5.95713 0 0 0
time 29
0 7.96718 5.13272 -3.24532 0.000934124 0 -0.959925
1 6.02794 0 0 -0.520486 1.10849 -0.204045
2 11.7344 0 0 -0.00140291 0 -1.80625
3 8.81138 -0.000449181 -0.000112057 0.025546 0 0.000157042
4 5.77839 0.000287056 0 0.0171158 0 0.000105416
5 2.23164 -0.000329018 -0.000363827 0.00843021 0 0
6 11.4725 0 0 -0.375548 -0.583878 0.652468
7 0.615219 -0.993092 -0.8107 2.86877 0.397357 -0.310175
8 2.24752 0 0 0.071579 0.114086 -0.295502
9 1.11936 0 0 0.000850131 0.0785901 -1.14183
10 3.71348 -0.10264 0.102191 1.44717 0.805255 0.453677
11 1.72615 0 0 0.00043563 0.152128 -1.5215
12 1.21114 0 0 -0.00303756 0.0173727 -0.770564
13 3.59919 -1.06012 0.070888 1.5386 0.23991 0.0797227
14 1.66069 0 0 0.0103178 0.0561241 -0.0408304
15 1.167 0 0 -0.00595464 0.00361554 -0.087313
16 2.18852 0.50104 0.0576591 1.55893 0.123348 0.226068
17 1.29609 0 0 -0.203075 0.0749011 -0.697922
18 1.62202 0.000713348 -0.000471115 0.0360743 -0.00491095 -1.60563
19 1.22241 0 0 0.00725902 -0.00270851 -0.703281
20 1.76707 1.27612 0.0366411 1.52736 0.172031 0.124018
21 1.55588 0 0 -0.298752 0.180158 -0.613945
22 1.24274 0 0 -0.000523648 -0.000292251 -1.18846
23 0.784523 0 0 0.00666338 0.00160553 -0.545401
24 -2.83583 -0.518291 -10.3275 -0.000932693 0 -2.0944
25 6.02794 0 0 0.855255 0.699497 0.506949
26 11.7344 0 0 0.00140256 0 1.65834
27 8.81167 0 0 0.179101 0 0
28 5.77884 0 0 0.119998 0 0
29 2.23249 0 0 0.0591034 0 0
30 11.4725 0 0 0.159434 -0.322106 0.0348573
31 0.615813 0.994371 -0.809165 -2.31814 0.201482 0.678787
32 2.24752 0 0 -0.086735 -0.00509505 -0.0795019
33 1.11936 0 0 0.0212563 0.206248 0.52764
34 3.71349 0.102638 0.10219 -1.55192 -0.0439303 -0.0532034
35 1.72615 0 0 -0.0239201 -0.0138171 1.13728
36 1.21112 0 0 -0.00387963 0.0162945 0.469991
37 3.5992 1.06012 0.0708885 -1.57258 -0.153746 -0.0749041
38 1.66069 0 0 0.0326701 0.0681203 0.663368
39 1.16699 0 0 0.0378191 0.0205211 0.767096
40 2.18853 -0.501041 0.0576596 -1.56773 -0.0880099 -0.20333
41 1.29609 0 0 0.00700628 -0.0234633 0.201591
42 1.62202 -0.000713348 -0.000469208 -0.0226595 -0.0313729 1.03833
43 1.22241 0 0 -0.0205243 -0.0055308 0.827633
44 1.76707 -1.27612 0.0366406 -1.56735 -0.0654846 -0.238182
45 1.55587 0 0 -0.0010374 0.0131143 0.157699
46 1.24273 0 0 0.000551226 -0.000235492 1.08351
47 0.784531 0 0 -0.0105445 0.00913411 0.665646
48 0 0 0 0 0 0
49 4.93548 -15.2797 -7.10383 -0.201619 0.0482682 -0.115454
50 0 -1.70357 0.00508118 0 0 0
51 -0.00195932 3.96104 2.21118 0 0 0
52 0.641596 -0.666148 0.751659 0 0 0
53 0.786658 -3.4562 1.13628 0 0.198355 0
54 -0.706229 -4.69238 1.98618 -3.14159 -0.0872663 3.14159
55 0.0133305 1.02904 3.61174 0 0 0
56 0.01333 -1.24399 2.23877 0 0 0
57 4.03848 -21.3429 -11.0657 -0.201887 0.0485449 -0.115468
58 0.0129185 0.036768 5.95713 0 0 0
time 30
0 7.96718 5.13272 -3.24532 0.000934124 0 -0.959925
1 6.02794 0 0 -0.507626 1.11197 -0.190859
2 11.7344 0 0 -0.00140279 0 -1.81317
3 8.81138 -0.000448227 -0.000112534 0.0277255 0 0.000157325
4 5.77839 0.000286102 0 0.0185761 0 0.000105546
5 2.23163 -0.000328064 -0.000363827 0.00914941 0 0
6 11.4725 0 0 -0.364066 -0.58922 0.635447
7 0.615218 -0.993092 -0.8107 2.86877 0.397357 -0.310175
8 2.24752 0 0 0.0715792 0.114087 -0.295502
9 1.11936 0 0 0.000850094 0.0785902 -1.14183
10 3.71348 -0.102641 0.102191 1.44717 0.805255 0.453677
11 1.72615 0 0 0.00043566 0.152128 -1.5215
12 1.21114 0 0 -0.00303753 0.0173727 -0.770565
13 3.59919 -1.06012 0.0708876 1.5386 0.23991 0.0797227
14 1.66069 0 0 0.0103178 0.056124 -0.0408304
15 1.167 0 0 -0.00595464 0.00361556 -0.0873127
16 2.18852 0.50104 0.0576587 1.55893 0.123347 0.226068
17 1.29609 0 0 -0.203075 0.0749011 -0.697922
18 1.62202 0.000713348 -0.000470638 0.0360743 -0.0049109 -1.60563
19 1.22241 0 0 0.00725898 -0.00270843 -0.703281
20 1.76707 1.27612 0.0366406 1.52736 0.172031 0.124018
21 1.55588 0 0 -0.298752 0.180158 -0.613945
22 1.24273 0 0 -0.000523672 -0.000292268 -1.18846
23 0.784522 0 0 0.00666345 0.00160561 -0.545401
24 -2.83583 -0.518291 -10.3275 -0.000932693 0 -2.0944
25 6.02794 0 0 0.858028 0.695548 0.511072
26 11.7344 0 0 0.00140277 0 1.66153
27 8.81167 0 0 0.163807 0 0
28 5.77884 0 0 0.109751 0 0
29 2.23249 0 0 0.0540564 0 0
30 11.4725 0 0 0.140123 -0.323242 0.0499504
31 0.615814 0.994373 -0.809165 -2.3197 0.204357 0.676
32 2.24752 0 0 -0.0867722 -0.00541067 -0.0832858
33 1.11936 0 0 0.0324915 0.204797 0.58229
34 3.71349 0.10264 0.10219 -1.55118 -0.0476067 -0.0503102
35 1.72615 0 0 -0.0249662 -0.0119064 1.21331
36 1.21112 0 0 -0.00338148 0.016354 0.498172
37 3.5992 1.06012 0.0708876 -1.57088 -0.170091 -0.0853117
38 1.66069 0 0 0.0356654 0.0666273 0.706349
39 1.16699 0 0 0.0388822 0.0180902 0.821952
40 2.18853 -0.50104 0.0576587 -1.56778 -0.0872563 -0.203217
41 1.29609 0 0 0.00642426 -0.0236602 0.224549
42 1.62202 -0.000713348 -0.000469208 -0.0270439 -0.0278456 1.17855
43 1.22241 0 0 -0.0211768 -0.00240495 0.962043
44 1.76707 -1.27612 0.0366402 -1.56741 -0.064471 -0.238066
45 1.55588 0 0 -0.000431645 0.0132007 0.193898
46 1.24273 0 0 0.000501546 -0.000328642 1.25997
47 0.784531 0 0 -0.00890966 0.010128 0.782949
48 0 0 0 0 0 0
49 4.96453 -15.1838 -7.07827 -0.216159 0.0440677 -0.117862
50 0 -1.70357 0.00508118 0 0 0
51 -0.0019598 3.96104 2.21118 0 0 0
52 0.641596 -0.666148 0.75166 0 0 0
53 0.786658 -3.45621 1.13628 0 0.198355 0
54 -0.70623 -4.69238 1.98618 3.14159 -0.0872664 3.14159
55 0.01333 1.02904 3.61174 0 0 0
56 0.0133295 -1.24399 2.23877 0 0 0
57 4.03957 -21.3717 -11.3781 -0.212525 0.0443441 -0.117879
58 0.0129194 0.0367699 5.95713 0 0 0
time 31
0 7.96718 5.13272 -3.24532 0.000934124 0 -0.959925
1 6.02794 0 0 -0.498854 1.11452 -0.179452
2 11.7344 0 0 -0.00140293 0 -1.81919
3 8.81139 -0.000450134 -0.000113487 0.0346953 0 0.000157368
4 5.77839 0.000286102 0 0.023246 0 0.000105637
5 2.23164 -0.000329971 -0.00036335 0.0114495 0 0
6 11.4725 0 0 -0.349088 -0.591889 0.621474
7 0.615219 -0.993091 -0.8107 2.86877 0.397357 -0.310175
8 2.24752 0 0 0.0715792 0.114086 -0.295502
9 1.11936 0 0 0.000850135 0.0785902 -1.14183
10 3.71348 -0.102641 0.102191 1.44717 0.805255 0.453677
11 1.72615 0 0 0.000435698 0.152128 -1.5215
12 1.21114 0 0 -0.00303759 0.0173727 -0.770564
13 3.59919 -1.06012 0.0708876 1.5386 0.23991 0.0797227
14 1.66069 0 0 0.0103178 0.056124 -0.0408302
15 1.167 0 0 -0.00595463 0.00361556 -0.087313
16 2.18852 0.50104 0.0576587 1.55893 0.123348 0.226068
17 1.29609 0 0 -0.203075 0.0749011 -0.697922
18 1.62202 0.000713348 -0.000471592 0.0360743 -0.00491088 -1.60563
19 1.22241 0 0 0.00725892 -0.00270849 -0.703281
20 1.76707 1.27612 0.0366406 1.52736 0.172031 0.124017
21 1.55588 0 0 -0.298752 0.180158 -0.613945
22 1.24273 0 0 -0.00052373 -0.000292343 -1.18846
23 0.784523 0 0 0.00666352 0.0016056 -0.545401
24 -2.83583 -0.518291 -10.3275 -0.000932693 0 -2.0944
25 6.02794 0 0 0.861249 0.692083 0.517637
26 11.7344 0 0 0.00140274 0 1.66063
27 8.81167 0 0 0.159424 0 0
28 5.77884 0 0 0.106814 0 0
29 2.23249 0 0 0.0526099 0 0
30 11.4725 0 0 0.132462 -0.328702 0.0594382
31 0.615813 0.994373 -0.809166 -2.3197 0.204357 0.676
32 2.24752 0 0 -0.0867721 -0.00541037 -0.0832858
33 1.11936 0 0 0.0324912 0.204797 0.58229
34 3.71349 0.102638 0.10219 -1.55118 -0.0476067 -0.0503101
35 1.72615 0 0 -0.0249662 -0.0119065 1.21331
36 1.21112 0 0 -0.00338163 0.0163539 0.498172
37 3.5992 1.06012 0.0708876 -1.57088 -0.170091 -0.0853117
38 1.66069 0 0 0.0356656 0.0666271 0.70635
39 1.16699 0 0 0.0388822 0.0180902 0.821952
40 2.18853 -0.50104 0.0576587 -1.56777 -0.087309 -0.203183
41 1.29609 0 0 0.00565164 -0.0238214 0.257398
42 1.62202 -0.000713348 -0.000469208 -0.0292789 -0.0256139 1.25735
43 1.22241 0 0 -0.0211788 -0.000644623 1.04082
44 1.76707 -1.27612 0.0366392 -1.56741 -0.0645237 -0.23803
45 1.55587 0 0 0.000499846 0.013276 0.25714
46 1.24273 0 0 0.000456844 -0.000388281 1.38414
47 0.784531 0 0 -0.0074707 0.0108252 0.881058
48 0 0 0 0 0 0
49 5.0055 -15.1179 -7.04888 -0.227628 0.0358655 -0.118585
50 0 -1.70356 0.00508213 0 0 0
51 -0.0019598 3.96104 2.21118 0 0 0
52 0.641596 -0.666147 0.75166 0 0 0
53 0.786658 -3.45621 1.13628 0 0.198355 0
54 -0.70623 -4.69238 1.98618 3.14159 -0.0872663 -3.14159
55 0.0133295 1.02904 3.61174 0 0 0
56 0.0133295 -1.24399 2.23877 0 0 0
57 4.04454 -21.5463 -12.4021 -0.21349 0.0361417 -0.118605
58 0.0129199 0.0367718 5.95713 0 0 0
time 32
0 7.96718 5.13272 -3.24532 0.000934124 0 -0.959925
1 6.02794 0 0 -0.493109 1.1164 -0.16983
2 11.7344 0 0 -0.00140282 0 -1.8244
3 8.81138 -0.000449181 -0.00011301 0.0443823 0 0.000157385
4 5.77839 0.000286102 0 0.0297362 0 0.000105671
5 2.23164 -0.000329971 -0.00036478 0.0146461 0 0
6 11.4725 0 0 -0.333013 -0.592757 0.61064
7 0.615219 -0.993091 -0.810699 2.86877 0.397357 -0.310175
8 2.24752 0 0 0.0715792 0.114087 -0.295502
9 1.11936 0 0 0.000850038 0.0785904 -1.14183
10 3.71348 -0.102641 0.102191 1.44717 0.805255 0.453677
11 1.72615 0 0 0.000435683 0.152128 -1.5215
12 1.21114 0 0 -0.00303762 0.0173727 -0.770565
13 3.59919 -1.06012 0.0708876 1.5386 0.23991 0.0797227
14 1.66069 0 0 0.0103178 0.0561241 -0.0408303
15 1.167 0 0 -0.00595464 0.00361553 -0.0873128
16 2.18853 0.50104 0.0576591 1.55893 0.123348 0.226068
17 1.29609 0 0 -0.203075 0.0749011 -0.697922
18 1.62202 0.000713348 -0.000472069 0.0360742 -0.0049109 -1.60563
19 1.22241 0 0 0.00725903 -0.00270852 -0.703281
20 1.76707 1.27612 0.0366402 1.52736 0.172031 0.124017
21 1.55588 0 0 -0.298752 0.180158 -0.613945
22 1.24274 0 0 -0.000523681 -0.000292255 -1.18846
23 0.784522 0 0 0.00666344 0.00160553 -0.545401
24 -2.83583 -0.518291 -10.3275 -0.000932693 0 -2.0944
25 6.02794 0 0 0.864758 0.688757 0.525532
26 11.7344 0 0 0.0014027 0 1.65694
27 8.81167 0 0 0.158126 0 0
28 5.77884 0 0 0.105945 0 0
29 2.23249 0 0 0.0521817 0 0
30 11.4725 0 0 0.127092 -0.336035 0.0700338
31 0.615812 0.994371 -0.809167 -2.3197 0.204357 0.676
32 2.24752 0 0 -0.0867723 -0.00541061 -0.0832858
33 1.11936 0 0 0.0324915 0.204797 0.58229
34 3.71348 0.102638 0.10219 -1.55118 -0.0476069 -0.0503102
35 1.72615 0 0 -0.0249662 -0.0119064 1.21331
36 1.21112 0 0 -0.00338154 0.0163539 0.498173
37 3.5992 1.06011 0.0708876 -1.57088 -0.170091 -0.0853116
38 1.66069 0 0 0.0356655 0.0666272 0.706349
39 1.16699 0 0 0.0388821 0.0180903 0.821952
40 2.18853 -0.501041 0.0576587 -1.56777 -0.0874434 -0.203096
41 1.29609 0 0 0.00465327 -0.0239558 0.300034
42 1.62202 -0.000712872 -0.000469208 -0.0304748 -0.0242621 1.30237
43 1.22241 0 0 -0.0207377 0.000183673 1.08584
44 1.76707 -1.27612 0.0366411 -1.5674 -0.064658 -0.237941
45 1.55587 0 0 0.00169588 0.0132105 0.345062
46 1.24273 0 0 0.000419055 -0.000428606 1.47642
47 0.784531 0 0 -0.00611138 0.0113333 0.970085
48 0 0 0 0 0 0
49 5.0513 -15.0742 -7.01957 -0.23627 0.0256572 -0.118012
50 0 -1.70357 0.00508118 0 0 0
51 -0.00196028 3.96104 2.21118 0 0 0
52 0.641596 -0.666148 0.75166 0 0 0
53 0.786658 -3.45621 1.13628 0 0.198355 0
54 -0.70623 -4.69238 1.98618 3.14159 -0.0872664 -3.14159
55 0.0133295 1.02904 3.61174 0 0 0
56 0.0133295 -1.24399 2.23877 0 0 0
57 4.07058 -21.827 -13.9076 -0.206826 0.0259333 -0.118035
58 0.0129189 0.0367718 5.95712 0 0 0
time 33
0 7.96718 5.13272 -3.24532 0.000934124 0 -0.959925
1 6.02794 0 0 -0.489258 1.1178 -0.161984
2 11.7344 0 0 -0.00140273 0 -1.82883
3 8.81138 -0.000450134 -0.000112057 0.0547887 0 0.000157101
4 5.77839 0.000286102 0 0.0367084 0 0.000105554
5 2.23163 -0.000329018 -0.000363827 0.0180803 0 0
6 11.4725 0 0 -0.318211 -0.592859 0.603048
7 0.615218 -0.993092 -0.8107 2.86877 0.397357 -0.310175
8 2.24752 0 0 0.0715793 0.114086 -0.295502
9 1.11936 0 0 0.000849997 0.0785902 -1.14183
10 3.71348 -0.102641 0.102191 1.44717 0.805255 0.453677
11 1.72615 0 0 0.000435683 0.152128 -1.5215
12 1.21114 0 0 -0.00303761 0.0173726 -0.770565
13 3.59919 -1.06012 0.0708885 1.5386 0.23991 0.0797228
14 1.66069 0 0 0.0103178 0.0561241 -0.0408303
15 1.167 0 0 -0.00595463 0.00361553 -0.087313
16 2.18852 0.50104 0.0576591 1.55893 0.123347 0.226068
17 1.29609 0 0 -0.203075 0.0749011 -0.697923
18 1.62202 0.000713348 -0.000470638 0.0360743 -0.00491082 -1.60563
19 1.22241 0 0 0.00725898 -0.00270847 -0.703281
20 1.76707 1.27612 0.0366406 1.52736 0.172031 0.124018
21 1.55588 0 0 -0.298752 0.180158 -0.613945
22 1.24274 0 0 -0.000523639 -0.000292317 -1.18846
23 0.784523 0 0 0.00666346 0.0016056 -0.545401
24 -2.83583 -0.518291 -10.3275 -0.000932693 0 -2.0944
25 6.02794 0 0 0.868011 0.685992 0.533369
26 11.7344 0 0 0.00140263 0 1.65221
27 8.81167 0 0 0.15881 0 0
28 5.77884 0 0 0.106403 0 0
29 2.23249 0 0 0.0524073 0 0
30 11.4725 0 0 0.123614 -0.343565 0.0801037
31 0.615812 0.994371 -0.809166 -2.3197 0.204357 0.676
32 2.24752 0 0 -0.0867723 -0.00541061 -0.0832857
33 1.11936 0 0 0.0324915 0.204797 0.58229
34 3.71349 0.10264 0.10219 -1.55118 -0.0476068 -0.0503101
35 1.72615 0 0 -0.0249663 -0.0119064 1.21331
36 1.21112 0 0 -0.00338156 0.0163539 0.498173
37 3.5992 1.06012 0.0708876 -1.57088 -0.170091 -0.0853118
38 1.66069 0 0 0.0356653 0.066627 0.70635
39 1.16699 0 0 0.0388823 0.0180901 0.821952
40 2.18853 -0.501041 0.0576582 -1.56776 -0.0876245 -0.202978
41 1.29609 0 0 0.00362473 -0.0240062 0.344377
42 1.62202 -0.000712395 -0.000469208 -0.0310413 -0.0235765 1.32455
43 1.22241 0 0 -0.0201348 0.000413415 1.10802
44 1.76707 -1.27612 0.0366406 -1.56739 -0.0648391 -0.237819
45 1.55588 0 0 0.00281375 0.0129232 0.439019
46 1.24273 0 0 0.000389669 -0.000455539 1.54274
47 0.784531 0 0 -0.00491779 0.0116699 1.04618
48 0 0 0 0 0 0
49 5.09482 -15.0448 -6.99427 -0.242328 0.0154388 -0.116535
50 0 -1.70357 0.00508022 0 0 0
51 -0.0019598 3.96104 2.21118 0 0 0
52 0.641596 -0.666147 0.75166 0 0 0
53 0.786657 -3.45621 1.13628 0 0.198355 0
54 -0.70623 -4.69238 1.98618 -3.14159 -0.0872664 3.14159
55 0.01333 1.02904 3.61174 0 0 0
56 0.01333 -1.24399 2.23877 0 0 0
57 4.12486 -22.1567 -15.6669 -0.194575 0.0157147 -0.116559
58 0.0129199 0.0367718 5.95713 0 0 0
time 34
0 7.96718 5.13272 -3.24532 0.000934124 0 -0.959925
1 6.02794 0 0 -0.486104 1.11891 -0.155865
2 11.7344 0 0 -0.00140282 0 -1.83252
3 8.81138 -0.000449181 -0.00011301 0.0640219 0 0.000156862
4 5.77839 0.000287056 0 0.0428947 0 0.000105421
5 2.23163 -0.000329971 -0.000362873 0.0211272 0 0
6 11.4725 0 0 -0.307016 -0.59332 0.59878
7 0.61522 -0.993092 -0.810699 2.86877 0.397357 -0.310175
8 2.24752 0 0 0.0715791 0.114086 -0.295502
9 1.11936 0 0 0.000849892 0.0785899 -1.14183
10 3.71348 -0.102641 0.102191 1.44717 0.805255 0.453677
11 1.72615 0 0 0.000435713 0.152128 -1.5215
12 1.21114 0 0 -0.00303753 0.0173727 -0.770564
13 3.59919 -1.06012 0.0708885 1.5386 0.23991 0.0797227
14 1.66069 0 0 0.0103178 0.056124 -0.0408305
15 1.167 0 0 -0.00595464 0.00361555 -0.0873127
16 2.18853 0.50104 0.0576591 1.55893 0.123347 0.226068
17 1.29609 0 0 -0.203075 0.0749011 -0.697922
18 1.62202 0.000713348 -0.000471115 0.0360744 -0.00491092 -1.60563
19 1.22241 0 0 0.00725901 -0.00270846 -0.703281
20 1.76707 1.27612 0.0366416 1.52736 0.172031 0.124018
21 1.55588 0 0 -0.298752 0.180158 -0.613945
22 1.24274 0 0 -0.000523697 -0.000292284 -1.18846
23 0.784525 0 0 0.00666345 0.00160561 -0.545401
24 -2.83583 -0.518291 -10.3275 -0.000932693 0 -2.0944
25 6.02794 0 0 0.870471 0.684231 0.539781
26 11.7344 0 0 0.00140274 0 1.64825
27 8.81167 0 0 0.160302 0 0
28 5.77884 0 0 0.107402 0 0
29 2.23249 0 0 0.0528996 0 0
30 11.4725 0 0 0.121693 -0.349605 0.087952
31 0.615814 0.994373 -0.809164 -2.3197 0.204357 0.676
32 2.24752 0 0 -0.0867722 -0.00541055 -0.0832858
33 1.11936 0 0 0.0324914 0.204797 0.58229
34 3.71349 0.10264 0.102191 -1.55118 -0.0476069 -0.0503102
35 1.72615 0 0 -0.0249663 -0.0119065 1.21331
36 1.21112 0 0 -0.00338159 0.0163539 0.498172
37 3.5992 1.06012 0.070889 -1.57088 -0.170091 -0.0853119
38 1.66069 0 0 0.0356655 0.0666271 0.70635
39 1.16699 0 0 0.0388823 0.0180902 0.821952
40 2.18853 -0.50104 0.0576591 -1.56775 -0.0878174 -0.202853
41 1.29609 0 0 0.00275495 -0.023977 0.382348
42 1.62202 -0.000712395 -0.000469208 -0.0312983 -0.0232552 1.33481
43 1.22241 0 0 -0.0195765 0.000385883 1.11829
44 1.76707 -1.27612 0.0366416 -1.56738 -0.0650318 -0.23769
45 1.55588 0 0 0.0036291 0.0125032 0.520365
46 1.24273 0 0 0.000368294 -0.000472987 1.58902
47 0.784532 0 0 -0.00397121 0.011869 1.1055
48 0 0 0 0 0 0
49 5.12897 -15.022 -6.97688 -0.246047 0.007206 -0.114542
50 0 -1.70357 0.00508022 0 0 0
51 -0.00195932 3.96104 2.21118 0 0 0
52 0.641596 -0.666146 0.75166 0 0 0
53 0.786659 -3.45621 1.13628 0 0.198355 0
54 -0.706229 -4.69238 1.98618 3.14159 -0.0872664 -3.14159
55 0.0133295 1.02904 3.61174 0 0 0
56 0.01333 -1.24399 2.23877 0 0 0
57 4.19342 -22.4665 -17.4538 -0.178782 0.00748179 -0.114567
58 0.0129189 0.0367737 5.95712 0 0 0
time 35
0 7.96718 5.13272 -3.24532 0.000934124 0 -0.959925
1 6.02794 0 0 -0.482402 1.11989 -0.151388
2 11.7344 0 0 -0.00140306 0 -1.83549
3 8.81138 -0.000451088 -0.000112534 0.070266 0 0.000157861
4 5.77839 0.000286102 0 0.0470783 0 0.000106153
5 2.23164 -0.000329971 -0.000364304 0.0231877 0 0
6 11.4725 0 0 -0.301749 -0.595277 0.597887
7 0.61522 -0.993091 -0.8107 2.86877 0.397357 -0.310175
8 2.24752 0 0 0.0715793 0.114086 -0.295502
9 1.11936 0 0 0.000850135 0.0785902 -1.14183
10 3.71348 -0.10264 0.102191 1.44717 0.805255 0.453677
11 1.72615 0 0 0.000435705 0.152128 -1.5215
12 1.21114 0 0 -0.0030376 0.0173727 -0.770565
13 3.59919 -1.06012 0.0708876 1.5386 0.23991 0.0797226
14 1.66069 0 0 0.0103178 0.0561241 -0.0408303
15 1.167 0 0 -0.00595464 0.00361552 -0.0873128
16 2.18852 0.50104 0.0576591 1.55893 0.123347 0.226068
17 1.29609 0 0 -0.203075 0.0749011 -0.697922
18 1.62202 0.000715256 -0.000471592 0.0360743 -0.00491092 -1.60563
19 1.22241 0 0 0.00725905 -0.00270845 -0.703281
20 1.76707 1.27612 0.0366402 1.52736 0.172032 0.124017
21 1.55587 0 0 -0.298752 0.180158 -0.613945
22 1.24273 0 0 -0.000523631 -0.000292276 -1.18846
23 0.784524 0 0 0.00666349 0.00160559 -0.545401
24 -2.83583 -0.518291 -10.3275 -0.000932693 0 -2.0944
25 6.02794 0 0 0.871589 0.683938 0.543398
26 11.7344 0 0 0.00140272 0 1.64691
27 8.81167 0 0 0.161343 0 0
28 5.77884 0 0 0.1081 0 0
29 2.23249 0 0 0.0532434 0 0
30 11.4725 0 0 0.121011 -0.352458 0.0918528
31 0.615814 0.994371 -0.809166 -2.3197 0.204357 0.676
32 2.24752 0 0 -0.0867722 -0.00541043 -0.0832859
33 1.11936 0 0 0.0324914 0.204797 0.58229
34 3.71349 0.10264 0.10219 -1.55118 -0.0476069 -0.0503101
35 1.72615 0 0 -0.0249664 -0.0119066 1.21331
36 1.21112 0 0 -0.00338162 0.0163539 0.498172
37 3.5992 1.06012 0.0708885 -1.57088 -0.170091 -0.0853117
38 1.66069 0 0 0.0356655 0.0666272 0.70635
39 1.16699 0 0 0.0388821 0.0180902 0.821952
40 2.18853 -0.50104 0.0576587 -1.56775 -0.0879869 -0.202742
41 1.29609 0 0 0.00222256 -0.0239257 0.405867
42 1.62202 -0.000712872 -0.000471115 -0.0315274 -0.0229626 1.34408
43 1.22241 0 0 -0.0192403 0.000443597 1.12756
44 1.76707 -1.27612 0.0366406 -1.56737 -0.0652014 -0.237577
45 1.55588 0 0 0.00405316 0.0121695 0.570451
46 1.24273 0 0 0.000352937 -0.000484547 1.62119
47 0.784531 0 0 -0.00334844 0.0119686 1.14419
48 0 0 0 0 0 0
49 5.14663 -14.998 -6.97133 -0.247669 0.00295449 -0.112424
50 0 -1.70357 0.00508118 0 0 0
51 -0.00196028 3.96104 2.21118 0 0 0
52 0.641596 -0.666148 0.75166 0 0 0
53 0.786659 -3.4562 1.13628 0 0.198355 0
54 -0.70623 -4.69238 1.98618 -3.14159 -0.0872663 3.14159
55 0.01333 1.02904 3.61174 0 0 0
56 0.01333 -1.24399 2.23877 0 0 0
57 4.23965 -22.682 -19.043 -0.161491 0.00323023 -0.11245
58 0.0129189 0.0367737 5.95713 0 0 0
time 36
0 7.96718 5.13272 -3.24532 0.000934124 0 -0.959925
1 6.02794 0 0 -0.478782 1.12056 -0.14954
2 11.7344 0 0 -0.00140289 0 -1.83775
3 8.81138 -0.000450134 -0.000112534 0.0743038 0 0.000157315
4 5.77839 0.000286102 0 0.0497835 0 0.000105766
5 2.23164 -0.000329971 -0.000364304 0.0245202 0 0
6 11.4725 0 0 -0.304046 -0.598675 0.60368
7 0.615218 -0.993092 -0.8107 2.86877 0.397357 -0.310175
8 2.24752 0 0 0.0715792 0.114086 -0.295502
9 1.11936 0 0 0.000849989 0.0785901 -1.14183
10 3.71348 -0.102641 0.10219 1.44717 0.805255 0.453677
11 1.72615 0 0 0.000435653 0.152128 -1.5215
12 1.21114 0 0 -0.00303757 0.0173727 -0.770565
13 3.59919 -1.06012 0.070888 1.5386 0.23991 0.0797227
14 1.66068 0 0 0.0103178 0.056124 -0.0408303
15 1.167 0 0 -0.00595462 0.00361554 -0.0873129
16 2.18852 0.50104 0.0576587 1.55893 0.123347 0.226068
17 1.29609 0 0 -0.203075 0.0749011 -0.697922
18 1.62202 0.000713348 -0.000471592 0.0360743 -0.00491091 -1.60563
19 1.22241 0 0 0.00725901 -0.00270844 -0.703281
20 1.76707 1.27612 0.0366406 1.52736 0.172031 0.124018
21 1.55587 0 0 -0.298752 0.180158 -0.613945
22 1.24273 0 0 -0.000523627 -0.000292282 -1.18846
23 0.784523 0 0 0.00666355 0.00160559 -0.545401
24 -2.83583 -0.518291 -10.3275 -0.000932693 0 -2.0944
25 6.02794 0 0 0.870927 0.685993 0.543851
26 11.7344 0 0 0.00140271 0 1.64842
27 8.81167 0 0 0.163038 0 0
28 5.77884 0 0 0.109236 0 0
29 2.23249 0 0 0.0538026 0 0
30 11.4725 0 0 0.123138 -0.35222 0.0903996
31 0.615814 0.994373 -0.809166 -2.3197 0.204357 0.676
32 2.24752 0 0 -0.0867722 -0.00541061 -0.0832858
33 1.11936 0 0 0.0324914 0.204797 0.58229
34 3.71349 0.10264 0.102191 -1.55118 -0.0476067 -0.0503103
35 1.72615 0 0 -0.0249663 -0.0119064 1.21331
36 1.21112 0 0 -0.00338157 0.0163539 0.498173
37 3.5992 1.06012 0.070889 -1.57088 -0.170091 -0.0853117
38 1.66069 0 0 0.0356654 0.0666272 0.706349
39 1.16699 0 0 0.0388822 0.0180901 0.821952
40 2.18853 -0.501038 0.0576587 -1.56774 -0.0880979 -0.20267
41 1.29609 0 0 0.00201882 -0.0238992 0.414933
42 1.62202 -0.000713825 -0.000469208 -0.0317297 -0.0226998 1.35236
43 1.22241 0 0 -0.0191262 0.000586587 1.13583
44 1.76707 -1.27612 0.0366406 -1.56737 -0.0653122 -0.237503
45 1.55587 0 0 0.00419537 0.0120291 0.589279
46 1.24273 0 0 0.000344103 -0.000490968 1.63925
47 0.784531 0 0 -0.00305635 0.0120067 1.16225
48 0 0 0 0 0 0
49 5.14403 -14.9771 -6.98051 -0.244961 0.00300424 -0.109648
50 0 -1.70357 0.00508118 0 0 0
51 -0.0019598 3.96104 2.21118 0 0 0
52 0.641596 -0.666148 0.75166 0 0 0
53 0.786658 -3.4562 1.13628 0 0.198355 0
54 -0.706229 -4.69238 1.98618 3.14159 -0.0872663 -3.14159
55 0.01333 1.02904 3.61174 0 0 0
56 0.01333 -1.24399 2.23877 0 0 0
57 4.24854 -22.7125 -20.227 -0.142267 0.00328006 -0.109673
58 0.0129199 0.0367699 5.95712 0 0 0
time 37
0 7.96718 5.13272 -3.24532 0.000934124 0 -0.959925
1 6.02794 0 0 -0.476417 1.12074 -0.150662
2 11.7344 0 0 -0.00140282 0 -1.83927
3 8.81138 -0.000450134 -0.00011158 0.0778328 0 0.000157449
4 5.77839 0.000286102 0 0.052148 0 0.000105848
5 2.23163 -0.000329018 -0.00036478 0.0256848 0 0
6 11.4725 0 0 -0.312482 -0.602621 0.616858
7 0.615219 -0.993092 -0.8107 2.86877 0.397357 -0.310175
8 2.24752 0 0 0.0715791 0.114087 -0.295502
9 1.11936 0 0 0.000850143 0.0785902 -1.14183
10 3.71348 -0.10264 0.102191 1.44717 0.805255 0.453677
11 1.72615 0 0 0.000435622 0.152128 -1.5215
12 1.21114 0 0 -0.00303755 0.0173727 -0.770565
13 3.59919 -1.06012 0.070888 1.5386 0.23991 0.0797227
14 1.66069 0 0 0.0103178 0.056124 -0.0408304
15 1.167 0 0 -0.00595464 0.00361554 -0.0873127
16 2.18852 0.50104 0.0576591 1.55893 0.123347 0.226068
17 1.29609 0 0 -0.203075 0.0749011 -0.697922
18 1.62202 0.000713348 -0.000472069 0.0360743 -0.00491088 -1.60563
19 1.22241 0 0 0.00725895 -0.0027084 -0.703281
20 1.76707 1.27612 0.0366411 1.52736 0.172031 0.124017
21 1.55588 0 0 -0.298752 0.180158 -0.613945
22 1.24274 0 0 -0.000523615 -0.000292193 -1.18846
23 0.784522 0 0 0.00666346 0.00160558 -0.545401
24 -2.83583 -0.518291 -10.3275 -0.000932693 0 -2.0944
25 6.02794 0 0 0.868816 0.690212 0.542149
26 11.7344 0 0 0.00140267 0 1.65139
27 8.81167 0 0 0.166588 0 0
28 5.77884 0 0 0.111614 0 0
29 2.23249 0 0 0.0549741 0 0
30 11.4725 0 0 0.128673 -0.350252 0.084663
31 0.615813 0.994371 -0.809165 -2.3197 0.204357 0.676
32 2.24752 0 0 -0.0867722 -0.00541049 -0.0832858
33 1.11936 0 0 0.0324911 0.204797 0.58229
34 3.71349 0.102638 0.102191 -1.55118 -0.0476068 -0.0503101
35 1.72615 0 0 -0.0249661 -0.0119065 1.21331
36 1.21112 0 0 -0.00338153 0.0163539 0.498172
37 3.5992 1.06012 0.070888 -1.57088 -0.170091 -0.0853117
38 1.66069 0 0 0.0356655 0.0666272 0.70635
39 1.16699 0 0 0.038882 0.0180902 0.821952
40 2.18853 -0.501041 0.0576587 -1.56774 -0.0881156 -0.202659
41 1.29609 0 0 0.00201899 -0.0238992 0.414933
42 1.62202 -0.000712872 -0.000469208 -0.0317298 -0.0226996 1.35236
43 1.22241 0 0 -0.0191263 0.000586648 1.13583
44 1.76707 -1.27612 0.0366411 -1.56737 -0.0653297 -0.237491
45 1.55588 0 0 0.00419545 0.0120291 0.589279
46 1.24273 0 0 0.000343991 -0.000490848 1.63925
47 0.784531 0 0 -0.0030563 0.0120066 1.16225
48 0 0 0 0 0 0
49 5.12611 -14.9668 -7.00187 -0.237281 0.00582265 -0.105795
50 0 -1.70357 0.00508022 0 0 0
51 -0.00195885 3.96104 2.21118 0 0 0
52 0.641596 -0.666148 0.75166 0 0 0
53 0.786659 -3.45621 1.13628 0 0.198355 0
54 -0.706229 -4.69238 1.98618 3.14159 -0.0872664 -3.14159
55 0.01333 1.02904 3.61174 0 0 0
56 0.0133305 -1.24399 2.23877 0 0 0
57 4.24194 -22.4958 -20.7776 -0.122269 0.00609865 -0.105818
58 0.0129199 0.0367699 5.95712 0 0 0
time 38
0 7.96718 5.13272 -3.24532 0.000934124 0 -0.959925
1 6.02794 0 0 -0.474856 1.12061 -0.153657
2 11.7344 0 0 -0.00140275 0 -1.83999
3 8.81138 -0.000448227 -0.00011301 0.0803923 0 0.000157008
4 5.77839 0.000286102 0 0.0538628 0 0.000105616
5 2.23163 -0.000328064 -0.00036335 0.0265295 0 0
6 11.4725 0 0 -0.324755 -0.606935 0.633497
7 0.615218 -0.993092 -0.8107 2.86877 0.397357 -0.310175
8 2.24752 0 0 0.0715791 0.114086 -0.295502
9 1.11936 0 0 0.000850102 0.07859 -1.14183
10 3.71348 -0.102641 0.102191 1.44717 0.805255 0.453677
11 1.72615 0 0 0.00043563 0.152128 -1.5215
12 1.21114 0 0 -0.00303757 0.0173728 -0.770565
13 3.59919 -1.06012 0.0708885 1.5386 0.23991 0.0797226
14 1.66069 0 0 0.0103178 0.056124 -0.0408304
15 1.167 0 0 -0.00595464 0.00361554 -0.0873128
16 2.18852 0.50104 0.0576591 1.55893 0.123348 0.226068
17 1.29609 0 0 -0.203075 0.0749011 -0.697922
18 1.62202 0.000713348 -0.000470638 0.0360743 -0.00491087 -1.60563
19 1.22241 0 0 0.00725899 -0.00270845 -0.703281
20 1.76707 1.27612 0.0366406 1.52736 0.172031 0.124018
21 1.55588 0 0 -0.298752 0.180158 -0.613946
22 1.24274 0 0 -0.000523643 -0.000292311 -1.18846
23 0.784522 0 0 0.00666346 0.00160558 -0.545401
24 -2.83583 -0.518291 -10.3275 -0.000932693 0 -2.0944
25 6.02794 0 0 0.865855 0.695468 0.538969
26 11.7344 0 0 0.00140253 0 1.65519
27 8.81167 0 0 0.170862 0 0
28 5.77884 0 0 0.114477 0 0
29 2.23249 0 0 0.0563844 0 0
30 11.4725 0 0 0.135816 -0.346748 0.0766457
31 0.615812 0.994373 -0.809166 -2.3197 0.204357 0.676
32 2.24752 0 0 -0.0867722 -0.00541055 -0.0832859
33 1.11936 0 0 0.0324914 0.204797 0.58229
34 3.71348 0.10264 0.102191 -1.55118 -0.0476067 -0.0503102
35 1.72615 0 0 -0.0249663 -0.0119064 1.21331
36 1.21112 0 0 -0.00338171 0.016354 0.498173
37 3.5992 1.06012 0.070888 -1.57088 -0.170091 -0.0853116
38 1.66069 0 0 0.0356655 0.0666272 0.706349
39 1.16699 0 0 0.0388821 0.0180902 0.821952
40 2.18853 -0.501041 0.0576587 -1.56774 -0.0880044 -0.202731
41 1.29609 0 0 0.00222257 -0.0239258 0.405867
42 1.62202 -0.000713348 -0.000469208 -0.0315275 -0.0229626 1.34408
43 1.22241 0 0 -0.0192402 0.000443592 1.12756
44 1.76707 -1.27612 0.0366397 -1.56737 -0.0652187 -0.237565
45 1.55588 0 0 0.00405309 0.0121694 0.570451
46 1.24273 0 0 0.000352861 -0.00048464 1.62119
47 0.784533 0 0 -0.00334836 0.0119685 1.14419
48 0 0 0 0 0 0
49 5.09881 -14.9629 -7.03114 -0.227261 0.0106266 -0.101426
50 0 -1.70357 0.00508022 0 0 0
51 -0.00196028 3.96104 2.21118 0 0 0
52 0.641596 -0.666147 0.75166 0 0 0
53 0.786658 -3.4562 1.13628 0 0.198355 0
54 -0.70623 -4.69238 1.98618 -3.14159 -0.0872664 3.14159
55 0.01333 1.02904 3.61174 0 0 0
56 0.013329 -1.24399 2.23877 0 0 0
57 4.17675 -22.1292 -20.9318 -0.102446 0.0147841 -0.100841
58 0.0129185 0.0367699 5.95712 0 0 0
time 39
0 7.96718 5.13272 -3.24532 0.000934124 0 -0.959925
1 6.02794 0 0 -0.473572 1.12038 -0.157361
2 11.7344 0 0 -0.00140288 0 -1.83991
3 8.81138 -0.000450134 -0.000112534 0.0814923 0 0.000157359
4 5.77839 0.000287056 0 0.0545998 0 0.000105705
5 2.23163 -0.000330925 -0.000363827 0.0268924 0 0
6 11.4725 0 0 -0.338478 -0.61154 0.64965
7 0.615219 -0.993092 -0.810699 2.86877 0.397357 -0.310175
8 2.24752 0 0 0.0715791 0.114087 -0.295502
9 1.11936 0 0 0.000850206 0.0785901 -1.14183
10 3.71348 -0.102641 0.102191 1.44717 0.805255 0.453677
11 1.72615 0 0 0.000435705 0.152128 -1.5215
12 1.21113 0 0 -0.00303751 0.0173728 -0.770565
13 3.59919 -1.06012 0.0708885 1.5386 0.23991 0.0797226
14 1.66069 0 0 0.0103178 0.0561241 -0.0408304
15 1.167 0 0 -0.00595463 0.00361555 -0.0873128
16 2.18852 0.50104 0.0576591 1.55893 0.123348 0.226068
17 1.29609 0 0 -0.203075 0.0749011 -0.697922
18 1.62202 0.000713348 -0.000471115 0.0360743 -0.00491091 -1.60563
19 1.22241 0 0 0.00725904 -0.00270847 -0.703281
20 1.76707 1.27612 0.0366411 1.52736 0.172032 0.124017
21 1.55588 0 0 -0.298752 0.180158 -0.613945
22 1.24273 0 0 -0.000523627 -0.000292228 -1.18846
23 0.784522 0 0 0.00666345 0.00160561 -0.545401
24 -2.83583 -0.518291 -10.3275 -0.000932693 0 -2.0944
25 6.02794 0 0 0.862675 0.70063 0.535033
26 11.7344 0 0 0.00140278 0 1.65917
27 8.81167 0 0 0.174751 0 0
28 5.77884 0 0 0.117083 0 0
29 2.23249 0 0 0.0576677 0 0
30 11.4725 0 0 0.142779 -0.341951 0.0683772
31 0.615812 0.994373 -0.809165 -2.3197 0.204357 0.676
32 2.24752 0 0 -0.0867722 -0.00541049 -0.0832859
33 1.11936 0 0 0.0324914 0.204797 0.58229
34 3.71348 0.10264 0.102191 -1.55118 -0.0476067 -0.0503101
35 1.72615 0 0 -0.0249662 -0.0119065 1.21331
36 1.21112 0 0 -0.00338156 0.016354 0.498172
37 3.5992 1.06012 0.070888 -1.57088 -0.170091 -0.0853117
38 1.66069 0 0 0.0356653 0.066627 0.70635
39 1.16699 0 0 0.0388822 0.0180903 0.821952
40 2.18853 -0.501041 0.0576596 -1.56776 -0.0877296 -0.20291
41 1.29609 0 0 0.00274398 -0.0239231 0.383183
42 1.62202 -0.000713348 -0.000469208 -0.0311466 -0.0234456 1.32874
43 1.22241 0 0 -0.0195445 0.000204384 1.11064
44 1.76707 -1.27612 0.0366406 -1.56739 -0.0649441 -0.237749
45 1.55588 0 0 0.00362632 0.0124504 0.522893
46 1.24273 0 0 0.000373546 -0.000468788 1.57783
47 0.784531 0 0 -0.00409253 0.0118468 1.09793
48 0 0 0 0 0 0
49 5.06808 -14.9617 -7.06407 -0.217534 0.0166331 -0.0971046
50 0 -1.70357 0.00508022 0 0 0
51 -0.00195932 3.96104 2.21118 0 0 0
52 0.641596 -0.666147 0.75166 0 0 0
53 0.786658 -3.45621 1.13628 0 0.198355 0
54 -0.706229 -4.69238 1.98618 -3.14159 -0.0872664 3.14159
55 0.0133305 1.02904 3.61174 0 0 0
56 0.0133305 -1.24399 2.23877 0 0 0
57 4.01162 -21.744 -21.0826 -0.0825728 0.0320904 -0.0946023
58 0.0129194 0.0367718 5.95712 0 0 0
time 40
0 7.96718 5.13272 -3.24532 0.000934124 0 -0.959925
1 6.02794 0 0 -0.471931 1.12027 -0.160531
2 11.7344 0 0 -0.00140288 0 -1.83907
3 8.81138 -0.000450134 -0.00011301 0.0806296 0 0.000157137
4 5.77839 0.000286102 0 0.0540218 0 0.000105534
5 2.23163 -0.000329018 -0.00036335 0.0266079 0 0
6 11.4725 0 0 -0.351177 -0.616558 0.661375
7 0.615219 -0.993092 -0.8107 2.86877 0.397357 -0.310174
8 2.24752 0 0 0.0715793 0.114086 -0.295502
9 1.11936 0 0 0.000849903 0.0785901 -1.14183
10 3.71348 -0.102641 0.10219 1.44717 0.805255 0.453677
11 1.72615 0 0 0.000435668 0.152128 -1.5215
12 1.21113 0 0 -0.00303761 0.0173728 -0.770565
13 3.59919 -1.06012 0.0708876 1.5386 0.23991 0.0797227
14 1.66069 0 0 0.0103178 0.0561241 -0.0408304
15 1.167 0 0 -0.00595464 0.00361556 -0.0873128
16 2.18852 0.50104 0.0576591 1.55893 0.123347 0.226068
17 1.29609 0 0 -0.203075 0.0749011 -0.697922
18 1.62202 0.000715256 -0.000471115 0.0360743 -0.0049109 -1.60563
19 1.22241 0 0 0.00725897 -0.0027084 -0.703281
20 1.76707 1.27612 0.0366402 1.52736 0.172031 0.124017
21 1.55588 0 0 -0.298752 0.180158 -0.613945
22 1.24273 0 0 -0.000523643 -0.000292257 -1.18846
23 0.784523 0 0 0.00666344 0.00160556 -0.545401
24 -2.83583 -0.518291 -10.3275 -0.000932693 0 -2.0944
25 6.02794 0 0 0.85996 0.704576 0.531132
26 11.7344 0 0 0.00140258 0 1.66264
27 8.81167 0 0 0.177188 0 0
28 5.77884 0 0 0.118716 0 0
29 2.23249 0 0 0.0584722 0 0
30 11.4725 0 0 0.147836 -0.33617 0.0619055
31 0.615812 0.994373 -0.809165 -2.3197 0.204357 0.676
32 2.24752 0 0 -0.0867723 -0.0054106 -0.0832856
33 1.11936 0 0 0.0324914 0.204797 0.58229
34 3.71349 0.10264 0.102191 -1.55118 -0.0476067 -0.0503099
35 1.72615 0 0 -0.0249661 -0.0119064 1.21331
36 1.21112 0 0 -0.00338152 0.0163538 0.498172
37 3.5992 1.06012 0.0708885 -1.57088 -0.170091 -0.0853116
38 1.66069 0 0 0.0356654 0.0666272 0.70635
39 1.16699 0 0 0.0388823 0.0180903 0.821952
40 2.18853 -0.50104 0.0576591 -1.56778 -0.0872563 -0.203217
41 1.29609 0 0 0.00359098 -0.0238493 0.346881
42 1.62202 -0.000713348 -0.000471115 -0.0305768 -0.0241408 1.30633
43 1.22241 0 0 -0.0200289 -0.000131039 1.08509
44 1.76707 -1.27612 0.0366406 -1.56741 -0.0644711 -0.238066
45 1.55588 0 0 0.00281878 0.0127788 0.446604
46 1.24273 0 0 0.000404868 -0.000442214 1.50916
47 0.784532 0 0 -0.00527632 0.0115789 1.02348
48 0 0 0 0 0 0
49 5.03987 -14.9593 -7.09639 -0.210733 0.0230589 -0.0933933
50 0 -1.70357 0.00508118 0 0 0
51 -0.00195932 3.96104 2.21118 0 0 0
52 0.641597 -0.666148 0.75166 0 0 0
53 0.786659 -3.45621 1.13628 0 0.198355 0
54 -0.706229 -4.69238 1.98618 3.14159 -0.0872663 -3.14159
55 0.01333 1.02904 3.61174 0 0 0
56 0.0133305 -1.24399 2.23877 0 0 0
57 3.76112 -21.3766 -21.2064 -0.065338 0.0567345 -0.0876288
58 0.0129199 0.0367718 5.95713 0 0 0
time 41
0 7.96718 5.13272 -3.24532 0.000934124 0 -0.959925
1 6.02794 0 0 -0.469237 1.12048 -0.161904
2 11.7344 0 0 -0.00140283 0 -1.83749
3 8.81138 -0.000449181 -0.000113487 0.0772962 0 0.000157098
4 5.77839 0.00028801 0 0.0517885 0 0.000105494
5 2.23163 -0.000329018 -0.000363827 0.0255078 0 0
6 11.4725 0 0 -0.360298 -0.622301 0.66474
7 0.615218 -0.993091 -0.8107 2.86877 0.397357 -0.310175
8 2.24752 0 0 0.0715793 0.114086 -0.295502
9 1.11936 0 0 0.000850019 0.0785901 -1.14183
10 3.71348 -0.10264 0.10219 1.44717 0.805255 0.453677
11 1.72615 0 0 0.000435607 0.152128 -1.5215
12 1.21114 0 0 -0.00303755 0.0173727 -0.770565
13 3.59919 -1.06012 0.0708876 1.5386 0.23991 0.0797227
14 1.66069 0 0 0.0103178 0.0561241 -0.0408303
15 1.167 0 0 -0.00595464 0.00361554 -0.0873128
16 2.18852 0.50104 0.0576587 1.55893 0.123347 0.226068
17 1.29609 0 0 -0.203075 0.0749011 -0.697922
18 1.62202 0.000711441 -0.000472069 0.0360743 -0.00491088 -1.60563
19 1.22241 0 0 0.007259 -0.00270848 -0.703282
20 1.76707 1.27612 0.0366411 1.52736 0.172031 0.124018
21 1.55588 0 0 -0.298752 0.180158 -0.613945
22 1.24273 0 0 -0.000523697 -0.000292284 -1.18846
23 0.784523 0 0 0.00666345 0.00160561 -0.545402
24 -2.83583 -0.518291 -10.3275 -0.000932693 0 -2.0944
25 6.02794 0 0 0.85844 0.706185 0.528131
26 11.7344 0 0 0.00140275 0 1.66484
27 8.81167 0 0 0.177135 0 0
28 5.77884 0 0 0.11868 0 0
29 2.23249 0 0 0.0584544 0 0
30 11.4725 0 0 0.149331 -0.329762 0.0592697
31 0.615813 0.994373 -0.809165 -2.31974 0.204355 0.676
32 2.24752 0 0 -0.0867711 -0.00530129 -0.0830266
33 1.11936 0 0 0.0315224 0.204949 0.577571
34 3.71349 0.102638 0.102192 -1.55124 -0.047604 -0.0505248
35 1.72615 0 0 -0.024859 -0.0121298 1.2048
36 1.21112 0 0 -0.00343315 0.0163562 0.494564
37 3.5992 1.06012 0.0708885 -1.57092 -0.170107 -0.0842524
38 1.66069 0 0 0.0353113 0.0668303 0.701166
39 1.16699 0 0 0.0388084 0.018367 0.815706
40 2.18853 -0.501041 0.0576591 -1.56781 -0.0867247 -0.203725
41 1.29609 0 0 0.0046016 -0.0237283 0.30379
42 1.62202 -0.000714779 -0.000469208 -0.0297558 -0.0250896 1.27503
43 1.22241 0 0 -0.0205563 -0.000632309 1.05144
44 1.76707 -1.27612 0.0366406 -1.56745 -0.0637788 -0.238588
45 1.55587 0 0 0.00172501 0.0130203 0.356439
46 1.24273 0 0 0.000440329 -0.000406977 1.42605
47 0.784531 0 0 -0.00663654 0.0111532 0.936036
48 0 0 0 0 0 0
49 5.02012 -14.9517 -7.12386 -0.209489 0.029121 -0.0908542
50 0 -1.70357 0.00508118 0 0 0
51 -0.0019598 3.96104 2.21118 0 0 0
52 0.641596 -0.666149 0.75166 0 0 0
53 0.786659 -3.45621 1.13628 0 0.198355 0
54 -0.706229 -4.69238 1.98618 -3.14159 -0.0872664 3.14159
55 0.0133295 1.02904 3.61174 0 0 0
56 0.01333 -1.24399 2.23877 0 0 0
57 3.44185 -21.0637 -21.284 -0.053464 0.0874826 -0.0807386
58 0.0129194 0.0367737 5.95713 0 0 0
time 42
0 7.96718 5.13272 -3.24532 0.000934124 0 -0.959925
1 6.02794 0 0 -0.466013 1.12089 -0.162026
2 11.7344 0 0 -0.00140297 0 -1.83399
3 8.81138 -0.000450134 -0.000112534 0.0700964 0 0.000157773
4 5.77839 0.000287056 0 0.0469646 0 0.000106001
5 2.23163 -0.000329018 -0.00036335 0.0231318 0 0
6 11.4725 0 0 -0.365528 -0.629488 0.657509
7 0.615219 -0.993092 -0.8107 2.86877 0.397357 -0.310175
8 2.24752 0 0 0.0715792 0.114086 -0.295502
9 1.11936 0 0 0.00085012 0.0785901 -1.14183
10 3.71348 -0.10264 0.10219 1.44717 0.805255 0.453677
11 1.72615 0 0 0.000435585 0.152128 -1.5215
12 1.21114 0 0 -0.00303754 0.0173727 -0.770564
13 3.59919 -1.06012 0.070888 1.5386 0.23991 0.0797228
14 1.66069 0 0 0.0103178 0.0561241 -0.0408303
15 1.167 0 0 -0.00595464 0.00361552 -0.0873129
16 2.18852 0.50104 0.0576591 1.55893 0.123348 0.226068
17 1.29609 0 0 -0.203075 0.0749011 -0.697923
18 1.62202 0.000713348 -0.000471115 0.0360743 -0.00491085 -1.60563
19 1.22241 0 0 0.00725904 -0.0027085 -0.703281
20 1.76707 1.27612 0.0366411 1.52736 0.172032 0.124018
21 1.55587 0 0 -0.298752 0.180158 -0.613945
22 1.24274 0 0 -0.000523672 -0.000292268 -1.18846
23 0.784524 0 0 0.00666352 0.0016056 -0.545401
24 -2.83583 -0.518291 -10.3275 -0.000932693 0 -2.0944
25 6.02794 0 0 0.858447 0.704768 0.526113
26 11.7344 0 0 0.0014027 0 1.6647
27 8.81167 0 0 0.174478 0 0
28 5.77884 0 0 0.1169 0 0
29 2.23249 0 0 0.0575777 0 0
30 11.4725 0 0 0.146879 -0.32194 0.061843
31 0.615814 0.994373 -0.809165 -2.31985 0.204341 0.676004
32 2.24752 0 0 -0.0867701 -0.00498805 -0.0822757
33 1.11936 0 0 0.0287455 0.205359 0.564064
34 3.71349 0.102638 0.102191 -1.55143 -0.0475936 -0.0511392
35 1.72615 0 0 -0.024542 -0.0127636 1.18045
36 1.21112 0 0 -0.00358037 0.0163614 0.484236
37 3.5992 1.06012 0.070888 -1.57103 -0.170062 -0.0812175
38 1.66069 0 0 0.0342926 0.0674016 0.68633
39 1.16699 0 0 0.0385878 0.0191554 0.797831
40 2.18853 -0.501041 0.0576587 -1.56788 -0.0862753 -0.20447
41 1.29609 0 0 0.00560516 -0.0236257 0.260738
42 1.62202 -0.000714302 -0.000471115 -0.0286085 -0.026321 1.23304
43 1.22241 0 0 -0.0209863 -0.00136786 1.01024
44 1.76707 -1.27612 0.0366397 -1.56752 -0.0628809 -0.239355
45 1.55588 0 0 0.000542277 0.0131309 0.267253
46 1.24273 0 0 0.000473649 -0.000367326 1.33936
47 0.784531 0 0 -0.00792169 0.0106251 0.850793
48 0 0 0 0 0 0
49 5.00881 -14.9457 -7.14976 -0.215049 0.0352461 -0.089459
50 0 -1.70357 0.00508118 0 0 0
51 -0.00196028 3.96104 2.21118 0 0 0
52 0.641596 -0.666148 0.751659 0 0 0
53 0.786658 -3.45621 1.13628 0 0.198355 0
54 -0.70623 -4.69238 1.98618 3.14159 -0.0872664 -3.14159
55 0.01333 1.02904 3.61174 0 0 0
56 0.0133305 -1.24399 2.23877 0 0 0
57 3.05349 -20.8316 -21.3141 -0.0483388 0.124366 -0.074488
58 0.0129194 0.0367718 5.95713 0 0 0
time 43
0 7.96718 5.13272 -3.24532 0.000934124 0 -0.959925
1 6.02794 0 0 -0.463143 1.12125 -0.16224
2 11.7344 0 0 -0.00140289 0 -1.82787
3 8.81138 -0.000448227 -0.000112534 0.0585391 0 0.000157678
4 5.77839 0.000286102 0 0.0392211 0 0.000105939
5 2.23164 -0.000329018 -0.000363827 0.0193179 0 0
6 11.4725 0 0 -0.368515 -0.638342 0.641503
7 0.615219 -0.993092 -0.810701 2.86877 0.397357 -0.310175
8 2.24752 0 0 0.0715791 0.114087 -0.295503
9 1.11936 0 0 0.000850057 0.0785902 -1.14183
10 3.71348 -0.102642 0.10219 1.44717 0.805255 0.453677
11 1.72615 0 0 0.000435668 0.152128 -1.5215
12 1.21114 0 0 -0.00303756 0.0173727 -0.770564
13 3.59919 -1.06012 0.070888 1.5386 0.23991 0.0797227
14 1.66069 0 0 0.0103178 0.0561241 -0.0408301
15 1.167 0 0 -0.00595464 0.00361555 -0.0873128
16 2.18852 0.501039 0.0576587 1.55893 0.123348 0.226068
17 1.29609 0 0 -0.203075 0.0749011 -0.697922
18 1.62202 0.000713348 -0.000470638 0.0360743 -0.00491091 -1.60563
19 1.22241 0 0 0.00725904 -0.00270851 -0.703281
20 1.76707 1.27612 0.0366406 1.52736 0.172031 0.124018
21 1.55588 0 0 -0.298752 0.180158 -0.613945
22 1.24273 0 0 -0.000523647 -0.000292305 -1.18846
23 0.784524 0 0 0.00666346 0.0016056 -0.545401
24 -2.83583 -0.518291 -10.3275 -0.000932693 0 -2.0944
25 6.02794 0 0 0.859627 0.700804 0.524547
26 11.7344 0 0 0.00140277 0 1.6622
27 8.81167 0 0 0.169941 0 0
28 5.77884 0 0 0.113861 0 0
29 2.23249 0 0 0.0560806 0 0
30 11.4725 0 0 0.141601 -0.312042 0.0687652
31 0.615813 0.994373 -0.809165 -2.32003 0.204303 0.676014
32 2.24752 0 0 -0.086773 -0.00449203 -0.0810735
33 1.11936 0 0 0.0243521 0.205931 0.542741
34 3.71349 0.102638 0.10219 -1.55171 -0.047572 -0.0521085
35 1.72615 0 0 -0.0240112 -0.0137471 1.142
36 1.21112 0 0 -0.0038121 0.0163657 0.467935
37 3.5992 1.06012 0.0708885 -1.57122 -0.169817 -0.0764213
38 1.66069 0 0 0.0326691 0.0682722 0.662912
39 1.16699 0 0 0.0382107 0.0203871 0.769616
40 2.18853 -0.501041 0.0576591 -1.56797 -0.0858727 -0.205422
41 1.29609 0 0 0.00642414 -0.0236602 0.224549
42 1.62202 -0.000713825 -0.000469208 -0.027044 -0.0278457 1.17855
43 1.22241 0 0 -0.0211768 -0.00240498 0.962043
44 1.76707 -1.27612 0.0366402 -1.56761 -0.061793 -0.240337
45 1.55588 0 0 -0.000431791 0.0132006 0.193898
46 1.24273 0 0 0.000501382 -0.000328633 1.25997
47 0.784532 0 0 -0.00890956 0.010128 0.782949
48 0 0 0 0 0 0
49 5.00147 -14.9478 -7.17895 -0.226062 0.0422348 -0.0887718
50 0 -1.70357 0.00508118 0 0 0
51 -0.00196028 3.96104 2.21118 0 0 0
52 0.641596 -0.666148 0.75166 0 0 0
53 0.786658 -3.4562 1.13628 0 0.198355 0
54 -0.70623 -4.69238 1.98618 3.14159 -0.0872664 3.14159
55 0.01333 1.02904 3.61174 0 0 0
56 0.01333 -1.24399 2.23877 0 0 0
57 2.5907 -20.6688 -21.3105 -0.0488058 0.167785 -0.0690929
58 0.0129194 0.0367718 5.95713 0 0 0
time 44
0 7.96718 5.13272 -3.24532 0.000934124 0 -0.959925
1 6.02794 0 0 -0.460486 1.12157 -0.162492
2 11.7344 0 0 -0.00140289 0 -1.81997
3 8.81138 -0.000449181 -0.000111103 0.0435012 0 0.000157219
4 5.77839 0.000287056 0 0.0291459 0 0.000105408
5 2.23164 -0.000329018 -0.000364304 0.0143554 0 0
6 11.4725 0 0 -0.3696 -0.648473 0.618853
7 0.615219 -0.993092 -0.8107 2.86877 0.397357 -0.310175
8 2.24752 0 0 0.0715792 0.114087 -0.295502
9 1.11936 0 0 0.000849971 0.0785902 -1.14183
10 3.71348 -0.102641 0.102191 1.44717 0.805255 0.453677
11 1.72615 0 0 0.000435683 0.152128 -1.5215
12 1.21114 0 0 -0.00303758 0.0173727 -0.770565
13 3.59919 -1.06012 0.0708876 1.5386 0.23991 0.0797228
14 1.66068 0 0 0.0103178 0.056124 -0.0408304
15 1.167 0 0 -0.00595462 0.00361555 -0.0873127
16 2.18852 0.50104 0.0576587 1.55893 0.123348 0.226068
17 1.29609 0 0 -0.203075 0.0749011 -0.697922
18 1.62202 0.000715256 -0.000470638 0.0360743 -0.00491087 -1.60563
19 1.22241 0 0 0.00725896 -0.00270846 -0.703281
20 1.76707 1.27612 0.0366406 1.52736 0.172032 0.124018
21 1.55588 0 0 -0.298752 0.180158 -0.613945
22 1.24274 0 0 -0.00052364 -0.00029221 -1.18846
23 0.784522 0 0 0.00666349 0.00160559 -0.545401
24 -2.83583 -0.518291 -10.3275 -0.000932693 0 -2.0944
25 6.02794 0 0 0.861689 0.694931 0.523389
26 11.7344 0 0 0.00140281 0 1.65821
27 8.81167 0 0 0.163743 0 0
28 5.77884 0 0 0.109708 0 0
29 2.23249 0 0 0.0540352 0 0
30 11.4725 0 0 0.134151 -0.300604 0.0786763
31 0.615812 0.994371 -0.809165 -2.32028 0.20423 0.676034
32 2.24752 0 0 -0.086783 -0.00383452 -0.079461
33 1.11936 0 0 0.0185328 0.206546 0.514575
34 3.71348 0.102638 0.102191 -1.55209 -0.0475355 -0.0533892
35 1.72615 0 0 -0.0232555 -0.0150127 1.09124
36 1.21112 0 0 -0.00411714 0.0163643 0.446408
37 3.5992 1.06012 0.0708885 -1.57148 -0.169227 -0.0700791
38 1.66069 0 0 0.0304972 0.0693627 0.631981
39 1.16699 0 0 0.0376599 0.0219886 0.732353
40 2.18853 -0.501043 0.0576587 -1.56807 -0.0854819 -0.206555
41 1.29609 0 0 0.00702131 -0.0240112 0.195713
42 1.62202 -0.000712872 -0.000471115 -0.025038 -0.0295946 1.11239
43 1.22241 0 0 -0.0211507 -0.00370795 0.906757
44 1.76707 -1.27612 0.0366416 -1.56772 -0.0605304 -0.241503
45 1.55588 0 0 -0.00101456 0.0134374 0.138602
46 1.24273 0 0 0.000525016 -0.000289574 1.18386
47 0.784531 0 0 -0.00968956 0.00970796 0.726782
48 0 0 0 0 0 0
49 4.99736 -14.9532 -7.20949 -0.241265 0.049865 -0.0887435
50 0 -1.70357 0.00508022 0 0 0
51 -0.00196028 3.96104 2.21118 0 0 0
52 0.641596 -0.666148 0.75166 0 0 0
53 0.786658 -3.45621 1.13628 0 0.198355 0
54 -0.706229 -4.69238 1.98618 3.14159 -0.0872664 3.14159
55 0.0133305 1.02904 3.61174 0 0 0
56 0.01333 -1.24399 2.23877 0 0 0
57 2.06336 -20.5543 -21.2788 -0.0538897 0.217089 -0.0651896
58 0.0129189 0.0367718 5.95712 0 0 0
time 45
0 7.96718 5.13272 -3.24532 0.000934124 0 -0.959925
1 6.02794 0 0 -0.45786 1.1219 -0.162688
2 11.7344 0 0 -0.00140295 0 -1.81113
3 8.81138 -0.000448227 -0.000112534 0.0259321 0 0.000157153
4 5.77839 0.000286102 0 0.0173746 0 0.000105294
5 2.23163 -0.000329018 -0.00036478 0.00855759 0 0
6 11.4725 0 0 -0.369158 -0.659455 0.591693
7 0.615219 -0.993093 -0.8107 2.86877 0.397357 -0.310175
8 2.24752 0 0 0.0715791 0.114087 -0.295503
9 1.11936 0 0 0.000850105 0.0785901 -1.14183
10 3.71348 -0.102642 0.102191 1.44717 0.805255 0.453676
11 1.72615 0 0 0.000435592 0.152128 -1.5215
12 1.21114 0 0 -0.00303753 0.0173728 -0.770564
13 3.59919 -1.06012 0.0708885 1.5386 0.23991 0.0797225
14 1.66069 0 0 0.0103178 0.0561241 -0.0408304
15 1.167 0 0 -0.00595464 0.00361554 -0.0873127
16 2.18853 0.50104 0.0576596 1.55893 0.123347 0.226068
17 1.29609 0 0 -0.203075 0.0749011 -0.697922
18 1.62202 0.000713348 -0.000471115 0.0360743 -0.00491083 -1.60563
19 1.22241 0 0 0.00725901 -0.00270852 -0.703281
20 1.76707 1.27612 0.0366416 1.52736 0.172031 0.124017
21 1.55588 0 0 -0.298752 0.180158 -0.613945
22 1.24274 0 0 -0.000523598 -0.000292271 -1.18846
23 0.784523 0 0 0.00666338 0.00160554 -0.545402
24 -2.83583 -0.518291 -10.3275 -0.000932693 0 -2.0944
25 6.02794 0 0 0.864326 0.687793 0.522567
26 11.7344 0 0 0.00140265 0 1.65361
27 8.81167 0 0 0.156119 0 0
28 5.77884 0 0 0.104599 0 0
29 2.23249 0 0 0.0515192 0 0
30 11.4725 0 0 0.125164 -0.288152 0.0902139
31 0.615813 0.994373 -0.809165 -2.32061 0.204109 0.676067
32 2.24752 0 0 -0.0868045 -0.00303731 -0.0774784
33 1.11936 0 0 0.0114832 0.207076 0.480539
34 3.71349 0.102638 0.10219 -1.55255 -0.0474804 -0.0549359
35 1.72615 0 0 -0.0222609 -0.0164866 1.0299
36 1.21112 0 0 -0.0044845 0.016352 0.420401
37 3.5992 1.06012 0.0708876 -1.57178 -0.16815 -0.0624076
38 1.66069 0 0 0.0278337 0.0705892 0.594608
39 1.16699 0 0 0.0369156 0.0238826 0.687332
40 2.18853 -0.50104 0.0576591 -1.56819 -0.0850679 -0.20784
41 1.29609 0 0 0.00748455 -0.0247283 0.170043
42 1.62202 -0.000712872 -0.000471115 -0.0226439 -0.0314325 1.03769
43 1.22241 0 0 -0.0210101 -0.00517009 0.844793
44 1.76707 -1.27612 0.0366411 -1.56785 -0.0591092 -0.242826
45 1.55588 0 0 -0.0012657 0.0139238 0.0931362
46 1.24273 0 0 0.000547109 -0.000245022 1.10077
47 0.784531 0 0 -0.0104701 0.00928752 0.66704
48 0 0 0 0 0 0
49 4.99578 -14.9574 -7.23942 -0.259392 0.0579146 -0.089325
50 0 -1.70357 0.00507927 0 0 0
51 -0.00196028 3.96104 2.21118 0 0 0
52 0.641595 -0.666147 0.751659 0 0 0
53 0.786658 -3.45621 1.13628 0 0.198355 0
54 -0.70623 -4.69238 1.98618 3.14159 -0.0872664 -3.14159
55 0.01333 1.02904 3.61174 0 0 0
56 0.0133295 -1.24399 2.23877 0 0 0
57 1.48099 -20.4668 -21.2238 -0.0627097 0.271581 -0.0633757
58 0.0129194 0.0367737 5.95713 0 0 0
time 46
0 7.96718 5.13272 -3.24532 0.000934124 0 -0.959925
1 6.02794 0 0 -0.454592 1.12237 -0.162191
2 11.7344 0 0 -0.00140295 0 -1.80268
3 8.81138 -0.000448227 -0.000113487 0.00708337 0 0.000156881
4 5.77839 0.000287056 0 0.00474578 0 0.000105166
5 2.23163 -0.000329018 -0.000364304 0.00233746 0 0
6 11.4725 0 0 -0.367612 -0.670847 0.562387
7 0.615219 -0.993091 -0.8107 2.86877 0.397357 -0.310175
8 2.24752 0 0 0.0715793 0.114086 -0.295502
9 1.11936 0 0 0.000849918 0.0785902 -1.14183
10 3.71348 -0.10264 0.102191 1.44717 0.805255 0.453676
11 1.72615 0 0 0.000435615 0.152128 -1.5215
12 1.21114 0 0 -0.00303749 0.0173727 -0.770564
13 3.59919 -1.06012 0.070888 1.5386 0.23991 0.0797225
14 1.66069 0 0 0.0103178 0.0561241 -0.0408305
15 1.167 0 0 -0.00595464 0.00361554 -0.0873127
16 2.18852 0.501041 0.0576591 1.55893 0.123348 0.226068
17 1.29609 0 0 -0.203075 0.0749011 -0.697922
18 1.62202 0.000713348 -0.000470161 0.0360743 -0.00491091 -1.60563
19 1.22241 0 0 0.00725897 -0.00270848 -0.703282
20 1.76707 1.27612 0.0366411 1.52736 0.172031 0.124017
21 1.55588 0 0 -0.298752 0.180158 -0.613945
22 1.24273 0 0 -0.000523705 -0.00029238 -1.18846
23 0.784522 0 0 0.00666352 0.00160563 -0.545401
24 -2.83583 -0.518291 -10.3275 -0.000932693 0 -2.0944
25 6.02794 0 0 0.857412 0.693863 0.506278
26 11.7344 0 0 0.00140277 0 1.67596
27 8.81167 0 0 0.122026 0 0
28 5.77884 0 0 0.0817577 0 0
29 2.23249 0 0 0.0402688 0 0
30 11.4725 0 0 0.0981915 -0.287407 0.0682402
31 0.615813 0.994373 -0.809165 -2.32101 0.203929 0.676116
32 2.24752 0 0 -0.0868403 -0.00212145 -0.0751665
33 1.11936 0 0 0.00340576 0.207395 0.44161
34 3.71349 0.102638 0.102192 -1.55308 -0.0474033 -0.0567044
35 1.72615 0 0 -0.0210194 -0.0180919 0.95976
36 1.21112 0 0 -0.00490166 0.0163233 0.390662
37 3.5992 1.06012 0.0708883 -1.57212 -0.166441 -0.0536241
38 1.66069 0 0 0.0247397 0.0718678 0.551862
39 1.16699 0 0 0.0359615 0.025989 0.635845
40 2.18853 -0.501041 0.0576599 -1.56833 -0.084595 -0.209247
41 1.29609 0 0 0.00782641 -0.0257677 0.147355
42 1.62202 -0.000713348 -0.000469208 -0.0198851 -0.0332513 0.956062
43 1.22241 0 0 -0.0207373 -0.0067469 0.777445
44 1.76707 -1.27612 0.0366409 -1.56799 -0.0575445 -0.244276
45 1.55587 0 0 -0.00120826 0.0146534 0.0566618
46 1.24273 0 0 0.000566735 -0.000195568 1.01219
47 0.784531 0 0 -0.0112337 0.00885846 0.604624
48 0 0 0 0 0 0
49 4.99599 -14.9556 -7.2668 -0.279181 0.0661614 -0.0904673
50 0 -1.70357 0.00508118 0 0 0
51 -0.00195932 3.96104 2.21118 0 0 0
52 0.641596 -0.666148 0.751661 0 0 0
53 0.786658 -3.4562 1.13628 0 0.198355 0
54 -0.706229 -4.69238 1.98618 3.14159 -0.0872664 3.14159
55 0.0133305 1.02904 3.61174 0 0 0
56 0.0133305 -1.24399 2.23877 0 0 0
57 0.852805 -20.3846 -21.1503 -0.0744708 0.330505 -0.0641522
58 0.0129185 0.0367699 5.95713 0 0 0
time 47
0 7.96718 5.13272 -3.24532 0.000934124 0 -0.959925
1 6.02794 0 0 -0.450934 1.12292 -0.161401
2 11.7344 0 0 -0.00140282 0 -1.79484
3 8.81138 -0.000449181 -0.000112057 -0.0122475 0 0.000157229
4 5.77839 0.000287056 0 -0.0082058 0 0.000105289
5 2.23163 -0.000328064 -0.000363827 -0.00404179 0 0
6 11.4725 0 0 -0.365445 -0.682199 0.532721
7 0.615218 -0.993092 -0.810699 2.86877 0.397357 -0.310175
8 2.24752 0 0 0.0715793 0.114087 -0.295502
9 1.11936 0 0 0.000850105 0.0785901 -1.14183
10 3.71348 -0.102641 0.102191 1.44717 0.805255 0.453677
11 1.72615 0 0 0.000435653 0.152128 -1.5215
12 1.21114 0 0 -0.00303753 0.0173727 -0.770564
13 3.59919 -1.06012 0.070888 1.5386 0.23991 0.0797225
14 1.66069 0 0 0.0103178 0.056124 -0.0408302
15 1.167 0 0 -0.00595464 0.00361554 -0.0873128
16 2.18852 0.50104 0.0576596 1.55893 0.123347 0.226068
17 1.29609 0 0 -0.203075 0.0749011 -0.697923
18 1.62202 0.000711441 -0.000471115 0.0360743 -0.00491087 -1.60563
19 1.22241 0 0 0.00725893 -0.00270852 -0.703282
20 1.76707 1.27612 0.0366406 1.52736 0.172031 0.124017
21 1.55588 0 0 -0.298752 0.180158 -0.613945
22 1.24274 0 0 -0.00052359 -0.00029223 -1.18846
23 0.784522 0 0 0.00666345 0.00160558 -0.545401
24 -2.83583 -0.518291 -10.3275 -0.000932693 0 -2.0944
25 6.02794 0 0 0.839298 0.709123 0.463687
26 11.7344 0 0 0.00140272 0 1.73197
27 8.81167 0 0 0.0354842 0 0
28 5.77884 0 0 0.0237745 0 0
29 2.23249 0 0 0.0117098 0 0
30 11.4725 0 0 0.0304452 -0.284941 0.0128724
31 0.615813 0.994371 -0.809165 -2.32148 0.203677 0.676185
32 2.24752 0 0 -0.0868945 -0.00110867 -0.0725656
33 1.11936 0 0 -0.00548773 0.207392 0.39877
34 3.71349 0.102638 0.102191 -1.55365 -0.0473006 -0.0586505
35 1.72615 0 0 -0.019532 -0.0197509 0.88257
36 1.21112 0 0 -0.00535687 0.0162742 0.357936
37 3.5992 1.06012 0.0708878 -1.57246 -0.163957 -0.043948
38 1.66069 0 0 0.0212816 0.0731196 0.504816
39 1.16699 0 0 0.034788 0.0282272 0.57918
40 2.18853 -0.50104 0.0576589 -1.56847 -0.0840284 -0.210749
41 1.29609 0 0 0.00805878 -0.0270846 0.127465
42 1.62202 -0.00071311 -0.000471115 -0.0168027 -0.034951 0.869134
43 1.22241 0 0 -0.0203203 -0.00839247 0.706006
44 1.76707 -1.27612 0.0366404 -1.56815 -0.0558525 -0.245822
45 1.55588 0 0 -0.000872847 0.0156088 0.0283431
46 1.24273 0 0 0.000582144 -0.000142428 0.919639
47 0.784531 0 0 -0.0119641 0.00841658 0.540434
48 0 0 0 0 0 0
49 4.99727 -14.9434 -7.28968 -0.299369 0.0743834 -0.0921215
50 0 -1.70357 0.00508118 0 0 0
51 -0.0019598 3.96104 2.21118 0 0 0
52 0.641596 -0.666149 0.751659 0 0 0
53 0.786658 -3.45621 1.13628 0 0.198355 0
54 -0.706229 -4.69238 1.98618 3.14159 -0.0872663 -3.14159
55 0.01333 1.02904 3.61174 0 0 0
56 0.01333 -1.24399 2.23877 0 0 0
57 0.187718 -20.2867 -21.0633 -0.0884383 0.393054 -0.067872
58 0.0129194 0.0367699 5.95713 0 0 0
time 48
0 7.96718 5.13272 -3.24532 0.000934124 0 -0.959925
1 6.02794 0 0 -0.44608 1.12372 -0.159554
2 11.7344 0 0 -0.00140284 0 -1.78887
3 8.81138 -0.000449181 -0.000112057 -0.0306886 0 0.000157241
4 5.77839 0.000286102 0 -0.0205613 0 0.000105352
5 2.23163 -0.000329971 -0.000362873 -0.0101272 0 0
6 11.4725 0 0 -0.363206 -0.693065 0.505029
7 0.615219 -0.993092 -0.8107 2.86877 0.397357 -0.310174
8 2.24752 0 0 0.0715793 0.114087 -0.295502
9 1.11936 0 0 0.000850135 0.0785902 -1.14183
10 3.71348 -0.102641 0.102191 1.44717 0.805255 0.453677
11 1.72615 0 0 0.00043563 0.152128 -1.5215
12 1.21114 0 0 -0.00303755 0.0173727 -0.770565
13 3.59919 -1.06012 0.070888 1.5386 0.23991 0.0797228
14 1.66069 0 0 0.0103178 0.0561241 -0.0408303
15 1.167 0 0 -0.00595464 0.00361553 -0.0873129
16 2.18852 0.50104 0.0576591 1.55893 0.123348 0.226068
17 1.29609 0 0 -0.203075 0.0749011 -0.697922
18 1.62202 0.000713348 -0.000471592 0.0360743 -0.00491089 -1.60563
19 1.22241 0 0 0.00725899 -0.00270845 -0.703282
20 1.76707 1.27612 0.0366411 1.52736 0.172031 0.124018
21 1.55588 0 0 -0.298752 0.180158 -0.613945
22 1.24274 0 0 -0.00052359 -0.000292176 -1.18846
23 0.784523 0 0 0.00666343 0.00160557 -0.545402
24 -2.83583 -0.518291 -10.3275 -0.000932693 0 -2.0944
25 6.02794 0 0 0.813536 0.72946 0.40345
26 11.7344 0 0 0.00140266 0 1.80598
27 8.81167 0 0 -0.0777404 0 0
28 5.77884 0 0 -0.0520861 0 0
29 2.23249 0 0 -0.0256544 0 0
30 11.4725 0 0 -0.0582349 -0.280183 -0.0602913
31 0.615812 0.994373 -0.809166 -2.32202 0.203342 0.676276
32 2.24752 0 0 -0.0869708 0 -0.0697165
33 1.11936 0 0 -0.014977 0.20698 0.353002
34 3.71349 0.102638 0.102191 -1.55427 -0.0471686 -0.0607294
35 1.72615 0 0 -0.0178117 -0.0213886 0.800091
36 1.21112 0 0 -0.00583879 0.0162015 0.32297
37 3.5992 1.06012 0.070888 -1.57276 -0.160555 -0.0335996
38 1.66069 0 0 0.0175338 0.0742749 0.454541
39 1.16699 0 0 0.033397 0.0305184 0.51863
40 2.18853 -0.501041 0.0576589 -1.56863 -0.083333 -0.212318
41 1.29609 0 0 0.00819441 -0.0286313 0.11019
42 1.62202 -0.000713825 -0.000469208 -0.0134549 -0.036444 0.778519
43 1.22241 0 0 -0.0197557 -0.0100616 0.63177
44 1.76707 -1.27612 0.0366402 -1.56832 -0.0540485 -0.247437
45 1.55588 0 0 -0.000294987 0.0167646 0.00734305
46 1.24273 0 0 0.000593104 0 0.824594
47 0.78453 0 0 -0.012647 0.00796089 0.475372
48 0 0 0 0 0 0
49 4.99891 -14.9161 -7.30612 -0.318691 0.0823584 -0.0942384
50 0 -1.70357 0.00508022 0 0 0
51 -0.00196028 3.96104 2.21118 0 0 0
52 0.641595 -0.666146 0.75166 0 0 0
53 0.786658 -3.45621 1.13628 0 0.198355 0
54 -0.70623 -4.69238 1.98618 3.14159 -0.0872664 -3.14159
55 0.0133295 1.02904 3.61174 0 0 0
56 0.01333 -1.24399 2.23877 0 0 0
57 -0.505579 -20.1518 -20.9682 -0.103892 0.458386 -0.0746878
58 0.0129194 0.0367718 5.95713 0 0 0
time 49
0 7.96718 5.13272 -3.24532 0.000934124 0 -0.959925
1 6.02794 0 0 -0.439378 1.12488 -0.156074
2 11.7344 0 0 -0.00140301 0 -1.7858
3 8.81138 -0.000449181 -0.00011301 -0.046941 0 0.000157113
4 5.77839 0.000286102 0 -0.0314505 0 0.000104989
5 2.23163 -0.000329971 -0.000364304 -0.0154904 0 0
6 11.4725 0 0 -0.361511 -0.703012 0.481507
7 0.615219 -0.993092 -0.8107 2.86877 0.397357 -0.310175
8 2.24752 0 0 0.0715792 0.114086 -0.295502
9 1.11936 0 0 0.000849993 0.0785901 -1.14183
10 3.71348 -0.102641 0.10219 1.44717 0.805255 0.453677
11 1.72615 0 0 0.000435653 0.152128 -1.5215
12 1.21114 0 0 -0.00303755 0.0173728 -0.770564
13 3.59919 -1.06012 0.070888 1.5386 0.23991 0.0797226
14 1.66069 0 0 0.0103178 0.056124 -0.0408302
15 1.167 0 0 -0.00595464 0.00361555 -0.0873129
16 2.18852 0.50104 0.0576591 1.55893 0.123347 0.226068
17 1.29609 0 0 -0.203075 0.0749011 -0.697922
18 1.62202 0.000715256 -0.000472069 0.0360743 -0.00491093 -1.60563
19 1.22241 0 0 0.00725901 -0.00270849 -0.703281
20 1.76707 1.27612 0.0366411 1.52736 0.172031 0.124018
21 1.55588 0 0 -0.298752 0.180158 -0.613945
22 1.24274 0 0 -0.000523672 -0.000292268 -1.18846
23 0.784523 0 0 0.00666347 0.0016056 -0.545401
24 -2.83583 -0.518291 -10.3275 -0.000932693 0 -2.0944
25 6.02794 0 0 0.783624 0.751655 0.334828
26 11.7344 0 0 0.0014027 0 1.88298
27 8.81167 0 0 -0.189859 0 0
28 5.77884 0 0 -0.127205 0 0
29 2.23249 0 0 -0.0626534 0 0
30 11.4725 0 0 -0.14878 -0.273315 -0.135746
31 0.615812 0.994375 -0.809166 -2.32263 0.202912 0.676393
32 2.24752 0 0 -0.0870723 0.00112298 -0.0666597
33 1.11936 0 0 -0.0248362 0.206099 0.305291
34 3.71349 0.102642 0.102191 -1.55491 -0.047004 -0.0628969
35 1.72615 0 0 -0.0158873 -0.0229365 0.714084
36 1.21112 0 0 -0.00633461 0.0161035 0.286511
37 3.5992 1.06012 0.0708878 -1.573 -0.156091 -0.0228008
38 1.66069 0 0 0.0135776 0.0752759 0.40211
39 1.16699 0 0 0.0318017 0.0327883 0.455486
40 2.18853 -0.501038 0.0576589 -1.56878 -0.0824735 -0.213924
41 1.29609 0 0 0.00824611 -0.0303591 0.0953476
42 1.62202 -0.000713229 -0.000471115 -0.00991749 -0.0376625 0.685837
43 1.22241 0 0 -0.0190488 -0.0117103 0.556032
44 1.76707 -1.27612 0.0366404 -1.5685 -0.0521481 -0.24909
45 1.55587 0 0 0.000485896 0.0180877 -0.00717342
46 1.24273 0 0 0.00059866 0 0.728556
47 0.784531 0 0 -0.0132703 0.00749346 0.410337
48 0 0 0 0 0 0
49 5.00017 -14.869 -7.31415 -0.335884 0.0898644 -0.0967689
50 0 -1.70357 0.00508118 0 0 0
51 -0.0019598 3.96104 2.21118 0 0 0
52 0.641596 -0.666147 0.751661 0 0 0
53 0.786658 -3.45621 1.13628 0 0.198355 0
54 -0.706229 -4.69238 1.98618 -3.14159 -0.0872664 3.14159
55 0.01333 1.02904 3.61174 0 0 0
56 0.01333 -1.24399 2.23877 0 0 0
57 -1.21854 -19.9592 -20.8711 -0.12006 0.525649 -0.0844925
58 0.0129194 0.0367737 5.95712 0 0 0
time 50
0 7.96718 5.13272 -3.24532 0.000934124 0 -0.959925
1 6.02794 0 0 -0.43008 1.12654 -0.150295
2 11.7344 0 0 -0.00140293 0 -1.78664
3 8.81139 -0.000451088 -0.000111103 -0.0596644 0 0.000157618
4 5.77839 0.000285149 0 -0.0399751 0 0.000105276
5 2.23164 -0.000329971 -0.000362873 -0.0196893 0 0
6 11.4725 0 0 -0.361035 -0.711613 0.464372
7 0.615219 -0.993091 -0.8107 2.86876 0.397357 -0.310175
8 2.24752 0 0 0.0715793 0.114086 -0.295502
9 1.11936 0 0 0.000850072 0.0785901 -1.14183
10 3.71348 -0.102641 0.10219 1.44717 0.805255 0.453677
11 1.72615 0 0 0.000435653 0.152128 -1.5215
12 1.21113 0 0 -0.00303752 0.0173727 -0.770564
13 3.59919 -1.06012 0.070888 1.5386 0.23991 0.0797227
14 1.66069 0 0 0.0103178 0.056124 -0.0408302
15 1.167 0 0 -0.00595463 0.00361556 -0.0873128
16 2.18852 0.50104 0.0576587 1.55893 0.123347 0.226068
17 1.29609 0 0 -0.203075 0.074901 -0.697922
18 1.62202 0.000713348 -0.000472069 0.0360743 -0.00491092 -1.60563
19 1.22241 0 0 0.00725895 -0.00270848 -0.703282
20 1.76707 1.27612 0.0366406 1.52736 0.172031 0.124018
21 1.55588 0 0 -0.298752 0.180158 -0.613945
22 1.24273 0 0 -0.000523689 -0.000292243 -1.18846
23 0.784523 0 0 0.00666348 0.00160558 -0.545401
24 -2.83583 -0.518291 -10.3275 -0.000932693 0 -2.0944
25 6.02794 0 0 0.752354 0.774486 0.267782
26 11.7344 0 0 0.00140271 0 1.95085
27 8.81167 0 0 -0.277579 0 0
28 5.77884 0 0 -0.185978 0 0
29 2.23249 0 0 -0.0916012 0 0
30 11.4725 0 0 -0.223434 -0.26636 -0.199494
31 0.615813 0.994373 -0.809165 -2.3233 0.202375 0.67654
32 2.24752 0 0 -0.087203 0.00229876 -0.0634355
33 1.11936 0 0 -0.0348356 0.20473 0.256627
34 3.71349 0.10264 0.102191 -1.55557 -0.0468032 -0.0651084
35 1.72615 0 0 -0.0138 -0.024337 0.62631
36 1.21112 0 0 -0.00683331 0.0159806 0.249306
37 3.5992 1.06012 0.070888 -1.57311 -0.150428 -0.0117737
38 1.66069 0 0 0.009501 0.0760815 0.348598
39 1.16699 0 0 0.0300302 0.03497 0.391038
40 2.18853 -0.50104 0.0576591 -1.56894 -0.0814151 -0.215539
41 1.29609 0 0 0.00822676 -0.0322177 0.0827536
42 1.62202 -0.000713348 -0.000469208 -0.00627703 -0.0385607 0.592711
43 1.22241 0 0 -0.018215 -0.013298 0.480085
44 1.76707 -1.27612 0.0366402 -1.56868 -0.0501677 -0.250753
45 1.55587 0 0 0.00142871 0.0195392 -0.0160422
46 1.24273 0 0 0.000598823 0 0.633021
47 0.784531 0 0 -0.0138253 0.00701975 0.346232
48 0 0 0 0 0 0
49 5.00035 -14.7975 -7.31185 -0.349684 0.0966792 -0.0996642
50 0 -1.70357 0.00508118 0 0 0
51 -0.00196028 3.96104 2.21118 0 0 0
52 0.641596 -0.666147 0.75166 0 0 0
53 0.786658 -3.45621 1.13628 0 0.198355 0
54 -0.70623 -4.69238 1.98618 3.14159 -0.0872663 -3.14159
55 0.0133295 1.02904 3.61174 0 0 0
56 0.0133295 -1.24399 2.23877 0 0 0
57 -1.94264 -19.6879 -20.7782 -0.136027 0.594011 -0.0968419
58 0.0129194 0.0367737 5.95713 0 0 0
time 51
0 7.96718 5.13272 -3.24532 0.000934124 0 -0.959925
1 6.02794 0 0 -0.416976 1.12887 -0.14127
2 11.7344 0 0 -0.00140279 0 -1.79153
3 8.81138 -0.000450134 -0.000112534 -0.0693435 0 0.000157534
4 5.77839 0.000285149 0 -0.0464602 0 0.000105286
5 2.23163 -0.000329971 -0.00036478 -0.0228834 0 0
6 11.4725 0 0 -0.361736 -0.719416 0.452601
7 0.615219 -0.993092 -0.8107 2.86877 0.397357 -0.310175
8 2.24752 0 0 0.0715792 0.114086 -0.295503
9 1.11936 0 0 0.000850031 0.0785901 -1.14183
10 3.71348 -0.10264 0.102191 1.44717 0.805255 0.453677
11 1.72615 0 0 0.000435622 0.152128 -1.5215
12 1.21114 0 0 -0.00303754 0.0173727 -0.770565
13 3.59919 -1.06012 0.0708876 1.5386 0.23991 0.0797226
14 1.66069 0 0 0.0103178 0.0561241 -0.0408302
15 1.167 0 0 -0.00595464 0.00361554 -0.0873128
16 2.18853 0.50104 0.0576587 1.55893 0.123347 0.226068
17 1.29609 0 0 -0.203075 0.0749011 -0.697922
18 1.62202 0.000715256 -0.000471115 0.0360743 -0.00491084 -1.60563
19 1.22241 0 0 0.00725899 -0.00270851 -0.703282
20 1.76707 1.27612 0.0366406 1.52736 0.172031 0.124017
21 1.55588 0 0 -0.298752 0.180158 -0.613945
22 1.24273 0 0 -0.000523689 -0.000292297 -1.18846
23 0.784523 0 0 0.00666343 0.00160557 -0.545401
24 -2.83583 -0.518291 -10.3275 -0.000932693 0 -2.0944
25 6.02794 0 0 0.71364 0.803415 0.196845
26 11.7344 0 0 0.00140279 0 2.01498
27 8.81167 0 0 -0.346854 0 0
28 5.77884 0 0 -0.232392 0 0
29 2.23249 0 0 -0.114462 0 0
30 11.4725 0 0 -0.285431 -0.261742 -0.254592
31 0.615812 0.994373 -0.809165 -2.32405 0.201719 0.676718
32 2.24752 0 0 -0.0873665 0.00348614 -0.0600849
33 1.11936 0 0 -0.0447486 0.202889 0.207996
34 3.71349 0.10264 0.10219 -1.55623 -0.0465625 -0.0673193
35 1.72615 0 0 -0.0116047 -0.0255463 0.53853
36 1.21112 0 0 -0.00732363 0.0158348 0.212101
37 3.5992 1.06012 0.070888 -1.57304 -0.143427 -0.000741104
38 1.66069 0 0 0.00539599 0.0766666 0.29508
39 1.16699 0 0 0.0281221 0.0370064 0.326582
40 2.18853 -0.501041 0.0576591 -1.5691 -0.0801224 -0.217136
41 1.29609 0 0 0.00814896 -0.0341559 0.0722261
42 1.62202 -0.000713348 -0.0004673 -0.00262907 -0.039119 0.50076
43 1.22241 0 0 -0.0172773 -0.0147893 0.405224
44 1.76707 -1.27612 0.0366402 -1.56887 -0.0481224 -0.252395
45 1.55588 0 0 0.00249095 0.0210762 -0.0200984
46 1.24273 0 0 0.000593498 0 0.539484
47 0.78453 0 0 -0.014306 0.00654648 0.283956
48 0 0 0 0 0 0
49 5 -14.6964 -7.30163 -0.360789 0.103027 -0.103063
50 0 -1.70357 0.00508118 0 0 0
51 -0.00195932 3.96104 2.21118 0 0 0
52 0.641596 -0.666147 0.75166 0 0 0
53 0.786658 -3.4562 1.13628 0 0.198355 0
54 -0.706229 -4.69238 1.98618 -3.14159 -0.0872664 3.14159
55 0.0133305 1.02904 3.61174 0 0 0
56 0.013329 -1.24399 2.23877 0 0 0
57 -2.67643 -19.3418 -20.6863 -0.153094 0.663122 -0.112365
58 0.0129194 0.0367756 5.95713 0 0 0
time 52
0 7.96718 5.13272 -3.24532 0.000934124 0 -0.959925
1 6.02794 0 0 -0.400054 1.13179 -0.129062
2 11.7344 0 0 -0.00140282 0 -1.79946
3 8.81138 -0.000450134 -0.00011158 -0.0774841 0 0.000157422
4 5.77839 0.000286102 0 -0.0519144 0 0.000105041
5 2.23163 -0.000329971 -0.00036335 -0.0255697 0 0
6 11.4725 0 0 -0.363005 -0.727156 0.443448
7 0.615219 -0.993093 -0.8107 2.86877 0.397357 -0.310175
8 2.24752 0 0 0.0715792 0.114086 -0.295502
9 1.11936 0 0 0.000850098 0.0785901 -1.14183
10 3.71348 -0.102641 0.102191 1.44717 0.805255 0.453677
11 1.72615 0 0 0.000435638 0.152128 -1.5215
12 1.21114 0 0 -0.00303753 0.0173727 -0.770565
13 3.59919 -1.06012 0.0708885 1.5386 0.23991 0.0797228
14 1.66069 0 0 0.0103178 0.0561241 -0.0408303
15 1.167 0 0 -0.00595465 0.0036155 -0.087313
16 2.18852 0.501039 0.0576591 1.55893 0.123348 0.226068
17 1.29609 0 0 -0.203075 0.0749011 -0.697922
18 1.62202 0.000713348 -0.000471115 0.0360743 -0.00491087 -1.60563
19 1.22241 0 0 0.00725902 -0.00270846 -0.703281
20 1.76707 1.27612 0.0366411 1.52736 0.172031 0.124018
21 1.55588 0 0 -0.298752 0.180158 -0.613945
22 1.24273 0 0 -0.000523631 -0.000292222 -1.18846
23 0.784523 0 0 0.00666345 0.00160552 -0.545401
24 -2.83583 -0.518291 -10.3275 -0.000932693 0 -2.0944
25 6.02794 0 0 0.657161 0.842295 0.106563
26 11.7344 0 0 0.00140274 0 2.08572
27 8.81167 0 0 -0.413308 0 0
28 5.77884 0 0 -0.276916 0 0
29 2.23249 0 0 -0.136392 0 0
30 11.4725 0 0 -0.348227 -0.259292 -0.309818
31 0.615814 0.994371 -0.809165 -2.32486 0.200932 0.676932
32 2.24752 0 0 -0.0875667 0.00466364 -0.0566481
33 1.11936 0 0 -0.0543556 0.200632 0.16038
34 3.71349 0.102638 0.102191 -1.55687 -0.0462787 -0.0694856
35 1.72615 0 0 -0.00936518 -0.0265374 0.452506
36 1.21112 0 0 -0.00779531 0.0156697 0.175643
37 3.5992 1.06012 0.0708885 -1.57276 -0.134952 0.0100746
38 1.66069 0 0 0.00135755 0.0770249 0.242632
39 1.16699 0 0 0.0261297 0.0388535 0.263409
40 2.18853 -0.501041 0.0576591 -1.56925 -0.0785603 -0.218684
41 1.29609 0 0 0.00802574 -0.0361214 0.0635823
42 1.62202 -0.000712872 -0.000469208 0.000929133 -0.0393442 0.411609
43 1.2224 0 0 -0.0162668 -0.0161557 0.332743
44 1.76707 -1.27612 0.0366411 -1.56906 -0.0460276 -0.253989
45 1.55588 0 0 0.00362865 0.0226535 -0.0201784
46 1.24273 0 0 0.00058375 0.000136813 0.449442
47 0.784531 0 0 -0.0147108 0.00608326 0.224411
48 0 0 0 0 0 0
49 5.00013 -14.5682 -7.28659 -0.370823 0.109264 -0.107075
50 0 -1.70357 0.00508118 0 0 0
51 -0.00195932 3.96104 2.21118 0 0 0
52 0.641596 -0.666149 0.75166 0 0 0
53 0.786658 -3.45621 1.13628 0 0.198355 0
54 -0.70623 -4.69238 1.98618 3.14159 -0.0872664 3.14159
55 0.0133305 1.02904 3.61174 0 0 0
56 0.0133305 -1.24399 2.23877 0 0 0
57 -3.42017 -18.9453 -20.5865 -0.173995 0.732713 -0.1327
58 0.0129185 0.0367699 5.95713 0 0 0
time 53
0 7.96718 5.13272 -3.24532 0.000934124 0 -0.959925
1 6.02794 0 0 -0.38066 1.13494 -0.114853
2 11.7344 0 0 -0.00140285 0 -1.80944
3 8.81138 -0.000450134 -0.000111103 -0.0844176 0 0.000157231
4 5.77839 0.000286102 0 -0.0565598 0 0.000104945
5 2.23163 -0.000329971 -0.000364304 -0.0278578 0 0
6 11.4725 0 0 -0.364706 -0.734674 0.436386
7 0.61522 -0.993092 -0.8107 2.86877 0.397357 -0.310175
8 2.24752 0 0 0.0715791 0.114087 -0.295502
9 1.11936 0 0 0.000850184 0.07859 -1.14183
10 3.71348 -0.102641 0.102191 1.44717 0.805255 0.453677
11 1.72615 0 0 0.00043569 0.152128 -1.5215
12 1.21114 0 0 -0.00303757 0.0173727 -0.770565
13 3.59919 -1.06012 0.0708876 1.5386 0.23991 0.0797225
14 1.66069 0 0 0.0103178 0.0561241 -0.0408303
15 1.167 0 0 -0.00595463 0.00361554 -0.0873128
16 2.18852 0.50104 0.0576587 1.55893 0.123347 0.226068
17 1.29609 0 0 -0.203075 0.0749011 -0.697922
18 1.62202 0.000711441 -0.000470638 0.0360743 -0.00491087 -1.60563
19 1.22241 0 0 0.00725901 -0.00270851 -0.703281
20 1.76707 1.27612 0.0366406 1.52736 0.172031 0.124018
21 1.55588 0 0 -0.298752 0.180158 -0.613945
22 1.24274 0 0 -0.000523664 -0.00029228 -1.18846
23 0.784523 0 0 0.00666349 0.00160557 -0.545401
24 -2.83583 -0.518291 -10.3275 -0.000932693 0 -2.0944
25 6.02794 0 0 0.576809 0.888182 -0.00938636
26 11.7344 0 0 0.00140274 0 2.16041
27 8.81167 0 0 -0.475104 0 0
28 5.77884 0 0 -0.318319 0 0
29 2.23249 0 0 -0.156784 0 0
30 11.4725 0 0 -0.410216 -0.258881 -0.360794
31 0.615813 0.994371 -0.809165 -2.32574 0.200003 0.677185
32 2.24752 0 0 -0.0878072 0.00580949 -0.0531657
33 1.11936 0 0 -0.0634488 0.19805 0.114759
34 3.71349 0.10264 0.102191 -1.55749 -0.0459479 -0.0715622
35 1.72615 0 0 -0.00715063 -0.0273014 0.370002
36 1.21112 0 0 -0.0082385 0.0154915 0.140678
37 3.5992 1.06012 0.0708885 -1.57221 -0.12487 0.0204525
38 1.66069 0 0 -0.00251985 0.0771683 0.192331
39 1.16699 0 0 0.0241131 0.0404793 0.202816
40 2.18853 -0.501041 0.0576587 -1.5694 -0.0766937 -0.220156
41 1.29609 0 0 0.00786992 -0.0380603 0.0566395
42 1.62202 -0.000713348 -0.000469208 0.00430461 -0.0392685 0.326879
43 1.2224 0 0 -0.0152202 -0.0173755 0.263938
44 1.76707 -1.27612 0.0366406 -1.56925 -0.0438998 -0.255504
45 1.55587 0 0 0.0047977 0.0242228 -0.017117
46 1.24273 0 0 0.000569905 0.000185979 0.364391
47 0.784532 0 0 -0.0150403 0.00563955 0.168498
48 0 0 0 0 0 0
49 5.00066 -14.4202 -7.26576 -0.37991 0.115366 -0.11161
50 0 -1.70357 0.00508022 0 0 0
51 -0.00195932 3.96104 2.21118 0 0 0
52 0.641596 -0.666147 0.75166 0 0 0
53 0.786658 -3.45621 1.13628 0 0.198355 0
54 -0.706229 -4.69238 1.98618 -3.14159 -0.0872664 -3.14159
55 0.0133295 1.02904 3.61174 0 0 0
56 0.0133295 -1.24399 2.23877 0 0 0
57 -4.1678 -18.5082 -20.4766 -0.199952 0.802077 -0.158801
58 0.0129204 0.0367689 5.95712 0 0 0
time 54
0 7.96718 5.13272 -3.24532 0.000934124 0 -0.959925
1 6.02794 0 0 -0.359127 1.13824 -0.0986829
2 11.7344 0 0 -0.00140273 0 -1.82159
3 8.81138 -0.000449181 -0.00011158 -0.0898784 0 0.000157195
4 5.77839 0.000285149 0 -0.0602186 0 0.000104918
5 2.23164 -0.000329018 -0.00036335 -0.0296601 0 0
6 11.4725 0 0 -0.366706 -0.741794 0.431482
7 0.615221 -0.993092 -0.8107 2.86877 0.397357 -0.310175
8 2.24752 0 0 0.0715791 0.114086 -0.295502
9 1.11936 0 0 0.000850072 0.0785901 -1.14183
10 3.71348 -0.10264 0.10219 1.44717 0.805255 0.453677
11 1.72615 0 0 0.000435668 0.152128 -1.5215
12 1.21114 0 0 -0.00303753 0.0173727 -0.770564
13 3.59919 -1.06012 0.0708876 1.5386 0.23991 0.0797226
14 1.66069 0 0 0.0103178 0.0561241 -0.0408304
15 1.167 0 0 -0.00595464 0.00361554 -0.0873128
16 2.18852 0.50104 0.0576587 1.55893 0.123347 0.226068
17 1.29609 0 0 -0.203075 0.0749011 -0.697922
18 1.62202 0.000713348 -0.000471592 0.0360743 -0.0049109 -1.60563
19 1.22241 0 0 0.00725897 -0.00270848 -0.703281
20 1.76707 1.27612 0.0366406 1.52736 0.172031 0.124018
21 1.55588 0 0 -0.298752 0.180158 -0.613945
22 1.24274 0 0 -0.000523631 -0.000292276 -1.18846
23 0.784522 0 0 0.00666344 0.00160556 -0.545401
24 -2.83583 -0.518291 -10.3275 -0.000932693 0 -2.0944
25 6.02794 0 0 0.464927 0.936153 -0.158693
26 11.7344 0 0 0.00140282 0 2.2344
27 8.81167 0 0 -0.531403 0 0
28 5.77884 0 0 -0.35604 0 0
29 2.23249 0 0 -0.175363 0 0
30 11.4725 0 0 -0.469844 -0.260345 -0.401694
31 0.615812 0.994373 -0.809166 -2.32669 0.198919 0.67748
32 2.24752 0 0 -0.0880919 0.00690296 -0.0496784
33 1.11936 0 0 -0.0718355 0.195271 0.0721071
34 3.71349 0.10264 0.102191 -1.55807 -0.0455668 -0.073505
35 1.72615 0 0 -0.00503269 -0.0278464 0.29278
36 1.21112 0 0 -0.00864492 0.0153073 0.107953
37 3.5992 1.06012 0.0708876 -1.57135 -0.113049 0.0301732
38 1.66069 0 0 -0.00614345 0.0771248 0.145251
39 1.16699 0 0 0.0221397 0.0418667 0.146097
40 2.18853 -0.50104 0.0576591 -1.56954 -0.074488 -0.221524
41 1.29609 0 0 0.00769403 -0.0399195 0.0512153
42 1.62201 -0.000713348 -0.000469208 0.00741247 -0.0389463 0.248192
43 1.2224 0 0 -0.0141788 -0.0184349 0.200104
44 1.76707 -1.27612 0.0366402 -1.56943 -0.0417544 -0.256912
45 1.55588 0 0 0.00595435 0.0257368 -0.0117503
46 1.24273 0 0 0.000553557 0.00023005 0.285827
47 0.784534 0 0 -0.0152991 0.00522627 0.117117
48 0 0 0 0 0 0
49 5.00151 -14.2594 -7.23815 -0.388172 0.121309 -0.116578
50 0 -1.70357 0.00508118 0 0 0
51 -0.0019598 3.96104 2.21118 0 0 0
52 0.641596 -0.666147 0.751661 0 0 0
53 0.786658 -3.45621 1.13628 0 0.198355 0
54 -0.70623 -4.69238 1.98618 -3.14159 -0.0872664 3.14159
55 0.0133305 1.02904 3.61174 0 0 0
56 0.01333 -1.24399 2.23877 0 0 0
57 -4.91333 -18.0409 -20.3547 -0.232472 0.870453 -0.191937
58 0.0129194 0.0367727 5.95713 0 0 0
time 55
0 7.96718 5.13272 -3.24532 0.000934124 0 -0.959925
1 6.02794 0 0 -0.337127 1.14136 -0.0820335
2 11.7344 0 0 -0.00140297 0 -1.83477
3 8.81138 -0.000449181 -0.00011158 -0.0942827 0 0.000157313
4 5.77839 0.000287056 0 -0.0631694 0 0.000105031
5 2.23163 -0.000328064 -0.000363827 -0.0311134 0 0
6 11.4725 0 0 -0.368873 -0.748314 0.428147
7 0.615218 -0.993091 -0.8107 2.86877 0.397357 -0.310175
8 2.24752 0 0 0.0715792 0.114087 -0.295502
9 1.11936 0 0 0.000850105 0.0785901 -1.14183
10 3.71348 -0.102639 0.10219 1.44717 0.805255 0.453677
11 1.72615 0 0 0.000435698 0.152128 -1.5215
12 1.21114 0 0 -0.00303752 0.0173727 -0.770564
13 3.59919 -1.06012 0.070888 1.5386 0.23991 0.0797226
14 1.66069 0 0 0.0103178 0.0561241 -0.0408304
15 1.167 0 0 -0.00595463 0.00361556 -0.0873128
16 2.18852 0.50104 0.0576591 1.55893 0.123347 0.226068
17 1.29609 0 0 -0.203075 0.0749011 -0.697922
18 1.62202 0.000713348 -0.000471115 0.0360743 -0.00491083 -1.60563
19 1.22241 0 0 0.00725901 -0.00270851 -0.703281
20 1.76707 1.27612 0.0366411 1.52736 0.172031 0.124018
21 1.55588 0 0 -0.298752 0.180158 -0.613945
22 1.24273 0 0 -0.00052368 -0.000292309 -1.18846
23 0.784523 0 0 0.00666347 0.00160554 -0.545401
24 -2.83583 -0.518291 -10.3275 -0.000932693 0 -2.0944
25 6.02794 0 0 0.312455 0.979069 -0.350703
26 11.7344 0 0 0.00140273 0 2.30425
27 8.81167 0 0 -0.582363 0 0
28 5.77884 0 0 -0.390183 0 0
29 2.23249 0 0 -0.19218 0 0
30 11.4725 0 0 -0.525661 -0.263388 -0.42723
31 0.615812 0.994372 -0.809166 -2.32771 0.197668 0.67782
32 2.24752 0 0 -0.0884245 0.00792236 -0.0462267
33 1.11936 0 0 -0.0793397 0.192444 0.0333902
34 3.71348 0.102638 0.10219 -1.5586 -0.0451322 -0.0752696
35 1.72615 0 0 -0.00308104 -0.0281969 0.222604
36 1.21112 0 0 -0.00900644 0.0151253 0.0782143
37 3.5992 1.06012 0.0708885 -1.57016 -0.0993613 0.0390198
38 1.66069 0 0 -0.0094251 0.0769367 0.102468
39 1.16699 0 0 0.0202814 0.043011 0.0945491
40 2.18853 -0.50104 0.0576591 -1.56967 -0.0719074 -0.222758
41 1.29609 0 0 0.00751077 -0.0416441 0.047127
42 1.62202 -0.000713348 -0.000469208 0.0101784 -0.0384495 0.177168
43 1.2224 0 0 -0.0131853 -0.0193271 0.142535
44 1.76707 -1.27612 0.0366402 -1.56959 -0.0396074 -0.258183
45 1.55587 0 0 0.00705335 0.0271464 -0.00491421
46 1.24273 0 0 0.00053599 0.000268648 0.215245
47 0.784532 0 0 -0.0154944 0.00485345 0.0711695
48 0 0 0 0 0 0
49 5.00262 -14.093 -7.20279 -0.395733 0.127069 -0.121887
50 0 -1.70357 0.00508022 0 0 0
51 -0.00195885 3.96104 2.21118 0 0 0
52 0.641597 -0.666147 0.75166 0 0 0
53 0.786659 -3.45621 1.13628 0 0.198355 0
54 -0.70623 -4.69238 1.98618 3.14159 -0.0872663 -3.14159
55 0.0133305 1.02904 3.61174 0 0 0
56 0.01333 -1.24399 2.23877 0 0 0
57 -5.6509 -17.5538 -20.2191 -0.273426 0.937005 -0.233778
58 0.0129204 0.0367718 5.95712 0 0 0
time 56
0 7.96718 5.13272 -3.24532 0.000934124 0 -0.959925
1 6.02794 0 0 -0.315953 1.14414 -0.0659375
2 11.7344 0 0 -0.00140286 0 -1.84833
3 8.81138 -0.000450134 -0.00011301 -0.0977962 0 0.000157187
4 5.77839 0.000286102 0 -0.0655235 0 0.000104897
5 2.23164 -0.000329971 -0.00036478 -0.0322728 0 0
6 11.4725 0 0 -0.371077 -0.754007 0.42606
7 0.615219 -0.993092 -0.8107 2.86877 0.397357 -0.310175
8 2.24752 0 0 0.0715792 0.114086 -0.295502
9 1.11936 0 0 0.000850098 0.0785901 -1.14183
10 3.71348 -0.102641 0.102191 1.44717 0.805255 0.453677
11 1.72615 0 0 0.00043569 0.152128 -1.5215
12 1.21113 0 0 -0.00303755 0.0173727 -0.770564
13 3.59919 -1.06012 0.070888 1.5386 0.23991 0.0797225
14 1.66069 0 0 0.0103178 0.0561241 -0.0408302
15 1.167 0 0 -0.00595463 0.00361556 -0.0873128
16 2.18852 0.50104 0.0576591 1.55893 0.123348 0.226068
17 1.29609 0 0 -0.203075 0.0749011 -0.697922
18 1.62202 0.000713348 -0.000470638 0.0360743 -0.00491085 -1.60563
19 1.22241 0 0 0.00725903 -0.0027085 -0.703281
20 1.76707 1.27612 0.0366411 1.52736 0.172031 0.124018
21 1.55588 0 0 -0.298752 0.180158 -0.613945
22 1.24274 0 0 -0.000523664 -0.000292334 -1.18846
23 0.784523 0 0 0.00666347 0.00160554 -0.545402
24 -2.83583 -0.518291 -10.3275 -0.000932693 0 -2.0944
25 6.02794 0 0 0.115912 1.00636 -0.589116
26 11.7344 0 0 0.00140276 0 2.36594
27 8.81167 0 0 -0.628488 0 0
28 5.77884 0 0 -0.421087 0 0
29 2.23249 0 0 -0.207401 0 0
30 11.4725 0 0 -0.576391 -0.267489 -0.432447
31 0.615813 0.994373 -0.809166 -2.32879 0.196239 0.678208
32 2.24752 0 0 -0.0888091 0.00884644 -0.0428511
33 1.11936 0 0 -0.0858013 0.189742 -0.000430526
34 3.71349 0.10264 0.102191 -1.55906 -0.0446404 -0.0768115
35 1.72615 0 0 -0.00136166 -0.0283891 0.161235
36 1.21112 0 0 -0.00931599 0.014955 0.0522088
37 3.5992 1.06012 0.0708885 -1.56862 -0.0836766 0.0467791
38 1.66069 0 0 -0.012281 0.0766565 0.0650571
39 1.16699 0 0 0.0186099 0.0439182 0.0494672
40 2.18853 -0.50104 0.0576582 -1.56979 -0.0689176 -0.223831
41 1.29609 0 0 0.0073327 -0.0431791 0.0441924
42 1.62202 -0.000713348 -0.000471115 0.0125415 -0.0378613 0.115428
43 1.2224 0 0 -0.0122835 -0.0200513 0.0925288
44 1.76707 -1.27612 0.0366402 -1.56974 -0.0374742 -0.259288
45 1.55588 0 0 0.00805092 0.0284041 0.00255466
46 1.24273 0 0 0.000518443 0.000300722 0.154141
47 0.784533 0 0 -0.0156343 0.00453104 0.0315559
48 0 0 0 0 0 0
49 5.00391 -13.9282 -7.15871 -0.402717 0.132622 -0.127448
50 0 -1.70357 0.00508118 0 0 0
51 -0.00196028 3.96104 2.21118 0 0 0
52 0.641595 -0.666147 0.751661 0 0 0
53 0.786658 -3.4562 1.13628 0 0.198355 0
54 -0.70623 -4.69238 1.98618 -3.14159 -0.0872664 3.14159
55 0.0133295 1.02904 3.61174 0 0 0
56 0.0133295 -1.24399 2.23877 0 0 0
57 -6.37479 -17.058 -20.0684 -0.325133 1.00079 -0.286474
58 0.0129185 0.0367718 5.95712 0 0 0
time 57
0 7.96718 5.13272 -3.24532 0.000934124 0 -0.959925
1 6.02794 0 0 -0.296974 1.14644 -0.0514712
2 11.7344 0 0 -0.00140284 0 -1.86167
3 8.81138 -0.000449181 -0.000112534 -0.100588 0 0.000157368
4 5.77839 0.000287056 0 -0.0673937 0 0.000104967
5 2.23163 -0.000329971 -0.000363827 -0.0331938 0 0
6 11.4725 0 0 -0.373194 -0.758616 0.424919
7 0.615219 -0.993092 -0.810701 2.86877 0.397357 -0.310175
8 2.24752 0 0 0.0715791 0.114087 -0.295502
9 1.11936 0 0 0.000850146 0.0785901 -1.14183
10 3.71348 -0.10264 0.10219 1.44717 0.805255 0.453676
11 1.72615 0 0 0.000435645 0.152128 -1.5215
12 1.21114 0 0 -0.00303755 0.0173727 -0.770564
13 3.59919 -1.06012 0.0708871 1.5386 0.23991 0.0797226
14 1.66069 0 0 0.0103178 0.0561241 -0.0408304
15 1.167 0 0 -0.00595464 0.00361557 -0.0873128
16 2.18852 0.50104 0.0576587 1.55893 0.123347 0.226068
17 1.29609 0 0 -0.203075 0.0749011 -0.697922
18 1.62202 0.000715256 -0.000471592 0.0360743 -0.00491093 -1.60563
19 1.22241 0 0 0.007259 -0.00270845 -0.703281
20 1.76707 1.27612 0.0366402 1.52736 0.172031 0.124017
21 1.55588 0 0 -0.298752 0.180158 -0.613945
22 1.24274 0 0 -0.000523693 -0.000292318 -1.18846
23 0.784523 0 0 0.00666346 0.0016056 -0.545402
24 -2.83583 -0.518291 -10.3275 -0.000932693 0 -2.0944
25 6.02794 0 0 -0.111493 1.0062 -0.860848
26 11.7344 0 0 0.00140265 0 2.41616
27 8.81167 0 0 -0.669885 0 0
28 5.77884 0 0 -0.448823 0 0
29 2.23249 0 0 -0.221062 0 0
30 11.4725 0 0 -0.621002 -0.271852 -0.414505
31 0.615813 0.994372 -0.809165 -2.32993 0.19462 0.678648
32 2.24752 0 0 -0.0892497 0.00965348 -0.0395924
33 1.11936 0 0 -0.0910731 0.187344 -0.0283979
34 3.71349 0.10264 0.10219 -1.55944 -0.0440882 -0.078086
35 1.72615 0 0 0 -0.0284671 0.110436
36 1.21112 0 0 -0.00956791 0.0148063 0.0306827
37 3.5992 1.06012 0.0708876 -1.56674 -0.065866 0.0532407
38 1.66069 0 0 -0.014632 0.0763438 0.0340913
39 1.16699 0 0 0.0171967 0.0446016 0.0121481
40 2.18853 -0.50104 0.0576591 -1.56989 -0.065483 -0.224713
41 1.29609 0 0 0.00717239 -0.0444696 0.0422278
42 1.62201 -0.000712395 -0.000471115 0.0144521 -0.0372696 0.0645913
43 1.22241 0 0 -0.0115164 -0.0206109 0.0513794
44 1.76707 -1.27612 0.0366402 -1.56986 -0.0353706 -0.260197
45 1.55587 0 0 0.00890305 0.0294626 0.00982022
46 1.24273 0 0 0.000502679 0.000326395 0.104012
47 0.784533 0 0 -0.015729 0.00426785 -0.000823055
48 0 0 0 0 0 0
49 5.00529 -13.7721 -7.10493 -0.409247 0.137944 -0.13317
50 0 -1.70357 0.00508118 0 0 0
51 -0.0019598 3.96104 2.21118 0 0 0
52 0.641596 -0.666148 0.75166 0 0 0
53 0.786657 -3.45621 1.13628 0 0.198355 0
54 -0.70623 -4.69238 1.98618 -3.14159 -0.0872663 3.14159
55 0.01333 1.02904 3.61174 0 0 0
56 0.01333 -1.24399 2.23877 0 0 0
57 -7.07947 -16.5648 -19.9014 -0.3904 1.06074 -0.352696
58 0.0129185 0.0367727 5.95712 0 0 0
time 58
0 7.96718 5.13272 -3.24532 0.000934124 0 -0.959925
1 6.02794 0 0 -0.281561 1.14818 -0.0396871
2 11.7344 0 0 -0.00140283 0 -1.87423
3 8.81138 -0.000450134 -0.00011158 -0.102812 0 0.000157343
4 5.77839 0.000286102 0 -0.0688842 0 0.000104983
5 2.23164 -0.000329971 -0.00036335 -0.0339279 0 0
6 11.4725 0 0 -0.375105 -0.761864 0.424461
7 0.615218 -0.993091 -0.810699 2.86877 0.397357 -0.310175
8 2.24752 0 0 0.0715792 0.114086 -0.295502
9 1.11936 0 0 0.000850128 0.0785901 -1.14183
10 3.71348 -0.102641 0.102191 1.44717 0.805255 0.453677
11 1.72615 0 0 0.000435622 0.152128 -1.5215
12 1.21113 0 0 -0.00303759 0.0173727 -0.770565
13 3.59919 -1.06012 0.070889 1.5386 0.23991 0.0797226
14 1.66069 0 0 0.0103178 0.056124 -0.0408304
15 1.167 0 0 -0.00595463 0.00361557 -0.0873127
16 2.18852 0.50104 0.0576596 1.55893 0.123348 0.226068
17 1.29609 0 0 -0.203075 0.0749011 -0.697922
18 1.62202 0.000713348 -0.000470638 0.0360743 -0.00491086 -1.60563
19 1.22241 0 0 0.00725901 -0.00270846 -0.703282
20 1.76707 1.27612 0.0366411 1.52736 0.172031 0.124018
21 1.55588 0 0 -0.298752 0.180158 -0.613945
22 1.24274 0 0 -0.000523676 -0.000292342 -1.18846
23 0.784524 0 0 0.00666351 0.00160561 -0.545401
24 -2.83583 -0.518291 -10.3275 -0.000932693 0 -2.0944
25 6.02794 0 0 -0.335014 0.972233 -1.13082
26 11.7344 0 0 0.00140274 0 2.45133
27 8.81167 0 0 -0.705692 0 0
28 5.77884 0 0 -0.472814 0 0
29 2.23249 0 0 -0.232879 0 0
30 11.4725 0 0 -0.658767 -0.275356 -0.373438
31 0.615812 0.994371 -0.809165 -2.33114 0.192799 0.679142
32 2.24752 0 0 -0.0897499 0.0103226 -0.0364909
33 1.11936 0 0 -0.0950161 0.185434 -0.0495584
34 3.71348 0.102639 0.10219 -1.55974 -0.0434719 -0.0790491
35 1.72615 0 0 0.00114741 -0.0284771 0.0719698
36 1.21112 0 0 -0.00975574 0.0146892 0.0143827
37 3.5992 1.06012 0.0708885 -1.56457 -0.0458008 0.0581961
38 1.66069 0 0 -0.0164032 0.0760583 0.0106442
39 1.16699 0 0 0.0161102 0.0450782 -0.0161124
40 2.18853 -0.501041 0.0576582 -1.56997 -0.0615689 -0.225378
41 1.29609 0 0 0.00704216 -0.0454602 0.0410513
42 1.62202 -0.000712395 -0.000468254 0.0158675 -0.0367609 0.026275
43 1.2224 0 0 -0.0109239 -0.0210099 0.0203833
44 1.76707 -1.27612 0.0366411 -1.56996 -0.0333123 -0.260883
45 1.55588 0 0 0.00956562 0.0302753 0.0160458
46 1.24273 0 0 0.000490077 0.000345198 0.0663535
47 0.784534 0 0 -0.0157882 0.004072 -0.0250661
48 0 0 0 0 0 0
49 5.0067 -13.6319 -7.04047 -0.415447 0.143011 -0.138962
50 0 -1.70357 0.00508118 0 0 0
51 -0.0019598 3.96104 2.21118 0 0 0
52 0.641597 -0.666148 0.75166 0 0 0
53 0.786658 -3.45621 1.13628 0 0.198355 0
54 -0.706229 -4.69238 1.98618 -3.14159 -0.0872664 3.14159
55 0.0133309 1.02904 3.61174 0 0 0
56 0.0133305 -1.24399 2.23877 0 0 0
57 -7.7596 -16.086 -19.7171 -0.472412 1.11559 -0.43552
58 0.0129204 0.0367718 5.95712 0 0 0
time 59
0 7.96718 5.13272 -3.24532 0.000934124 0 -0.959925
1 6.02794 0 0 -0.2698 1.14944 -0.030501
2 11.7344 0 0 -0.00140279 0 -1.88689
3 8.81138 -0.000450134 -0.00011301 -0.103808 0 0.000157412
4 5.77839 0.000287056 0 -0.0695515 0 0.000104975
5 2.23163 -0.000329018 -0.000363827 -0.0342568 0 0
6 11.4725 0 0 -0.376988 -0.763169 0.425673
7 0.615219 -0.993092 -0.8107 2.86877 0.397357 -0.310175
8 2.24752 0 0 0.0715792 0.114087 -0.295502
9 1.11936 0 0 0.000850232 0.0785903 -1.14183
10 3.71348 -0.102641 0.10219 1.44717 0.805255 0.453677
11 1.72615 0 0 0.000435675 0.152128 -1.5215
12 1.21114 0 0 -0.00303759 0.0173727 -0.770565
13 3.59919 -1.06012 0.0708876 1.5386 0.23991 0.0797226
14 1.66069 0 0 0.0103178 0.056124 -0.0408301
15 1.167 0 0 -0.00595464 0.00361554 -0.0873128
16 2.18852 0.501039 0.0576587 1.55893 0.123347 0.226068
17 1.29609 0 0 -0.203075 0.0749011 -0.697922
18 1.62202 0.000713348 -0.000470638 0.0360743 -0.00491089 -1.60563
19 1.22241 0 0 0.00725896 -0.00270843 -0.703281
20 1.76707 1.27612 0.0366411 1.52736 0.172031 0.124017
21 1.55588 0 0 -0.298752 0.180158 -0.613945
22 1.24274 0 0 -0.000523647 -0.000292358 -1.18846
23 0.784523 0 0 0.00666346 0.00160557 -0.545401
24 -2.83583 -0.518291 -10.3275 -0.000932693 0 -2.0944
25 6.02794 0 0 -0.520231 0.909799 -1.36408
26 11.7344 0 0 0.00140261 0 2.47036
27 8.81167 0 0 -0.734187 0 0
28 5.77884 0 0 -0.491905 0 0
29 2.23249 0 0 -0.242282 0 0
30 11.4725 0 0 -0.689318 -0.276494 -0.314163
31 0.615813 0.994372 -0.809166 -2.33242 0.190763 0.679694
32 2.24752 0 0 -0.0903142 0.0108319 -0.0335874
33 1.11936 0 0 -0.0974916 0.184181 -0.0629574
34 3.71349 0.102639 0.102191 -1.55992 -0.0427883 -0.079656
35 1.72615 0 0 0.00183189 -0.0284617 0.0475982
36 1.21112 0 0 -0.00987335 0.014613 0.00405508
37 3.5992 1.06012 0.0708876 -1.56216 -0.0233497 0.0614388
38 1.66069 0 0 -0.0175208 0.0758556 -0.00421087
39 1.16699 0 0 0.0154149 0.0453614 -0.0340186
40 2.18853 -0.50104 0.0576582 -1.57002 -0.0571403 -0.225795
41 1.29609 0 0 0.00695512 -0.0460955 0.0404797
42 1.62201 -0.000713348 -0.000469208 0.0167487 -0.0364128 0.00209832
43 1.22241 0 0 -0.0105442 -0.0212517 0.000835727
44 1.76707 -1.27612 0.0366402 -1.57002 -0.0313155 -0.261315
45 1.55588 0 0 0.00999523 0.0307965 0.0203947
46 1.24273 0 0 0.00048181 0.000356552 0.0426613
47 0.784529 0 0 -0.0158198 0.00395033 -0.0402728
48 0 0 0 0 0 0
49 5.00827 -13.503 -6.95822 -0.421072 0.147799 -0.145154
50 0 -1.70357 0.00508118 0 0 0
51 -0.0019598 3.96104 2.21118 0 0 0
52 0.641596 -0.666147 0.751659 0 0 0
53 0.786659 -3.45621 1.13628 0 0.198355 0
54 -0.706229 -4.69238 1.98618 3.14159 -0.0872663 3.14159
55 0.0133305 1.02904 3.61174 0 0 0
56 0.01333 -1.24399 2.23877 0 0 0
57 -8.41023 -15.6112 -19.5102 -0.573432 1.16404 -0.537673
58 0.0129204 0.0367708 5.95712 0 0 0
time 60
0 7.96718 5.13272 -3.24532 0.000934124 0 -0.959925
1 6.02794 0 0 -0.261116 1.15035 -0.0235114
2 11.7344 0 0 -0.00140289 0 -1.90033
3 8.81138 -0.000450134 -0.000111103 -0.103175 0 0.000157302
4 5.77839 0.000286102 0 -0.069127 0 0.000104895
5 2.23164 -0.000329971 -0.00036335 -0.0340476 0 0
6 11.4725 0 0 -0.379072 -0.762347 0.429261
7 0.61522 -0.993093 -0.810699 2.86877 0.397357 -0.310175
8 2.24752 0 0 0.0715791 0.114086 -0.295502
9 1.11936 0 0 0.000850083 0.0785902 -1.14183
10 3.71348 -0.102641 0.102191 1.44717 0.805255 0.453677
11 1.72615 0 0 0.000435615 0.152128 -1.5215
12 1.21114 0 0 -0.00303754 0.0173727 -0.770564
13 3.59919 -1.06012 0.070888 1.5386 0.23991 0.0797227
14 1.66069 0 0 0.0103178 0.0561241 -0.0408303
15 1.167 0 0 -0.00595462 0.00361554 -0.0873127
16 2.18852 0.501039 0.0576587 1.55893 0.123347 0.226068
17 1.29609 0 0 -0.203075 0.0749012 -0.697922
18 1.62202 0.000714302 -0.000471592 0.0360743 -0.00491089 -1.60563
19 1.22241 0 0 0.00725894 -0.00270844 -0.703281
20 1.76707 1.27612 0.0366411 1.52736 0.172031 0.124018
21 1.55587 0 0 -0.298752 0.180158 -0.613945
22 1.24274 0 0 -0.000523664 -0.00029228 -1.18846
23 0.784523 0 0 0.00666345 0.00160559 -0.545401
24 -2.83583 -0.518291 -10.3275 -0.000932693 0 -2.0944
25 6.02794 0 0 -0.653663 0.833539 -1.54657
26 11.7344 0 0 0.00140264 0 2.47382
27 8.81167 0 0 -0.753767 0 0
28 5.77884 0 0 -0.505024 0 0
29 2.23249 0 0 -0.248743 0 0
30 11.4725 0 0 -0.712663 -0.273291 -0.244834
31 0.615814 0.994372 -0.809166 -2.33375 0.188502 0.680307
32 2.24752 0 0 -0.0909469 0.0111603 -0.0309226
33 1.11936 0 0 -0.0983524 0.183736 -0.0676374
34 3.71348 0.102639 0.10219 -1.55999 -0.0420336 -0.0798625
35 1.72615 0 0 0.00207069 -0.0284524 0.0390828
36 1.21112 0 0 -0.0099143 0.0145859 0.0004469
37 3.5992 1.06011 0.0708876 -1.55963 0.0016194 0.0627619
38 1.66069 0 0 -0.0179104 0.0757811 -0.00940121
39 1.16699 0 0 0.0151707 0.0454568 -0.040275
40 2.18853 -0.50104 0.0576591 -1.57004 -0.0521617 -0.225938
41 1.29609 0 0 0.00692351 -0.0463193 0.0403296
42 1.62202 -0.000713348 -0.000470161 0.0170532 -0.0362869 -0.00632048
43 1.22241 0 0 -0.0104111 -0.0213344 -0.00596807
44 1.76707 -1.27612 0.0366402 -1.57004 -0.0293956 -0.261465
45 1.55588 0 0 0.0101481 0.0309804 0.0220302
46 1.24273 0 0 0.000478945 0.000360702 0.0344315
47 0.784532 0 0 -0.0158299 0.00390858 -0.0455417
48 0 0 0 0 0 0
49 5.01015 -13.3766 -6.85446 -0.425863 0.152285 -0.152033
50 0 -1.70357 0.00508118 0 0 0
51 -0.00195932 3.96104 2.21118 0 0 0
52 0.641596 -0.666149 0.751659 0 0 0
53 0.786659 -3.45621 1.13628 0 0.198355 0
54 -0.70623 -4.69238 1.98618 -3.14159 -0.0872663 -3.14159
55 0.01333 1.02904 3.61174 0 0 0
56 0.0133305 -1.24399 2.23877 0 0 0
57 -9.02577 -15.1254 -19.2785 -0.694365 1.20482 -0.660475
58 0.0129204 0.0367708 5.95713 0 0 0
time 61
0 7.96718 5.13272 -3.24532 0.000934124 0 -0.959925
1 6.02794 0 0 -0.254312 1.15106 -0.0175512
2 11.7344 0 0 -0.00140302 0 -1.91519
3 8.81138 -0.000450134 -0.000112534 -0.100645 0 0.000157345
4 5.77839 0.000286102 0 -0.0674321 0 0.000104921
5 2.23164 -0.000329971 -0.000362873 -0.0332128 0 0
6 11.4725 0 0 -0.381303 -0.759707 0.435328
7 0.615219 -0.99309 -0.8107 2.86877 0.397357 -0.310175
8 2.24752 0 0 0.071579 0.114087 -0.295502
9 1.11936 0 0 0.000850064 0.0785902 -1.14183
10 3.71348 -0.10264 0.102191 1.44717 0.805255 0.453677
11 1.72615 0 0 0.000435675 0.152128 -1.5215
12 1.21114 0 0 -0.00303753 0.0173727 -0.770565
13 3.59919 -1.06012 0.0708876 1.5386 0.23991 0.0797226
14 1.66069 0 0 0.0103178 0.0561241 -0.0408303
15 1.167 0 0 -0.00595461 0.00361557 -0.0873127
16 2.18852 0.50104 0.0576587 1.55893 0.123348 0.226068
17 1.29609 0 0 -0.203075 0.0749011 -0.697922
18 1.62202 0.000714302 -0.000471115 0.0360743 -0.00491085 -1.60563
19 1.22241 0 0 0.00725899 -0.00270852 -0.703282
20 1.76707 1.27612 0.0366402 1.52736 0.172032 0.124018
21 1.55588 0 0 -0.298752 0.180158 -0.613945
22 1.24273 0 0 -0.000523651 -0.000292325 -1.18846
23 0.784523 0 0 0.00666343 0.00160562 -0.545401
24 -2.83583 -0.518291 -10.3275 -0.000932693 0 -2.0944
25 6.02794 0 0 -0.740154 0.759527 -1.68324
26 11.7344 0 0 0.00140269 0 2.46432
27 8.81167 0 0 -0.763963 0 0
28 5.77884 0 0 -0.511855 0 0
29 2.23249 0 0 -0.252108 0 0
30 11.4725 0 0 -0.729176 -0.263222 -0.174344
31 0.615813 0.994372 -0.809165 -2.33701 0.173158 0.680092
32 2.24752 0 0 -0.0941736 0.00637432 -0.0278172
33 1.11936 0 0 -0.0833535 0.167274 -0.0330368
34 3.71348 0.102639 0.10219 -1.55994 0.0972585 -0.0783544
35 1.72615 0 0 0.00124704 -0.0270493 0.154983
36 1.21112 0 0 -0.00859104 0.0154024 0.0886389
37 3.5992 1.06012 0.0708876 -1.5568 0.142221 0.0522658
38 1.66069 0 0 -0.0150383 0.0716197 0.0824052
39 1.16699 0 0 0.00976239 0.0448922 0.112044
40 2.18853 -0.501041 0.0576591 -1.57037 -0.03521 -0.216551
41 1.29609 0 0 0.00210535 -0.0467864 0.143771
42 1.62202 -0.000712395 -0.000470161 0.0114019 -0.0375158 0.14562
43 1.22241 0 0 -0.0104541 -0.0197953 0.0647497
44 1.76707 -1.27612 0.0366402 -1.56936 -0.0269731 -0.24495
45 1.55587 0 0 0.0128471 0.0299623 0.110561
46 1.24273 0 0 0.000518472 0.000300812 0.154011
47 0.784531 0 0 -0.015656 0.00366764 0.0668709
48 0 0 0 0 0 0
49 5.01228 -13.2531 -6.73335 -0.429918 0.156443 -0.159443
50 0 -1.70357 0.00508118 0 0 0
51 -0.00195885 3.96104 2.21118 0 0 0
52 0.641597 -0.666148 0.75166 0 0 0
53 0.786658 -3.45621 1.13628 0 0.198355 0
54 -0.706229 -4.69238 1.98618 -3.14159 -0.0872664 3.14159
55 0.0133305 1.02904 3.61174 0 0 0
56 0.0133305 -1.24399 2.23877 0 0 0
57 -9.60037 -14.6339 -19.0266 -0.834194 1.23666 -0.80277
58 0.0129204 0.0367718 5.95713 0 0 0
time 62
0 7.96718 5.13272 -3.24532 0.000934124 0 -0.959925
1 6.02794 0 0 -0.249871 1.15153 -0.0132923
2 11.7344 0 0 -0.00140288 0 -1.93051
3 8.81138 -0.000448227 -0.00011301 -0.0968907 0 0.000157222
4 5.77839 0.000286102 0 -0.0649167 0 0.000104912
5 2.23164 -0.000329018 -0.000364304 -0.0319739 0 0
6 11.4725 0 0 -0.383607 -0.755558 0.443115
7 0.615218 -0.993092 -0.8107 2.86877 0.397357 -0.310175
8 2.24752 0 0 0.0715792 0.114087 -0.295503
9 1.11936 0 0 0.000850057 0.07859 -1.14183
10 3.71348 -0.102641 0.102191 1.44717 0.805255 0.453676
11 1.72615 0 0 0.000435683 0.152128 -1.52149
12 1.21113 0 0 -0.00303756 0.0173727 -0.770565
13 3.59919 -1.06012 0.070888 1.5386 0.23991 0.0797225
14 1.66069 0 0 0.0103178 0.056124 -0.0408303
15 1.167 0 0 -0.00595464 0.00361554 -0.0873129
16 2.18852 0.50104 0.0576601 1.55893 0.123347 0.226068
17 1.29609 0 0 -0.203075 0.0749011 -0.697922
18 1.62202 0.000715256 -0.000471115 0.0360743 -0.00491088 -1.60563
19 1.22241 0 0 0.00725899 -0.00270852 -0.703282
20 1.76707 1.27612 0.0366411 1.52736 0.172031 0.124017
21 1.55588 0 0 -0.298752 0.180158 -0.613945
22 1.24274 0 0 -0.00052366 -0.000292206 -1.18846
23 0.784523 0 0 0.00666348 0.00160551 -0.545402
24 -2.83583 -0.518291 -10.3275 -0.000932693 0 -2.0944
25 6.02794 0 0 -0.790082 0.700075 -1.78578
26 11.7344 0 0 0.00140276 0 2.4454
27 8.81167 0 0 -0.765677 0 0
28 5.77884 0 0 -0.513004 0 0
29 2.23249 0 0 -0.252673 0 0
30 11.4725 0 0 -0.739495 -0.243255 -0.109426
31 0.615813 0.994372 -0.809165 -2.34237 0.140014 0.678646
32 2.24752 0 0 -0.100911 -0.0053724 -0.0240751
33 1.11936 0 0 -0.0474507 0.127138 0.0485894
34 3.71349 0.10264 0.102191 -1.55892 0.428268 -0.0744771
35 1.72615 0 0 -0.000567289 -0.0221707 0.431313
36 1.21112 0 0 -0.00518649 0.0168564 0.298949
37 3.5992 1.06012 0.0708895 -1.56614 0.439195 0.0232865
38 1.66069 0 0 -0.00795219 0.0590789 0.30105
39 1.16699 0 0 -0.00544383 0.0397355 0.475183
40 2.18853 -0.50104 0.0576591 -1.57011 -0.00240541 -0.194193
41 1.29609 0 0 -0.00937813 -0.0458858 0.390437
42 1.62201 -0.000712395 -0.000470161 -0.00287519 -0.0368236 0.507953
43 1.22241 0 0 -0.0103035 -0.0157192 0.233364
44 1.76707 -1.27612 0.0366421 -1.56755 -0.023885 -0.205576
45 1.55587 0 0 0.0188391 0.0266067 0.321646
46 1.24273 0 0 0.000582184 0.000142813 0.439159
47 0.784534 0 0 -0.0144804 0.00276551 0.334925
48 0 0 0 0 0 0
49 5.01461 -13.133 -6.59905 -0.433338 0.16025 -0.16723
50 0 -1.70357 0.00508118 0 0 0
51 -0.00195885 3.96104 2.21118 0 0 0
52 0.641597 -0.666147 0.751661 0 0 0
53 0.786659 -3.45621 1.13628 0 0.198355 0
54 -0.706229 -4.69238 1.98618 3.14159 -0.0872663 -3.14159
55 0.0133314 1.02904 3.61174 0 0 0
56 0.0133305 -1.24399 2.23877 0 0 0
57 -10.1285 -14.1428 -18.7592 -0.987651 1.2588 -0.959172
58 0.0129204 0.0367727 5.95712 0 0 0
time 63
0 7.96718 5.13272 -3.24532 0.000934124 0 -0.959925
1 6.02794 0 0 -0.247891 1.15176 -0.010993
2 11.7344 0 0 -0.00140286 0 -1.94564
3 8.81138 -0.000450134 -0.000112057 -0.0923965 0 0.00015704
4 5.77839 0.000286102 0 -0.0619057 0 0.000104792
5 2.23164 -0.000329971 -0.00036478 -0.0304909 0 0
6 11.4725 0 0 -0.385898 -0.750215 0.452024
7 0.615219 -0.993092 -0.8107 2.86877 0.397357 -0.310175
8 2.24752 0 0 0.0715793 0.114087 -0.295502
9 1.11936 0 0 0.000850143 0.0785902 -1.14183
10 3.71348 -0.102641 0.102191 1.44717 0.805255 0.453677
11 1.72615 0 0 0.000435645 0.152128 -1.5215
12 1.21114 0 0 -0.00303756 0.0173727 -0.770565
13 3.59919 -1.06012 0.0708876 1.5386 0.23991 0.0797227
14 1.66069 0 0 0.0103178 0.056124 -0.0408304
15 1.167 0 0 -0.00595463 0.00361555 -0.0873129
16 2.18853 0.50104 0.0576587 1.55893 0.123348 0.226068
17 1.29609 0 0 -0.203075 0.0749011 -0.697923
18 1.62202 0.000713348 -0.000470638 0.0360743 -0.00491088 -1.60563
19 1.22241 0 0 0.00725901 -0.00270846 -0.703281
20 1.76707 1.27612 0.0366406 1.52736 0.172031 0.124018
21 1.55587 0 0 -0.298752 0.180158 -0.613945
22 1.24274 0 0 -0.000523685 -0.000292276 -1.18846
23 0.784521 0 0 0.00666344 0.00160559 -0.545402
24 -2.83583 -0.518291 -10.3275 -0.000932693 0 -2.0944
25 6.02794 0 0 -0.81283 0.662013 -1.8661
26 11.7344 0 0 0.00140271 0 2.42294
27 8.81167 0 0 -0.760817 0 0
28 5.77884 0 0 -0.509747 0 0
29 2.23249 0 0 -0.25107 0 0
30 11.4725 0 0 -0.744282 -0.210245 -0.0549318
31 0.615813 0.994373 -0.809166 -2.34757 0.101273 0.676672
32 2.24752 0 0 -0.108746 -0.0194703 -0.0204589
33 1.11936 0 0 -0.00438654 0.077591 0.144315
34 3.71348 0.10264 0.102191 -1.55491 0.823066 -0.0677604
35 1.72615 0 0 -0.00179447 -0.0136793 0.761013
36 1.21112 0 0 -0.000836998 0.0176164 0.549973
37 3.5992 1.06012 0.0708885 -1.6106 0.783128 -0.0312843
38 1.66069 0 0 0 0.0393051 0.561379
39 1.16699 0 0 -0.0297824 0.0282667 0.90834
40 2.18853 -0.501041 0.0576591 -1.568 0.0349218 -0.167467
41 1.29609 0 0 -0.0222828 -0.0411964 0.68477
42 1.62201 -0.000714302 -0.000469208 -0.0192459 -0.0292381 0.940283
43 1.22241 0 0 -0.0095529 -0.0101832 0.434579
44 1.76707 -1.27612 0.0366411 -1.56514 -0.0207957 -0.158586
45 1.55587 0 0 0.0248752 0.0210727 0.573528
46 1.24273 0 0 0.000596511 0 0.779497
47 0.784531 0 0 -0.0118563 0.000779808 0.654842
48 0 0 0 0 0 0
49 5.01709 -13.0169 -6.45569 -0.436222 0.163683 -0.175238
50 0 -1.70357 0.00508022 0 0 0
51 -0.0019598 3.96104 2.21118 0 0 0
52 0.641597 -0.666147 0.75166 0 0 0
53 0.786658 -3.4562 1.13628 0 0.198355 0
54 -0.706229 -4.69238 1.98618 3.14159 -0.0872664 3.14159
55 0.0133305 1.02904 3.61174 0 0 0
56 0.0133305 -1.24399 2.23877 0 0 0
57 -10.6051 -13.659 -18.4808 -1.14502 1.27131 -1.11988
58 0.0129185 0.0367708 5.95712 0 0 0
time 64
0 7.96718 5.13272 -3.24532 0.000934124 0 -0.959925
1 6.02794 0 0 -0.247032 1.1519 -0.00933986
2 11.7344 0 0 -0.0014029 0 -1.96128
3 8.81138 -0.000449181 -0.000112534 -0.0869029 0 0.000157187
4 5.77839 0.000286102 0 -0.058225 0 0.000104948
5 2.23164 -0.000329018 -0.00036478 -0.028678 0 0
6 11.4725 0 0 -0.388079 -0.743998 0.462129
7 0.615219 -0.993092 -0.810699 2.86877 0.397357 -0.310175
8 2.24752 0 0 0.0715793 0.114086 -0.295502
9 1.11936 0 0 0.0008499 0.0785901 -1.14183
10 3.71348 -0.102641 0.102191 1.44717 0.805255 0.453677
11 1.72615 0 0 0.000435668 0.152128 -1.5215
12 1.21114 0 0 -0.00303755 0.0173727 -0.770565
13 3.59919 -1.06012 0.0708885 1.5386 0.23991 0.0797224
14 1.66069 0 0 0.0103178 0.0561241 -0.0408303
15 1.167 0 0 -0.00595466 0.00361555 -0.087313
16 2.18852 0.50104 0.0576591 1.55893 0.123348 0.226068
17 1.29609 0 0 -0.203075 0.0749011 -0.697922
18 1.62202 0.000713348 -0.000471115 0.0360743 -0.00491089 -1.60563
19 1.22241 0 0 0.00725904 -0.00270848 -0.703281
20 1.76707 1.27612 0.0366406 1.52736 0.172031 0.124017
21 1.55588 0 0 -0.298752 0.180158 -0.613945
22 1.24274 0 0 -0.000523664 -0.000292226 -1.18846
23 0.784524 0 0 0.00666351 0.00160558 -0.545401
24 -2.83583 -0.518291 -10.3275 -0.000932693 0 -2.0944
25 6.02794 0 0 -0.814116 0.649046 -1.93173
26 11.7344 0 0 0.00140268 0 2.40039
27 8.81167 0 0 -0.751402 0 0
28 5.77884 0 0 -0.50344 0 0
29 2.23249 0 0 -0.247963 0 0
30 11.4725 0 0 -0.743793 -0.162012 -0.0122986
31 0.615813 0.994373 -0.809167 -2.35114 0.069124 0.674883
32 2.24752 0 0 -0.115244 -0.0313095 -0.0177299
33 1.11936 0 0 0.0318416 0.0347003 0.223028
34 3.71348 0.10264 0.10219 -1.54413 1.15371 -0.0550271
35 1.72615 0 0 -0.00142358 -0.00465328 1.03715
36 1.21112 0 0 0.00285905 0.0174029 0.760292
37 3.5992 1.06012 0.0708876 -1.70994 1.0639 -0.130123
38 1.66069 0 0 0.00541187 0.0189191 0.778892
39 1.16699 0 0 -0.0566519 0.0164878 1.27104
40 2.18853 -0.50104 0.0576582 -1.56473 0.0654663 -0.144966
41 1.29609 0 0 -0.0316596 -0.0345177 0.931259
42 1.62202 -0.000713348 -0.000470161 -0.0303111 -0.0178476 1.30228
43 1.22241 0 0 -0.00835366 -0.00507704 0.603142
44 1.76707 -1.27612 0.0366411 -1.56293 -0.0184147 -0.11922
45 1.55588 0 0 0.0287366 0.0153955 0.784514
46 1.24273 0 0 0.000555588 -0.000225138 1.06464
47 0.784533 0 0 -0.00889043 -0.00190284 0.922857
48 0 0 0 0 0 0
49 5.01968 -12.9052 -6.30744 -0.438669 0.166716 -0.183312
50 0 -1.70357 0.00508118 0 0 0
51 -0.0019598 3.96104 2.21118 0 0 0
52 0.641597 -0.666147 0.75166 0 0 0
53 0.786659 -3.45621 1.13628 0 0.198355 0
54 -0.706229 -4.69238 1.98618 3.14159 -0.0872664 -3.14159
55 0.0133305 1.02904 3.61174 0 0 0
56 0.0133305 -1.24399 2.23877 0 0 0
57 -11.0253 -13.1896 -18.1965 -1.29457 1.27536 -1.27307
58 0.0129204 0.0367723 5.95713 0 0 0
time 65
0 7.96718 5.13272 -3.24532 0.000934124 0 -0.959925
1 6.02794 0 0 -0.247886 1.15187 -0.00914473
2 11.7344 0 0 -0.00140292 0 -1.97624
3 8.81138 -0.000450134 -0.00011158 -0.0811924 0 0.000157397
4 5.77839 0.000286102 0 -0.0543989 0 0.00010509
5 2.23164 -0.000329971 -0.000364304 -0.0267936 0 0
6 11.4725 0 0 -0.390055 -0.737237 0.472507
7 0.61522 -0.993092 -0.8107 2.86877 0.397357 -0.310175
8 2.24752 0 0 0.0715793 0.114087 -0.295502
9 1.11936 0 0 0.000850087 0.0785902 -1.14183
10 3.71348 -0.102641 0.102191 1.44717 0.805255 0.453677
11 1.72615 0 0 0.000435668 0.152128 -1.5215
12 1.21114 0 0 -0.00303756 0.0173727 -0.770565
13 3.59919 -1.06012 0.0708876 1.5386 0.23991 0.0797227
14 1.66069 0 0 0.0103178 0.056124 -0.0408303
15 1.167 0 0 -0.00595463 0.00361554 -0.0873128
16 2.18852 0.50104 0.0576591 1.55893 0.123347 0.226068
17 1.29609 0 0 -0.203075 0.074901 -0.697922
18 1.62202 0.000712395 -0.000471115 0.0360743 -0.00491086 -1.60563
19 1.22241 0 0 0.007259 -0.00270845 -0.703282
20 1.76707 1.27612 0.0366411 1.52736 0.172031 0.124018
21 1.55588 0 0 -0.298752 0.180158 -0.613945
22 1.24273 0 0 -0.000523631 -0.000292276 -1.18846
23 0.784524 0 0 0.00666347 0.0016056 -0.545401
24 -2.83583 -0.518291 -10.3275 -0.000932693 0 -2.0944
25 6.02794 0 0 -0.797554 0.661526 -1.98557
26 11.7344 0 0 0.00140264 0 2.38198
27 8.81167 0 0 -0.73877 0 0
28 5.77884 0 0 -0.494976 0 0
29 2.23249 0 0 -0.243794 0 0
30 11.4725 0 0 -0.737324 -0.0991884 0.0171738
31 0.615814 0.994371 -0.809165 -2.35244 0.0557132 0.674094
32 2.24752 0 0 -0.117956 -0.0362803 -0.0166508
33 1.11936 0 0 0.04707 0.0163413 0.255621
34 3.71349 0.102638 0.102191 -1.5315 1.29231 -0.0416212
35 1.72615 0 0 -0.000774117 -0.00045307 1.15293
36 1.21112 0 0 0.00438076 0.0170835 0.848491
37 3.5992 1.06012 0.0708895 -1.79555 1.17773 -0.213272
38 1.66069 0 0 0.00713087 0.00941832 0.869944
39 1.16699 0 0 -0.0697857 0.0115345 1.42311
40 2.18853 -0.501041 0.0576591 -1.56296 0.0780997 -0.135486
41 1.29609 0 0 -0.0350504 -0.0310685 1.03459
42 1.62202 -0.000713348 -0.000471115 -0.0338366 -0.0119873 1.45402
43 1.22241 0 0 -0.00767877 -0.00283249 0.673824
44 1.76707 -1.27612 0.0366421 -1.56196 -0.0174627 -0.102712
45 1.55587 0 0 0.0299842 0.0127959 0.87298
46 1.24273 0 0 0.000524829 -0.00028977 1.18422
47 0.784532 0 0 -0.00750752 -0.0033462 1.03524
48 0 0 0 0 0 0
49 5.0223 -12.7985 -6.15843 -0.44078 0.169326 -0.191297
50 0 -1.70357 0.00508118 0 0 0
51 -0.0019598 3.96104 2.21118 0 0 0
52 0.641597 -0.666148 0.751659 0 0 0
53 0.786658 -3.45621 1.13628 0 0.198355 0
54 -0.706229 -4.69238 1.98618 -3.14159 -0.0872664 3.14159
55 0.0133305 1.02904 3.61174 0 0 0
56 0.0133305 -1.24399 2.23877 0 0 0
57 -11.3848 -12.7425 -17.9111 -1.42635 1.27298 -1.40876
58 0.0129185 0.0367718 5.95712 0 0 0
time 66
0 7.96718 5.13272 -3.24532 0.000934124 0 -0.959925
1 6.02794 0 0 -0.249706 1.15175 -0.00975759
2 11.7344 0 0 -0.00140285 0 -1.99056
3 8.81138 -0.000450134 -0.000112057 -0.0753396 0 0.0001571
4 5.77839 0.000286102 0 -0.0504776 0 0.000104913
5 2.23163 -0.000329971 -0.00036335 -0.0248622 0 0
6 11.4725 0 0 -0.391717 -0.730265 0.482855
7 0.61522 -0.993091 -0.8107 2.86877 0.397357 -0.310175
8 2.24752 0 0 0.0715791 0.114086 -0.295503
9 1.11936 0 0 0.000850019 0.0785901 -1.14183
10 3.71348 -0.102641 0.102191 1.44717 0.805255 0.453677
11 1.72615 0 0 0.000435645 0.152128 -1.5215
12 1.21114 0 0 -0.00303757 0.0173727 -0.770564
13 3.59919 -1.06012 0.070888 1.5386 0.23991 0.0797227
14 1.66069 0 0 0.0103178 0.0561241 -0.0408304
15 1.167 0 0 -0.00595464 0.00361551 -0.0873128
16 2.18852 0.50104 0.0576591 1.55893 0.123347 0.226068
17 1.29609 0 0 -0.203075 0.074901 -0.697922
18 1.62202 0.000713348 -0.000472069 0.0360743 -0.00491093 -1.60563
19 1.22241 0 0 0.00725894 -0.00270847 -0.703281
20 1.76707 1.27612 0.0366411 1.52736 0.172031 0.124018
21 1.55588 0 0 -0.298752 0.180158 -0.613945
22 1.24273 0 0 -0.000523639 -0.000292317 -1.18846
23 0.784524 0 0 0.00666347 0.00160554 -0.545401
24 -2.83583 -0.518291 -10.3275 -0.000932693 0 -2.0944
25 6.02794 0 0 -0.770445 0.692604 -2.12471
26 11.7344 0 0 0.00140273 0 2.3868
27 8.81167 0 0 -0.74893 0 0
28 5.77884 0 0 -0.501783 0 0
29 2.23249 0 0 -0.247147 0 0
30 11.4725 0 0 -0.748157 0.0417161 0.0705196
31 0.615813 0.994372 -0.809165 -2.35244 0.0557134 0.674093
32 2.24752 0 0 -0.117956 -0.0362804 -0.0166507
33 1.11936 0 0 0.0470699 0.0163414 0.255621
34 3.71349 0.10264 0.102192 -1.5315 1.29231 -0.0416207
35 1.72615 0 0 -0.000774026 -0.00045304 1.15293
36 1.21112 0 0 0.00438062 0.0170835 0.848491
37 3.5992 1.06012 0.0708895 -1.79555 1.17773 -0.213272
38 1.66069 0 0 0.00713086 0.00941822 0.869944
39 1.16699 0 0 -0.0697856 0.0115344 1.42311
40 2.18853 -0.50104 0.0576591 -1.56296 0.0780996 -0.135486
41 1.29609 0 0 -0.0350506 -0.0310686 1.03459
42 1.62202 -0.000714302 -0.000469208 -0.0338366 -0.0119873 1.45402
43 1.22241 0 0 -0.00767881 -0.0028326 0.673824
44 1.76707 -1.27612 0.0366402 -1.56196 -0.0174626 -0.102712
45 1.55587 0 0 0.0299844 0.0127959 0.87298
46 1.24273 0 0 0.000524916 -0.000289667 1.18422
47 0.784532 0 0 -0.00750751 -0.00334619 1.03524
48 0 0 0 0 0 0
49 5.02493 -12.6972 -6.01282 -0.442652 0.17149 -0.199037
50 0 -1.70357 0.00508118 0 0 0
51 -0.0019598 3.96104 2.21118 0 0 0
52 0.641597 -0.666149 0.75166 0 0 0
53 0.786659 -3.45621 1.13628 0 0.198355 0
54 -0.706229 -4.69238 1.98618 -3.14159 -0.0872664 3.14159
55 0.0133305 1.02904 3.61174 0 0 0
56 0.0133305 -1.24399 2.23877 0 0 0
57 -11.6795 -12.3256 -17.6297 -1.53463 1.26663 -1.52115
58 0.0129166 0.0367718 5.95712 0 0 0
time 67
0 7.96718 5.13272 -3.24532 0.000934124 0 -0.959925
1 6.02794 0 0 -0.252228 1.15155 -0.0110627
2 11.7344 0 0 -0.00140282 0 -2.0038
3 8.81139 -0.000449181 -0.00011301 -0.0696808 0 0.000157482
4 5.77839 0.000286102 0 -0.0466862 0 0.000105201
5 2.23163 -0.000329971 -0.000364304 -0.0229948 0 0
6 11.4725 0 0 -0.392963 -0.723422 0.492594
7 0.615219 -0.993092 -0.8107 2.86877 0.397357 -0.310175
8 2.24752 0 0 0.0715792 0.114086 -0.295502
9 1.11936 0 0 0.000849974 0.07859 -1.14183
10 3.71348 -0.102642 0.102192 1.44717 0.805255 0.453677
11 1.72615 0 0 0.000435698 0.152128 -1.5215
12 1.21113 0 0 -0.00303755 0.0173727 -0.770565
13 3.59919 -1.06012 0.070889 1.5386 0.23991 0.0797226
14 1.66069 0 0 0.0103178 0.0561241 -0.0408303
15 1.167 0 0 -0.00595464 0.00361555 -0.0873128
16 2.18852 0.50104 0.0576591 1.55893 0.123347 0.226068
17 1.29609 0 0 -0.203075 0.0749011 -0.697922
18 1.62202 0.000715256 -0.000470638 0.0360744 -0.0049109 -1.60563
19 1.22241 0 0 0.00725899 -0.00270846 -0.703281
20 1.76707 1.27612 0.0366411 1.52736 0.172031 0.124018
21 1.55588 0 0 -0.298752 0.180158 -0.613945
22 1.24273 0 0 -0.000523635 -0.000292243 -1.18846
23 0.784522 0 0 0.00666346 0.00160557 -0.545402
24 -2.83583 -0.518291 -10.3275 -0.000932693 0 -2.0944
25 6.02794 0 0 -0.746129 0.744402 -2.26111
26 11.7344 0 0 0.00140288 0 2.39277
27 8.81167 0 0 -0.767503 0 0
28 5.77884 0 0 -0.514227 0 0
29 2.23249 0 0 -0.253276 0 0
30 11.4725 0 0 -0.750539 0.189455 0.109188
31 0.615813 0.994372 -0.809165 -2.35244 0.0557135 0.674093
32 2.24752 0 0 -0.117956 -0.0362803 -0.0166509
33 1.11936 0 0 0.04707 0.0163414 0.255621
34 3.71349 0.102639 0.102191 -1.5315 1.29231 -0.0416209
35 1.72615 0 0 -0.000774067 -0.000453103 1.15293
36 1.21112 0 0 0.00438081 0.0170836 0.848491
37 3.5992 1.06012 0.0708876 -1.79555 1.17773 -0.213272
38 1.66069 0 0 0.00713082 0.00941813 0.869944
39 1.16699 0 0 -0.0697857 0.0115344 1.42311
40 2.18853 -0.50104 0.0576582 -1.56296 0.0780998 -0.135486
41 1.29609 0 0 -0.0350504 -0.0310686 1.03459
42 1.62202 -0.000713348 -0.000469208 -0.0338367 -0.0119874 1.45402
43 1.22241 0 0 -0.0076788 -0.00283257 0.673824
44 1.76707 -1.27612 0.0366411 -1.56196 -0.0174626 -0.102712
45 1.55588 0 0 0.0299843 0.012796 0.87298
46 1.24273 0 0 0.000524875 -0.000289648 1.18422
47 0.784532 0 0 -0.00750751 -0.00334617 1.03524
48 0 0 0 0 0 0
49 5.02749 -12.6019 -5.87477 -0.444387 0.173182 -0.206377
50 0 -1.70357 0.00508022 0 0 0
51 -0.0019598 3.96104 2.21118 0 0 0
52 0.641596 -0.666148 0.75166 0 0 0
53 0.786658 -3.45621 1.13628 0 0.198355 0
54 -0.706229 -4.69238 1.98618 3.14159 -0.0872663 -3.14159
55 0.0133305 1.02904 3.61174 0 0 0
56 0.0133295 -1.24399 2.23877 0 0 0
57 -11.906 -11.9474 -17.3571 -1.61761 1.25862 -1.60842
58 0.0129204 0.0367718 5.95712 0 0 0
time 68
0 7.96718 5.13272 -3.24532 0.000934124 0 -0.959925
1 6.02794 0 0 -0.25435 1.15139 -0.0120331
2 11.7344 0 0 -0.00140298 0 -2.01625
3 8.81138 -0.000450134 -0.000112057 -0.0641196 0 0.000157148
4 5.77839 0.00028801 0 -0.0429601 0 0.000104961
5 2.23163 -0.000329018 -0.000362396 -0.0211594 0 0
6 11.4725 0 0 -0.393682 -0.717055 0.501519
7 0.61522 -0.993092 -0.8107 2.86877 0.397357 -0.310175
8 2.24752 0 0 0.0715791 0.114087 -0.295502
9 1.11936 0 0 0.000850023 0.0785901 -1.14183
10 3.71348 -0.102641 0.102191 1.44717 0.805255 0.453677
11 1.72615 0 0 0.000435645 0.152128 -1.5215
12 1.21114 0 0 -0.00303756 0.0173727 -0.770564
13 3.59919 -1.06012 0.0708885 1.5386 0.23991 0.0797226
14 1.66069 0 0 0.0103178 0.056124 -0.0408302
15 1.167 0 0 -0.00595461 0.00361554 -0.0873126
16 2.18852 0.50104 0.0576591 1.55893 0.123347 0.226068
17 1.29609 0 0 -0.203075 0.0749011 -0.697922
18 1.62202 0.000713348 -0.000471115 0.0360743 -0.00491085 -1.60563
19 1.22241 0 0 0.00725896 -0.00270846 -0.703282
20 1.76707 1.27612 0.0366411 1.52736 0.172031 0.124018
21 1.55588 0 0 -0.298752 0.180158 -0.613945
22 1.24274 0 0 -0.000523673 -0.000292214 -1.18846
23 0.784523 0 0 0.00666349 0.00160554 -0.545401
24 -2.83583 -0.518291 -10.3275 -0.000932693 0 -2.0944
25 6.02794 0 0 -0.729487 0.806189 -2.38784
26 11.7344 0 0 0.00140274 0 2.40055
27 8.81167 0 0 -0.792053 0 0
28 5.77884 0 0 -0.530676 0 0
29 2.23249 0 0 -0.261378 0 0
30 11.4725 0 0 -0.745537 0.330507 0.134911
31 0.615813 0.994372 -0.809166 -2.35244 0.0557133 0.674093
32 2.24752 0 0 -0.117956 -0.0362804 -0.0166508
33 1.11936 0 0 0.04707 0.0163414 0.255621
34 3.71349 0.102639 0.102191 -1.5315 1.29231 -0.0416216
35 1.72615 0 0 -0.000774149 -0.00045312 1.15293
36 1.21112 0 0 0.00438071 0.0170835 0.848491
37 3.5992 1.06012 0.0708876 -1.79555 1.17773 -0.213272
38 1.66069 0 0 0.00713087 0.00941826 0.869944
39 1.16699 0 0 -0.0697856 0.0115345 1.42311
40 2.18853 -0.50104 0.0576582 -1.56296 0.0780997 -0.135486
41 1.29609 0 0 -0.0350504 -0.0310686 1.03459
42 1.62201 -0.000713348 -0.000469208 -0.0338365 -0.0119873 1.45402
43 1.22241 0 0 -0.00767886 -0.00283258 0.673824
44 1.76707 -1.27612 0.0366402 -1.56196 -0.0174627 -0.102712
45 1.55588 0 0 0.0299843 0.0127958 0.87298
46 1.24273 0 0 0.000524809 -0.000289639 1.18422
47 0.784531 0 0 -0.00750767 -0.00334609 1.03524
48 0 0 0 0 0 0
49 5.02995 -12.5131 -5.74842 -0.446083 0.174379 -0.213162
50 0 -1.70357 0.00508118 0 0 0
51 -0.0019598 3.96104 2.21118 0 0 0
52 0.641597 -0.666147 0.751661 0 0 0
53 0.786658 -3.45621 1.13628 0 0.198355 0
54 -0.706229 -4.69238 1.98618 3.14159 -0.0872663 3.14159
55 0.0133305 1.02904 3.61174 0 0 0
56 0.0133295 -1.24399 2.23877 0 0 0
57 -12.0607 -11.6164 -17.0981 -1.6758 1.25088 -1.67099
58 0.0129223 0.0367713 5.95713 0 0 0
time 69
0 7.96718 5.13272 -3.24532 0.000934124 0 -0.959925
1 6.02794 0 0 -0.255928 1.15127 -0.0126948
2 11.7344 0 0 -0.00140275 0 -2.02728
3 8.81138 -0.000450134 -0.000111103 -0.0590553 0 0.000157022
4 5.77839 0.000285149 0 -0.0395671 0 0.000104962
5 2.23164 -0.000329971 -0.00036335 -0.0194882 0 0
6 11.4725 0 0 -0.393768 -0.711512 0.508921
7 0.615219 -0.993091 -0.8107 2.86877 0.397357 -0.310175
8 2.24752 0 0 0.0715793 0.114086 -0.295502
9 1.11936 0 0 0.000849971 0.07859 -1.14183
10 3.71348 -0.10264 0.102191 1.44717 0.805255 0.453676
11 1.72615 0 0 0.000435638 0.152128 -1.5215
12 1.21114 0 0 -0.00303758 0.0173727 -0.770565
13 3.59919 -1.06012 0.0708876 1.5386 0.23991 0.0797226
14 1.66069 0 0 0.0103178 0.056124 -0.0408303
15 1.167 0 0 -0.00595465 0.00361558 -0.0873129
16 2.18852 0.50104 0.0576582 1.55893 0.123347 0.226068
17 1.29609 0 0 -0.203075 0.0749011 -0.697922
18 1.62202 0.000713348 -0.000471115 0.0360743 -0.0049109 -1.60563
19 1.22241 0 0 0.0072589 -0.00270844 -0.703281
20 1.76707 1.27612 0.0366402 1.52736 0.172031 0.124017
21 1.55588 0 0 -0.298752 0.180158 -0.613945
22 1.24273 0 0 -0.000523693 -0.00029221 -1.18846
23 0.784523 0 0 0.00666348 0.00160557 -0.545401
24 -2.83583 -0.518291 -10.3275 -0.000932693 0 -2.0944
25 6.02794 0 0 -0.722374 0.865476 -2.4971
26 11.7344 0 0 0.00140271 0 2.41083
27 8.81167 0 0 -0.816963 0 0
28 5.77884 0 0 -0.547365 0 0
29 2.23249 0 0 -0.269598 0 0
30 11.4725 0 0 -0.735036 0.4508 0.14937
31 0.615814 0.994373 -0.809165 -2.35244 0.0557132 0.674094
32 2.24752 0 0 -0.117956 -0.0362803 -0.0166507
33 1.11936 0 0 0.0470699 0.0163414 0.255621
34 3.71349 0.10264 0.102191 -1.5315 1.29231 -0.0416209
35 1.72615 0 0 -0.000774125 -0.000453082 1.15293
36 1.21112 0 0 0.00438079 0.0170836 0.848491
37 3.5992 1.06012 0.0708885 -1.79555 1.17773 -0.213272
38 1.66069 0 0 0.00713091 0.00941826 0.869944
39 1.16699 0 0 -0.0697856 0.0115344 1.42311
40 2.18853 -0.50104 0.0576582 -1.56296 0.0780997 -0.135486
41 1.29609 0 0 -0.0350505 -0.0310684 1.03459
42 1.62202 -0.000713348 -0.000470161 -0.0338366 -0.0119874 1.45402
43 1.22241 0 0 -0.00767882 -0.00283247 0.673824
44 1.76707 -1.27612 0.0366411 -1.56196 -0.0174627 -0.102712
45 1.55588 0 0 0.0299843 0.012796 0.87298
46 1.24273 0 0 0.00052485 -0.000289792 1.18422
47 0.784533 0 0 -0.00750753 -0.0033461 1.03524
48 0 0 0 0 0 0
49 5.03225 -12.4313 -5.63791 -0.44784 0.175057 -0.219238
50 0 -1.70357 0.00508022 0 0 0
51 -0.0019598 3.96104 2.21118 0 0 0
52 0.641596 -0.666148 0.75166 0 0 0
53 0.786657 -3.45621 1.13628 0 0.198355 0
54 -0.70623 -4.69238 1.98618 -3.14159 -0.0872663 3.14159
55 0.0133295 1.02904 3.61174 0 0 0
56 0.0133295 -1.24399 2.23877 0 0 0
57 -12.1404 -11.3408 -16.8577 -1.71031 1.24483 -1.70994
58 0.0129185 0.0367723 5.95712 0 0 0
time 70
0 7.96718 5.13272 -3.24532 0.000934124 0 -0.959925
1 6.02794 0 0 -0.256319 1.15126 -0.0125368
2 11.7344 0 0 -0.00140274 0 -2.03667
3 8.81139 -0.000451088 -0.00011158 -0.0546271 0 0.000157548
4 5.77839 0.000286102 0 -0.0366001 0 0.000105245
5 2.23164 -0.000330925 -0.00036335 -0.0180268 0 0
6 11.4725 0 0 -0.393105 -0.707151 0.514306
7 0.61522 -0.993093 -0.8107 2.86877 0.397357 -0.310175
8 2.24752 0 0 0.0715793 0.114087 -0.295502
9 1.11936 0 0 0.0008499 0.0785901 -1.14183
10 3.71348 -0.102641 0.102191 1.44717 0.805255 0.453676
11 1.72615 0 0 0.00043566 0.152128 -1.5215
12 1.21114 0 0 -0.00303755 0.0173727 -0.770564
13 3.59919 -1.06012 0.070888 1.5386 0.23991 0.0797225
14 1.66069 0 0 0.0103178 0.0561241 -0.0408302
15 1.167 0 0 -0.00595467 0.00361551 -0.0873128
16 2.18852 0.50104 0.0576587 1.55893 0.123348 0.226068
17 1.29609 0 0 -0.203075 0.074901 -0.697922
18 1.62202 0.000712395 -0.000471115 0.0360743 -0.00491092 -1.60563
19 1.22241 0 0 0.00725896 -0.00270846 -0.703282
20 1.76707 1.27612 0.0366411 1.52736 0.172031 0.124017
21 1.55588 0 0 -0.298752 0.180158 -0.613945
22 1.24274 0 0 -0.00052373 -0.000292235 -1.18846
23 0.784523 0 0 0.00666347 0.00160554 -0.545401
24 -2.83583 -0.518291 -10.3275 -0.000932693 0 -2.0944
25 6.02794 0 0 -0.723148 0.911819 -2.58145
26 11.7344 0 0 0.00140266 0 2.42405
27 8.81167 0 0 -0.835265 0 0
28 5.77884 0 0 -0.559628 0 0
29 2.23249 0 0 -0.275638 0 0
30 11.4725 0 0 -0.721587 0.539525 0.15353
31 0.615812 0.994372 -0.809166 -2.35244 0.0557134 0.674093
32 2.24752 0 0 -0.117956 -0.0362803 -0.0166508
33 1.11936 0 0 0.04707 0.0163414 0.255621
34 3.71348 0.102639 0.102192 -1.5315 1.29231 -0.0416214
35 1.72615 0 0 -0.000774116 -0.000453124 1.15293
36 1.21112 0 0 0.00438082 0.0170835 0.848491
37 3.5992 1.06012 0.0708885 -1.79555 1.17773 -0.213272
38 1.66069 0 0 0.00713088 0.00941828 0.869944
39 1.16699 0 0 -0.0697858 0.0115345 1.42311
40 2.18853 -0.50104 0.0576582 -1.56296 0.0780998 -0.135486
41 1.29609 0 0 -0.0350504 -0.0310686 1.03459
42 1.62202 -0.000712395 -0.000470161 -0.0338366 -0.0119873 1.45402
43 1.22241 0 0 -0.00767889 -0.00283248 0.673824
44 1.76707 -1.27612 0.0366402 -1.56196 -0.0174626 -0.102712
45 1.55588 0 0 0.0299844 0.012796 0.87298
46 1.24273 0 0 0.000524736 -0.000289788 1.18422
47 0.784533 0 0 -0.00750754 -0.00334611 1.03524
48 0 0 0 0 0 0
49 5.03433 -12.3569 -5.54741 -0.449758 0.175193 -0.224448
50 0 -1.70357 0.00508118 0 0 0
51 -0.0019598 3.96104 2.21118 0 0 0
52 0.641596 -0.666147 0.75166 0 0 0
53 0.786658 -3.45621 1.13628 0 0.198355 0
54 -0.706229 -4.69238 1.98618 -3.14159 -0.0872663 -3.14159
55 0.0133305 1.02904 3.61174 0 0 0
56 0.0133295 -1.24399 2.23877 0 0 0
57 -12.142 -11.129 -16.6403 -1.72181 1.24136 -1.72586
58 0.0129185 0.0367723 5.95712 0 0 0
time 71
0 7.96718 5.13272 -3.24532 0.000934124 0 -0.959925
1 6.02794 0 0 -0.255792 1.15134 -0.0116126
2 11.7344 0 0 -0.00140282 0 -2.04457
3 8.81138 -0.000449181 -0.00011301 -0.0505709 0 0.000157269
4 5.77839 0.000287056 0 -0.0338825 0 0.000105229
5 2.23163 -0.000329971 -0.00036478 -0.0166884 0 0
6 11.4725 0 0 -0.391583 -0.703543 0.517923
7 0.61522 -0.993092 -0.8107 2.86877 0.397357 -0.310175
8 2.24752 0 0 0.0715791 0.114087 -0.295502
9 1.11936 0 0 0.000850068 0.0785901 -1.14183
10 3.71348 -0.10264 0.102191 1.44717 0.805255 0.453677
11 1.72615 0 0 0.000435668 0.152128 -1.5215
12 1.21114 0 0 -0.00303754 0.0173727 -0.770565
13 3.59919 -1.06012 0.0708885 1.5386 0.23991 0.0797226
14 1.66069 0 0 0.0103178 0.0561241 -0.0408302
15 1.167 0 0 -0.00595459 0.00361557 -0.0873127
16 2.18852 0.50104 0.0576596 1.55893 0.123347 0.226068
17 1.29609 0 0 -0.203075 0.0749011 -0.697922
18 1.62202 0.000714302 -0.000470638 0.0360743 -0.00491087 -1.60563
19 1.22241 0 0 0.00725899 -0.00270845 -0.703281
20 1.76707 1.27612 0.0366406 1.52736 0.172031 0.124017
21 1.55588 0 0 -0.298752 0.180158 -0.613945
22 1.24273 0 0 -0.000523656 -0.000292292 -1.18846
23 0.784523 0 0 0.0066635 0.00160551 -0.545401
24 -2.83583 -0.518291 -10.3275 -0.000932693 0 -2.0944
25 6.02794 0 0 -0.724596 0.943385 -2.63423
26 11.7344 0 0 0.00140279 0 2.44188
27 8.81167 0 0 -0.841448 0 0
28 5.77884 0 0 -0.56377 0 0
29 2.23249 0 0 -0.277678 0 0
30 11.4725 0 0 -0.70719 0.595607 0.143798
31 0.615813 0.994373 -0.809166 -2.35244 0.0557133 0.674094
32 2.24752 0 0 -0.117956 -0.0362803 -0.0166507
33 1.11936 0 0 0.0470699 0.0163414 0.255621
34 3.71349 0.10264 0.102191 -1.5315 1.29231 -0.0416201
35 1.72615 0 0 -0.000773977 -0.000452965 1.15293
36 1.21112 0 0 0.0043807 0.0170835 0.848491
37 3.5992 1.06012 0.0708876 -1.79555 1.17773 -0.213272
38 1.66069 0 0 0.00713086 0.00941821 0.869944
39 1.16699 0 0 -0.0697856 0.0115345 1.42311
40 2.18853 -0.501041 0.0576591 -1.56296 0.0780997 -0.135486
41 1.29609 0 0 -0.0350504 -0.0310687 1.03459
42 1.62202 -0.000713348 -0.000470161 -0.0338365 -0.0119872 1.45402
43 1.22241 0 0 -0.00767882 -0.00283263 0.673824
44 1.76707 -1.27612 0.0366411 -1.56196 -0.0174627 -0.102712
45 1.55588 0 0 0.0299842 0.012796 0.87298
46 1.24273 0 0 0.000524781 -0.000289827 1.18422
47 0.784531 0 0 -0.00750753 -0.0033461 1.03524
48 0 0 0 0 0 0
49 5.03625 -12.2915 -5.47507 -0.451664 0.174599 -0.228881
50 0 -1.70357 0.00508118 0 0 0
51 -0.0019598 3.96104 2.21118 0 0 0
52 0.641597 -0.666147 0.751661 0 0 0
53 0.786659 -3.45621 1.13628 0 0.198355 0
54 -0.706229 -4.69238 1.98618 3.14159 -0.0872664 -3.14159
55 0.0133305 1.02904 3.61174 0 0 0
56 0.0133305 -1.24399 2.23877 0 0 0
57 -12.0643 -10.9981 -16.4107 -1.7125 1.24078 -1.72008
58 0.0129166 0.0367718 5.95712 0 0 0
time 72
0 7.96718 5.13272 -3.24532 0.000934124 0 -0.959925
1 6.02794 0 0 -0.255048 1.15146 -0.0103339
2 11.7344 0 0 -0.00140288 0 -2.05126
3 8.81138 -0.000448227 -0.00011158 -0.0465622 0 0.000156702
4 5.77839 0.000287056 0 -0.0311966 0 0.000104798
5 2.23163 -0.000329971 -0.00036335 -0.0153655 0 0
6 11.4725 0 0 -0.389217 -0.700029 0.520391
7 0.61522 -0.993092 -0.8107 2.86877 0.397357 -0.310175
8 2.24752 0 0 0.0715791 0.114087 -0.295502
9 1.11936 0 0 0.000850057 0.0785902 -1.14183
10 3.71348 -0.102642 0.102191 1.44717 0.805255 0.453677
11 1.72615 0 0 0.00043563 0.152128 -1.5215
12 1.21113 0 0 -0.00303757 0.0173727 -0.770564
13 3.59919 -1.06012 0.070888 1.5386 0.23991 0.0797226
14 1.66069 0 0 0.0103178 0.056124 -0.0408304
15 1.167 0 0 -0.00595462 0.00361555 -0.0873126
16 2.18852 0.50104 0.0576591 1.55893 0.123347 0.226068
17 1.29609 0 0 -0.203075 0.0749011 -0.697922
18 1.62202 0.000714302 -0.000470638 0.0360743 -0.00491079 -1.60563
19 1.22241 0 0 0.00725896 -0.00270849 -0.703281
20 1.76707 1.27612 0.0366406 1.52736 0.172031 0.124017
21 1.55588 0 0 -0.298752 0.180158 -0.613945
22 1.24274 0 0 -0.000523636 -0.000292189 -1.18846
23 0.784524 0 0 0.00666352 0.00160552 -0.545401
24 -2.83583 -0.518291 -10.3275 -0.000932693 0 -2.0944
25 6.02794 0 0 -0.720049 0.962495 -2.65272
26 11.7344 0 0 0.00140276 0 2.46697
27 8.81167 0 0 -0.832311 0 0
28 5.77884 0 0 -0.557648 0 0
29 2.23249 0 0 -0.274663 0 0
30 11.4725 0 0 -0.692902 0.623015 0.115916
31 0.615814 0.994373 -0.809167 -2.35244 0.0557133 0.674094
32 2.24752 0 0 -0.117956 -0.0362804 -0.0166509
33 1.11936 0 0 0.04707 0.0163413 0.255621
34 3.71349 0.102639 0.10219 -1.5315 1.29231 -0.041621
35 1.72615 0 0 -0.000774026 -0.00045304 1.15293
36 1.21112 0 0 0.00438072 0.0170835 0.848491
37 3.5992 1.06012 0.0708876 -1.79555 1.17773 -0.213272
38 1.66069 0 0 0.0071309 0.00941834 0.869944
39 1.16699 0 0 -0.0697858 0.0115344 1.42311
40 2.18853 -0.50104 0.0576572 -1.56296 0.0780997 -0.135486
41 1.29609 0 0 -0.0350505 -0.0310684 1.03459
42 1.62202 -0.000714302 -0.000470161 -0.0338367 -0.0119874 1.45402
43 1.22241 0 0 -0.00767878 -0.00283252 0.673824
44 1.76707 -1.27612 0.0366392 -1.56196 -0.0174627 -0.102712
45 1.55587 0 0 0.0299844 0.012796 0.87298
46 1.24273 0 0 0.000524755 -0.000289774 1.18422
47 0.784531 0 0 -0.0075075 -0.00334605 1.03524
48 0 0 0 0 0 0
49 5.03811 -12.2355 -5.41564 -0.453331 0.173159 -0.232748
50 0 -1.70357 0.00508118 0 0 0
51 -0.0019598 3.96104 2.21118 0 0 0
52 0.641597 -0.666147 0.75166 0 0 0
53 0.786658 -3.4562 1.13628 0 0.198355 0
54 -0.706229 -4.69238 1.98618 -3.14159 -0.0872664 3.14159
55 0.0133295 1.02904 3.61174 0 0 0
56 0.0133295 -1.24399 2.23877 0 0 0
57 -11.9132 -10.9553 -16.1348 -1.68513 1.24271 -1.69463
58 0.0129185 0.0367718 5.95713 0 0 0
time 73
0 7.96718 5.13272 -3.24532 0.000934124 0 -0.959925
1 6.02794 0 0 -0.254073 1.15161 -0.00869236
2 11.7344 0 0 -0.00140284 0 -2.05685
3 8.81138 -0.000450134 -0.000112534 -0.0426156 0 0.00015772
4 5.77839 0.000287056 0 -0.0285524 0 0.000105475
5 2.23164 -0.000329018 -0.00036478 -0.0140632 0 0
6 11.4725 0 0 -0.386084 -0.696611 0.521789
7 0.615218 -0.993092 -0.8107 2.86877 0.397357 -0.310175
8 2.24752 0 0 0.0715792 0.114086 -0.295502
9 1.11936 0 0 0.000849993 0.0785901 -1.14183
10 3.71348 -0.102641 0.102191 1.44717 0.805255 0.453677
11 1.72615 0 0 0.000435638 0.152128 -1.5215
12 1.21114 0 0 -0.00303755 0.0173727 -0.770565
13 3.59919 -1.06012 0.070888 1.5386 0.23991 0.0797227
14 1.66069 0 0 0.0103178 0.0561241 -0.0408304
15 1.167 0 0 -0.00595466 0.00361553 -0.087313
16 2.18852 0.50104 0.0576591 1.55893 0.123347 0.226068
17 1.29609 0 0 -0.203075 0.0749012 -0.697922
18 1.62202 0.000715256 -0.000471115 0.0360743 -0.00491083 -1.60563
19 1.22241 0 0 0.00725901 -0.00270846 -0.703281
20 1.76707 1.27612 0.0366411 1.52736 0.172032 0.124018
21 1.55588 0 0 -0.298752 0.180158 -0.613945
22 1.24273 0 0 -0.000523676 -0.000292288 -1.18846
23 0.784523 0 0 0.00666345 0.00160559 -0.545401
24 -2.83583 -0.518291 -10.3275 -0.000932693 0 -2.0944
25 6.02794 0 0 -0.705878 0.971326 -2.63606
26 11.7344 0 0 0.00140277 0 2.49673
27 8.81167 0 0 -0.806662 0 0
28 5.77884 0 0 -0.540464 0 0
29 2.23249 0 0 -0.266198 0 0
30 11.4725 0 0 -0.678881 0.624561 0.0714167
31 0.615812 0.994373 -0.809165 -2.35244 0.0557133 0.674094
32 2.24752 0 0 -0.117956 -0.0362803 -0.0166508
33 1.11936 0 0 0.04707 0.0163414 0.255621
34 3.71348 0.102639 0.10219 -1.5315 1.29231 -0.0416201
35 1.72615 0 0 -0.000774066 -0.000453103 1.15293
36 1.21112 0 0 0.00438084 0.0170835 0.848491
37 3.5992 1.06012 0.0708885 -1.79555 1.17773 -0.213272
38 1.66069 0 0 0.0071309 0.00941816 0.869945
39 1.16699 0 0 -0.0697856 0.0115345 1.42311
40 2.18853 -0.501041 0.0576591 -1.56296 0.0780998 -0.135486
41 1.29609 0 0 -0.0350504 -0.0310687 1.03459
42 1.62202 -0.000713348 -0.000469208 -0.0338364 -0.0119872 1.45402
43 1.22241 0 0 -0.00767897 -0.00283251 0.673824
44 1.76707 -1.27612 0.0366411 -1.56196 -0.0174626 -0.102712
45 1.55588 0 0 0.0299842 0.0127959 0.87298
46 1.24273 0 0 0.000524893 -0.000289768 1.18422
47 0.784531 0 0 -0.00750754 -0.00334623 1.03524
48 0 0 0 0 0 0
49 5.0399 -12.1885 -5.36819 -0.454778 0.17095 -0.236079
50 0 -1.70357 0.00508118 0 0 0
51 -0.0019598 3.96104 2.21118 0 0 0
52 0.641596 -0.666147 0.75166 0 0 0
53 0.786658 -3.45621 1.13628 0 0.198355 0
54 -0.70623 -4.69238 1.98618 3.14159 -0.0872663 -3.14159
55 0.0133305 1.02904 3.61174 0 0 0
56 0.0133295 -1.24399 2.23877 0 0 0
57 -11.6957 -10.9937 -15.8183 -1.63989 1.24639 -1.64977
58 0.0129204 0.0367723 5.95713 0 0 0
time 74
0 7.96718 5.13272 -3.24532 0.000934124 0 -0.959925
1 6.02794 0 0 -0.252859 1.15179 -0.00669091
2 11.7344 0 0 -0.0014029 0 -2.06141
3 8.81138 -0.000449181 -0.000112534 -0.0387333 0 0.000157186
4 5.77839 0.000286102 0 -0.0259512 0 0.000105077
5 2.23163 -0.000329018 -0.00036335 -0.012782 0 0
6 11.4725 0 0 -0.38226 -0.693295 0.522203
7 0.615221 -0.993092 -0.810699 2.86877 0.397357 -0.310175
8 2.24752 0 0 0.0715793 0.114086 -0.295502
9 1.11936 0 0 0.000850038 0.0785901 -1.14183
10 3.71348 -0.102641 0.102191 1.44717 0.805255 0.453676
11 1.72615 0 0 0.000435698 0.152128 -1.5215
12 1.21114 0 0 -0.00303758 0.0173727 -0.770565
13 3.59919 -1.06012 0.0708885 1.5386 0.23991 0.0797227
14 1.66069 0 0 0.0103178 0.056124 -0.0408303
15 1.167 0 0 -0.00595462 0.00361552 -0.0873127
16 2.18853 0.50104 0.0576591 1.55893 0.123347 0.226068
17 1.29609 0 0 -0.203075 0.0749011 -0.697922
18 1.62202 0.000714302 -0.000471115 0.0360743 -0.0049109 -1.60563
19 1.22241 0 0 0.007259 -0.00270845 -0.703281
20 1.76707 1.27612 0.0366411 1.52736 0.172031 0.124018
21 1.55588 0 0 -0.298752 0.180158 -0.613945
22 1.24273 0 0 -0.000523664 -0.00029228 -1.18846
23 0.784524 0 0 0.00666346 0.00160563 -0.545401
24 -2.83583 -0.518291 -10.3275 -0.000932693 0 -2.0944
25 6.02794 0 0 -0.680375 0.973707 -2.58647
26 11.7344 0 0 0.00140258 0 2.52947
27 8.81167 0 0 -0.764676 0 0
28 5.77884 0 0 -0.512333 0 0
29 2.23249 0 0 -0.252343 0 0
30 11.4725 0 0 -0.664019 0.605338 0.0112611
31 0.615813 0.994372 -0.809167 -2.35244 0.0557134 0.674094
32 2.24752 0 0 -0.117956 -0.0362803 -0.0166507
33 1.11936 0 0 0.0470699 0.0163414 0.255621
34 3.71348 0.102639 0.102191 -1.5315 1.29231 -0.041621
35 1.72615 0 0 -0.000774112 -0.000453064 1.15293
36 1.21112 0 0 0.0043808 0.0170834 0.848491
37 3.5992 1.06012 0.0708876 -1.79555 1.17773 -0.213272
38 1.66069 0 0 0.00713079 0.00941821 0.869944
39 1.16699 0 0 -0.0697857 0.0115346 1.42311
40 2.18853 -0.50104 0.0576591 -1.56296 0.0780998 -0.135486
41 1.29609 0 0 -0.0350504 -0.0310686 1.03459
42 1.62202 -0.000712872 -0.000470161 -0.0338365 -0.0119872 1.45402
43 1.22241 0 0 -0.00767891 -0.00283253 0.673824
44 1.76707 -1.27612 0.0366402 -1.56196 -0.0174626 -0.102712
45 1.55588 0 0 0.0299843 0.0127959 0.87298
46 1.24273 0 0 0.000524803 -0.000289662 1.18422
47 0.784532 0 0 -0.00750745 -0.0033462 1.03524
48 0 0 0 0 0 0
49 5.04163 -12.1497 -5.33176 -0.456021 0.168049 -0.238903
50 0 -1.70357 0.00508022 0 0 0
51 -0.0019598 3.96104 2.21118 0 0 0
52 0.641596 -0.666148 0.75166 0 0 0
53 0.786658 -3.45621 1.13628 0 0.198355 0
54 -0.70623 -4.69238 1.98618 -3.14159 -0.0872664 3.14159
55 0.0133305 1.02904 3.61174 0 0 0
56 0.0133295 -1.24399 2.23877 0 0 0
57 -11.4189 -11.106 -15.4668 -1.57667 1.25068 -1.58546
58 0.0129185 0.0367713 5.95712 0 0 0
time 75
0 7.96718 5.13272 -3.24532 0.000934124 0 -0.959925
1 6.02794 0 0 -0.25142 1.152 -0.00435249
2 11.7344 0 0 -0.00140283 0 -2.06504
3 8.81138 -0.000449181 -0.000112534 -0.0349186 0 0.000157551
4 5.77839 0.000287056 0 -0.0233955 0 0.00010537
5 2.23163 -0.000329018 -0.00036335 -0.0115231 0 0
6 11.4725 0 0 -0.377825 -0.690089 0.521723
7 0.61522 -0.993092 -0.8107 2.86877 0.397357 -0.310175
8 2.24752 0 0 0.0715792 0.114086 -0.295502
9 1.11936 0 0 0.000850001 0.0785902 -1.14183
10 3.71348 -0.102641 0.10219 1.44717 0.805255 0.453677
11 1.72615 0 0 0.000435668 0.152128 -1.5215
12 1.21114 0 0 -0.00303755 0.0173727 -0.770564
13 3.59919 -1.06012 0.070888 1.5386 0.23991 0.0797228
14 1.66069 0 0 0.0103178 0.0561241 -0.0408303
15 1.167 0 0 -0.00595463 0.00361555 -0.0873127
16 2.18853 0.50104 0.0576587 1.55893 0.123348 0.226068
17 1.29609 0 0 -0.203075 0.0749011 -0.697922
18 1.62202 0.000713348 -0.000470638 0.0360743 -0.00491092 -1.60563
19 1.22241 0 0 0.00725901 -0.00270846 -0.703282
20 1.76707 1.27612 0.0366406 1.52736 0.172031 0.124017
21 1.55588 0 0 -0.298752 0.180158 -0.613945
22 1.24273 0 0 -0.000523656 -0.000292239 -1.18846
23 0.784523 0 0 0.00666346 0.00160557 -0.545402
24 -2.83583 -0.518291 -10.3275 -0.000932693 0 -2.0944
25 6.02794 0 0 -0.642924 0.97393 -2.50775
26 11.7344 0 0 0.00140268 0 2.56478
27 8.81167 0 0 -0.706939 0 0
28 5.77884 0 0 -0.473649 0 0
29 2.23249 0 0 -0.23329 0 0
30 11.4725 0 0 -0.646671 0.571498 -0.0645805
31 0.615814 0.994373 -0.809166 -2.35244 0.0557133 0.674093
32 2.24752 0 0 -0.117956 -0.0362804 -0.0166507
33 1.11936 0 0 0.0470699 0.0163415 0.255621
34 3.71349 0.102641 0.10219 -1.5315 1.29231 -0.0416208
35 1.72615 0 0 -0.000774006 -0.000453009 1.15293
36 1.21112 0 0 0.00438076 0.0170835 0.848491
37 3.5992 1.06012 0.0708876 -1.79555 1.17773 -0.213273
38 1.66069 0 0 0.00713086 0.00941829 0.869944
39 1.16699 0 0 -0.0697856 0.0115345 1.42311
40 2.18853 -0.50104 0.0576591 -1.56296 0.0780998 -0.135486
41 1.29609 0 0 -0.0350504 -0.0310687 1.03459
42 1.62202 -0.000714302 -0.000468254 -0.0338365 -0.0119872 1.45402
43 1.22241 0 0 -0.00767875 -0.00283262 0.673824
44 1.76707 -1.27612 0.0366402 -1.56196 -0.0174628 -0.102712
45 1.55588 0 0 0.0299843 0.012796 0.87298
46 1.24273 0 0 0.000524779 -0.000289763 1.18422
47 0.784532 0 0 -0.00750737 -0.00334617 1.03524
48 0 0 0 0 0 0
49 5.04329 -12.1186 -5.30541 -0.457079 0.164534 -0.241249
50 0 -1.70357 0.00508022 0 0 0
51 -0.0019598 3.96104 2.21118 0 0 0
52 0.641597 -0.666147 0.751659 0 0 0
53 0.786657 -3.4562 1.13628 0 0.198355 0
54 -0.70623 -4.69238 1.98618 3.14159 -0.0872664 -3.14159
55 0.0133295 1.02904 3.61174 0 0 0
56 0.0133295 -1.24399 2.23877 0 0 0
57 -11.0897 -11.2849 -15.0858 -1.49566 1.25416 -1.50194
58 0.0129185 0.0367723 5.95713 0 0 0
time 76
0 7.96718 5.13272 -3.24532 0.000934124 0 -0.959925
1 6.02794 0 0 -0.249774 1.15224 -0.00171095
2 11.7344 0 0 -0.00140287 0 -2.06781
3 8.81138 -0.000450134 -0.000112057 -0.0311671 0 0.000157437
4 5.77839 0.000286102 0 -0.0208819 0 0.00010527
5 2.23163 -0.000329018 -0.00036478 -0.0102852 0 0
6 11.4725 0 0 -0.372856 -0.687002 0.520441
7 0.61522 -0.993092 -0.8107 2.86877 0.397357 -0.310175
8 2.24752 0 0 0.0715792 0.114086 -0.295502
9 1.11936 0 0 0.00085018 0.0785902 -1.14183
10 3.71348 -0.10264 0.10219 1.44717 0.805255 0.453676
11 1.72615 0 0 0.000435698 0.152128 -1.5215
12 1.21114 0 0 -0.00303754 0.0173727 -0.770565
13 3.59919 -1.06012 0.070888 1.5386 0.23991 0.0797226
14 1.66069 0 0 0.0103177 0.0561241 -0.0408304
15 1.167 0 0 -0.00595466 0.00361558 -0.0873126
16 2.18852 0.50104 0.0576591 1.55893 0.123347 0.226068
17 1.29609 0 0 -0.203075 0.0749012 -0.697922
18 1.62202 0.000713348 -0.000471115 0.0360743 -0.00491087 -1.60563
19 1.22241 0 0 0.007259 -0.00270845 -0.703281
20 1.76707 1.27612 0.0366406 1.52736 0.172031 0.124017
21 1.55588 0 0 -0.298752 0.180158 -0.613945
22 1.24273 0 0 -0.000523586 -0.000292263 -1.18846
23 0.784524 0 0 0.00666345 0.00160556 -0.545402
24 -2.83583 -0.518291 -10.3275 -0.000932693 0 -2.0944
25 6.02794 0 0 -0.589883 0.976829 -2.39962
26 11.7344 0 0 0.00140279 0 2.59894
27 8.81167 0 0 -0.634588 0 0
28 5.77884 0 0 -0.425174 0 0
29 2.23249 0 0 -0.209414 0 0
30 11.4725 0 0 -0.625469 0.528714 -0.155022
31 0.615812 0.994372 -0.809165 -2.35244 0.0557133 0.674093
32 2.24752 0 0 -0.117956 -0.0362804 -0.016651
33 1.11936 0 0 0.04707 0.0163414 0.255621
34 3.71348 0.102639 0.102192 -1.5315 1.29231 -0.041622
35 1.72615 0 0 -0.000774121 -0.000453076 1.15293
36 1.21112 0 0 0.00438054 0.0170836 0.848491
37 3.5992 1.06012 0.0708904 -1.79555 1.17773 -0.213272
38 1.66069 0 0 0.00713094 0.00941826 0.869944
39 1.16699 0 0 -0.0697856 0.0115344 1.42311
40 2.18853 -0.50104 0.0576601 -1.56296 0.0780997 -0.135486
41 1.29609 0 0 -0.0350504 -0.0310685 1.03459
42 1.62202 -0.000713825 -0.000469208 -0.0338365 -0.0119873 1.45402
43 1.22241 0 0 -0.00767882 -0.00283263 0.673824
44 1.76707 -1.27612 0.0366421 -1.56196 -0.0174626 -0.102712
45 1.55587 0 0 0.0299843 0.012796 0.87298
46 1.24273 0 0 0.000524747 -0.000289678 1.18422
47 0.784532 0 0 -0.00750755 -0.00334613 1.03524
48 0 0 0 0 0 0
49 5.0449 -12.0944 -5.28818 -0.45797 0.160483 -0.243147
50 0 -1.70357 0.00507927 0 0 0
51 -0.0019598 3.96104 2.21118 0 0 0
52 0.641596 -0.666147 0.751659 0 0 0
53 0.786659 -3.45621 1.13628 0 0.198355 0
54 -0.706229 -4.69238 1.98618 3.14159 -0.0872663 -3.14159
55 0.0133295 1.02904 3.61174 0 0 0
56 0.0133295 -1.24399 2.23877 0 0 0
57 -10.7149 -11.5227 -14.681 -1.39826 1.25517 -1.40067
58 0.0129204 0.0367718 5.95712 0 0 0
time 77
0 7.96718 5.13272 -3.24532 0.000934124 0 -0.959925
1 6.02794 0 0 -0.247954 1.15251 0.00118808
2 11.7344 0 0 -0.00140292 0 -2.06982
3 8.81139 -0.000450134 -0.00011301 -0.0274741 0 0.0001575
4 5.77839 0.000287056 0 -0.0184078 0 0.0001055
5 2.23164 -0.000329971 -0.00036335 -0.00906643 0 0
6 11.4725 0 0 -0.367434 -0.684045 0.518455
7 0.615219 -0.993091 -0.8107 2.86877 0.397357 -0.310175
8 2.24752 0 0 0.0715791 0.114087 -0.295502
9 1.11936 0 0 0.000850023 0.0785901 -1.14183
10 3.71348 -0.102641 0.102191 1.44717 0.805255 0.453677
11 1.72615 0 0 0.000435668 0.152128 -1.5215
12 1.21114 0 0 -0.00303756 0.0173727 -0.770565
13 3.59919 -1.06012 0.070888 1.5386 0.23991 0.0797227
14 1.66069 0 0 0.0103177 0.056124 -0.0408305
15 1.167 0 0 -0.00595464 0.00361555 -0.0873127
16 2.18852 0.50104 0.0576591 1.55893 0.123347 0.226068
17 1.29609 0 0 -0.203075 0.0749011 -0.697922
18 1.62202 0.000713348 -0.000470638 0.0360743 -0.00491082 -1.60563
19 1.22241 0 0 0.00725899 -0.00270848 -0.703281
20 1.76707 1.27612 0.0366406 1.52736 0.172031 0.124018
21 1.55588 0 0 -0.298752 0.180158 -0.613945
22 1.24274 0 0 -0.000523631 -0.000292276 -1.18846
23 0.784523 0 0 0.00666342 0.00160565 -0.545402
24 -2.83583 -0.518291 -10.3275 -0.000932693 0 -2.0944
25 6.02794 0 0 -0.516844 0.984832 -2.26014
26 11.7344 0 0 0.00140267 0 2.62997
27 8.81167 0 0 -0.548505 0 0
28 5.77884 0 0 -0.367498 0 0
29 2.23249 0 0 -0.181007 0 0
30 11.4725 0 0 -0.599685 0.48123 -0.26007
31 0.615813 0.994372 -0.809166 -2.35244 0.0557133 0.674094
32 2.24752 0 0 -0.117956 -0.0362805 -0.0166508
33 1.11936 0 0 0.0470699 0.0163414 0.255621
34 3.71348 0.10264 0.10219 -1.5315 1.29231 -0.0416202
35 1.72615 0 0 -0.000774038 -0.000453059 1.15293
36 1.21112 0 0 0.00438073 0.0170834 0.848491
37 3.5992 1.06011 0.0708885 -1.79555 1.17773 -0.213272
38 1.66069 0 0 0.00713086 0.00941826 0.869945
39 1.16699 0 0 -0.0697857 0.0115345 1.42311
40 2.18853 -0.50104 0.0576591 -1.56296 0.0780997 -0.135486
41 1.29609 0 0 -0.0350505 -0.0310685 1.03459
42 1.62202 -0.000713825 -0.000469208 -0.0338365 -0.0119873 1.45402
43 1.22241 0 0 -0.00767884 -0.00283252 0.673824
44 1.76707 -1.27612 0.0366402 -1.56196 -0.0174627 -0.102712
45 1.55588 0 0 0.0299843 0.0127958 0.87298
46 1.24273 0 0 0.000524751 -0.000289672 1.18422
47 0.784532 0 0 -0.00750756 -0.00334615 1.03524
48 0 0 0 0 0 0
49 5.04645 -12.0767 -5.27914 -0.45871 0.155974 -0.244626
50 0 -1.70357 0.00508118 0 0 0
51 -0.00196075 3.96104 2.21118 0 0 0
52 0.641595 -0.666146 0.751661 0 0 0
53 0.786657 -3.4562 1.13628 0 0.198355 0
54 -0.706231 -4.69238 1.98618 -3.14159 -0.0872664 3.14159
55 0.0133295 1.02904 3.61174 0 0 0
56 0.0133295 -1.24399 2.23877 0 0 0
57 -10.3007 -11.8122 -14.2579 -1.2878 1.252 -1.28504
58 0.0129185 0.0367723 5.95712 0 0 0
time 78
0 7.96718 5.13272 -3.24532 0.000934124 0 -0.959925
1 6.02794 0 0 -0.245993 1.15279 0.00429359
2 11.7344 0 0 -0.00140283 0 -2.07113
3 8.81139 -0.000450134 -0.000112534 -0.0238319 0 0.000157602
4 5.77839 0.000287056 0 -0.0159674 0 0.000105464
5 2.23164 -0.000329971 -0.000364304 -0.0078645 0 0
6 11.4725 0 0 -0.361635 -0.681228 0.515861
7 0.615219 -0.993092 -0.8107 2.86877 0.397357 -0.310175
8 2.24752 0 0 0.0715793 0.114086 -0.295502
9 1.11936 0 0 0.000849926 0.07859 -1.14183
10 3.71348 -0.102641 0.102191 1.44717 0.805255 0.453676
11 1.72615 0 0 0.000435668 0.152128 -1.5215
12 1.21114 0 0 -0.00303755 0.0173727 -0.770565
13 3.59919 -1.06012 0.070888 1.5386 0.23991 0.0797227
14 1.66069 0 0 0.0103178 0.0561241 -0.0408304
15 1.167 0 0 -0.0059546 0.00361558 -0.0873125
16 2.18853 0.50104 0.0576591 1.55893 0.123347 0.226068
17 1.29609 0 0 -0.203075 0.0749011 -0.697922
18 1.62202 0.000714302 -0.000471592 0.0360743 -0.00491093 -1.60563
19 1.22241 0 0 0.00725892 -0.00270843 -0.703281
20 1.76707 1.27612 0.0366411 1.52736 0.172031 0.124017
21 1.55588 0 0 -0.298752 0.180158 -0.613945
22 1.24273 0 0 -0.000523705 -0.000292272 -1.18846
23 0.784523 0 0 0.00666344 0.00160561 -0.545401
24 -2.83583 -0.518291 -10.3275 -0.000932693 0 -2.0944
25 6.02794 0 0 -0.418691 0.997575 -2.08666
26 11.7344 0 0 0.00140273 0 2.65606
27 8.81167 0 0 -0.450774 0 0
28 5.77884 0 0 -0.302019 0 0
29 2.23249 0 0 -0.148755 0 0
30 11.4725 0 0 -0.569049 0.43253 -0.378528
31 0.615814 0.994371 -0.809166 -2.35244 0.0557133 0.674094
32 2.24752 0 0 -0.117956 -0.0362804 -0.0166506
33 1.11936 0 0 0.0470699 0.0163413 0.255621
34 3.71349 0.10264 0.10219 -1.5315 1.29231 -0.0416204
35 1.72615 0 0 -0.000774066 -0.000453103 1.15293
36 1.21112 0 0 0.00438075 0.0170836 0.848491
37 3.5992 1.06012 0.0708876 -1.79555 1.17773 -0.213272
38 1.66069 0 0 0.00713087 0.00941816 0.869944
39 1.16699 0 0 -0.0697857 0.0115345 1.42311
40 2.18853 -0.50104 0.0576591 -1.56296 0.0780996 -0.135486
41 1.29609 0 0 -0.0350505 -0.0310687 1.03459
42 1.62202 -0.000712872 -0.000469208 -0.0338365 -0.0119873 1.45402
43 1.22241 0 0 -0.00767894 -0.00283262 0.673824
44 1.76707 -1.27612 0.0366402 -1.56196 -0.0174627 -0.102712
45 1.55587 0 0 0.0299842 0.012796 0.87298
46 1.24273 0 0 0.000524829 -0.000289662 1.18422
47 0.784532 0 0 -0.00750754 -0.00334623 1.03524
48 0 0 0 0 0 0
49 5.04794 -12.0647 -5.27734 -0.459319 0.151083 -0.245714
50 0 -1.70357 0.00508118 0 0 0
51 -0.00196075 3.96104 2.21118 0 0 0
52 0.641595 -0.666148 0.75166 0 0 0
53 0.786657 -3.45621 1.13628 0 0.198355 0
54 -0.70623 -4.69238 1.98618 3.14159 -0.0872664 -3.14159
55 0.0133295 1.02904 3.61174 0 0 0
56 0.0133295 -1.24399 2.23877 0 0 0
57 -9.85331 -12.1456 -13.8223 -1.16989 1.24312 -1.16071
58 0.0129185 0.0367718 5.95713 0 0 0
time 79
0 7.96718 5.13272 -3.24532 0.000934124 0 -0.959925
1 6.02794 0 0 -0.243935 1.15308 0.00754673
2 11.7344 0 0 -0.00140284 0 -2.07183
3 8.81138 -0.000450134 -0.000112057 -0.0202347 0 0.000157641
4 5.77839 0.000285149 0 -0.0135573 0 0.000105607
5 2.23163 -0.000329971 -0.000362873 -0.00667752 0 0
6 11.4725 0 0 -0.35554 -0.678564 0.512758
7 0.615219 -0.993092 -0.810699 2.86877 0.397357 -0.310175
8 2.24752 0 0 0.0715792 0.114086 -0.295502
9 1.11936 0 0 0.000850027 0.0785903 -1.14183
10 3.71348 -0.102641 0.102191 1.44717 0.805255 0.453677
11 1.72615 0 0 0.00043566 0.152128 -1.5215
12 1.21114 0 0 -0.00303755 0.0173727 -0.770564
13 3.59919 -1.06012 0.070888 1.5386 0.23991 0.0797228
14 1.66069 0 0 0.0103178 0.056124 -0.0408304
15 1.167 0 0 -0.00595463 0.00361552 -0.0873126
16 2.18853 0.50104 0.0576591 1.55893 0.123348 0.226068
17 1.29609 0 0 -0.203075 0.0749011 -0.697922
18 1.62202 0.000714302 -0.000471115 0.0360743 -0.00491087 -1.60563
19 1.22241 0 0 0.00725898 -0.00270846 -0.703281
20 1.76707 1.27612 0.0366416 1.52736 0.172031 0.124018
21 1.55588 0 0 -0.298752 0.180158 -0.613945
22 1.24274 0 0 -0.000523635 -0.000292243 -1.18846
23 0.784523 0 0 0.00666345 0.00160559 -0.545401
24 -2.83583 -0.518291 -10.3275 -0.000932693 0 -2.0944
25 6.02794 0 0 -0.291101 1.01127 -1.87723
26 11.7344 0 0 0.00140274 0 2.67454
27 8.81167 0 0 -0.346316 0 0
28 5.77884 0 0 -0.232032 0 0
29 2.23249 0 0 -0.114284 0 0
30 11.4725 0 0 -0.533701 0.384966 -0.506631
31 0.615813 0.994373 -0.809166 -2.35244 0.0557133 0.674094
32 2.24752 0 0 -0.117956 -0.0362803 -0.0166508
33 1.11936 0 0 0.0470699 0.0163414 0.255621
34 3.71349 0.10264 0.10219 -1.5315 1.29231 -0.0416212
35 1.72615 0 0 -0.000774028 -0.000453043 1.15293
36 1.21112 0 0 0.0043807 0.0170835 0.848491
37 3.5992 1.06012 0.0708885 -1.79555 1.17773 -0.213272
38 1.66069 0 0 0.00713096 0.00941833 0.869944
39 1.16699 0 0 -0.0697857 0.0115345 1.42311
40 2.18853 -0.50104 0.0576591 -1.56296 0.0780996 -0.135486
41 1.29609 0 0 -0.0350504 -0.0310686 1.03459
42 1.62202 -0.000713348 -0.000469208 -0.0338366 -0.0119873 1.45402
43 1.22241 0 0 -0.00767894 -0.00283243 0.673824
44 1.76707 -1.27612 0.0366402 -1.56196 -0.0174627 -0.102712
45 1.55588 0 0 0.0299842 0.012796 0.87298
46 1.24273 0 0 0.000524821 -0.000289701 1.18422
47 0.784532 0 0 -0.00750764 -0.00334617 1.03524
48 0 0 0 0 0 0
49 5.04937 -12.0579 -5.28182 -0.459813 0.145889 -0.246442
50 0 -1.70357 0.00508118 0 0 0
51 -0.0019598 3.96104 2.21118 0 0 0
52 0.641597 -0.666149 0.751661 0 0 0
53 0.786659 -3.45621 1.13628 0 0.198355 0
54 -0.70623 -4.69238 1.98618 -3.14159 -0.0872664 -3.14159
55 0.0133295 1.02904 3.61174 0 0 0
56 0.0133295 -1.24399 2.23877 0 0 0
57 -9.37854 -12.5154 -13.3802 -1.05154 1.22749 -1.03478
58 0.0129185 0.0367727 5.95713 0 0 0
time 80
0 7.96718 5.13272 -3.24532 0.000934124 0 -0.959925
1 6.02794 0 0 -0.241822 1.15338 0.0108874
2 11.7344 0 0 -0.00140294 0 -2.07199
3 8.81138 -0.000450134 -0.00011158 -0.016675 0 0.00015741
4 5.77839 0.000286102 0 -0.0111724 0 0.00010545
5 2.23164 -0.000329971 -0.00036335 -0.00550277 0 0
6 11.4725 0 0 -0.349228 -0.676064 0.509244
7 0.615219 -0.993092 -0.810699 2.86877 0.397357 -0.310175
8 2.24752 0 0 0.0715791 0.114086 -0.295502
9 1.11936 0 0 0.000850135 0.0785902 -1.14183
10 3.71348 -0.102641 0.102191 1.44717 0.805255 0.453677
11 1.72615 0 0 0.000435653 0.152128 -1.5215
12 1.21114 0 0 -0.00303756 0.0173727 -0.770565
13 3.59919 -1.06012 0.0708885 1.5386 0.23991 0.0797227
14 1.66069 0 0 0.0103178 0.056124 -0.0408304
15 1.167 0 0 -0.00595463 0.00361554 -0.0873127
16 2.18852 0.50104 0.0576596 1.55893 0.123348 0.226068
17 1.29609 0 0 -0.203075 0.0749011 -0.697923
18 1.62202 0.000713348 -0.000471592 0.0360743 -0.00491091 -1.60563
19 1.22241 0 0 0.00725896 -0.00270845 -0.703281
20 1.76707 1.27612 0.0366416 1.52736 0.172032 0.124017
21 1.55588 0 0 -0.298752 0.180158 -0.613945
22 1.24274 0 0 -0.000523619 -0.000292267 -1.18846
23 0.784524 0 0 0.00666344 0.00160559 -0.545401
24 -2.83583 -0.518291 -10.3275 -0.000932693 0 -2.0944
25 6.02794 0 0 -0.136578 1.01895 -1.63698
26 11.7344 0 0 0.00140277 0 2.68365
27 8.81167 0 0 -0.243294 0 0
28 5.77884 0 0 -0.163007 0 0
29 2.23249 0 0 -0.0802869 0 0
30 11.4725 0 0 -0.494081 0.339794 -0.638263
31 0.615813 0.994372 -0.809165 -2.35244 0.0557134 0.674094
32 2.24752 0 0 -0.117956 -0.0362802 -0.0166509
33 1.11936 0 0 0.0470698 0.0163414 0.255621
34 3.71348 0.102639 0.10219 -1.5315 1.29231 -0.0416202
35 1.72615 0 0 -0.000774056 -0.000452923 1.15293
36 1.21112 0 0 0.00438071 0.0170835 0.848491
37 3.5992 1.06012 0.0708885 -1.79555 1.17773 -0.213272
38 1.66069 0 0 0.0071309 0.00941843 0.869944
39 1.16699 0 0 -0.0697856 0.0115346 1.42311
40 2.18853 -0.501041 0.0576591 -1.56296 0.0780996 -0.135486
41 1.29609 0 0 -0.0350504 -0.0310685 1.03459
42 1.62202 -0.000714302 -0.000471115 -0.0338366 -0.0119874 1.45402
43 1.22241 0 0 -0.00767878 -0.00283252 0.673824
44 1.76707 -1.27612 0.0366402 -1.56196 -0.0174627 -0.102712
45 1.55588 0 0 0.0299843 0.0127958 0.87298
46 1.24273 0 0 0.000524812 -0.000289741 1.18422
47 0.784533 0 0 -0.00750757 -0.00334617 1.03524
48 0 0 0 0 0 0
49 5.05075 -12.0555 -5.29164 -0.460211 0.140468 -0.246839
50 0 -1.70357 0.00508118 0 0 0
51 -0.0019598 3.96104 2.21118 0 0 0
52 0.641597 -0.666147 0.751661 0 0 0
53 0.786659 -3.45621 1.13628 0 0.198355 0
54 -0.706229 -4.69238 1.98618 3.14159 -0.0872664 -3.14159
55 0.0133305 1.02904 3.61174 0 0 0
56 0.0133305 -1.24399 2.23877 0 0 0
57 -8.88188 -12.9141 -12.9379 -0.939594 1.20467 -0.914139
58 0.0129194 0.0367718 5.95713 0 0 0
time 81
0 7.96718 5.13272 -3.24532 0.000934124 0 -0.959925
1 6.02794 0 0 -0.239698 1.15368 0.0142538
2 11.7344 0 0 -0.00140285 0 -2.07169
3 8.81139 -0.000450134 -0.000111103 -0.0131506 0 0.000157576
4 5.77839 0.000286102 0 -0.00881097 0 0.000105596
5 2.23163 -0.000329018 -0.000362396 -0.0043397 0 0
6 11.4725 0 0 -0.342777 -0.673743 0.505416
7 0.615219 -0.993091 -0.8107 2.86877 0.397357 -0.310175
8 2.24752 0 0 0.0715792 0.114086 -0.295502
9 1.11936 0 0 0.000850019 0.0785901 -1.14183
10 3.71348 -0.102641 0.10219 1.44717 0.805255 0.453677
11 1.72615 0 0 0.000435585 0.152128 -1.5215
12 1.21114 0 0 -0.00303753 0.0173727 -0.770564
13 3.59919 -1.06012 0.0708876 1.5386 0.23991 0.0797227
14 1.66069 0 0 0.0103178 0.056124 -0.0408303
15 1.167 0 0 -0.00595466 0.00361555 -0.0873128
16 2.18853 0.50104 0.0576587 1.55893 0.123347 0.226068
17 1.29609 0 0 -0.203075 0.0749011 -0.697922
18 1.62202 0.000713348 -0.000471115 0.0360743 -0.00491087 -1.60563
19 1.22241 0 0 0.00725906 -0.00270848 -0.703281
20 1.76707 1.27612 0.0366406 1.52736 0.172031 0.124018
21 1.55588 0 0 -0.298752 0.180158 -0.613945
22 1.24274 0 0 -0.000523635 -0.000292243 -1.18846
23 0.784524 0 0 0.00666349 0.00160557 -0.545401
24 -2.83583 -0.518291 -10.3275 -0.000932693 0 -2.0944
25 6.02794 0 0 0.0313273 1.01388 -1.38232
26 11.7344 0 0 0.00140267 0 2.6824
27 8.81167 0 0 -0.151668 0 0
28 5.77884 0 0 -0.101618 0 0
29 2.23249 0 0 -0.0500505 0 0
30 11.4725 0 0 -0.450813 0.297382 -0.765231
31 0.615812 0.994373 -0.809165 -2.35244 0.0557133 0.674093
32 2.24752 0 0 -0.117956 -0.0362803 -0.0166507
33 1.11936 0 0 0.04707 0.0163412 0.255621
34 3.71349 0.102639 0.10219 -1.5315 1.29231 -0.0416218
35 1.72615 0 0 -0.000774131 -0.000453092 1.15293
36 1.21112 0 0 0.00438071 0.0170834 0.848491
37 3.5992 1.06012 0.0708876 -1.79555 1.17773 -0.213272
38 1.66069 0 0 0.00713089 0.00941832 0.869944
39 1.16699 0 0 -0.0697856 0.0115345 1.42311
40 2.18853 -0.50104 0.0576591 -1.56296 0.0780998 -0.135486
41 1.29609 0 0 -0.0350504 -0.0310686 1.03459
42 1.62202 -0.000712395 -0.000469208 -0.0338365 -0.0119873 1.45402
43 1.22241 0 0 -0.00767883 -0.00283247 0.673824
44 1.76707 -1.27612 0.0366392 -1.56196 -0.0174627 -0.102712
45 1.55588 0 0 0.0299843 0.012796 0.87298
46 1.24273 0 0 0.0005248 -0.000289679 1.18422
47 0.784532 0 0 -0.00750755 -0.00334613 1.03524
48 0 0 0 0 0 0
49 5.05208 -12.0571 -5.30585 -0.460529 0.1349 -0.246933
50 0 -1.70357 0.00508118 0 0 0
51 -0.0019598 3.96104 2.21118 0 0 0
52 0.641596 -0.666147 0.751661 0 0 0
53 0.786658 -3.45621 1.13628 0 0.198355 0
54 -0.70623 -4.69238 1.98618 3.14159 -0.0872664 -3.14159
55 0.0133295 1.02904 3.61174 0 0 0
56 0.0133305 -1.24399 2.23877 0 0 0
57 -8.36847 -13.3343 -12.5017 -0.839101 1.1749 -0.803944
58 0.0129204 0.0367718 6.63003 0 0 0
time 82
0 7.96718 5.13272 -3.24532 0.000934124 0 -0.959925
1 6.02794 0 0 -0.237613 1.15397 0.017581
2 11.7344 0 0 -0.00140282 0 -2.07101
3 8.81138 -0.000450134 -0.000111103 -0.00965814 0 0.00015762
4 5.77839 0.000286102 0 -0.00647093 0 0.000105532
5 2.23164 -0.000329971 -0.000364304 -0.00318712 0 0
6 11.4725 0 0 -0.336265 -0.671611 0.501374
7 0.615219 -0.993092 -0.810699 2.86877 0.397357 -0.310175
8 2.24752 0 0 0.0715791 0.114086 -0.295502
9 1.11936 0 0 0.000850143 0.0785902 -1.14183
10 3.71348 -0.102641 0.102191 1.44717 0.805255 0.453677
11 1.72615 0 0 0.000435675 0.152128 -1.5215
12 1.21114 0 0 -0.00303755 0.0173727 -0.770565
13 3.59919 -1.06012 0.070888 1.5386 0.23991 0.0797227
14 1.66069 0 0 0.0103178 0.056124 -0.0408303
15 1.167 0 0 -0.00595465 0.00361558 -0.0873128
16 2.18852 0.50104 0.0576591 1.55893 0.123347 0.226068
17 1.29609 0 0 -0.203075 0.0749012 -0.697922
18 1.62202 0.000713348 -0.000471115 0.0360743 -0.00491087 -1.60563
19 1.22241 0 0 0.00725898 -0.00270845 -0.703282
20 1.76707 1.27612 0.0366406 1.52736 0.172031 0.124017
21 1.55588 0 0 -0.298752 0.180158 -0.613945
22 1.24274 0 0 -0.000523627 -0.000292255 -1.18846
23 0.784524 0 0 0.00666342 0.00160557 -0.545402
24 -2.83583 -0.518291 -10.3275 -0.000932693 0 -2.0944
25 6.02794 0 0 0.191764 0.993841 -1.13682
26 11.7344 0 0 0.00140276 0 2.6709
27 8.81167 0 0 -0.0793985 0 0
28 5.77884 0 0 -0.053197 0 0
29 2.23249 0 0 -0.0262016 0 0
30 11.4725 0 0 -0.404633 0.257481 -0.879303
31 0.615814 0.994373 -0.809165 -2.35244 0.0557134 0.674094
32 2.24752 0 0 -0.117956 -0.0362803 -0.0166507
33 1.11936 0 0 0.04707 0.0163412 0.255621
34 3.71349 0.10264 0.102191 -1.5315 1.29231 -0.0416204
35 1.72615 0 0 -0.000773987 -0.000452981 1.15293
36 1.21112 0 0 0.00438057 0.0170835 0.848491
37 3.5992 1.06012 0.0708885 -1.79555 1.17773 -0.213272
38 1.66069 0 0 0.0071308 0.00941823 0.869944
39 1.16699 0 0 -0.0697856 0.0115344 1.42311
40 2.18853 -0.50104 0.0576591 -1.56296 0.0780997 -0.135486
41 1.29609 0 0 -0.0350505 -0.0310686 1.03459
42 1.62202 -0.000714302 -0.000470161 -0.0338365 -0.0119873 1.45402
43 1.22241 0 0 -0.00767882 -0.00283247 0.673825
44 1.76707 -1.27612 0.0366411 -1.56196 -0.0174626 -0.102712
45 1.55587 0 0 0.0299843 0.012796 0.87298
46 1.24273 0 0 0.00052484 -0.000289647 1.18422
47 0.784531 0 0 -0.0075075 -0.00334629 1.03524
48 0 0 0 0 0 0
49 5.05336 -12.0619 -5.32351 -0.460787 0.12926 -0.246755
50 0 -1.70357 0.00508022 0 0 0
51 -0.00195885 3.96104 2.21118 0 0 0
52 0.641596 -0.666145 0.751661 0 0 0
53 0.78666 -3.4562 1.13628 0 0.198355 0
54 -0.706229 -4.69238 1.98618 -3.14159 -0.0872664 3.14159
55 0.0133314 1.02904 3.61174 0 0 0
56 0.0133314 -1.24399 2.23877 0 0 0
57 -7.84317 -13.7685 -12.0784 -0.752658 1.13885 -0.706879
58 0.0129194 0.0367708 6.63003 0 0 0
time 83
0 7.96718 5.13272 -3.24532 0.000934124 0 -0.959925
1 6.02794 0 0 -0.235608 1.15425 0.0208087
2 11.7344 0 0 -0.00140295 0 -2.07003
3 8.81138 -0.000451088 -0.00011158 -0.0061989 0 0.000157458
4 5.77839 0.000286102 0 -0.00415326 0 0.00010553
5 2.23163 -0.000329971 -0.000363827 -0.00204563 0 0
6 11.4725 0 0 -0.329771 -0.669684 0.497211
7 0.615219 -0.993091 -0.810699 2.86877 0.397357 -0.310174
8 2.24752 0 0 0.0715791 0.114087 -0.295502
9 1.11936 0 0 0.000850128 0.0785901 -1.14183
10 3.71348 -0.10264 0.102192 1.44717 0.805255 0.453677
11 1.72615 0 0 0.000435675 0.152128 -1.5215
12 1.21114 0 0 -0.00303756 0.0173727 -0.770565
13 3.59919 -1.06012 0.070888 1.5386 0.23991 0.0797227
14 1.66069 0 0 0.0103178 0.0561241 -0.0408302
15 1.167 0 0 -0.00595463 0.00361554 -0.0873128
16 2.18852 0.50104 0.0576596 1.55893 0.123347 0.226068
17 1.29609 0 0 -0.203075 0.0749011 -0.697923
18 1.62202 0.000713348 -0.000471115 0.0360742 -0.00491083 -1.60563
19 1.22241 0 0 0.00725898 -0.00270846 -0.703281
20 1.76707 1.27612 0.0366411 1.52736 0.172032 0.124018
21 1.55588 0 0 -0.298752 0.180158 -0.613945
22 1.24273 0 0 -0.000523652 -0.000292218 -1.18846
23 0.784523 0 0 0.00666348 0.00160555 -0.545402
24 -2.83583 -0.518291 -10.3275 -0.000932693 0 -2.0944
25 6.02794 0 0 0.328145 0.962313 -0.919185
26 11.7344 0 0 0.00140272 0 2.65013
27 8.81167 0 0 -0.0296489 0 0
28 5.77884 0 0 -0.0198647 0 0
29 2.23249 0 0 -0.00978414 0 0
30 11.4725 0 0 -0.35633 0.219479 -0.974346
31 0.615812 0.994373 -0.809166 -2.35244 0.0557135 0.674094
32 2.24752 0 0 -0.117956 -0.0362803 -0.0166509
33 1.11936 0 0 0.0470699 0.0163413 0.255621
34 3.71349 0.102639 0.102191 -1.5315 1.29231 -0.0416207
35 1.72615 0 0 -0.000773973 -0.000452959 1.15293
36 1.21112 0 0 0.0043807 0.0170835 0.848491
37 3.5992 1.06012 0.070888 -1.79555 1.17774 -0.213272
38 1.66069 0 0 0.00713085 0.00941826 0.869944
39 1.16699 0 0 -0.0697858 0.0115345 1.42311
40 2.18853 -0.50104 0.0576587 -1.56296 0.0780999 -0.135486
41 1.29609 0 0 -0.0350504 -0.0310685 1.03459
42 1.62202 -0.000713348 -0.000469208 -0.0338366 -0.0119873 1.45402
43 1.22241 0 0 -0.00767887 -0.0028326 0.673824
44 1.76707 -1.27612 0.0366402 -1.56196 -0.0174624 -0.102712
45 1.55588 0 0 0.0299842 0.0127959 0.87298
46 1.24273 0 0 0.000524803 -0.000289649 1.18422
47 0.784532 0 0 -0.00750752 -0.00334621 1.03524
48 0 0 0 0 0 0
49 5.05459 -12.0693 -5.34367 -0.461001 0.123627 -0.246332
50 0 -1.70357 0.00508118 0 0 0
51 -0.00195885 3.96104 2.21118 0 0 0
52 0.641597 -0.666147 0.751659 0 0 0
53 0.786659 -3.45621 1.13628 0 0.198355 0
54 -0.706229 -4.69238 1.98618 -3.14159 -0.0872663 3.14159
55 0.0133305 1.02904 3.61174 0 0 0
56 0.0133305 -1.24399 2.23877 0 0 0
57 -7.31049 -14.2095 -11.6752 -0.68069 1.09748 -0.623475
58 0.0129185 0.0367718 6.63003 0 0 0
time 84
0 7.96718 5.13272 -3.24532 0.000934124 0 -0.959925
1 6.02794 0 0 -0.233727 1.15452 0.0238767
2 11.7344 0 0 -0.00140284 0 -2.06881
3 8.81138 -0.000450134 -0.000112534 -0.00277669 0 0.000157177
4 5.77839 0.000286102 0 -0.00186032 0 0.000105258
5 2.23163 -0.000329018 -0.00036478 -0.000916302 0 0
6 11.4725 0 0 -0.323374 -0.667975 0.493023
7 0.615219 -0.993091 -0.8107 2.86877 0.397357 -0.310175
8 2.24752 0 0 0.0715791 0.114087 -0.295502
9 1.11936 0 0 0.000850016 0.0785901 -1.14183
10 3.71348 -0.102641 0.102191 1.44717 0.805255 0.453677
11 1.72615 0 0 0.00043569 0.152128 -1.5215
12 1.21114 0 0 -0.00303756 0.0173727 -0.770565
13 3.59919 -1.06012 0.070888 1.5386 0.23991 0.0797227
14 1.66069 0 0 0.0103178 0.0561241 -0.0408301
15 1.167 0 0 -0.00595466 0.00361558 -0.0873129
16 2.18852 0.50104 0.0576591 1.55893 0.123347 0.226068
17 1.29609 0 0 -0.203075 0.0749011 -0.697922
18 1.62202 0.000712395 -0.000471115 0.0360743 -0.00491088 -1.60563
19 1.22241 0 0 0.00725901 -0.00270848 -0.703281
20 1.76707 1.27612 0.0366411 1.52736 0.172031 0.124018
21 1.55588 0 0 -0.298752 0.180158 -0.613945
22 1.24274 0 0 -0.00052366 -0.000292259 -1.18846
23 0.784523 0 0 0.00666345 0.00160555 -0.545401
24 -2.83583 -0.518291 -10.3275 -0.000932693 0 -2.0944
25 6.02794 0 0 0.434488 0.925582 -0.736658
26 11.7344 0 0 0.00140266 0 2.62217
27 8.81167 0 0 -0.000879318 0 0
28 5.77884 0 0 -0.000589132 0 0
29 2.23249 0 0 -0.000290185 0 0
30 11.4725 0 0 -0.306713 0.182604 -1.04781
31 0.615813 0.994372 -0.809165 -2.35244 0.0557134 0.674094
32 2.24752 0 0 -0.117956 -0.0362805 -0.0166508
33 1.11936 0 0 0.0470701 0.0163415 0.255621
34 3.71349 0.102639 0.102191 -1.5315 1.29231 -0.0416204
35 1.72615 0 0 -0.000774107 -0.000453001 1.15293
36 1.21112 0 0 0.00438074 0.0170836 0.848491
37 3.5992 1.06012 0.0708885 -1.79555 1.17773 -0.213272
38 1.66069 0 0 0.00713083 0.00941818 0.869944
39 1.16699 0 0 -0.0697857 0.0115345 1.42311
40 2.18853 -0.50104 0.0576591 -1.56296 0.0780997 -0.135486
41 1.29609 0 0 -0.0350505 -0.0310686 1.03459
42 1.62202 -0.000713348 -0.000470161 -0.0338365 -0.0119873 1.45402
43 1.22241 0 0 -0.00767873 -0.00283257 0.673824
44 1.76707 -1.27612 0.0366406 -1.56196 -0.0174626 -0.102712
45 1.55588 0 0 0.0299842 0.0127959 0.87298
46 1.24273 0 0 0.00052486 -0.000289723 1.18422
47 0.784531 0 0 -0.00750769 -0.00334613 1.03524
48 0 0 0 0 0 0
49 5.05578 -12.0788 -5.36539 -0.46119 0.118079 -0.245696
50 0 -1.70357 0.00508118 0 0 0
51 -0.0019598 3.96104 2.21118 0 0 0
52 0.641597 -0.666148 0.751659 0 0 0
53 0.786658 -3.45621 1.13628 0 0.198355 0
54 -0.70623 -4.69238 1.98618 -3.14159 -0.0872664 -3.14159
55 0.0133305 1.02904 3.61174 0 0 0
56 0.0133305 -1.24399 2.23877 0 0 0
57 -6.77469 -14.65 -11.2993 -0.622205 1.05183 -0.552851
58 0.0129194 0.0367718 6.63004 0 0 0
time 85
0 7.96718 5.13272 -3.24532 0.000934124 0 -0.959925
1 6.02794 0 0 -0.232011 1.15476 0.0267288
2 11.7344 0 0 -0.00140284 0 -2.06744
3 8.81138 -0.000449181 -0.000111103 0.00060248 0 0.000157552
4 5.77839 0.000287056 0 0.00040376 0 0.000105554
5 2.23163 -0.000329018 -0.000363827 0.000198781 0 0
6 11.4725 0 0 -0.317148 -0.666496 0.488903
7 0.61522 -0.993091 -0.810699 2.86877 0.397357 -0.310175
8 2.24752 0 0 0.0715792 0.114086 -0.295502
9 1.11936 0 0 0.00085006 0.07859 -1.14183
10 3.71348 -0.102641 0.102191 1.44717 0.805255 0.453677
11 1.72615 0 0 0.000435645 0.152128 -1.5215
12 1.21113 0 0 -0.00303756 0.0173727 -0.770564
13 3.59919 -1.06012 0.070889 1.5386 0.23991 0.0797227
14 1.66069 0 0 0.0103178 0.0561241 -0.0408305
15 1.167 0 0 -0.00595461 0.00361555 -0.0873127
16 2.18852 0.50104 0.0576591 1.55893 0.123348 0.226068
17 1.29609 0 0 -0.203075 0.0749011 -0.697922
18 1.62202 0.000712395 -0.000471115 0.0360743 -0.00491085 -1.60563
19 1.22241 0 0 0.00725898 -0.00270842 -0.703281
20 1.76707 1.27612 0.0366406 1.52736 0.172031 0.124018
21 1.55588 0 0 -0.298752 0.180158 -0.613945
22 1.24273 0 0 -0.000523643 -0.000292284 -1.18846
23 0.784522 0 0 0.00666348 0.00160557 -0.545401
24 -2.83583 -0.518291 -10.3275 -0.000932693 0 -2.0944
25 6.02794 0 0 0.512869 0.889477 -0.58764
26 11.7344 0 0 0.00140267 0 2.58975
27 8.81167 0 0 0.010902 0 0
28 5.77884 0 0 0.00730433 0 0
29 2.23249 0 0 0.00359765 0 0
30 11.4725 0 0 -0.256589 0.146062 -1.10029
31 0.615813 0.994372 -0.809165 -2.35244 0.0557132 0.674093
32 2.24752 0 0 -0.117956 -0.0362803 -0.0166509
33 1.11936 0 0 0.0470699 0.0163414 0.255621
34 3.71349 0.10264 0.102191 -1.5315 1.29231 -0.041621
35 1.72615 0 0 -0.000773981 -0.000452916 1.15293
36 1.21112 0 0 0.00438067 0.0170834 0.848491
37 3.5992 1.06012 0.0708883 -1.79555 1.17773 -0.213272
38 1.66069 0 0 0.00713086 0.00941817 0.869944
39 1.16699 0 0 -0.0697856 0.0115345 1.42311
40 2.18853 -0.501041 0.0576594 -1.56296 0.0780998 -0.135486
41 1.29609 0 0 -0.0350504 -0.0310685 1.03459
42 1.62202 -0.000713348 -0.000469208 -0.0338367 -0.0119873 1.45402
43 1.22241 0 0 -0.0076787 -0.00283248 0.673824
44 1.76707 -1.27612 0.0366409 -1.56196 -0.0174627 -0.102712
45 1.55588 0 0 0.0299842 0.0127958 0.87298
46 1.24273 0 0 0.000524955 -0.000289715 1.18422
47 0.784531 0 0 -0.00750752 -0.00334621 1.03524
48 0 0 0 0 0 0
49 5.05692 -12.0896 -5.3877 -0.461371 0.112693 -0.244874
50 0 -1.70357 0.00508118 0 0 0
51 -0.0019598 3.96104 2.21118 0 0 0
52 0.641597 -0.666146 0.75166 0 0 0
53 0.786658 -3.4562 1.13628 0 0.198355 0
54 -0.706229 -4.69238 1.98618 -3.14159 -0.0872664 3.14159
55 0.0133295 1.02904 3.61174 0 0 0
56 0.0133305 -1.24399 2.23877 0 0 0
57 -6.23976 -15.0831 -10.9585 -0.575511 1.0029 -0.49344
58 0.0129194 0.0367718 6.63003 0 0 0
time 86
0 7.96718 5.13272 -3.24532 0.000934124 0 -0.959925
1 6.02794 0 0 -0.2305 1.15498 0.0293089
2 11.7344 0 0 -0.00140295 0 -2.066
3 8.81139 -0.000449181 -0.000111103 0.00393027 0 0.000157095
4 5.77839 0.000286102 0 0.00263339 0 0.000105285
5 2.23164 -0.000329018 -0.000363827 0.00129706 0 0
6 11.4725 0 0 -0.311174 -0.665261 0.484941
7 0.615219 -0.993092 -0.8107 2.86877 0.397357 -0.310175
8 2.24752 0 0 0.071579 0.114086 -0.295502
9 1.11936 0 0 0.000850079 0.0785902 -1.14183
10 3.71348 -0.102641 0.10219 1.44717 0.805255 0.453677
11 1.72615 0 0 0.000435622 0.152128 -1.5215
12 1.21114 0 0 -0.00303756 0.0173727 -0.770565
13 3.59919 -1.06012 0.0708876 1.5386 0.23991 0.0797226
14 1.66069 0 0 0.0103178 0.056124 -0.0408303
15 1.167 0 0 -0.00595463 0.00361555 -0.0873127
16 2.18853 0.50104 0.0576587 1.55893 0.123347 0.226068
17 1.29609 0 0 -0.203075 0.0749011 -0.697923
18 1.62202 0.000712395 -0.000471115 0.0360743 -0.00491084 -1.60563
19 1.22241 0 0 0.00725897 -0.00270849 -0.703282
20 1.76707 1.27612 0.0366406 1.52736 0.172031 0.124018
21 1.55588 0 0 -0.298752 0.180158 -0.613945
22 1.24274 0 0 -0.000523594 -0.000292251 -1.18846
23 0.784523 0 0 0.00666345 0.00160558 -0.545401
24 -2.83583 -0.518291 -10.3275 -0.000932693 0 -2.0944
25 6.02794 0 0 0.569033 0.857637 -0.466074
26 11.7344 0 0 0.00140267 0 2.55396
27 8.81167 0 0 0.00985229 0 0
28 5.77884 0 0 0.00660104 0 0
29 2.23249 0 0 0.00325123 0 0
30 11.4725 0 0 -0.206752 0.109132 -1.1333
31 0.615814 0.994372 -0.809165 -2.35244 0.0557135 0.674094
32 2.24752 0 0 -0.117956 -0.0362803 -0.0166509
33 1.11936 0 0 0.0470701 0.0163415 0.255621
34 3.71349 0.10264 0.102192 -1.5315 1.29231 -0.0416208
35 1.72615 0 0 -0.000774051 -0.000452915 1.15293
36 1.21112 0 0 0.00438075 0.0170835 0.848491
37 3.5992 1.06012 0.0708885 -1.79555 1.17773 -0.213272
38 1.66069 0 0 0.00713085 0.00941834 0.869944
39 1.16699 0 0 -0.0697857 0.0115345 1.42311
40 2.18853 -0.50104 0.0576594 -1.56296 0.0780996 -0.135486
41 1.29609 0 0 -0.0350504 -0.0310686 1.03459
42 1.62202 -0.000713348 -0.000469208 -0.0338366 -0.0119873 1.45402
43 1.22241 0 0 -0.00767883 -0.00283256 0.673824
44 1.76707 -1.27612 0.0366404 -1.56196 -0.0174626 -0.102712
45 1.55588 0 0 0.0299843 0.0127959 0.87298
46 1.24273 0 0 0.000524755 -0.000289747 1.18422
47 0.784531 0 0 -0.00750744 -0.00334617 1.03524
48 0 0 0 0 0 0
49 5.05801 -12.1012 -5.40968 -0.461562 0.107546 -0.243897
50 0 -1.70357 0.00508118 0 0 0
51 -0.0019598 3.96104 2.21118 0 0 0
52 0.641596 -0.666147 0.75166 0 0 0
53 0.786658 -3.45621 1.13628 0 0.198355 0
54 -0.70623 -4.69238 1.98618 3.14159 -0.0872663 -3.14159
55 0.0133305 1.02904 3.61174 0 0 0
56 0.0133295 -1.24399 2.23877 0 0 0
57 -5.70947 -15.5018 -10.6606 -0.538715 0.95168 -0.443484
58 0.0129204 0.0367718 6.63003 0 0 0
time 87
0 7.96718 5.13272 -3.24532 0.000934124 0 -0.959925
1 6.02794 0 0 -0.22923 1.15517 0.0315649
2 11.7344 0 0 -0.00140275 0 -2.06456
3 8.81138 -0.000449181 -0.00011158 0.00719447 0 0.000157267
4 5.77839 0.000287056 0 0.00482041 0 0.000105404
5 2.23164 -0.000329018 -0.00036478 0.00237417 0 0
6 11.4725 0 0 -0.305528 -0.664282 0.481229
7 0.615219 -0.993092 -0.8107 2.86877 0.397357 -0.310175
8 2.24752 0 0 0.0715792 0.114086 -0.295502
9 1.11936 0 0 0.00085006 0.0785902 -1.14183
10 3.71348 -0.102641 0.102191 1.44717 0.805255 0.453677
11 1.72615 0 0 0.00043563 0.152128 -1.5215
12 1.21114 0 0 -0.00303756 0.0173727 -0.770565
13 3.59919 -1.06012 0.070888 1.5386 0.23991 0.0797226
14 1.66069 0 0 0.0103178 0.056124 -0.0408303
15 1.167 0 0 -0.00595464 0.00361551 -0.0873127
16 2.18852 0.50104 0.0576591 1.55893 0.123348 0.226068
17 1.29609 0 0 -0.203075 0.0749011 -0.697922
18 1.62202 0.000714302 -0.000471115 0.0360743 -0.00491085 -1.60563
19 1.22241 0 0 0.00725899 -0.00270847 -0.703281
20 1.76707 1.27612 0.0366406 1.52736 0.172032 0.124018
21 1.55588 0 0 -0.298752 0.180158 -0.613945
22 1.24274 0 0 -0.000523635 -0.000292243 -1.18846
23 0.784523 0 0 0.00666347 0.00160555 -0.545402
24 -2.83583 -0.518291 -10.3275 -0.000932693 0 -2.0944
25 6.02794 0 0 0.607829 0.832268 -0.366665
26 11.7344 0 0 0.00140266 0 2.51709
27 8.81167 0 0 -0.000138871 0 0
28 5.77884 0 0 0 0 0
29 2.23249 0 0 0 0 0
30 11.4725 0 0 -0.157964 0.0712112 -1.14991
31 0.615812 0.994373 -0.809165 -2.35244 0.0557133 0.674093
32 2.24752 0 0 -0.117956 -0.0362805 -0.0166509
33 1.11936 0 0 0.0470701 0.0163415 0.255621
34 3.71349 0.10264 0.102191 -1.5315 1.29231 -0.0416214
35 1.72615 0 0 -0.000774019 -0.000453194 1.15293
36 1.21112 0 0 0.00438078 0.0170835 0.848491
37 3.5992 1.06012 0.0708883 -1.79555 1.17773 -0.213272
38 1.66069 0 0 0.00713083 0.00941822 0.869944
39 1.16699 0 0 -0.0697856 0.0115345 1.42311
40 2.18853 -0.50104 0.0576591 -1.56297 0.0780997 -0.135486
41 1.29609 0 0 -0.0350505 -0.0310685 1.03459
42 1.62202 -0.000714302 -0.000470161 -0.0338367 -0.0119873 1.45402
43 1.22241 0 0 -0.00767883 -0.00283258 0.673824
44 1.76707 -1.27612 0.0366402 -1.56196 -0.0174626 -0.102712
45 1.55588 0 0 0.0299844 0.0127958 0.87298
46 1.24273 0 0 0.000524747 -0.000289705 1.18422
47 0.784531 0 0 -0.00750755 -0.00334613 1.03524
48 0 0 0 0 0 0
49 5.05907 -12.1129 -5.43036 -0.461781 0.102717 -0.242793
50 0 -1.70357 0.00508118 0 0 0
51 -0.00195885 3.96104 2.21118 0 0 0
52 0.641597 -0.666148 0.751659 0 0 0
53 0.786658 -3.45621 1.13628 0 0.198355 0
54 -0.706229 -4.69238 1.98618 3.14159 -0.0872664 3.14159
55 0.0133305 1.02904 3.61174 0 0 0
56 0.0133295 -1.24399 2.23877 0 0 0
57 -5.18746 -15.8992 -10.4139 -0.509991 0.899046 -0.401298
58 0.0129194 0.0367708 6.63003 0 0 0
time 88
0 7.96718 5.13272 -3.24532 0.000934124 0 -0.959925
1 6.02794 0 0 -0.228234 1.15532 0.0334497
2 11.7344 0 0 -0.00140293 0 -2.0632
3 8.81138 -0.000450134 -0.00011158 0.0103818 0 0.000157529
4 5.77839 0.000286102 0 0.0069557 0 0.000105613
5 2.23163 -0.000329018 -0.00036335 0.00342602 0 0
6 11.4725 0 0 -0.300287 -0.663572 0.477854
7 0.615218 -0.993092 -0.8107 2.86877 0.397357 -0.310175
8 2.24752 0 0 0.0715791 0.114086 -0.295502
9 1.11936 0 0 0.000850094 0.0785902 -1.14183
10 3.71348 -0.102641 0.102191 1.44717 0.805255 0.453677
11 1.72615 0 0 0.000435675 0.152128 -1.5215
12 1.21114 0 0 -0.00303756 0.0173727 -0.770565
13 3.59919 -1.06012 0.070888 1.5386 0.23991 0.0797227
14 1.66069 0 0 0.0103178 0.056124 -0.0408303
15 1.167 0 0 -0.0059546 0.00361557 -0.0873127
16 2.18852 0.50104 0.0576591 1.55893 0.123347 0.226068
17 1.29609 0 0 -0.203075 0.0749011 -0.697922
18 1.62202 0.000713348 -0.000471592 0.0360743 -0.00491085 -1.60563
19 1.22241 0 0 0.00725896 -0.00270845 -0.703281
20 1.76707 1.27612 0.0366411 1.52736 0.172031 0.124018
21 1.55588 0 0 -0.298752 0.180158 -0.613945
22 1.24274 0 0 -0.000523648 -0.000292251 -1.18846
23 0.784524 0 0 0.00666349 0.00160554 -0.545402
24 -2.83583 -0.518291 -10.3275 -0.000932693 0 -2.0944
25 6.02794 0 0 0.633095 0.814431 -0.284963
26 11.7344 0 0 0.00140267 0 2.4807
27 8.81167 0 0 -0.0161165 0 0
28 5.77884 0 0 -0.0107981 0 0
29 2.23249 0 0 -0.00531848 0 0
30 11.4725 0 0 -0.110951 0.0318409 -1.15296
31 0.615813 0.994372 -0.809165 -2.35244 0.0557133 0.674093
32 2.24752 0 0 -0.117956 -0.0362803 -0.0166507
33 1.11936 0 0 0.0470699 0.0163414 0.255621
34 3.71348 0.10264 0.102192 -1.5315 1.29231 -0.041621
35 1.72615 0 0 -0.000774171 -0.000453099 1.15293
36 1.21113 0 0 0.00438065 0.0170835 0.848491
37 3.5992 1.06012 0.0708888 -1.79555 1.17773 -0.213272
38 1.66069 0 0 0.00713089 0.00941814 0.869944
39 1.16699 0 0 -0.0697856 0.0115345 1.42311
40 2.18853 -0.50104 0.0576591 -1.56296 0.0780998 -0.135486
41 1.29609 0 0 -0.0350504 -0.0310685 1.03459
42 1.62202 -0.000713348 -0.000470161 -0.0338366 -0.0119873 1.45402
43 1.22241 0 0 -0.00767865 -0.00283261 0.673824
44 1.76707 -1.27612 0.0366406 -1.56196 -0.0174626 -0.102712
45 1.55588 0 0 0.0299844 0.0127959 0.87298
46 1.24273 0 0 0.000524706 -0.000289739 1.18422
47 0.784531 0 0 -0.00750754 -0.00334624 1.03524
48 0 0 0 0 0 0
49 5.06008 -12.1242 -5.44881 -0.462045 0.0982822 -0.241592
50 0 -1.70357 0.00508118 0 0 0
51 -0.00196075 3.96104 2.21118 0 0 0
52 0.641596 -0.666148 0.751661 0 0 0
53 0.786658 -3.45621 1.13628 0 0.198355 0
54 -0.70623 -4.69238 1.98618 -3.14159 -0.0872664 3.14159
55 0.0133295 1.02904 3.61174 0 0 0
56 0.0133295 -1.24399 2.23877 0 0 0
57 -4.67728 -16.2685 -10.2268 -0.487691 0.845824 -0.36539
58 0.0129194 0.0367708 6.63003 0 0 0
time 89
0 7.96718 5.13272 -3.24532 0.000934124 0 -0.959925
1 6.02794 0 0 -0.227548 1.15544 0.0349136
2 11.7344 0 0 -0.00140287 0 -2.062
3 8.81138 -0.000449181 -0.000112057 0.0134781 0 0.000156987
4 5.77839 0.000287056 0 0.00903055 0 0.000105196
5 2.23164 -0.000329018 -0.000363827 0.00444782 0 0
6 11.4725 0 0 -0.295529 -0.663145 0.474903
7 0.615219 -0.993092 -0.8107 2.86877 0.397357 -0.310175
8 2.24752 0 0 0.0715793 0.114086 -0.295502
9 1.11936 0 0 0.000850027 0.0785899 -1.14183
10 3.71348 -0.10264 0.102191 1.44717 0.805255 0.453677
11 1.72615 0 0 0.00043566 0.152128 -1.5215
12 1.21113 0 0 -0.00303754 0.0173727 -0.770564
13 3.59919 -1.06012 0.0708885 1.5386 0.23991 0.0797226
14 1.66069 0 0 0.0103178 0.056124 -0.0408304
15 1.167 0 0 -0.0059546 0.00361557 -0.0873129
16 2.18852 0.50104 0.0576591 1.55893 0.123347 0.226068
17 1.29609 0 0 -0.203075 0.0749011 -0.697922
18 1.62202 0.000713348 -0.000472069 0.0360743 -0.00491089 -1.60563
19 1.22241 0 0 0.00725899 -0.00270845 -0.703281
20 1.76707 1.27612 0.0366411 1.52736 0.172031 0.124018
21 1.55588 0 0 -0.298752 0.180158 -0.613945
22 1.24273 0 0 -0.000523652 -0.000292218 -1.18846
23 0.784524 0 0 0.00666348 0.00160556 -0.545402
24 -2.83583 -0.518291 -10.3275 -0.000932693 0 -2.0944
25 6.02794 0 0 0.647469 0.804561 -0.217684
26 11.7344 0 0 0.00140268 0 2.44584
27 8.81167 0 0 -0.0359252 0 0
28 5.77884 0 0 -0.0240699 0 0
29 2.23249 0 0 -0.0118553 0 0
30 11.4725 0 0 -0.0663945 -0.00929285 -1.14478
31 0.615814 0.994373 -0.809165 -2.35244 0.0557132 0.674093
32 2.24752 0 0 -0.117956 -0.0362804 -0.0166508
33 1.11936 0 0 0.0470699 0.0163414 0.255621
34 3.71349 0.10264 0.10219 -1.5315 1.29231 -0.0416209
35 1.72615 0 0 -0.000774081 -0.000453016 1.15293
36 1.21112 0 0 0.00438073 0.0170836 0.848491
37 3.5992 1.06012 0.0708883 -1.79555 1.17773 -0.213272
38 1.66069 0 0 0.0071309 0.00941823 0.869945
39 1.16699 0 0 -0.0697857 0.0115344 1.42311
40 2.18853 -0.50104 0.0576587 -1.56296 0.0780997 -0.135486
41 1.29609 0 0 -0.0350505 -0.0310686 1.03459
42 1.62202 -0.000714302 -0.000471115 -0.0338365 -0.0119873 1.45402
43 1.22241 0 0 -0.00767887 -0.0028326 0.673824
44 1.76707 -1.27612 0.0366409 -1.56196 -0.0174626 -0.102712
45 1.55588 0 0 0.0299842 0.012796 0.87298
46 1.24273 0 0 0.000524787 -0.000289779 1.18422
47 0.784531 0 0 -0.00750752 -0.00334608 1.03524
48 0 0 0 0 0 0
49 5.06106 -12.1343 -5.46407 -0.462372 0.0943199 -0.240323
50 0 -1.70357 0.00508022 0 0 0
51 -0.0019598 3.96104 2.21118 0 0 0
52 0.641595 -0.666147 0.75166 0 0 0
53 0.786658 -3.45621 1.13628 0 0.198355 0
54 -0.70623 -4.69238 1.98618 -3.14159 -0.0872664 3.14159
55 0.0133295 1.02904 3.61174 0 0 0
56 0.0133295 -1.24399 2.23877 0 0 0
57 -4.18246 -16.6033 -10.1081 -0.470379 0.792772 -0.33449
58 0.0129194 0.0367718 6.63003 0 0 0
time 90
0 7.96718 5.13272 -3.24532 0.000934124 0 -0.959925
1 6.02794 0 0 -0.227199 1.15552 0.0359139
2 11.7344 0 0 -0.00140299 0 -2.06103
3 8.81138 -0.000449181 -0.00011301 0.0164671 0 0.000157223
4 5.77839 0.000287056 0 0.0110328 0 0.000105377
5 2.23163 -0.000329018 -0.000365257 0.00543422 0 0
6 11.4725 0 0 -0.29133 -0.663011 0.472463
7 0.615221 -0.993092 -0.8107 2.86877 0.397357 -0.310175
8 2.24752 0 0 0.0715792 0.114086 -0.295502
9 1.11936 0 0 0.000850098 0.0785901 -1.14183
10 3.71348 -0.102642 0.102191 1.44717 0.805255 0.453676
11 1.72615 0 0 0.000435668 0.152128 -1.5215
12 1.21113 0 0 -0.00303756 0.0173727 -0.770565
13 3.59919 -1.06012 0.070888 1.5386 0.23991 0.0797226
14 1.66069 0 0 0.0103178 0.056124 -0.0408303
15 1.167 0 0 -0.00595463 0.00361554 -0.0873127
16 2.18852 0.50104 0.0576591 1.55893 0.123347 0.226068
17 1.29609 0 0 -0.203075 0.0749011 -0.697923
18 1.62202 0.000714302 -0.000471592 0.0360743 -0.00491086 -1.60563
19 1.22241 0 0 0.00725898 -0.00270847 -0.703282
20 1.76707 1.27612 0.0366402 1.52736 0.172031 0.124018
21 1.55588 0 0 -0.298752 0.180158 -0.613945
22 1.24273 0 0 -0.000523652 -0.000292272 -1.18846
23 0.784523 0 0 0.00666343 0.00160562 -0.545401
24 -2.83583 -0.518291 -10.3275 -0.000932693 0 -2.0944
25 6.02794 0 0 0.65441 0.801558 -0.157187
26 11.7344 0 0 0.00140267 0 2.41109
27 8.81167 0 0 -0.0603882 0 0
28 5.77884 0 0 -0.0404601 0 0
29 2.23249 0 0 -0.0199281 0 0
30 11.4725 0 0 -0.0256181 -0.0546914 -1.12879
31 0.615813 0.994372 -0.809166 -2.35244 0.0557133 0.674093
32 2.24752 0 0 -0.117956 -0.0362804 -0.0166507
33 1.11936 0 0 0.04707 0.0163415 0.255621
34 3.71349 0.102639 0.10219 -1.5315 1.29231 -0.0416215
35 1.72615 0 0 -0.000774108 -0.000453111 1.15293
36 1.21112 0 0 0.00438073 0.0170836 0.848491
37 3.5992 1.06012 0.0708883 -1.79555 1.17774 -0.213273
38 1.66069 0 0 0.00713088 0.00941826 0.869944
39 1.16699 0 0 -0.0697858 0.0115344 1.42311
40 2.18853 -0.50104 0.0576587 -1.56296 0.0780997 -0.135486
41 1.29609 0 0 -0.0350504 -0.0310686 1.03459
42 1.62202 -0.000712395 -0.000469208 -0.0338366 -0.0119873 1.45402
43 1.22241 0 0 -0.00767888 -0.00283252 0.673824
44 1.76707 -1.27612 0.0366411 -1.56196 -0.0174626 -0.102712
45 1.55588 0 0 0.0299843 0.0127959 0.87298
46 1.24273 0 0 0.000524728 -0.000289787 1.18422
47 0.784532 0 0 -0.00750751 -0.00334612 1.03524
48 0 0 0 0 0 0
49 5.062 -12.1426 -5.4752 -0.46278 0.0909076 -0.239016
50 0 -1.70357 0.00508118 0 0 0
51 -0.0019598 3.96104 2.21118 0 0 0
52 0.641597 -0.666148 0.751661 0 0 0
53 0.786659 -3.45621 1.13628 0 0.198355 0
54 -0.70623 -4.69238 1.98618 -3.14159 -0.0872663 3.14159
55 0.0133305 1.02904 3.61174 0 0 0
56 0.0133305 -1.24399 2.23877 0 0 0
57 -3.67227 -16.9283 -10.0539 -0.456817 0.740605 -0.307539
58 0.0129189 0.0367699 6.63003 0 0 0
time 91
0 7.96718 5.13272 -3.24532 0.000934124 0 -0.959925
1 6.02794 0 0 -0.227052 1.15557 0.0366005
2 11.7344 0 0 -0.00140294 0 -2.05974
3 8.81139 -0.000449181 -0.000111103 0.0190755 0 0.000157262
4 5.77839 0.000287056 0 0.0127806 0 0.000105325
5 2.23164 -0.000329018 -0.00036335 0.00629498 0 0
6 11.4725 0 0 -0.287588 -0.663289 0.470012
7 0.61522 -0.993092 -0.8107 2.86877 0.397357 -0.310175
8 2.24752 0 0 0.071579 0.114086 -0.295502
9 1.11936 0 0 0.000850169 0.0785902 -1.14183
10 3.71348 -0.102641 0.102191 1.44717 0.805255 0.453677
11 1.72615 0 0 0.000435668 0.152128 -1.5215
12 1.21114 0 0 -0.00303753 0.0173727 -0.770564
13 3.59919 -1.06012 0.070888 1.5386 0.23991 0.0797224
14 1.66069 0 0 0.0103178 0.056124 -0.0408303
15 1.167 0 0 -0.00595466 0.00361558 -0.0873129
16 2.18852 0.50104 0.0576587 1.55893 0.123347 0.226068
17 1.29609 0 0 -0.203075 0.0749011 -0.697922
18 1.62202 0.000714302 -0.000471115 0.0360743 -0.0049109 -1.60563
19 1.22241 0 0 0.00725899 -0.00270849 -0.703281
20 1.76707 1.27612 0.0366411 1.52736 0.172031 0.124017
21 1.55588 0 0 -0.298752 0.180158 -0.613945
22 1.24274 0 0 -0.000523656 -0.000292293 -1.18846
23 0.784523 0 0 0.00666344 0.00160558 -0.545401
24 -2.83583 -0.518291 -10.3275 -0.000932693 0 -2.0944
25 6.02794 0 0 0.658429 0.803006 -0.0965759
26 11.7344 0 0 0.00140275 0 2.37183
27 8.81167 0 0 -0.0888257 0 0
28 5.77884 0 0 -0.0595132 0 0
29 2.23249 0 0 -0.0293125 0 0
30 11.4725 0 0 0.0107715 -0.104705 -1.10555
31 0.615813 0.994371 -0.809165 -2.35244 0.0557136 0.674094
32 2.24752 0 0 -0.117956 -0.0362804 -0.0166507
33 1.11936 0 0 0.04707 0.0163415 0.255621
34 3.71349 0.102638 0.102191 -1.5315 1.29231 -0.0416209
35 1.72615 0 0 -0.000774015 -0.000453023 1.15293
36 1.21112 0 0 0.00438067 0.0170835 0.848491
37 3.5992 1.06012 0.0708883 -1.79555 1.17773 -0.213272
38 1.66069 0 0 0.00713084 0.00941824 0.869944
39 1.16699 0 0 -0.0697855 0.0115346 1.42311
40 2.18853 -0.50104 0.0576594 -1.56296 0.0780997 -0.135486
41 1.29609 0 0 -0.0350504 -0.0310686 1.03459
42 1.62202 -0.000712395 -0.000470161 -0.0338367 -0.0119873 1.45402
43 1.22241 0 0 -0.00767875 -0.00283252 0.673824
44 1.76707 -1.27612 0.0366409 -1.56196 -0.0174625 -0.102712
45 1.55587 0 0 0.0299843 0.012796 0.87298
46 1.24273 0 0 0.000524823 -0.000289699 1.18422
47 0.784531 0 0 -0.00750753 -0.00334621 1.03524
48 0 0 0 0 0 0
49 5.06289 -12.1536 -5.48797 -0.463203 0.087944 -0.237484
50 0 -1.70357 0.00508118 0 0 0
51 -0.0019598 3.96104 2.21118 0 0 0
52 0.641597 -0.666148 0.75166 0 0 0
53 0.786658 -3.45621 1.13628 0 0.198355 0
54 -0.706229 -4.69238 1.98618 -3.14159 -0.0872663 -3.14159
55 0.0133305 1.02904 3.61174 0 0 0
56 0.0133305 -1.24399 2.23877 0 0 0
57 -3.11969 -17.2739 -10.0545 -0.445821 0.68982 -0.283382
58 0.0129185 0.0367718 6.63003 0 0 0
time 92
0 7.96718 5.13272 -3.24532 0.000934124 0 -0.959925
1 6.02794 0 0 -0.226961 1.15561 0.037144
2 11.7344 0 0 -0.00140279 0 -2.0576
3 8.81139 -0.000450134 -0.00011301 0.0211149 0 0.000157691
4 5.77839 0.000287056 0 0.0141469 0 0.000105811
5 2.23164 -0.000329971 -0.000364304 0.00696792 0 0
6 11.4725 0 0 -0.284128 -0.664053 0.46704
7 0.615219 -0.993092 -0.8107 2.86877 0.397357 -0.310175
8 2.24752 0 0 0.0715792 0.114086 -0.295502
9 1.11936 0 0 0.000849986 0.0785901 -1.14183
10 3.71348 -0.102641 0.102191 1.44717 0.805255 0.453677
11 1.72615 0 0 0.000435645 0.152128 -1.5215
12 1.21114 0 0 -0.00303757 0.0173727 -0.770565
13 3.59919 -1.06012 0.0708885 1.5386 0.23991 0.0797227
14 1.66069 0 0 0.0103178 0.0561241 -0.0408303
15 1.167 0 0 -0.00595466 0.00361552 -0.0873128
16 2.18852 0.50104 0.0576587 1.55893 0.123347 0.226068
17 1.29609 0 0 -0.203075 0.0749011 -0.697923
18 1.62202 0.000714302 -0.000471115 0.0360743 -0.00491084 -1.60563
19 1.22241 0 0 0.00725901 -0.00270846 -0.703281
20 1.76707 1.27612 0.0366411 1.52736 0.172032 0.124018
21 1.55588 0 0 -0.298752 0.180158 -0.613945
22 1.24273 0 0 -0.000523648 -0.000292197 -1.18846
23 0.784524 0 0 0.00666351 0.00160553 -0.545401
24 -2.83583 -0.518291 -10.3275 -0.000932693 0 -2.0944
25 6.02794 0 0 0.660978 0.80799 -0.0377109
26 11.7344 0 0 0.00140267 0 2.32826
27 8.81167 0 0 -0.11441 0 0
28 5.77884 0 0 -0.0766548 0 0
29 2.23249 0 0 -0.0377553 0 0
30 11.4725 0 0 0.0460959 -0.154865 -1.0733
31 0.615813 0.994373 -0.809165 -2.35244 0.0557132 0.674093
32 2.24752 0 0 -0.117956 -0.0362803 -0.016651
33 1.11936 0 0 0.0470699 0.0163411 0.255621
34 3.71348 0.10264 0.102191 -1.5315 1.29231 -0.0416214
35 1.72615 0 0 -0.000774155 -0.000453157 1.15293
36 1.21112 0 0 0.00438069 0.0170836 0.848491
37 3.5992 1.06012 0.0708878 -1.79555 1.17773 -0.213272
38 1.66069 0 0 0.0071309 0.00941827 0.869944
39 1.16699 0 0 -0.0697856 0.0115344 1.42311
40 2.18853 -0.50104 0.0576589 -1.56296 0.0780996 -0.135486
41 1.29609 0 0 -0.0350504 -0.0310686 1.03459
42 1.62202 -0.000714302 -0.000469208 -0.0338366 -0.0119873 1.45402
43 1.22241 0 0 -0.00767875 -0.00283253 0.673824
44 1.76707 -1.27612 0.0366404 -1.56196 -0.0174628 -0.102712
45 1.55588 0 0 0.0299843 0.0127959 0.87298
46 1.24273 0 0 0.000524901 -0.000289636 1.18422
47 0.784533 0 0 -0.00750753 -0.00334616 1.03524
48 0 0 0 0 0 0
49 5.06373 -12.1712 -5.50797 -0.463567 0.0852544 -0.235552
50 0 -1.70357 0.00508118 0 0 0
51 -0.00196075 3.96104 2.21118 0 0 0
52 0.641595 -0.666148 0.75166 0 0 0
53 0.786658 -3.45621 1.13628 0 0.198355 0
54 -0.706231 -4.69238 1.98618 3.14159 -0.0872664 -3.14159
55 0.0133295 1.02904 3.61174 0 0 0
56 0.0133295 -1.24399 2.23877 0 0 0
57 -2.53453 -17.6381 -10.1064 -0.436043 0.638405 -0.258592
58 0.0129194 0.0367718 6.63003 0 0 0
time 93
0 7.96718 5.13272 -3.24532 0.000934124 0 -0.959925
1 6.02794 0 0 -0.226952 1.15564 0.0375274
2 11.7344 0 0 -0.00140285 0 -2.05473
3 8.81139 -0.000450134 -0.00011158 0.0226973 0 0.000156922
4 5.77839 0.000285149 0 0.0152072 0 0.000105205
5 2.23163 -0.000329971 -0.000364304 0.00749024 0 0
6 11.4725 0 0 -0.280912 -0.665255 0.463649
7 0.615218 -0.993092 -0.8107 2.86877 0.397357 -0.310175
8 2.24752 0 0 0.0715792 0.114087 -0.295502
9 1.11936 0 0 0.000849959 0.07859 -1.14183
10 3.71348 -0.102641 0.10219 1.44717 0.805255 0.453677
11 1.72615 0 0 0.000435645 0.152128 -1.5215
12 1.21114 0 0 -0.00303754 0.0173727 -0.770564
13 3.59919 -1.06012 0.070888 1.5386 0.23991 0.0797227
14 1.66069 0 0 0.0103178 0.0561241 -0.0408304
15 1.167 0 0 -0.00595462 0.00361555 -0.0873126
16 2.18852 0.50104 0.0576587 1.55893 0.123347 0.226068
17 1.29609 0 0 -0.203075 0.0749011 -0.697923
18 1.62202 0.000714302 -0.000471115 0.0360743 -0.00491084 -1.60563
19 1.22241 0 0 0.00725897 -0.00270846 -0.703282
20 1.76707 1.27612 0.0366406 1.52736 0.172031 0.124018
21 1.55588 0 0 -0.298752 0.180158 -0.613945
22 1.24274 0 0 -0.000523668 -0.000292247 -1.18846
23 0.784523 0 0 0.00666349 0.00160557 -0.545401
24 -2.83583 -0.518291 -10.3275 -0.000932693 0 -2.0944
25 6.02794 0 0 0.663696 0.814921 0.018721
26 11.7344 0 0 0.00140268 0 2.28072
27 8.81167 0 0 -0.131979 0 0
28 5.77884 0 0 -0.0884257 0 0
29 2.23249 0 0 -0.0435529 0 0
30 11.4725 0 0 0.082727 -0.202462 -1.03193
31 0.615813 0.994373 -0.809165 -2.35244 0.0557134 0.674094
32 2.24752 0 0 -0.117956 -0.0362801 -0.0166508
33 1.11936 0 0 0.0470701 0.0163415 0.255621
34 3.71349 0.10264 0.102191 -1.5315 1.29231 -0.0416208
35 1.72615 0 0 -0.000774046 -0.00045307 1.15293
36 1.21112 0 0 0.00438073 0.0170834 0.848491
37 3.5992 1.06012 0.0708883 -1.79555 1.17773 -0.213273
38 1.66069 0 0 0.00713102 0.0094183 0.869944
39 1.16699 0 0 -0.0697856 0.0115346 1.42311
40 2.18853 -0.50104 0.0576596 -1.56296 0.0780997 -0.135486
41 1.29609 0 0 -0.0350505 -0.0310685 1.03459
42 1.62202 -0.000714302 -0.000470161 -0.0338366 -0.0119874 1.45402
43 1.2224 0 0 -0.00767876 -0.00283254 0.673824
44 1.76707 -1.27612 0.0366411 -1.56196 -0.0174626 -0.102712
45 1.55587 0 0 0.0299842 0.012796 0.87298
46 1.24273 0 0 0.000524805 -0.000289632 1.18422
47 0.784532 0 0 -0.0075076 -0.00334622 1.03524
48 0 0 0 0 0 0
49 5.06452 -12.1946 -5.53401 -0.46388 0.0828062 -0.233257
50 0 -1.70357 0.00508118 0 0 0
51 -0.00196075 3.96104 2.21118 0 0 0
52 0.641596 -0.666146 0.751659 0 0 0
53 0.786657 -3.4562 1.13628 0 0.198355 0
54 -0.70623 -4.69238 1.98618 -3.14159 -0.0872664 3.14159
55 0.0133295 1.02904 3.61174 0 0 0
56 0.0133305 -1.24399 2.23877 0 0 0
57 -1.92852 -18.0119 -10.1973 -0.427409 0.584605 -0.231877
58 0.0129189 0.0367699 6.63003 0 0 0
time 94
0 7.96718 5.13272 -3.24532 0.000934124 0 -0.959925
1 6.02794 0 0 -0.22705 1.15565 0.0377309
2 11.7344 0 0 -0.00140265 0 -2.05126
3 8.81138 -0.000450134 -0.000112534 0.0239284 0 0.000157551
4 5.77839 0.000286102 0 0.016032 0 0.00010558
5 2.23164 -0.000329018 -0.00036478 0.00789627 0 0
6 11.4725 0 0 -0.277905 -0.666846 0.459941
7 0.615218 -0.993092 -0.8107 2.86877 0.397357 -0.310175
8 2.24752 0 0 0.0715791 0.114086 -0.295503
9 1.11936 0 0 0.000850045 0.0785901 -1.14183
10 3.71348 -0.102641 0.102191 1.44717 0.805255 0.453677
11 1.72615 0 0 0.000435668 0.152128 -1.5215
12 1.21114 0 0 -0.00303755 0.0173727 -0.770564
13 3.59919 -1.06012 0.070888 1.5386 0.23991 0.0797226
14 1.66069 0 0 0.0103178 0.056124 -0.0408304
15 1.167 0 0 -0.00595463 0.0036155 -0.0873127
16 2.18852 0.50104 0.0576591 1.55893 0.123347 0.226068
17 1.29609 0 0 -0.203075 0.0749011 -0.697922
18 1.62202 0.000713348 -0.000470638 0.0360743 -0.00491089 -1.60563
19 1.22241 0 0 0.00725899 -0.00270847 -0.703281
20 1.76707 1.27612 0.0366402 1.52736 0.172031 0.124018
21 1.55588 0 0 -0.298752 0.180158 -0.613945
22 1.24273 0 0 -0.000523677 -0.000292235 -1.18846
23 0.784522 0 0 0.00666348 0.00160555 -0.545402
24 -2.83583 -0.518291 -10.3275 -0.000932693 0 -2.0944
25 6.02794 0 0 0.667769 0.822436 0.0731138
26 11.7344 0 0 0.00140273 0 2.23033
27 8.81167 0 0 -0.140823 0 0
28 5.77884 0 0 -0.0943512 0 0
29 2.23249 0 0 -0.0464715 0 0
30 11.4725 0 0 0.119824 -0.247555 -0.984246
31 0.615812 0.994372 -0.809165 -2.35244 0.0557132 0.674093
32 2.24752 0 0 -0.117956 -0.0362805 -0.0166509
33 1.11936 0 0 0.0470699 0.0163416 0.255621
34 3.71349 0.10264 0.102191 -1.5315 1.29231 -0.041621
35 1.72615 0 0 -0.000774084 -0.000453075 1.15293
36 1.21112 0 0 0.00438063 0.0170835 0.848491
37 3.5992 1.06012 0.0708883 -1.79555 1.17773 -0.213272
38 1.66069 0 0 0.00713094 0.00941822 0.869944
39 1.16699 0 0 -0.0697856 0.0115345 1.42311
40 2.18853 -0.501041 0.0576591 -1.56296 0.0780996 -0.135486
41 1.29609 0 0 -0.0350504 -0.0310685 1.03459
42 1.62202 -0.000713348 -0.000471115 -0.0338366 -0.0119873 1.45402
43 1.22241 0 0 -0.00767875 -0.0028326 0.673824
44 1.76707 -1.27612 0.0366404 -1.56196 -0.0174627 -0.102712
45 1.55588 0 0 0.0299843 0.0127959 0.87298
46 1.24273 0 0 0.000524771 -0.000289722 1.18422
47 0.784532 0 0 -0.00750745 -0.00334619 1.03524
48 0 0 0 0 0 0
49 5.06526 -12.2227 -5.56489 -0.46415 0.0805665 -0.230639
50 0 -1.70357 0.00507927 0 0 0
51 -0.00195885 3.96104 2.21118 0 0 0
52 0.641596 -0.666147 0.751659 0 0 0
53 0.786659 -3.45621 1.13628 0 0.198355 0
54 -0.706229 -4.69238 1.98618 3.14159 -0.0872663 -3.14159
55 0.0133305 1.02904 3.61174 0 0 0
56 0.0133305 -1.24399 2.23877 0 0 0
57 -1.31365 -18.3865 -10.3153 -0.420497 0.529185 -0.205088
58 0.0129185 0.0367708 6.63003 0 0 0
time 95
0 7.96718 5.13272 -3.24532 0.000934124 0 -0.959925
1 6.02794 0 0 -0.227281 1.15564 0.0377368
2 11.7344 0 0 -0.00140285 0 -2.04733
3 8.81139 -0.000450134 -0.00011158 0.0249157 0 0.000157627
4 5.77839 0.000286102 0 0.0166935 0 0.000105723
5 2.23163 -0.000329018 -0.000364304 0.00822207 0 0
6 11.4725 0 0 -0.27507 -0.668775 0.456018
7 0.61522 -0.993093 -0.810699 2.86877 0.397357 -0.310175
8 2.24752 0 0 0.0715792 0.114087 -0.295502
9 1.11936 0 0 0.000849859 0.07859 -1.14183
10 3.71348 -0.102641 0.102191 1.44717 0.805255 0.453677
11 1.72615 0 0 0.00043566 0.152128 -1.5215
12 1.21113 0 0 -0.00303755 0.0173727 -0.770564
13 3.59919 -1.06012 0.0708885 1.5386 0.23991 0.0797225
14 1.66069 0 0 0.0103178 0.056124 -0.0408303
15 1.167 0 0 -0.00595463 0.00361557 -0.0873128
16 2.18852 0.50104 0.0576591 1.55893 0.123347 0.226068
17 1.29609 0 0 -0.203075 0.0749011 -0.697922
18 1.62202 0.000712395 -0.000470638 0.0360743 -0.00491086 -1.60563
19 1.22241 0 0 0.00725899 -0.0027085 -0.703281
20 1.76707 1.27612 0.0366411 1.52736 0.172031 0.124017
21 1.55588 0 0 -0.298752 0.180158 -0.613945
22 1.24273 0 0 -0.000523652 -0.000292218 -1.18846
23 0.784523 0 0 0.00666346 0.0016056 -0.545401
24 -2.83583 -0.518291 -10.3275 -0.000932693 0 -2.0944
25 6.02794 0 0 0.674204 0.829249 0.126157
26 11.7344 0 0 0.00140269 0 2.17755
27 8.81167 0 0 -0.141059 0 0
28 5.77884 0 0 -0.0945098 0 0
29 2.23249 0 0 -0.0465496 0 0
30 11.4725 0 0 0.156557 -0.290562 -0.932548
31 0.615813 0.994372 -0.809165 -2.35244 0.0557134 0.674093
32 2.24752 0 0 -0.117956 -0.0362803 -0.016651
33 1.11936 0 0 0.0470699 0.0163414 0.255621
34 3.71349 0.10264 0.102191 -1.5315 1.29231 -0.0416208
35 1.72615 0 0 -0.000774065 -0.000452978 1.15293
36 1.21112 0 0 0.0043807 0.0170835 0.848491
37 3.5992 1.06012 0.070888 -1.79555 1.17773 -0.213272
38 1.66069 0 0 0.00713091 0.00941818 0.869944
39 1.16699 0 0 -0.0697857 0.0115345 1.42311
40 2.18853 -0.501041 0.0576589 -1.56296 0.0780997 -0.135486
41 1.29609 0 0 -0.0350504 -0.0310686 1.03459
42 1.62202 -0.000714302 -0.000469208 -0.0338365 -0.0119873 1.45402
43 1.22241 0 0 -0.00767882 -0.00283256 0.673824
44 1.76707 -1.27612 0.0366404 -1.56196 -0.0174628 -0.102712
45 1.55587 0 0 0.0299843 0.0127958 0.87298
46 1.24273 0 0 0.000524755 -0.000289774 1.18422
47 0.784533 0 0 -0.00750752 -0.00334613 1.03524
48 0 0 0 0 0 0
49 5.06595 -12.2546 -5.59941 -0.464386 0.0785026 -0.227738
50 0 -1.70357 0.00508022 0 0 0
51 -0.0019598 3.96104 2.21118 0 0 0
52 0.641596 -0.666147 0.75166 0 0 0
53 0.786658 -3.4562 1.13628 0 0.198355 0
54 -0.70623 -4.69238 1.98618 -3.14159 -0.0872664 -3.14159
55 0.0133295 1.02904 3.61174 0 0 0
56 0.0133295 -1.24399 2.23877 0 0 0
57 -0.702161 -18.7534 -10.4486 -0.415649 0.472964 -0.179851
58 0.0129189 0.0367737 6.63003 0 0 0
time 96
0 7.96718 5.13272 -3.24532 0.000934124 0 -0.959925
1 6.02794 0 0 -0.227666 1.15562 0.0375334
2 11.7344 0 0 -0.00140297 0 -2.04305
3 8.81139 -0.000450134 -0.000112534 0.0257614 0 0.00015739
4 5.77839 0.000286102 0 0.0172601 0 0.000105591
5 2.23164 -0.000329971 -0.000364304 0.0085012 0 0
6 11.4725 0 0 -0.272374 -0.670992 0.451985
7 0.615219 -0.993092 -0.8107 2.86877 0.397357 -0.310175
8 2.24752 0 0 0.071579 0.114087 -0.295502
9 1.11936 0 0 0.000849978 0.0785902 -1.14183
10 3.71348 -0.102641 0.102191 1.44717 0.805255 0.453677
11 1.72615 0 0 0.000435638 0.152128 -1.5215
12 1.21113 0 0 -0.00303754 0.0173727 -0.770565
13 3.59919 -1.06012 0.0708885 1.5386 0.23991 0.0797226
14 1.66069 0 0 0.0103178 0.0561241 -0.0408303
15 1.167 0 0 -0.00595462 0.00361551 -0.0873127
16 2.18852 0.50104 0.0576596 1.55893 0.123348 0.226068
17 1.29609 0 0 -0.203075 0.0749011 -0.697922
18 1.62202 0.000714302 -0.000471115 0.0360743 -0.00491088 -1.60563
19 1.22241 0 0 0.007259 -0.00270846 -0.703281
20 1.76707 1.27612 0.0366416 1.52736 0.172031 0.124017
21 1.55588 0 0 -0.298752 0.180158 -0.613945
22 1.24273 0 0 -0.000523648 -0.000292197 -1.18846
23 0.784522 0 0 0.0066635 0.00160556 -0.545401
24 -2.83583 -0.518291 -10.3275 -0.000932693 0 -2.0944
25 6.02794 0 0 0.682892 0.834898 0.177419
26 11.7344 0 0 0.00140278 0 2.12467
27 8.81167 0 0 -0.133947 0 0
28 5.77884 0 0 -0.0897448 0 0
29 2.23249 0 0 -0.0442026 0 0
30 11.4725 0 0 0.192085 -0.332172 -0.879899
31 0.615813 0.994371 -0.809165 -2.35244 0.0557132 0.674093
32 2.24752 0 0 -0.117956 -0.0362805 -0.0166509
33 1.11936 0 0 0.0470699 0.0163414 0.255621
34 3.71348 0.102639 0.102191 -1.5315 1.29231 -0.0416213
35 1.72615 0 0 -0.000774041 -0.000453131 1.15293
36 1.21112 0 0 0.00438076 0.0170835 0.848491
37 3.5992 1.06012 0.070888 -1.79555 1.17773 -0.213272
38 1.66069 0 0 0.00713094 0.00941824 0.869944
39 1.16699 0 0 -0.0697856 0.0115346 1.42311
40 2.18853 -0.50104 0.0576589 -1.56296 0.0780997 -0.135486
41 1.29609 0 0 -0.0350503 -0.0310686 1.03459
42 1.62202 -0.000715256 -0.000469208 -0.0338366 -0.0119873 1.45402
43 1.22241 0 0 -0.00767885 -0.00283254 0.673824
44 1.76707 -1.27612 0.0366409 -1.56196 -0.0174626 -0.102712
45 1.55588 0 0 0.0299843 0.0127959 0.87298
46 1.24273 0 0 0.000524862 -0.000289787 1.18422
47 0.784531 0 0 -0.00750753 -0.00334619 1.03524
48 0 0 0 0 0 0
49 5.06659 -12.2892 -5.63636 -0.464593 0.0765817 -0.224593
50 0 -1.70357 0.00508022 0 0 0
51 -0.0019598 3.96104 2.21118 0 0 0
52 0.641596 -0.666147 0.751659 0 0 0
53 0.786658 -3.45621 1.13628 0 0.198355 0
54 -0.70623 -4.69238 1.98618 3.14159 -0.0872663 -3.14159
55 0.0133295 1.02904 3.61174 0 0 0
56 0.0133286 -1.24399 2.23877 0 0 0
57 -0.106525 -19.1039 -10.5851 -0.413037 0.416802 -0.157638
58 0.0129194 0.0367708 6.63004 0 0 0
time 97
0 7.96718 5.13272 -3.24532 0.000934124 0 -0.959925
1 6.02794 0 0 -0.22822 1.15557 0.0371123
2 11.7344 0 0 -0.00140299 0 -2.03855
3 8.81138 -0.000450134 -0.00011158 0.0265719 0 0.000157496
4 5.77839 0.000286102 0 0.0178032 0 0.000105674
5 2.23163 -0.000329971 -0.000362873 0.00876877 0 0
6 11.4725 0 0 -0.269781 -0.673447 0.447941
7 0.615219 -0.993091 -0.8107 2.86877 0.397357 -0.310175
8 2.24752 0 0 0.0715792 0.114087 -0.295502
9 1.11936 0 0 0.000850094 0.0785902 -1.14183
10 3.71348 -0.102641 0.102191 1.44717 0.805255 0.453677
11 1.72615 0 0 0.000435675 0.152128 -1.5215
12 1.21113 0 0 -0.00303755 0.0173727 -0.770565
13 3.59919 -1.06012 0.070888 1.5386 0.23991 0.0797226
14 1.66069 0 0 0.0103178 0.0561241 -0.0408302
15 1.167 0 0 -0.00595462 0.00361558 -0.0873125
16 2.18852 0.50104 0.0576587 1.55893 0.123348 0.226068
17 1.29609 0 0 -0.203075 0.0749011 -0.697922
18 1.62202 0.000712395 -0.000471115 0.0360743 -0.00491088 -1.60563
19 1.22241 0 0 0.00725899 -0.00270845 -0.703281
20 1.76707 1.27612 0.0366406 1.52736 0.172031 0.124017
21 1.55587 0 0 -0.298752 0.180158 -0.613945
22 1.24273 0 0 -0.000523677 -0.000292235 -1.18846
23 0.784523 0 0 0.00666345 0.00160562 -0.545401
24 -2.83583 -0.518291 -10.3275 -0.000932693 0 -2.0944
25 6.02794 0 0 0.694125 0.838644 0.227278
26 11.7344 0 0 0.00140275 0 2.0722
27 8.81167 0 0 -0.12129 0 0
28 5.77884 0 0 -0.0812645 0 0
29 2.23249 0 0 -0.0400258 0 0
30 11.4725 0 0 0.225532 -0.37324 -0.828213
31 0.615814 0.994373 -0.809165 -2.35244 0.0557133 0.674094
32 2.24752 0 0 -0.117956 -0.0362803 -0.0166509
33 1.11936 0 0 0.0470699 0.0163414 0.255621
34 3.71349 0.102638 0.102191 -1.5315 1.29231 -0.0416213
35 1.72615 0 0 -0.000774044 -0.000453 1.15293
36 1.21112 0 0 0.00438069 0.0170835 0.848491
37 3.5992 1.06012 0.0708882 -1.79555 1.17773 -0.213272
38 1.66069 0 0 0.00713094 0.00941816 0.869945
39 1.16699 0 0 -0.0697856 0.0115345 1.42311
40 2.18853 -0.50104 0.0576589 -1.56296 0.0780998 -0.135486
41 1.29609 0 0 -0.0350504 -0.0310686 1.03459
42 1.62202 -0.000711441 -0.000469208 -0.0338365 -0.0119873 1.45402
43 1.22241 0 0 -0.0076788 -0.00283249 0.673824
44 1.76707 -1.27612 0.0366404 -1.56196 -0.0174626 -0.102712
45 1.55588 0 0 0.0299843 0.012796 0.87298
46 1.24273 0 0 0.0005248 -0.00028975 1.18422
47 0.784531 0 0 -0.00750752 -0.00334617 1.03524
48 0 0 0 0 0 0
49 5.06719 -12.3257 -5.67455 -0.464781 0.0747712 -0.221244
50 0 -1.70357 0.00508118 0 0 0
51 -0.0019598 3.96104 2.21118 0 0 0
52 0.641596 -0.666146 0.75166 0 0 0
53 0.786658 -3.45621 1.13628 0 0.198355 0
54 -0.706229 -4.69238 1.98618 -3.14159 -0.0872663 3.14159
55 0.0133295 1.02904 3.61174 0 0 0
56 0.0133295 -1.24399 2.23877 0 0 0
57 0.46054 -19.43 -10.7129 -0.412701 0.361581 -0.139821
58 0.0129194 0.0367718 6.63003 0 0 0
time 98
0 7.96718 5.13272 -3.24532 0.000934124 0 -0.959925
1 6.02794 0 0 -0.22907 1.1555 0.0363447
2 11.7344 0 0 -0.00140298 0 -2.03386
3 8.81138 -0.000449181 -0.000112057 0.0274012 0 0.00015691
4 5.77839 0.000287056 0 0.0183589 0 0.00010522
5 2.23163 -0.000329018 -0.000362396 0.00904241 0 0
6 11.4725 0 0 -0.267257 -0.676089 0.443931
7 0.615219 -0.993092 -0.810699 2.86877 0.397357 -0.310175
8 2.24752 0 0 0.0715793 0.114086 -0.295502
9 1.11936 0 0 0.000850087 0.0785902 -1.14183
10 3.71348 -0.102641 0.102191 1.44717 0.805255 0.453677
11 1.72615 0 0 0.000435653 0.152128 -1.5215
12 1.21114 0 0 -0.00303756 0.0173727 -0.770565
13 3.59919 -1.06012 0.070888 1.5386 0.23991 0.0797227
14 1.66069 0 0 0.0103178 0.056124 -0.0408305
15 1.167 0 0 -0.00595463 0.00361556 -0.0873128
16 2.18852 0.50104 0.0576591 1.55893 0.123347 0.226068
17 1.29609 0 0 -0.203075 0.0749011 -0.697922
18 1.62202 0.000713348 -0.000471115 0.0360743 -0.00491087 -1.60563
19 1.22241 0 0 0.00725901 -0.00270848 -0.703282
20 1.76707 1.27612 0.0366411 1.52736 0.172032 0.124018
21 1.55588 0 0 -0.298752 0.180158 -0.613945
22 1.24273 0 0 -0.00052366 -0.000292259 -1.18846
23 0.784523 0 0 0.00666343 0.0016056 -0.545401
24 -2.83583 -0.518291 -10.3275 -0.000932693 0 -2.0944
25 6.02794 0 0 0.707376 0.840376 0.275178
26 11.7344 0 0 0.00140267 0 2.0221
27 8.81167 0 0 -0.105897 0 0
28 5.77884 0 0 -0.070951 0 0
29 2.23249 0 0 -0.0349461 0 0
30 11.4725 0 0 0.255992 -0.414715 -0.779955
31 0.615814 0.994373 -0.809165 -2.35244 0.0557134 0.674094
32 2.24752 0 0 -0.117956 -0.0362804 -0.0166507
33 1.11936 0 0 0.04707 0.0163414 0.255621
34 3.71348 0.102638 0.102191 -1.5315 1.29231 -0.0416203
35 1.72615 0 0 -0.000774045 -0.000453035 1.15293
36 1.21112 0 0 0.00438071 0.0170836 0.848491
37 3.5992 1.06012 0.0708882 -1.79555 1.17773 -0.213272
38 1.66069 0 0 0.00713093 0.00941825 0.869944
39 1.16699 0 0 -0.0697857 0.0115346 1.42311
40 2.18853 -0.501041 0.0576591 -1.56296 0.0780997 -0.135486
41 1.29609 0 0 -0.0350504 -0.0310686 1.03459
42 1.62202 -0.000714302 -0.000470161 -0.0338366 -0.0119873 1.45402
43 1.22241 0 0 -0.00767876 -0.00283256 0.673824
44 1.76707 -1.27612 0.0366406 -1.56196 -0.0174626 -0.102712
45 1.55588 0 0 0.0299843 0.012796 0.87298
46 1.24273 0 0 0.000524842 -0.00028976 1.18422
47 0.784532 0 0 -0.00750759 -0.00334617 1.03524
48 0 0 0 0 0 0
49 5.06774 -12.3629 -5.71278 -0.464957 0.0730381 -0.217729
50 0 -1.70357 0.00508022 0 0 0
51 -0.0019598 3.96104 2.21118 0 0 0
52 0.641595 -0.666148 0.751659 0 0 0
53 0.786657 -3.45621 1.13628 0 0.198355 0
54 -0.70623 -4.69238 1.98618 3.14159 -0.0872663 -3.14159
55 0.0133305 1.02904 3.61174 0 0 0
56 0.0133295 -1.24399 2.23877 0 0 0
57 0.986092 -19.7237 -10.8203 -0.414579 0.308189 -0.127718
58 0.0129189 0.0367718 6.63004 0 0 0
time 99
0 7.96718 5.13272 -3.24532 0.000934124 0 -0.959925
1 6.02794 0 0 -0.229873 1.15542 0.0356162
2 11.7344 0 0 -0.00140294 0 -2.02943
3 8.81139 -0.000450134 -0.00011158 0.0285044 0 0.000157458
4 5.77839 0.000287056 0 0.0190979 0 0.000105508
5 2.23163 -0.000329018 -0.00036335 0.00940642 0 0
6 11.4725 0 0 -0.264766 -0.678867 0.440224
7 0.61522 -0.993092 -0.810699 2.86877 0.397357 -0.310175
8 2.24752 0 0 0.0715791 0.114087 -0.295502
9 1.11936 0 0 0.000850001 0.0785902 -1.14183
10 3.71348 -0.10264 0.102191 1.44717 0.805255 0.453676
11 1.72615 0 0 0.000435675 0.152128 -1.5215
12 1.21114 0 0 -0.00303755 0.0173727 -0.770564
13 3.59919 -1.06012 0.0708885 1.5386 0.23991 0.0797227
14 1.66069 0 0 0.0103178 0.0561241 -0.0408304
15 1.167 0 0 -0.00595462 0.00361557 -0.0873126
16 2.18853 0.50104 0.0576596 1.55893 0.123347 0.226068
17 1.29609 0 0 -0.203075 0.0749011 -0.697922
18 1.62202 0.000713348 -0.000471115 0.0360743 -0.00491092 -1.60563
19 1.22241 0 0 0.00725898 -0.00270846 -0.703281
20 1.76707 1.27612 0.0366406 1.52736 0.172031 0.124017
21 1.55588 0 0 -0.298752 0.180158 -0.613945
22 1.24273 0 0 -0.000523648 -0.000292251 -1.18846
23 0.784523 0 0 0.00666343 0.00160557 -0.545401
24 -2.83583 -0.518291 -10.3275 -0.000932693 0 -2.0944
25 6.02794 0 0 0.721995 0.84012 0.320457
26 11.7344 0 0 0.00140272 0 1.97627
27 8.81167 0 0 -0.0913062 0 0
28 5.77884 0 0 -0.0611752 0 0
29 2.23249 0 0 -0.0301311 0 0
30 11.4725 0 0 0.282545 -0.457551 -0.737425
31 0.615813 0.994371 -0.809165 -2.35244 0.0557133 0.674093
32 2.24752 0 0 -0.117956 -0.0362803 -0.0166507
33 1.11936 0 0 0.04707 0.0163414 0.255621
34 3.71349 0.102638 0.102191 -1.5315 1.29231 -0.0416208
35 1.72615 0 0 -0.000774049 -0.00045309 1.15293
36 1.21112 0 0 0.0043808 0.0170835 0.848491
37 3.5992 1.06012 0.0708882 -1.79555 1.17773 -0.213272
38 1.66069 0 0 0.0071307 0.00941835 0.869944
39 1.16699 0 0 -0.0697856 0.0115345 1.42311
40 2.18853 -0.501041 0.0576589 -1.56296 0.0780997 -0.135486
41 1.29609 0 0 -0.0350504 -0.0310686 1.03459
42 1.62202 -0.000712395 -0.000471115 -0.0338365 -0.0119873 1.45402
43 1.22241 0 0 -0.00767881 -0.00283256 0.673824
44 1.76707 -1.27612 0.0366404 -1.56196 -0.0174626 -0.102712
45 1.55588 0 0 0.0299842 0.0127959 0.87298
46 1.24273 0 0 0.000524777 -0.000289753 1.18422
47 0.784532 0 0 -0.00750755 -0.00334615 1.03524
48 0 0 0 0 0 0
49 5.06824 -12.4 -5.74984 -0.465129 0.0713498 -0.214089
50 0 -1.70357 0.00508118 0 0 0
51 -0.0019598 3.96104 2.21118 0 0 0
52 0.641596 -0.666148 0.75166 0 0 0
53 0.786657 -3.45621 1.13628 0 0.198355 0
54 -0.70623 -4.69238 1.98618 3.14159 -0.0872664 -3.14159
55 0.01333 1.02904 3.61174 0 0 0
56 0.0133305 -1.24399 2.23877 0 0 0
57 1.45697 -19.9772 -10.8951 -0.418513 0.257503 -0.122639
58 0.0129194 0.0367708 6.63003 0 0 0
time 100
0 7.96718 5.13272 -3.24532 0.000934124 0 -0.959925
1 6.02794 0 0 -0.23099 1.15532 0.034543
2 11.7344 0 0 -0.00140276 0 -2.02506
3 8.81138 -0.000449181 -0.000112534 0.029837 0 0.000157311
4 5.77839 0.000287056 0 0.0199909 0 0.000105408
5 2.23163 -0.000328064 -0.00036478 0.00984631 0 0
6 11.4725 0 0 -0.262272 -0.681728 0.436742
7 0.615219 -0.993091 -0.8107 2.86877 0.397357 -0.310175
8 2.24752 0 0 0.0715793 0.114086 -0.295502
9 1.11936 0 0 0.000850042 0.0785901 -1.14183
10 3.71348 -0.102641 0.102191 1.44717 0.805255 0.453676
11 1.72615 0 0 0.000435638 0.152128 -1.5215
12 1.21114 0 0 -0.00303755 0.0173727 -0.770565
13 3.59919 -1.06012 0.0708885 1.5386 0.23991 0.0797226
14 1.66069 0 0 0.0103178 0.056124 -0.0408303
15 1.167 0 0 -0.00595463 0.00361556 -0.0873129
16 2.18853 0.50104 0.0576591 1.55893 0.123347 0.226068
17 1.29609 0 0 -0.203075 0.0749011 -0.697922
18 1.62202 0.000714302 -0.000471592 0.0360743 -0.00491089 -1.60563
19 1.22241 0 0 0.007259 -0.00270846 -0.703282
20 1.76707 1.27612 0.0366411 1.52736 0.172031 0.124017
21 1.55588 0 0 -0.298752 0.180158 -0.613945
22 1.24274 0 0 -0.000523623 -0.000292234 -1.18846
23 0.784523 0 0 0.00666349 0.0016056 -0.545401
24 -2.83583 -0.518291 -10.3275 -0.000932693 0 -2.0944
25 6.02794 0 0 0.736885 0.838447 0.362128
26 11.7344 0 0 0.00140276 0 1.93641
27 8.81167 0 0 -0.0787897 0 0
28 5.77884 0 0 -0.0527891 0 0
29 2.23249 0 0 -0.0260006 0 0
30 11.4725 0 0 0.307825 -0.504551 -0.701484
31 0.615813 0.994371 -0.809165 -2.35244 0.0557134 0.674093
32 2.24752 0 0 -0.117956 -0.0362804 -0.0166507
33 1.11936 0 0 0.04707 0.0163414 0.255621
34 3.71349 0.102638 0.102191 -1.5315 1.29231 -0.041621
35 1.72615 0 0 -0.000774065 -0.000452995 1.15293
36 1.21112 0 0 0.00438077 0.0170836 0.848491
37 3.5992 1.06012 0.0708878 -1.79555 1.17773 -0.213272
38 1.66069 0 0 0.00713085 0.0094182 0.869945
39 1.16699 0 0 -0.0697857 0.0115345 1.42311
40 2.18853 -0.501041 0.0576591 -1.56296 0.0780998 -0.135486
41 1.29609 0 0 -0.0350504 -0.0310686 1.03459
42 1.62202 -0.000714302 -0.000469208 -0.0338366 -0.0119873 1.45402
43 1.22241 0 0 -0.00767881 -0.00283258 0.673824
44 1.76707 -1.27612 0.0366403 -1.56196 -0.0174626 -0.102712
45 1.55588 0 0 0.0299843 0.012796 0.87298
46 1.24273 0 0 0.000524794 -0.000289728 1.18422
47 0.784531 0 0 -0.00750756 -0.00334617 1.03524
48 0 0 0 0 0 0
49 5.06871 -12.436 -5.78453 -0.465305 0.0696734 -0.210362
50 0 -1.70357 0.00507927 0 0 0
51 -0.0019598 3.96104 2.21118 0 0 0
52 0.641595 -0.666149 0.751659 0 0 0
53 0.786657 -3.45621 1.13628 0 0.198355 0
54 -0.70623 -4.69238 1.98618 -3.14159 -0.0872664 3.14159
55 0.0133295 1.02904 3.61174 0 0 0
56 0.0133295 -1.24399 2.23877 0 0 0
57 1.85978 -20.1834 -10.9256 -0.424159 0.206031 -0.125502
58 0.0129194 0.0367718 6.63003 0 0 0
time 101
0 7.96718 5.13272 -3.24532 0.000934124 0 -0.959925
1 6.02794 0 0 -0.232294 1.15519 0.0332733
2 11.7344 0 0 -0.00140273 0 -2.021
3 8.81139 -0.000450134 -0.00011301 0.0315596 0 0.000157486
4 5.77839 0.000286102 0 0.021145 0 0.000105659
5 2.23164 -0.000329018 -0.000364304 0.0104148 0 0
6 11.4725 0 0 -0.25974 -0.684623 0.43364
7 0.615219 -0.993091 -0.810699 2.86877 0.397357 -0.310175
8 2.24752 0 0 0.0715792 0.114086 -0.295502
9 1.11936 0 0 0.00084993 0.0785902 -1.14183
10 3.71348 -0.102641 0.102191 1.44717 0.805255 0.453677
11 1.72615 0 0 0.00043569 0.152128 -1.5215
12 1.21113 0 0 -0.00303756 0.0173727 -0.770565
13 3.59919 -1.06012 0.070888 1.5386 0.23991 0.0797227
14 1.66069 0 0 0.0103178 0.056124 -0.0408302
15 1.167 0 0 -0.00595463 0.00361556 -0.0873129
16 2.18852 0.50104 0.0576591 1.55893 0.123347 0.226068
17 1.29609 0 0 -0.203075 0.0749011 -0.697923
18 1.62202 0.000713348 -0.000470638 0.0360743 -0.00491091 -1.60563
19 1.22241 0 0 0.007259 -0.00270846 -0.703281
20 1.76707 1.27612 0.0366406 1.52736 0.172031 0.124018
21 1.55588 0 0 -0.298752 0.180158 -0.613945
22 1.24273 0 0 -0.000523611 -0.000292226 -1.18846
23 0.784522 0 0 0.00666343 0.00160557 -0.545402
24 -2.83583 -0.518291 -10.3275 -0.000932693 0 -2.0944
25 6.02794 0 0 0.751836 0.835832 0.401287
26 11.7344 0 0 0.00140281 0 1.90124
27 8.81167 0 0 -0.0670505 0 0
28 5.77884 0 0 -0.0449239 0 0
29 2.23249 0 0 -0.0221267 0 0
30 11.4725 0 0 0.332519 -0.55571 -0.670205
31 0.615812 0.994373 -0.809166 -2.35244 0.0557134 0.674093
32 2.24752 0 0 -0.117956 -0.0362804 -0.0166508
33 1.11936 0 0 0.0470698 0.0163413 0.255621
34 3.71349 0.10264 0.102191 -1.5315 1.29231 -0.0416207
35 1.72615 0 0 -0.000774146 -0.000453064 1.15293
36 1.21112 0 0 0.00438079 0.0170835 0.848491
37 3.5992 1.06012 0.0708882 -1.79555 1.17773 -0.213272
38 1.66069 0 0 0.00713093 0.00941814 0.869945
39 1.16699 0 0 -0.0697857 0.0115346 1.42311
40 2.18853 -0.501038 0.0576589 -1.56296 0.0780998 -0.135486
41 1.29609 0 0 -0.0350504 -0.0310685 1.03459
42 1.62202 -0.000713348 -0.000469208 -0.0338365 -0.0119873 1.45402
43 1.22241 0 0 -0.00767886 -0.0028325 0.673824
44 1.76707 -1.27612 0.0366405 -1.56196 -0.0174625 -0.102712
45 1.55588 0 0 0.0299842 0.0127959 0.87298
46 1.24273 0 0 0.000524783 -0.000289738 1.18422
47 0.784531 0 0 -0.00750753 -0.00334623 1.03524
48 0 0 0 0 0 0
49 5.06913 -12.4698 -5.81566 -0.465492 0.0679764 -0.206588
50 0 -1.70357 0.00508118 0 0 0
51 -0.0019598 3.96104 2.21118 0 0 0
52 0.641595 -0.666148 0.75166 0 0 0
53 0.786659 -3.45621 1.13628 0 0.198355 0
54 -0.706229 -4.69238 1.98618 3.14159 -0.0872663 -3.14159
55 0.01333 1.02904 3.61174 0 0 0
56 0.0133295 -1.24399 2.23877 0 0 0
57 2.21032 -20.3474 -10.9191 -0.430976 0.152767 -0.134186
58 0.0129194 0.0367718 6.63003 0 0 0
time 102
0 7.96718 5.13272 -3.24532 0.000934124 0 -0.959925
1 6.02794 0 0 -0.23377 1.15505 0.0318311
2 11.7344 0 0 -0.0014029 0 -2.01738
3 8.81138 -0.000449181 -0.000112057 0.0337853 0 0.000157321
4 5.77839 0.000286102 0 0.0226361 0 0.000105491
5 2.23163 -0.000328064 -0.00036478 0.0111491 0 0
6 11.4725 0 0 -0.257136 -0.687501 0.431019
7 0.61522 -0.993092 -0.8107 2.86877 0.397357 -0.310175
8 2.24752 0 0 0.0715793 0.114086 -0.295502
9 1.11936 0 0 0.000849896 0.0785899 -1.14183
10 3.71348 -0.102641 0.102191 1.44717 0.805255 0.453677
11 1.72615 0 0 0.000435615 0.152128 -1.5215
12 1.21114 0 0 -0.00303755 0.0173727 -0.770565
13 3.59919 -1.06012 0.0708885 1.5386 0.23991 0.0797227
14 1.66069 0 0 0.0103178 0.056124 -0.0408305
15 1.167 0 0 -0.00595463 0.00361554 -0.0873128
16 2.18852 0.50104 0.0576591 1.55893 0.123347 0.226068
17 1.29609 0 0 -0.203075 0.0749011 -0.697922
18 1.62202 0.000714302 -0.000470161 0.0360743 -0.00491086 -1.60563
19 1.22241 0 0 0.00725899 -0.0027085 -0.703282
20 1.76707 1.27612 0.0366411 1.52736 0.172031 0.124018
21 1.55588 0 0 -0.298752 0.180158 -0.613945
22 1.24273 0 0 -0.000523611 -0.000292226 -1.18846
23 0.784524 0 0 0.00666342 0.00160556 -0.545402
24 -2.83583 -0.518291 -10.3275 -0.000932693 0 -2.0944
25 6.02794 0 0 0.766606 0.832656 0.438377
26 11.7344 0 0 0.0014027 0 1.87006
27 8.81167 0 0 -0.0564356 0 0
28 5.77884 0 0 -0.0378118 0 0
29 2.23249 0 0 -0.0186238 0 0
30 11.4725 0 0 0.353412 -0.606881 -0.642521
31 0.615812 0.994371 -0.809165 -2.35244 0.0557135 0.674093
32 2.24752 0 0 -0.117956 -0.0362803 -0.0166509
33 1.11936 0 0 0.0470699 0.0163415 0.255621
34 3.71349 0.10264 0.102191 -1.5315 1.29231 -0.0416213
35 1.72615 0 0 -0.000774041 -0.000453002 1.15293
36 1.21112 0 0 0.00438069 0.0170835 0.848491
37 3.5992 1.06012 0.0708879 -1.79555 1.17773 -0.213272
38 1.66069 0 0 0.00713087 0.00941821 0.869944
39 1.16699 0 0 -0.0697857 0.0115345 1.42311
40 2.18853 -0.50104 0.0576589 -1.56296 0.0780997 -0.135486
41 1.29609 0 0 -0.0350505 -0.0310686 1.03459
42 1.62202 -0.000715256 -0.000469208 -0.0338365 -0.0119873 1.45402
43 1.22241 0 0 -0.00767887 -0.00283252 0.673824
44 1.76707 -1.27612 0.0366405 -1.56196 -0.0174626 -0.102712
45 1.55587 0 0 0.0299843 0.0127959 0.87298
46 1.24273 0 0 0.000524836 -0.000289766 1.18422
47 0.784532 0 0 -0.00750761 -0.00334616 1.03524
48 0 0 0 0 0 0
49 5.06952 -12.5006 -5.84202 -0.465699 0.0662258 -0.202807
50 0 -1.70357 0.00508022 0 0 0
51 -0.00195932 3.96104 2.21118 0 0 0
52 0.641596 -0.666148 0.75166 0 0 0
53 0.786658 -3.45621 1.13628 0 0.198355 0
54 -0.70623 -4.69238 1.98618 3.14159 -0.0872663 -3.14159
55 0.0133305 1.02904 3.61174 0 0 0
56 0.01333 -1.24399 2.23877 0 0 0
57 2.52926 -20.4797 -10.8928 -0.438321 0.102301 -0.145539
58 0.0129189 0.0367708 6.63003 0 0 0
time 103
0 7.96718 5.13272 -3.24532 0.000934124 0 -0.959925
1 6.02794 0 0 -0.235408 1.15489 0.0302415
2 11.7344 0 0 -0.00140293 0 -2.01434
3 8.81138 -0.000450134 -0.000112534 0.0366295 0 0.000157118
4 5.77839 0.000285149 0 0.0245418 0 0.000105468
5 2.23163 -0.000329971 -0.000363827 0.0120878 0 0
6 11.4725 0 0 -0.254422 -0.690308 0.428975
7 0.615219 -0.993091 -0.810699 2.86877 0.397357 -0.310175
8 2.24752 0 0 0.0715792 0.114086 -0.295502
9 1.11936 0 0 0.000849851 0.0785901 -1.14183
10 3.71348 -0.10264 0.102191 1.44717 0.805255 0.453677
11 1.72615 0 0 0.000435638 0.152128 -1.5215
12 1.21114 0 0 -0.00303757 0.0173727 -0.770565
13 3.59919 -1.06012 0.0708885 1.5386 0.23991 0.0797227
14 1.66069 0 0 0.0103178 0.056124 -0.0408303
15 1.167 0 0 -0.00595463 0.00361557 -0.0873128
16 2.18852 0.50104 0.0576596 1.55893 0.123347 0.226068
17 1.29609 0 0 -0.203075 0.0749011 -0.697922
18 1.62202 0.000714302 -0.000471115 0.0360743 -0.00491089 -1.60563
19 1.22241 0 0 0.00725897 -0.00270846 -0.703282
20 1.76707 1.27612 0.0366411 1.52736 0.172031 0.124018
21 1.55588 0 0 -0.298752 0.180158 -0.613945
22 1.24274 0 0 -0.000523648 -0.000292251 -1.18846
23 0.784524 0 0 0.00666347 0.00160557 -0.545401
24 -2.83583 -0.518291 -10.3275 -0.000932693 0 -2.0944
25 6.02794 0 0 0.781036 0.828359 0.472314
26 11.7344 0 0 0.00140262 0 1.84255
27 8.81167 0 0 -0.0466449 0 0
28 5.77884 0 0 -0.0312521 0 0
29 2.23249 0 0 -0.0153928 0 0
30 11.4725 0 0 0.368778 -0.652161 -0.618592
31 0.615812 0.994371 -0.809166 -2.35244 0.0557134 0.674093
32 2.24752 0 0 -0.117956 -0.0362803 -0.0166507
33 1.11936 0 0 0.04707 0.0163414 0.255621
34 3.71349 0.102638 0.102191 -1.5315 1.29231 -0.0416207
35 1.72615 0 0 -0.000774053 -0.000453027 1.15293
36 1.21112 0 0 0.00438075 0.0170835 0.848491
37 3.5992 1.06012 0.070888 -1.79555 1.17773 -0.213272
38 1.66069 0 0 0.00713088 0.00941824 0.869944
39 1.16699 0 0 -0.0697857 0.0115344 1.42311
40 2.18853 -0.501041 0.0576589 -1.56296 0.0780996 -0.135486
41 1.29609 0 0 -0.0350504 -0.0310686 1.03459
42 1.62202 -0.000711441 -0.000469208 -0.0338366 -0.0119873 1.45402
43 1.22241 0 0 -0.00767882 -0.00283253 0.673824
44 1.76707 -1.27612 0.0366406 -1.56196 -0.0174628 -0.102712
45 1.55588 0 0 0.0299843 0.012796 0.87298
46 1.24273 0 0 0.000524804 -0.000289726 1.18422
47 0.784531 0 0 -0.00750751 -0.00334618 1.03524
48 0 0 0 0 0 0
49 5.06987 -12.5272 -5.86242 -0.465933 0.0643889 -0.199057
50 0 -1.70357 0.00508118 0 0 0
51 -0.00195885 3.96104 2.21118 0 0 0
52 0.641596 -0.666147 0.751661 0 0 0
53 0.786658 -3.45621 1.13628 0 0.198355 0
54 -0.706229 -4.69238 1.98618 3.14159 -0.0872664 3.14159
55 0.01333 1.02904 3.61174 0 0 0
56 0.01333 -1.24399 2.23877 0 0 0
57 2.81036 -20.5814 -10.8504 -0.445476 0.0592433 -0.156537
58 0.0129194 0.0367708 6.63003 0 0 0
time 104
0 7.96718 5.13272 -3.24532 0.000934124 0 -0.959925
1 6.02794 0 0 -0.237187 1.15472 0.0285329
2 11.7344 0 0 -0.00140308 0 -2.01203
3 8.81138 -0.000450134 -0.000113487 0.0402073 0 0.000157486
4 5.77839 0.000287056 0 0.0269388 0 0.0001057
5 2.23164 -0.000329018 -0.00036478 0.0132685 0 0
6 11.4725 0 0 -0.251563 -0.692994 0.427608
7 0.615219 -0.993092 -0.810699 2.86877 0.397357 -0.310175
8 2.24752 0 0 0.071579 0.114087 -0.295502
9 1.11936 0 0 0.000850154 0.0785901 -1.14183
10 3.71348 -0.10264 0.102191 1.44717 0.805255 0.453677
11 1.72615 0 0 0.000435638 0.152128 -1.5215
12 1.21114 0 0 -0.00303755 0.0173727 -0.770565
13 3.59919 -1.06012 0.0708885 1.5386 0.23991 0.0797226
14 1.66069 0 0 0.0103178 0.0561241 -0.0408303
15 1.167 0 0 -0.00595463 0.00361551 -0.0873128
16 2.18853 0.50104 0.0576587 1.55893 0.123347 0.226068
17 1.29609 0 0 -0.203075 0.0749011 -0.697922
18 1.62202 0.000713348 -0.000470638 0.0360743 -0.00491085 -1.60563
19 1.22241 0 0 0.00725898 -0.00270849 -0.703282
20 1.76707 1.27612 0.0366406 1.52736 0.172031 0.124018
21 1.55588 0 0 -0.298752 0.180158 -0.613945
22 1.24274 0 0 -0.00052366 -0.000292259 -1.18846
23 0.784524 0 0 0.00666345 0.00160559 -0.545401
24 -2.83583 -0.518291 -10.3275 -0.000932693 0 -2.0944
25 6.02794 0 0 0.794242 0.823001 0.501115
26 11.7344 0 0 0.00140273 0 1.82013
27 8.81167 0 0 -0.0391339 0 0
28 5.77884 0 0 -0.0262197 0 0
29 2.23249 0 0 -0.0129142 0 0
30 11.4725 0 0 0.377423 -0.68563 -0.599966
31 0.615812 0.99437 -0.809166 -2.35244 0.0557133 0.674094
32 2.24752 0 0 -0.117956 -0.0362803 -0.0166508
33 1.11936 0 0 0.0470701 0.0163415 0.255621
34 3.71349 0.102638 0.102191 -1.5315 1.29231 -0.0416201
35 1.72615 0 0 -0.000774026 -0.000453027 1.15293
36 1.21112 0 0 0.00438069 0.0170835 0.848491
37 3.5992 1.06012 0.070888 -1.79555 1.17773 -0.213272
38 1.66069 0 0 0.00713087 0.00941825 0.869944
39 1.16699 0 0 -0.0697856 0.0115343 1.42311
40 2.18853 -0.501041 0.057659 -1.56296 0.0780997 -0.135486
41 1.29609 0 0 -0.0350504 -0.0310686 1.03459
42 1.62202 -0.000712395 -0.000469208 -0.0338366 -0.0119873 1.45402
43 1.22241 0 0 -0.00767885 -0.0028326 0.673824
44 1.76707 -1.27612 0.0366405 -1.56196 -0.0174628 -0.102712
45 1.55587 0 0 0.0299843 0.012796 0.87298
46 1.24273 0 0 0.000524758 -0.000289722 1.18422
47 0.784532 0 0 -0.00750754 -0.00334619 1.03524
48 0 0 0 0 0 0
49 5.07018 -12.5489 -5.87565 -0.466201 0.0624331 -0.195378
50 0 -1.70357 0.00508118 0 0 0
51 -0.00196028 3.96104 2.21118 0 0 0
52 0.641596 -0.666148 0.75166 0 0 0
53 0.786659 -3.45621 1.13628 0 0.198355 0
54 -0.70623 -4.69238 1.98618 3.14159 -0.0872664 -3.14159
55 0.0133295 1.02904 3.61174 0 0 0
56 0.01333 -1.24399 2.23877 0 0 0
57 3.04741 -20.6535 -10.7951 -0.451713 0.0282109 -0.164269
58 0.0129185 0.0367727 6.63003 0 0 0
time 105
0 7.96718 5.13272 -3.24532 0.000934124 0 -0.959925
1 6.02794 0 0 -0.239096 1.15453 0.02673
2 11.7344 0 0 -0.0014029 0 -2.01058
3 8.81139 -0.000450134 -0.00011158 0.0446363 0 0.000157379
4 5.77839 0.000287056 0 0.0299062 0 0.000105639
5 2.23164 -0.000329971 -0.000363827 0.0147299 0 0
6 11.4725 0 0 -0.248521 -0.695507 0.427016
7 0.61522 -0.993091 -0.8107 2.86877 0.397357 -0.310175
8 2.24752 0 0 0.071579 0.114087 -0.295502
9 1.11936 0 0 0.000850158 0.0785901 -1.14183
10 3.71348 -0.102641 0.102191 1.44717 0.805255 0.453677
11 1.72615 0 0 0.000435675 0.152128 -1.5215
12 1.21114 0 0 -0.00303756 0.0173727 -0.770565
13 3.59919 -1.06012 0.070888 1.5386 0.23991 0.0797226
14 1.66069 0 0 0.0103178 0.056124 -0.0408305
15 1.167 0 0 -0.00595466 0.00361558 -0.0873127
16 2.18852 0.50104 0.0576591 1.55893 0.123348 0.226068
17 1.29609 0 0 -0.203075 0.0749011 -0.697922
18 1.62202 0.000714302 -0.000472069 0.0360743 -0.00491088 -1.60563
19 1.22241 0 0 0.00725896 -0.00270845 -0.703281
20 1.76707 1.27612 0.0366406 1.52736 0.172031 0.124017
21 1.55588 0 0 -0.298752 0.180158 -0.613945
22 1.24274 0 0 -0.000523644 -0.00029223 -1.18846
23 0.784522 0 0 0.00666346 0.0016056 -0.545401
24 -2.83583 -0.518291 -10.3275 -0.000932693 0 -2.0944
25 6.02794 0 0 0.805488 0.816937 0.523581
26 11.7344 0 0 0.00140268 0 1.80441
27 8.81167 0 0 -0.0405397 0 0
28 5.77884 0 0 -0.0271616 0 0
29 2.23249 0 0 -0.013378 0 0
30 11.4725 0 0 0.376866 -0.70478 -0.589098
31 0.615812 0.994373 -0.809166 -2.35244 0.0557134 0.674093
32 2.24752 0 0 -0.117956 -0.0362803 -0.0166509
33 1.11936 0 0 0.04707 0.0163414 0.255621
34 3.71349 0.10264 0.102191 -1.5315 1.29231 -0.041621
35 1.72615 0 0 -0.000774059 -0.000453036 1.15293
36 1.21112 0 0 0.00438072 0.0170834 0.848491
37 3.5992 1.06012 0.0708881 -1.79555 1.17773 -0.213272
38 1.66069 0 0 0.00713091 0.0094182 0.869944
39 1.16699 0 0 -0.0697856 0.0115345 1.42311
40 2.18853 -0.501038 0.0576589 -1.56296 0.0780995 -0.135486
41 1.29609 0 0 -0.0350504 -0.0310686 1.03459
42 1.62202 -0.000712395 -0.000469208 -0.0338366 -0.0119873 1.45402
43 1.22241 0 0 -0.00767871 -0.00283259 0.673824
44 1.76707 -1.27612 0.0366406 -1.56196 -0.0174628 -0.102712
45 1.55587 0 0 0.0299843 0.012796 0.87298
46 1.24273 0 0 0.000524802 -0.000289716 1.18422
47 0.784531 0 0 -0.00750754 -0.00334616 1.03524
48 0 0 0 0 0 0
49 5.07046 -12.5644 -5.88051 -0.466512 0.0603254 -0.19181
50 0 -1.70357 0.00508118 0 0 0
51 -0.0019598 3.96104 2.21118 0 0 0
52 0.641596 -0.666147 0.751661 0 0 0
53 0.786659 -3.45621 1.13628 0 0.198355 0
54 -0.70623 -4.69238 1.98618 -3.14159 -0.0872663 3.14159
55 0.0133305 1.02904 3.61174 0 0 0
56 0.01333 -1.24399 2.23877 0 0 0
57 3.23427 -20.6969 -10.7307 -0.456752 0.0137607 -0.169088
58 0.0129189 0.0367718 6.63004 0 0 0
time 106
0 7.96718 5.13272 -3.24532 0.000934124 0 -0.959925
1 6.02794 0 0 -0.241123 1.15434 0.0248544
2 11.7344 0 0 -0.0014027 0 -2.01014
3 8.81138 -0.000451088 -0.000112057 0.0500292 0 0.000157901
4 5.77839 0.000286102 0 0.0335197 0 0.000105949
5 2.23164 -0.000329971 -0.000363827 0.0165097 0 0
6 11.4725 0 0 -0.245261 -0.697794 0.427299
7 0.615219 -0.993092 -0.810699 2.86877 0.397357 -0.310175
8 2.24752 0 0 0.0715791 0.114087 -0.295502
9 1.11936 0 0 0.000850019 0.0785901 -1.14183
10 3.71348 -0.102642 0.102191 1.44717 0.805255 0.453677
11 1.72615 0 0 0.00043563 0.152128 -1.5215
12 1.21114 0 0 -0.00303755 0.0173727 -0.770565
13 3.59919 -1.06012 0.070888 1.5386 0.23991 0.0797226
14 1.66069 0 0 0.0103178 0.0561241 -0.0408304
15 1.167 0 0 -0.00595466 0.00361556 -0.087313
16 2.18852 0.50104 0.0576596 1.55893 0.123347 0.226068
17 1.29609 0 0 -0.203075 0.0749011 -0.697923
18 1.62202 0.000714302 -0.000471115 0.0360743 -0.00491087 -1.60563
19 1.22241 0 0 0.00725901 -0.00270849 -0.703282
20 1.76707 1.27612 0.0366411 1.52736 0.172031 0.124018
21 1.55588 0 0 -0.298752 0.180158 -0.613945
22 1.24274 0 0 -0.000523611 -0.000292226 -1.18846
23 0.784523 0 0 0.00666344 0.00160556 -0.545402
24 -2.83583 -0.518291 -10.3275 -0.000932693 0 -2.0944
25 6.02794 0 0 0.812882 0.812203 0.537467
26 11.7344 0 0 0.00140269 0 1.79613
27 8.81167 0 0 -0.0513601 0 0
28 5.77884 0 0 -0.0344112 0 0
29 2.23249 0 0 -0.0169488 0 0
30 11.4725 0 0 0.368541 -0.712666 -0.584733
31 0.615813 0.99437 -0.809165 -2.35244 0.0557133 0.674094
32 2.24752 0 0 -0.117956 -0.0362803 -0.0166508
33 1.11936 0 0 0.04707 0.0163413 0.255621
34 3.71349 0.102638 0.102191 -1.5315 1.29231 -0.0416208
35 1.72615 0 0 -0.000774073 -0.000453058 1.15293
36 1.21112 0 0 0.00438068 0.0170835 0.848491
37 3.5992 1.06012 0.0708882 -1.79555 1.17774 -0.213272
38 1.66069 0 0 0.00713091 0.00941825 0.869944
39 1.16699 0 0 -0.0697857 0.0115345 1.42311
40 2.18853 -0.501041 0.0576593 -1.56296 0.0780997 -0.135486
41 1.29609 0 0 -0.0350504 -0.0310686 1.03459
42 1.62202 -0.000714302 -0.000469208 -0.0338366 -0.0119873 1.45402
43 1.22241 0 0 -0.00767883 -0.00283256 0.673824
44 1.76707 -1.27612 0.0366406 -1.56196 -0.0174626 -0.102712
45 1.55587 0 0 0.0299843 0.012796 0.87298
46 1.24273 0 0 0.000524831 -0.000289726 1.18422
47 0.784531 0 0 -0.00750758 -0.00334611 1.03524
48 0 0 0 0 0 0
49 5.07071 -12.573 -5.87581 -0.466874 0.0580331 -0.188392
50 0 -1.70357 0.00508118 0 0 0
51 -0.0019598 3.96104 2.21118 0 0 0
52 0.641597 -0.666148 0.751661 0 0 0
53 0.786659 -3.45621 1.13628 0 0.198355 0
54 -0.706229 -4.69238 1.98618 -3.14159 -0.0872664 -3.14159
55 0.0133305 1.02904 3.61174 0 0 0
56 0.01333 -1.24399 2.23877 0 0 0
57 3.34712 -20.713 -10.6802 -0.46077 0.0136829 -0.173129
58 0.0129185 0.0367708 6.63004 0 0 0
time 107
0 7.96718 5.13272 -3.24532 0.000934124 0 -0.959925
1 6.02794 0 0 -0.24327 1.15413 0.0229157
2 11.7344 0 0 -0.00140273 0 -2.01083
3 8.81138 -0.000449181 -0.000112057 0.0565015 0 0.000157216
4 5.77839 0.000286102 0 0.0378561 0 0.00010554
5 2.23163 -0.000329018 -0.00036335 0.0186454 0 0
6 11.4725 0 0 -0.241746 -0.699802 0.428557
7 0.615219 -0.993092 -0.810699 2.86877 0.397357 -0.310175
8 2.24752 0 0 0.0715792 0.114087 -0.295502
9 1.11936 0 0 0.000850075 0.0785901 -1.14183
10 3.71348 -0.102641 0.102191 1.44717 0.805255 0.453676
11 1.72615 0 0 0.000435698 0.152128 -1.5215
12 1.21113 0 0 -0.00303755 0.0173727 -0.770565
13 3.59919 -1.06012 0.0708876 1.5386 0.23991 0.0797226
14 1.66069 0 0 0.0103178 0.056124 -0.0408305
15 1.167 0 0 -0.00595464 0.00361557 -0.0873128
16 2.18852 0.50104 0.0576591 1.55893 0.123347 0.226068
17 1.29609 0 0 -0.203075 0.0749011 -0.697922
18 1.62202 0.000713348 -0.000470638 0.0360743 -0.00491088 -1.60563
19 1.22241 0 0 0.00725898 -0.00270844 -0.703281
20 1.76707 1.27612 0.0366411 1.52736 0.172031 0.124017
21 1.55587 0 0 -0.298752 0.180158 -0.613945
22 1.24274 0 0 -0.00052366 -0.000292259 -1.18846
23 0.784522 0 0 0.00666349 0.00160554 -0.545402
24 -2.83583 -0.518291 -10.3275 -0.000932693 0 -2.0944
25 6.02794 0 0 0.816436 0.809319 0.543355
26 11.7344 0 0 0.00140287 0 1.79528
27 8.81167 0 0 -0.0673264 0 0
28 5.77884 0 0 -0.0451087 0 0
29 2.23249 0 0 -0.0222175 0 0
30 11.4725 0 0 0.356665 -0.712376 -0.58597
31 0.615814 0.994373 -0.809165 -2.35244 0.0557134 0.674093
32 2.24752 0 0 -0.117956 -0.0362804 -0.0166509
33 1.11936 0 0 0.04707 0.0163416 0.255621
34 3.71349 0.102642 0.102191 -1.5315 1.29231 -0.04162
35 1.72615 0 0 -0.00077399 -0.000453121 1.15293
36 1.21112 0 0 0.00438067 0.0170835 0.848491
37 3.5992 1.06012 0.0708882 -1.79555 1.17773 -0.213272
38 1.66069 0 0 0.00713085 0.00941824 0.869944
39 1.16699 0 0 -0.0697857 0.0115345 1.42311
40 2.18853 -0.501038 0.057659 -1.56296 0.0780997 -0.135486
41 1.29609 0 0 -0.0350505 -0.0310686 1.03459
42 1.62202 -0.000714302 -0.000471115 -0.0338365 -0.0119873 1.45402
43 1.22241 0 0 -0.00767881 -0.00283258 0.673824
44 1.76707 -1.27612 0.0366404 -1.56196 -0.0174627 -0.102712
45 1.55588 0 0 0.0299843 0.0127959 0.87298
46 1.24273 0 0 0.000524893 -0.000289768 1.18422
47 0.784532 0 0 -0.00750757 -0.00334618 1.03524
48 0 0 0 0 0 0
49 5.07092 -12.5736 -5.86034 -0.467294 0.0555236 -0.185164
50 0 -1.70357 0.00508118 0 0 0
51 -0.0019598 3.96104 2.21118 0 0 0
52 0.641595 -0.666148 0.751661 0 0 0
53 0.786658 -3.45621 1.13628 0 0.198355 0
54 -0.70623 -4.69238 1.98618 -3.14159 -0.0872664 3.14159
55 0.01333 1.02904 3.61174 0 0 0
56 0.0133295 -1.24399 2.23877 0 0 0
57 3.38946 -20.7005 -10.6397 -0.463922 0.0224544 -0.176185
58 0.0129189 0.0367737 6.63003 0 0 0
time 108
0 7.96718 5.13272 -3.24532 0.000934124 0 -0.959925
1 6.02794 0 0 -0.245546 1.15391 0.0209119
2 11.7344 0 0 -0.00140284 0 -2.0128
3 8.81138 -0.000450134 -0.000112057 0.0641563 0 0.000157544
4 5.77839 0.000287056 0 0.0429849 0 0.000105777
5 2.23164 -0.000329971 -0.000364304 0.0211716 0 0
6 11.4725 0 0 -0.23794 -0.701478 0.430894
7 0.615219 -0.993092 -0.8107 2.86877 0.397357 -0.310175
8 2.24752 0 0 0.0715793 0.114087 -0.295502
9 1.11936 0 0 0.000850049 0.07859 -1.14183
10 3.71348 -0.102641 0.102191 1.44717 0.805255 0.453677
11 1.72615 0 0 0.000435645 0.152128 -1.5215
12 1.21113 0 0 -0.00303754 0.0173727 -0.770564
13 3.59919 -1.06012 0.0708885 1.5386 0.23991 0.0797228
14 1.66069 0 0 0.0103178 0.0561241 -0.0408303
15 1.167 0 0 -0.00595464 0.00361551 -0.0873127
16 2.18852 0.50104 0.0576591 1.55893 0.123347 0.226068
17 1.29609 0 0 -0.203075 0.0749011 -0.697922
18 1.62202 0.000713348 -0.000471592 0.0360743 -0.0049109 -1.60563
19 1.22241 0 0 0.00725897 -0.00270846 -0.703282
20 1.76707 1.27612 0.0366411 1.52736 0.172031 0.124018
21 1.55588 0 0 -0.298752 0.180158 -0.613945
22 1.24274 0 0 -0.000523652 -0.000292272 -1.18846
23 0.784523 0 0 0.00666346 0.00160563 -0.545402
24 -2.83583 -0.518291 -10.3275 -0.000932693 0 -2.0944
25 6.02794 0 0 0.818931 0.806201 0.546004
26 11.7344 0 0 0.00140256 0 1.79998
27 8.81167 0 0 -0.0861489 0 0
28 5.77884 0 0 -0.0577198 0 0
29 2.23249 0 0 -0.0284291 0 0
30 11.4725 0 0 0.344858 -0.707426 -0.593445
31 0.615814 0.994371 -0.809165 -2.35244 0.0557135 0.674094
32 2.24752 0 0 -0.117956 -0.0362805 -0.0166507
33 1.11936 0 0 0.0470699 0.0163416 0.255621
34 3.71349 0.10264 0.102191 -1.5315 1.29231 -0.0416212
35 1.72615 0 0 -0.000774165 -0.000452967 1.15293
36 1.21112 0 0 0.00438076 0.0170835 0.848491
37 3.5992 1.06012 0.0708881 -1.79555 1.17773 -0.213272
38 1.66069 0 0 0.00713095 0.00941821 0.869944
39 1.16699 0 0 -0.0697857 0.0115344 1.42311
40 2.18853 -0.501041 0.057659 -1.56296 0.0780998 -0.135486
41 1.29609 0 0 -0.0350504 -0.0310685 1.03459
42 1.62202 -0.000712395 -0.000469208 -0.0338365 -0.0119873 1.45402
43 1.22241 0 0 -0.00767884 -0.00283248 0.673824
44 1.76707 -1.27612 0.0366404 -1.56196 -0.0174627 -0.102712
45 1.55587 0 0 0.0299843 0.0127959 0.87298
46 1.24273 0 0 0.000524823 -0.000289739 1.18422
47 0.784532 0 0 -0.00750753 -0.00334615 1.03524
48 0 0 0 0 0 0
49 5.07111 -12.5652 -5.8329 -0.46778 0.0527641 -0.182164
50 0 -1.70357 0.00508118 0 0 0
51 -0.00195932 3.96104 2.21118 0 0 0
52 0.641597 -0.666146 0.751661 0 0 0
53 0.786658 -3.4562 1.13628 0 0.198355 0
54 -0.70623 -4.69238 1.98618 -3.14159 -0.0872664 3.14159
55 0.0133309 1.02904 3.61174 0 0 0
56 0.0133305 -1.24399 2.23877 0 0 0
57 3.39597 -20.6565 -10.5723 -0.466374 0.034552 -0.178025
58 0.0129194 0.0367727 6.63003 0 0 0
time 109
0 7.96718 5.13272 -3.24532 0.000934124 0 -0.959925
1 6.02794 0 0 -0.247806 1.15369 0.0187636
2 11.7344 0 0 -0.001403 0 -2.0167
3 8.81138 -0.000449181 -0.000112534 0.0712702 0 0.00015745
4 5.77839 0.000286102 0 0.0477511 0 0.000105783
5 2.23164 -0.000328064 -0.00036478 0.0235192 0 0
6 11.4725 0 0 -0.236809 -0.702288 0.436821
7 0.61522 -0.993092 -0.8107 2.86877 0.397357 -0.310175
8 2.24752 0 0 0.0715791 0.114087 -0.295502
9 1.11936 0 0 0.000850135 0.0785902 -1.14183
10 3.71348 -0.10264 0.102191 1.44717 0.805255 0.453677
11 1.72615 0 0 0.000435668 0.152128 -1.5215
12 1.21114 0 0 -0.00303756 0.0173727 -0.770565
13 3.59919 -1.06012 0.070888 1.5386 0.23991 0.0797227
14 1.66069 0 0 0.0103178 0.0561241 -0.0408304
15 1.167 0 0 -0.00595464 0.00361548 -0.0873128
16 2.18852 0.50104 0.0576587 1.55893 0.123347 0.226068
17 1.29609 0 0 -0.203075 0.0749011 -0.697922
18 1.62202 0.000712395 -0.000471115 0.0360743 -0.00491087 -1.60563
19 1.22241 0 0 0.00725898 -0.00270846 -0.703281
20 1.76707 1.27612 0.0366406 1.52736 0.172031 0.124018
21 1.55588 0 0 -0.298752 0.180158 -0.613945
22 1.24273 0 0 -0.000523631 -0.000292276 -1.18846
23 0.784524 0 0 0.00666347 0.0016056 -0.545401
24 -2.83583 -0.518291 -10.3275 -0.000932693 0 -2.0944
25 6.02794 0 0 0.824418 0.798877 0.551385
26 11.7344 0 0 0.00140279 0 1.81246
27 8.81167 0 0 -0.113048 0 0
28 5.77884 0 0 -0.075742 0 0
29 2.23249 0 0 -0.0373057 0 0
30 11.4725 0 0 0.336834 -0.700449 -0.616271
31 0.615812 0.994371 -0.809165 -2.35132 0.045936 0.653872
32 2.24752 0 0 -0.121163 -0.0231904 0.00241238
33 1.11936 0 0 0.0449146 0.0258131 0.281097
34 3.71348 0.102638 0.102191 -1.5315 1.29231 -0.0416215
35 1.72615 0 0 -0.000774126 -0.000452962 1.15293
36 1.21112 0 0 0.00438064 0.0170834 0.848491
37 3.5992 1.06012 0.070888 -1.79555 1.17773 -0.213272
38 1.66069 0 0 0.00713086 0.00941821 0.869944
39 1.16699 0 0 -0.0697857 0.0115344 1.42311
40 2.18853 -0.501041 0.057659 -1.56296 0.0780997 -0.135486
41 1.29609 0 0 -0.0350504 -0.0310686 1.03459
42 1.62202 -0.000710487 -0.000469208 -0.0338366 -0.0119872 1.45402
43 1.22241 0 0 -0.00767881 -0.00283251 0.673824
44 1.76707 -1.27612 0.0366405 -1.56196 -0.0174626 -0.102712
45 1.55588 0 0 0.0299843 0.0127959 0.87298
46 1.24273 0 0 0.000524688 -0.000289693 1.18422
47 0.784531 0 0 -0.00750756 -0.00334619 1.03524
48 0 0 0 0 0 0
49 5.07126 -12.5447 -5.79062 -0.467042 0.0515237 -0.180301
50 0 -1.70357 0.00508118 0 0 0
51 -0.00195885 3.96104 2.21118 0 0 0
52 0.641597 -0.666147 0.751659 0 0 0
53 0.786659 -3.45621 1.13628 0 0.198355 0
54 -0.706229 -4.69238 1.98618 -3.14159 -0.0872663 3.14159
55 0.0133305 1.02904 3.61174 0 0 0
56 0.0133305 -1.24399 2.23877 0 0 0
57 3.38626 -20.5664 -10.449 -0.466875 0.0462518 -0.179287
58 0.0129199 0.0367727 6.63003 0 0 0
time 110
0 7.96718 5.13272 -3.24532 0.000934124 0 -0.959925
1 6.02794 0 0 -0.25012 1.15343 0.0163645
2 11.7344 0 0 -0.00140272 0 -2.02214
3 8.81138 -0.000451088 -0.000112534 0.0775376 0 0.000157474
4 5.77839 0.000287056 0 0.0519502 0 0.000105816
5 2.23164 -0.000329971 -0.000363827 0.0255875 0 0
6 11.4725 0 0 -0.238457 -0.702381 0.446063
7 0.615221 -0.993092 -0.8107 2.86877 0.397357 -0.310175
8 2.24752 0 0 0.0715792 0.114087 -0.295502
9 1.11936 0 0 0.000850075 0.0785901 -1.14183
10 3.71348 -0.10264 0.10219 1.44717 0.805255 0.453677
11 1.72615 0 0 0.000435675 0.152128 -1.5215
12 1.21114 0 0 -0.00303756 0.0173727 -0.770564
13 3.59919 -1.06012 0.070888 1.5386 0.23991 0.0797227
14 1.66069 0 0 0.0103178 0.056124 -0.0408303
15 1.167 0 0 -0.00595464 0.00361549 -0.0873129
16 2.18852 0.50104 0.0576587 1.55893 0.123348 0.226068
17 1.29609 0 0 -0.203075 0.0749011 -0.697922
18 1.62202 0.000713348 -0.000471592 0.0360743 -0.00491089 -1.60563
19 1.22241 0 0 0.00725897 -0.00270844 -0.703281
20 1.76707 1.27612 0.0366406 1.52736 0.172031 0.124018
21 1.55588 0 0 -0.298752 0.180158 -0.613945
22 1.24273 0 0 -0.000523602 -0.000292238 -1.18846
23 0.784525 0 0 0.00666349 0.00160557 -0.545401
24 -2.83583 -0.518291 -10.3275 -0.000932693 0 -2.0944
25 6.02794 0 0 0.836766 0.78323 0.565657
26 11.7344 0 0 0.0014027 0 1.83157
27 8.81167 0 0 -0.148324 0 0
28 5.77884 0 0 -0.099377 0 0
29 2.23249 0 0 -0.0489469 0 0
30 11.4725 0 0 0.336425 -0.694393 -0.658259
31 0.615813 0.994371 -0.809166 -2.34874 0.0245289 0.610456
32 2.24752 0 0 -0.128016 0.00502502 0.0436082
33 1.11936 0 0 0.0403264 0.0454695 0.336451
34 3.71349 0.102638 0.102191 -1.5315 1.29231 -0.0416211
35 1.72615 0 0 -0.000774029 -0.00045299 1.15293
36 1.21112 0 0 0.00438071 0.0170835 0.848491
37 3.5992 1.06012 0.070888 -1.79555 1.17773 -0.213272
38 1.66069 0 0 0.00713078 0.00941825 0.869944
39 1.16699 0 0 -0.0697857 0.0115344 1.42311
40 2.18853 -0.50104 0.0576591 -1.56296 0.0780997 -0.135486
41 1.29609 0 0 -0.0350504 -0.0310687 1.03459
42 1.62202 -0.000713348 -0.000469208 -0.0338365 -0.0119873 1.45402
43 1.22241 0 0 -0.00767888 -0.00283251 0.673824
44 1.76707 -1.27612 0.0366406 -1.56196 -0.0174625 -0.102712
45 1.55588 0 0 0.0299843 0.012796 0.87298
46 1.24273 0 0 0.000524947 -0.000289741 1.18422
47 0.784532 0 0 -0.00750751 -0.00334614 1.03524
48 0 0 0 0 0 0
49 5.07138 -12.5148 -5.73688 -0.465058 0.0518955 -0.179464
50 0 -1.70357 0.00508118 0 0 0
51 -0.0019598 3.96104 2.21118 0 0 0
52 0.641596 -0.666147 0.75166 0 0 0
53 0.786659 -3.45621 1.13628 0 0.198355 0
54 -0.70623 -4.69238 1.98618 -3.14159 -0.0872663 3.14159
55 0.0133305 1.02904 3.61174 0 0 0
56 0.01333 -1.24399 2.23877 0 0 0
57 3.39584 -20.4309 -10.2363 -0.46533 0.0521591 -0.179549
58 0.0129199 0.0367718 6.63004 0 0 0
time 111
0 7.96718 5.13272 -3.24532 0.000934124 0 -0.959925
1 6.02794 0 0 -0.25278 1.15315 0.0137255
2 11.7344 0 0 -0.00140286 0 -2.02765
3 8.81138 -0.000449181 -0.00011158 0.0851714 0 0.000157503
4 5.77839 0.000286102 0 0.0570649 0 0.000105886
5 2.23163 -0.000329018 -0.000363827 0.0281065 0 0
6 11.4725 0 0 -0.238557 -0.702729 0.454537
7 0.615219 -0.993092 -0.810699 2.86877 0.397357 -0.310175
8 2.24752 0 0 0.0715791 0.114087 -0.295503
9 1.11936 0 0 0.000850075 0.0785901 -1.14183
10 3.71348 -0.102641 0.102191 1.44717 0.805255 0.453677
11 1.72615 0 0 0.000435653 0.152128 -1.5215
12 1.21114 0 0 -0.00303754 0.0173727 -0.770565
13 3.59919 -1.06012 0.0708885 1.5386 0.23991 0.0797227
14 1.66069 0 0 0.0103178 0.0561241 -0.0408304
15 1.167 0 0 -0.00595462 0.00361552 -0.0873128
16 2.18852 0.50104 0.0576591 1.55893 0.123347 0.226068
17 1.29609 0 0 -0.203075 0.0749011 -0.697922
18 1.62202 0.000713348 -0.000471115 0.0360743 -0.00491086 -1.60563
19 1.22241 0 0 0.00725899 -0.00270847 -0.703281
20 1.76707 1.27612 0.0366411 1.52736 0.172031 0.124017
21 1.55588 0 0 -0.298752 0.180158 -0.613945
22 1.24274 0 0 -0.000523611 -0.000292226 -1.18846
23 0.784523 0 0 0.0066635 0.00160556 -0.545401
24 -2.83583 -0.518291 -10.3275 -0.000932693 0 -2.0944
25 6.02794 0 0 0.860324 0.751957 0.594995
26 11.7344 0 0 0.00140264 0 1.85459
27 8.81167 0 0 -0.195192 0 0
28 5.77884 0 0 -0.130779 0 0
29 2.23249 0 0 -0.0644133 0 0
30 11.4725 0 0 0.342643 -0.688606 -0.722548
31 0.615812 0.994373 -0.809165 -2.34489 -0.0036839 0.55333
32 2.24752 0 0 -0.136879 0.0421706 0.0978494
33 1.11936 0 0 0.0343976 0.071118 0.409926
34 3.71349 0.10264 0.102191 -1.5315 1.29231 -0.0416209
35 1.72615 0 0 -0.00077409 -0.000453043 1.15293
36 1.21112 0 0 0.0043807 0.0170836 0.848491
37 3.5992 1.06012 0.070888 -1.79555 1.17773 -0.213272
38 1.66069 0 0 0.00713089 0.00941818 0.869945
39 1.16699 0 0 -0.0697856 0.0115344 1.42311
40 2.18853 -0.50104 0.0576588 -1.56296 0.0780996 -0.135486
41 1.29609 0 0 -0.0350504 -0.0310685 1.03459
42 1.62202 -0.000712395 -0.000469208 -0.0338366 -0.0119872 1.45402
43 1.22241 0 0 -0.00767881 -0.00283256 0.673824
44 1.76707 -1.27612 0.0366403 -1.56196 -0.0174626 -0.102712
45 1.55588 0 0 0.0299843 0.012796 0.87298
46 1.24273 0 0 0.000524813 -0.000289741 1.18422
47 0.784532 0 0 -0.00750755 -0.00334616 1.03524
48 0 0 0 0 0 0
49 5.07146 -12.4836 -5.67991 -0.463738 0.0513317 -0.178161
50 0 -1.70357 0.00508118 0 0 0
51 -0.00196028 3.96104 2.21118 0 0 0
52 0.641596 -0.666149 0.751659 0 0 0
53 0.786658 -3.45621 1.13628 0 0.198355 0
54 -0.70623 -4.69238 1.98618 -3.14159 -0.0872664 3.14159
55 0.01333 1.02904 3.61174 0 0 0
56 0.0133305 -1.24399 2.23877 0 0 0
57 3.46288 -20.2105 -9.80614 -0.46401 0.0515955 -0.178246
58 0.0129194 0.0367727 6.63003 0 0 0
time 112
0 7.96718 5.13272 -3.24532 0.000934124 0 -0.959925
1 6.02794 0 0 -0.25597 1.15283 0.0109728
2 11.7344 0 0 -0.0014028 0 -2.03179
3 8.81139 -0.000450134 -0.00011301 0.0963509 0 0.000157622
4 5.77839 0.000286102 0 0.0645551 0 0.000106065
5 2.23164 -0.000329018 -0.000363827 0.0317959 0 0
6 11.4725 0 0 -0.232779 -0.704309 0.458158
7 0.61522 -0.993092 -0.8107 2.86877 0.397357 -0.310175
8 2.24752 0 0 0.0715791 0.114087 -0.295502
9 1.11936 0 0 0.000850158 0.0785901 -1.14183
10 3.71348 -0.102641 0.102191 1.44717 0.805255 0.453677
11 1.72615 0 0 0.00043566 0.152128 -1.5215
12 1.21114 0 0 -0.00303755 0.0173727 -0.770564
13 3.59919 -1.06012 0.0708885 1.5386 0.23991 0.0797225
14 1.66069 0 0 0.0103178 0.056124 -0.0408304
15 1.167 0 0 -0.00595461 0.00361553 -0.0873128
16 2.18853 0.50104 0.0576591 1.55893 0.123347 0.226068
17 1.29609 0 0 -0.203075 0.0749011 -0.697922
18 1.62202 0.000712395 -0.000470638 0.0360743 -0.00491093 -1.60563
19 1.22241 0 0 0.00725898 -0.00270847 -0.703281
20 1.76707 1.27612 0.0366416 1.52736 0.172031 0.124018
21 1.55588 0 0 -0.298752 0.180158 -0.613945
22 1.24274 0 0 -0.00052366 -0.000292259 -1.18846
23 0.784524 0 0 0.0066635 0.00160556 -0.545401
24 -2.83583 -0.518291 -10.3275 -0.000932693 0 -2.0944
25 6.02794 0 0 0.891973 0.703725 0.636003
26 11.7344 0 0 0.00140269 0 1.87576
27 8.81167 0 0 -0.248082 0 0
28 5.77884 0 0 -0.166215 0 0
29 2.23249 0 0 -0.0818671 0 0
30 11.4725 0 0 0.351542 -0.680866 -0.80114
31 0.615813 0.994371 -0.809165 -2.34023 -0.0337683 0.491872
32 2.24752 0 0 -0.14618 0.0820587 0.156039
33 1.11936 0 0 0.0281275 0.098984 0.489505
34 3.71349 0.102638 0.102191 -1.5315 1.29231 -0.0416203
35 1.72615 0 0 -0.000774129 -0.000453035 1.15293
36 1.21112 0 0 0.00438073 0.0170836 0.848491
37 3.5992 1.06012 0.070888 -1.79555 1.17773 -0.213272
38 1.66069 0 0 0.00713076 0.00941827 0.869945
39 1.16699 0 0 -0.0697857 0.0115344 1.42311
40 2.18853 -0.50104 0.0576586 -1.56296 0.0780997 -0.135486
41 1.29609 0 0 -0.0350505 -0.0310686 1.03459
42 1.62202 -0.000713348 -0.000469208 -0.0338366 -0.0119873 1.45402
43 1.22241 0 0 -0.00767878 -0.00283259 0.673824
44 1.76707 -1.27612 0.0366403 -1.56196 -0.0174625 -0.102712
45 1.55588 0 0 0.0299843 0.012796 0.87298
46 1.24273 0 0 0.000524764 -0.000289699 1.18422
47 0.784533 0 0 -0.00750754 -0.00334614 1.03524
48 0 0 0 0 0 0
49 5.0715 -12.4587 -5.62795 -0.464991 0.0472851 -0.174903
50 0 -1.70357 0.00508022 0 0 0
51 -0.00196028 3.96104 2.21118 0 0 0
52 0.641596 -0.666148 0.75166 0 0 0
53 0.786659 -3.45621 1.13628 0 0.198355 0
54 -0.70623 -4.69238 1.98618 -3.14159 -0.0872664 -3.14159
55 0.0133295 1.02904 3.61174 0 0 0
56 0.0133295 -1.24399 2.23877 0 0 0
57 3.58218 -19.9161 -9.16403 -0.465262 0.0475488 -0.174988
58 0.0129199 0.0367718 6.63003 0 0 0
time 113
0 7.96718 5.13272 -3.24532 0.000934124 0 -0.959925
1 6.02794 0 0 -0.260104 1.15246 0.0080138
2 11.7344 0 0 -0.00140292 0 -2.0329
3 8.81138 -0.000450134 -0.00011301 0.11307 0 0.000157421
4 5.77839 0.000286102 0 0.0757567 0 0.000106035
5 2.23163 -0.000329018 -0.00036478 0.0373129 0 0
6 11.4725 0 0 -0.216739 -0.707949 0.45265
7 0.615219 -0.993091 -0.8107 2.86877 0.397357 -0.310175
8 2.24752 0 0 0.0715792 0.114087 -0.295502
9 1.11936 0 0 0.000850247 0.0785902 -1.14183
10 3.71348 -0.102641 0.10219 1.44717 0.805255 0.453677
11 1.72615 0 0 0.000435645 0.152128 -1.5215
12 1.21114 0 0 -0.00303755 0.0173727 -0.770564
13 3.59919 -1.06012 0.0708876 1.5386 0.23991 0.0797227
14 1.66069 0 0 0.0103178 0.056124 -0.0408302
15 1.167 0 0 -0.00595464 0.00361557 -0.0873128
16 2.18852 0.50104 0.0576587 1.55893 0.123347 0.226068
17 1.29609 0 0 -0.203075 0.0749011 -0.697923
18 1.62202 0.000713348 -0.000470638 0.0360743 -0.00491085 -1.60563
19 1.22241 0 0 0.00725899 -0.00270847 -0.703281
20 1.76707 1.27612 0.0366406 1.52736 0.172031 0.124018
21 1.55588 0 0 -0.298752 0.180158 -0.613945
22 1.24274 0 0 -0.000523639 -0.00029229 -1.18846
23 0.784522 0 0 0.00666347 0.00160557 -0.545401
24 -2.83583 -0.518291 -10.3275 -0.000932693 0 -2.0944
25 6.02794 0 0 0.92253 0.648262 0.677917
26 11.7344 0 0 0.00140266 0 1.88618
27 8.81167 0 0 -0.287656 0 0
28 5.77884 0 0 -0.19273 0 0
29 2.23249 0 0 -0.0949264 0 0
30 11.4725 0 0 0.362572 -0.673075 -0.869224
31 0.615814 0.994372 -0.809166 -2.33555 -0.0605579 0.435283
32 2.24752 0 0 -0.154465 0.11854 0.209029
33 1.11936 0 0 0.0224555 0.126032 0.562726
34 3.71349 0.102639 0.102191 -1.5315 1.29231 -0.0416214
35 1.72615 0 0 -0.000774061 -0.000453053 1.15293
36 1.21112 0 0 0.00438074 0.0170835 0.848491
37 3.5992 1.06012 0.070888 -1.79555 1.17773 -0.213272
38 1.66069 0 0 0.00713092 0.00941824 0.869944
39 1.16699 0 0 -0.0697857 0.0115345 1.42311
40 2.18853 -0.50104 0.0576589 -1.56296 0.0780997 -0.135486
41 1.29609 0 0 -0.0350504 -0.0310686 1.03459
42 1.62202 -0.000714302 -0.000470161 -0.0338366 -0.0119873 1.45402
43 1.22241 0 0 -0.00767884 -0.00283256 0.673824
44 1.76707 -1.27612 0.0366403 -1.56196 -0.0174626 -0.102712
45 1.55587 0 0 0.0299842 0.0127959 0.87298
46 1.24273 0 0 0.000524818 -0.000289753 1.18422
47 0.784531 0 0 -0.00750753 -0.00334606 1.03524
48 0 0 0 0 0 0
49 5.0715 -12.4481 -5.58922 -0.470726 0.0372081 -0.168199
50 0 -1.70357 0.00508022 0 0 0
51 -0.0019598 3.96104 2.21118 0 0 0
52 0.641596 -0.666148 0.751659 0 0 0
53 0.786659 -3.45621 1.13628 0 0.198355 0
54 -0.706229 -4.69238 1.98618 3.14159 -0.0872663 -3.14159
55 0.01333 1.02904 3.61174 0 0 0
56 0.01333 -1.24399 2.23877 0 0 0
57 3.74073 -19.6366 -8.46865 -0.470996 0.0374713 -0.168286
58 0.0129199 0.0367708 6.63003 0 0 0
time 114
0 7.96718 5.13272 -3.24532 0.000934124 0 -0.959925
1 6.02794 0 0 -0.265435 1.15201 0.00482814
2 11.7344 0 0 -0.00140284 0 -2.03112
3 8.81138 -0.000450134 -0.000112057 0.138706 0 0.000157294
4 5.77839 0.000286102 0 0.092933 0 0.000105936
5 2.23163 -0.000329971 -0.000362873 0.045773 0 0
6 11.4725 0 0 -0.186431 -0.714506 0.435737
7 0.61522 -0.993092 -0.8107 2.86877 0.397357 -0.310175
8 2.24752 0 0 0.0715791 0.114087 -0.295502
9 1.11936 0 0 0.000850004 0.07859 -1.14183
10 3.71348 -0.102642 0.10219 1.44717 0.805255 0.453677
11 1.72615 0 0 0.00043563 0.152128 -1.5215
12 1.21114 0 0 -0.00303756 0.0173727 -0.770565
13 3.59919 -1.06012 0.070888 1.5386 0.23991 0.0797228
14 1.66069 0 0 0.0103178 0.056124 -0.0408305
15 1.167 0 0 -0.00595463 0.00361557 -0.0873126
16 2.18853 0.50104 0.0576596 1.55893 0.123348 0.226068
17 1.29609 0 0 -0.203075 0.0749011 -0.697922
18 1.62202 0.000713348 -0.000471115 0.0360743 -0.00491088 -1.60563
19 1.22241 0 0 0.00725899 -0.00270848 -0.703281
20 1.76707 1.27612 0.0366406 1.52736 0.172031 0.124018
21 1.55588 0 0 -0.298752 0.180158 -0.613945
22 1.24274 0 0 -0.000523668 -0.000292274 -1.18846
23 0.784523 0 0 0.00666345 0.00160558 -0.545401
24 -2.83583 -0.518291 -10.3275 -0.000932693 0 -2.0944
25 6.02794 0 0 0.944887 0.599992 0.71055
26 11.7344 0 0 0.00140275 0 1.88402
27 8.81167 0 0 -0.300515 0 0
28 5.77884 0 0 -0.201345 0 0
29 2.23249 0 0 -0.0991698 0 0
30 11.4725 0 0 0.375056 -0.667224 -0.90495
31 0.615814 0.994371 -0.809166 -2.332 -0.078602 0.392597
32 2.24752 0 0 -0.160388 0.145525 0.247585
33 1.11936 0 0 0.0183489 0.149964 0.61666
34 3.71349 0.102639 0.102191 -1.5315 1.29231 -0.0416213
35 1.72615 0 0 -0.000774146 -0.000453033 1.15293
36 1.21112 0 0 0.00438072 0.0170835 0.848491
37 3.5992 1.06012 0.0708883 -1.79555 1.17773 -0.213272
38 1.66069 0 0 0.00713087 0.00941826 0.869944
39 1.16699 0 0 -0.0697857 0.0115345 1.42311
40 2.18853 -0.501041 0.0576592 -1.56296 0.0780998 -0.135486
41 1.29609 0 0 -0.0350504 -0.0310685 1.03459
42 1.62202 -0.000714302 -0.000469208 -0.0338365 -0.0119873 1.45402
43 1.22241 0 0 -0.00767877 -0.00283252 0.673824
44 1.76707 -1.27612 0.0366405 -1.56196 -0.0174627 -0.102712
45 1.55588 0 0 0.0299842 0.012796 0.87298
46 1.24273 0 0 0.0005248 -0.000289705 1.18422
47 0.784532 0 0 -0.00750755 -0.00334628 1.03524
48 0 0 0 0 0 0
49 5.06877 -12.4561 -5.5621 -0.482699 0.0189978 -0.156289
50 0 -1.70357 0.00508118 0 0 0
51 -0.00195932 3.96104 2.21118 0 0 0
52 0.641596 -0.666148 0.751659 0 0 0
53 0.786659 -3.45621 1.13628 0 0.198355 0
54 -0.706229 -4.69238 1.98618 -3.14159 -0.0872663 -3.14159
55 0.0133305 1.02904 3.61174 0 0 0
56 0.01333 -1.24399 2.23877 0 0 0
57 3.9207 -19.4522 -7.8706 -0.482967 0.0192599 -0.156379
58 0.0129185 0.0367727 6.63003 0 0 0
time 115
0 7.96718 5.13272 -3.24532 0.000934124 0 -0.959925
1 6.02794 0 0 -0.272767 1.15138 0.000469689
2 11.7344 0 0 -0.00140286 0 -2.02677
3 8.81139 -0.000451088 -0.000112057 0.170183 0 0.000157656
4 5.77839 0.000285149 0 0.114022 0 0.000106463
5 2.23164 -0.000329018 -0.000362873 0.0561602 0 0
6 11.4725 0 0 -0.145755 -0.721954 0.410436
7 0.61522 -0.993092 -0.810699 2.86877 0.397357 -0.310175
8 2.24752 0 0 0.0715792 0.114087 -0.295502
9 1.11936 0 0 0.000850068 0.0785901 -1.14183
10 3.71348 -0.10264 0.102191 1.44717 0.805255 0.453677
11 1.72615 0 0 0.000435622 0.152128 -1.5215
12 1.21114 0 0 -0.00303756 0.0173727 -0.770564
13 3.59919 -1.06012 0.0708885 1.5386 0.23991 0.0797227
14 1.66069 0 0 0.0103178 0.0561241 -0.0408303
15 1.167 0 0 -0.00595464 0.00361549 -0.0873129
16 2.18853 0.50104 0.0576591 1.55893 0.123347 0.226068
17 1.29609 0 0 -0.203075 0.0749011 -0.697922
18 1.62202 0.000713348 -0.000471115 0.0360743 -0.00491089 -1.60563
19 1.22241 0 0 0.00725899 -0.00270846 -0.703281
20 1.76707 1.27612 0.0366411 1.52736 0.172031 0.124018
21 1.55588 0 0 -0.298752 0.180158 -0.613945
22 1.24274 0 0 -0.00052365 -0.000292261 -1.18846
23 0.784523 0 0 0.00666347 0.00160557 -0.545401
24 -2.83583 -0.518291 -10.3275 -0.000932693 0 -2.0944
25 6.02794 0 0 0.954947 0.575962 0.726356
26 11.7344 0 0 0.00140267 0 1.87284
27 8.81167 0 0 -0.282665 0 0
28 5.77884 0 0 -0.189386 0 0
29 2.23249 0 0 -0.0932794 0 0
30 11.4725 0 0 0.386358 -0.66628 -0.895795
31 0.615812 0.994373 -0.809165 -2.33076 -0.0822164 0.372716
32 2.24752 0 0 -0.162666 0.15697 0.262409
33 1.11936 0 0 0.0168317 0.168872 0.638065
34 3.71349 0.102639 0.102191 -1.5315 1.29231 -0.0416209
35 1.72615 0 0 -0.000774111 -0.00045302 1.15293
36 1.21112 0 0 0.00438071 0.0170836 0.848491
37 3.5992 1.06012 0.0708879 -1.79555 1.17773 -0.213272
38 1.66069 0 0 0.00713093 0.00941824 0.869944
39 1.16699 0 0 -0.0697857 0.0115344 1.42311
40 2.18853 -0.50104 0.0576589 -1.56296 0.0780998 -0.135486
41 1.29609 0 0 -0.0350504 -0.0310686 1.03459
42 1.62202 -0.000714302 -0.000471115 -0.0338366 -0.0119873 1.45402
43 1.22241 0 0 -0.0076788 -0.00283253 0.673824
44 1.76707 -1.27612 0.0366406 -1.56196 -0.0174624 -0.102712
45 1.55587 0 0 0.0299842 0.012796 0.87298
46 1.24273 0 0 0.000524874 -0.000289755 1.18422
47 0.784531 0 0 -0.00750755 -0.0033461 1.03524
48 0 0 0 0 0 0
49 5.06332 -12.4775 -5.54113 -0.499051 -0.00494658 -0.140754
50 0 -1.70357 0.00508022 0 0 0
51 -0.0019598 3.96104 2.21118 0 0 0
52 0.641596 -0.666149 0.75166 0 0 0
53 0.786658 -3.45621 1.13628 0 0.198355 0
54 -0.70623 -4.69238 1.98618 -3.14159 -0.0872664 3.14159
55 0.0133305 1.02904 3.61174 0 0 0
56 0.01333 -1.24399 2.23877 0 0 0
57 4.08715 -19.4289 -7.53814 -0.499318 -0.00468597 -0.140847
58 0.0129189 0.0367708 6.63003 0 0 0
time 116
0 7.96718 5.13272 -3.24532 0.000934124 0 -0.959925
1 6.02794 0 0 -0.280055 1.15079 -0.00302355
2 11.7344 0 0 -0.00140289 0 -2.02164
3 8.81138 -0.000449181 -0.00011158 0.201311 0 0.000157002
4 5.77839 0.000287056 0 0.134878 0 0.000106153
5 2.23163 -0.000329018 -0.000362396 0.0664326 0 0
6 11.4725 0 0 -0.102463 -0.727144 0.382275
7 0.615219 -0.993092 -0.8107 2.86877 0.397357 -0.310175
8 2.24752 0 0 0.071579 0.114087 -0.295502
9 1.11936 0 0 0.000850042 0.0785901 -1.14183
10 3.71348 -0.102642 0.102191 1.44717 0.805255 0.453677
11 1.72615 0 0 0.000435675 0.152128 -1.52149
12 1.21114 0 0 -0.00303758 0.0173727 -0.770565
13 3.59919 -1.06012 0.0708885 1.5386 0.23991 0.0797226
14 1.66069 0 0 0.0103177 0.0561241 -0.0408304
15 1.167 0 0 -0.00595461 0.00361559 -0.0873128
16 2.18852 0.50104 0.0576591 1.55893 0.123347 0.226068
17 1.29609 0 0 -0.203075 0.0749011 -0.697923
18 1.62202 0.000713348 -0.000471115 0.0360743 -0.00491088 -1.60563
19 1.22241 0 0 0.007259 -0.00270846 -0.703281
20 1.76707 1.27612 0.0366411 1.52736 0.172031 0.124018
21 1.55588 0 0 -0.298752 0.180158 -0.613945
22 1.24274 0 0 -0.000523648 -0.000292265 -1.18846
23 0.784523 0 0 0.00666348 0.00160558 -0.545401
24 -2.92729 -0.687623 -10.3275 -0.000932693 0 -2.0944
25 6.02794 0 0 0.966225 0.575686 0.750005
26 11.7344 0 0 0.00140263 0 1.8651
27 8.81167 0 0 -0.272709 0 0
28 5.77884 0 0 -0.182715 0 0
29 2.23249 0 0 -0.0899937 0 0
30 11.4725 0 0 0.37966 -0.679732 -0.862072
31 0.615814 0.994372 -0.809166 -2.33113 -0.076575 0.367412
32 2.24752 0 0 -0.161531 0.159185 0.261588
33 1.11936 0 0 0.0161461 0.184811 0.633017
34 3.71348 0.102638 0.102191 -1.54792 1.27247 -0.0574188
35 1.72615 0 0 -0.000827122 -0.00109755 1.12506
36 1.21112 0 0 0.00396428 0.0171849 0.824187
37 3.5992 1.06012 0.070888 -1.79667 1.15786 -0.215869
38 1.66069 0 0 0.00659907 0.0108859 0.844058
39 1.16699 0 0 -0.0677407 0.0115289 1.38933
40 2.18853 -0.50104 0.0576587 -1.56315 0.0768089 -0.136397
41 1.29609 0 0 -0.0349229 -0.0312118 1.03049
42 1.62202 -0.000712395 -0.000470161 -0.0335313 -0.012572 1.43947
43 1.22241 0 0 -0.0077482 -0.00305001 0.667046
44 1.76707 -1.27612 0.0366402 -1.56202 -0.0175823 -0.104295
45 1.55588 0 0 0.0299187 0.0129484 0.86789
46 1.24273 0 0 0.000528066 -0.000283684 1.17276
47 0.784532 0 0 -0.00764271 -0.00319916 1.02446
48 0 0 0 0 0 0
49 5.05918 -12.5057 -5.52869 -0.516272 -0.030419 -0.125112
50 0 -1.70357 0.00508118 0 0 0
51 -0.00195932 3.96104 2.21118 0 0 0
52 0.641596 -0.666147 0.751659 0 0 0
53 0.786659 -3.4562 1.13628 0 0.198355 0
54 -0.70623 -4.69238 1.98618 3.14159 -0.0872663 -3.14159
55 0.0133305 1.02904 3.61174 0 0 0
56 0.01333 -1.24399 2.23877 0 0 0
57 4.2345 -19.5105 -7.40372 -0.516536 -0.0301601 -0.12521
58 0.0129185 0.0367708 6.63004 0 0 0
time 117
0 7.96718 5.13272 -3.24532 0.000934124 0 -0.959925
1 6.02794 0 0 -0.285519 1.15045 -0.00412413
2 11.7344 0 0 -0.00140287 0 -2.01706
3 8.81138 -0.000450134 -0.000112057 0.225996 0 0.000157288
4 5.77839 0.000286102 0 0.151417 0 0.000106541
5 2.23164 -0.000329018 -0.000363827 0.0745786 0 0
6 11.4725 0 0 -0.0647645 -0.728091 0.356922
7 0.61522 -0.993092 -0.810699 2.86877 0.397357 -0.310175
8 2.24752 0 0 0.0715791 0.114086 -0.295502
9 1.11936 0 0 0.00084993 0.0785901 -1.14183
10 3.71348 -0.10264 0.102191 1.44717 0.805255 0.453677
11 1.72615 0 0 0.000435653 0.152128 -1.5215
12 1.21114 0 0 -0.00303757 0.0173727 -0.770564
13 3.59919 -1.06012 0.070888 1.5386 0.23991 0.0797227
14 1.66069 0 0 0.0103179 0.056124 -0.0408302
15 1.167 0 0 -0.00595466 0.00361555 -0.0873128
16 2.18852 0.50104 0.0576587 1.55893 0.123348 0.226068
17 1.29609 0 0 -0.203075 0.0749011 -0.697922
18 1.62202 0.000712395 -0.000471115 0.0360743 -0.00491089 -1.60563
19 1.22241 0 0 0.00725898 -0.00270846 -0.703281
20 1.76707 1.27612 0.0366406 1.52736 0.172031 0.124017
21 1.55588 0 0 -0.298752 0.180158 -0.613945
22 1.24273 0 0 -0.000523654 -0.000292269 -1.18846
23 0.784523 0 0 0.00666347 0.00160559 -0.545401
24 -3.16839 -1.13404 -10.3275 -0.000932693 0 -2.0944
25 6.02794 0 0 0.990145 0.574149 0.791069
26 11.7344 0 0 0.00140272 0 1.84648
27 8.81167 0 0 -0.213406 0 0
28 5.77884 0 0 -0.142982 0 0
29 2.23249 0 0 -0.0704241 0 0
30 11.4725 0 0 0.363589 -0.679314 -0.77616
31 0.615814 0.994371 -0.809165 -2.33173 -0.0707452 0.362555
32 2.24752 0 0 -0.158383 0.162133 0.2593
33 1.11936 0 0 0.0139664 0.200831 0.617489
34 3.71349 0.102638 0.102191 -1.58179 1.21987 -0.0896519
35 1.72615 0 0 -0.000884821 -0.002774 1.05094
36 1.21112 0 0 0.00284897 0.0174046 0.759722
37 3.5992 1.06012 0.0708879 -1.79786 1.10572 -0.221442
38 1.66069 0 0 0.00504916 0.0146281 0.775419
39 1.16699 0 0 -0.0624987 0.011622 1.29933
40 2.18853 -0.50104 0.057659 -1.56367 0.0731458 -0.13898
41 1.29609 0 0 -0.0345581 -0.0316156 1.01887
42 1.62202 -0.000713348 -0.000469208 -0.0326268 -0.0142058 1.39819
43 1.22241 0 0 -0.00793947 -0.00366458 0.647818
44 1.76707 -1.27612 0.0366405 -1.5622 -0.0179221 -0.108786
45 1.55588 0 0 0.0297286 0.0133792 0.853449
46 1.24273 0 0 0.000537047 -0.000266468 1.14023
47 0.784532 0 0 -0.0080234 -0.0027922 0.993891
48 0 0 0 0 0 0
49 5.06036 -12.5343 -5.52722 -0.530849 -0.0532136 -0.112885
50 0 -1.70357 0.00508118 0 0 0
51 -0.0019598 3.96104 2.21118 0 0 0
52 0.641596 -0.666148 0.75166 0 0 0
53 0.786658 -3.45621 1.13628 0 0.198355 0
54 -0.706229 -4.69238 1.98618 -3.14159 -0.0872663 3.14159
55 0.01333 1.02904 3.61174 0 0 0
56 0.01333 -1.24399 2.23877 0 0 0
57 4.3554 -19.5793 -7.29762 -0.531111 -0.0529561 -0.112987
58 0.0129194 0.0367718 6.63003 0 0 0
time 118
0 7.96718 5.13272 -3.24532 0.000934124 0 -0.959925
1 6.02794 0 0 -0.287494 1.15061 -0.00102459
2 11.7344 0 0 -0.00140298 0 -2.01385
3 8.81139 -0.000450134 -0.000112534 0.241589 0 0.000157047
4 5.77839 0.000285149 0 0.161865 0 0.000106457
5 2.23164 -0.000329971 -0.000364304 0.0797244 0 0
6 11.4725 0 0 -0.035568 -0.723618 0.336084
7 0.615219 -0.993092 -0.8107 2.86877 0.397357 -0.310175
8 2.24752 0 0 0.0715791 0.114087 -0.295503
9 1.11936 0 0 0.000850083 0.0785902 -1.14183
10 3.71348 -0.102641 0.102191 1.44717 0.805255 0.453677
11 1.72615 0 0 0.00043566 0.152128 -1.5215
12 1.21114 0 0 -0.00303754 0.0173727 -0.770564
13 3.59919 -1.06012 0.070888 1.5386 0.23991 0.0797227
14 1.66069 0 0 0.0103178 0.0561241 -0.0408303
15 1.167 0 0 -0.00595465 0.00361546 -0.0873128
16 2.18852 0.50104 0.0576591 1.55893 0.123347 0.226068
17 1.29609 0 0 -0.203075 0.0749011 -0.697922
18 1.62202 0.000713348 -0.000471115 0.0360743 -0.00491088 -1.60563
19 1.22241 0 0 0.00725898 -0.00270847 -0.703281
20 1.76707 1.27612 0.0366406 1.52736 0.172031 0.124018
21 1.55588 0 0 -0.298752 0.180158 -0.613945
22 1.24274 0 0 -0.000523652 -0.000292265 -1.18846
23 0.784524 0 0 0.00666347 0.00160558 -0.545401
24 -3.50926 -1.76518 -10.3275 -0.000932693 0 -2.0944
25 6.02794 0 0 1.02188 0.563425 0.836423
26 11.7344 0 0 0.00140255 0 1.80804
27 8.81167 0 0 -0.0417275 0 0
28 5.77884 0 0 -0.0279575 0 0
29 2.23249 0 0 -0.0137701 0 0
30 11.4725 0 0 0.359552 -0.634388 -0.613124
31 0.615814 0.994371 -0.809165 -2.33253 -0.0647939 0.358125
32 2.24752 0 0 -0.153671 0.165249 0.255381
33 1.11936 0 0 0.0104524 0.216405 0.592992
34 3.71349 0.10264 0.10219 -1.61469 1.14505 -0.120327
35 1.72615 0 0 -0.000764166 -0.00505453 0.94481
36 1.21112 0 0 0.0012389 0.0175924 0.667768
37 3.5992 1.06012 0.0708876 -1.79638 1.03259 -0.227409
38 1.66069 0 0 0.0025191 0.0195423 0.677551
39 1.16699 0 0 -0.0555315 0.0119417 1.17014
40 2.18853 -0.50104 0.0576591 -1.56444 0.0674225 -0.143007
41 1.29609 0 0 -0.0339789 -0.032237 1.00074
42 1.62202 -0.000713348 -0.000469208 -0.031103 -0.0166777 1.33375
43 1.22241 0 0 -0.0082224 -0.00461612 0.617799
44 1.76707 -1.27612 0.0366402 -1.56247 -0.0184527 -0.115796
45 1.55588 0 0 0.0294195 0.0140461 0.830905
46 1.24273 0 0 0.00054994 -0.000238723 1.08944
47 0.78453 0 0 -0.00860898 -0.00218598 0.946162
48 0 0 0 0 0 0
49 5.0709 -12.5569 -5.53912 -0.54155 -0.0723403 -0.1062
50 0 -1.70357 0.00508022 0 0 0
51 -0.00195932 3.96104 2.21118 0 0 0
52 0.641596 -0.666147 0.75166 0 0 0
53 0.786658 -3.45621 1.13628 0 0.198355 0
54 -0.706229 -4.69238 1.98618 3.14159 -0.0872663 3.14159
55 0.01333 1.02904 3.61174 0 0 0
56 0.0133305 -1.24399 2.23877 0 0 0
57 4.43929 -19.6279 -7.23175 -0.54181 -0.0720839 -0.106305
58 0.0129189 0.0367708 6.63004 0 0 0
time 119
0 7.96718 5.13272 -3.24532 0.000934124 0 -0.959925
1 6.02794 0 0 -0.284557 1.15149 0.0082922
2 11.7344 0 0 -0.0014028 0 -2.01148
3 8.81138 -0.000450134 -0.000112057 0.249143 0 0.000157041
4 5.77839 0.000286102 0 0.166926 0 0.00010638
5 2.23163 -0.000329018 -0.000363827 0.0822171 0 0
6 11.4725 0 0 -0.0120532 -0.71385 0.316634
7 0.615218 -0.993092 -0.8107 2.86877 0.397357 -0.310175
8 2.24752 0 0 0.071579 0.114087 -0.295502
9 1.11936 0 0 0.000850229 0.0785902 -1.14183
10 3.71348 -0.102642 0.102191 1.44717 0.805255 0.453677
11 1.72615 0 0 0.00043566 0.152128 -1.5215
12 1.21114 0 0 -0.00303755 0.0173727 -0.770564
13 3.59919 -1.06012 0.0708885 1.5386 0.23991 0.0797227
14 1.66069 0 0 0.0103178 0.0561241 -0.0408302
15 1.167 0 0 -0.00595467 0.00361551 -0.0873129
16 2.18852 0.50104 0.0576591 1.55893 0.123347 0.226068
17 1.29609 0 0 -0.203075 0.0749011 -0.697923
18 1.62202 0.000712395 -0.000471115 0.0360743 -0.00491089 -1.60563
19 1.22241 0 0 0.00725899 -0.00270846 -0.703282
20 1.76707 1.27612 0.0366411 1.52736 0.172031 0.124017
21 1.55588 0 0 -0.298752 0.180158 -0.613945
22 1.24274 0 0 -0.000523652 -0.000292258 -1.18846
23 0.784523 0 0 0.00666347 0.00160557 -0.545401
24 -3.90002 -2.48868 -10.3275 -0.000932693 0 -2.0944
25 6.02794 0 0 1.05795 0.553692 0.889392
26 11.7344 0 0 0.00140264 0 1.77457
27 8.81167 0 0 0.165832 0 0
28 5.77884 0 0 0.111107 0 0
29 2.23249 0 0 0.0547246 0 0
30 11.4725 0 0 0.371678 -0.544472 -0.422432
31 0.615812 0.994373 -0.809166 -2.33349 -0.058788 0.354101
32 2.24752 0 0 -0.147845 0.167965 0.249668
33 1.11936 0 0 0.00576727 0.230979 0.561069
34 3.71349 0.10264 0.10219 -1.63976 1.05893 -0.14268
35 1.72615 0 0 -0.000348823 -0.00751402 0.820914
36 1.21112 0 0 -0.000642722 0.0176245 0.560998
37 3.5992 1.06012 0.070888 -1.79107 0.949726 -0.232319
38 1.66069 0 0 -0.000809167 0.0246051 0.563986
39 1.16699 0 0 -0.0481883 0.0124898 1.0188
40 2.18853 -0.501041 0.0576587 -1.56538 0.0599518 -0.148251
41 1.29609 0 0 -0.0332071 -0.0330315 0.977079
42 1.62202 -0.000712395 -0.000469208 -0.0289206 -0.0197448 1.24969
43 1.22241 0 0 -0.00856304 -0.00584153 0.578649
44 1.76707 -1.27612 0.0366397 -1.56283 -0.0191449 -0.124939
45 1.55588 0 0 0.0289939 0.0149051 0.801504
46 1.24273 0 0 0.000564457 -0.000201829 1.02321
47 0.784532 0 0 -0.0093538 -0.00144817 0.883914
48 0 0 0 0 0 0
49 5.09738 -12.5742 -5.57372 -0.549667 -0.0896957 -0.1044
50 0 -1.70357 0.00508118 0 0 0
51 -0.00196075 3.96104 2.21118 0 0 0
52 0.641596 -0.666147 0.751661 0 0 0
53 0.786658 -3.45621 1.13628 0 0.198355 0
54 -0.70623 -4.69238 1.98618 -3.14159 -0.0872664 -3.14159
55 0.01333 1.02904 3.61174 0 0 0
56 0.0133295 -1.24399 2.23877 0 0 0
57 4.50115 -19.6623 -7.20655 -0.549925 -0.0894402 -0.104507
58 0.0129194 0.0367718 6.63004 0 0 0
time 120
0 7.96718 5.13272 -3.24532 0.000934124 0 -0.959925
1 6.02794 0 0 -0.276815 1.15306 0.0237849
2 11.7344 0 0 -0.00140282 0 -2.0092
3 8.81138 -0.000450134 -0.000111103 0.249124 0 0.000157582
4 5.77839 0.000286102 0 0.166913 0 0.000106767
5 2.23164 -0.000329018 -0.000364304 0.0822108 0 0
6 11.4725 0 0 0.00619837 -0.699577 0.297636
7 0.61522 -0.993092 -0.810699 2.86877 0.397357 -0.310175
8 2.24752 0 0 0.0715791 0.114087 -0.295502
9 1.11936 0 0 0.00085006 0.0785901 -1.14183
10 3.71348 -0.102642 0.102191 1.44717 0.805255 0.453677
11 1.72615 0 0 0.000435675 0.152128 -1.5215
12 1.21113 0 0 -0.00303749 0.0173727 -0.770565
13 3.59919 -1.06012 0.0708885 1.5386 0.23991 0.0797226
14 1.66069 0 0 0.0103177 0.056124 -0.0408305
15 1.167 0 0 -0.00595464 0.00361556 -0.0873127
16 2.18853 0.50104 0.0576591 1.55893 0.123347 0.226068
17 1.29609 0 0 -0.203075 0.0749011 -0.697922
18 1.62202 0.000715256 -0.000471115 0.0360743 -0.00491088 -1.60563
19 1.22241 0 0 0.00725899 -0.00270847 -0.703281
20 1.76707 1.27612 0.0366416 1.52736 0.172031 0.124017
21 1.55587 0 0 -0.298752 0.180158 -0.613945
22 1.24274 0 0 -0.000523646 -0.000292266 -1.18846
23 0.784524 0 0 0.00666347 0.00160558 -0.545402
24 -4.29077 -3.21219 -10.3275 -0.000932693 0 -2.0944
25 6.02794 0 0 1.09388 0.544899 0.942832
26 11.7344 0 0 0.00140264 0 1.74802
27 8.81167 0 0 0.347642 0 0
28 5.77884 0 0 0.23292 0 0
29 2.23249 0 0 0.114722 0 0
30 11.4725 0 0 0.415996 -0.404727 -0.244974
31 0.615813 0.994371 -0.809165 -2.33457 -0.0527946 0.350466
32 2.24752 0 0 -0.141351 0.169716 0.241998
33 1.11936 0 0 0 0.244003 0.5233
34 3.71349 0.102639 0.102191 -1.65676 0.972605 -0.155892
35 1.72615 0 0 0.000336752 -0.00980786 0.693495
36 1.21112 0 0 -0.00255451 0.0174501 0.452088
37 3.5992 1.06012 0.0708885 -1.78213 0.868218 -0.235036
38 1.66069 0 0 -0.00452398 0.0291072 0.448279
39 1.16699 0 0 -0.0414263 0.0131767 0.862347
40 2.18853 -0.50104 0.0576591 -1.56639 0.0510454 -0.154483
41 1.29609 0 0 -0.0322637 -0.0339536 0.948908
42 1.62202 -0.000714302 -0.000469208 -0.0260536 -0.0231428 1.14958
43 1.22241 0 0 -0.00892823 -0.00727688 0.532028
44 1.76707 -1.27612 0.0366411 -1.56326 -0.0199693 -0.135827
45 1.55587 0 0 0.0284544 0.015911 0.766492
46 1.24273 0 0 0.000578554 -0.000156806 0.944342
47 0.784531 0 0 -0.0102086 -0.000645145 0.809787
48 0 0 0 0 0 0
49 5.14182 -12.5912 -5.63608 -0.555479 -0.105404 -0.106824
50 0 -1.70357 0.00508118 0 0 0
51 -0.00195932 3.96104 2.21118 0 0 0
52 0.641596 -0.666147 0.751659 0 0 0
53 0.786658 -3.45621 1.13628 0 0.198355 0
54 -0.70623 -4.69238 1.98618 3.14159 -0.0872664 -3.14159
55 0.01333 1.02904 3.61174 0 0 0
56 0.0133305 -1.24399 2.23877 0 0 0
57 4.54856 -19.6895 -7.2253 -0.555734 -0.105149 -0.106933
58 0.0129199 0.0367718 6.63003 0 0 0
time 121
0 7.96718 5.13272 -3.24532 0.000934124 0 -0.959925
1 6.02794 0 0 -0.265064 1.15517 0.0443704
2 11.7344 0 0 -0.0014029 0 -2.00688
3 8.81138 -0.000450134 -0.000112057 0.243052 0 0.000157361
4 5.77839 0.000287056 0 0.162845 0 0.000106612
5 2.23164 -0.000329971 -0.000364304 0.0802073 0 0
6 11.4725 0 0 0.0198044 -0.681745 0.279083
7 0.615219 -0.993092 -0.8107 2.86877 0.397357 -0.310175
8 2.24752 0 0 0.0715791 0.114086 -0.295502
9 1.11936 0 0 0.000849903 0.0785901 -1.14183
10 3.71348 -0.102641 0.102191 1.44717 0.805255 0.453677
11 1.72615 0 0 0.000435622 0.152128 -1.5215
12 1.21114 0 0 -0.00303758 0.0173727 -0.770564
13 3.59919 -1.06012 0.0708885 1.5386 0.23991 0.0797226
14 1.66069 0 0 0.0103178 0.056124 -0.0408303
15 1.167 0 0 -0.00595467 0.00361558 -0.0873128
16 2.18852 0.50104 0.0576591 1.55893 0.123348 0.226068
17 1.29609 0 0 -0.203075 0.0749011 -0.697922
18 1.62202 0.000714302 -0.000471115 0.0360743 -0.00491089 -1.60563
19 1.22241 0 0 0.00725899 -0.00270846 -0.703281
20 1.76707 1.27612 0.0366411 1.52736 0.172031 0.124017
21 1.55588 0 0 -0.298752 0.180158 -0.613945
22 1.24274 0 0 -0.000523643 -0.000292255 -1.18846
23 0.784523 0 0 0.00666347 0.00160557 -0.545401
24 -4.63164 -3.84333 -10.3275 -0.000932693 0 -2.0944
25 6.02794 0 0 1.12351 0.530855 0.981672
26 11.7344 0 0 0.00140273 0 1.71749
27 8.81167 0 0 0.496838 0 0
28 5.77884 0 0 0.332882 0 0
29 2.23249 0 0 0.163957 0 0
30 11.4725 0 0 0.505527 -0.222757 -0.0995279
31 0.615813 0.994372 -0.809165 -2.33574 -0.0468815 0.347204
32 2.24752 0 0 -0.134634 0.169935 0.232211
33 1.11936 0 0 -0.00638896 0.254951 0.481312
34 3.71349 0.102639 0.10219 -1.66727 0.897098 -0.160167
35 1.72615 0 0 0.00113006 -0.0117409 0.576797
36 1.21112 0 0 -0.00425631 0.017115 0.35371
37 3.5992 1.06012 0.0708876 -1.77059 0.79894 -0.233999
38 1.66069 0 0 -0.00804269 0.0327874 0.34401
39 1.16699 0 0 -0.0357016 0.0139781 0.717818
40 2.18853 -0.50104 0.0576582 -1.56739 0.0410172 -0.161478
41 1.29609 0 0 -0.0311721 -0.0349583 0.917223
42 1.62202 -0.000713348 -0.000470161 -0.0225158 -0.0266012 1.03698
43 1.22241 0 0 -0.00928693 -0.00885725 0.479596
44 1.76707 -1.27612 0.0366402 -1.56373 -0.0208962 -0.148072
45 1.55588 0 0 0.027806 0.0170189 0.727114
46 1.24273 0 0 0.00059017 -0.000104945 0.855645
47 0.784531 0 0 -0.0111207 0.000162878 0.726418
48 0 0 0 0 0 0
49 5.20141 -12.6074 -5.72221 -0.559262 -0.119588 -0.11281
50 0 -1.70357 0.00508118 0 0 0
51 -0.00196028 3.96104 2.21118 0 0 0
52 0.641596 -0.666147 0.751661 0 0 0
53 0.786658 -3.45621 1.13628 0 0.198355 0
54 -0.70623 -4.69238 1.98618 3.14159 -0.0872663 -3.14159
55 0.01333 1.02904 3.61174 0 0 0
56 0.0133295 -1.24399 2.23877 0 0 0
57 4.58417 -19.7102 -7.28214 -0.559516 -0.119333 -0.112921
58 0.0129189 0.0367727 6.63003 0 0 0
time 122
0 7.96718 5.13272 -3.24532 0.000934124 0 -0.959925
1 6.02794 0 0 -0.250078 1.15763 0.0690072
2 11.7344 0 0 -0.00140289 0 -2.00439
3 8.81138 -0.000450134 -0.00011301 0.232391 0 0.000157213
4 5.77839 0.000286102 0 0.155702 0 0.000106467
5 2.23163 -0.000329971 -0.00036335 0.0766889 0 0
6 11.4725 0 0 0.0294624 -0.661216 0.260918
7 0.61522 -0.993091 -0.8107 2.86877 0.397357 -0.310175
8 2.24752 0 0 0.0715792 0.114087 -0.295502
9 1.11936 0 0 0.000849959 0.0785902 -1.14183
10 3.71348 -0.10264 0.10219 1.44717 0.805255 0.453677
11 1.72615 0 0 0.000435675 0.152128 -1.5215
12 1.21113 0 0 -0.00303757 0.0173727 -0.770565
13 3.59919 -1.06012 0.0708885 1.5386 0.23991 0.0797228
14 1.66069 0 0 0.0103178 0.056124 -0.0408304
15 1.167 0 0 -0.00595461 0.00361556 -0.0873128
16 2.18852 0.50104 0.0576591 1.55893 0.123347 0.226068
17 1.29609 0 0 -0.203075 0.074901 -0.697922
18 1.62202 0.000713348 -0.000471115 0.0360743 -0.00491089 -1.60563
19 1.22241 0 0 0.00725897 -0.00270845 -0.703282
20 1.76707 1.27612 0.0366406 1.52736 0.172031 0.124018
21 1.55588 0 0 -0.298752 0.180158 -0.613946
22 1.24274 0 0 -0.000523651 -0.000292258 -1.18846
23 0.784523 0 0 0.00666347 0.00160558 -0.545402
24 -4.87274 -4.28974 -10.3275 -0.000932693 0 -2.0944
25 6.02794 0 0 1.14233 0.513311 0.999661
26 11.7344 0 0 0.00140265 0 1.68628
27 8.81167 0 0 0.628296 0 0
28 5.77884 0 0 0.420959 0 0
29 2.23249 0 0 0.207338 0 0
30 11.4725 0 0 0.628071 -0.0213374 0.0101919
31 0.615813 0.994373 -0.809166 -2.33697 -0.041117 0.344297
32 2.24752 0 0 -0.128137 0.168053 0.220146
33 1.11936 0 0 -0.0134416 0.263338 0.436775
34 3.71349 0.102639 0.102192 -1.67254 0.843328 -0.15482
35 1.72615 0 0 0.00178503 -0.0132872 0.485072
36 1.21112 0 0 -0.00552931 0.016747 0.278538
37 3.5992 1.06012 0.0708885 -1.75767 0.752544 -0.226881
38 1.66069 0 0 -0.0107397 0.035814 0.264779
39 1.16699 0 0 -0.0310461 0.0150946 0.60225
40 2.18853 -0.50104 0.0576611 -1.56832 0.0301829 -0.169013
41 1.29609 0 0 -0.0299589 -0.0360033 0.883028
42 1.62202 -0.000713348 -0.000470161 -0.0183749 -0.0298635 0.915431
43 1.22241 0 0 -0.00961518 -0.0105193 0.42301
44 1.76707 -1.27612 0.0366421 -1.56424 -0.0218958 -0.161286
45 1.55588 0 0 0.0270579 0.0181849 0.684619
46 1.24273 0 0 0.000597585 0 0.759926
47 0.784529 0 0 -0.0120378 0.000927217 0.636447
48 0 0 0 0 0 0
49 5.2733 -12.6227 -5.8281 -0.561294 -0.132373 -0.121699
50 0 -1.70357 0.00508022 0 0 0
51 -0.0019598 3.96104 2.21118 0 0 0
52 0.641596 -0.666147 0.75166 0 0 0
53 0.786658 -3.45621 1.13628 0 0.198355 0
54 -0.70623 -4.69238 1.98618 -3.14159 -0.0872663 3.14159
55 0.0133295 1.02904 3.61174 0 0 0
56 0.01333 -1.24399 2.23877 0 0 0
57 4.61046 -19.725 -7.37116 -0.561546 -0.132118 -0.121809
58 0.0129194 0.0367718 6.63003 0 0 0
time 123
0 7.96718 5.13272 -3.24532 0.000934124 0 -0.959925
1 6.02794 0 0 -0.232598 1.16029 0.0966872
2 11.7344 0 0 -0.00140295 0 -2.00166
3 8.81139 -0.000450134 -0.000112534 0.218511 0 0.000157354
4 5.77839 0.000286102 0 0.146402 0 0.000106583
5 2.23164 -0.000329971 -0.00036478 0.0721086 0 0
6 11.4725 0 0 0.0358929 -0.638793 0.243088
7 0.615219 -0.993092 -0.8107 2.86877 0.397357 -0.310175
8 2.24752 0 0 0.0715791 0.114087 -0.295502
9 1.11936 0 0 0.000849978 0.0785901 -1.14183
10 3.71348 -0.102641 0.102191 1.44717 0.805255 0.453677
11 1.72615 0 0 0.000435713 0.152128 -1.5215
12 1.21114 0 0 -0.00303752 0.0173727 -0.770565
13 3.59919 -1.06012 0.0708885 1.5386 0.23991 0.0797227
14 1.66069 0 0 0.0103178 0.056124 -0.0408302
15 1.167 0 0 -0.00595464 0.00361551 -0.0873128
16 2.18852 0.50104 0.0576596 1.55893 0.123348 0.226068
17 1.29609 0 0 -0.203075 0.0749011 -0.697922
18 1.62202 0.000713348 -0.000471115 0.0360743 -0.00491089 -1.60563
19 1.22241 0 0 0.00725899 -0.00270847 -0.703282
20 1.76707 1.27612 0.0366411 1.52736 0.172031 0.124018
21 1.55588 0 0 -0.298752 0.180158 -0.613945
22 1.24274 0 0 -0.000523657 -0.000292257 -1.18846
23 0.784523 0 0 0.00666347 0.00160557 -0.545401
24 -4.9642 -4.45908 -10.3275 -0.000932693 0 -2.0944
25 6.02794 0 0 1.14676 0.493173 0.992302
26 11.7344 0 0 0.00140267 0 1.65529
27 8.81167 0 0 0.764095 0 0
28 5.77884 0 0 0.511944 0 0
29 2.23249 0 0 0.252151 0 0
30 11.4725 0 0 0.767122 0.175421 0.0936047
31 0.615813 0.994371 -0.809164 -2.33822 -0.0355692 0.341731
32 2.24752 0 0 -0.122303 0.163502 0.205645
33 1.11936 0 0 -0.02083 0.268732 0.391395
34 3.71349 0.102638 0.102192 -1.67235 0.810363 -0.13641
35 1.72615 0 0 0.00220413 -0.0148347 0.412251
36 1.21112 0 0 -0.00645557 0.0164124 0.222682
37 3.5992 1.06012 0.0708866 -1.74094 0.72887 -0.208896
38 1.66069 0 0 -0.0126385 0.039177 0.206748
39 1.16699 0 0 -0.0263565 0.0171558 0.506993
40 2.18853 -0.501041 0.0576591 -1.56911 0.01886 -0.176868
41 1.29609 0 0 -0.028655 -0.0370494 0.847326
42 1.62202 -0.000713348 -0.000470161 -0.0137599 -0.0327101 0.788509
43 1.22241 0 0 -0.0098952 -0.012203 0.363931
44 1.76707 -1.27612 0.0366402 -1.56477 -0.022938 -0.175083
45 1.55588 0 0 0.0262248 0.0193673 0.640251
46 1.24273 0 0 0.000599312 0 0.659995
47 0.784531 0 0 -0.0129102 0.00161282 0.542515
48 0 0 0 0 0 0
49 5.3547 -12.6365 -5.94975 -0.561853 -0.143881 -0.132828
50 0 -1.70357 0.00508118 0 0 0
51 -0.00195885 3.96104 2.21118 0 0 0
52 0.641597 -0.666148 0.751661 0 0 0
53 0.786659 -3.45621 1.13628 0 0.198355 0
54 -0.706229 -4.69238 1.98618 3.14159 -0.0872664 -3.14159
55 0.0133305 1.02904 3.61174 0 0 0
56 0.0133309 -1.24399 2.23877 0 0 0
57 4.62976 -19.7341 -7.48641 -0.562104 -0.143627 -0.132939
58 0.0129189 0.0367718 6.63003 0 0 0
time 124
0 7.96718 5.13272 -3.24532 0.000934124 0 -0.959925
1 6.02794 0 0 -0.213337 1.163 0.126431
2 11.7344 0 0 -0.00140271 0 -1.99863
3 8.81138 -0.000449181 -0.000111103 0.20268 0 0.000157362
4 5.77839 0.000287056 0 0.135795 0 0.000106362
5 2.23163 -0.000329018 -0.000362873 0.0668842 0 0
6 11.4725 0 0 0.0398042 -0.615246 0.225581
7 0.61522 -0.993092 -0.8107 2.86877 0.397357 -0.310175
8 2.24752 0 0 0.0715793 0.114086 -0.295502
9 1.11936 0 0 0.000850135 0.0785902 -1.14183
10 3.71348 -0.102641 0.102191 1.44717 0.805255 0.453677
11 1.72615 0 0 0.000435638 0.152128 -1.5215
12 1.21114 0 0 -0.00303757 0.0173727 -0.770565
13 3.59919 -1.06012 0.070888 1.5386 0.23991 0.0797228
14 1.66069 0 0 0.0103178 0.056124 -0.0408305
15 1.167 0 0 -0.00595461 0.00361555 -0.0873128
16 2.18852 0.50104 0.0576591 1.55893 0.123347 0.226068
17 1.29609 0 0 -0.203075 0.0749011 -0.697922
18 1.62202 0.000714302 -0.000470161 0.0360743 -0.00491088 -1.60563
19 1.22241 0 0 0.00725897 -0.00270848 -0.703281
20 1.76707 1.27612 0.0366411 1.52736 0.172031 0.124018
21 1.55588 0 0 -0.298752 0.180158 -0.613945
22 1.24274 0 0 -0.000523648 -0.00029226 -1.18846
23 0.784522 0 0 0.00666349 0.00160557 -0.545402
24 -4.9642 -4.45908 -10.2549 -0.000932693 0 -2.0944
25 6.02794 0 0 1.13591 0.475122 0.968836
26 11.7344 0 0 0.00140267 0 1.63212
27 8.81167 0 0 0.901163 0 0
28 5.77884 0 0 0.603779 0 0
29 2.23249 0 0 0.297384 0 0
30 11.4725 0 0 0.898163 0.345119 0.153958
31 0.615813 0.994372 -0.809166 -2.33946 -0.0303077 0.339491
32 2.24752 0 0 -0.117572 0.155714 0.188552
33 1.11936 0 0 -0.0283019 0.270763 0.346912
34 3.71349 0.102639 0.102192 -1.66801 0.7885 -0.105445
35 1.72615 0 0 0.00247753 -0.016644 0.343351
36 1.21112 0 0 -0.00725232 0.0160762 0.173655
37 3.5992 1.06012 0.0708885 -1.71868 0.718757 -0.179225
38 1.66069 0 0 -0.0141744 0.043443 0.156703
39 1.16699 0 0 -0.0208689 0.0202674 0.413351
40 2.18853 -0.50104 0.0576591 -1.56974 0.00736802 -0.184823
41 1.29609 0 0 -0.0272954 -0.0380621 0.811119
42 1.62202 -0.000712395 -0.000469208 -0.00885031 -0.0349793 0.659782
43 1.22241 0 0 -0.0101173 -0.0138528 0.30402
44 1.76707 -1.27612 0.0366421 -1.56531 -0.023993 -0.189074
45 1.55588 0 0 0.0253272 0.0205272 0.595258
46 1.24273 0 0 0.00059522 0 0.55866
47 0.784531 0 0 -0.0136957 0.00219991 0.447259
48 0 0 0 0 0 0
49 5.44276 -12.6486 -6.08316 -0.561218 -0.154238 -0.145536
50 0 -1.70357 0.00508118 0 0 0
51 -0.0019598 3.96104 2.21118 0 0 0
52 0.641595 -0.666147 0.751661 0 0 0
53 0.786658 -3.4562 1.13628 0 0.198355 0
54 -0.706229 -4.69238 1.98618 3.14159 -0.0872664 -3.14159
55 0.01333 1.02904 3.61174 0 0 0
56 0.01333 -1.24399 2.23877 0 0 0
57 4.64425 -19.7378 -7.62193 -0.561468 -0.153984 -0.145647
58 0.0129189 0.0367718 6.63004 0 0 0
time 125
0 7.96718 5.13272 -3.24532 0.000934124 0 -0.959925
1 6.02794 0 0 -0.192968 1.16564 0.157297
2 11.7344 0 0 -0.00140287 0 -1.99532
3 8.81138 -0.000449181 -0.000112534 0.186038 0 0.000157516
4 5.77839 0.000286102 0 0.124645 0 0.000106357
5 2.23164 -0.000329971 -0.000363827 0.0613925 0 0
6 11.4725 0 0 0.0418687 -0.591329 0.208439
7 0.615219 -0.993092 -0.8107 2.86877 0.397357 -0.310175
8 2.24752 0 0 0.0715792 0.114087 -0.295502
9 1.11936 0 0 0.000849937 0.0785903 -1.14183
10 3.71348 -0.10264 0.102191 1.44717 0.805255 0.453677
11 1.72615 0 0 0.00043566 0.152128 -1.5215
12 1.21113 0 0 -0.0030376 0.0173727 -0.770565
13 3.59919 -1.06012 0.0708885 1.5386 0.23991 0.0797226
14 1.66069 0 0 0.0103178 0.056124 -0.0408303
15 1.167 0 0 -0.00595467 0.00361552 -0.0873129
16 2.18853 0.50104 0.0576596 1.55893 0.123347 0.226068
17 1.29609 0 0 -0.203075 0.0749011 -0.697922
18 1.62202 0.000713348 -0.000472069 0.0360743 -0.00491088 -1.60563
19 1.22241 0 0 0.00725898 -0.00270847 -0.703281
20 1.76707 1.27612 0.0366411 1.52736 0.172031 0.124018
21 1.55588 0 0 -0.298752 0.180158 -0.613945
22 1.24274 0 0 -0.000523654 -0.000292255 -1.18846
23 0.784523 0 0 0.00666346 0.00160559 -0.545401
24 -4.9642 -4.45908 -10.0636 -0.000932693 0 -2.0944
25 6.02794 0 0 1.11162 0.461912 0.940656
26 11.7344 0 0 0.00140265 0 1.62252
27 8.81167 0 0 1.02129 0 0
28 5.77884 0 0 0.684262 0 0
29 2.23249 0 0 0.337024 0 0
30 11.4725 0 0 1.0029 0.47396 0.190186
31 0.615813 0.994372 -0.809164 -2.34066 -0.0254017 0.337564
32 2.24752 0 0 -0.113388 0.142172 0.164979
33 1.11936 0 0 -0.0371935 0.267675 0.295558
34 3.71349 0.10264 0.10219 -1.66101 0.775401 -0.0653871
35 1.72615 0 0 0.00262269 -0.0186082 0.279252
36 1.21112 0 0 -0.00792742 0.0157543 0.131234
37 3.5992 1.06012 0.0708866 -1.69202 0.71935 -0.140504
38 1.66069 0 0 -0.0153787 0.048356 0.114194
39 1.16699 0 0 -0.0149059 0.024068 0.323293
40 2.18853 -0.501041 0.0576572 -1.57017 -0.00397259 -0.192661
41 1.29609 0 0 -0.0259196 -0.0390117 0.775411
42 1.62202 -0.000713348 -0.000470161 -0.00386213 -0.0365843 0.532819
43 1.22241 0 0 -0.0102782 -0.0154197 0.244935
44 1.76707 -1.27612 0.0366383 -1.56587 -0.0250309 -0.202872
45 1.55588 0 0 0.0243918 0.0216304 0.550886
46 1.24273 0 0 0.000584907 0.000131437 0.458729
47 0.784531 0 0 -0.0143631 0.0026817 0.353322
48 0 0 0 0 0 0
49 5.53468 -12.6585 -6.22434 -0.559665 -0.163566 -0.159163
50 0 -1.70357 0.00508118 0 0 0
51 -0.0019598 3.96104 2.21118 0 0 0
52 0.641596 -0.666147 0.75166 0 0 0
53 0.786659 -3.45621 1.13628 0 0.198355 0
54 -0.70623 -4.69238 1.98618 3.14159 -0.0872664 -3.14159
55 0.01333 1.02904 3.61174 0 0 0
56 0.01333 -1.24399 2.23877 0 0 0
57 4.65597 -19.7364 -7.77174 -0.559914 -0.163312 -0.159274
58 0.0129199 0.0367737 6.63003 0 0 0
time 126
0 7.96718 5.13272 -3.24532 0.000934124 0 -0.959925
1 6.02794 0 0 -0.172114 1.16812 0.188387
2 11.7344 0 0 -0.0014028 0 -1.99177
3 8.81138 -0.000450134 -0.000111103 0.169597 0 0.00015711
4 5.77839 0.000285149 0 0.11363 0 0.000106009
5 2.23163 -0.000329971 -0.000362396 0.0559668 0 0
6 11.4725 0 0 0.0427164 -0.567794 0.191771
7 0.615218 -0.993093 -0.8107 2.86877 0.397357 -0.310175
8 2.24752 0 0 0.0715792 0.114086 -0.295502
9 1.11936 0 0 0.000850139 0.0785902 -1.14183
10 3.71348 -0.102641 0.102191 1.44717 0.805255 0.453677
11 1.72615 0 0 0.000435653 0.152128 -1.5215
12 1.21114 0 0 -0.00303758 0.0173727 -0.770565
13 3.59919 -1.06012 0.070888 1.5386 0.23991 0.0797226
14 1.66069 0 0 0.0103177 0.056124 -0.0408303
15 1.167 0 0 -0.0059547 0.00361554 -0.0873128
16 2.18852 0.50104 0.0576591 1.55893 0.123347 0.226068
17 1.29609 0 0 -0.203075 0.0749011 -0.697922
18 1.62202 0.000714302 -0.000471115 0.0360743 -0.00491088 -1.60563
19 1.22241 0 0 0.00725898 -0.00270847 -0.703281
20 1.76707 1.27612 0.0366406 1.52736 0.172031 0.124017
21 1.55588 0 0 -0.298752 0.180158 -0.613945
22 1.24273 0 0 -0.000523655 -0.000292256 -1.18846
23 0.784523 0 0 0.00666346 0.00160559 -0.545401
24 -4.9642 -4.45908 -9.79308 -0.000932693 0 -2.0944
25 6.02794 0 0 1.07396 0.450702 0.906856
26 11.7344 0 0 0.00140269 0 1.62384
27 8.81167 0 0 1.11543 0 0
28 5.77884 0 0 0.747339 0 0
29 2.23249 0 0 0.368093 0 0
30 11.4725 0 0 1.08493 0.554535 0.216741
31 0.615813 0.994373 -0.809164 -2.3418 -0.0209207 0.335936
32 2.24752 0 0 -0.109011 0.122378 0.133445
33 1.11936 0 0 -0.0482075 0.258786 0.232427
34 3.71349 0.10264 0.10219 -1.65223 0.768844 -0.0193164
35 1.72615 0 0 0.00265978 -0.0206252 0.220835
36 1.21112 0 0 -0.00848995 0.0154584 0.0951935
37 3.5992 1.06012 0.0708885 -1.66168 0.727918 -0.0952379
38 1.66069 0 0 -0.0162903 0.05364 0.0787744
39 1.16699 0 0 -0.00876986 0.0282276 0.238794
40 2.18853 -0.501041 0.0576572 -1.57042 -0.0148405 -0.200165
41 1.29609 0 0 -0.0245706 -0.0398748 0.741206
42 1.62202 -0.000713348 -0.000469685 0.000977401 -0.0375201 0.411196
43 1.22241 0 0 -0.0103822 -0.0168613 0.188338
44 1.76707 -1.27612 0.0366383 -1.56643 -0.026022 -0.216089
45 1.55588 0 0 0.0234507 0.0226473 0.508382
46 1.24273 0 0 0.000569654 0.000186797 0.363011
47 0.784531 0 0 -0.0148944 0.00306228 0.263343
48 0 0 0 0 0 0
49 5.62762 -12.666 -6.36928 -0.557473 -0.17199 -0.173047
50 0 -1.70357 0.00508022 0 0 0
51 -0.0019598 3.96104 2.21118 0 0 0
52 0.641596 -0.666148 0.75166 0 0 0
53 0.786658 -3.45621 1.13628 0 0.198355 0
54 -0.70623 -4.69238 1.98618 -3.14159 -0.0872663 3.14159
55 0.01333 1.02904 3.61174 0 0 0
56 0.0133295 -1.24399 2.23877 0 0 0
57 4.66679 -19.7304 -7.92987 -0.557721 -0.171736 -0.173158
58 0.0129189 0.0367718 6.63003 0 0 0
time 127
0 7.96718 5.13272 -3.24532 0.000934124 0 -0.959925
1 6.02794 0 0 -0.150795 1.1704 0.21944
2 11.7344 0 0 -0.00140275 0 -1.98855
3 8.81138 -0.000450134 -0.000112057 0.154374 0 0.000157399
4 5.77839 0.000286102 0 0.103431 0 0.000106252
5 2.23163 -0.000329971 -0.000364304 0.0509435 0 0
6 11.4725 0 0 0.042929 -0.545403 0.17599
7 0.61522 -0.993092 -0.810699 2.86877 0.397357 -0.310175
8 2.24752 0 0 0.0715792 0.114087 -0.295502
9 1.11936 0 0 0.000849941 0.0785901 -1.14183
10 3.71348 -0.102642 0.102192 1.44717 0.805255 0.453677
11 1.72615 0 0 0.000435668 0.152128 -1.5215
12 1.21113 0 0 -0.00303754 0.0173727 -0.770564
13 3.59919 -1.06012 0.0708885 1.5386 0.23991 0.0797227
14 1.66069 0 0 0.0103178 0.056124 -0.0408304
15 1.167 0 0 -0.00595461 0.00361561 -0.0873127
16 2.18852 0.50104 0.0576596 1.55893 0.123347 0.226068
17 1.29609 0 0 -0.203075 0.0749011 -0.697922
18 1.62202 0.000714302 -0.000471115 0.0360743 -0.00491089 -1.60563
19 1.22241 0 0 0.00725899 -0.00270846 -0.703281
20 1.76707 1.27612 0.0366411 1.52736 0.172031 0.124018
21 1.55588 0 0 -0.298752 0.180158 -0.613945
22 1.24274 0 0 -0.000523657 -0.000292257 -1.18846
23 0.784523 0 0 0.00666347 0.00160558 -0.545401
24 -4.9642 -4.45908 -9.483 -0.000932693 0 -2.0944
25 6.02794 0 0 1.02241 0.437812 0.866464
26 11.7344 0 0 0.00140272 0 1.63293
27 8.81167 0 0 1.20163 0 0
28 5.77884 0 0 0.805092 0 0
29 2.23249 0 0 0.396538 0 0
30 11.4725 0 0 1.16689 0.608499 0.254266
31 0.615812 0.994372 -0.809166 -2.34283 -0.0169353 0.334595
32 2.24752 0 0 -0.104629 0.0987984 0.0973983
33 1.11936 0 0 -0.0601445 0.245542 0.163526
34 3.71349 0.102639 0.102192 -1.64245 0.766808 0.0296971
35 1.72615 0 0 0.00261094 -0.022598 0.168981
36 1.21112 0 0 -0.008948 0.0151978 0.0653115
37 3.5992 1.06012 0.0708866 -1.62851 0.741871 -0.0460801
38 1.66069 0 0 -0.0169496 0.0590016 0.0500054
39 1.16699 0 0 -0.00275351 0.0324476 0.161833
40 2.18853 -0.50104 0.0576591 -1.57051 -0.0249143 -0.207119
41 1.29609 0 0 -0.0232948 -0.0406329 0.709507
42 1.62202 -0.000712395 -0.000470161 0.00545219 -0.0378591 0.298488
43 1.22241 0 0 -0.0104373 -0.0181432 0.13589
44 1.76707 -1.27612 0.0366402 -1.56699 -0.0269374 -0.228337
45 1.55588 0 0 0.0225408 0.0235531 0.468995
46 1.24273 0 0 0.000550823 0.000236495 0.274313
47 0.784533 0 0 -0.0152866 0.00335318 0.179962
48 0 0 0 0 0 0
49 5.71877 -12.6708 -6.51399 -0.554919 -0.179634 -0.186528
50 0 -1.70357 0.00508022 0 0 0
51 -0.00196028 3.96104 2.21118 0 0 0
52 0.641595 -0.666148 0.751659 0 0 0
53 0.786658 -3.45621 1.13628 0 0.198355 0
54 -0.70623 -4.69238 1.98618 -3.14159 -0.0872663 -3.14159
55 0.0133295 1.02904 3.61174 0 0 0
56 0.0133295 -1.24399 2.23877 0 0 0
57 4.67845 -19.7203 -8.09036 -0.555167 -0.179379 -0.186638
58 0.0129204 0.0367708 6.63003 0 0 0
time 128
0 7.96718 5.13272 -3.24532 0.000934124 0 -0.959925
1 6.02794 0 0 -0.130472 1.17236 0.248624
2 11.7344 0 0 -0.00140293 0 -1.98495
3 8.81138 -0.000449181 -0.000112534 0.140859 0 0.000157329
4 5.77839 0.000287056 0 0.0943752 0 0.00010603
5 2.23163 -0.000329018 -0.00036335 0.0464834 0 0
6 11.4725 0 0 0.0430459 -0.524929 0.160862
7 0.615219 -0.993093 -0.8107 2.86877 0.397357 -0.310175
8 2.24752 0 0 0.071579 0.114087 -0.295502
9 1.11936 0 0 0.00085009 0.0785902 -1.14183
10 3.71348 -0.102641 0.102191 1.44717 0.805255 0.453677
11 1.72615 0 0 0.00043566 0.152128 -1.5215
12 1.21113 0 0 -0.00303755 0.0173727 -0.770564
13 3.59919 -1.06012 0.0708885 1.5386 0.23991 0.0797229
14 1.66069 0 0 0.0103177 0.0561241 -0.0408303
15 1.167 0 0 -0.00595464 0.00361557 -0.0873128
16 2.18852 0.50104 0.0576591 1.55893 0.123348 0.226068
17 1.29609 0 0 -0.203075 0.0749011 -0.697922
18 1.62202 0.000711441 -0.000471115 0.0360743 -0.00491089 -1.60563
19 1.22241 0 0 0.00725897 -0.00270846 -0.703281
20 1.76707 1.27612 0.0366411 1.52736 0.172032 0.124018
21 1.55588 0 0 -0.298752 0.180158 -0.613945
22 1.24274 0 0 -0.000523646 -0.000292268 -1.18846
23 0.784523 0 0 0.00666347 0.00160558 -0.545401
24 -4.9642 -4.45908 -9.17292 -0.000932693 0 -2.0944
25 6.02795 0 0 0.956971 0.419056 0.819127
26 11.7344 0 0 0.00140278 0 1.64652
27 8.81167 0 0 1.29433 0 0
28 5.77884 0 0 0.867199 0 0
29 2.23249 0 0 0.427128 0 0
30 11.4725 0 0 1.26031 0.656274 0.303181
31 0.615813 0.994373 -0.809164 -2.34374 -0.0135157 0.333527
32 2.24752 0 0 -0.100452 0.0739108 0.0602705
33 1.11936 0 0 -0.071867 0.229671 0.0947371
34 3.71349 0.10264 0.102192 -1.63274 0.767554 0.0783865
35 1.72615 0 0 0.0025023 -0.024432 0.124574
36 1.21112 0 0 -0.0093093 0.0149793 0.041364
37 3.5992 1.06012 0.0708885 -1.59391 0.758815 0.00395527
38 1.66069 0 0 -0.0173991 0.0641322 0.0274485
39 1.16699 0 0 0.00285359 0.0364574 0.0943938
40 2.18853 -0.50104 0.0576611 -1.57047 -0.0338728 -0.213303
41 1.29609 0 0 -0.0221407 -0.041273 0.68132
42 1.62202 -0.000713348 -0.000470161 0.0093756 -0.0377372 0.19827
43 1.22241 0 0 -0.0104555 -0.0192376 0.0892519
44 1.76707 -1.27612 0.0366402 -1.56756 -0.0277486 -0.239228
45 1.55588 0 0 0.0217023 0.0243278 0.433971
46 1.24273 0 0 0.000530514 0.000279118 0.195445
47 0.784533 0 0 -0.0155504 0.00356867 0.105821
48 0 0 0 0 0 0
49 5.8053 -12.6723 -6.65445 -0.552282 -0.186621 -0.198944
50 0 -1.70357 0.00508022 0 0 0
51 -0.0019598 3.96104 2.21118 0 0 0
52 0.641596 -0.666147 0.75166 0 0 0
53 0.786658 -3.45621 1.13628 0 0.198355 0
54 -0.70623 -4.69238 1.98618 -3.14159 -0.0872664 3.14159
55 0.01333 1.02904 3.61174 0 0 0
56 0.0133295 -1.24399 2.23877 0 0 0
57 4.69258 -19.7071 -8.24725 -0.552529 -0.186366 -0.199054
58 0.0129194 0.0367708 6.63003 0 0 0
time 129
0 7.96718 5.13272 -3.24532 0.000934124 0 -0.959925
1 6.02794 0 0 -0.111119 1.17399 0.275708
2 11.7344 0 0 -0.00140273 0 -1.98153
3 8.81138 -0.000448227 -0.00011158 0.129821 0 0.000157025
4 5.77839 0.000287056 0 0.0869804 0 0.000105801
5 2.23163 -0.000328064 -0.000363827 0.042841 0 0
6 11.4725 0 0 0.0435713 -0.507156 0.146854
7 0.61522 -0.993092 -0.810699 2.86877 0.397357 -0.310175
8 2.24752 0 0 0.0715791 0.114086 -0.295502
9 1.11936 0 0 0.000849948 0.0785902 -1.14183
10 3.71348 -0.10264 0.102191 1.44717 0.805255 0.453677
11 1.72615 0 0 0.00043569 0.152128 -1.5215
12 1.21113 0 0 -0.00303764 0.0173727 -0.770564
13 3.59919 -1.06012 0.070888 1.5386 0.23991 0.0797226
14 1.66069 0 0 0.0103177 0.0561241 -0.0408304
15 1.167 0 0 -0.0059547 0.00361554 -0.0873127
16 2.18852 0.50104 0.0576587 1.55893 0.123347 0.226068
17 1.29609 0 0 -0.203075 0.0749011 -0.697923
18 1.62202 0.000714302 -0.000472069 0.0360743 -0.00491089 -1.60563
19 1.22241 0 0 0.00725898 -0.00270848 -0.703281
20 1.76707 1.27612 0.0366406 1.52736 0.172031 0.124017
21 1.55588 0 0 -0.298752 0.180158 -0.613945
22 1.24274 0 0 -0.000523645 -0.000292294 -1.18846
23 0.784524 0 0 0.00666347 0.00160558 -0.545401
24 -4.9642 -4.45908 -8.90242 -0.000932693 0 -2.0944
25 6.02794 0 0 0.87968 0.39059 0.766245
26 11.7344 0 0 0.00140272 0 1.66142
27 8.81167 0 0 1.38462 0 0
28 5.77884 0 0 0.927692 0 0
29 2.23249 0 0 0.456923 0 0
30 11.4725 0 0 1.35689 0.689259 0.354283
31 0.615811 0.994372 -0.809166 -2.34449 -0.0107327 0.33272
32 2.24752 0 0 -0.0967211 0.0502052 0.0254741
33 1.11936 0 0 -0.0823618 0.213207 0.0317629
34 3.71348 0.10264 0.10219 -1.62461 0.769684 0.123202
35 1.72615 0 0 0.00236239 -0.0260329 0.0884969
36 1.21112 0 0 -0.0095808 0.014807 0.0231274
37 3.5992 1.06012 0.0708885 -1.5601 0.776629 0.0513255
38 1.66069 0 0 -0.01768 0.0687112 0.010667
39 1.16699 0 0 0.00775767 0.0400066 0.0384689
40 2.18853 -0.50104 0.0576611 -1.57035 -0.0413963 -0.218498
41 1.29609 0 0 -0.0211579 -0.0417851 0.657649
42 1.62202 -0.000713348 -0.000470161 0.0125998 -0.0373324 0.114112
43 1.22241 0 0 -0.0104499 -0.0201229 0.0500854
44 1.76707 -1.27612 0.0366402 -1.56815 -0.0284277 -0.248375
45 1.55588 0 0 0.0209776 0.0249554 0.404558
46 1.24273 0 0 0.000510884 0.000313646 0.129214
47 0.784532 0 0 -0.0157082 0.00372279 0.0435603
48 0 0 0 0 0 0
49 5.88439 -12.6704 -6.78668 -0.549838 -0.193075 -0.209635
50 0 -1.70357 0.00508118 0 0 0
51 -0.00196028 3.96104 2.21118 0 0 0
52 0.641595 -0.666147 0.75166 0 0 0
53 0.786658 -3.4562 1.13628 0 0.198355 0
54 -0.70623 -4.69238 1.98618 -3.14159 -0.0872663 3.14159
55 0.013329 1.02904 3.61174 0 0 0
56 0.0133295 -1.24399 2.23877 0 0 0
57 4.71068 -19.6918 -8.39457 -0.550084 -0.19282 -0.209744
58 0.012918 0.0367727 6.63003 0 0 0
time 130
0 7.96718 5.13272 -3.24532 0.000934124 0 -0.959925
1 6.02794 0 0 -0.09309 1.17528 0.300034
2 11.7344 0 0 -0.0014027 0 -1.97852
3 8.81138 -0.000451088 -0.000111103 0.121832 0 0.00015753
4 5.77839 0.000286102 0 0.0816278 0 0.000106165
5 2.23163 -0.000329971 -0.000362873 0.0402047 0 0
6 11.4725 0 0 0.0449839 -0.492882 0.134248
7 0.61522 -0.993092 -0.810699 2.86877 0.397357 -0.310175
8 2.24752 0 0 0.0715791 0.114087 -0.295502
9 1.11936 0 0 0.000850173 0.0785902 -1.14183
10 3.71348 -0.102641 0.102191 1.44717 0.805255 0.453677
11 1.72615 0 0 0.000435683 0.152128 -1.5215
12 1.21113 0 0 -0.00303757 0.0173727 -0.770565
13 3.59919 -1.06012 0.0708885 1.5386 0.23991 0.0797226
14 1.66069 0 0 0.0103178 0.0561241 -0.0408305
15 1.167 0 0 -0.00595455 0.0036156 -0.0873127
16 2.18852 0.50104 0.0576601 1.55893 0.123347 0.226068
17 1.29609 0 0 -0.203075 0.0749011 -0.697922
18 1.62202 0.000714302 -0.000471115 0.0360743 -0.00491088 -1.60563
19 1.22241 0 0 0.00725899 -0.00270845 -0.703281
20 1.76707 1.27612 0.0366411 1.52736 0.172031 0.124018
21 1.55588 0 0 -0.298752 0.180158 -0.613945
22 1.24274 0 0 -0.000523665 -0.000292245 -1.18846
23 0.784523 0 0 0.00666348 0.00160557 -0.545401
24 -4.9642 -4.45908 -8.71109 -0.000932693 0 -2.0944
25 6.02794 0 0 0.79679 0.350936 0.712262
26 11.7344 0 0 0.00140267 0 1.67464
27 8.81167 0 0 1.46332 0 0
28 5.77884 0 0 0.980421 0 0
29 2.23249 0 0 0.482894 0 0
30 11.4725 0 0 1.44605 0.699007 0.400043
31 0.615812 0.994372 -0.809166 -2.34506 -0.00865686 0.33216
32 2.24752 0 0 -0.0937027 0.0301785 -0.00358922
33 1.11936 0 0 -0.0907641 0.198438 -0.0198776
34 3.71349 0.102639 0.102192 -1.62004 0.772149 0.160307
35 1.72615 0 0 0.00222215 -0.0273045 0.0616334
36 1.21112 0 0 -0.00976887 0.0146838 0.010378
37 3.5992 1.06012 0.0708885 -1.53018 0.793525 0.0918702
38 1.66069 0 0 -0.0178331 0.0724068 -0.000776048
39 1.16699 0 0 0.0116564 0.042855 -0.00394833
40 2.18853 -0.50104 0.0576591 -1.5702 -0.0471647 -0.222484
41 1.29609 0 0 -0.0203962 -0.042162 0.639497
42 1.62202 -0.000713348 -0.000470161 0.0150128 -0.0368393 0.0495829
43 1.22241 0 0 -0.0104334 -0.0207801 0.0200522
44 1.76707 -1.27612 0.0366402 -1.56876 -0.0289469 -0.255388
45 1.55588 0 0 0.0204095 0.0254221 0.382004
46 1.24273 0 0 0.000494328 0.000339149 0.0784293
47 0.784531 0 0 -0.0157888 0.00382687 -0.00418079
48 0 0 0 0 0 0
49 5.95322 -12.6646 -6.90668 -0.547866 -0.19912 -0.217938
50 0 -1.70357 0.00508022 0 0 0
51 -0.00196075 3.96104 2.21118 0 0 0
52 0.641596 -0.666149 0.75166 0 0 0
53 0.786658 -3.45621 1.13628 0 0.198355 0
54 -0.70623 -4.69238 1.98618 3.14159 -0.0872664 3.14159
55 0.01333 1.02904 3.61174 0 0 0
56 0.01333 -1.24399 2.23877 0 0 0
57 4.73414 -19.6756 -8.52639 -0.548112 -0.198865 -0.218047
58 0.0129194 0.0367718 6.63004 0 0 0
time 131
0 7.96718 5.13272 -3.24532 0.000934124 0 -0.959925
1 6.02794 0 0 -0.0767055 1.17621 0.320981
2 11.7344 0 0 -0.0014029 0 -1.97612
3 8.81139 -0.000450134 -0.000113487 0.117428 0 0.000157193
4 5.77839 0.000286102 0 0.0786767 0 0.000105882
5 2.23164 -0.000329971 -0.000364304 0.0387512 0 0
6 11.4725 0 0 0.0477524 -0.482906 0.12334
7 0.61522 -0.993092 -0.8107 2.86877 0.397357 -0.310175
8 2.24752 0 0 0.0715792 0.114087 -0.295502
9 1.11936 0 0 0.000850075 0.0785901 -1.14183
10 3.71348 -0.102642 0.102191 1.44717 0.805255 0.453677
11 1.72615 0 0 0.00043566 0.152128 -1.5215
12 1.21114 0 0 -0.00303749 0.0173727 -0.770565
13 3.59919 -1.06012 0.0708885 1.5386 0.23991 0.0797227
14 1.66069 0 0 0.0103178 0.0561241 -0.0408304
15 1.167 0 0 -0.00595461 0.00361552 -0.0873128
16 2.18852 0.50104 0.0576591 1.55893 0.123347 0.226068
17 1.29609 0 0 -0.203075 0.0749011 -0.697922
18 1.62202 0.000712395 -0.000471115 0.0360743 -0.00491088 -1.60563
19 1.22241 0 0 0.00725898 -0.00270846 -0.703281
20 1.76707 1.27612 0.0366402 1.52736 0.172031 0.124018
21 1.55588 0 0 -0.298752 0.180158 -0.613945
22 1.24274 0 0 -0.000523641 -0.000292274 -1.18846
23 0.784523 0 0 0.00666348 0.00160557 -0.545401
24 -4.9642 -4.45908 -8.63852 -0.000932693 0 -2.0944
25 6.02794 0 0 0.72034 0.30421 0.665082
26 11.7344 0 0 0.00140259 0 1.68337
27 8.81167 0 0 1.5226 0 0
28 5.77884 0 0 1.02014 0 0
29 2.23249 0 0 0.502458 0 0
30 11.4725 0 0 1.51543 0.681515 0.434618
31 0.615812 0.994372 -0.809164 -2.34543 -0.00735907 0.331835
32 2.24752 0 0 -0.0916819 0.0163308 -0.0235216
33 1.11936 0 0 -0.0963297 0.187801 -0.054796
34 3.71349 0.102639 0.10219 -1.62139 0.774168 0.185641
35 1.72615 0 0 0.00211406 -0.0281466 0.0448676
36 1.21112 0 0 -0.00987857 0.0146102 0.00289217
37 3.5992 1.06012 0.0708885 -1.50814 0.808015 0.120843
38 1.66069 0 0 -0.0178972 0.074879 -0.0073186
39 1.16699 0 0 0.0142361 0.044759 -0.0308614
40 2.18853 -0.50104 0.0576611 -1.57008 -0.0508592 -0.225038
41 1.29609 0 0 -0.0199048 -0.0423961 0.627869
42 1.62202 -0.000712395 -0.000469208 0.0165264 -0.0364418 0.00824986
43 1.22241 0 0 -0.0104176 -0.0211911 0.000813929
44 1.76707 -1.27612 0.036644 -1.56939 -0.0292787 -0.259881
45 1.55587 0 0 0.0200402 0.0257142 0.367556
46 1.24273 0 0 0.000483026 0.000355082 0.0458991
47 0.784533 0 0 -0.0158218 0.00388803 -0.0347615
48 0 0 0 0 0 0
49 6.00897 -12.6546 -7.01043 -0.546643 -0.20488 -0.223194
50 0 -1.70357 0.00508118 0 0 0
51 -0.00196028 3.96104 2.21118 0 0 0
52 0.641596 -0.666148 0.751661 0 0 0
53 0.786659 -3.45621 1.13628 0 0.198355 0
54 -0.706229 -4.69238 1.98618 3.14159 -0.0872664 -3.14159
55 0.01333 1.02904 3.61174 0 0 0
56 0.01333 -1.24399 2.23877 0 0 0
57 4.76432 -19.6595 -8.63675 -0.546888 -0.204625 -0.223302
58 0.0129189 0.0367718 6.63004 0 0 0
time 132
0 7.96718 5.13272 -3.24532 0.000934124 0 -0.959925
1 6.02794 0 0 -0.0622673 1.17677 0.337939
2 11.7344 0 0 -0.0014029 0 -1.97458
3 8.81138 -0.000449181 -0.000112057 0.117153 0 0.000157376
4 5.77839 0.000286102 0 0.0784923 0 0.000105931
5 2.23163 -0.000329971 -0.00036335 0.0386604 0 0
6 11.4725 0 0 0.0523448 -0.478027 0.11442
7 0.61522 -0.993092 -0.810699 2.86877 0.397357 -0.310175
8 2.24752 0 0 0.0715791 0.114086 -0.295503
9 1.11936 0 0 0.000850143 0.0785902 -1.14183
10 3.71348 -0.102642 0.102191 1.44717 0.805255 0.453677
11 1.72615 0 0 0.000435638 0.152128 -1.5215
12 1.21113 0 0 -0.00303752 0.0173727 -0.770565
13 3.59919 -1.06012 0.0708885 1.5386 0.23991 0.0797226
14 1.66069 0 0 0.0103177 0.056124 -0.0408303
15 1.167 0 0 -0.00595464 0.00361554 -0.0873127
16 2.18852 0.50104 0.0576591 1.55893 0.123347 0.226068
17 1.29609 0 0 -0.203075 0.074901 -0.697923
18 1.62202 0.000713348 -0.000472069 0.0360743 -0.0049109 -1.60563
19 1.22241 0 0 0.007259 -0.00270848 -0.703281
20 1.76707 1.27612 0.0366411 1.52736 0.172031 0.124017
21 1.55588 0 0 -0.298752 0.180158 -0.613945
22 1.24274 0 0 -0.000523641 -0.000292247 -1.18846
23 0.784524 0 0 0.00666349 0.00160557 -0.545401
24 -4.9642 -4.45908 -8.63852 -0.000932693 0 -2.0944
25 6.02794 0 0 0.662352 0.266231 0.631773
26 11.7344 0 0 0.00140266 0 1.68746
27 8.81167 0 0 1.55 0 0
28 5.77884 0 0 1.0385 0 0
29 2.23249 0 0 0.5115 0 0
30 11.4725 0 0 1.54768 0.637764 0.45251
31 0.615813 0.994372 -0.809164 -2.34555 -0.00691088 0.33173
32 2.24752 0 0 -0.0909466 0.0111604 -0.0309224
33 1.11936 0 0 -0.0983526 0.183736 -0.0676375
34 3.71349 0.102639 0.102192 -1.63121 0.775029 0.195017
35 1.72615 0 0 0.00207056 -0.0284524 0.0390827
36 1.21112 0 0 -0.00991425 0.0145859 0.000446749
37 3.5992 1.06012 0.0708866 -1.4985 0.818743 0.133096
38 1.66069 0 0 -0.0179103 0.075781 -0.00940105
39 1.16699 0 0 0.0151707 0.0454569 -0.0402751
40 2.18853 -0.501041 0.0576591 -1.57004 -0.0521617 -0.225938
41 1.29609 0 0 -0.0197309 -0.0424773 0.62377
42 1.62202 -0.000713348 -0.000470161 0.0170533 -0.0362868 -0.0063203
43 1.22241 0 0 -0.0104111 -0.0213342 -0.00596814
44 1.76707 -1.27612 0.0366383 -1.57004 -0.0293955 -0.261465
45 1.55588 0 0 0.0199089 0.025816 0.362463
46 1.24273 0 0 0.000478905 0.000360531 0.0344314
47 0.784531 0 0 -0.0158299 0.0039086 -0.0455418
48 0 0 0 0 0 0
49 6.04881 -12.6401 -7.09395 -0.546448 -0.210479 -0.224741
50 0 -1.70357 0.00508022 0 0 0
51 -0.00196075 3.96104 2.21118 0 0 0
52 0.641595 -0.666148 0.751659 0 0 0
53 0.786657 -3.45621 1.13628 0 0.198355 0
54 -0.706231 -4.69238 1.98618 3.14159 -0.0872664 -3.14159
55 0.013329 1.02904 3.61174 0 0 0
56 0.0133295 -1.24399 2.23877 0 0 0
57 4.80256 -19.6448 -8.71972 -0.546692 -0.210223 -0.224849
58 0.0129194 0.0367718 6.63003 0 0 0
time 133
0 7.96718 5.13272 -3.24532 0.000934124 0 -0.959925
1 6.02794 0 0 -0.0503322 1.17698 0.35017
2 11.7344 0 0 -0.00140293 0 -1.97391
3 8.81138 -0.000449181 -0.000112057 0.119249 0 0.00015744
4 5.77839 0.000287056 0 0.0798968 0 0.000106056
5 2.23164 -0.000329018 -0.000364304 0.0393523 0 0
6 11.4725 0 0 0.057313 -0.47787 0.107679
7 0.615218 -0.993091 -0.8107 2.86877 0.397357 -0.310175
8 2.24752 0 0 0.0715791 0.114087 -0.295502
9 1.11936 0 0 0.000849993 0.0785901 -1.14183
10 3.71348 -0.102641 0.102192 1.44717 0.805255 0.453677
11 1.72615 0 0 0.000435705 0.152128 -1.5215
12 1.21114 0 0 -0.00303753 0.0173726 -0.770564
13 3.59919 -1.06012 0.070888 1.5386 0.23991 0.0797227
14 1.66069 0 0 0.0103178 0.056124 -0.0408305
15 1.167 0 0 -0.00595464 0.00361548 -0.0873129
16 2.18852 0.50104 0.0576591 1.55893 0.123347 0.226068
17 1.29609 0 0 -0.203075 0.0749012 -0.697922
18 1.62202 0.000714302 -0.000471115 0.0360743 -0.00491091 -1.60563
19 1.22241 0 0 0.00725899 -0.00270847 -0.703282
20 1.76707 1.27612 0.0366416 1.52736 0.172031 0.124018
21 1.55588 0 0 -0.298752 0.180158 -0.613945
22 1.24274 0 0 -0.000523641 -0.000292274 -1.18846
23 0.784523 0 0 0.00666344 0.0016056 -0.545401
24 -4.9642 -4.45908 -8.63852 -0.000932693 0 -2.0944
25 6.02794 0 0 0.62417 0.243144 0.611521
26 11.7344 0 0 0.00140269 0 1.68952
27 8.81167 0 0 1.55505 0 0
28 5.77884 0 0 1.04188 0 0
29 2.23249 0 0 0.513166 0 0
30 11.4725 0 0 1.55387 0.591014 0.458647
31 0.615812 0.994372 -0.809166 -2.34555 -0.00691086 0.33173
32 2.24752 0 0 -0.0909467 0.0111604 -0.0309224
33 1.11936 0 0 -0.0983523 0.183736 -0.0676375
34 3.71349 0.102639 0.10219 -1.6353 0.801212 0.195483
35 1.72615 0 0 0.00143975 -0.028502 0.0610581
36 1.21112 0 0 -0.00959668 0.0147968 0.0220599
37 3.5992 1.06012 0.0708885 -1.49534 0.846255 0.136927
38 1.66069 0 0 -0.0163215 0.0761457 0.0115352
39 1.16699 0 0 0.0160867 0.0451572 -0.0201687
40 2.18853 -0.50104 0.0576591 -1.57012 -0.0511252 -0.225665
41 1.29609 0 0 -0.0197309 -0.0424773 0.62377
42 1.62202 -0.000712395 -0.000470161 0.0170533 -0.0362868 -0.0063206
43 1.22241 0 0 -0.0104111 -0.0213342 -0.00596802
44 1.76707 -1.27612 0.0366402 -1.57071 -0.0279506 -0.261182
45 1.55588 0 0 0.0199089 0.025816 0.362463
46 1.24273 0 0 0.000478973 0.000360578 0.0344314
47 0.784533 0 0 -0.0158299 0.00390866 -0.0455417
48 0 0 0 0 0 0
49 6.06993 -12.6206 -7.15324 -0.547286 -0.214761 -0.223677
50 0 -1.70357 0.00508118 0 0 0
51 -0.00195885 3.96104 2.21118 0 0 0
52 0.641597 -0.666148 0.751659 0 0 0
53 0.750529 -3.45621 1.13628 0 0.0991775 0
54 -0.706229 -4.69238 1.98618 3.14159 -0.0872664 -3.14159
55 0.0133305 1.02904 3.61174 0 0 0
56 0.01333 -2.98984 2.23877 0 0 0
57 4.83636 -19.6293 -8.77168 -0.54753 -0.214505 -0.223786
58 0.0131502 -0.403524 7.10409 -0.239247 0 0
time 134
0 7.96718 5.13272 -3.24532 0.000934124 0 -0.959925
1 6.02794 0 0 -0.03816 1.17688 0.360423
2 11.7344 0 0 -0.00140277 0 -1.97433
3 8.81138 -0.000450134 -0.000112057 0.122447 0 0.000156758
4 5.77839 0.000286102 0 0.0820395 0 0.000105624
5 2.23164 -0.000329971 -0.00036335 0.0404074 0 0
6 11.4725 0 0 0.061927 -0.481218 0.102762
7 0.615219 -0.993092 -0.8107 2.86877 0.397357 -0.310175
8 2.24752 0 0 0.0715792 0.114087 -0.295503
9 1.11936 0 0 0.000849941 0.0785901 -1.14183
10 3.71348 -0.102642 0.10219 1.44717 0.805255 0.453677
11 1.72615 0 0 0.00043566 0.152128 -1.5215
12 1.21113 0 0 -0.00303751 0.0173727 -0.770565
13 3.59919 -1.06012 0.0708885 1.5386 0.23991 0.0797226
14 1.66069 0 0 0.0103178 0.056124 -0.0408302
15 1.167 0 0 -0.00595467 0.00361556 -0.0873129
16 2.18852 0.50104 0.0576596 1.55893 0.123347 0.226068
17 1.29609 0 0 -0.203075 0.074901 -0.697922
18 1.62202 0.000713348 -0.000471115 0.0360743 -0.00491087 -1.60563
19 1.22241 0 0 0.00725898 -0.00270846 -0.703282
20 1.76707 1.27612 0.0366411 1.52736 0.172031 0.124017
21 1.55588 0 0 -0.298752 0.180158 -0.613945
22 1.24273 0 0 -0.000523644 -0.000292257 -1.18846
23 0.784524 0 0 0.00666349 0.00160553 -0.545401
24 -4.9642 -4.45908 -8.63852 -0.000932693 0 -2.0944
25 6.02794 0 0 0.603315 0.231047 0.601294
26 11.7344 0 0 0.00140267 0 1.69206
27 8.81167 0 0 1.55672 0 0
28 5.77884 0 0 1.043 0 0
29 2.23249 0 0 0.513717 0 0
30 11.4725 0 0 1.55593 0.565411 0.46151
31 0.615813 0.994372 -0.809164 -2.34555 -0.00691081 0.33173
32 2.24752 0 0 -0.0909467 0.0111603 -0.0309224
33 1.11936 0 0 -0.0983525 0.183736 -0.0676375
34 3.71349 0.102639 0.102192 -1.63487 0.831676 0.189933
35 1.72615 0 0 0.000452849 -0.028524 0.0958628
36 1.21112 0 0 -0.00907078 0.0151249 0.0572078
37 3.5992 1.06012 0.0708885 -1.49405 0.871601 0.139042
38 1.66069 0 0 -0.0138629 0.0766232 0.0437517
39 1.16699 0 0 0.0175591 0.0445893 0.0127768
40 2.18853 -0.50104 0.0576591 -1.57035 -0.0481604 -0.224882
41 1.29609 0 0 -0.0197309 -0.0424773 0.62377
42 1.62202 -0.000713348 -0.000469208 0.0170533 -0.0362868 -0.00632047
43 1.2224 0 0 -0.0104111 -0.0213342 -0.00596817
44 1.76707 -1.27612 0.0366421 -1.57136 -0.023817 -0.260371
45 1.55588 0 0 0.019909 0.025816 0.362463
46 1.24273 0 0 0.000478959 0.000360605 0.0344314
47 0.784532 0 0 -0.0158298 0.00390861 -0.0455418
48 0 0 0 0 0 0
49 6.07446 -12.5896 -7.19964 -0.548354 -0.217754 -0.221545
50 0 -1.70357 0.00508118 0 0 0
51 -0.00195932 3.96104 2.21118 0 0 0
52 0.641596 -0.666149 0.751659 0 0 0
53 0.714398 -3.45621 1.13628 0 0 0
54 -0.706229 -4.69238 1.98618 3.14159 -0.0872664 -3.14159
55 0.0133309 1.02904 3.61174 0 0 0
56 0.0133309 -4.73569 2.23877 0 0 0
57 4.85857 -19.6034 -8.80962 -0.548598 -0.217498 -0.221654
58 0.0133286 -2.20708 7.34991 0 0 0
time 135
0 7.96718 5.13272 -3.24532 0.000934124 0 -0.959925
1 6.02794 0 0 -0.0263238 1.17665 0.369642
2 11.7344 0 0 -0.0014029 0 -1.9757
3 8.81138 -0.000449181 -0.00011158 0.127853 0 0.000157236
4 5.77839 0.000287056 0 0.0856614 0 0.000105973
5 2.23163 -0.000329018 -0.000363827 0.0421915 0 0
6 11.4725 0 0 0.0673337 -0.485818 0.100087
7 0.615219 -0.993093 -0.8107 2.86877 0.397357 -0.310175
8 2.24752 0 0 0.0715792 0.114087 -0.295502
9 1.11936 0 0 0.000850131 0.0785902 -1.14183
10 3.71348 -0.102642 0.102191 1.44717 0.805255 0.453677
11 1.72615 0 0 0.00043569 0.152128 -1.5215
12 1.21113 0 0 -0.00303761 0.0173727 -0.770564
13 3.59919 -1.06012 0.0708876 1.5386 0.23991 0.0797227
14 1.66069 0 0 0.0103177 0.0561241 -0.0408304
15 1.167 0 0 -0.00595467 0.0036155 -0.0873128
16 2.18853 0.501039 0.0576591 1.55893 0.123347 0.226068
17 1.29609 0 0 -0.203075 0.0749011 -0.697922
18 1.62202 0.000712395 -0.000471115 0.0360743 -0.0049109 -1.60563
19 1.22241 0 0 0.00725898 -0.00270849 -0.703281
20 1.76707 1.27612 0.0366402 1.52736 0.172031 0.124018
21 1.55588 0 0 -0.298752 0.180158 -0.613945
22 1.24273 0 0 -0.000523642 -0.000292266 -1.18846
23 0.784525 0 0 0.0066635 0.00160558 -0.545401
24 -4.9642 -4.45908 -8.63852 -0.000932693 0 -2.0944
25 6.02794 0 0 0.594243 0.234692 0.595328
26 11.7344 0 0 0.00140272 0 1.69568
27 8.81167 0 0 1.54034 0 0
28 5.77884 0 0 1.03203 0 0
29 2.23249 0 0 0.508312 0 0
30 11.4725 0 0 1.53885 0.546993 0.443711
31 0.615813 0.994372 -0.809166 -2.34555 -0.00691085 0.33173
32 2.24752 0 0 -0.0909466 0.0111603 -0.0309224
33 1.11936 0 0 -0.0983526 0.183736 -0.0676375
34 3.71349 0.10264 0.102192 -1.64582 0.816063 0.165292
35 1.72615 0 0 -0.000144744 -0.028448 0.118127
36 1.21112 0 0 -0.00869264 0.0153453 0.0820342
37 3.5992 1.06012 0.0708885 -1.50125 0.849353 0.132265
38 1.66069 0 0 -0.0124684 0.0768092 0.0619463
39 1.16699 0 0 0.0185799 0.0440546 0.0366656
40 2.18853 -0.50104 0.0576611 -1.57071 -0.0434841 -0.223649
41 1.29609 0 0 -0.0197309 -0.0424772 0.623771
42 1.62202 -0.000713348 -0.000470161 0.0170533 -0.0362868 -0.00632047
43 1.22241 0 0 -0.0104111 -0.0213342 -0.00596811
44 1.76707 -1.27612 0.0366421 -1.572 -0.0172973 -0.259094
45 1.55588 0 0 0.0199089 0.025816 0.362463
46 1.24273 0 0 0.000478913 0.000360579 0.0344315
47 0.784532 0 0 -0.0158299 0.00390863 -0.0455417
48 0 0 0 0 0 0
49 6.07156 -12.5551 -7.23781 -0.548712 -0.221355 -0.218354
50 0 -1.70357 0.00508022 0 0 0
51 -0.00195932 3.96104 2.21118 0 0 0
52 0.641596 -0.666147 0.75166 0 0 0
53 0.714398 -3.45621 1.13628 0 0 0
54 -0.70623 -4.69238 1.98618 3.14159 -0.0872664 -3.14159
55 0.01333 1.02904 3.61174 0 0 0
56 0.01333 -4.73568 2.23877 0 0 0
57 4.88304 -19.5744 -8.84402 -0.548955 -0.2211 -0.218464
58 0.013329 -2.20708 7.34991 0 0 0
time 136
0 7.96718 5.13272 -3.24532 0.000934124 0 -0.959925
1 6.02794 0 0 -0.0205661 1.17657 0.374598
2 11.7344 0 0 -0.00140274 0 -1.97772
3 8.81138 -0.000449181 -0.000112534 0.136844 0 0.00015721
4 5.77839 0.000287056 0 0.0916854 0 0.000105981
5 2.23163 -0.000329018 -0.000364304 0.0451585 0 0
6 11.4725 0 0 0.0743449 -0.488135 0.10167
7 0.61522 -0.99309 -0.8107 2.86877 0.397357 -0.310175
8 2.24752 0 0 0.0715792 0.114086 -0.295502
9 1.11936 0 0 0.00085012 0.0785901 -1.14183
10 3.71348 -0.102639 0.102191 1.44717 0.805255 0.453677
11 1.72615 0 0 0.000435668 0.152128 -1.5215
12 1.21114 0 0 -0.00303757 0.0173727 -0.770565
13 3.59919 -1.06012 0.0708876 1.5386 0.23991 0.0797226
14 1.66069 0 0 0.0103177 0.056124 -0.0408304
15 1.167 0 0 -0.00595464 0.00361551 -0.0873127
16 2.18852 0.50104 0.0576587 1.55893 0.123348 0.226068
17 1.29609 0 0 -0.203075 0.0749011 -0.697922
18 1.62202 0.000713348 -0.000471115 0.0360743 -0.00491087 -1.60563
19 1.22241 0 0 0.00725897 -0.00270846 -0.703281
20 1.76707 1.27612 0.0366411 1.52736 0.172031 0.124018
21 1.55587 0 0 -0.298752 0.180158 -0.613945
22 1.24273 0 0 -0.000523667 -0.000292282 -1.18846
23 0.784523 0 0 0.00666349 0.00160557 -0.545401
24 -4.9642 -4.45908 -8.63852 -0.000932693 0 -2.0944
25 6.02794 0 0 0.590472 0.253297 0.588313
26 11.7344 0 0 0.00140272 0 1.69856
27 8.81167 0 0 1.50162 0 0
28 5.77884 0 0 1.00609 0 0
29 2.23249 0 0 0.495535 0 0
30 11.4725 0 0 1.49847 0.520675 0.399636
31 0.615813 0.994373 -0.809166 -2.34371 -0.00947464 0.333404
32 2.24752 0 0 -0.0909388 0.011225 -0.0302136
33 1.11936 0 0 -0.0984656 0.183676 -0.0682575
34 3.71349 0.10264 0.10219 -1.66 0.758351 0.124167
35 1.72615 0 0 -0.000547263 -0.0282981 0.134617
36 1.21112 0 0 -0.00836636 0.0155256 0.103169
37 3.5992 1.06012 0.0708885 -1.51509 0.781977 0.118299
38 1.66069 0 0 -0.0116512 0.0768415 0.0725903
39 1.16699 0 0 0.0194319 0.043468 0.0576585
40 2.18853 -0.50104 0.0576591 -1.57117 -0.0373128 -0.222022
41 1.29609 0 0 -0.0190669 -0.0427793 0.60819
42 1.62202 -0.000713348 -0.000469208 0.0168426 -0.0363123 -0.000492069
43 1.22241 0 0 -0.0104783 -0.0211921 0.00305971
44 1.76707 -1.27612 0.0366402 -1.57262 -0.00869333 -0.257408
45 1.55587 0 0 0.0197995 0.0259 0.358232
46 1.24273 0 0 0.000480383 0.00035867 0.0384346
47 0.784532 0 0 -0.0157828 0.00384166 -0.0431642
48 0 0 0 0 0 0
49 6.06888 -12.5388 -7.25367 -0.547419 -0.227464 -0.214112
50 0 -1.70357 0.00508118 0 0 0
51 -0.00196028 3.96104 2.21118 0 0 0
52 0.641596 -0.666147 0.751659 0 0 0
53 0.714396 -3.45621 1.13628 0 0 0
54 -0.70623 -4.69238 1.98618 3.14159 -0.0872664 -3.14159
55 0.0133295 1.02904 3.61174 0 0 0
56 0.01333 -4.73568 2.23877 0 0 0
57 4.92222 -19.5635 -8.8666 -0.547662 -0.227208 -0.214221
58 0.013329 -2.20708 7.34991 0 0 0
time 137
0 7.96718 5.13272 -3.24532 0.000934124 0 -0.959925
1 6.02794 0 0 -0.0245977 1.17683 0.373023
2 11.7344 0 0 -0.00140292 0 -1.98098
3 8.81138 -0.000450134 -0.000112534 0.152281 0 0.000157527
4 5.77839 0.000286102 0 0.102028 0 0.0001063
5 2.23164 -0.000329971 -0.000364304 0.0502526 0 0
6 11.4725 0 0 0.08474 -0.486605 0.109921
7 0.615219 -0.993092 -0.8107 2.86877 0.397357 -0.310175
8 2.24752 0 0 0.0715791 0.114087 -0.295502
9 1.11936 0 0 0.000850057 0.07859 -1.14183
10 3.71348 -0.102641 0.102191 1.44717 0.805255 0.453677
11 1.72615 0 0 0.000435668 0.152128 -1.5215
12 1.21114 0 0 -0.00303757 0.0173727 -0.770565
13 3.59919 -1.06012 0.0708876 1.5386 0.23991 0.0797227
14 1.66069 0 0 0.0103179 0.0561241 -0.0408303
15 1.167 0 0 -0.00595464 0.00361552 -0.0873128
16 2.18852 0.50104 0.0576591 1.55893 0.123347 0.226068
17 1.29609 0 0 -0.203075 0.074901 -0.697922
18 1.62202 0.000712395 -0.000472069 0.0360743 -0.00491085 -1.60563
19 1.22241 0 0 0.007259 -0.00270847 -0.703282
20 1.76707 1.27612 0.0366411 1.52736 0.172031 0.124018
21 1.55587 0 0 -0.298752 0.180158 -0.613945
22 1.24273 0 0 -0.000523671 -0.000292249 -1.18846
23 0.784523 0 0 0.0066635 0.00160556 -0.545401
24 -4.9642 -4.45908 -8.63852 -0.000932693 0 -2.0944
25 6.02794 0 0 0.586769 0.278531 0.57929
26 11.7344 0 0 0.00140267 0 1.69715
27 8.81167 0 0 1.45561 0 0
28 5.77884 0 0 0.97526 0 0
29 2.23249 0 0 0.480352 0 0
30 11.4725 0 0 1.45122 0.480617 0.348673
31 0.615813 0.994372 -0.809166 -2.33924 -0.0160373 0.338421
32 2.24752 0 0 -0.0909193 0.0113819 -0.0284925
33 1.11936 0 0 -0.0987405 0.183529 -0.0697629
34 3.71349 0.102639 0.10219 -1.66749 0.668007 0.0781501
35 1.72615 0 0 -0.000802932 -0.0280911 0.146853
36 1.21112 0 0 -0.00807562 0.0156788 0.121802
37 3.5992 1.06012 0.0708866 -1.53037 0.680651 0.101725
38 1.66069 0 0 -0.0112785 0.0767652 0.0774485
39 1.16699 0 0 0.0201678 0.0428302 0.0767797
40 2.18853 -0.501041 0.0576611 -1.57169 -0.0298635 -0.220059
41 1.29609 0 0 -0.0172756 -0.0435332 0.566676
42 1.62202 -0.000714302 -0.000470161 0.0162592 -0.0363762 0.0155637
43 1.22241 0 0 -0.0106591 -0.0207916 0.0279299
44 1.76707 -1.27612 0.0366402 -1.57321 0.00169239 -0.255374
45 1.55588 0 0 0.0195177 0.026113 0.347395
46 1.24273 0 0 0.000484277 0.000353308 0.0494633
47 0.784531 0 0 -0.0156525 0.00365701 -0.0366145
48 0 0 0 0 0 0
49 6.0691 -12.5511 -7.23215 -0.543778 -0.238262 -0.207782
50 0 -1.70357 0.00508213 0 0 0
51 -0.0019598 3.96104 2.21118 0 0 0
52 0.641595 -0.666148 0.751661 0 0 0
53 0.714396 -3.45621 1.13628 0 0 0
54 -0.70623 -4.69238 1.98618 -3.14159 -0.0872663 3.14159
55 0.01333 1.02904 3.61174 0 0 0
56 0.0133295 -4.73569 2.23877 0 0 0
57 4.99118 -19.5819 -8.86611 -0.544019 -0.238006 -0.20789
58 0.01333 -2.20708 7.34991 0 0 0
time 138
0 7.96718 5.13272 -3.24532 0.000934124 0 -0.959925
1 6.02794 0 0 -0.0348464 1.17724 0.366797
2 11.7344 0 0 -0.00140272 0 -1.98471
3 8.81139 -0.000450134 -0.000112534 0.170516 0 0.000157461
4 5.77839 0.000286102 0 0.114246 0 0.000106398
5 2.23164 -0.000329971 -0.000364304 0.0562702 0 0
6 11.4725 0 0 0.0963105 -0.483393 0.122174
7 0.615219 -0.993092 -0.8107 2.86877 0.397357 -0.310175
8 2.24752 0 0 0.0715793 0.114087 -0.295502
9 1.11936 0 0 0.000850199 0.0785901 -1.14183
10 3.71348 -0.102641 0.102191 1.44717 0.805255 0.453677
11 1.72615 0 0 0.000435698 0.152128 -1.5215
12 1.21114 0 0 -0.00303749 0.0173727 -0.770564
13 3.59919 -1.06012 0.070888 1.5386 0.23991 0.0797226
14 1.66069 0 0 0.0103178 0.0561241 -0.0408304
15 1.167 0 0 -0.00595458 0.00361559 -0.0873129
16 2.18853 0.50104 0.0576596 1.55893 0.123347 0.226068
17 1.29609 0 0 -0.203075 0.0749011 -0.697922
18 1.62202 0.000714302 -0.000471115 0.0360743 -0.00491091 -1.60563
19 1.22241 0 0 0.00725896 -0.00270846 -0.703281
20 1.76707 1.27612 0.0366406 1.52736 0.172032 0.124018
21 1.55588 0 0 -0.298752 0.180158 -0.613945
22 1.24274 0 0 -0.000523692 -0.000292245 -1.18846
23 0.784522 0 0 0.00666349 0.00160554 -0.545402
24 -4.9642 -4.45908 -8.63852 -0.000932693 0 -2.0944
25 6.02794 0 0 0.581955 0.306272 0.569052
26 11.7344 0 0 0.00140272 0 1.6918
27 8.81167 0 0 1.41464 0 0
28 5.77884 0 0 0.947812 0 0
29 2.23249 0 0 0.466833 0 0
30 11.4725 0 0 1.41013 0.432766 0.302035
31 0.615814 0.994373 -0.809164 -2.33381 -0.0249208 0.346767
32 2.24752 0 0 -0.0908949 0.0115759 -0.0263663
33 1.11936 0 0 -0.0990797 0.183348 -0.0716226
34 3.71349 0.102639 0.102192 -1.66269 0.555361 0.0347339
35 1.72615 0 0 -0.000959822 -0.0278398 0.156358
36 1.21112 0 0 -0.00780285 0.0158163 0.139123
37 3.5992 1.06012 0.0708885 -1.54357 0.556653 0.0854104
38 1.66069 0 0 -0.0112154 0.0766138 0.0782869
39 1.16699 0 0 0.0208383 0.0421376 0.095053
40 2.18853 -0.50104 0.0576611 -1.57226 -0.0213528 -0.217817
41 1.29609 0 0 -0.0146524 -0.0444842 0.507067
42 1.62202 -0.000713348 -0.000470161 0.0153743 -0.0364545 0.0397038
43 1.22241 0 0 -0.0109179 -0.0201652 0.065321
44 1.76707 -1.27612 0.0366421 -1.57378 0.0135572 -0.253048
45 1.55588 0 0 0.0191331 0.0263961 0.332741
46 1.24273 0 0 0.000490059 0.000345255 0.0660445
47 0.784532 0 0 -0.0154554 0.00337912 -0.026767
48 0 0 0 0 0 0
49 6.06955 -12.5817 -7.18832 -0.5388 -0.250934 -0.200398
50 0 -1.70357 0.00508022 0 0 0
51 -0.00195885 3.96104 2.21118 0 0 0
52 0.641597 -0.666148 0.751659 0 0 0
53 0.714397 -3.45621 1.13628 0 0 0
54 -0.706229 -4.69238 1.98618 3.14159 -0.0872664 -3.14159
55 0.01333 1.02904 3.61174 0 0 0
56 0.0133305 -4.73568 2.23877 0 0 0
57 5.07411 -19.6178 -8.85136 -0.53904 -0.250677 -0.200505
58 0.01333 -2.20708 7.34991 0 0 0
time 139
0 7.96718 5.13272 -3.24532 0.000934124 0 -0.959925
1 6.02794 0 0 -0.0459323 1.17754 0.359199
2 11.7344 0 0 -0.00140275 0 -1.98653
3 8.81138 -0.000451088 -0.000112057 0.183304 0 0.00015761
4 5.77839 0.000287056 0 0.122814 0 0.000106443
5 2.23163 -0.000329018 -0.000363827 0.0604904 0 0
6 11.4725 0 0 0.103869 -0.480398 0.132705
7 0.61522 -0.993093 -0.810699 2.86877 0.397357 -0.310175
8 2.24752 0 0 0.0715792 0.114087 -0.295502
9 1.11936 0 0 0.000850053 0.0785902 -1.14183
10 3.71348 -0.10264 0.102191 1.44717 0.805255 0.453677
11 1.72615 0 0 0.000435653 0.152128 -1.5215
12 1.21114 0 0 -0.00303761 0.0173727 -0.770564
13 3.59919 -1.06012 0.0708885 1.5386 0.23991 0.0797228
14 1.66069 0 0 0.0103177 0.056124 -0.0408305
15 1.167 0 0 -0.00595459 0.00361563 -0.0873127
16 2.18852 0.50104 0.0576591 1.55893 0.123347 0.226068
17 1.29609 0 0 -0.203075 0.0749011 -0.697922
18 1.62202 0.000714302 -0.000471115 0.0360743 -0.00491085 -1.60563
19 1.22241 0 0 0.00725902 -0.00270849 -0.703282
20 1.76707 1.27612 0.0366411 1.52736 0.172031 0.124018
21 1.55588 0 0 -0.298752 0.180158 -0.613945
22 1.24273 0 0 -0.000523651 -0.000292253 -1.18846
23 0.784523 0 0 0.0066635 0.00160556 -0.545401
24 -4.9642 -4.45908 -8.63852 -0.000932693 0 -2.0944
25 6.02794 0 0 0.576048 0.334348 0.557473
26 11.7344 0 0 0.00140268 0 1.68571
27 8.81167 0 0 1.38634 0 0
28 5.77884 0 0 0.928851 0 0
29 2.23249 0 0 0.457494 0 0
30 11.4725 0 0 1.38236 0.387117 0.264244
31 0.615812 0.994372 -0.809164 -2.32909 -0.0344649 0.358451
32 2.24752 0 0 -0.0908724 0.0117509 -0.0244426
33 1.11936 0 0 -0.0993865 0.183183 -0.073305
34 3.71349 0.10264 0.102192 -1.64514 0.431529 -0.00315941
35 1.72615 0 0 -0.0010664 -0.0275544 0.164654
36 1.21112 0 0 -0.00752967 0.0159481 0.156324
37 3.5992 1.06012 0.0708904 -1.5531 0.421363 0.0704117
38 1.66069 0 0 -0.0113258 0.0764144 0.0768712
39 1.16699 0 0 0.0214927 0.0413831 0.113502
40 2.18853 -0.50104 0.0576591 -1.57283 -0.0119979 -0.215353
41 1.29609 0 0 -0.0115123 -0.0453977 0.437201
42 1.62202 -0.000711441 -0.000469208 0.0142592 -0.0365219 0.0697847
43 1.22241 0 0 -0.0112169 -0.0193445 0.111912
44 1.76707 -1.27612 0.0366402 -1.5743 0.0265989 -0.250489
45 1.55588 0 0 0.0187169 0.0266928 0.317061
46 1.24273 0 0 0.000497091 0.000335069 0.086706
47 0.784531 0 0 -0.0152076 0.00303224 -0.0144961
48 0 0 0 0 0 0
49 6.06993 -12.6206 -7.15324 -0.534109 -0.259887 -0.195074
50 0 -1.70357 0.00508118 0 0 0
51 -0.00196075 3.96104 2.21118 0 0 0
52 0.641596 -0.666148 0.751661 0 0 0
53 0.714397 -3.45621 1.13628 0 0 0
54 -0.70623 -4.69238 1.98618 -3.14159 -0.0872663 -3.14159
55 0.0133295 1.02904 3.61174 0 0 0
56 0.013329 -4.73569 2.23877 0 0 0
57 5.13651 -19.6585 -8.84454 -0.534348 -0.25963 -0.195181
58 0.0133295 -2.20708 7.34991 0 0 0
time 140
0 7.96718 5.13272 -3.24532 0.000934124 0 -0.959925
1 6.02794 0 0 -0.0545621 1.17766 0.352553
2 11.7344 0 0 -0.00140271 0 -1.98513
3 8.81138 -0.000449181 -0.000112534 0.184647 0 0.000157083
4 5.77839 0.000287056 0 0.123713 0 0.000106045
5 2.23163 -0.000328064 -0.000364304 0.0609334 0 0
6 11.4725 0 0 0.104047 -0.47777 0.136299
7 0.61522 -0.993092 -0.8107 2.86877 0.397357 -0.310175
8 2.24752 0 0 0.0715794 0.114086 -0.295502
9 1.11936 0 0 0.000850004 0.0785901 -1.14183
10 3.71348 -0.102641 0.102191 1.44717 0.805255 0.453677
11 1.72615 0 0 0.000435653 0.152128 -1.5215
12 1.21113 0 0 -0.00303748 0.0173726 -0.770564
13 3.59919 -1.06012 0.0708876 1.5386 0.23991 0.0797228
14 1.66069 0 0 0.0103178 0.056124 -0.0408303
15 1.167 0 0 -0.00595461 0.00361555 -0.0873126
16 2.18852 0.501039 0.0576587 1.55893 0.123347 0.226068
17 1.29609 0 0 -0.203075 0.0749011 -0.697923
18 1.62202 0.000712395 -0.000472069 0.0360743 -0.00491089 -1.60563
19 1.22241 0 0 0.00725896 -0.00270848 -0.703281
20 1.76707 1.27612 0.0366392 1.52736 0.172031 0.124017
21 1.55588 0 0 -0.298752 0.180158 -0.613946
22 1.24273 0 0 -0.000523613 -0.000292282 -1.18846
23 0.784523 0 0 0.00666346 0.00160555 -0.545401
24 -4.9642 -4.45908 -8.63852 -0.000932693 0 -2.0944
25 6.02794 0 0 0.569005 0.359503 0.543031
26 11.7344 0 0 0.00140268 0 1.68384
27 8.81167 0 0 1.37404 0 0
28 5.77884 0 0 0.920606 0 0
29 2.23249 0 0 0.453433 0 0
30 11.4725 0 0 1.37079 0.349649 0.238052
31 0.615813 0.994372 -0.809164 -2.32678 -0.0430227 0.373521
32 2.24752 0 0 -0.0908592 0.0118525 -0.0233289
33 1.11936 0 0 -0.0995638 0.183088 -0.074279
34 3.71349 0.102639 0.102192 -1.6178 0.308032 -0.0351999
35 1.72615 0 0 -0.00117053 -0.027243 0.173261
36 1.21112 0 0 -0.00723716 0.0160831 0.174593
37 3.5992 1.06012 0.0708885 -1.5587 0.286213 0.0568294
38 1.66069 0 0 -0.0114741 0.0761939 0.0749667
39 1.16699 0 0 0.0221788 0.0405566 0.133152
40 2.18853 -0.50104 0.0576591 -1.57339 -0.00201579 -0.212723
41 1.29609 0 0 -0.00820503 -0.0461098 0.364923
42 1.62202 -0.000713348 -0.000469685 0.0129879 -0.0365572 0.103663
43 1.22241 0 0 -0.0115201 -0.0183684 0.164383
44 1.76707 -1.27612 0.0366402 -1.57479 0.0405147 -0.247755
45 1.55587 0 0 0.0183436 0.0269507 0.303141
46 1.24273 0 0 0.00050477 0.000323401 0.109976
47 0.784532 0 0 -0.0149258 0.00264079 -0.000676479
48 0 0 0 0 0 0
49 6.07039 -12.6567 -7.14005 -0.532065 -0.261293 -0.194612
50 0 -1.70357 0.00508118 0 0 0
51 -0.0019598 3.96104 2.21118 0 0 0
52 0.641596 -0.666149 0.751659 0 0 0
53 0.714396 -3.45621 1.13628 0 0 0
54 -0.70623 -4.69238 1.98618 3.14159 -0.0872664 -3.14159
55 0.0133295 1.02904 3.61174 0 0 0
56 0.013329 -4.73568 2.23877 0 0 0
57 5.14692 -19.6927 -8.84471 -0.532305 -0.261035 -0.194718
58 0.0133295 -2.20708 7.34991 0 0 0
time 141
0 7.96718 5.13272 -3.24532 0.000934124 0 -0.959925
1 6.02794 0 0 -0.0617557 1.17767 0.34636
2 11.7344 0 0 -0.00140282 0 -1.98097
3 8.81138 -0.000450134 -0.00011158 0.175445 0 0.000157185
4 5.77839 0.000287056 0 0.117548 0 0.000106194
5 2.23163 -0.000329971 -0.000364304 0.0578968 0 0
6 11.4725 0 0 0.0976576 -0.474651 0.133076
7 0.615218 -0.993092 -0.810701 2.86877 0.397357 -0.310175
8 2.24752 0 0 0.0715791 0.114087 -0.295503
9 1.11936 0 0 0.000849907 0.0785901 -1.14183
10 3.71348 -0.102641 0.10219 1.44717 0.805255 0.453677
11 1.72615 0 0 0.00043566 0.152128 -1.5215
12 1.21114 0 0 -0.00303751 0.0173727 -0.770564
13 3.59919 -1.06012 0.070888 1.5386 0.23991 0.0797227
14 1.66069 0 0 0.0103178 0.056124 -0.0408305
15 1.167 0 0 -0.00595461 0.00361556 -0.0873127
16 2.18852 0.50104 0.0576587 1.55893 0.123348 0.226068
17 1.29609 0 0 -0.203075 0.0749011 -0.697922
18 1.62202 0.000713348 -0.000472069 0.0360743 -0.0049109 -1.60563
19 1.22241 0 0 0.00725899 -0.00270849 -0.703281
20 1.76707 1.27612 0.0366406 1.52736 0.172031 0.124018
21 1.55588 0 0 -0.298752 0.180158 -0.613945
22 1.24274 0 0 -0.000523639 -0.000292263 -1.18846
23 0.784524 0 0 0.0066635 0.00160556 -0.545401
24 -4.9642 -4.45908 -8.63852 -0.000932693 0 -2.0944
25 6.02794 0 0 0.561557 0.378564 0.526215
26 11.7344 0 0 0.00140268 0 1.68712
27 8.81167 0 0 1.37556 0 0
28 5.77884 0 0 0.921623 0 0
29 2.23249 0 0 0.453934 0 0
30 11.4725 0 0 1.37295 0.317649 0.217351
31 0.615813 0.994372 -0.809168 -2.32858 -0.048952 0.392063
32 2.24752 0 0 -0.0908629 0.0118249 -0.0236326
33 1.11936 0 0 -0.0995154 0.183114 -0.0740133
34 3.71349 0.102639 0.102188 -1.58554 0.19649 -0.061801
35 1.72615 0 0 -0.00132061 -0.0269128 0.183701
36 1.21112 0 0 -0.00690546 0.0162282 0.195123
37 3.5992 1.06012 0.0708847 -1.56083 0.162647 0.0445389
38 1.66069 0 0 -0.0115242 0.075979 0.0743393
39 1.16699 0 0 0.0229424 0.039644 0.155025
40 2.18853 -0.50104 0.0576572 -1.57392 0.00837666 -0.209983
41 1.29609 0 0 -0.00510785 -0.0465545 0.298076
42 1.62202 -0.000713348 -0.000470161 0.0116386 -0.0365475 0.139195
43 1.22241 0 0 -0.011797 -0.0172878 0.219413
44 1.76707 -1.27612 0.0366383 -1.57525 0.055002 -0.244902
45 1.55588 0 0 0.0180903 0.0271213 0.293772
46 1.24273 0 0 0.000512512 0.000310983 0.134382
47 0.784531 0 0 -0.014627 0.00222928 0.0138179
48 0 0 0 0 0 0
49 6.0712 -12.689 -7.13996 -0.533138 -0.255927 -0.198952
50 0 -1.70357 0.00507927 0 0 0
51 -0.00195932 3.96104 2.21118 0 0 0
52 0.641595 -0.666147 0.751659 0 0 0
53 0.714397 -3.45621 1.13628 0 0 0
54 -0.70623 -4.69238 1.98618 3.14159 -0.0872663 -3.14159
55 0.01333 1.02904 3.61174 0 0 0
56 0.01333 -4.73568 2.23877 0 0 0
57 5.10596 -19.7205 -8.83969 -0.533378 -0.25567 -0.199058
58 0.0133295 -2.20708 7.34991 0 0 0
time 142
0 7.96718 5.13272 -3.24532 0.000934124 0 -0.959925
1 6.02794 0 0 -0.0684362 1.17757 0.339887
2 11.7344 0 0 -0.00140273 0 -1.97446
3 8.81138 -0.000450134 -0.000112057 0.157983 0 0.000157405
4 5.77839 0.000286102 0 0.105849 0 0.000106171
5 2.23164 -0.000329971 -0.000364304 0.0521345 0 0
6 11.4725 0 0 0.085745 -0.471348 0.125257
7 0.615219 -0.993091 -0.8107 2.86877 0.397357 -0.310175
8 2.24752 0 0 0.0715792 0.114087 -0.295502
9 1.11936 0 0 0.000850038 0.0785901 -1.14183
10 3.71348 -0.102641 0.102191 1.44717 0.805255 0.453677
11 1.72615 0 0 0.000435683 0.152128 -1.5215
12 1.21114 0 0 -0.00303752 0.0173727 -0.770565
13 3.59919 -1.06012 0.070888 1.5386 0.23991 0.0797227
14 1.66069 0 0 0.0103178 0.0561241 -0.0408303
15 1.167 0 0 -0.00595467 0.00361555 -0.0873128
16 2.18852 0.50104 0.0576582 1.55893 0.123347 0.226068
17 1.29609 0 0 -0.203075 0.074901 -0.697922
18 1.62202 0.000713348 -0.000471115 0.0360743 -0.00491093 -1.60563
19 1.22241 0 0 0.00725899 -0.00270847 -0.703282
20 1.76707 1.27612 0.0366402 1.52736 0.172031 0.124017
21 1.55588 0 0 -0.298752 0.180158 -0.613945
22 1.24274 0 0 -0.000523649 -0.00029227 -1.18846
23 0.784524 0 0 0.00666349 0.00160553 -0.545402
24 -4.9642 -4.45908 -8.63852 -0.000932693 0 -2.0944
25 6.02794 0 0 0.554608 0.390405 0.508385
26 11.7344 0 0 0.00140264 0 1.69604
27 8.81167 0 0 1.38811 0 0
28 5.77884 0 0 0.930035 0 0
29 2.23249 0 0 0.458077 0 0
30 11.4725 0 0 1.38565 0.287757 0.189489
31 0.615813 0.994372 -0.809164 -2.33614 -0.0506007 0.414197
32 2.24752 0 0 -0.0908899 0.0116128 -0.0259612
33 1.11936 0 0 -0.0991445 0.183313 -0.0719769
34 3.71349 0.102639 0.10219 -1.55423 0.108437 -0.0830474
35 1.72615 0 0 -0.0015644 -0.0265685 0.197497
36 1.21112 0 0 -0.00651437 0.0163891 0.219103
37 3.5992 1.06012 0.0708885 -1.56051 0.0620873 0.0336234
38 1.66069 0 0 -0.0113401 0.0757969 0.0767544
39 1.16699 0 0 0.0238265 0.0386277 0.180144
40 2.18853 -0.501041 0.0576591 -1.5744 0.0189622 -0.20719
41 1.29609 0 0 -0.0026088 -0.046761 0.244509
42 1.62202 -0.000711441 -0.000469685 0.0102936 -0.0364904 0.174237
43 1.22241 0 0 -0.0120258 -0.0161673 0.273683
44 1.76707 -1.27612 0.0366421 -1.5757 0.0697581 -0.241987
45 1.55588 0 0 0.0180352 0.027158 0.291743
46 1.24273 0 0 0.000519854 0.00029855 0.158451
47 0.784532 0 0 -0.0143291 0.00182244 0.0281122
48 0 0 0 0 0 0
49 6.07216 -12.7226 -7.1511 -0.536114 -0.245097 -0.20692
50 0 -1.70357 0.00508118 0 0 0
51 -0.00195885 3.96104 2.21118 0 0 0
52 0.641596 -0.666147 0.75166 0 0 0
53 0.714398 -3.45621 1.13628 0 0 0
54 -0.70623 -4.69238 1.98618 -3.14159 -0.0872663 -3.14159
55 0.0133305 1.02904 3.61174 0 0 0
56 0.0133305 -4.73568 2.23877 0 0 0
57 5.02682 -19.7465 -8.83507 -0.536355 -0.24484 -0.207027
58 0.0133295 -2.20708 7.34991 0 0 0
time 143
0 7.96718 5.13272 -3.24532 0.000934124 0 -0.959925
1 6.02794 0 0 -0.0755387 1.17738 0.332375
2 11.7344 0 0 -0.00140281 0 -1.96596
3 8.81138 -0.000451088 -0.000113487 0.134516 0 0.000157124
4 5.77839 0.000286102 0 0.0901256 0 0.000106021
5 2.23163 -0.000329018 -0.00036478 0.0443902 0 0
6 11.4725 0 0 0.0693665 -0.468186 0.115092
7 0.615219 -0.993092 -0.8107 2.86877 0.397357 -0.310175
8 2.24752 0 0 0.0715791 0.114087 -0.295502
9 1.11936 0 0 0.000850191 0.07859 -1.14183
10 3.71348 -0.102641 0.102191 1.44717 0.805255 0.453677
11 1.72615 0 0 0.00043563 0.152128 -1.5215
12 1.21113 0 0 -0.00303754 0.0173727 -0.770564
13 3.59919 -1.06012 0.0708876 1.5386 0.23991 0.0797227
14 1.66069 0 0 0.0103178 0.0561241 -0.0408304
15 1.167 0 0 -0.00595455 0.00361556 -0.0873127
16 2.18852 0.50104 0.0576582 1.55893 0.123348 0.226068
17 1.29609 0 0 -0.203075 0.0749011 -0.697923
18 1.62202 0.000712395 -0.000470161 0.0360743 -0.00491088 -1.60563
19 1.22241 0 0 0.00725897 -0.00270845 -0.703281
20 1.76707 1.27612 0.0366402 1.52736 0.172031 0.124018
21 1.55588 0 0 -0.298752 0.180158 -0.613945
22 1.24273 0 0 -0.000523654 -0.000292255 -1.18846
23 0.784523 0 0 0.00666348 0.00160559 -0.545402
24 -4.9642 -4.45908 -8.63852 -0.000932693 0 -2.0944
25 6.02794 0 0 0.549628 0.393424 0.492348
26 11.7344 0 0 0.00140273 0 1.70905
27 8.81167 0 0 1.41193 0 0
28 5.77884 0 0 0.945991 0 0
29 2.23249 0 0 0.465936 0 0
30 11.4725 0 0 1.40948 0.258371 0.153219
31 0.615813 0.994372 -0.809166 -2.35102 -0.0462915 0.440045
32 2.24752 0 0 -0.0909467 0.0111604 -0.0309224
33 1.11936 0 0 -0.0983524 0.183736 -0.0676374
34 3.71349 0.102639 0.102188 -1.53029 0.0552528 -0.0982682
35 1.72615 0 0 -0.00194957 -0.0262119 0.216169
36 1.21112 0 0 -0.00604274 0.0165688 0.247723
37 3.5992 1.06012 0.0708885 -1.5592 -0.00408145 0.0245707
38 1.66069 0 0 -0.0107857 0.0756715 0.0839776
39 1.16699 0 0 0.0248709 0.0374844 0.209534
40 2.18853 -0.501041 0.0576572 -1.57482 0.0295241 -0.204399
41 1.29609 0 0 -0.00109118 -0.0468209 0.212066
42 1.62202 -0.000713348 -0.000469208 0.00903838 -0.0363954 0.206646
43 1.2224 0 0 -0.0121958 -0.0150848 0.323873
44 1.76707 -1.27612 0.0366402 -1.57614 0.0844807 -0.239068
45 1.55588 0 0 0.0182545 0.0270111 0.299842
46 1.24273 0 0 0.00052637 0.000286931 0.180712
47 0.784532 0 0 -0.0140507 0.00144525 0.0413329
48 0 0 0 0 0 0
49 6.07312 -12.7629 -7.17161 -0.539782 -0.230112 -0.21734
50 0 -1.70357 0.00508118 0 0 0
51 -0.0019598 3.96104 2.21118 0 0 0
52 0.641596 -0.666148 0.751659 0 0 0
53 0.714397 -3.45621 1.13628 0 0 0
54 -0.70623 -4.69238 1.98618 3.14159 -0.0872664 -3.14159
55 0.01333 1.02904 3.61174 0 0 0
56 0.0133295 -4.73568 2.23877 0 0 0
57 4.9228 -19.7749 -8.83636 -0.540025 -0.229855 -0.217447
58 0.0133295 -2.20708 7.34992 0 0 0
time 144
0 7.96718 5.13272 -3.24532 0.000934124 0 -0.959925
1 6.02794 0 0 -0.0839754 1.17709 0.323125
2 11.7344 0 0 -0.00140289 0 -1.95588
3 8.81138 -0.000450134 -0.000112534 0.107287 0 0.000157539
4 5.77839 0.000286102 0 0.071882 0 0.000106054
5 2.23163 -0.000330925 -0.000364304 0.0354046 0 0
6 11.4725 0 0 0.0496015 -0.465392 0.104804
7 0.61522 -0.993092 -0.8107 2.86877 0.397357 -0.310175
8 2.24752 0 0 0.0715792 0.114087 -0.295502
9 1.11936 0 0 0.000849952 0.0785902 -1.14183
10 3.71348 -0.10264 0.102191 1.44717 0.805255 0.453677
11 1.72615 0 0 0.000435653 0.152128 -1.5215
12 1.21114 0 0 -0.00303754 0.0173727 -0.770564
13 3.59919 -1.06012 0.0708885 1.5386 0.23991 0.0797227
14 1.66069 0 0 0.0103178 0.056124 -0.0408303
15 1.167 0 0 -0.00595467 0.00361546 -0.0873129
16 2.18852 0.501041 0.0576601 1.55893 0.123347 0.226068
17 1.29609 0 0 -0.203074 0.0749011 -0.697922
18 1.62202 0.000713348 -0.000471115 0.0360743 -0.00491091 -1.60563
19 1.22241 0 0 0.00725899 -0.00270846 -0.703282
20 1.76707 1.27612 0.0366411 1.52736 0.172031 0.124018
21 1.55588 0 0 -0.298752 0.180158 -0.613945
22 1.24274 0 0 -0.000523658 -0.000292276 -1.18846
23 0.784523 0 0 0.00666346 0.00160559 -0.545401
24 -4.9642 -4.45908 -8.63852 -0.000932693 0 -2.0944
25 6.02794 0 0 0.546572 0.390062 0.478546
26 11.7344 0 0 0.00140265 0 1.72458
27 8.81167 0 0 1.44485 0 0
28 5.77884 0 0 0.968051 0 0
29 2.23249 0 0 0.476801 0 0
30 11.4725 0 0 1.44273 0.227945 0.110374
31 0.615813 0.994373 -0.809164 -2.37381 -0.0381088 0.477212
32 2.24752 0 0 -0.0910461 0.0103145 -0.0401921
33 1.11936 0 0 -0.0968677 0.184517 -0.0595277
34 3.71349 0.102639 0.102192 -1.51567 0.0385176 -0.107695
35 1.72615 0 0 -0.00252091 -0.0257851 0.242034
36 1.21112 0 0 -0.00542686 0.0167806 0.284655
37 3.5992 1.06012 0.0708904 -1.55805 -0.0362872 0.0167138
38 1.66069 0 0 -0.00980029 0.0755749 0.0967824
39 1.16699 0 0 0.0261935 0.036042 0.246983
40 2.18853 -0.501041 0.0576591 -1.57523 0.0415877 -0.201207
41 1.29609 0 0 -0.000654437 -0.0468291 0.202735
42 1.62202 -0.000711441 -0.000469685 0.00771027 -0.0362514 0.240675
43 1.22241 0 0 -0.0123288 -0.0139026 0.376571
44 1.76707 -1.27612 0.0366402 -1.57661 0.101296 -0.235719
45 1.55588 0 0 0.018869 0.0265855 0.322774
46 1.24273 0 0 0.000532904 0.000274505 0.204086
47 0.784532 0 0 -0.0137556 0.00104822 0.055214
48 0 0 0 0 0 0
49 6.07387 -12.815 -7.19964 -0.542929 -0.212279 -0.229037
50 0 -1.70357 0.00508118 0 0 0
51 -0.00196028 3.96104 2.21118 0 0 0
52 0.641595 -0.666148 0.751659 0 0 0
53 0.714397 -3.45621 1.13628 0 0 0
54 -0.70623 -4.69238 1.98618 3.14159 -0.0872664 -3.14159
55 0.01333 1.02904 3.61174 0 0 0
56 0.01333 -4.73568 2.23877 0 0 0
57 4.80685 -19.8105 -8.84921 -0.543173 -0.212023 -0.229145
58 0.0133286 -2.20708 7.34991 0 0 0
time 145
0 7.96718 5.13272 -3.24532 0.000934124 0 -0.959925
1 6.02794 0 0 -0.0945954 1.17668 0.311553
2 11.7344 0 0 -0.00140299 0 -1.94459
3 8.81138 -0.000448227 -0.00011301 0.0785378 0 0.000157476
4 5.77839 0.00028801 0 0.0526203 0 0.000105876
5 2.23163 -0.000328064 -0.000363827 0.0259175 0 0
6 11.4725 0 0 0.027555 -0.463035 0.0965303
7 0.615218 -0.993092 -0.8107 2.86877 0.397357 -0.310175
8 2.24752 0 0 0.0715791 0.114087 -0.295502
9 1.11936 0 0 0.00085018 0.0785902 -1.14183
10 3.71348 -0.102641 0.102191 1.44717 0.805255 0.453677
11 1.72615 0 0 0.00043563 0.152128 -1.5215
12 1.21114 0 0 -0.00303752 0.0173727 -0.770564
13 3.59919 -1.06012 0.0708876 1.5386 0.23991 0.0797227
14 1.66069 0 0 0.0103177 0.056124 -0.0408304
15 1.167 0 0 -0.00595458 0.00361555 -0.0873128
16 2.18852 0.50104 0.0576582 1.55893 0.123347 0.226068
17 1.29609 0 0 -0.203075 0.0749011 -0.697922
18 1.62202 0.000714302 -0.000471115 0.0360743 -0.00491086 -1.60563
19 1.22241 0 0 0.00725899 -0.00270846 -0.703282
20 1.76707 1.27612 0.0366402 1.52736 0.172031 0.124018
21 1.55588 0 0 -0.298752 0.180158 -0.613945
22 1.24273 0 0 -0.000523648 -0.000292251 -1.18846
23 0.784524 0 0 0.00666347 0.00160558 -0.545402
24 -4.9642 -4.45908 -8.63852 -0.000932693 0 -2.0944
25 6.02794 0 0 0.544778 0.383883 0.466842
26 11.7344 0 0 0.00140271 0 1.73928
27 8.81167 0 0 1.48433 0 0
28 5.77884 0 0 0.994503 0 0
29 2.23249 0 0 0.48983 0 0
30 11.4725 0 0 1.48296 0.194662 0.0650542
31 0.615813 0.994372 -0.809164 -2.40361 -0.0287774 0.528313
32 2.24752 0 0 -0.0911827 0.00902354 -0.0543211
33 1.11936 0 0 -0.0945918 0.185684 -0.0471616
34 3.71349 0.102639 0.10219 -1.50793 0.0490185 -0.112835
35 1.72615 0 0 -0.00326161 -0.0252361 0.275185
36 1.21112 0 0 -0.00464106 0.0170147 0.331154
37 3.5992 1.06012 0.0708885 -1.55734 -0.0451473 0.00897952
38 1.66069 0 0 -0.00846821 0.0754572 0.114056
39 1.16699 0 0 0.0278065 0.0341755 0.29397
40 2.18853 -0.501041 0.0576591 -1.57563 0.0563455 -0.197291
41 1.29609 0 0 -0.0010471 -0.046822 0.211123
42 1.62202 -0.000713348 -0.000469208 0.00613112 -0.036023 0.280849
43 1.22241 0 0 -0.0124228 -0.0124503 0.438782
44 1.76707 -1.27612 0.0366402 -1.57703 0.121866 -0.231595
45 1.55588 0 0 0.0198755 0.0258417 0.361167
46 1.24273 0 0 0.000540308 0.000259711 0.231681
47 0.78453 0 0 -0.0134034 0.000578137 0.071602
48 0 0 0 0 0 0
49 6.07424 -12.8842 -7.2333 -0.544342 -0.192908 -0.240836
50 0 -1.70357 0.00508022 0 0 0
51 -0.0019598 3.96104 2.21118 0 0 0
52 0.641596 -0.666149 0.75166 0 0 0
53 0.714397 -3.45621 1.13628 0 0 0
54 -0.70623 -4.69238 1.98618 3.14159 -0.0872664 -3.14159
55 0.01333 1.02904 3.61174 0 0 0
56 0.01333 -4.73569 2.23877 0 0 0
57 4.69124 -19.8585 -8.87958 -0.544589 -0.192652 -0.240943
58 0.0129189 0.0367727 6.63003 0 0 0
time 146
0 7.96718 5.13272 -3.24532 0.000934124 0 -0.959925
1 6.02794 0 0 -0.108252 1.17615 0.297133
2 11.7344 0 0 -0.00140288 0 -1.93246
3 8.81138 -0.000450134 -0.000113487 0.0504935 0 0.0001573
4 5.77839 0.000287056 0 0.0338307 0 0.000105768
5 2.23164 -0.000329018 -0.000365257 0.016663 0 0
6 11.4725 0 0 0.00435544 -0.461014 0.0922823
7 0.615219 -0.993092 -0.8107 2.86877 0.397357 -0.310175
8 2.24752 0 0 0.0715792 0.114086 -0.295502
9 1.11936 0 0 0.000850049 0.07859 -1.14183
10 3.71348 -0.10264 0.102191 1.44717 0.805255 0.453677
11 1.72615 0 0 0.00043563 0.152128 -1.5215
12 1.21114 0 0 -0.00303756 0.0173727 -0.770565
13 3.59919 -1.06012 0.0708876 1.5386 0.23991 0.0797225
14 1.66069 0 0 0.0103178 0.0561241 -0.0408303
15 1.167 0 0 -0.00595458 0.00361552 -0.087313
16 2.18852 0.50104 0.0576587 1.55893 0.123347 0.226068
17 1.29609 0 0 -0.203075 0.0749011 -0.697922
18 1.62202 0.000714302 -0.000471115 0.0360743 -0.00491086 -1.60563
19 1.22241 0 0 0.007259 -0.00270849 -0.703281
20 1.76707 1.27612 0.0366406 1.52736 0.172031 0.124017
21 1.55588 0 0 -0.298752 0.180158 -0.613945
22 1.24273 0 0 -0.000523636 -0.000292261 -1.18846
23 0.784524 0 0 0.00666348 0.00160558 -0.545401
24 -4.93708 -4.42097 -8.66004 -0.000932693 0 -2.0944
25 6.02794 0 0 0.553567 0.380391 0.460713
26 11.7344 0 0 0.00140267 0 1.74917
27 8.81167 0 0 1.52674 0 0
28 5.77884 0 0 1.02292 0 0
29 2.23249 0 0 0.503825 0 0
30 11.4725 0 0 1.52615 0.165771 0.0195004
31 0.615813 0.994372 -0.809164 -2.43922 -0.0172752 0.585858
32 2.24752 0 0 -0.0913296 0.00738486 -0.0722296
33 1.11936 0 0 -0.0916854 0.187123 -0.0314799
34 3.71349 0.102639 0.102192 -1.50628 0.0818357 -0.114386
35 1.72615 0 0 -0.0041259 -0.024574 0.313803
36 1.21112 0 0 -0.00372231 0.0172389 0.384784
37 3.5992 1.06012 0.0708885 -1.55744 -0.0345967 0.00151228
38 1.66069 0 0 -0.00687008 0.0753059 0.134735
39 1.16699 0 0 0.0295884 0.031938 0.348052
40 2.18853 -0.50104 0.0576611 -1.57594 0.0730816 -0.192833
41 1.29609 0 0 -0.00211789 -0.0467858 0.234009
42 1.62202 -0.000713348 -0.000469923 0.00436728 -0.0356946 0.325431
43 1.22241 0 0 -0.0124427 -0.0107718 0.50782
44 1.76707 -1.27612 0.0366421 -1.57729 0.145191 -0.226876
45 1.55588 0 0 0.0211551 0.0248052 0.411692
46 1.24273 0 0 0.00054797 0.000243138 0.262305
47 0.78453 0 0 -0.0130077 0 0.0897888
48 0 0 0 0 0 0
49 6.07405 -12.9759 -7.27075 -0.54281 -0.173305 -0.251561
50 0 -1.70357 0.00508118 0 0 0
51 -0.00196075 3.96104 2.21118 0 0 0
52 0.641596 -0.666148 0.751659 0 0 0
53 0.714396 -3.45621 1.13628 0 0 0
54 -0.70623 -4.69238 1.98618 -3.14159 -0.0872663 3.14159
55 0.0133305 1.02904 3.61174 0 0 0
56 0.0133295 -4.73569 2.23877 0 0 0
57 4.58748 -19.9249 -8.93372 -0.543058 -0.173049 -0.251668
58 0.0129185 0.0367708 6.63003 0 0 0
time 147
0 7.96718 5.13272 -3.24532 0.000934124 0 -0.959925
1 6.02794 0 0 -0.125768 1.17543 0.279406
2 11.7344 0 0 -0.00140287 0 -1.91978
3 8.81138 -0.000450134 -0.000112534 0.0253631 0 0.000157549
4 5.77839 0.000286102 0 0.0169934 0 0.000105625
5 2.23163 -0.000329971 -0.000363827 0.00836983 0 0
6 11.4725 0 0 -0.0188442 -0.459094 0.0939582
7 0.615219 -0.993092 -0.810699 2.86877 0.397357 -0.310175
8 2.24752 0 0 0.0715794 0.114086 -0.295502
9 1.11936 0 0 0.000849945 0.0785899 -1.14183
10 3.71348 -0.102642 0.102192 1.44717 0.805255 0.453676
11 1.72615 0 0 0.000435683 0.152128 -1.5215
12 1.21114 0 0 -0.00303758 0.0173727 -0.770565
13 3.59919 -1.06012 0.0708885 1.5386 0.23991 0.0797225
14 1.66069 0 0 0.0103177 0.0561241 -0.0408302
15 1.167 0 0 -0.00595464 0.00361553 -0.0873129
16 2.18852 0.50104 0.0576596 1.55893 0.123347 0.226068
17 1.29609 0 0 -0.203075 0.0749011 -0.697922
18 1.62202 0.000714302 -0.000471115 0.0360743 -0.00491088 -1.60563
19 1.22241 0 0 0.00725899 -0.00270846 -0.703281
20 1.76707 1.27612 0.0366411 1.52736 0.172031 0.124017
21 1.55588 0 0 -0.298752 0.180158 -0.613945
22 1.24273 0 0 -0.000523645 -0.000292249 -1.18846
23 0.784524 0 0 0.00666346 0.00160557 -0.545401
24 -4.86077 -4.31372 -8.72059 -0.000932693 0 -2.0944
25 6.02794 0 0 0.579515 0.383333 0.462777
26 11.7344 0 0 0.00140262 0 1.75058
27 8.81167 0 0 1.56848 0 0
28 5.77884 0 0 1.05088 0 0
29 2.23249 0 0 0.517597 0 0
30 11.4725 0 0 1.56845 0.145621 -0.0246105
31 0.615813 0.994373 -0.809166 -2.47862 -0.00215346 0.642172
32 2.24752 0 0 -0.0914625 0.00549619 -0.0928372
33 1.11936 0 0 -0.088312 0.188724 -0.0134235
34 3.71349 0.10264 0.10219 -1.50944 0.132062 -0.113056
35 1.72615 0 0 -0.00506751 -0.0238132 0.35607
36 1.21112 0 0 -0.00271109 0.0174266 0.44311
37 3.5992 1.06012 0.0708866 -1.55855 -0.00857022 -0.00560691
38 1.66069 0 0 -0.00508758 0.0751121 0.157754
39 1.16699 0 0 0.0314239 0.0293973 0.406788
40 2.18853 -0.50104 0.0576572 -1.5761 0.0910792 -0.188014
41 1.29609 0 0 -0.00371387 -0.0466863 0.268169
42 1.62202 -0.000711441 -0.000470638 0.0024884 -0.03526 0.372687
43 1.22241 0 0 -0.012362 -0.00892267 0.580996
44 1.76707 -1.27612 0.0366402 -1.57733 0.170273 -0.221742
45 1.55588 0 0 0.0225884 0.0235073 0.471021
46 1.24273 0 0 0.000555579 0.000225072 0.294766
47 0.78453 0 0 -0.0125828 -0.000502434 0.109066
48 0 0 0 0 0 0
49 6.07312 -13.0952 -7.31013 -0.537119 -0.15478 -0.260038
50 0 -1.70357 0.00508118 0 0 0
51 -0.00196028 3.96104 2.21118 0 0 0
52 0.641596 -0.666147 0.751661 0 0 0
53 0.714397 -3.45621 1.13628 0 0 0
54 -0.70623 -4.69238 1.98618 3.14159 -0.0872664 3.14159
55 0.013329 1.02904 3.61174 0 0 0
56 0.013329 -4.73569 2.23877 0 0 0
57 4.50639 -20.0156 -9.01807 -0.53737 -0.154523 -0.260143
58 0.0129204 0.0367727 6.63003 0 0 0
time 148
0 7.96718 5.13272 -3.24532 0.000934124 0 -0.959925
1 6.02794 0 0 -0.147966 1.17445 0.257918
2 11.7344 0 0 -0.00140285 0 -1.90684
3 8.81138 -0.000450134 -0.000112534 0.00534034 0 0.000156976
4 5.77839 0.000286102 0 0.00357819 0 0.000105122
5 2.23163 -0.000329971 -0.00036335 0.00176233 0 0
6 11.4725 0 0 -0.040867 -0.456991 0.103376
7 0.615219 -0.993093 -0.810699 2.86877 0.397357 -0.310175
8 2.24752 0 0 0.071579 0.114087 -0.295502
9 1.11936 0 0 0.00085015 0.0785901 -1.14183
10 3.71348 -0.102641 0.10219 1.44717 0.805255 0.453677
11 1.72615 0 0 0.000435645 0.152128 -1.5215
12 1.21113 0 0 -0.00303752 0.0173727 -0.770565
13 3.59919 -1.06012 0.0708876 1.5386 0.23991 0.0797225
14 1.66069 0 0 0.0103177 0.056124 -0.0408305
15 1.167 0 0 -0.00595458 0.00361554 -0.0873127
16 2.18852 0.50104 0.0576591 1.55893 0.123347 0.226068
17 1.29609 0 0 -0.203075 0.0749011 -0.697922
18 1.62202 0.000713348 -0.000471115 0.0360743 -0.00491088 -1.60563
19 1.22241 0 0 0.00725899 -0.00270847 -0.703281
20 1.76707 1.27612 0.0366402 1.52736 0.172031 0.124017
21 1.55588 0 0 -0.298752 0.180158 -0.613945
22 1.24273 0 0 -0.000523648 -0.000292252 -1.18846
23 0.784523 0 0 0.00666346 0.00160558 -0.545401
24 -4.74285 -4.14799 -8.81417 -0.000932693 0 -2.0944
25 6.02795 0 0 0.618019 0.389585 0.472468
26 11.7344 0 0 0.00140267 0 1.74193
27 8.81167 0 0 1.61077 0 0
28 5.77884 0 0 1.07921 0 0
29 2.23249 0 0 0.531553 0 0
30 11.4725 0 0 1.61099 0.127661 -0.0682284
31 0.615813 0.994372 -0.809164 -2.51896 0.0183444 0.689446
32 2.24752 0 0 -0.0915619 0.0034563 -0.115064
33 1.11936 0 0 -0.0846401 0.190383 0.00606413
34 3.71349 0.102639 0.10219 -1.51593 0.194796 -0.109517
35 1.72615 0 0 -0.00604065 -0.0229751 0.400168
36 1.21112 0 0 -0.00165113 0.0175587 0.503696
37 3.5992 1.06012 0.0708885 -1.56076 0.0290013 -0.0123501
38 1.66069 0 0 -0.00320337 0.0748726 0.182049
39 1.16699 0 0 0.0332097 0.0266423 0.467736
40 2.18853 -0.50104 0.0576611 -1.57609 0.109622 -0.183018
41 1.29609 0 0 -0.00567992 -0.0464883 0.310378
42 1.62202 -0.000713348 -0.000469685 0.000566765 -0.0347249 0.42088
43 1.22241 0 0 -0.0121667 -0.00697087 0.655623
44 1.76707 -1.27612 0.0366421 -1.57709 0.196113 -0.216377
45 1.55588 0 0 0.0240633 0.0219953 0.535824
46 1.24273 0 0 0.000562762 0.000206708 0.327873
47 0.784533 0 0 -0.0121437 -0.001073 0.128727
48 0 0 0 0 0 0
49 6.07127 -13.2475 -7.34956 -0.526057 -0.13864 -0.265091
50 0 -1.70357 0.00508118 0 0 0
51 -0.0019598 3.96104 2.21118 0 0 0
52 0.641596 -0.666147 0.75166 0 0 0
53 0.714397 -3.4562 1.13628 0 0 0
54 -0.706231 -4.69238 1.98618 3.14159 -0.0872664 -3.14159
55 0.0133295 1.02904 3.61174 0 0 0
56 0.0133295 -4.73568 2.23877 0 0 0
57 4.45853 -20.1366 -9.13914 -0.52631 -0.138382 -0.265193
58 0.0129194 0.0367718 6.63004 0 0 0
time 149
0 7.96718 5.13272 -3.24532 0.000934124 0 -0.959925
1 6.02794 0 0 -0.17517 1.17309 0.232709
2 11.7344 0 0 -0.0014029 0 -1.89439
3 8.81138 -0.000450134 -0.000112534 -0.00726553 0 0.000157361
4 5.77839 0.000286102 0 -0.00486804 0 0.000105421
5 2.23164 -0.000329018 -0.000364304 -0.00239748 0 0
6 11.4725 0 0 -0.0605117 -0.454497 0.122565
7 0.615219 -0.993092 -0.8107 2.86877 0.397357 -0.310175
8 2.24752 0 0 0.071579 0.114087 -0.295502
9 1.11936 0 0 0.000850124 0.0785901 -1.14183
10 3.71348 -0.102642 0.102191 1.44717 0.805255 0.453677
11 1.72615 0 0 0.000435698 0.152128 -1.5215
12 1.21114 0 0 -0.00303753 0.0173727 -0.770564
13 3.59919 -1.06012 0.0708885 1.5386 0.23991 0.0797227
14 1.66069 0 0 0.0103178 0.056124 -0.0408304
15 1.167 0 0 -0.00595464 0.00361552 -0.0873128
16 2.18852 0.501039 0.0576596 1.55893 0.123348 0.226068
17 1.29609 0 0 -0.203075 0.0749011 -0.697922
18 1.62202 0.000714302 -0.000472069 0.0360743 -0.00491088 -1.60563
19 1.22241 0 0 0.00725898 -0.00270847 -0.703281
20 1.76707 1.27612 0.0366416 1.52736 0.172031 0.124018
21 1.55588 0 0 -0.298752 0.180158 -0.613945
22 1.24274 0 0 -0.000523636 -0.000292265 -1.18846
23 0.784523 0 0 0.00666346 0.00160557 -0.545401
24 -4.59087 -3.93439 -8.93477 -0.000932693 0 -2.0944
25 6.02794 0 0 0.664312 0.395618 0.488648
26 11.7344 0 0 0.00140266 0 1.72171
27 8.81167 0 0 1.65616 0 0
28 5.77884 0 0 1.10963 0 0
29 2.23249 0 0 0.546533 0 0
30 11.4725 0 0 1.65601 0.10652 -0.112956
31 0.615813 0.994373 -0.809164 -2.55689 0.0460682 0.719812
32 2.24752 0 0 -0.0916168 0.00136507 -0.137831
33 1.11936 0 0 -0.0808442 0.19201 0.0260378
34 3.71348 0.10264 0.102194 -1.52429 0.26513 -0.104365
35 1.72615 0 0 -0.00700119 -0.0220897 0.44428
36 1.21112 0 0 -0.000588054 0.0176263 0.564106
37 3.5992 1.06012 0.0708904 -1.56399 0.0741949 -0.0187111
38 1.66069 0 0 -0.00130077 0.0745916 0.206557
39 1.16699 0 0 0.0348604 0.0237831 0.528459
40 2.18853 -0.50104 0.0576611 -1.57589 0.127997 -0.178029
41 1.29609 0 0 -0.00785881 -0.0461701 0.357416
42 1.62202 -0.000713348 -0.000470161 -0.00132424 -0.0341079 0.468275
43 1.22241 0 0 -0.0118588 -0.00499439 0.729015
44 1.76707 -1.27612 0.036644 -1.57658 0.221714 -0.210974
45 1.55588 0 0 0.0254807 0.0203363 0.602775
46 1.24273 0 0 0.000569221 0.000188225 0.360432
47 0.784533 0 0 -0.0117063 -0.00163665 0.148063
48 0 0 0 0 0 0
49 6.06831 -13.4379 -7.38719 -0.508411 -0.126194 -0.265545
50 0 -1.70357 0.00508118 0 0 0
51 -0.00195885 3.96104 2.21118 0 0 0
52 0.641596 -0.666148 0.751661 0 0 0
53 0.714397 -3.45621 1.13628 0 0 0
54 -0.706229 -4.69238 1.98618 3.14159 -0.0872664 -3.14159
55 0.0133295 1.02904 3.61174 0 0 0
56 0.0133305 -4.73569 2.23877 0 0 0
57 4.45471 -20.2927 -9.30322 -0.508666 -0.125935 -0.265642
58 0.0129194 0.0367718 6.63004 0 0 0
time 150
0 7.96718 5.13272 -3.24532 0.000934124 0 -0.959925
1 6.02794 0 0 -0.212363 1.17085 0.199379
2 11.7344 0 0 -0.00140289 0 -1.87921
3 8.81138 -0.000450134 -0.000112057 -0.0147536 0 0.000157282
4 5.77839 0.000285149 0 -0.00988482 0 0.000105224
5 2.23163 -0.000329971 -0.00036335 -0.00486875 0 0
6 11.4725 0 0 -0.0790522 -0.449469 0.150405
7 0.615219 -0.993092 -0.810699 2.86877 0.397357 -0.310175
8 2.24752 0 0 0.0715793 0.114087 -0.295502
9 1.11936 0 0 0.000850135 0.07859 -1.14183
10 3.71348 -0.102641 0.102191 1.44717 0.805255 0.453677
11 1.72615 0 0 0.000435675 0.152128 -1.5215
12 1.21114 0 0 -0.00303758 0.0173727 -0.770565
13 3.59919 -1.06012 0.070888 1.5386 0.23991 0.0797227
14 1.66069 0 0 0.0103178 0.056124 -0.0408303
15 1.167 0 0 -0.00595461 0.00361557 -0.0873127
16 2.18852 0.50104 0.0576596 1.55893 0.123348 0.226068
17 1.29609 0 0 -0.203075 0.0749011 -0.697922
18 1.62202 0.000715256 -0.000472069 0.0360743 -0.00491088 -1.60563
19 1.22241 0 0 0.00725899 -0.00270846 -0.703281
20 1.76707 1.27612 0.0366406 1.52736 0.172031 0.124018
21 1.55588 0 0 -0.298752 0.180158 -0.613945
22 1.24274 0 0 -0.000523653 -0.00029227 -1.18846
23 0.784524 0 0 0.00666348 0.00160558 -0.545401
24 -4.4124 -3.68357 -9.0764 -0.000932693 0 -2.0944
25 6.02794 0 0 0.713772 0.39827 0.508076
26 11.7344 0 0 0.00140267 0 1.68968
27 8.81167 0 0 1.70698 0 0
28 5.77884 0 0 1.14368 0 0
29 2.23249 0 0 0.563304 0 0
30 11.4725 0 0 1.70538 0.0806388 -0.163544
31 0.615813 0.994371 -0.809168 -2.58945 0.0827879 0.725368
32 2.24752 0 0 -0.0916245 -0.000677061 -0.160057
33 1.11936 0 0 -0.0771062 0.193525 0.0455498
34 3.71348 0.102638 0.10219 -1.53317 0.338148 -0.0981291
35 1.72615 0 0 -0.00790766 -0.0211955 0.48659
36 1.21112 0 0 0.000431142 0.0176309 0.621905
37 3.5992 1.06012 0.0708885 -1.56804 0.123097 -0.0246654
38 1.66069 0 0 0.000536656 0.0742812 0.230211
39 1.16699 0 0 0.0363118 0.0209487 0.58652
40 2.18853 -0.501041 0.0576572 -1.57553 0.145489 -0.17324
41 1.29609 0 0 -0.0100936 -0.0457339 0.406057
42 1.62202 -0.000711441 -0.000470161 -0.00311133 -0.0334411 0.513136
43 1.22241 0 0 -0.0114581 -0.00307949 0.798486
44 1.76707 -1.27612 0.0366402 -1.57582 0.246083 -0.205738
45 1.55588 0 0 0.0267622 0.0186176 0.668548
46 1.24273 0 0 0.00057466 0.000170582 0.391253
47 0.784529 0 0 -0.0112871 -0.00217254 0.166366
48 0 0 0 0 0 0
49 6.06366 -13.6897 -7.42846 -0.483644 -0.116783 -0.262765
50 0 -1.70357 0.00508022 0 0 0
51 -0.0019598 3.96104 2.21118 0 0 0
52 0.641596 -0.666148 0.75166 0 0 0
53 0.714396 -3.4562 1.13628 0 0 0
54 -0.70623 -4.69238 1.98618 -3.14159 -0.0872664 3.14159
55 0.0133286 1.02904 3.61174 0 0 0
56 0.0133295 -4.73568 2.23877 0 0 0
57 4.48423 -20.5012 -9.51921 -0.4839 -0.116521 -0.262855
58 0.0129194 0.0367718 6.63003 0 0 0
time 151
0 7.96718 5.13272 -3.24532 0.000934124 0 -0.959925
1 6.02794 0 0 -0.260728 1.16711 0.156648
2 11.7344 0 0 -0.00140274 0 -1.8594
3 8.81139 -0.000449181 -0.000112534 -0.0207063 0 0.000157413
4 5.77839 0.000287056 0 -0.0138734 0 0.000105523
5 2.23164 -0.000328064 -0.000364304 -0.00683309 0 0
6 11.4725 0 0 -0.0980415 -0.440866 0.183911
7 0.61522 -0.993091 -0.810699 2.86877 0.397357 -0.310175
8 2.24752 0 0 0.0715791 0.114087 -0.295502
9 1.11936 0 0 0.000850173 0.0785902 -1.14183
10 3.71348 -0.102641 0.10219 1.44717 0.805255 0.453677
11 1.72615 0 0 0.00043569 0.152128 -1.5215
12 1.21113 0 0 -0.00303753 0.0173727 -0.770565
13 3.59919 -1.06012 0.0708876 1.5386 0.23991 0.0797226
14 1.66069 0 0 0.0103178 0.056124 -0.0408302
15 1.167 0 0 -0.00595464 0.00361561 -0.0873127
16 2.18853 0.50104 0.0576582 1.55893 0.123348 0.226068
17 1.29609 0 0 -0.203075 0.0749011 -0.697922
18 1.62202 0.000713348 -0.000471115 0.0360743 -0.00491089 -1.60563
19 1.22241 0 0 0.00725899 -0.00270845 -0.703281
20 1.76707 1.27612 0.0366402 1.52736 0.172032 0.124017
21 1.55588 0 0 -0.298752 0.180158 -0.613945
22 1.24273 0 0 -0.000523637 -0.000292266 -1.18846
23 0.784524 0 0 0.00666348 0.00160558 -0.545401
24 -4.21501 -3.40617 -9.23303 -0.000932693 0 -2.0944
25 6.02795 0 0 0.763125 0.394146 0.528427
26 11.7344 0 0 0.00140264 0 1.64564
27 8.81167 0 0 1.76379 0 0
28 5.77884 0 0 1.18174 0 0
29 2.23249 0 0 0.582052 0 0
30 11.4725 0 0 1.75881 0.052782 -0.226608
31 0.615813 0.994373 -0.809164 -2.62204 0.14012 0.695199
32 2.24752 0 0 -0.091591 -0.00257014 -0.180664
33 1.11936 0 0 -0.073613 0.194866 0.06365
34 3.71349 0.102641 0.102192 -1.5415 0.408924 -0.0913261
35 1.72615 0 0 -0.00872189 -0.0203394 0.52528
36 1.21112 0 0 0.00136027 0.0175836 0.674657
37 3.5992 1.06012 0.0708866 -1.57259 0.171808 -0.0301309
38 1.66069 0 0 0.0022248 0.0739612 0.25195
39 1.16699 0 0 0.0375228 0.0182834 0.639482
40 2.18853 -0.50104 0.0576591 -1.57506 0.161387 -0.16885
41 1.29609 0 0 -0.0122314 -0.0452092 0.453078
42 1.62202 -0.000713348 -0.000470161 -0.00472301 -0.0327685 0.553729
43 1.22241 0 0 -0.0110015 -0.00131617 0.861349
44 1.76707 -1.27612 0.0366402 -1.5749 0.26823 -0.200891
45 1.55588 0 0 0.0278518 0.0169438 0.729816
46 1.24273 0 0 0.000579356 0.000154514 0.419143
47 0.784531 0 0 -0.0109034 -0.00265944 0.182928
48 0 0 0 0 0 0
49 6.05692 -14.0114 -7.47851 -0.453055 -0.108589 -0.258642
50 0 -1.70357 0.00508118 0 0 0
51 -0.00195885 3.96104 2.21118 0 0 0
52 0.641597 -0.666147 0.751661 0 0 0
53 0.714398 -3.4562 1.13628 0 0 0
54 -0.706228 -4.69238 1.98618 -3.14159 -0.0872664 3.14159
55 0.0133305 1.02904 3.61174 0 0 0
56 0.0133314 -4.73568 2.23877 0 0 0
57 4.5286 -20.7655 -9.78266 -0.453313 -0.108324 -0.258724
58 0.0129194 0.0367718 6.63003 0 0 0
time 152
0 7.96718 5.13272 -3.24532 0.000934124 0 -0.959925
1 6.02794 0 0 -0.316781 1.16142 0.107102
2 11.7344 0 0 -0.00140287 0 -1.83578
3 8.81138 -0.000450134 -0.00011158 -0.0252243 0 0.000156855
4 5.77839 0.000286102 0 -0.0169002 0 0.00010494
5 2.23163 -0.000329971 -0.00036335 -0.00832399 0 0
6 11.4725 0 0 -0.116843 -0.430368 0.221481
7 0.615219 -0.993093 -0.810699 2.86877 0.397357 -0.310175
8 2.24752 0 0 0.0715793 0.114086 -0.295502
9 1.11936 0 0 0.000849918 0.07859 -1.14183
10 3.71348 -0.102641 0.102191 1.44717 0.805255 0.453677
11 1.72615 0 0 0.0004356 0.152128 -1.5215
12 1.21114 0 0 -0.00303748 0.0173728 -0.770565
13 3.59919 -1.06012 0.070888 1.5386 0.23991 0.0797227
14 1.66069 0 0 0.0103178 0.056124 -0.0408303
15 1.167 0 0 -0.00595463 0.00361552 -0.0873129
16 2.18852 0.501039 0.0576587 1.55893 0.123347 0.226068
17 1.29609 0 0 -0.203075 0.0749011 -0.697922
18 1.62202 0.000713348 -0.000471115 0.0360743 -0.00491091 -1.60563
19 1.22241 0 0 0.00725898 -0.00270845 -0.703281
20 1.76707 1.27612 0.0366406 1.52736 0.172031 0.124018
21 1.55587 0 0 -0.298752 0.180158 -0.613945
22 1.24273 0 0 -0.000523601 -0.00029224 -1.18846
23 0.784521 0 0 0.00666346 0.00160557 -0.545401
24 -4.00628 -3.11281 -9.39867 -0.000932693 0 -2.0944
25 6.02794 0 0 0.810254 0.381318 0.549131
26 11.7344 0 0 0.00140276 0 1.59029
27 8.81167 0 0 1.82673 0 0
28 5.77884 0 0 1.22391 0 0
29 2.23249 0 0 0.60282 0 0
30 11.4725 0 0 1.81478 0.0278635 -0.307424
31 0.615813 0.994372 -0.809164 -2.66024 0.215992 0.635973
32 2.24752 0 0 -0.0915304 -0.00421439 -0.198572
33 1.11936 0 0 -0.0705572 0.195981 0.0793866
34 3.71349 0.102639 0.10219 -1.54849 0.47253 -0.0845405
35 1.72615 0 0 -0.00940885 -0.0195745 0.558533
36 1.21112 0 0 0.00215443 0.0175042 0.719925
37 3.5992 1.06012 0.0708885 -1.57717 0.216436 -0.0349379
38 1.66069 0 0 0.0036808 0.0736582 0.270709
39 1.16699 0 0 0.038472 0.015941 0.684913
40 2.18853 -0.50104 0.0576591 -1.57454 0.174983 -0.165063
41 1.29609 0 0 -0.0141262 -0.044654 0.495258
42 1.62202 -0.000713348 -0.000469685 -0.00609014 -0.0321433 0.58832
43 1.22241 0 0 -0.010541 0.00020484 0.91492
44 1.76707 -1.27612 0.0366402 -1.57393 0.287168 -0.196673
45 1.55588 0 0 0.0287171 0.0154317 0.783256
46 1.24273 0 0 0.000582829 0.000140826 0.44291
47 0.784531 0 0 -0.0105737 -0.00307633 0.197042
48 0 0 0 0 0 0
49 6.04817 -14.3866 -7.53498 -0.418196 -0.101179 -0.252791
50 0 -1.70357 0.00508118 0 0 0
51 -0.0019598 3.96104 2.21118 0 0 0
52 0.641597 -0.666148 0.75166 0 0 0
53 0.714397 -3.45621 1.13628 0 0 0
54 -0.706229 -4.69238 1.98618 -3.14159 -0.0872664 -3.14159
55 0.0133305 1.02904 3.61174 0 0 0
56 0.0133305 -4.73569 2.23877 0 0 0
57 4.58756 -21.0691 -10.0795 -0.418456 -0.100911 -0.252864
58 0.0129185 0.0367718 6.63004 0 0 0
time 153
0 7.96718 5.13272 -3.24532 0.000934124 0 -0.959925
1 6.02794 0 0 -0.377358 1.15345 0.0530178
2 11.7344 0 0 -0.00140289 0 -1.80879
3 8.81138 -0.000450134 -0.00011158 -0.0285451 0 0.000156894
4 5.77839 0.000285149 0 -0.0191253 0 0.000104972
5 2.23164 -0.000329971 -0.000364304 -0.00941983 0 0
6 11.4725 0 0 -0.135118 -0.419708 0.261424
7 0.615219 -0.993091 -0.8107 2.86877 0.397357 -0.310175
8 2.24752 0 0 0.0715789 0.114087 -0.295502
9 1.11936 0 0 0.000850143 0.0785902 -1.14183
10 3.71348 -0.102641 0.102191 1.44717 0.805255 0.453677
11 1.72615 0 0 0.000435668 0.152128 -1.5215
12 1.21114 0 0 -0.00303761 0.0173727 -0.770564
13 3.59919 -1.06012 0.070888 1.5386 0.23991 0.0797227
14 1.66069 0 0 0.0103178 0.0561241 -0.0408304
15 1.167 0 0 -0.00595461 0.00361554 -0.0873128
16 2.18852 0.50104 0.0576582 1.55893 0.123347 0.226068
17 1.29609 0 0 -0.203075 0.0749011 -0.697922
18 1.62202 0.000715256 -0.000471115 0.0360743 -0.00491088 -1.60563
19 1.22241 0 0 0.007259 -0.00270848 -0.703281
20 1.76707 1.27612 0.0366411 1.52736 0.172031 0.124018
21 1.55588 0 0 -0.298752 0.180158 -0.613945
22 1.24274 0 0 -0.000523663 -0.000292255 -1.18846
23 0.784524 0 0 0.00666351 0.00160558 -0.545401
24 -3.79376 -2.81413 -9.56732 -0.000932693 0 -2.0944
25 6.02795 0 0 0.853843 0.358602 0.570328
26 11.7344 0 0 0.00140282 0 1.52353
27 8.81167 0 0 1.8955 0 0
28 5.77884 0 0 1.26998 0 0
29 2.23249 0 0 0.625514 0 0
30 11.4725 0 0 1.86987 0.0127202 -0.409178
31 0.615812 0.994371 -0.809166 -2.70074 0.291561 0.566348
32 2.24752 0 0 -0.0914617 -0.00551086 -0.2127
33 1.11936 0 0 -0.0681334 0.196827 0.0918067
34 3.71348 0.102639 0.10219 -1.55367 0.524042 -0.0785069
35 1.72615 0 0 -0.00993738 -0.018958 0.584534
36 1.21112 0 0 0.00277155 0.0174171 0.755275
37 3.5992 1.06012 0.0708885 -1.58122 0.253107 -0.038816
38 1.66069 0 0 0.00482211 0.073403 0.285425
39 1.16699 0 0 0.0391542 0.0140788 0.720378
40 2.18853 -0.501041 0.0576591 -1.57406 0.18557 -0.162093
41 1.29609 0 0 -0.0156407 -0.0441466 0.529374
42 1.62202 -0.000713348 -0.000470161 -0.0071465 -0.0316253 0.615175
43 1.2224 0 0 -0.0101371 0.00139514 0.95651
44 1.76707 -1.27612 0.0366402 -1.57307 0.301911 -0.193339
45 1.55588 0 0 0.0293438 0.0142034 0.825544
46 1.24273 0 0 0.000585237 0.000129968 0.461363
47 0.784531 0 0 -0.0103154 -0.00340082 0.208
48 0 0 0 0 0 0
49 6.0375 -14.7987 -7.59556 -0.380616 -0.0941227 -0.244826
50 0 -1.70357 0.00508118 0 0 0
51 -0.00195885 3.96104 2.21118 0 0 0
52 0.641598 -0.666148 0.751659 0 0 0
53 0.714398 -3.45621 1.13628 0 0 0
54 -0.706229 -4.69238 1.98618 -3.14159 -0.0872664 3.14159
55 0.0133314 1.02904 3.61174 0 0 0
56 0.0133305 -4.73568 2.23877 0 0 0
57 4.66045 -21.3962 -10.3957 -0.380877 -0.0938528 -0.244888
58 0.0129185 0.0367718 6.63003 0 0 0
time 154
0 7.96718 5.13272 -3.24532 0.000934124 0 -0.959925
1 6.02794 0 0 -0.438134 1.14332 -0.00195246
2 11.7344 0 0 -0.00140274 0 -1.7801
3 8.81138 -0.000450134 -0.000112534 -0.0306337 0 0.000157389
4 5.77839 0.000286102 0 -0.0205246 0 0.000105232
5 2.23164 -0.000329018 -0.00036335 -0.0101091 0 0
6 11.4725 0 0 -0.152876 -0.4106 0.302828
7 0.61522 -0.993093 -0.8107 2.86877 0.397357 -0.310175
8 2.24752 0 0 0.0715793 0.114087 -0.295502
9 1.11936 0 0 0.000850176 0.0785902 -1.14183
10 3.71348 -0.102641 0.102191 1.44717 0.805255 0.453677
11 1.72615 0 0 0.000435615 0.152128 -1.5215
12 1.21114 0 0 -0.00303759 0.0173727 -0.770565
13 3.59919 -1.06012 0.0708876 1.5386 0.23991 0.0797226
14 1.66069 0 0 0.0103178 0.0561241 -0.0408301
15 1.167 0 0 -0.00595461 0.00361553 -0.087313
16 2.18853 0.50104 0.0576587 1.55893 0.123347 0.226068
17 1.29609 0 0 -0.203075 0.0749011 -0.697923
18 1.62202 0.000713348 -0.000471592 0.0360743 -0.00491088 -1.60563
19 1.22241 0 0 0.00725899 -0.00270847 -0.703281
20 1.76707 1.27612 0.0366406 1.52736 0.172032 0.124018
21 1.55588 0 0 -0.298752 0.180158 -0.613945
22 1.24273 0 0 -0.000523645 -0.000292255 -1.18846
23 0.784525 0 0 0.00666346 0.00160557 -0.545401
24 -3.58502 -2.52077 -9.73296 -0.000932693 0 -2.0944
25 6.02794 0 0 0.892988 0.325582 0.592334
26 11.7344 0 0 0.00140272 0 1.44562
27 8.81167 0 0 1.96971 0 0
28 5.77884 0 0 1.31971 0 0
29 2.23249 0 0 0.650005 0 0
30 11.4725 0 0 1.91809 0.0146822 -0.532883
31 0.615812 0.994372 -0.809166 -2.73515 0.348885 0.507035
32 2.24752 0 0 -0.0914065 -0.00636051 -0.221969
33 1.11936 0 0 -0.0665375 0.197366 0.0999572
34 3.71348 0.102639 0.10219 -1.55685 0.558547 -0.0741418
35 1.72615 0 0 -0.0102772 -0.0185481 0.601467
36 1.21112 0 0 0.00317141 0.0173487 0.778272
37 3.5992 1.06012 0.0708885 -1.5841 0.277948 -0.0414132
38 1.66069 0 0 0.00556671 0.0732281 0.295034
39 1.16699 0 0 0.0395695 0.0128532 0.743442
40 2.18853 -0.50104 0.0576591 -1.57372 0.19244 -0.160154
41 1.29609 0 0 -0.0166442 -0.0437784 0.552206
42 1.62202 -0.000715256 -0.000469208 -0.00782768 -0.031275 0.632559
43 1.22241 0 0 -0.00985432 0.00216941 0.983434
44 1.76707 -1.27612 0.0366411 -1.57245 0.311479 -0.191149
45 1.55587 0 0 0.0297274 0.0133821 0.853354
46 1.24273 0 0 0.000586715 0.000122942 0.473308
47 0.784532 0 0 -0.0101473 -0.0036112 0.215093
48 0 0 0 0 0 0
49 6.025 -15.2312 -7.6579 -0.341864 -0.0869894 -0.234361
50 0 -1.70357 0.00508118 0 0 0
51 -0.0019598 3.96104 2.21118 0 0 0
52 0.641597 -0.666148 0.751659 0 0 0
53 0.714398 -3.45621 1.13628 0 0 0
54 -0.706228 -4.69238 1.98618 3.14159 -0.0872664 -3.14159
55 0.0133305 1.02904 3.61174 0 0 0
56 0.0133305 -4.73568 2.23877 0 0 0
57 4.74598 -21.7324 -10.7177 -0.342126 -0.0867173 -0.234413
58 0.0129204 0.0367708 6.63003 0 0 0
time 155
0 7.96718 5.13272 -3.24532 0.000934124 0 -0.959925
1 6.02794 0 0 -0.496978 1.13114 -0.0564152
2 11.7344 0 0 -0.0014029 0 -1.74965
3 8.81138 -0.000448227 -0.00011158 -0.0318968 0 0.000157395
4 5.77839 0.00028801 0 -0.0213708 0 0.000105278
5 2.23163 -0.000329018 -0.000364304 -0.0105258 0 0
6 11.4725 0 0 -0.170464 -0.404675 0.344004
7 0.615218 -0.993091 -0.8107 2.86877 0.397357 -0.310175
8 2.24752 0 0 0.0715792 0.114086 -0.295502
9 1.11936 0 0 0.00085009 0.07859 -1.14183
10 3.71348 -0.102641 0.102191 1.44717 0.805255 0.453677
11 1.72615 0 0 0.000435615 0.152128 -1.5215
12 1.21113 0 0 -0.00303753 0.0173727 -0.770564
13 3.59919 -1.06012 0.0708876 1.5386 0.23991 0.0797227
14 1.66069 0 0 0.0103178 0.0561241 -0.0408303
15 1.167 0 0 -0.00595463 0.00361557 -0.0873126
16 2.18852 0.50104 0.0576591 1.55893 0.123348 0.226068
17 1.29609 0 0 -0.203075 0.0749011 -0.697922
18 1.62202 0.000713348 -0.000471592 0.0360743 -0.0049109 -1.60563
19 1.22241 0 0 0.00725897 -0.00270849 -0.703281
20 1.76707 1.27612 0.0366402 1.52736 0.172031 0.124018
21 1.55588 0 0 -0.298752 0.180158 -0.613945
22 1.24274 0 0 -0.000523654 -0.000292241 -1.18846
23 0.784523 0 0 0.00666346 0.00160558 -0.545401
24 -3.38763 -2.24336 -9.8896 -0.000932693 0 -2.0944
25 6.02794 0 0 0.927101 0.28202 0.615886
26 11.7344 0 0 0.00140269 0 1.35627
27 8.81167 0 0 2.04896 0 0
28 5.77884 0 0 1.37281 0 0
29 2.23249 0 0 0.676158 0 0
30 11.4725 0 0 1.95057 0.0396169 -0.67701
31 0.615812 0.994372 -0.809166 -2.74992 0.371521 0.481775
32 2.24752 0 0 -0.0913849 -0.0066657 -0.225298
33 1.11936 0 0 -0.065963 0.197557 0.102885
34 3.71349 0.102639 0.102191 -1.55796 0.571139 -0.0724673
35 1.72615 0 0 -0.0103979 -0.0184 0.607515
36 1.21112 0 0 0.0033136 0.0173221 0.786478
37 3.5992 1.06012 0.0708876 -1.58519 0.28709 -0.0423539
38 1.66069 0 0 0.0058333 0.0731643 0.298474
39 1.16699 0 0 0.0397124 0.0124132 0.751671
40 2.18853 -0.501041 0.0576591 -1.57359 0.194888 -0.159461
41 1.29609 0 0 -0.0170078 -0.0436384 0.560533
42 1.62202 -0.000713348 -0.000469208 -0.00806911 -0.0311475 0.638739
43 1.22241 0 0 -0.00974963 0.00244509 0.993006
44 1.76707 -1.27612 0.0366411 -1.57222 0.314887 -0.190364
45 1.55587 0 0 0.0298599 0.0130839 0.863363
46 1.24273 0 0 0.000587133 0.00012033 0.477555
47 0.784531 0 0 -0.0100873 -0.00368619 0.217615
48 0 0 0 0 0 0
49 6.01076 -15.6676 -7.71967 -0.30349 -0.0793479 -0.22101
50 0 -1.70357 0.00508022 0 0 0
51 -0.00195885 3.96104 2.21118 0 0 0
52 0.641597 -0.666148 0.75166 0 0 0
53 0.714396 -3.45621 1.13628 0 0 0
54 -0.70623 -4.69238 1.98618 3.14159 -0.0872664 -3.14159
55 0.0133295 1.02904 3.61174 0 0 0
56 0.0133305 -4.73569 2.23877 0 0 0
57 4.84219 -22.0648 -11.0323 -0.303754 -0.079074 -0.221052
58 0.0129194 0.0367708 6.63003 0 0 0
time 156
0 7.96718 5.13272 -3.24532 0.000934124 0 -0.959925
1 6.02794 0 0 -0.551046 1.11752 -0.108028
2 11.7344 0 0 -0.00140278 0 -1.71873
3 8.81138 -0.000449181 -0.000112534 -0.032432 0 0.000157317
4 5.77839 0.000286102 0 -0.0217295 0 0.000105225
5 2.23164 -0.000328064 -0.000364304 -0.0107026 0 0
6 11.4725 0 0 -0.188497 -0.403458 0.384041
7 0.615218 -0.993092 -0.810699 2.86877 0.397357 -0.310175
8 2.24752 0 0 0.0715793 0.114087 -0.295502
9 1.11936 0 0 0.000850131 0.07859 -1.14183
10 3.71348 -0.10264 0.102191 1.44717 0.805255 0.453677
11 1.72615 0 0 0.000435675 0.152128 -1.5215
12 1.21114 0 0 -0.00303759 0.0173727 -0.770565
13 3.59919 -1.06012 0.070888 1.5386 0.23991 0.0797228
14 1.66068 0 0 0.0103177 0.056124 -0.0408304
15 1.167 0 0 -0.00595466 0.00361556 -0.0873128
16 2.18852 0.50104 0.0576591 1.55893 0.123347 0.226068
17 1.29609 0 0 -0.203075 0.0749011 -0.697922
18 1.62202 0.000713348 -0.000471592 0.0360743 -0.00491087 -1.60563
19 1.22241 0 0 0.00725904 -0.00270851 -0.703281
20 1.76707 1.27612 0.0366416 1.52736 0.172031 0.124018
21 1.55588 0 0 -0.298752 0.180158 -0.613945
22 1.24273 0 0 -0.000523629 -0.000292279 -1.18846
23 0.784522 0 0 0.00666347 0.00160556 -0.545401
24 -3.20917 -1.99254 -10.0312 -0.000932693 0 -2.0944
25 6.02794 0 0 0.951198 0.27238 0.630652
26 11.7344 0 0 0.00140266 0 1.26295
27 8.81167 0 0 2.03621 0 0
28 5.77884 0 0 1.36426 0 0
29 2.23249 0 0 0.671949 0 0
30 11.4725 0 0 1.95241 0.078666 -0.618328
31 0.61581 0.994372 -0.809165 -2.74992 0.371521 0.481775
32 2.24752 0 0 -0.0913849 -0.00666562 -0.225298
33 1.11936 0 0 -0.065963 0.197556 0.102885
34 3.71348 0.10264 0.102191 -1.55796 0.571139 -0.0724675
35 1.72615 0 0 -0.0103978 -0.0184002 0.607515
36 1.21112 0 0 0.00331357 0.017322 0.786478
37 3.5992 1.06012 0.0708895 -1.58519 0.28709 -0.0423539
38 1.66069 0 0 0.00583331 0.0731642 0.298474
39 1.16699 0 0 0.0397122 0.0124132 0.751671
40 2.18853 -0.50104 0.0576591 -1.57359 0.194888 -0.159461
41 1.29609 0 0 -0.017008 -0.0436382 0.560533
42 1.62202 -0.000715256 -0.000469208 -0.00806915 -0.0311476 0.638739
43 1.22241 0 0 -0.00974958 0.00244506 0.993006
44 1.76707 -1.27612 0.0366411 -1.57222 0.314887 -0.190364
45 1.55588 0 0 0.0298598 0.0130839 0.863363
46 1.24273 0 0 0.000587254 0.000120324 0.477555
47 0.784532 0 0 -0.0100873 -0.00368614 0.217615
48 0 0 0 0 0 0
49 5.99486 -16.0913 -7.77853 -0.267044 -0.0707669 -0.204389
50 0 -1.70357 0.00508118 0 0 0
51 -0.00195885 3.96104 2.21118 0 0 0
52 0.641597 -0.666149 0.751659 0 0 0
53 0.714398 -3.45621 1.13628 0 0 0
54 -0.706229 -4.69238 1.98618 3.14159 -0.0872664 3.14159
55 0.0133295 1.02904 3.61174 0 0 0
56 0.0133295 -4.73569 2.23877 0 0 0
57 4.94663 -22.3819 -11.3273 -0.267309 -0.0704917 -0.20442
58 0.0129194 0.0367737 6.63004 0 0 0
time 157
0 7.96718 5.13272 -3.24532 0.000934124 0 -0.959925
1 6.02794 0 0 -0.597626 1.10347 -0.154708
2 11.7344 0 0 -0.00140285 0 -1.69051
3 8.81138 -0.000449181 -0.000112534 -0.0303153 0 0.000157296
4 5.77839 0.000286102 0 -0.0203113 0 0.000105112
5 2.23163 -0.000329018 -0.00036335 -0.0100041 0 0
6 11.4725 0 0 -0.208885 -0.409079 0.428024
7 0.61522 -0.993092 -0.8107 2.86877 0.397357 -0.310175
8 2.24752 0 0 0.0715791 0.114087 -0.295502
9 1.11936 0 0 0.00085021 0.0785901 -1.14183
10 3.71348 -0.102641 0.10219 1.44717 0.805255 0.453677
11 1.72615 0 0 0.00043569 0.152128 -1.5215
12 1.21114 0 0 -0.00303752 0.0173728 -0.770565
13 3.59919 -1.06012 0.070888 1.5386 0.23991 0.0797227
14 1.66069 0 0 0.0103178 0.056124 -0.0408303
15 1.16699 0 0 -0.00595466 0.00361555 -0.0873128
16 2.18853 0.50104 0.0576587 1.55893 0.123347 0.226068
17 1.29609 0 0 -0.203075 0.0749011 -0.697922
18 1.62202 0.000711441 -0.000470638 0.0360743 -0.00491086 -1.60563
19 1.22241 0 0 0.00725903 -0.00270845 -0.703281
20 1.76707 1.27612 0.0366411 1.52736 0.172031 0.124018
21 1.55587 0 0 -0.298752 0.180158 -0.613945
22 1.24273 0 0 -0.000523722 -0.000292301 -1.18846
23 0.784525 0 0 0.00666349 0.00160559 -0.545401
24 -3.05718 -1.77894 -10.1518 -0.000932693 0 -2.0944
25 6.02794 0 0 0.971572 0.257509 0.649544
26 11.7344 0 0 0.00140264 0 1.16529
27 8.81167 0 0 2.02678 0 0
28 5.77884 0 0 1.35794 0 0
29 2.23249 0 0 0.668836 0 0
30 11.4725 0 0 1.95631 0.118762 -0.560167
31 0.615812 0.994371 -0.809166 -2.74992 0.371521 0.481775
32 2.24752 0 0 -0.0913849 -0.00666569 -0.225298
33 1.11936 0 0 -0.0659629 0.197557 0.102886
34 3.71348 0.102638 0.10219 -1.55796 0.571139 -0.0724675
35 1.72615 0 0 -0.0103978 -0.0184002 0.607515
36 1.21112 0 0 0.00331377 0.017322 0.786478
37 3.5992 1.06012 0.0708885 -1.58519 0.28709 -0.042354
38 1.66069 0 0 0.00583329 0.0731641 0.298474
39 1.16699 0 0 0.0397123 0.0124132 0.751671
40 2.18853 -0.501041 0.0576591 -1.57359 0.194888 -0.159461
41 1.29609 0 0 -0.0170081 -0.0436384 0.560533
42 1.62202 -0.000715256 -0.000471115 -0.00806909 -0.0311476 0.638739
43 1.22241 0 0 -0.00974937 0.00244495 0.993006
44 1.76707 -1.27612 0.0366402 -1.57222 0.314887 -0.190364
45 1.55587 0 0 0.0298598 0.0130837 0.863363
46 1.24273 0 0 0.000587409 0.000120582 0.477555
47 0.784532 0 0 -0.0100876 -0.00368634 0.217615
48 0 0 0 0 0 0
49 5.9774 -16.4859 -7.83216 -0.230556 -0.0608291 -0.182451
50 0 -1.70357 0.00508022 0 0 0
51 -0.00196075 3.96104 2.21118 0 0 0
52 0.641596 -0.666148 0.75166 0 0 0
53 0.714397 -3.45621 1.13628 0 0 0
54 -0.70623 -4.69238 1.98618 -3.14159 -0.0872664 -3.14159
55 0.0133295 1.02904 3.61174 0 0 0
56 0.0133305 -4.73568 2.23877 0 0 0
57 5.07079 -22.6623 -11.6129 -0.230822 -0.060553 -0.182473
58 0.0129194 0.0367737 6.63003 0 0 0
time 158
0 7.96718 5.13272 -3.24532 0.000934124 0 -0.959925
1 6.02794 0 0 -0.636435 1.08971 -0.196199
2 11.7344 0 0 -0.00140259 0 -1.6666
3 8.81138 -0.000450134 -0.000110626 -0.0243807 0 0.000157493
4 5.77839 0.000286102 0 -0.0163351 0 0.00010532
5 2.23163 -0.000329971 -0.000364304 -0.00804558 0 0
6 11.4725 0 0 -0.232974 -0.420803 0.479259
7 0.615219 -0.993091 -0.8107 2.86877 0.397357 -0.310175
8 2.24752 0 0 0.0715792 0.114086 -0.295502
9 1.11936 0 0 0.000850004 0.0785902 -1.14183
10 3.71348 -0.10264 0.102191 1.44717 0.805255 0.453677
11 1.72615 0 0 0.000435653 0.152128 -1.5215
12 1.21114 0 0 -0.00303757 0.0173727 -0.770565
13 3.59919 -1.06012 0.0708876 1.5386 0.23991 0.0797227
14 1.66068 0 0 0.0103178 0.056124 -0.0408302
15 1.167 0 0 -0.00595461 0.00361555 -0.0873131
16 2.18852 0.50104 0.0576591 1.55893 0.123347 0.226068
17 1.29609 0 0 -0.203075 0.0749011 -0.697922
18 1.62202 0.000715256 -0.000471592 0.0360743 -0.00491093 -1.60563
19 1.22241 0 0 0.00725902 -0.00270846 -0.703281
20 1.76707 1.27612 0.0366406 1.52736 0.172031 0.124018
21 1.55587 0 0 -0.298752 0.180158 -0.613945
22 1.24273 0 0 -0.000523629 -0.000292225 -1.18846
23 0.784524 0 0 0.00666347 0.00160555 -0.545401
24 -2.93926 -1.61321 -10.2454 -0.000932693 0 -2.0944
25 6.02794 0 0 0.988038 0.240087 0.672309
26 11.7344 0 0 0.00140252 0 1.06662
27 8.81167 0 0 2.0213 0 0
28 5.77884 0 0 1.35427 0 0
29 2.23249 0 0 0.66703 0 0
30 11.4725 0 0 1.96274 0.159523 -0.50443
31 0.61581 0.994372 -0.809165 -2.74992 0.371521 0.481775
32 2.24752 0 0 -0.0913849 -0.00666567 -0.225298
33 1.11936 0 0 -0.065963 0.197556 0.102885
34 3.71348 0.102639 0.102191 -1.55796 0.571139 -0.0724674
35 1.72615 0 0 -0.0103979 -0.0184002 0.607515
36 1.21112 0 0 0.00331373 0.0173222 0.786478
37 3.5992 1.06012 0.0708885 -1.58519 0.28709 -0.0423538
38 1.66069 0 0 0.00583324 0.0731642 0.298474
39 1.16699 0 0 0.0397122 0.0124131 0.751671
40 2.18853 -0.50104 0.0576591 -1.57359 0.194888 -0.159462
41 1.29609 0 0 -0.017008 -0.0436384 0.560532
42 1.62202 -0.000713348 -0.000469208 -0.00806929 -0.0311476 0.638739
43 1.22241 0 0 -0.00974964 0.00244496 0.993006
44 1.76707 -1.27612 0.0366402 -1.57222 0.314887 -0.190364
45 1.55588 0 0 0.0298598 0.0130838 0.863363
46 1.24273 0 0 0.000587195 0.000120334 0.477555
47 0.784532 0 0 -0.0100872 -0.00368613 0.217615
48 0 0 0 0 0 0
49 5.95846 -16.8347 -7.87821 -0.192186 -0.0498533 -0.155149
50 0 -1.70357 0.00508118 0 0 0
51 -0.0019598 3.96104 2.21118 0 0 0
52 0.641597 -0.666147 0.75166 0 0 0
53 0.714397 -3.45621 1.13628 0 0 0
54 -0.706229 -4.69238 1.98618 3.14159 -0.0872663 -3.14159
55 0.0133305 1.02904 3.61174 0 0 0
56 0.0133305 -4.73568 2.23877 0 0 0
57 5.21459 -22.8809 -11.8974 -0.192452 -0.0495766 -0.15516
58 0.0129194 0.0367718 6.63004 0 0 0
time 159
0 7.96718 5.13272 -3.24532 0.000934124 0 -0.959925
1 6.02794 0 0 -0.667057 1.07722 -0.231438
2 11.7344 0 0 -0.00140286 0 -1.64826
3 8.81138 -0.000449181 -0.00011158 -0.0151726 0 0.000157081
4 5.77839 0.000287056 0 -0.0101657 0 0.000105228
5 2.23163 -0.000328064 -0.000364304 -0.00500691 0 0
6 11.4725 0 0 -0.260284 -0.435934 0.535303
7 0.61522 -0.993091 -0.8107 2.86876 0.397357 -0.310175
8 2.24752 0 0 0.0715793 0.114086 -0.295502
9 1.11936 0 0 0.000849971 0.07859 -1.14183
10 3.71348 -0.10264 0.102191 1.44717 0.805255 0.453677
11 1.72615 0 0 0.0004356 0.152128 -1.5215
12 1.21114 0 0 -0.0030375 0.0173727 -0.770564
13 3.59919 -1.06012 0.070888 1.5386 0.23991 0.0797227
14 1.66069 0 0 0.0103178 0.0561241 -0.0408303
15 1.167 0 0 -0.00595465 0.0036155 -0.0873128
16 2.18853 0.50104 0.0576582 1.55893 0.123348 0.226068
17 1.29609 0 0 -0.203075 0.0749011 -0.697922
18 1.62202 0.000715256 -0.000471115 0.0360744 -0.00491088 -1.60563
19 1.22241 0 0 0.00725897 -0.00270853 -0.703281
20 1.76707 1.27612 0.0366411 1.52736 0.172031 0.124017
21 1.55588 0 0 -0.298752 0.180158 -0.613945
22 1.24273 0 0 -0.00052368 -0.000292309 -1.18846
23 0.784523 0 0 0.00666346 0.00160558 -0.545401
24 -2.86295 -1.50597 -10.306 -0.000932693 0 -2.0944
25 6.02794 0 0 1.00009 0.223066 0.696699
26 11.7344 0 0 0.00140281 0 0.975003
27 8.81167 0 0 2.01916 0 0
28 5.77884 0 0 1.35284 0 0
29 2.23249 0 0 0.666324 0 0
30 11.4725 0 0 1.97072 0.198335 -0.455307
31 0.615814 0.994371 -0.809166 -2.74992 0.371521 0.481775
32 2.24752 0 0 -0.0913849 -0.00666569 -0.225298
33 1.11935 0 0 -0.065963 0.197557 0.102885
34 3.71349 0.10264 0.102191 -1.55796 0.571139 -0.0724673
35 1.72615 0 0 -0.0103979 -0.0184002 0.607515
36 1.21112 0 0 0.00331353 0.0173221 0.786478
37 3.5992 1.06012 0.0708885 -1.58519 0.28709 -0.0423538
38 1.66069 0 0 0.00583318 0.0731641 0.298474
39 1.16699 0 0 0.0397123 0.0124131 0.751671
40 2.18853 -0.50104 0.0576591 -1.57359 0.194888 -0.159461
41 1.29609 0 0 -0.0170079 -0.0436383 0.560533
42 1.62202 -0.000715256 -0.000469208 -0.00806935 -0.0311475 0.638739
43 1.22241 0 0 -0.00974938 0.00244505 0.993006
44 1.76707 -1.27612 0.0366402 -1.57222 0.314887 -0.190364
45 1.55587 0 0 0.0298599 0.0130837 0.863363
46 1.24273 0 0 0.000587343 0.000120437 0.477555
47 0.784532 0 0 -0.0100876 -0.00368618 0.217615
48 0 0 0 0 0 0
49 5.93813 -17.1213 -7.91436 -0.153677 -0.038513 -0.125091
50 0 -1.70357 0.00508022 0 0 0
51 -0.00195932 3.96104 2.21118 0 0 0
52 0.641596 -0.666147 0.75166 0 0 0
53 0.714398 -3.45621 1.13628 0 0 0
54 -0.706229 -4.69238 1.98618 -3.14159 -0.0872664 3.14159
55 0.0133305 1.02904 3.61174 0 0 0
56 0.01333 -4.73568 2.23877 0 0 0
57 5.35981 -23.0243 -12.1668 -0.153944 -0.038236 -0.125091
58 0.0129199 0.0367699 6.63003 0 0 0
time 160
0 7.96718 5.13272 -3.24532 0.000934124 0 -0.959925
1 6.02794 0 0 -0.689062 1.06703 -0.259407
2 11.7344 0 0 -0.0014029 0 -1.6368
3 8.81138 -0.000450134 -0.000112534 -0.00314588 0 0.000157244
4 5.77839 0.000286102 0 -0.00210774 0 0.000105143
5 2.23164 -0.000329971 -0.000362396 -0.00103819 0 0
6 11.4725 0 0 -0.289675 -0.452114 0.593528
7 0.61522 -0.993091 -0.8107 2.86877 0.397357 -0.310175
8 2.24752 0 0 0.0715791 0.114087 -0.295502
9 1.11936 0 0 0.000850001 0.0785902 -1.14183
10 3.71348 -0.10264 0.102191 1.44717 0.805255 0.453677
11 1.72615 0 0 0.00043566 0.152128 -1.5215
12 1.21114 0 0 -0.00303756 0.0173727 -0.770565
13 3.59919 -1.06012 0.0708885 1.5386 0.23991 0.0797227
14 1.66068 0 0 0.0103178 0.056124 -0.0408304
15 1.167 0 0 -0.00595464 0.00361558 -0.0873128
16 2.18852 0.50104 0.0576591 1.55893 0.123347 0.226068
17 1.29609 0 0 -0.203075 0.0749011 -0.697922
18 1.62202 0.000713348 -0.000472069 0.0360743 -0.00491093 -1.60563
19 1.22241 0 0 0.00725905 -0.00270849 -0.703281
20 1.76707 1.27612 0.0366411 1.52736 0.172031 0.124018
21 1.55588 0 0 -0.298752 0.180158 -0.613945
22 1.24273 0 0 -0.000523623 -0.000292288 -1.18846
23 0.784524 0 0 0.00666349 0.00160559 -0.545401
24 -2.83583 -1.46786 -10.3275 -0.000932693 0 -2.0944
25 6.02794 0 0 1.00708 0.210449 0.720059
26 11.7344 0 0 0.00140273 0 0.90038
27 8.81167 0 0 2.0206 0 0
28 5.77884 0 0 1.3538 0 0
29 2.23249 0 0 0.666799 0 0
30 11.4725 0 0 1.97978 0.232448 -0.417617
31 0.615812 0.994371 -0.809165 -2.74992 0.371521 0.481775
32 2.24752 0 0 -0.0913849 -0.00666563 -0.225298
33 1.11936 0 0 -0.065963 0.197556 0.102886
34 3.71349 0.10264 0.102191 -1.55796 0.571139 -0.0724675
35 1.72615 0 0 -0.0103977 -0.0184001 0.607515
36 1.21112 0 0 0.00331385 0.017322 0.786478
37 3.5992 1.06012 0.0708885 -1.58519 0.28709 -0.0423541
38 1.66069 0 0 0.00583335 0.0731642 0.298474
39 1.16699 0 0 0.0397123 0.0124134 0.751671
40 2.18853 -0.50104 0.0576591 -1.57359 0.194888 -0.159462
41 1.29609 0 0 -0.0170079 -0.0436384 0.560533
42 1.62202 -0.000713348 -0.000470161 -0.00806924 -0.0311475 0.638739
43 1.22241 0 0 -0.00974957 0.00244496 0.993006
44 1.76707 -1.27612 0.0366411 -1.57222 0.314887 -0.190364
45 1.55588 0 0 0.02986 0.0130838 0.863363
46 1.24273 0 0 0.000587352 0.000120473 0.477555
47 0.784533 0 0 -0.0100875 -0.00368625 0.217615
48 0 0 0 0 0 0
49 5.9165 -17.3292 -7.93826 -0.116774 -0.0274813 -0.0948826
50 0 -1.70356 0.00508022 0 0 0
51 -0.0019598 3.96104 2.21118 0 0 0
52 0.641596 -0.666144 0.75166 0 0 0
53 0.714397 -3.4562 1.13628 0 0 0
54 -0.706229 -4.69238 1.98618 3.14159 -0.0872663 -3.14159
55 0.01333 1.02904 3.61174 0 0 0
56 0.0133295 -4.73568 2.23877 0 0 0
57 5.49118 -23.0827 -12.408 -0.117041 -0.0272045 -0.0948724
58 0.0129189 0.0367737 6.63003 0 0 0
time 161
0 7.96718 5.13272 -3.24532 0.000934124 0 -0.959925
1 6.02794 0 0 -0.695189 1.06296 -0.273183
2 11.7344 0 0 -0.00140288 0 -1.6288
3 8.81138 -0.000449181 -0.000113487 0 0 0.000157324
4 5.77839 0.000286102 0 0 0 0.00010538
5 2.23164 -0.000329018 -0.000366211 0 0 0
6 11.4725 0 0 -0.315542 -0.473745 0.621399
7 0.615218 -0.993092 -0.8107 2.86161 0.399128 -0.343419
8 2.24752 0 0 0.0611529 0.0907424 -0.332876
9 1.11936 0 0 0.00570353 0.0746768 -1.08461
10 3.71348 -0.10264 0.102191 1.43884 0.788441 0.440819
11 1.72615 0 0 0.00274915 0.151076 -1.50508
12 1.21113 0 0 -0.00269868 0.0168626 -0.791464
13 3.59919 -1.06012 0.0708885 1.53741 0.232477 0.0772864
14 1.66069 0 0 0.0104128 0.0561132 -0.0391627
15 1.167 0 0 -0.00594925 0.00363364 -0.0856477
16 2.18853 0.50104 0.0576591 1.55893 0.123347 0.226068
17 1.29609 0 0 -0.201306 0.0719036 -0.680844
18 1.62202 0.000713348 -0.000470638 0.0359315 -0.00524592 -1.59655
19 1.22241 0 0 0.00714568 -0.00270922 -0.716917
20 1.76707 1.27612 0.0366411 1.52736 0.172031 0.124018
21 1.55587 0 0 -0.300068 0.177519 -0.622297
22 1.24274 0 0 -0.000527924 -0.000284471 -1.17369
23 0.784524 0 0 0.00684048 0.00144236 -0.530635
24 -2.83583 -1.46786 -10.3275 -0.000932693 0 -2.0944
25 6.02794 0 0 1.01093 0.202991 0.740105
26 11.7344 0 0 0.00140279 0 0.845317
27 8.81167 0 0 2.02376 0 0
28 5.77884 0 0 1.35592 0 0
29 2.23249 0 0 0.667841 0 0
30 11.4725 0 0 1.98827 0.261497 -0.392039
31 0.61581 0.994373 -0.809165 -2.74992 0.371521 0.481775
32 2.24751 0 0 -0.0913849 -0.00666564 -0.225298
33 1.11936 0 0 -0.065963 0.197556 0.102886
34 3.71348 0.102639 0.102191 -1.55796 0.571139 -0.0724671
35 1.72615 0 0 -0.0103977 -0.0184001 0.607515
36 1.21112 0 0 0.00331361 0.0173221 0.786478
37 3.5992 1.06012 0.0708876 -1.58519 0.28709 -0.0423537
38 1.66069 0 0 0.00583339 0.0731641 0.298474
39 1.16699 0 0 0.0397122 0.0124133 0.751671
40 2.18853 -0.50104 0.0576591 -1.57359 0.194888 -0.159461
41 1.29609 0 0 -0.017008 -0.0436383 0.560533
42 1.62202 -0.000711441 -0.000470161 -0.00806918 -0.0311476 0.638739
43 1.22241 0 0 -0.00974962 0.00244511 0.993006
44 1.76707 -1.27612 0.0366411 -1.57222 0.314887 -0.190364
45 1.55588 0 0 0.0298598 0.0130837 0.863363
46 1.24273 0 0 0.000587326 0.000120494 0.477555
47 0.784532 0 0 -0.0100875 -0.00368632 0.217615
48 0 0 0 0 0 0
49 5.89366 -17.459 -7.94915 -0.0832199 -0.0174317 -0.0671328
50 0 -1.70357 0.00508022 0 0 0
51 -0.0019598 3.96104 2.21118 0 0 0
52 0.641596 -0.666149 0.75166 0 0 0
53 0.714397 -3.45621 1.13628 0 0 0
54 -0.70623 -4.69238 1.98618 3.14159 -0.0872663 -3.14159
55 0.0133295 1.02904 3.61174 0 0 0
56 0.0133295 -4.73569 2.23877 0 0 0
57 5.59692 -23.0664 -12.6109 -0.0834873 -0.0171554 -0.0671133
58 0.0129194 0.0367737 6.63003 0 0 0
time 162
0 7.96718 5.13272 -3.24532 0.000934124 0 -0.959925
1 6.02794 0 0 -0.68176 1.06704 -0.269094
2 11.7344 0 0 -0.00140289 0 -1.62111
3 8.81138 -0.000449181 -0.000112534 -0.0166477 0 0.000157323
4 5.77839 0.000285149 0 -0.0111539 0 0.000105481
5 2.23164 -0.000329971 -0.000364304 -0.00549371 0 0
6 11.4725 0 0 -0.332057 -0.503232 0.596286
7 0.615219 -0.993091 -0.8107 2.84492 0.399441 -0.426171
8 2.24752 0 0 0.0360543 0.0331969 -0.420504
9 1.11936 0 0 0.014189 0.0662827 -0.986752
10 3.71348 -0.10264 0.10219 1.42009 0.744309 0.409991
11 1.72615 0 0 0.00869711 0.148361 -1.46264
12 1.21113 0 0 -0.00181531 0.0155082 -0.845513
13 3.59919 -1.06012 0.0708876 1.53438 0.212241 0.0707454
14 1.66069 0 0 0.0106711 0.0560827 -0.034629
15 1.167 0 0 -0.00593429 0.00368218 -0.0811211
16 2.18853 0.50104 0.0576587 1.55893 0.123347 0.226068
17 1.29609 0 0 -0.196758 0.0642079 -0.636659
18 1.62202 0.000713348 -0.000471115 0.0355483 -0.00610626 -1.57307
19 1.22241 0 0 0.00683344 -0.00270333 -0.752181
20 1.76707 1.27612 0.0366406 1.52736 0.172031 0.124018
21 1.55588 0 0 -0.303467 0.170683 -0.643907
22 1.24273 0 0 -0.000538323 -0.000264435 -1.13602
23 0.784523 0 0 0.00728074 0.00101416 -0.492969
24 -2.83583 -1.46786 -10.3275 -0.000932693 0 -2.0944
25 6.02794 0 0 1.01391 0.198843 0.755354
26 11.7344 0 0 0.00140267 0 0.806372
27 8.81167 0 0 2.02642 0 0
28 5.77884 0 0 1.3577 0 0
29 2.23249 0 0 0.668718 0 0
30 11.4725 0 0 1.99462 0.285587 -0.376031
31 0.615812 0.994371 -0.809166 -2.74992 0.371521 0.481775
32 2.24752 0 0 -0.0913849 -0.00666565 -0.225298
33 1.11936 0 0 -0.065963 0.197556 0.102886
34 3.71349 0.102639 0.102191 -1.55796 0.571139 -0.0724674
35 1.72615 0 0 -0.0103978 -0.0184002 0.607515
36 1.21112 0 0 0.00331367 0.017322 0.786478
37 3.5992 1.06012 0.0708876 -1.58519 0.28709 -0.0423539
38 1.66069 0 0 0.00583315 0.073164 0.298474
39 1.16699 0 0 0.0397125 0.0124132 0.751671
40 2.18853 -0.50104 0.0576582 -1.57359 0.194888 -0.159461
41 1.29609 0 0 -0.0170079 -0.0436383 0.560533
42 1.62202 -0.000713348 -0.000468254 -0.00806921 -0.0311477 0.638739
43 1.22241 0 0 -0.00974969 0.00244498 0.993006
44 1.76707 -1.27612 0.0366402 -1.57222 0.314887 -0.190364
45 1.55588 0 0 0.0298598 0.0130838 0.863363
46 1.24273 0 0 0.000587346 0.000120451 0.477555
47 0.784533 0 0 -0.0100873 -0.00368623 0.217615
48 0 0 0 0 0 0
49 5.8697 -17.5315 -7.9496 -0.054759 -0.00903749 -0.0444489
50 0 -1.70357 0.00508022 0 0 0
51 -0.0019598 3.96104 2.21118 0 0 0
52 0.641596 -0.666147 0.751659 0 0 0
53 0.714397 -3.45621 1.13628 0 0 0
54 -0.70623 -4.69238 1.98618 3.14159 -0.0872664 -3.14159
55 0.0133295 1.02904 3.61174 0 0 0
56 0.0133295 -4.73568 2.23877 0 0 0
57 5.66855 -23.0078 -12.7697 -0.0550263 -0.00876187 -0.0444215
58 0.0129194 0.0367718 6.63003 0 0 0
time 163
0 7.96718 5.13272 -3.24532 0.000934124 0 -0.959925
1 6.02794 0 0 -0.65362 1.07668 -0.251252
2 11.7344 0 0 -0.001403 0 -1.61424
3 8.81139 -0.000448227 -0.000112534 -0.0525824 0 0.000157288
4 5.77839 0.00028801 0 -0.0352303 0 0.000105163
5 2.23163 -0.000329971 -0.000364304 -0.0173521 0 0
6 11.4725 0 0 -0.338494 -0.535634 0.530912
7 0.615219 -0.993092 -0.8107 2.82668 0.391439 -0.532084
8 2.24752 0 0 0.00562953 -0.0395036 -0.52193
9 1.11936 0 0 0.0175011 0.060438 -0.958693
10 3.71348 -0.102641 0.102191 1.40011 0.682385 0.372621
11 1.72615 0 0 0.0167836 0.144652 -1.40436
12 1.21114 0 0 -0.000580772 0.0135669 -0.919737
13 3.59919 -1.06012 0.070888 1.5304 0.182279 0.0612894
14 1.66069 0 0 0.0110519 0.0560347 -0.0279335
15 1.167 0 0 -0.00591143 0.00375222 -0.0744366
16 2.18852 0.50104 0.0576591 1.55893 0.123347 0.226068
17 1.29609 0 0 -0.190572 0.0537742 -0.575937
18 1.62202 0.000711441 -0.000471115 0.0349892 -0.00727267 -1.54082
19 1.22241 0 0 0.00635974 -0.00267872 -0.800609
20 1.76707 1.27612 0.0366406 1.52736 0.172031 0.124018
21 1.55588 0 0 -0.308121 0.161271 -0.673606
22 1.24273 0 0 -0.000550995 -0.000236834 -1.0854
23 0.784524 0 0 0.00784653 0.00041319 -0.44235
24 -2.83583 -1.46786 -10.3275 -0.000932693 0 -2.0944
25 6.02794 0 0 1.01591 0.197866 0.765419
26 11.7344 0 0 0.00140277 0 0.783204
27 8.81167 0 0 2.02878 0 0
28 5.77884 0 0 1.35928 0 0
29 2.23249 0 0 0.669498 0 0
30 11.4725 0 0 1.99908 0.304029 -0.368371
31 0.615812 0.994371 -0.809165 -2.74992 0.371521 0.481775
32 2.24752 0 0 -0.0913849 -0.00666555 -0.225298
33 1.11936 0 0 -0.065963 0.197556 0.102885
34 3.71348 0.102638 0.102191 -1.55796 0.571139 -0.0724675
35 1.72615 0 0 -0.0103978 -0.0184004 0.607515
36 1.21112 0 0 0.00331371 0.0173223 0.786478
37 3.5992 1.06012 0.0708895 -1.58519 0.28709 -0.0423538
38 1.66069 0 0 0.00583331 0.0731641 0.298474
39 1.16699 0 0 0.0397123 0.0124133 0.751671
40 2.18853 -0.501041 0.0576591 -1.57359 0.194888 -0.159461
41 1.29609 0 0 -0.0170079 -0.0436384 0.560533
42 1.62202 -0.000713348 -0.000470161 -0.00806917 -0.0311475 0.638739
43 1.22241 0 0 -0.00974957 0.00244495 0.993006
44 1.76707 -1.27612 0.0366411 -1.57222 0.314887 -0.190364
45 1.55587 0 0 0.0298598 0.0130838 0.863363
46 1.24273 0 0 0.00058723 0.000120349 0.477555
47 0.784531 0 0 -0.0100874 -0.00368613 0.217615
48 0 0 0 0 0 0
49 5.8447 -17.5604 -7.94225 -0.0325966 -0.00257147 -0.0274214
50 0 -1.70357 0.00508022 0 0 0
51 -0.0019598 3.96104 2.21118 0 0 0
52 0.641596 -0.666147 0.75166 0 0 0
53 0.714397 -3.45621 1.13628 0 0 0
54 -0.70623 -4.69238 1.98618 -3.14159 -0.0872664 3.14159
55 0.01333 1.02904 3.61174 0 0 0
56 0.0133305 -4.73568 2.23877 0 0 0
57 5.70894 -22.9303 -12.8828 -0.0328638 -0.00229652 -0.027388
58 0.0129194 0.0367718 6.63003 0 0 0
time 164
0 7.96718 5.13272 -3.24532 0.000934124 0 -0.959925
1 6.02794 0 0 -0.616504 1.0887 -0.224757
2 11.7344 0 0 -0.00140285 0 -1.60793
3 8.81138 -0.000448227 -0.000111103 -0.104005 0 0.000157329
4 5.77839 0.000286102 0 -0.0696835 0 0.000104965
5 2.23164 -0.000329971 -0.00036478 -0.0343218 0 0
6 11.4725 0 0 -0.337143 -0.566001 0.44113
7 0.615219 -0.993092 -0.8107 2.8128 0.371659 -0.633872
8 2.24752 0 0 -0.0205254 -0.106937 -0.602377
9 1.11936 0 0 0.0114451 0.0579869 -1.082
10 3.71348 -0.102641 0.10219 1.38476 0.613003 0.337083
11 1.72615 0 0 0.0255473 0.140614 -1.34044
12 1.21113 0 0 0.000809311 0.0113314 -1.00116
13 3.59919 -1.06012 0.0708871 1.52633 0.145685 0.0500663
14 1.66069 0 0 0.0115147 0.0559717 -0.019781
15 1.167 0 0 -0.00588241 0.00383492 -0.0662969
16 2.18853 0.50104 0.0576587 1.55893 0.123347 0.226068
17 1.29609 0 0 -0.183856 0.0425123 -0.509265
18 1.62202 0.000713348 -0.000471115 0.0343328 -0.00853079 -1.50544
19 1.22241 0 0 0.00577901 -0.00263223 -0.85374
20 1.76707 1.27612 0.0366406 1.52736 0.172031 0.124018
21 1.55588 0 0 -0.31321 0.150909 -0.70623
22 1.24273 0 0 -0.000562875 -0.00020704 -1.03177
23 0.784523 0 0 0.00841182 -0.000253722 -0.388727
24 -2.83583 -1.46786 -10.3275 -0.000932693 0 -2.0944
25 6.02794 0 0 1.01723 0.198429 0.771928
26 11.7344 0 0 0.00140266 0 0.770496
27 8.81167 0 0 2.03065 0 0
28 5.77884 0 0 1.36053 0 0
29 2.23249 0 0 0.670113 0 0
30 11.4725 0 0 2.00205 0.317956 -0.365512
31 0.615814 0.994371 -0.809166 -2.74992 0.371521 0.481775
32 2.24751 0 0 -0.0913849 -0.00666575 -0.225298
33 1.11936 0 0 -0.065963 0.197557 0.102885
34 3.71349 0.102638 0.10219 -1.55796 0.571139 -0.0724671
35 1.72615 0 0 -0.0103978 -0.0184 0.607515
36 1.21112 0 0 0.00331356 0.017322 0.786478
37 3.5992 1.06012 0.0708885 -1.58519 0.28709 -0.0423537
38 1.66069 0 0 0.00583324 0.073164 0.298474
39 1.16699 0 0 0.0397123 0.0124133 0.751671
40 2.18853 -0.501041 0.0576591 -1.57359 0.194888 -0.159461
41 1.29609 0 0 -0.0170079 -0.0436382 0.560533
42 1.62202 -0.000713348 -0.000469208 -0.0080692 -0.0311475 0.638739
43 1.22241 0 0 -0.0097495 0.00244496 0.993006
44 1.76707 -1.27612 0.0366402 -1.57222 0.314887 -0.190364
45 1.55587 0 0 0.0298598 0.0130839 0.863363
46 1.24273 0 0 0.000587355 0.000120487 0.477555
47 0.784533 0 0 -0.0100876 -0.00368608 0.217615
48 0 0 0 0 0 0
49 5.81875 -17.559 -7.92978 -0.0162766 0.00227083 -0.0145611
50 0 -1.70357 0.00508118 0 0 0
51 -0.0019598 3.96104 2.21118 0 0 0
52 0.641596 -0.666147 0.75166 0 0 0
53 0.714396 -3.45621 1.13628 0 0 0
54 -0.70623 -4.69238 1.98618 3.14159 -0.0872663 -3.14159
55 0.01333 1.02904 3.61174 0 0 0
56 0.01333 -4.73568 2.23877 0 0 0
57 5.72913 -22.8486 -12.9573 -0.0165436 0.0025452 -0.0145232
58 0.0129189 0.0367718 6.63003 0 0 0
time 165
0 7.96718 5.13272 -3.24532 0.000934124 0 -0.959925
1 6.02794 0 0 -0.577583 1.1002 -0.195311
2 11.7344 0 0 -0.00140279 0 -1.60191
3 8.81138 -0.000448227 -0.000113487 -0.164284 0 0.000157117
4 5.77839 0.000286102 0 -0.11007 0 0.000104497
5 2.23164 -0.000328064 -0.000363827 -0.0542136 0 0
6 11.4725 0 0 -0.3322 -0.587855 0.343821
7 0.615219 -0.993093 -0.8107 2.80402 0.33981 -0.705015
8 2.24752 0 0 -0.0325403 -0.147363 -0.629033
9 1.11936 0 0 -0.000971399 0.0536663 -1.30483
10 3.71348 -0.102642 0.102191 1.3757 0.547432 0.308212
11 1.72615 0 0 0.0335915 0.136896 -1.28105
12 1.21114 0 0 0.00214191 0.00915767 -1.07681
13 3.59919 -1.06012 0.0708876 1.52284 0.105588 0.0381178
14 1.66069 0 0 0.0120191 0.0558971 -0.0108759
15 1.167 0 0 -0.00584917 0.00392193 -0.0574056
16 2.18852 0.501039 0.0576582 1.55893 0.123347 0.226068
17 1.29609 0 0 -0.177671 0.0322254 -0.447258
18 1.62202 0.000715256 -0.000472069 0.0336835 -0.00967822 -1.47257
19 1.22241 0 0 0.00518136 -0.00257369 -0.90311
20 1.76707 1.27612 0.0366402 1.52736 0.172031 0.124018
21 1.55588 0 0 -0.31793 0.141235 -0.736624
22 1.24273 0 0 -0.000571869 -0.000180449 -0.985077
23 0.784522 0 0 0.00887426 -0.000858337 -0.342045
24 -2.83583 -1.46786 -10.3275 -0.000932693 0 -2.0944
25 6.02794 0 0 1.01794 0.200177 0.775356
26 11.7344 0 0 0.0014027 0 0.766032
27 8.81167 0 0 2.03227 0 0
28 5.77884 0 0 1.36162 0 0
29 2.23249 0 0 0.670648 0 0
30 11.4725 0 0 2.00398 0.327998 -0.36602
31 0.615814 0.99437 -0.809165 -2.74992 0.371521 0.481775
32 2.24752 0 0 -0.0913848 -0.00666573 -0.225298
33 1.11935 0 0 -0.065963 0.197557 0.102886
34 3.71349 0.102639 0.102192 -1.55796 0.571139 -0.0724672
35 1.72615 0 0 -0.0103979 -0.0184001 0.607515
36 1.21112 0 0 0.00331366 0.017322 0.786478
37 3.5992 1.06012 0.0708885 -1.58519 0.28709 -0.0423537
38 1.66069 0 0 0.00583327 0.073164 0.298474
39 1.16699 0 0 0.0397123 0.0124133 0.751671
40 2.18853 -0.501042 0.0576591 -1.57359 0.194888 -0.159461
41 1.29609 0 0 -0.0170079 -0.0436384 0.560533
42 1.62201 -0.000711441 -0.000471115 -0.00806912 -0.0311475 0.638739
43 1.22241 0 0 -0.00974941 0.00244512 0.993006
44 1.76707 -1.27612 0.0366411 -1.57222 0.314887 -0.190364
45 1.55587 0 0 0.0298597 0.0130839 0.863363
46 1.24273 0 0 0.00058726 0.000120349 0.477555
47 0.784532 0 0 -0.0100873 -0.00368617 0.217615
48 0 0 0 0 0 0
49 5.79195 -17.5411 -7.91483 -0.00505108 0.00568189 -0.00535519
50 0 -1.70357 0.00508022 0 0 0
51 -0.0019598 3.96104 2.21118 0 0 0
52 0.641596 -0.666149 0.75166 0 0 0
53 0.714397 -3.45621 1.13628 0 0 0
54 -0.70623 -4.69238 1.98618 3.14159 -0.0872664 -3.14159
55 0.01333 1.02904 3.61174 0 0 0
56 0.0133295 -4.73569 2.23877 0 0 0
57 5.73384 -22.7743 -13.0014 -0.00531792 0.00595582 -0.00531421
58 0.0129194 0.0367718 6.63003 0 0 0
time 166
0 7.96718 5.13272 -3.24532 0.000934124 0 -0.959925
1 6.02794 0 0 -0.545129 1.10901 -0.169243
2 11.7344 0 0 -0.00140285 0 -1.59657
3 8.81138 -0.000450134 -0.00011158 -0.223816 0 0.000157213
4 5.77839 0.000286102 0 -0.149957 0 0.000104318
5 2.23163 -0.000329971 -0.000362873 -0.0738591 0 0
6 11.4725 0 0 -0.330292 -0.595556 0.258043
7 0.615218 -0.993092 -0.8107 2.79547 0.296243 -0.720991
8 2.24752 0 0 -0.0206102 -0.139351 -0.569313
9 1.11936 0 0 -0.0162916 0.0497123 -1.5374
10 3.71348 -0.102641 0.10219 1.37175 0.497516 0.28866
11 1.72615 0 0 0.0395825 0.134124 -1.23637
12 1.21114 0 0 0.00317489 0.00746309 -1.13373
13 3.59919 -1.06012 0.070888 1.52032 0.0651606 0.026372
14 1.66069 0 0 0.0125249 0.0558161 -0.00192206
15 1.167 0 0 -0.0058142 0.00400592 -0.0484657
16 2.18852 0.50104 0.0576591 1.55893 0.123347 0.226068
17 1.29609 0 0 -0.173046 0.0246006 -0.400569
18 1.62202 0.000713348 -0.000471115 0.0331703 -0.0105272 -1.44783
19 1.22241 0 0 0.00469443 -0.00252164 -0.940255
20 1.76707 1.27612 0.0366406 1.52736 0.172031 0.124017
21 1.55587 0 0 -0.321492 0.133898 -0.759642
22 1.24274 0 0 -0.000576979 -0.000163347 -0.95528
23 0.784524 0 0 0.00915445 -0.00125521 -0.312252
24 -2.83583 -1.46786 -10.3275 -0.000932693 0 -2.0944
25 6.02794 0 0 1.01821 0.201996 0.776617
26 11.7344 0 0 0.00140268 0 0.765916
27 8.81167 0 0 2.03355 0 0
28 5.77884 0 0 1.36248 0 0
29 2.23249 0 0 0.671072 0 0
30 11.4725 0 0 2.0052 0.334814 -0.367684
31 0.61581 0.994372 -0.809166 -2.74992 0.371521 0.481775
32 2.24752 0 0 -0.0913849 -0.00666569 -0.225298
33 1.11935 0 0 -0.065963 0.197557 0.102885
34 3.71349 0.102638 0.10219 -1.55796 0.571138 -0.0724673
35 1.72615 0 0 -0.0103977 -0.0184001 0.607515
36 1.21112 0 0 0.0033137 0.0173221 0.786478
37 3.5992 1.06012 0.0708876 -1.58519 0.28709 -0.042354
38 1.66069 0 0 0.00583331 0.0731642 0.298474
39 1.16699 0 0 0.0397122 0.0124133 0.751671
40 2.18853 -0.501041 0.0576582 -1.57359 0.194888 -0.159461
41 1.29609 0 0 -0.017008 -0.0436384 0.560532
42 1.62202 -0.000713348 -0.000473022 -0.00806908 -0.0311476 0.638739
43 1.22241 0 0 -0.00974959 0.00244504 0.993006
44 1.76707 -1.27612 0.0366402 -1.57222 0.314887 -0.190364
45 1.55588 0 0 0.0298599 0.0130838 0.863363
46 1.24273 0 0 0.000587235 0.000120624 0.477555
47 0.784532 0 0 -0.0100874 -0.00368633 0.217615
48 0 0 0 0 0 0
49 5.76438 -17.52 -7.90006 0.00182794 0.00785424 0.000708934
50 0 -1.70357 0.0050807 0 0 0
51 -0.00196028 3.96104 2.21118 0 0 0
52 0.641596 -0.666147 0.75166 0 0 0
53 0.714397 -3.45621 1.13628 0 0 0
54 -0.706229 -4.69238 1.98618 3.14159 -0.0872664 -3.14159
55 0.01333 1.02904 3.61174 0 0 0
56 0.0133305 -4.73569 2.23877 0 0 0
57 5.72665 -22.7184 -13.0224 0.00156121 0.00812787 0.000751801
58 0.0129189 0.0367737 6.63003 0 0 0
time 167
0 7.96718 5.13272 -3.24532 0.000934124 0 -0.959925
1 6.02794 0 0 -0.52852 1.11348 -0.1538
2 11.7344 0 0 -0.00140286 0 -1.59237
3 8.81138 -0.000448227 -0.00011301 -0.273119 0 0.00015695
4 5.77839 0.00028801 0 -0.18299 0 0.00010414
5 2.23163 -0.000329971 -0.000363827 -0.0901295 0 0
6 11.4725 0 0 -0.338903 -0.584648 0.203803
7 0.61522 -0.993092 -0.8107 2.78005 0.239551 -0.659116
8 2.24752 0 0 0.0238475 -0.0648764 -0.387122
9 1.11936 0 0 -0.0315201 0.0550005 -1.69044
10 3.71348 -0.102641 0.102191 1.37071 0.475262 0.280514
11 1.72615 0 0 0.0422202 0.132904 -1.21658
12 1.21114 0 0 0.00364169 0.00669651 -1.15895
13 3.59919 -1.06012 0.070888 1.51883 0.0276096 0.0156745
14 1.66069 0 0 0.0129924 0.0557355 0.00637592
15 1.167 0 0 -0.00578042 0.00408062 -0.0401806
16 2.18852 0.50104 0.0576591 1.55893 0.123347 0.226068
17 1.29609 0 0 -0.171004 0.0212544 -0.379874
18 1.62202 0.000713348 -0.000472069 0.0329362 -0.0108993 -1.43687
19 1.22241 0 0 0.0044683 -0.00249669 -0.956711
20 1.76707 1.27612 0.0366416 1.52736 0.172031 0.124018
21 1.55587 0 0 -0.323119 0.13055 -0.770144
22 1.24274 0 0 -0.000577504 -0.000161651 -0.952322
23 0.784525 0 0 0.00918165 -0.00129504 -0.309295
24 -2.83583 -1.46786 -10.3275 -0.000932693 0 -2.0944
25 6.02794 0 0 1.01819 0.202923 0.776508
26 11.7344 0 0 0.00140273 0 0.766678
27 8.81167 0 0 2.03434 0 0
28 5.77884 0 0 1.36301 0 0
29 2.23249 0 0 0.671333 0 0
30 11.4725 0 0 2.00599 0.339069 -0.368561
31 0.615812 0.994371 -0.809165 -2.74992 0.371521 0.481775
32 2.24752 0 0 -0.091385 -0.00666561 -0.225298
33 1.11936 0 0 -0.065963 0.197556 0.102885
34 3.71348 0.102639 0.102191 -1.55796 0.571138 -0.0724674
35 1.72615 0 0 -0.0103979 -0.0184001 0.607515
36 1.21112 0 0 0.00331358 0.0173221 0.786478
37 3.5992 1.06012 0.0708885 -1.58519 0.28709 -0.0423538
38 1.66069 0 0 0.00583326 0.0731642 0.298474
39 1.16699 0 0 0.0397122 0.0124133 0.751671
40 2.18853 -0.50104 0.0576601 -1.57359 0.194888 -0.159461
41 1.29609 0 0 -0.0170079 -0.0436383 0.560533
42 1.62202 -0.000713348 -0.000471115 -0.00806906 -0.0311476 0.638739
43 1.22241 0 0 -0.00974956 0.00244497 0.993006
44 1.76707 -1.27612 0.0366411 -1.57222 0.314887 -0.190364
45 1.55588 0 0 0.0298598 0.0130836 0.863363
46 1.24273 0 0 0.000587342 0.000120559 0.477555
47 0.784532 0 0 -0.0100874 -0.00368622 0.217615
48 0 0 0 0 0 0
49 5.73612 -17.5094 -7.88814 0.00510828 0.00898035 0.00414391
50 0 -1.70357 0.00508118 0 0 0
51 -0.00196028 3.96104 2.21118 0 0 0
52 0.641595 -0.666149 0.75166 0 0 0
53 0.714397 -3.45621 1.13628 0 0 0
54 -0.70623 -4.69238 1.98618 3.14159 -0.0872664 -3.14159
55 0.01333 1.02904 3.61174 0 0 0
56 0.01333 -4.73569 2.23877 0 0 0
57 5.71026 -22.691 -13.0275 0.0048416 0.00925384 0.00418767
58 0.0129194 0.0367718 6.63003 0 0 0
time 168
0 7.96718 5.13272 -3.24532 0.000934124 0 -0.959925
1 6.02794 0 0 -0.536587 1.1121 -0.155799
2 11.7344 0 0 -0.00140309 0 -1.59031
3 8.81138 -0.000450134 -0.000113487 -0.305184 0 0.00015755
4 5.77839 0.000284195 0 -0.204473 0 0.000104049
5 2.23163 -0.000331879 -0.000363827 -0.100711 0 0
6 11.4725 0 0 -0.363129 -0.551058 0.200129
7 0.615219 -0.993091 -0.8107 2.76567 0.158509 -0.497427
8 2.24752 0 0 0.112959 0.110637 -0.0315025
9 1.11936 0 0 -0.0472413 0.0742721 -1.74931
10 3.71348 -0.102641 0.102191 1.37148 0.492436 0.286771
11 1.72615 0 0 0.0401863 0.133845 -1.23185
12 1.21113 0 0 0.0032811 0.00728868 -1.13949
13 3.59919 -1.06012 0.0708885 1.51822 -0.0038387 0.00683476
14 1.66069 0 0 0.0133824 0.0556641 0.0133137
15 1.167 0 0 -0.0057512 0.00414076 -0.0332535
16 2.18852 0.50104 0.0576601 1.55893 0.123347 0.226068
17 1.29609 0 0 -0.172579 0.023834 -0.395839
18 1.62202 0.000715256 -0.000471115 0.0331172 -0.0106125 -1.44533
19 1.22241 0 0 0.00464329 -0.002516 -0.944016
20 1.76707 1.27612 0.0366411 1.52736 0.172031 0.124018
21 1.55588 0 0 -0.322029 0.132844 -0.762985
22 1.24274 0 0 -0.000571741 -0.000181129 -0.986153
23 0.784523 0 0 0.00886394 -0.000844149 -0.343121
24 -2.83583 -1.46786 -10.3275 -0.000932693 0 -2.0944
25 6.02794 0 0 1.01804 0.202033 0.7758
26 11.7344 0 0 0.00140275 0 0.764959
27 8.81167 0 0 2.03441 0 0
28 5.77884 0 0 1.36306 0 0
29 2.23249 0 0 0.671356 0 0
30 11.4725 0 0 2.00656 0.341425 -0.366798
31 0.61581 0.994373 -0.809165 -2.74992 0.371521 0.481775
32 2.24752 0 0 -0.0913849 -0.00666569 -0.225298
33 1.11935 0 0 -0.065963 0.197557 0.102886
34 3.71348 0.102639 0.102191 -1.55796 0.571139 -0.0724674
35 1.72615 0 0 -0.0103978 -0.0184002 0.607515
36 1.21112 0 0 0.0033137 0.0173221 0.786478
37 3.5992 1.06012 0.0708885 -1.58519 0.28709 -0.0423537
38 1.66069 0 0 0.00583329 0.0731641 0.298474
39 1.16699 0 0 0.0397122 0.0124131 0.751671
40 2.18853 -0.50104 0.0576591 -1.57359 0.194888 -0.159461
41 1.29609 0 0 -0.0170079 -0.0436383 0.560533
42 1.62201 -0.000713348 -0.000471115 -0.00806925 -0.0311475 0.638739
43 1.22241 0 0 -0.00974962 0.00244511 0.993006
44 1.76707 -1.27612 0.0366402 -1.57222 0.314887 -0.190364
45 1.55588 0 0 0.0298599 0.0130837 0.863363
46 1.24273 0 0 0.000587406 0.000120444 0.477555
47 0.784532 0 0 -0.0100874 -0.00368623 0.217615
48 0 0 0 0 0 0
49 5.70727 -17.5227 -7.88171 0.00553796 0.00925273 0.00546238
50 0 -1.70356 0.00508022 0 0 0
51 -0.00196028 3.96104 2.21118 0 0 0
52 0.641596 -0.666147 0.75166 0 0 0
53 0.714397 -3.45621 1.13628 0 0 0
54 -0.70623 -4.69238 1.98618 3.14159 -0.0872664 3.14159
55 0.0133295 1.02904 3.61174 0 0 0
56 0.01333 -4.73569 2.23877 0 0 0
57 5.68681 -22.7022 -13.0232 0.0052713 0.00952621 0.00550626
58 0.0129199 0.0367699 6.63003 0 0 0
time 169
0 7.96718 5.13272 -3.24532 0.000934124 0 -0.959925
1 6.02794 0 0 -0.572901 1.1037 -0.176787
2 11.7344 0 0 -0.00140299 0 -1.59204
3 8.81138 -0.000450134 -0.000112057 -0.323861 0 0.000157197
4 5.77839 0.000286102 0 -0.216987 0 0.000103903
5 2.23163 -0.000329971 -0.000363827 -0.106874 0 0
6 11.4725 0 0 -0.404989 -0.484916 0.255613
7 0.615218 -0.993093 -0.8107 2.72049 0.0775051 -0.365046
8 2.24752 0 0 0.17473 0.21409 0.302383
9 1.11936 0 0 0.0278229 0.10262 -0.784401
10 3.71348 -0.102641 0.10219 1.37698 0.559187 0.313101
11 1.72615 0 0 0.0321647 0.137556 -1.29164
12 1.21114 0 0 0.00190122 0.00955178 -1.06333
13 3.59919 -1.06012 0.0708876 1.51813 -0.025953 0.0006668
14 1.66069 0 0 0.0136558 0.0556119 0.0181872
15 1.167 0 0 -0.00573012 0.00418177 -0.0283875
16 2.18852 0.50104 0.0576582 1.55893 0.123347 0.226068
17 1.29609 0 0 -0.17877 0.0340461 -0.458313
18 1.62202 0.000711441 -0.000471592 0.0338021 -0.00947535 -1.47843
19 1.22241 0 0 0.00529197 -0.00258507 -0.894311
20 1.76707 1.27612 0.0366392 1.52736 0.172031 0.124017
21 1.55587 0 0 -0.317491 0.142263 -0.733486
22 1.24273 0 0 -0.000554556 -0.000228076 -1.06966
23 0.784522 0 0 0.00801607 0.000220586 -0.426613
24 -2.83583 -1.46786 -10.3275 -0.000932693 0 -2.0944
25 6.02794 0 0 1.0178 0.199871 0.774667
26 11.7344 0 0 0.00140266 0 0.761167
27 8.81167 0 0 2.03391 0 0
28 5.77884 0 0 1.36272 0 0
29 2.23249 0 0 0.67119 0 0
30 11.4725 0 0 2.00699 0.342287 -0.362803
31 0.615814 0.994371 -0.809166 -2.74992 0.371521 0.481775
32 2.24752 0 0 -0.0913848 -0.00666572 -0.225298
33 1.11935 0 0 -0.065963 0.197557 0.102886
34 3.71349 0.102639 0.10219 -1.55796 0.571139 -0.0724675
35 1.72615 0 0 -0.0103979 -0.0184001 0.607515
36 1.21112 0 0 0.00331383 0.0173223 0.786478
37 3.5992 1.06012 0.0708876 -1.58519 0.28709 -0.042354
38 1.66069 0 0 0.00583319 0.0731641 0.298474
39 1.16699 0 0 0.0397124 0.0124132 0.751671
40 2.18853 -0.50104 0.0576582 -1.57359 0.194888 -0.159461
41 1.29609 0 0 -0.0170079 -0.0436383 0.560533
42 1.62201 -0.000713348 -0.000469208 -0.00806917 -0.0311475 0.638739
43 1.22241 0 0 -0.00974961 0.00244501 0.993006
44 1.76707 -1.27612 0.0366402 -1.57222 0.314887 -0.190364
45 1.55588 0 0 0.0298599 0.0130838 0.863363
46 1.24273 0 0 0.0005873 0.000120386 0.477555
47 0.784532 0 0 -0.0100874 -0.00368621 0.217615
48 0 0 0 0 0 0
49 5.67792 -17.5555 -7.88272 0.00386487 0.00886389 0.00517697
50 0 -1.70357 0.00508118 0 0 0
51 -0.00195932 3.96104 2.21118 0 0 0
52 0.641596 -0.666147 0.75166 0 0 0
53 0.714397 -3.45621 1.13628 0 0 0
54 -0.70623 -4.69238 1.98618 -3.14159 -0.0872664 3.14159
55 0.0133295 1.02904 3.61174 0 0 0
56 0.01333 -4.73568 2.23877 0 0 0
57 5.6581 -22.7436 -13.0156 0.00359819 0.00913744 0.00522039
58 0.0129199 0.0367737 6.63004 0 0 0
time 170
0 7.96718 5.13272 -3.24532 0.000934124 0 -0.959925
1 6.02794 0 0 -0.624124 1.09003 -0.207499
2 11.7344 0 0 -0.00140283 0 -1.59549
3 8.81138 -0.000450134 -0.000112534 -0.338406 0 0.000157541
4 5.77839 0.000286102 0 -0.226732 0 0.000104082
5 2.23163 -0.000331879 -0.000364304 -0.111674 0 0
6 11.4725 0 0 -0.448602 -0.395635 0.341091
7 0.61522 -0.993091 -0.810699 2.59932 0.00975981 -0.359881
8 2.24752 0 0 0.142815 0.127619 0.360628
9 1.11936 0 0 0.053881 0.0294467 -0.329715
10 3.71348 -0.10264 0.102192 1.39332 0.655269 0.358032
11 1.72615 0 0 0.0202425 0.14306 -1.37923
12 1.21114 0 0 0 0.012701 -0.951751
13 3.59919 -1.06012 0.0708885 1.51821 -0.0394865 -0.00309323
14 1.66069 0 0 0.0138228 0.055579 0.0211679
15 1.16699 0 0 -0.00571702 0.00420632 -0.0254114
16 2.18853 0.50104 0.0576591 1.55893 0.123347 0.226068
17 1.29609 0 0 -0.187923 0.049323 -0.549731
18 1.62202 0.000711441 -0.000471592 0.0347365 -0.00776996 -1.52691
19 1.22241 0 0 0.00613906 -0.00266269 -0.821499
20 1.76707 1.27612 0.0366421 1.52736 0.172031 0.124017
21 1.55588 0 0 -0.310765 0.156096 -0.69005
22 1.24273 0 0 -0.000524588 -0.000290604 -1.18527
23 0.784523 0 0 0.00670188 0.00157058 -0.542215
24 -2.83583 -1.46786 -10.3275 -0.000932693 0 -2.0944
25 6.02794 0 0 1.01744 0.197635 0.772961
26 11.7344 0 0 0.00140274 0 0.757717
27 8.81167 0 0 2.03325 0 0
28 5.77884 0 0 1.36228 0 0
29 2.23249 0 0 0.670972 0 0
30 11.4725 0 0 2.0073 0.34199 -0.358285
31 0.615814 0.994373 -0.809165 -2.74992 0.371521 0.481775
32 2.24752 0 0 -0.0913849 -0.00666563 -0.225298
33 1.11936 0 0 -0.0659631 0.197556 0.102885
34 3.71349 0.102641 0.102191 -1.55796 0.571139 -0.0724673
35 1.72615 0 0 -0.0103979 -0.0184001 0.607515
36 1.21112 0 0 0.00331368 0.0173221 0.786478
37 3.5992 1.06012 0.0708885 -1.58519 0.28709 -0.0423538
38 1.66069 0 0 0.00583336 0.0731641 0.298474
39 1.16699 0 0 0.0397123 0.0124132 0.751671
40 2.18854 -0.50104 0.0576591 -1.57359 0.194888 -0.159461
41 1.29609 0 0 -0.0170079 -0.0436384 0.560533
42 1.62202 -0.000713348 -0.000469208 -0.00806916 -0.0311475 0.638739
43 1.22241 0 0 -0.00974945 0.00244506 0.993006
44 1.76707 -1.27612 0.0366411 -1.57222 0.314887 -0.190364
45 1.55588 0 0 0.0298598 0.0130838 0.863363
46 1.24273 0 0 0.000587382 0.000120473 0.477555
47 0.784532 0 0 -0.0100874 -0.00368632 0.217615
48 0 0 0 0 0 0
49 5.64815 -17.5932 -7.89003 0.000837029 0.00800631 0.00380033
50 0 -1.70357 0.00508022 0 0 0
51 -0.00195932 3.96104 2.21118 0 0 0
52 0.641596 -0.666147 0.75166 0 0 0
53 0.714398 -3.45621 1.13628 0 0 0
54 -0.70623 -4.69238 1.98618 3.14159 -0.0872664 3.14159
55 0.0133305 1.02904 3.61174 0 0 0
56 0.01333 -4.73569 2.23877 0 0 0
57 5.62577 -22.7967 -13.0072 0.000570302 0.00828 0.00384293
58 0.0129199 0.0367718 6.63003 0 0 0
time 171
0 7.96718 5.13272 -3.24532 0.000934124 0 -0.959925
1 6.02794 0 0 -0.673606 1.07454 -0.238196
2 11.7344 0 0 -0.00140289 0 -1.59664
3 8.81139 -0.000448227 -0.000112534 -0.350373 0 0.000157074
4 5.77839 0.000286102 0 -0.23475 0 0.000103866
5 2.23164 -0.000328064 -0.00036335 -0.115623 0 0
6 11.4725 0 0 -0.478209 -0.309383 0.422258
7 0.615219 -0.993091 -0.810699 2.45052 -0.0605287 -0.406915
8 2.24752 0 0 0.120361 0.174735 0.202108
9 1.11936 0 0 0.0782701 0.0731107 -0.17134
10 3.71348 -0.10264 0.102191 1.42125 0.747363 0.412
11 1.72615 0 0 0.00829091 0.148547 -1.46555
12 1.21114 0 0 -0.00187624 0.0156026 -0.841807
13 3.59919 -1.06012 0.0708885 1.51831 -0.0478802 -0.00542082
14 1.66069 0 0 0.0139263 0.0555583 0.0230158
15 1.167 0 0 -0.0057088 0.00422135 -0.0235664
16 2.18852 0.50104 0.0576601 1.55893 0.123347 0.226068
17 1.29609 0 0 -0.197068 0.064733 -0.63969
18 1.62202 0.000713348 -0.000470638 0.0355752 -0.00604754 -1.57468
19 1.22241 0 0 0.0068558 -0.00270409 -0.749762
20 1.76707 1.27612 0.0366411 1.52736 0.172031 0.124018
21 1.55588 0 0 -0.304078 0.169708 -0.647172
22 1.24274 0 0 -0.000488826 -0.00034745 -1.29728
23 0.784523 0 0 0.00528825 0.00272549 -0.654216
24 -2.83583 -1.46786 -10.3275 -0.000932693 0 -2.0944
25 6.02794 0 0 1.01702 0.195398 0.770969
26 11.7344 0 0 0.00140264 0 0.754303
27 8.81167 0 0 2.03255 0 0
28 5.77884 0 0 1.36181 0 0
29 2.23249 0 0 0.67074 0 0
30 11.4725 0 0 2.0076 0.341079 -0.353386
31 0.615814 0.994374 -0.809165 -2.74992 0.371521 0.481775
32 2.24752 0 0 -0.0913849 -0.00666566 -0.225298
33 1.11936 0 0 -0.0659631 0.197557 0.102885
34 3.71349 0.102641 0.102191 -1.55796 0.571139 -0.0724673
35 1.72615 0 0 -0.0103978 -0.0184 0.607515
36 1.21112 0 0 0.00331351 0.0173221 0.786478
37 3.5992 1.06012 0.0708885 -1.58519 0.28709 -0.042354
38 1.66069 0 0 0.00583306 0.0731641 0.298474
39 1.16699 0 0 0.0397124 0.0124132 0.751671
40 2.18853 -0.50104 0.0576591 -1.57359 0.194888 -0.159461
41 1.29609 0 0 -0.0170079 -0.0436384 0.560533
42 1.62202 -0.000713348 -0.000469208 -0.00806928 -0.0311475 0.638739
43 1.22241 0 0 -0.00974948 0.00244488 0.993006
44 1.76707 -1.27612 0.0366411 -1.57222 0.314887 -0.190364
45 1.55588 0 0 0.0298599 0.0130836 0.863363
46 1.24273 0 0 0.000587288 0.000120335 0.477555
47 0.784532 0 0 -0.0100874 -0.0036861 0.217615
48 0 0 0 0 0 0
49 5.61805 -17.6345 -7.90168 -0.00279776 0.00687251 0.0018451
50 0 -1.70357 0.0050807 0 0 0
51 -0.00196028 3.96104 2.21118 0 0 0
52 0.641596 -0.666149 0.75166 0 0 0
53 0.714397 -3.45621 1.13628 0 0 0
54 -0.70623 -4.69238 1.98618 -3.14159 -0.0872664 3.14159
55 0.0133295 1.02904 3.61174 0 0 0
56 0.0133295 -4.73568 2.23877 0 0 0
57 5.59147 -22.8566 -13 -0.00306454 0.00714635 0.0018867
58 0.0129185 0.0367737 6.63003 0 0 0
time 172
0 7.96718 5.13272 -3.24532 0.000934124 0 -0.959925
1 6.02794 0 0 -0.705871 1.06298 -0.2591
2 11.7344 0 0 -0.00140273 0 -1.5944
3 8.81138 -0.000450134 -0.000112534 -0.358941 0 0.000157833
4 5.77839 0.000286102 0 -0.24049 0 0.000104167
5 2.23164 -0.000329971 -0.000364304 -0.118451 0 0
6 11.4725 0 0 -0.49123 -0.253252 0.470706
7 0.61522 -0.993091 -0.810699 2.34511 -0.11076 -0.44386
8 2.24752 0 0 0.101544 0.256935 -0.00235489
9 1.11936 0 0 0.100351 0.152181 -0.151588
10 3.71348 -0.102641 0.102192 1.44717 0.805255 0.453677
11 1.72615 0 0 0.000435728 0.152128 -1.5215
12 1.21113 0 0 -0.00303755 0.0173726 -0.770565
13 3.59919 -1.06012 0.0708885 1.51837 -0.0519424 -0.00654633
14 1.66069 0 0 0.0139763 0.0555482 0.0239099
15 1.167 0 0 -0.00570479 0.00422856 -0.0226736
16 2.18852 0.50104 0.0576591 1.55893 0.123347 0.226068
17 1.29609 0 0 -0.203075 0.0749011 -0.697922
18 1.62202 0.000713348 -0.000471115 0.0360743 -0.00491081 -1.60563
19 1.22241 0 0 0.00725899 -0.00270842 -0.703281
20 1.76707 1.27612 0.0366421 1.52736 0.172031 0.124018
21 1.55588 0 0 -0.299721 0.178509 -0.619377
22 1.24273 0 0 -0.000462307 -0.000382066 -1.36998
23 0.784523 0 0 0.00430537 0.00338733 -0.7269
24 -2.83583 -1.46786 -10.3275 -0.000932693 0 -2.0944
25 6.02794 0 0 1.01661 0.193226 0.768981
26 11.7344 0 0 0.0014027 0 0.7506
27 8.81167 0 0 2.03193 0 0
28 5.77884 0 0 1.3614 0 0
29 2.23249 0 0 0.670539 0 0
30 11.4725 0 0 2.00801 0.340103 -0.348232
31 0.615812 0.994373 -0.809166 -2.74992 0.371521 0.481775
32 2.24752 0 0 -0.091385 -0.00666557 -0.225298
33 1.11935 0 0 -0.065963 0.197556 0.102885
34 3.71349 0.10264 0.102191 -1.55796 0.571139 -0.0724672
35 1.72615 0 0 -0.010398 -0.0184001 0.607515
36 1.21112 0 0 0.00331364 0.0173221 0.786478
37 3.5992 1.06012 0.0708885 -1.58519 0.28709 -0.0423539
38 1.66069 0 0 0.0058333 0.0731641 0.298474
39 1.16699 0 0 0.0397122 0.0124133 0.751671
40 2.18853 -0.50104 0.0576591 -1.57359 0.194888 -0.159461
41 1.29609 0 0 -0.0170079 -0.0436385 0.560533
42 1.62202 -0.000713348 -0.0004673 -0.00806913 -0.0311474 0.638739
43 1.22241 0 0 -0.00974954 0.00244501 0.993006
44 1.76707 -1.27612 0.0366402 -1.57222 0.314887 -0.190364
45 1.55587 0 0 0.0298598 0.0130838 0.863363
46 1.24273 0 0 0.000587278 0.000120422 0.477555
47 0.784532 0 0 -0.0100874 -0.00368627 0.217615
48 0 0 0 0 0 0
49 5.58771 -17.6782 -7.91571 -0.00629147 0.00565498 -0.000176087
50 0 -1.70357 0.00508022 0 0 0
51 -0.00196028 3.96104 2.21118 0 0 0
52 0.641596 -0.666149 0.75166 0 0 0
53 0.714397 -3.45621 1.13628 0 0 0
54 -0.70623 -4.69238 1.98618 3.14159 -0.0872664 -3.14159
55 0.01333 1.02904 3.61174 0 0 0
56 0.01333 -4.73569 2.23877 0 0 0
57 5.55688 -22.9179 -12.9958 -0.00655831 0.00592896 -0.000135443
58 0.0129194 0.0367737 6.63004 0 0 0
time 173
0 7.96718 5.13272 -3.24532 0.000934124 0 -0.959925
1 6.02794 0 0 -0.717265 1.05818 -0.268643
2 11.7344 0 0 -0.00140277 0 -1.58822
3 8.81138 -0.000448227 -0.000112534 -0.362096 0 0.000157598
4 5.77839 0.000286102 0 -0.242604 0 0.000104019
5 2.23163 -0.000329971 -0.000364304 -0.119492 0 0
6 11.4725 0 0 -0.492662 -0.238952 0.47756
7 0.615219 -0.99309 -0.810699 2.31724 -0.124745 -0.449079
8 2.24752 0 0 0.0948859 0.273412 -0.0514501
9 1.11936 0 0 0.10649 0.168431 -0.127676
10 3.71348 -0.102639 0.102191 1.45466 0.819273 0.464926
11 1.72615 0 0 -0.00151533 0.153014 -1.53529
12 1.21114 0 0 -0.00332135 0.0177957 -0.752994
13 3.59919 -1.06012 0.0708876 1.51838 -0.052484 -0.00669623
14 1.66069 0 0 0.013983 0.0555468 0.0240292
15 1.167 0 0 -0.00570425 0.00422952 -0.0225545
16 2.18852 0.501041 0.0576582 1.55893 0.123347 0.226068
17 1.29609 0 0 -0.204567 0.0774304 -0.712278
18 1.62202 0.000713348 -0.000471115 0.036192 -0.00462836 -1.61327
19 1.22241 0 0 0.00735112 -0.00270639 -0.691818
20 1.76707 1.27612 0.0366421 1.52736 0.172031 0.124018
21 1.55588 0 0 -0.298645 0.180674 -0.612531
22 1.24274 0 0 -0.000455284 -0.000390448 -1.38825
23 0.784523 0 0 0.00405088 0.00354217 -0.745176
24 -2.83583 -1.46786 -10.3275 -0.000932693 0 -2.0944
25 6.02794 0 0 1.01626 0.191175 0.767294
26 11.7344 0 0 0.00140261 0 0.746265
27 8.81167 0 0 2.03154 0 0
28 5.77884 0 0 1.36113 0 0
29 2.23249 0 0 0.670407 0 0
30 11.4725 0 0 2.00866 0.339611 -0.342937
31 0.61581 0.994373 -0.809165 -2.74992 0.371521 0.481775
32 2.24752 0 0 -0.091385 -0.00666562 -0.225298
33 1.11936 0 0 -0.065963 0.197557 0.102885
34 3.71348 0.102641 0.102191 -1.55796 0.571139 -0.0724673
35 1.72615 0 0 -0.0103977 -0.0184002 0.607515
36 1.21112 0 0 0.00331369 0.0173221 0.786478
37 3.5992 1.06012 0.0708876 -1.58519 0.28709 -0.0423537
38 1.66069 0 0 0.0058332 0.073164 0.298474
39 1.16699 0 0 0.0397123 0.0124131 0.751671
40 2.18853 -0.50104 0.0576591 -1.57359 0.194888 -0.159461
41 1.29609 0 0 -0.017008 -0.0436384 0.560532
42 1.62202 -0.000713348 -0.000469208 -0.00806927 -0.0311476 0.638739
43 1.22241 0 0 -0.00974955 0.002445 0.993006
44 1.76707 -1.27612 0.0366402 -1.57222 0.314887 -0.190364
45 1.55588 0 0 0.0298598 0.0130838 0.863363
46 1.24273 0 0 0.000587108 0.000120478 0.477555
47 0.784532 0 0 -0.0100874 -0.00368627 0.217615
48 0 0 0 0 0 0
49 5.55722 -17.7228 -7.93015 -0.00889624 0.00454622 -0.00175059
50 0 -1.70357 0.00508022 0 0 0
51 -0.0019598 3.96104 2.21118 0 0 0
52 0.641596 -0.666147 0.75166 0 0 0
53 0.714397 -3.45621 1.13628 0 0 0
54 -0.706229 -4.69238 1.98618 3.14159 -0.0872663 -3.14159
55 0.01333 1.02904 3.61174 0 0 0
56 0.01333 -4.73568 2.23877 0 0 0
57 5.52382 -22.9757 -12.9966 -0.00916313 0.0048203 -0.00171066
58 0.0129194 0.0367718 6.63004 0 0 0
time 174
0 7.96718 5.13272 -3.24532 0.000934124 0 -0.959925
1 6.02794 0 0 -0.718774 1.05687 -0.273182
2 11.7344 0 0 -0.00140278 0 -1.58112
3 8.81138 -0.000450134 -0.000113487 -0.361026 0 0.000157493
4 5.77839 0.000286102 0 -0.241887 0 0.000103911
5 2.23163 -0.000329971 -0.000365257 -0.119139 0 0
6 11.4725 0 0 -0.489878 -0.24647 0.46742
7 0.615219 -0.993091 -0.810699 2.33118 -0.117752 -0.44648
8 2.24752 0 0 0.0982481 0.265201 -0.0268786
9 1.11936 0 0 0.103422 0.160309 -0.139636
10 3.71348 -0.102641 0.102191 1.45085 0.812278 0.45925
11 1.72615 0 0 -0.000539068 0.152571 -1.52839
12 1.21113 0 0 -0.00317963 0.0175849 -0.761779
13 3.59919 -1.06012 0.0708885 1.51834 -0.0503174 -0.00609611
14 1.66069 0 0 0.0139563 0.0555522 0.0235523
15 1.167 0 0 -0.00570642 0.00422569 -0.0230307
16 2.18852 0.50104 0.0576591 1.55893 0.123347 0.226068
17 1.29609 0 0 -0.20382 0.0761647 -0.7051
18 1.62202 0.000711441 -0.000471115 0.0361334 -0.00476964 -1.60945
19 1.22241 0 0 0.00730548 -0.0027076 -0.69755
20 1.76707 1.27612 0.0366421 1.52736 0.172031 0.124018
21 1.55587 0 0 -0.299183 0.179592 -0.615954
22 1.24274 0 0 -0.000458766 -0.000386252 -1.37911
23 0.784523 0 0 0.00417847 0.00346528 -0.736037
24 -2.83583 -1.46786 -10.3275 -0.000932693 0 -2.0944
25 6.02794 0 0 1.01603 0.18929 0.766208
26 11.7344 0 0 0.00140266 0 0.740931
27 8.81167 0 0 2.03147 0 0
28 5.77884 0 0 1.36109 0 0
29 2.23249 0 0 0.670385 0 0
30 11.4725 0 0 2.00968 0.340161 -0.3376
31 0.615812 0.994375 -0.809165 -2.74992 0.371521 0.481775
32 2.24751 0 0 -0.0913849 -0.00666574 -0.225298
33 1.11936 0 0 -0.065963 0.197557 0.102886
34 3.71348 0.102641 0.102192 -1.55796 0.571139 -0.0724674
35 1.72615 0 0 -0.0103978 -0.0184001 0.607515
36 1.21112 0 0 0.00331355 0.0173222 0.786478
37 3.5992 1.06012 0.0708885 -1.58519 0.28709 -0.0423539
38 1.66069 0 0 0.00583337 0.073164 0.298474
39 1.16699 0 0 0.0397123 0.0124133 0.751671
40 2.18853 -0.50104 0.0576591 -1.57359 0.194888 -0.159461
41 1.29609 0 0 -0.0170078 -0.0436384 0.560533
42 1.62202 -0.000715256 -0.000469208 -0.0080691 -0.0311475 0.638739
43 1.22241 0 0 -0.00974955 0.00244499 0.993006
44 1.76707 -1.27612 0.0366411 -1.57222 0.314887 -0.190364
45 1.55587 0 0 0.02986 0.0130838 0.863363
46 1.24273 0 0 0.000587196 0.000120465 0.477555
47 0.784531 0 0 -0.0100875 -0.00368622 0.217615
48 0 0 0 0 0 0
49 5.52667 -17.767 -7.94304 -0.00986403 0.00373872 -0.00236577
50 0 -1.70357 0.00508022 0 0 0
51 -0.00196028 3.96104 2.21118 0 0 0
52 0.641596 -0.666145 0.75166 0 0 0
53 0.714397 -3.45621 1.13628 0 0 0
54 -0.70623 -4.69238 1.98618 -3.14159 -0.0872664 3.14159
55 0.01333 1.02904 3.61174 0 0 0
56 0.0133295 -4.73568 2.23877 0 0 0
57 5.49413 -23.0249 -13.0044 -0.0101309 0.00401284 -0.0023261
58 0.0129189 0.0367737 6.63004 0 0 0
time 175
0 7.96718 5.13272 -3.24532 0.000934124 0 -0.959925
1 6.02794 0 0 -0.720091 1.05559 -0.277842
2 11.7344 0 0 -0.00140279 0 -1.57523
3 8.81138 -0.000448227 -0.00011158 -0.359794 0 0.0001568
4 5.77839 0.000286102 0 -0.241061 0 0.000103409
5 2.23163 -0.000329971 -0.00036335 -0.118732 0 0
6 11.4725 0 0 -0.488683 -0.254767 0.461268
7 0.61522 -0.993092 -0.810699 2.34511 -0.11076 -0.44386
8 2.24752 0 0 0.101545 0.256935 -0.00235495
9 1.11936 0 0 0.100351 0.152181 -0.151588
10 3.71348 -0.102641 0.10219 1.44717 0.805255 0.453677
11 1.72615 0 0 0.000435668 0.152128 -1.5215
12 1.21113 0 0 -0.00303756 0.0173727 -0.770565
13 3.59919 -1.06012 0.0708876 1.51828 -0.0462554 -0.0049705
14 1.66069 0 0 0.0139062 0.0555623 0.0226581
15 1.167 0 0 -0.00571036 0.00421844 -0.0239234
16 2.18853 0.50104 0.0576591 1.55893 0.123348 0.226068
17 1.29609 0 0 -0.203075 0.0749011 -0.697922
18 1.62202 0.000713348 -0.000471115 0.0360743 -0.00491094 -1.60563
19 1.22241 0 0 0.00725896 -0.0027085 -0.703281
20 1.76707 1.27612 0.0366402 1.52736 0.172031 0.124017
21 1.55587 0 0 -0.299721 0.178509 -0.619377
22 1.24273 0 0 -0.000462284 -0.000382047 -1.36998
23 0.784523 0 0 0.0043054 0.00338716 -0.7269
24 -2.83583 -1.46786 -10.3275 -0.000932693 0 -2.0944
25 6.02794 0 0 1.01598 0.187614 0.766024
26 11.7344 0 0 0.00140286 0 0.73423
27 8.81167 0 0 2.03186 0 0
28 5.77884 0 0 1.36134 0 0
29 2.23249 0 0 0.670512 0 0
30 11.4725 0 0 2.01121 0.342308 -0.332316
31 0.615812 0.994372 -0.809165 -2.74992 0.371521 0.481775
32 2.24752 0 0 -0.0913849 -0.00666564 -0.225298
33 1.11936 0 0 -0.065963 0.197556 0.102886
34 3.71348 0.102639 0.102191 -1.55796 0.571139 -0.0724674
35 1.72615 0 0 -0.0103978 -0.0184001 0.607515
36 1.21112 0 0 0.00331356 0.0173222 0.786478
37 3.5992 1.06012 0.0708885 -1.58519 0.28709 -0.0423537
38 1.66069 0 0 0.00583336 0.073164 0.298474
39 1.16699 0 0 0.0397123 0.0124133 0.751671
40 2.18853 -0.50104 0.0576591 -1.57359 0.194888 -0.159461
41 1.29609 0 0 -0.0170079 -0.0436384 0.560533
42 1.62202 -0.000711441 -0.000471115 -0.00806929 -0.0311474 0.638739
43 1.22241 0 0 -0.00974958 0.00244493 0.993006
44 1.76707 -1.27612 0.0366411 -1.57222 0.314887 -0.190364
45 1.55587 0 0 0.0298598 0.0130838 0.863363
46 1.24273 0 0 0.000587351 0.000120343 0.477555
47 0.784533 0 0 -0.0100875 -0.00368615 0.217615
48 0 0 0 0 0 0
49 5.49615 -17.8096 -7.95242 -0.00844699 0.003425 -0.00150898
50 0 -1.70357 0.00508022 0 0 0
51 -0.00195932 3.96104 2.21118 0 0 0
52 0.641596 -0.666147 0.75166 0 0 0
53 0.714398 -3.45621 1.13628 0 0 0
54 -0.706229 -4.69238 1.98618 3.14159 -0.0872664 3.14159
55 0.0133305 1.02904 3.61174 0 0 0
56 0.01333 -4.73568 2.23877 0 0 0
57 5.46969 -23.0603 -13.0212 -0.00871392 0.00369906 -0.00146893
58 0.0129194 0.0367699 6.63003 0 0 0
time 176
0 7.96718 5.13272 -3.24532 0.000934124 0 -0.959925
1 6.02794 0 0 -0.724432 1.05317 -0.284061
2 11.7344 0 0 -0.00140284 0 -1.57107
3 8.81138 -0.000450134 -0.000112534 -0.359632 0 0.000157386
4 5.77839 0.000286102 0 -0.240953 0 0.00010388
5 2.23163 -0.000329971 -0.000364304 -0.118678 0 0
6 11.4725 0 0 -0.490264 -0.25616 0.464556
7 0.61522 -0.993091 -0.810699 2.34511 -0.11076 -0.44386
8 2.24752 0 0 0.101544 0.256935 -0.00235497
9 1.11936 0 0 0.100351 0.152181 -0.151588
10 3.71348 -0.102641 0.102191 1.44717 0.805255 0.453677
11 1.72615 0 0 0.000435683 0.152128 -1.5215
12 1.21113 0 0 -0.00303762 0.0173727 -0.770565
13 3.59919 -1.06012 0.0708885 1.51822 -0.0411111 -0.00354386
14 1.66069 0 0 0.0138428 0.055575 0.0215254
15 1.167 0 0 -0.00571537 0.00420924 -0.0250542
16 2.18852 0.50104 0.0576582 1.55893 0.123347 0.226068
17 1.29609 0 0 -0.203075 0.074901 -0.697922
18 1.62202 0.000713348 -0.000471115 0.0360743 -0.00491084 -1.60563
19 1.22241 0 0 0.00725906 -0.00270843 -0.703281
20 1.76707 1.27612 0.0366411 1.52736 0.172031 0.124018
21 1.55588 0 0 -0.299721 0.178509 -0.619377
22 1.24274 0 0 -0.000462372 -0.000382081 -1.36998
23 0.784525 0 0 0.00430538 0.00338731 -0.7269
24 -2.83583 -1.46786 -10.3275 -0.000932693 0 -2.0944
25 6.02794 0 0 1.01601 0.186169 0.766249
26 11.7344 0 0 0.00140278 0 0.727212
27 8.81167 0 0 2.03276 0 0
28 5.77884 0 0 1.36195 0 0
29 2.23249 0 0 0.670812 0 0
30 11.4725 0 0 2.0132 0.345389 -0.327522
31 0.61581 0.994371 -0.809166 -2.74992 0.371521 0.481775
32 2.24752 0 0 -0.091385 -0.00666568 -0.225298
33 1.11936 0 0 -0.065963 0.197557 0.102886
34 3.71348 0.102638 0.102191 -1.55796 0.571139 -0.0724672
35 1.72615 0 0 -0.0103978 -0.0184001 0.607515
36 1.21112 0 0 0.00331361 0.0173222 0.786478
37 3.5992 1.06011 0.0708885 -1.58519 0.28709 -0.0423538
38 1.66069 0 0 0.00583333 0.0731639 0.298474
39 1.16699 0 0 0.0397123 0.0124132 0.751671
40 2.18853 -0.501042 0.0576591 -1.57359 0.194888 -0.159461
41 1.29609 0 0 -0.0170078 -0.0436383 0.560533
42 1.62202 -0.000713348 -0.0004673 -0.00806926 -0.0311476 0.638739
43 1.22241 0 0 -0.00974954 0.00244502 0.993006
44 1.76707 -1.27612 0.0366411 -1.57222 0.314887 -0.190364
45 1.55588 0 0 0.0298598 0.0130838 0.863363
46 1.24273 0 0 0.000587242 0.0001204 0.477555
47 0.784532 0 0 -0.0100875 -0.00368623 0.217615
48 0 0 0 0 0 0
49 5.46574 -17.8492 -7.95634 -0.00544549 0.00331949 0
50 0 -1.70357 0.00508118 0 0 0
51 -0.00196028 3.96104 2.21118 0 0 0
52 0.641596 -0.666149 0.75166 0 0 0
53 0.714397 -3.45621 1.13628 0 0 0
54 -0.70623 -4.69238 1.98618 -3.14159 -0.0872664 -3.14159
55 0.01333 1.02904 3.61174 0 0 0
56 0.01333 -4.73568 2.23877 0 0 0
57 5.4482 -23.0847 -13.0409 -0.00571242 0.00359343 0.000140102
58 0.0129199 0.0367718 6.63003 0 0 0
time 177
0 7.96718 5.13272 -3.24532 0.000934124 0 -0.959925
1 6.02794 0 0 -0.728748 1.05078 -0.29002
2 11.7344 0 0 -0.00140288 0 -1.56779
3 8.81138 -0.000450134 -0.000112534 -0.359086 0 0.000157175
4 5.77839 0.000286102 0 -0.240587 0 0.000103667
5 2.23163 -0.000329971 -0.000364304 -0.118498 0 0
6 11.4725 0 0 -0.491668 -0.256992 0.468693
7 0.615219 -0.993091 -0.8107 2.34511 -0.11076 -0.44386
8 2.24752 0 0 0.101544 0.256935 -0.00235485
9 1.11936 0 0 0.100351 0.152181 -0.151588
10 3.71348 -0.102641 0.10219 1.44717 0.805255 0.453676
11 1.72615 0 0 0.00043563 0.152128 -1.5215
12 1.21114 0 0 -0.00303757 0.0173727 -0.770565
13 3.59919 -1.06012 0.0708876 1.51817 -0.0356965 -0.00204122
14 1.66069 0 0 0.013776 0.0555883 0.0203334
15 1.167 0 0 -0.00572061 0.00419946 -0.0262447
16 2.18852 0.50104 0.0576582 1.55893 0.123347 0.226068
17 1.29609 0 0 -0.203075 0.0749012 -0.697922
18 1.62202 0.000713348 -0.000471115 0.0360744 -0.00491071 -1.60563
19 1.22241 0 0 0.00725901 -0.00270851 -0.703282
20 1.76707 1.27612 0.0366411 1.52736 0.172031 0.124017
21 1.55587 0 0 -0.299721 0.178509 -0.619377
22 1.24273 0 0 -0.000462317 -0.000381959 -1.36998
23 0.784523 0 0 0.00430539 0.00338728 -0.7269
24 -2.83583 -1.46786 -10.3275 -0.000932693 0 -2.0944
25 6.02794 0 0 1.01599 0.184899 0.76618
26 11.7344 0 0 0.00140267 0 0.721295
27 8.81167 0 0 2.03418 0 0
28 5.77884 0 0 1.3629 0 0
29 2.23249 0 0 0.671279 0 0
30 11.4725 0 0 2.01546 0.348378 -0.323674
31 0.615814 0.99437 -0.809166 -2.74992 0.371521 0.481775
32 2.24752 0 0 -0.0913848 -0.00666567 -0.225298
33 1.11936 0 0 -0.0659631 0.197557 0.102885
34 3.71349 0.102639 0.10219 -1.55796 0.571139 -0.0724673
35 1.72615 0 0 -0.0103977 -0.0184002 0.607515
36 1.21112 0 0 0.00331371 0.0173222 0.786478
37 3.5992 1.06012 0.0708876 -1.58519 0.28709 -0.0423537
38 1.66069 0 0 0.00583322 0.073164 0.298474
39 1.16699 0 0 0.0397121 0.0124133 0.751671
40 2.18853 -0.501041 0.0576582 -1.57359 0.194888 -0.159462
41 1.29609 0 0 -0.0170079 -0.0436384 0.560533
42 1.62202 -0.000715256 -0.000469208 -0.00806914 -0.0311474 0.638739
43 1.22241 0 0 -0.0097496 0.00244502 0.993006
44 1.76707 -1.27612 0.0366402 -1.57222 0.314887 -0.190364
45 1.55588 0 0 0.02986 0.0130837 0.863363
46 1.24273 0 0 0.000587373 0.00012056 0.477555
47 0.784533 0 0 -0.0100873 -0.00368604 0.217615
48 0 0 0 0 0 0
49 5.43553 -17.8844 -7.95282 -0.00225692 0.00302274 0.00141507
50 0 -1.70357 0.0050807 0 0 0
51 -0.00195932 3.96104 2.21118 0 0 0
52 0.641596 -0.666149 0.75166 0 0 0
53 0.714397 -3.45621 1.13628 0 0 0
54 -0.70623 -4.69238 1.98618 -3.14159 -0.0872664 -3.14159
55 0.01333 1.02904 3.61174 0 0 0
56 0.0133305 -4.73569 2.23877 0 0 0
57 5.42632 -23.1037 -13.054 -0.00252386 0.00329655 0.00145682
58 0.0129194 0.0367737 6.63003 0 0 0
time 178
0 7.96718 5.13272 -3.24532 0.000934124 0 -0.959925
1 6.02794 0 0 -0.732995 1.04845 -0.295671
2 11.7344 0 0 -0.00140288 0 -1.56558
3 8.81138 -0.000450134 -0.000112534 -0.358072 0 0.00015693
4 5.77839 0.000286102 0 -0.239908 0 0.000103567
5 2.23163 -0.000328064 -0.000364304 -0.118164 0 0
6 11.4725 0 0 -0.492855 -0.257349 0.473706
7 0.61522 -0.993092 -0.810699 2.34511 -0.11076 -0.44386
8 2.24752 0 0 0.101545 0.256935 -0.00235496
9 1.11936 0 0 0.100351 0.152181 -0.151588
10 3.71348 -0.102641 0.10219 1.44717 0.805255 0.453677
11 1.72615 0 0 0.000435607 0.152128 -1.5215
12 1.21113 0 0 -0.00303751 0.0173727 -0.770564
13 3.59919 -1.06012 0.0708876 1.51814 -0.0308244 -0.000687789
14 1.66069 0 0 0.0137159 0.0556001 0.0192602
15 1.167 0 0 -0.00572543 0.00419063 -0.0273162
16 2.18853 0.50104 0.0576582 1.55893 0.123347 0.226068
17 1.29609 0 0 -0.203075 0.0749011 -0.697922
18 1.62202 0.000713348 -0.000471115 0.0360743 -0.00491081 -1.60563
19 1.22241 0 0 0.00725893 -0.00270851 -0.703282
20 1.76707 1.27612 0.0366411 1.52736 0.172031 0.124017
21 1.55588 0 0 -0.299721 0.178509 -0.619377
22 1.24274 0 0 -0.000462279 -0.000382005 -1.36998
23 0.784523 0 0 0.00430538 0.00338715 -0.7269
24 -2.83583 -1.46786 -10.3275 -0.000932693 0 -2.0944
25 6.02794 0 0 1.0159 0.183745 0.765798
26 11.7344 0 0 0.00140276 0 0.716704
27 8.81167 0 0 2.03606 0 0
28 5.77884 0 0 1.36416 0 0
29 2.23249 0 0 0.671899 0 0
30 11.4725 0 0 2.01794 0.351289 -0.32093
31 0.615814 0.994373 -0.809165 -2.74992 0.371521 0.481775
32 2.24752 0 0 -0.0913849 -0.00666571 -0.225298
33 1.11936 0 0 -0.065963 0.197557 0.102886
34 3.71349 0.10264 0.102192 -1.55796 0.571139 -0.0724674
35 1.72615 0 0 -0.0103978 -0.0184002 0.607515
36 1.21112 0 0 0.00331368 0.0173222 0.786478
37 3.5992 1.06011 0.0708885 -1.58519 0.28709 -0.0423539
38 1.66069 0 0 0.00583322 0.073164 0.298474
39 1.16699 0 0 0.0397123 0.0124133 0.751671
40 2.18853 -0.50104 0.0576591 -1.57359 0.194888 -0.159462
41 1.29609 0 0 -0.017008 -0.0436385 0.560533
42 1.62201 -0.000711441 -0.000471115 -0.00806913 -0.0311475 0.638739
43 1.22241 0 0 -0.00974942 0.00244511 0.993006
44 1.76707 -1.27612 0.0366402 -1.57222 0.314887 -0.190364
45 1.55588 0 0 0.0298599 0.0130837 0.863363
46 1.24273 0 0 0.000587272 0.000120523 0.477555
47 0.784531 0 0 -0.0100874 -0.00368631 0.217615
48 0 0 0 0 0 0
49 5.40561 -17.9139 -7.93991 0.000971046 0.00255642 0.00246632
50 0 -1.70357 0.00508022 0 0 0
51 -0.0019598 3.96104 2.21118 0 0 0
52 0.641597 -0.666149 0.75166 0 0 0
53 0.714397 -3.45621 1.13628 0 0 0
54 -0.706229 -4.69238 1.98618 3.14159 -0.0872664 -3.14159
55 0.0133305 1.02904 3.61174 0 0 0
56 0.0133305 -4.73568 2.23877 0 0 0
57 5.40418 -23.1167 -13.058 0.000704087 0.0028301 0.00250895
58 0.0129194 0.0367699 6.63003 0 0 0
time 179
0 7.96718 5.13272 -3.24532 0.000934124 0 -0.959925
1 6.02794 0 0 -0.737139 1.04618 -0.300973
2 11.7344 0 0 -0.00140288 0 -1.56461
3 8.81139 -0.000450134 -0.000113487 -0.35651 0 0.000157457
4 5.77839 0.000286102 0 -0.238861 0 0.000103911
5 2.23163 -0.000329971 -0.000364304 -0.117648 0 0
6 11.4725 0 0 -0.493779 -0.257317 0.479613
7 0.61522 -0.993091 -0.8107 2.34511 -0.11076 -0.44386
8 2.24752 0 0 0.101544 0.256935 -0.00235504
9 1.11936 0 0 0.100351 0.152181 -0.151588
10 3.71348 -0.10264 0.102191 1.44717 0.805255 0.453677
11 1.72615 0 0 0.0004356 0.152128 -1.5215
12 1.21114 0 0 -0.00303752 0.0173728 -0.770564
13 3.59919 -1.06012 0.0708876 1.51813 -0.0273061 0.000290429
14 1.66069 0 0 0.0136725 0.0556086 0.0184853
15 1.167 0 0 -0.0057288 0.00418424 -0.0280899
16 2.18853 0.50104 0.0576591 1.55893 0.123347 0.226068
17 1.29609 0 0 -0.203075 0.0749011 -0.697922
18 1.62202 0.000713348 -0.000472069 0.0360743 -0.00491086 -1.60563
19 1.22241 0 0 0.00725896 -0.00270846 -0.703282
20 1.76707 1.27612 0.0366402 1.52736 0.172031 0.124017
21 1.55588 0 0 -0.299721 0.178509 -0.619377
22 1.24273 0 0 -0.000462294 -0.00038194 -1.36998
23 0.784523 0 0 0.00430533 0.00338726 -0.7269
24 -2.83583 -1.46786 -10.3275 -0.000932693 0 -2.0944
25 6.02794 0 0 1.01575 0.182619 0.765094
26 11.7344 0 0 0.00140292 0 0.713598
27 8.81167 0 0 2.03836 0 0
28 5.77884 0 0 1.3657 0 0
29 2.23249 0 0 0.67266 0 0
30 11.4725 0 0 2.02058 0.354144 -0.319413
31 0.615812 0.994373 -0.809165 -2.74992 0.371521 0.481775
32 2.24752 0 0 -0.0913849 -0.00666561 -0.225298
33 1.11936 0 0 -0.065963 0.197557 0.102885
34 3.71349 0.102638 0.102191 -1.55796 0.571139 -0.0724674
35 1.72615 0 0 -0.0103979 -0.0184 0.607515
36 1.21112 0 0 0.00331373 0.0173221 0.786478
37 3.5992 1.06012 0.0708876 -1.58519 0.28709 -0.042354
38 1.66069 0 0 0.00583317 0.073164 0.298474
39 1.16699 0 0 0.0397123 0.0124131 0.751671
40 2.18853 -0.501041 0.0576591 -1.57359 0.194888 -0.159462
41 1.29609 0 0 -0.017008 -0.0436384 0.560533
42 1.62202 -0.000713348 -0.000469208 -0.00806918 -0.0311475 0.638739
43 1.22241 0 0 -0.00974953 0.0024449 0.993006
44 1.76707 -1.27612 0.0366402 -1.57222 0.314887 -0.190364
45 1.55588 0 0 0.0298598 0.0130838 0.863363
46 1.24273 0 0 0.000587276 0.000120414 0.477555
47 0.784531 0 0 -0.0100875 -0.00368619 0.217615
48 0 0 0 0 0 0
49 5.37607 -17.9365 -7.91565 0.00409076 0.00194221 0.00328074
50 0 -1.70357 0.0050807 0 0 0
51 -0.0019598 3.96104 2.21118 0 0 0
52 0.641596 -0.666149 0.75166 0 0 0
53 0.714397 -3.45621 1.13628 0 0 0
54 -0.70623 -4.69238 1.98618 3.14159 -0.0872664 -3.14159
55 0.0133305 1.02904 3.61174 0 0 0
56 0.01333 -4.73569 2.23877 0 0 0
57 5.38194 -23.1233 -13.0499 0.00382378 0.00221575 0.00332422
58 0.0129194 0.0367718 6.63004 0 0 0
time 180
0 7.96718 5.13272 -3.24532 0.000934124 0 -0.959925
1 6.02794 0 0 -0.742358 1.04344 -0.306901
2 11.7344 0 0 -0.00140291 0 -1.5639
3 8.81138 -0.000450134 -0.000112534 -0.354515 0 0.000157882
4 5.77839 0.00028801 0 -0.237525 0 0.000104126
5 2.23163 -0.000328064 -0.00036335 -0.11699 0 0
6 11.4725 0 0 -0.494306 -0.25665 0.485999
7 0.61522 -0.993091 -0.8107 2.34511 -0.11076 -0.44386
8 2.24752 0 0 0.101544 0.256935 -0.00235471
9 1.11936 0 0 0.100351 0.152181 -0.151588
10 3.71348 -0.10264 0.102191 1.44717 0.805255 0.453677
11 1.72615 0 0 0.000435638 0.152128 -1.5215
12 1.21114 0 0 -0.00303755 0.0173726 -0.770565
13 3.59919 -1.06012 0.0708876 1.51813 -0.025953 0.000666774
14 1.66068 0 0 0.0136558 0.0556119 0.0181872
15 1.167 0 0 -0.00573008 0.00418174 -0.0283874
16 2.18853 0.50104 0.0576591 1.55893 0.123347 0.226068
17 1.2961 0 0 -0.203075 0.0749011 -0.697922
18 1.62202 0.000715256 -0.000470161 0.0360743 -0.0049109 -1.60563
19 1.22241 0 0 0.00725893 -0.00270851 -0.703281
20 1.76707 1.27612 0.0366411 1.52736 0.172032 0.124018
21 1.55588 0 0 -0.299721 0.178509 -0.619377
22 1.24273 0 0 -0.000462344 -0.00038202 -1.36998
23 0.784525 0 0 0.00430541 0.00338738 -0.7269
24 -2.83583 -1.46786 -10.3275 -0.000932693 0 -2.0944
25 6.02794 0 0 1.01561 0.180418 0.764489
26 11.7344 0 0 0.00140269 0 0.709671
27 8.81167 0 0 2.04083 0 0
28 5.77884 0 0 1.36736 0 0
29 2.23249 0 0 0.673474 0 0
30 11.4725 0 0 2.02339 0.357121 -0.317838
31 0.615812 0.99437 -0.809166 -2.74992 0.371521 0.481775
32 2.24752 0 0 -0.0913848 -0.00666559 -0.225298
33 1.11936 0 0 -0.065963 0.197557 0.102886
34 3.71349 0.102638 0.10219 -1.55796 0.571139 -0.0724674
35 1.72615 0 0 -0.0103977 -0.0184001 0.607515
36 1.21112 0 0 0.00331364 0.0173221 0.786478
37 3.5992 1.06012 0.0708876 -1.58519 0.28709 -0.0423539
38 1.66069 0 0 0.00583333 0.073164 0.298474
39 1.16699 0 0 0.0397123 0.0124135 0.751671
40 2.18853 -0.50104 0.0576582 -1.57359 0.194888 -0.159461
41 1.29609 0 0 -0.017008 -0.0436384 0.560533
42 1.62202 -0.000713348 -0.0004673 -0.00806916 -0.0311476 0.638739
43 1.22241 0 0 -0.00974944 0.00244494 0.993006
44 1.76707 -1.27612 0.0366402 -1.57222 0.314887 -0.190364
45 1.55588 0 0 0.0298598 0.0130838 0.863363
46 1.24273 0 0 0.000587246 0.000120414 0.477555
47 0.784532 0 0 -0.0100874 -0.00368621 0.217615
48 0 0 0 0 0 0
49 5.347 -17.9618 -7.87745 0.00695459 0.00120177 0.00388608
50 0 -1.70357 0.0050807 0 0 0
51 -0.0019598 3.96104 2.21118 0 0 0
52 0.641596 -0.666147 0.75166 0 0 0
53 0.714397 -3.45621 1.13628 0 0 0
54 -0.70623 -4.69238 1.98618 3.14159 -0.0872664 3.14159
55 0.01333 1.02904 3.61174 0 0 0
56 0.01333 -4.73568 2.23877 0 0 0
57 5.35974 -23.1339 -13.0265 0.00668757 0.00147519 0.00393035
58 0.0129189 0.0367718 6.63003 0 0 0
time 181
0 7.96718 5.13272 -3.24532 0.000934124 0 -0.959925
1 6.02794 0 0 -0.748893 1.04007 -0.3137
2 11.7344 0 0 -0.0014028 0 -1.56285
3 8.81138 -0.000450134 -0.000112534 -0.352255 0 0.00015748
4 5.77839 0.000286102 0 -0.236011 0 0.000103945
5 2.23163 -0.000329971 -0.000365257 -0.116244 0 0
6 11.4725 0 0 -0.494379 -0.255401 0.492327
7 0.615218 -0.993091 -0.8107 2.34511 -0.11076 -0.44386
8 2.24752 0 0 0.101544 0.256935 -0.00235494
9 1.11936 0 0 0.100351 0.152181 -0.151587
10 3.71348 -0.102642 0.102192 1.44717 0.805255 0.453677
11 1.72615 0 0 0.000435653 0.152128 -1.5215
12 1.21114 0 0 -0.00303751 0.0173727 -0.770564
13 3.59919 -1.06012 0.0708885 1.51813 -0.0274419 0.000742708
14 1.66069 0 0 0.0119393 0.0563136 -0.0116417
15 1.16699 0 0 -0.00588656 0.00422542 -0.0411046
16 2.18853 0.501039 0.0576601 1.55893 0.123347 0.226068
17 1.29609 0 0 -0.203075 0.0749011 -0.697922
18 1.62202 0.000715256 -0.000470161 0.0360743 -0.00491094 -1.60563
19 1.22241 0 0 0.00725898 -0.00270849 -0.703281
20 1.76707 1.27612 0.0366411 1.52736 0.172031 0.124017
21 1.55588 0 0 -0.299721 0.178509 -0.619377
22 1.24274 0 0 -0.00046233 -0.000382085 -1.36998
23 0.784523 0 0 0.00430537 0.00338733 -0.7269
24 -2.83583 -1.46786 -10.3275 -0.000932693 0 -2.0944
25 6.02794 0 0 1.01551 0.176839 0.764157
26 11.7344 0 0 0.00140275 0 0.704028
27 8.81167 0 0 2.04323 0 0
28 5.77884 0 0 1.36897 0 0
29 2.23249 0 0 0.674267 0 0
30 11.4725 0 0 2.02629 0.360206 -0.31556
31 0.615812 0.994372 -0.809165 -2.74992 0.371521 0.481775
32 2.24751 0 0 -0.0913849 -0.00666569 -0.225298
33 1.11936 0 0 -0.065963 0.197557 0.102885
34 3.71349 0.102639 0.102192 -1.55796 0.571139 -0.0724672
35 1.72615 0 0 -0.0103979 -0.0184001 0.607515
36 1.21112 0 0 0.00331359 0.017322 0.786478
37 3.5992 1.06012 0.0708885 -1.58519 0.28709 -0.0423539
38 1.66069 0 0 0.00583317 0.0731641 0.298474
39 1.16699 0 0 0.0397125 0.0124131 0.751671
40 2.18853 -0.50104 0.0576601 -1.57359 0.194888 -0.159461
41 1.29609 0 0 -0.0170079 -0.0436384 0.560533
42 1.62202 -0.000715256 -0.000469208 -0.00806915 -0.0311476 0.638739
43 1.22241 0 0 -0.00974945 0.00244506 0.993006
44 1.76707 -1.27612 0.0366411 -1.57222 0.314887 -0.190364
45 1.55588 0 0 0.0298598 0.0130839 0.863363
46 1.24273 0 0 0.000587288 0.000120335 0.477555
47 0.784532 0 0 -0.0100875 -0.00368618 0.217615
48 0 0 0 0 0 0
49 5.31849 -17.9939 -7.82767 0.00941478 0.000356779 0.00431012
50 0 -1.70357 0.0050807 0 0 0
51 -0.00196028 3.96104 2.21118 0 0 0
52 0.641596 -0.666147 0.75166 0 0 0
53 0.714396 -3.45621 1.13628 0 0 0
54 -0.70623 -4.69238 1.98618 -3.14159 -0.0872664 3.14159
55 0.0133295 1.02904 3.61174 0 0 0
56 0.013329 -4.73569 2.23877 0 0 0
57 5.33771 -23.1532 -12.9895 0.00914772 0.000630084 0.00435506
58 0.0129189 0.0367718 6.63003 0 0 0
time 182
0 7.96718 5.13272 -3.24532 0.000934124 0 -0.959925
1 6.02794 0 0 -0.755346 1.0367 -0.320278
2 11.7344 0 0 -0.00140278 0 -1.56224
3 8.81138 -0.000448227 -0.000110626 -0.349723 0 0.000157558
4 5.77839 0.00028801 0 -0.234315 0 0.000104191
5 2.23163 -0.000328064 -0.00036335 -0.115409 0 0
6 11.4725 0 0 -0.494092 -0.2541 0.498462
7 0.615219 -0.993091 -0.810699 2.34511 -0.11076 -0.44386
8 2.24752 0 0 0.101544 0.256935 -0.00235507
9 1.11936 0 0 0.100351 0.152182 -0.151587
10 3.71348 -0.10264 0.102191 1.44717 0.805255 0.453677
11 1.72615 0 0 0.000435645 0.152128 -1.5215
12 1.21114 0 0 -0.00303754 0.0173727 -0.770565
13 3.59919 -1.06012 0.0708885 1.51812 -0.0314829 0.000949937
14 1.66069 0 0 0.00721218 0.0578764 -0.0926198
15 1.167 0 0 -0.00629564 0.00430799 -0.0756239
16 2.18853 0.50104 0.0576591 1.55893 0.123347 0.226068
17 1.29609 0 0 -0.203075 0.0749011 -0.697922
18 1.62202 0.000711441 -0.000471115 0.0360743 -0.00491081 -1.60563
19 1.22241 0 0 0.00725891 -0.00270845 -0.703281
20 1.76707 1.27612 0.0366411 1.52736 0.172031 0.124018
21 1.55588 0 0 -0.299721 0.178509 -0.619377
22 1.24274 0 0 -0.00046234 -0.000381978 -1.36998
23 0.784523 0 0 0.00430532 0.00338722 -0.7269
24 -2.83583 -1.46786 -10.3275 -0.000932693 0 -2.0944
25 6.02794 0 0 1.01537 0.172999 0.763709
26 11.7344 0 0 0.00140272 0 0.698974
27 8.81167 0 0 2.04563 0 0
28 5.77884 0 0 1.37057 0 0
29 2.23249 0 0 0.675057 0 0
30 11.4725 0 0 2.02911 0.363121 -0.313669
31 0.615814 0.994371 -0.809165 -2.74992 0.371521 0.481775
32 2.24751 0 0 -0.091385 -0.00666562 -0.225298
33 1.11936 0 0 -0.065963 0.197557 0.102886
34 3.71349 0.102639 0.10219 -1.55796 0.571139 -0.0724674
35 1.72615 0 0 -0.0103977 -0.0184002 0.607515
36 1.21112 0 0 0.0033136 0.0173221 0.786478
37 3.5992 1.06012 0.0708885 -1.58519 0.28709 -0.0423538
38 1.66069 0 0 0.00583319 0.0731642 0.298474
39 1.16699 0 0 0.0397122 0.0124132 0.751671
40 2.18853 -0.501041 0.0576591 -1.57359 0.194888 -0.159461
41 1.29609 0 0 -0.0170079 -0.0436385 0.560533
42 1.62202 -0.000713348 -0.000469208 -0.00806941 -0.0311475 0.638739
43 1.22241 0 0 -0.00974948 0.00244487 0.993006
44 1.76707 -1.27612 0.0366402 -1.57222 0.314887 -0.190364
45 1.55588 0 0 0.0298599 0.0130837 0.863363
46 1.24273 0 0 0.00058729 0.000120472 0.477555
47 0.784532 0 0 -0.0100875 -0.00368616 0.217615
48 0 0 0 0 0 0
49 5.29062 -18.0224 -7.77177 0.0113238 -0.000571104 0.00458062
50 0 -1.70357 0.0050807 0 0 0
51 -0.00195932 3.96104 2.21118 0 0 0
52 0.641595 -0.666147 0.75166 0 0 0
53 0.714397 -3.4562 1.13628 0 0 0
54 -0.70623 -4.69238 1.98618 3.14159 -0.0872663 -3.14159
55 0.01333 1.02904 3.61174 0 0 0
56 0.01333 -4.73568 2.23877 0 0 0
57 5.31598 -23.1719 -12.9434 0.0110567 -0.000297885 0.00462608
58 0.0129194 0.0367718 6.63003 0 0 0
time 183
0 7.96718 5.13272 -3.24532 0.000934124 0 -0.959925
1 6.02794 0 0 -0.760391 1.03398 -0.325602
2 11.7344 0 0 -0.00140293 0 -1.56289
3 8.81138 -0.000452042 -0.000112534 -0.346894 0 0.000157253
4 5.77839 0.000286102 0 -0.232419 0 0.000103805
5 2.23163 -0.000329971 -0.000365257 -0.114475 0 0
6 11.4725 0 0 -0.493538 -0.253266 0.504281
7 0.61522 -0.993091 -0.810699 2.34511 -0.11076 -0.44386
8 2.24752 0 0 0.101544 0.256935 -0.0023549
9 1.11936 0 0 0.100351 0.152181 -0.151588
10 3.71348 -0.10264 0.102191 1.44717 0.805255 0.453677
11 1.72615 0 0 0.000435668 0.152128 -1.5215
12 1.21114 0 0 -0.00303753 0.0173727 -0.770564
13 3.59919 -1.06012 0.0708885 1.51812 -0.0374381 0.00125739
14 1.66069 0 0 0.000135857 0.0592581 -0.211982
15 1.167 0 0 -0.0068539 0.00433568 -0.126496
16 2.18853 0.50104 0.0576601 1.55893 0.123347 0.226068
17 1.29609 0 0 -0.203075 0.0749011 -0.697923
18 1.62202 0.000713348 -0.000471115 0.0360743 -0.00491092 -1.60563
19 1.22241 0 0 0.00725899 -0.00270845 -0.703281
20 1.76707 1.27612 0.0366421 1.52736 0.172031 0.124018
21 1.55588 0 0 -0.299721 0.178509 -0.619377
22 1.24273 0 0 -0.000462271 -0.000381921 -1.36998
23 0.784523 0 0 0.00430533 0.00338726 -0.7269
24 -2.83583 -1.44127 -10.3275 -0.000932693 0 -2.0944
25 6.02794 0 0 1.01505 0.167344 0.763871
26 11.7344 0 0 0.00140274 0 0.690276
27 8.81167 0 0 2.04771 0 0
28 5.77884 0 0 1.37196 0 0
29 2.23249 0 0 0.675743 0 0
30 11.4725 0 0 2.0321 0.365929 -0.309411
31 0.615812 0.994374 -0.809165 -2.74992 0.371521 0.481775
32 2.24752 0 0 -0.0913849 -0.00666562 -0.225298
33 1.11936 0 0 -0.065963 0.197557 0.102885
34 3.71348 0.10264 0.102191 -1.55796 0.571139 -0.0724673
35 1.72615 0 0 -0.0103979 -0.0184 0.607515
36 1.21112 0 0 0.00331364 0.0173221 0.786478
37 3.5992 1.06012 0.0708885 -1.58519 0.28709 -0.042354
38 1.66069 0 0 0.00583328 0.0731641 0.298474
39 1.16699 0 0 0.0397123 0.0124134 0.751671
40 2.18853 -0.50104 0.0576591 -1.57359 0.194888 -0.159461
41 1.29609 0 0 -0.017008 -0.0436384 0.560533
42 1.62202 -0.000711441 -0.000473022 -0.00806924 -0.0311476 0.638739
43 1.22241 0 0 -0.0097494 0.00244489 0.993006
44 1.76707 -1.27612 0.0366402 -1.57222 0.314887 -0.190364
45 1.55588 0 0 0.0298599 0.0130838 0.863363
46 1.24273 0 0 0.000587267 0.000120501 0.477555
47 0.784532 0 0 -0.0100875 -0.00368625 0.217615
48 0 0 0 0 0 0
49 5.26349 -18.0374 -7.7152 0.0125338 -0.0015602 0.00472534
50 0 -1.70357 0.00508118 0 0 0
51 -0.0019598 3.96104 2.21118 0 0 0
52 0.641595 -0.666147 0.75166 0 0 0
53 0.714397 -3.4562 1.13628 0 0 0
54 -0.70623 -4.69238 1.98618 -3.14159 -0.0872664 3.14159
55 0.01333 1.02904 3.61174 0 0 0
56 0.0133295 -4.73568 2.23877 0 0 0
57 5.29469 -23.1806 -12.8931 0.0122667 -0.00128704 0.00477113
58 0.0129194 0.0367718 6.63003 0 0 0
time 184
0 7.96718 5.13272 -3.24532 0.000934124 0 -0.959925
1 6.02794 0 0 -0.762746 1.03257 -0.328683
2 11.7344 0 0 -0.00140274 0 -1.56561
3 8.81138 -0.000448227 -0.000114441 -0.343729 0 0.000157599
4 5.77839 0.000286102 0 -0.230298 0 0.000104033
5 2.23163 -0.000328064 -0.000366211 -0.113431 0 0
6 11.4725 0 0 -0.492814 -0.253413 0.509673
7 0.615221 -0.993091 -0.8107 2.34511 -0.11076 -0.44386
8 2.24752 0 0 0.101544 0.256935 -0.002355
9 1.11936 0 0 0.100351 0.152181 -0.151588
10 3.71348 -0.10264 0.102191 1.44717 0.805255 0.453676
11 1.72615 0 0 0.000435592 0.152128 -1.5215
12 1.21113 0 0 -0.00303752 0.0173728 -0.770564
13 3.5992 -1.06012 0.0708885 1.5181 -0.0446689 0.00163368
14 1.66069 0 0 -0.00846154 0.0594501 -0.356941
15 1.167 0 0 -0.00745287 0.00422237 -0.188273
16 2.18852 0.50104 0.0576582 1.55893 0.123347 0.226068
17 1.29609 0 0 -0.203075 0.0749011 -0.697922
18 1.62202 0.000713348 -0.000473022 0.0360742 -0.00491088 -1.60563
19 1.22241 0 0 0.00725898 -0.00270852 -0.703282
20 1.76707 1.27612 0.0366411 1.52736 0.172031 0.124018
21 1.55588 0 0 -0.299721 0.178509 -0.619377
22 1.24274 0 0 -0.000462261 -0.000382028 -1.36998
23 0.784523 0 0 0.00430533 0.00338719 -0.7269
24 -2.83583 -1.3691 -10.3275 -0.000932693 0 -2.0944
25 6.02794 0 0 1.01436 0.159556 0.764771
26 11.7344 0 0 0.00140284 0 0.676677
27 8.81167 0 0 2.04939 0 0
28 5.77884 0 0 1.37309 0 0
29 2.23249 0 0 0.676298 0 0
30 11.4725 0 0 2.03541 0.368591 -0.301687
31 0.61581 0.994373 -0.809165 -2.74992 0.371521 0.481775
32 2.24752 0 0 -0.0913849 -0.00666558 -0.225298
33 1.11936 0 0 -0.065963 0.197556 0.102885
34 3.71348 0.10264 0.102191 -1.55796 0.571139 -0.0724677
35 1.72615 0 0 -0.0103977 -0.0184001 0.607515
36 1.21112 0 0 0.00331357 0.0173221 0.786478
37 3.5992 1.06012 0.0708876 -1.58519 0.28709 -0.042354
38 1.66069 0 0 0.00583328 0.073164 0.298474
39 1.16699 0 0 0.0397123 0.0124132 0.751671
40 2.18853 -0.50104 0.0576582 -1.57359 0.194888 -0.159462
41 1.29609 0 0 -0.017008 -0.0436383 0.560533
42 1.62202 -0.000713348 -0.000471115 -0.00806903 -0.0311475 0.638739
43 1.22241 0 0 -0.00974957 0.00244496 0.993006
44 1.76707 -1.27612 0.0366411 -1.57222 0.314887 -0.190364
45 1.55587 0 0 0.0298599 0.0130839 0.863363
46 1.24273 0 0 0.000587267 0.000120378 0.477555
47 0.784532 0 0 -0.0100875 -0.00368612 0.217615
48 0 0 0 0 0 0
49 5.23717 -18.0287 -7.6634 0.0128973 -0.00258885 0.00477205
50 0 -1.70356 0.00508022 0 0 0
51 -0.0019598 3.96104 2.21118 0 0 0
52 0.641596 -0.666147 0.75166 0 0 0
53 0.714397 -3.45621 1.13628 0 0 0
54 -0.70623 -4.69238 1.98618 -3.14159 -0.0872664 3.14159
55 0.0133295 1.02904 3.61174 0 0 0
56 0.0133295 -4.73569 2.23877 0 0 0
57 5.27394 -23.1699 -12.8431 0.0126301 -0.00231571 0.00481794
58 0.0129194 0.0367718 6.63004 0 0 0
time 185
0 7.96718 5.13272 -3.24532 0.000934124 0 -0.959925
1 6.02794 0 0 -0.761168 1.03312 -0.328499
2 11.7344 0 0 -0.00140275 0 -1.5712
3 8.81138 -0.000450134 -0.000112534 -0.339938 0 0.000157449
4 5.77839 0.000286102 0 -0.227758 0 0.000103962
5 2.23163 -0.000329971 -0.000364304 -0.112179 0 0
6 11.4725 0 0 -0.491663 -0.254902 0.514383
7 0.615218 -0.993092 -0.810699 2.34511 -0.11076 -0.44386
8 2.24752 0 0 0.101544 0.256935 -0.00235487
9 1.11936 0 0 0.100351 0.152181 -0.151588
10 3.71348 -0.102642 0.102191 1.44717 0.805255 0.453677
11 1.72615 0 0 0.000435577 0.152128 -1.5215
12 1.21114 0 0 -0.0030376 0.0173727 -0.770565
13 3.59919 -1.06012 0.0708885 1.51809 -0.0525373 0.00204719
14 1.66068 0 0 -0.0175621 0.057826 -0.514678
15 1.167 0 0 -0.00799567 0.00392209 -0.255503
16 2.18852 0.501039 0.0576591 1.55893 0.123348 0.226068
17 1.29609 0 0 -0.203075 0.0749011 -0.697922
18 1.62202 0.000713348 -0.000471115 0.0360742 -0.00491079 -1.60563
19 1.22241 0 0 0.00725902 -0.00270844 -0.703281
20 1.76707 1.27612 0.0366411 1.52736 0.172031 0.124018
21 1.55587 0 0 -0.299721 0.178509 -0.619377
22 1.24273 0 0 -0.000462261 -0.000382028 -1.36998
23 0.784523 0 0 0.0043054 0.00338725 -0.7269
24 -2.83583 -1.26275 -10.3275 -0.000932693 0 -2.0944
25 6.02794 0 0 1.01331 0.151743 0.765598
26 11.7344 0 0 0.00140271 0 0.662958
27 8.81167 0 0 2.05105 0 0
28 5.77884 0 0 1.3742 0 0
29 2.23249 0 0 0.676846 0 0
30 11.4725 0 0 2.03884 0.370469 -0.2929
31 0.615814 0.994372 -0.809165 -2.74992 0.371521 0.481775
32 2.24752 0 0 -0.0913849 -0.00666564 -0.225298
33 1.11936 0 0 -0.0659631 0.197556 0.102885
34 3.71349 0.102639 0.102191 -1.55796 0.571139 -0.0724672
35 1.72615 0 0 -0.0103978 -0.0184002 0.607515
36 1.21112 0 0 0.00331363 0.0173221 0.786478
37 3.5992 1.06011 0.0708885 -1.58519 0.28709 -0.0423538
38 1.66069 0 0 0.00583321 0.0731642 0.298474
39 1.16699 0 0 0.0397123 0.0124133 0.751671
40 2.18853 -0.501041 0.0576591 -1.57359 0.194888 -0.159461
41 1.29609 0 0 -0.0170081 -0.0436384 0.560533
42 1.62202 -0.000713348 -0.000471115 -0.00806914 -0.0311477 0.638739
43 1.22241 0 0 -0.00974958 0.00244519 0.993006
44 1.76707 -1.27612 0.0366411 -1.57222 0.314887 -0.190364
45 1.55587 0 0 0.0298599 0.0130838 0.863363
46 1.24273 0 0 0.000587246 0.000120414 0.477555
47 0.784532 0 0 -0.0100875 -0.00368611 0.217615
48 0 0 0 0 0 0
49 5.21177 -17.986 -7.62183 0.012147 -0.00391539 0.00462108
50 0 -1.70357 0.00508118 0 0 0
51 -0.0019598 3.96104 2.21118 0 0 0
52 0.641596 -0.666149 0.751661 0 0 0
53 0.714397 -3.45621 1.13628 0 0 0
54 -0.706229 -4.69238 1.98618 -3.14159 -0.0872664 3.14159
55 0.01333 1.02904 3.61174 0 0 0
56 0.01333 -4.73569 2.23877 0 0 0
57 5.25463 -23.1311 -12.7977 0.0118798 -0.00364221 0.00466677
58 0.0129189 0.0367718 6.63003 0 0 0
time 186
0 7.96718 5.13272 -3.24532 0.000934124 0 -0.959925
1 6.02794 0 0 -0.754248 1.03631 -0.323846
2 11.7344 0 0 -0.0014029 0 -1.58118
3 8.81138 -0.000450134 -0.000112534 -0.335119 0 0.000157443
4 5.77839 0.000287056 0 -0.22453 0 0.000104034
5 2.23163 -0.000329018 -0.000364304 -0.110589 0 0
6 11.4725 0 0 -0.490109 -0.258002 0.519113
7 0.61522 -0.993092 -0.810701 2.34511 -0.11076 -0.443861
8 2.24752 0 0 0.101544 0.256935 -0.00235506
9 1.11936 0 0 0.100351 0.152181 -0.151587
10 3.71348 -0.102641 0.10219 1.44717 0.805255 0.453677
11 1.72615 0 0 0.000435653 0.152128 -1.5215
12 1.21113 0 0 -0.00303755 0.0173728 -0.770564
13 3.59919 -1.06012 0.0708876 1.51806 -0.0604057 0.00246522
14 1.66069 0 0 -0.0261062 0.0543551 -0.672365
15 1.167 0 0 -0.00841306 0.00344526 -0.322736
16 2.18852 0.50104 0.0576582 1.55893 0.123347 0.226068
17 1.29609 0 0 -0.203075 0.0749011 -0.697922
18 1.62202 0.000713348 -0.000472069 0.0360743 -0.0049109 -1.60563
19 1.22241 0 0 0.00725897 -0.00270862 -0.703282
20 1.76707 1.27612 0.0366392 1.52736 0.172031 0.124018
21 1.55588 0 0 -0.299721 0.178509 -0.619377
22 1.24274 0 0 -0.000462363 -0.000381997 -1.36998
23 0.784523 0 0 0.00430537 0.00338724 -0.7269
24 -2.83583 -1.13361 -10.3275 -0.000932693 0 -2.0944
25 6.02794 0 0 1.01187 0.146472 0.765198
26 11.7344 0 0 0.00140279 0 0.655395
27 8.81167 0 0 2.05333 0 0
28 5.77884 0 0 1.37573 0 0
29 2.23249 0 0 0.677598 0 0
30 11.4725 0 0 2.04224 0.371176 -0.286668
31 0.615812 0.994371 -0.809165 -2.74992 0.371521 0.481775
32 2.24752 0 0 -0.0913849 -0.0066656 -0.225298
33 1.11936 0 0 -0.065963 0.197556 0.102885
34 3.71349 0.102638 0.10219 -1.55796 0.571139 -0.0724674
35 1.72615 0 0 -0.0103979 -0.0184001 0.607515
36 1.21112 0 0 0.00331359 0.0173221 0.786478
37 3.5992 1.06011 0.0708876 -1.58519 0.28709 -0.0423539
38 1.66069 0 0 0.00583335 0.0731639 0.298474
39 1.16699 0 0 0.0397122 0.0124133 0.751671
40 2.18853 -0.50104 0.0576591 -1.57359 0.194888 -0.159461
41 1.29609 0 0 -0.0170079 -0.0436384 0.560533
42 1.62202 -0.000711441 -0.0004673 -0.00806917 -0.0311477 0.638739
43 1.22241 0 0 -0.00974962 0.00244499 0.993006
44 1.76707 -1.27612 0.0366402 -1.57222 0.314887 -0.190364
45 1.55587 0 0 0.0298598 0.0130838 0.863363
46 1.24273 0 0 0.000587311 0.000120429 0.477555
47 0.784531 0 0 -0.0100875 -0.00368624 0.217615
48 0 0 0 0 0 0
49 5.18736 -17.8956 -7.59047 0.0103577 -0.00565 0.00420838
50 0 -1.70357 0.0050807 0 0 0
51 -0.0019598 3.96104 2.21118 0 0 0
52 0.641596 -0.666149 0.75166 0 0 0
53 0.714397 -3.45621 1.13628 0 0 0
54 -0.70623 -4.69238 1.98618 3.14159 -0.0872664 -3.14159
55 0.0133295 1.02904 3.61174 0 0 0
56 0.0133295 -4.73569 2.23877 0 0 0
57 5.23706 -23.0499 -12.7571 0.0100904 -0.00537674 0.00425358
58 0.0129189 0.0367737 6.63004 0 0 0
time 187
0 7.96718 5.13272 -3.24532 0.000934124 0 -0.959925
1 6.02794 0 0 -0.742915 1.04154 -0.315496
2 11.7344 0 0 -0.0014028 0 -1.59487
3 8.81138 -0.000450134 -0.000112534 -0.329514 0 0.000157207
4 5.77839 0.000286102 0 -0.220774 0 0.000103849
5 2.23163 -0.000329971 -0.000364304 -0.10874 0 0
6 11.4725 0 0 -0.488446 -0.262374 0.524221
7 0.615219 -0.993091 -0.810699 2.34511 -0.11076 -0.44386
8 2.24752 0 0 0.101544 0.256935 -0.00235507
9 1.11936 0 0 0.100351 0.152181 -0.151588
10 3.71348 -0.102641 0.102192 1.44717 0.805255 0.453677
11 1.72615 0 0 0.00043572 0.152128 -1.5215
12 1.21114 0 0 -0.0030376 0.0173727 -0.770565
13 3.59919 -1.06012 0.0708885 1.51803 -0.0676357 0.00285311
14 1.66068 0 0 -0.0332226 0.0496313 -0.817194
15 1.167 0 0 -0.00867597 0.00285894 -0.384519
16 2.18852 0.50104 0.0576591 1.55893 0.123347 0.226068
17 1.29609 0 0 -0.203075 0.0749011 -0.697922
18 1.62202 0.000711441 -0.000471115 0.0360742 -0.00491088 -1.60563
19 1.22241 0 0 0.00725902 -0.00270844 -0.703281
20 1.76707 1.27612 0.0366411 1.52736 0.172031 0.124018
21 1.55588 0 0 -0.299721 0.178509 -0.619377
22 1.24273 0 0 -0.000462317 -0.000381959 -1.36998
23 0.784523 0 0 0.00430535 0.0033872 -0.7269
24 -2.83583 -0.993074 -10.3275 -0.000932693 0 -2.0944
25 6.02794 0 0 1.01016 0.143956 0.763477
26 11.7344 0 0 0.00140276 0 0.654729
27 8.81167 0 0 2.05616 0 0
28 5.77884 0 0 1.37763 0 0
29 2.23249 0 0 0.678534 0 0
30 11.4725 0 0 2.0454 0.371016 -0.283899
31 0.615816 0.994372 -0.809165 -2.74992 0.371521 0.481775
32 2.24752 0 0 -0.0913849 -0.00666571 -0.225298
33 1.11935 0 0 -0.065963 0.197557 0.102886
34 3.71349 0.10264 0.102191 -1.55796 0.571139 -0.0724675
35 1.72615 0 0 -0.0103978 -0.0184 0.607515
36 1.21112 0 0 0.00331347 0.0173221 0.786478
37 3.5992 1.06011 0.0708876 -1.58519 0.28709 -0.0423541
38 1.66069 0 0 0.00583318 0.0731641 0.298474
39 1.16699 0 0 0.0397123 0.0124133 0.751671
40 2.18853 -0.50104 0.0576591 -1.57359 0.194888 -0.159461
41 1.29609 0 0 -0.017008 -0.0436382 0.560533
42 1.62202 -0.000713348 -0.000469208 -0.00806919 -0.0311476 0.638739
43 1.22241 0 0 -0.00974962 0.00244498 0.993006
44 1.76707 -1.27612 0.0366402 -1.57222 0.314887 -0.190364
45 1.55588 0 0 0.0298597 0.0130838 0.863363
46 1.24273 0 0 0.000587165 0.000120334 0.477555
47 0.784532 0 0 -0.0100872 -0.00368602 0.217615
48 0 0 0 0 0 0
49 5.16404 -17.766 -7.56478 0.00789537 -0.0075488 0.00361509
50 0 -1.70357 0.00508022 0 0 0
51 -0.00195885 3.96104 2.21118 0 0 0
52 0.641597 -0.666147 0.75166 0 0 0
53 0.714398 -3.4562 1.13628 0 0 0
54 -0.706229 -4.69238 1.98618 -3.14159 -0.0872664 3.14159
55 0.0133309 1.02904 3.61174 0 0 0
56 0.0133305 -4.73568 2.23877 0 0 0
57 5.22045 -22.933 -12.7186 0.00762796 -0.00727542 0.00365962
58 0.0129189 0.0367718 6.63003 0 0 0
time 188
0 7.96718 5.13272 -3.24532 0.000934124 0 -0.959925
1 6.02794 0 0 -0.729587 1.04748 -0.30554
2 11.7344 0 0 -0.00140285 0 -1.60962
3 8.81138 -0.000450134 -0.00011158 -0.323848 0 0.000156894
4 5.77839 0.000286102 0 -0.216978 0 0.000103591
5 2.23164 -0.000329971 -0.000365257 -0.10687 0 0
6 11.4725 0 0 -0.486866 -0.267339 0.529048
7 0.615219 -0.993091 -0.8107 2.34511 -0.11076 -0.44386
8 2.24752 0 0 0.101545 0.256935 -0.00235498
9 1.11936 0 0 0.100351 0.152181 -0.151588
10 3.71348 -0.10264 0.10219 1.44717 0.805255 0.453677
11 1.72615 0 0 0.00043569 0.152128 -1.5215
12 1.21114 0 0 -0.00303757 0.0173727 -0.770565
13 3.59919 -1.06012 0.0708885 1.51801 -0.0735895 0.00317541
14 1.66069 0 0 -0.038405 0.0447224 -0.9364
15 1.167 0 0 -0.00879956 0.00227495 -0.4354
16 2.18853 0.50104 0.0576591 1.55893 0.123347 0.226068
17 1.29609 0 0 -0.203075 0.0749012 -0.697922
18 1.62202 0.000711441 -0.000472069 0.0360744 -0.00491083 -1.60563
19 1.22241 0 0 0.00725895 -0.00270853 -0.703281
20 1.76707 1.27612 0.0366402 1.52736 0.172031 0.124018
21 1.55588 0 0 -0.299721 0.178509 -0.619377
22 1.24273 0 0 -0.000462353 -0.000382104 -1.36998
23 0.784523 0 0 0.00430536 0.00338727 -0.7269
24 -2.83583 -0.852538 -10.3275 -0.000932693 0 -2.0944
25 6.02794 0 0 1.00837 0.143091 0.761034
26 11.7344 0 0 0.0014027 0 0.658024
27 8.81167 0 0 2.05909 0 0
28 5.77884 0 0 1.37959 0 0
29 2.23249 0 0 0.679501 0 0
30 11.4725 0 0 2.04819 0.370408 -0.28328
31 0.615814 0.994371 -0.809165 -2.74992 0.371521 0.481775
32 2.24752 0 0 -0.0913849 -0.00666573 -0.225298
33 1.11936 0 0 -0.065963 0.197557 0.102885
34 3.71349 0.102638 0.102191 -1.55796 0.571139 -0.0724673
35 1.72615 0 0 -0.0103978 -0.0184002 0.607515
36 1.21112 0 0 0.00331367 0.0173221 0.786478
37 3.5992 1.06012 0.0708876 -1.58519 0.28709 -0.0423537
38 1.66069 0 0 0.00583336 0.0731641 0.298474
39 1.16699 0 0 0.0397123 0.0124134 0.751671
40 2.18853 -0.501041 0.0576591 -1.57359 0.194888 -0.159461
41 1.29609 0 0 -0.0170079 -0.0436384 0.560533
42 1.62202 -0.000715256 -0.0004673 -0.00806918 -0.0311475 0.638739
43 1.22241 0 0 -0.0097496 0.00244503 0.993006
44 1.76707 -1.27612 0.0366402 -1.57222 0.314887 -0.190364
45 1.55588 0 0 0.0298598 0.0130838 0.863363
46 1.24273 0 0 0.000587162 0.00012045 0.477555
47 0.784532 0 0 -0.0100874 -0.00368613 0.217615
48 0 0 0 0 0 0
49 5.1419 -17.6203 -7.54341 0.00512553 -0.00936789 0.00292236
50 0 -1.70357 0.0050807 0 0 0
51 -0.0019598 3.96104 2.21118 0 0 0
52 0.641596 -0.666147 0.75166 0 0 0
53 0.714397 -3.45621 1.13628 0 0 0
54 -0.70623 -4.69238 1.98618 -3.14159 -0.0872664 3.14159
55 0.01333 1.02904 3.61174 0 0 0
56 0.01333 -4.73569 2.23877 0 0 0
57 5.20401 -22.8016 -12.6828 0.00485805 -0.00909439 0.00296613
58 0.0129194 0.0367699 6.63004 0 0 0
time 189
0 7.96718 5.13272 -3.24532 0.000934124 0 -0.959925
1 6.02794 0 0 -0.716348 1.05315 -0.295613
2 11.7344 0 0 -0.00140283 0 -1.62366
3 8.81138 -0.000449181 -0.000113487 -0.318681 0 0.00015756
4 5.77839 0.000286102 0 -0.213517 0 0.000104128
5 2.23163 -0.000329971 -0.000364304 -0.105165 0 0
6 11.4725 0 0 -0.485562 -0.272179 0.533389
7 0.615219 -0.993092 -0.810699 2.34511 -0.11076 -0.44386
8 2.24752 0 0 0.101544 0.256935 -0.00235502
9 1.11936 0 0 0.100351 0.152181 -0.151588
10 3.71348 -0.102641 0.102191 1.44717 0.805255 0.453677
11 1.72615 0 0 0.000435698 0.152128 -1.5215
12 1.21114 0 0 -0.00303758 0.0173727 -0.770565
13 3.59919 -1.06012 0.0708876 1.51799 -0.0776294 0.00339556
14 1.66068 0 0 -0.0415149 0.0409107 -1.01725
15 1.167 0 0 -0.00883316 0.00182903 -0.469926
16 2.18852 0.50104 0.0576591 1.55893 0.123347 0.226068
17 1.29609 0 0 -0.203075 0.0749011 -0.697922
18 1.62202 0.000713348 -0.000471115 0.0360743 -0.00491102 -1.60563
19 1.22241 0 0 0.00725891 -0.00270851 -0.703282
20 1.76707 1.27612 0.0366402 1.52736 0.172031 0.124018
21 1.55588 0 0 -0.299721 0.178509 -0.619377
22 1.24274 0 0 -0.000462256 -0.000381986 -1.36998
23 0.784525 0 0 0.00430545 0.00338727 -0.7269
24 -2.83583 -0.723397 -10.3275 -0.000932693 0 -2.0944
25 6.02794 0 0 1.00672 0.14275 0.758499
26 11.7344 0 0 0.00140269 0 0.662275
27 8.81167 0 0 2.06165 0 0
28 5.77884 0 0 1.38131 0 0
29 2.23249 0 0 0.680345 0 0
30 11.4725 0 0 2.05048 0.369768 -0.283456
31 0.615812 0.994373 -0.809165 -2.74992 0.371521 0.481775
32 2.24752 0 0 -0.0913849 -0.00666571 -0.225298
33 1.11936 0 0 -0.065963 0.197556 0.102886
34 3.71348 0.102639 0.102191 -1.55796 0.571139 -0.0724672
35 1.72615 0 0 -0.0103979 -0.0184002 0.607515
36 1.21112 0 0 0.00331368 0.0173222 0.786478
37 3.5992 1.06012 0.0708895 -1.58519 0.28709 -0.0423539
38 1.66069 0 0 0.00583319 0.073164 0.298474
39 1.16699 0 0 0.0397123 0.0124132 0.751671
40 2.18853 -0.50104 0.0576591 -1.57359 0.194888 -0.159461
41 1.29609 0 0 -0.0170079 -0.0436383 0.560533
42 1.62202 -0.000713348 -0.000469208 -0.00806917 -0.0311476 0.638739
43 1.22241 0 0 -0.00974955 0.00244499 0.993006
44 1.76707 -1.27612 0.0366411 -1.57222 0.314887 -0.190364
45 1.55588 0 0 0.0298599 0.0130839 0.863363
46 1.24273 0 0 0.000587201 0.000120356 0.477555
47 0.784531 0 0 -0.0100873 -0.00368609 0.217615
48 0 0 0 0 0 0
49 5.12102 -17.482 -7.52505 0.00241405 -0.0108634 0.00221133
50 0 -1.70356 0.00508118 0 0 0
51 -0.0019598 3.96104 2.21118 0 0 0
52 0.641596 -0.666145 0.751661 0 0 0
53 0.714397 -3.4562 1.13628 0 0 0
54 -0.70623 -4.69238 1.98618 -3.14159 -0.0872664 3.14159
55 0.01333 1.02904 3.61174 0 0 0
56 0.0133295 -4.73568 2.23877 0 0 0
57 5.187 -22.6772 -12.6503 0.00214651 -0.0105898 0.00225436
58 0.0129189 0.0367718 6.63003 0 0 0
time 190
0 7.96718 5.13272 -3.24532 0.000934124 0 -0.959925
1 6.02794 0 0 -0.706057 1.05736 -0.288159
2 11.7344 0 0 -0.00140294 0 -1.6344
3 8.81138 -0.000451088 -0.000113487 -0.314804 0 0.000157767
4 5.77839 0.000287056 0 -0.210919 0 0.000104307
5 2.23163 -0.000329018 -0.000364304 -0.103885 0 0
6 11.4725 0 0 -0.484723 -0.276133 0.536623
7 0.615218 -0.993091 -0.810699 2.34511 -0.11076 -0.44386
8 2.24752 0 0 0.101544 0.256935 -0.00235503
9 1.11936 0 0 0.100351 0.152181 -0.151587
10 3.71348 -0.102641 0.102191 1.44717 0.805255 0.453677
11 1.72615 0 0 0.000435645 0.152128 -1.5215
12 1.21114 0 0 -0.00303751 0.0173728 -0.770564
13 3.59919 -1.06012 0.0708876 1.51798 -0.0791179 0.003477
14 1.66069 0 0 -0.0425705 0.0394149 -1.04703
15 1.167 0 0 -0.00883495 0.00165496 -0.482647
16 2.18852 0.50104 0.0576591 1.55893 0.123347 0.226068
17 1.29609 0 0 -0.203075 0.0749011 -0.697923
18 1.62202 0.000713348 -0.000472069 0.0360743 -0.00491085 -1.60563
19 1.22241 0 0 0.00725894 -0.00270841 -0.703281
20 1.76707 1.27612 0.0366411 1.52736 0.172031 0.124018
21 1.55588 0 0 -0.299721 0.178509 -0.619377
22 1.24273 0 0 -0.000462248 -0.000381902 -1.36998
23 0.784521 0 0 0.00430535 0.0033872 -0.7269
24 -2.83583 -0.617046 -10.3275 -0.000932693 0 -2.0944
25 6.02794 0 0 1.00539 0.141832 0.756507
26 11.7344 0 0 0.00140288 0 0.664505
27 8.81167 0 0 2.06337 0 0
28 5.77884 0 0 1.38246 0 0
29 2.23249 0 0 0.680911 0 0
30 11.4725 0 0 2.05213 0.369512 -0.283079
31 0.615814 0.994373 -0.809165 -2.74992 0.371521 0.481775
32 2.24752 0 0 -0.0913849 -0.00666567 -0.225298
33 1.11935 0 0 -0.065963 0.197557 0.102885
34 3.71348 0.10264 0.102191 -1.55796 0.571139 -0.0724674
35 1.72615 0 0 -0.0103979 -0.0184002 0.607515
36 1.21112 0 0 0.00331372 0.0173221 0.786478
37 3.5992 1.06012 0.0708885 -1.58519 0.28709 -0.0423538
38 1.66069 0 0 0.00583323 0.073164 0.298474
39 1.16699 0 0 0.0397123 0.0124132 0.751671
40 2.18853 -0.50104 0.0576582 -1.57359 0.194888 -0.159461
41 1.29609 0 0 -0.017008 -0.0436384 0.560533
42 1.62202 -0.000715256 -0.0004673 -0.00806913 -0.0311477 0.638739
43 1.22241 0 0 -0.00974945 0.00244492 0.993006
44 1.76707 -1.27612 0.0366411 -1.57222 0.314887 -0.190364
45 1.55587 0 0 0.0298597 0.0130839 0.863363
46 1.24273 0 0 0.000587318 0.000120335 0.477555
47 0.784532 0 0 -0.0100873 -0.00368615 0.217615
48 0 0 0 0 0 0
49 5.10149 -17.3742 -7.50835 0.000126643 -0.0117914 0.00156316
50 0 -1.70357 0.00508118 0 0 0
51 -0.00196028 3.96104 2.21118 0 0 0
52 0.641596 -0.666145 0.751661 0 0 0
53 0.714398 -3.45621 1.13628 0 0 0
54 -0.70623 -4.69238 1.98618 -3.14159 -0.0872664 -3.14159
55 0.01333 1.02904 3.61174 0 0 0
56 0.01333 -4.73568 2.23877 0 0 0
57 5.16874 -22.5812 -12.6217 -0.000140925 -0.0115177 0.00160557
58 0.0129189 0.0367737 6.63003 0 0 0
time 191
0 7.96718 5.13272 -3.24532 0.000934124 0 -0.959925
1 6.02794 0 0 -0.69944 1.05991 -0.283808
2 11.7344 0 0 -0.0014029 0 -1.64135
3 8.81138 -0.000450134 -0.00011158 -0.312615 0 0.00015768
4 5.77839 0.000286102 0 -0.209452 0 0.000104271
5 2.23163 -0.000329971 -0.00036335 -0.103163 0 0
6 11.4725 0 0 -0.484712 -0.279002 0.538912
7 0.61522 -0.993091 -0.810699 2.34511 -0.11076 -0.44386
8 2.24752 0 0 0.101545 0.256935 -0.00235502
9 1.11936 0 0 0.100351 0.152181 -0.151588
10 3.71348 -0.102641 0.102191 1.44717 0.805255 0.453677
11 1.72615 0 0 0.000435668 0.152128 -1.5215
12 1.21113 0 0 -0.00303758 0.0173727 -0.770565
13 3.59919 -1.06012 0.0708876 1.51798 -0.0791178 0.00347694
14 1.66069 0 0 -0.0425705 0.0394149 -1.04703
15 1.167 0 0 -0.0088349 0.00165497 -0.482647
16 2.18852 0.50104 0.0576591 1.55893 0.123347 0.226068
17 1.29609 0 0 -0.203075 0.0749011 -0.697922
18 1.62202 0.000715256 -0.000472069 0.0360743 -0.0049109 -1.60563
19 1.22241 0 0 0.00725896 -0.00270846 -0.703281
20 1.76707 1.27612 0.0366411 1.52736 0.172031 0.124017
21 1.55588 0 0 -0.299721 0.178509 -0.619377
22 1.24273 0 0 -0.000462214 -0.000381991 -1.36998
23 0.784525 0 0 0.0043054 0.00338734 -0.7269
24 -2.83583 -0.544879 -10.3275 -0.000932693 0 -2.0944
25 6.02794 0 0 1.00445 0.141031 0.754884
26 11.7344 0 0 0.00140271 0 0.666015
27 8.81167 0 0 2.06418 0 0
28 5.77884 0 0 1.383 0 0
29 2.23249 0 0 0.68118 0 0
30 11.4725 0 0 2.0529 0.369791 -0.283169
31 0.615814 0.994371 -0.809166 -2.74992 0.371521 0.481775
32 2.24752 0 0 -0.0913849 -0.00666553 -0.225298
33 1.11936 0 0 -0.065963 0.197556 0.102886
34 3.71349 0.102639 0.10219 -1.55796 0.571139 -0.0724675
35 1.72615 0 0 -0.0103978 -0.0184002 0.607515
36 1.21112 0 0 0.0033137 0.0173222 0.786478
37 3.5992 1.06012 0.0708876 -1.58519 0.28709 -0.0423539
38 1.66069 0 0 0.00583328 0.0731641 0.298474
39 1.16699 0 0 0.0397122 0.0124134 0.751671
40 2.18853 -0.50104 0.0576591 -1.57359 0.194888 -0.159462
41 1.29609 0 0 -0.0170078 -0.0436383 0.560533
42 1.62201 -0.000713348 -0.000469208 -0.00806947 -0.0311475 0.638739
43 1.22241 0 0 -0.00974958 0.00244506 0.993006
44 1.76707 -1.27612 0.0366402 -1.57222 0.314887 -0.190364
45 1.55588 0 0 0.0298598 0.0130839 0.863363
46 1.24273 0 0 0.00058722 0.000120436 0.477555
47 0.784532 0 0 -0.0100875 -0.00368624 0.217615
48 0 0 0 0 0 0
49 5.0834 -17.3029 -7.49414 -0.00137097 -0.011908 0.001059
50 0 -1.70357 0.0050807 0 0 0
51 -0.0019598 3.96104 2.21118 0 0 0
52 0.641596 -0.666145 0.75166 0 0 0
53 0.714397 -3.4562 1.13628 0 0 0
54 -0.706229 -4.69238 1.98618 3.14159 -0.0872663 -3.14159
55 0.01333 1.02904 3.61174 0 0 0
56 0.01333 -4.73568 2.23877 0 0 0
57 5.14854 -22.5176 -12.5997 -0.00163854 -0.0116342 0.00110099
58 0.0129194 0.0367718 6.63003 0 0 0
time 192
0 7.96718 5.13272 -3.24532 0.000934124 0 -0.959925
1 6.02794 0 0 -0.695144 1.06146 -0.281443
2 11.7344 0 0 -0.0014028 0 -1.64574
3 8.81138 -0.000450134 -0.000112534 -0.312035 0 0.000157526
4 5.77839 0.000287056 0 -0.209063 0 0.000104316
5 2.23163 -0.000329018 -0.000364304 -0.102971 0 0
6 11.4725 0 0 -0.485703 -0.281176 0.540534
7 0.615218 -0.993092 -0.810699 2.34511 -0.11076 -0.44386
8 2.24752 0 0 0.101544 0.256935 -0.00235507
9 1.11936 0 0 0.100351 0.152181 -0.151587
10 3.71348 -0.102641 0.102191 1.44717 0.805255 0.453677
11 1.72615 0 0 0.000435615 0.152128 -1.5215
12 1.21114 0 0 -0.00303758 0.0173727 -0.770565
13 3.59919 -1.06012 0.0708885 1.51798 -0.0791178 0.00347706
14 1.66068 0 0 -0.0425705 0.0394149 -1.04703
15 1.167 0 0 -0.00883495 0.00165496 -0.482647
16 2.18852 0.50104 0.0576582 1.55893 0.123347 0.226068
17 1.29609 0 0 -0.203075 0.0749011 -0.697923
18 1.62202 0.000713348 -0.000471115 0.0360743 -0.00491092 -1.60563
19 1.22241 0 0 0.00725903 -0.00270841 -0.703281
20 1.76707 1.27612 0.0366411 1.52736 0.172031 0.124018
21 1.55587 0 0 -0.299721 0.178509 -0.619377
22 1.24274 0 0 -0.000462261 -0.000382028 -1.36998
23 0.784523 0 0 0.00430537 0.00338724 -0.7269
24 -2.83583 -0.518291 -10.3275 -0.000932693 0 -2.0944
25 6.02794 0 0 1.00385 0.142632 0.75257
26 11.7344 0 0 0.0014027 0 0.672517
27 8.81167 0 0 2.06441 0 0
28 5.77884 0 0 1.38316 0 0
29 2.23249 0 0 0.681257 0 0
30 11.4725 0 0 2.05239 0.370291 -0.287066
31 0.615814 0.994372 -0.809165 -2.74992 0.371521 0.481775
32 2.24751 0 0 -0.0913849 -0.00666567 -0.225298
33 1.11936 0 0 -0.065963 0.197556 0.102885
34 3.71349 0.10264 0.102192 -1.55796 0.571139 -0.0724674
35 1.72615 0 0 -0.0103978 -0.0184002 0.607515
36 1.21112 0 0 0.00331357 0.0173221 0.786478
37 3.5992 1.06012 0.0708885 -1.58519 0.28709 -0.0423538
38 1.66069 0 0 0.00583328 0.0731642 0.298474
39 1.16699 0 0 0.0397124 0.0124132 0.751671
40 2.18853 -0.501041 0.0576591 -1.57359 0.194888 -0.159462
41 1.29609 0 0 -0.0170079 -0.0436383 0.560533
42 1.62202 -0.000715256 -0.000469208 -0.00806921 -0.0311475 0.638739
43 1.22241 0 0 -0.00974958 0.00244506 0.993006
44 1.76707 -1.27612 0.0366411 -1.57222 0.314887 -0.190364
45 1.55588 0 0 0.0298598 0.0130839 0.863363
46 1.24273 0 0 0.000587149 0.000120269 0.477555
47 0.784532 0 0 -0.0100874 -0.00368613 0.217615
48 0 0 0 0 0 0
49 5.06684 -17.256 -7.48378 -0.00217119 -0.0111047 0.000653551
50 0 -1.70357 0.0050807 0 0 0
51 -0.0019598 3.96104 2.21118 0 0 0
52 0.641595 -0.666147 0.75166 0 0 0
53 0.714397 -3.45621 1.13628 0 0 0
54 -0.70623 -4.69238 1.98618 3.14159 -0.0872664 -3.14159
55 0.01333 1.02904 3.61174 0 0 0
56 0.01333 -4.73568 2.23877 0 0 0
57 5.12572 -22.4747 -12.5852 -0.00243872 -0.0108309 0.000695324
58 0.0129194 0.0367737 6.63004 0 0 0
time 193
0 7.96718 5.13272 -3.24532 0.000934124 0 -0.959925
1 6.02794 0 0 -0.692816 1.06219 -0.280704
2 11.7344 0 0 -0.0014028 0 -1.64793
3 8.81138 -0.000449181 -0.000112534 -0.312685 0 0.000157762
4 5.77839 0.000287056 0 -0.209499 0 0.000104324
5 2.23163 -0.000329018 -0.000365257 -0.103186 0 0
6 11.4725 0 0 -0.487254 -0.282749 0.541267
7 0.61522 -0.993091 -0.810699 2.34511 -0.11076 -0.44386
8 2.24752 0 0 0.101544 0.256935 -0.0023551
9 1.11936 0 0 0.100351 0.152181 -0.151587
10 3.71348 -0.102641 0.102192 1.44717 0.805255 0.453677
11 1.72615 0 0 0.0004356 0.152128 -1.5215
12 1.21114 0 0 -0.00303753 0.0173727 -0.770564
13 3.59919 -1.06012 0.0708885 1.51798 -0.0791177 0.00347711
14 1.66069 0 0 -0.0425705 0.0394149 -1.04703
15 1.167 0 0 -0.00883497 0.00165496 -0.482647
16 2.18853 0.50104 0.0576601 1.55893 0.123348 0.226068
17 1.29609 0 0 -0.203075 0.0749011 -0.697922
18 1.62202 0.000713348 -0.000472069 0.0360742 -0.00491092 -1.60563
19 1.22241 0 0 0.00725895 -0.00270847 -0.703281
20 1.76707 1.27612 0.0366421 1.52736 0.172031 0.124018
21 1.55587 0 0 -0.299721 0.178509 -0.619377
22 1.24274 0 0 -0.00046234 -0.000381978 -1.36998
23 0.784525 0 0 0.00430536 0.00338727 -0.7269
24 -2.83583 -0.518291 -10.3275 -0.000932693 0 -2.0944
25 6.02794 0 0 1.0035 0.145021 0.750175
26 11.7344 0 0 0.00140271 0 0.680363
27 8.81167 0 0 2.06403 0 0
28 5.77884 0 0 1.3829 0 0
29 2.23249 0 0 0.681131 0 0
30 11.4725 0 0 2.05104 0.37094 -0.292308
31 0.615812 0.994373 -0.809165 -2.74992 0.371521 0.481775
32 2.24752 0 0 -0.0913849 -0.00666555 -0.225298
33 1.11936 0 0 -0.065963 0.197556 0.102885
34 3.71348 0.10264 0.102191 -1.55796 0.571139 -0.0724672
35 1.72615 0 0 -0.0103978 -0.0184001 0.607515
36 1.21112 0 0 0.00331369 0.0173221 0.786478
37 3.5992 1.06012 0.0708885 -1.58519 0.28709 -0.0423539
38 1.66069 0 0 0.00583325 0.073164 0.298474
39 1.16699 0 0 0.0397123 0.0124132 0.751671
40 2.18853 -0.50104 0.0576591 -1.57359 0.194888 -0.159461
41 1.29609 0 0 -0.0170079 -0.0436385 0.560533
42 1.62202 -0.000713348 -0.000469208 -0.00806923 -0.0311475 0.638739
43 1.22241 0 0 -0.00974965 0.00244506 0.993006
44 1.76707 -1.27612 0.0366411 -1.57222 0.314887 -0.190364
45 1.55588 0 0 0.0298599 0.0130837 0.863363
46 1.24273 0 0 0.000587282 0.000120436 0.477555
47 0.784531 0 0 -0.0100873 -0.00368622 0.217615
48 0 0 0 0 0 0
49 5.05189 -17.2293 -7.47672 -0.00264956 -0.00968867 0.000271747
50 0 -1.70357 0.0050807 0 0 0
51 -0.00196028 3.96104 2.21118 0 0 0
52 0.641596 -0.666149 0.75166 0 0 0
53 0.714397 -3.45621 1.13628 0 0 0
54 -0.70623 -4.69238 1.98618 3.14159 -0.0872664 -3.14159
55 0.0133295 1.02904 3.61174 0 0 0
56 0.013329 -4.73568 2.23877 0 0 0
57 5.10154 -22.4505 -12.5757 -0.00291703 -0.00941484 0.000313388
58 0.0129194 0.0367718 6.63003 0 0 0
time 194
0 7.96718 5.13272 -3.24532 0.000934124 0 -0.959925
1 6.02794 0 0 -0.692093 1.06228 -0.281229
2 11.7344 0 0 -0.00140279 0 -1.64842
3 8.81138 -0.000449181 -0.000112534 -0.314044 0 0.000157328
4 5.77839 0.00028801 0 -0.21041 0 0.00010405
5 2.23163 -0.000328064 -0.00036335 -0.103635 0 0
6 11.4725 0 0 -0.489001 -0.2838 0.54137
7 0.615218 -0.993091 -0.810699 2.34511 -0.11076 -0.44386
8 2.24752 0 0 0.101544 0.256935 -0.00235495
9 1.11936 0 0 0.100351 0.152181 -0.151587
10 3.71348 -0.10264 0.102192 1.44717 0.805255 0.453677
11 1.72615 0 0 0.000435751 0.152128 -1.5215
12 1.21114 0 0 -0.00303756 0.0173727 -0.770565
13 3.59919 -1.06012 0.0708885 1.51798 -0.0791176 0.00347712
14 1.66069 0 0 -0.0425705 0.039415 -1.04703
15 1.167 0 0 -0.00883494 0.00165496 -0.482647
16 2.18852 0.50104 0.0576591 1.55893 0.123347 0.226068
17 1.29609 0 0 -0.203075 0.0749011 -0.697922
18 1.62202 0.000713348 -0.000472069 0.0360743 -0.00491088 -1.60563
19 1.22241 0 0 0.00725902 -0.00270838 -0.703281
20 1.76707 1.27612 0.0366421 1.52736 0.172031 0.124017
21 1.55588 0 0 -0.299721 0.178509 -0.619377
22 1.24274 0 0 -0.000462298 -0.000381982 -1.36998
23 0.784523 0 0 0.00430533 0.00338735 -0.7269
24 -2.83583 -0.518291 -10.3275 -0.000932693 0 -2.0944
25 6.02794 0 0 1.00327 0.146033 0.74865
26 11.7344 0 0 0.00140267 0 0.684187
27 8.81167 0 0 2.06307 0 0
28 5.77884 0 0 1.38226 0 0
29 2.23249 0 0 0.680815 0 0
30 11.4725 0 0 2.04961 0.371852 -0.295426
31 0.615812 0.994373 -0.809165 -2.74992 0.371521 0.481775
32 2.24752 0 0 -0.0913849 -0.00666569 -0.225298
33 1.11936 0 0 -0.065963 0.197557 0.102886
34 3.71349 0.102639 0.102191 -1.55796 0.571139 -0.0724674
35 1.72615 0 0 -0.0103978 -0.0184004 0.607515
36 1.21112 0 0 0.00331377 0.0173222 0.786478
37 3.5992 1.06012 0.0708885 -1.58519 0.28709 -0.0423539
38 1.66069 0 0 0.00583328 0.0731641 0.298474
39 1.16699 0 0 0.0397122 0.0124132 0.751671
40 2.18853 -0.50104 0.0576591 -1.57359 0.194888 -0.159461
41 1.29609 0 0 -0.0170079 -0.0436383 0.560533
42 1.62202 -0.000713348 -0.000471115 -0.00806931 -0.0311477 0.638739
43 1.22241 0 0 -0.00974962 0.00244511 0.993006
44 1.76707 -1.27612 0.0366411 -1.57222 0.314887 -0.190364
45 1.55587 0 0 0.0298597 0.0130837 0.863363
46 1.24273 0 0 0.000587292 0.00012048 0.477555
47 0.784532 0 0 -0.0100872 -0.00368623 0.217615
48 0 0 0 0 0 0
49 5.03866 -17.219 -7.47239 -0.00286513 -0.00803955 0
50 0 -1.70357 0.0050807 0 0 0
51 -0.0019598 3.96104 2.21118 0 0 0
52 0.641595 -0.666147 0.75166 0 0 0
53 0.714397 -3.4562 1.13628 0 0 0
54 -0.70623 -4.69238 1.98618 -3.14159 -0.0872664 -3.14159
55 0.0133295 1.02904 3.61174 0 0 0
56 0.0133295 -4.73568 2.23877 0 0 0
57 5.0782 -22.4413 -12.5703 -0.00313254 -0.00776571 0
58 0.0129194 0.0367699 6.63003 0 0 0
time 195
0 7.96718 5.13272 -3.24532 0.000934124 0 -0.959925
1 6.02794 0 0 -0.692592 1.0619 -0.282642
2 11.7344 0 0 -0.00140279 0 -1.64768
3 8.81138 -0.000449181 -0.000110626 -0.315584 0 0.00015757
4 5.77839 0.000285149 0 -0.211441 0 0.000104237
5 2.23163 -0.000329971 -0.000364304 -0.104143 0 0
6 11.4725 0 0 -0.490585 -0.284416 0.5411
7 0.615219 -0.993091 -0.8107 2.34511 -0.11076 -0.44386
8 2.24752 0 0 0.101544 0.256935 -0.00235496
9 1.11936 0 0 0.100351 0.152181 -0.151588
10 3.71348 -0.10264 0.10219 1.44717 0.805255 0.453677
11 1.72615 0 0 0.00043557 0.152128 -1.5215
12 1.21114 0 0 -0.00303753 0.0173727 -0.770565
13 3.59919 -1.06012 0.0708876 1.51798 -0.0791176 0.00347716
14 1.66069 0 0 -0.0425705 0.0394149 -1.04703
15 1.167 0 0 -0.00883494 0.001655 -0.482647
16 2.18852 0.501039 0.0576591 1.55893 0.123347 0.226068
17 1.29609 0 0 -0.203075 0.0749011 -0.697922
18 1.62202 0.000713348 -0.000470161 0.0360743 -0.00491092 -1.60563
19 1.22241 0 0 0.00725893 -0.00270844 -0.703281
20 1.76707 1.27612 0.0366402 1.52736 0.172031 0.124018
21 1.55588 0 0 -0.299721 0.178509 -0.619377
22 1.24274 0 0 -0.000462321 -0.000382001 -1.36998
23 0.784523 0 0 0.00430539 0.00338728 -0.7269
24 -2.83583 -0.518291 -10.3275 -0.000932693 0 -2.0944
25 6.02794 0 0 1.00315 0.146033 0.747835
26 11.7344 0 0 0.00140265 0 0.68492
27 8.81167 0 0 2.06195 0 0
28 5.77884 0 0 1.3815 0 0
29 2.23249 0 0 0.680442 0 0
30 11.4725 0 0 2.04841 0.372836 -0.296673
31 0.61581 0.994371 -0.809165 -2.74992 0.371521 0.481775
32 2.24752 0 0 -0.091385 -0.00666563 -0.225298
33 1.11935 0 0 -0.065963 0.197556 0.102885
34 3.71348 0.102637 0.102191 -1.55796 0.571139 -0.0724674
35 1.72615 0 0 -0.0103978 -0.0184001 0.607515
36 1.21112 0 0 0.0033137 0.0173222 0.786478
37 3.5992 1.06012 0.0708885 -1.58519 0.28709 -0.042354
38 1.66069 0 0 0.0058333 0.0731639 0.298474
39 1.16699 0 0 0.0397122 0.0124133 0.751671
40 2.18853 -0.501041 0.0576591 -1.57359 0.194888 -0.159461
41 1.29609 0 0 -0.017008 -0.0436384 0.560533
42 1.62202 -0.000713348 -0.000469208 -0.00806918 -0.0311476 0.638739
43 1.22241 0 0 -0.0097495 0.00244495 0.993006
44 1.76707 -1.27612 0.0366402 -1.57222 0.314887 -0.190364
45 1.55588 0 0 0.0298598 0.0130838 0.863363
46 1.24273 0 0 0.000587324 0.000120234 0.477555
47 0.784532 0 0 -0.0100874 -0.00368616 0.217615
48 0 0 0 0 0 0
49 5.02721 -17.2211 -7.47024 -0.00287698 -0.006537 -0.000275
50 0 -1.70357 0.00508022 0 0 0
51 -0.00196028 3.96104 2.21118 0 0 0
52 0.641596 -0.666149 0.75166 0 0 0
53 0.714397 -3.45621 1.13628 0 0 0
54 -0.70623 -4.69238 1.98618 3.14159 -0.0872664 3.14159
55 0.0133295 1.02904 3.61174 0 0 0
56 0.01333 -4.73568 2.23877 0 0 0
57 5.05792 -22.4435 -12.5681 -0.00314432 -0.00626316 -0.000233421
58 0.0129194 0.0367699 6.63003 0 0 0
time 196
0 7.96718 5.13272 -3.24532 0.000934124 0 -0.959925
1 6.02794 0 0 -0.693892 1.06121 -0.284608
2 11.7344 0 0 -0.001403 0 -1.64618
3 8.81138 -0.000450134 -0.000114441 -0.317304 0 0.00015764
4 5.77839 0.000286102 0 -0.212594 0 0.000104218
5 2.23163 -0.000329018 -0.000364304 -0.10471 0 0
6 11.4725 0 0 -0.492248 -0.284704 0.540887
7 0.615217 -0.993092 -0.810699 2.34511 -0.11076 -0.44386
8 2.24752 0 0 0.101545 0.256935 -0.00235494
9 1.11936 0 0 0.100351 0.152181 -0.151588
10 3.71348 -0.102641 0.102191 1.44717 0.805255 0.453677
11 1.72615 0 0 0.000435622 0.152128 -1.5215
12 1.21114 0 0 -0.00303748 0.0173727 -0.770564
13 3.59919 -1.06012 0.0708885 1.51798 -0.0791178 0.00347702
14 1.66068 0 0 -0.0425705 0.0394149 -1.04703
15 1.167 0 0 -0.00883495 0.00165496 -0.482647
16 2.18852 0.501039 0.0576591 1.55893 0.123348 0.226068
17 1.29609 0 0 -0.203075 0.0749011 -0.697922
18 1.62202 0.000713348 -0.000471115 0.0360743 -0.00491085 -1.60563
19 1.22241 0 0 0.007259 -0.00270854 -0.703282
20 1.76707 1.27612 0.0366402 1.52736 0.172031 0.124017
21 1.55588 0 0 -0.299721 0.178509 -0.619377
22 1.24274 0 0 -0.000462252 -0.000381944 -1.36998
23 0.784525 0 0 0.00430536 0.00338727 -0.7269
24 -2.83583 -0.518291 -10.3275 -0.000932693 0 -2.0944
25 6.02794 0 0 1.00311 0.145396 0.747591
26 11.7344 0 0 0.00140269 0 0.683438
27 8.81167 0 0 2.06071 0 0
28 5.77884 0 0 1.38067 0 0
29 2.23249 0 0 0.680034 0 0
30 11.4725 0 0 2.04736 0.373974 -0.296716
31 0.615812 0.994374 -0.809166 -2.74992 0.371521 0.481775
32 2.24752 0 0 -0.0913849 -0.00666566 -0.225298
33 1.11936 0 0 -0.065963 0.197556 0.102886
34 3.71349 0.10264 0.10219 -1.55796 0.571139 -0.0724675
35 1.72615 0 0 -0.0103977 -0.0184001 0.607515
36 1.21112 0 0 0.00331369 0.0173222 0.786478
37 3.5992 1.06012 0.0708885 -1.58519 0.28709 -0.0423541
38 1.66069 0 0 0.00583332 0.0731641 0.298474
39 1.16699 0 0 0.0397122 0.0124133 0.751671
40 2.18853 -0.50104 0.0576591 -1.57359 0.194888 -0.159462
41 1.29609 0 0 -0.0170078 -0.0436383 0.560533
42 1.62202 -0.000713348 -0.000469208 -0.00806924 -0.0311475 0.638739
43 1.22241 0 0 -0.00974964 0.00244496 0.993006
44 1.76707 -1.27612 0.0366402 -1.57222 0.314887 -0.190364
45 1.55588 0 0 0.0298598 0.0130839 0.863363
46 1.24273 0 0 0.000587267 0.000120378 0.477555
47 0.784532 0 0 -0.0100874 -0.00368627 0.217615
48 0 0 0 0 0 0
49 5.01765 -17.2317 -7.46973 -0.002505 -0.00505188 -0.000356161
50 0 -1.70357 0.0050807 0 0 0
51 -0.0019598 3.96104 2.21118 0 0 0
52 0.641596 -0.666147 0.75166 0 0 0
53 0.714397 -3.4562 1.13628 0 0 0
54 -0.70623 -4.69238 1.98618 3.14159 -0.0872663 -3.14159
55 0.0133295 1.02904 3.61174 0 0 0
56 0.01333 -4.73569 2.23877 0 0 0
57 5.04038 -22.4522 -12.5696 -0.00277228 -0.00477806 -0.000314481
58 0.0129189 0.0367718 6.63003 0 0 0
time 197
0 7.96718 5.13272 -3.24532 0.000934124 0 -0.959925
1 6.02794 0 0 -0.695569 1.06039 -0.286789
2 11.7344 0 0 -0.00140279 0 -1.64436
3 8.81138 -0.000450134 -0.000113487 -0.319309 0 0.000156986
4 5.77839 0.000286102 0 -0.213937 0 0.000103773
5 2.23163 -0.000329018 -0.000364304 -0.105372 0 0
6 11.4725 0 0 -0.494216 -0.284772 0.540914
7 0.615219 -0.993092 -0.810699 2.34511 -0.11076 -0.44386
8 2.24752 0 0 0.101544 0.256935 -0.0023549
9 1.11936 0 0 0.100351 0.152181 -0.151588
10 3.71348 -0.102641 0.102191 1.44717 0.805255 0.453677
11 1.72615 0 0 0.000435736 0.152128 -1.5215
12 1.21114 0 0 -0.00303753 0.0173727 -0.770565
13 3.59919 -1.06012 0.0708885 1.51798 -0.0791176 0.00347711
14 1.66069 0 0 -0.0425705 0.039415 -1.04703
15 1.167 0 0 -0.00883491 0.00165496 -0.482647
16 2.18853 0.50104 0.0576591 1.55893 0.123348 0.226068
17 1.29609 0 0 -0.203075 0.074901 -0.697922
18 1.62202 0.000713348 -0.000471115 0.0360743 -0.00491089 -1.60563
19 1.22241 0 0 0.007259 -0.00270854 -0.703281
20 1.76707 1.27612 0.0366411 1.52736 0.172032 0.124018
21 1.55588 0 0 -0.299721 0.178509 -0.619377
22 1.24274 0 0 -0.000462336 -0.000381936 -1.36998
23 0.784525 0 0 0.00430545 0.0033872 -0.7269
24 -2.83583 -0.518291 -10.3275 -0.000932693 0 -2.0944
25 6.02794 0 0 1.00313 0.144442 0.74775
26 11.7344 0 0 0.00140269 0 0.680641
27 8.81167 0 0 2.05931 0 0
28 5.77884 0 0 1.37974 0 0
29 2.23249 0 0 0.679573 0 0
30 11.4725 0 0 2.04628 0.375306 -0.296248
31 0.615812 0.994372 -0.809165 -2.74992 0.371521 0.481775
32 2.24752 0 0 -0.0913849 -0.00666558 -0.225298
33 1.11935 0 0 -0.065963 0.197556 0.102885
34 3.71349 0.102639 0.102192 -1.55796 0.571139 -0.0724674
35 1.72615 0 0 -0.0103978 -0.0184 0.607515
36 1.21112 0 0 0.00331358 0.0173221 0.786478
37 3.5992 1.06012 0.0708885 -1.58519 0.28709 -0.0423538
38 1.66069 0 0 0.00583329 0.0731641 0.298474
39 1.16699 0 0 0.0397122 0.0124133 0.751671
40 2.18853 -0.50104 0.0576591 -1.57359 0.194888 -0.159462
41 1.29609 0 0 -0.0170079 -0.0436385 0.560533
42 1.62202 -0.000713348 -0.000469208 -0.00806917 -0.0311475 0.638739
43 1.22241 0 0 -0.00974943 0.00244521 0.993006
44 1.76707 -1.27612 0.0366402 -1.57222 0.314887 -0.190364
45 1.55588 0 0 0.0298598 0.0130837 0.863363
46 1.24273 0 0 0.000587343 0.000120437 0.477555
47 0.784531 0 0 -0.0100874 -0.00368615 0.217615
48 0 0 0 0 0 0
49 5.01006 -17.2468 -7.4703 -0.00171965 -0.00339437 -0.000311654
50 0 -1.70357 0.00508118 0 0 0
51 -0.0019598 3.96104 2.21118 0 0 0
52 0.641596 -0.666149 0.75166 0 0 0
53 0.714397 -3.45621 1.13628 0 0 0
54 -0.706229 -4.69238 1.98618 3.14159 -0.0872664 -3.14159
55 0.01333 1.02904 3.61174 0 0 0
56 0.01333 -4.73568 2.23877 0 0 0
57 5.02458 -22.4634 -12.5743 -0.00198686 -0.00312058 -0.00026976
58 0.0129189 0.0367718 6.63003 0 0 0
time 198
0 7.96718 5.13272 -3.24532 0.000934124 0 -0.959925
1 6.02794 0 0 -0.697235 1.05959 -0.288806
2 11.7344 0 0 -0.0014028 0 -1.64259
3 8.81138 -0.000451088 -0.000112534 -0.321217 0 0.000157268
4 5.77839 0.000286102 0 -0.215216 0 0.000104011
5 2.23163 -0.000329018 -0.000364304 -0.106002 0 0
6 11.4725 0 0 -0.496101 -0.284709 0.541068
7 0.615218 -0.993092 -0.810699 2.34511 -0.11076 -0.44386
8 2.24752 0 0 0.101545 0.256935 -0.00235481
9 1.11936 0 0 0.100351 0.152181 -0.151587
10 3.71348 -0.10264 0.102192 1.44717 0.805255 0.453677
11 1.72615 0 0 0.000435592 0.152128 -1.5215
12 1.21114 0 0 -0.00303751 0.0173728 -0.770565
13 3.59919 -1.06012 0.0708885 1.51798 -0.0791178 0.00347701
14 1.66068 0 0 -0.0425705 0.0394149 -1.04703
15 1.167 0 0 -0.00883492 0.00165498 -0.482647
16 2.18853 0.50104 0.0576601 1.55893 0.123347 0.226068
17 1.29609 0 0 -0.203075 0.0749011 -0.697923
18 1.62202 0.000715256 -0.000471115 0.0360743 -0.0049109 -1.60563
19 1.22241 0 0 0.00725891 -0.00270851 -0.703282
20 1.76707 1.27612 0.0366411 1.52736 0.172031 0.124017
21 1.55588 0 0 -0.299721 0.178509 -0.619377
22 1.24274 0 0 -0.000462303 -0.000382024 -1.36998
23 0.784523 0 0 0.00430541 0.00338722 -0.7269
24 -2.83583 -0.518291 -10.3275 -0.000932693 0 -2.0944
25 6.02794 0 0 1.00318 0.143431 0.748112
26 11.7344 0 0 0.00140274 0 0.677467
27 8.81167 0 0 2.058 0 0
28 5.77884 0 0 1.37886 0 0
29 2.23249 0 0 0.67914 0 0
30 11.4725 0 0 2.04532 0.376572 -0.295555
31 0.615812 0.994371 -0.809165 -2.74992 0.371521 0.481775
32 2.24752 0 0 -0.0913849 -0.00666564 -0.225298
33 1.11936 0 0 -0.065963 0.197556 0.102885
34 3.71349 0.102638 0.102191 -1.55796 0.571139 -0.0724676
35 1.72615 0 0 -0.0103979 -0.0184001 0.607515
36 1.21112 0 0 0.0033138 0.0173221 0.786478
37 3.5992 1.06012 0.0708876 -1.58519 0.28709 -0.0423539
38 1.66069 0 0 0.00583333 0.0731642 0.298474
39 1.16699 0 0 0.0397122 0.0124132 0.751671
40 2.18853 -0.501041 0.0576591 -1.57359 0.194888 -0.159461
41 1.29609 0 0 -0.017008 -0.0436383 0.560533
42 1.62202 -0.000713348 -0.000469208 -0.00806927 -0.0311476 0.638739
43 1.22241 0 0 -0.00974951 0.00244494 0.993006
44 1.76707 -1.27612 0.0366411 -1.57222 0.314887 -0.190364
45 1.55588 0 0 0.0298599 0.0130838 0.863363
46 1.24273 0 0 0.000587224 0.00012045 0.477555
47 0.784532 0 0 -0.0100876 -0.00368617 0.217615
48 0 0 0 0 0 0
49 5.00453 -17.2625 -7.47139 -0.000805905 -0.00185309 -0.000203311
50 0 -1.70357 0.00508022 0 0 0
51 -0.0019598 3.96104 2.21118 0 0 0
52 0.641596 -0.666149 0.75166 0 0 0
53 0.714397 -3.45621 1.13628 0 0 0
54 -0.70623 -4.69238 1.98618 -3.14159 -0.0872664 3.14159
55 0.0133295 1.02904 3.61174 0 0 0
56 0.01333 -4.73569 2.23877 0 0 0
57 5.01176 -22.4744 -12.5802 -0.00107305 -0.00157934 -0.000161166
58 0.0129189 0.0367718 6.63003 0 0 0
time 199
0 7.96718 5.13272 -3.24532 0.000934124 0 -0.959925
1 6.02794 0 0 -0.698514 1.05898 -0.290288
2 11.7344 0 0 -0.00140287 0 -1.64125
3 8.81138 -0.000448227 -0.000110626 -0.322644 0 0.000157064
4 5.77839 0.000286102 0 -0.216172 0 0.000103847
5 2.23163 -0.000329018 -0.000362396 -0.106473 0 0
6 11.4725 0 0 -0.497516 -0.284603 0.54124
7 0.615218 -0.993092 -0.810699 2.34511 -0.11076 -0.44386
8 2.24752 0 0 0.101544 0.256935 -0.00235492
9 1.11936 0 0 0.100351 0.152181 -0.151588
10 3.71348 -0.102641 0.102191 1.44717 0.805255 0.453677
11 1.72615 0 0 0.000435607 0.152128 -1.5215
12 1.21114 0 0 -0.00303754 0.0173728 -0.770564
13 3.59919 -1.06012 0.0708885 1.51798 -0.0791177 0.00347705
14 1.66068 0 0 -0.0425705 0.0394149 -1.04703
15 1.167 0 0 -0.00883493 0.00165497 -0.482647
16 2.18852 0.50104 0.0576591 1.55893 0.123348 0.226068
17 1.29609 0 0 -0.203075 0.0749011 -0.697922
18 1.62202 0.000713348 -0.000471115 0.0360742 -0.00491088 -1.60563
19 1.22241 0 0 0.00725899 -0.00270845 -0.703282
20 1.76707 1.27612 0.0366411 1.52736 0.172031 0.124017
21 1.55587 0 0 -0.299721 0.178509 -0.619377
22 1.24274 0 0 -0.000462344 -0.00038202 -1.36998
23 0.784525 0 0 0.00430545 0.00338737 -0.7269
24 -2.83583 -0.518291 -10.3275 -0.000932693 0 -2.0944
25 6.02794 0 0 1.00323 0.142626 0.748479
26 11.7344 0 0 0.00140266 0 0.674861
27 8.81167 0 0 2.05703 0 0
28 5.77884 0 0 1.37821 0 0
29 2.23249 0 0 0.678819 0 0
30 11.4725 0 0 2.04463 0.377518 -0.294925
31 0.615814 0.994373 -0.809165 -2.74992 0.371521 0.481775
32 2.24752 0 0 -0.0913849 -0.00666571 -0.225298
33 1.11936 0 0 -0.065963 0.197556 0.102886
34 3.71349 0.102638 0.102191 -1.55796 0.571139 -0.0724673
35 1.72615 0 0 -0.0103979 -0.0184 0.607515
36 1.21112 0 0 0.00331363 0.0173221 0.786478
37 3.5992 1.06012 0.0708885 -1.58519 0.28709 -0.0423538
38 1.66069 0 0 0.00583339 0.0731641 0.298474
39 1.16699 0 0 0.0397122 0.0124133 0.751671
40 2.18853 -0.50104 0.0576591 -1.57359 0.194888 -0.159461
41 1.29609 0 0 -0.0170079 -0.0436384 0.560533
42 1.62201 -0.000713348 -0.000469208 -0.00806933 -0.0311476 0.638739
43 1.22241 0 0 -0.00974957 0.00244483 0.993006
44 1.76707 -1.27612 0.0366402 -1.57222 0.314887 -0.190364
45 1.55587 0 0 0.0298597 0.0130838 0.863363
46 1.24273 0 0 0.000587224 0.00012045 0.477555
47 0.784532 0 0 -0.0100873 -0.00368618 0.217615
48 0 0 0 0 0 0
49 5.00115 -17.2748 -7.47245 0 -0.000716658 0
50 0 -1.70357 0.0050807 0 0 0
51 -0.00195932 3.96104 2.21118 0 0 0
52 0.641597 -0.666149 0.75166 0 0 0
53 0.714398 -3.45621 1.13628 0 0 0
54 -0.706229 -4.69238 1.98618 3.14159 -0.0872664 -3.14159
55 0.01333 1.02904 3.61174 0 0 0
56 0.0133295 -4.73569 2.23877 0 0 0
57 5.00315 -22.4828 -12.5852 -0.000315806 -0.00044294 0
58 0.0129194 0.0367718 6.63003 0 0 0
time 200
0 7.96718 5.13272 -3.24532 0.000934124 0 -0.959925
1 6.02794 0 0 -0.699025 1.05874 -0.290865
2 11.7344 0 0 -0.00140274 0 -1.64072
3 8.81138 -0.000449181 -0.000113487 -0.323205 0 0.000157311
4 5.77839 0.000285149 0 -0.216547 0 0.000103974
5 2.23163 -0.000329018 -0.000364304 -0.106658 0 0
6 11.4725 0 0 -0.498073 -0.284547 0.541322
7 0.615219 -0.993092 -0.8107 2.34511 -0.11076 -0.44386
8 2.24752 0 0 0.101545 0.256935 -0.00235492
9 1.11936 0 0 0.100351 0.152181 -0.151588
10 3.71348 -0.102641 0.10219 1.44717 0.805255 0.453677
11 1.72615 0 0 0.000435653 0.152128 -1.5215
12 1.21114 0 0 -0.0030375 0.0173727 -0.770564
13 3.59919 -1.06012 0.0708876 1.51798 -0.0791176 0.003477
14 1.66069 0 0 -0.0425705 0.0394149 -1.04703
15 1.167 0 0 -0.00883494 0.00165494 -0.482647
16 2.18853 0.50104 0.0576582 1.55893 0.123347 0.226068
17 1.29609 0 0 -0.203075 0.0749011 -0.697922
18 1.62202 0.000711441 -0.000471115 0.0360742 -0.00491092 -1.60563
19 1.22241 0 0 0.00725898 -0.00270849 -0.703281
20 1.76707 1.27612 0.0366402 1.52736 0.172031 0.124018
21 1.55588 0 0 -0.299721 0.178509 -0.619377
22 1.24274 0 0 -0.000462317 -0.000381959 -1.36998
23 0.784525 0 0 0.00430536 0.00338743 -0.7269
24 -2.83583 -0.518291 -10.3275 -0.000932693 0 -2.0944
25 6.02794 0 0 1.00325 0.142298 0.748646
26 11.7344 0 0 0.00140275 0 0.673779
27 8.81167 0 0 2.05665 0 0
28 5.77884 0 0 1.37795 0 0
29 2.23249 0 0 0.678693 0 0
30 11.4725 0 0 2.04437 0.37789 -0.294651
31 0.615812 0.994372 -0.809165 -2.74992 0.371521 0.481775
32 2.24752 0 0 -0.0913849 -0.00666568 -0.225298
33 1.11936 0 0 -0.065963 0.197557 0.102885
34 3.71349 0.102639 0.102191 -1.55796 0.571139 -0.0724674
35 1.72615 0 0 -0.0103978 -0.0184 0.607515
36 1.21112 0 0 0.00331362 0.0173221 0.786478
37 3.5992 1.06011 0.0708885 -1.58519 0.28709 -0.042354
38 1.66069 0 0 0.00583326 0.073164 0.298474
39 1.16699 0 0 0.0397123 0.0124133 0.751671
40 2.18853 -0.50104 0.0576591 -1.57359 0.194888 -0.159462
41 1.29609 0 0 -0.0170078 -0.0436383 0.560532
42 1.62202 -0.000713348 -0.0004673 -0.00806933 -0.0311475 0.638739
43 1.22241 0 0 -0.00974953 0.00244491 0.993006
44 1.76707 -1.27612 0.0366411 -1.57222 0.314887 -0.190364
45 1.55588 0 0 0.0298598 0.0130838 0.863363
46 1.24273 0 0 0.000587314 0.000120444 0.477555
47 0.784531 0 0 -0.0100875 -0.00368615 0.217615
48 0 0 0 0 0 0
49 5 -17.2798 -7.47292 0.000267079 -0.000273704 0
50 0 -1.70357 0.0050807 0 0 0
51 -0.00196028 3.96104 2.21118 0 0 0
52 0.641596 -0.666147 0.75166 0 0 0
53 0.714397 -3.45621 1.13628 0 0 0
54 -0.70623 -4.69238 1.98618 -3.14159 -0.0872663 3.14159
55 0.0133295 1.02904 3.61174 0 0 0
56 0.0133295 -4.73568 2.23877 0 0 0
57 5 -22.4862 -12.5873 0 0 0
58 0.0129194 0.0367718 6.63003 0 0 0
end
