//Sequence File generated by the Wall Worm SMD Exporter PRO 1.99
//www.wallworm.com
version 1
nodes
0 "b_l_clav" -1
1 "b_l_upperarm" 0
2 "b_l_forearm" 1
3 "b_l_twist3" 2
4 "b_l_twist2" 2
5 "b_l_twist1" 2
6 "b_l_hand" 2
7 "b_l_thumb001" 6
8 "b_l_thumb002" 7
9 "b_l_thumb003" 8
10 "b_l_middle001" 6
11 "b_l_middle002" 10
12 "b_l_middle003" 11
13 "b_l_index001" 6
14 "b_l_index002" 13
15 "b_l_index003" 14
16 "b_l_hand_ringsqueezer" 6
17 "b_l_ring001" 16
18 "b_l_ring002" 17
19 "b_l_ring003" 18
20 "b_l_hand_pinkysqueezer" 6
21 "b_l_pinky001" 20
22 "b_l_pinky002" 21
23 "b_l_pinky003" 22
24 "b_r_clav" -1
25 "b_r_upperarm" 24
26 "b_r_forearm" 25
27 "b_r_twist3" 26
28 "b_r_twist2" 26
29 "b_r_twist1" 26
30 "b_r_hand" 26
31 "b_r_thumb001" 30
32 "b_r_thumb002" 31
33 "b_r_thumb003" 32
34 "b_r_middle001" 30
35 "b_r_middle002" 34
36 "b_r_middle003" 35
37 "b_r_index001" 30
38 "b_r_index002" 37
39 "b_r_index003" 38
40 "b_r_hand_ringsqueezer" 30
41 "b_r_ring001" 40
42 "b_r_ring002" 41
43 "b_r_ring003" 42
44 "b_r_hand_pinkysqueezer" 30
45 "b_r_pinky001" 44
46 "b_r_pinky002" 45
47 "b_r_pinky003" 46
48 "b_zero" -1
49 "d_boolet004" -1
50 "d_boolet1" -1
51 "d_boolet3" -1
52 "d_boolet_case" -1
53 "d_walk" -1
54 "d_gun" 53
55 "d_cover" 54
56 "d_carry" 54
57 "d_bolt" 54
58 "d_trig" 54
59 "d_safe" 54
60 "d_lever" 54
61 "d_ham" 54
end
skeleton
time 0
0 4.40254 -0.765094 -3.0277 -0.827035 0.693142 -1.04017
1 6.02794 0 0 0.212734 0.353727 -0.529409
2 11.7344 0 0 -0.0014029 0 -1.19955
3 8.81138 -0.000450134 -0.000112534 -2.10616 0 0.000158176
4 5.77839 0.000286102 0 -1.41113 0 0.000100045
5 2.23163 -0.000329971 -0.000364304 -0.695034 0 0
6 11.4725 0 0 -2.08774 0.209253 0.256119
7 0.615219 -0.993091 -0.8107 3.13843 0.250791 -0.497809
8 2.24752 0 0 0.087646 0.0747419 0.097919
9 1.11935 0 0 0.109001 0.0239501 0.173878
10 3.71348 -0.102641 0.102191 1.46942 0.773555 -0.173756
11 1.72615 0 0 0.0282561 -0.00392498 -1.54455
12 1.21114 0 0 -0.000153961 0.000329102 0.33414
13 3.59919 -1.06012 0.0708876 1.5195 0.284619 -0.269155
14 1.66068 0 0 -0.111391 0.075824 -1.56569
15 1.167 0 0 -0.00193043 -0.00165761 0.171786
16 2.18853 0.50104 0.0576582 1.53255 0.232941 0.0649169
17 1.29609 0 0 0.0150819 -0.044341 -0.516749
18 1.62202 0.000713348 -0.000471115 0.0384949 -0.011206 -1.72079
19 1.22241 0 0 0.00168801 -0.0236779 0.388832
20 1.76707 1.27612 0.0366411 1.49342 0.346301 0.0637749
21 1.55588 0 0 -0.024872 -0.0645979 -0.831289
22 1.24274 0 0 -0.000478907 0.000360989 -1.33483
23 0.784521 0 0 0.0161961 -0.00188105 0.403201
24 -2.4735 7.79394 -0.077753 -0.275371 0.252825 -2.41516
25 6.02794 0 0 0.644462 0.537605 0.136355
26 11.7344 0 0 0.00140271 0 2.02091
27 8.81167 0 0 0.664862 0 0
28 5.77884 0 0 0.445457 0 0
29 2.23249 0 0 0.219404 0 0
30 11.4725 0 0 0.934429 0.139168 -1.06562
31 0.615813 0.994372 -0.809165 2.77788 0.472288 0.10795
32 2.24752 0 0 -0.10444 -0.036817 0.189869
33 1.11936 0 0 0.040943 0.17253 0.992367
34 3.71348 0.102639 0.102191 -1.64963 0.584187 -0.369879
35 1.72615 0 0 -0.0181545 0.00311403 1.72396
36 1.21112 0 0 0.00667249 0.00800489 0.706752
37 3.5992 1.06012 0.070888 -1.58384 -0.010844 0.00177534
38 1.66069 0 0 0.0185096 0.075637 0.463161
39 1.16699 0 0 0.0410845 0.016021 0.836655
40 2.18853 -0.50104 0.0576591 -1.57144 -0.052163 -0.199004
41 1.29609 0 0 0.0937334 0.100102 0.813136
42 1.62202 -0.000712395 -0.000470161 -0.0212591 -0.00856296 1.65517
43 1.2224 0 0 0 0.00653304 0.655771
44 1.76707 -1.27612 0.0366411 -1.41856 -0.0419571 -0.220998
45 1.55587 0 0 -0.0176207 0.0420968 0.790849
46 1.24273 0 0 0.000479 0.000360934 1.35859
47 0.784532 0 0 -0.00138831 0.00235201 0.814052
48 0 0 0 0 0 0
49 -5.61841 3.00206 -8.92727 2.78505 -1.55693 -2.74481
50 -4.4567 -19.5369 -3.77284 -3.14159 -0.785398 3.14159
51 -4.4641 3.0151 -6.74232 0 -1.5708 0
52 -4.4567 -20.1145 -2.89952 0 -1.5708 0
53 -4.99 -8.26755 -4.56645 0 0 0
54 0.533295 -3.57396 -0.116835 0 0 0
55 -0.439463 -5.01739 0.910445 0 0 0
56 0 -2.26997 1.22871 0.0206799 0 0
57 0 -5.92124 1.78377 0 0 0
58 0 -2.12202 -0.0619302 0 0 0
59 -0.575001 -1.69351 1.13699 0 0 0
60 0 -4.97524 -0.469842 0 0 0
61 0.694227 -1.89081 0.409987 -0.785398 0 0
time 1
0 4.40254 -0.765094 -3.0277 -0.827035 0.693142 -1.04017
1 6.02794 0 0 0.212734 0.353727 -0.529409
2 11.7344 0 0 -0.0014029 0 -1.19955
3 8.81138 -0.000450134 -0.000112534 -2.10616 0 0.000158176
4 5.77839 0.000286102 0 -1.41113 0 0.000100045
5 2.23163 -0.000329971 -0.000364304 -0.695034 0 0
6 11.4725 0 0 -2.08774 0.209253 0.256119
7 0.615219 -0.993091 -0.8107 3.13843 0.250791 -0.497809
8 2.24752 0 0 0.087646 0.0747419 0.097919
9 1.11935 0 0 0.108996 0.0239568 0.173806
10 3.71348 -0.102641 0.102191 1.46942 0.773555 -0.173756
11 1.72615 0 0 0.0282561 -0.00392498 -1.54455
12 1.21114 0 0 -0.000153961 0.000329102 0.33414
13 3.59919 -1.06012 0.0708876 1.5195 0.284619 -0.269155
14 1.66068 0 0 -0.111391 0.075824 -1.56569
15 1.167 0 0 -0.00192926 -0.00166078 0.17157
16 2.18853 0.50104 0.0576582 1.53255 0.232941 0.0649169
17 1.29609 0 0 0.0150819 -0.044341 -0.516749
18 1.62202 0.000713348 -0.000471115 0.0384949 -0.011206 -1.72079
19 1.22241 0 0 0.00168801 -0.0236779 0.388832
20 1.76707 1.27612 0.0366411 1.49342 0.346301 0.0637749
21 1.55588 0 0 -0.024872 -0.0645979 -0.831289
22 1.24274 0 0 -0.000478907 0.000360989 -1.33483
23 0.784521 0 0 0.0161961 -0.00188105 0.403201
24 -2.4735 7.79394 -0.077753 -0.275371 0.252825 -2.41516
25 6.02794 0 0 0.644462 0.537605 0.136355
26 11.7344 0 0 0.00140271 0 2.02091
27 8.81167 0 0 0.664862 0 0
28 5.77884 0 0 0.445457 0 0
29 2.23249 0 0 0.219404 0 0
30 11.4725 0 0 0.934429 0.139168 -1.06562
31 0.615813 0.994372 -0.809165 2.77788 0.472288 0.10795
32 2.24752 0 0 -0.10444 -0.036817 0.189869
33 1.11936 0 0 0.040943 0.17253 0.992367
34 3.71348 0.102639 0.102191 -1.64963 0.584187 -0.369879
35 1.72615 0 0 -0.0181545 0.00311403 1.72396
36 1.21112 0 0 0.00667249 0.00800489 0.706752
37 3.5992 1.06012 0.070888 -1.58384 -0.010844 0.00177534
38 1.66069 0 0 0.0185096 0.075637 0.463161
39 1.16699 0 0 0.0410845 0.016021 0.836655
40 2.18853 -0.50104 0.0576591 -1.57144 -0.052163 -0.199004
41 1.29609 0 0 0.0937334 0.100102 0.813136
42 1.62202 -0.000712395 -0.000470161 -0.0212591 -0.00856296 1.65517
43 1.2224 0 0 0 0.00653304 0.655771
44 1.76707 -1.27612 0.0366411 -1.41856 -0.0419571 -0.220998
45 1.55587 0 0 -0.0176207 0.0420968 0.790849
46 1.24273 0 0 0.000479 0.000360934 1.35859
47 0.784532 0 0 -0.00138831 0.00235201 0.814052
48 0 0 0 0 0 0
49 -5.63163 2.99618 -8.94276 2.78627 -1.55693 -2.74554
50 -4.4567 -19.5369 -3.77284 -3.14159 -0.785398 3.14159
51 -4.4641 3.0151 -6.74232 0 -1.5708 0
52 -4.4567 -20.1145 -2.89952 0 -1.5708 0
53 -4.99 -8.26755 -4.56645 0 0 0
54 0.533295 -3.57396 -0.116835 0 0 0
55 -0.439463 -5.01739 0.910445 0 0 0
56 0 -2.26997 1.22871 0.0206799 0 0
57 0 -5.92124 1.78377 0 0 0
58 0 -2.12202 -0.0619302 0 0 0
59 -0.575001 -1.69351 1.13699 0 0 0
60 0 -4.97524 -0.469842 0 0 0
61 0.694227 -1.89081 0.409987 -0.785398 0 0
time 2
0 4.40254 -0.765094 -3.0277 -0.827035 0.693142 -1.04017
1 6.02794 0 0 0.212734 0.353727 -0.529409
2 11.7344 0 0 -0.0014029 0 -1.19955
3 8.81138 -0.000450134 -0.000112534 -2.10616 0 0.000158176
4 5.77839 0.000286102 0 -1.41113 0 0.000100045
5 2.23163 -0.000329971 -0.000364304 -0.695034 0 0
6 11.4725 0 0 -2.08774 0.209253 0.256119
7 0.615219 -0.993091 -0.8107 3.13843 0.250791 -0.497809
8 2.24752 0 0 0.087646 0.0747419 0.097919
9 1.11935 0 0 0.108992 0.0239637 0.173732
10 3.71348 -0.102641 0.102191 1.46942 0.773555 -0.173756
11 1.72615 0 0 0.0282561 -0.00392498 -1.54455
12 1.21114 0 0 -0.000153961 0.000329102 0.33414
13 3.59919 -1.06012 0.0708876 1.5195 0.284619 -0.269155
14 1.66068 0 0 -0.111391 0.075824 -1.56569
15 1.167 0 0 -0.00192798 -0.00166407 0.171351
16 2.18853 0.50104 0.0576582 1.53255 0.232941 0.0649169
17 1.29609 0 0 0.0150819 -0.044341 -0.516749
18 1.62202 0.000713348 -0.000471115 0.0384949 -0.011206 -1.72079
19 1.22241 0 0 0.00168801 -0.0236779 0.388832
20 1.76707 1.27612 0.0366411 1.49342 0.346301 0.0637749
21 1.55588 0 0 -0.024872 -0.0645979 -0.831289
22 1.24274 0 0 -0.000478907 0.000360989 -1.33483
23 0.784521 0 0 0.0161961 -0.00188105 0.403201
24 -2.4735 7.79394 -0.077753 -0.275371 0.252825 -2.41516
25 6.02794 0 0 0.644462 0.537605 0.136355
26 11.7344 0 0 0.00140271 0 2.02091
27 8.81167 0 0 0.664862 0 0
28 5.77884 0 0 0.445457 0 0
29 2.23249 0 0 0.219404 0 0
30 11.4725 0 0 0.934429 0.139168 -1.06562
31 0.615813 0.994372 -0.809165 2.77788 0.472288 0.10795
32 2.24752 0 0 -0.10444 -0.0368171 0.189869
33 1.11936 0 0 0.040943 0.17253 0.992367
34 3.71348 0.102639 0.102191 -1.64963 0.584187 -0.369879
35 1.72615 0 0 -0.0181544 0.00311399 1.72396
36 1.21112 0 0 0.0066725 0.00800497 0.706752
37 3.5992 1.06012 0.070888 -1.58384 -0.0108441 0.00177536
38 1.66069 0 0 0.0185095 0.075637 0.463161
39 1.16699 0 0 0.0410845 0.016021 0.836655
40 2.18853 -0.50104 0.0576587 -1.57144 -0.0521631 -0.199003
41 1.29609 0 0 0.0937335 0.100102 0.813136
42 1.62202 -0.000712395 -0.000470161 -0.021259 -0.00856293 1.65517
43 1.22241 0 0 0 0.00653302 0.655771
44 1.76707 -1.27612 0.0366411 -1.41856 -0.0419571 -0.220998
45 1.55587 0 0 -0.0176207 0.0420968 0.790849
46 1.24273 0 0 0.000479006 0.000360987 1.35859
47 0.784531 0 0 -0.00138834 0.00235201 0.814052
48 0 0 0 0 0 0
49 -5.64485 2.99029 -8.95826 2.78749 -1.55692 -2.74627
50 -4.4567 -19.5369 -3.77284 -3.14159 -0.785398 3.14159
51 -4.4641 3.0151 -6.74232 0 -1.5708 0
52 -4.4567 -20.1145 -2.89952 0 -1.5708 0
53 -4.99 -8.26755 -4.56645 0 0 0
54 0.533295 -3.57396 -0.116835 0 0 0
55 -0.439463 -5.01739 0.910445 0 0 0
56 0 -2.26997 1.22871 0.0206799 0 0
57 0 -5.92124 1.78377 0 0 0
58 0 -2.12202 -0.0619302 0 0 0
59 -0.575001 -1.69351 1.13699 0 0 0
60 0 -4.97524 -0.469842 0 0 0
61 0.694227 -1.89081 0.409987 -0.785398 0 0
time 3
0 4.40254 -0.765094 -3.0277 -0.827035 0.693142 -1.04017
1 6.02794 0 0 0.212734 0.353727 -0.529409
2 11.7344 0 0 -0.0014029 0 -1.19955
3 8.81138 -0.000450134 -0.000112534 -2.10616 0 0.000158176
4 5.77839 0.000286102 0 -1.41113 0 0.000100045
5 2.23163 -0.000329971 -0.000364304 -0.695034 0 0
6 11.4725 0 0 -2.08774 0.209253 0.256119
7 0.615219 -0.993091 -0.8107 3.13843 0.250791 -0.497809
8 2.24752 0 0 0.087646 0.0747419 0.097919
9 1.11935 0 0 0.108987 0.0239706 0.173657
10 3.71348 -0.102641 0.102191 1.46942 0.773555 -0.173756
11 1.72615 0 0 0.0282561 -0.00392498 -1.54455
12 1.21114 0 0 -0.000153961 0.000329102 0.33414
13 3.59919 -1.06012 0.0708876 1.5195 0.284619 -0.269155
14 1.66068 0 0 -0.111391 0.075824 -1.56569
15 1.167 0 0 -0.00192678 -0.00166743 0.17113
16 2.18853 0.50104 0.0576582 1.53255 0.232941 0.0649169
17 1.29609 0 0 0.0150819 -0.044341 -0.516749
18 1.62202 0.000713348 -0.000471115 0.0384949 -0.011206 -1.72079
19 1.22241 0 0 0.00168801 -0.0236779 0.388832
20 1.76707 1.27612 0.0366411 1.49342 0.346301 0.0637749
21 1.55588 0 0 -0.024872 -0.0645979 -0.831289
22 1.24274 0 0 -0.000478907 0.000360989 -1.33483
23 0.784521 0 0 0.0161961 -0.00188105 0.403201
24 -2.4735 7.79394 -0.077753 -0.275371 0.252825 -2.41516
25 6.02794 0 0 0.644462 0.537605 0.136355
26 11.7344 0 0 0.00140271 0 2.02091
27 8.81167 0 0 0.664862 0 0
28 5.77884 0 0 0.445457 0 0
29 2.23249 0 0 0.219404 0 0
30 11.4725 0 0 0.934429 0.139168 -1.06562
31 0.615813 0.994372 -0.809165 2.77788 0.472288 0.10795
32 2.24752 0 0 -0.10444 -0.0368171 0.189869
33 1.11936 0 0 0.040943 0.17253 0.992367
34 3.71348 0.102639 0.102191 -1.64963 0.584187 -0.369879
35 1.72615 0 0 -0.0181544 0.00311399 1.72396
36 1.21112 0 0 0.0066725 0.00800497 0.706752
37 3.5992 1.06012 0.070888 -1.58384 -0.0108441 0.00177536
38 1.66069 0 0 0.0185095 0.075637 0.463161
39 1.16699 0 0 0.0410845 0.016021 0.836655
40 2.18853 -0.50104 0.0576587 -1.57144 -0.0521631 -0.199003
41 1.29609 0 0 0.0937335 0.100102 0.813136
42 1.62202 -0.000712395 -0.000470161 -0.021259 -0.00856293 1.65517
43 1.22241 0 0 0 0.00653302 0.655771
44 1.76707 -1.27612 0.0366411 -1.41856 -0.0419571 -0.220998
45 1.55587 0 0 -0.0176207 0.0420968 0.790849
46 1.24273 0 0 0.000479006 0.000360987 1.35859
47 0.784531 0 0 -0.00138834 0.00235201 0.814052
48 0 0 0 0 0 0
49 -5.65807 2.98441 -8.97376 2.78872 -1.55692 -2.747
50 -4.4567 -19.5369 -3.77284 -3.14159 -0.785398 3.14159
51 -4.4641 3.0151 -6.74232 0 -1.5708 0
52 -4.4567 -20.1145 -2.89952 0 -1.5708 0
53 -4.99 -8.26755 -4.56645 0 0 0
54 0.533295 -3.57396 -0.116835 0 0 0
55 -0.439463 -5.01739 0.910445 0 0 0
56 0 -2.26997 1.22871 0.0206799 0 0
57 0 -5.92124 1.78377 0 0 0
58 0 -2.12202 -0.0619302 0 0 0
59 -0.575001 -1.69351 1.13699 0 0 0
60 0 -4.97524 -0.469842 0 0 0
61 0.694227 -1.89081 0.409987 -0.785398 0 0
time 4
0 4.40254 -0.765094 -3.0277 -0.827035 0.693142 -1.04017
1 6.02794 0 0 0.212734 0.353727 -0.529409
2 11.7344 0 0 -0.0014029 0 -1.19955
3 8.81138 -0.000450134 -0.000112534 -2.10616 0 0.000158176
4 5.77839 0.000286102 0 -1.41113 0 0.000100045
5 2.23163 -0.000329971 -0.000364304 -0.695034 0 0
6 11.4725 0 0 -2.08774 0.209253 0.256119
7 0.615219 -0.993091 -0.8107 3.13843 0.250791 -0.497809
8 2.24752 0 0 0.087646 0.0747419 0.097919
9 1.11935 0 0 0.108982 0.0239776 0.173582
10 3.71348 -0.102641 0.102191 1.46942 0.773555 -0.173756
11 1.72615 0 0 0.0282561 -0.00392498 -1.54455
12 1.21114 0 0 -0.000153961 0.000329102 0.33414
13 3.59919 -1.06012 0.0708876 1.5195 0.284619 -0.269155
14 1.66068 0 0 -0.111391 0.075824 -1.56569
15 1.167 0 0 -0.00192556 -0.00167108 0.170906
16 2.18853 0.50104 0.0576582 1.53255 0.232941 0.0649169
17 1.29609 0 0 0.0150819 -0.044341 -0.516749
18 1.62202 0.000713348 -0.000471115 0.0384949 -0.011206 -1.72079
19 1.22241 0 0 0.00168801 -0.0236779 0.388832
20 1.76707 1.27612 0.0366411 1.49342 0.346301 0.0637749
21 1.55588 0 0 -0.024872 -0.0645979 -0.831289
22 1.24274 0 0 -0.000478907 0.000360989 -1.33483
23 0.784521 0 0 0.0161961 -0.00188105 0.403201
24 -2.4735 7.79394 -0.077753 -0.275371 0.252825 -2.41516
25 6.02794 0 0 0.644462 0.537605 0.136355
26 11.7344 0 0 0.00140271 0 2.02091
27 8.81167 0 0 0.664862 0 0
28 5.77884 0 0 0.445457 0 0
29 2.23249 0 0 0.219404 0 0
30 11.4725 0 0 0.934429 0.139168 -1.06562
31 0.615813 0.994372 -0.809165 2.77788 0.472288 0.10795
32 2.24752 0 0 -0.10444 -0.0368171 0.189869
33 1.11936 0 0 0.040943 0.17253 0.992367
34 3.71348 0.102639 0.102191 -1.64963 0.584187 -0.369879
35 1.72615 0 0 -0.0181544 0.00311399 1.72396
36 1.21112 0 0 0.0066725 0.00800497 0.706752
37 3.5992 1.06012 0.070888 -1.58384 -0.0108441 0.00177536
38 1.66069 0 0 0.0185095 0.075637 0.463161
39 1.16699 0 0 0.0410845 0.016021 0.836655
40 2.18853 -0.50104 0.0576587 -1.57144 -0.0521631 -0.199003
41 1.29609 0 0 0.0937335 0.100102 0.813136
42 1.62202 -0.000712395 -0.000470161 -0.021259 -0.00856293 1.65517
43 1.22241 0 0 0 0.00653302 0.655771
44 1.76707 -1.27612 0.0366411 -1.41856 -0.0419571 -0.220998
45 1.55587 0 0 -0.0176207 0.0420968 0.790849
46 1.24273 0 0 0.000479006 0.000360987 1.35859
47 0.784531 0 0 -0.00138834 0.00235201 0.814052
48 0 0 0 0 0 0
49 -5.67129 2.97852 -8.98927 2.78995 -1.55692 -2.74773
50 -4.4567 -19.5369 -3.77284 -3.14159 -0.785398 3.14159
51 -4.4641 3.0151 -6.74232 0 -1.5708 0
52 -4.4567 -20.1145 -2.89952 0 -1.5708 0
53 -4.99 -8.26755 -4.56645 0 0 0
54 0.533295 -3.57396 -0.116835 0 0 0
55 -0.439463 -5.01739 0.910445 0 0 0
56 0 -2.26997 1.22871 0.0206799 0 0
57 0 -5.92124 1.78377 0 0 0
58 0 -2.12202 -0.0619302 0 0 0
59 -0.575001 -1.69351 1.13699 0 0 0
60 0 -4.97524 -0.469842 0 0 0
61 0.694227 -1.89081 0.409987 -0.785398 0 0
time 5
0 4.40254 -0.765094 -3.0277 -0.827035 0.693142 -1.04017
1 6.02794 0 0 0.212734 0.353727 -0.529409
2 11.7344 0 0 -0.0014029 0 -1.19955
3 8.81138 -0.000450134 -0.000112534 -2.10616 0 0.000158176
4 5.77839 0.000286102 0 -1.41113 0 0.000100045
5 2.23163 -0.000329971 -0.000364304 -0.695034 0 0
6 11.4725 0 0 -2.08774 0.209253 0.256119
7 0.615219 -0.993091 -0.8107 3.13843 0.250791 -0.497809
8 2.24752 0 0 0.087646 0.0747419 0.097919
9 1.11935 0 0 0.108978 0.0239847 0.173506
10 3.71348 -0.102641 0.102191 1.46942 0.773555 -0.173756
11 1.72615 0 0 0.0282561 -0.00392498 -1.54455
12 1.21114 0 0 -0.000153961 0.000329102 0.33414
13 3.59919 -1.06012 0.0708876 1.5195 0.284619 -0.269155
14 1.66068 0 0 -0.111391 0.075824 -1.56569
15 1.167 0 0 -0.00192432 -0.00167444 0.170681
16 2.18853 0.50104 0.0576582 1.53255 0.232941 0.0649169
17 1.29609 0 0 0.0150819 -0.044341 -0.516749
18 1.62202 0.000713348 -0.000471115 0.0384949 -0.011206 -1.72079
19 1.22241 0 0 0.00168801 -0.0236779 0.388832
20 1.76707 1.27612 0.0366411 1.49342 0.346301 0.0637749
21 1.55588 0 0 -0.024872 -0.0645979 -0.831289
22 1.24274 0 0 -0.000478907 0.000360989 -1.33483
23 0.784521 0 0 0.0161961 -0.00188105 0.403201
24 -2.4735 7.79394 -0.077753 -0.275371 0.252825 -2.41516
25 6.02794 0 0 0.644462 0.537605 0.136355
26 11.7344 0 0 0.00140271 0 2.02091
27 8.81167 0 0 0.664862 0 0
28 5.77884 0 0 0.445457 0 0
29 2.23249 0 0 0.219404 0 0
30 11.4725 0 0 0.934429 0.139168 -1.06562
31 0.615813 0.994372 -0.809165 2.77788 0.472288 0.10795
32 2.24752 0 0 -0.10444 -0.0368171 0.189869
33 1.11936 0 0 0.040943 0.17253 0.992367
34 3.71348 0.102639 0.102191 -1.64963 0.584187 -0.369879
35 1.72615 0 0 -0.0181544 0.00311399 1.72396
36 1.21112 0 0 0.0066725 0.00800497 0.706752
37 3.5992 1.06012 0.070888 -1.58384 -0.0108441 0.00177536
38 1.66069 0 0 0.0185095 0.075637 0.463161
39 1.16699 0 0 0.0410845 0.016021 0.836655
40 2.18853 -0.50104 0.0576587 -1.57144 -0.0521631 -0.199003
41 1.29609 0 0 0.0937335 0.100102 0.813136
42 1.62202 -0.000712395 -0.000470161 -0.021259 -0.00856293 1.65517
43 1.22241 0 0 0 0.00653302 0.655771
44 1.76707 -1.27612 0.0366411 -1.41856 -0.0419571 -0.220998
45 1.55587 0 0 -0.0176207 0.0420968 0.790849
46 1.24273 0 0 0.000479006 0.000360987 1.35859
47 0.784531 0 0 -0.00138834 0.00235201 0.814052
48 0 0 0 0 0 0
49 -5.68452 2.97263 -9.00478 2.79117 -1.55691 -2.74846
50 -4.4567 -19.5369 -3.77284 -3.14159 -0.785398 3.14159
51 -4.4641 3.0151 -6.74232 0 -1.5708 0
52 -4.4567 -20.1145 -2.89952 0 -1.5708 0
53 -4.99 -8.26755 -4.56645 0 0 0
54 0.533295 -3.57396 -0.116835 0 0 0
55 -0.439463 -5.01739 0.910445 0 0 0
56 0 -2.26997 1.22871 0.0206799 0 0
57 0 -5.92124 1.78377 0 0 0
58 0 -2.12202 -0.0619302 0 0 0
59 -0.575001 -1.69351 1.13699 0 0 0
60 0 -4.97524 -0.469842 0 0 0
61 0.694227 -1.89081 0.409987 -0.785398 0 0
time 6
0 4.40254 -0.765094 -3.0277 -0.827035 0.693142 -1.04017
1 6.02794 0 0 0.212734 0.353727 -0.529409
2 11.7344 0 0 -0.0014029 0 -1.19955
3 8.81138 -0.000450134 -0.000112534 -2.10616 0 0.000158176
4 5.77839 0.000286102 0 -1.41113 0 0.000100045
5 2.23163 -0.000329971 -0.000364304 -0.695034 0 0
6 11.4725 0 0 -2.08774 0.209253 0.256119
7 0.615219 -0.993091 -0.8107 3.13843 0.250791 -0.497809
8 2.24752 0 0 0.087646 0.0747419 0.097919
9 1.11935 0 0 0.108973 0.0239918 0.173429
10 3.71348 -0.102641 0.102191 1.46942 0.773555 -0.173756
11 1.72615 0 0 0.0282561 -0.00392498 -1.54455
12 1.21114 0 0 -0.000153961 0.000329102 0.33414
13 3.59919 -1.06012 0.0708876 1.5195 0.284619 -0.269155
14 1.66068 0 0 -0.111391 0.075824 -1.56569
15 1.167 0 0 -0.0019229 -0.00167793 0.170453
16 2.18853 0.50104 0.0576582 1.53255 0.232941 0.0649169
17 1.29609 0 0 0.0150819 -0.044341 -0.516749
18 1.62202 0.000713348 -0.000471115 0.0384949 -0.011206 -1.72079
19 1.22241 0 0 0.00168801 -0.0236779 0.388832
20 1.76707 1.27612 0.0366411 1.49342 0.346301 0.0637749
21 1.55588 0 0 -0.024872 -0.0645979 -0.831289
22 1.24274 0 0 -0.000478907 0.000360989 -1.33483
23 0.784521 0 0 0.0161961 -0.00188105 0.403201
24 -2.4735 7.79394 -0.077753 -0.275371 0.252825 -2.41516
25 6.02794 0 0 0.644462 0.537605 0.136355
26 11.7344 0 0 0.00140271 0 2.02091
27 8.81167 0 0 0.664862 0 0
28 5.77884 0 0 0.445457 0 0
29 2.23249 0 0 0.219404 0 0
30 11.4725 0 0 0.934429 0.139168 -1.06562
31 0.615813 0.994372 -0.809165 2.77788 0.472288 0.10795
32 2.24752 0 0 -0.10444 -0.0368171 0.189869
33 1.11936 0 0 0.040943 0.17253 0.992367
34 3.71348 0.102639 0.102191 -1.64963 0.584187 -0.369879
35 1.72615 0 0 -0.0181544 0.00311399 1.72396
36 1.21112 0 0 0.0066725 0.00800497 0.706752
37 3.5992 1.06012 0.070888 -1.58384 -0.0108441 0.00177536
38 1.66069 0 0 0.0185095 0.075637 0.463161
39 1.16699 0 0 0.0410845 0.016021 0.836655
40 2.18853 -0.50104 0.0576587 -1.57144 -0.0521631 -0.199003
41 1.29609 0 0 0.0937335 0.100102 0.813136
42 1.62202 -0.000712395 -0.000470161 -0.021259 -0.00856293 1.65517
43 1.22241 0 0 0 0.00653302 0.655771
44 1.76707 -1.27612 0.0366411 -1.41856 -0.0419571 -0.220998
45 1.55587 0 0 -0.0176207 0.0420968 0.790849
46 1.24273 0 0 0.000479006 0.000360987 1.35859
47 0.784531 0 0 -0.00138834 0.00235201 0.814052
48 0 0 0 0 0 0
49 -5.69775 2.96674 -9.0203 2.7924 -1.55691 -2.74919
50 -4.4567 -19.5369 -3.77284 -3.14159 -0.785398 3.14159
51 -4.4641 3.0151 -6.74232 0 -1.5708 0
52 -4.4567 -20.1145 -2.89952 0 -1.5708 0
53 -4.99 -8.26755 -4.56645 0 0 0
54 0.533295 -3.57396 -0.116835 0 0 0
55 -0.439463 -5.01739 0.910445 0 0 0
56 0 -2.26997 1.22871 0.0206799 0 0
57 0 -5.92124 1.78377 0 0 0
58 0 -2.12202 -0.0619302 0 0 0
59 -0.575001 -1.69351 1.13699 0 0 0
60 0 -4.97524 -0.469842 0 0 0
61 0.694227 -1.89081 0.409987 -0.785398 0 0
time 7
0 4.40254 -0.765094 -3.0277 -0.827035 0.693142 -1.04017
1 6.02794 0 0 0.212734 0.353727 -0.529409
2 11.7344 0 0 -0.0014029 0 -1.19955
3 8.81138 -0.000450134 -0.000112534 -2.10616 0 0.000158176
4 5.77839 0.000286102 0 -1.41113 0 0.000100045
5 2.23163 -0.000329971 -0.000364304 -0.695034 0 0
6 11.4725 0 0 -2.08774 0.209253 0.256119
7 0.615219 -0.993091 -0.8107 3.13843 0.250791 -0.497809
8 2.24752 0 0 0.087646 0.0747419 0.097919
9 1.11935 0 0 0.108968 0.023999 0.173352
10 3.71348 -0.102641 0.102191 1.46942 0.773555 -0.173756
11 1.72615 0 0 0.0282561 -0.00392498 -1.54455
12 1.21114 0 0 -0.000153961 0.000329102 0.33414
13 3.59919 -1.06012 0.0708876 1.5195 0.284619 -0.269155
14 1.66068 0 0 -0.111391 0.075824 -1.56569
15 1.167 0 0 -0.00192172 -0.00168159 0.170223
16 2.18853 0.50104 0.0576582 1.53255 0.232941 0.0649169
17 1.29609 0 0 0.0150819 -0.044341 -0.516749
18 1.62202 0.000713348 -0.000471115 0.0384949 -0.011206 -1.72079
19 1.22241 0 0 0.00168801 -0.0236779 0.388832
20 1.76707 1.27612 0.0366411 1.49342 0.346301 0.0637749
21 1.55588 0 0 -0.024872 -0.0645979 -0.831289
22 1.24274 0 0 -0.000478907 0.000360989 -1.33483
23 0.784521 0 0 0.0161961 -0.00188105 0.403201
24 -2.4735 7.79394 -0.077753 -0.275371 0.252825 -2.41516
25 6.02794 0 0 0.644462 0.537605 0.136355
26 11.7344 0 0 0.00140271 0 2.02091
27 8.81167 0 0 0.664862 0 0
28 5.77884 0 0 0.445457 0 0
29 2.23249 0 0 0.219404 0 0
30 11.4725 0 0 0.934429 0.139168 -1.06562
31 0.615813 0.994372 -0.809165 2.77788 0.472288 0.10795
32 2.24752 0 0 -0.10444 -0.0368171 0.189869
33 1.11936 0 0 0.040943 0.17253 0.992367
34 3.71348 0.102639 0.102191 -1.64963 0.584187 -0.369879
35 1.72615 0 0 -0.0181544 0.00311399 1.72396
36 1.21112 0 0 0.0066725 0.00800497 0.706752
37 3.5992 1.06012 0.070888 -1.58384 -0.0108441 0.00177536
38 1.66069 0 0 0.0185095 0.075637 0.463161
39 1.16699 0 0 0.0410845 0.016021 0.836655
40 2.18853 -0.50104 0.0576587 -1.57144 -0.0521631 -0.199003
41 1.29609 0 0 0.0937335 0.100102 0.813136
42 1.62202 -0.000712395 -0.000470161 -0.021259 -0.00856293 1.65517
43 1.22241 0 0 0 0.00653302 0.655771
44 1.76707 -1.27612 0.0366411 -1.41856 -0.0419571 -0.220998
45 1.55587 0 0 -0.0176207 0.0420968 0.790849
46 1.24273 0 0 0.000479006 0.000360987 1.35859
47 0.784531 0 0 -0.00138834 0.00235201 0.814052
48 0 0 0 0 0 0
49 -5.71098 2.96084 -9.03583 2.79363 -1.5569 -2.74993
50 -4.4567 -19.5369 -3.77284 -3.14159 -0.785398 3.14159
51 -4.4641 3.0151 -6.74232 0 -1.5708 0
52 -4.4567 -20.1145 -2.89952 0 -1.5708 0
53 -4.99 -8.26755 -4.56645 0 0 0
54 0.533295 -3.57396 -0.116835 0 0 0
55 -0.439463 -5.01739 0.910445 0 0 0
56 0 -2.26997 1.22871 0.0206799 0 0
57 0 -5.92124 1.78377 0 0 0
58 0 -2.12202 -0.0619302 0 0 0
59 -0.575001 -1.69351 1.13699 0 0 0
60 0 -4.97524 -0.469842 0 0 0
61 0.694227 -1.89081 0.409987 -0.785398 0 0
time 8
0 4.40254 -0.765094 -3.0277 -0.827035 0.693142 -1.04017
1 6.02794 0 0 0.212734 0.353727 -0.529409
2 11.7344 0 0 -0.0014029 0 -1.19955
3 8.81138 -0.000450134 -0.000112534 -2.10616 0 0.000158176
4 5.77839 0.000286102 0 -1.41113 0 0.000100291
5 2.23163 -0.000329971 -0.000364304 -0.695034 0 0
6 11.4725 0 0 -2.08774 0.209252 0.256118
7 0.615219 -0.993091 -0.8107 3.13843 0.250791 -0.497809
8 2.24752 0 0 0.087646 0.074742 0.097919
9 1.11935 0 0 0.108963 0.0240062 0.173274
10 3.71348 -0.10264 0.102191 1.46942 0.773555 -0.173756
11 1.72615 0 0 0.028256 -0.00392502 -1.54455
12 1.21114 0 0 -0.000153932 0.000328916 0.33414
13 3.59919 -1.06012 0.0708876 1.5195 0.284619 -0.269155
14 1.66069 0 0 -0.111391 0.0758241 -1.56569
15 1.167 0 0 -0.00192044 -0.00168501 0.16999
16 2.18852 0.501041 0.0576582 1.53255 0.232941 0.064917
17 1.29609 0 0 0.0150818 -0.0443411 -0.516749
18 1.62202 0.000715256 -0.000471115 0.0384949 -0.011206 -1.72079
19 1.22241 0 0 0.00168801 -0.023678 0.388832
20 1.76707 1.27612 0.0366411 1.49342 0.346301 0.0637749
21 1.55588 0 0 -0.024872 -0.0645979 -0.831289
22 1.24274 0 0 -0.000479065 0.000361093 -1.33483
23 0.784523 0 0 0.0161961 -0.00188095 0.403201
24 -2.4735 7.79394 -0.077753 -0.275371 0.252825 -2.41516
25 6.02794 0 0 0.644462 0.537605 0.136355
26 11.7344 0 0 0.00140271 0 2.02091
27 8.81167 0 0 0.664862 0 0
28 5.77884 0 0 0.445457 0 0
29 2.23249 0 0 0.219404 0 0
30 11.4725 0 0 0.934429 0.139168 -1.06562
31 0.615813 0.994372 -0.809165 2.77788 0.472288 0.10795
32 2.24752 0 0 -0.10444 -0.0368171 0.189869
33 1.11936 0 0 0.040943 0.17253 0.992367
34 3.71348 0.102639 0.102191 -1.64963 0.584187 -0.369879
35 1.72615 0 0 -0.0181544 0.00311399 1.72396
36 1.21112 0 0 0.0066725 0.00800497 0.706752
37 3.5992 1.06012 0.070888 -1.58384 -0.0108441 0.00177536
38 1.66069 0 0 0.0185095 0.075637 0.463161
39 1.16699 0 0 0.0410845 0.016021 0.836655
40 2.18853 -0.50104 0.0576587 -1.57144 -0.0521631 -0.199003
41 1.29609 0 0 0.0937335 0.100102 0.813136
42 1.62202 -0.000712395 -0.000470161 -0.021259 -0.00856293 1.65517
43 1.22241 0 0 0 0.00653302 0.655771
44 1.76707 -1.27612 0.0366411 -1.41856 -0.0419571 -0.220998
45 1.55587 0 0 -0.0176207 0.0420968 0.790849
46 1.24273 0 0 0.000479006 0.000360987 1.35859
47 0.784531 0 0 -0.00138834 0.00235201 0.814052
48 0 0 0 0 0 0
49 -5.72421 2.95495 -9.05136 2.79485 -1.5569 -2.75066
50 -4.4567 -19.5369 -3.77284 -3.14159 -0.785398 3.14159
51 -4.4641 3.0151 -6.74232 0 -1.5708 0
52 -4.4567 -20.1145 -2.89952 0 -1.5708 0
53 -4.99 -8.26755 -4.56645 0 0 0
54 0.533295 -3.57396 -0.116835 0 0 0
55 -0.439463 -5.01739 0.910445 0 0 0
56 0 -2.26997 1.22871 0.0206799 0 0
57 0 -5.92124 1.78377 0 0 0
58 0 -2.12202 -0.0619302 0 0 0
59 -0.575001 -1.69351 1.13699 0 0 0
60 0 -4.97524 -0.469842 0 0 0
61 0.694227 -1.89081 0.409987 -0.785398 0 0
time 9
0 4.40254 -0.765094 -3.0277 -0.827035 0.693142 -1.04017
1 6.02794 0 0 0.212734 0.353727 -0.529409
2 11.7344 0 0 -0.0014029 0 -1.19955
3 8.81138 -0.000450134 -0.000112534 -2.10616 0 0.000158176
4 5.77839 0.000286102 0 -1.41113 0 0.000100291
5 2.23163 -0.000329971 -0.000364304 -0.695034 0 0
6 11.4725 0 0 -2.08774 0.209252 0.256118
7 0.615219 -0.993091 -0.8107 3.13843 0.250791 -0.497809
8 2.24752 0 0 0.087646 0.074742 0.097919
9 1.11935 0 0 0.108958 0.0240135 0.173195
10 3.71348 -0.10264 0.102191 1.46942 0.773555 -0.173756
11 1.72615 0 0 0.028256 -0.00392502 -1.54455
12 1.21114 0 0 -0.000153932 0.000328916 0.33414
13 3.59919 -1.06012 0.0708876 1.5195 0.284619 -0.269155
14 1.66069 0 0 -0.111391 0.0758241 -1.56569
15 1.167 0 0 -0.0019191 -0.00168857 0.169756
16 2.18852 0.501041 0.0576582 1.53255 0.232941 0.064917
17 1.29609 0 0 0.0150818 -0.0443411 -0.516749
18 1.62202 0.000715256 -0.000471115 0.0384949 -0.011206 -1.72079
19 1.22241 0 0 0.00168801 -0.023678 0.388832
20 1.76707 1.27612 0.0366411 1.49342 0.346301 0.0637749
21 1.55588 0 0 -0.024872 -0.0645979 -0.831289
22 1.24274 0 0 -0.000479065 0.000361093 -1.33483
23 0.784523 0 0 0.0161961 -0.00188095 0.403201
24 -2.4735 7.79394 -0.077753 -0.275371 0.252825 -2.41516
25 6.02794 0 0 0.644462 0.537605 0.136355
26 11.7344 0 0 0.00140271 0 2.02091
27 8.81167 0 0 0.664862 0 0
28 5.77884 0 0 0.445457 0 0
29 2.23249 0 0 0.219404 0 0
30 11.4725 0 0 0.934429 0.139168 -1.06562
31 0.615813 0.994372 -0.809165 2.77788 0.472288 0.10795
32 2.24752 0 0 -0.10444 -0.0368171 0.189869
33 1.11936 0 0 0.040943 0.17253 0.992367
34 3.71348 0.102639 0.102191 -1.64963 0.584187 -0.369879
35 1.72615 0 0 -0.0181544 0.00311399 1.72396
36 1.21112 0 0 0.0066725 0.00800497 0.706752
37 3.5992 1.06012 0.070888 -1.58384 -0.0108441 0.00177536
38 1.66069 0 0 0.0185095 0.075637 0.463161
39 1.16699 0 0 0.0410845 0.016021 0.836655
40 2.18853 -0.50104 0.0576587 -1.57144 -0.0521631 -0.199003
41 1.29609 0 0 0.0937335 0.100102 0.813136
42 1.62202 -0.000712395 -0.000470161 -0.021259 -0.00856293 1.65517
43 1.22241 0 0 0 0.00653302 0.655771
44 1.76707 -1.27612 0.0366411 -1.41856 -0.0419571 -0.220998
45 1.55587 0 0 -0.0176207 0.0420968 0.790849
46 1.24273 0 0 0.000479006 0.000360987 1.35859
47 0.784531 0 0 -0.00138834 0.00235201 0.814052
48 0 0 0 0 0 0
49 -5.73745 2.94905 -9.06689 2.79609 -1.5569 -2.75139
50 -4.4567 -19.5369 -3.77284 -3.14159 -0.785398 3.14159
51 -4.4641 3.0151 -6.74232 0 -1.5708 0
52 -4.4567 -20.1145 -2.89952 0 -1.5708 0
53 -4.99 -8.26755 -4.56645 0 0 0
54 0.533295 -3.57396 -0.116835 0 0 0
55 -0.439463 -5.01739 0.910445 0 0 0
56 0 -2.26997 1.22871 0.0206799 0 0
57 0 -5.92124 1.78377 0 0 0
58 0 -2.12202 -0.0619302 0 0 0
59 -0.575001 -1.69351 1.13699 0 0 0
60 0 -4.97524 -0.469842 0 0 0
61 0.694227 -1.89081 0.409987 -0.785398 0 0
time 10
0 4.40254 -0.765094 -3.0277 -0.827035 0.693142 -1.04017
1 6.02794 0 0 0.212734 0.353727 -0.529409
2 11.7344 0 0 -0.0014029 0 -1.19955
3 8.81138 -0.000450134 -0.000112534 -2.10616 0 0.000158176
4 5.77839 0.000286102 0 -1.41113 0 0.000100291
5 2.23163 -0.000329971 -0.000364304 -0.695034 0 0
6 11.4725 0 0 -2.08774 0.209252 0.256118
7 0.615219 -0.993091 -0.8107 3.13843 0.250791 -0.497809
8 2.24752 0 0 0.087646 0.074742 0.097919
9 1.11935 0 0 0.108953 0.0240209 0.173115
10 3.71348 -0.10264 0.102191 1.46942 0.773555 -0.173756
11 1.72615 0 0 0.028256 -0.00392502 -1.54455
12 1.21114 0 0 -0.000153932 0.000328916 0.33414
13 3.59919 -1.06012 0.0708876 1.5195 0.284619 -0.269155
14 1.66069 0 0 -0.111391 0.0758241 -1.56569
15 1.167 0 0 -0.0019178 -0.00169212 0.16952
16 2.18852 0.501041 0.0576582 1.53255 0.232941 0.064917
17 1.29609 0 0 0.0150818 -0.0443411 -0.516749
18 1.62202 0.000715256 -0.000471115 0.0384949 -0.011206 -1.72079
19 1.22241 0 0 0.00168801 -0.023678 0.388832
20 1.76707 1.27612 0.0366411 1.49342 0.346301 0.0637749
21 1.55588 0 0 -0.024872 -0.0645979 -0.831289
22 1.24274 0 0 -0.000479065 0.000361093 -1.33483
23 0.784523 0 0 0.0161961 -0.00188095 0.403201
24 -2.4735 7.79394 -0.077753 -0.275371 0.252825 -2.41516
25 6.02794 0 0 0.644462 0.537605 0.136355
26 11.7344 0 0 0.00140271 0 2.02091
27 8.81167 0 0 0.664862 0 0
28 5.77884 0 0 0.445457 0 0
29 2.23249 0 0 0.219404 0 0
30 11.4725 0 0 0.934429 0.139168 -1.06562
31 0.615813 0.994372 -0.809165 2.77788 0.472288 0.10795
32 2.24752 0 0 -0.10444 -0.0368171 0.189869
33 1.11936 0 0 0.040943 0.17253 0.992367
34 3.71348 0.102639 0.102191 -1.64963 0.584187 -0.369879
35 1.72615 0 0 -0.0181544 0.00311399 1.72396
36 1.21112 0 0 0.0066725 0.00800497 0.706752
37 3.5992 1.06012 0.070888 -1.58384 -0.0108441 0.00177536
38 1.66069 0 0 0.0185095 0.075637 0.463161
39 1.16699 0 0 0.0410845 0.016021 0.836655
40 2.18853 -0.50104 0.0576587 -1.57144 -0.0521631 -0.199003
41 1.29609 0 0 0.0937335 0.100102 0.813136
42 1.62202 -0.000712395 -0.000470161 -0.021259 -0.00856293 1.65517
43 1.22241 0 0 0 0.00653302 0.655771
44 1.76707 -1.27612 0.0366411 -1.41856 -0.0419571 -0.220998
45 1.55587 0 0 -0.0176207 0.0420968 0.790849
46 1.24273 0 0 0.000479006 0.000360987 1.35859
47 0.784531 0 0 -0.00138834 0.00235201 0.814052
48 0 0 0 0 0 0
49 -5.75068 2.94315 -9.08243 2.7973 -1.55689 -2.75212
50 -4.4567 -19.5369 -3.77284 -3.14159 -0.785398 3.14159
51 -4.4641 3.0151 -6.74232 0 -1.5708 0
52 -4.4567 -20.1145 -2.89952 0 -1.5708 0
53 -4.99 -8.26755 -4.56645 0 0 0
54 0.533295 -3.57396 -0.116835 0 0 0
55 -0.439463 -5.01739 0.910445 0 0 0
56 0 -2.26997 1.22871 0.0206799 0 0
57 0 -5.92124 1.78377 0 0 0
58 0 -2.12202 -0.0619302 0 0 0
59 -0.575001 -1.69351 1.13699 0 0 0
60 0 -4.97524 -0.469842 0 0 0
61 0.694227 -1.89081 0.409987 -0.785398 0 0
time 11
0 4.40254 -0.765094 -3.0277 -0.827035 0.693142 -1.04017
1 6.02794 0 0 0.212734 0.353727 -0.529409
2 11.7344 0 0 -0.0014029 0 -1.19955
3 8.81138 -0.000450134 -0.000112534 -2.10616 0 0.000158176
4 5.77839 0.000286102 0 -1.41113 0 0.000100291
5 2.23163 -0.000329971 -0.000364304 -0.695034 0 0
6 11.4725 0 0 -2.08774 0.209252 0.256118
7 0.615219 -0.993091 -0.8107 3.13843 0.250791 -0.497809
8 2.24752 0 0 0.087646 0.074742 0.097919
9 1.11935 0 0 0.108948 0.0240284 0.173035
10 3.71348 -0.10264 0.102191 1.46942 0.773555 -0.173756
11 1.72615 0 0 0.028256 -0.00392502 -1.54455
12 1.21114 0 0 -0.000153932 0.000328916 0.33414
13 3.59919 -1.06012 0.0708876 1.5195 0.284619 -0.269155
14 1.66069 0 0 -0.111391 0.0758241 -1.56569
15 1.167 0 0 -0.00191647 -0.00169579 0.169282
16 2.18852 0.501041 0.0576582 1.53255 0.232941 0.064917
17 1.29609 0 0 0.0150818 -0.0443411 -0.516749
18 1.62202 0.000715256 -0.000471115 0.0384949 -0.011206 -1.72079
19 1.22241 0 0 0.00168801 -0.023678 0.388832
20 1.76707 1.27612 0.0366411 1.49342 0.346301 0.0637749
21 1.55588 0 0 -0.024872 -0.0645979 -0.831289
22 1.24274 0 0 -0.000479065 0.000361093 -1.33483
23 0.784523 0 0 0.0161961 -0.00188095 0.403201
24 -2.4735 7.79394 -0.077753 -0.275371 0.252825 -2.41516
25 6.02794 0 0 0.644462 0.537605 0.136355
26 11.7344 0 0 0.00140271 0 2.02091
27 8.81167 0 0 0.664862 0 0
28 5.77884 0 0 0.445457 0 0
29 2.23249 0 0 0.219404 0 0
30 11.4725 0 0 0.934429 0.139168 -1.06562
31 0.615813 0.994372 -0.809165 2.77788 0.472288 0.10795
32 2.24752 0 0 -0.10444 -0.0368171 0.189869
33 1.11936 0 0 0.040943 0.17253 0.992367
34 3.71348 0.102639 0.102191 -1.64963 0.584187 -0.369879
35 1.72615 0 0 -0.0181544 0.00311399 1.72396
36 1.21112 0 0 0.0066725 0.00800497 0.706752
37 3.5992 1.06012 0.070888 -1.58384 -0.0108441 0.00177536
38 1.66069 0 0 0.0185095 0.075637 0.463161
39 1.16699 0 0 0.0410845 0.016021 0.836655
40 2.18853 -0.50104 0.0576587 -1.57144 -0.0521631 -0.199003
41 1.29609 0 0 0.0937335 0.100102 0.813136
42 1.62202 -0.000712395 -0.000470161 -0.021259 -0.00856293 1.65517
43 1.22241 0 0 0 0.00653302 0.655771
44 1.76707 -1.27612 0.0366411 -1.41856 -0.0419571 -0.220998
45 1.55587 0 0 -0.0176207 0.0420968 0.790849
46 1.24273 0 0 0.000479006 0.000360987 1.35859
47 0.784531 0 0 -0.00138834 0.00235201 0.814052
48 0 0 0 0 0 0
49 -5.76392 2.93725 -9.09797 2.79853 -1.55689 -2.75285
50 -4.4567 -19.5369 -3.77284 -3.14159 -0.785398 3.14159
51 -4.4641 3.0151 -6.74232 0 -1.5708 0
52 -4.4567 -20.1145 -2.89952 0 -1.5708 0
53 -4.99 -8.26755 -4.56645 0 0 0
54 0.533295 -3.57396 -0.116835 0 0 0
55 -0.439463 -5.01739 0.910445 0 0 0
56 0 -2.26997 1.22871 0.0206799 0 0
57 0 -5.92124 1.78377 0 0 0
58 0 -2.12202 -0.0619302 0 0 0
59 -0.575001 -1.69351 1.13699 0 0 0
60 0 -4.97524 -0.469842 0 0 0
61 0.694227 -1.89081 0.409987 -0.785398 0 0
time 12
0 4.40254 -0.765094 -3.0277 -0.827035 0.693142 -1.04017
1 6.02794 0 0 0.212734 0.353727 -0.529409
2 11.7344 0 0 -0.0014029 0 -1.19955
3 8.81138 -0.000450134 -0.000112534 -2.10616 0 0.000158176
4 5.77839 0.000286102 0 -1.41113 0 0.000100291
5 2.23163 -0.000329971 -0.000364304 -0.695034 0 0
6 11.4725 0 0 -2.08774 0.209252 0.256118
7 0.615219 -0.993091 -0.8107 3.13843 0.250791 -0.497809
8 2.24752 0 0 0.087646 0.074742 0.097919
9 1.11935 0 0 0.108943 0.0240359 0.172954
10 3.71348 -0.10264 0.102191 1.46942 0.773555 -0.173756
11 1.72615 0 0 0.028256 -0.00392502 -1.54455
12 1.21114 0 0 -0.000153932 0.000328916 0.33414
13 3.59919 -1.06012 0.0708876 1.5195 0.284619 -0.269155
14 1.66069 0 0 -0.111391 0.0758241 -1.56569
15 1.167 0 0 -0.00191516 -0.00169958 0.169042
16 2.18852 0.501041 0.0576582 1.53255 0.232941 0.064917
17 1.29609 0 0 0.0150818 -0.0443411 -0.516749
18 1.62202 0.000715256 -0.000471115 0.0384949 -0.011206 -1.72079
19 1.22241 0 0 0.00168801 -0.023678 0.388832
20 1.76707 1.27612 0.0366411 1.49342 0.346301 0.0637749
21 1.55588 0 0 -0.024872 -0.0645979 -0.831289
22 1.24274 0 0 -0.000479065 0.000361093 -1.33483
23 0.784523 0 0 0.0161961 -0.00188095 0.403201
24 -2.4735 7.79394 -0.077753 -0.275371 0.252825 -2.41516
25 6.02794 0 0 0.644462 0.537605 0.136355
26 11.7344 0 0 0.00140271 0 2.02091
27 8.81167 0 0 0.664862 0 0
28 5.77884 0 0 0.445457 0 0
29 2.23249 0 0 0.219404 0 0
30 11.4725 0 0 0.934429 0.139168 -1.06562
31 0.615813 0.994372 -0.809165 2.77788 0.472288 0.10795
32 2.24752 0 0 -0.10444 -0.0368171 0.189869
33 1.11936 0 0 0.040943 0.17253 0.992367
34 3.71348 0.102639 0.102191 -1.64963 0.584187 -0.369879
35 1.72615 0 0 -0.0181544 0.00311399 1.72396
36 1.21112 0 0 0.0066725 0.00800497 0.706752
37 3.5992 1.06012 0.070888 -1.58384 -0.0108441 0.00177536
38 1.66069 0 0 0.0185095 0.075637 0.463161
39 1.16699 0 0 0.0410845 0.016021 0.836655
40 2.18853 -0.50104 0.0576587 -1.57144 -0.0521631 -0.199003
41 1.29609 0 0 0.0937335 0.100102 0.813136
42 1.62202 -0.000712395 -0.000470161 -0.021259 -0.00856293 1.65517
43 1.22241 0 0 0 0.00653302 0.655771
44 1.76707 -1.27612 0.0366411 -1.41856 -0.0419571 -0.220998
45 1.55587 0 0 -0.0176207 0.0420968 0.790849
46 1.24273 0 0 0.000479006 0.000360987 1.35859
47 0.784531 0 0 -0.00138834 0.00235201 0.814052
48 0 0 0 0 0 0
49 -5.77716 2.93135 -9.11352 2.79976 -1.55688 -2.75358
50 -4.4567 -19.5369 -3.77284 -3.14159 -0.785398 3.14159
51 -4.4641 3.0151 -6.74232 0 -1.5708 0
52 -4.4567 -20.1145 -2.89952 0 -1.5708 0
53 -4.99 -8.26755 -4.56645 0 0 0
54 0.533295 -3.57396 -0.116835 0 0 0
55 -0.439463 -5.01739 0.910445 0 0 0
56 0 -2.26997 1.22871 0.0206799 0 0
57 0 -5.92124 1.78377 0 0 0
58 0 -2.12202 -0.0619302 0 0 0
59 -0.575001 -1.69351 1.13699 0 0 0
60 0 -4.97524 -0.469842 0 0 0
61 0.694227 -1.89081 0.409987 -0.785398 0 0
time 13
0 4.40254 -0.765094 -3.0277 -0.827034 0.693142 -1.04017
1 6.02794 0 0 0.212734 0.353727 -0.529409
2 11.7344 0 0 -0.00140292 0 -1.19955
3 8.81138 -0.000450134 -0.000113487 -2.10616 0 0.000156593
4 5.77839 0.00028801 0 -1.41113 0 0
5 2.23163 -0.000328064 -0.000364304 -0.695034 0 0
6 11.4725 0 0 -2.08774 0.209253 0.256119
7 0.61522 -0.993091 -0.8107 3.13843 0.250791 -0.497809
8 2.24752 0 0 0.087646 0.074742 0.097919
9 1.11936 0 0 0.108938 0.0240435 0.172873
10 3.71348 -0.102642 0.102191 1.46942 0.773555 -0.173756
11 1.72615 0 0 0.028256 -0.00392499 -1.54455
12 1.21114 0 0 -0.000154069 0.000329 0.33414
13 3.59919 -1.06012 0.0708876 1.5195 0.284619 -0.269155
14 1.66068 0 0 -0.111391 0.075824 -1.56569
15 1.16699 0 0 -0.00191375 -0.00170315 0.1688
16 2.18852 0.501039 0.0576591 1.53255 0.232941 0.0649169
17 1.29609 0 0 0.0150819 -0.0443409 -0.516749
18 1.62202 0.000713348 -0.000470161 0.0384952 -0.0112061 -1.72079
19 1.22241 0 0 0.00168806 -0.023678 0.388832
20 1.76707 1.27612 0.0366411 1.49342 0.346301 0.063775
21 1.55587 0 0 -0.0248719 -0.064598 -0.831289
22 1.24273 0 0 -0.000478977 0.000360934 -1.33483
23 0.784521 0 0 0.0161961 -0.00188105 0.403201
24 -2.4735 7.79394 -0.077753 -0.275371 0.252825 -2.41516
25 6.02794 0 0 0.644462 0.537605 0.136355
26 11.7344 0 0 0.00140271 0 2.02091
27 8.81167 0 0 0.664862 0 0
28 5.77884 0 0 0.445457 0 0
29 2.23249 0 0 0.219404 0 0
30 11.4725 0 0 0.934429 0.139168 -1.06562
31 0.615813 0.994372 -0.809165 2.77788 0.472288 0.10795
32 2.24752 0 0 -0.10444 -0.0368171 0.189869
33 1.11936 0 0 0.040943 0.17253 0.992367
34 3.71348 0.102639 0.102191 -1.64963 0.584187 -0.369879
35 1.72615 0 0 -0.0181544 0.00311399 1.72396
36 1.21112 0 0 0.0066725 0.00800497 0.706752
37 3.5992 1.06012 0.070888 -1.58384 -0.0108441 0.00177536
38 1.66069 0 0 0.0185095 0.075637 0.463161
39 1.16699 0 0 0.0410845 0.016021 0.836655
40 2.18853 -0.50104 0.0576587 -1.57144 -0.0521631 -0.199003
41 1.29609 0 0 0.0937335 0.100102 0.813136
42 1.62202 -0.000712395 -0.000470161 -0.021259 -0.00856293 1.65517
43 1.22241 0 0 0 0.00653302 0.655771
44 1.76707 -1.27612 0.0366411 -1.41856 -0.0419571 -0.220998
45 1.55587 0 0 -0.0176207 0.0420968 0.790849
46 1.24273 0 0 0.000479006 0.000360987 1.35859
47 0.784531 0 0 -0.00138834 0.00235201 0.814052
48 0 0 0 0 0 0
49 -5.7904 2.92545 -9.12906 2.80098 -1.55688 -2.7543
50 -4.4567 -19.5369 -3.77284 -3.14159 -0.785398 3.14159
51 -4.4641 3.0151 -6.74232 0 -1.5708 0
52 -4.4567 -20.1145 -2.89952 0 -1.5708 0
53 -4.99 -8.26755 -4.56645 0 0 0
54 0.533295 -3.57396 -0.116835 0 0 0
55 -0.439463 -5.01739 0.910445 0 0 0
56 0 -2.26997 1.22871 0.0206799 0 0
57 0 -5.92124 1.78377 0 0 0
58 0 -2.12202 -0.0619302 0 0 0
59 -0.575001 -1.69351 1.13699 0 0 0
60 0 -4.97524 -0.469842 0 0 0
61 0.694227 -1.89081 0.409987 -0.785398 0 0
time 14
0 4.40254 -0.765094 -3.0277 -0.827034 0.693142 -1.04017
1 6.02794 0 0 0.212734 0.353727 -0.529409
2 11.7344 0 0 -0.00140292 0 -1.19955
3 8.81138 -0.000450134 -0.000113487 -2.10616 0 0.000156593
4 5.77839 0.00028801 0 -1.41113 0 0
5 2.23163 -0.000328064 -0.000364304 -0.695034 0 0
6 11.4725 0 0 -2.08774 0.209253 0.256119
7 0.61522 -0.993091 -0.8107 3.13843 0.250791 -0.497809
8 2.24752 0 0 0.087646 0.074742 0.097919
9 1.11936 0 0 0.108933 0.0240511 0.172791
10 3.71348 -0.102642 0.102191 1.46942 0.773555 -0.173756
11 1.72615 0 0 0.028256 -0.00392499 -1.54455
12 1.21114 0 0 -0.000154069 0.000329 0.33414
13 3.59919 -1.06012 0.0708876 1.5195 0.284619 -0.269155
14 1.66068 0 0 -0.111391 0.075824 -1.56569
15 1.16699 0 0 -0.00191238 -0.00170665 0.168557
16 2.18852 0.501039 0.0576591 1.53255 0.232941 0.0649169
17 1.29609 0 0 0.0150819 -0.0443409 -0.516749
18 1.62202 0.000713348 -0.000470161 0.0384952 -0.0112061 -1.72079
19 1.22241 0 0 0.00168806 -0.023678 0.388832
20 1.76707 1.27612 0.0366411 1.49342 0.346301 0.063775
21 1.55587 0 0 -0.0248719 -0.064598 -0.831289
22 1.24273 0 0 -0.000478977 0.000360934 -1.33483
23 0.784521 0 0 0.0161961 -0.00188105 0.403201
24 -2.4735 7.79394 -0.077753 -0.275371 0.252825 -2.41516
25 6.02794 0 0 0.644462 0.537605 0.136355
26 11.7344 0 0 0.00140271 0 2.02091
27 8.81167 0 0 0.664862 0 0
28 5.77884 0 0 0.445457 0 0
29 2.23249 0 0 0.219404 0 0
30 11.4725 0 0 0.934429 0.139168 -1.06562
31 0.615813 0.994372 -0.809165 2.77788 0.472288 0.10795
32 2.24752 0 0 -0.10444 -0.0368171 0.189869
33 1.11936 0 0 0.040943 0.17253 0.992367
34 3.71348 0.102639 0.102191 -1.64963 0.584187 -0.369879
35 1.72615 0 0 -0.0181544 0.00311399 1.72396
36 1.21112 0 0 0.0066725 0.00800497 0.706752
37 3.5992 1.06012 0.070888 -1.58384 -0.0108441 0.00177536
38 1.66069 0 0 0.0185095 0.075637 0.463161
39 1.16699 0 0 0.0410845 0.016021 0.836655
40 2.18853 -0.50104 0.0576587 -1.57144 -0.0521631 -0.199003
41 1.29609 0 0 0.0937335 0.100102 0.813136
42 1.62202 -0.000712395 -0.000470161 -0.021259 -0.00856293 1.65517
43 1.22241 0 0 0 0.00653302 0.655771
44 1.76707 -1.27612 0.0366411 -1.41856 -0.0419571 -0.220998
45 1.55587 0 0 -0.0176207 0.0420968 0.790849
46 1.24273 0 0 0.000479006 0.000360987 1.35859
47 0.784531 0 0 -0.00138834 0.00235201 0.814052
48 0 0 0 0 0 0
49 -5.80364 2.91955 -9.1446 2.80221 -1.55687 -2.75503
50 -4.4567 -19.5369 -3.77284 -3.14159 -0.785398 3.14159
51 -4.4641 3.0151 -6.74232 0 -1.5708 0
52 -4.4567 -20.1145 -2.89952 0 -1.5708 0
53 -4.99 -8.26755 -4.56645 0 0 0
54 0.533295 -3.57396 -0.116835 0 0 0
55 -0.439463 -5.01739 0.910445 0 0 0
56 0 -2.26997 1.22871 0.0206799 0 0
57 0 -5.92124 1.78377 0 0 0
58 0 -2.12202 -0.0619302 0 0 0
59 -0.575001 -1.69351 1.13699 0 0 0
60 0 -4.97524 -0.469842 0 0 0
61 0.694227 -1.89081 0.409987 -0.785398 0 0
time 15
0 4.40254 -0.765094 -3.0277 -0.827034 0.693142 -1.04017
1 6.02794 0 0 0.212734 0.353727 -0.529409
2 11.7344 0 0 -0.00140292 0 -1.19955
3 8.81138 -0.000450134 -0.000113487 -2.10616 0 0.000156593
4 5.77839 0.00028801 0 -1.41113 0 0
5 2.23163 -0.000328064 -0.000364304 -0.695034 0 0
6 11.4725 0 0 -2.08774 0.209253 0.256119
7 0.61522 -0.993091 -0.8107 3.13843 0.250791 -0.497809
8 2.24752 0 0 0.087646 0.074742 0.097919
9 1.11936 0 0 0.108928 0.0240587 0.172708
10 3.71348 -0.102642 0.102191 1.46942 0.773555 -0.173756
11 1.72615 0 0 0.028256 -0.00392499 -1.54455
12 1.21114 0 0 -0.000154069 0.000329 0.33414
13 3.59919 -1.06012 0.0708876 1.5195 0.284619 -0.269155
14 1.66068 0 0 -0.111391 0.075824 -1.56569
15 1.16699 0 0 -0.00191102 -0.00171051 0.168311
16 2.18852 0.501039 0.0576591 1.53255 0.232941 0.0649169
17 1.29609 0 0 0.0150819 -0.0443409 -0.516749
18 1.62202 0.000713348 -0.000470161 0.0384952 -0.0112061 -1.72079
19 1.22241 0 0 0.00168806 -0.023678 0.388832
20 1.76707 1.27612 0.0366411 1.49342 0.346301 0.063775
21 1.55587 0 0 -0.0248719 -0.064598 -0.831289
22 1.24273 0 0 -0.000478977 0.000360934 -1.33483
23 0.784521 0 0 0.0161961 -0.00188105 0.403201
24 -2.4735 7.79394 -0.077753 -0.275371 0.252825 -2.41516
25 6.02794 0 0 0.644462 0.537605 0.136355
26 11.7344 0 0 0.00140271 0 2.02091
27 8.81167 0 0 0.664862 0 0
28 5.77884 0 0 0.445457 0 0
29 2.23249 0 0 0.219404 0 0
30 11.4725 0 0 0.934429 0.139168 -1.06562
31 0.615813 0.994372 -0.809165 2.77788 0.472288 0.10795
32 2.24752 0 0 -0.10444 -0.0368171 0.189869
33 1.11936 0 0 0.040943 0.17253 0.992367
34 3.71348 0.102639 0.102191 -1.64963 0.584187 -0.369879
35 1.72615 0 0 -0.0181544 0.00311399 1.72396
36 1.21112 0 0 0.0066725 0.00800497 0.706752
37 3.5992 1.06012 0.070888 -1.58384 -0.0108441 0.00177536
38 1.66069 0 0 0.0185095 0.075637 0.463161
39 1.16699 0 0 0.0410845 0.016021 0.836655
40 2.18853 -0.50104 0.0576587 -1.57144 -0.0521631 -0.199003
41 1.29609 0 0 0.0937335 0.100102 0.813136
42 1.62202 -0.000712395 -0.000470161 -0.021259 -0.00856293 1.65517
43 1.22241 0 0 0 0.00653302 0.655771
44 1.76707 -1.27612 0.0366411 -1.41856 -0.0419571 -0.220998
45 1.55587 0 0 -0.0176207 0.0420968 0.790849
46 1.24273 0 0 0.000479006 0.000360987 1.35859
47 0.784531 0 0 -0.00138834 0.00235201 0.814052
48 0 0 0 0 0 0
49 -5.81688 2.91364 -9.16015 2.80343 -1.55687 -2.75575
50 -4.4567 -19.5369 -3.77284 -3.14159 -0.785398 3.14159
51 -4.4641 3.0151 -6.74232 0 -1.5708 0
52 -4.4567 -20.1145 -2.89952 0 -1.5708 0
53 -4.99 -8.26755 -4.56645 0 0 0
54 0.533295 -3.57396 -0.116835 0 0 0
55 -0.439463 -5.01739 0.910445 0 0 0
56 0 -2.26997 1.22871 0.0206799 0 0
57 0 -5.92124 1.78377 0 0 0
58 0 -2.12202 -0.0619302 0 0 0
59 -0.575001 -1.69351 1.13699 0 0 0
60 0 -4.97524 -0.469842 0 0 0
61 0.694227 -1.89081 0.409987 -0.785398 0 0
time 16
0 4.40254 -0.765094 -3.0277 -0.827034 0.693142 -1.04017
1 6.02794 0 0 0.212734 0.353727 -0.529409
2 11.7344 0 0 -0.00140292 0 -1.19955
3 8.81138 -0.000450134 -0.000113487 -2.10616 0 0.000156593
4 5.77839 0.00028801 0 -1.41113 0 0
5 2.23163 -0.000328064 -0.000364304 -0.695034 0 0
6 11.4725 0 0 -2.08774 0.209253 0.256119
7 0.61522 -0.993091 -0.8107 3.13843 0.250791 -0.497809
8 2.24752 0 0 0.087646 0.074742 0.097919
9 1.11936 0 0 0.108923 0.0240664 0.172625
10 3.71348 -0.102642 0.102191 1.46942 0.773555 -0.173756
11 1.72615 0 0 0.028256 -0.00392499 -1.54455
12 1.21114 0 0 -0.000154069 0.000329 0.33414
13 3.59919 -1.06012 0.0708876 1.5195 0.284619 -0.269155
14 1.66068 0 0 -0.111391 0.075824 -1.56569
15 1.16699 0 0 -0.00190966 -0.00171431 0.168065
16 2.18852 0.501039 0.0576591 1.53255 0.232941 0.0649169
17 1.29609 0 0 0.0150819 -0.0443409 -0.516749
18 1.62202 0.000713348 -0.000470161 0.0384952 -0.0112061 -1.72079
19 1.22241 0 0 0.00168806 -0.023678 0.388832
20 1.76707 1.27612 0.0366411 1.49342 0.346301 0.063775
21 1.55587 0 0 -0.0248719 -0.064598 -0.831289
22 1.24273 0 0 -0.000478977 0.000360934 -1.33483
23 0.784521 0 0 0.0161961 -0.00188105 0.403201
24 -2.4735 7.79394 -0.077753 -0.275371 0.252825 -2.41516
25 6.02794 0 0 0.644462 0.537605 0.136355
26 11.7344 0 0 0.00140271 0 2.02091
27 8.81167 0 0 0.664862 0 0
28 5.77884 0 0 0.445457 0 0
29 2.23249 0 0 0.219404 0 0
30 11.4725 0 0 0.934429 0.139168 -1.06562
31 0.615813 0.994372 -0.809165 2.77788 0.472288 0.10795
32 2.24752 0 0 -0.10444 -0.0368171 0.189869
33 1.11936 0 0 0.040943 0.17253 0.992367
34 3.71348 0.102639 0.102191 -1.64963 0.584187 -0.369879
35 1.72615 0 0 -0.0181544 0.00311399 1.72396
36 1.21112 0 0 0.0066725 0.00800497 0.706752
37 3.5992 1.06012 0.070888 -1.58384 -0.0108441 0.00177536
38 1.66069 0 0 0.0185095 0.075637 0.463161
39 1.16699 0 0 0.0410845 0.016021 0.836655
40 2.18853 -0.50104 0.0576587 -1.57144 -0.0521631 -0.199003
41 1.29609 0 0 0.0937335 0.100102 0.813136
42 1.62202 -0.000712395 -0.000470161 -0.021259 -0.00856293 1.65517
43 1.22241 0 0 0 0.00653302 0.655771
44 1.76707 -1.27612 0.0366411 -1.41856 -0.0419571 -0.220998
45 1.55587 0 0 -0.0176207 0.0420968 0.790849
46 1.24273 0 0 0.000479006 0.000360987 1.35859
47 0.784531 0 0 -0.00138834 0.00235201 0.814052
48 0 0 0 0 0 0
49 -5.83012 2.90774 -9.1757 2.80465 -1.55687 -2.75648
50 -4.4567 -19.5369 -3.77284 -3.14159 -0.785398 3.14159
51 -4.4641 3.0151 -6.74232 0 -1.5708 0
52 -4.4567 -20.1145 -2.89952 0 -1.5708 0
53 -4.99 -8.26755 -4.56645 0 0 0
54 0.533295 -3.57396 -0.116835 0 0 0
55 -0.439463 -5.01739 0.910445 0 0 0
56 0 -2.26997 1.22871 0.0206799 0 0
57 0 -5.92124 1.78377 0 0 0
58 0 -2.12202 -0.0619302 0 0 0
59 -0.575001 -1.69351 1.13699 0 0 0
60 0 -4.97524 -0.469842 0 0 0
61 0.694227 -1.89081 0.409987 -0.785398 0 0
time 17
0 4.40254 -0.765094 -3.0277 -0.827034 0.693142 -1.04017
1 6.02794 0 0 0.212734 0.353727 -0.529409
2 11.7344 0 0 -0.00140292 0 -1.19955
3 8.81138 -0.000450134 -0.000113487 -2.10616 0 0.000156593
4 5.77839 0.00028801 0 -1.41113 0 0
5 2.23163 -0.000328064 -0.000364304 -0.695034 0 0
6 11.4725 0 0 -2.08774 0.209253 0.256119
7 0.61522 -0.993091 -0.8107 3.13843 0.250791 -0.497809
8 2.24752 0 0 0.087646 0.074742 0.097919
9 1.11936 0 0 0.108918 0.0240742 0.172541
10 3.71348 -0.102642 0.102191 1.46942 0.773555 -0.173756
11 1.72615 0 0 0.028256 -0.00392499 -1.54455
12 1.21114 0 0 -0.000154069 0.000329 0.33414
13 3.59919 -1.06012 0.0708876 1.5195 0.284619 -0.269155
14 1.66068 0 0 -0.111391 0.075824 -1.56569
15 1.16699 0 0 -0.00190832 -0.00171811 0.167816
16 2.18852 0.501039 0.0576591 1.53255 0.232941 0.0649169
17 1.29609 0 0 0.0150819 -0.0443409 -0.516749
18 1.62202 0.000713348 -0.000470161 0.0384952 -0.0112061 -1.72079
19 1.22241 0 0 0.00168806 -0.023678 0.388832
20 1.76707 1.27612 0.0366411 1.49342 0.346301 0.063775
21 1.55587 0 0 -0.0248719 -0.064598 -0.831289
22 1.24273 0 0 -0.000478977 0.000360934 -1.33483
23 0.784521 0 0 0.0161961 -0.00188105 0.403201
24 -2.4735 7.79394 -0.077753 -0.275371 0.252825 -2.41516
25 6.02794 0 0 0.644462 0.537605 0.136355
26 11.7344 0 0 0.00140271 0 2.02091
27 8.81167 0 0 0.664862 0 0
28 5.77884 0 0 0.445457 0 0
29 2.23249 0 0 0.219404 0 0
30 11.4725 0 0 0.934429 0.139168 -1.06562
31 0.615813 0.994372 -0.809165 2.77788 0.472288 0.10795
32 2.24752 0 0 -0.10444 -0.0368171 0.189869
33 1.11936 0 0 0.040943 0.17253 0.992367
34 3.71348 0.102639 0.102191 -1.64963 0.584187 -0.369879
35 1.72615 0 0 -0.0181544 0.00311399 1.72396
36 1.21112 0 0 0.0066725 0.00800497 0.706752
37 3.5992 1.06012 0.070888 -1.58384 -0.0108441 0.00177536
38 1.66069 0 0 0.0185095 0.075637 0.463161
39 1.16699 0 0 0.0410845 0.016021 0.836655
40 2.18853 -0.50104 0.0576587 -1.57144 -0.0521631 -0.199003
41 1.29609 0 0 0.0937335 0.100102 0.813136
42 1.62202 -0.000712395 -0.000470161 -0.021259 -0.00856293 1.65517
43 1.22241 0 0 0 0.00653302 0.655771
44 1.76707 -1.27612 0.0366411 -1.41856 -0.0419571 -0.220998
45 1.55587 0 0 -0.0176207 0.0420968 0.790849
46 1.24273 0 0 0.000479006 0.000360987 1.35859
47 0.784531 0 0 -0.00138834 0.00235201 0.814052
48 0 0 0 0 0 0
49 -5.84336 2.90184 -9.19124 2.80587 -1.55686 -2.75721
50 -4.4567 -19.5369 -3.77284 -3.14159 -0.785398 3.14159
51 -4.4641 3.0151 -6.74232 0 -1.5708 0
52 -4.4567 -20.1145 -2.89952 0 -1.5708 0
53 -4.99 -8.26755 -4.56645 0 0 0
54 0.533295 -3.57396 -0.116835 0 0 0
55 -0.439463 -5.01739 0.910445 0 0 0
56 0 -2.26997 1.22871 0.0206799 0 0
57 0 -5.92124 1.78377 0 0 0
58 0 -2.12202 -0.0619302 0 0 0
59 -0.575001 -1.69351 1.13699 0 0 0
60 0 -4.97524 -0.469842 0 0 0
61 0.694227 -1.89081 0.409987 -0.785398 0 0
time 18
0 4.40254 -0.765094 -3.0277 -0.827034 0.693142 -1.04017
1 6.02794 0 0 0.212734 0.353727 -0.529409
2 11.7344 0 0 -0.00140292 0 -1.19955
3 8.81138 -0.000450134 -0.000113487 -2.10616 0 0.000156593
4 5.77839 0.00028801 0 -1.41113 0 0
5 2.23163 -0.000328064 -0.000364304 -0.695034 0 0
6 11.4725 0 0 -2.08774 0.209253 0.256119
7 0.61522 -0.993091 -0.8107 3.13843 0.250791 -0.497809
8 2.24752 0 0 0.087646 0.074742 0.097919
9 1.11936 0 0 0.108912 0.024082 0.172457
10 3.71348 -0.102642 0.102191 1.46942 0.773555 -0.173756
11 1.72615 0 0 0.028256 -0.00392499 -1.54455
12 1.21114 0 0 -0.000154069 0.000329 0.33414
13 3.59919 -1.06012 0.0708876 1.5195 0.284619 -0.269155
14 1.66068 0 0 -0.111391 0.075824 -1.56569
15 1.16699 0 0 -0.00190682 -0.00172193 0.167566
16 2.18852 0.501039 0.0576591 1.53255 0.232941 0.0649169
17 1.29609 0 0 0.0150819 -0.0443409 -0.516749
18 1.62202 0.000713348 -0.000470161 0.0384952 -0.0112061 -1.72079
19 1.22241 0 0 0.00168806 -0.023678 0.388832
20 1.76707 1.27612 0.0366411 1.49342 0.346301 0.063775
21 1.55587 0 0 -0.0248719 -0.064598 -0.831289
22 1.24273 0 0 -0.000478977 0.000360934 -1.33483
23 0.784521 0 0 0.0161961 -0.00188105 0.403201
24 -2.4735 7.79394 -0.077753 -0.275371 0.252825 -2.41516
25 6.02794 0 0 0.644462 0.537605 0.136355
26 11.7344 0 0 0.00140271 0 2.02091
27 8.81167 0 0 0.664862 0 0
28 5.77884 0 0 0.445457 0 0
29 2.23249 0 0 0.219404 0 0
30 11.4725 0 0 0.934429 0.139168 -1.06562
31 0.615813 0.994372 -0.809165 2.77788 0.472288 0.10795
32 2.24752 0 0 -0.10444 -0.0368171 0.189869
33 1.11936 0 0 0.040943 0.17253 0.992367
34 3.71348 0.102639 0.102191 -1.64963 0.584187 -0.369879
35 1.72615 0 0 -0.0181544 0.00311399 1.72396
36 1.21112 0 0 0.0066725 0.00800497 0.706752
37 3.5992 1.06012 0.070888 -1.58384 -0.0108441 0.00177536
38 1.66069 0 0 0.0185095 0.075637 0.463161
39 1.16699 0 0 0.0410845 0.016021 0.836655
40 2.18853 -0.50104 0.0576587 -1.57144 -0.0521631 -0.199003
41 1.29609 0 0 0.0937335 0.100102 0.813136
42 1.62202 -0.000712395 -0.000470161 -0.021259 -0.00856293 1.65517
43 1.22241 0 0 0 0.00653302 0.655771
44 1.76707 -1.27612 0.0366411 -1.41856 -0.0419571 -0.220998
45 1.55587 0 0 -0.0176207 0.0420968 0.790849
46 1.24273 0 0 0.000479006 0.000360987 1.35859
47 0.784531 0 0 -0.00138834 0.00235201 0.814052
48 0 0 0 0 0 0
49 -5.85661 2.89594 -9.20678 2.8071 -1.55686 -2.75794
50 -4.4567 -19.5369 -3.77284 -3.14159 -0.785398 3.14159
51 -4.4641 3.0151 -6.74232 0 -1.5708 0
52 -4.4567 -20.1145 -2.89952 0 -1.5708 0
53 -4.99 -8.26755 -4.56645 0 0 0
54 0.533295 -3.57396 -0.116835 0 0 0
55 -0.439463 -5.01739 0.910445 0 0 0
56 0 -2.26997 1.22871 0.0206799 0 0
57 0 -5.92124 1.78377 0 0 0
58 0 -2.12202 -0.0619302 0 0 0
59 -0.575001 -1.69351 1.13699 0 0 0
60 0 -4.97524 -0.469842 0 0 0
61 0.694227 -1.89081 0.409987 -0.785398 0 0
time 19
0 4.40254 -0.765094 -3.0277 -0.827034 0.693142 -1.04017
1 6.02794 0 0 0.212734 0.353727 -0.529409
2 11.7344 0 0 -0.00140292 0 -1.19955
3 8.81138 -0.000450134 -0.000113487 -2.10616 0 0.000156593
4 5.77839 0.00028801 0 -1.41113 0 0
5 2.23163 -0.000328064 -0.000364304 -0.695034 0 0
6 11.4725 0 0 -2.08774 0.209253 0.256119
7 0.61522 -0.993091 -0.8107 3.13843 0.250791 -0.497809
8 2.24752 0 0 0.087646 0.074742 0.097919
9 1.11936 0 0 0.108907 0.0240899 0.172372
10 3.71348 -0.102642 0.102191 1.46942 0.773555 -0.173756
11 1.72615 0 0 0.028256 -0.00392499 -1.54455
12 1.21114 0 0 -0.000154069 0.000329 0.33414
13 3.59919 -1.06012 0.0708876 1.5195 0.284619 -0.269155
14 1.66068 0 0 -0.111391 0.075824 -1.56569
15 1.16699 0 0 -0.00190545 -0.00172597 0.167315
16 2.18852 0.501039 0.0576591 1.53255 0.232941 0.0649169
17 1.29609 0 0 0.0150819 -0.0443409 -0.516749
18 1.62202 0.000713348 -0.000470161 0.0384952 -0.0112061 -1.72079
19 1.22241 0 0 0.00168806 -0.023678 0.388832
20 1.76707 1.27612 0.0366411 1.49342 0.346301 0.063775
21 1.55587 0 0 -0.0248719 -0.064598 -0.831289
22 1.24273 0 0 -0.000478977 0.000360934 -1.33483
23 0.784521 0 0 0.0161961 -0.00188105 0.403201
24 -2.4735 7.79394 -0.077753 -0.275371 0.252825 -2.41516
25 6.02794 0 0 0.644462 0.537605 0.136355
26 11.7344 0 0 0.00140271 0 2.02091
27 8.81167 0 0 0.664862 0 0
28 5.77884 0 0 0.445457 0 0
29 2.23249 0 0 0.219404 0 0
30 11.4725 0 0 0.934429 0.139168 -1.06562
31 0.615813 0.994372 -0.809165 2.77788 0.472288 0.10795
32 2.24752 0 0 -0.10444 -0.0368171 0.189869
33 1.11936 0 0 0.040943 0.17253 0.992367
34 3.71348 0.102639 0.102191 -1.64963 0.584187 -0.369879
35 1.72615 0 0 -0.0181544 0.00311399 1.72396
36 1.21112 0 0 0.0066725 0.00800497 0.706752
37 3.5992 1.06012 0.070888 -1.58384 -0.0108441 0.00177536
38 1.66069 0 0 0.0185095 0.075637 0.463161
39 1.16699 0 0 0.0410845 0.016021 0.836655
40 2.18853 -0.50104 0.0576587 -1.57144 -0.0521631 -0.199003
41 1.29609 0 0 0.0937335 0.100102 0.813136
42 1.62202 -0.000712395 -0.000470161 -0.021259 -0.00856293 1.65517
43 1.22241 0 0 0 0.00653302 0.655771
44 1.76707 -1.27612 0.0366411 -1.41856 -0.0419571 -0.220998
45 1.55587 0 0 -0.0176207 0.0420968 0.790849
46 1.24273 0 0 0.000479006 0.000360987 1.35859
47 0.784531 0 0 -0.00138834 0.00235201 0.814052
48 0 0 0 0 0 0
49 -5.86985 2.89004 -9.22233 2.80832 -1.55685 -2.75867
50 -4.4567 -19.5369 -3.77284 -3.14159 -0.785398 3.14159
51 -4.4641 3.0151 -6.74232 0 -1.5708 0
52 -4.4567 -20.1145 -2.89952 0 -1.5708 0
53 -4.99 -8.26755 -4.56645 0 0 0
54 0.533295 -3.57396 -0.116835 0 0 0
55 -0.439463 -5.01739 0.910445 0 0 0
56 0 -2.26997 1.22871 0.0206799 0 0
57 0 -5.92124 1.78377 0 0 0
58 0 -2.12202 -0.0619302 0 0 0
59 -0.575001 -1.69351 1.13699 0 0 0
60 0 -4.97524 -0.469842 0 0 0
61 0.694227 -1.89081 0.409987 -0.785398 0 0
time 20
0 4.40254 -0.765094 -3.0277 -0.827034 0.693142 -1.04017
1 6.02794 0 0 0.212734 0.353727 -0.529409
2 11.7344 0 0 -0.00140292 0 -1.19955
3 8.81138 -0.000450134 -0.000113487 -2.10616 0 0.000156593
4 5.77839 0.00028801 0 -1.41113 0 0
5 2.23163 -0.000328064 -0.000364304 -0.695034 0 0
6 11.4725 0 0 -2.08774 0.209253 0.256119
7 0.61522 -0.993091 -0.8107 3.13843 0.250791 -0.497809
8 2.24752 0 0 0.087646 0.074742 0.097919
9 1.11936 0 0 0.108902 0.0240979 0.172287
10 3.71348 -0.102642 0.102191 1.46942 0.773555 -0.173756
11 1.72615 0 0 0.028256 -0.00392499 -1.54455
12 1.21114 0 0 -0.000154069 0.000329 0.33414
13 3.59919 -1.06012 0.0708876 1.5195 0.284619 -0.269155
14 1.66068 0 0 -0.111391 0.075824 -1.56569
15 1.16699 0 0 -0.00190405 -0.00172966 0.167062
16 2.18852 0.501039 0.0576591 1.53255 0.232941 0.0649169
17 1.29609 0 0 0.0150819 -0.0443409 -0.516749
18 1.62202 0.000713348 -0.000470161 0.0384952 -0.0112061 -1.72079
19 1.22241 0 0 0.00168806 -0.023678 0.388832
20 1.76707 1.27612 0.0366411 1.49342 0.346301 0.063775
21 1.55587 0 0 -0.0248719 -0.064598 -0.831289
22 1.24273 0 0 -0.000478977 0.000360934 -1.33483
23 0.784521 0 0 0.0161961 -0.00188105 0.403201
24 -2.4735 7.79394 -0.077753 -0.275371 0.252825 -2.41516
25 6.02794 0 0 0.644462 0.537605 0.136355
26 11.7344 0 0 0.00140271 0 2.02091
27 8.81167 0 0 0.664862 0 0
28 5.77884 0 0 0.445457 0 0
29 2.23249 0 0 0.219404 0 0
30 11.4725 0 0 0.934429 0.139168 -1.06562
31 0.615813 0.994372 -0.809165 2.77788 0.472288 0.10795
32 2.24752 0 0 -0.10444 -0.0368171 0.189869
33 1.11936 0 0 0.040943 0.17253 0.992367
34 3.71348 0.102639 0.102191 -1.64963 0.584187 -0.369879
35 1.72615 0 0 -0.0181544 0.00311399 1.72396
36 1.21112 0 0 0.0066725 0.00800497 0.706752
37 3.5992 1.06012 0.070888 -1.58384 -0.0108441 0.00177536
38 1.66069 0 0 0.0185095 0.075637 0.463161
39 1.16699 0 0 0.0410845 0.016021 0.836655
40 2.18853 -0.50104 0.0576587 -1.57144 -0.0521631 -0.199003
41 1.29609 0 0 0.0937335 0.100102 0.813136
42 1.62202 -0.000712395 -0.000470161 -0.021259 -0.00856293 1.65517
43 1.22241 0 0 0 0.00653302 0.655771
44 1.76707 -1.27612 0.0366411 -1.41856 -0.0419571 -0.220998
45 1.55587 0 0 -0.0176207 0.0420968 0.790849
46 1.24273 0 0 0.000479006 0.000360987 1.35859
47 0.784531 0 0 -0.00138834 0.00235201 0.814052
48 0 0 0 0 0 0
49 -5.88309 2.88414 -9.23787 2.80954 -1.55685 -2.75939
50 -4.4567 -19.5369 -3.77284 -3.14159 -0.785398 3.14159
51 -4.4641 3.0151 -6.74232 0 -1.5708 0
52 -4.4567 -20.1145 -2.89952 0 -1.5708 0
53 -4.99 -8.26755 -4.56645 0 0 0
54 0.533295 -3.57396 -0.116835 0 0 0
55 -0.439463 -5.01739 0.910445 0 0 0
56 0 -2.26997 1.22871 0.0206799 0 0
57 0 -5.92124 1.78377 0 0 0
58 0 -2.12202 -0.0619302 0 0 0
59 -0.575001 -1.69351 1.13699 0 0 0
60 0 -4.97524 -0.469842 0 0 0
61 0.694227 -1.89081 0.409987 -0.785398 0 0
time 21
0 4.40254 -0.765094 -3.0277 -0.827034 0.693142 -1.04017
1 6.02794 0 0 0.212734 0.353727 -0.529409
2 11.7344 0 0 -0.00140292 0 -1.19955
3 8.81138 -0.000450134 -0.000113487 -2.10616 0 0.000156593
4 5.77839 0.00028801 0 -1.41113 0 0
5 2.23163 -0.000328064 -0.000364304 -0.695034 0 0
6 11.4725 0 0 -2.08774 0.209253 0.256119
7 0.61522 -0.993091 -0.8107 3.13843 0.250791 -0.497809
8 2.24752 0 0 0.087646 0.074742 0.097919
9 1.11936 0 0 0.108897 0.0241057 0.172202
10 3.71348 -0.102642 0.102191 1.46942 0.773555 -0.173756
11 1.72615 0 0 0.028256 -0.00392499 -1.54455
12 1.21114 0 0 -0.000154069 0.000329 0.33414
13 3.59919 -1.06012 0.0708876 1.5195 0.284619 -0.269155
14 1.66068 0 0 -0.111391 0.075824 -1.56569
15 1.16699 0 0 -0.00190257 -0.00173354 0.166808
16 2.18852 0.501039 0.0576591 1.53255 0.232941 0.0649169
17 1.29609 0 0 0.0150819 -0.0443409 -0.516749
18 1.62202 0.000713348 -0.000470161 0.0384952 -0.0112061 -1.72079
19 1.22241 0 0 0.00168806 -0.023678 0.388832
20 1.76707 1.27612 0.0366411 1.49342 0.346301 0.063775
21 1.55587 0 0 -0.0248719 -0.064598 -0.831289
22 1.24273 0 0 -0.000478977 0.000360934 -1.33483
23 0.784521 0 0 0.0161961 -0.00188105 0.403201
24 -2.4735 7.79394 -0.077753 -0.275371 0.252825 -2.41516
25 6.02794 0 0 0.644462 0.537605 0.136355
26 11.7344 0 0 0.00140271 0 2.02091
27 8.81167 0 0 0.664862 0 0
28 5.77884 0 0 0.445457 0 0
29 2.23249 0 0 0.219404 0 0
30 11.4725 0 0 0.934429 0.139168 -1.06562
31 0.615813 0.994372 -0.809165 2.77788 0.472288 0.10795
32 2.24752 0 0 -0.10444 -0.0368171 0.189869
33 1.11936 0 0 0.040943 0.17253 0.992367
34 3.71348 0.102639 0.102191 -1.64963 0.584187 -0.369879
35 1.72615 0 0 -0.0181544 0.00311399 1.72396
36 1.21112 0 0 0.0066725 0.00800497 0.706752
37 3.5992 1.06012 0.070888 -1.58384 -0.0108441 0.00177536
38 1.66069 0 0 0.0185095 0.075637 0.463161
39 1.16699 0 0 0.0410845 0.016021 0.836655
40 2.18853 -0.50104 0.0576587 -1.57144 -0.0521631 -0.199003
41 1.29609 0 0 0.0937335 0.100102 0.813136
42 1.62202 -0.000712395 -0.000470161 -0.021259 -0.00856293 1.65517
43 1.22241 0 0 0 0.00653302 0.655771
44 1.76707 -1.27612 0.0366411 -1.41856 -0.0419571 -0.220998
45 1.55587 0 0 -0.0176207 0.0420968 0.790849
46 1.24273 0 0 0.000479006 0.000360987 1.35859
47 0.784531 0 0 -0.00138834 0.00235201 0.814052
48 0 0 0 0 0 0
49 -5.89633 2.87824 -9.2534 2.81076 -1.55684 -2.76012
50 -4.4567 -19.5369 -3.77284 -3.14159 -0.785398 3.14159
51 -4.4641 3.0151 -6.74232 0 -1.5708 0
52 -4.4567 -20.1145 -2.89952 0 -1.5708 0
53 -4.99 -8.26755 -4.56645 0 0 0
54 0.533295 -3.57396 -0.116835 0 0 0
55 -0.439463 -5.01739 0.910445 0 0 0
56 0 -2.26997 1.22871 0.0206799 0 0
57 0 -5.92124 1.78377 0 0 0
58 0 -2.12202 -0.0619302 0 0 0
59 -0.575001 -1.69351 1.13699 0 0 0
60 0 -4.97524 -0.469842 0 0 0
61 0.694227 -1.89081 0.409987 -0.785398 0 0
time 22
0 4.40254 -0.765094 -3.0277 -0.827034 0.693142 -1.04017
1 6.02794 0 0 0.212734 0.353727 -0.529409
2 11.7344 0 0 -0.00140292 0 -1.19955
3 8.81138 -0.000450134 -0.000113487 -2.10616 0 0.000156593
4 5.77839 0.00028801 0 -1.41113 0 0
5 2.23163 -0.000328064 -0.000364304 -0.695034 0 0
6 11.4725 0 0 -2.08774 0.209253 0.256119
7 0.61522 -0.993091 -0.8107 3.13843 0.250791 -0.497809
8 2.24752 0 0 0.087646 0.074742 0.097919
9 1.11936 0 0 0.108891 0.0241137 0.172116
10 3.71348 -0.102642 0.102191 1.46942 0.773555 -0.173756
11 1.72615 0 0 0.028256 -0.00392499 -1.54455
12 1.21114 0 0 -0.000154069 0.000329 0.33414
13 3.59919 -1.06012 0.0708876 1.5195 0.284619 -0.269155
14 1.66068 0 0 -0.111391 0.075824 -1.56569
15 1.16699 0 0 -0.00190123 -0.00173752 0.166552
16 2.18852 0.501039 0.0576591 1.53255 0.232941 0.0649169
17 1.29609 0 0 0.0150819 -0.0443409 -0.516749
18 1.62202 0.000713348 -0.000470161 0.0384952 -0.0112061 -1.72079
19 1.22241 0 0 0.00168806 -0.023678 0.388832
20 1.76707 1.27612 0.0366411 1.49342 0.346301 0.063775
21 1.55587 0 0 -0.0248719 -0.064598 -0.831289
22 1.24273 0 0 -0.000478977 0.000360934 -1.33483
23 0.784521 0 0 0.0161961 -0.00188105 0.403201
24 -2.4735 7.79394 -0.077753 -0.275371 0.252825 -2.41516
25 6.02794 0 0 0.644462 0.537605 0.136355
26 11.7344 0 0 0.00140271 0 2.02091
27 8.81167 0 0 0.664862 0 0
28 5.77884 0 0 0.445457 0 0
29 2.23249 0 0 0.219404 0 0
30 11.4725 0 0 0.934429 0.139168 -1.06562
31 0.615813 0.994372 -0.809165 2.77788 0.472288 0.10795
32 2.24752 0 0 -0.10444 -0.0368171 0.189869
33 1.11936 0 0 0.040943 0.17253 0.992367
34 3.71348 0.102639 0.102191 -1.64963 0.584187 -0.369879
35 1.72615 0 0 -0.0181544 0.00311399 1.72396
36 1.21112 0 0 0.0066725 0.00800497 0.706752
37 3.5992 1.06012 0.070888 -1.58384 -0.0108441 0.00177536
38 1.66069 0 0 0.0185095 0.075637 0.463161
39 1.16699 0 0 0.0410845 0.016021 0.836655
40 2.18853 -0.50104 0.0576587 -1.57144 -0.0521631 -0.199003
41 1.29609 0 0 0.0937335 0.100102 0.813136
42 1.62202 -0.000712395 -0.000470161 -0.021259 -0.00856293 1.65517
43 1.22241 0 0 0 0.00653302 0.655771
44 1.76707 -1.27612 0.0366411 -1.41856 -0.0419571 -0.220998
45 1.55587 0 0 -0.0176207 0.0420968 0.790849
46 1.24273 0 0 0.000479006 0.000360987 1.35859
47 0.784531 0 0 -0.00138834 0.00235201 0.814052
48 0 0 0 0 0 0
49 -5.90956 2.87235 -9.26894 2.81198 -1.55684 -2.76084
50 -4.4567 -19.5369 -3.77284 -3.14159 -0.785398 3.14159
51 -4.4641 3.0151 -6.74232 0 -1.5708 0
52 -4.4567 -20.1145 -2.89952 0 -1.5708 0
53 -4.99 -8.26755 -4.56645 0 0 0
54 0.533295 -3.57396 -0.116835 0 0 0
55 -0.439463 -5.01739 0.910445 0 0 0
56 0 -2.26997 1.22871 0.0206799 0 0
57 0 -5.92124 1.78377 0 0 0
58 0 -2.12202 -0.0619302 0 0 0
59 -0.575001 -1.69351 1.13699 0 0 0
60 0 -4.97524 -0.469842 0 0 0
61 0.694227 -1.89081 0.409987 -0.785398 0 0
time 23
0 4.40254 -0.765094 -3.0277 -0.827034 0.693142 -1.04017
1 6.02794 0 0 0.212734 0.353727 -0.529409
2 11.7344 0 0 -0.00140292 0 -1.19955
3 8.81138 -0.000450134 -0.000113487 -2.10616 0 0.000156593
4 5.77839 0.00028801 0 -1.41113 0 0
5 2.23163 -0.000328064 -0.000364304 -0.695034 0 0
6 11.4725 0 0 -2.08774 0.209253 0.256119
7 0.61522 -0.993091 -0.8107 3.13843 0.250791 -0.497809
8 2.24752 0 0 0.087646 0.074742 0.097919
9 1.11936 0 0 0.108886 0.0241218 0.172029
10 3.71348 -0.102642 0.102191 1.46942 0.773555 -0.173756
11 1.72615 0 0 0.028256 -0.00392499 -1.54455
12 1.21114 0 0 -0.000154069 0.000329 0.33414
13 3.59919 -1.06012 0.0708876 1.5195 0.284619 -0.269155
14 1.66068 0 0 -0.111391 0.075824 -1.56569
15 1.16699 0 0 -0.00189973 -0.00174146 0.166296
16 2.18852 0.501039 0.0576591 1.53255 0.232941 0.0649169
17 1.29609 0 0 0.0150819 -0.0443409 -0.516749
18 1.62202 0.000713348 -0.000470161 0.0384952 -0.0112061 -1.72079
19 1.22241 0 0 0.00168806 -0.023678 0.388832
20 1.76707 1.27612 0.0366411 1.49342 0.346301 0.063775
21 1.55587 0 0 -0.0248719 -0.064598 -0.831289
22 1.24273 0 0 -0.000478977 0.000360934 -1.33483
23 0.784521 0 0 0.0161961 -0.00188105 0.403201
24 -2.4735 7.79394 -0.077753 -0.275371 0.252825 -2.41516
25 6.02794 0 0 0.644462 0.537605 0.136355
26 11.7344 0 0 0.00140271 0 2.02091
27 8.81167 0 0 0.664862 0 0
28 5.77884 0 0 0.445457 0 0
29 2.23249 0 0 0.219404 0 0
30 11.4725 0 0 0.934429 0.139168 -1.06562
31 0.615813 0.994372 -0.809165 2.77788 0.472288 0.10795
32 2.24752 0 0 -0.10444 -0.0368171 0.189869
33 1.11936 0 0 0.040943 0.17253 0.992367
34 3.71348 0.102639 0.102191 -1.64963 0.584187 -0.369879
35 1.72615 0 0 -0.0181544 0.003114 1.72396
36 1.21112 0 0 0.00667255 0.008005 0.706752
37 3.5992 1.06012 0.070888 -1.58384 -0.0108441 0.00177532
38 1.66069 0 0 0.0185095 0.075637 0.463161
39 1.16699 0 0 0.0410845 0.016021 0.836655
40 2.18853 -0.50104 0.0576587 -1.57144 -0.0521631 -0.199003
41 1.29609 0 0 0.0937336 0.100102 0.813136
42 1.62202 -0.000714302 -0.000470161 -0.0212591 -0.00856284 1.65517
43 1.22241 0 0 0 0.006533 0.655771
44 1.76707 -1.27612 0.0366416 -1.41856 -0.0419571 -0.220998
45 1.55587 0 0 -0.0176207 0.0420968 0.790849
46 1.24273 0 0 0.000478976 0.000360896 1.35859
47 0.784531 0 0 -0.00138835 0.00235198 0.814052
48 0 0 0 0 0 0
49 -5.9228 2.86645 -9.28447 2.8132 -1.55684 -2.76156
50 -4.4567 -19.5369 -3.77284 -3.14159 -0.785398 3.14159
51 -4.4641 3.0151 -6.74232 0 -1.5708 0
52 -4.4567 -20.1145 -2.89952 0 -1.5708 0
53 -4.99 -8.26755 -4.56645 0 0 0
54 0.533295 -3.57396 -0.116835 0 0 0
55 -0.439463 -5.01739 0.910445 0 0 0
56 0 -2.26997 1.22871 0.0206799 0 0
57 0 -5.92124 1.78377 0 0 0
58 0 -2.12202 -0.0619302 0 0 0
59 -0.575001 -1.69351 1.13699 0 0 0
60 0 -4.97524 -0.469842 0 0 0
61 0.694227 -1.89081 0.409987 -0.785398 0 0
time 24
0 4.40254 -0.765094 -3.0277 -0.827034 0.693142 -1.04017
1 6.02794 0 0 0.212734 0.353727 -0.529409
2 11.7344 0 0 -0.00140292 0 -1.19955
3 8.81138 -0.000450134 -0.000113487 -2.10616 0 0.000156593
4 5.77839 0.00028801 0 -1.41113 0 0
5 2.23163 -0.000328064 -0.000364304 -0.695034 0 0
6 11.4725 0 0 -2.08774 0.209253 0.256119
7 0.61522 -0.993091 -0.8107 3.13843 0.250791 -0.497809
8 2.24752 0 0 0.087646 0.074742 0.097919
9 1.11936 0 0 0.108881 0.0241298 0.171943
10 3.71348 -0.102642 0.102191 1.46942 0.773555 -0.173756
11 1.72615 0 0 0.028256 -0.00392499 -1.54455
12 1.21114 0 0 -0.000154069 0.000329 0.33414
13 3.59919 -1.06012 0.0708876 1.5195 0.284619 -0.269155
14 1.66068 0 0 -0.111391 0.075824 -1.56569
15 1.16699 0 0 -0.00189833 -0.00174521 0.166038
16 2.18852 0.501039 0.0576591 1.53255 0.232941 0.0649169
17 1.29609 0 0 0.0150819 -0.0443409 -0.516749
18 1.62202 0.000713348 -0.000470161 0.0384952 -0.0112061 -1.72079
19 1.22241 0 0 0.00168806 -0.023678 0.388832
20 1.76707 1.27612 0.0366411 1.49342 0.346301 0.063775
21 1.55587 0 0 -0.0248719 -0.064598 -0.831289
22 1.24273 0 0 -0.000478977 0.000360934 -1.33483
23 0.784521 0 0 0.0161961 -0.00188105 0.403201
24 -2.4735 7.79394 -0.077753 -0.275371 0.252825 -2.41516
25 6.02794 0 0 0.644462 0.537605 0.136355
26 11.7344 0 0 0.00140271 0 2.02091
27 8.81167 0 0 0.664862 0 0
28 5.77884 0 0 0.445457 0 0
29 2.23249 0 0 0.219404 0 0
30 11.4725 0 0 0.934429 0.139168 -1.06562
31 0.615813 0.994372 -0.809165 2.77788 0.472288 0.10795
32 2.24752 0 0 -0.10444 -0.0368171 0.189869
33 1.11936 0 0 0.040943 0.17253 0.992367
34 3.71348 0.102639 0.102191 -1.64963 0.584187 -0.369879
35 1.72615 0 0 -0.0181544 0.003114 1.72396
36 1.21112 0 0 0.00667255 0.008005 0.706752
37 3.5992 1.06012 0.070888 -1.58384 -0.0108441 0.00177532
38 1.66069 0 0 0.0185095 0.075637 0.463161
39 1.16699 0 0 0.0410845 0.016021 0.836655
40 2.18853 -0.50104 0.0576587 -1.57144 -0.0521631 -0.199003
41 1.29609 0 0 0.0937336 0.100102 0.813136
42 1.62202 -0.000714302 -0.000470161 -0.0212591 -0.00856284 1.65517
43 1.22241 0 0 0 0.006533 0.655771
44 1.76707 -1.27612 0.0366416 -1.41856 -0.0419571 -0.220998
45 1.55587 0 0 -0.0176207 0.0420968 0.790849
46 1.24273 0 0 0.000478976 0.000360896 1.35859
47 0.784531 0 0 -0.00138835 0.00235198 0.814052
48 0 0 0 0 0 0
49 -5.93604 2.86056 -9.29999 2.81442 -1.55683 -2.76228
50 -4.4567 -19.5369 -3.77284 -3.14159 -0.785398 3.14159
51 -4.4641 3.0151 -6.74232 0 -1.5708 0
52 -4.4567 -20.1145 -2.89952 0 -1.5708 0
53 -4.99 -8.26755 -4.56645 0 0 0
54 0.533295 -3.57396 -0.116835 0 0 0
55 -0.439463 -5.01739 0.910445 0 0 0
56 0 -2.26997 1.22871 0.0206799 0 0
57 0 -5.92124 1.78377 0 0 0
58 0 -2.12202 -0.0619302 0 0 0
59 -0.575001 -1.69351 1.13699 0 0 0
60 0 -4.97524 -0.469842 0 0 0
61 0.694227 -1.89081 0.409987 -0.785398 0 0
time 25
0 4.40254 -0.765094 -3.0277 -0.827034 0.693142 -1.04017
1 6.02794 0 0 0.212734 0.353727 -0.529409
2 11.7344 0 0 -0.00140292 0 -1.19955
3 8.81138 -0.000450134 -0.000113487 -2.10616 0 0.000156593
4 5.77839 0.00028801 0 -1.41113 0 0
5 2.23163 -0.000328064 -0.000364304 -0.695034 0 0
6 11.4725 0 0 -2.08774 0.209253 0.256119
7 0.61522 -0.993091 -0.8107 3.13843 0.250791 -0.497809
8 2.24752 0 0 0.087646 0.074742 0.097919
9 1.11936 0 0 0.108875 0.0241379 0.171855
10 3.71348 -0.102642 0.102191 1.46942 0.773555 -0.173756
11 1.72615 0 0 0.028256 -0.00392499 -1.54455
12 1.21114 0 0 -0.000154069 0.000329 0.33414
13 3.59919 -1.06012 0.0708876 1.5195 0.284619 -0.269155
14 1.66068 0 0 -0.111391 0.075824 -1.56569
15 1.16699 0 0 -0.00189689 -0.00174921 0.165779
16 2.18852 0.501039 0.0576591 1.53255 0.232941 0.0649169
17 1.29609 0 0 0.0150819 -0.0443409 -0.516749
18 1.62202 0.000713348 -0.000470161 0.0384952 -0.0112061 -1.72079
19 1.22241 0 0 0.00168806 -0.023678 0.388832
20 1.76707 1.27612 0.0366411 1.49342 0.346301 0.063775
21 1.55587 0 0 -0.0248719 -0.064598 -0.831289
22 1.24273 0 0 -0.000478977 0.000360934 -1.33483
23 0.784521 0 0 0.0161961 -0.00188105 0.403201
24 -2.4735 7.79394 -0.077753 -0.275371 0.252825 -2.41516
25 6.02794 0 0 0.644462 0.537605 0.136355
26 11.7344 0 0 0.00140271 0 2.02091
27 8.81167 0 0 0.664862 0 0
28 5.77884 0 0 0.445457 0 0
29 2.23249 0 0 0.219404 0 0
30 11.4725 0 0 0.934429 0.139168 -1.06562
31 0.615813 0.994372 -0.809165 2.77788 0.472288 0.10795
32 2.24752 0 0 -0.10444 -0.0368171 0.189869
33 1.11936 0 0 0.040943 0.17253 0.992367
34 3.71348 0.102639 0.102191 -1.64963 0.584187 -0.369879
35 1.72615 0 0 -0.0181544 0.003114 1.72396
36 1.21112 0 0 0.00667255 0.008005 0.706752
37 3.5992 1.06012 0.070888 -1.58384 -0.0108441 0.00177532
38 1.66069 0 0 0.0185095 0.075637 0.463161
39 1.16699 0 0 0.0410845 0.016021 0.836655
40 2.18853 -0.50104 0.0576587 -1.57144 -0.0521631 -0.199003
41 1.29609 0 0 0.0937336 0.100102 0.813136
42 1.62202 -0.000714302 -0.000470161 -0.0212591 -0.00856284 1.65517
43 1.22241 0 0 0 0.006533 0.655771
44 1.76707 -1.27612 0.0366416 -1.41856 -0.0419571 -0.220998
45 1.55587 0 0 -0.0176207 0.0420968 0.790849
46 1.24273 0 0 0.000478976 0.000360896 1.35859
47 0.784531 0 0 -0.00138835 0.00235198 0.814052
48 0 0 0 0 0 0
49 -5.94927 2.85467 -9.31551 2.81564 -1.55683 -2.76301
50 -4.4567 -19.5369 -3.77284 -3.14159 -0.785398 3.14159
51 -4.4641 3.0151 -6.74232 0 -1.5708 0
52 -4.4567 -20.1145 -2.89952 0 -1.5708 0
53 -4.99 -8.26755 -4.56645 0 0 0
54 0.533295 -3.57396 -0.116835 0 0 0
55 -0.439463 -5.01739 0.910445 0 0 0
56 0 -2.26997 1.22871 0.0206799 0 0
57 0 -5.92124 1.78377 0 0 0
58 0 -2.12202 -0.0619302 0 0 0
59 -0.575001 -1.69351 1.13699 0 0 0
60 0 -4.97524 -0.469842 0 0 0
61 0.694227 -1.89081 0.409987 -0.785398 0 0
time 26
0 4.40254 -0.765094 -3.0277 -0.827034 0.693142 -1.04017
1 6.02794 0 0 0.212734 0.353727 -0.529408
2 11.7344 0 0 -0.0014029 0 -1.19955
3 8.81138 -0.000450134 -0.000112057 -2.10616 0 0.000158035
4 5.77839 0.000286102 0 -1.41113 0 0.000100299
5 2.23163 -0.000329971 -0.00036478 -0.695034 0 0
6 11.4725 0 0 -2.08774 0.209253 0.256119
7 0.61522 -0.993091 -0.810699 3.13843 0.250791 -0.497809
8 2.24752 0 0 0.087646 0.074742 0.0979191
9 1.11936 0 0 0.10887 0.024146 0.171768
10 3.71348 -0.102642 0.102192 1.46942 0.773555 -0.173756
11 1.72615 0 0 0.0282561 -0.00392506 -1.54455
12 1.21114 0 0 -0.000153978 0.000329045 0.33414
13 3.59919 -1.06012 0.0708885 1.5195 0.284619 -0.269155
14 1.66068 0 0 -0.111391 0.075824 -1.56569
15 1.167 0 0 -0.00189525 -0.00175334 0.165519
16 2.18852 0.501039 0.0576591 1.53255 0.232941 0.064917
17 1.29609 0 0 0.0150819 -0.0443411 -0.516749
18 1.62202 0.000713348 -0.000470161 0.0384949 -0.0112059 -1.72079
19 1.22241 0 0 0.00168808 -0.023678 0.388832
20 1.76707 1.27612 0.0366421 1.49342 0.346301 0.063775
21 1.55588 0 0 -0.024872 -0.0645979 -0.831289
22 1.24274 0 0 -0.000479038 0.000360962 -1.33483
23 0.784523 0 0 0.0161961 -0.00188095 0.403201
24 -2.4735 7.79394 -0.077753 -0.275371 0.252825 -2.41516
25 6.02794 0 0 0.644462 0.537605 0.136355
26 11.7344 0 0 0.00140271 0 2.02091
27 8.81167 0 0 0.664862 0 0
28 5.77884 0 0 0.445457 0 0
29 2.23249 0 0 0.219404 0 0
30 11.4725 0 0 0.934429 0.139168 -1.06562
31 0.615813 0.994372 -0.809165 2.77788 0.472288 0.10795
32 2.24752 0 0 -0.10444 -0.0368171 0.189869
33 1.11936 0 0 0.040943 0.17253 0.992367
34 3.71348 0.102639 0.102191 -1.64963 0.584187 -0.369879
35 1.72615 0 0 -0.0181544 0.003114 1.72396
36 1.21112 0 0 0.00667255 0.008005 0.706752
37 3.5992 1.06012 0.070888 -1.58384 -0.0108441 0.00177532
38 1.66069 0 0 0.0185095 0.075637 0.463161
39 1.16699 0 0 0.0410845 0.016021 0.836655
40 2.18853 -0.50104 0.0576587 -1.57144 -0.0521631 -0.199003
41 1.29609 0 0 0.0937336 0.100102 0.813136
42 1.62202 -0.000714302 -0.000470161 -0.0212591 -0.00856284 1.65517
43 1.22241 0 0 0 0.006533 0.655771
44 1.76707 -1.27612 0.0366416 -1.41856 -0.0419571 -0.220998
45 1.55587 0 0 -0.0176207 0.0420968 0.790849
46 1.24273 0 0 0.000478976 0.000360896 1.35859
47 0.784531 0 0 -0.00138835 0.00235198 0.814052
48 0 0 0 0 0 0
49 -5.9625 2.84878 -9.33103 2.81686 -1.55682 -2.76373
50 -4.4567 -19.5369 -3.77284 -3.14159 -0.785398 3.14159
51 -4.4641 3.0151 -6.74232 0 -1.5708 0
52 -4.4567 -20.1145 -2.89952 0 -1.5708 0
53 -4.99 -8.26755 -4.56645 0 0 0
54 0.533295 -3.57396 -0.116835 0 0 0
55 -0.439463 -5.01739 0.910445 0 0 0
56 0 -2.26997 1.22871 0.0206799 0 0
57 0 -5.92124 1.78377 0 0 0
58 0 -2.12202 -0.0619302 0 0 0
59 -0.575001 -1.69351 1.13699 0 0 0
60 0 -4.97524 -0.469842 0 0 0
61 0.694227 -1.89081 0.409987 -0.785398 0 0
time 27
0 4.40254 -0.765094 -3.0277 -0.827034 0.693142 -1.04017
1 6.02794 0 0 0.212734 0.353727 -0.529408
2 11.7344 0 0 -0.0014029 0 -1.19955
3 8.81138 -0.000450134 -0.000112057 -2.10616 0 0.000158035
4 5.77839 0.000286102 0 -1.41113 0 0.000100299
5 2.23163 -0.000329971 -0.00036478 -0.695034 0 0
6 11.4725 0 0 -2.08774 0.209253 0.256119
7 0.61522 -0.993091 -0.810699 3.13843 0.250791 -0.497809
8 2.24752 0 0 0.087646 0.074742 0.0979191
9 1.11936 0 0 0.108864 0.0241541 0.17168
10 3.71348 -0.102642 0.102192 1.46942 0.773555 -0.173756
11 1.72615 0 0 0.0282561 -0.00392506 -1.54455
12 1.21114 0 0 -0.000153978 0.000329045 0.33414
13 3.59919 -1.06012 0.0708885 1.5195 0.284619 -0.269155
14 1.66068 0 0 -0.111391 0.075824 -1.56569
15 1.167 0 0 -0.00189392 -0.00175739 0.165258
16 2.18852 0.501039 0.0576591 1.53255 0.232941 0.064917
17 1.29609 0 0 0.0150819 -0.0443411 -0.516749
18 1.62202 0.000713348 -0.000470161 0.0384949 -0.0112059 -1.72079
19 1.22241 0 0 0.00168808 -0.023678 0.388832
20 1.76707 1.27612 0.0366421 1.49342 0.346301 0.063775
21 1.55588 0 0 -0.024872 -0.0645979 -0.831289
22 1.24274 0 0 -0.000479038 0.000360962 -1.33483
23 0.784523 0 0 0.0161961 -0.00188095 0.403201
24 -2.4735 7.79394 -0.077753 -0.275371 0.252825 -2.41516
25 6.02794 0 0 0.644462 0.537605 0.136355
26 11.7344 0 0 0.00140271 0 2.02091
27 8.81167 0 0 0.664862 0 0
28 5.77884 0 0 0.445457 0 0
29 2.23249 0 0 0.219404 0 0
30 11.4725 0 0 0.934429 0.139168 -1.06562
31 0.615813 0.994372 -0.809165 2.77788 0.472288 0.10795
32 2.24752 0 0 -0.10444 -0.0368171 0.189869
33 1.11936 0 0 0.040943 0.17253 0.992367
34 3.71348 0.102639 0.102191 -1.64963 0.584187 -0.369879
35 1.72615 0 0 -0.0181544 0.003114 1.72396
36 1.21112 0 0 0.00667255 0.008005 0.706752
37 3.5992 1.06012 0.070888 -1.58384 -0.0108441 0.00177532
38 1.66069 0 0 0.0185095 0.075637 0.463161
39 1.16699 0 0 0.0410845 0.016021 0.836655
40 2.18853 -0.50104 0.0576587 -1.57144 -0.0521631 -0.199003
41 1.29609 0 0 0.0937336 0.100102 0.813136
42 1.62202 -0.000714302 -0.000470161 -0.0212591 -0.00856284 1.65517
43 1.22241 0 0 0 0.006533 0.655771
44 1.76707 -1.27612 0.0366416 -1.41856 -0.0419571 -0.220998
45 1.55587 0 0 -0.0176207 0.0420968 0.790849
46 1.24273 0 0 0.000478976 0.000360896 1.35859
47 0.784531 0 0 -0.00138835 0.00235198 0.814052
48 0 0 0 0 0 0
49 -5.97573 2.8429 -9.34654 2.81807 -1.55682 -2.76445
50 -4.4567 -19.5369 -3.77284 -3.14159 -0.785398 3.14159
51 -4.4641 3.0151 -6.74232 0 -1.5708 0
52 -4.4567 -20.1145 -2.89952 0 -1.5708 0
53 -4.99 -8.26755 -4.56645 0 0 0
54 0.533295 -3.57396 -0.116835 0 0 0
55 -0.439463 -5.01739 0.910445 0 0 0
56 0 -2.26997 1.22871 0.0206799 0 0
57 0 -5.92124 1.78377 0 0 0
58 0 -2.12202 -0.0619302 0 0 0
59 -0.575001 -1.69351 1.13699 0 0 0
60 0 -4.97524 -0.469842 0 0 0
61 0.694227 -1.89081 0.409987 -0.785398 0 0
time 28
0 4.40254 -0.765094 -3.0277 -0.827034 0.693142 -1.04017
1 6.02794 0 0 0.212734 0.353727 -0.529408
2 11.7344 0 0 -0.0014029 0 -1.19955
3 8.81138 -0.000450134 -0.000112057 -2.10616 0 0.000158035
4 5.77839 0.000286102 0 -1.41113 0 0.000100299
5 2.23163 -0.000329971 -0.00036478 -0.695034 0 0
6 11.4725 0 0 -2.08774 0.209253 0.256119
7 0.61522 -0.993091 -0.810699 3.13843 0.250791 -0.497809
8 2.24752 0 0 0.087646 0.074742 0.0979191
9 1.11936 0 0 0.108859 0.0241624 0.171592
10 3.71348 -0.102642 0.102192 1.46942 0.773555 -0.173756
11 1.72615 0 0 0.0282561 -0.00392506 -1.54455
12 1.21114 0 0 -0.000153978 0.000329045 0.33414
13 3.59919 -1.06012 0.0708885 1.5195 0.284619 -0.269155
14 1.66068 0 0 -0.111391 0.075824 -1.56569
15 1.167 0 0 -0.00189239 -0.00176127 0.164996
16 2.18852 0.501039 0.0576591 1.53255 0.232941 0.064917
17 1.29609 0 0 0.0150819 -0.0443411 -0.516749
18 1.62202 0.000713348 -0.000470161 0.0384949 -0.0112059 -1.72079
19 1.22241 0 0 0.00168808 -0.023678 0.388832
20 1.76707 1.27612 0.0366421 1.49342 0.346301 0.063775
21 1.55588 0 0 -0.024872 -0.0645979 -0.831289
22 1.24274 0 0 -0.000479038 0.000360962 -1.33483
23 0.784523 0 0 0.0161961 -0.00188095 0.403201
24 -2.4735 7.79394 -0.077753 -0.275371 0.252825 -2.41516
25 6.02794 0 0 0.644462 0.537605 0.136355
26 11.7344 0 0 0.00140271 0 2.02091
27 8.81167 0 0 0.664862 0 0
28 5.77884 0 0 0.445457 0 0
29 2.23249 0 0 0.219404 0 0
30 11.4725 0 0 0.934429 0.139168 -1.06562
31 0.615813 0.994372 -0.809165 2.77788 0.472288 0.10795
32 2.24752 0 0 -0.10444 -0.0368171 0.189869
33 1.11936 0 0 0.040943 0.17253 0.992367
34 3.71348 0.102639 0.102191 -1.64963 0.584187 -0.369879
35 1.72615 0 0 -0.0181544 0.003114 1.72396
36 1.21112 0 0 0.00667255 0.008005 0.706752
37 3.5992 1.06012 0.070888 -1.58384 -0.0108441 0.00177532
38 1.66069 0 0 0.0185095 0.075637 0.463161
39 1.16699 0 0 0.0410845 0.016021 0.836655
40 2.18853 -0.50104 0.0576587 -1.57144 -0.0521631 -0.199003
41 1.29609 0 0 0.0937336 0.100102 0.813136
42 1.62202 -0.000714302 -0.000470161 -0.0212591 -0.00856284 1.65517
43 1.22241 0 0 0 0.006533 0.655771
44 1.76707 -1.27612 0.0366416 -1.41856 -0.0419571 -0.220998
45 1.55587 0 0 -0.0176207 0.0420968 0.790849
46 1.24273 0 0 0.000478976 0.000360896 1.35859
47 0.784531 0 0 -0.00138835 0.00235198 0.814052
48 0 0 0 0 0 0
49 -5.98896 2.83701 -9.36204 2.81928 -1.55681 -2.76517
50 -4.4567 -19.5369 -3.77284 -3.14159 -0.785398 3.14159
51 -4.4641 3.0151 -6.74232 0 -1.5708 0
52 -4.4567 -20.1145 -2.89952 0 -1.5708 0
53 -4.99 -8.26755 -4.56645 0 0 0
54 0.533295 -3.57396 -0.116835 0 0 0
55 -0.439463 -5.01739 0.910445 0 0 0
56 0 -2.26997 1.22871 0.0206799 0 0
57 0 -5.92124 1.78377 0 0 0
58 0 -2.12202 -0.0619302 0 0 0
59 -0.575001 -1.69351 1.13699 0 0 0
60 0 -4.97524 -0.469842 0 0 0
61 0.694227 -1.89081 0.409987 -0.785398 0 0
time 29
0 4.40254 -0.765094 -3.0277 -0.827034 0.693142 -1.04017
1 6.02794 0 0 0.212734 0.353727 -0.529408
2 11.7344 0 0 -0.0014029 0 -1.19955
3 8.81138 -0.000450134 -0.000112057 -2.10616 0 0.000158035
4 5.77839 0.000286102 0 -1.41113 0 0.000100299
5 2.23163 -0.000329971 -0.00036478 -0.695034 0 0
6 11.4725 0 0 -2.08774 0.209253 0.256119
7 0.61522 -0.993091 -0.810699 3.13843 0.250791 -0.497809
8 2.24752 0 0 0.087646 0.074742 0.0979191
9 1.11936 0 0 0.108853 0.0241706 0.171503
10 3.71348 -0.102642 0.102192 1.46942 0.773555 -0.173756
11 1.72615 0 0 0.0282561 -0.00392506 -1.54455
12 1.21114 0 0 -0.000153978 0.000329045 0.33414
13 3.59919 -1.06012 0.0708885 1.5195 0.284619 -0.269155
14 1.66068 0 0 -0.111391 0.075824 -1.56569
15 1.167 0 0 -0.00189099 -0.00176539 0.164734
16 2.18852 0.501039 0.0576591 1.53255 0.232941 0.064917
17 1.29609 0 0 0.0150819 -0.0443411 -0.516749
18 1.62202 0.000713348 -0.000470161 0.0384949 -0.0112059 -1.72079
19 1.22241 0 0 0.00168808 -0.023678 0.388832
20 1.76707 1.27612 0.0366421 1.49342 0.346301 0.063775
21 1.55588 0 0 -0.024872 -0.0645979 -0.831289
22 1.24274 0 0 -0.000479038 0.000360962 -1.33483
23 0.784523 0 0 0.0161961 -0.00188095 0.403201
24 -2.4735 7.79394 -0.077753 -0.275371 0.252825 -2.41516
25 6.02794 0 0 0.644462 0.537605 0.136355
26 11.7344 0 0 0.00140271 0 2.02091
27 8.81167 0 0 0.664862 0 0
28 5.77884 0 0 0.445457 0 0
29 2.23249 0 0 0.219404 0 0
30 11.4725 0 0 0.934429 0.139168 -1.06562
31 0.615813 0.994372 -0.809165 2.77788 0.472288 0.10795
32 2.24752 0 0 -0.10444 -0.0368171 0.189869
33 1.11936 0 0 0.040943 0.17253 0.992367
34 3.71348 0.102639 0.102191 -1.64963 0.584187 -0.369879
35 1.72615 0 0 -0.0181544 0.003114 1.72396
36 1.21112 0 0 0.00667255 0.008005 0.706752
37 3.5992 1.06012 0.070888 -1.58384 -0.0108441 0.00177532
38 1.66069 0 0 0.0185095 0.075637 0.463161
39 1.16699 0 0 0.0410845 0.016021 0.836655
40 2.18853 -0.50104 0.0576587 -1.57144 -0.0521631 -0.199003
41 1.29609 0 0 0.0937336 0.100102 0.813136
42 1.62202 -0.000714302 -0.000470161 -0.0212591 -0.00856284 1.65517
43 1.22241 0 0 0 0.006533 0.655771
44 1.76707 -1.27612 0.0366416 -1.41856 -0.0419571 -0.220998
45 1.55587 0 0 -0.0176207 0.0420968 0.790849
46 1.24273 0 0 0.000478976 0.000360896 1.35859
47 0.784531 0 0 -0.00138835 0.00235198 0.814052
48 0 0 0 0 0 0
49 -6.00219 2.83113 -9.37753 2.8205 -1.55681 -2.76589
50 -4.4567 -19.5369 -3.77284 -3.14159 -0.785398 3.14159
51 -4.4641 3.0151 -6.74232 0 -1.5708 0
52 -4.4567 -20.1145 -2.89952 0 -1.5708 0
53 -4.99 -8.26755 -4.56645 0 0 0
54 0.533295 -3.57396 -0.116835 0 0 0
55 -0.439463 -5.01739 0.910445 0 0 0
56 0 -2.26997 1.22871 0.0206799 0 0
57 0 -5.92124 1.78377 0 0 0
58 0 -2.12202 -0.0619302 0 0 0
59 -0.575001 -1.69351 1.13699 0 0 0
60 0 -4.97524 -0.469842 0 0 0
61 0.694227 -1.89081 0.409987 -0.785398 0 0
time 30
0 4.40254 -0.765094 -3.0277 -0.827034 0.693142 -1.04017
1 6.02794 0 0 0.212734 0.353727 -0.529408
2 11.7344 0 0 -0.0014029 0 -1.19955
3 8.81138 -0.000450134 -0.000112057 -2.10616 0 0.000158035
4 5.77839 0.000286102 0 -1.41113 0 0.000100299
5 2.23163 -0.000329971 -0.00036478 -0.695034 0 0
6 11.4725 0 0 -2.08774 0.209253 0.256119
7 0.61522 -0.993091 -0.810699 3.13843 0.250791 -0.497809
8 2.24752 0 0 0.087646 0.074742 0.0979191
9 1.11936 0 0 0.108848 0.0241788 0.171414
10 3.71348 -0.102642 0.102192 1.46942 0.773555 -0.173756
11 1.72615 0 0 0.0282561 -0.00392506 -1.54455
12 1.21114 0 0 -0.000153978 0.000329045 0.33414
13 3.59919 -1.06012 0.0708885 1.5195 0.284619 -0.269155
14 1.66068 0 0 -0.111391 0.075824 -1.56569
15 1.167 0 0 -0.00188942 -0.00176945 0.16447
16 2.18852 0.501039 0.0576591 1.53255 0.232941 0.064917
17 1.29609 0 0 0.0150819 -0.0443411 -0.516749
18 1.62202 0.000713348 -0.000470161 0.0384949 -0.0112059 -1.72079
19 1.22241 0 0 0.00168808 -0.023678 0.388832
20 1.76707 1.27612 0.0366421 1.49342 0.346301 0.063775
21 1.55588 0 0 -0.024872 -0.0645979 -0.831289
22 1.24274 0 0 -0.000479038 0.000360962 -1.33483
23 0.784523 0 0 0.0161961 -0.00188095 0.403201
24 -2.4735 7.79394 -0.077753 -0.275371 0.252825 -2.41516
25 6.02794 0 0 0.644462 0.537605 0.136355
26 11.7344 0 0 0.00140271 0 2.02091
27 8.81167 0 0 0.664862 0 0
28 5.77884 0 0 0.445457 0 0
29 2.23249 0 0 0.219404 0 0
30 11.4725 0 0 0.934429 0.139168 -1.06562
31 0.615813 0.994372 -0.809165 2.77788 0.472288 0.10795
32 2.24752 0 0 -0.10444 -0.0368171 0.189869
33 1.11936 0 0 0.040943 0.17253 0.992367
34 3.71348 0.102639 0.102191 -1.64963 0.584187 -0.369879
35 1.72615 0 0 -0.0181544 0.003114 1.72396
36 1.21112 0 0 0.00667255 0.008005 0.706752
37 3.5992 1.06012 0.070888 -1.58384 -0.0108441 0.00177532
38 1.66069 0 0 0.0185095 0.075637 0.463161
39 1.16699 0 0 0.0410845 0.016021 0.836655
40 2.18853 -0.50104 0.0576587 -1.57144 -0.0521631 -0.199003
41 1.29609 0 0 0.0937336 0.100102 0.813136
42 1.62202 -0.000714302 -0.000470161 -0.0212591 -0.00856284 1.65517
43 1.22241 0 0 0 0.006533 0.655771
44 1.76707 -1.27612 0.0366416 -1.41856 -0.0419571 -0.220998
45 1.55587 0 0 -0.0176207 0.0420968 0.790849
46 1.24273 0 0 0.000478976 0.000360896 1.35859
47 0.784531 0 0 -0.00138835 0.00235198 0.814052
48 0 0 0 0 0 0
49 -6.01541 2.82525 -9.39302 2.82172 -1.55681 -2.76661
50 -4.4567 -19.5369 -3.77284 -3.14159 -0.785398 3.14159
51 -4.4641 3.0151 -6.74232 0 -1.5708 0
52 -4.4567 -20.1145 -2.89952 0 -1.5708 0
53 -4.99 -8.26755 -4.56645 0 0 0
54 0.533295 -3.57396 -0.116835 0 0 0
55 -0.439463 -5.01739 0.910445 0 0 0
56 0 -2.26997 1.22871 0.0206799 0 0
57 0 -5.92124 1.78377 0 0 0
58 0 -2.12202 -0.0619302 0 0 0
59 -0.575001 -1.69351 1.13699 0 0 0
60 0 -4.97524 -0.469842 0 0 0
61 0.694227 -1.89081 0.409987 -0.785398 0 0
time 31
0 4.40254 -0.765094 -3.0277 -0.827034 0.693142 -1.04017
1 6.02794 0 0 0.212734 0.353727 -0.529408
2 11.7344 0 0 -0.0014029 0 -1.19955
3 8.81138 -0.000450134 -0.000112057 -2.10616 0 0.000158035
4 5.77839 0.000286102 0 -1.41113 0 0.000100299
5 2.23163 -0.000329971 -0.00036478 -0.695034 0 0
6 11.4725 0 0 -2.08774 0.209253 0.256119
7 0.61522 -0.993091 -0.810699 3.13843 0.250791 -0.497809
8 2.24752 0 0 0.087646 0.074742 0.0979191
9 1.11936 0 0 0.108842 0.0241871 0.171325
10 3.71348 -0.102642 0.102192 1.46942 0.773555 -0.173756
11 1.72615 0 0 0.0282561 -0.00392506 -1.54455
12 1.21114 0 0 -0.000153978 0.000329045 0.33414
13 3.59919 -1.06012 0.0708885 1.5195 0.284619 -0.269155
14 1.66068 0 0 -0.111391 0.075824 -1.56569
15 1.167 0 0 -0.001888 -0.00177351 0.164206
16 2.18852 0.501039 0.0576591 1.53255 0.232941 0.064917
17 1.29609 0 0 0.0150819 -0.0443411 -0.516749
18 1.62202 0.000713348 -0.000470161 0.0384949 -0.0112059 -1.72079
19 1.22241 0 0 0.00168808 -0.023678 0.388832
20 1.76707 1.27612 0.0366421 1.49342 0.346301 0.063775
21 1.55588 0 0 -0.024872 -0.0645979 -0.831289
22 1.24274 0 0 -0.000479038 0.000360962 -1.33483
23 0.784523 0 0 0.0161961 -0.00188095 0.403201
24 -2.4735 7.79394 -0.077753 -0.275371 0.252825 -2.41516
25 6.02794 0 0 0.644462 0.537605 0.136355
26 11.7344 0 0 0.00140271 0 2.02091
27 8.81167 0 0 0.664862 0 0
28 5.77884 0 0 0.445457 0 0
29 2.23249 0 0 0.219404 0 0
30 11.4725 0 0 0.934429 0.139168 -1.06562
31 0.615813 0.994372 -0.809165 2.77788 0.472288 0.10795
32 2.24752 0 0 -0.10444 -0.0368171 0.189869
33 1.11936 0 0 0.040943 0.17253 0.992367
34 3.71348 0.102639 0.102191 -1.64963 0.584187 -0.369879
35 1.72615 0 0 -0.0181544 0.003114 1.72396
36 1.21112 0 0 0.00667255 0.008005 0.706752
37 3.5992 1.06012 0.070888 -1.58384 -0.0108441 0.00177532
38 1.66069 0 0 0.0185095 0.075637 0.463161
39 1.16699 0 0 0.0410845 0.016021 0.836655
40 2.18853 -0.50104 0.0576587 -1.57144 -0.0521631 -0.199003
41 1.29609 0 0 0.0937336 0.100102 0.813136
42 1.62202 -0.000714302 -0.000470161 -0.0212591 -0.00856284 1.65517
43 1.22241 0 0 0 0.006533 0.655771
44 1.76707 -1.27612 0.0366416 -1.41856 -0.0419571 -0.220998
45 1.55587 0 0 -0.0176207 0.0420968 0.790849
46 1.24273 0 0 0.000478976 0.000360896 1.35859
47 0.784531 0 0 -0.00138835 0.00235198 0.814052
48 0 0 0 0 0 0
49 -6.02863 2.81938 -9.4085 2.82293 -1.5568 -2.76732
50 -4.4567 -19.5369 -3.77284 -3.14159 -0.785398 3.14159
51 -4.4641 3.0151 -6.74232 0 -1.5708 0
52 -4.4567 -20.1145 -2.89952 0 -1.5708 0
53 -4.99 -8.26755 -4.56645 0 0 0
54 0.533295 -3.57396 -0.116835 0 0 0
55 -0.439463 -5.01739 0.910445 0 0 0
56 0 -2.26997 1.22871 0.0206799 0 0
57 0 -5.92124 1.78377 0 0 0
58 0 -2.12202 -0.0619302 0 0 0
59 -0.575001 -1.69351 1.13699 0 0 0
60 0 -4.97524 -0.469842 0 0 0
61 0.694227 -1.89081 0.409987 -0.785398 0 0
time 32
0 4.40254 -0.765094 -3.0277 -0.827034 0.693142 -1.04017
1 6.02794 0 0 0.212734 0.353727 -0.529408
2 11.7344 0 0 -0.0014029 0 -1.19955
3 8.81138 -0.000450134 -0.000112057 -2.10616 0 0.000158035
4 5.77839 0.000286102 0 -1.41113 0 0.000100299
5 2.23163 -0.000329971 -0.00036478 -0.695034 0 0
6 11.4725 0 0 -2.08774 0.209253 0.256119
7 0.61522 -0.993091 -0.810699 3.13843 0.250791 -0.497809
8 2.24752 0 0 0.087646 0.074742 0.0979191
9 1.11936 0 0 0.108837 0.0241954 0.171236
10 3.71348 -0.102642 0.102192 1.46942 0.773555 -0.173756
11 1.72615 0 0 0.0282561 -0.00392506 -1.54455
12 1.21114 0 0 -0.000153978 0.000329045 0.33414
13 3.59919 -1.06012 0.0708885 1.5195 0.284619 -0.269155
14 1.66068 0 0 -0.111391 0.075824 -1.56569
15 1.167 0 0 -0.00188658 -0.0017775 0.163941
16 2.18852 0.501039 0.0576591 1.53255 0.232941 0.064917
17 1.29609 0 0 0.0150819 -0.0443411 -0.516749
18 1.62202 0.000713348 -0.000470161 0.0384949 -0.0112059 -1.72079
19 1.22241 0 0 0.00168808 -0.023678 0.388832
20 1.76707 1.27612 0.0366421 1.49342 0.346301 0.063775
21 1.55588 0 0 -0.024872 -0.0645979 -0.831289
22 1.24274 0 0 -0.000479038 0.000360962 -1.33483
23 0.784523 0 0 0.0161961 -0.00188095 0.403201
24 -2.4735 7.79394 -0.077753 -0.275371 0.252825 -2.41516
25 6.02794 0 0 0.644462 0.537605 0.136355
26 11.7344 0 0 0.00140271 0 2.02091
27 8.81167 0 0 0.664862 0 0
28 5.77884 0 0 0.445457 0 0
29 2.23249 0 0 0.219404 0 0
30 11.4725 0 0 0.934429 0.139168 -1.06562
31 0.615813 0.994372 -0.809165 2.77788 0.472288 0.10795
32 2.24752 0 0 -0.10444 -0.0368171 0.189869
33 1.11936 0 0 0.040943 0.17253 0.992367
34 3.71348 0.102639 0.102191 -1.64963 0.584187 -0.369879
35 1.72615 0 0 -0.0181544 0.003114 1.72396
36 1.21112 0 0 0.00667255 0.008005 0.706752
37 3.5992 1.06012 0.070888 -1.58384 -0.0108441 0.00177532
38 1.66069 0 0 0.0185095 0.075637 0.463161
39 1.16699 0 0 0.0410845 0.016021 0.836655
40 2.18853 -0.50104 0.0576587 -1.57144 -0.0521631 -0.199003
41 1.29609 0 0 0.0937336 0.100102 0.813136
42 1.62202 -0.000714302 -0.000470161 -0.0212591 -0.00856284 1.65517
43 1.22241 0 0 0 0.006533 0.655771
44 1.76707 -1.27612 0.0366416 -1.41856 -0.0419571 -0.220998
45 1.55587 0 0 -0.0176207 0.0420968 0.790849
46 1.24273 0 0 0.000478976 0.000360896 1.35859
47 0.784531 0 0 -0.00138835 0.00235198 0.814052
48 0 0 0 0 0 0
49 -6.04184 2.81351 -9.42397 2.82414 -1.5568 -2.76803
50 -4.4567 -19.5369 -3.77284 -3.14159 -0.785398 3.14159
51 -4.4641 3.0151 -6.74232 0 -1.5708 0
52 -4.4567 -20.1145 -2.89952 0 -1.5708 0
53 -4.99 -8.26755 -4.56645 0 0 0
54 0.533295 -3.57396 -0.116835 0 0 0
55 -0.439463 -5.01739 0.910445 0 0 0
56 0 -2.26997 1.22871 0.0206799 0 0
57 0 -5.92124 1.78377 0 0 0
58 0 -2.12202 -0.0619302 0 0 0
59 -0.575001 -1.69351 1.13699 0 0 0
60 0 -4.97524 -0.469842 0 0 0
61 0.694227 -1.89081 0.409987 -0.785398 0 0
time 33
0 4.40254 -0.765094 -3.0277 -0.827034 0.693142 -1.04017
1 6.02794 0 0 0.212734 0.353727 -0.529408
2 11.7344 0 0 -0.0014029 0 -1.19955
3 8.81138 -0.000450134 -0.000112057 -2.10616 0 0.000158035
4 5.77839 0.000286102 0 -1.41113 0 0.000100299
5 2.23163 -0.000329971 -0.00036478 -0.695034 0 0
6 11.4725 0 0 -2.08774 0.209253 0.256119
7 0.61522 -0.993091 -0.810699 3.13843 0.250791 -0.497809
8 2.24752 0 0 0.087646 0.074742 0.0979191
9 1.11936 0 0 0.108831 0.0242037 0.171147
10 3.71348 -0.102642 0.102192 1.46942 0.773555 -0.173756
11 1.72615 0 0 0.0282561 -0.00392506 -1.54455
12 1.21114 0 0 -0.000153978 0.000329045 0.33414
13 3.59919 -1.06012 0.0708885 1.5195 0.284619 -0.269155
14 1.66068 0 0 -0.111391 0.075824 -1.56569
15 1.167 0 0 -0.00188505 -0.00178151 0.163675
16 2.18852 0.501039 0.0576591 1.53255 0.232941 0.064917
17 1.29609 0 0 0.0150819 -0.0443411 -0.516749
18 1.62202 0.000713348 -0.000470161 0.0384949 -0.0112059 -1.72079
19 1.22241 0 0 0.00168808 -0.023678 0.388832
20 1.76707 1.27612 0.0366421 1.49342 0.346301 0.063775
21 1.55588 0 0 -0.024872 -0.0645979 -0.831289
22 1.24274 0 0 -0.000479038 0.000360962 -1.33483
23 0.784523 0 0 0.0161961 -0.00188095 0.403201
24 -2.4735 7.79394 -0.077753 -0.275371 0.252825 -2.41516
25 6.02794 0 0 0.644462 0.537605 0.136355
26 11.7344 0 0 0.00140271 0 2.02091
27 8.81167 0 0 0.664862 0 0
28 5.77884 0 0 0.445457 0 0
29 2.23249 0 0 0.219404 0 0
30 11.4725 0 0 0.934429 0.139168 -1.06562
31 0.615813 0.994372 -0.809165 2.77788 0.472288 0.10795
32 2.24752 0 0 -0.10444 -0.0368171 0.189869
33 1.11936 0 0 0.040943 0.17253 0.992367
34 3.71348 0.102639 0.102191 -1.64963 0.584187 -0.369879
35 1.72615 0 0 -0.0181544 0.003114 1.72396
36 1.21112 0 0 0.00667255 0.008005 0.706752
37 3.5992 1.06012 0.070888 -1.58384 -0.0108441 0.00177532
38 1.66069 0 0 0.0185095 0.075637 0.463161
39 1.16699 0 0 0.0410845 0.016021 0.836655
40 2.18853 -0.50104 0.0576587 -1.57144 -0.0521631 -0.199003
41 1.29609 0 0 0.0937336 0.100102 0.813136
42 1.62202 -0.000714302 -0.000470161 -0.0212591 -0.00856284 1.65517
43 1.22241 0 0 0 0.006533 0.655771
44 1.76707 -1.27612 0.0366416 -1.41856 -0.0419571 -0.220998
45 1.55587 0 0 -0.0176207 0.0420968 0.790849
46 1.24273 0 0 0.000478976 0.000360896 1.35859
47 0.784531 0 0 -0.00138835 0.00235198 0.814052
48 0 0 0 0 0 0
49 -6.05506 2.80764 -9.43943 2.82536 -1.55679 -2.76875
50 -4.4567 -19.5369 -3.77284 -3.14159 -0.785398 3.14159
51 -4.4641 3.0151 -6.74232 0 -1.5708 0
52 -4.4567 -20.1145 -2.89952 0 -1.5708 0
53 -4.99 -8.26755 -4.56645 0 0 0
54 0.533295 -3.57396 -0.116835 0 0 0
55 -0.439463 -5.01739 0.910445 0 0 0
56 0 -2.26997 1.22871 0.0206799 0 0
57 0 -5.92124 1.78377 0 0 0
58 0 -2.12202 -0.0619302 0 0 0
59 -0.575001 -1.69351 1.13699 0 0 0
60 0 -4.97524 -0.469842 0 0 0
61 0.694227 -1.89081 0.409987 -0.785398 0 0
time 34
0 4.40254 -0.765094 -3.0277 -0.827034 0.693142 -1.04017
1 6.02794 0 0 0.212734 0.353727 -0.529408
2 11.7344 0 0 -0.0014029 0 -1.19955
3 8.81138 -0.000450134 -0.000112057 -2.10616 0 0.000158035
4 5.77839 0.000286102 0 -1.41113 0 0.000100299
5 2.23163 -0.000329971 -0.00036478 -0.695034 0 0
6 11.4725 0 0 -2.08774 0.209253 0.256119
7 0.61522 -0.993091 -0.810699 3.13843 0.250791 -0.497809
8 2.24752 0 0 0.087646 0.074742 0.0979191
9 1.11936 0 0 0.108826 0.024212 0.171057
10 3.71348 -0.102642 0.102192 1.46942 0.773555 -0.173756
11 1.72615 0 0 0.0282561 -0.00392506 -1.54455
12 1.21114 0 0 -0.000153978 0.000329045 0.33414
13 3.59919 -1.06012 0.0708885 1.5195 0.284619 -0.269155
14 1.66068 0 0 -0.111391 0.075824 -1.56569
15 1.167 0 0 -0.00188355 -0.00178563 0.163409
16 2.18852 0.501039 0.0576591 1.53255 0.232941 0.064917
17 1.29609 0 0 0.0150819 -0.0443411 -0.516749
18 1.62202 0.000713348 -0.000470161 0.0384949 -0.0112059 -1.72079
19 1.22241 0 0 0.00168808 -0.023678 0.388832
20 1.76707 1.27612 0.0366421 1.49342 0.346301 0.063775
21 1.55588 0 0 -0.024872 -0.0645979 -0.831289
22 1.24274 0 0 -0.000479038 0.000360962 -1.33483
23 0.784523 0 0 0.0161961 -0.00188095 0.403201
24 -2.4735 7.79394 -0.077753 -0.275371 0.252825 -2.41516
25 6.02794 0 0 0.644462 0.537605 0.136355
26 11.7344 0 0 0.00140271 0 2.02091
27 8.81167 0 0 0.664862 0 0
28 5.77884 0 0 0.445457 0 0
29 2.23249 0 0 0.219404 0 0
30 11.4725 0 0 0.934429 0.139168 -1.06562
31 0.615813 0.994372 -0.809165 2.77788 0.472288 0.10795
32 2.24752 0 0 -0.10444 -0.0368171 0.189869
33 1.11936 0 0 0.040943 0.17253 0.992367
34 3.71348 0.102639 0.102191 -1.64963 0.584187 -0.369879
35 1.72615 0 0 -0.0181544 0.003114 1.72396
36 1.21112 0 0 0.00667255 0.008005 0.706752
37 3.5992 1.06012 0.070888 -1.58384 -0.0108441 0.00177532
38 1.66069 0 0 0.0185095 0.075637 0.463161
39 1.16699 0 0 0.0410845 0.016021 0.836655
40 2.18853 -0.50104 0.0576587 -1.57144 -0.0521631 -0.199003
41 1.29609 0 0 0.0937336 0.100102 0.813136
42 1.62202 -0.000714302 -0.000470161 -0.0212591 -0.00856284 1.65517
43 1.22241 0 0 0 0.006533 0.655771
44 1.76707 -1.27612 0.0366416 -1.41856 -0.0419571 -0.220998
45 1.55587 0 0 -0.0176207 0.0420968 0.790849
46 1.24273 0 0 0.000478976 0.000360896 1.35859
47 0.784531 0 0 -0.00138835 0.00235198 0.814052
48 0 0 0 0 0 0
49 -6.06826 2.80178 -9.45488 2.82656 -1.55679 -2.76947
50 -4.4567 -19.5369 -3.77284 -3.14159 -0.785398 3.14159
51 -4.4641 3.0151 -6.74232 0 -1.5708 0
52 -4.4567 -20.1145 -2.89952 0 -1.5708 0
53 -4.99 -8.26755 -4.56645 0 0 0
54 0.533295 -3.57396 -0.116835 0 0 0
55 -0.439463 -5.01739 0.910445 0 0 0
56 0 -2.26997 1.22871 0.0206799 0 0
57 0 -5.92124 1.78377 0 0 0
58 0 -2.12202 -0.0619302 0 0 0
59 -0.575001 -1.69351 1.13699 0 0 0
60 0 -4.97524 -0.469842 0 0 0
61 0.694227 -1.89081 0.409987 -0.785398 0 0
time 35
0 4.40254 -0.765094 -3.0277 -0.827034 0.693142 -1.04017
1 6.02794 0 0 0.212734 0.353727 -0.529408
2 11.7344 0 0 -0.0014029 0 -1.19955
3 8.81138 -0.000450134 -0.000112057 -2.10616 0 0.000158035
4 5.77839 0.000286102 0 -1.41113 0 0.000100299
5 2.23163 -0.000329971 -0.00036478 -0.695034 0 0
6 11.4725 0 0 -2.08774 0.209253 0.256119
7 0.61522 -0.993091 -0.810699 3.13843 0.250791 -0.497809
8 2.24752 0 0 0.087646 0.074742 0.0979191
9 1.11936 0 0 0.10882 0.0242204 0.170967
10 3.71348 -0.102642 0.102192 1.46942 0.773555 -0.173756
11 1.72615 0 0 0.0282561 -0.00392506 -1.54455
12 1.21114 0 0 -0.000153978 0.000329045 0.33414
13 3.59919 -1.06012 0.0708885 1.5195 0.284619 -0.269155
14 1.66068 0 0 -0.111391 0.075824 -1.56569
15 1.167 0 0 -0.00188206 -0.00178975 0.163142
16 2.18852 0.501039 0.0576591 1.53255 0.232941 0.064917
17 1.29609 0 0 0.0150819 -0.0443411 -0.516749
18 1.62202 0.000713348 -0.000470161 0.0384949 -0.0112059 -1.72079
19 1.22241 0 0 0.00168808 -0.023678 0.388832
20 1.76707 1.27612 0.0366421 1.49342 0.346301 0.063775
21 1.55588 0 0 -0.024872 -0.0645979 -0.831289
22 1.24274 0 0 -0.000479038 0.000360962 -1.33483
23 0.784523 0 0 0.0161961 -0.00188095 0.403201
24 -2.4735 7.79394 -0.077753 -0.275371 0.252825 -2.41516
25 6.02794 0 0 0.644462 0.537605 0.136355
26 11.7344 0 0 0.00140271 0 2.02091
27 8.81167 0 0 0.664862 0 0
28 5.77884 0 0 0.445458 0 0
29 2.23249 0 0 0.219404 0 0
30 11.4725 0 0 0.934428 0.139168 -1.06562
31 0.615812 0.994372 -0.809165 2.77788 0.472288 0.10795
32 2.24752 0 0 -0.10444 -0.036817 0.189869
33 1.11936 0 0 0.0409432 0.17253 0.992367
34 3.71348 0.102639 0.102191 -1.64963 0.584187 -0.369879
35 1.72615 0 0 -0.0181544 0.00311404 1.72396
36 1.21112 0 0 0.00667255 0.00800496 0.706752
37 3.5992 1.06012 0.0708876 -1.58384 -0.010844 0.00177541
38 1.66069 0 0 0.0185096 0.075637 0.463161
39 1.16699 0 0 0.0410845 0.016021 0.836655
40 2.18853 -0.50104 0.0576591 -1.57144 -0.052163 -0.199004
41 1.29609 0 0 0.0937335 0.100102 0.813136
42 1.62202 -0.000713348 -0.000469685 -0.0212591 -0.00856286 1.65517
43 1.2224 0 0 0 0.00653301 0.655771
44 1.76707 -1.27612 0.0366411 -1.41856 -0.041957 -0.220998
45 1.55587 0 0 -0.0176207 0.0420968 0.790849
46 1.24273 0 0 0.000478918 0.000361019 1.35859
47 0.784531 0 0 -0.00138837 0.00235194 0.814052
48 0 0 0 0 0 0
49 -6.08147 2.79592 -9.47032 2.82777 -1.55678 -2.77018
50 -4.4567 -19.5369 -3.77284 -3.14159 -0.785398 3.14159
51 -4.4641 3.0151 -6.74232 0 -1.5708 0
52 -4.4567 -20.1145 -2.89952 0 -1.5708 0
53 -4.99 -8.26755 -4.56645 0 0 0
54 0.533295 -3.57396 -0.116835 0 0 0
55 -0.439463 -5.01739 0.910445 0 0 0
56 0 -2.26997 1.22871 0.0206799 0 0
57 0 -5.92124 1.78377 0 0 0
58 0 -2.12202 -0.0619302 0 0 0
59 -0.575001 -1.69351 1.13699 0 0 0
60 0 -4.97524 -0.469842 0 0 0
61 0.694227 -1.89081 0.409987 -0.785398 0 0
time 36
0 4.40254 -0.765094 -3.0277 -0.827034 0.693142 -1.04017
1 6.02794 0 0 0.212734 0.353727 -0.529408
2 11.7344 0 0 -0.0014029 0 -1.19955
3 8.81138 -0.000450134 -0.000112057 -2.10616 0 0.000158035
4 5.77839 0.000286102 0 -1.41113 0 0.000100299
5 2.23163 -0.000329971 -0.00036478 -0.695034 0 0
6 11.4725 0 0 -2.08774 0.209253 0.256119
7 0.61522 -0.993091 -0.810699 3.13843 0.250791 -0.497809
8 2.24752 0 0 0.087646 0.074742 0.0979191
9 1.11936 0 0 0.108814 0.0242287 0.170877
10 3.71348 -0.102642 0.102192 1.46942 0.773555 -0.173756
11 1.72615 0 0 0.0282561 -0.00392506 -1.54455
12 1.21114 0 0 -0.000153978 0.000329045 0.33414
13 3.59919 -1.06012 0.0708885 1.5195 0.284619 -0.269155
14 1.66068 0 0 -0.111391 0.075824 -1.56569
15 1.167 0 0 -0.00188054 -0.00179394 0.162874
16 2.18852 0.501039 0.0576591 1.53255 0.232941 0.064917
17 1.29609 0 0 0.0150819 -0.0443411 -0.516749
18 1.62202 0.000713348 -0.000470161 0.0384949 -0.0112059 -1.72079
19 1.22241 0 0 0.00168808 -0.023678 0.388832
20 1.76707 1.27612 0.0366421 1.49342 0.346301 0.063775
21 1.55588 0 0 -0.024872 -0.0645979 -0.831289
22 1.24274 0 0 -0.000479038 0.000360962 -1.33483
23 0.784523 0 0 0.0161961 -0.00188095 0.403201
24 -2.4735 7.79394 -0.077753 -0.275371 0.252825 -2.41516
25 6.02794 0 0 0.644462 0.537605 0.136355
26 11.7344 0 0 0.00140271 0 2.02091
27 8.81167 0 0 0.664862 0 0
28 5.77884 0 0 0.445458 0 0
29 2.23249 0 0 0.219404 0 0
30 11.4725 0 0 0.934428 0.139168 -1.06562
31 0.615812 0.994372 -0.809165 2.77788 0.472288 0.10795
32 2.24752 0 0 -0.10444 -0.036817 0.189869
33 1.11936 0 0 0.0409432 0.17253 0.992367
34 3.71348 0.102639 0.102191 -1.64963 0.584187 -0.369879
35 1.72615 0 0 -0.0181544 0.00311404 1.72396
36 1.21112 0 0 0.00667255 0.00800496 0.706752
37 3.5992 1.06012 0.0708876 -1.58384 -0.010844 0.00177541
38 1.66069 0 0 0.0185096 0.075637 0.463161
39 1.16699 0 0 0.0410845 0.016021 0.836655
40 2.18853 -0.50104 0.0576591 -1.57144 -0.052163 -0.199004
41 1.29609 0 0 0.0937335 0.100102 0.813136
42 1.62202 -0.000713348 -0.000469685 -0.0212591 -0.00856286 1.65517
43 1.2224 0 0 0 0.00653301 0.655771
44 1.76707 -1.27612 0.0366411 -1.41856 -0.041957 -0.220998
45 1.55587 0 0 -0.0176207 0.0420968 0.790849
46 1.24273 0 0 0.000478918 0.000361019 1.35859
47 0.784531 0 0 -0.00138837 0.00235194 0.814052
48 0 0 0 0 0 0
49 -6.09467 2.79007 -9.48575 2.82898 -1.55678 -2.77089
50 -4.4567 -19.5369 -3.77284 -3.14159 -0.785398 3.14159
51 -4.4641 3.0151 -6.74232 0 -1.5708 0
52 -4.4567 -20.1145 -2.89952 0 -1.5708 0
53 -4.99 -8.26755 -4.56645 0 0 0
54 0.533295 -3.57396 -0.116835 0 0 0
55 -0.439463 -5.01739 0.910445 0 0 0
56 0 -2.26997 1.22871 0.0206799 0 0
57 0 -5.92124 1.78377 0 0 0
58 0 -2.12202 -0.0619302 0 0 0
59 -0.575001 -1.69351 1.13699 0 0 0
60 0 -4.97524 -0.469842 0 0 0
61 0.694227 -1.89081 0.409987 -0.785398 0 0
time 37
0 4.40254 -0.765094 -3.0277 -0.827034 0.693142 -1.04017
1 6.02794 0 0 0.212734 0.353727 -0.529408
2 11.7344 0 0 -0.0014029 0 -1.19955
3 8.81138 -0.000450134 -0.000112057 -2.10616 0 0.000158035
4 5.77839 0.000286102 0 -1.41113 0 0.000100299
5 2.23163 -0.000329971 -0.00036478 -0.695034 0 0
6 11.4725 0 0 -2.08774 0.209253 0.256119
7 0.61522 -0.993091 -0.810699 3.13843 0.250791 -0.497809
8 2.24752 0 0 0.087646 0.074742 0.0979191
9 1.11936 0 0 0.108809 0.0242371 0.170787
10 3.71348 -0.102642 0.102192 1.46942 0.773555 -0.173756
11 1.72615 0 0 0.0282561 -0.00392506 -1.54455
12 1.21114 0 0 -0.000153978 0.000329045 0.33414
13 3.59919 -1.06012 0.0708885 1.5195 0.284619 -0.269155
14 1.66068 0 0 -0.111391 0.075824 -1.56569
15 1.167 0 0 -0.0018791 -0.00179799 0.162607
16 2.18852 0.501039 0.0576591 1.53255 0.232941 0.064917
17 1.29609 0 0 0.0150819 -0.0443411 -0.516749
18 1.62202 0.000713348 -0.000470161 0.0384949 -0.0112059 -1.72079
19 1.22241 0 0 0.00168808 -0.023678 0.388832
20 1.76707 1.27612 0.0366421 1.49342 0.346301 0.063775
21 1.55588 0 0 -0.024872 -0.0645979 -0.831289
22 1.24274 0 0 -0.000479038 0.000360962 -1.33483
23 0.784523 0 0 0.0161961 -0.00188095 0.403201
24 -2.4735 7.79394 -0.077753 -0.275371 0.252825 -2.41516
25 6.02794 0 0 0.644462 0.537605 0.136355
26 11.7344 0 0 0.00140271 0 2.02091
27 8.81167 0 0 0.664862 0 0
28 5.77884 0 0 0.445458 0 0
29 2.23249 0 0 0.219404 0 0
30 11.4725 0 0 0.934428 0.139168 -1.06562
31 0.615812 0.994372 -0.809165 2.77788 0.472288 0.10795
32 2.24752 0 0 -0.10444 -0.036817 0.189869
33 1.11936 0 0 0.0409432 0.17253 0.992367
34 3.71348 0.102639 0.102191 -1.64963 0.584187 -0.369879
35 1.72615 0 0 -0.0181544 0.00311404 1.72396
36 1.21112 0 0 0.00667255 0.00800496 0.706752
37 3.5992 1.06012 0.0708876 -1.58384 -0.010844 0.00177541
38 1.66069 0 0 0.0185096 0.075637 0.463161
39 1.16699 0 0 0.0410845 0.016021 0.836655
40 2.18853 -0.50104 0.0576591 -1.57144 -0.052163 -0.199004
41 1.29609 0 0 0.0937335 0.100102 0.813136
42 1.62202 -0.000713348 -0.000469685 -0.0212591 -0.00856286 1.65517
43 1.2224 0 0 0 0.00653301 0.655771
44 1.76707 -1.27612 0.0366411 -1.41856 -0.041957 -0.220998
45 1.55587 0 0 -0.0176207 0.0420968 0.790849
46 1.24273 0 0 0.000478918 0.000361019 1.35859
47 0.784531 0 0 -0.00138837 0.00235194 0.814052
48 0 0 0 0 0 0
49 -6.10787 2.78422 -9.50117 2.83018 -1.55678 -2.7716
50 -4.4567 -19.5369 -3.77284 -3.14159 -0.785398 3.14159
51 -4.4641 3.0151 -6.74232 0 -1.5708 0
52 -4.4567 -20.1145 -2.89952 0 -1.5708 0
53 -4.99 -8.26755 -4.56645 0 0 0
54 0.533295 -3.57396 -0.116835 0 0 0
55 -0.439463 -5.01739 0.910445 0 0 0
56 0 -2.26997 1.22871 0.0206799 0 0
57 0 -5.92124 1.78377 0 0 0
58 0 -2.12202 -0.0619302 0 0 0
59 -0.575001 -1.69351 1.13699 0 0 0
60 0 -4.97524 -0.469842 0 0 0
61 0.694227 -1.89081 0.409987 -0.785398 0 0
time 38
0 4.40254 -0.765094 -3.0277 -0.827034 0.693142 -1.04017
1 6.02794 0 0 0.212734 0.353727 -0.529408
2 11.7344 0 0 -0.0014029 0 -1.19955
3 8.81138 -0.000450134 -0.000112057 -2.10616 0 0.000158035
4 5.77839 0.000286102 0 -1.41113 0 0.000100299
5 2.23163 -0.000329971 -0.00036478 -0.695034 0 0
6 11.4725 0 0 -2.08774 0.209253 0.256119
7 0.61522 -0.993091 -0.810699 3.13843 0.250791 -0.497809
8 2.24752 0 0 0.087646 0.074742 0.0979191
9 1.11936 0 0 0.108803 0.0242455 0.170696
10 3.71348 -0.102642 0.102192 1.46942 0.773555 -0.173756
11 1.72615 0 0 0.0282561 -0.00392506 -1.54455
12 1.21114 0 0 -0.000153978 0.000329045 0.33414
13 3.59919 -1.06012 0.0708885 1.5195 0.284619 -0.269155
14 1.66068 0 0 -0.111391 0.075824 -1.56569
15 1.167 0 0 -0.00187757 -0.00180212 0.162338
16 2.18852 0.501039 0.0576591 1.53255 0.232941 0.064917
17 1.29609 0 0 0.0150819 -0.0443411 -0.516749
18 1.62202 0.000713348 -0.000470161 0.0384949 -0.0112059 -1.72079
19 1.22241 0 0 0.00168808 -0.023678 0.388832
20 1.76707 1.27612 0.0366421 1.49342 0.346301 0.063775
21 1.55588 0 0 -0.024872 -0.0645979 -0.831289
22 1.24274 0 0 -0.000479038 0.000360962 -1.33483
23 0.784523 0 0 0.0161961 -0.00188095 0.403201
24 -2.4735 7.79394 -0.077753 -0.275371 0.252825 -2.41516
25 6.02794 0 0 0.644462 0.537605 0.136355
26 11.7344 0 0 0.00140271 0 2.02091
27 8.81167 0 0 0.664862 0 0
28 5.77884 0 0 0.445458 0 0
29 2.23249 0 0 0.219404 0 0
30 11.4725 0 0 0.934428 0.139168 -1.06562
31 0.615812 0.994372 -0.809165 2.77788 0.472288 0.10795
32 2.24752 0 0 -0.10444 -0.036817 0.189869
33 1.11936 0 0 0.0409432 0.17253 0.992367
34 3.71348 0.102639 0.102191 -1.64963 0.584187 -0.369879
35 1.72615 0 0 -0.0181544 0.00311404 1.72396
36 1.21112 0 0 0.00667255 0.00800496 0.706752
37 3.5992 1.06012 0.0708876 -1.58384 -0.010844 0.00177541
38 1.66069 0 0 0.0185096 0.075637 0.463161
39 1.16699 0 0 0.0410845 0.016021 0.836655
40 2.18853 -0.50104 0.0576591 -1.57144 -0.052163 -0.199004
41 1.29609 0 0 0.0937335 0.100102 0.813136
42 1.62202 -0.000713348 -0.000469685 -0.0212591 -0.00856286 1.65517
43 1.2224 0 0 0 0.00653301 0.655771
44 1.76707 -1.27612 0.0366411 -1.41856 -0.041957 -0.220998
45 1.55587 0 0 -0.0176207 0.0420968 0.790849
46 1.24273 0 0 0.000478918 0.000361019 1.35859
47 0.784531 0 0 -0.00138837 0.00235194 0.814052
48 0 0 0 0 0 0
49 -6.12106 2.77838 -9.51657 2.83139 -1.55677 -2.77231
50 -4.4567 -19.5369 -3.77284 -3.14159 -0.785398 3.14159
51 -4.4641 3.0151 -6.74232 0 -1.5708 0
52 -4.4567 -20.1145 -2.89952 0 -1.5708 0
53 -4.99 -8.26755 -4.56645 0 0 0
54 0.533295 -3.57396 -0.116835 0 0 0
55 -0.439463 -5.01739 0.910445 0 0 0
56 0 -2.26997 1.22871 0.0206799 0 0
57 0 -5.92124 1.78377 0 0 0
58 0 -2.12202 -0.0619302 0 0 0
59 -0.575001 -1.69351 1.13699 0 0 0
60 0 -4.97524 -0.469842 0 0 0
61 0.694227 -1.89081 0.409987 -0.785398 0 0
time 39
0 4.40254 -0.765094 -3.0277 -0.827034 0.693142 -1.04017
1 6.02794 0 0 0.212734 0.353727 -0.529408
2 11.7344 0 0 -0.0014029 0 -1.19955
3 8.81138 -0.000450134 -0.000112057 -2.10616 0 0.000158035
4 5.77839 0.000286102 0 -1.41113 0 0.000100299
5 2.23163 -0.000329971 -0.00036478 -0.695034 0 0
6 11.4725 0 0 -2.08774 0.209253 0.256119
7 0.61522 -0.993091 -0.810699 3.13843 0.250791 -0.497809
8 2.24752 0 0 0.087646 0.074742 0.0979191
9 1.11936 0 0 0.108798 0.0242538 0.170606
10 3.71348 -0.102642 0.102192 1.46942 0.773555 -0.173756
11 1.72615 0 0 0.0282561 -0.00392506 -1.54455
12 1.21114 0 0 -0.000153978 0.000329045 0.33414
13 3.59919 -1.06012 0.0708885 1.5195 0.284619 -0.269155
14 1.66068 0 0 -0.111391 0.075824 -1.56569
15 1.167 0 0 -0.0018761 -0.00180624 0.16207
16 2.18852 0.501039 0.0576591 1.53255 0.232941 0.064917
17 1.29609 0 0 0.0150819 -0.0443411 -0.516749
18 1.62202 0.000713348 -0.000470161 0.0384949 -0.0112059 -1.72079
19 1.22241 0 0 0.00168808 -0.023678 0.388832
20 1.76707 1.27612 0.0366421 1.49342 0.346301 0.063775
21 1.55588 0 0 -0.024872 -0.0645979 -0.831289
22 1.24274 0 0 -0.000479038 0.000360962 -1.33483
23 0.784523 0 0 0.0161961 -0.00188095 0.403201
24 -2.4735 7.79394 -0.077753 -0.275371 0.252825 -2.41516
25 6.02794 0 0 0.644462 0.537605 0.136355
26 11.7344 0 0 0.00140271 0 2.02091
27 8.81167 0 0 0.664862 0 0
28 5.77884 0 0 0.445458 0 0
29 2.23249 0 0 0.219404 0 0
30 11.4725 0 0 0.934428 0.139168 -1.06562
31 0.615812 0.994372 -0.809165 2.77788 0.472288 0.10795
32 2.24752 0 0 -0.10444 -0.036817 0.189869
33 1.11936 0 0 0.0409432 0.17253 0.992367
34 3.71348 0.102639 0.102191 -1.64963 0.584187 -0.369879
35 1.72615 0 0 -0.0181544 0.00311404 1.72396
36 1.21112 0 0 0.00667255 0.00800496 0.706752
37 3.5992 1.06012 0.0708876 -1.58384 -0.010844 0.00177541
38 1.66069 0 0 0.0185096 0.075637 0.463161
39 1.16699 0 0 0.0410845 0.016021 0.836655
40 2.18853 -0.50104 0.0576591 -1.57144 -0.052163 -0.199004
41 1.29609 0 0 0.0937335 0.100102 0.813136
42 1.62202 -0.000713348 -0.000469685 -0.0212591 -0.00856286 1.65517
43 1.2224 0 0 0 0.00653301 0.655771
44 1.76707 -1.27612 0.0366411 -1.41856 -0.041957 -0.220998
45 1.55587 0 0 -0.0176207 0.0420968 0.790849
46 1.24273 0 0 0.000478918 0.000361019 1.35859
47 0.784531 0 0 -0.00138837 0.00235194 0.814052
48 0 0 0 0 0 0
49 -6.13425 2.77254 -9.53196 2.83259 -1.55677 -2.77302
50 -4.4567 -19.5369 -3.77284 -3.14159 -0.785398 3.14159
51 -4.4641 3.0151 -6.74232 0 -1.5708 0
52 -4.4567 -20.1145 -2.89952 0 -1.5708 0
53 -4.99 -8.26755 -4.56645 0 0 0
54 0.533295 -3.57396 -0.116835 0 0 0
55 -0.439463 -5.01739 0.910445 0 0 0
56 0 -2.26997 1.22871 0.0206799 0 0
57 0 -5.92124 1.78377 0 0 0
58 0 -2.12202 -0.0619302 0 0 0
59 -0.575001 -1.69351 1.13699 0 0 0
60 0 -4.97524 -0.469842 0 0 0
61 0.694227 -1.89081 0.409987 -0.785398 0 0
time 40
0 4.40254 -0.765094 -3.0277 -0.827034 0.693142 -1.04017
1 6.02794 0 0 0.212734 0.353727 -0.529408
2 11.7344 0 0 -0.0014029 0 -1.19955
3 8.81138 -0.000450134 -0.000112057 -2.10616 0 0.000158035
4 5.77839 0.000286102 0 -1.41113 0 0.000100299
5 2.23163 -0.000329971 -0.00036478 -0.695034 0 0
6 11.4725 0 0 -2.08774 0.209253 0.256119
7 0.61522 -0.993091 -0.810699 3.13843 0.250791 -0.497809
8 2.24752 0 0 0.087646 0.074742 0.0979191
9 1.11936 0 0 0.108792 0.0242623 0.170516
10 3.71348 -0.102642 0.102192 1.46942 0.773555 -0.173756
11 1.72615 0 0 0.0282561 -0.00392506 -1.54455
12 1.21114 0 0 -0.000153978 0.000329045 0.33414
13 3.59919 -1.06012 0.0708885 1.5195 0.284619 -0.269155
14 1.66068 0 0 -0.111391 0.075824 -1.56569
15 1.167 0 0 -0.00187458 -0.0018103 0.161801
16 2.18852 0.501039 0.0576591 1.53255 0.232941 0.064917
17 1.29609 0 0 0.0150819 -0.0443411 -0.516749
18 1.62202 0.000713348 -0.000470161 0.0384949 -0.0112059 -1.72079
19 1.22241 0 0 0.00168808 -0.023678 0.388832
20 1.76707 1.27612 0.0366421 1.49342 0.346301 0.063775
21 1.55588 0 0 -0.024872 -0.0645979 -0.831289
22 1.24274 0 0 -0.000479038 0.000360962 -1.33483
23 0.784523 0 0 0.0161961 -0.00188095 0.403201
24 -2.4735 7.79394 -0.077753 -0.275371 0.252825 -2.41516
25 6.02794 0 0 0.644462 0.537605 0.136355
26 11.7344 0 0 0.00140271 0 2.02091
27 8.81167 0 0 0.664862 0 0
28 5.77884 0 0 0.445458 0 0
29 2.23249 0 0 0.219404 0 0
30 11.4725 0 0 0.934428 0.139168 -1.06562
31 0.615812 0.994372 -0.809165 2.77788 0.472288 0.10795
32 2.24752 0 0 -0.10444 -0.036817 0.189869
33 1.11936 0 0 0.0409432 0.17253 0.992367
34 3.71348 0.102639 0.102191 -1.64963 0.584187 -0.369879
35 1.72615 0 0 -0.0181544 0.00311404 1.72396
36 1.21112 0 0 0.00667255 0.00800496 0.706752
37 3.5992 1.06012 0.0708876 -1.58384 -0.010844 0.00177541
38 1.66069 0 0 0.0185096 0.075637 0.463161
39 1.16699 0 0 0.0410845 0.016021 0.836655
40 2.18853 -0.50104 0.0576591 -1.57144 -0.052163 -0.199004
41 1.29609 0 0 0.0937335 0.100102 0.813136
42 1.62202 -0.000713348 -0.000469685 -0.0212591 -0.00856286 1.65517
43 1.2224 0 0 0 0.00653301 0.655771
44 1.76707 -1.27612 0.0366411 -1.41856 -0.041957 -0.220998
45 1.55587 0 0 -0.0176207 0.0420968 0.790849
46 1.24273 0 0 0.000478918 0.000361019 1.35859
47 0.784531 0 0 -0.00138837 0.00235194 0.814052
48 0 0 0 0 0 0
49 -6.14743 2.7667 -9.54734 2.83379 -1.55676 -2.77373
50 -4.4567 -19.5369 -3.77284 -3.14159 -0.785398 3.14159
51 -4.4641 3.0151 -6.74232 0 -1.5708 0
52 -4.4567 -20.1145 -2.89952 0 -1.5708 0
53 -4.99 -8.26755 -4.56645 0 0 0
54 0.533295 -3.57396 -0.116835 0 0 0
55 -0.439463 -5.01739 0.910445 0 0 0
56 0 -2.26997 1.22871 0.0206799 0 0
57 0 -5.92124 1.78377 0 0 0
58 0 -2.12202 -0.0619302 0 0 0
59 -0.575001 -1.69351 1.13699 0 0 0
60 0 -4.97524 -0.469842 0 0 0
61 0.694227 -1.89081 0.409987 -0.785398 0 0
time 41
0 4.40254 -0.765094 -3.0277 -0.827034 0.693142 -1.04017
1 6.02794 0 0 0.212734 0.353727 -0.529408
2 11.7344 0 0 -0.0014029 0 -1.19955
3 8.81138 -0.000450134 -0.000112057 -2.10616 0 0.000158035
4 5.77839 0.000286102 0 -1.41113 0 0.000100299
5 2.23163 -0.000329971 -0.00036478 -0.695034 0 0
6 11.4725 0 0 -2.08774 0.209253 0.256119
7 0.61522 -0.993091 -0.810699 3.13843 0.250791 -0.497809
8 2.24752 0 0 0.087646 0.074742 0.0979191
9 1.11936 0 0 0.108786 0.0242707 0.170425
10 3.71348 -0.102642 0.102192 1.46942 0.773555 -0.173756
11 1.72615 0 0 0.0282561 -0.00392506 -1.54455
12 1.21114 0 0 -0.000153978 0.000329045 0.33414
13 3.59919 -1.06012 0.0708885 1.5195 0.284619 -0.269155
14 1.66068 0 0 -0.111391 0.075824 -1.56569
15 1.167 0 0 -0.00187312 -0.00181436 0.161533
16 2.18852 0.501039 0.0576591 1.53255 0.232941 0.064917
17 1.29609 0 0 0.0150819 -0.0443411 -0.516749
18 1.62202 0.000713348 -0.000470161 0.0384949 -0.0112059 -1.72079
19 1.22241 0 0 0.00168808 -0.023678 0.388832
20 1.76707 1.27612 0.0366421 1.49342 0.346301 0.063775
21 1.55588 0 0 -0.024872 -0.0645979 -0.831289
22 1.24274 0 0 -0.000479038 0.000360962 -1.33483
23 0.784523 0 0 0.0161961 -0.00188095 0.403201
24 -2.4735 7.79394 -0.077753 -0.275371 0.252825 -2.41516
25 6.02794 0 0 0.644462 0.537605 0.136355
26 11.7344 0 0 0.00140271 0 2.02091
27 8.81167 0 0 0.664862 0 0
28 5.77884 0 0 0.445458 0 0
29 2.23249 0 0 0.219404 0 0
30 11.4725 0 0 0.934428 0.139168 -1.06562
31 0.615812 0.994372 -0.809165 2.77788 0.472288 0.10795
32 2.24752 0 0 -0.10444 -0.036817 0.189869
33 1.11936 0 0 0.0409432 0.17253 0.992367
34 3.71348 0.102639 0.102191 -1.64963 0.584187 -0.369879
35 1.72615 0 0 -0.0181544 0.00311404 1.72396
36 1.21112 0 0 0.00667255 0.00800496 0.706752
37 3.5992 1.06012 0.0708876 -1.58384 -0.010844 0.00177541
38 1.66069 0 0 0.0185096 0.075637 0.463161
39 1.16699 0 0 0.0410845 0.016021 0.836655
40 2.18853 -0.50104 0.0576591 -1.57144 -0.052163 -0.199004
41 1.29609 0 0 0.0937335 0.100102 0.813136
42 1.62202 -0.000713348 -0.000469685 -0.0212591 -0.00856286 1.65517
43 1.2224 0 0 0 0.00653301 0.655771
44 1.76707 -1.27612 0.0366411 -1.41856 -0.041957 -0.220998
45 1.55587 0 0 -0.0176207 0.0420968 0.790849
46 1.24273 0 0 0.000478918 0.000361019 1.35859
47 0.784531 0 0 -0.00138837 0.00235194 0.814052
48 0 0 0 0 0 0
49 -6.16061 2.76088 -9.5627 2.83499 -1.55676 -2.77444
50 -4.4567 -19.5369 -3.77284 -3.14159 -0.785397 3.14159
51 -4.4641 3.0151 -6.74232 0 -1.5708 0
52 -4.4567 -20.1145 -2.89952 0 -1.5708 0
53 -4.99 -8.26755 -4.56645 0 0 0
54 0.533295 -3.57396 -0.116835 0 0 0
55 -0.439463 -5.01739 0.910445 0 0 0
56 0 -2.26997 1.22871 0.0206799 0 0
57 0 -5.92124 1.78377 0 0 0
58 0 -2.12202 -0.0619302 0 0 0
59 -0.575001 -1.69351 1.13699 0 0 0
60 0 -4.97524 -0.469842 0 0 0
61 0.694227 -1.89081 0.409987 -0.785398 0 0
time 42
0 4.40254 -0.765094 -3.0277 -0.827034 0.693142 -1.04017
1 6.02794 0 0 0.212734 0.353727 -0.529408
2 11.7344 0 0 -0.0014029 0 -1.19955
3 8.81138 -0.000450134 -0.000112057 -2.10616 0 0.000158035
4 5.77839 0.000286102 0 -1.41113 0 0.000100299
5 2.23163 -0.000329971 -0.00036478 -0.695034 0 0
6 11.4725 0 0 -2.08774 0.209253 0.256119
7 0.61522 -0.993091 -0.810699 3.13843 0.250791 -0.497809
8 2.24752 0 0 0.087646 0.074742 0.0979191
9 1.11936 0 0 0.108781 0.0242791 0.170335
10 3.71348 -0.102642 0.102192 1.46942 0.773555 -0.173756
11 1.72615 0 0 0.0282561 -0.00392506 -1.54455
12 1.21114 0 0 -0.000153978 0.000329045 0.33414
13 3.59919 -1.06012 0.0708885 1.5195 0.284619 -0.269155
14 1.66068 0 0 -0.111391 0.075824 -1.56569
15 1.167 0 0 -0.00187149 -0.00181855 0.161264
16 2.18852 0.501039 0.0576591 1.53255 0.232941 0.064917
17 1.29609 0 0 0.0150819 -0.0443411 -0.516749
18 1.62202 0.000713348 -0.000470161 0.0384949 -0.0112059 -1.72079
19 1.22241 0 0 0.00168808 -0.023678 0.388832
20 1.76707 1.27612 0.0366421 1.49342 0.346301 0.063775
21 1.55588 0 0 -0.024872 -0.0645979 -0.831289
22 1.24274 0 0 -0.000479038 0.000360962 -1.33483
23 0.784523 0 0 0.0161961 -0.00188095 0.403201
24 -2.4735 7.79394 -0.077753 -0.275371 0.252825 -2.41516
25 6.02794 0 0 0.644462 0.537605 0.136355
26 11.7344 0 0 0.00140271 0 2.02091
27 8.81167 0 0 0.664862 0 0
28 5.77884 0 0 0.445457 0 0
29 2.23249 0 0 0.219404 0 0
30 11.4725 0 0 0.934428 0.139168 -1.06562
31 0.615812 0.994372 -0.809165 2.77788 0.472288 0.10795
32 2.24752 0 0 -0.10444 -0.036817 0.189869
33 1.11936 0 0 0.040943 0.17253 0.992367
34 3.71348 0.102639 0.102191 -1.64963 0.584187 -0.369879
35 1.72615 0 0 -0.0181545 0.003114 1.72396
36 1.21112 0 0 0.00667256 0.0080049 0.706752
37 3.5992 1.06012 0.0708871 -1.58384 -0.0108438 0.00177537
38 1.66069 0 0 0.0185096 0.075637 0.46316
39 1.16699 0 0 0.0410844 0.016021 0.836655
40 2.18853 -0.50104 0.0576587 -1.57144 -0.052163 -0.199004
41 1.29609 0 0 0.0937334 0.100102 0.813136
42 1.62202 -0.000712395 -0.000469208 -0.0212591 -0.00856308 1.65517
43 1.22241 0 0 0 0.00653299 0.655771
44 1.76707 -1.27612 0.0366406 -1.41856 -0.041957 -0.220998
45 1.55588 0 0 -0.0176207 0.0420968 0.790849
46 1.24273 0 0 0.000479007 0.000360966 1.35859
47 0.784531 0 0 -0.00138845 0.00235205 0.814052
48 0 0 0 0 0 0
49 -6.17378 2.75505 -9.57805 2.8362 -1.55675 -2.77514
50 -4.4567 -19.5369 -3.77284 -3.14159 -0.785397 3.14159
51 -4.4641 3.0151 -6.74232 0 -1.5708 0
52 -4.4567 -20.1145 -2.89952 0 -1.5708 0
53 -4.99 -8.26755 -4.56645 0 0 0
54 0.533295 -3.57396 -0.116835 0 0 0
55 -0.439463 -5.01739 0.910445 0 0 0
56 0 -2.26997 1.22871 0.0206799 0 0
57 0 -5.92124 1.78377 0 0 0
58 0 -2.12202 -0.0619302 0 0 0
59 -0.575001 -1.69351 1.13699 0 0 0
60 0 -4.97524 -0.469842 0 0 0
61 0.694227 -1.89081 0.409987 -0.785398 0 0
time 43
0 4.40254 -0.765094 -3.0277 -0.827034 0.693142 -1.04017
1 6.02794 0 0 0.212734 0.353727 -0.529408
2 11.7344 0 0 -0.0014029 0 -1.19955
3 8.81138 -0.000450134 -0.000112057 -2.10616 0 0.000158035
4 5.77839 0.000286102 0 -1.41113 0 0.000100299
5 2.23163 -0.000329971 -0.00036478 -0.695034 0 0
6 11.4725 0 0 -2.08774 0.209253 0.256119
7 0.61522 -0.993091 -0.810699 3.13843 0.250791 -0.497809
8 2.24752 0 0 0.087646 0.074742 0.0979191
9 1.11936 0 0 0.108775 0.0242875 0.170244
10 3.71348 -0.102642 0.102192 1.46942 0.773555 -0.173756
11 1.72615 0 0 0.0282561 -0.00392506 -1.54455
12 1.21114 0 0 -0.000153978 0.000329045 0.33414
13 3.59919 -1.06012 0.0708885 1.5195 0.284619 -0.269155
14 1.66068 0 0 -0.111391 0.075824 -1.56569
15 1.167 0 0 -0.00187001 -0.00182261 0.160994
16 2.18852 0.501039 0.0576591 1.53255 0.232941 0.064917
17 1.29609 0 0 0.0150819 -0.0443411 -0.516749
18 1.62202 0.000713348 -0.000470161 0.0384949 -0.0112059 -1.72079
19 1.22241 0 0 0.00168808 -0.023678 0.388832
20 1.76707 1.27612 0.0366421 1.49342 0.346301 0.063775
21 1.55588 0 0 -0.024872 -0.0645979 -0.831289
22 1.24274 0 0 -0.000479038 0.000360962 -1.33483
23 0.784523 0 0 0.0161961 -0.00188095 0.403201
24 -2.4735 7.79394 -0.077753 -0.275371 0.252825 -2.41516
25 6.02794 0 0 0.644462 0.537605 0.136355
26 11.7344 0 0 0.00140271 0 2.02091
27 8.81167 0 0 0.664862 0 0
28 5.77884 0 0 0.445457 0 0
29 2.23249 0 0 0.219404 0 0
30 11.4725 0 0 0.934428 0.139168 -1.06562
31 0.615812 0.994372 -0.809165 2.77788 0.472288 0.10795
32 2.24752 0 0 -0.10444 -0.036817 0.189869
33 1.11936 0 0 0.040943 0.17253 0.992367
34 3.71348 0.102639 0.102191 -1.64963 0.584187 -0.369879
35 1.72615 0 0 -0.0181545 0.003114 1.72396
36 1.21112 0 0 0.00667256 0.0080049 0.706752
37 3.5992 1.06012 0.0708871 -1.58384 -0.0108438 0.00177537
38 1.66069 0 0 0.0185096 0.075637 0.46316
39 1.16699 0 0 0.0410844 0.016021 0.836655
40 2.18853 -0.50104 0.0576587 -1.57144 -0.052163 -0.199004
41 1.29609 0 0 0.0937334 0.100102 0.813136
42 1.62202 -0.000712395 -0.000469208 -0.0212591 -0.00856308 1.65517
43 1.22241 0 0 0 0.00653299 0.655771
44 1.76707 -1.27612 0.0366406 -1.41856 -0.041957 -0.220998
45 1.55588 0 0 -0.0176207 0.0420968 0.790849
46 1.24273 0 0 0.000479007 0.000360966 1.35859
47 0.784531 0 0 -0.00138845 0.00235205 0.814052
48 0 0 0 0 0 0
49 -6.18695 2.74924 -9.59339 2.83739 -1.55675 -2.77585
50 -4.4567 -19.5369 -3.77284 -3.14159 -0.785397 3.14159
51 -4.4641 3.0151 -6.74232 0 -1.5708 0
52 -4.4567 -20.1145 -2.89952 0 -1.5708 0
53 -4.99 -8.26755 -4.56645 0 0 0
54 0.533295 -3.57396 -0.116835 0 0 0
55 -0.439463 -5.01739 0.910445 0 0 0
56 0 -2.26997 1.22871 0.0206799 0 0
57 0 -5.92124 1.78377 0 0 0
58 0 -2.12202 -0.0619302 0 0 0
59 -0.575001 -1.69351 1.13699 0 0 0
60 0 -4.97524 -0.469842 0 0 0
61 0.694227 -1.89081 0.409987 -0.785398 0 0
time 44
0 4.40254 -0.765094 -3.0277 -0.827034 0.693142 -1.04017
1 6.02794 0 0 0.212734 0.353727 -0.529408
2 11.7344 0 0 -0.0014029 0 -1.19955
3 8.81138 -0.000450134 -0.000112057 -2.10616 0 0.000158161
4 5.77839 0.000286102 0 -1.41113 0 0.000100208
5 2.23163 -0.000329971 -0.00036478 -0.695034 0 0
6 11.4725 0 0 -2.08774 0.209253 0.256119
7 0.615219 -0.99309 -0.810699 3.13843 0.250791 -0.497809
8 2.24752 0 0 0.087646 0.074742 0.0979191
9 1.11936 0 0 0.108769 0.0242959 0.170153
10 3.71348 -0.102641 0.102192 1.46942 0.773555 -0.173756
11 1.72615 0 0 0.028256 -0.00392503 -1.54455
12 1.21114 0 0 -0.000153973 0.000329165 0.33414
13 3.59919 -1.06012 0.0708885 1.5195 0.284619 -0.269155
14 1.66068 0 0 -0.111391 0.0758241 -1.56569
15 1.167 0 0 -0.00186866 -0.00182684 0.160725
16 2.18852 0.501039 0.0576591 1.53255 0.232941 0.0649171
17 1.29609 0 0 0.0150819 -0.0443411 -0.516749
18 1.62202 0.000715256 -0.000471115 0.0384951 -0.0112061 -1.72079
19 1.22241 0 0 0.00168799 -0.0236781 0.388832
20 1.76707 1.27612 0.0366421 1.49342 0.346301 0.0637749
21 1.55588 0 0 -0.024872 -0.064598 -0.831289
22 1.24273 0 0 -0.000479051 0.000361028 -1.33483
23 0.784523 0 0 0.0161959 -0.00188089 0.403201
24 -2.4735 7.79394 -0.077753 -0.275371 0.252825 -2.41516
25 6.02794 0 0 0.644462 0.537605 0.136355
26 11.7344 0 0 0.00140271 0 2.02091
27 8.81167 0 0 0.664862 0 0
28 5.77884 0 0 0.445457 0 0
29 2.23249 0 0 0.219404 0 0
30 11.4725 0 0 0.934428 0.139168 -1.06562
31 0.615812 0.994372 -0.809165 2.77788 0.472288 0.10795
32 2.24752 0 0 -0.10444 -0.036817 0.189869
33 1.11936 0 0 0.040943 0.17253 0.992367
34 3.71348 0.102639 0.102191 -1.64963 0.584187 -0.369879
35 1.72615 0 0 -0.0181545 0.003114 1.72396
36 1.21112 0 0 0.00667256 0.0080049 0.706752
37 3.5992 1.06012 0.0708871 -1.58384 -0.0108438 0.00177537
38 1.66069 0 0 0.0185096 0.075637 0.46316
39 1.16699 0 0 0.0410844 0.016021 0.836655
40 2.18853 -0.50104 0.0576587 -1.57144 -0.052163 -0.199004
41 1.29609 0 0 0.0937334 0.100102 0.813136
42 1.62202 -0.000712395 -0.000469208 -0.0212591 -0.00856308 1.65517
43 1.22241 0 0 0 0.00653299 0.655771
44 1.76707 -1.27612 0.0366406 -1.41856 -0.041957 -0.220998
45 1.55588 0 0 -0.0176207 0.0420968 0.790849
46 1.24273 0 0 0.000479007 0.000360966 1.35859
47 0.784531 0 0 -0.00138845 0.00235205 0.814052
48 0 0 0 0 0 0
49 -6.20011 2.74343 -9.60871 2.83859 -1.55674 -2.77655
50 -4.4567 -19.5369 -3.77284 -3.14159 -0.785397 3.14159
51 -4.4641 3.0151 -6.74232 0 -1.5708 0
52 -4.4567 -20.1145 -2.89952 0 -1.5708 0
53 -4.99 -8.26755 -4.56645 0 0 0
54 0.533295 -3.57396 -0.116835 0 0 0
55 -0.439463 -5.01739 0.910445 0 0 0
56 0 -2.26997 1.22871 0.0206799 0 0
57 0 -5.92124 1.78377 0 0 0
58 0 -2.12202 -0.0619302 0 0 0
59 -0.575001 -1.69351 1.13699 0 0 0
60 0 -4.97524 -0.469842 0 0 0
61 0.694227 -1.89081 0.409987 -0.785398 0 0
time 45
0 4.40254 -0.765094 -3.0277 -0.827034 0.693142 -1.04017
1 6.02794 0 0 0.212734 0.353727 -0.529408
2 11.7344 0 0 -0.0014029 0 -1.19955
3 8.81138 -0.000450134 -0.000112057 -2.10616 0 0.000158161
4 5.77839 0.000286102 0 -1.41113 0 0.000100208
5 2.23163 -0.000329971 -0.00036478 -0.695034 0 0
6 11.4725 0 0 -2.08774 0.209253 0.256119
7 0.615219 -0.99309 -0.810699 3.13843 0.250791 -0.497809
8 2.24752 0 0 0.087646 0.074742 0.0979191
9 1.11936 0 0 0.108764 0.0243043 0.170063
10 3.71348 -0.102641 0.102192 1.46942 0.773555 -0.173756
11 1.72615 0 0 0.028256 -0.00392503 -1.54455
12 1.21114 0 0 -0.000153973 0.000329165 0.33414
13 3.59919 -1.06012 0.0708885 1.5195 0.284619 -0.269155
14 1.66068 0 0 -0.111391 0.0758241 -1.56569
15 1.167 0 0 -0.00186717 -0.00183077 0.160456
16 2.18852 0.501039 0.0576591 1.53255 0.232941 0.0649171
17 1.29609 0 0 0.0150819 -0.0443411 -0.516749
18 1.62202 0.000715256 -0.000471115 0.0384951 -0.0112061 -1.72079
19 1.22241 0 0 0.00168799 -0.0236781 0.388832
20 1.76707 1.27612 0.0366421 1.49342 0.346301 0.0637749
21 1.55588 0 0 -0.024872 -0.064598 -0.831289
22 1.24273 0 0 -0.000479051 0.000361028 -1.33483
23 0.784523 0 0 0.0161959 -0.00188089 0.403201
24 -2.4735 7.79394 -0.077753 -0.275371 0.252825 -2.41516
25 6.02794 0 0 0.644462 0.537605 0.136355
26 11.7344 0 0 0.00140271 0 2.02091
27 8.81167 0 0 0.664862 0 0
28 5.77884 0 0 0.445457 0 0
29 2.23249 0 0 0.219404 0 0
30 11.4725 0 0 0.934428 0.139168 -1.06562
31 0.615812 0.994372 -0.809165 2.77788 0.472288 0.10795
32 2.24752 0 0 -0.10444 -0.036817 0.189869
33 1.11936 0 0 0.040943 0.17253 0.992367
34 3.71348 0.102639 0.102191 -1.64963 0.584187 -0.369879
35 1.72615 0 0 -0.0181545 0.003114 1.72396
36 1.21112 0 0 0.00667256 0.0080049 0.706752
37 3.5992 1.06012 0.0708871 -1.58384 -0.0108438 0.00177537
38 1.66069 0 0 0.0185096 0.075637 0.46316
39 1.16699 0 0 0.0410844 0.016021 0.836655
40 2.18853 -0.50104 0.0576587 -1.57144 -0.052163 -0.199004
41 1.29609 0 0 0.0937334 0.100102 0.813136
42 1.62202 -0.000712395 -0.000469208 -0.0212591 -0.00856308 1.65517
43 1.22241 0 0 0 0.00653299 0.655771
44 1.76707 -1.27612 0.0366406 -1.41856 -0.041957 -0.220998
45 1.55588 0 0 -0.0176207 0.0420968 0.790849
46 1.24273 0 0 0.000479007 0.000360966 1.35859
47 0.784531 0 0 -0.00138845 0.00235205 0.814052
48 0 0 0 0 0 0
49 -6.21326 2.73763 -9.62401 2.83978 -1.55674 -2.77725
50 -4.4567 -19.5369 -3.77284 -3.14159 -0.785397 3.14159
51 -4.4641 3.0151 -6.74232 0 -1.5708 0
52 -4.4567 -20.1145 -2.89952 0 -1.5708 0
53 -4.99 -8.26755 -4.56645 0 0 0
54 0.533295 -3.57396 -0.116835 0 0 0
55 -0.439463 -5.01739 0.910445 0 0 0
56 0 -2.26997 1.22871 0.0206799 0 0
57 0 -5.92124 1.78377 0 0 0
58 0 -2.12202 -0.0619302 0 0 0
59 -0.575001 -1.69351 1.13699 0 0 0
60 0 -4.97524 -0.469842 0 0 0
61 0.694227 -1.89081 0.409987 -0.785398 0 0
time 46
0 4.40254 -0.765094 -3.0277 -0.827034 0.693142 -1.04017
1 6.02794 0 0 0.212734 0.353727 -0.529408
2 11.7344 0 0 -0.0014029 0 -1.19955
3 8.81138 -0.000450134 -0.000112057 -2.10616 0 0.000158161
4 5.77839 0.000286102 0 -1.41113 0 0.000100208
5 2.23163 -0.000329971 -0.00036478 -0.695034 0 0
6 11.4725 0 0 -2.08774 0.209253 0.256119
7 0.615219 -0.99309 -0.810699 3.13843 0.250791 -0.497809
8 2.24752 0 0 0.087646 0.074742 0.0979191
9 1.11936 0 0 0.108758 0.0243128 0.169972
10 3.71348 -0.102641 0.102192 1.46942 0.773555 -0.173756
11 1.72615 0 0 0.028256 -0.00392503 -1.54455
12 1.21114 0 0 -0.000153973 0.000329165 0.33414
13 3.59919 -1.06012 0.0708885 1.5195 0.284619 -0.269155
14 1.66068 0 0 -0.111391 0.0758241 -1.56569
15 1.167 0 0 -0.00186562 -0.00183502 0.160187
16 2.18852 0.501039 0.0576591 1.53255 0.232941 0.0649171
17 1.29609 0 0 0.0150819 -0.0443411 -0.516749
18 1.62202 0.000715256 -0.000471115 0.0384951 -0.0112061 -1.72079
19 1.22241 0 0 0.00168799 -0.0236781 0.388832
20 1.76707 1.27612 0.0366421 1.49342 0.346301 0.0637749
21 1.55588 0 0 -0.024872 -0.064598 -0.831289
22 1.24273 0 0 -0.000479051 0.000361028 -1.33483
23 0.784523 0 0 0.0161959 -0.00188089 0.403201
24 -2.4735 7.79394 -0.077753 -0.275371 0.252825 -2.41516
25 6.02794 0 0 0.644462 0.537605 0.136355
26 11.7344 0 0 0.00140271 0 2.02091
27 8.81167 0 0 0.664862 0 0
28 5.77884 0 0 0.445457 0 0
29 2.23249 0 0 0.219404 0 0
30 11.4725 0 0 0.934428 0.139168 -1.06562
31 0.615812 0.994372 -0.809165 2.77788 0.472288 0.10795
32 2.24752 0 0 -0.10444 -0.036817 0.189869
33 1.11936 0 0 0.040943 0.17253 0.992367
34 3.71348 0.102639 0.102191 -1.64963 0.584187 -0.369879
35 1.72615 0 0 -0.0181545 0.003114 1.72396
36 1.21112 0 0 0.00667256 0.0080049 0.706752
37 3.5992 1.06012 0.0708871 -1.58384 -0.0108438 0.00177537
38 1.66069 0 0 0.0185096 0.075637 0.46316
39 1.16699 0 0 0.0410844 0.016021 0.836655
40 2.18853 -0.50104 0.0576587 -1.57144 -0.052163 -0.199004
41 1.29609 0 0 0.0937334 0.100102 0.813136
42 1.62202 -0.000712395 -0.000469208 -0.0212591 -0.00856308 1.65517
43 1.22241 0 0 0 0.00653299 0.655771
44 1.76707 -1.27612 0.0366406 -1.41856 -0.041957 -0.220998
45 1.55588 0 0 -0.0176207 0.0420968 0.790849
46 1.24273 0 0 0.000479007 0.000360966 1.35859
47 0.784531 0 0 -0.00138845 0.00235205 0.814052
48 0 0 0 0 0 0
49 -6.22641 2.73183 -9.6393 2.84098 -1.55673 -2.77795
50 -4.4567 -19.5369 -3.77284 -3.14159 -0.785397 3.14159
51 -4.4641 3.0151 -6.74232 0 -1.5708 0
52 -4.4567 -20.1145 -2.89952 0 -1.5708 0
53 -4.99 -8.26755 -4.56645 0 0 0
54 0.533295 -3.57396 -0.116835 0 0 0
55 -0.439463 -5.01739 0.910445 0 0 0
56 0 -2.26997 1.22871 0.0206799 0 0
57 0 -5.92124 1.78377 0 0 0
58 0 -2.12202 -0.0619302 0 0 0
59 -0.575001 -1.69351 1.13699 0 0 0
60 0 -4.97524 -0.469842 0 0 0
61 0.694227 -1.89081 0.409987 -0.785398 0 0
time 47
0 4.40254 -0.765094 -3.0277 -0.827034 0.693142 -1.04017
1 6.02794 0 0 0.212734 0.353727 -0.529408
2 11.7344 0 0 -0.0014029 0 -1.19955
3 8.81138 -0.000450134 -0.000112057 -2.10616 0 0.000158161
4 5.77839 0.000286102 0 -1.41113 0 0.000100208
5 2.23163 -0.000329971 -0.00036478 -0.695034 0 0
6 11.4725 0 0 -2.08774 0.209253 0.256119
7 0.615219 -0.99309 -0.810699 3.13843 0.250791 -0.497809
8 2.24752 0 0 0.087646 0.074742 0.0979191
9 1.11936 0 0 0.108753 0.0243212 0.169882
10 3.71348 -0.102641 0.102192 1.46942 0.773555 -0.173756
11 1.72615 0 0 0.028256 -0.00392503 -1.54455
12 1.21114 0 0 -0.000153973 0.000329165 0.33414
13 3.59919 -1.06012 0.0708885 1.5195 0.284619 -0.269155
14 1.66068 0 0 -0.111391 0.0758241 -1.56569
15 1.167 0 0 -0.00186414 -0.00183919 0.159918
16 2.18852 0.501039 0.0576591 1.53255 0.232941 0.0649171
17 1.29609 0 0 0.0150819 -0.0443411 -0.516749
18 1.62202 0.000715256 -0.000471115 0.0384951 -0.0112061 -1.72079
19 1.22241 0 0 0.00168799 -0.0236781 0.388832
20 1.76707 1.27612 0.0366421 1.49342 0.346301 0.0637749
21 1.55588 0 0 -0.024872 -0.064598 -0.831289
22 1.24273 0 0 -0.000479051 0.000361028 -1.33483
23 0.784523 0 0 0.0161959 -0.00188089 0.403201
24 -2.4735 7.79394 -0.077753 -0.275371 0.252825 -2.41516
25 6.02794 0 0 0.644462 0.537605 0.136355
26 11.7344 0 0 0.00140271 0 2.02091
27 8.81167 0 0 0.664862 0 0
28 5.77884 0 0 0.445457 0 0
29 2.23249 0 0 0.219404 0 0
30 11.4725 0 0 0.934428 0.139168 -1.06562
31 0.615812 0.994372 -0.809165 2.77788 0.472288 0.10795
32 2.24752 0 0 -0.10444 -0.036817 0.189869
33 1.11936 0 0 0.040943 0.17253 0.992367
34 3.71348 0.102639 0.102191 -1.64963 0.584187 -0.369879
35 1.72615 0 0 -0.0181545 0.003114 1.72396
36 1.21112 0 0 0.00667256 0.0080049 0.706752
37 3.5992 1.06012 0.0708871 -1.58384 -0.0108438 0.00177537
38 1.66069 0 0 0.0185096 0.075637 0.46316
39 1.16699 0 0 0.0410844 0.016021 0.836655
40 2.18853 -0.50104 0.0576587 -1.57144 -0.052163 -0.199004
41 1.29609 0 0 0.0937334 0.100102 0.813136
42 1.62202 -0.000712395 -0.000469208 -0.0212591 -0.00856308 1.65517
43 1.22241 0 0 0 0.00653299 0.655771
44 1.76707 -1.27612 0.0366406 -1.41856 -0.041957 -0.220998
45 1.55588 0 0 -0.0176207 0.0420968 0.790849
46 1.24273 0 0 0.000479007 0.000360966 1.35859
47 0.784531 0 0 -0.00138845 0.00235205 0.814052
48 0 0 0 0 0 0
49 -6.23955 2.72604 -9.65457 2.84217 -1.55673 -2.77865
50 -4.4567 -19.5369 -3.77284 -3.14159 -0.785397 3.14159
51 -4.4641 3.0151 -6.74232 0 -1.5708 0
52 -4.4567 -20.1145 -2.89952 0 -1.5708 0
53 -4.99 -8.26755 -4.56645 0 0 0
54 0.533295 -3.57396 -0.116835 0 0 0
55 -0.439463 -5.01739 0.910445 0 0 0
56 0 -2.26997 1.22871 0.0206799 0 0
57 0 -5.92124 1.78377 0 0 0
58 0 -2.12202 -0.0619302 0 0 0
59 -0.575001 -1.69351 1.13699 0 0 0
60 0 -4.97524 -0.469842 0 0 0
61 0.694227 -1.89081 0.409987 -0.785398 0 0
time 48
0 4.40254 -0.765094 -3.0277 -0.827034 0.693142 -1.04017
1 6.02794 0 0 0.212734 0.353727 -0.529408
2 11.7344 0 0 -0.0014029 0 -1.19955
3 8.81138 -0.000450134 -0.000112057 -2.10616 0 0.000158161
4 5.77839 0.000286102 0 -1.41113 0 0.000100208
5 2.23163 -0.000329971 -0.00036478 -0.695034 0 0
6 11.4725 0 0 -2.08774 0.209253 0.256119
7 0.615219 -0.99309 -0.810699 3.13843 0.250791 -0.497809
8 2.24752 0 0 0.087646 0.074742 0.0979191
9 1.11936 0 0 0.108747 0.0243296 0.169791
10 3.71348 -0.102641 0.102192 1.46942 0.773555 -0.173756
11 1.72615 0 0 0.028256 -0.00392503 -1.54455
12 1.21114 0 0 -0.000153973 0.000329165 0.33414
13 3.59919 -1.06012 0.0708885 1.5195 0.284619 -0.269155
14 1.66068 0 0 -0.111391 0.0758241 -1.56569
15 1.167 0 0 -0.00186267 -0.00184325 0.15965
16 2.18852 0.501039 0.0576591 1.53255 0.232941 0.0649171
17 1.29609 0 0 0.0150819 -0.0443411 -0.516749
18 1.62202 0.000715256 -0.000471115 0.0384951 -0.0112061 -1.72079
19 1.22241 0 0 0.00168799 -0.0236781 0.388832
20 1.76707 1.27612 0.0366421 1.49342 0.346301 0.0637749
21 1.55588 0 0 -0.024872 -0.064598 -0.831289
22 1.24273 0 0 -0.000479051 0.000361028 -1.33483
23 0.784523 0 0 0.0161959 -0.00188089 0.403201
24 -2.4735 7.79394 -0.077753 -0.275371 0.252825 -2.41516
25 6.02794 0 0 0.644462 0.537605 0.136355
26 11.7344 0 0 0.00140271 0 2.02091
27 8.81167 0 0 0.664862 0 0
28 5.77884 0 0 0.445457 0 0
29 2.23249 0 0 0.219404 0 0
30 11.4725 0 0 0.934428 0.139168 -1.06562
31 0.615812 0.994372 -0.809165 2.77788 0.472288 0.10795
32 2.24752 0 0 -0.10444 -0.036817 0.189869
33 1.11936 0 0 0.040943 0.17253 0.992367
34 3.71348 0.102639 0.102191 -1.64963 0.584187 -0.369879
35 1.72615 0 0 -0.0181545 0.003114 1.72396
36 1.21112 0 0 0.00667256 0.0080049 0.706752
37 3.5992 1.06012 0.0708871 -1.58384 -0.0108438 0.00177537
38 1.66069 0 0 0.0185096 0.075637 0.46316
39 1.16699 0 0 0.0410844 0.016021 0.836655
40 2.18853 -0.50104 0.0576587 -1.57144 -0.052163 -0.199004
41 1.29609 0 0 0.0937334 0.100102 0.813136
42 1.62202 -0.000712395 -0.000469208 -0.0212591 -0.00856308 1.65517
43 1.22241 0 0 0 0.00653299 0.655771
44 1.76707 -1.27612 0.0366406 -1.41856 -0.041957 -0.220998
45 1.55588 0 0 -0.0176207 0.0420968 0.790849
46 1.24273 0 0 0.000479007 0.000360966 1.35859
47 0.784531 0 0 -0.00138845 0.00235205 0.814052
48 0 0 0 0 0 0
49 -6.25268 2.72026 -9.66982 2.84336 -1.55673 -2.77934
50 -4.4567 -19.5369 -3.77284 -3.14159 -0.785397 3.14159
51 -4.4641 3.0151 -6.74232 0 -1.5708 0
52 -4.4567 -20.1145 -2.89952 0 -1.5708 0
53 -4.99 -8.26755 -4.56645 0 0 0
54 0.533295 -3.57396 -0.116835 0 0 0
55 -0.439463 -5.01739 0.910445 0 0 0
56 0 -2.26997 1.22871 0.0206799 0 0
57 0 -5.92124 1.78377 0 0 0
58 0 -2.12202 -0.0619302 0 0 0
59 -0.575001 -1.69351 1.13699 0 0 0
60 0 -4.97524 -0.469842 0 0 0
61 0.694227 -1.89081 0.409987 -0.785398 0 0
time 49
0 4.40254 -0.765094 -3.0277 -0.827034 0.693142 -1.04017
1 6.02794 0 0 0.212734 0.353727 -0.529408
2 11.7344 0 0 -0.0014029 0 -1.19955
3 8.81138 -0.000450134 -0.000112057 -2.10616 0 0.000158161
4 5.77839 0.000286102 0 -1.41113 0 0.000100208
5 2.23163 -0.000329971 -0.00036478 -0.695034 0 0
6 11.4725 0 0 -2.08774 0.209253 0.256119
7 0.615219 -0.99309 -0.810699 3.13843 0.250791 -0.497809
8 2.24752 0 0 0.087646 0.074742 0.0979191
9 1.11936 0 0 0.108741 0.0243379 0.169701
10 3.71348 -0.102641 0.102192 1.46942 0.773555 -0.173756
11 1.72615 0 0 0.028256 -0.00392503 -1.54455
12 1.21114 0 0 -0.000153973 0.000329165 0.33414
13 3.59919 -1.06012 0.0708885 1.5195 0.284619 -0.269155
14 1.66068 0 0 -0.111391 0.0758241 -1.56569
15 1.167 0 0 -0.00186121 -0.00184724 0.159382
16 2.18852 0.501039 0.0576591 1.53255 0.232941 0.0649171
17 1.29609 0 0 0.0150819 -0.0443411 -0.516749
18 1.62202 0.000715256 -0.000471115 0.0384951 -0.0112061 -1.72079
19 1.22241 0 0 0.00168799 -0.0236781 0.388832
20 1.76707 1.27612 0.0366421 1.49342 0.346301 0.0637749
21 1.55588 0 0 -0.024872 -0.064598 -0.831289
22 1.24273 0 0 -0.000479051 0.000361028 -1.33483
23 0.784523 0 0 0.0161959 -0.00188089 0.403201
24 -2.4735 7.79394 -0.077753 -0.275371 0.252825 -2.41516
25 6.02794 0 0 0.644462 0.537605 0.136355
26 11.7344 0 0 0.00140271 0 2.02091
27 8.81167 0 0 0.664862 0 0
28 5.77884 0 0 0.445457 0 0
29 2.23249 0 0 0.219404 0 0
30 11.4725 0 0 0.934428 0.139168 -1.06562
31 0.615812 0.994372 -0.809165 2.77788 0.472288 0.10795
32 2.24752 0 0 -0.10444 -0.036817 0.189869
33 1.11936 0 0 0.040943 0.17253 0.992367
34 3.71348 0.102639 0.102191 -1.64963 0.584187 -0.369879
35 1.72615 0 0 -0.0181545 0.003114 1.72396
36 1.21112 0 0 0.00667256 0.0080049 0.706752
37 3.5992 1.06012 0.0708871 -1.58384 -0.0108438 0.00177537
38 1.66069 0 0 0.0185096 0.075637 0.46316
39 1.16699 0 0 0.0410844 0.016021 0.836655
40 2.18853 -0.50104 0.0576587 -1.57144 -0.052163 -0.199004
41 1.29609 0 0 0.0937334 0.100102 0.813136
42 1.62202 -0.000712395 -0.000469208 -0.0212591 -0.00856308 1.65517
43 1.22241 0 0 0 0.00653299 0.655771
44 1.76707 -1.27612 0.0366406 -1.41856 -0.041957 -0.220998
45 1.55588 0 0 -0.0176207 0.0420968 0.790849
46 1.24273 0 0 0.000479007 0.000360966 1.35859
47 0.784531 0 0 -0.00138845 0.00235205 0.814052
48 0 0 0 0 0 0
49 -6.26581 2.71448 -9.68505 2.84455 -1.55672 -2.78004
50 -4.4567 -19.5369 -3.77284 -3.14159 -0.785397 3.14159
51 -4.4641 3.0151 -6.74232 0 -1.5708 0
52 -4.4567 -20.1145 -2.89952 0 -1.5708 0
53 -4.99 -8.26755 -4.56645 0 0 0
54 0.533295 -3.57396 -0.116835 0 0 0
55 -0.439463 -5.01739 0.910445 0 0 0
56 0 -2.26997 1.22871 0.0206799 0 0
57 0 -5.92124 1.78377 0 0 0
58 0 -2.12202 -0.0619302 0 0 0
59 -0.575001 -1.69351 1.13699 0 0 0
60 0 -4.97524 -0.469842 0 0 0
61 0.694227 -1.89081 0.409987 -0.785398 0 0
time 50
0 4.40254 -0.765094 -3.0277 -0.827034 0.693142 -1.04017
1 6.02794 0 0 0.212734 0.353727 -0.529408
2 11.7344 0 0 -0.0014029 0 -1.19955
3 8.81138 -0.000450134 -0.000112057 -2.10616 0 0.000158161
4 5.77839 0.000286102 0 -1.41113 0 0.000100208
5 2.23163 -0.000329971 -0.00036478 -0.695034 0 0
6 11.4725 0 0 -2.08774 0.209253 0.256119
7 0.615219 -0.99309 -0.810699 3.13843 0.250791 -0.497809
8 2.24752 0 0 0.087646 0.074742 0.0979191
9 1.11936 0 0 0.108736 0.0243463 0.169611
10 3.71348 -0.102641 0.102192 1.46942 0.773555 -0.173756
11 1.72615 0 0 0.028256 -0.00392503 -1.54455
12 1.21114 0 0 -0.000153973 0.000329165 0.33414
13 3.59919 -1.06012 0.0708885 1.5195 0.284619 -0.269155
14 1.66068 0 0 -0.111391 0.0758241 -1.56569
15 1.167 0 0 -0.00185964 -0.00185142 0.159114
16 2.18852 0.501039 0.0576591 1.53255 0.232941 0.0649171
17 1.29609 0 0 0.0150819 -0.0443411 -0.516749
18 1.62202 0.000715256 -0.000471115 0.0384951 -0.0112061 -1.72079
19 1.22241 0 0 0.00168799 -0.0236781 0.388832
20 1.76707 1.27612 0.0366421 1.49342 0.346301 0.0637749
21 1.55588 0 0 -0.024872 -0.064598 -0.831289
22 1.24273 0 0 -0.000479051 0.000361028 -1.33483
23 0.784523 0 0 0.0161959 -0.00188089 0.403201
24 -2.4735 7.79394 -0.077753 -0.275371 0.252825 -2.41516
25 6.02794 0 0 0.644462 0.537605 0.136355
26 11.7344 0 0 0.00140271 0 2.02091
27 8.81167 0 0 0.664862 0 0
28 5.77884 0 0 0.445457 0 0
29 2.23249 0 0 0.219404 0 0
30 11.4725 0 0 0.934428 0.139168 -1.06562
31 0.615812 0.994372 -0.809165 2.77788 0.472288 0.10795
32 2.24752 0 0 -0.10444 -0.036817 0.189869
33 1.11936 0 0 0.040943 0.17253 0.992367
34 3.71348 0.102639 0.102191 -1.64963 0.584187 -0.369879
35 1.72615 0 0 -0.0181545 0.003114 1.72396
36 1.21112 0 0 0.00667256 0.0080049 0.706752
37 3.5992 1.06012 0.0708871 -1.58384 -0.0108438 0.00177537
38 1.66069 0 0 0.0185096 0.075637 0.46316
39 1.16699 0 0 0.0410844 0.016021 0.836655
40 2.18853 -0.50104 0.0576587 -1.57144 -0.052163 -0.199004
41 1.29609 0 0 0.0937334 0.100102 0.813136
42 1.62202 -0.000712395 -0.000469208 -0.0212591 -0.00856308 1.65517
43 1.22241 0 0 0 0.00653299 0.655771
44 1.76707 -1.27612 0.0366406 -1.41856 -0.041957 -0.220998
45 1.55588 0 0 -0.0176207 0.0420968 0.790849
46 1.24273 0 0 0.000479007 0.000360966 1.35859
47 0.784531 0 0 -0.00138845 0.00235205 0.814052
48 0 0 0 0 0 0
49 -6.27893 2.70872 -9.70027 2.84574 -1.55672 -2.78074
50 -4.4567 -19.5369 -3.77284 -3.14159 -0.785397 3.14159
51 -4.4641 3.0151 -6.74232 0 -1.5708 0
52 -4.4567 -20.1145 -2.89952 0 -1.5708 0
53 -4.99 -8.26755 -4.56645 0 0 0
54 0.533295 -3.57396 -0.116835 0 0 0
55 -0.439463 -5.01739 0.910445 0 0 0
56 0 -2.26997 1.22871 0.0206799 0 0
57 0 -5.92124 1.78377 0 0 0
58 0 -2.12202 -0.0619302 0 0 0
59 -0.575001 -1.69351 1.13699 0 0 0
60 0 -4.97524 -0.469842 0 0 0
61 0.694227 -1.89081 0.409987 -0.785398 0 0
time 51
0 4.40254 -0.765094 -3.0277 -0.827034 0.693142 -1.04017
1 6.02794 0 0 0.212734 0.353727 -0.529409
2 11.7344 0 0 -0.00140282 0 -1.19955
3 8.81138 -0.000450134 -0.000112534 -2.10616 0 0.000157916
4 5.77839 0.000286102 0 -1.41113 0 0.000100151
5 2.23163 -0.000329971 -0.000364304 -0.695034 0 0
6 11.4725 0 0 -2.08774 0.209253 0.256119
7 0.615219 -0.993091 -0.8107 3.13843 0.250791 -0.497809
8 2.24752 0 0 0.0876461 0.074742 0.097919
9 1.11936 0 0 0.10873 0.0243547 0.16952
10 3.71348 -0.102641 0.102192 1.46942 0.773555 -0.173756
11 1.72615 0 0 0.028256 -0.00392504 -1.54455
12 1.21114 0 0 -0.000154135 0.000329192 0.33414
13 3.59919 -1.06012 0.0708885 1.5195 0.284619 -0.269155
14 1.66069 0 0 -0.111391 0.0758241 -1.56569
15 1.167 0 0 -0.00185822 -0.00185553 0.158846
16 2.18852 0.50104 0.0576591 1.53255 0.232941 0.064917
17 1.29609 0 0 0.015082 -0.044341 -0.516749
18 1.62202 0.000713348 -0.000471115 0.038495 -0.0112061 -1.72079
19 1.22241 0 0 0.00168805 -0.0236779 0.388832
20 1.76707 1.27612 0.0366411 1.49342 0.346301 0.063775
21 1.55588 0 0 -0.024872 -0.0645979 -0.831289
22 1.24273 0 0 -0.000478991 0.000360999 -1.33483
23 0.784523 0 0 0.0161959 -0.00188092 0.403201
24 -2.4735 7.79394 -0.077753 -0.275371 0.252825 -2.41516
25 6.02794 0 0 0.644462 0.537605 0.136355
26 11.7344 0 0 0.00140271 0 2.02091
27 8.81167 0 0 0.664862 0 0
28 5.77884 0 0 0.445457 0 0
29 2.23249 0 0 0.219404 0 0
30 11.4725 0 0 0.934428 0.139168 -1.06562
31 0.615812 0.994372 -0.809165 2.77788 0.472288 0.10795
32 2.24752 0 0 -0.10444 -0.036817 0.189869
33 1.11936 0 0 0.040943 0.17253 0.992367
34 3.71348 0.102639 0.102191 -1.64963 0.584187 -0.369879
35 1.72615 0 0 -0.0181545 0.003114 1.72396
36 1.21112 0 0 0.00667256 0.0080049 0.706752
37 3.5992 1.06012 0.0708871 -1.58384 -0.0108438 0.00177537
38 1.66069 0 0 0.0185096 0.075637 0.46316
39 1.16699 0 0 0.0410844 0.016021 0.836655
40 2.18853 -0.50104 0.0576587 -1.57144 -0.052163 -0.199004
41 1.29609 0 0 0.0937334 0.100102 0.813136
42 1.62202 -0.000712395 -0.000469208 -0.0212591 -0.00856308 1.65517
43 1.22241 0 0 0 0.00653299 0.655771
44 1.76707 -1.27612 0.0366406 -1.41856 -0.041957 -0.220998
45 1.55588 0 0 -0.0176207 0.0420968 0.790849
46 1.24273 0 0 0.000479007 0.000360966 1.35859
47 0.784531 0 0 -0.00138845 0.00235205 0.814052
48 0 0 0 0 0 0
49 -6.29205 2.70296 -9.71546 2.84692 -1.55671 -2.78143
50 -4.4567 -19.5369 -3.77284 -3.14159 -0.785397 3.14159
51 -4.4641 3.0151 -6.74232 0 -1.5708 0
52 -4.4567 -20.1145 -2.89952 0 -1.5708 0
53 -4.99 -8.26755 -4.56645 0 0 0
54 0.533295 -3.57396 -0.116835 0 0 0
55 -0.439463 -5.01739 0.910445 0 0 0
56 0 -2.26997 1.22871 0.0206799 0 0
57 0 -5.92124 1.78377 0 0 0
58 0 -2.12202 -0.0619302 0 0 0
59 -0.575001 -1.69351 1.13699 0 0 0
60 0 -4.97524 -0.469842 0 0 0
61 0.694227 -1.89081 0.409987 -0.785398 0 0
time 52
0 4.40254 -0.765094 -3.0277 -0.827034 0.693142 -1.04017
1 6.02794 0 0 0.212734 0.353727 -0.529409
2 11.7344 0 0 -0.00140282 0 -1.19955
3 8.81138 -0.000450134 -0.000112534 -2.10616 0 0.000157916
4 5.77839 0.000286102 0 -1.41113 0 0.000100151
5 2.23163 -0.000329971 -0.000364304 -0.695034 0 0
6 11.4725 0 0 -2.08774 0.209253 0.256119
7 0.615219 -0.993091 -0.8107 3.13843 0.250791 -0.497809
8 2.24752 0 0 0.0876461 0.074742 0.097919
9 1.11936 0 0 0.108725 0.024363 0.169431
10 3.71348 -0.102641 0.102192 1.46942 0.773555 -0.173756
11 1.72615 0 0 0.028256 -0.00392504 -1.54455
12 1.21114 0 0 -0.000154135 0.000329192 0.33414
13 3.59919 -1.06012 0.0708885 1.5195 0.284619 -0.269155
14 1.66069 0 0 -0.111391 0.0758241 -1.56569
15 1.167 0 0 -0.00185674 -0.00185965 0.158579
16 2.18852 0.50104 0.0576591 1.53255 0.232941 0.064917
17 1.29609 0 0 0.015082 -0.044341 -0.516749
18 1.62202 0.000713348 -0.000471115 0.038495 -0.0112061 -1.72079
19 1.22241 0 0 0.00168805 -0.0236779 0.388832
20 1.76707 1.27612 0.0366411 1.49342 0.346301 0.063775
21 1.55588 0 0 -0.024872 -0.0645979 -0.831289
22 1.24273 0 0 -0.000478991 0.000360999 -1.33483
23 0.784523 0 0 0.0161959 -0.00188092 0.403201
24 -2.4735 7.79394 -0.077753 -0.275371 0.252825 -2.41516
25 6.02794 0 0 0.644462 0.537605 0.136355
26 11.7344 0 0 0.00140271 0 2.02091
27 8.81167 0 0 0.664862 0 0
28 5.77884 0 0 0.445457 0 0
29 2.23249 0 0 0.219404 0 0
30 11.4725 0 0 0.934428 0.139168 -1.06562
31 0.615812 0.994372 -0.809165 2.77788 0.472288 0.10795
32 2.24752 0 0 -0.10444 -0.036817 0.189869
33 1.11936 0 0 0.040943 0.17253 0.992367
34 3.71348 0.102639 0.102191 -1.64963 0.584187 -0.369879
35 1.72615 0 0 -0.0181545 0.003114 1.72396
36 1.21112 0 0 0.00667256 0.0080049 0.706752
37 3.5992 1.06012 0.0708871 -1.58384 -0.0108438 0.00177537
38 1.66069 0 0 0.0185096 0.075637 0.46316
39 1.16699 0 0 0.0410844 0.016021 0.836655
40 2.18853 -0.50104 0.0576587 -1.57144 -0.052163 -0.199004
41 1.29609 0 0 0.0937334 0.100102 0.813136
42 1.62202 -0.000712395 -0.000469208 -0.0212591 -0.00856308 1.65517
43 1.22241 0 0 0 0.00653299 0.655771
44 1.76707 -1.27612 0.0366406 -1.41856 -0.041957 -0.220998
45 1.55588 0 0 -0.0176207 0.0420968 0.790849
46 1.24273 0 0 0.000479007 0.000360966 1.35859
47 0.784531 0 0 -0.00138845 0.00235205 0.814052
48 0 0 0 0 0 0
49 -6.30515 2.6972 -9.73064 2.84811 -1.55671 -2.78212
50 -4.4567 -19.5369 -3.77284 -3.14159 -0.785397 3.14159
51 -4.4641 3.0151 -6.74232 0 -1.5708 0
52 -4.4567 -20.1145 -2.89952 0 -1.5708 0
53 -4.99 -8.26755 -4.56645 0 0 0
54 0.533295 -3.57396 -0.116835 0 0 0
55 -0.439463 -5.01739 0.910445 0 0 0
56 0 -2.26997 1.22871 0.0206799 0 0
57 0 -5.92124 1.78377 0 0 0
58 0 -2.12202 -0.0619302 0 0 0
59 -0.575001 -1.69351 1.13699 0 0 0
60 0 -4.97524 -0.469842 0 0 0
61 0.694227 -1.89081 0.409987 -0.785398 0 0
time 53
0 4.40254 -0.765094 -3.0277 -0.827034 0.693142 -1.04017
1 6.02794 0 0 0.212734 0.353727 -0.529409
2 11.7344 0 0 -0.00140282 0 -1.19955
3 8.81138 -0.000450134 -0.000112534 -2.10616 0 0.000157916
4 5.77839 0.000286102 0 -1.41113 0 0.000100151
5 2.23163 -0.000329971 -0.000364304 -0.695034 0 0
6 11.4725 0 0 -2.08774 0.209253 0.256119
7 0.615219 -0.993091 -0.8107 3.13843 0.250791 -0.497809
8 2.24752 0 0 0.0876461 0.074742 0.097919
9 1.11936 0 0 0.108719 0.0243714 0.169341
10 3.71348 -0.102641 0.102192 1.46942 0.773555 -0.173756
11 1.72615 0 0 0.028256 -0.00392504 -1.54455
12 1.21114 0 0 -0.000154135 0.000329192 0.33414
13 3.59919 -1.06012 0.0708885 1.5195 0.284619 -0.269155
14 1.66069 0 0 -0.111391 0.0758241 -1.56569
15 1.167 0 0 -0.00185523 -0.00186358 0.158312
16 2.18852 0.50104 0.0576591 1.53255 0.232941 0.064917
17 1.29609 0 0 0.015082 -0.044341 -0.516749
18 1.62202 0.000713348 -0.000471115 0.038495 -0.0112061 -1.72079
19 1.22241 0 0 0.00168805 -0.0236779 0.388832
20 1.76707 1.27612 0.0366411 1.49342 0.346301 0.063775
21 1.55588 0 0 -0.024872 -0.0645979 -0.831289
22 1.24273 0 0 -0.000478991 0.000360999 -1.33483
23 0.784523 0 0 0.0161959 -0.00188092 0.403201
24 -2.4735 7.79394 -0.077753 -0.275371 0.252825 -2.41516
25 6.02794 0 0 0.644462 0.537605 0.136355
26 11.7344 0 0 0.00140271 0 2.02091
27 8.81167 0 0 0.664862 0 0
28 5.77884 0 0 0.445457 0 0
29 2.23249 0 0 0.219404 0 0
30 11.4725 0 0 0.934428 0.139168 -1.06562
31 0.615812 0.994372 -0.809165 2.77788 0.472288 0.10795
32 2.24752 0 0 -0.10444 -0.036817 0.189869
33 1.11936 0 0 0.040943 0.17253 0.992367
34 3.71348 0.102639 0.102191 -1.64963 0.584187 -0.369879
35 1.72615 0 0 -0.0181545 0.003114 1.72396
36 1.21112 0 0 0.00667256 0.0080049 0.706752
37 3.5992 1.06012 0.0708871 -1.58384 -0.0108438 0.00177537
38 1.66069 0 0 0.0185096 0.075637 0.46316
39 1.16699 0 0 0.0410844 0.016021 0.836655
40 2.18853 -0.50104 0.0576587 -1.57144 -0.052163 -0.199004
41 1.29609 0 0 0.0937334 0.100102 0.813136
42 1.62202 -0.000712395 -0.000469208 -0.0212591 -0.00856308 1.65517
43 1.22241 0 0 0 0.00653299 0.655771
44 1.76707 -1.27612 0.0366406 -1.41856 -0.041957 -0.220998
45 1.55588 0 0 -0.0176207 0.0420968 0.790849
46 1.24273 0 0 0.000479007 0.000360966 1.35859
47 0.784531 0 0 -0.00138845 0.00235205 0.814052
48 0 0 0 0 0 0
49 -6.31825 2.69146 -9.74579 2.84929 -1.5567 -2.78281
50 -4.4567 -19.5369 -3.77284 -3.14159 -0.785397 3.14159
51 -4.4641 3.0151 -6.74232 0 -1.5708 0
52 -4.4567 -20.1145 -2.89952 0 -1.5708 0
53 -4.99 -8.26755 -4.56645 0 0 0
54 0.533295 -3.57396 -0.116835 0 0 0
55 -0.439463 -5.01739 0.910445 0 0 0
56 0 -2.26997 1.22871 0.0206799 0 0
57 0 -5.92124 1.78377 0 0 0
58 0 -2.12202 -0.0619302 0 0 0
59 -0.575001 -1.69351 1.13699 0 0 0
60 0 -4.97524 -0.469842 0 0 0
61 0.694227 -1.89081 0.409987 -0.785398 0 0
time 54
0 4.40254 -0.765094 -3.0277 -0.827034 0.693142 -1.04017
1 6.02794 0 0 0.212734 0.353727 -0.529409
2 11.7344 0 0 -0.00140282 0 -1.19955
3 8.81138 -0.000450134 -0.000112534 -2.10616 0 0.000157916
4 5.77839 0.000286102 0 -1.41113 0 0.000100151
5 2.23163 -0.000329971 -0.000364304 -0.695034 0 0
6 11.4725 0 0 -2.08774 0.209253 0.256119
7 0.615219 -0.993091 -0.8107 3.13843 0.250791 -0.497809
8 2.24752 0 0 0.0876461 0.074742 0.097919
9 1.11936 0 0 0.108713 0.0243797 0.169251
10 3.71348 -0.102641 0.102192 1.46942 0.773555 -0.173756
11 1.72615 0 0 0.028256 -0.00392504 -1.54455
12 1.21114 0 0 -0.000154135 0.000329192 0.33414
13 3.59919 -1.06012 0.0708885 1.5195 0.284619 -0.269155
14 1.66069 0 0 -0.111391 0.0758241 -1.56569
15 1.167 0 0 -0.00185374 -0.00186775 0.158046
16 2.18852 0.50104 0.0576591 1.53255 0.232941 0.064917
17 1.29609 0 0 0.015082 -0.044341 -0.516749
18 1.62202 0.000713348 -0.000471115 0.038495 -0.0112061 -1.72079
19 1.22241 0 0 0.00168805 -0.0236779 0.388832
20 1.76707 1.27612 0.0366411 1.49342 0.346301 0.063775
21 1.55588 0 0 -0.024872 -0.0645979 -0.831289
22 1.24273 0 0 -0.000478991 0.000360999 -1.33483
23 0.784523 0 0 0.0161959 -0.00188092 0.403201
24 -2.4735 7.79394 -0.077753 -0.275371 0.252825 -2.41516
25 6.02794 0 0 0.644462 0.537605 0.136355
26 11.7344 0 0 0.00140271 0 2.02091
27 8.81167 0 0 0.664862 0 0
28 5.77884 0 0 0.445457 0 0
29 2.23249 0 0 0.219404 0 0
30 11.4725 0 0 0.934428 0.139168 -1.06562
31 0.615812 0.994372 -0.809165 2.77788 0.472288 0.10795
32 2.24752 0 0 -0.10444 -0.036817 0.189869
33 1.11936 0 0 0.040943 0.17253 0.992367
34 3.71348 0.102639 0.102191 -1.64963 0.584187 -0.369879
35 1.72615 0 0 -0.0181545 0.003114 1.72396
36 1.21112 0 0 0.00667256 0.0080049 0.706752
37 3.5992 1.06012 0.0708871 -1.58384 -0.0108438 0.00177537
38 1.66069 0 0 0.0185096 0.075637 0.46316
39 1.16699 0 0 0.0410844 0.016021 0.836655
40 2.18853 -0.50104 0.0576587 -1.57144 -0.052163 -0.199004
41 1.29609 0 0 0.0937334 0.100102 0.813136
42 1.62202 -0.000712395 -0.000469208 -0.0212591 -0.00856308 1.65517
43 1.22241 0 0 0 0.00653299 0.655771
44 1.76707 -1.27612 0.0366406 -1.41856 -0.041957 -0.220998
45 1.55588 0 0 -0.0176207 0.0420968 0.790849
46 1.24273 0 0 0.000479007 0.000360966 1.35859
47 0.784531 0 0 -0.00138845 0.00235205 0.814052
48 0 0 0 0 0 0
49 -6.33134 2.68573 -9.76093 2.85046 -1.5567 -2.78349
50 -4.4567 -19.5369 -3.77284 -3.14159 -0.785397 3.14159
51 -4.4641 3.0151 -6.74232 0 -1.5708 0
52 -4.4567 -20.1145 -2.89952 0 -1.5708 0
53 -4.99 -8.26755 -4.56645 0 0 0
54 0.533295 -3.57396 -0.116835 0 0 0
55 -0.439463 -5.01739 0.910445 0 0 0
56 0 -2.26997 1.22871 0.0206799 0 0
57 0 -5.92124 1.78377 0 0 0
58 0 -2.12202 -0.0619302 0 0 0
59 -0.575001 -1.69351 1.13699 0 0 0
60 0 -4.97524 -0.469842 0 0 0
61 0.694227 -1.89081 0.409987 -0.785398 0 0
time 55
0 4.40254 -0.765094 -3.0277 -0.827034 0.693142 -1.04017
1 6.02794 0 0 0.212734 0.353727 -0.529409
2 11.7344 0 0 -0.00140282 0 -1.19955
3 8.81138 -0.000450134 -0.000112534 -2.10616 0 0.000157916
4 5.77839 0.000286102 0 -1.41113 0 0.000100151
5 2.23163 -0.000329971 -0.000364304 -0.695034 0 0
6 11.4725 0 0 -2.08774 0.209253 0.256119
7 0.615219 -0.993091 -0.8107 3.13843 0.250791 -0.497809
8 2.24752 0 0 0.0876461 0.074742 0.097919
9 1.11936 0 0 0.108708 0.024388 0.169162
10 3.71348 -0.102641 0.102192 1.46942 0.773555 -0.173756
11 1.72615 0 0 0.028256 -0.00392504 -1.54455
12 1.21114 0 0 -0.000154135 0.000329192 0.33414
13 3.59919 -1.06012 0.0708885 1.5195 0.284619 -0.269155
14 1.66069 0 0 -0.111391 0.0758241 -1.56569
15 1.167 0 0 -0.00185227 -0.00187186 0.157781
16 2.18852 0.50104 0.0576591 1.53255 0.232941 0.064917
17 1.29609 0 0 0.015082 -0.044341 -0.516749
18 1.62202 0.000713348 -0.000471115 0.038495 -0.0112061 -1.72079
19 1.22241 0 0 0.00168805 -0.0236779 0.388832
20 1.76707 1.27612 0.0366411 1.49342 0.346301 0.063775
21 1.55588 0 0 -0.024872 -0.0645979 -0.831289
22 1.24273 0 0 -0.000478991 0.000360999 -1.33483
23 0.784523 0 0 0.0161959 -0.00188092 0.403201
24 -2.4735 7.79394 -0.077753 -0.275371 0.252825 -2.41516
25 6.02794 0 0 0.644462 0.537605 0.136355
26 11.7344 0 0 0.00140271 0 2.02091
27 8.81167 0 0 0.664862 0 0
28 5.77884 0 0 0.445457 0 0
29 2.23249 0 0 0.219404 0 0
30 11.4725 0 0 0.934428 0.139168 -1.06562
31 0.615812 0.994372 -0.809165 2.77788 0.472288 0.10795
32 2.24752 0 0 -0.10444 -0.036817 0.189869
33 1.11936 0 0 0.040943 0.17253 0.992367
34 3.71348 0.102639 0.102191 -1.64963 0.584187 -0.369879
35 1.72615 0 0 -0.0181545 0.003114 1.72396
36 1.21112 0 0 0.00667256 0.0080049 0.706752
37 3.5992 1.06012 0.0708871 -1.58384 -0.0108438 0.00177537
38 1.66069 0 0 0.0185096 0.075637 0.46316
39 1.16699 0 0 0.0410844 0.016021 0.836655
40 2.18853 -0.50104 0.0576587 -1.57144 -0.052163 -0.199004
41 1.29609 0 0 0.0937334 0.100102 0.813136
42 1.62202 -0.000712395 -0.000469208 -0.0212591 -0.00856308 1.65517
43 1.22241 0 0 0 0.00653299 0.655771
44 1.76707 -1.27612 0.0366406 -1.41856 -0.041957 -0.220998
45 1.55588 0 0 -0.0176207 0.0420968 0.790849
46 1.24273 0 0 0.000479007 0.000360966 1.35859
47 0.784531 0 0 -0.00138845 0.00235205 0.814052
48 0 0 0 0 0 0
49 -6.34442 2.68 -9.77604 2.85164 -1.55669 -2.78418
50 -4.4567 -19.5369 -3.77284 -3.14159 -0.785397 3.14159
51 -4.4641 3.0151 -6.74232 0 -1.5708 0
52 -4.4567 -20.1145 -2.89952 0 -1.5708 0
53 -4.99 -8.26755 -4.56645 0 0 0
54 0.533295 -3.57396 -0.116835 0 0 0
55 -0.439463 -5.01739 0.910445 0 0 0
56 0 -2.26997 1.22871 0.0206799 0 0
57 0 -5.92124 1.78377 0 0 0
58 0 -2.12202 -0.0619302 0 0 0
59 -0.575001 -1.69351 1.13699 0 0 0
60 0 -4.97524 -0.469842 0 0 0
61 0.694227 -1.89081 0.409987 -0.785398 0 0
time 56
0 4.40254 -0.765094 -3.0277 -0.827034 0.693142 -1.04017
1 6.02794 0 0 0.212734 0.353727 -0.529409
2 11.7344 0 0 -0.00140282 0 -1.19955
3 8.81138 -0.000450134 -0.000112534 -2.10616 0 0.000157916
4 5.77839 0.000286102 0 -1.41113 0 0.000100151
5 2.23163 -0.000329971 -0.000364304 -0.695034 0 0
6 11.4725 0 0 -2.08774 0.209253 0.256119
7 0.615219 -0.993091 -0.8107 3.13843 0.250791 -0.497809
8 2.24752 0 0 0.0876461 0.074742 0.097919
9 1.11936 0 0 0.108702 0.0243962 0.169072
10 3.71348 -0.102641 0.102192 1.46942 0.773555 -0.173756
11 1.72615 0 0 0.028256 -0.00392504 -1.54455
12 1.21114 0 0 -0.000154135 0.000329192 0.33414
13 3.59919 -1.06012 0.0708885 1.5195 0.284619 -0.269155
14 1.66069 0 0 -0.111391 0.0758241 -1.56569
15 1.167 0 0 -0.00185077 -0.00187591 0.157516
16 2.18852 0.50104 0.0576591 1.53255 0.232941 0.064917
17 1.29609 0 0 0.015082 -0.044341 -0.516749
18 1.62202 0.000713348 -0.000471115 0.038495 -0.0112061 -1.72079
19 1.22241 0 0 0.00168805 -0.0236779 0.388832
20 1.76707 1.27612 0.0366411 1.49342 0.346301 0.063775
21 1.55588 0 0 -0.024872 -0.0645979 -0.831289
22 1.24273 0 0 -0.000478991 0.000360999 -1.33483
23 0.784523 0 0 0.0161959 -0.00188092 0.403201
24 -2.4735 7.79394 -0.077753 -0.275371 0.252825 -2.41516
25 6.02794 0 0 0.644462 0.537605 0.136355
26 11.7344 0 0 0.00140271 0 2.02091
27 8.81167 0 0 0.664862 0 0
28 5.77884 0 0 0.445457 0 0
29 2.23249 0 0 0.219404 0 0
30 11.4725 0 0 0.934428 0.139168 -1.06562
31 0.615812 0.994372 -0.809165 2.77788 0.472288 0.10795
32 2.24752 0 0 -0.10444 -0.036817 0.189869
33 1.11936 0 0 0.040943 0.17253 0.992367
34 3.71348 0.102639 0.102191 -1.64963 0.584187 -0.369879
35 1.72615 0 0 -0.0181545 0.003114 1.72396
36 1.21112 0 0 0.00667256 0.0080049 0.706752
37 3.5992 1.06012 0.0708871 -1.58384 -0.0108438 0.00177537
38 1.66069 0 0 0.0185096 0.075637 0.46316
39 1.16699 0 0 0.0410844 0.016021 0.836655
40 2.18853 -0.50104 0.0576587 -1.57144 -0.052163 -0.199004
41 1.29609 0 0 0.0937334 0.100102 0.813136
42 1.62202 -0.000712395 -0.000469208 -0.0212591 -0.00856308 1.65517
43 1.22241 0 0 0 0.00653299 0.655771
44 1.76707 -1.27612 0.0366406 -1.41856 -0.041957 -0.220998
45 1.55588 0 0 -0.0176207 0.0420968 0.790849
46 1.24273 0 0 0.000479007 0.000360966 1.35859
47 0.784531 0 0 -0.00138845 0.00235205 0.814052
48 0 0 0 0 0 0
49 -6.3575 2.67428 -9.79113 2.85282 -1.55669 -2.78486
50 -4.4567 -19.5369 -3.77284 -3.14159 -0.785397 3.14159
51 -4.4641 3.0151 -6.74232 0 -1.5708 0
52 -4.4567 -20.1145 -2.89952 0 -1.5708 0
53 -4.99 -8.26755 -4.56645 0 0 0
54 0.533295 -3.57396 -0.116835 0 0 0
55 -0.439463 -5.01739 0.910445 0 0 0
56 0 -2.26997 1.22871 0.0206799 0 0
57 0 -5.92124 1.78377 0 0 0
58 0 -2.12202 -0.0619302 0 0 0
59 -0.575001 -1.69351 1.13699 0 0 0
60 0 -4.97524 -0.469842 0 0 0
61 0.694227 -1.89081 0.409987 -0.785398 0 0
time 57
0 4.40254 -0.765094 -3.0277 -0.827034 0.693142 -1.04017
1 6.02794 0 0 0.212734 0.353727 -0.529409
2 11.7344 0 0 -0.00140282 0 -1.19955
3 8.81138 -0.000450134 -0.000112534 -2.10616 0 0.000157916
4 5.77839 0.000286102 0 -1.41113 0 0.000100151
5 2.23163 -0.000329971 -0.000364304 -0.695034 0 0
6 11.4725 0 0 -2.08774 0.209253 0.256119
7 0.615219 -0.993091 -0.8107 3.13843 0.250791 -0.497809
8 2.24752 0 0 0.0876461 0.074742 0.097919
9 1.11936 0 0 0.108697 0.0244045 0.168984
10 3.71348 -0.102641 0.102192 1.46942 0.773555 -0.173756
11 1.72615 0 0 0.028256 -0.00392504 -1.54455
12 1.21114 0 0 -0.000154135 0.000329192 0.33414
13 3.59919 -1.06012 0.0708885 1.5195 0.284619 -0.269155
14 1.66069 0 0 -0.111391 0.0758241 -1.56569
15 1.167 0 0 -0.00184925 -0.00187996 0.157252
16 2.18852 0.50104 0.0576591 1.53255 0.232941 0.064917
17 1.29609 0 0 0.015082 -0.044341 -0.516749
18 1.62202 0.000713348 -0.000471115 0.038495 -0.0112061 -1.72079
19 1.22241 0 0 0.00168805 -0.0236779 0.388832
20 1.76707 1.27612 0.0366411 1.49342 0.346301 0.063775
21 1.55588 0 0 -0.024872 -0.0645979 -0.831289
22 1.24273 0 0 -0.000478991 0.000360999 -1.33483
23 0.784523 0 0 0.0161959 -0.00188092 0.403201
24 -2.4735 7.79394 -0.077753 -0.275371 0.252825 -2.41516
25 6.02794 0 0 0.644462 0.537605 0.136355
26 11.7344 0 0 0.00140271 0 2.02091
27 8.81167 0 0 0.664862 0 0
28 5.77884 0 0 0.445457 0 0
29 2.23249 0 0 0.219404 0 0
30 11.4725 0 0 0.934428 0.139168 -1.06562
31 0.615812 0.994372 -0.809165 2.77788 0.472288 0.10795
32 2.24752 0 0 -0.10444 -0.036817 0.189869
33 1.11936 0 0 0.040943 0.17253 0.992367
34 3.71348 0.102639 0.102191 -1.64963 0.584187 -0.369879
35 1.72615 0 0 -0.0181545 0.003114 1.72396
36 1.21112 0 0 0.00667256 0.0080049 0.706752
37 3.5992 1.06012 0.0708871 -1.58384 -0.0108438 0.00177537
38 1.66069 0 0 0.0185096 0.075637 0.46316
39 1.16699 0 0 0.0410844 0.016021 0.836655
40 2.18853 -0.50104 0.0576587 -1.57144 -0.052163 -0.199004
41 1.29609 0 0 0.0937334 0.100102 0.813136
42 1.62202 -0.000712395 -0.000469208 -0.0212591 -0.00856308 1.65517
43 1.22241 0 0 0 0.00653299 0.655771
44 1.76707 -1.27612 0.0366406 -1.41856 -0.041957 -0.220998
45 1.55588 0 0 -0.0176207 0.0420968 0.790849
46 1.24273 0 0 0.000479007 0.000360966 1.35859
47 0.784531 0 0 -0.00138845 0.00235205 0.814052
48 0 0 0 0 0 0
49 -6.37056 2.66857 -9.80619 2.85399 -1.55668 -2.78554
50 -4.4567 -19.5369 -3.77284 -3.14159 -0.785397 3.14159
51 -4.4641 3.0151 -6.74232 0 -1.5708 0
52 -4.4567 -20.1145 -2.89952 0 -1.5708 0
53 -4.99 -8.26755 -4.56645 0 0 0
54 0.533295 -3.57396 -0.116835 0 0 0
55 -0.439463 -5.01739 0.910445 0 0 0
56 0 -2.26997 1.22871 0.0206799 0 0
57 0 -5.92124 1.78377 0 0 0
58 0 -2.12202 -0.0619302 0 0 0
59 -0.575001 -1.69351 1.13699 0 0 0
60 0 -4.97524 -0.469842 0 0 0
61 0.694227 -1.89081 0.409987 -0.785398 0 0
time 58
0 4.40254 -0.765094 -3.0277 -0.827034 0.693142 -1.04017
1 6.02794 0 0 0.212734 0.353727 -0.529409
2 11.7344 0 0 -0.00140282 0 -1.19955
3 8.81138 -0.000450134 -0.000112534 -2.10616 0 0.000157916
4 5.77839 0.000286102 0 -1.41113 0 0.000100151
5 2.23163 -0.000329971 -0.000364304 -0.695034 0 0
6 11.4725 0 0 -2.08774 0.209253 0.256119
7 0.615219 -0.993091 -0.8107 3.13843 0.250791 -0.497809
8 2.24752 0 0 0.0876461 0.074742 0.097919
9 1.11936 0 0 0.108691 0.0244128 0.168895
10 3.71348 -0.102641 0.102192 1.46942 0.773555 -0.173756
11 1.72615 0 0 0.028256 -0.00392504 -1.54455
12 1.21114 0 0 -0.000154135 0.000329192 0.33414
13 3.59919 -1.06012 0.0708885 1.5195 0.284619 -0.269155
14 1.66069 0 0 -0.111391 0.0758241 -1.56569
15 1.167 0 0 -0.0018479 -0.00188394 0.156988
16 2.18852 0.50104 0.0576591 1.53255 0.232941 0.064917
17 1.29609 0 0 0.015082 -0.044341 -0.516749
18 1.62202 0.000713348 -0.000471115 0.038495 -0.0112061 -1.72079
19 1.22241 0 0 0.00168805 -0.0236779 0.388832
20 1.76707 1.27612 0.0366411 1.49342 0.346301 0.063775
21 1.55588 0 0 -0.024872 -0.0645979 -0.831289
22 1.24273 0 0 -0.000478991 0.000360999 -1.33483
23 0.784523 0 0 0.0161959 -0.00188092 0.403201
24 -2.4735 7.79394 -0.077753 -0.275371 0.252825 -2.41516
25 6.02794 0 0 0.644462 0.537605 0.136355
26 11.7344 0 0 0.00140271 0 2.02091
27 8.81167 0 0 0.664862 0 0
28 5.77884 0 0 0.445457 0 0
29 2.23249 0 0 0.219404 0 0
30 11.4725 0 0 0.934428 0.139168 -1.06562
31 0.615812 0.994372 -0.809165 2.77788 0.472288 0.10795
32 2.24752 0 0 -0.10444 -0.036817 0.189869
33 1.11936 0 0 0.040943 0.17253 0.992367
34 3.71348 0.102639 0.102191 -1.64963 0.584187 -0.369879
35 1.72615 0 0 -0.0181545 0.003114 1.72396
36 1.21112 0 0 0.00667256 0.0080049 0.706752
37 3.5992 1.06012 0.0708871 -1.58384 -0.0108438 0.00177537
38 1.66069 0 0 0.0185096 0.075637 0.46316
39 1.16699 0 0 0.0410844 0.016021 0.836655
40 2.18853 -0.50104 0.0576587 -1.57144 -0.052163 -0.199004
41 1.29609 0 0 0.0937334 0.100102 0.813136
42 1.62202 -0.000712395 -0.000469208 -0.0212591 -0.00856308 1.65517
43 1.22241 0 0 0 0.00653299 0.655771
44 1.76707 -1.27612 0.0366406 -1.41856 -0.041957 -0.220998
45 1.55588 0 0 -0.0176207 0.0420968 0.790849
46 1.24273 0 0 0.000479007 0.000360966 1.35859
47 0.784531 0 0 -0.00138845 0.00235205 0.814052
48 0 0 0 0 0 0
49 -6.38362 2.66288 -9.82123 2.85516 -1.55668 -2.78622
50 -4.4567 -19.5369 -3.77284 -3.14159 -0.785397 3.14159
51 -4.4641 3.0151 -6.74232 0 -1.5708 0
52 -4.4567 -20.1145 -2.89952 0 -1.5708 0
53 -4.99 -8.26755 -4.56645 0 0 0
54 0.533295 -3.57396 -0.116835 0 0 0
55 -0.439463 -5.01739 0.910445 0 0 0
56 0 -2.26997 1.22871 0.0206799 0 0
57 0 -5.92124 1.78377 0 0 0
58 0 -2.12202 -0.0619302 0 0 0
59 -0.575001 -1.69351 1.13699 0 0 0
60 0 -4.97524 -0.469842 0 0 0
61 0.694227 -1.89081 0.409987 -0.785398 0 0
time 59
0 4.40254 -0.765094 -3.0277 -0.827034 0.693142 -1.04017
1 6.02794 0 0 0.212734 0.353727 -0.529409
2 11.7344 0 0 -0.00140282 0 -1.19955
3 8.81138 -0.000450134 -0.000112534 -2.10616 0 0.000157916
4 5.77839 0.000286102 0 -1.41113 0 0.000100151
5 2.23163 -0.000329971 -0.000364304 -0.695034 0 0
6 11.4725 0 0 -2.08774 0.209253 0.256119
7 0.615219 -0.993091 -0.8107 3.13843 0.250791 -0.497809
8 2.24752 0 0 0.0876461 0.074742 0.097919
9 1.11936 0 0 0.108686 0.024421 0.168806
10 3.71348 -0.102641 0.102192 1.46942 0.773555 -0.173756
11 1.72615 0 0 0.028256 -0.00392504 -1.54455
12 1.21114 0 0 -0.000154135 0.000329192 0.33414
13 3.59919 -1.06012 0.0708885 1.5195 0.284619 -0.269155
14 1.66069 0 0 -0.111391 0.0758241 -1.56569
15 1.167 0 0 -0.00184637 -0.00188793 0.156726
16 2.18852 0.50104 0.0576591 1.53255 0.232941 0.064917
17 1.29609 0 0 0.015082 -0.044341 -0.516749
18 1.62202 0.000713348 -0.000471115 0.038495 -0.0112061 -1.72079
19 1.22241 0 0 0.00168805 -0.0236779 0.388832
20 1.76707 1.27612 0.0366411 1.49342 0.346301 0.063775
21 1.55588 0 0 -0.024872 -0.0645979 -0.831289
22 1.24273 0 0 -0.000478991 0.000360999 -1.33483
23 0.784523 0 0 0.0161959 -0.00188092 0.403201
24 -2.4735 7.79394 -0.077753 -0.275371 0.252825 -2.41516
25 6.02794 0 0 0.644462 0.537605 0.136355
26 11.7344 0 0 0.00140271 0 2.02091
27 8.81167 0 0 0.664862 0 0
28 5.77884 0 0 0.445457 0 0
29 2.23249 0 0 0.219404 0 0
30 11.4725 0 0 0.934428 0.139168 -1.06562
31 0.615812 0.994372 -0.809165 2.77788 0.472288 0.10795
32 2.24752 0 0 -0.10444 -0.036817 0.189869
33 1.11936 0 0 0.040943 0.17253 0.992367
34 3.71348 0.102639 0.102191 -1.64963 0.584187 -0.369879
35 1.72615 0 0 -0.0181545 0.003114 1.72396
36 1.21112 0 0 0.00667256 0.0080049 0.706752
37 3.5992 1.06012 0.0708871 -1.58384 -0.0108438 0.00177537
38 1.66069 0 0 0.0185096 0.075637 0.46316
39 1.16699 0 0 0.0410844 0.016021 0.836655
40 2.18853 -0.50104 0.0576587 -1.57144 -0.052163 -0.199004
41 1.29609 0 0 0.0937334 0.100102 0.813136
42 1.62202 -0.000712395 -0.000469208 -0.0212591 -0.00856308 1.65517
43 1.22241 0 0 0 0.00653299 0.655771
44 1.76707 -1.27612 0.0366406 -1.41856 -0.041957 -0.220998
45 1.55588 0 0 -0.0176207 0.0420968 0.790849
46 1.24273 0 0 0.000479007 0.000360966 1.35859
47 0.784531 0 0 -0.00138845 0.00235205 0.814052
48 0 0 0 0 0 0
49 -6.39666 2.65719 -9.83625 2.85633 -1.55667 -2.78691
50 -4.4567 -19.5369 -3.77284 -3.14159 -0.785397 3.14159
51 -4.4641 3.0151 -6.74232 0 -1.5708 0
52 -4.4567 -20.1145 -2.89952 0 -1.5708 0
53 -4.99 -8.26755 -4.56645 0 0 0
54 0.533295 -3.57396 -0.116835 0 0 0
55 -0.439463 -5.01739 0.910445 0 0 0
56 0 -2.26997 1.22871 0.0206799 0 0
57 0 -5.92124 1.78377 0 0 0
58 0 -2.12202 -0.0619302 0 0 0
59 -0.575001 -1.69351 1.13699 0 0 0
60 0 -4.97524 -0.469842 0 0 0
61 0.694227 -1.89081 0.409987 -0.785398 0 0
time 60
0 4.40254 -0.765094 -3.0277 -0.827034 0.693142 -1.04017
1 6.02794 0 0 0.212734 0.353727 -0.529409
2 11.7344 0 0 -0.00140282 0 -1.19955
3 8.81138 -0.000450134 -0.000112534 -2.10616 0 0.000157916
4 5.77839 0.000286102 0 -1.41113 0 0.000100151
5 2.23163 -0.000329971 -0.000364304 -0.695034 0 0
6 11.4725 0 0 -2.08774 0.209253 0.256119
7 0.615219 -0.993091 -0.8107 3.13843 0.250791 -0.497809
8 2.24752 0 0 0.0876461 0.074742 0.097919
9 1.11936 0 0 0.10868 0.0244291 0.168718
10 3.71348 -0.102641 0.102192 1.46942 0.773555 -0.173756
11 1.72615 0 0 0.028256 -0.00392504 -1.54455
12 1.21114 0 0 -0.000154135 0.000329192 0.33414
13 3.59919 -1.06012 0.0708885 1.5195 0.284619 -0.269155
14 1.66069 0 0 -0.111391 0.0758241 -1.56569
15 1.167 0 0 -0.00184483 -0.0018921 0.156465
16 2.18852 0.50104 0.0576591 1.53255 0.232941 0.064917
17 1.29609 0 0 0.015082 -0.044341 -0.516749
18 1.62202 0.000713348 -0.000471115 0.038495 -0.0112061 -1.72079
19 1.22241 0 0 0.00168805 -0.0236779 0.388832
20 1.76707 1.27612 0.0366411 1.49342 0.346301 0.063775
21 1.55588 0 0 -0.024872 -0.0645979 -0.831289
22 1.24273 0 0 -0.000478991 0.000360999 -1.33483
23 0.784523 0 0 0.0161959 -0.00188092 0.403201
24 -2.4735 7.79394 -0.077753 -0.275371 0.252825 -2.41516
25 6.02794 0 0 0.644462 0.537605 0.136355
26 11.7344 0 0 0.00140271 0 2.02091
27 8.81167 0 0 0.664862 0 0
28 5.77884 0 0 0.445457 0 0
29 2.23249 0 0 0.219404 0 0
30 11.4725 0 0 0.934428 0.139168 -1.06562
31 0.615812 0.994372 -0.809165 2.77788 0.472288 0.10795
32 2.24752 0 0 -0.10444 -0.036817 0.189869
33 1.11936 0 0 0.040943 0.17253 0.992367
34 3.71348 0.102639 0.102191 -1.64963 0.584187 -0.369879
35 1.72615 0 0 -0.0181545 0.003114 1.72396
36 1.21112 0 0 0.00667256 0.0080049 0.706752
37 3.5992 1.06012 0.0708871 -1.58384 -0.0108438 0.00177537
38 1.66069 0 0 0.0185096 0.075637 0.46316
39 1.16699 0 0 0.0410844 0.016021 0.836655
40 2.18853 -0.50104 0.0576587 -1.57144 -0.052163 -0.199004
41 1.29609 0 0 0.0937334 0.100102 0.813136
42 1.62202 -0.000712395 -0.000469208 -0.0212591 -0.00856308 1.65517
43 1.22241 0 0 0 0.00653299 0.655771
44 1.76707 -1.27612 0.0366406 -1.41856 -0.041957 -0.220998
45 1.55588 0 0 -0.0176207 0.0420968 0.790849
46 1.24273 0 0 0.000479007 0.000360966 1.35859
47 0.784531 0 0 -0.00138845 0.00235205 0.814052
48 0 0 0 0 0 0
49 -6.4097 2.65151 -9.85125 2.85749 -1.55667 -2.78758
50 -4.4567 -19.5369 -3.77284 -3.14159 -0.785397 3.14159
51 -4.4641 3.0151 -6.74232 0 -1.5708 0
52 -4.4567 -20.1145 -2.89952 0 -1.5708 0
53 -4.99 -8.26755 -4.56645 0 0 0
54 0.533295 -3.57396 -0.116835 0 0 0
55 -0.439463 -5.01739 0.910445 0 0 0
56 0 -2.26997 1.22871 0.0206799 0 0
57 0 -5.92124 1.78377 0 0 0
58 0 -2.12202 -0.0619302 0 0 0
59 -0.575001 -1.69351 1.13699 0 0 0
60 0 -4.97524 -0.469842 0 0 0
61 0.694227 -1.89081 0.409987 -0.785398 0 0
end
