//Sequence File generated by the Wall Worm SMD Exporter PRO 1.99
//www.wallworm.com
version 1
nodes
0 "b_l_clav" -1
1 "b_l_upperarm" 0
2 "b_l_forearm" 1
3 "b_l_twist3" 2
4 "b_l_twist2" 2
5 "b_l_twist1" 2
6 "b_l_hand" 2
7 "b_l_thumb001" 6
8 "b_l_thumb002" 7
9 "b_l_thumb003" 8
10 "b_l_middle001" 6
11 "b_l_middle002" 10
12 "b_l_middle003" 11
13 "b_l_index001" 6
14 "b_l_index002" 13
15 "b_l_index003" 14
16 "b_l_hand_ringsqueezer" 6
17 "b_l_ring001" 16
18 "b_l_ring002" 17
19 "b_l_ring003" 18
20 "b_l_hand_pinkysqueezer" 6
21 "b_l_pinky001" 20
22 "b_l_pinky002" 21
23 "b_l_pinky003" 22
24 "b_r_clav" -1
25 "b_r_upperarm" 24
26 "b_r_forearm" 25
27 "b_r_twist3" 26
28 "b_r_twist2" 26
29 "b_r_twist1" 26
30 "b_r_hand" 26
31 "b_r_thumb001" 30
32 "b_r_thumb002" 31
33 "b_r_thumb003" 32
34 "b_r_middle001" 30
35 "b_r_middle002" 34
36 "b_r_middle003" 35
37 "b_r_index001" 30
38 "b_r_index002" 37
39 "b_r_index003" 38
40 "b_r_hand_ringsqueezer" 30
41 "b_r_ring001" 40
42 "b_r_ring002" 41
43 "b_r_ring003" 42
44 "b_r_hand_pinkysqueezer" 30
45 "b_r_pinky001" 44
46 "b_r_pinky002" 45
47 "b_r_pinky003" 46
48 "b_zero" -1
49 "d_boolet004" -1
50 "d_boolet1" -1
51 "d_boolet3" -1
52 "d_boolet_case" -1
53 "d_walk" -1
54 "d_gun" 53
55 "d_cover" 54
56 "d_carry" 54
57 "d_bolt" 54
58 "d_trig" 54
59 "d_safe" 54
60 "d_lever" 54
61 "d_ham" 54
end
skeleton
time 0
0 4.40254 -0.765094 -3.0277 -0.827033 0.693143 -1.04017
1 6.02794 0 0 0.212733 0.353726 -0.52941
2 11.7344 0 0 -0.00140289 0 -1.19955
3 8.81138 -0.000450134 -0.00011158 -2.10616 0 0.00015711
4 5.77839 0.000286102 0 -1.41113 0 0
5 2.23163 -0.000328064 -0.000363827 -0.695034 0 0
6 11.4725 0 0 -2.08774 0.209253 0.256119
7 0.615219 -0.99309 -0.8107 3.13843 0.250791 -0.497809
8 2.24752 0 0 0.0876464 0.0747425 0.0979191
9 1.11936 0 0 0.10922 0.0236221 0.177412
10 3.71348 -0.10264 0.102191 1.46942 0.773555 -0.173756
11 1.72615 0 0 0.0282564 -0.00392485 -1.54455
12 1.21114 0 0 -0.000154008 0.00032905 0.33414
13 3.59919 -1.06012 0.0708885 1.5195 0.284619 -0.269155
14 1.66068 0 0 -0.111391 0.0758235 -1.56569
15 1.167 0 0 -0.00198881 -0.00149694 0.182279
16 2.18852 0.501041 0.0576591 1.53255 0.232941 0.0649165
17 1.29609 0 0 0.0150818 -0.0443405 -0.516749
18 1.62202 0.000711441 -0.000470161 0.0384952 -0.0112056 -1.72079
19 1.22241 0 0 0.00168815 -0.0236783 0.388832
20 1.76707 1.27612 0.0366411 1.49342 0.346301 0.0637747
21 1.55588 0 0 -0.0248723 -0.0645981 -0.831289
22 1.24274 0 0 -0.000479074 0.000360479 -1.33483
23 0.784523 0 0 0.0161963 -0.00188051 0.403201
24 -2.4735 7.79394 -0.077753 -0.275371 0.252825 -2.41516
25 6.02794 0 0 0.644464 0.537604 0.136356
26 11.7344 0 0 0.00140264 0 2.02091
27 8.81167 0 0 0.664861 0 0
28 5.77884 0 0 0.445457 0 0
29 2.23249 0 0 0.219404 0 0
30 11.4725 0 0 0.934427 0.13917 -1.06562
31 0.615813 0.994372 -0.809165 2.77788 0.472288 0.107949
32 2.24752 0 0 -0.10444 -0.036817 0.189869
33 1.11936 0 0 0.0409435 0.17253 0.992367
34 3.71349 0.102639 0.10219 -1.64963 0.584186 -0.369879
35 1.72615 0 0 -0.018154 0.0031142 1.72396
36 1.21112 0 0 0.00667255 0.00800498 0.706751
37 3.5992 1.06012 0.070888 -1.58383 -0.0108439 0.00177542
38 1.66069 0 0 0.01851 0.0756372 0.46316
39 1.16699 0 0 0.041085 0.0160212 0.836655
40 2.18853 -0.50104 0.0576591 -1.57144 -0.0521632 -0.199003
41 1.29609 0 0 0.0937335 0.100102 0.813135
42 1.62202 -0.000713348 -0.000469208 -0.0212591 -0.00856306 1.65517
43 1.22241 0 0 0 0.00653318 0.655771
44 1.76707 -1.27612 0.0366402 -1.41856 -0.0419569 -0.220999
45 1.55588 0 0 -0.0176209 0.0420963 0.79085
46 1.24273 0 0 0.000478887 0.000360623 1.35859
47 0.784532 0 0 -0.00138838 0.00235245 0.814053
48 0 0 0 0 0 0
49 -4.4641 3.0151 -7.80957 0 -1.5708 0
50 -4.4567 -19.5369 -3.77284 3.14159 -0.785398 3.14159
51 -4.4641 3.0151 -6.74232 0 -1.5708 0
52 -4.4567 -20.1145 -2.89952 0 -1.5708 0
53 -4.98999 -8.26755 -4.56645 0 0 0
54 0.533295 -3.57396 -0.116835 0 0 0
55 -0.439464 -5.01739 0.910444 0 0 0
56 0 -2.26997 1.22871 0.0206798 0 0
57 0 -5.92124 1.78377 0 0 0
58 0 -2.12202 -0.0619297 0 0 0
59 -0.575001 -1.69351 1.13699 0 0 0
60 0 -4.97524 -0.469841 0 0 0
61 0.694227 -1.89081 0.409987 -0.785398 0 0
time 1
0 4.40254 -0.765094 -3.0277 -0.827033 0.693143 -1.04017
1 6.02794 0 0 0.212691 0.35397 -0.529793
2 11.7344 0 0 -0.00140283 0 -1.19908
3 8.81138 -0.000452042 -0.00011301 -2.10605 0 0.000158158
4 5.77839 0.000284195 0 -1.41105 0 0.000100122
5 2.23163 -0.000329971 -0.00036478 -0.694997 0 0
6 11.4725 0 0 -2.08767 0.208819 0.255794
7 0.61522 -0.993092 -0.810699 3.13843 0.250791 -0.497809
8 2.24752 0 0 0.0876464 0.0747425 0.0979191
9 1.11936 0 0 0.10922 0.023622 0.177412
10 3.71348 -0.102642 0.102192 1.46942 0.773555 -0.173756
11 1.72615 0 0 0.0282564 -0.00392477 -1.54455
12 1.21114 0 0 -0.000154005 0.000328929 0.33414
13 3.59919 -1.06012 0.0708885 1.5195 0.284619 -0.269155
14 1.66068 0 0 -0.111391 0.0758239 -1.56569
15 1.167 0 0 -0.00198889 -0.00149675 0.182279
16 2.18852 0.501041 0.0576591 1.53255 0.232941 0.0649167
17 1.29609 0 0 0.0150819 -0.0443405 -0.516749
18 1.62202 0.000713348 -0.000472069 0.0384953 -0.0112056 -1.72079
19 1.22241 0 0 0.0016882 -0.0236784 0.388832
20 1.76707 1.27612 0.0366402 1.49342 0.346301 0.0637749
21 1.55587 0 0 -0.0248724 -0.064598 -0.831289
22 1.24273 0 0 -0.000479087 0.000360544 -1.33483
23 0.784523 0 0 0.0161964 -0.00188059 0.403202
24 -2.4735 7.79394 -0.077753 -0.275371 0.252825 -2.41516
25 6.02794 0 0 0.644709 0.537991 0.136069
26 11.7344 0 0 0.00140271 0 2.02092
27 8.81167 0 0 0.664664 0 0
28 5.77884 0 0 0.445325 0 0
29 2.23249 0 0 0.219339 0 0
30 11.4725 0 0 0.933774 0.139204 -1.06513
31 0.615813 0.994373 -0.809166 2.77788 0.472288 0.107949
32 2.24752 0 0 -0.10444 -0.0368169 0.189869
33 1.11936 0 0 0.0409433 0.17253 0.992366
34 3.71349 0.102639 0.10219 -1.64963 0.584187 -0.369879
35 1.72615 0 0 -0.018154 0.00311424 1.72396
36 1.21112 0 0 0.00667249 0.00800506 0.706752
37 3.5992 1.06012 0.070888 -1.58383 -0.0108438 0.00177535
38 1.66069 0 0 0.01851 0.0756372 0.46316
39 1.16699 0 0 0.0410849 0.0160212 0.836655
40 2.18853 -0.501041 0.0576582 -1.57144 -0.0521632 -0.199003
41 1.29609 0 0 0.0937336 0.100102 0.813136
42 1.62202 -0.000713348 -0.000469208 -0.0212591 -0.00856304 1.65517
43 1.22241 0 0 0 0.00653325 0.655771
44 1.76707 -1.27612 0.0366402 -1.41856 -0.041957 -0.220999
45 1.55588 0 0 -0.0176208 0.0420963 0.79085
46 1.24273 0 0 0.000478784 0.000360649 1.35859
47 0.784532 0 0 -0.00138838 0.00235238 0.814053
48 0 0 0 0 0 0
49 -4.47127 3.01434 -7.81469 -0.773094 -1.57041 0.773115
50 -4.46181 -19.5365 -3.77194 -3.14122 -0.785672 3.14137
51 -4.47098 3.01462 -6.74744 -0.773094 -1.57041 0.773115
52 -4.46155 -20.114 -2.89846 -0.773094 -1.57041 0.773115
53 -4.9958 -8.26747 -4.56841 -0.00026705 0.000273763 0
54 0.533295 -3.57396 -0.116835 0 0 0
55 -0.439464 -5.01739 0.910444 0 0 0
56 0 -2.26997 1.22871 0.0206798 0 0
57 0 -5.92124 1.78377 0 0 0
58 0 -2.12202 -0.0619292 0 0 0
59 -0.575001 -1.69351 1.13699 0 0 0
60 0 -4.97525 -0.469841 0 0 0
61 0.694227 -1.89081 0.409988 -0.785398 0 0
time 2
0 4.40254 -0.765094 -3.0277 -0.827033 0.693143 -1.04017
1 6.02794 0 0 0.212582 0.354616 -0.530802
2 11.7344 0 0 -0.00140282 0 -1.19786
3 8.81138 -0.000450134 -0.000112534 -2.10575 0 0.000156939
4 5.77839 0.000284195 0 -1.41085 0 0
5 2.23163 -0.000329971 -0.000365257 -0.694898 0 0
6 11.4725 0 0 -2.0875 0.207647 0.254907
7 0.61522 -0.993093 -0.8107 3.13843 0.250791 -0.497809
8 2.24752 0 0 0.0876464 0.0747425 0.097919
9 1.11936 0 0 0.10922 0.0236221 0.177413
10 3.71348 -0.10264 0.102191 1.46942 0.773555 -0.173756
11 1.72615 0 0 0.0282566 -0.00392481 -1.54455
12 1.21114 0 0 -0.000153922 0.000328975 0.33414
13 3.59919 -1.06012 0.0708885 1.5195 0.284618 -0.269155
14 1.66069 0 0 -0.111391 0.0758237 -1.56569
15 1.167 0 0 -0.00198891 -0.00149693 0.182279
16 2.18853 0.501038 0.0576591 1.53255 0.232941 0.0649167
17 1.29609 0 0 0.0150819 -0.0443407 -0.516749
18 1.62202 0.000711441 -0.000473022 0.0384953 -0.0112056 -1.72079
19 1.22241 0 0 0.00168807 -0.0236783 0.388832
20 1.76707 1.27612 0.0366421 1.49342 0.346301 0.0637749
21 1.55588 0 0 -0.0248723 -0.0645983 -0.831289
22 1.24274 0 0 -0.000479301 0.000360527 -1.33483
23 0.784523 0 0 0.0161964 -0.00188069 0.403201
24 -2.4735 7.79394 -0.077753 -0.275371 0.252825 -2.41516
25 6.02794 0 0 0.645334 0.539016 0.135297
26 11.7344 0 0 0.00140265 0 2.02096
27 8.81167 0 0 0.664142 0 0
28 5.77884 0 0 0.444975 0 0
29 2.23249 0 0 0.219167 0 0
30 11.4725 0 0 0.932037 0.139272 -1.06381
31 0.615813 0.994373 -0.809165 2.77788 0.472288 0.107949
32 2.24752 0 0 -0.10444 -0.0368171 0.189869
33 1.11936 0 0 0.0409434 0.17253 0.992367
34 3.71349 0.102639 0.10219 -1.64963 0.584187 -0.369879
35 1.72615 0 0 -0.018154 0.0031141 1.72396
36 1.21112 0 0 0.00667253 0.00800501 0.706752
37 3.5992 1.06012 0.070888 -1.58383 -0.0108438 0.00177547
38 1.66069 0 0 0.01851 0.0756372 0.46316
39 1.16699 0 0 0.0410849 0.0160212 0.836655
40 2.18853 -0.50104 0.0576587 -1.57144 -0.0521631 -0.199003
41 1.29609 0 0 0.0937335 0.100102 0.813135
42 1.62202 -0.000714302 -0.000469208 -0.0212591 -0.008563 1.65517
43 1.22241 0 0 0 0.00653315 0.655771
44 1.76707 -1.27612 0.0366402 -1.41856 -0.0419568 -0.220999
45 1.55588 0 0 -0.017621 0.0420962 0.79085
46 1.24273 0 0 0.000478938 0.000360505 1.35859
47 0.784532 0 0 -0.00138839 0.00235243 0.814052
48 0 0 0 0 0 0
49 -4.49041 3.01225 -7.82878 -0.771251 -1.56937 0.77142
50 -4.47528 -19.5357 -3.76964 -3.14019 -0.78642 3.14076
51 -4.48932 3.01331 -6.76153 -0.771251 -1.56937 0.77142
52 -4.4743 -20.1125 -2.89575 -0.771251 -1.56937 0.77142
53 -5.01119 -8.26725 -4.57391 -0.000993988 0.00102266 0.000159093
54 0.533294 -3.57396 -0.116834 0 0 0
55 -0.439463 -5.01739 0.910444 0 0 0
56 0 -2.26997 1.22871 0.0206798 0 0
57 0 -5.92124 1.78377 0 0 0
58 0 -2.12202 -0.0619297 0 0 0
59 -0.575001 -1.69351 1.13699 0 0 0
60 0 -4.97525 -0.469841 0 0 0
61 0.694227 -1.89081 0.409987 -0.785398 0 0
time 3
0 4.40254 -0.765094 -3.0277 -0.827033 0.693143 -1.04017
1 6.02794 0 0 0.212427 0.355537 -0.532228
2 11.7344 0 0 -0.00140288 0 -1.19611
3 8.81138 -0.000450134 -0.000112057 -2.10532 0 0.000157891
4 5.77839 0.000286102 0 -1.41056 0 0
5 2.23163 -0.000329971 -0.000364304 -0.694755 0 0
6 11.4725 0 0 -2.08726 0.205928 0.253585
7 0.615219 -0.993092 -0.810701 3.13843 0.250791 -0.497809
8 2.24752 0 0 0.0876463 0.0747425 0.097919
9 1.11936 0 0 0.10922 0.023622 0.177413
10 3.71348 -0.102641 0.102192 1.46942 0.773555 -0.173756
11 1.72615 0 0 0.0282564 -0.00392479 -1.54455
12 1.21114 0 0 -0.000153897 0.000329031 0.33414
13 3.59919 -1.06012 0.0708876 1.5195 0.284619 -0.269155
14 1.66069 0 0 -0.111391 0.0758236 -1.56569
15 1.167 0 0 -0.00198889 -0.00149693 0.182279
16 2.18852 0.501039 0.0576582 1.53255 0.232941 0.0649167
17 1.29609 0 0 0.0150819 -0.0443405 -0.516749
18 1.62202 0.000713348 -0.000470161 0.0384954 -0.0112056 -1.72079
19 1.22241 0 0 0.00168815 -0.0236783 0.388832
20 1.76707 1.27612 0.0366402 1.49342 0.346301 0.0637749
21 1.55588 0 0 -0.0248723 -0.0645981 -0.831289
22 1.24273 0 0 -0.000479097 0.00036046 -1.33483
23 0.784521 0 0 0.0161965 -0.00188062 0.403201
24 -2.4735 7.79394 -0.077753 -0.275371 0.252825 -2.41516
25 6.02794 0 0 0.646156 0.540477 0.134161
26 11.7344 0 0 0.00140274 0 2.02099
27 8.81167 0 0 0.663405 0 0
28 5.77884 0 0 0.444481 0 0
29 2.23249 0 0 0.218924 0 0
30 11.4725 0 0 0.929556 0.139314 -1.06185
31 0.615813 0.994373 -0.809165 2.77788 0.472288 0.107949
32 2.24752 0 0 -0.10444 -0.0368171 0.189869
33 1.11936 0 0 0.0409434 0.17253 0.992367
34 3.71349 0.102639 0.10219 -1.64963 0.584187 -0.369879
35 1.72615 0 0 -0.0181539 0.0031141 1.72396
36 1.21112 0 0 0.00667253 0.00800501 0.706752
37 3.5992 1.06012 0.070888 -1.58383 -0.0108437 0.00177534
38 1.66069 0 0 0.0185101 0.0756372 0.46316
39 1.16699 0 0 0.0410849 0.0160212 0.836655
40 2.18853 -0.501041 0.0576587 -1.57144 -0.052163 -0.199003
41 1.29609 0 0 0.0937334 0.100102 0.813135
42 1.62202 -0.000713348 -0.000469685 -0.0212591 -0.00856303 1.65517
43 1.22241 0 0 0 0.00653317 0.655771
44 1.76707 -1.27612 0.0366406 -1.41856 -0.0419568 -0.220999
45 1.55588 0 0 -0.017621 0.0420963 0.79085
46 1.24273 0 0 0.000478936 0.000360545 1.35859
47 0.784531 0 0 -0.00138834 0.00235246 0.814053
48 0 0 0 0 0 0
49 -4.51796 3.00913 -7.84995 -0.769112 -1.56782 0.769439
50 -4.49429 -19.5344 -3.76658 -3.13866 -0.787534 3.13985
51 -4.51568 3.01134 -6.7827 -0.769112 -1.56782 0.769439
52 -4.49222 -20.1103 -2.89207 -0.769112 -1.56782 0.769439
53 -5.0331 -8.26695 -4.58237 -0.00206949 0.00213811 0.000334866
54 0.533295 -3.57396 -0.116835 0 0 0
55 -0.439464 -5.01739 0.910445 0 0 0
56 0 -2.26997 1.22871 0.0206798 0 0
57 0 -5.92124 1.78377 0 0 0
58 0 -2.12203 -0.0619297 0 0 0
59 -0.575001 -1.69351 1.13699 0 0 0
60 0 -4.97525 -0.469841 0 0 0
61 0.694227 -1.89081 0.409988 -0.785398 0 0
time 4
0 4.40254 -0.765094 -3.0277 -0.827033 0.693143 -1.04017
1 6.02794 0 0 0.212256 0.356601 -0.533859
2 11.7344 0 0 -0.00140279 0 -1.19409
3 8.81138 -0.000450134 -0.000112057 -2.10481 0 0.000158428
4 5.77839 0.000286102 0 -1.41022 0 0.000100326
5 2.23163 -0.000328064 -0.000363827 -0.694588 0 0
6 11.4725 0 0 -2.08699 0.203856 0.251958
7 0.61522 -0.99309 -0.810699 3.13843 0.250791 -0.497809
8 2.24752 0 0 0.0876464 0.0747425 0.0979192
9 1.11936 0 0 0.10922 0.0236221 0.177412
10 3.71348 -0.102641 0.102191 1.46942 0.773555 -0.173756
11 1.72615 0 0 0.0282566 -0.00392485 -1.54455
12 1.21114 0 0 -0.000154049 0.000329117 0.33414
13 3.59919 -1.06012 0.0708885 1.5195 0.284619 -0.269155
14 1.66069 0 0 -0.111391 0.0758236 -1.56569
15 1.167 0 0 -0.00198894 -0.00149674 0.182279
16 2.18852 0.50104 0.0576591 1.53255 0.232941 0.0649166
17 1.29609 0 0 0.0150819 -0.0443407 -0.516749
18 1.62202 0.000711441 -0.000470161 0.0384954 -0.0112056 -1.72079
19 1.22241 0 0 0.00168803 -0.0236782 0.388832
20 1.76707 1.27612 0.0366411 1.49342 0.346302 0.0637748
21 1.55588 0 0 -0.0248724 -0.0645981 -0.831289
22 1.24273 0 0 -0.000479181 0.00036047 -1.33483
23 0.784523 0 0 0.0161965 -0.00188061 0.403201
24 -2.4735 7.79394 -0.077753 -0.275371 0.252825 -2.41516
25 6.02794 0 0 0.646995 0.54217 0.132788
26 11.7344 0 0 0.00140258 0 2.02099
27 8.81167 0 0 0.66256 0 0
28 5.77884 0 0 0.443915 0 0
29 2.23249 0 0 0.218645 0 0
30 11.4725 0 0 0.926669 0.139273 -1.05946
31 0.615812 0.994373 -0.809165 2.77788 0.472288 0.107949
32 2.24752 0 0 -0.10444 -0.036817 0.189869
33 1.11936 0 0 0.0409434 0.17253 0.992366
34 3.71349 0.102639 0.102191 -1.64963 0.584187 -0.369879
35 1.72615 0 0 -0.018154 0.00311407 1.72396
36 1.21112 0 0 0.00667257 0.00800493 0.706752
37 3.5992 1.06012 0.070888 -1.58384 -0.0108438 0.00177541
38 1.66069 0 0 0.01851 0.0756372 0.46316
39 1.16699 0 0 0.041085 0.0160211 0.836655
40 2.18853 -0.50104 0.0576591 -1.57144 -0.0521632 -0.199003
41 1.29609 0 0 0.0937335 0.100102 0.813135
42 1.62202 -0.000713348 -0.000469685 -0.0212591 -0.00856299 1.65517
43 1.22241 0 0 0 0.00653323 0.655771
44 1.76707 -1.27612 0.0366406 -1.41856 -0.0419569 -0.220999
45 1.55588 0 0 -0.017621 0.0420963 0.79085
46 1.24273 0 0 0.00047887 0.000360655 1.35859
47 0.784531 0 0 -0.00138834 0.00235239 0.814053
48 0 0 0 0 0 0
49 -4.55034 3.00527 -7.87631 -0.76664 -1.56592 0.767202
50 -4.51601 -19.5329 -3.76338 -3.13679 -0.788904 3.13875
51 -4.54659 3.00889 -6.80907 -0.76664 -1.56592 0.767202
52 -4.51262 -20.1076 -2.88811 -0.76664 -1.56592 0.767202
53 -5.05847 -8.26663 -4.59322 -0.00338225 0.00351152 0.000554261
54 0.533295 -3.57396 -0.116835 0 0 0
55 -0.439463 -5.01739 0.910445 0 0 0
56 0 -2.26997 1.22871 0.0206798 0 0
57 0 -5.92124 1.78377 0 0 0
58 0 -2.12202 -0.0619297 0 0 0
59 -0.575 -1.69351 1.13699 0 0 0
60 0 -4.97524 -0.469841 0 0 0
61 0.694227 -1.89081 0.409987 -0.785398 0 0
time 5
0 4.40254 -0.765094 -3.0277 -0.827033 0.693143 -1.04017
1 6.02794 0 0 0.212091 0.357683 -0.535486
2 11.7344 0 0 -0.0014028 0 -1.19202
3 8.81138 -0.000452042 -0.000112057 -2.10429 0 0.000157404
4 5.77839 0.000286102 0 -1.40987 0 0
5 2.23163 -0.000329971 -0.000363827 -0.694415 0 0
6 11.4725 0 0 -2.08672 0.201623 0.250158
7 0.61522 -0.993093 -0.810699 3.13843 0.250791 -0.497809
8 2.24752 0 0 0.0876464 0.0747425 0.097919
9 1.11936 0 0 0.10922 0.023622 0.177412
10 3.71348 -0.102642 0.102192 1.46942 0.773555 -0.173756
11 1.72615 0 0 0.0282563 -0.00392472 -1.54455
12 1.21114 0 0 -0.000153891 0.000328849 0.33414
13 3.59919 -1.06012 0.0708885 1.5195 0.284619 -0.269155
14 1.66069 0 0 -0.111391 0.0758236 -1.56569
15 1.167 0 0 -0.00198875 -0.00149682 0.182279
16 2.18853 0.50104 0.0576591 1.53255 0.232941 0.0649168
17 1.29609 0 0 0.0150819 -0.0443406 -0.516749
18 1.62202 0.000715256 -0.000469208 0.0384954 -0.0112057 -1.72079
19 1.22241 0 0 0.0016882 -0.0236784 0.388832
20 1.76707 1.27612 0.0366421 1.49342 0.346301 0.063775
21 1.55588 0 0 -0.0248723 -0.0645982 -0.831289
22 1.24273 0 0 -0.000479107 0.000360376 -1.33483
23 0.784525 0 0 0.0161964 -0.00188063 0.403201
24 -2.4735 7.79394 -0.077753 -0.275371 0.252825 -2.41516
25 6.02794 0 0 0.647664 0.54389 0.131295
26 11.7344 0 0 0.00140269 0 2.02095
27 8.81167 0 0 0.661717 0 0
28 5.77884 0 0 0.44335 0 0
29 2.23249 0 0 0.218366 0 0
30 11.4725 0 0 0.923721 0.139087 -1.05686
31 0.615813 0.994373 -0.809166 2.77788 0.472288 0.107949
32 2.24752 0 0 -0.10444 -0.0368171 0.189869
33 1.11936 0 0 0.0409432 0.17253 0.992367
34 3.71349 0.102639 0.102191 -1.64963 0.584187 -0.369879
35 1.72615 0 0 -0.0181539 0.00311403 1.72396
36 1.21112 0 0 0.00667254 0.00800516 0.706751
37 3.5992 1.06012 0.0708885 -1.58383 -0.0108437 0.00177533
38 1.66069 0 0 0.01851 0.0756372 0.46316
39 1.16699 0 0 0.0410849 0.0160212 0.836655
40 2.18853 -0.50104 0.0576591 -1.57144 -0.0521631 -0.199003
41 1.29609 0 0 0.0937334 0.100102 0.813136
42 1.62202 -0.000714302 -0.000470161 -0.0212592 -0.00856304 1.65517
43 1.22241 0 0 0 0.00653315 0.655771
44 1.76707 -1.27612 0.0366406 -1.41856 -0.0419568 -0.220999
45 1.55588 0 0 -0.017621 0.0420962 0.79085
46 1.24273 0 0 0.000478965 0.000360522 1.35859
47 0.784532 0 0 -0.00138842 0.00235241 0.814052
48 0 0 0 0 0 0
49 -4.58398 3.00097 -7.90598 -0.763739 -1.56383 0.764554
50 -4.53765 -19.5312 -3.76066 -3.13474 -0.79042 3.13755
51 -4.57861 3.00612 -6.83875 -0.763739 -1.56383 0.764554
52 -4.53278 -20.1047 -2.88457 -0.763739 -1.56383 0.764554
53 -5.08424 -8.26632 -4.60589 -0.00482092 0.00503431 0.000801881
54 0.533294 -3.57396 -0.116834 0 0 0
55 -0.439463 -5.01739 0.910444 0 0 0
56 0 -2.26997 1.22871 0.0206798 0 0
57 0 -5.92124 1.78377 0 0 0
58 0 -2.12202 -0.0619297 0 0 0
59 -0.575001 -1.69351 1.13699 0 0 0
60 0 -4.97524 -0.469842 0 0 0
61 0.694227 -1.89081 0.409987 -0.785398 0 0
time 6
0 4.40254 -0.765094 -3.0277 -0.827033 0.693143 -1.04017
1 6.02794 0 0 0.211964 0.358652 -0.536895
2 11.7344 0 0 -0.00140269 0 -1.19017
3 8.81138 -0.000450134 -0.000112534 -2.1038 0 0.000158325
4 5.77839 0.000286102 0 -1.40955 0 0.000100212
5 2.23163 -0.000328064 -0.000363827 -0.694255 0 0
6 11.4725 0 0 -2.0865 0.199421 0.248317
7 0.615218 -0.993091 -0.810699 3.13843 0.250791 -0.497809
8 2.24752 0 0 0.0876463 0.0747424 0.097919
9 1.11936 0 0 0.10922 0.0236221 0.177412
10 3.71348 -0.102641 0.10219 1.46942 0.773555 -0.173756
11 1.72615 0 0 0.0282564 -0.00392479 -1.54455
12 1.21114 0 0 -0.000154152 0.000329135 0.33414
13 3.59919 -1.06012 0.0708885 1.5195 0.284619 -0.269155
14 1.66069 0 0 -0.111391 0.0758237 -1.56569
15 1.167 0 0 -0.00198892 -0.00149699 0.182279
16 2.18852 0.50104 0.0576591 1.53255 0.232941 0.0649167
17 1.29609 0 0 0.0150818 -0.0443405 -0.516749
18 1.62202 0.000713348 -0.000470161 0.0384953 -0.0112056 -1.72079
19 1.22241 0 0 0.0016882 -0.0236785 0.388832
20 1.76707 1.27612 0.0366402 1.49342 0.346302 0.0637749
21 1.55588 0 0 -0.0248723 -0.0645981 -0.831289
22 1.24273 0 0 -0.00047905 0.000360497 -1.33483
23 0.784525 0 0 0.0161965 -0.00188059 0.403201
24 -2.4735 7.79394 -0.077753 -0.275371 0.252825 -2.41516
25 6.02794 0 0 0.64797 0.54543 0.129798
26 11.7344 0 0 0.00140274 0 2.02085
27 8.81167 0 0 0.660986 0 0
28 5.77884 0 0 0.442861 0 0
29 2.23249 0 0 0.218125 0 0
30 11.4725 0 0 0.921058 0.138691 -1.05425
31 0.615812 0.994372 -0.809165 2.77788 0.472288 0.107949
32 2.24752 0 0 -0.10444 -0.0368171 0.189869
33 1.11936 0 0 0.0409435 0.17253 0.992367
34 3.71349 0.102639 0.102191 -1.64963 0.584186 -0.369879
35 1.72615 0 0 -0.018154 0.00311425 1.72396
36 1.21112 0 0 0.00667254 0.00800507 0.706751
37 3.5992 1.06012 0.0708876 -1.58383 -0.0108438 0.00177541
38 1.66069 0 0 0.0185101 0.0756372 0.46316
39 1.16699 0 0 0.0410849 0.0160211 0.836655
40 2.18853 -0.501041 0.0576591 -1.57144 -0.0521632 -0.199003
41 1.29609 0 0 0.0937335 0.100102 0.813136
42 1.62202 -0.000713348 -0.000469685 -0.0212591 -0.00856301 1.65517
43 1.22241 0 0 0 0.00653319 0.655771
44 1.76707 -1.27612 0.0366402 -1.41856 -0.041957 -0.220999
45 1.55587 0 0 -0.0176209 0.0420963 0.79085
46 1.24273 0 0 0.000478871 0.000360635 1.35859
47 0.784531 0 0 -0.00138838 0.00235236 0.814053
48 0 0 0 0 0 0
49 -4.61529 2.99652 -7.93706 -0.760258 -1.56169 0.76134
50 -4.5564 -19.5296 -3.75905 -3.13266 -0.791976 3.13634
51 -4.60825 3.00323 -6.86985 -0.760258 -1.56169 0.76134
52 -4.55 -20.1018 -2.88214 -0.760258 -1.56169 0.76134
53 -5.10735 -8.26609 -4.61981 -0.00627421 0.00659789 0.00106233
54 0.533295 -3.57396 -0.116834 0 0 0
55 -0.439464 -5.01739 0.910445 0 0 0
56 0 -2.26997 1.22871 0.0206798 0 0
57 0 -5.92124 1.78377 0 0 0
58 0 -2.12202 -0.0619297 0 0 0
59 -0.575001 -1.69351 1.13699 0 0 0
60 0 -4.97524 -0.469841 0 0 0
61 0.694227 -1.89081 0.409987 -0.785398 0 0
time 7
0 4.40254 -0.765094 -3.0277 -0.827033 0.693143 -1.04017
1 6.02794 0 0 0.211904 0.359383 -0.537874
2 11.7344 0 0 -0.00140286 0 -1.18877
3 8.81138 -0.000450134 -0.000112057 -2.10342 0 0.000157083
4 5.77839 0.000286102 0 -1.40929 0 0
5 2.23163 -0.000328064 -0.000363827 -0.694128 0 0
6 11.4725 0 0 -2.08636 0.19744 0.246569
7 0.615219 -0.993093 -0.8107 3.13843 0.250791 -0.497809
8 2.24752 0 0 0.0876464 0.0747425 0.097919
9 1.11936 0 0 0.10922 0.0236221 0.177412
10 3.71348 -0.102643 0.102191 1.46942 0.773555 -0.173756
11 1.72615 0 0 0.0282566 -0.00392475 -1.54455
12 1.21114 0 0 -0.00015403 0.000329054 0.33414
13 3.59919 -1.06012 0.0708876 1.5195 0.284619 -0.269155
14 1.66069 0 0 -0.111391 0.0758237 -1.56569
15 1.167 0 0 -0.0019888 -0.00149676 0.182279
16 2.18852 0.50104 0.0576582 1.53255 0.232941 0.0649166
17 1.29609 0 0 0.015082 -0.0443405 -0.516749
18 1.62202 0.000713348 -0.000472069 0.0384953 -0.0112056 -1.72079
19 1.22241 0 0 0.00168805 -0.0236783 0.388832
20 1.76707 1.27612 0.0366411 1.49342 0.346301 0.063775
21 1.55588 0 0 -0.0248723 -0.0645982 -0.831289
22 1.24273 0 0 -0.000479245 0.000360647 -1.33483
23 0.784523 0 0 0.0161966 -0.0018806 0.403201
24 -2.4735 7.79394 -0.077753 -0.275371 0.252825 -2.41516
25 6.02794 0 0 0.647723 0.54658 0.128408
26 11.7344 0 0 0.00140278 0 2.02068
27 8.81167 0 0 0.660477 0 0
28 5.77884 0 0 0.44252 0 0
29 2.23249 0 0 0.217957 0 0
30 11.4725 0 0 0.919029 0.138017 -1.05185
31 0.615813 0.994372 -0.809166 2.77788 0.472288 0.107949
32 2.24752 0 0 -0.10444 -0.0368171 0.189869
33 1.11936 0 0 0.0409435 0.17253 0.992367
34 3.71349 0.10264 0.10219 -1.64963 0.584186 -0.369879
35 1.72615 0 0 -0.0181539 0.0031142 1.72396
36 1.21112 0 0 0.00667253 0.00800502 0.706752
37 3.5992 1.06012 0.0708876 -1.58384 -0.0108438 0.00177533
38 1.66069 0 0 0.0185101 0.0756372 0.46316
39 1.16699 0 0 0.0410849 0.0160212 0.836655
40 2.18853 -0.50104 0.0576582 -1.57144 -0.0521633 -0.199003
41 1.29609 0 0 0.0937335 0.100102 0.813135
42 1.62202 -0.000713348 -0.000469208 -0.0212591 -0.008563 1.65517
43 1.22241 0 0 0 0.00653312 0.655771
44 1.76707 -1.27612 0.0366402 -1.41856 -0.0419569 -0.220999
45 1.55588 0 0 -0.017621 0.0420963 0.79085
46 1.24273 0 0 0.000478911 0.000360622 1.35859
47 0.784532 0 0 -0.00138834 0.00235247 0.814052
48 0 0 0 0 0 0
49 -4.64067 2.99224 -7.96768 -0.75596 -1.55967 0.75731
50 -4.56948 -19.5282 -3.75917 -3.13071 -0.793462 3.13522
51 -4.63204 3.0004 -6.90049 -0.75596 -1.55967 0.75731
52 -4.56162 -20.0991 -2.8815 -0.75596 -1.55967 0.75731
53 -5.12475 -8.26598 -4.63441 -0.00763077 0.00809368 0.00132022
54 0.533295 -3.57396 -0.116835 0 0 0
55 -0.439463 -5.01739 0.910444 0 0 0
56 0 -2.26997 1.22871 0.0206798 0 0
57 0 -5.92124 1.78377 0 0 0
58 0 -2.12203 -0.0619297 0 0 0
59 -0.575001 -1.69351 1.13699 0 0 0
60 0 -4.97524 -0.469842 0 0 0
61 0.694227 -1.89081 0.409988 -0.785398 0 0
time 8
0 4.40254 -0.765094 -3.0277 -0.827033 0.693143 -1.04017
1 6.02794 0 0 0.212026 0.359978 -0.538299
2 11.7344 0 0 -0.00140276 0 -1.18779
3 8.81138 -0.000450134 -0.000112534 -2.10307 0 0.000157999
4 5.77839 0.000284195 0 -1.40905 0 0.000100156
5 2.23163 -0.000329971 -0.000363827 -0.694011 0 0
6 11.4725 0 0 -2.08624 0.195655 0.244897
7 0.615219 -0.993092 -0.810699 3.13843 0.250791 -0.497809
8 2.24752 0 0 0.0876464 0.0747425 0.0979192
9 1.11936 0 0 0.10922 0.0236221 0.177412
10 3.71348 -0.10264 0.102192 1.46942 0.773555 -0.173756
11 1.72615 0 0 0.0282565 -0.00392487 -1.54455
12 1.21114 0 0 -0.000154008 0.00032905 0.33414
13 3.59919 -1.06012 0.0708885 1.5195 0.284619 -0.269155
14 1.66069 0 0 -0.111391 0.0758236 -1.56569
15 1.167 0 0 -0.00198883 -0.00149693 0.182279
16 2.18853 0.501039 0.0576601 1.53255 0.232941 0.0649166
17 1.29609 0 0 0.0150819 -0.0443405 -0.516749
18 1.62202 0.000713348 -0.000472069 0.0384955 -0.0112056 -1.72079
19 1.22241 0 0 0.00168804 -0.0236783 0.388832
20 1.76707 1.27612 0.0366421 1.49342 0.346301 0.0637749
21 1.55588 0 0 -0.0248723 -0.0645983 -0.831289
22 1.24273 0 0 -0.000479385 0.000360537 -1.33483
23 0.784525 0 0 0.0161966 -0.00188076 0.403201
24 -2.4735 7.79394 -0.077753 -0.275371 0.252825 -2.41516
25 6.02794 0 0 0.646721 0.547406 0.126934
26 11.7344 0 0 0.00140278 0 2.0204
27 8.81167 0 0 0.660496 0 0
28 5.77884 0 0 0.442533 0 0
29 2.23249 0 0 0.217964 0 0
30 11.4725 0 0 0.917842 0.137084 -1.04947
31 0.615813 0.994373 -0.809166 2.77788 0.472288 0.107949
32 2.24752 0 0 -0.10444 -0.036817 0.189869
33 1.11936 0 0 0.0409434 0.17253 0.992367
34 3.71348 0.102639 0.10219 -1.64963 0.584187 -0.369879
35 1.72615 0 0 -0.018154 0.00311416 1.72396
36 1.21112 0 0 0.0066726 0.00800506 0.706752
37 3.5992 1.06012 0.0708885 -1.58383 -0.0108438 0.00177537
38 1.66069 0 0 0.01851 0.0756372 0.46316
39 1.16699 0 0 0.0410849 0.0160212 0.836655
40 2.18853 -0.50104 0.0576591 -1.57144 -0.0521634 -0.199003
41 1.29609 0 0 0.0937335 0.100102 0.813136
42 1.62202 -0.000712395 -0.000468731 -0.0212591 -0.00856305 1.65517
43 1.22241 0 0 0 0.00653321 0.655771
44 1.76707 -1.27612 0.0366402 -1.41856 -0.041957 -0.220999
45 1.55588 0 0 -0.017621 0.0420963 0.79085
46 1.24273 0 0 0.000478885 0.000360586 1.35859
47 0.784531 0 0 -0.00138837 0.00235246 0.814052
48 0 0 0 0 0 0
49 -4.66062 2.98849 -7.99872 -0.75056 -1.55792 0.752161
50 -4.57824 -19.5271 -3.76441 -3.12906 -0.794772 3.13429
51 -4.65059 2.99788 -6.93155 -0.75056 -1.55792 0.752161
52 -4.56908 -20.097 -2.88609 -0.75056 -1.55792 0.752161
53 -5.13748 -8.26601 -4.65186 -0.00877931 0.0094131 0.00156014
54 0.533295 -3.57396 -0.116835 0 0 0
55 -0.439464 -5.01739 0.910444 0 0 0
56 0 -2.26997 1.22871 0.0206798 0 0
57 0 -5.92124 1.78377 0 0 0
58 0 -2.12202 -0.0619302 0 0 0
59 -0.575001 -1.69351 1.13699 0 0 0
60 0 -4.97525 -0.469841 0 0 0
61 0.694227 -1.89081 0.409988 -0.785398 0 0
time 9
0 4.40254 -0.765094 -3.0277 -0.827033 0.693143 -1.04017
1 6.02794 0 0 0.212416 0.360625 -0.538196
2 11.7344 0 0 -0.00140294 0 -1.187
3 8.81138 -0.00044632 -0.000112057 -2.10265 0 0.000157362
4 5.77839 0.000289917 0 -1.40877 0 0
5 2.23163 -0.000328064 -0.000363827 -0.693874 0 0
6 11.4725 0 0 -2.08605 0.193993 0.243297
7 0.61522 -0.993091 -0.810699 3.13843 0.250791 -0.49781
8 2.24752 0 0 0.0876464 0.0747425 0.0979189
9 1.11936 0 0 0.10922 0.023622 0.177412
10 3.71348 -0.10264 0.102192 1.46942 0.773555 -0.173756
11 1.72615 0 0 0.0282563 -0.00392487 -1.54455
12 1.21114 0 0 -0.000154012 0.000329111 0.33414
13 3.59919 -1.06012 0.0708885 1.5195 0.284619 -0.269155
14 1.66069 0 0 -0.111391 0.0758236 -1.56569
15 1.167 0 0 -0.00198892 -0.00149693 0.182279
16 2.18852 0.501039 0.0576591 1.53255 0.232941 0.0649166
17 1.29609 0 0 0.015082 -0.0443406 -0.516749
18 1.62202 0.000711441 -0.000472069 0.0384953 -0.0112057 -1.72079
19 1.22241 0 0 0.00168813 -0.0236783 0.388832
20 1.76707 1.27612 0.0366421 1.49342 0.346301 0.0637749
21 1.55588 0 0 -0.0248723 -0.0645981 -0.831289
22 1.24274 0 0 -0.000479208 0.000360601 -1.33483
23 0.784525 0 0 0.0161964 -0.00188069 0.403202
24 -2.4735 7.79394 -0.077753 -0.275371 0.252825 -2.41516
25 6.02794 0 0 0.645036 0.548115 0.125189
26 11.7344 0 0 0.00140271 0 2.01997
27 8.81167 0 0 0.661247 0 0
28 5.77884 0 0 0.443035 0 0
29 2.23249 0 0 0.218212 0 0
30 11.4725 0 0 0.917456 0.136068 -1.04694
31 0.615812 0.994373 -0.809165 2.77788 0.472288 0.107949
32 2.24752 0 0 -0.10444 -0.0368171 0.189869
33 1.11936 0 0 0.0409433 0.17253 0.992367
34 3.71349 0.102639 0.10219 -1.64963 0.584186 -0.369879
35 1.72615 0 0 -0.018154 0.00311415 1.72396
36 1.21112 0 0 0.00667252 0.00800497 0.706752
37 3.5992 1.06012 0.0708876 -1.58384 -0.0108439 0.00177548
38 1.66069 0 0 0.01851 0.0756372 0.46316
39 1.16699 0 0 0.041085 0.0160212 0.836655
40 2.18853 -0.50104 0.0576591 -1.57144 -0.0521633 -0.199003
41 1.29609 0 0 0.0937334 0.100102 0.813136
42 1.62202 -0.000714302 -0.000470161 -0.0212591 -0.00856302 1.65517
43 1.22241 0 0 0 0.00653311 0.655771
44 1.76707 -1.27612 0.0366406 -1.41856 -0.0419569 -0.220999
45 1.55588 0 0 -0.0176209 0.0420963 0.79085
46 1.24273 0 0 0.00047889 0.000360639 1.35859
47 0.784531 0 0 -0.00138833 0.00235247 0.814053
48 0 0 0 0 0 0
49 -4.67765 2.98567 -8.0303 -0.743563 -1.5566 0.745379
50 -4.58604 -19.5263 -3.77738 -3.12786 -0.795799 3.13365
51 -4.66651 2.99595 -6.96316 -0.743563 -1.5566 0.745379
52 -4.57586 -20.0955 -2.8986 -0.743563 -1.5566 0.745379
53 -5.14862 -8.26614 -4.67361 -0.00960849 0.0104475 0.0017667
54 0.533295 -3.57396 -0.116835 0 0 0
55 -0.439464 -5.01739 0.910445 0 0 0
56 0 -2.26997 1.22871 0.0206798 0 0
57 0 -5.92124 1.78377 0 0 0
58 0 -2.12203 -0.0619292 0 0 0
59 -0.575001 -1.69351 1.13699 0 0 0
60 0 -4.97525 -0.469842 0 0 0
61 0.694227 -1.89081 0.409987 -0.785398 0 0
time 10
0 4.40254 -0.765094 -3.0277 -0.827033 0.693143 -1.04017
1 6.02794 0 0 0.213065 0.361317 -0.537589
2 11.7344 0 0 -0.00140284 0 -1.18643
3 8.81138 -0.000450134 -0.000112534 -2.1022 0 0.000158136
4 5.77839 0.000286102 0 -1.40847 0 0.000100104
5 2.23163 -0.000329971 -0.00036478 -0.693726 0 0
6 11.4725 0 0 -2.0858 0.192569 0.241912
7 0.615219 -0.993092 -0.8107 3.13843 0.250791 -0.497809
8 2.24752 0 0 0.0876463 0.0747425 0.0979188
9 1.11936 0 0 0.10922 0.023622 0.177413
10 3.71348 -0.102642 0.102191 1.46942 0.773555 -0.173756
11 1.72615 0 0 0.0282564 -0.00392481 -1.54455
12 1.21114 0 0 -0.000154108 0.000329127 0.33414
13 3.59919 -1.06012 0.0708876 1.5195 0.284619 -0.269155
14 1.66069 0 0 -0.111391 0.0758236 -1.56569
15 1.167 0 0 -0.00198892 -0.00149675 0.182279
16 2.18852 0.501038 0.0576591 1.53255 0.232941 0.0649166
17 1.29609 0 0 0.0150818 -0.0443406 -0.516749
18 1.62202 0.000713348 -0.000470161 0.0384953 -0.0112055 -1.72079
19 1.22241 0 0 0.00168809 -0.0236783 0.388832
20 1.76707 1.27612 0.0366402 1.49342 0.346301 0.0637748
21 1.55588 0 0 -0.0248723 -0.064598 -0.831289
22 1.24273 0 0 -0.000479231 0.000360582 -1.33483
23 0.784523 0 0 0.0161965 -0.0018806 0.403202
24 -2.4735 7.79394 -0.077753 -0.275371 0.252825 -2.41516
25 6.02794 0 0 0.64287 0.548704 0.123288
26 11.7344 0 0 0.00140255 0 2.01946
27 8.81167 0 0 0.662687 0 0
28 5.77884 0 0 0.444 0 0
29 2.23249 0 0 0.218687 0 0
30 11.4725 0 0 0.917855 0.135131 -1.04445
31 0.615813 0.994372 -0.809165 2.77788 0.472288 0.107949
32 2.24752 0 0 -0.10444 -0.036817 0.189869
33 1.11936 0 0 0.0409434 0.17253 0.992367
34 3.71349 0.102639 0.10219 -1.64963 0.584187 -0.369879
35 1.72615 0 0 -0.018154 0.00311412 1.72396
36 1.21112 0 0 0.0066726 0.00800498 0.706752
37 3.5992 1.06012 0.070888 -1.58383 -0.0108436 0.00177538
38 1.66069 0 0 0.01851 0.0756372 0.46316
39 1.16699 0 0 0.041085 0.0160212 0.836655
40 2.18853 -0.501041 0.0576587 -1.57144 -0.0521629 -0.199003
41 1.29609 0 0 0.0937335 0.100102 0.813135
42 1.62202 -0.000713348 -0.000470161 -0.0212591 -0.00856296 1.65517
43 1.22241 0 0 0 0.0065331 0.655771
44 1.76707 -1.27612 0.0366402 -1.41856 -0.0419567 -0.220999
45 1.55588 0 0 -0.0176209 0.0420963 0.79085
46 1.24273 0 0 0.000478896 0.000360615 1.35859
47 0.784533 0 0 -0.00138842 0.00235243 0.814053
48 0 0 0 0 0 0
49 -4.69114 2.9842 -8.05943 -0.734151 -1.55586 0.736131
50 -4.59317 -19.5261 -3.79757 -3.12728 -0.796436 3.1334
51 -4.67933 2.9949 -6.9923 -0.734151 -1.55586 0.736131
52 -4.58233 -20.0949 -2.91856 -0.734151 -1.55586 0.736131
53 -5.15815 -8.26635 -4.69794 -0.010007 0.0110884 0.00192451
54 0.533296 -3.57396 -0.116835 0 0 0
55 -0.439464 -5.01739 0.910445 0 0 0
56 0 -2.26997 1.22871 0.0206798 0 0
57 0 -5.92124 1.78377 0 0 0
58 0 -2.12203 -0.0619297 0 0 0
59 -0.575001 -1.69351 1.13699 0 0 0
60 0 -4.97524 -0.469841 0 0 0
61 0.694227 -1.89081 0.409988 -0.785398 0 0
time 11
0 4.40254 -0.765094 -3.0277 -0.827033 0.693143 -1.04017
1 6.02794 0 0 0.213959 0.362053 -0.536501
2 11.7344 0 0 -0.00140274 0 -1.18609
3 8.81138 -0.000448227 -0.000112534 -2.10174 0 0.000157609
4 5.77839 0.00028801 0 -1.40817 0 0
5 2.23163 -0.000328064 -0.00036335 -0.693574 0 0
6 11.4725 0 0 -2.08549 0.191496 0.240884
7 0.61522 -0.993092 -0.810699 3.13843 0.250791 -0.497809
8 2.24752 0 0 0.0876464 0.0747424 0.0979191
9 1.11936 0 0 0.10922 0.0236221 0.177412
10 3.71348 -0.102642 0.102192 1.46942 0.773555 -0.173756
11 1.72615 0 0 0.0282564 -0.00392474 -1.54455
12 1.21114 0 0 -0.00015391 0.000328912 0.33414
13 3.59919 -1.06012 0.0708885 1.5195 0.284619 -0.269155
14 1.66069 0 0 -0.111391 0.0758235 -1.56569
15 1.167 0 0 -0.00198892 -0.00149669 0.182279
16 2.18852 0.501038 0.0576591 1.53255 0.232941 0.0649167
17 1.29609 0 0 0.0150818 -0.0443407 -0.516749
18 1.62202 0.000713348 -0.000472069 0.0384954 -0.0112057 -1.72079
19 1.22241 0 0 0.00168822 -0.0236781 0.388832
20 1.76707 1.27612 0.0366411 1.49342 0.346302 0.0637749
21 1.55588 0 0 -0.0248724 -0.064598 -0.831289
22 1.24273 0 0 -0.000479157 0.000360489 -1.33483
23 0.784523 0 0 0.0161965 -0.00188065 0.403201
24 -2.4735 7.79394 -0.077753 -0.275371 0.252825 -2.41516
25 6.02794 0 0 0.640418 0.549173 0.121342
26 11.7344 0 0 0.00140269 0 2.01888
27 8.81167 0 0 0.664785 0 0
28 5.77884 0 0 0.445406 0 0
29 2.23249 0 0 0.219379 0 0
30 11.4725 0 0 0.919029 0.134433 -1.04217
31 0.615813 0.994372 -0.809165 2.77788 0.472288 0.107949
32 2.24752 0 0 -0.10444 -0.0368171 0.189869
33 1.11936 0 0 0.0409435 0.17253 0.992367
34 3.71349 0.102639 0.102191 -1.64963 0.584187 -0.369879
35 1.72615 0 0 -0.018154 0.00311412 1.72396
36 1.21112 0 0 0.00667248 0.00800509 0.706752
37 3.5992 1.06012 0.070888 -1.58383 -0.0108438 0.00177541
38 1.66069 0 0 0.01851 0.0756372 0.46316
39 1.16699 0 0 0.041085 0.0160212 0.836655
40 2.18853 -0.501041 0.0576596 -1.57144 -0.0521632 -0.199003
41 1.29609 0 0 0.0937335 0.100102 0.813136
42 1.62202 -0.000712395 -0.000469685 -0.0212591 -0.00856301 1.65517
43 1.22241 0 0 0 0.00653319 0.655771
44 1.76707 -1.27612 0.0366406 -1.41856 -0.0419571 -0.220999
45 1.55588 0 0 -0.017621 0.0420963 0.79085
46 1.24273 0 0 0.000478915 0.000360619 1.35859
47 0.784532 0 0 -0.00138835 0.00235243 0.814053
48 0 0 0 0 0 0
49 -4.70053 2.98447 -8.08307 -0.720799 -1.55585 0.722873
50 -4.59988 -19.5264 -3.82445 -3.12749 -0.796576 3.13364
51 -4.68857 2.99502 -7.01594 -0.720799 -1.55585 0.722873
52 -4.58887 -20.0954 -2.94553 -0.720799 -1.55585 0.722873
53 -5.16603 -8.26661 -4.72313 -0.0098635 0.0112272 0.00201817
54 0.533295 -3.57396 -0.116834 0 0 0
55 -0.439464 -5.01739 0.910444 0 0 0
56 0 -2.26997 1.22871 0.0206798 0 0
57 0 -5.92124 1.78377 0 0 0
58 0 -2.12202 -0.0619297 0 0 0
59 -0.575001 -1.69351 1.13699 0 0 0
60 0 -4.97524 -0.469842 0 0 0
61 0.694227 -1.89081 0.409987 -0.785398 0 0
time 12
0 4.40254 -0.765094 -3.0277 -0.827033 0.693143 -1.04017
1 6.02794 0 0 0.215088 0.362823 -0.534952
2 11.7344 0 0 -0.00140279 0 -1.18597
3 8.81138 -0.000448227 -0.00011158 -2.1013 0 0.000158132
4 5.77839 0.00028801 0 -1.40787 0 0.000100115
5 2.23163 -0.000329971 -0.00036478 -0.693429 0 0
6 11.4725 0 0 -2.08514 0.19089 0.240359
7 0.615219 -0.993091 -0.810701 3.13843 0.250791 -0.497809
8 2.24752 0 0 0.0876463 0.0747425 0.0979189
9 1.11935 0 0 0.10922 0.0236221 0.177412
10 3.71348 -0.102639 0.10219 1.46942 0.773555 -0.173756
11 1.72615 0 0 0.0282565 -0.00392491 -1.54455
12 1.21114 0 0 -0.000154007 0.000329231 0.33414
13 3.59919 -1.06012 0.0708885 1.5195 0.284619 -0.269155
14 1.66069 0 0 -0.111391 0.0758235 -1.56569
15 1.167 0 0 -0.00198909 -0.00149673 0.182279
16 2.18852 0.501039 0.0576591 1.53255 0.232941 0.0649167
17 1.29609 0 0 0.0150819 -0.0443407 -0.516749
18 1.62202 0.000711441 -0.000472069 0.0384954 -0.0112058 -1.72079
19 1.22241 0 0 0.00168819 -0.0236783 0.388832
20 1.76707 1.27612 0.0366402 1.49342 0.346301 0.0637749
21 1.55588 0 0 -0.0248723 -0.064598 -0.831289
22 1.24273 0 0 -0.000479241 0.000360499 -1.33483
23 0.784523 0 0 0.0161966 -0.00188073 0.403202
24 -2.4735 7.79394 -0.077753 -0.275371 0.252825 -2.41516
25 6.02794 0 0 0.637887 0.549525 0.119469
26 11.7344 0 0 0.00140278 0 2.01829
27 8.81167 0 0 0.667508 0 0
28 5.77884 0 0 0.447231 0 0
29 2.23249 0 0 0.220278 0 0
30 11.4725 0 0 0.920961 0.134139 -1.04031
31 0.615813 0.994372 -0.809166 2.77788 0.472288 0.107949
32 2.24752 0 0 -0.10444 -0.0368171 0.189869
33 1.11936 0 0 0.0409434 0.17253 0.992367
34 3.71349 0.102639 0.10219 -1.64963 0.584186 -0.369879
35 1.72615 0 0 -0.0181539 0.00311416 1.72396
36 1.21112 0 0 0.00667253 0.00800501 0.706751
37 3.5992 1.06012 0.070888 -1.58384 -0.0108438 0.00177538
38 1.66069 0 0 0.0185101 0.0756372 0.46316
39 1.16699 0 0 0.041085 0.0160212 0.836655
40 2.18853 -0.501041 0.0576587 -1.57144 -0.0521632 -0.199003
41 1.29609 0 0 0.0937335 0.100102 0.813136
42 1.62202 -0.000713348 -0.000469685 -0.0212591 -0.00856302 1.65517
43 1.22241 0 0 0 0.00653317 0.655771
44 1.76707 -1.27612 0.0366402 -1.41856 -0.041957 -0.220999
45 1.55587 0 0 -0.017621 0.0420963 0.79085
46 1.24273 0 0 0.000478946 0.000360479 1.35859
47 0.784531 0 0 -0.0013883 0.00235248 0.814052
48 0 0 0 0 0 0
49 -4.70521 2.98687 -8.09823 -0.700396 -1.55673 0.702477
50 -4.60645 -19.5274 -3.85752 -3.12863 -0.796112 3.13446
51 -4.69375 2.99657 -7.03108 -0.700396 -1.55673 0.702477
52 -4.59584 -20.0971 -2.97905 -0.700396 -1.55673 0.702477
53 -5.17223 -8.26688 -4.74748 -0.0090667 0.0107552 0.00203229
54 0.533295 -3.57396 -0.116835 0 0 0
55 -0.439464 -5.01739 0.910444 0 0 0
56 0 -2.26997 1.22871 0.0206798 0 0
57 0 -5.92124 1.78377 0 0 0
58 0 -2.12202 -0.0619302 0 0 0
59 -0.575001 -1.69351 1.13699 0 0 0
60 0 -4.97524 -0.469842 0 0 0
61 0.694227 -1.89081 0.409987 -0.785398 0 0
time 13
0 4.40254 -0.765094 -3.0277 -0.827033 0.693143 -1.04017
1 6.02794 0 0 0.216441 0.363622 -0.532961
2 11.7344 0 0 -0.0014029 0 -1.18611
3 8.81138 -0.000448227 -0.00011158 -2.1009 0 0.000156816
4 5.77839 0.00028801 0 -1.4076 0 0
5 2.23164 -0.000328064 -0.00036335 -0.693296 0 0
6 11.4725 0 0 -2.08473 0.190864 0.240483
7 0.615219 -0.993089 -0.810701 3.13843 0.250791 -0.497809
8 2.24752 0 0 0.0876463 0.0747425 0.0979189
9 1.11936 0 0 0.10922 0.023622 0.177412
10 3.71348 -0.10264 0.10219 1.46942 0.773555 -0.173756
11 1.72615 0 0 0.0282564 -0.00392479 -1.54455
12 1.21114 0 0 -0.000154093 0.000329125 0.33414
13 3.59919 -1.06012 0.0708876 1.5195 0.284618 -0.269155
14 1.66069 0 0 -0.111391 0.0758238 -1.56569
15 1.167 0 0 -0.00198892 -0.00149681 0.182279
16 2.18852 0.50104 0.0576591 1.53255 0.232941 0.0649167
17 1.29609 0 0 0.0150818 -0.0443407 -0.516749
18 1.62202 0.000713348 -0.000471115 0.0384952 -0.0112057 -1.72079
19 1.22241 0 0 0.00168815 -0.0236782 0.388832
20 1.76707 1.27612 0.0366402 1.49342 0.346301 0.0637749
21 1.55588 0 0 -0.0248723 -0.0645982 -0.831289
22 1.24273 0 0 -0.00047911 0.000360525 -1.33483
23 0.784525 0 0 0.0161964 -0.00188047 0.403202
24 -2.4735 7.79394 -0.077753 -0.275371 0.252825 -2.41516
25 6.02794 0 0 0.635483 0.549767 0.117784
26 11.7344 0 0 0.00140274 0 2.01771
27 8.81167 0 0 0.670821 0 0
28 5.77884 0 0 0.44945 0 0
29 2.23249 0 0 0.221371 0 0
30 11.4725 0 0 0.92363 0.134419 -1.03904
31 0.615812 0.994372 -0.809165 2.77788 0.472288 0.107949
32 2.24752 0 0 -0.10444 -0.0368171 0.189869
33 1.11936 0 0 0.0409435 0.17253 0.992367
34 3.71349 0.102639 0.102191 -1.64963 0.584187 -0.369879
35 1.72615 0 0 -0.0181539 0.00311416 1.72396
36 1.21112 0 0 0.00667253 0.00800505 0.706752
37 3.5992 1.06012 0.070888 -1.58383 -0.0108438 0.00177537
38 1.66069 0 0 0.01851 0.0756372 0.46316
39 1.16699 0 0 0.0410849 0.0160212 0.836655
40 2.18853 -0.501041 0.0576587 -1.57144 -0.0521631 -0.199003
41 1.29609 0 0 0.0937336 0.100102 0.813135
42 1.62202 -0.000714302 -0.000468731 -0.0212591 -0.00856307 1.65517
43 1.22241 0 0 0 0.0065332 0.655771
44 1.76707 -1.27612 0.0366406 -1.41856 -0.041957 -0.220999
45 1.55588 0 0 -0.0176209 0.0420964 0.79085
46 1.24273 0 0 0.000478902 0.000360591 1.35859
47 0.784532 0 0 -0.00138837 0.00235247 0.814053
48 0 0 0 0 0 0
49 -4.70466 2.99179 -8.10186 -0.66535 -1.55864 0.667338
50 -4.61309 -19.5291 -3.89625 -3.13088 -0.794933 3.13597
51 -4.69447 2.99982 -7.03469 -0.66535 -1.55864 0.667338
52 -4.60358 -20.1002 -3.01866 -0.66535 -1.55864 0.667338
53 -5.17674 -8.26715 -4.76928 -0.00750525 0.00956396 0.00195146
54 0.533295 -3.57396 -0.116834 0 0 0
55 -0.439464 -5.01739 0.910444 0 0 0
56 0 -2.26997 1.22871 0.0206798 0 0
57 0 -5.92124 1.78377 0 0 0
58 0 -2.12203 -0.0619297 0 0 0
59 -0.575001 -1.69351 1.13699 0 0 0
60 0 -4.97525 -0.469841 0 0 0
61 0.694227 -1.89081 0.409987 -0.785398 0 0
time 14
0 4.40254 -0.765094 -3.0277 -0.827033 0.693143 -1.04017
1 6.02794 0 0 0.21801 0.364439 -0.530542
2 11.7344 0 0 -0.00140267 0 -1.18652
3 8.81138 -0.000450134 -0.000111103 -2.10056 0 0.000158043
4 5.77839 0.00028801 0 -1.40738 0 0
5 2.23163 -0.000328064 -0.000364304 -0.693186 0 0
6 11.4725 0 0 -2.08429 0.191531 0.241409
7 0.615218 -0.993092 -0.8107 3.13843 0.250791 -0.497809
8 2.24752 0 0 0.0876464 0.0747425 0.0979189
9 1.11936 0 0 0.10922 0.023622 0.177412
10 3.71348 -0.10264 0.102191 1.46942 0.773555 -0.173756
11 1.72615 0 0 0.0282563 -0.00392474 -1.54455
12 1.21114 0 0 -0.000153958 0.000329162 0.33414
13 3.59919 -1.06012 0.0708885 1.5195 0.284618 -0.269155
14 1.66069 0 0 -0.11139 0.0758236 -1.56569
15 1.167 0 0 -0.00198885 -0.00149681 0.182279
16 2.18852 0.50104 0.0576591 1.53255 0.232941 0.0649167
17 1.29609 0 0 0.015082 -0.0443406 -0.516749
18 1.62202 0.000711441 -0.000473022 0.0384954 -0.0112057 -1.72079
19 1.22241 0 0 0.001688 -0.0236783 0.388832
20 1.76707 1.27612 0.0366402 1.49342 0.346302 0.0637749
21 1.55588 0 0 -0.0248723 -0.0645981 -0.831289
22 1.24273 0 0 -0.00047911 0.000360525 -1.33483
23 0.784525 0 0 0.0161964 -0.00188053 0.403201
24 -2.4735 7.79394 -0.077753 -0.275371 0.252825 -2.41516
25 6.02794 0 0 0.633412 0.549908 0.116401
26 11.7344 0 0 0.00140258 0 2.01719
27 8.81167 0 0 0.674694 0 0
28 5.77884 0 0 0.452045 0 0
29 2.23249 0 0 0.222649 0 0
30 11.4725 0 0 0.927019 0.135444 -1.03853
31 0.615813 0.994373 -0.809165 2.77788 0.472288 0.107949
32 2.24752 0 0 -0.10444 -0.0368172 0.189869
33 1.11936 0 0 0.0409435 0.17253 0.992367
34 3.71349 0.10264 0.10219 -1.64963 0.584187 -0.369879
35 1.72615 0 0 -0.0181539 0.00311416 1.72396
36 1.21112 0 0 0.00667247 0.00800506 0.706752
37 3.5992 1.06012 0.0708876 -1.58384 -0.0108437 0.00177547
38 1.66069 0 0 0.0185101 0.0756372 0.46316
39 1.16699 0 0 0.0410849 0.0160212 0.836655
40 2.18853 -0.501041 0.0576591 -1.57144 -0.0521631 -0.199003
41 1.29609 0 0 0.0937335 0.100102 0.813135
42 1.62202 -0.000713348 -0.000469685 -0.0212591 -0.008563 1.65517
43 1.22241 0 0 0 0.00653313 0.655771
44 1.76707 -1.27612 0.0366406 -1.41856 -0.0419568 -0.220999
45 1.55588 0 0 -0.017621 0.0420963 0.79085
46 1.24273 0 0 0.000478884 0.000360529 1.35859
47 0.784532 0 0 -0.00138847 0.00235231 0.814052
48 0 0 0 0 0 0
49 -4.69836 2.99955 -8.09094 -0.591475 -1.56171 0.593253
50 -4.61998 -19.5316 -3.94014 -3.13437 -0.79293 3.13825
51 -4.69031 3.00498 -7.02373 -0.591475 -1.56171 0.593253
52 -4.61236 -20.1048 -3.06393 -0.591475 -1.56171 0.593253
53 -5.17951 -8.26738 -4.7868 -0.00506785 0.0075448 0.00176029
54 0.533295 -3.57396 -0.116835 0 0 0
55 -0.439464 -5.01739 0.910444 0 0 0
56 0 -2.26997 1.22871 0.0206798 0 0
57 0 -5.92124 1.78377 0 0 0
58 0 -2.12203 -0.0619297 0 0 0
59 -0.575001 -1.69351 1.13699 0 0 0
60 0 -4.97524 -0.469842 0 0 0
61 0.694227 -1.89081 0.409987 -0.785398 0 0
time 15
0 4.40254 -0.765094 -3.0277 -0.827033 0.693143 -1.04017
1 6.02794 0 0 0.219786 0.365261 -0.527703
2 11.7344 0 0 -0.00140284 0 -1.18724
3 8.81138 -0.000450134 -0.000113487 -2.10032 0 0.00015732
4 5.77839 0.000286102 0 -1.40721 0 0
5 2.23163 -0.000329971 -0.000365734 -0.693105 0 0
6 11.4725 0 0 -2.0838 0.193003 0.243298
7 0.615219 -0.993092 -0.810699 3.13843 0.250791 -0.497809
8 2.24752 0 0 0.0876464 0.0747425 0.0979189
9 1.11936 0 0 0.10922 0.023622 0.177413
10 3.71348 -0.102641 0.102192 1.46942 0.773555 -0.173756
11 1.72615 0 0 0.0282566 -0.003925 -1.54455
12 1.21114 0 0 -0.000153961 0.000329102 0.33414
13 3.59919 -1.06012 0.0708885 1.5195 0.284619 -0.269155
14 1.66069 0 0 -0.111391 0.0758236 -1.56569
15 1.167 0 0 -0.00198894 -0.00149675 0.182279
16 2.18853 0.501037 0.0576591 1.53255 0.232941 0.0649166
17 1.29609 0 0 0.0150819 -0.0443405 -0.516749
18 1.62202 0.000713348 -0.000471115 0.0384954 -0.0112057 -1.72079
19 1.22241 0 0 0.00168806 -0.0236783 0.388832
20 1.76707 1.27612 0.0366411 1.49342 0.346301 0.0637748
21 1.55588 0 0 -0.0248723 -0.064598 -0.831289
22 1.24274 0 0 -0.000479214 0.000360368 -1.33483
23 0.784523 0 0 0.0161965 -0.00188068 0.403202
24 -2.4735 7.79394 -0.077753 -0.275371 0.252825 -2.41516
25 6.02794 0 0 0.631881 0.549958 0.115433
26 11.7344 0 0 0.00140277 0 2.01678
27 8.81167 0 0 0.679091 0 0
28 5.77884 0 0 0.454991 0 0
29 2.23249 0 0 0.2241 0 0
30 11.4725 0 0 0.931101 0.137391 -1.03898
31 0.615813 0.994373 -0.809165 2.77788 0.472288 0.107949
32 2.24752 0 0 -0.10444 -0.0368171 0.189869
33 1.11936 0 0 0.0409434 0.17253 0.992367
34 3.71349 0.102639 0.102191 -1.64963 0.584186 -0.369879
35 1.72615 0 0 -0.0181539 0.00311414 1.72396
36 1.21112 0 0 0.00667258 0.0080051 0.706752
37 3.5992 1.06012 0.0708885 -1.58383 -0.0108437 0.0017754
38 1.66069 0 0 0.01851 0.0756372 0.46316
39 1.16699 0 0 0.0410849 0.0160212 0.836655
40 2.18853 -0.50104 0.0576587 -1.57144 -0.0521632 -0.199003
41 1.29609 0 0 0.0937335 0.100102 0.813135
42 1.62202 -0.000713348 -0.000469208 -0.0212592 -0.00856291 1.65517
43 1.22241 0 0 0 0.00653301 0.655771
44 1.76707 -1.27612 0.0366406 -1.41856 -0.041957 -0.220999
45 1.55588 0 0 -0.017621 0.0420964 0.79085
46 1.24273 0 0 0.000478837 0.000360663 1.35859
47 0.784531 0 0 -0.00138842 0.00235244 0.814052
48 0 0 0 0 0 0
49 -4.68588 3.01048 -8.06239 -0.343837 -1.56592 0.345284
50 -4.62725 -19.5348 -3.98868 -3.13926 -0.789986 3.14139
51 -4.68098 3.01224 -6.99515 -0.343837 -1.56592 0.345284
52 -4.6224 -20.111 -3.11442 -0.343837 -1.56592 0.345284
53 -5.18053 -8.26755 -4.79835 -0.00164318 0.00458916 0.00144339
54 0.533295 -3.57396 -0.116835 0 0 0
55 -0.439464 -5.01739 0.910445 0 0 0
56 0 -2.26997 1.22871 0.0206798 0 0
57 0 -5.92124 1.78377 0 0 0
58 0 -2.12202 -0.0619292 0 0 0
59 -0.575001 -1.69351 1.13699 0 0 0
60 0 -4.97524 -0.469841 0 0 0
61 0.694227 -1.89081 0.409988 -0.785398 0 0
time 16
0 4.40254 -0.765094 -3.0277 -0.827033 0.693143 -1.04017
1 6.02794 0 0 0.221649 0.365989 -0.524591
2 11.7344 0 0 -0.00140285 0 -1.18831
3 8.81138 -0.000450134 -0.000112057 -2.10022 0 0.00015771
4 5.77839 0.000286102 0 -1.40715 0 0
5 2.23163 -0.000328064 -0.00036335 -0.693072 0 0
6 11.4725 0 0 -2.08333 0.195225 0.246101
7 0.615219 -0.993091 -0.810699 3.13843 0.250791 -0.497809
8 2.24752 0 0 0.0876463 0.0747425 0.097919
9 1.11936 0 0 0.10922 0.023622 0.177412
10 3.71348 -0.10264 0.102191 1.46942 0.773555 -0.173756
11 1.72615 0 0 0.0282564 -0.00392483 -1.54455
12 1.21114 0 0 -0.000153942 0.000329039 0.33414
13 3.59919 -1.06012 0.0708885 1.5195 0.284619 -0.269155
14 1.66069 0 0 -0.111391 0.0758236 -1.56569
15 1.167 0 0 -0.00198901 -0.00149668 0.182279
16 2.18852 0.501039 0.0576591 1.53255 0.232941 0.0649166
17 1.29609 0 0 0.015082 -0.0443405 -0.516749
18 1.62202 0.000715256 -0.000470161 0.0384955 -0.0112059 -1.72079
19 1.22241 0 0 0.00168814 -0.0236783 0.388832
20 1.76707 1.27612 0.0366421 1.49342 0.346301 0.0637748
21 1.55588 0 0 -0.0248723 -0.0645982 -0.831289
22 1.24274 0 0 -0.000479281 0.000360694 -1.33483
23 0.784521 0 0 0.0161964 -0.00188072 0.403201
24 -2.4735 7.79394 -0.077753 -0.275371 0.252825 -2.41516
25 6.02794 0 0 0.631046 0.549882 0.11502
26 11.7344 0 0 0.00140259 0 2.01651
27 8.81167 0 0 0.68368 0 0
28 5.77884 0 0 0.458065 0 0
29 2.23249 0 0 0.225614 0 0
30 11.4725 0 0 0.935604 0.140181 -1.04045
31 0.615812 0.994372 -0.809166 2.77788 0.472288 0.107949
32 2.24752 0 0 -0.10444 -0.0368171 0.189869
33 1.11936 0 0 0.0409434 0.17253 0.992367
34 3.71349 0.102639 0.10219 -1.64963 0.584186 -0.369879
35 1.72615 0 0 -0.018154 0.00311406 1.72396
36 1.21112 0 0 0.00667254 0.00800496 0.706752
37 3.5992 1.06012 0.0708876 -1.58384 -0.0108437 0.0017755
38 1.66069 0 0 0.0185101 0.0756372 0.46316
39 1.16699 0 0 0.0410849 0.0160212 0.836655
40 2.18853 -0.50104 0.0576591 -1.57144 -0.0521631 -0.199003
41 1.29609 0 0 0.0937335 0.100102 0.813135
42 1.62202 -0.000713348 -0.000470161 -0.0212592 -0.00856296 1.65517
43 1.22241 0 0 0 0.00653313 0.655771
44 1.76707 -1.27612 0.0366402 -1.41856 -0.0419569 -0.220999
45 1.55588 0 0 -0.0176209 0.0420964 0.79085
46 1.24273 0 0 0.000478867 0.00036062 1.35859
47 0.784533 0 0 -0.00138838 0.00235244 0.814052
48 0 0 0 0 0 0
49 -4.66763 3.02386 -8.01679 1.24319 -1.56807 -1.24215
50 -4.63359 -19.5384 -4.03833 3.13794 -0.786273 -3.13798
51 -4.66669 3.0211 -6.94954 1.24319 -1.56807 -1.24215
52 -4.63223 -20.1183 -3.16651 1.24319 -1.56807 -1.24215
53 -5.17912 -8.26766 -4.80236 0.00258324 0.000878013 0.00102641
54 0.533294 -3.57396 -0.116835 0 0 0
55 -0.439464 -5.01739 0.910444 0 0 0
56 0 -2.26997 1.22871 0.0206798 0 0
57 0 -5.92123 1.78377 0 0 0
58 0 -2.12202 -0.0619292 0 0 0
59 -0.575001 -1.69351 1.13699 0 0 0
60 0 -4.97524 -0.469841 0 0 0
61 0.694227 -1.89081 0.409988 -0.785398 0 0
time 17
0 4.40254 -0.765094 -3.0277 -0.827033 0.693143 -1.04017
1 6.02794 0 0 0.223507 0.366548 -0.521313
2 11.7344 0 0 -0.00140279 0 -1.18974
3 8.81138 -0.000450134 -0.00011301 -2.10029 0 0.000157809
4 5.77839 0.00028801 0 -1.40719 0 0.000100133
5 2.23163 -0.000329971 -0.00036478 -0.693095 0 0
6 11.4725 0 0 -2.08291 0.198045 0.249638
7 0.615218 -0.99309 -0.8107 3.13843 0.250791 -0.497809
8 2.24752 0 0 0.0876464 0.0747425 0.0979189
9 1.11935 0 0 0.10922 0.023622 0.177413
10 3.71348 -0.10264 0.102191 1.46942 0.773555 -0.173756
11 1.72615 0 0 0.0282566 -0.00392481 -1.54455
12 1.21114 0 0 -0.000154152 0.000329135 0.33414
13 3.59919 -1.06012 0.0708876 1.5195 0.284619 -0.269155
14 1.66069 0 0 -0.111391 0.0758236 -1.56569
15 1.167 0 0 -0.00198892 -0.00149675 0.182279
16 2.18853 0.50104 0.0576591 1.53255 0.232941 0.0649166
17 1.29609 0 0 0.015082 -0.0443405 -0.516749
18 1.62202 0.000713348 -0.000470161 0.0384955 -0.0112057 -1.72079
19 1.22241 0 0 0.00168815 -0.0236783 0.388832
20 1.76707 1.27612 0.0366411 1.49342 0.346301 0.0637749
21 1.55588 0 0 -0.0248723 -0.0645979 -0.831289
22 1.24274 0 0 -0.000479241 0.000360498 -1.33483
23 0.784523 0 0 0.0161966 -0.00188078 0.403201
24 -2.4735 7.79394 -0.077753 -0.275371 0.252825 -2.41516
25 6.02794 0 0 0.63085 0.549644 0.115166
26 11.7344 0 0 0.00140275 0 2.01638
27 8.81167 0 0 0.688215 0 0
28 5.77884 0 0 0.461104 0 0
29 2.23249 0 0 0.227111 0 0
30 11.4725 0 0 0.940311 0.143597 -1.04281
31 0.615812 0.994372 -0.809166 2.77788 0.472288 0.107949
32 2.24752 0 0 -0.10444 -0.0368171 0.189869
33 1.11936 0 0 0.0409435 0.17253 0.992367
34 3.71349 0.102639 0.102191 -1.64963 0.584187 -0.369879
35 1.72615 0 0 -0.0181539 0.00311416 1.72396
36 1.21112 0 0 0.00667256 0.008005 0.706752
37 3.5992 1.06012 0.070888 -1.58383 -0.0108438 0.00177539
38 1.66069 0 0 0.01851 0.0756372 0.46316
39 1.16699 0 0 0.041085 0.0160212 0.836655
40 2.18853 -0.50104 0.0576587 -1.57144 -0.0521632 -0.199003
41 1.29609 0 0 0.0937335 0.100102 0.813135
42 1.62202 -0.000713348 -0.000470161 -0.0212591 -0.00856299 1.65517
43 1.22241 0 0 0 0.00653315 0.655771
44 1.76707 -1.27612 0.0366402 -1.41856 -0.0419569 -0.220999
45 1.55587 0 0 -0.017621 0.0420963 0.79085
46 1.24273 0 0 0.000478903 0.000360533 1.35859
47 0.784532 0 0 -0.00138838 0.00235236 0.814052
48 0 0 0 0 0 0
49 -4.64457 3.03872 -7.95742 1.99673 -1.56272 -1.99618
50 -4.63778 -19.5423 -4.08659 3.13123 -0.782036 -3.13372
51 -4.64813 3.03087 -6.89021 1.99673 -1.56272 -1.99618
52 -4.64036 -20.1264 -3.21754 1.99673 -1.56272 -1.99618
53 -5.17485 -8.26776 -4.7991 0.00735165 -0.00333527 0.000545279
54 0.533295 -3.57396 -0.116835 0 0 0
55 -0.439463 -5.01739 0.910444 0 0 0
56 0 -2.26997 1.22871 0.0206798 0 0
57 0 -5.92124 1.78377 0 0 0
58 0 -2.12203 -0.0619302 0 0 0
59 -0.575001 -1.69351 1.13699 0 0 0
60 0 -4.97524 -0.469842 0 0 0
61 0.694227 -1.89081 0.409987 -0.785398 0 0
time 18
0 4.40254 -0.765094 -3.0277 -0.827033 0.693143 -1.04017
1 6.02794 0 0 0.225397 0.36696 -0.517817
2 11.7344 0 0 -0.00140293 0 -1.19153
3 8.81138 -0.000448227 -0.00011158 -2.1005 0 0.000156948
4 5.77839 0.000286102 0 -1.40733 0 0
5 2.23163 -0.000328064 -0.00036335 -0.693164 0 0
6 11.4725 0 0 -2.08252 0.201423 0.253884
7 0.615218 -0.993091 -0.810699 3.13843 0.250791 -0.497809
8 2.24752 0 0 0.0876464 0.0747425 0.0979191
9 1.11936 0 0 0.10922 0.0236221 0.177412
10 3.71348 -0.102639 0.10219 1.46942 0.773555 -0.173756
11 1.72615 0 0 0.0282564 -0.00392479 -1.54455
12 1.21114 0 0 -0.000154044 0.000329056 0.33414
13 3.59919 -1.06012 0.0708885 1.5195 0.284619 -0.269155
14 1.66068 0 0 -0.11139 0.0758235 -1.56569
15 1.167 0 0 -0.00198891 -0.00149663 0.182279
16 2.18853 0.501039 0.0576591 1.53255 0.232941 0.0649167
17 1.29609 0 0 0.015082 -0.0443405 -0.516749
18 1.62202 0.000711441 -0.000470161 0.0384953 -0.0112056 -1.72079
19 1.22241 0 0 0.00168808 -0.0236782 0.388832
20 1.76707 1.27612 0.0366402 1.49342 0.346301 0.0637749
21 1.55588 0 0 -0.0248724 -0.0645982 -0.831289
22 1.24273 0 0 -0.000479218 0.000360517 -1.33483
23 0.784523 0 0 0.0161965 -0.00188073 0.403201
24 -2.4735 7.79394 -0.077753 -0.275371 0.252825 -2.41516
25 6.02794 0 0 0.631192 0.549261 0.115792
26 11.7344 0 0 0.00140263 0 2.01637
27 8.81167 0 0 0.692786 0 0
28 5.77884 0 0 0.464167 0 0
29 2.23249 0 0 0.22862 0 0
30 11.4725 0 0 0.945272 0.147611 -1.04596
31 0.615813 0.994373 -0.809166 2.77788 0.472288 0.107949
32 2.24752 0 0 -0.10444 -0.036817 0.189869
33 1.11936 0 0 0.0409433 0.17253 0.992367
34 3.71349 0.102639 0.10219 -1.64963 0.584186 -0.369879
35 1.72615 0 0 -0.0181541 0.00311422 1.72396
36 1.21112 0 0 0.00667258 0.00800498 0.706751
37 3.5992 1.06012 0.070888 -1.58384 -0.0108437 0.00177538
38 1.66069 0 0 0.01851 0.0756372 0.46316
39 1.16699 0 0 0.041085 0.0160212 0.836655
40 2.18853 -0.501041 0.0576582 -1.57144 -0.0521631 -0.199003
41 1.29609 0 0 0.0937335 0.100102 0.813135
42 1.62202 -0.000712395 -0.000469208 -0.0212591 -0.00856311 1.65517
43 1.22241 0 0 0 0.00653316 0.655771
44 1.76707 -1.27612 0.0366402 -1.41856 -0.041957 -0.220999
45 1.55588 0 0 -0.017621 0.0420963 0.79085
46 1.24273 0 0 0.000478863 0.000360623 1.35859
47 0.784533 0 0 -0.00138842 0.00235228 0.814052
48 0 0 0 0 0 0
49 -4.61715 3.05498 -7.88528 2.13715 -1.55579 -2.1371
50 -4.63995 -19.5463 -4.13448 3.12383 -0.777268 -3.12903
51 -4.62574 3.04147 -6.81815 2.13715 -1.55579 -2.1371
52 -4.64692 -20.1349 -3.26858 2.13715 -1.55579 -2.1371
53 -5.16799 -8.26783 -4.78961 0.0126621 -0.00805069 0
54 0.533295 -3.57396 -0.116835 0 0 0
55 -0.439464 -5.01739 0.910444 0 0 0
56 0 -2.26997 1.22871 0.0206798 0 0
57 0 -5.92124 1.78377 0 0 0
58 0 -2.12203 -0.0619297 0 0 0
59 -0.575002 -1.69351 1.13699 0 0 0
60 0 -4.97525 -0.469842 0 0 0
61 0.694227 -1.89081 0.409987 -0.785398 0 0
time 19
0 4.40254 -0.765094 -3.0277 -0.827033 0.693143 -1.04017
1 6.02794 0 0 0.223424 0.365939 -0.520786
2 11.7344 0 0 -0.00140286 0 -1.19085
3 8.81138 -0.000450134 -0.000112057 -2.10069 0 0.000157114
4 5.77839 0.000286102 0 -1.40746 0 0
5 2.23163 -0.000329971 -0.000363827 -0.693227 0 0
6 11.4725 0 0 -2.08298 0.200721 0.252005
7 0.615219 -0.993092 -0.8107 3.13843 0.250791 -0.497809
8 2.24752 0 0 0.0876464 0.0747424 0.0979191
9 1.11936 0 0 0.10922 0.0236221 0.177412
10 3.71348 -0.10264 0.102191 1.46942 0.773555 -0.173756
11 1.72615 0 0 0.0282565 -0.00392489 -1.54455
12 1.21114 0 0 -0.000153983 0.000329287 0.33414
13 3.59919 -1.06012 0.0708876 1.5195 0.284619 -0.269155
14 1.66069 0 0 -0.11139 0.0758234 -1.56569
15 1.167 0 0 -0.00198893 -0.00149669 0.182279
16 2.18852 0.50104 0.0576591 1.53255 0.232941 0.0649167
17 1.29609 0 0 0.0150818 -0.0443406 -0.516749
18 1.62202 0.000713348 -0.000469208 0.0384954 -0.0112056 -1.72079
19 1.22241 0 0 0.00168813 -0.0236783 0.388832
20 1.76707 1.27612 0.0366411 1.49342 0.346302 0.0637749
21 1.55588 0 0 -0.0248723 -0.0645983 -0.831289
22 1.24273 0 0 -0.000479459 0.00036063 -1.33483
23 0.784523 0 0 0.0161966 -0.00188085 0.403202
24 -2.4735 7.79394 -0.077753 -0.275371 0.252825 -2.41516
25 6.02794 0 0 0.632384 0.548671 0.117153
26 11.7344 0 0 0.00140267 0 2.01682
27 8.81167 0 0 0.688397 0 0
28 5.77884 0 0 0.461226 0 0
29 2.23249 0 0 0.227171 0 0
30 11.4725 0 0 0.942152 0.145073 -1.04622
31 0.615812 0.994373 -0.809166 2.77788 0.472288 0.107949
32 2.24752 0 0 -0.10444 -0.0368171 0.189869
33 1.11936 0 0 0.0409434 0.17253 0.992366
34 3.71349 0.10264 0.102191 -1.64963 0.584187 -0.369879
35 1.72615 0 0 -0.0181541 0.00311418 1.72396
36 1.21112 0 0 0.00667258 0.00800497 0.706752
37 3.5992 1.06012 0.070888 -1.58383 -0.0108437 0.00177528
38 1.66069 0 0 0.01851 0.0756372 0.46316
39 1.16699 0 0 0.041085 0.0160211 0.836655
40 2.18853 -0.50104 0.0576587 -1.57144 -0.0521631 -0.199003
41 1.29609 0 0 0.0937335 0.100102 0.813135
42 1.62202 -0.000712395 -0.000469685 -0.0212591 -0.00856292 1.65517
43 1.22241 0 0 0 0.00653319 0.655771
44 1.76707 -1.27612 0.0366406 -1.41856 -0.0419567 -0.220999
45 1.55588 0 0 -0.017621 0.0420963 0.79085
46 1.24273 0 0 0.000478919 0.000360558 1.35859
47 0.784532 0 0 -0.00138838 0.00235244 0.814052
48 0 0 0 0 0 0
49 -4.61537 3.04413 -7.9111 2.10575 -1.56009 -2.10576
50 -4.62976 -19.544 -4.08222 3.12864 -0.779899 -3.13247
51 -4.6212 3.03431 -6.84391 2.10575 -1.56009 -2.10576
52 -4.63451 -20.1297 -3.21427 2.10575 -1.56009 -2.10576
53 -5.15884 -8.26788 -4.77493 0.00920852 -0.00545674 0
54 0.533294 -3.57396 -0.116835 0 0 0
55 -0.439463 -5.01739 0.910445 0 0 0
56 0 -2.26997 1.22871 0.0206798 0 0
57 0 -5.92124 1.78377 0 0 0
58 0 -2.12203 -0.0619292 0 0 0
59 -0.575 -1.69351 1.13699 0 0 0
60 0 -4.97524 -0.469841 0 0 0
61 0.694227 -1.89081 0.409988 -0.785398 0 0
time 20
0 4.40254 -0.765094 -3.0277 -0.827033 0.693143 -1.04017
1 6.02794 0 0 0.221511 0.364798 -0.523507
2 11.7344 0 0 -0.00140286 0 -1.19049
3 8.81138 -0.000450134 -0.000112534 -2.10101 0 0.00015772
4 5.77839 0.000286102 0 -1.40768 0 0.000100013
5 2.23163 -0.000329971 -0.000365257 -0.693334 0 0
6 11.4725 0 0 -2.0835 0.200385 0.250657
7 0.615218 -0.993092 -0.8107 3.13843 0.250791 -0.497809
8 2.24752 0 0 0.0876463 0.0747424 0.0979189
9 1.11936 0 0 0.10922 0.0236221 0.177412
10 3.71348 -0.102643 0.102191 1.46942 0.773555 -0.173756
11 1.72615 0 0 0.0282566 -0.00392498 -1.54455
12 1.21114 0 0 -0.000154098 0.000329186 0.33414
13 3.59919 -1.06012 0.0708866 1.5195 0.284619 -0.269155
14 1.66069 0 0 -0.111391 0.0758237 -1.56569
15 1.167 0 0 -0.00198886 -0.00149675 0.182279
16 2.18852 0.50104 0.0576591 1.53255 0.232941 0.0649167
17 1.29609 0 0 0.0150819 -0.0443405 -0.516749
18 1.62202 0.000715256 -0.000470161 0.0384954 -0.0112057 -1.72079
19 1.22241 0 0 0.00168824 -0.0236783 0.388832
20 1.76707 1.27612 0.0366402 1.49342 0.346301 0.0637749
21 1.55588 0 0 -0.0248722 -0.0645981 -0.831289
22 1.24273 0 0 -0.000479218 0.000360517 -1.33483
23 0.784525 0 0 0.0161965 -0.00188073 0.403201
24 -2.4735 7.79394 -0.077753 -0.275371 0.252825 -2.41516
25 6.02794 0 0 0.633916 0.547958 0.118848
26 11.7344 0 0 0.00140272 0 2.01733
27 8.81167 0 0 0.684079 0 0
28 5.77884 0 0 0.458333 0 0
29 2.23249 0 0 0.225746 0 0
30 11.4725 0 0 0.939232 0.143003 -1.04704
31 0.615812 0.994373 -0.809165 2.77788 0.472288 0.107949
32 2.24752 0 0 -0.10444 -0.0368171 0.189869
33 1.11936 0 0 0.0409434 0.17253 0.992367
34 3.71349 0.102639 0.102191 -1.64963 0.584186 -0.369879
35 1.72615 0 0 -0.018154 0.00311414 1.72396
36 1.21112 0 0 0.00667254 0.00800512 0.706752
37 3.5992 1.06012 0.070889 -1.58384 -0.0108437 0.00177538
38 1.66069 0 0 0.0185101 0.0756372 0.46316
39 1.16699 0 0 0.0410849 0.0160212 0.836655
40 2.18853 -0.501041 0.0576591 -1.57144 -0.0521633 -0.199003
41 1.29609 0 0 0.0937335 0.100102 0.813135
42 1.62202 -0.000713348 -0.000469685 -0.0212592 -0.00856292 1.65517
43 1.22241 0 0 0 0.00653305 0.655771
44 1.76707 -1.27612 0.0366406 -1.41856 -0.041957 -0.220999
45 1.55588 0 0 -0.0176209 0.0420963 0.79085
46 1.24273 0 0 0.000478874 0.000360595 1.35859
47 0.784531 0 0 -0.00138831 0.00235232 0.814052
48 0 0 0 0 0 0
49 -4.61079 3.03456 -7.92759 2.04944 -1.56382 -2.0495
50 -4.61752 -19.542 -4.03055 3.13286 -0.782166 -3.13549
51 -4.61421 3.02795 -6.86036 2.04944 -1.56382 -2.0495
52 -4.62036 -20.125 -3.16082 2.04944 -1.56382 -2.0495
53 -5.14768 -8.26791 -4.75608 0.00619105 -0.00321244 0
54 0.533295 -3.57396 -0.116835 0 0 0
55 -0.439463 -5.01739 0.910444 0 0 0
56 0 -2.26997 1.22871 0.0206798 0 0
57 0 -5.92124 1.78377 0 0 0
58 0 -2.12202 -0.0619297 0 0 0
59 -0.575001 -1.69351 1.13699 0 0 0
60 0 -4.97524 -0.469842 0 0 0
61 0.694227 -1.89081 0.409987 -0.785398 0 0
time 21
0 4.40254 -0.765094 -3.0277 -0.827033 0.693143 -1.04017
1 6.02794 0 0 0.219691 0.363567 -0.525949
2 11.7344 0 0 -0.00140287 0 -1.19043
3 8.81138 -0.000450134 -0.00011158 -2.10145 0 0.000156945
4 5.77839 0.000284195 0 -1.40797 0 0
5 2.23163 -0.000329971 -0.000363827 -0.693479 0 0
6 11.4725 0 0 -2.08405 0.200379 0.249787
7 0.615219 -0.99309 -0.8107 3.13843 0.250791 -0.497809
8 2.24752 0 0 0.0876464 0.0747425 0.097919
9 1.11936 0 0 0.10922 0.023622 0.177413
10 3.71348 -0.102639 0.102191 1.46942 0.773555 -0.173756
11 1.72615 0 0 0.0282565 -0.00392495 -1.54455
12 1.21114 0 0 -0.000153968 0.000329104 0.33414
13 3.59919 -1.06012 0.0708876 1.5195 0.284619 -0.269155
14 1.66069 0 0 -0.111391 0.0758236 -1.56569
15 1.167 0 0 -0.00198893 -0.00149693 0.182279
16 2.18853 0.501039 0.0576591 1.53255 0.232941 0.0649168
17 1.29609 0 0 0.015082 -0.0443406 -0.516749
18 1.62202 0.000713348 -0.000471115 0.0384956 -0.0112058 -1.72079
19 1.22241 0 0 0.00168803 -0.0236783 0.388832
20 1.76707 1.27612 0.0366411 1.49342 0.346302 0.0637747
21 1.55587 0 0 -0.0248723 -0.0645979 -0.831289
22 1.24274 0 0 -0.000479251 0.000360415 -1.33483
23 0.784525 0 0 0.0161965 -0.00188056 0.403202
24 -2.4735 7.79394 -0.077753 -0.275371 0.252825 -2.41516
25 6.02794 0 0 0.635673 0.547135 0.120791
26 11.7344 0 0 0.00140266 0 2.01788
27 8.81167 0 0 0.679928 0 0
28 5.77884 0 0 0.455552 0 0
29 2.23249 0 0 0.224376 0 0
30 11.4725 0 0 0.93658 0.141354 -1.04832
31 0.615813 0.994373 -0.809166 2.77788 0.472288 0.107949
32 2.24752 0 0 -0.10444 -0.0368171 0.189869
33 1.11936 0 0 0.0409435 0.17253 0.992366
34 3.71349 0.102639 0.102191 -1.64963 0.584187 -0.369879
35 1.72615 0 0 -0.0181539 0.00311411 1.72396
36 1.21112 0 0 0.00667248 0.00800512 0.706752
37 3.5992 1.06012 0.070888 -1.58383 -0.0108437 0.00177528
38 1.66069 0 0 0.01851 0.0756372 0.46316
39 1.16699 0 0 0.0410849 0.0160212 0.836655
40 2.18853 -0.501041 0.0576587 -1.57144 -0.052163 -0.199003
41 1.29609 0 0 0.0937335 0.100102 0.813135
42 1.62202 -0.000714302 -0.000469685 -0.0212591 -0.00856304 1.65517
43 1.22241 0 0 0 0.00653321 0.655771
44 1.76707 -1.27612 0.0366406 -1.41856 -0.0419568 -0.220999
45 1.55588 0 0 -0.017621 0.0420963 0.79085
46 1.24273 0 0 0.000478907 0.000360587 1.35859
47 0.784532 0 0 -0.00138829 0.00235242 0.814052
48 0 0 0 0 0 0
49 -4.60361 3.0263 -7.93579 1.92086 -1.56695 -1.92095
50 -4.6036 -19.5401 -3.98048 3.13649 -0.784074 -3.13808
51 -4.60502 3.02245 -6.86855 1.92086 -1.56695 -1.92095
52 -4.60481 -20.1209 -3.10925 1.92086 -1.56695 -1.92095
53 -5.13482 -8.26793 -4.73411 0.00360964 -0.00131779 0
54 0.533295 -3.57396 -0.116835 0 0 0
55 -0.439463 -5.01739 0.910445 0 0 0
56 0 -2.26997 1.22871 0.0206798 0 0
57 0 -5.92124 1.78377 0 0 0
58 0 -2.12202 -0.0619297 0 0 0
59 -0.575001 -1.69351 1.13699 0 0 0
60 0 -4.97524 -0.469841 0 0 0
61 0.694227 -1.89081 0.409987 -0.785398 0 0
time 22
0 4.40254 -0.765094 -3.0277 -0.827033 0.693143 -1.04017
1 6.02794 0 0 0.217995 0.362281 -0.528077
2 11.7344 0 0 -0.00140284 0 -1.19063
3 8.81138 -0.000450134 -0.00011158 -2.10198 0 0.000156912
4 5.77839 0.000286102 0 -1.40832 0 0
5 2.23163 -0.000329971 -0.000363827 -0.693653 0 0
6 11.4725 0 0 -2.08463 0.200668 0.249352
7 0.615218 -0.993089 -0.810699 3.13843 0.250791 -0.49781
8 2.24752 0 0 0.0876463 0.0747425 0.097919
9 1.11936 0 0 0.10922 0.0236221 0.177413
10 3.71348 -0.102638 0.102192 1.46942 0.773555 -0.173756
11 1.72615 0 0 0.0282566 -0.00392483 -1.54455
12 1.21114 0 0 -0.000153956 0.000329041 0.33414
13 3.59919 -1.06012 0.0708885 1.5195 0.284619 -0.269155
14 1.66069 0 0 -0.111391 0.0758236 -1.56569
15 1.167 0 0 -0.00198896 -0.00149668 0.182279
16 2.18852 0.501041 0.0576591 1.53255 0.232941 0.0649166
17 1.29609 0 0 0.0150818 -0.0443407 -0.516749
18 1.62202 0.000713348 -0.000471115 0.0384953 -0.0112056 -1.72079
19 1.22241 0 0 0.00168817 -0.0236783 0.388832
20 1.76707 1.27612 0.0366411 1.49342 0.346301 0.0637748
21 1.55587 0 0 -0.0248723 -0.0645981 -0.831289
22 1.24273 0 0 -0.000479181 0.00036047 -1.33483
23 0.784525 0 0 0.0161966 -0.00188064 0.403202
24 -2.4735 7.79394 -0.077753 -0.275371 0.252825 -2.41516
25 6.02794 0 0 0.637553 0.546215 0.122906
26 11.7344 0 0 0.00140273 0 2.01845
27 8.81167 0 0 0.676031 0 0
28 5.77884 0 0 0.452941 0 0
29 2.23249 0 0 0.22309 0 0
30 11.4725 0 0 0.934255 0.140089 -1.04999
31 0.615813 0.994372 -0.809166 2.77788 0.472288 0.107949
32 2.24752 0 0 -0.10444 -0.0368172 0.189869
33 1.11936 0 0 0.0409435 0.17253 0.992367
34 3.71349 0.102639 0.10219 -1.64963 0.584187 -0.369879
35 1.72615 0 0 -0.018154 0.00311411 1.72396
36 1.21112 0 0 0.00667265 0.00800504 0.706751
37 3.5992 1.06012 0.0708885 -1.58384 -0.0108438 0.00177549
38 1.66069 0 0 0.0185101 0.0756372 0.46316
39 1.16699 0 0 0.0410849 0.0160211 0.836655
40 2.18853 -0.50104 0.0576591 -1.57144 -0.0521632 -0.199003
41 1.29609 0 0 0.0937335 0.100102 0.813135
42 1.62202 -0.000713348 -0.000469208 -0.0212591 -0.008563 1.65517
43 1.22241 0 0 0 0.00653317 0.655771
44 1.76707 -1.27612 0.0366411 -1.41856 -0.041957 -0.220999
45 1.55588 0 0 -0.0176209 0.0420963 0.79085
46 1.24273 0 0 0.000478932 0.000360586 1.35859
47 0.784532 0 0 -0.00138843 0.00235241 0.814052
48 0 0 0 0 0 0
49 -4.59408 3.0194 -7.93676 1.4169 -1.56931 -1.41698
50 -4.58835 -19.5385 -3.93306 3.13952 -0.785624 -3.14024
51 -4.59384 3.01784 -6.86951 1.4169 -1.56931 -1.41698
52 -4.58822 -20.1174 -3.06058 1.4169 -1.56931 -1.41698
53 -5.12054 -8.26793 -4.71004 0.00146431 0.000227219 -0.000114045
54 0.533295 -3.57396 -0.116835 0 0 0
55 -0.439464 -5.01739 0.910445 0 0 0
56 0 -2.26997 1.22871 0.0206798 0 0
57 0 -5.92124 1.78377 0 0 0
58 0 -2.12202 -0.0619292 0 0 0
59 -0.575001 -1.69351 1.13699 0 0 0
60 0 -4.97524 -0.469841 0 0 0
61 0.694227 -1.89081 0.409988 -0.785398 0 0
time 23
0 4.40254 -0.765094 -3.0277 -0.827033 0.693143 -1.04017
1 6.02794 0 0 0.216536 0.360995 -0.529714
2 11.7344 0 0 -0.00140279 0 -1.19114
3 8.81138 -0.000450134 -0.000112057 -2.10257 0 0.000157242
4 5.77839 0.000284195 0 -1.40872 0 0
5 2.23163 -0.000328064 -0.000363827 -0.693848 0 0
6 11.4725 0 0 -2.08519 0.201298 0.24944
7 0.615219 -0.99309 -0.810701 3.13843 0.250791 -0.497809
8 2.24752 0 0 0.0876463 0.0747425 0.097919
9 1.11936 0 0 0.10922 0.0236221 0.177413
10 3.71348 -0.102639 0.10219 1.46942 0.773555 -0.173756
11 1.72615 0 0 0.0282564 -0.00392485 -1.54455
12 1.21114 0 0 -0.000153949 0.000329221 0.33414
13 3.59919 -1.06012 0.0708866 1.5195 0.284619 -0.269155
14 1.66069 0 0 -0.111391 0.0758236 -1.56569
15 1.167 0 0 -0.0019888 -0.00149676 0.182279
16 2.18853 0.50104 0.0576582 1.53255 0.232941 0.0649167
17 1.29609 0 0 0.0150819 -0.0443406 -0.516749
18 1.62202 0.000711441 -0.000469208 0.0384953 -0.0112056 -1.72079
19 1.22241 0 0 0.00168819 -0.0236783 0.388832
20 1.76707 1.27612 0.0366402 1.49342 0.346301 0.0637748
21 1.55588 0 0 -0.0248723 -0.0645979 -0.831289
22 1.24274 0 0 -0.000479084 0.000360395 -1.33483
23 0.784523 0 0 0.0161966 -0.00188055 0.403201
24 -2.4735 7.79394 -0.077753 -0.275371 0.252825 -2.41516
25 6.02794 0 0 0.639441 0.545216 0.125105
26 11.7344 0 0 0.00140271 0 2.01901
27 8.81167 0 0 0.672657 0 0
28 5.77884 0 0 0.45068 0 0
29 2.23249 0 0 0.221977 0 0
30 11.4725 0 0 0.932474 0.139314 -1.05201
31 0.615812 0.994372 -0.809165 2.77788 0.472288 0.107949
32 2.24752 0 0 -0.10444 -0.0368171 0.189869
33 1.11936 0 0 0.0409433 0.17253 0.992366
34 3.71348 0.10264 0.102191 -1.64963 0.584187 -0.369879
35 1.72615 0 0 -0.018154 0.00311403 1.72396
36 1.21112 0 0 0.00667261 0.0080051 0.706752
37 3.5992 1.06012 0.0708885 -1.58383 -0.0108437 0.00177539
38 1.66069 0 0 0.01851 0.0756372 0.46316
39 1.16699 0 0 0.0410849 0.0160211 0.836655
40 2.18853 -0.50104 0.0576591 -1.57144 -0.0521632 -0.199003
41 1.29609 0 0 0.0937335 0.100102 0.813136
42 1.62202 -0.000713348 -0.000469208 -0.0212591 -0.00856302 1.65517
43 1.22241 0 0 0 0.0065332 0.655771
44 1.76707 -1.27612 0.0366411 -1.41856 -0.0419568 -0.220999
45 1.55588 0 0 -0.0176209 0.0420963 0.79085
46 1.24273 0 0 0.000478825 0.000360673 1.35859
47 0.784531 0 0 -0.00138831 0.00235239 0.814053
48 0 0 0 0 0 0
49 -4.58195 3.01448 -7.92936 -0.0446396 -1.56952 0.0445147
50 -4.57222 -19.5373 -3.89135 -3.14151 -0.786674 3.14141
51 -4.58059 3.01454 -6.86211 -0.0446396 -1.56952 0.0445147
52 -4.57118 -20.1148 -3.018 -0.0446396 -1.56952 0.0445147
53 -5.10512 -8.26791 -4.68492 0 0.00127582 -0.000124737
54 0.533295 -3.57396 -0.116835 0 0 0
55 -0.439464 -5.01739 0.910444 0 0 0
56 0 -2.26997 1.22871 0.0206798 0 0
57 0 -5.92124 1.78377 0 0 0
58 0 -2.12202 -0.0619297 0 0 0
59 -0.575001 -1.69351 1.13699 0 0 0
60 0 -4.97525 -0.469841 0 0 0
61 0.694227 -1.89081 0.409988 -0.785398 0 0
time 24
0 4.40254 -0.765094 -3.0277 -0.827033 0.693143 -1.04017
1 6.02794 0 0 0.215377 0.359751 -0.530764
2 11.7344 0 0 -0.00140283 0 -1.19197
3 8.81138 -0.000450134 -0.00011301 -2.10321 0 0.000158232
4 5.77839 0.000286102 0 -1.40915 0 0.000100282
5 2.23163 -0.000328064 -0.000364304 -0.69406 0 0
6 11.4725 0 0 -2.08573 0.202268 0.250065
7 0.61522 -0.993093 -0.8107 3.13843 0.250791 -0.497809
8 2.24752 0 0 0.0876464 0.0747425 0.0979191
9 1.11936 0 0 0.10922 0.023622 0.177412
10 3.71348 -0.102641 0.102191 1.46942 0.773555 -0.173756
11 1.72615 0 0 0.0282563 -0.00392485 -1.54455
12 1.21114 0 0 -0.00015402 0.000329112 0.33414
13 3.59919 -1.06012 0.0708866 1.5195 0.284618 -0.269155
14 1.66069 0 0 -0.111391 0.0758236 -1.56569
15 1.167 0 0 -0.00198888 -0.00149687 0.182279
16 2.18852 0.50104 0.0576582 1.53255 0.232941 0.0649167
17 1.29609 0 0 0.0150819 -0.0443406 -0.516749
18 1.62202 0.000715256 -0.000469208 0.0384954 -0.0112057 -1.72079
19 1.22241 0 0 0.00168814 -0.0236783 0.388832
20 1.76707 1.27612 0.0366402 1.49342 0.346301 0.0637749
21 1.55588 0 0 -0.0248723 -0.0645979 -0.831289
22 1.24273 0 0 -0.000479218 0.000360517 -1.33483
23 0.784523 0 0 0.0161965 -0.00188068 0.403201
24 -2.4735 7.79394 -0.077753 -0.275371 0.252825 -2.41516
25 6.02794 0 0 0.641229 0.544156 0.127306
26 11.7344 0 0 0.00140262 0 2.01952
27 8.81167 0 0 0.669964 0 0
28 5.77884 0 0 0.448876 0 0
29 2.23249 0 0 0.221088 0 0
30 11.4725 0 0 0.931361 0.139055 -1.05432
31 0.615813 0.994372 -0.809165 2.77788 0.472288 0.107949
32 2.24752 0 0 -0.10444 -0.0368171 0.189869
33 1.11936 0 0 0.0409434 0.17253 0.992367
34 3.71349 0.102639 0.102191 -1.64963 0.584187 -0.369879
35 1.72615 0 0 -0.018154 0.00311417 1.72396
36 1.21112 0 0 0.00667254 0.00800508 0.706751
37 3.5992 1.06012 0.0708885 -1.58384 -0.0108438 0.00177527
38 1.66069 0 0 0.01851 0.0756372 0.46316
39 1.16699 0 0 0.0410849 0.0160212 0.836655
40 2.18853 -0.501041 0.0576596 -1.57144 -0.052163 -0.199003
41 1.29609 0 0 0.0937335 0.100102 0.813135
42 1.62202 -0.000713348 -0.000470638 -0.0212592 -0.008563 1.65517
43 1.22241 0 0 0 0.00653317 0.655771
44 1.76707 -1.27612 0.0366411 -1.41856 -0.0419569 -0.220999
45 1.55588 0 0 -0.017621 0.0420963 0.79085
46 1.24273 0 0 0.00047891 0.000360566 1.35859
47 0.784531 0 0 -0.00138833 0.00235241 0.814052
48 0 0 0 0 0 0
49 -4.56727 3.01186 -7.91368 -0.459601 -1.56883 0.459472
50 -4.5556 -19.5366 -3.85727 -3.14036 -0.787163 3.14059
51 -4.56538 3.01279 -6.84643 -0.459601 -1.56883 0.459472
52 -4.55414 -20.1134 -2.98344 -0.459601 -1.56883 0.459472
53 -5.08887 -8.26789 -4.65978 -0.000873657 0.00176512 -0.000128301
54 0.533295 -3.57396 -0.116834 0 0 0
55 -0.439464 -5.01739 0.910444 0 0 0
56 0 -2.26997 1.22871 0.0206798 0 0
57 0 -5.92124 1.78377 0 0 0
58 0 -2.12203 -0.0619302 0 0 0
59 -0.575 -1.69351 1.13699 0 0 0
60 0 -4.97524 -0.469842 0 0 0
61 0.694227 -1.89081 0.409987 -0.785398 0 0
time 25
0 4.40254 -0.765094 -3.0277 -0.827033 0.693143 -1.04017
1 6.02794 0 0 0.214482 0.35856 -0.53131
2 11.7344 0 0 -0.00140285 0 -1.19304
3 8.81138 -0.000450134 -0.000112534 -2.10386 0 0.000156693
4 5.77839 0.000284195 0 -1.40959 0 0
5 2.23163 -0.000331879 -0.000365734 -0.694275 0 0
6 11.4725 0 0 -2.08622 0.203474 0.251066
7 0.615219 -0.993092 -0.810699 3.13843 0.250791 -0.497809
8 2.24752 0 0 0.0876464 0.0747425 0.097919
9 1.11936 0 0 0.10922 0.0236221 0.177412
10 3.71348 -0.102642 0.102192 1.46942 0.773555 -0.173756
11 1.72615 0 0 0.0282564 -0.00392478 -1.54455
12 1.21114 0 0 -0.000153919 0.000329035 0.33414
13 3.59919 -1.06012 0.0708885 1.5195 0.284619 -0.269155
14 1.66069 0 0 -0.11139 0.0758234 -1.56569
15 1.167 0 0 -0.00198887 -0.00149681 0.182279
16 2.18853 0.50104 0.0576601 1.53255 0.232941 0.0649166
17 1.29609 0 0 0.0150819 -0.0443406 -0.516749
18 1.62202 0.000713348 -0.000470161 0.0384954 -0.0112057 -1.72079
19 1.22241 0 0 0.00168818 -0.0236782 0.388832
20 1.76707 1.27612 0.0366421 1.49342 0.346302 0.0637747
21 1.55587 0 0 -0.0248724 -0.0645981 -0.831289
22 1.24274 0 0 -0.000479134 0.000360507 -1.33483
23 0.784525 0 0 0.0161964 -0.00188062 0.403201
24 -2.4735 7.79394 -0.077753 -0.275371 0.252825 -2.41516
25 6.02794 0 0 0.642822 0.543053 0.129434
26 11.7344 0 0 0.00140278 0 2.01997
27 8.81167 0 0 0.667893 0 0
28 5.77884 0 0 0.447488 0 0
29 2.23249 0 0 0.220405 0 0
30 11.4725 0 0 0.930842 0.139147 -1.05678
31 0.615812 0.994372 -0.809165 2.77788 0.472288 0.107949
32 2.24752 0 0 -0.10444 -0.036817 0.189869
33 1.11936 0 0 0.0409434 0.17253 0.992366
34 3.71349 0.102639 0.10219 -1.64963 0.584186 -0.369879
35 1.72615 0 0 -0.018154 0.00311419 1.72396
36 1.21112 0 0 0.00667254 0.00800505 0.706751
37 3.5992 1.06012 0.0708885 -1.58383 -0.0108437 0.00177544
38 1.66069 0 0 0.01851 0.0756371 0.46316
39 1.16699 0 0 0.041085 0.0160212 0.836655
40 2.18853 -0.501041 0.0576591 -1.57144 -0.0521631 -0.199003
41 1.29609 0 0 0.0937334 0.100102 0.813135
42 1.62202 -0.000712395 -0.000470161 -0.0212591 -0.00856311 1.65517
43 1.22241 0 0 0 0.00653322 0.655771
44 1.76707 -1.27612 0.0366402 -1.41856 -0.041957 -0.220999
45 1.55588 0 0 -0.017621 0.0420963 0.79085
46 1.24273 0 0 0.000478907 0.00036053 1.35859
47 0.784531 0 0 -0.00138834 0.00235239 0.814052
48 0 0 0 0 0 0
49 -4.55069 3.01101 -7.89266 -0.562069 -1.56864 0.561936
50 -4.53871 -19.5363 -3.83009 -3.13997 -0.787218 3.14032
51 -4.54875 3.01223 -6.82542 -0.562069 -1.56864 0.561936
52 -4.53719 -20.113 -2.95611 -0.562069 -1.56864 0.561936
53 -5.07207 -8.26785 -4.63565 -0.00114685 0.00182092 -0.000124737
54 0.533295 -3.57397 -0.116835 0 0 0
55 -0.439464 -5.01739 0.910444 0 0 0
56 0 -2.26997 1.22871 0.0206798 0 0
57 0 -5.92124 1.78377 0 0 0
58 0 -2.12202 -0.0619297 0 0 0
59 -0.575002 -1.69351 1.13699 0 0 0
60 0 -4.97524 -0.469841 0 0 0
61 0.694227 -1.89081 0.409988 -0.785398 0 0
time 26
0 4.40254 -0.765094 -3.0277 -0.827033 0.693143 -1.04017
1 6.02794 0 0 0.213815 0.357433 -0.531436
2 11.7344 0 0 -0.00140278 0 -1.19429
3 8.81138 -0.000450134 -0.000111103 -2.1045 0 0.000157904
4 5.77839 0.000286102 0 -1.41001 0 0
5 2.23163 -0.000329971 -0.00036335 -0.694484 0 0
6 11.4725 0 0 -2.08666 0.204807 0.252284
7 0.61522 -0.993093 -0.8107 3.13843 0.250791 -0.497809
8 2.24752 0 0 0.0876464 0.0747425 0.0979191
9 1.11936 0 0 0.10922 0.023622 0.177412
10 3.71348 -0.102642 0.102191 1.46942 0.773555 -0.173756
11 1.72615 0 0 0.0282565 -0.00392485 -1.54455
12 1.21114 0 0 -0.00015404 0.000328995 0.33414
13 3.59919 -1.06012 0.0708876 1.5195 0.284619 -0.269155
14 1.66069 0 0 -0.111391 0.0758236 -1.56569
15 1.167 0 0 -0.0019888 -0.00149682 0.182279
16 2.18852 0.50104 0.0576582 1.53255 0.232941 0.0649167
17 1.29609 0 0 0.0150819 -0.0443406 -0.516749
18 1.62202 0.000713348 -0.000470161 0.0384953 -0.0112056 -1.72079
19 1.22241 0 0 0.00168818 -0.0236784 0.388832
20 1.76707 1.27612 0.0366411 1.49342 0.346302 0.063775
21 1.55588 0 0 -0.0248726 -0.0645984 -0.831289
22 1.24273 0 0 -0.000479281 0.000360694 -1.33483
23 0.784525 0 0 0.0161964 -0.00188078 0.403201
24 -2.4735 7.79394 -0.077753 -0.275371 0.252825 -2.41516
25 6.02794 0 0 0.644119 0.541926 0.131413
26 11.7344 0 0 0.0014027 0 2.02035
27 8.81167 0 0 0.666384 0 0
28 5.77884 0 0 0.446477 0 0
29 2.23249 0 0 0.219907 0 0
30 11.4725 0 0 0.930839 0.139425 -1.05922
31 0.615813 0.994373 -0.809165 2.77788 0.472288 0.107949
32 2.24752 0 0 -0.10444 -0.036817 0.189869
33 1.11936 0 0 0.0409434 0.17253 0.992366
34 3.71349 0.102639 0.102192 -1.64963 0.584187 -0.369879
35 1.72615 0 0 -0.018154 0.00311419 1.72396
36 1.21112 0 0 0.00667253 0.00800505 0.706752
37 3.5992 1.06012 0.070889 -1.58383 -0.0108437 0.00177537
38 1.66069 0 0 0.01851 0.0756372 0.46316
39 1.16699 0 0 0.041085 0.0160211 0.836655
40 2.18853 -0.501041 0.0576591 -1.57144 -0.0521631 -0.199003
41 1.29609 0 0 0.0937335 0.100102 0.813135
42 1.62202 -0.000714302 -0.000469208 -0.0212592 -0.00856293 1.65517
43 1.22241 0 0 0 0.00653306 0.655771
44 1.76707 -1.27612 0.0366411 -1.41856 -0.0419568 -0.220999
45 1.55587 0 0 -0.0176209 0.0420963 0.79085
46 1.24273 0 0 0.000478867 0.000360677 1.35859
47 0.784532 0 0 -0.00138843 0.00235232 0.814052
48 0 0 0 0 0 0
49 -4.53293 3.01141 -7.86922 -0.584328 -1.56892 0.584214
50 -4.52174 -19.5364 -3.80911 -3.14012 -0.786966 3.14044
51 -4.53125 3.01252 -6.80198 -0.584328 -1.56892 0.584214
52 -4.52043 -20.1131 -2.93519 -0.584328 -1.56892 0.584214
53 -5.05501 -8.2678 -4.61357 -0.00103768 0.001569 -0.000114045
54 0.533295 -3.57396 -0.116835 0 0 0
55 -0.439464 -5.01739 0.910444 0 0 0
56 0 -2.26997 1.22871 0.0206798 0 0
57 0 -5.92124 1.78377 0 0 0
58 0 -2.12202 -0.0619297 0 0 0
59 -0.575001 -1.69351 1.13699 0 0 0
60 0 -4.97525 -0.469842 0 0 0
61 0.694227 -1.89081 0.409987 -0.785398 0 0
time 27
0 4.40254 -0.765094 -3.0277 -0.827033 0.693143 -1.04017
1 6.02794 0 0 0.213341 0.356378 -0.531226
2 11.7344 0 0 -0.00140286 0 -1.19563
3 8.81138 -0.000450134 -0.000112057 -2.10508 0 0.00015674
4 5.77839 0.000286102 0 -1.4104 0 0
5 2.23163 -0.000328064 -0.000364304 -0.694675 0 0
6 11.4725 0 0 -2.08704 0.20616 0.253558
7 0.615219 -0.99309 -0.810699 3.13843 0.250791 -0.497809
8 2.24752 0 0 0.0876463 0.0747425 0.097919
9 1.11936 0 0 0.10922 0.0236221 0.177413
10 3.71348 -0.10264 0.102191 1.46942 0.773555 -0.173756
11 1.72615 0 0 0.0282567 -0.0039249 -1.54455
12 1.21114 0 0 -0.000154015 0.000329051 0.33414
13 3.59919 -1.06012 0.0708885 1.5195 0.284619 -0.269155
14 1.66069 0 0 -0.111391 0.0758238 -1.56569
15 1.167 0 0 -0.00198876 -0.00149694 0.182279
16 2.18853 0.501042 0.0576591 1.53255 0.232941 0.0649166
17 1.29609 0 0 0.0150819 -0.0443405 -0.516749
18 1.62202 0.000713348 -0.000472069 0.0384954 -0.0112056 -1.72079
19 1.22241 0 0 0.00168807 -0.0236783 0.388832
20 1.76707 1.27612 0.0366411 1.49342 0.346302 0.0637748
21 1.55588 0 0 -0.0248724 -0.0645982 -0.831289
22 1.24274 0 0 -0.000479315 0.000360592 -1.33483
23 0.784523 0 0 0.0161966 -0.0018806 0.403202
24 -2.4735 7.79394 -0.077753 -0.275371 0.252825 -2.41516
25 6.02794 0 0 0.645027 0.540797 0.133169
26 11.7344 0 0 0.00140267 0 2.02065
27 8.81167 0 0 0.665381 0 0
28 5.77884 0 0 0.445805 0 0
29 2.23249 0 0 0.219576 0 0
30 11.4725 0 0 0.931273 0.139728 -1.06148
31 0.615813 0.994373 -0.809165 2.77788 0.472288 0.107949
32 2.24752 0 0 -0.10444 -0.036817 0.189869
33 1.11936 0 0 0.0409433 0.17253 0.992367
34 3.71349 0.10264 0.10219 -1.64963 0.584186 -0.369879
35 1.72615 0 0 -0.0181539 0.00311415 1.72396
36 1.21112 0 0 0.00667248 0.00800509 0.706751
37 3.5992 1.06012 0.0708876 -1.58383 -0.0108438 0.00177528
38 1.66069 0 0 0.01851 0.0756371 0.46316
39 1.16699 0 0 0.041085 0.0160212 0.836655
40 2.18853 -0.50104 0.0576587 -1.57144 -0.0521632 -0.199003
41 1.29609 0 0 0.0937336 0.100102 0.813135
42 1.62202 -0.000713348 -0.000469685 -0.0212591 -0.00856293 1.65517
43 1.22241 0 0 0 0.00653319 0.655771
44 1.76707 -1.27612 0.0366406 -1.41856 -0.0419569 -0.220999
45 1.55588 0 0 -0.017621 0.0420963 0.79085
46 1.24273 0 0 0.000478896 0.000360615 1.35859
47 0.784531 0 0 -0.00138842 0.00235236 0.814052
48 0 0 0 0 0 0
49 -4.51469 3.01256 -7.84628 -0.557226 -1.56946 0.557133
50 -4.50486 -19.5366 -3.7936 -3.14059 -0.786533 3.14079
51 -4.51347 3.01331 -6.77903 -0.557226 -1.56946 0.557133
52 -4.50392 -20.1136 -2.91988 -0.557226 -1.56946 0.557133
53 -5.03798 -8.26775 -4.59458 -0.000707279 0.00113516 0
54 0.533295 -3.57396 -0.116835 0 0 0
55 -0.439464 -5.01739 0.910444 0 0 0
56 0 -2.26997 1.22871 0.0206798 0 0
57 0 -5.92124 1.78377 0 0 0
58 0 -2.12203 -0.0619292 0 0 0
59 -0.575001 -1.69351 1.13699 0 0 0
60 0 -4.97525 -0.469841 0 0 0
61 0.694227 -1.89081 0.409988 -0.785398 0 0
time 28
0 4.40254 -0.765094 -3.0277 -0.827033 0.693143 -1.04017
1 6.02794 0 0 0.213025 0.355402 -0.530762
2 11.7344 0 0 -0.00140288 0 -1.19701
3 8.81138 -0.000448227 -0.000111103 -2.10557 0 0.000157349
4 5.77839 0.000286102 0 -1.41073 0 0
5 2.23163 -0.000328064 -0.000364304 -0.694837 0 0
6 11.4725 0 0 -2.08735 0.207425 0.25473
7 0.615219 -0.993093 -0.810699 3.13843 0.250791 -0.497809
8 2.24752 0 0 0.0876463 0.0747425 0.097919
9 1.11936 0 0 0.10922 0.023622 0.177412
10 3.71348 -0.102642 0.102192 1.46942 0.773555 -0.173756
11 1.72615 0 0 0.0282564 -0.00392472 -1.54455
12 1.21113 0 0 -0.000154012 0.000329111 0.33414
13 3.59919 -1.06012 0.0708885 1.5195 0.284619 -0.269155
14 1.66069 0 0 -0.111391 0.0758237 -1.56569
15 1.167 0 0 -0.00198891 -0.00149681 0.182279
16 2.18853 0.50104 0.0576601 1.53255 0.232941 0.0649167
17 1.29609 0 0 0.0150819 -0.0443405 -0.516749
18 1.62202 0.000713348 -0.000469208 0.0384953 -0.0112055 -1.72079
19 1.22241 0 0 0.00168811 -0.0236783 0.388832
20 1.76707 1.27612 0.0366411 1.49342 0.346301 0.0637749
21 1.55588 0 0 -0.0248723 -0.0645982 -0.831289
22 1.24274 0 0 -0.000479422 0.000360584 -1.33483
23 0.784525 0 0 0.0161966 -0.00188067 0.403202
24 -2.4735 7.79394 -0.077753 -0.275371 0.252825 -2.41516
25 6.02794 0 0 0.64545 0.539686 0.134627
26 11.7344 0 0 0.00140276 0 2.02085
27 8.81167 0 0 0.664829 0 0
28 5.77884 0 0 0.445435 0 0
29 2.23249 0 0 0.219394 0 0
30 11.4725 0 0 0.932069 0.139895 -1.0634
31 0.615813 0.994372 -0.809165 2.77788 0.472288 0.107949
32 2.24752 0 0 -0.10444 -0.036817 0.189869
33 1.11936 0 0 0.0409433 0.17253 0.992367
34 3.71349 0.102639 0.102191 -1.64963 0.584186 -0.369879
35 1.72615 0 0 -0.018154 0.00311417 1.72396
36 1.21112 0 0 0.00667254 0.00800507 0.706751
37 3.5992 1.06012 0.070888 -1.58384 -0.0108438 0.00177539
38 1.66069 0 0 0.01851 0.0756372 0.46316
39 1.16699 0 0 0.0410849 0.0160212 0.836655
40 2.18853 -0.50104 0.0576591 -1.57144 -0.0521631 -0.199003
41 1.29609 0 0 0.0937335 0.100102 0.813135
42 1.62202 -0.000713348 -0.000469685 -0.0212592 -0.008563 1.65517
43 1.22241 0 0 0 0.00653313 0.655771
44 1.76707 -1.27612 0.0366406 -1.41856 -0.041957 -0.220999
45 1.55588 0 0 -0.0176209 0.0420963 0.79085
46 1.24273 0 0 0.000478846 0.000360599 1.35859
47 0.784532 0 0 -0.00138832 0.00235235 0.814053
48 0 0 0 0 0 0
49 -4.49667 3.0139 -7.82674 -0.456505 -1.57008 0.45641
50 -4.48827 -19.5368 -3.78287 -3.14114 -0.786043 3.1412
51 -4.49598 3.01423 -6.75949 -0.456505 -1.57008 0.45641
52 -4.48775 -20.1142 -2.90936 -0.456505 -1.57008 0.45641
53 -5.02128 -8.26769 -4.5797 -0.000316782 0.00064518 0
54 0.533295 -3.57396 -0.116835 0 0 0
55 -0.439464 -5.01739 0.910445 0 0 0
56 0 -2.26997 1.22871 0.0206798 0 0
57 0 -5.92124 1.78377 0 0 0
58 0 -2.12203 -0.0619297 0 0 0
59 -0.575001 -1.69351 1.13699 0 0 0
60 0 -4.97524 -0.469842 0 0 0
61 0.694227 -1.89081 0.409988 -0.785398 0 0
time 29
0 4.40254 -0.765094 -3.0277 -0.827033 0.693143 -1.04017
1 6.02794 0 0 0.212834 0.354515 -0.530129
2 11.7344 0 0 -0.00140297 0 -1.19834
3 8.81138 -0.000448227 -0.000112534 -2.10594 0 0.000157276
4 5.77839 0.00028801 0 -1.41098 0 0
5 2.23163 -0.000329971 -0.000363827 -0.694961 0 0
6 11.4725 0 0 -2.08759 0.208492 0.255637
7 0.615219 -0.993092 -0.8107 3.13843 0.250791 -0.497809
8 2.24752 0 0 0.0876463 0.0747425 0.0979189
9 1.11936 0 0 0.10922 0.0236221 0.177412
10 3.71348 -0.102641 0.102191 1.46942 0.773555 -0.173756
11 1.72615 0 0 0.0282565 -0.00392489 -1.54455
12 1.21114 0 0 -0.000154012 0.000329111 0.33414
13 3.59919 -1.06012 0.0708876 1.5195 0.284619 -0.269155
14 1.66069 0 0 -0.11139 0.0758235 -1.56569
15 1.167 0 0 -0.00198873 -0.00149688 0.182279
16 2.18853 0.50104 0.0576591 1.53255 0.232941 0.0649168
17 1.29609 0 0 0.0150819 -0.0443407 -0.516749
18 1.62202 0.000711441 -0.000469208 0.0384954 -0.0112058 -1.72079
19 1.22241 0 0 0.00168824 -0.0236783 0.388832
20 1.76707 1.27612 0.0366411 1.49342 0.346301 0.063775
21 1.55588 0 0 -0.0248724 -0.0645982 -0.831289
22 1.24274 0 0 -0.000479278 0.000360545 -1.33483
23 0.784521 0 0 0.0161966 -0.0018806 0.403201
24 -2.4735 7.79394 -0.077753 -0.275371 0.252825 -2.41516
25 6.02794 0 0 0.645293 0.538615 0.135713
26 11.7344 0 0 0.00140263 0 2.02094
27 8.81167 0 0 0.664673 0 0
28 5.77884 0 0 0.445331 0 0
29 2.23249 0 0 0.219342 0 0
30 11.4725 0 0 0.933146 0.139763 -1.06484
31 0.615813 0.994373 -0.809165 2.77788 0.472288 0.107949
32 2.24752 0 0 -0.10444 -0.036817 0.189869
33 1.11936 0 0 0.0409435 0.17253 0.992367
34 3.71349 0.102639 0.102191 -1.64963 0.584186 -0.369879
35 1.72615 0 0 -0.0181539 0.00311425 1.72396
36 1.21112 0 0 0.00667263 0.00800516 0.706752
37 3.5992 1.06012 0.0708885 -1.58383 -0.0108438 0.00177524
38 1.66069 0 0 0.01851 0.0756372 0.46316
39 1.16699 0 0 0.0410849 0.0160212 0.836655
40 2.18853 -0.501041 0.0576591 -1.57144 -0.0521631 -0.199003
41 1.29609 0 0 0.0937335 0.100102 0.813135
42 1.62202 -0.000713348 -0.000469685 -0.0212592 -0.00856299 1.65517
43 1.22241 0 0 0 0.0065332 0.655771
44 1.76707 -1.27612 0.0366406 -1.41856 -0.0419569 -0.220999
45 1.55588 0 0 -0.0176209 0.0420963 0.79085
46 1.24273 0 0 0.000478923 0.000360575 1.35859
47 0.784532 0 0 -0.00138834 0.00235239 0.814052
48 0 0 0 0 0 0
49 -4.47957 3.01492 -7.81353 -0.120921 -1.57057 0.120882
50 -4.47215 -19.5369 -3.77618 -3.14155 -0.785623 3.14153
51 -4.47933 3.01495 -6.74628 -0.120921 -1.57057 0.120882
52 -4.47198 -20.1145 -2.90285 -0.120921 -1.57057 0.120882
53 -5.00518 -8.26762 -4.56998 0 0.000224864 0
54 0.533295 -3.57396 -0.116835 0 0 0
55 -0.439464 -5.01739 0.910444 0 0 0
56 0 -2.26997 1.22871 0.0206798 0 0
57 0 -5.92124 1.78377 0 0 0
58 0 -2.12202 -0.0619297 0 0 0
59 -0.575001 -1.69351 1.13699 0 0 0
60 0 -4.97524 -0.469841 0 0 0
61 0.694227 -1.89081 0.409987 -0.785398 0 0
time 30
0 4.40254 -0.765094 -3.0277 -0.827033 0.693143 -1.04017
1 6.02794 0 0 0.212734 0.353726 -0.529409
2 11.7344 0 0 -0.0014028 0 -1.19955
3 8.81138 -0.000450134 -0.000112057 -2.10616 0 0.000157925
4 5.77839 0.000286102 0 -1.41113 0 0
5 2.23163 -0.000328064 -0.00036335 -0.695034 0 0
6 11.4725 0 0 -2.08774 0.209253 0.25612
7 0.615219 -0.993091 -0.8107 3.13843 0.250791 -0.497809
8 2.24752 0 0 0.0876464 0.0747424 0.097919
9 1.11936 0 0 0.10922 0.0236221 0.177412
10 3.71348 -0.10264 0.102191 1.46942 0.773555 -0.173756
11 1.72615 0 0 0.0282566 -0.00392479 -1.54455
12 1.21114 0 0 -0.000154093 0.000329125 0.33414
13 3.59919 -1.06012 0.0708885 1.5195 0.284619 -0.269155
14 1.66069 0 0 -0.11139 0.0758237 -1.56569
15 1.167 0 0 -0.00198897 -0.00149674 0.182279
16 2.18852 0.501039 0.0576601 1.53255 0.232941 0.0649167
17 1.29609 0 0 0.015082 -0.0443404 -0.516749
18 1.62202 0.000713348 -0.000470161 0.0384955 -0.0112059 -1.72079
19 1.22241 0 0 0.00168821 -0.0236784 0.388832
20 1.76707 1.27612 0.0366421 1.49342 0.346301 0.0637749
21 1.55588 0 0 -0.0248723 -0.0645981 -0.831289
22 1.24273 0 0 -0.000479291 0.000360611 -1.33483
23 0.784525 0 0 0.0161966 -0.00188066 0.403201
24 -2.4735 7.79394 -0.077753 -0.275371 0.252825 -2.41516
25 6.02794 0 0 0.644464 0.537604 0.136356
26 11.7344 0 0 0.00140264 0 2.02091
27 8.81167 0 0 0.664861 0 0
28 5.77884 0 0 0.445457 0 0
29 2.23249 0 0 0.219404 0 0
30 11.4725 0 0 0.934427 0.13917 -1.06562
31 0.615813 0.994372 -0.809165 2.77788 0.472288 0.107949
32 2.24752 0 0 -0.10444 -0.036817 0.189869
33 1.11936 0 0 0.0409435 0.17253 0.992367
34 3.71349 0.102639 0.10219 -1.64963 0.584186 -0.369879
35 1.72615 0 0 -0.018154 0.0031142 1.72396
36 1.21112 0 0 0.00667255 0.00800498 0.706751
37 3.5992 1.06012 0.070888 -1.58383 -0.0108439 0.00177542
38 1.66069 0 0 0.01851 0.0756372 0.46316
39 1.16699 0 0 0.041085 0.0160212 0.836655
40 2.18853 -0.50104 0.0576591 -1.57144 -0.0521632 -0.199003
41 1.29609 0 0 0.0937335 0.100102 0.813135
42 1.62202 -0.000713348 -0.000469208 -0.0212591 -0.00856306 1.65517
43 1.22241 0 0 0 0.00653318 0.655771
44 1.76707 -1.27612 0.0366402 -1.41856 -0.0419569 -0.220999
45 1.55588 0 0 -0.0176209 0.0420963 0.79085
46 1.24273 0 0 0.000478887 0.000360623 1.35859
47 0.784532 0 0 -0.00138838 0.00235245 0.814053
48 0 0 0 0 0 0
49 -4.4641 3.0151 -7.80957 0 -1.5708 0
50 -4.4567 -19.5369 -3.77284 3.14159 -0.785398 3.14159
51 -4.4641 3.0151 -6.74232 0 -1.5708 0
52 -4.4567 -20.1145 -2.89952 0 -1.5708 0
53 -4.98999 -8.26755 -4.56645 0 0 0
54 0.533295 -3.57396 -0.116835 0 0 0
55 -0.439464 -5.01739 0.910444 0 0 0
56 0 -2.26997 1.22871 0.0206798 0 0
57 0 -5.92124 1.78377 0 0 0
58 0 -2.12202 -0.0619297 0 0 0
59 -0.575001 -1.69351 1.13699 0 0 0
60 0 -4.97524 -0.469841 0 0 0
61 0.694227 -1.89081 0.409987 -0.785398 0 0
time 31
0 4.40254 -0.765094 -3.0277 -0.827033 0.693143 -1.04017
1 6.02794 0 0 0.212634 0.352836 -0.52857
2 11.7344 0 0 -0.00140295 0 -1.20111
3 8.81138 -0.000450134 -0.000112057 -2.10603 0 0.000157448
4 5.77839 0.000286102 0 -1.41104 0 0
5 2.23163 -0.000328064 -0.000362873 -0.694989 0 0
6 11.4725 0 0 -2.08754 0.210019 0.256649
7 0.615219 -0.993093 -0.810699 3.13843 0.250791 -0.497809
8 2.24752 0 0 0.0876464 0.0747425 0.097919
9 1.11936 0 0 0.10922 0.023622 0.177412
10 3.71348 -0.102641 0.10219 1.46942 0.773555 -0.173756
11 1.72615 0 0 0.0282565 -0.00392472 -1.54455
12 1.21113 0 0 -0.000154025 0.000328992 0.33414
13 3.59919 -1.06012 0.0708885 1.5195 0.284619 -0.269155
14 1.66069 0 0 -0.111391 0.0758236 -1.56569
15 1.167 0 0 -0.00198884 -0.00149687 0.182279
16 2.18852 0.50104 0.0576591 1.53255 0.232941 0.0649167
17 1.29609 0 0 0.0150819 -0.0443406 -0.516749
18 1.62202 0.000713348 -0.000472069 0.0384954 -0.0112057 -1.72079
19 1.22241 0 0 0.00168813 -0.0236782 0.388832
20 1.76707 1.27612 0.0366411 1.49342 0.346301 0.063775
21 1.55587 0 0 -0.0248723 -0.0645981 -0.831289
22 1.24273 0 0 -0.000479268 0.000360629 -1.33483
23 0.784523 0 0 0.0161964 -0.00188066 0.403202
24 -2.4735 7.79394 -0.077753 -0.275371 0.252825 -2.41516
25 6.02794 0 0 0.643064 0.536603 0.136669
26 11.7344 0 0 0.00140267 0 2.02078
27 8.81167 0 0 0.665686 0 0
28 5.77884 0 0 0.44601 0 0
29 2.23249 0 0 0.219676 0 0
30 11.4725 0 0 0.936175 0.138096 -1.06565
31 0.615812 0.994372 -0.809166 2.77788 0.472288 0.107949
32 2.24752 0 0 -0.10444 -0.0368171 0.189869
33 1.11936 0 0 0.0409432 0.17253 0.992367
34 3.71349 0.102639 0.10219 -1.64963 0.584186 -0.369879
35 1.72615 0 0 -0.0181539 0.00311409 1.72396
36 1.21112 0 0 0.00667256 0.00800514 0.706752
37 3.5992 1.06012 0.0708876 -1.58384 -0.0108438 0.00177539
38 1.66069 0 0 0.01851 0.0756372 0.46316
39 1.16699 0 0 0.041085 0.0160212 0.836655
40 2.18853 -0.50104 0.0576591 -1.57144 -0.0521631 -0.199003
41 1.29609 0 0 0.0937335 0.100102 0.813135
42 1.62202 -0.000714302 -0.000469208 -0.0212592 -0.00856295 1.65517
43 1.22241 0 0 0 0.0065332 0.655771
44 1.76707 -1.27612 0.0366402 -1.41856 -0.0419569 -0.220999
45 1.55588 0 0 -0.017621 0.0420962 0.79085
46 1.24273 0 0 0.000478941 0.000360598 1.35859
47 0.784532 0 0 -0.0013883 0.00235239 0.814053
48 0 0 0 0 0 0
49 -4.44868 3.01392 -7.81486 -2.29461 -1.57026 2.29464
50 -4.44094 -19.5364 -3.76901 -3.14102 -0.785041 3.14127
51 -4.44906 3.01435 -6.74761 -2.29461 -1.57026 2.29464
52 -4.4412 -20.1137 -2.89545 -2.29461 -1.57026 2.29464
53 -4.97484 -8.26746 -4.56736 -0.000404229 -0.00035719 0
54 0.533294 -3.57396 -0.116835 0 0 0
55 -0.439463 -5.01739 0.910444 0 0 0
56 0 -2.26997 1.22871 0.0206798 0 0
57 0 -5.92124 1.78377 0 0 0
58 0 -2.12202 -0.0619297 0 0 0
59 -0.575001 -1.69351 1.13699 0 0 0
60 0 -4.97524 -0.469841 0 0 0
61 0.694227 -1.89081 0.409987 -0.785398 0 0
time 32
0 4.40254 -0.765094 -3.0277 -0.827033 0.693143 -1.04017
1 6.02794 0 0 0.212295 0.351812 -0.528086
2 11.7344 0 0 -0.00140283 0 -1.20234
3 8.81138 -0.000450134 -0.000112534 -2.10532 0 0.000158291
4 5.77839 0.000286102 0 -1.41056 0 0.000100098
5 2.23163 -0.000329971 -0.000363827 -0.694755 0 0
6 11.4725 0 0 -2.08681 0.211106 0.257168
7 0.615219 -0.993093 -0.810701 3.13843 0.250791 -0.497809
8 2.24752 0 0 0.0876463 0.0747425 0.0979191
9 1.11935 0 0 0.10922 0.023622 0.177413
10 3.71348 -0.102642 0.102191 1.46942 0.773555 -0.173756
11 1.72615 0 0 0.0282566 -0.00392495 -1.54455
12 1.21113 0 0 -0.000154007 0.000329231 0.33414
13 3.59919 -1.06012 0.0708866 1.5195 0.284619 -0.269155
14 1.66068 0 0 -0.111391 0.0758235 -1.56569
15 1.167 0 0 -0.00198885 -0.00149681 0.182279
16 2.18853 0.501039 0.0576582 1.53255 0.232941 0.0649166
17 1.29609 0 0 0.0150819 -0.0443406 -0.516749
18 1.62202 0.000713348 -0.000469208 0.0384953 -0.0112056 -1.72079
19 1.22241 0 0 0.0016881 -0.0236783 0.388832
20 1.76707 1.27612 0.0366402 1.49342 0.346302 0.0637748
21 1.55588 0 0 -0.0248723 -0.0645981 -0.831289
22 1.24274 0 0 -0.000479338 0.000360574 -1.33483
23 0.784523 0 0 0.0161965 -0.00188071 0.403201
24 -2.4735 7.79394 -0.077753 -0.275371 0.252825 -2.41516
25 6.02794 0 0 0.641309 0.535568 0.136821
26 11.7344 0 0 0.00140259 0 2.02061
27 8.81167 0 0 0.667367 0 0
28 5.77884 0 0 0.447136 0 0
29 2.23249 0 0 0.220231 0 0
30 11.4725 0 0 0.938595 0.136684 -1.06501
31 0.615813 0.994372 -0.809165 2.77788 0.472288 0.107949
32 2.24752 0 0 -0.10444 -0.0368171 0.189869
33 1.11936 0 0 0.0409434 0.17253 0.992367
34 3.71349 0.102639 0.10219 -1.64963 0.584187 -0.369879
35 1.72615 0 0 -0.018154 0.00311407 1.72396
36 1.21112 0 0 0.00667253 0.00800509 0.706752
37 3.5992 1.06012 0.0708885 -1.58383 -0.0108438 0.00177536
38 1.66069 0 0 0.0185101 0.0756372 0.46316
39 1.16699 0 0 0.0410849 0.0160212 0.836655
40 2.18853 -0.501041 0.0576587 -1.57144 -0.0521632 -0.199003
41 1.29609 0 0 0.0937336 0.100102 0.813136
42 1.62202 -0.000713348 -0.000469685 -0.0212592 -0.00856297 1.65517
43 1.22241 0 0 0 0.00653312 0.655771
44 1.76707 -1.27612 0.0366406 -1.41856 -0.0419569 -0.220999
45 1.55588 0 0 -0.0176209 0.0420963 0.79085
46 1.24273 0 0 0.000478838 0.000360643 1.35859
47 0.784532 0 0 -0.00138842 0.00235227 0.814052
48 0 0 0 0 0 0
49 -4.43175 3.01143 -7.82669 -2.33636 -1.56909 2.33657
50 -4.42412 -19.5356 -3.7622 -3.13985 -0.784214 3.14059
51 -4.43301 3.01274 -6.75944 -2.33636 -1.56909 2.33657
52 -4.42503 -20.1121 -2.88817 -2.33636 -1.56909 2.33657
53 -4.95898 -8.26734 -4.57031 -0.00123055 -0.00118267 0.000223339
54 0.533295 -3.57396 -0.116835 0 0 0
55 -0.439464 -5.01739 0.910445 0 0 0
56 0 -2.26997 1.22871 0.0206798 0 0
57 0 -5.92124 1.78377 0 0 0
58 0 -2.12202 -0.0619297 0 0 0
59 -0.575001 -1.69351 1.13699 0 0 0
60 0 -4.97524 -0.469842 0 0 0
61 0.694227 -1.89081 0.409988 -0.785398 0 0
time 33
0 4.40254 -0.765094 -3.0277 -0.827034 0.693143 -1.04017
1 6.02794 0 0 0.211848 0.350675 -0.527701
2 11.7344 0 0 -0.00140292 0 -1.20361
3 8.81138 -0.000450134 -0.000112534 -2.10419 0 0.000157372
4 5.77839 0.000286102 0 -1.40981 0 0
5 2.23163 -0.000329971 -0.00036478 -0.694384 0 0
6 11.4725 0 0 -2.08568 0.212412 0.257811
7 0.615218 -0.993091 -0.810699 3.13843 0.250791 -0.497809
8 2.24752 0 0 0.0876464 0.0747425 0.097919
9 1.11935 0 0 0.10922 0.0236221 0.177412
10 3.71348 -0.102642 0.102192 1.46942 0.773555 -0.173756
11 1.72615 0 0 0.0282563 -0.00392474 -1.54455
12 1.21114 0 0 -0.000154047 0.000329177 0.33414
13 3.59919 -1.06012 0.0708885 1.5195 0.284619 -0.269155
14 1.66069 0 0 -0.111391 0.0758236 -1.56569
15 1.167 0 0 -0.00198886 -0.00149675 0.182279
16 2.18853 0.50104 0.0576591 1.53255 0.232941 0.0649166
17 1.29609 0 0 0.015082 -0.0443406 -0.516749
18 1.62202 0.000713348 -0.000469208 0.0384954 -0.0112058 -1.72079
19 1.22241 0 0 0.00168815 -0.0236783 0.388832
20 1.76707 1.27612 0.0366421 1.49342 0.346302 0.0637749
21 1.55588 0 0 -0.0248723 -0.0645981 -0.831289
22 1.24274 0 0 -0.000479214 0.000360368 -1.33483
23 0.784523 0 0 0.0161967 -0.00188068 0.403201
24 -2.4735 7.79394 -0.077753 -0.275371 0.252825 -2.41516
25 6.02794 0 0 0.639244 0.534526 0.136812
26 11.7344 0 0 0.00140268 0 2.02038
27 8.81167 0 0 0.669748 0 0
28 5.77884 0 0 0.448732 0 0
29 2.23249 0 0 0.221017 0 0
30 11.4725 0 0 0.941538 0.135004 -1.0638
31 0.615813 0.994373 -0.809165 2.77788 0.472288 0.107949
32 2.24752 0 0 -0.10444 -0.036817 0.189869
33 1.11936 0 0 0.0409433 0.17253 0.992367
34 3.71349 0.102639 0.102191 -1.64963 0.584186 -0.369879
35 1.72615 0 0 -0.0181539 0.00311406 1.72396
36 1.21112 0 0 0.0066725 0.0080051 0.706751
37 3.5992 1.06012 0.0708885 -1.58384 -0.0108437 0.00177535
38 1.66069 0 0 0.01851 0.0756372 0.46316
39 1.16699 0 0 0.041085 0.0160211 0.836655
40 2.18853 -0.501041 0.0576591 -1.57144 -0.0521632 -0.199003
41 1.29609 0 0 0.0937334 0.100102 0.813136
42 1.62202 -0.000712395 -0.000469685 -0.0212591 -0.00856309 1.65517
43 1.22241 0 0 0 0.00653323 0.655771
44 1.76707 -1.27612 0.0366411 -1.41856 -0.0419569 -0.220999
45 1.55588 0 0 -0.017621 0.0420963 0.79085
46 1.24273 0 0 0.000478858 0.000360608 1.35859
47 0.784532 0 0 -0.00138837 0.00235239 0.814052
48 0 0 0 0 0 0
49 -4.41393 3.00793 -7.84392 -2.35432 -1.56745 2.35473
50 -4.4068 -19.5344 -3.75371 -3.13825 -0.783032 3.13964
51 -4.41645 3.01046 -6.77668 -2.35432 -1.56745 2.35473
52 -4.40863 -20.11 -2.87902 -2.35432 -1.56745 2.35473
53 -4.94285 -8.26722 -4.5753 -0.00237185 -0.00236291 0.000416978
54 0.533294 -3.57396 -0.116835 0 0 0
55 -0.439464 -5.01739 0.910444 0 0 0
56 0 -2.26997 1.22871 0.0206798 0 0
57 0 -5.92124 1.78377 0 0 0
58 0 -2.12202 -0.0619292 0 0 0
59 -0.575 -1.69351 1.13699 0 0 0
60 0 -4.97524 -0.469841 0 0 0
61 0.694227 -1.89081 0.409988 -0.785398 0 0
time 34
0 4.40254 -0.765094 -3.0277 -0.827033 0.693143 -1.04017
1 6.02794 0 0 0.211352 0.349491 -0.527365
2 11.7344 0 0 -0.0014029 0 -1.20488
3 8.81138 -0.000450134 -0.000112057 -2.10276 0 0.000158215
4 5.77839 0.000284195 0 -1.40885 0 0.000100104
5 2.23163 -0.000329971 -0.00036335 -0.693912 0 0
6 11.4725 0 0 -2.08425 0.213835 0.258512
7 0.615219 -0.993091 -0.8107 3.13843 0.250791 -0.497809
8 2.24752 0 0 0.0876463 0.0747425 0.0979189
9 1.11935 0 0 0.10922 0.0236221 0.177413
10 3.71348 -0.10264 0.10219 1.46942 0.773555 -0.173756
11 1.72615 0 0 0.0282565 -0.00392485 -1.54455
12 1.21114 0 0 -0.00015399 0.000329107 0.33414
13 3.59919 -1.06012 0.0708876 1.5195 0.284619 -0.269155
14 1.66069 0 0 -0.11139 0.0758236 -1.56569
15 1.167 0 0 -0.00198885 -0.00149669 0.182279
16 2.18852 0.50104 0.0576582 1.53255 0.232941 0.0649167
17 1.29609 0 0 0.0150818 -0.0443406 -0.516749
18 1.62202 0.000713348 -0.000472069 0.0384954 -0.0112056 -1.72079
19 1.22241 0 0 0.00168816 -0.0236782 0.388832
20 1.76707 1.27612 0.0366411 1.49342 0.346302 0.0637749
21 1.55588 0 0 -0.0248724 -0.064598 -0.831289
22 1.24273 0 0 -0.000479134 0.000360507 -1.33483
23 0.784523 0 0 0.0161965 -0.00188076 0.403201
24 -2.4735 7.79394 -0.077753 -0.275371 0.252825 -2.41516
25 6.02794 0 0 0.636921 0.533501 0.136639
26 11.7344 0 0 0.00140275 0 2.0201
27 8.81167 0 0 0.672675 0 0
28 5.77884 0 0 0.450693 0 0
29 2.23249 0 0 0.221983 0 0
30 11.4725 0 0 0.944854 0.133127 -1.06215
31 0.615812 0.994373 -0.809165 2.77788 0.472288 0.10795
32 2.24752 0 0 -0.10444 -0.0368171 0.189869
33 1.11936 0 0 0.0409434 0.17253 0.992366
34 3.71349 0.10264 0.102191 -1.64963 0.584186 -0.369879
35 1.72615 0 0 -0.0181539 0.00311412 1.72396
36 1.21112 0 0 0.00667253 0.00800504 0.706752
37 3.5992 1.06012 0.070888 -1.58383 -0.0108439 0.00177541
38 1.66069 0 0 0.01851 0.0756372 0.46316
39 1.16699 0 0 0.041085 0.0160211 0.836655
40 2.18853 -0.50104 0.0576591 -1.57144 -0.0521631 -0.199003
41 1.29609 0 0 0.0937335 0.100102 0.813135
42 1.62202 -0.000713348 -0.000470161 -0.0212591 -0.00856305 1.65517
43 1.22241 0 0 0 0.00653319 0.655771
44 1.76707 -1.27612 0.0366406 -1.41856 -0.0419569 -0.220999
45 1.55588 0 0 -0.0176209 0.0420963 0.79085
46 1.24273 0 0 0.000478947 0.000360555 1.35859
47 0.784533 0 0 -0.00138836 0.00235248 0.814053
48 0 0 0 0 0 0
49 -4.39588 3.00375 -7.86543 -2.36465 -1.56549 2.36529
50 -4.38952 -19.533 -3.74481 -3.13635 -0.781607 3.13853
51 -4.39993 3.00772 -6.7982 -2.36465 -1.56549 2.36529
52 -4.39246 -20.1074 -2.86935 -2.36465 -1.56549 2.36529
53 -4.92693 -8.2671 -4.58236 -0.00372099 -0.00378439 0.000646257
54 0.533295 -3.57396 -0.116835 0 0 0
55 -0.439464 -5.01739 0.910445 0 0 0
56 0 -2.26997 1.22871 0.0206798 0 0
57 0 -5.92124 1.78377 0 0 0
58 0 -2.12202 -0.0619292 0 0 0
59 -0.575001 -1.69351 1.13699 0 0 0
60 0 -4.97524 -0.469842 0 0 0
61 0.694227 -1.89081 0.409988 -0.785398 0 0
time 35
0 4.40254 -0.765094 -3.0277 -0.827033 0.693143 -1.04017
1 6.02794 0 0 0.210867 0.348325 -0.527024
2 11.7344 0 0 -0.00140298 0 -1.20611
3 8.81138 -0.000448227 -0.00011158 -2.10115 0 0.00015685
4 5.77839 0.000286102 0 -1.40777 0 0
5 2.23163 -0.000328064 -0.00036335 -0.69338 0 0
6 11.4725 0 0 -2.08264 0.215273 0.259202
7 0.615219 -0.993092 -0.810699 3.13843 0.250791 -0.497809
8 2.24752 0 0 0.0876463 0.0747425 0.097919
9 1.11936 0 0 0.10922 0.023622 0.177413
10 3.71348 -0.102641 0.102191 1.46942 0.773555 -0.173756
11 1.72615 0 0 0.0282564 -0.00392479 -1.54455
12 1.21114 0 0 -0.00015399 0.000329107 0.33414
13 3.59919 -1.06012 0.0708885 1.5195 0.284619 -0.269155
14 1.66069 0 0 -0.111391 0.0758235 -1.56569
15 1.167 0 0 -0.00198898 -0.00149674 0.182279
16 2.18852 0.50104 0.0576591 1.53255 0.232941 0.0649166
17 1.29609 0 0 0.0150818 -0.0443407 -0.516749
18 1.62202 0.000711441 -0.000470161 0.0384954 -0.0112057 -1.72079
19 1.22241 0 0 0.00168804 -0.0236783 0.388832
20 1.76707 1.27612 0.0366402 1.49342 0.346301 0.0637749
21 1.55588 0 0 -0.0248723 -0.0645981 -0.831289
22 1.24273 0 0 -0.000479228 0.000360433 -1.33483
23 0.784525 0 0 0.0161964 -0.00188056 0.403201
24 -2.4735 7.79394 -0.077753 -0.275371 0.252825 -2.41516
25 6.02794 0 0 0.634386 0.53252 0.136302
26 11.7344 0 0 0.00140264 0 2.01977
27 8.81167 0 0 0.675989 0 0
28 5.77884 0 0 0.452913 0 0
29 2.23249 0 0 0.223076 0 0
30 11.4725 0 0 0.948394 0.13113 -1.06018
31 0.615813 0.994373 -0.809165 2.77788 0.472288 0.107949
32 2.24752 0 0 -0.10444 -0.036817 0.189869
33 1.11936 0 0 0.0409434 0.17253 0.992367
34 3.71349 0.102639 0.102191 -1.64963 0.584186 -0.369879
35 1.72615 0 0 -0.018154 0.00311418 1.72396
36 1.21112 0 0 0.00667254 0.00800508 0.706752
37 3.5992 1.06012 0.0708885 -1.58383 -0.0108439 0.0017755
38 1.66069 0 0 0.01851 0.0756373 0.46316
39 1.16699 0 0 0.041085 0.0160211 0.836655
40 2.18853 -0.501041 0.0576596 -1.57144 -0.0521631 -0.199003
41 1.29609 0 0 0.0937334 0.100102 0.813135
42 1.62202 -0.000714302 -0.000470638 -0.0212591 -0.00856307 1.65517
43 1.22241 0 0 0 0.00653316 0.655771
44 1.76707 -1.27612 0.0366402 -1.41856 -0.0419569 -0.220998
45 1.55588 0 0 -0.0176209 0.0420963 0.79085
46 1.24273 0 0 0.000478924 0.000360631 1.35859
47 0.784532 0 0 -0.00138842 0.00235242 0.814052
48 0 0 0 0 0 0
49 -4.37826 2.99921 -7.89008 -2.3717 -1.56337 2.37258
50 -4.37281 -19.5316 -3.73681 -3.13432 -0.780051 3.13735
51 -4.38396 3.00472 -6.82286 -2.3717 -1.56337 2.37258
52 -4.37697 -20.1047 -2.86053 -2.3717 -1.56337 2.37258
53 -4.91166 -8.267 -4.59151 -0.00517087 -0.0053336 0.000896919
54 0.533295 -3.57396 -0.116835 0 0 0
55 -0.439464 -5.01739 0.910444 0 0 0
56 0 -2.26997 1.22871 0.0206798 0 0
57 0 -5.92124 1.78377 0 0 0
58 0 -2.12202 -0.0619297 0 0 0
59 -0.575001 -1.69351 1.13699 0 0 0
60 0 -4.97524 -0.469841 0 0 0
61 0.694227 -1.89081 0.409988 -0.785398 0 0
time 36
0 4.40254 -0.765094 -3.0277 -0.827033 0.693143 -1.04017
1 6.02794 0 0 0.210451 0.34724 -0.526627
2 11.7344 0 0 -0.00140291 0 -1.20729
3 8.81138 -0.000448227 -0.000112057 -2.09947 0 0.000157029
4 5.77839 0.000286102 0 -1.40665 0 0
5 2.23163 -0.000328064 -0.000363827 -0.692825 0 0
6 11.4725 0 0 -2.08099 0.216624 0.259818
7 0.61522 -0.993093 -0.810699 3.13843 0.250791 -0.497809
8 2.24752 0 0 0.0876464 0.0747424 0.0979191
9 1.11936 0 0 0.10922 0.0236221 0.177413
10 3.71348 -0.102643 0.102191 1.46942 0.773555 -0.173756
11 1.72615 0 0 0.0282565 -0.00392487 -1.54455
12 1.21114 0 0 -0.00015414 0.000329253 0.33414
13 3.59919 -1.06012 0.0708885 1.5195 0.284619 -0.269155
14 1.66069 0 0 -0.111391 0.0758237 -1.56569
15 1.167 0 0 -0.00198887 -0.00149669 0.182279
16 2.18852 0.501038 0.0576591 1.53255 0.232941 0.0649167
17 1.29609 0 0 0.0150819 -0.0443406 -0.516749
18 1.62202 0.000713348 -0.000471115 0.0384955 -0.0112058 -1.72079
19 1.22241 0 0 0.00168812 -0.0236783 0.388832
20 1.76707 1.27612 0.0366411 1.49342 0.346301 0.0637749
21 1.55588 0 0 -0.0248723 -0.064598 -0.831289
22 1.24274 0 0 -0.000479288 0.000360462 -1.33483
23 0.784525 0 0 0.0161965 -0.00188068 0.403201
24 -2.4735 7.79394 -0.077753 -0.275371 0.252825 -2.41516
25 6.02794 0 0 0.63169 0.531608 0.135797
26 11.7344 0 0 0.00140271 0 2.01939
27 8.81167 0 0 0.679529 0 0
28 5.77884 0 0 0.455284 0 0
29 2.23249 0 0 0.224244 0 0
30 11.4725 0 0 0.952011 0.129088 -1.05799
31 0.615813 0.994373 -0.809165 2.77788 0.472288 0.107949
32 2.24752 0 0 -0.10444 -0.036817 0.189869
33 1.11936 0 0 0.0409434 0.17253 0.992367
34 3.71349 0.10264 0.102191 -1.64963 0.584187 -0.369879
35 1.72615 0 0 -0.0181539 0.00311415 1.72396
36 1.21112 0 0 0.00667255 0.00800505 0.706752
37 3.5992 1.06012 0.0708885 -1.58383 -0.0108438 0.00177544
38 1.66069 0 0 0.01851 0.0756372 0.46316
39 1.16699 0 0 0.0410849 0.0160211 0.836655
40 2.18853 -0.501041 0.0576596 -1.57144 -0.0521632 -0.199003
41 1.29609 0 0 0.0937335 0.100102 0.813135
42 1.62202 -0.000713348 -0.000470638 -0.0212592 -0.00856296 1.65517
43 1.22241 0 0 0 0.00653313 0.655771
44 1.76707 -1.27612 0.0366406 -1.41856 -0.0419569 -0.220999
45 1.55588 0 0 -0.0176209 0.0420962 0.79085
46 1.24273 0 0 0.000478944 0.000360557 1.35859
47 0.784532 0 0 -0.00138844 0.00235246 0.814052
48 0 0 0 0 0 0
49 -4.36174 2.99464 -7.91675 -2.37712 -1.56124 2.37826
50 -4.3572 -19.5301 -3.73099 -3.1323 -0.778479 3.13618
51 -4.36911 3.00169 -6.84955 -2.37712 -1.56124 2.37826
52 -4.36259 -20.102 -2.85389 -2.37712 -1.56124 2.37826
53 -4.8975 -8.26694 -4.60278 -0.00661435 -0.00689701 0.00115471
54 0.533295 -3.57396 -0.116835 0 0 0
55 -0.439464 -5.01739 0.910444 0 0 0
56 0 -2.26997 1.22871 0.0206798 0 0
57 0 -5.92124 1.78377 0 0 0
58 0 -2.12202 -0.0619297 0 0 0
59 -0.575001 -1.69351 1.13699 0 0 0
60 0 -4.97524 -0.469841 0 0 0
61 0.694227 -1.89081 0.409987 -0.785398 0 0
time 37
0 4.40254 -0.765094 -3.0277 -0.827033 0.693143 -1.04017
1 6.02794 0 0 0.210274 0.3463 -0.525875
2 11.7344 0 0 -0.00140281 0 -1.20847
3 8.81138 -0.000450134 -0.00011158 -2.0978 0 0.000158229
4 5.77839 0.000286102 0 -1.40552 0 0.00010004
5 2.23163 -0.000328064 -0.000364304 -0.692273 0 0
6 11.4725 0 0 -2.07938 0.217735 0.260175
7 0.61522 -0.993092 -0.810699 3.13843 0.250791 -0.497809
8 2.24752 0 0 0.0876463 0.0747425 0.097919
9 1.11936 0 0 0.10922 0.0236221 0.177412
10 3.71348 -0.102642 0.102192 1.46942 0.773555 -0.173756
11 1.72615 0 0 0.0282566 -0.00392487 -1.54455
12 1.21114 0 0 -0.000154052 0.000329057 0.33414
13 3.59919 -1.06012 0.0708885 1.5195 0.284619 -0.269155
14 1.66069 0 0 -0.111391 0.0758236 -1.56569
15 1.167 0 0 -0.00198893 -0.00149687 0.182279
16 2.18853 0.501038 0.0576591 1.53255 0.232941 0.0649166
17 1.29609 0 0 0.0150819 -0.0443405 -0.516749
18 1.62202 0.000713348 -0.000472069 0.0384953 -0.0112056 -1.72079
19 1.22241 0 0 0.00168809 -0.0236784 0.388832
20 1.76707 1.27612 0.0366411 1.49342 0.346301 0.0637749
21 1.55588 0 0 -0.0248723 -0.0645982 -0.831289
22 1.24273 0 0 -0.000479208 0.000360601 -1.33483
23 0.784523 0 0 0.0161963 -0.00188067 0.403201
24 -2.4735 7.79394 -0.077753 -0.275371 0.252825 -2.41516
25 6.02794 0 0 0.628375 0.53071 0.134925
26 11.7344 0 0 0.00140262 0 2.01889
27 8.81167 0 0 0.68348 0 0
28 5.77884 0 0 0.457932 0 0
29 2.23249 0 0 0.225549 0 0
30 11.4725 0 0 0.955927 0.12684 -1.05549
31 0.615812 0.994372 -0.809165 2.77788 0.472288 0.10795
32 2.24752 0 0 -0.10444 -0.0368171 0.189869
33 1.11936 0 0 0.0409435 0.17253 0.992367
34 3.71349 0.102639 0.102191 -1.64963 0.584187 -0.369879
35 1.72615 0 0 -0.0181539 0.00311412 1.72396
36 1.21112 0 0 0.00667253 0.00800505 0.706752
37 3.5992 1.06012 0.070888 -1.58384 -0.0108438 0.00177551
38 1.66069 0 0 0.0185101 0.0756372 0.46316
39 1.16699 0 0 0.0410849 0.0160211 0.836655
40 2.18853 -0.501041 0.0576591 -1.57144 -0.0521631 -0.199003
41 1.29609 0 0 0.0937335 0.100102 0.813135
42 1.62202 -0.000714302 -0.000469685 -0.0212591 -0.00856299 1.65517
43 1.22241 0 0 0 0.00653319 0.655771
44 1.76707 -1.27612 0.0366406 -1.41856 -0.041957 -0.220999
45 1.55588 0 0 -0.017621 0.0420963 0.79085
46 1.24273 0 0 0.000478928 0.000360571 1.35859
47 0.784532 0 0 -0.00138842 0.00235235 0.814053
48 0 0 0 0 0 0
49 -4.34585 2.99037 -7.94768 -2.38177 -1.55926 2.38314
50 -4.34206 -19.5288 -3.73201 -3.13045 -0.777006 3.13512
51 -4.35479 2.99884 -6.88051 -2.38177 -1.55926 2.38314
52 -4.3486 -20.0995 -2.85416 -2.38177 -1.55926 2.38314
53 -4.88378 -8.26692 -4.61955 -0.00794432 -0.00836109 0.00140537
54 0.533294 -3.57396 -0.116835 0 0 0
55 -0.439463 -5.01739 0.910444 0 0 0
56 0 -2.26997 1.22871 0.0206798 0 0
57 0 -5.92124 1.78376 0 0 0
58 0 -2.12202 -0.0619302 0 0 0
59 -0.575001 -1.69351 1.13699 0 0 0
60 0 -4.97525 -0.469842 0 0 0
61 0.694227 -1.89081 0.409987 -0.785398 0 0
time 38
0 4.40254 -0.765094 -3.0277 -0.827033 0.693143 -1.04017
1 6.02794 0 0 0.210449 0.34554 -0.524554
2 11.7344 0 0 -0.00140291 0 -1.20972
3 8.81138 -0.000450134 -0.00011301 -2.09624 0 0.000158849
4 5.77839 0.000286102 0 -1.40448 0 0.000100613
5 2.23163 -0.000328064 -0.000364304 -0.691758 0 0
6 11.4725 0 0 -2.07792 0.2185 0.260158
7 0.61522 -0.993092 -0.8107 3.13843 0.250791 -0.497809
8 2.24752 0 0 0.0876464 0.0747425 0.097919
9 1.11936 0 0 0.10922 0.0236221 0.177413
10 3.71348 -0.102641 0.102191 1.46942 0.773555 -0.173756
11 1.72615 0 0 0.0282563 -0.00392487 -1.54455
12 1.21113 0 0 -0.0001539 0.000328971 0.33414
13 3.59919 -1.06012 0.0708885 1.5195 0.284619 -0.269155
14 1.66069 0 0 -0.11139 0.0758235 -1.56569
15 1.167 0 0 -0.00198883 -0.00149676 0.182279
16 2.18853 0.50104 0.0576582 1.53255 0.232941 0.0649166
17 1.29609 0 0 0.015082 -0.0443405 -0.516749
18 1.62202 0.000713348 -0.000471115 0.0384954 -0.0112057 -1.72079
19 1.22241 0 0 0.00168806 -0.0236784 0.388832
20 1.76707 1.27612 0.0366411 1.49342 0.346302 0.0637748
21 1.55588 0 0 -0.0248723 -0.0645981 -0.831289
22 1.24274 0 0 -0.000479204 0.000360452 -1.33483
23 0.784525 0 0 0.0161965 -0.00188058 0.403201
24 -2.4735 7.79394 -0.077753 -0.275371 0.252825 -2.41516
25 6.02794 0 0 0.624192 0.529767 0.133606
26 11.7344 0 0 0.00140272 0 2.01821
27 8.81167 0 0 0.687872 0 0
28 5.77884 0 0 0.460874 0 0
29 2.23249 0 0 0.226998 0 0
30 11.4725 0 0 0.960231 0.124314 -1.0527
31 0.615814 0.994373 -0.809165 2.77788 0.472288 0.10795
32 2.24752 0 0 -0.10444 -0.036817 0.189869
33 1.11936 0 0 0.0409433 0.17253 0.992367
34 3.71349 0.102639 0.102191 -1.64963 0.584186 -0.369879
35 1.72615 0 0 -0.0181539 0.00311413 1.72396
36 1.21112 0 0 0.00667251 0.00800516 0.706752
37 3.5992 1.06012 0.0708876 -1.58383 -0.0108437 0.00177542
38 1.66069 0 0 0.0185101 0.0756373 0.46316
39 1.16699 0 0 0.0410849 0.0160211 0.836655
40 2.18853 -0.501041 0.0576591 -1.57144 -0.0521631 -0.199003
41 1.29609 0 0 0.0937335 0.100102 0.813135
42 1.62202 -0.000713348 -0.000470161 -0.0212591 -0.008563 1.65517
43 1.22241 0 0 0 0.00653316 0.655771
44 1.76707 -1.27612 0.0366411 -1.41856 -0.0419569 -0.220999
45 1.55588 0 0 -0.0176209 0.0420963 0.79085
46 1.24273 0 0 0.000478936 0.00036064 1.35859
47 0.784532 0 0 -0.0013884 0.00235247 0.814053
48 0 0 0 0 0 0
49 -4.33015 2.9868 -7.98343 -2.38614 -1.55759 2.38773
50 -4.32672 -19.5277 -3.74282 -3.12891 -0.775745 3.13426
51 -4.34043 2.99644 -6.91628 -2.38614 -1.55759 2.38773
52 -4.33423 -20.0974 -2.86434 -2.38614 -1.55759 2.38773
53 -4.86979 -8.26693 -4.64351 -0.00905367 -0.00961234 0.00163465
54 0.533295 -3.57396 -0.116835 0 0 0
55 -0.439464 -5.01739 0.910444 0 0 0
56 0 -2.26997 1.22871 0.0206798 0 0
57 0 -5.92123 1.78376 0 0 0
58 0 -2.12202 -0.0619292 0 0 0
59 -0.575001 -1.69351 1.13699 0 0 0
60 0 -4.97524 -0.469842 0 0 0
61 0.694227 -1.89081 0.409987 -0.785398 0 0
time 39
0 4.40254 -0.765094 -3.0277 -0.827033 0.693143 -1.04017
1 6.02794 0 0 0.210951 0.344982 -0.522751
2 11.7344 0 0 -0.00140276 0 -1.21101
3 8.81138 -0.000450134 -0.000112057 -2.09496 0 0.000157371
4 5.77839 0.000286102 0 -1.40362 0 0
5 2.23163 -0.000328064 -0.000365257 -0.691336 0 0
6 11.4725 0 0 -2.07678 0.218884 0.259795
7 0.615219 -0.99309 -0.8107 3.13843 0.250791 -0.497809
8 2.24752 0 0 0.0876464 0.0747424 0.097919
9 1.11936 0 0 0.10922 0.0236221 0.177413
10 3.71348 -0.10264 0.102192 1.46942 0.773555 -0.173756
11 1.72615 0 0 0.0282564 -0.00392495 -1.54455
12 1.21114 0 0 -0.000153915 0.000328974 0.33414
13 3.59919 -1.06012 0.0708885 1.5195 0.284619 -0.269155
14 1.66069 0 0 -0.111391 0.0758236 -1.56569
15 1.167 0 0 -0.00198885 -0.00149675 0.182279
16 2.18852 0.501039 0.0576591 1.53255 0.232941 0.0649167
17 1.29609 0 0 0.0150819 -0.0443407 -0.516749
18 1.62202 0.000711441 -0.000473022 0.0384952 -0.0112056 -1.72079
19 1.22241 0 0 0.00168811 -0.0236785 0.388832
20 1.76707 1.27612 0.0366421 1.49342 0.346302 0.0637747
21 1.55588 0 0 -0.0248724 -0.0645981 -0.831289
22 1.24274 0 0 -0.000479255 0.000360564 -1.33483
23 0.784523 0 0 0.0161965 -0.00188058 0.403201
24 -2.4735 7.79394 -0.077753 -0.275371 0.252825 -2.41516
25 6.02794 0 0 0.619505 0.528804 0.132015
26 11.7344 0 0 0.00140264 0 2.01742
27 8.81167 0 0 0.692293 0 0
28 5.77884 0 0 0.463836 0 0
29 2.23249 0 0 0.228457 0 0
30 11.4725 0 0 0.964574 0.121723 -1.04994
31 0.615812 0.994372 -0.809166 2.77788 0.472288 0.107949
32 2.24752 0 0 -0.10444 -0.0368172 0.189869
33 1.11936 0 0 0.0409433 0.17253 0.992367
34 3.71349 0.10264 0.10219 -1.64963 0.584186 -0.369879
35 1.72615 0 0 -0.018154 0.0031141 1.72396
36 1.21112 0 0 0.0066726 0.00800498 0.706752
37 3.5992 1.06012 0.0708876 -1.58384 -0.0108438 0.00177546
38 1.66069 0 0 0.0185101 0.0756372 0.46316
39 1.16699 0 0 0.041085 0.0160211 0.836655
40 2.18853 -0.50104 0.0576591 -1.57144 -0.0521631 -0.199003
41 1.29609 0 0 0.0937334 0.100102 0.813135
42 1.62202 -0.000713348 -0.000469685 -0.0212591 -0.00856293 1.65517
43 1.22241 0 0 0 0.00653308 0.655771
44 1.76707 -1.27612 0.0366402 -1.41856 -0.0419569 -0.220999
45 1.55588 0 0 -0.0176211 0.0420962 0.79085
46 1.24273 0 0 0.000478948 0.000360535 1.35859
47 0.784532 0 0 -0.00138839 0.00235242 0.814052
48 0 0 0 0 0 0
49 -4.31536 2.98426 -8.02031 -2.39067 -1.55638 2.39244
50 -4.31168 -19.5269 -3.76213 -3.12783 -0.774813 3.13369
51 -4.32662 2.99474 -6.95317 -2.39067 -1.55638 2.39244
52 -4.3199 -20.096 -2.88322 -2.39067 -1.55638 2.39244
53 -4.856 -8.26696 -4.6721 -0.00983525 -0.0105372 0.00182829
54 0.533294 -3.57396 -0.116835 0 0 0
55 -0.439463 -5.01739 0.910444 0 0 0
56 0 -2.26997 1.22871 0.0206798 0 0
57 0 -5.92124 1.78377 0 0 0
58 0 -2.12202 -0.0619297 0 0 0
59 -0.575001 -1.69351 1.13699 0 0 0
60 0 -4.97525 -0.469841 0 0 0
61 0.694227 -1.89081 0.409987 -0.785398 0 0
time 40
0 4.40254 -0.765094 -3.0277 -0.827033 0.693143 -1.04017
1 6.02794 0 0 0.211756 0.344648 -0.520551
2 11.7344 0 0 -0.00140282 0 -1.21226
3 8.81138 -0.000450134 -0.000112534 -2.09413 0 0.000158582
4 5.77839 0.000286102 0 -1.40307 0 0.000100441
5 2.23163 -0.000329971 -0.000363827 -0.691062 0 0
6 11.4725 0 0 -2.07611 0.218855 0.259116
7 0.615219 -0.993092 -0.8107 3.13843 0.250791 -0.497809
8 2.24752 0 0 0.0876464 0.0747425 0.097919
9 1.11936 0 0 0.10922 0.0236221 0.177413
10 3.71348 -0.102642 0.102191 1.46942 0.773555 -0.173756
11 1.72615 0 0 0.0282564 -0.00392485 -1.54455
12 1.21114 0 0 -0.000153983 0.000329106 0.33414
13 3.59919 -1.06012 0.0708876 1.5195 0.284619 -0.269155
14 1.66069 0 0 -0.11139 0.0758237 -1.56569
15 1.167 0 0 -0.00198889 -0.00149693 0.182279
16 2.18853 0.501039 0.0576582 1.53255 0.232941 0.0649167
17 1.29609 0 0 0.0150821 -0.0443408 -0.516749
18 1.62202 0.000715256 -0.000470161 0.0384952 -0.0112057 -1.72079
19 1.22241 0 0 0.00168814 -0.0236784 0.388832
20 1.76707 1.27612 0.0366411 1.49342 0.346301 0.0637748
21 1.55588 0 0 -0.0248724 -0.0645981 -0.831289
22 1.24273 0 0 -0.000479274 0.000360396 -1.33483
23 0.784523 0 0 0.0161966 -0.00188063 0.403202
24 -2.4735 7.79394 -0.077753 -0.275371 0.252825 -2.41516
25 6.02794 0 0 0.614673 0.527849 0.130323
26 11.7344 0 0 0.00140267 0 2.01658
27 8.81167 0 0 0.696325 0 0
28 5.77884 0 0 0.466538 0 0
29 2.23249 0 0 0.229787 0 0
30 11.4725 0 0 0.968607 0.119283 -1.04752
31 0.615812 0.994373 -0.809165 2.77788 0.472288 0.107949
32 2.24752 0 0 -0.10444 -0.0368171 0.189869
33 1.11936 0 0 0.0409434 0.17253 0.992366
34 3.71349 0.10264 0.10219 -1.64963 0.584187 -0.369879
35 1.72615 0 0 -0.018154 0.00311421 1.72396
36 1.21112 0 0 0.00667262 0.00800502 0.706752
37 3.5992 1.06012 0.0708885 -1.58383 -0.0108437 0.00177528
38 1.66069 0 0 0.01851 0.0756372 0.46316
39 1.16699 0 0 0.0410849 0.0160211 0.836655
40 2.18853 -0.50104 0.0576582 -1.57144 -0.052163 -0.199003
41 1.29609 0 0 0.0937333 0.100102 0.813135
42 1.62202 -0.000714302 -0.000470161 -0.0212591 -0.00856307 1.65517
43 1.22241 0 0 0 0.00653316 0.655771
44 1.76707 -1.27612 0.0366406 -1.41856 -0.0419568 -0.220999
45 1.55588 0 0 -0.017621 0.0420963 0.79085
46 1.24273 0 0 0.000478962 0.000360524 1.35859
47 0.784532 0 0 -0.00138836 0.00235241 0.814052
48 0 0 0 0 0 0
49 -4.30218 2.98312 -8.05463 -2.39583 -1.55579 2.39774
50 -4.29741 -19.5266 -3.78866 -3.12735 -0.774324 3.13349
51 -4.31396 2.99397 -6.9875 -2.39583 -1.55579 2.39774
52 -4.30598 -20.0953 -2.90956 -2.39583 -1.55579 2.39774
53 -4.84287 -8.26701 -4.7028 -0.010182 -0.0110222 0.00197203
54 0.533294 -3.57396 -0.116835 0 0 0
55 -0.439463 -5.01739 0.910444 0 0 0
56 0 -2.26997 1.22871 0.0206798 0 0
57 0 -5.92124 1.78377 0 0 0
58 0 -2.12203 -0.0619297 0 0 0
59 -0.575 -1.69351 1.13699 0 0 0
60 0 -4.97525 -0.469842 0 0 0
61 0.694227 -1.89081 0.409988 -0.785398 0 0
time 41
0 4.40254 -0.765094 -3.0277 -0.827033 0.693143 -1.04017
1 6.02794 0 0 0.21284 0.344559 -0.518038
2 11.7344 0 0 -0.0014029 0 -1.21345
3 8.81138 -0.000450134 -0.000113487 -2.09391 0 0.000159186
4 5.77839 0.000286102 0 -1.40292 0 0.000101077
5 2.23163 -0.000328064 -0.000364304 -0.690992 0 0
6 11.4725 0 0 -2.07605 0.218378 0.258146
7 0.615219 -0.993089 -0.8107 3.13843 0.250791 -0.497809
8 2.24752 0 0 0.0876463 0.0747425 0.0979191
9 1.11936 0 0 0.10922 0.023622 0.177412
10 3.71348 -0.10264 0.10219 1.46942 0.773555 -0.173756
11 1.72615 0 0 0.0282564 -0.00392483 -1.54455
12 1.21114 0 0 -0.000154054 0.000328997 0.33414
13 3.59919 -1.06012 0.0708866 1.5195 0.284618 -0.269155
14 1.66069 0 0 -0.111391 0.0758238 -1.56569
15 1.167 0 0 -0.00198899 -0.0014968 0.182279
16 2.18852 0.50104 0.0576591 1.53255 0.232941 0.0649167
17 1.29609 0 0 0.015082 -0.0443406 -0.516749
18 1.62202 0.000713348 -0.000470161 0.0384955 -0.0112059 -1.72079
19 1.22241 0 0 0.00168809 -0.0236782 0.388832
20 1.76707 1.27612 0.0366402 1.49342 0.346301 0.0637748
21 1.55588 0 0 -0.0248723 -0.0645981 -0.831289
22 1.24274 0 0 -0.000479204 0.000360452 -1.33483
23 0.784525 0 0 0.0161964 -0.0018806 0.403201
24 -2.4735 7.79394 -0.077753 -0.275371 0.252825 -2.41516
25 6.02794 0 0 0.610062 0.526938 0.1287
26 11.7344 0 0 0.00140267 0 2.01575
27 8.81167 0 0 0.699537 0 0
28 5.77884 0 0 0.46869 0 0
29 2.23249 0 0 0.230847 0 0
30 11.4725 0 0 0.971982 0.117219 -1.04576
31 0.615813 0.994373 -0.809165 2.77788 0.472288 0.107949
32 2.24752 0 0 -0.10444 -0.0368169 0.189869
33 1.11936 0 0 0.0409433 0.17253 0.992367
34 3.71349 0.102639 0.102191 -1.64963 0.584187 -0.369879
35 1.72615 0 0 -0.018154 0.00311405 1.72396
36 1.21112 0 0 0.00667256 0.00800509 0.706752
37 3.5992 1.06012 0.070888 -1.58383 -0.0108437 0.00177535
38 1.66069 0 0 0.01851 0.0756372 0.46316
39 1.16699 0 0 0.041085 0.0160211 0.836655
40 2.18853 -0.50104 0.0576587 -1.57144 -0.052163 -0.199003
41 1.29609 0 0 0.0937336 0.100102 0.813135
42 1.62202 -0.000713348 -0.000470161 -0.021259 -0.008563 1.65517
43 1.22241 0 0 0 0.00653316 0.655771
44 1.76707 -1.27612 0.0366402 -1.41856 -0.0419568 -0.220999
45 1.55588 0 0 -0.017621 0.0420963 0.79085
46 1.24273 0 0 0.000478856 0.000360571 1.35859
47 0.784531 0 0 -0.00138825 0.00235236 0.814053
48 0 0 0 0 0 0
49 -4.29131 2.98375 -8.0827 -2.40238 -1.55597 2.40438
50 -4.28441 -19.5268 -3.82113 -3.12762 -0.774395 3.13377
51 -4.30302 2.99439 -7.01557 -2.40238 -1.55597 2.40438
52 -4.29287 -20.0957 -2.94213 -2.40238 -1.55597 2.40438
53 -4.83085 -8.26708 -4.73303 -0.00998668 -0.0109538 0.00205163
54 0.533295 -3.57396 -0.116835 0 0 0
55 -0.439464 -5.01739 0.910444 0 0 0
56 0 -2.26997 1.22871 0.0206798 0 0
57 0 -5.92124 1.78377 0 0 0
58 0 -2.12203 -0.0619297 0 0 0
59 -0.575001 -1.69351 1.13699 0 0 0
60 0 -4.97524 -0.469842 0 0 0
61 0.694227 -1.89081 0.409987 -0.785398 0 0
time 42
0 4.40254 -0.765094 -3.0277 -0.827033 0.693143 -1.04017
1 6.02794 0 0 0.214181 0.344738 -0.515296
2 11.7344 0 0 -0.00140292 0 -1.21451
3 8.81138 -0.000450134 -0.00011301 -2.09448 0 0.000159076
4 5.77839 0.000286102 0 -1.4033 0 0.000100719
5 2.23164 -0.000329971 -0.000364304 -0.69118 0 0
6 11.4725 0 0 -2.07676 0.217419 0.256914
7 0.615218 -0.99309 -0.810701 3.13843 0.250791 -0.497809
8 2.24752 0 0 0.0876463 0.0747425 0.0979191
9 1.11936 0 0 0.10922 0.023622 0.177413
10 3.71348 -0.102641 0.102191 1.46942 0.773555 -0.173756
11 1.72615 0 0 0.0282564 -0.00392494 -1.54455
12 1.21114 0 0 -0.00015412 0.00032919 0.33414
13 3.59919 -1.06012 0.0708885 1.5195 0.284619 -0.269155
14 1.66069 0 0 -0.111391 0.0758236 -1.56569
15 1.167 0 0 -0.00198885 -0.00149669 0.182279
16 2.18852 0.50104 0.0576591 1.53255 0.232941 0.0649166
17 1.29609 0 0 0.0150819 -0.0443406 -0.516749
18 1.62202 0.000715256 -0.000472069 0.0384954 -0.0112057 -1.72079
19 1.22241 0 0 0.00168819 -0.0236782 0.388832
20 1.76707 1.27612 0.0366402 1.49342 0.346302 0.0637748
21 1.55588 0 0 -0.0248722 -0.0645981 -0.831289
22 1.24274 0 0 -0.000479311 0.000360443 -1.33483
23 0.784525 0 0 0.0161966 -0.00188069 0.403201
24 -2.4735 7.79394 -0.077753 -0.275371 0.252825 -2.41516
25 6.02794 0 0 0.60603 0.526113 0.127307
26 11.7344 0 0 0.00140266 0 2.015
27 8.81167 0 0 0.701489 0 0
28 5.77884 0 0 0.469998 0 0
29 2.23249 0 0 0.231492 0 0
30 11.4725 0 0 0.97435 0.115753 -1.04496
31 0.615813 0.994372 -0.809165 2.77788 0.472288 0.107949
32 2.24752 0 0 -0.10444 -0.0368171 0.189869
33 1.11936 0 0 0.0409434 0.17253 0.992367
34 3.71349 0.102639 0.10219 -1.64963 0.584186 -0.369879
35 1.72615 0 0 -0.0181539 0.00311418 1.72396
36 1.21112 0 0 0.00667251 0.008005 0.706752
37 3.5992 1.06012 0.070888 -1.58384 -0.0108439 0.00177549
38 1.66069 0 0 0.01851 0.0756373 0.46316
39 1.16699 0 0 0.041085 0.0160211 0.836655
40 2.18853 -0.50104 0.0576587 -1.57144 -0.0521632 -0.199003
41 1.29609 0 0 0.0937335 0.100102 0.813135
42 1.62202 -0.000712395 -0.000469685 -0.0212592 -0.00856289 1.65517
43 1.22241 0 0 0 0.00653315 0.655771
44 1.76707 -1.27612 0.0366402 -1.41856 -0.041957 -0.220999
45 1.55588 0 0 -0.017621 0.0420963 0.79085
46 1.24273 0 0 0.000478887 0.000360584 1.35859
47 0.784532 0 0 -0.0013884 0.0023524 0.814053
48 0 0 0 0 0 0
49 -4.28344 2.98648 -8.10083 -2.41176 -1.55709 2.41377
50 -4.27318 -19.5277 -3.85824 -3.12879 -0.775138 3.1346
51 -4.29437 2.99622 -7.03368 -2.41176 -1.55709 2.41377
52 -4.28099 -20.0973 -2.97972 -2.41176 -1.55709 2.41377
53 -4.82041 -8.26717 -4.76025 -0.00914229 -0.0102185 0.00205282
54 0.533295 -3.57396 -0.116835 0 0 0
55 -0.439464 -5.01739 0.910444 0 0 0
56 0 -2.26997 1.22871 0.0206798 0 0
57 0 -5.92124 1.78377 0 0 0
58 0 -2.12202 -0.0619297 0 0 0
59 -0.575001 -1.69351 1.13699 0 0 0
60 0 -4.97524 -0.469841 0 0 0
61 0.694227 -1.89081 0.409987 -0.785398 0 0
time 43
0 4.40254 -0.765094 -3.0277 -0.827033 0.693143 -1.04017
1 6.02794 0 0 0.215755 0.34521 -0.512416
2 11.7344 0 0 -0.00140285 0 -1.2154
3 8.81138 -0.000448227 -0.00011158 -2.096 0 0.000157972
4 5.77839 0.000286102 0 -1.40432 0 0.000100177
5 2.23163 -0.000329971 -0.000363827 -0.691681 0 0
6 11.4725 0 0 -2.07839 0.215943 0.255448
7 0.615219 -0.993091 -0.810699 3.13843 0.250791 -0.49781
8 2.24752 0 0 0.0876463 0.0747425 0.0979188
9 1.11936 0 0 0.10922 0.0236221 0.177412
10 3.71348 -0.102641 0.102192 1.46942 0.773555 -0.173756
11 1.72615 0 0 0.0282566 -0.00392491 -1.54455
12 1.21113 0 0 -0.000154101 0.000329126 0.33414
13 3.59919 -1.06012 0.0708885 1.5195 0.284619 -0.269155
14 1.66069 0 0 -0.111391 0.0758236 -1.56569
15 1.167 0 0 -0.00198885 -0.00149681 0.182279
16 2.18852 0.50104 0.0576591 1.53255 0.232941 0.0649166
17 1.29609 0 0 0.015082 -0.0443405 -0.516749
18 1.62202 0.000715256 -0.000470161 0.0384954 -0.0112057 -1.72079
19 1.22241 0 0 0.00168826 -0.0236785 0.388832
20 1.76707 1.27612 0.0366421 1.49342 0.346301 0.0637749
21 1.55588 0 0 -0.0248723 -0.0645982 -0.831289
22 1.24273 0 0 -0.000479325 0.000360508 -1.33483
23 0.784525 0 0 0.0161965 -0.00188067 0.403202
24 -2.4735 7.79394 -0.077753 -0.275371 0.252825 -2.41516
25 6.02794 0 0 0.60294 0.52542 0.126307
26 11.7344 0 0 0.00140271 0 2.01439
27 8.81167 0 0 0.701735 0 0
28 5.77884 0 0 0.470162 0 0
29 2.23249 0 0 0.231573 0 0
30 11.4725 0 0 0.975359 0.115109 -1.04543
31 0.615813 0.994373 -0.809165 2.77788 0.472288 0.107949
32 2.24752 0 0 -0.10444 -0.036817 0.189869
33 1.11936 0 0 0.0409434 0.17253 0.992366
34 3.71349 0.102639 0.102191 -1.64963 0.584187 -0.369879
35 1.72615 0 0 -0.0181539 0.00311417 1.72396
36 1.21112 0 0 0.00667256 0.00800496 0.706752
37 3.5992 1.06012 0.0708885 -1.58383 -0.0108437 0.00177541
38 1.66069 0 0 0.01851 0.0756372 0.46316
39 1.16699 0 0 0.0410849 0.0160211 0.836655
40 2.18853 -0.501041 0.0576591 -1.57144 -0.0521631 -0.199003
41 1.29609 0 0 0.0937335 0.100102 0.813135
42 1.62202 -0.000712395 -0.000470161 -0.0212591 -0.00856309 1.65517
43 1.22241 0 0 0 0.00653309 0.655771
44 1.76707 -1.27612 0.0366411 -1.41856 -0.0419569 -0.220999
45 1.55587 0 0 -0.0176209 0.0420963 0.79085
46 1.24273 0 0 0.000478914 0.000360639 1.35859
47 0.784533 0 0 -0.00138842 0.00235236 0.814052
48 0 0 0 0 0 0
49 -4.27923 2.99166 -8.10532 -2.42757 -1.55928 2.4295
50 -4.26427 -19.5292 -3.89872 -3.13102 -0.776667 3.13608
51 -4.28853 2.99969 -7.03814 -2.42757 -1.55928 2.4295
52 -4.27079 -20.1003 -3.0211 -2.42757 -1.55928 2.4295
53 -4.81199 -8.26728 -4.78191 -0.00754165 -0.00870272 0.00196134
54 0.533295 -3.57396 -0.116835 0 0 0
55 -0.439463 -5.01739 0.910445 0 0 0
56 0 -2.26997 1.22871 0.0206798 0 0
57 0 -5.92124 1.78377 0 0 0
58 0 -2.12202 -0.0619292 0 0 0
59 -0.575 -1.69351 1.13699 0 0 0
60 0 -4.97524 -0.469841 0 0 0
61 0.694227 -1.89081 0.409987 -0.785398 0 0
time 44
0 4.40254 -0.765094 -3.0277 -0.827033 0.693143 -1.04017
1 6.02794 0 0 0.217543 0.346002 -0.509485
2 11.7344 0 0 -0.00140283 0 -1.21605
3 8.81138 -0.000450134 -0.000112534 -2.09863 0 0.000158261
4 5.77839 0.000286102 0 -1.40609 0 0.000100221
5 2.23163 -0.000329971 -0.00036335 -0.692549 0 0
6 11.4725 0 0 -2.0811 0.213915 0.25378
7 0.615219 -0.993093 -0.8107 3.13843 0.250791 -0.497809
8 2.24752 0 0 0.0876463 0.0747424 0.0979189
9 1.11936 0 0 0.10922 0.0236221 0.177413
10 3.71348 -0.102643 0.102191 1.46942 0.773555 -0.173756
11 1.72615 0 0 0.0282564 -0.00392483 -1.54455
12 1.21114 0 0 -0.000153986 0.000329046 0.33414
13 3.59919 -1.06012 0.0708876 1.5195 0.284619 -0.269155
14 1.66069 0 0 -0.111391 0.0758237 -1.56569
15 1.167 0 0 -0.001989 -0.00149686 0.182279
16 2.18852 0.501039 0.0576582 1.53255 0.232941 0.0649167
17 1.29609 0 0 0.0150819 -0.0443406 -0.516749
18 1.62202 0.000713348 -0.000471115 0.0384954 -0.0112058 -1.72079
19 1.22241 0 0 0.00168809 -0.0236782 0.388832
20 1.76707 1.27612 0.0366411 1.49342 0.346302 0.0637747
21 1.55588 0 0 -0.0248724 -0.0645982 -0.831289
22 1.24273 0 0 -0.000479325 0.000360508 -1.33483
23 0.784525 0 0 0.0161965 -0.00188063 0.403202
24 -2.4735 7.79394 -0.077753 -0.275371 0.252825 -2.41516
25 6.02794 0 0 0.601152 0.524908 0.125859
26 11.7344 0 0 0.00140274 0 2.01401
27 8.81167 0 0 0.699826 0 0
28 5.77884 0 0 0.468883 0 0
29 2.23249 0 0 0.230943 0 0
30 11.4725 0 0 0.974654 0.115502 -1.04748
31 0.615813 0.994373 -0.809165 2.77788 0.472288 0.107949
32 2.24752 0 0 -0.10444 -0.036817 0.189869
33 1.11936 0 0 0.0409433 0.17253 0.992367
34 3.71349 0.102639 0.102191 -1.64963 0.584187 -0.369879
35 1.72615 0 0 -0.018154 0.00311418 1.72396
36 1.21112 0 0 0.00667255 0.0080051 0.706752
37 3.5992 1.06012 0.0708885 -1.58383 -0.0108438 0.00177544
38 1.66069 0 0 0.01851 0.0756372 0.46316
39 1.16699 0 0 0.041085 0.0160211 0.836655
40 2.18853 -0.501041 0.0576591 -1.57144 -0.0521631 -0.199003
41 1.29609 0 0 0.0937336 0.100102 0.813136
42 1.62202 -0.000713348 -0.000469685 -0.0212591 -0.00856298 1.65517
43 1.22241 0 0 0 0.00653322 0.655771
44 1.76707 -1.27612 0.0366411 -1.41856 -0.0419569 -0.220999
45 1.55587 0 0 -0.0176209 0.0420963 0.79085
46 1.24273 0 0 0.000478856 0.000360533 1.35859
47 0.784532 0 0 -0.00138831 0.00235253 0.814052
48 0 0 0 0 0 0
49 -4.27927 2.99958 -8.09245 -2.46268 -1.56271 2.46443
50 -4.25828 -19.5316 -3.9413 -3.13446 -0.779092 3.13831
51 -4.286 3.00498 -7.02524 -2.46268 -1.56271 2.46443
52 -4.26278 -20.1048 -3.06507 -2.46268 -1.56271 2.46443
53 -4.80607 -8.26741 -4.79546 -0.00507766 -0.00629297 0.00176295
54 0.533294 -3.57396 -0.116835 0 0 0
55 -0.439464 -5.01739 0.910445 0 0 0
56 0 -2.26997 1.22871 0.0206798 0 0
57 0 -5.92124 1.78377 0 0 0
58 0 -2.12202 -0.0619297 0 0 0
59 -0.575001 -1.69351 1.13699 0 0 0
60 0 -4.97524 -0.469841 0 0 0
61 0.694227 -1.89081 0.409987 -0.785398 0 0
time 45
0 4.40254 -0.765094 -3.0277 -0.827034 0.693143 -1.04017
1 6.02794 0 0 0.219522 0.347147 -0.506596
2 11.7344 0 0 -0.00140278 0 -1.21642
3 8.81138 -0.000450134 -0.000112057 -2.10254 0 0.000157574
4 5.77839 0.000284195 0 -1.4087 0 0
5 2.23163 -0.000328064 -0.000363827 -0.693837 0 0
6 11.4725 0 0 -2.08503 0.211299 0.251943
7 0.61522 -0.99309 -0.8107 3.13843 0.250791 -0.497809
8 2.24752 0 0 0.0876463 0.0747425 0.0979189
9 1.11936 0 0 0.10922 0.0236221 0.177413
10 3.71348 -0.10264 0.102192 1.46942 0.773555 -0.173756
11 1.72615 0 0 0.0282566 -0.00392491 -1.54455
12 1.21113 0 0 -0.000154089 0.000329063 0.33414
13 3.59919 -1.06012 0.0708876 1.5195 0.284619 -0.269155
14 1.66069 0 0 -0.111391 0.0758237 -1.56569
15 1.167 0 0 -0.00198887 -0.00149681 0.182279
16 2.18853 0.501041 0.0576591 1.53255 0.232941 0.0649167
17 1.29609 0 0 0.0150819 -0.0443407 -0.516749
18 1.62202 0.000713348 -0.000473022 0.0384953 -0.0112058 -1.72079
19 1.22241 0 0 0.00168824 -0.0236782 0.388832
20 1.76707 1.27612 0.0366402 1.49342 0.346302 0.0637748
21 1.55587 0 0 -0.0248725 -0.0645982 -0.831289
22 1.24274 0 0 -0.000479208 0.000360601 -1.33483
23 0.784523 0 0 0.0161964 -0.00188063 0.403202
24 -2.4735 7.79394 -0.077753 -0.275371 0.252825 -2.41516
25 6.02794 0 0 0.601028 0.524624 0.126123
26 11.7344 0 0 0.00140269 0 2.01391
27 8.81167 0 0 0.695324 0 0
28 5.77884 0 0 0.465867 0 0
29 2.23249 0 0 0.229457 0 0
30 11.4725 0 0 0.971874 0.117136 -1.05143
31 0.615813 0.994373 -0.809166 2.77788 0.472288 0.107949
32 2.24752 0 0 -0.10444 -0.036817 0.189869
33 1.11936 0 0 0.0409432 0.17253 0.992366
34 3.71349 0.102639 0.10219 -1.64963 0.584187 -0.369879
35 1.72615 0 0 -0.018154 0.00311415 1.72396
36 1.21112 0 0 0.00667255 0.00800498 0.706752
37 3.5992 1.06012 0.0708876 -1.58384 -0.0108436 0.00177535
38 1.66069 0 0 0.0185101 0.0756372 0.46316
39 1.16699 0 0 0.041085 0.0160211 0.836655
40 2.18853 -0.50104 0.0576587 -1.57144 -0.0521631 -0.199003
41 1.29609 0 0 0.0937334 0.100102 0.813136
42 1.62202 -0.000714302 -0.000469685 -0.0212591 -0.00856308 1.65517
43 1.22241 0 0 0 0.00653325 0.655771
44 1.76707 -1.27612 0.0366397 -1.41856 -0.0419569 -0.220999
45 1.55587 0 0 -0.017621 0.0420963 0.79085
46 1.24273 0 0 0.000478891 0.000360486 1.35859
47 0.784533 0 0 -0.00138831 0.00235245 0.814052
48 0 0 0 0 0 0
49 -4.28409 3.01052 -8.05848 -2.62248 -1.56748 2.62393
50 -4.25587 -19.5348 -3.98469 -3.13928 -0.782521 3.1414
51 -4.28716 3.01227 -6.99124 -2.62248 -1.56748 2.62393
52 -4.25755 -20.111 -3.11043 -2.62248 -1.56748 2.62393
53 -4.80309 -8.26755 -4.79835 -0.00164318 -0.00287574 0.00144339
54 0.533295 -3.57396 -0.116835 0 0 0
55 -0.439463 -5.01739 0.910445 0 0 0
56 0 -2.26997 1.22871 0.0206798 0 0
57 0 -5.92124 1.78377 0 0 0
58 0 -2.12203 -0.0619297 0 0 0
59 -0.575 -1.69351 1.13699 0 0 0
60 0 -4.97524 -0.469841 0 0 0
61 0.694227 -1.89081 0.409988 -0.785398 0 0
time 46
0 4.40254 -0.765094 -3.0277 -0.827033 0.693143 -1.04017
1 6.02794 0 0 0.221548 0.348559 -0.503959
2 11.7344 0 0 -0.0014029 0 -1.21651
3 8.81138 -0.000450134 -0.00011158 -2.10753 0 0.000156992
4 5.77839 0.000286102 0 -1.41204 0 0
5 2.23163 -0.000329971 -0.000365257 -0.695485 0 0
6 11.4725 0 0 -2.08998 0.208282 0.2501
7 0.615219 -0.99309 -0.8107 3.13843 0.250791 -0.497809
8 2.24752 0 0 0.0876463 0.0747425 0.0979188
9 1.11936 0 0 0.10922 0.023622 0.177413
10 3.71348 -0.102639 0.102191 1.46942 0.773555 -0.173756
11 1.72615 0 0 0.0282566 -0.00392483 -1.54455
12 1.21114 0 0 -0.000154074 0.000329061 0.33414
13 3.59919 -1.06012 0.0708885 1.5195 0.284619 -0.269155
14 1.66069 0 0 -0.111391 0.0758235 -1.56569
15 1.167 0 0 -0.00198902 -0.0014968 0.182279
16 2.18852 0.50104 0.0576591 1.53255 0.232941 0.0649166
17 1.29609 0 0 0.0150819 -0.0443407 -0.516749
18 1.62202 0.000713348 -0.000471115 0.0384953 -0.0112058 -1.72079
19 1.22241 0 0 0.00168814 -0.0236782 0.388832
20 1.76707 1.27612 0.0366411 1.49342 0.346302 0.0637748
21 1.55587 0 0 -0.0248723 -0.064598 -0.831289
22 1.24274 0 0 -0.000479191 0.000360386 -1.33483
23 0.784523 0 0 0.0161966 -0.00188063 0.403202
24 -2.4735 7.79394 -0.077753 -0.275371 0.252825 -2.41516
25 6.02794 0 0 0.602711 0.524567 0.127183
26 11.7344 0 0 0.00140281 0 2.01412
27 8.81167 0 0 0.688365 0 0
28 5.77884 0 0 0.461205 0 0
29 2.23249 0 0 0.227161 0 0
30 11.4725 0 0 0.967082 0.119957 -1.0572
31 0.615813 0.994373 -0.809166 2.77788 0.472288 0.107949
32 2.24752 0 0 -0.10444 -0.0368171 0.189869
33 1.11936 0 0 0.0409433 0.17253 0.992367
34 3.71349 0.102639 0.102191 -1.64963 0.584186 -0.369879
35 1.72615 0 0 -0.0181539 0.00311413 1.72396
36 1.21112 0 0 0.00667255 0.00800502 0.706751
37 3.5992 1.06012 0.070888 -1.58383 -0.0108438 0.00177536
38 1.66069 0 0 0.01851 0.0756372 0.46316
39 1.16699 0 0 0.041085 0.0160211 0.836655
40 2.18853 -0.501041 0.0576582 -1.57144 -0.052163 -0.199003
41 1.29609 0 0 0.0937335 0.100102 0.813135
42 1.62202 -0.000713348 -0.000469208 -0.0212591 -0.00856301 1.65517
43 1.22241 0 0 0 0.00653312 0.655771
44 1.76707 -1.27612 0.0366406 -1.41856 -0.0419568 -0.220999
45 1.55588 0 0 -0.0176209 0.0420963 0.79085
46 1.24273 0 0 0.000478915 0.000360543 1.35859
47 0.784531 0 0 -0.00138843 0.00235248 0.814052
48 0 0 0 0 0 0
49 -4.29296 3.02378 -8.0038 1.0863 -1.56788 -1.08527
50 -4.257 -19.5385 -4.02535 3.13793 -0.786754 -3.13798
51 -4.29151 3.02103 -6.93655 1.0863 -1.56788 -1.08527
52 -4.25522 -20.1184 -3.15353 1.0863 -1.56788 -1.08527
53 -4.8029 -8.26774 -4.78912 0.00258324 0.00135978 0.00102641
54 0.533295 -3.57396 -0.116835 0 0 0
55 -0.439464 -5.01739 0.910444 0 0 0
56 0 -2.26997 1.22871 0.0206798 0 0
57 0 -5.92124 1.78377 0 0 0
58 0 -2.12202 -0.0619297 0 0 0
59 -0.575001 -1.69351 1.13699 0 0 0
60 0 -4.97525 -0.469841 0 0 0
61 0.694227 -1.89081 0.409987 -0.785398 0 0
time 47
0 4.40254 -0.765094 -3.0277 -0.827033 0.693143 -1.04017
1 6.02794 0 0 0.223562 0.350159 -0.501606
2 11.7344 0 0 -0.00140291 0 -1.21635
3 8.81138 -0.000450134 -0.00011301 -2.11328 0 0.000158048
4 5.77839 0.000284195 0 -1.4159 0 0
5 2.23163 -0.000329971 -0.000364304 -0.697381 0 0
6 11.4725 0 0 -2.09565 0.205018 0.248317
7 0.61522 -0.993091 -0.8107 3.13843 0.250791 -0.497809
8 2.24752 0 0 0.0876463 0.0747425 0.0979189
9 1.11936 0 0 0.10922 0.023622 0.177413
10 3.71348 -0.10264 0.102192 1.46942 0.773555 -0.173756
11 1.72615 0 0 0.0282564 -0.00392477 -1.54455
12 1.21113 0 0 -0.000154103 0.000329066 0.33414
13 3.59919 -1.06012 0.0708885 1.5195 0.284619 -0.269155
14 1.66069 0 0 -0.111391 0.0758236 -1.56569
15 1.167 0 0 -0.00198894 -0.00149675 0.182279
16 2.18853 0.50104 0.0576591 1.53255 0.232941 0.0649168
17 1.29609 0 0 0.0150819 -0.0443407 -0.516749
18 1.62202 0.000713348 -0.000472069 0.0384953 -0.0112056 -1.72079
19 1.22241 0 0 0.00168817 -0.0236783 0.388832
20 1.76707 1.27612 0.0366402 1.49342 0.346301 0.063775
21 1.55588 0 0 -0.0248722 -0.064598 -0.831289
22 1.24273 0 0 -0.000479301 0.000360527 -1.33483
23 0.784523 0 0 0.0161965 -0.00188064 0.403202
24 -2.4735 7.79394 -0.077753 -0.275371 0.252825 -2.41516
25 6.02794 0 0 0.605827 0.524679 0.128877
26 11.7344 0 0 0.00140271 0 2.01458
27 8.81167 0 0 0.679612 0 0
28 5.77884 0 0 0.45534 0 0
29 2.23249 0 0 0.224272 0 0
30 11.4725 0 0 0.960765 0.123643 -1.06433
31 0.615814 0.994373 -0.809165 2.77788 0.472288 0.107949
32 2.24752 0 0 -0.10444 -0.036817 0.189869
33 1.11936 0 0 0.0409434 0.17253 0.992367
34 3.71349 0.102639 0.10219 -1.64963 0.584187 -0.369879
35 1.72615 0 0 -0.018154 0.00311418 1.72396
36 1.21112 0 0 0.00667255 0.00800506 0.706752
37 3.5992 1.06012 0.070888 -1.58384 -0.0108438 0.00177529
38 1.66069 0 0 0.01851 0.0756372 0.46316
39 1.16699 0 0 0.0410849 0.0160212 0.836655
40 2.18853 -0.50104 0.0576587 -1.57144 -0.0521631 -0.199003
41 1.29609 0 0 0.0937335 0.100102 0.813135
42 1.62202 -0.000714302 -0.000470161 -0.0212591 -0.00856303 1.65517
43 1.22241 0 0 0 0.00653307 0.655771
44 1.76707 -1.27612 0.0366402 -1.41856 -0.0419568 -0.220999
45 1.55588 0 0 -0.0176209 0.0420963 0.790849
46 1.24273 0 0 0.000478962 0.000360601 1.35859
47 0.784532 0 0 -0.0013884 0.0023524 0.814052
48 0 0 0 0 0 0
49 -4.30466 3.03848 -7.93338 0.874255 -1.56121 -0.873735
50 -4.26115 -19.5425 -4.06266 3.13113 -0.791519 -3.13365
51 -4.29809 3.03064 -6.86618 0.874255 -1.56121 -0.873735
52 -4.25549 -20.1266 -3.19363 0.874255 -1.56121 -0.873735
53 -4.80495 -8.26798 -4.77011 0.00735165 0.00614871 0.000545279
54 0.533295 -3.57396 -0.116835 0 0 0
55 -0.439464 -5.01739 0.910445 0 0 0
56 0 -2.26997 1.22871 0.0206798 0 0
57 0 -5.92124 1.78377 0 0 0
58 0 -2.12203 -0.0619297 0 0 0
59 -0.575001 -1.69351 1.13699 0 0 0
60 0 -4.97524 -0.469841 0 0 0
61 0.694227 -1.89081 0.409987 -0.785398 0 0
time 48
0 4.40254 -0.765094 -3.0277 -0.827033 0.693143 -1.04017
1 6.02794 0 0 0.225671 0.351998 -0.499368
2 11.7344 0 0 -0.00140287 0 -1.21598
3 8.81138 -0.000448227 -0.00011301 -2.11972 0 0.000158265
4 5.77839 0.00028801 0 -1.42021 0 0.000100137
5 2.23163 -0.000328064 -0.000364304 -0.699507 0 0
6 11.4725 0 0 -2.10199 0.201427 0.246479
7 0.61522 -0.993093 -0.8107 3.13843 0.250791 -0.497809
8 2.24752 0 0 0.0876464 0.0747425 0.097919
9 1.11935 0 0 0.10922 0.0236221 0.177413
10 3.71348 -0.102643 0.102191 1.46942 0.773555 -0.173756
11 1.72615 0 0 0.0282565 -0.00392495 -1.54455
12 1.21113 0 0 -0.000154093 0.000329125 0.33414
13 3.59919 -1.06012 0.0708866 1.5195 0.284619 -0.269155
14 1.66069 0 0 -0.111391 0.0758238 -1.56569
15 1.167 0 0 -0.001989 -0.00149674 0.182279
16 2.18853 0.501039 0.0576591 1.53255 0.232941 0.0649166
17 1.29609 0 0 0.015082 -0.0443405 -0.516749
18 1.62202 0.000711441 -0.000472069 0.0384954 -0.0112058 -1.72079
19 1.22241 0 0 0.00168819 -0.0236783 0.388832
20 1.76707 1.27612 0.0366402 1.49342 0.346301 0.0637749
21 1.55588 0 0 -0.0248723 -0.064598 -0.831289
22 1.24274 0 0 -0.000479254 0.000360564 -1.33483
23 0.784523 0 0 0.0161965 -0.00188082 0.403201
24 -2.4735 7.79394 -0.077753 -0.275371 0.252825 -2.41516
25 6.02794 0 0 0.609975 0.524926 0.131004
26 11.7344 0 0 0.00140272 0 2.01521
27 8.81167 0 0 0.669417 0 0
28 5.77884 0 0 0.448509 0 0
29 2.23249 0 0 0.220908 0 0
30 11.4725 0 0 0.953185 0.127988 -1.0726
31 0.615812 0.994373 -0.809165 2.77788 0.472288 0.107949
32 2.24752 0 0 -0.10444 -0.0368169 0.189869
33 1.11936 0 0 0.0409434 0.17253 0.992367
34 3.71349 0.102639 0.102191 -1.64963 0.584186 -0.369879
35 1.72615 0 0 -0.018154 0.00311416 1.72396
36 1.21112 0 0 0.00667257 0.00800504 0.706752
37 3.5992 1.06012 0.070888 -1.58384 -0.0108438 0.00177541
38 1.66069 0 0 0.01851 0.0756372 0.46316
39 1.16699 0 0 0.041085 0.0160212 0.836655
40 2.18853 -0.501041 0.0576587 -1.57144 -0.0521632 -0.199003
41 1.29609 0 0 0.0937336 0.100102 0.813135
42 1.62202 -0.000714302 -0.000470638 -0.0212591 -0.00856298 1.65517
43 1.22241 0 0 0 0.00653316 0.655771
44 1.76707 -1.27612 0.0366406 -1.41856 -0.0419568 -0.220999
45 1.55588 0 0 -0.017621 0.0420962 0.79085
46 1.24273 0 0 0.000478872 0.000360577 1.35859
47 0.784533 0 0 -0.00138835 0.00235229 0.814053
48 0 0 0 0 0 0
49 -4.31884 3.05455 -7.85033 0.833812 -1.5537 -0.833884
50 -4.26834 -19.5467 -4.0998 3.12348 -0.796808 -3.12878
51 -4.30657 3.04104 -6.78324 0.833812 -1.5537 -0.833884
52 -4.25839 -20.1354 -3.23393 0.833812 -1.5537 -0.833884
53 -4.80908 -8.26826 -4.74449 0.0126621 0.011491 0
54 0.533295 -3.57396 -0.116835 0 0 0
55 -0.439464 -5.01739 0.910445 0 0 0
56 0 -2.26997 1.22871 0.0206798 0 0
57 0 -5.92124 1.78377 0 0 0
58 0 -2.12202 -0.0619292 0 0 0
59 -0.575001 -1.69351 1.13699 0 0 0
60 0 -4.97524 -0.469841 0 0 0
61 0.694227 -1.89081 0.409988 -0.785398 0 0
time 49
0 4.40254 -0.765094 -3.0277 -0.827033 0.693143 -1.04017
1 6.02794 0 0 0.224879 0.351742 -0.500742
2 11.7344 0 0 -0.00140287 0 -1.21588
3 8.81138 -0.000450134 -0.000112534 -2.11916 0 0.000157681
4 5.77839 0.000286102 0 -1.41984 0 0
5 2.23163 -0.000331879 -0.00036478 -0.699323 0 0
6 11.4725 0 0 -2.10107 0.203518 0.249181
7 0.615219 -0.993091 -0.8107 3.13843 0.250791 -0.497809
8 2.24752 0 0 0.0876463 0.0747424 0.097919
9 1.11936 0 0 0.10922 0.0236221 0.177412
10 3.71348 -0.102642 0.10219 1.46942 0.773555 -0.173756
11 1.72615 0 0 0.0282566 -0.00392477 -1.54455
12 1.21114 0 0 -0.000154066 0.00032906 0.33414
13 3.59919 -1.06012 0.0708866 1.5195 0.284619 -0.269155
14 1.66069 0 0 -0.11139 0.0758236 -1.56569
15 1.167 0 0 -0.00198898 -0.00149668 0.182279
16 2.18852 0.50104 0.0576591 1.53255 0.232941 0.0649167
17 1.29609 0 0 0.0150819 -0.0443406 -0.516749
18 1.62202 0.000713348 -0.000472069 0.0384954 -0.0112055 -1.72079
19 1.22241 0 0 0.00168817 -0.0236785 0.388832
20 1.76707 1.27612 0.0366402 1.49342 0.346301 0.0637748
21 1.55588 0 0 -0.0248722 -0.0645979 -0.831289
22 1.24274 0 0 -0.000479278 0.000360545 -1.33483
23 0.784521 0 0 0.0161965 -0.00188071 0.403201
24 -2.4735 7.79394 -0.077753 -0.275371 0.252825 -2.41516
25 6.02794 0 0 0.613824 0.525454 0.132616
26 11.7344 0 0 0.00140275 0 2.01585
27 8.81167 0 0 0.669341 0 0
28 5.77884 0 0 0.448458 0 0
29 2.23249 0 0 0.220882 0 0
30 11.4725 0 0 0.952629 0.130569 -1.07417
31 0.615813 0.994373 -0.809165 2.77788 0.472288 0.107949
32 2.24752 0 0 -0.10444 -0.0368171 0.18987
33 1.11936 0 0 0.0409434 0.17253 0.992367
34 3.71349 0.10264 0.102192 -1.64963 0.584186 -0.369879
35 1.72615 0 0 -0.0181539 0.00311404 1.72396
36 1.21112 0 0 0.00667257 0.00800512 0.706752
37 3.5992 1.06012 0.070888 -1.58384 -0.0108439 0.00177533
38 1.66069 0 0 0.01851 0.0756372 0.46316
39 1.16699 0 0 0.0410849 0.0160212 0.836655
40 2.18853 -0.501041 0.0576591 -1.57144 -0.0521632 -0.199003
41 1.29609 0 0 0.0937335 0.100102 0.813135
42 1.62202 -0.000714302 -0.000469208 -0.0212591 -0.00856308 1.65517
43 1.22241 0 0 0 0.00653313 0.655771
44 1.76707 -1.27612 0.0366406 -1.41856 -0.0419571 -0.220999
45 1.55588 0 0 -0.0176209 0.0420963 0.79085
46 1.24273 0 0 0.000478883 0.000360645 1.35859
47 0.784532 0 0 -0.00138842 0.00235242 0.814052
48 0 0 0 0 0 0
49 -4.31776 3.05653 -7.81191 0.967869 -1.55454 -0.967931
50 -4.27594 -19.5475 -4.0777 3.12248 -0.794524 -3.12808
51 -4.30792 3.04224 -6.74481 0.967869 -1.55454 -0.967931
52 -4.26797 -20.1367 -3.21222 0.967869 -1.55454 -0.967931
53 -4.81514 -8.26853 -4.71542 0.0133884 0.00921677 0
54 0.533295 -3.57396 -0.116835 0 0 0
55 -0.439464 -5.01739 0.910444 0 0 0
56 0 -2.26997 1.22871 0.0206798 0 0
57 0 -5.92124 1.78377 0 0 0
58 0 -2.12202 -0.0619297 0 0 0
59 -0.575001 -1.69351 1.13699 0 0 0
60 0 -4.97524 -0.469842 0 0 0
61 0.694227 -1.89081 0.409987 -0.785398 0 0
time 50
0 4.40254 -0.765094 -3.0277 -0.827033 0.693143 -1.04017
1 6.02794 0 0 0.223939 0.351521 -0.502477
2 11.7344 0 0 -0.00140288 0 -1.21553
3 8.81138 -0.000450134 -0.000112057 -2.11855 0 0.000158513
4 5.77839 0.00028801 0 -1.41943 0 0.000100394
5 2.23164 -0.000328064 -0.000363827 -0.699122 0 0
6 11.4725 0 0 -2.10013 0.20542 0.251655
7 0.615218 -0.993091 -0.810699 3.13843 0.250791 -0.497809
8 2.24752 0 0 0.0876464 0.0747425 0.0979189
9 1.11936 0 0 0.10922 0.0236221 0.177413
10 3.71348 -0.102641 0.102192 1.46942 0.773555 -0.173756
11 1.72615 0 0 0.0282564 -0.00392485 -1.54455
12 1.21114 0 0 -0.000153892 0.000329151 0.33414
13 3.59919 -1.06012 0.0708885 1.5195 0.284618 -0.269155
14 1.66069 0 0 -0.111391 0.0758237 -1.56569
15 1.167 0 0 -0.00198896 -0.00149674 0.182279
16 2.18852 0.501039 0.0576591 1.53255 0.232941 0.0649167
17 1.29609 0 0 0.0150819 -0.0443406 -0.516749
18 1.62202 0.000713348 -0.000473022 0.0384953 -0.0112058 -1.72079
19 1.22241 0 0 0.0016882 -0.0236783 0.388832
20 1.76707 1.27612 0.0366411 1.49342 0.346302 0.0637748
21 1.55588 0 0 -0.0248722 -0.0645981 -0.831289
22 1.24273 0 0 -0.000479274 0.000360396 -1.33483
23 0.784523 0 0 0.0161966 -0.00188066 0.403201
24 -2.4735 7.79394 -0.077753 -0.275371 0.252825 -2.41516
25 6.02794 0 0 0.617851 0.526083 0.134205
26 11.7344 0 0 0.00140269 0 2.01653
27 8.81167 0 0 0.668925 0 0
28 5.77884 0 0 0.44818 0 0
29 2.23249 0 0 0.220745 0 0
30 11.4725 0 0 0.951647 0.132997 -1.07558
31 0.615813 0.994372 -0.809165 2.77788 0.472288 0.107949
32 2.24752 0 0 -0.10444 -0.0368171 0.189869
33 1.11936 0 0 0.0409434 0.17253 0.992367
34 3.71349 0.102639 0.10219 -1.64963 0.584187 -0.369879
35 1.72615 0 0 -0.018154 0.00311415 1.72396
36 1.21112 0 0 0.0066726 0.00800506 0.706751
37 3.5992 1.06012 0.070888 -1.58384 -0.0108438 0.00177535
38 1.66069 0 0 0.01851 0.0756372 0.46316
39 1.16699 0 0 0.041085 0.0160211 0.836655
40 2.18853 -0.501041 0.0576587 -1.57144 -0.052163 -0.199003
41 1.29609 0 0 0.0937334 0.100102 0.813135
42 1.62202 -0.000713348 -0.000469208 -0.0212591 -0.00856305 1.65517
43 1.22241 0 0 0 0.00653326 0.655771
44 1.76707 -1.27612 0.0366402 -1.41856 -0.0419568 -0.220999
45 1.55587 0 0 -0.0176209 0.0420963 0.79085
46 1.24273 0 0 0.000478838 0.000360604 1.35859
47 0.784532 0 0 -0.0013883 0.0023524 0.814052
48 0 0 0 0 0 0
49 -4.31926 3.05753 -7.77698 1.09066 -1.55525 -1.0907
50 -4.28511 -19.548 -4.05178 3.12195 -0.792484 -3.1277
51 -4.3116 3.04282 -6.70986 1.09066 -1.55525 -1.0907
52 -4.2789 -20.1376 -3.18653 1.09066 -1.55525 -1.0907
53 -4.82298 -8.26877 -4.68606 0.0137908 0.0071819 0
54 0.533295 -3.57396 -0.116835 0 0 0
55 -0.439464 -5.01739 0.910445 0 0 0
56 0 -2.26997 1.22871 0.0206798 0 0
57 0 -5.92124 1.78377 0 0 0
58 0 -2.12202 -0.0619297 0 0 0
59 -0.575001 -1.69351 1.13699 0 0 0
60 0 -4.97524 -0.469841 0 0 0
61 0.694227 -1.89081 0.409988 -0.785398 0 0
time 51
0 4.40254 -0.765094 -3.0277 -0.827033 0.693143 -1.04017
1 6.02794 0 0 0.222958 0.351376 -0.504399
2 11.7344 0 0 -0.00140281 0 -1.21496
3 8.81138 -0.000450134 -0.000112057 -2.11783 0 0.000157394
4 5.77839 0.000286102 0 -1.41895 0 0
5 2.23163 -0.000329971 -0.000364304 -0.698885 0 0
6 11.4725 0 0 -2.09914 0.207052 0.253778
7 0.615218 -0.993089 -0.8107 3.13843 0.250791 -0.497809
8 2.24752 0 0 0.0876464 0.0747425 0.0979191
9 1.11935 0 0 0.10922 0.0236221 0.177413
10 3.71348 -0.102641 0.102191 1.46942 0.773555 -0.173756
11 1.72615 0 0 0.0282563 -0.00392476 -1.54455
12 1.21114 0 0 -0.000153939 0.000329099 0.33414
13 3.59919 -1.06012 0.0708885 1.5195 0.284619 -0.269155
14 1.66069 0 0 -0.111391 0.0758239 -1.56569
15 1.167 0 0 -0.00198884 -0.00149693 0.182279
16 2.18853 0.50104 0.0576591 1.53255 0.232941 0.0649166
17 1.29609 0 0 0.015082 -0.0443406 -0.516749
18 1.62202 0.000713348 -0.000472069 0.0384954 -0.0112058 -1.72079
19 1.22241 0 0 0.00168802 -0.0236784 0.388832
20 1.76707 1.27612 0.0366421 1.49342 0.346301 0.0637747
21 1.55588 0 0 -0.0248723 -0.064598 -0.831289
22 1.24273 0 0 -0.000479301 0.000360527 -1.33483
23 0.784525 0 0 0.0161964 -0.00188069 0.403201
24 -2.4735 7.79394 -0.077753 -0.275371 0.252825 -2.41516
25 6.02794 0 0 0.62166 0.526797 0.135562
26 11.7344 0 0 0.00140275 0 2.01716
27 8.81167 0 0 0.668487 0 0
28 5.77884 0 0 0.447886 0 0
29 2.23249 0 0 0.220601 0 0
30 11.4725 0 0 0.950512 0.135104 -1.07658
31 0.615812 0.994373 -0.809165 2.77788 0.472288 0.107949
32 2.24752 0 0 -0.10444 -0.036817 0.189869
33 1.11936 0 0 0.0409434 0.17253 0.992367
34 3.71349 0.10264 0.102191 -1.64963 0.584186 -0.369879
35 1.72615 0 0 -0.018154 0.00311416 1.72396
36 1.21112 0 0 0.00667257 0.00800508 0.706752
37 3.5992 1.06012 0.0708885 -1.58383 -0.0108438 0.00177533
38 1.66069 0 0 0.0185101 0.0756372 0.46316
39 1.16699 0 0 0.0410849 0.0160212 0.836655
40 2.18853 -0.50104 0.0576591 -1.57144 -0.0521632 -0.199003
41 1.29609 0 0 0.0937335 0.100102 0.813135
42 1.62202 -0.000713348 -0.000470638 -0.021259 -0.00856306 1.65517
43 1.22241 0 0 0 0.00653318 0.655771
44 1.76707 -1.27612 0.0366411 -1.41856 -0.0419569 -0.220999
45 1.55588 0 0 -0.0176209 0.0420963 0.79085
46 1.24273 0 0 0.000478861 0.000360625 1.35859
47 0.784532 0 0 -0.00138834 0.00235238 0.814053
48 0 0 0 0 0 0
49 -4.32317 3.0576 -7.7487 1.20034 -1.55592 -1.20038
50 -4.29572 -19.5482 -4.02522 3.12187 -0.790688 -3.12765
51 -4.31742 3.0428 -6.68156 1.20034 -1.55592 -1.20038
52 -4.29106 -20.1379 -3.16 1.20034 -1.55592 -1.20038
53 -4.83244 -8.26894 -4.65958 0.0138694 0.00538643 0
54 0.533295 -3.57396 -0.116835 0 0 0
55 -0.439464 -5.01739 0.910444 0 0 0
56 0 -2.26997 1.22871 0.0206798 0 0
57 0 -5.92124 1.78377 0 0 0
58 0 -2.12202 -0.0619297 0 0 0
59 -0.575001 -1.69351 1.13699 0 0 0
60 0 -4.97524 -0.469841 0 0 0
61 0.694227 -1.89081 0.409987 -0.785398 0 0
time 52
0 4.40254 -0.765094 -3.0277 -0.827033 0.693143 -1.04017
1 6.02794 0 0 0.222044 0.351345 -0.506327
2 11.7344 0 0 -0.0014029 0 -1.2142
3 8.81138 -0.000452042 -0.000112534 -2.11695 0 0.000157307
4 5.77839 0.000284195 0 -1.41836 0 0
5 2.23163 -0.000329971 -0.000363827 -0.698593 0 0
6 11.4725 0 0 -2.09806 0.208335 0.255429
7 0.615219 -0.993091 -0.810699 3.13843 0.250791 -0.497809
8 2.24752 0 0 0.0876463 0.0747425 0.0979189
9 1.11936 0 0 0.10922 0.023622 0.177413
10 3.71348 -0.10264 0.102191 1.46942 0.773555 -0.173756
11 1.72615 0 0 0.0282564 -0.00392474 -1.54455
12 1.21114 0 0 -0.000153993 0.000329047 0.33414
13 3.59919 -1.06012 0.0708895 1.5195 0.284619 -0.269155
14 1.66069 0 0 -0.111391 0.0758236 -1.56569
15 1.167 0 0 -0.00198889 -0.00149681 0.182279
16 2.18853 0.50104 0.0576591 1.53255 0.232941 0.0649167
17 1.29609 0 0 0.0150819 -0.0443408 -0.516749
18 1.62202 0.000715256 -0.000470161 0.0384954 -0.0112058 -1.72079
19 1.22241 0 0 0.00168816 -0.0236783 0.388832
20 1.76707 1.27612 0.0366411 1.49342 0.346301 0.0637748
21 1.55588 0 0 -0.0248723 -0.0645981 -0.831289
22 1.24273 0 0 -0.000479181 0.00036047 -1.33483
23 0.784523 0 0 0.0161965 -0.00188068 0.403201
24 -2.4735 7.79394 -0.077753 -0.275371 0.252825 -2.41516
25 6.02794 0 0 0.624851 0.527585 0.136478
26 11.7344 0 0 0.00140266 0 2.01769
27 8.81167 0 0 0.668338 0 0
28 5.77884 0 0 0.447787 0 0
29 2.23249 0 0 0.220552 0 0
30 11.4725 0 0 0.949493 0.136723 -1.07692
31 0.615813 0.994372 -0.809165 2.77788 0.472288 0.107949
32 2.24752 0 0 -0.10444 -0.0368169 0.189869
33 1.11936 0 0 0.0409434 0.17253 0.992367
34 3.71349 0.102639 0.102191 -1.64963 0.584187 -0.369879
35 1.72615 0 0 -0.018154 0.00311415 1.72396
36 1.21112 0 0 0.00667261 0.00800506 0.706752
37 3.5992 1.06012 0.070888 -1.58383 -0.0108436 0.00177542
38 1.66069 0 0 0.0185101 0.0756372 0.46316
39 1.16699 0 0 0.041085 0.0160211 0.836655
40 2.18853 -0.50104 0.0576587 -1.57144 -0.052163 -0.199003
41 1.29609 0 0 0.0937336 0.100102 0.813136
42 1.62202 -0.000713348 -0.000468731 -0.0212592 -0.00856296 1.65517
43 1.22241 0 0 0 0.00653315 0.655771
44 1.76707 -1.27612 0.0366406 -1.41856 -0.0419568 -0.220998
45 1.55588 0 0 -0.0176209 0.0420963 0.79085
46 1.24273 0 0 0.000478842 0.000360601 1.35859
47 0.784532 0 0 -0.00138835 0.00235236 0.814052
48 0 0 0 0 0 0
49 -4.32931 3.05676 -7.73024 1.29672 -1.55664 -1.29675
50 -4.30763 -19.5481 -4.00117 3.12225 -0.789135 -3.12792
51 -4.32522 3.04222 -6.66309 1.29672 -1.55664 -1.29675
52 -4.30432 -20.1376 -3.13581 1.29672 -1.55664 -1.29675
53 -4.84337 -8.26903 -4.63913 0.013624 0.00383035 0
54 0.533295 -3.57396 -0.116835 0 0 0
55 -0.439463 -5.01739 0.910444 0 0 0
56 0 -2.26997 1.22871 0.0206797 0 0
57 0 -5.92124 1.78377 0 0 0
58 0 -2.12202 -0.0619297 0 0 0
59 -0.575 -1.69351 1.13699 0 0 0
60 0 -4.97524 -0.469841 0 0 0
61 0.694227 -1.89081 0.409987 -0.785398 0 0
time 53
0 4.40254 -0.765094 -3.0277 -0.827033 0.693143 -1.04017
1 6.02794 0 0 0.221152 0.351542 -0.508486
2 11.7344 0 0 -0.00140288 0 -1.21303
3 8.81138 -0.000450134 -0.00011158 -2.11587 0 0.000156782
4 5.77839 0.000286102 0 -1.41763 0 0
5 2.23164 -0.000329971 -0.000363827 -0.698237 0 0
6 11.4725 0 0 -2.09686 0.209205 0.256634
7 0.615219 -0.993092 -0.8107 3.13843 0.250791 -0.497809
8 2.24752 0 0 0.0876464 0.0747425 0.0979191
9 1.11936 0 0 0.10922 0.023622 0.177412
10 3.71348 -0.10264 0.102191 1.46942 0.773555 -0.173756
11 1.72615 0 0 0.0282565 -0.00392476 -1.54455
12 1.21113 0 0 -0.000154008 0.00032905 0.33414
13 3.59919 -1.06012 0.0708876 1.5195 0.284619 -0.269155
14 1.66069 0 0 -0.111391 0.0758237 -1.56569
15 1.167 0 0 -0.0019889 -0.00149681 0.182279
16 2.18853 0.50104 0.0576582 1.53255 0.232941 0.0649167
17 1.29609 0 0 0.0150818 -0.0443408 -0.516749
18 1.62202 0.000715256 -0.000470161 0.0384952 -0.0112057 -1.72079
19 1.22241 0 0 0.0016882 -0.0236782 0.388832
20 1.76707 1.27612 0.0366411 1.49342 0.346301 0.0637748
21 1.55588 0 0 -0.0248723 -0.064598 -0.831289
22 1.24273 0 0 -0.000479083 0.000360395 -1.33483
23 0.784523 0 0 0.0161964 -0.00188054 0.403202
24 -2.4735 7.79394 -0.077753 -0.275371 0.252825 -2.41516
25 6.02794 0 0 0.627798 0.528642 0.136947
26 11.7344 0 0 0.00140277 0 2.01816
27 8.81167 0 0 0.668313 0 0
28 5.77884 0 0 0.44777 0 0
29 2.23249 0 0 0.220543 0 0
30 11.4725 0 0 0.948245 0.138073 -1.07659
31 0.615813 0.994373 -0.809165 2.77788 0.472288 0.107949
32 2.24752 0 0 -0.10444 -0.036817 0.189869
33 1.11936 0 0 0.0409432 0.17253 0.992366
34 3.71349 0.102639 0.102191 -1.64963 0.584186 -0.369879
35 1.72615 0 0 -0.0181539 0.0031141 1.72396
36 1.21112 0 0 0.00667259 0.00800495 0.706752
37 3.5992 1.06012 0.0708885 -1.58383 -0.0108439 0.00177542
38 1.66069 0 0 0.01851 0.0756372 0.46316
39 1.16699 0 0 0.0410849 0.0160211 0.836655
40 2.18853 -0.501041 0.0576591 -1.57144 -0.0521632 -0.199003
41 1.29609 0 0 0.0937336 0.100102 0.813135
42 1.62202 -0.000713348 -0.000469685 -0.0212591 -0.00856296 1.65517
43 1.22241 0 0 0 0.00653316 0.655771
44 1.76707 -1.27612 0.0366406 -1.41856 -0.041957 -0.220998
45 1.55588 0 0 -0.0176209 0.0420963 0.79085
46 1.24273 0 0 0.000478943 0.000360635 1.35859
47 0.784532 0 0 -0.00138837 0.00235238 0.814052
48 0 0 0 0 0 0
49 -4.34046 3.05504 -7.72035 1.38057 -1.5575 -1.38058
50 -4.32366 -19.5477 -3.97839 3.12308 -0.787826 -3.12851
51 -4.33777 3.04111 -6.65319 1.38057 -1.5575 -1.38058
52 -4.32148 -20.1367 -3.11268 1.38057 -1.5575 -1.38058
53 -4.85857 -8.26898 -4.62347 0.0130547 0.00251367 0
54 0.533295 -3.57396 -0.116835 0 0 0
55 -0.439464 -5.01739 0.910445 0 0 0
56 0 -2.26997 1.22871 0.0206798 0 0
57 0 -5.92124 1.78377 0 0 0
58 0 -2.12203 -0.0619297 0 0 0
59 -0.575001 -1.69351 1.13699 0 0 0
60 0 -4.97524 -0.469841 0 0 0
61 0.694227 -1.89081 0.409987 -0.785398 0 0
time 54
0 4.40254 -0.765094 -3.0277 -0.827033 0.693143 -1.04017
1 6.02794 0 0 0.220178 0.351976 -0.511118
2 11.7344 0 0 -0.00140289 0 -1.21136
3 8.81138 -0.000448227 -0.000112057 -2.11464 0 0.00015684
4 5.77839 0.000286102 0 -1.41681 0 0
5 2.23163 -0.000328064 -0.000363827 -0.697831 0 0
6 11.4725 0 0 -2.09556 0.209701 0.257507
7 0.61522 -0.993092 -0.8107 3.13843 0.250791 -0.497809
8 2.24752 0 0 0.0876464 0.0747425 0.097919
9 1.11936 0 0 0.10922 0.0236221 0.177413
10 3.71348 -0.102642 0.102191 1.46942 0.773555 -0.173756
11 1.72615 0 0 0.0282565 -0.00392474 -1.54455
12 1.21114 0 0 -0.000154145 0.000329133 0.33414
13 3.59919 -1.06012 0.0708876 1.5195 0.284619 -0.269155
14 1.66069 0 0 -0.111391 0.0758236 -1.56569
15 1.167 0 0 -0.00198894 -0.00149675 0.182279
16 2.18852 0.501039 0.0576591 1.53255 0.232941 0.0649167
17 1.29609 0 0 0.0150819 -0.0443407 -0.516749
18 1.62202 0.000711441 -0.000471115 0.0384952 -0.0112055 -1.72079
19 1.22241 0 0 0.00168807 -0.0236783 0.388832
20 1.76707 1.27612 0.0366411 1.49342 0.346302 0.0637748
21 1.55588 0 0 -0.0248723 -0.0645981 -0.831289
22 1.24274 0 0 -0.000479218 0.000360517 -1.33483
23 0.784523 0 0 0.0161965 -0.00188074 0.403202
24 -2.4735 7.79394 -0.077753 -0.275371 0.252825 -2.41516
25 6.02794 0 0 0.631008 0.530065 0.137154
26 11.7344 0 0 0.00140272 0 2.01867
27 8.81167 0 0 0.668072 0 0
28 5.77884 0 0 0.447608 0 0
29 2.23249 0 0 0.220464 0 0
30 11.4725 0 0 0.946384 0.139387 -1.0758
31 0.615812 0.994373 -0.809166 2.77788 0.472288 0.107949
32 2.24752 0 0 -0.10444 -0.036817 0.189869
33 1.11936 0 0 0.0409434 0.17253 0.992367
34 3.71349 0.102639 0.10219 -1.64963 0.584186 -0.369879
35 1.72615 0 0 -0.018154 0.00311418 1.72396
36 1.21112 0 0 0.00667252 0.00800507 0.706751
37 3.5992 1.06012 0.070888 -1.58384 -0.0108438 0.00177534
38 1.66069 0 0 0.0185101 0.0756372 0.46316
39 1.16699 0 0 0.0410849 0.0160211 0.836654
40 2.18853 -0.50104 0.0576587 -1.57144 -0.0521631 -0.199003
41 1.29609 0 0 0.0937334 0.100102 0.813135
42 1.62202 -0.000714302 -0.000469685 -0.0212591 -0.00856308 1.65517
43 1.22241 0 0 0 0.00653317 0.655771
44 1.76707 -1.27612 0.0366402 -1.41856 -0.0419569 -0.220999
45 1.55588 0 0 -0.0176209 0.0420963 0.79085
46 1.24273 0 0 0.000478937 0.000360582 1.35859
47 0.784532 0 0 -0.0013884 0.0023524 0.814052
48 0 0 0 0 0 0
49 -4.35792 3.05243 -7.71578 1.45323 -1.55855 -1.45324
50 -4.34512 -19.547 -3.95362 3.12437 -0.78676 -3.12941
51 -4.35639 3.03945 -6.64861 1.45323 -1.55855 -1.45324
52 -4.34388 -20.1352 -3.08739 1.45323 -1.55855 -1.45324
53 -4.87936 -8.26883 -4.60936 0.0121614 0.00143638 0
54 0.533295 -3.57396 -0.116835 0 0 0
55 -0.439463 -5.01739 0.910445 0 0 0
56 0 -2.26997 1.22871 0.0206798 0 0
57 0 -5.92124 1.78377 0 0 0
58 0 -2.12202 -0.0619297 0 0 0
59 -0.575001 -1.69351 1.13699 0 0 0
60 0 -4.97524 -0.469841 0 0 0
61 0.694227 -1.89081 0.409987 -0.785398 0 0
time 55
0 4.40254 -0.765094 -3.0277 -0.827033 0.693143 -1.04017
1 6.02794 0 0 0.219122 0.352544 -0.514091
2 11.7344 0 0 -0.0014029 0 -1.20934
3 8.81138 -0.000450134 -0.00011301 -2.11329 0 0.000158089
4 5.77839 0.000286102 0 -1.41591 0 0.000100271
5 2.23163 -0.000329971 -0.000364304 -0.697387 0 0
6 11.4725 0 0 -2.0942 0.209904 0.258054
7 0.61522 -0.993092 -0.810699 3.13843 0.250791 -0.497809
8 2.24752 0 0 0.0876464 0.0747425 0.0979191
9 1.11936 0 0 0.10922 0.0236221 0.177412
10 3.71348 -0.102641 0.10219 1.46942 0.773555 -0.173756
11 1.72615 0 0 0.0282563 -0.0039247 -1.54455
12 1.21114 0 0 -0.000153986 0.000329046 0.33414
13 3.59919 -1.06012 0.0708885 1.5195 0.284619 -0.269155
14 1.66069 0 0 -0.111391 0.0758237 -1.56569
15 1.167 0 0 -0.00198894 -0.00149687 0.182279
16 2.18852 0.50104 0.0576591 1.53255 0.232941 0.0649167
17 1.29609 0 0 0.015082 -0.0443405 -0.516749
18 1.62202 0.000715256 -0.000471115 0.0384953 -0.0112056 -1.72079
19 1.22241 0 0 0.00168824 -0.0236784 0.388832
20 1.76707 1.27612 0.0366402 1.49342 0.346302 0.0637748
21 1.55588 0 0 -0.0248723 -0.0645981 -0.831289
22 1.24274 0 0 -0.000479107 0.000360376 -1.33483
23 0.784523 0 0 0.0161965 -0.00188065 0.403201
24 -2.4735 7.79394 -0.077753 -0.275371 0.252825 -2.41516
25 6.02794 0 0 0.634285 0.531699 0.137167
26 11.7344 0 0 0.00140271 0 2.01918
27 8.81167 0 0 0.667663 0 0
28 5.77884 0 0 0.447334 0 0
29 2.23249 0 0 0.220329 0 0
30 11.4725 0 0 0.944123 0.140539 -1.07463
31 0.615812 0.994372 -0.809165 2.77788 0.472288 0.107949
32 2.24752 0 0 -0.10444 -0.0368171 0.189869
33 1.11936 0 0 0.0409435 0.17253 0.992366
34 3.71349 0.10264 0.102191 -1.64963 0.584187 -0.369879
35 1.72615 0 0 -0.018154 0.00311413 1.72396
36 1.21112 0 0 0.00667253 0.00800504 0.706751
37 3.5992 1.06012 0.070889 -1.58383 -0.0108438 0.00177539
38 1.66069 0 0 0.01851 0.0756372 0.46316
39 1.16699 0 0 0.041085 0.0160212 0.836655
40 2.18853 -0.50104 0.0576596 -1.57144 -0.0521632 -0.199003
41 1.29609 0 0 0.0937335 0.100102 0.813135
42 1.62202 -0.000713348 -0.000468731 -0.0212592 -0.00856304 1.65517
43 1.22241 0 0 0 0.00653312 0.655771
44 1.76707 -1.27612 0.0366411 -1.41856 -0.0419568 -0.220999
45 1.55588 0 0 -0.0176209 0.0420962 0.79085
46 1.24273 0 0 0.000478846 0.00036054 1.35859
47 0.784531 0 0 -0.00138831 0.00235237 0.814053
48 0 0 0 0 0 0
49 -4.37935 3.04887 -7.71671 1.51616 -1.55984 -1.51617
50 -4.36969 -19.5459 -3.92704 3.12611 -0.785937 -3.13064
51 -4.37871 3.0372 -6.64953 1.51616 -1.55984 -1.51617
52 -4.36917 -20.1331 -3.06009 1.51616 -1.55984 -1.51617
53 -4.90339 -8.26859 -4.59695 0.0109443 0.000598492 0
54 0.533295 -3.57396 -0.116835 0 0 0
55 -0.439464 -5.01739 0.910444 0 0 0
56 0 -2.26997 1.22871 0.0206797 0 0
57 0 -5.92124 1.78377 0 0 0
58 0 -2.12203 -0.0619302 0 0 0
59 -0.575001 -1.69351 1.13699 0 0 0
60 0 -4.97524 -0.469841 0 0 0
61 0.694227 -1.89081 0.409988 -0.785398 0 0
time 56
0 4.40254 -0.765094 -3.0277 -0.827033 0.693143 -1.04017
1 6.02794 0 0 0.217987 0.35314 -0.517266
2 11.7344 0 0 -0.00140284 0 -1.20714
3 8.81138 -0.000448227 -0.00011301 -2.11187 0 0.000157922
4 5.77839 0.000286102 0 -1.41495 0 0.000100303
5 2.23163 -0.000328064 -0.000364304 -0.696918 0 0
6 11.4725 0 0 -2.09281 0.209893 0.258285
7 0.615219 -0.99309 -0.8107 3.13843 0.250791 -0.497809
8 2.24752 0 0 0.0876464 0.0747425 0.0979191
9 1.11936 0 0 0.10922 0.023622 0.177412
10 3.71348 -0.102641 0.102191 1.46942 0.773555 -0.173756
11 1.72615 0 0 0.0282566 -0.00392485 -1.54455
12 1.21114 0 0 -0.000154118 0.00032925 0.33414
13 3.59919 -1.06012 0.0708885 1.5195 0.284619 -0.269155
14 1.66069 0 0 -0.11139 0.0758235 -1.56569
15 1.167 0 0 -0.001989 -0.00149662 0.182279
16 2.18853 0.501042 0.0576591 1.53255 0.232941 0.0649167
17 1.29609 0 0 0.0150819 -0.0443406 -0.516749
18 1.62202 0.000713348 -0.000470161 0.0384954 -0.0112057 -1.72079
19 1.22241 0 0 0.00168817 -0.0236783 0.388832
20 1.76707 1.27612 0.0366402 1.49342 0.346301 0.0637748
21 1.55588 0 0 -0.0248723 -0.0645979 -0.831289
22 1.24274 0 0 -0.000479204 0.000360452 -1.33483
23 0.784523 0 0 0.0161965 -0.0018807 0.403201
24 -2.4735 7.79394 -0.077753 -0.275371 0.252825 -2.41516
25 6.02794 0 0 0.63743 0.533391 0.13705
26 11.7344 0 0 0.00140271 0 2.01967
27 8.81167 0 0 0.667137 0 0
28 5.77884 0 0 0.446982 0 0
29 2.23249 0 0 0.220155 0 0
30 11.4725 0 0 0.941676 0.141397 -1.07315
31 0.615813 0.994372 -0.809165 2.77788 0.472288 0.107949
32 2.24752 0 0 -0.10444 -0.0368171 0.189869
33 1.11936 0 0 0.0409433 0.17253 0.992367
34 3.71349 0.10264 0.102191 -1.64963 0.584186 -0.369879
35 1.72615 0 0 -0.0181539 0.00311417 1.72396
36 1.21112 0 0 0.00667254 0.00800512 0.706751
37 3.5992 1.06012 0.0708885 -1.58383 -0.0108439 0.00177525
38 1.66069 0 0 0.0185101 0.0756372 0.46316
39 1.16699 0 0 0.0410849 0.0160212 0.836655
40 2.18853 -0.501041 0.0576591 -1.57144 -0.0521632 -0.199003
41 1.29609 0 0 0.0937335 0.100102 0.813135
42 1.62202 -0.000714302 -0.000470161 -0.0212591 -0.00856316 1.65517
43 1.22241 0 0 0 0.0065332 0.655771
44 1.76707 -1.27612 0.0366411 -1.41856 -0.0419569 -0.220999
45 1.55588 0 0 -0.0176209 0.0420963 0.79085
46 1.24273 0 0 0.000478895 0.000360559 1.35859
47 0.784532 0 0 -0.00138835 0.00235243 0.814052
48 0 0 0 0 0 0
49 -4.40241 3.04433 -7.72331 1.57081 -1.56139 -1.57081
50 -4.39501 -19.5446 -3.89881 3.12829 -0.785354 -3.13219
51 -4.40241 3.0343 -6.6561 1.57081 -1.56139 -1.57081
52 -4.39501 -20.1304 -3.03096 1.57081 -1.56139 -1.57081
53 -4.92831 -8.26832 -4.58642 0.00940327 0 0
54 0.533295 -3.57396 -0.116835 0 0 0
55 -0.439464 -5.01739 0.910444 0 0 0
56 0 -2.26997 1.22871 0.0206798 0 0
57 0 -5.92124 1.78377 0 0 0
58 0 -2.12202 -0.0619297 0 0 0
59 -0.575001 -1.69351 1.13699 0 0 0
60 0 -4.97524 -0.469842 0 0 0
61 0.694227 -1.89081 0.409987 -0.785398 0 0
time 57
0 4.40254 -0.765094 -3.0277 -0.827033 0.693143 -1.04017
1 6.02794 0 0 0.216517 0.35355 -0.520949
2 11.7344 0 0 -0.00140285 0 -1.20476
3 8.81138 -0.000450134 -0.000112057 -2.11017 0 0.000156566
4 5.77839 0.000286102 0 -1.41381 0 0
5 2.23163 -0.000329971 -0.000364304 -0.696356 0 0
6 11.4725 0 0 -2.09124 0.20974 0.258023
7 0.61522 -0.993093 -0.810699 3.13843 0.250791 -0.497809
8 2.24752 0 0 0.0876463 0.0747425 0.0979188
9 1.11936 0 0 0.10922 0.023622 0.177413
10 3.71348 -0.102641 0.102191 1.46942 0.773555 -0.173756
11 1.72615 0 0 0.0282564 -0.00392487 -1.54455
12 1.21114 0 0 -0.000153853 0.000329024 0.33414
13 3.59919 -1.06012 0.0708885 1.5195 0.284619 -0.269155
14 1.66068 0 0 -0.111391 0.0758237 -1.56569
15 1.167 0 0 -0.00198887 -0.00149687 0.182279
16 2.18852 0.501038 0.0576591 1.53255 0.232941 0.0649166
17 1.29609 0 0 0.015082 -0.0443405 -0.516749
18 1.62202 0.000715256 -0.000470161 0.0384953 -0.0112056 -1.72079
19 1.22241 0 0 0.00168812 -0.0236785 0.388832
20 1.76707 1.27612 0.0366411 1.49342 0.346301 0.0637748
21 1.55588 0 0 -0.0248723 -0.064598 -0.831289
22 1.24274 0 0 -0.000479157 0.000360489 -1.33483
23 0.784523 0 0 0.0161965 -0.00188062 0.403201
24 -2.4735 7.79394 -0.077753 -0.275371 0.252825 -2.41516
25 6.02794 0 0 0.640222 0.534988 0.136851
26 11.7344 0 0 0.00140266 0 2.02013
27 8.81167 0 0 0.66646 0 0
28 5.77884 0 0 0.446529 0 0
29 2.23249 0 0 0.219932 0 0
30 11.4725 0 0 0.939156 0.141421 -1.07107
31 0.615812 0.994372 -0.809166 2.77788 0.472288 0.107949
32 2.24752 0 0 -0.10444 -0.0368171 0.189869
33 1.11936 0 0 0.0409435 0.17253 0.992367
34 3.71349 0.102639 0.102191 -1.64963 0.584187 -0.369879
35 1.72615 0 0 -0.0181539 0.00311414 1.72396
36 1.21112 0 0 0.00667257 0.00800506 0.706752
37 3.5992 1.06012 0.070888 -1.58383 -0.0108437 0.00177549
38 1.66069 0 0 0.01851 0.0756372 0.46316
39 1.16699 0 0 0.0410849 0.0160212 0.836655
40 2.18853 -0.50104 0.0576587 -1.57144 -0.052163 -0.199003
41 1.29609 0 0 0.0937335 0.100102 0.813135
42 1.62202 -0.000713348 -0.000469208 -0.0212591 -0.00856294 1.65517
43 1.22241 0 0 0 0.0065332 0.655771
44 1.76707 -1.27612 0.0366406 -1.41856 -0.0419569 -0.220998
45 1.55588 0 0 -0.0176209 0.0420963 0.79085
46 1.24273 0 0 0.000478891 0.000360562 1.35859
47 0.784532 0 0 -0.00138842 0.00235241 0.814052
48 0 0 0 0 0 0
49 -4.42502 3.03696 -7.74213 1.60938 -1.56381 -1.60938
50 -4.41867 -19.5426 -3.86282 3.13173 -0.785104 -3.13462
51 -4.42531 3.02952 -6.67491 1.60938 -1.56381 -1.60938
52 -4.41891 -20.1263 -2.99355 1.60938 -1.56381 -1.60938
53 -4.95177 -8.26804 -4.57794 0.00697607 -0.000269321 0
54 0.533295 -3.57396 -0.116835 0 0 0
55 -0.439463 -5.01739 0.910445 0 0 0
56 0 -2.26997 1.22871 0.0206798 0 0
57 0 -5.92124 1.78377 0 0 0
58 0 -2.12202 -0.0619292 0 0 0
59 -0.575001 -1.69351 1.13699 0 0 0
60 0 -4.97525 -0.469841 0 0 0
61 0.694227 -1.89081 0.409987 -0.785398 0 0
time 58
0 4.40254 -0.765094 -3.0277 -0.827033 0.693143 -1.04017
1 6.02794 0 0 0.214807 0.353702 -0.524851
2 11.7344 0 0 -0.00140288 0 -1.20242
3 8.81138 -0.000450134 -0.00011301 -2.10831 0 0.000157858
4 5.77839 0.000286102 0 -1.41257 0 0.000100013
5 2.23163 -0.000329971 -0.00036478 -0.695742 0 0
6 11.4725 0 0 -2.08958 0.209526 0.257343
7 0.615219 -0.993092 -0.810699 3.13843 0.250791 -0.497809
8 2.24752 0 0 0.0876463 0.0747425 0.097919
9 1.11936 0 0 0.10922 0.023622 0.177413
10 3.71348 -0.102641 0.102192 1.46942 0.773555 -0.173756
11 1.72615 0 0 0.0282565 -0.003925 -1.54455
12 1.21113 0 0 -0.000154051 0.000329239 0.33414
13 3.59919 -1.06012 0.0708885 1.5195 0.284619 -0.269155
14 1.66069 0 0 -0.11139 0.0758234 -1.56569
15 1.167 0 0 -0.00198899 -0.00149668 0.182279
16 2.18852 0.50104 0.0576591 1.53255 0.232941 0.0649167
17 1.29609 0 0 0.0150819 -0.0443406 -0.516749
18 1.62202 0.000711441 -0.000471115 0.0384955 -0.0112057 -1.72079
19 1.22241 0 0 0.00168801 -0.0236783 0.388832
20 1.76707 1.27612 0.0366411 1.49342 0.346302 0.0637748
21 1.55588 0 0 -0.0248723 -0.0645981 -0.831289
22 1.24273 0 0 -0.000479194 0.000360535 -1.33483
23 0.784525 0 0 0.0161964 -0.00188072 0.403201
24 -2.4735 7.79394 -0.077753 -0.275371 0.252825 -2.41516
25 6.02794 0 0 0.642451 0.536332 0.136621
26 11.7344 0 0 0.00140264 0 2.02052
27 8.81167 0 0 0.665714 0 0
28 5.77884 0 0 0.446029 0 0
29 2.23249 0 0 0.219686 0 0
30 11.4725 0 0 0.936819 0.140612 -1.06859
31 0.615813 0.994372 -0.809165 2.77788 0.472288 0.107949
32 2.24752 0 0 -0.10444 -0.0368171 0.189869
33 1.11936 0 0 0.0409434 0.17253 0.992367
34 3.71349 0.102639 0.10219 -1.64963 0.584186 -0.369879
35 1.72615 0 0 -0.018154 0.00311412 1.72396
36 1.21112 0 0 0.00667254 0.00800508 0.706752
37 3.5992 1.06012 0.0708885 -1.58384 -0.0108438 0.00177532
38 1.66069 0 0 0.0185101 0.0756372 0.46316
39 1.16699 0 0 0.0410849 0.0160212 0.836655
40 2.18853 -0.50104 0.0576596 -1.57144 -0.0521631 -0.199003
41 1.29609 0 0 0.0937336 0.100102 0.813135
42 1.62202 -0.000713348 -0.000470161 -0.0212592 -0.00856289 1.65517
43 1.22241 0 0 0 0.00653316 0.655771
44 1.76707 -1.27612 0.0366406 -1.41856 -0.041957 -0.220999
45 1.55588 0 0 -0.017621 0.0420963 0.79085
46 1.24273 0 0 0.000478888 0.00036066 1.35859
47 0.784531 0 0 -0.00138836 0.00235227 0.814053
48 0 0 0 0 0 0
49 -4.44478 3.02726 -7.7712 1.63289 -1.56694 -1.63289
50 -4.43833 -19.5401 -3.82132 3.13615 -0.785151 -3.13774
51 -4.44503 3.02315 -6.70396 1.63289 -1.56694 -1.63289
52 -4.43854 -20.1211 -2.95023 1.63289 -1.56694 -1.63289
53 -4.97144 -8.26779 -4.57167 0.00385014 -0.000239397 0
54 0.533294 -3.57396 -0.116835 0 0 0
55 -0.439463 -5.01739 0.910444 0 0 0
56 0 -2.26997 1.22871 0.0206798 0 0
57 0 -5.92124 1.78377 0 0 0
58 0 -2.12203 -0.0619297 0 0 0
59 -0.575001 -1.69351 1.13699 0 0 0
60 0 -4.97525 -0.469842 0 0 0
61 0.694227 -1.89081 0.409987 -0.785398 0 0
time 59
0 4.40254 -0.765094 -3.0277 -0.827033 0.693143 -1.04017
1 6.02794 0 0 0.213394 0.353708 -0.527945
2 11.7344 0 0 -0.00140275 0 -1.20065
3 8.81138 -0.000448227 -0.00011158 -2.10681 0 0.000158028
4 5.77839 0.00028801 0 -1.41156 0 0
5 2.23163 -0.000329971 -0.000363827 -0.695248 0 0
6 11.4725 0 0 -2.08827 0.209335 0.256645
7 0.61522 -0.993091 -0.810699 3.13843 0.250791 -0.497809
8 2.24752 0 0 0.0876463 0.0747425 0.097919
9 1.11936 0 0 0.10922 0.023622 0.177412
10 3.71348 -0.10264 0.10219 1.46942 0.773555 -0.173756
11 1.72615 0 0 0.0282564 -0.00392489 -1.54455
12 1.21114 0 0 -0.000154059 0.000329058 0.33414
13 3.59919 -1.06012 0.0708876 1.5195 0.284619 -0.269155
14 1.66069 0 0 -0.111391 0.0758237 -1.56569
15 1.167 0 0 -0.00198878 -0.00149688 0.182279
16 2.18853 0.501039 0.0576591 1.53255 0.232941 0.0649166
17 1.29609 0 0 0.0150819 -0.0443406 -0.516749
18 1.62202 0.000715256 -0.000470161 0.0384952 -0.0112057 -1.72079
19 1.22241 0 0 0.00168829 -0.0236782 0.388832
20 1.76707 1.27612 0.0366402 1.49342 0.346301 0.0637748
21 1.55588 0 0 -0.0248722 -0.064598 -0.831289
22 1.24273 0 0 -0.000479154 0.00036034 -1.33483
23 0.784525 0 0 0.0161965 -0.00188055 0.403202
24 -2.4735 7.79394 -0.077753 -0.275371 0.252825 -2.41516
25 6.02794 0 0 0.643928 0.537259 0.136433
26 11.7344 0 0 0.00140264 0 2.0208
27 8.81167 0 0 0.665111 0 0
28 5.77884 0 0 0.445624 0 0
29 2.23249 0 0 0.219487 0 0
30 11.4725 0 0 0.935099 0.13964 -1.0665
31 0.615813 0.994373 -0.809166 2.77788 0.472288 0.107949
32 2.24752 0 0 -0.10444 -0.0368171 0.189869
33 1.11936 0 0 0.0409434 0.17253 0.992367
34 3.71349 0.102639 0.10219 -1.64963 0.584187 -0.369879
35 1.72615 0 0 -0.018154 0.0031141 1.72396
36 1.21112 0 0 0.00667258 0.00800507 0.706752
37 3.5992 1.06012 0.070888 -1.58383 -0.0108437 0.0017754
38 1.66069 0 0 0.0185101 0.0756372 0.46316
39 1.16699 0 0 0.0410849 0.0160212 0.836655
40 2.18853 -0.50104 0.0576587 -1.57144 -0.0521631 -0.199003
41 1.29609 0 0 0.0937335 0.100102 0.813135
42 1.62202 -0.000713348 -0.000470161 -0.0212591 -0.00856308 1.65517
43 1.22241 0 0 0 0.00653309 0.655771
44 1.76707 -1.27612 0.0366402 -1.41856 -0.0419569 -0.220999
45 1.55588 0 0 -0.017621 0.0420962 0.79085
46 1.24273 0 0 0.000478877 0.000360573 1.35859
47 0.784533 0 0 -0.00138831 0.00235237 0.814053
48 0 0 0 0 0 0
49 -4.45878 3.01876 -7.79788 1.6487 -1.56964 -1.6487
50 -4.45174 -19.5378 -3.78708 3.13997 -0.785307 -3.14044
51 -4.45887 3.01753 -6.73063 1.6487 -1.56964 -1.6487
52 -4.45182 -20.1165 -2.91443 1.6487 -1.56964 -1.6487
53 -4.98497 -8.26762 -4.56778 0.00114995 0 0
54 0.533295 -3.57396 -0.116835 0 0 0
55 -0.439463 -5.01739 0.910445 0 0 0
56 0 -2.26997 1.22871 0.0206798 0 0
57 0 -5.92124 1.78377 0 0 0
58 0 -2.12202 -0.0619287 0 0 0
59 -0.575001 -1.69351 1.13699 0 0 0
60 0 -4.97524 -0.469841 0 0 0
61 0.694227 -1.89081 0.409988 -0.785398 0 0
time 60
0 4.40254 -0.765094 -3.0277 -0.827033 0.693143 -1.04017
1 6.02794 0 0 0.212733 0.353726 -0.529409
2 11.7344 0 0 -0.0014028 0 -1.19955
3 8.81138 -0.000450134 -0.000113487 -2.10616 0 0.000157554
4 5.77839 0.000286102 0 -1.41113 0 0
5 2.23163 -0.000329971 -0.000363827 -0.695034 0 0
6 11.4725 0 0 -2.08774 0.209253 0.256119
7 0.61522 -0.993093 -0.8107 3.13843 0.250791 -0.497809
8 2.24752 0 0 0.0876464 0.0747425 0.0979189
9 1.11936 0 0 0.10922 0.0236221 0.177412
10 3.71348 -0.102643 0.102192 1.46942 0.773555 -0.173756
11 1.72615 0 0 0.0282565 -0.00392489 -1.54455
12 1.21114 0 0 -0.000153971 0.000329044 0.33414
13 3.59919 -1.06012 0.0708876 1.5195 0.284619 -0.269155
14 1.66069 0 0 -0.111391 0.0758236 -1.56569
15 1.167 0 0 -0.00198886 -0.00149681 0.182279
16 2.18853 0.501039 0.0576591 1.53255 0.232941 0.0649166
17 1.29609 0 0 0.0150818 -0.0443406 -0.516749
18 1.62202 0.000711441 -0.000471115 0.0384954 -0.0112058 -1.72079
19 1.22241 0 0 0.00168806 -0.0236783 0.388832
20 1.76707 1.27612 0.0366411 1.49342 0.346301 0.0637748
21 1.55588 0 0 -0.0248723 -0.0645981 -0.831289
22 1.24273 0 0 -0.000479167 0.000360405 -1.33483
23 0.784525 0 0 0.0161965 -0.00188062 0.403201
24 -2.4735 7.79394 -0.077753 -0.275371 0.252825 -2.41516
25 6.02794 0 0 0.644464 0.537604 0.136356
26 11.7344 0 0 0.00140264 0 2.02091
27 8.81167 0 0 0.664861 0 0
28 5.77884 0 0 0.445457 0 0
29 2.23249 0 0 0.219404 0 0
30 11.4725 0 0 0.934427 0.13917 -1.06562
31 0.615813 0.994372 -0.809165 2.77788 0.472288 0.107949
32 2.24752 0 0 -0.10444 -0.036817 0.189869
33 1.11936 0 0 0.0409435 0.17253 0.992367
34 3.71349 0.102639 0.10219 -1.64963 0.584186 -0.369879
35 1.72615 0 0 -0.018154 0.0031142 1.72396
36 1.21112 0 0 0.00667255 0.00800498 0.706751
37 3.5992 1.06012 0.070888 -1.58383 -0.0108439 0.00177542
38 1.66069 0 0 0.01851 0.0756372 0.46316
39 1.16699 0 0 0.041085 0.0160212 0.836655
40 2.18853 -0.50104 0.0576591 -1.57144 -0.0521632 -0.199003
41 1.29609 0 0 0.0937335 0.100102 0.813135
42 1.62202 -0.000713348 -0.000469208 -0.0212591 -0.00856306 1.65517
43 1.22241 0 0 0 0.00653318 0.655771
44 1.76707 -1.27612 0.0366402 -1.41856 -0.0419569 -0.220999
45 1.55588 0 0 -0.0176209 0.0420963 0.79085
46 1.24273 0 0 0.000478887 0.000360623 1.35859
47 0.784532 0 0 -0.00138838 0.00235245 0.814053
48 0 0 0 0 0 0
49 -4.4641 3.0151 -7.80957 0 -1.5708 0
50 -4.4567 -19.5369 -3.77284 3.14159 -0.785398 3.14159
51 -4.4641 3.0151 -6.74232 0 -1.5708 0
52 -4.4567 -20.1145 -2.89952 0 -1.5708 0
53 -4.98999 -8.26755 -4.56645 0 0 0
54 0.533295 -3.57396 -0.116835 0 0 0
55 -0.439464 -5.01739 0.910444 0 0 0
56 0 -2.26997 1.22871 0.0206798 0 0
57 0 -5.92124 1.78377 0 0 0
58 0 -2.12202 -0.0619297 0 0 0
59 -0.575001 -1.69351 1.13699 0 0 0
60 0 -4.97524 -0.469841 0 0 0
61 0.694227 -1.89081 0.409987 -0.785398 0 0
end
