//Sequence File generated by the Wall Worm SMD Exporter PRO 1.99
//www.wallworm.com
version 1
nodes
0 "b_l_clav" -1
1 "b_l_upperarm" 0
2 "b_l_forearm" 1
3 "b_l_twist3" 2
4 "b_l_twist2" 2
5 "b_l_twist1" 2
6 "b_l_hand" 2
7 "b_l_thumb001" 6
8 "b_l_thumb002" 7
9 "b_l_thumb003" 8
10 "b_l_middle001" 6
11 "b_l_middle002" 10
12 "b_l_middle003" 11
13 "b_l_index001" 6
14 "b_l_index002" 13
15 "b_l_index003" 14
16 "b_l_hand_ringsqueezer" 6
17 "b_l_ring001" 16
18 "b_l_ring002" 17
19 "b_l_ring003" 18
20 "b_l_hand_pinkysqueezer" 6
21 "b_l_pinky001" 20
22 "b_l_pinky002" 21
23 "b_l_pinky003" 22
24 "b_r_clav" -1
25 "b_r_upperarm" 24
26 "b_r_forearm" 25
27 "b_r_twist3" 26
28 "b_r_twist2" 26
29 "b_r_twist1" 26
30 "b_r_hand" 26
31 "b_r_thumb001" 30
32 "b_r_thumb002" 31
33 "b_r_thumb003" 32
34 "b_r_middle001" 30
35 "b_r_middle002" 34
36 "b_r_middle003" 35
37 "b_r_index001" 30
38 "b_r_index002" 37
39 "b_r_index003" 38
40 "b_r_hand_ringsqueezer" 30
41 "b_r_ring001" 40
42 "b_r_ring002" 41
43 "b_r_ring003" 42
44 "b_r_hand_pinkysqueezer" 30
45 "b_r_pinky001" 44
46 "b_r_pinky002" 45
47 "b_r_pinky003" 46
48 "b_zero" -1
49 "d_wepinbone" -1
50 "glock_materials" -1
end
skeleton
time 0
0 1.938 -1.56582 -7.2488 0 0 -0.814469
1 6.02794 0 0 0.298439 0.849151 0.677627
2 11.7344 0 0 -0.00140287 0 -1.97031
3 8.81138 -0.000450134 -0.00011158 0.454459 0 0.000158259
4 5.77839 0.000284195 0 0.304487 0 0.000108414
5 2.23163 -0.000329971 -0.000364304 0.149971 0 0
6 11.4725 0 0 0.358642 -0.461422 0.150946
7 0.61522 -0.993092 -0.8107 -3.07512 0.456349 -0.366698
8 2.24752 0 0 0.0761408 0.139583 -0.235958
9 1.11936 0 0 0.0153937 0.0741661 -0.756791
10 3.71348 -0.10264 0.10219 1.43507 1.16447 -0.0999773
11 1.72615 0 0 0.00961798 -0.000943757 -1.58463
12 1.21113 0 0 -0.003547 0.0172759 -0.799967
13 3.59919 -1.06012 0.0708876 1.65414 0.797101 0.0958535
14 1.66068 0 0 -0.0724041 0.00725713 -1.5233
15 1.167 0 0 -0.0161866 0.00587229 -0.791292
16 2.18852 0.501038 0.0576582 1.57726 0.0540864 0.0878314
17 1.29609 0 0 0.0386935 -0.0263927 -1.16124
18 1.62202 0.000714302 -0.000471115 -0.000529801 0.000262099 -1.54451
19 1.22241 0 0 -0.0334012 0.020241 -0.847976
20 1.76707 1.27612 0.0366411 1.57618 0.0980091 0.0532785
21 1.55588 0 0 -0.00090105 -0.0109828 -1.10911
22 1.24274 0 0 -0.000477967 -0.000362091 -1.32767
23 0.784523 0 0 0.00567604 -0.0104397 -0.609926
24 -1.93761 -1.56582 -7.2488 -0.000932534 0 -2.53187
25 6.02794 0 0 1.12586 1.06802 0.75998
26 11.7344 0 0 0.00140268 0 1.98542
27 8.81167 0 0 1.10688 0 0
28 5.77884 0 0 0.741612 0 0
29 2.23249 0 0 0.365272 0 0
30 11.4725 0 0 1.2127 -0.397049 -0.675679
31 0.615812 0.994372 -0.809165 -2.98312 0.433716 0.415061
32 2.24752 0 0 -0.296537 0.247332 0.30382
33 1.11936 0 0 -0.185004 0.243098 0.410904
34 3.71349 0.102638 0.102191 -1.39537 0.673019 0.0822148
35 1.72615 0 0 -0.0245059 0.00557807 1.61267
36 1.21112 0 0 0.00692684 0.0162191 1.00111
37 3.5992 1.06012 0.0708885 -1.55931 0.30305 -0.0278893
38 1.66069 0 0 0.0731529 0.0266993 1.44437
39 1.16699 0 0 -0.0287405 -0.00503587 1.03396
40 2.18853 -0.501041 0.0576591 -1.57862 -0.051578 -0.0608243
41 1.29609 0 0 0.0769097 -0.088845 0.691458
42 1.62202 -0.000711441 -0.000469923 -0.0221151 -0.00993775 1.58157
43 1.2224 0 0 0.00232343 0.00603783 1.0601
44 1.76707 -1.27612 0.0366402 -1.57709 -0.0287248 -0.0202616
45 1.55587 0 0 0.16606 -0.105065 0.755348
46 1.24273 0 0 0.000529154 -0.0856545 1.17607
47 0.784533 0 0 -0.00582039 0.00111558 1.06202
48 0 0 0 0 0 0
49 -0.301824 -20.0524 -10.3557 0.0178552 -0.966479 0.100852
50 -0.49446 -2.33627 -0.838784 0 0 0
time 1
0 1.938 -1.56637 -7.2488 0 0 -0.814469
1 6.02794 0 0 0.296611 0.849901 0.679015
2 11.7344 0 0 -0.00140278 0 -1.96768
3 8.81138 -0.000450134 -0.00011158 0.454745 0 0.000156584
4 5.77839 0.00028801 0 0.304679 0 0.000107168
5 2.23163 -0.000328064 -0.000364304 0.150066 0 0
6 11.4725 0 0 0.36024 -0.458333 0.149898
7 0.615219 -0.99309 -0.8107 -3.07512 0.456349 -0.366698
8 2.24752 0 0 0.0761407 0.139583 -0.235958
9 1.11936 0 0 0.0153937 0.0741661 -0.756792
10 3.71348 -0.10264 0.102191 1.43541 1.16342 -0.0996045
11 1.72615 0 0 0.0096306 -0.000993754 -1.57986
12 1.21114 0 0 -0.0034646 0.0172926 -0.795194
13 3.59919 -1.06012 0.0708885 1.65404 0.796039 0.0957185
14 1.66068 0 0 -0.0723042 0.00761454 -1.51854
15 1.167 0 0 -0.016173 0.00596583 -0.786521
16 2.18853 0.501041 0.0576591 1.57726 0.0537111 0.0878298
17 1.29609 0 0 0.038665 -0.0264337 -1.16017
18 1.62202 0.000714302 -0.000469208 -0.000497047 0.000242125 -1.53974
19 1.22241 0 0 -0.0332256 0.0203262 -0.843202
20 1.76707 1.27612 0.0366402 1.57618 0.0976337 0.0532779
21 1.55588 0 0 -0.000914453 -0.0109808 -1.10805
22 1.24273 0 0 -0.000479886 -0.000359884 -1.32289
23 0.784522 0 0 0.00563214 -0.0104303 -0.605154
24 -1.79382 -1.51561 -7.2488 -0.000932534 0 -2.53187
25 6.02794 0 0 1.10228 1.06097 0.730392
26 11.7344 0 0 0.00140265 0 1.97699
27 8.81167 0 0 1.133 0 0
28 5.77884 0 0 0.759108 0 0
29 2.23249 0 0 0.373889 0 0
30 11.4725 0 0 1.23191 -0.388264 -0.675473
31 0.61581 0.994372 -0.809164 -2.98312 0.433715 0.415062
32 2.24752 0 0 -0.296537 0.247332 0.30382
33 1.11936 0 0 -0.185004 0.243098 0.410905
34 3.71348 0.102639 0.102191 -1.39537 0.673019 0.0822149
35 1.72615 0 0 -0.0245058 0.00557811 1.61267
36 1.21112 0 0 0.00692696 0.0162191 1.00111
37 3.5992 1.06012 0.0708885 -1.55931 0.30305 -0.0278894
38 1.66069 0 0 0.0731529 0.0266993 1.44437
39 1.16699 0 0 -0.0287404 -0.00503586 1.03396
40 2.18853 -0.50104 0.0576591 -1.57862 -0.0515781 -0.0608243
41 1.29609 0 0 0.0769097 -0.088845 0.691458
42 1.62202 -0.000713348 -0.0004704 -0.0221151 -0.00993774 1.58157
43 1.2224 0 0 0.0023232 0.00603779 1.0601
44 1.76707 -1.27612 0.0366411 -1.57709 -0.0287248 -0.0202617
45 1.55587 0 0 0.16606 -0.105065 0.755348
46 1.24273 0 0 0.000529072 -0.0856545 1.17607
47 0.784531 0 0 -0.00582037 0.00111561 1.06202
48 0 0 0 0 0 0
49 -0.268717 -20.0912 -10.3902 0.0199686 -0.968798 0.100917
50 -0.49446 -2.33627 -0.838784 0 0 0
time 2
0 1.93803 -1.56798 -7.2488 0 0 -0.814469
1 6.02794 0 0 0.293559 0.849809 0.681001
2 11.7344 0 0 -0.00140272 0 -1.96242
3 8.81138 -0.000450134 -0.000110626 0.454599 0 0.000156731
4 5.77839 0.000286102 0 0.304581 0 0.000107302
5 2.23163 -0.000329971 -0.00036335 0.150017 0 0
6 11.4725 0 0 0.361988 -0.453745 0.148477
7 0.615219 -0.99309 -0.810699 -3.07512 0.456349 -0.366698
8 2.24752 0 0 0.0761408 0.139583 -0.235958
9 1.11936 0 0 0.0153936 0.0741661 -0.756791
10 3.71348 -0.10264 0.102191 1.43637 1.16042 -0.0985617
11 1.72615 0 0 0.00966265 -0.00113435 -1.56633
12 1.21114 0 0 -0.00323028 0.0173381 -0.781666
13 3.59919 -1.06012 0.0708885 1.65377 0.793025 0.0953375
14 1.66069 0 0 -0.0720116 0.00862531 -1.50506
15 1.167 0 0 -0.0161286 0.00622855 -0.772996
16 2.18852 0.50104 0.0576601 1.57726 0.0526467 0.0878251
17 1.29609 0 0 0.0385851 -0.0265505 -1.15715
18 1.62202 0.000714302 -0.000471115 -0.000407421 0.000188505 -1.52621
19 1.22241 0 0 -0.0327307 0.0205693 -0.829672
20 1.76707 1.27612 0.036643 1.57618 0.0965693 0.0532756
21 1.55588 0 0 -0.000951331 -0.0109754 -1.10502
22 1.24273 0 0 -0.000484615 -0.00035299 -1.30937
23 0.784522 0 0 0.00550624 -0.0104044 -0.591628
24 -1.39355 -1.37331 -7.2488 -0.000932534 0 -2.53187
25 6.02794 0 0 1.03723 1.03903 0.648647
26 11.7344 0 0 0.00140267 0 1.9568
27 8.81167 0 0 1.20288 0 0
28 5.77884 0 0 0.805933 0 0
29 2.23249 0 0 0.396952 0 0
30 11.4725 0 0 1.28424 -0.364144 -0.67614
31 0.615813 0.994373 -0.809165 -2.98312 0.433715 0.415061
32 2.24752 0 0 -0.296537 0.247332 0.30382
33 1.11936 0 0 -0.185004 0.243099 0.410904
34 3.71348 0.102639 0.102191 -1.39537 0.673019 0.0822147
35 1.72615 0 0 -0.0245059 0.00557816 1.61267
36 1.21112 0 0 0.00692695 0.0162191 1.00111
37 3.5992 1.06012 0.0708885 -1.55931 0.30305 -0.0278895
38 1.66069 0 0 0.0731529 0.0266993 1.44437
39 1.16699 0 0 -0.0287404 -0.00503609 1.03396
40 2.18853 -0.50104 0.0576591 -1.57862 -0.0515781 -0.0608245
41 1.29609 0 0 0.0769098 -0.088845 0.691458
42 1.62202 -0.000713348 -0.0004704 -0.022115 -0.00993774 1.58157
43 1.2224 0 0 0.00232319 0.00603777 1.0601
44 1.76707 -1.27612 0.0366421 -1.57709 -0.0287249 -0.0202618
45 1.55588 0 0 0.16606 -0.105065 0.755348
46 1.24273 0 0 0.000529083 -0.0856545 1.17607
47 0.784531 0 0 -0.00582023 0.00111561 1.06202
48 0 0 0 0 0 0
49 -0.202503 -20.1686 -10.4592 0.0241956 -0.973434 0.101048
50 -0.49446 -2.33627 -0.838784 0 0 0
time 3
0 1.93812 -1.5706 -7.2488 0 0 -0.814469
1 6.02794 0 0 0.293143 0.845195 0.680493
2 11.7344 0 0 -0.00140279 0 -1.95857
3 8.81138 -0.000452042 -0.00011158 0.452248 0 0.000157949
4 5.77839 0.000286102 0 0.303006 0 0.000108107
5 2.23163 -0.000331879 -0.000364304 0.149242 0 0
6 11.4725 0 0 0.359109 -0.454714 0.149278
7 0.615219 -0.993093 -0.810699 -3.07512 0.456349 -0.366698
8 2.24752 0 0 0.0761407 0.139583 -0.235958
9 1.11936 0 0 0.0153937 0.0741661 -0.756792
10 3.71348 -0.102642 0.102191 1.43782 1.15575 -0.0969658
11 1.72615 0 0 0.00970201 -0.00135321 -1.54523
12 1.21114 0 0 -0.00286368 0.0174022 -0.760566
13 3.59919 -1.06012 0.0708876 1.65336 0.788325 0.0947515
14 1.66068 0 0 -0.0715279 0.0101935 -1.48402
15 1.167 0 0 -0.0160434 0.0066307 -0.7519
16 2.18853 0.501038 0.0576582 1.57726 0.050987 0.0878176
17 1.29609 0 0 0.0384597 -0.0267324 -1.15243
18 1.62202 0.000712395 -0.000471115 -0.000281005 0.00011143 -1.50511
19 1.22241 0 0 -0.0319669 0.0209509 -0.80857
20 1.76707 1.27612 0.0366421 1.57618 0.0949096 0.0532714
21 1.55587 0 0 -0.00100883 -0.0109669 -1.1003
22 1.24274 0 0 -0.000491962 -0.000342848 -1.28827
23 0.784522 0 0 0.0053063 -0.0103688 -0.570531
24 -0.78343 -1.15137 -7.2488 -0.000932534 0 -2.53187
25 6.02794 0 0 0.941471 0.99929 0.528151
26 11.7344 0 0 0.00140267 0 1.93153
27 8.81167 0 0 1.30551 0 0
28 5.77884 0 0 0.874689 0 0
29 2.23249 0 0 0.430817 0 0
30 11.4725 0 0 1.36254 -0.328431 -0.677792
31 0.615813 0.994372 -0.809165 -2.98312 0.433715 0.415062
32 2.24752 0 0 -0.296537 0.247332 0.30382
33 1.11936 0 0 -0.185004 0.243098 0.410904
34 3.71349 0.102639 0.102192 -1.39537 0.673019 0.082215
35 1.72615 0 0 -0.0245058 0.00557801 1.61267
36 1.21112 0 0 0.00692705 0.0162191 1.00111
37 3.5992 1.06012 0.0708885 -1.55931 0.30305 -0.0278891
38 1.66069 0 0 0.073153 0.0266993 1.44437
39 1.16699 0 0 -0.0287404 -0.00503599 1.03396
40 2.18853 -0.501039 0.0576591 -1.57862 -0.051578 -0.0608242
41 1.29609 0 0 0.0769097 -0.0888449 0.691458
42 1.62202 -0.000709534 -0.000469923 -0.022115 -0.00993778 1.58157
43 1.2224 0 0 0.00232343 0.00603783 1.0601
44 1.76707 -1.27612 0.0366402 -1.57709 -0.0287249 -0.0202616
45 1.55588 0 0 0.16606 -0.105065 0.755348
46 1.24273 0 0 0.000529068 -0.0856543 1.17607
47 0.784531 0 0 -0.00582039 0.00111558 1.06202
48 0 0 0 0 0 0
49 -0.152843 -20.2267 -10.5109 0.0273658 -0.976911 0.101146
50 -0.49446 -2.33627 -0.838784 0 0 0
time 4
0 1.93827 -1.57417 -7.2488 0 0 -0.814469
1 6.02794 0 0 0.299354 0.832273 0.674564
2 11.7344 0 0 -0.00140298 0 -1.96023
3 8.81138 -0.000452042 -0.000112534 0.445776 0 0.000157234
4 5.77839 0.000286102 0 0.29867 0 0.000107638
5 2.23163 -0.000329971 -0.00036335 0.147106 0 0
6 11.4725 0 0 0.346551 -0.468237 0.155055
7 0.615219 -0.993092 -0.810699 -3.07512 0.456349 -0.366698
8 2.24752 0 0 0.0761407 0.139583 -0.235958
9 1.11936 0 0 0.0153937 0.0741661 -0.756791
10 3.71348 -0.10264 0.10219 1.43967 1.14965 -0.0949415
11 1.72615 0 0 0.00973494 -0.00163546 -1.51775
12 1.21114 0 0 -0.00238422 0.0174744 -0.733078
13 3.59919 -1.06012 0.0708876 1.65284 0.782201 0.094002
14 1.66069 0 0 -0.0708482 0.0122202 -1.45661
15 1.167 0 0 -0.0159038 0.0071403 -0.724419
16 2.18852 0.50104 0.0576591 1.57726 0.0488246 0.087807
17 1.29609 0 0 0.0382945 -0.0269682 -1.14629
18 1.62202 0.000715256 -0.000473022 -0.000139909 0 -1.47763
19 1.22241 0 0 -0.0309869 0.0214525 -0.78108
20 1.76707 1.27612 0.0366402 1.57617 0.0927469 0.053265
21 1.55587 0 0 -0.00108252 -0.0109564 -1.09416
22 1.24273 0 0 -0.00050114 -0.000329314 -1.26079
23 0.784524 0 0 0.0050384 -0.0103308 -0.543046
24 -0.0100915 -0.862273 -7.2488 -0.000932534 0 -2.53187
25 6.02794 0 0 0.829975 0.938855 0.385096
26 11.7344 0 0 0.00140257 0 1.90702
27 8.81167 0 0 1.43044 0 0
28 5.77884 0 0 0.958397 0 0
29 2.23249 0 0 0.472046 0 0
30 11.4725 0 0 1.45958 -0.284401 -0.678774
31 0.615812 0.994371 -0.809165 -2.98312 0.433715 0.415061
32 2.24752 0 0 -0.296537 0.247332 0.30382
33 1.11936 0 0 -0.185004 0.243098 0.410904
34 3.71349 0.102639 0.102192 -1.39537 0.673019 0.082215
35 1.72615 0 0 -0.0245058 0.00557807 1.61267
36 1.21112 0 0 0.00692696 0.0162191 1.00111
37 3.5992 1.06012 0.0708876 -1.55931 0.30305 -0.0278894
38 1.66069 0 0 0.0731529 0.0266991 1.44437
39 1.16699 0 0 -0.0287405 -0.00503599 1.03396
40 2.18853 -0.50104 0.0576591 -1.57862 -0.0515781 -0.0608242
41 1.29609 0 0 0.0769098 -0.088845 0.691458
42 1.62202 -0.000713348 -0.0004704 -0.0221149 -0.00993771 1.58157
43 1.2224 0 0 0.0023233 0.00603784 1.0601
44 1.76707 -1.27612 0.0366411 -1.57709 -0.0287247 -0.0202617
45 1.55588 0 0 0.16606 -0.105065 0.755348
46 1.24273 0 0 0.000529038 -0.0856544 1.17607
47 0.784533 0 0 -0.00582038 0.00111559 1.06202
48 0 0 0 0 0 0
49 -0.169397 -20.2073 -10.4937 0.0263091 -0.975752 0.101113
50 -0.49446 -2.33627 -0.838784 0 0 0
time 5
0 1.93854 -1.57863 -7.2488 0 0 -0.814469
1 6.02794 0 0 0.315364 0.807782 0.659662
2 11.7344 0 0 -0.00140288 0 -1.97138
3 8.81138 -0.000448227 -0.000112534 0.434352 0 0.000157481
4 5.77839 0.000284195 0 0.291016 0 0.00010756
5 2.23163 -0.000328064 -0.000364304 0.143336 0 0
6 11.4725 0 0 0.319498 -0.500971 0.169159
7 0.615219 -0.99309 -0.810701 -3.07512 0.456349 -0.366698
8 2.24752 0 0 0.0761408 0.139583 -0.235958
9 1.11936 0 0 0.0153937 0.0741661 -0.756791
10 3.71348 -0.10264 0.10219 1.44178 1.14241 -0.0926113
11 1.72615 0 0 0.00974623 -0.00196641 -1.48507
12 1.21113 0 0 -0.00181193 0.0175427 -0.700386
13 3.59919 -1.06012 0.0708876 1.65223 0.774918 0.0931301
14 1.66069 0 0 -0.0699684 0.0146055 -1.42401
15 1.167 0 0 -0.0156964 0.00772496 -0.691735
16 2.18852 0.50104 0.0576582 1.57726 0.046253 0.087794
17 1.29609 0 0 0.0380963 -0.0272472 -1.13898
18 1.62202 0.000713348 -0.000471115 0 0 -1.44494
19 1.22241 0 0 -0.0298435 0.0220567 -0.748386
20 1.76707 1.27612 0.0366402 1.57617 0.0901753 0.0532564
21 1.55587 0 0 -0.00116859 -0.0109438 -1.08685
22 1.24274 0 0 -0.000511639 -0.000312847 -1.2281
23 0.784522 0 0 0.00470914 -0.0102972 -0.510359
24 0.879831 -0.518483 -7.2488 -0.000932534 0 -2.53187
25 6.02794 0 0 0.718981 0.857326 0.233375
26 11.7344 0 0 0.00140272 0 1.88941
27 8.81167 0 0 1.5666 0 0
28 5.77884 0 0 1.04962 0 0
29 2.23249 0 0 0.516979 0 0
30 11.4725 0 0 1.56744 -0.234234 -0.676961
31 0.615809 0.994372 -0.809166 -2.98312 0.433715 0.415062
32 2.24752 0 0 -0.296537 0.247332 0.30382
33 1.11936 0 0 -0.185004 0.243098 0.410904
34 3.71348 0.102639 0.102191 -1.39537 0.673019 0.082215
35 1.72615 0 0 -0.0245058 0.00557811 1.61267
36 1.21112 0 0 0.0069269 0.016219 1.00111
37 3.5992 1.06012 0.0708876 -1.55931 0.30305 -0.0278895
38 1.66069 0 0 0.073153 0.0266994 1.44437
39 1.16699 0 0 -0.0287403 -0.00503585 1.03396
40 2.18853 -0.501041 0.0576582 -1.57862 -0.0515781 -0.0608243
41 1.29609 0 0 0.0769099 -0.0888449 0.691458
42 1.62202 -0.000713348 -0.000469685 -0.0221151 -0.00993789 1.58157
43 1.22241 0 0 0.00232322 0.00603782 1.0601
44 1.76707 -1.27612 0.0366411 -1.57709 -0.0287247 -0.0202619
45 1.55587 0 0 0.16606 -0.105065 0.755348
46 1.24273 0 0 0.000529229 -0.0856544 1.17607
47 0.784533 0 0 -0.00582045 0.00111558 1.06202
48 0 0 0 0 0 0
49 -0.301824 -20.0524 -10.3557 0.0178552 -0.966479 0.100852
50 -0.49446 -2.33627 -0.838784 0 0 0
time 6
0 1.93893 -1.58392 -7.2488 0 0 -0.814469
1 6.02794 0 0 0.340759 0.771346 0.63077
2 11.7344 0 0 -0.00140275 0 -1.99685
3 8.81138 -0.000452042 -0.00011158 0.420193 0 0.000158072
4 5.77839 0.000284195 0 0.281529 0 0.000107958
5 2.23163 -0.000329971 -0.000364304 0.138664 0 0
6 11.4725 0 0 0.27272 -0.557882 0.199683
7 0.615219 -0.993092 -0.8107 -3.07512 0.456349 -0.366698
8 2.24752 0 0 0.0761408 0.139583 -0.235958
9 1.11936 0 0 0.0153936 0.0741661 -0.756791
10 3.71348 -0.102642 0.102191 1.44407 1.13427 -0.0900909
11 1.72615 0 0 0.00972366 -0.00233079 -1.44836
12 1.21114 0 0 -0.00116689 0.0175975 -0.663675
13 3.59919 -1.06012 0.0708866 1.65157 0.766738 0.0921769
14 1.66069 0 0 -0.0688879 0.0172486 -1.3874
15 1.167 0 0 -0.0154101 0.00835087 -0.655032
16 2.18852 0.501038 0.0576582 1.57725 0.0433651 0.0877781
17 1.29609 0 0 0.0378718 -0.027559 -1.13078
18 1.62202 0.000713348 -0.000471115 0.000100968 -0.000128361 -1.40823
19 1.22241 0 0 -0.0285879 0.0227462 -0.711673
20 1.76707 1.27612 0.0366402 1.57617 0.0872874 0.053245
21 1.55587 0 0 -0.00126313 -0.0109303 -1.07864
22 1.24273 0 0 -0.000522833 -0.000293694 -1.19139
23 0.784522 0 0 0.004325 -0.0102748 -0.473651
24 1.8397 -0.132472 -7.2488 -0.000932534 0 -2.53187
25 6.02794 0 0 0.626325 0.753733 0.0846115
26 11.7344 0 0 0.00140277 0 1.88026
27 8.81167 0 0 1.70204 0 0
28 5.77884 0 0 1.14036 0 0
29 2.23249 0 0 0.561672 0 0
30 11.4725 0 0 1.67699 -0.175805 -0.670471
31 0.615812 0.994372 -0.809165 -2.98315 0.433725 0.414997
32 2.24752 0 0 -0.299749 0.242823 0.28953
33 1.11936 0 0 -0.187746 0.239836 0.396235
34 3.71349 0.102639 0.102191 -1.39755 0.658648 0.0788184
35 1.72615 0 0 -0.0244738 0.00516204 1.59805
36 1.21112 0 0 0.00668898 0.0163185 0.986485
37 3.5992 1.06012 0.0708876 -1.55935 0.288421 -0.0279513
38 1.66069 0 0 0.0727555 0.0277654 1.42978
39 1.16699 0 0 -0.0286294 -0.00530558 1.01933
40 2.18853 -0.50104 0.0576591 -1.57861 -0.0515788 -0.0609093
41 1.29609 0 0 0.0780793 -0.087663 0.676827
42 1.62202 -0.000713348 -0.000469446 -0.0219324 -0.0102337 1.56695
43 1.22241 0 0 0.00225722 0.00599978 1.04547
44 1.76707 -1.27612 0.0366402 -1.57708 -0.0287256 -0.0203859
45 1.55587 0 0 0.16739 -0.102506 0.740888
46 1.24273 0 0 0.00173772 -0.0853192 1.1614
47 0.784533 0 0 -0.00563417 0.00119107 1.04739
48 0 0 0 0 0 0
49 -0.590763 -19.7144 -10.0189 0.00129828 -0.944163 0.099819
50 -0.49446 -2.33627 -0.838784 0 0 0
time 7
0 1.93947 -1.58999 -7.2488 0 0 -0.814469
1 6.02794 0 0 0.368345 0.729819 0.586276
2 11.7344 0 0 -0.00140292 0 -2.03809
3 8.81138 -0.000448227 -0.00011158 0.414078 0 0.000157689
4 5.77839 0.00028801 0 0.277432 0 0.00010776
5 2.23163 -0.000328064 -0.000364304 0.136646 0 0
6 11.4725 0 0 0.210248 -0.632381 0.253067
7 0.615219 -0.99309 -0.8107 -3.07512 0.456349 -0.366698
8 2.24752 0 0 0.0761408 0.139583 -0.235958
9 1.11936 0 0 0.0153937 0.0741661 -0.756791
10 3.71348 -0.102638 0.102191 1.44642 1.1255 -0.0874825
11 1.72615 0 0 0.00965705 -0.00271354 -1.40882
12 1.21114 0 0 -0.000470266 0.0176299 -0.624127
13 3.59919 -1.06012 0.0708876 1.65088 0.757925 0.0911789
14 1.66069 0 0 -0.0676167 0.0200492 -1.34795
15 1.167 0 0 -0.0150404 0.00898703 -0.615493
16 2.18852 0.501041 0.0576582 1.57725 0.0402543 0.0877597
17 1.29609 0 0 0.0376267 -0.0278927 -1.12194
18 1.62202 0.000714302 -0.000469208 0.000166389 -0.000167028 -1.36869
19 1.22241 0 0 -0.0272683 0.0235025 -0.672127
20 1.76707 1.27612 0.0366402 1.57617 0.0841765 0.0532308
21 1.55588 0 0 -0.00136236 -0.010916 -1.06979
22 1.24273 0 0 -0.000533924 -0.000272869 -1.15185
23 0.784523 0 0 0.00389302 -0.010267 -0.434109
24 2.82289 0.283293 -7.2488 -0.000932534 0 -2.53187
25 6.02794 0 0 0.563289 0.632834 -0.0538041
26 11.7344 0 0 0.00140265 0 1.8725
27 8.81167 0 0 1.82974 0 0
28 5.77884 0 0 1.22592 0 0
29 2.23249 0 0 0.603813 0 0
30 11.4725 0 0 1.78329 -0.108702 -0.650957
31 0.615814 0.994372 -0.809164 -2.98323 0.433753 0.414806
32 2.24752 0 0 -0.307652 0.23159 0.254071
33 1.11936 0 0 -0.194531 0.231547 0.359887
34 3.71348 0.102639 0.102192 -1.40247 0.622903 0.0708285
35 1.72615 0 0 -0.0243676 0.00413129 1.56174
36 1.21112 0 0 0.00609192 0.0165507 0.95015
37 3.5992 1.06012 0.0708885 -1.55947 0.252087 -0.0281892
38 1.66069 0 0 0.0717015 0.0303878 1.39353
39 1.16699 0 0 -0.0283968 -0.00598377 0.983002
40 2.18853 -0.50104 0.0576591 -1.5786 -0.0515807 -0.0611614
41 1.29609 0 0 0.0810034 -0.0846885 0.640491
42 1.62202 -0.000715256 -0.000469923 -0.0214448 -0.0109525 1.53062
43 1.22241 0 0 0.00211481 0.00590646 1.00914
44 1.76707 -1.27612 0.0366421 -1.57707 -0.0287277 -0.0207543
45 1.55588 0 0 0.170668 -0.0961668 0.704969
46 1.24273 0 0 0.00473958 -0.0844859 1.12495
47 0.784531 0 0 -0.00516777 0.00136413 1.01107
48 0 0 0 0 0 0
49 -1.0302 -19.2004 -9.46579 -0.0214833 -0.909477 0.0978985
50 -0.49446 -2.33627 -0.838784 0 0 0
time 8
0 1.94019 -1.59677 -7.2488 0 0 -0.814469
1 6.02795 0 0 0.388239 0.692848 0.524778
2 11.7344 0 0 -0.00140284 0 -2.09007
3 8.81138 -0.000450134 -0.000112534 0.429554 0 0.000156927
4 5.77839 0.000286102 0 0.287801 0 0.000107284
5 2.23163 -0.000329971 -0.000364304 0.141753 0 0
6 11.4725 0 0 0.142417 -0.712779 0.328439
7 0.615219 -0.99309 -0.810699 -3.07512 0.456349 -0.366698
8 2.24752 0 0 0.0761409 0.139583 -0.235958
9 1.11936 0 0 0.0153937 0.0741661 -0.756791
10 3.71348 -0.102638 0.102192 1.44877 1.11635 -0.0848769
11 1.72615 0 0 0.00954211 -0.00309956 -1.36763
12 1.21113 0 0 0.000256238 0.0176343 -0.582929
13 3.59919 -1.06012 0.0708876 1.65019 0.748743 0.0901706
14 1.66069 0 0 -0.0661759 0.022911 -1.30685
15 1.167 0 0 -0.0145892 0.00960531 -0.574303
16 2.18852 0.501041 0.0576601 1.57725 0.0370135 0.0877391
17 1.29609 0 0 0.0373683 -0.0282379 -1.11273
18 1.62202 0.000712395 -0.000471115 0.000180974 -0.000167871 -1.32749
19 1.22241 0 0 -0.0259291 0.0243074 -0.63093
20 1.76707 1.27612 0.0366411 1.57617 0.0809356 0.0532137
21 1.55588 0 0 -0.00146366 -0.0109018 -1.06058
22 1.24273 0 0 -0.000544872 -0.000250671 -1.11066
23 0.784523 0 0 0.00342282 -0.0102773 -0.392914
24 3.78276 0.716341 -7.2488 -0.000932534 0 -2.53187
25 6.02794 0 0 0.532086 0.506428 -0.179912
26 11.7344 0 0 0.0014028 0 1.85715
27 8.81167 0 0 1.94247 0 0
28 5.77884 0 0 1.30146 0 0
29 2.23249 0 0 0.641016 0 0
30 11.4725 0 0 1.88298 -0.0381393 -0.608807
31 0.615813 0.994372 -0.809165 -2.98335 0.433797 0.414496
32 2.24752 0 0 -0.317655 0.21708 0.208552
33 1.11936 0 0 -0.203184 0.2205 0.313346
34 3.71348 0.102639 0.102191 -1.40784 0.576849 0.0613991
35 1.72615 0 0 -0.0241761 0.00281307 1.51504
36 1.21112 0 0 0.00531212 0.0168172 0.903433
37 3.5992 1.06012 0.0708885 -1.5596 0.205376 -0.028669
38 1.66069 0 0 0.0702076 0.0336999 1.34691
39 1.16699 0 0 -0.0281879 -0.00687674 0.936297
40 2.18853 -0.50104 0.0576591 -1.57858 -0.0515841 -0.0615758
41 1.29609 0 0 0.0848005 -0.0807827 0.593786
42 1.62201 -0.000713348 -0.000470638 -0.0207491 -0.0118413 1.48391
43 1.2224 0 0 0.00197738 0.00579175 0.962427
44 1.76707 -1.27612 0.0366411 -1.57705 -0.0287317 -0.0213596
45 1.55587 0 0 0.174834 -0.0880495 0.658781
46 1.24273 0 0 0.00859785 -0.0834142 1.07809
47 0.784531 0 0 -0.00455967 0.00155615 0.964361
48 0 0 0 0 0 0
49 -1.59982 -18.534 -8.73534 -0.0497838 -0.867352 0.0956336
50 -0.49446 -2.33627 -0.838784 0 0 0
time 9
0 1.94112 -1.60422 -7.2488 0 0 -0.814469
1 6.02795 0 0 0.392523 0.667933 0.445959
2 11.7344 0 0 -0.00140296 0 -2.14936
3 8.81138 -0.000450134 -0.00011158 0.477129 0 0.000157818
4 5.77839 0.000286102 0 0.319676 0 0.000108194
5 2.23163 -0.000328064 -0.000364304 0.157453 0 0
6 11.4725 0 0 0.0792871 -0.78875 0.424215
7 0.61522 -0.993092 -0.810699 -3.07512 0.456349 -0.366698
8 2.24752 0 0 0.0761407 0.139583 -0.235958
9 1.11936 0 0 0.0153937 0.0741661 -0.756791
10 3.71348 -0.102642 0.10219 1.45103 1.10711 -0.0823518
11 1.72615 0 0 0.00937943 -0.00347436 -1.32597
12 1.21114 0 0 0.000990503 0.0176084 -0.541261
13 3.5992 -1.06012 0.0708876 1.64952 0.739455 0.0891816
14 1.66068 0 0 -0.0646001 0.0257428 -1.26528
15 1.167 0 0 -0.0140664 0.0101817 -0.532645
16 2.18853 0.501038 0.0576591 1.57725 0.033736 0.0877168
17 1.29609 0 0 0.0371038 -0.0285848 -1.10342
18 1.62201 0.000713348 -0.000471115 0.000141905 -0.000125312 -1.28583
19 1.22241 0 0 -0.0246113 0.0251407 -0.589268
20 1.76707 1.27612 0.0366411 1.57617 0.0776581 0.0531941
21 1.55587 0 0 -0.00156284 -0.0108879 -1.05127
22 1.24274 0 0 -0.000554752 -0.000227689 -1.069
23 0.784522 0 0 0.00292539 -0.0103051 -0.351251
24 4.67269 1.1542 -7.2488 -0.000932534 0 -2.53187
25 6.02795 0 0 0.530469 0.386541 -0.292814
26 11.7344 0 0 0.00140268 0 1.8279
27 8.81167 0 0 2.03407 0 0
28 5.77884 0 0 1.36283 0 0
29 2.23249 0 0 0.671244 0 0
30 11.4725 0 0 1.97262 0.0302079 -0.541568
31 0.615812 0.994372 -0.809166 -2.98353 0.433859 0.414074
32 2.24752 0 0 -0.327283 0.2028 0.164025
33 1.11936 0 0 -0.211571 0.209259 0.267959
34 3.71349 0.102638 0.10219 -1.41215 0.531633 0.0529634
35 1.72615 0 0 -0.0239292 0.00153117 1.4693
36 1.21112 0 0 0.00453716 0.0170427 0.857659
37 3.5992 1.06012 0.0708866 -1.5597 0.159615 -0.0293276
38 1.66069 0 0 0.0685956 0.0368742 1.30123
39 1.16699 0 0 -0.0280805 -0.00777891 0.890539
40 2.18853 -0.50104 0.0576582 -1.57855 -0.0515884 -0.0621483
41 1.29609 0 0 0.0885581 -0.076865 0.548037
42 1.62202 -0.000713348 -0.000469565 -0.0199937 -0.0126698 1.43815
43 1.22241 0 0 0.00189245 0.0056866 0.91666
44 1.76707 -1.27612 0.0366411 -1.57703 -0.0287368 -0.0221959
45 1.55587 0 0 0.178862 -0.0801352 0.613517
46 1.24273 0 0 0.012377 -0.0823637 1.03217
47 0.784531 0 0 -0.00395297 0.0017114 0.918598
48 0 0 0 0 0 0
49 -2.27929 -17.7392 -7.8666 -0.0828976 -0.822719 0.0935674
50 -0.49446 -2.33627 -0.838784 0 0 0
time 10
0 1.94228 -1.61227 -7.2488 0 0 -0.814469
1 6.02794 0 0 0.373819 0.65887 0.346877
2 11.7344 0 0 -0.00140282 0 -2.21012
3 8.81138 -0.000450134 -0.000112534 0.557304 0 0.00015783
4 5.77839 0.000286102 0 0.373394 0 0.000108639
5 2.23163 -0.000329971 -0.000364304 0.18391 0 0
6 11.4725 0 0 0.0295969 -0.852816 0.536027
7 0.615219 -0.993092 -0.810699 -3.07512 0.456349 -0.366698
8 2.24752 0 0 0.0761408 0.139583 -0.235958
9 1.11936 0 0 0.0153937 0.0741662 -0.756791
10 3.71348 -0.10264 0.10219 1.45316 1.09801 -0.0799707
11 1.72615 0 0 0.00917396 -0.00382576 -1.28503
12 1.21114 0 0 0.00171058 0.0175531 -0.500311
13 3.59919 -1.06012 0.0708885 1.64889 0.730326 0.0882403
14 1.66068 0 0 -0.0629379 0.0284597 -1.22442
15 1.167 0 0 -0.0134893 0.0106974 -0.491703
16 2.18853 0.50104 0.0576582 1.57725 0.0305147 0.0876934
17 1.29609 0 0 0.0368405 -0.028923 -1.09426
18 1.62202 0.000714302 -0.000471115 0 0 -1.24489
19 1.22241 0 0 -0.0233508 0.0259793 -0.548324
20 1.76707 1.27612 0.0366411 1.57617 0.0744368 0.053173
21 1.55588 0 0 -0.00165774 -0.0108751 -1.04211
22 1.24273 0 0 -0.000563634 -0.000204907 -1.02805
23 0.784522 0 0 0.00241438 -0.010349 -0.310303
24 5.44603 1.58441 -7.2488 -0.000932534 0 -2.53187
25 6.02794 0 0 0.552985 0.281875 -0.39157
26 11.7344 0 0 0.00140272 0 1.78282
27 8.81167 0 0 2.10407 0 0
28 5.77884 0 0 1.40973 0 0
29 2.23249 0 0 0.694343 0 0
30 11.4725 0 0 2.05049 0.0923944 -0.454315
31 0.615813 0.994372 -0.809166 -2.98375 0.433935 0.413545
32 2.24752 0 0 -0.334221 0.19231 0.131473
33 1.11936 0 0 -0.217644 0.20077 0.234874
34 3.71349 0.102639 0.102191 -1.41478 0.498485 0.0472321
35 1.72615 0 0 -0.0237113 0.000600805 1.43581
36 1.21112 0 0 0.00396379 0.0171851 0.824154
37 3.5992 1.06012 0.0708876 -1.55975 0.126124 -0.0299275
38 1.66069 0 0 0.0673244 0.0391494 1.26778
39 1.16699 0 0 -0.0280623 -0.00845905 0.857048
40 2.18853 -0.50104 0.0576591 -1.57851 -0.051594 -0.0628743
41 1.29609 0 0 0.0913297 -0.0739397 0.514561
42 1.62201 -0.000711441 -0.000470161 -0.0193958 -0.0132482 1.40465
43 1.2224 0 0 0.00186145 0.00561568 0.88316
44 1.76707 -1.27612 0.0366402 -1.577 -0.0287434 -0.0232562
45 1.55587 0 0 0.181778 -0.0743684 0.580381
46 1.24273 0 0 0.0151425 -0.0815945 0.998561
47 0.784531 0 0 -0.00350129 0.00180502 0.885101
48 0 0 0 0 0 0
49 -3.04831 -16.8396 -6.89862 -0.120119 -0.780508 0.0922432
50 -0.49446 -2.33627 -0.838784 0 0 0
time 11
0 1.9437 -1.62087 -7.2488 0 0 -0.814469
1 6.02794 0 0 0.326317 0.664007 0.223827
2 11.7344 0 0 -0.00140278 0 -2.2679
3 8.81138 -0.000450134 -0.000112534 0.657287 0 0.000156964
4 5.77839 0.000286102 0 0.440382 0 0.000108681
5 2.23163 -0.000329971 -0.00036335 0.216905 0 0
6 11.4725 0 0 0 -0.900046 0.659224
7 0.61522 -0.993091 -0.810699 -3.07512 0.456349 -0.366698
8 2.24752 0 0 0.0761407 0.139583 -0.235958
9 1.11936 0 0 0.0153937 0.0741661 -0.756791
10 3.71348 -0.10264 0.10219 1.45511 1.08934 -0.0777887
11 1.72615 0 0 0.00893729 -0.00414412 -1.24599
12 1.21114 0 0 0.00239452 0.0174729 -0.461261
13 3.59919 -1.06012 0.0708876 1.64831 0.72162 0.0873683
14 1.66069 0 0 -0.0612505 0.0309853 -1.18544
15 1.167 0 0 -0.0128825 0.01114 -0.452661
16 2.18852 0.50104 0.0576591 1.57725 0.0274432 0.0876694
17 1.29609 0 0 0.0365867 -0.0292437 -1.08553
18 1.62202 0.000714302 -0.000471115 0 0 -1.20585
19 1.22241 0 0 -0.0221801 0.0267988 -0.509282
20 1.76707 1.27612 0.0366406 1.57617 0.0713652 0.0531502
21 1.55588 0 0 -0.00174578 -0.0108634 -1.03338
22 1.24273 0 0 -0.000571257 -0.000182739 -0.989011
23 0.784523 0 0 0.00190603 -0.0104051 -0.271256
24 6.05615 1.99449 -7.2488 -0.000932534 0 -2.53187
25 6.02795 0 0 0.59309 0.195969 -0.474841
26 11.7344 0 0 0.00140271 0 1.72301
27 8.81167 0 0 2.15702 0 0
28 5.77884 0 0 1.44521 0 0
29 2.23249 0 0 0.711818 0 0
30 11.4725 0 0 2.1173 0.147495 -0.356237
31 0.615812 0.994372 -0.809164 -2.98401 0.434026 0.412916
32 2.24752 0 0 -0.337971 0.18657 0.113709
33 1.11936 0 0 -0.221079 0.1959 0.21614
34 3.71349 0.102639 0.102191 -1.41605 0.480364 0.0442452
35 1.72615 0 0 -0.0235755 0 1.41703
36 1.21112 0 0 0.00364863 0.0172548 0.805856
37 3.5992 1.06012 0.0708885 -1.55976 0.107413 -0.0303074
38 1.66069 0 0 0.0665818 0.0404007 1.2491
39 1.16699 0 0 -0.0280755 -0.00884694 0.838385
40 2.18853 -0.50104 0.0576601 -1.57847 -0.0516008 -0.0637489
41 1.29609 0 0 0.0928503 -0.0723207 0.496281
42 1.62202 -0.000714302 -0.000470281 -0.0190454 -0.0135606 1.38592
43 1.22241 0 0 0.00185533 0.00557921 0.864863
44 1.76707 -1.27612 0.0366411 -1.57696 -0.0287515 -0.0245342
45 1.55587 0 0 0.18336 -0.0712283 0.562281
46 1.24273 0 0 0.0166527 -0.0811744 0.980204
47 0.784531 0 0 -0.00324989 0.00184436 0.866119
48 0 0 0 0 0 0
49 -3.88654 -15.859 -5.87044 -0.160742 -0.74565 0.0922039
50 -0.49446 -2.33627 -0.838784 0 0 0
time 12
0 1.9454 -1.62995 -7.2488 0 0 -0.814469
1 6.02794 0 0 0.245767 0.676296 0.0734538
2 11.7344 0 0 -0.0014028 0 -2.31917
3 8.81138 -0.000450134 -0.000112534 0.753702 0 0.000157003
4 5.77839 0.000286102 0 0.504981 0 0.000109284
5 2.23163 -0.000329971 -0.00036335 0.248722 0 0
6 11.4725 0 0 -0.00532701 -0.926599 0.789153
7 0.615218 -0.993091 -0.810699 -3.07512 0.456349 -0.366698
8 2.24752 0 0 0.0761407 0.139583 -0.235958
9 1.11936 0 0 0.0153937 0.0741662 -0.756791
10 3.71348 -0.102641 0.102191 1.45683 1.08135 -0.075851
11 1.72615 0 0 0.00868416 -0.00442078 -1.21003
12 1.21114 0 0 0.00302126 0.0173754 -0.425295
13 3.59919 -1.06012 0.0708885 1.64779 0.713601 0.0865883
14 1.66069 0 0 -0.0596104 0.0332518 -1.14954
15 1.167 0 0 -0.0122766 0.0115033 -0.416702
16 2.18852 0.501039 0.0576596 1.57725 0.0246141 0.0876466
17 1.29609 0 0 0.0363505 -0.029537 -1.07749
18 1.62202 0.000714302 -0.000472069 -0.00023692 0.000240727 -1.16989
19 1.22241 0 0 -0.0211284 0.0275718 -0.473326
20 1.76707 1.27612 0.0366411 1.57616 0.0685365 0.0531279
21 1.55588 0 0 -0.00182497 -0.010853 -1.02534
22 1.24274 0 0 -0.000577224 -0.000161998 -0.95305
23 0.784522 0 0 0.00141924 -0.0104687 -0.235292
24 6.45642 2.37198 -7.2488 -0.000932534 0 -2.53187
25 6.02794 0 0 0.644833 0.129196 -0.542889
26 11.7344 0 0 0.0014027 0 1.65454
27 8.81167 0 0 2.19953 0 0
28 5.77884 0 0 1.47369 0 0
29 2.23249 0 0 0.725846 0 0
30 11.4725 0 0 2.17555 0.197506 -0.258866
31 0.615812 0.994372 -0.809165 -2.98431 0.43413 0.412194
32 2.24752 0 0 -0.339714 0.183886 0.105415
33 1.11936 0 0 -0.223 0.193278 0.2058
34 3.71349 0.102638 0.10219 -1.4166 0.471897 0.0428824
35 1.72615 0 0 -0.0235003 -0.00018937 1.40715
36 1.21112 0 0 0.00350104 0.0172853 0.797309
37 3.5992 1.06012 0.0708876 -1.55976 0.097727 -0.0305197
38 1.66069 0 0 0.0661894 0.041041 1.23946
39 1.16699 0 0 -0.0280921 -0.00905057 0.828832
40 2.18853 -0.50104 0.0576591 -1.57841 -0.0516085 -0.0647684
41 1.29609 0 0 0.0935621 -0.0715597 0.487744
42 1.62201 -0.000713348 -0.000469685 -0.0188591 -0.0137203 1.37618
43 1.22241 0 0 0.00185501 0.00556301 0.856318
44 1.76707 -1.27612 0.0366402 -1.57692 -0.0287605 -0.0260234
45 1.55587 0 0 0.184096 -0.0697641 0.553826
46 1.24273 0 0 0.0173578 -0.080978 0.971632
47 0.784531 0 0 -0.0031275 0.00185057 0.85571
48 0 0 0 0 0 0
49 -4.77368 -14.8213 -4.82108 -0.204061 -0.723075 0.0939928
50 -0.49446 -2.33627 -0.838784 0 0 0
time 13
0 1.94741 -1.63947 -7.2488 0 0 -0.814469
1 6.02794 0 0 0.131361 0.684288 -0.106056
2 11.7344 0 0 -0.00140299 0 -2.35608
3 8.81138 -0.000450134 -0.000110626 0.823985 0 0.000157257
4 5.77839 0.000286102 0 0.55207 0 0.000109905
5 2.23163 -0.000329018 -0.00036335 0.271915 0 0
6 11.4725 0 0 0.0142953 -0.931792 0.913936
7 0.615219 -0.993092 -0.8107 -3.07512 0.456349 -0.366698
8 2.24752 0 0 0.0761407 0.139583 -0.235958
9 1.11936 0 0 0.0153937 0.074166 -0.756791
10 3.71348 -0.102641 0.102191 1.45829 1.07431 -0.0741971
11 1.72615 0 0 0.00843393 -0.00465071 -1.17833
12 1.21114 0 0 0.00357028 0.0172711 -0.393597
13 3.59919 -1.06012 0.0708885 1.64735 0.706532 0.0859181
14 1.66069 0 0 -0.0580982 0.0351993 -1.11789
15 1.167 0 0 -0.0117065 0.011787 -0.385011
16 2.18852 0.50104 0.0576591 1.57725 0.0221211 0.0876253
17 1.29609 0 0 0.0361403 -0.0297936 -1.07041
18 1.62202 0.000714302 -0.000471115 -0.00040534 0.000408437 -1.13821
19 1.22241 0 0 -0.020222 0.0282681 -0.441638
20 1.76707 1.27612 0.0366406 1.57616 0.0660435 0.0531065
21 1.55588 0 0 -0.00189271 -0.0108443 -1.01825
22 1.24273 0 0 -0.000582144 -0.000143787 -0.921357
23 0.784523 0 0 0.000975079 -0.0105331 -0.203596
24 6.6002 2.70441 -7.2488 -0.000932534 0 -2.53187
25 6.02794 0 0 0.705138 0.0808151 -0.597995
26 11.7344 0 0 0.0014027 0 1.58806
27 8.81167 0 0 2.23404 0 0
28 5.77884 0 0 1.4968 0 0
29 2.23249 0 0 0.737232 0 0
30 11.4725 0 0 2.22507 0.243999 -0.174708
31 0.615813 0.994372 -0.809166 -2.98464 0.434246 0.411385
32 2.24752 0 0 -0.339724 0.18387 0.105364
33 1.11936 0 0 -0.223585 0.192688 0.202896
34 3.71349 0.102639 0.102192 -1.4166 0.471845 0.0428745
35 1.72615 0 0 -0.0234846 -0.000245104 1.40512
36 1.21112 0 0 0.00350012 0.0172853 0.797256
37 3.5992 1.06012 0.0708885 -1.55976 0.0959886 -0.0305628
38 1.66069 0 0 0.0661203 0.0411521 1.23778
39 1.16699 0 0 -0.0281011 -0.00908759 0.827292
40 2.18853 -0.50104 0.0576591 -1.57835 -0.0516172 -0.0659274
41 1.29609 0 0 0.0935664 -0.071555 0.487692
42 1.62202 -0.000712395 -0.000470161 -0.0188249 -0.0137506 1.37436
43 1.22241 0 0 0.0018551 0.00556278 0.856266
44 1.76707 -1.27612 0.0366411 -1.57687 -0.0287708 -0.0277167
45 1.55587 0 0 0.1841 -0.0697551 0.553774
46 1.24273 0 0 0.0173622 -0.0809768 0.971579
47 0.784531 0 0 -0.00311933 0.00183211 0.85291
48 0 0 0 0 0 0
49 -5.6894 -13.7501 -3.7896 -0.252456 -0.713683 0.0981428
50 -0.49446 -2.33627 -0.838784 0 0 0
time 14
0 1.94975 -1.64936 -7.2488 0 0 -0.814469
1 6.02794 0 0 -0.00499538 0.674474 -0.30482
2 11.7344 0 0 -0.00140281 0 -2.37322
3 8.81138 -0.000450134 -0.000111103 0.8612 0 0.000157414
4 5.77839 0.000287056 0 0.577004 0 0.000110312
5 2.23164 -0.000329971 -0.00036335 0.284196 0 0
6 11.4725 0 0 0.0522947 -0.91951 1.0223
7 0.61522 -0.993091 -0.810699 -3.07512 0.456349 -0.366698
8 2.24752 0 0 0.0761408 0.139583 -0.235958
9 1.11936 0 0 0.0153936 0.074166 -0.756791
10 3.71348 -0.10264 0.102191 1.45947 1.06847 -0.0728657
11 1.72615 0 0 0.00820783 -0.00483083 -1.15209
12 1.21114 0 0 0.00402228 0.0171715 -0.367352
13 3.59919 -1.06012 0.0708876 1.64699 0.700679 0.0853754
14 1.66069 0 0 -0.0567997 0.0367746 -1.09168
15 1.167 0 0 -0.0112097 0.0119955 -0.358771
16 2.18852 0.50104 0.0576591 1.57725 0.0200564 0.0876072
17 1.29609 0 0 0.035965 -0.0300052 -1.06454
18 1.62202 0.000713825 -0.000470161 -0.000564249 0.00057085 -1.11197
19 1.22241 0 0 -0.0194856 0.0288558 -0.415401
20 1.76707 1.27612 0.0366406 1.57616 0.063979 0.0530882
21 1.55588 0 0 -0.00194786 -0.0108375 -1.01238
22 1.24273 0 0 -0.000585801 -0.00012835 -0.895115
23 0.784523 0 0 0.000596412 -0.0105926 -0.177351
24 6.30741 3.0302 -7.2488 -0.000932534 0 -2.53187
25 6.02794 0 0 0.767658 0.0470008 -0.644628
26 11.7344 0 0 0.00140268 0 1.54786
27 8.81167 0 0 2.26559 0 0
28 5.77884 0 0 1.51795 0 0
29 2.23249 0 0 0.747646 0 0
30 11.4725 0 0 2.26686 0.283809 -0.126576
31 0.615811 0.994372 -0.809165 -2.98501 0.434374 0.410495
32 2.24752 0 0 -0.33826 0.186125 0.112335
33 1.11936 0 0 -0.223001 0.193873 0.206491
34 3.71348 0.102638 0.10219 -1.41614 0.478962 0.044018
35 1.72615 0 0 -0.0235215 -0.000113747 1.4099
36 1.21112 0 0 0.00362425 0.0172599 0.804439
37 3.5992 1.06012 0.0708895 -1.55976 0.101121 -0.0304569
38 1.66069 0 0 0.0663332 0.0408079 1.24298
39 1.16699 0 0 -0.0281017 -0.00898046 0.832664
40 2.18853 -0.50104 0.0576601 -1.57829 -0.051627 -0.067222
41 1.29609 0 0 0.092968 -0.0721949 0.494867
42 1.62202 -0.000712395 -0.000470638 -0.0189235 -0.0136696 1.37941
43 1.22241 0 0 0.00185517 0.00557651 0.863448
44 1.76707 -1.27612 0.0366402 -1.57682 -0.0287824 -0.0296079
45 1.55588 0 0 0.183482 -0.0709856 0.56088
46 1.24273 0 0 0.0167694 -0.0811417 0.978785
47 0.784531 0 0 -0.00320957 0.0017944 0.856755
48 0 0 0 0 0 0
49 -6.61338 -12.6692 -2.81502 -0.307919 -0.714068 0.104539
50 -0.49446 -2.33627 -0.838784 0 0 0
time 15
0 1.95245 -1.65956 -7.2488 0 0 -0.814469
1 6.02794 0 0 -0.141377 0.639339 -0.501079
2 11.7344 0 0 -0.00140284 0 -2.36904
3 8.81138 -0.000450134 -0.000111103 0.868397 0 0.000158196
4 5.77839 0.000286102 0 0.581826 0 0.000110796
5 2.23163 -0.000329018 -0.00036335 0.286571 0 0
6 11.4725 0 0 0.0994503 -0.892562 1.10807
7 0.615219 -0.993092 -0.8107 -3.07512 0.456349 -0.366698
8 2.24752 0 0 0.0761408 0.139583 -0.235958
9 1.11936 0 0 0.0153937 0.074166 -0.756792
10 3.71348 -0.102642 0.102191 1.46033 1.06412 -0.0718922
11 1.72615 0 0 0.00802762 -0.00495889 -1.13249
12 1.21114 0 0 0.00435834 0.0170891 -0.347743
13 3.59919 -1.06012 0.070888 1.64673 0.696306 0.084977
14 1.66069 0 0 -0.0558029 0.0379295 -1.0721
15 1.167 0 0 -0.0108242 0.0121349 -0.339167
16 2.18852 0.50104 0.0576587 1.57725 0.0185141 0.0875932
17 1.29609 0 0 0.035833 -0.0301624 -1.06016
18 1.62202 0.000713825 -0.000471115 -0.000694767 0.000705647 -1.09237
19 1.22241 0 0 -0.0189437 0.0293015 -0.3958
20 1.76707 1.27612 0.0366416 1.57616 0.0624365 0.053074
21 1.55588 0 0 -0.0019883 -0.0108327 -1.008
22 1.24273 0 0 -0.000588218 -0.000116971 -0.875509
23 0.784522 0 0 0.000306845 -0.0106402 -0.157743
24 5.52273 3.38426 -7.2488 -0.000932534 0 -2.53187
25 6.02794 0 0 0.826089 0.0249055 -0.689642
26 11.7344 0 0 0.00140269 0 1.54839
27 8.81167 0 0 2.30218 0 0
28 5.77884 0 0 1.54246 0 0
29 2.23249 0 0 0.759718 0 0
30 11.4725 0 0 2.3059 0.315239 -0.123449
31 0.615812 0.994372 -0.809166 -2.98541 0.434512 0.40953
32 2.24752 0 0 -0.335567 0.190255 0.12511
33 1.11936 0 0 -0.221408 0.196555 0.21566
34 3.71348 0.102639 0.102191 -1.41525 0.491996 0.0461509
35 1.72615 0 0 -0.023601 0.00017665 1.42045
36 1.21112 0 0 0.003851 0.0172106 0.8176
37 3.5992 1.06012 0.0708876 -1.55975 0.112046 -0.0302325
38 1.66069 0 0 0.0667775 0.0400759 1.25397
39 1.16699 0 0 -0.0280987 -0.0087528 0.843852
40 2.18853 -0.50104 0.0576582 -1.57821 -0.0516374 -0.0686475
41 1.29609 0 0 0.0918738 -0.0733616 0.508013
42 1.62202 -0.000713348 -0.000470161 -0.019131 -0.0134927 1.39024
43 1.2224 0 0 0.00185827 0.00560242 0.876607
44 1.76707 -1.27612 0.0366402 -1.57676 -0.0287947 -0.0316905
45 1.55587 0 0 0.182345 -0.0732428 0.573898
46 1.24273 0 0 0.0156833 -0.0814441 0.991986
47 0.784531 0 0 -0.00338085 0.00174144 0.866282
48 0 0 0 0 0 0
49 -7.52531 -11.6024 -1.93639 -0.369165 -0.722706 0.112754
50 -0.49446 -2.33627 -0.838784 0 0 0
time 16
0 1.95554 -1.67003 -7.2488 0 0 -0.814469
1 6.02794 0 0 -0.256135 0.582082 -0.672073
2 11.7344 0 0 -0.0014028 0 -2.34667
3 8.81138 -0.000450134 -0.000112534 0.852957 0 0.000157687
4 5.77839 0.000285149 0 0.571481 0 0.000110282
5 2.23164 -0.000329018 -0.00036335 0.281476 0 0
6 11.4725 0 0 0.148013 -0.854341 1.16697
7 0.615218 -0.993092 -0.8107 -3.07512 0.456349 -0.366698
8 2.24752 0 0 0.0761407 0.139583 -0.235958
9 1.11936 0 0 0.0153937 0.074166 -0.756791
10 3.71348 -0.102642 0.102191 1.46084 1.06149 -0.0713154
11 1.72615 0 0 0.00791451 -0.0050329 -1.1207
12 1.21114 0 0 0.00455941 0.0170368 -0.335954
13 3.59919 -1.06012 0.0708885 1.64658 0.693676 0.0847401
14 1.66069 0 0 -0.0551926 0.0386141 -1.06032
15 1.167 0 0 -0.0105867 0.0122119 -0.327381
16 2.18852 0.501039 0.0576591 1.57725 0.0175868 0.0875848
17 1.29609 0 0 0.0357536 -0.0302568 -1.05752
18 1.62202 0.000714779 -0.000470161 -0.000777546 0.000792692 -1.08058
19 1.22241 0 0 -0.0186212 0.0295724 -0.384016
20 1.76707 1.27612 0.0366411 1.57616 0.0615093 0.053065
21 1.55588 0 0 -0.00201217 -0.0108296 -1.00536
22 1.24274 0 0 -0.000589449 -0.000109884 -0.863722
23 0.784523 0 0 0.000130083 -0.0106703 -0.145954
24 4.3867 3.7488 -7.2488 -0.000932534 0 -2.53187
25 6.02794 0 0 0.880371 0.0152762 -0.736555
26 11.7344 0 0 0.00140277 0 1.5858
27 8.81167 0 0 2.34567 0 0
28 5.77884 0 0 1.5716 0 0
29 2.23249 0 0 0.774072 0 0
30 11.4725 0 0 2.34267 0.340879 -0.157
31 0.615812 0.994371 -0.809165 -2.98584 0.434659 0.408498
32 2.24752 0 0 -0.331886 0.195859 0.142473
33 1.11936 0 0 -0.218961 0.200437 0.229488
34 3.71349 0.102639 0.102191 -1.41394 0.509695 0.0491303
35 1.72615 0 0 -0.0237105 0.000598092 1.43571
36 1.21112 0 0 0.00415807 0.0171391 0.83548
37 3.5992 1.06012 0.0708876 -1.55974 0.127689 -0.0299272
38 1.66069 0 0 0.0673982 0.0390218 1.26967
39 1.16699 0 0 -0.0281007 -0.00843016 0.859756
40 2.18853 -0.50104 0.0576591 -1.57813 -0.0516491 -0.0701995
41 1.29609 0 0 0.090391 -0.074934 0.525876
42 1.62202 -0.000713348 -0.000469208 -0.0194219 -0.0132337 1.40578
43 1.2224 0 0 0.00186907 0.00563894 0.894483
44 1.76707 -1.27612 0.0366411 -1.57669 -0.0288082 -0.0339575
45 1.55587 0 0 0.180795 -0.076315 0.591583
46 1.24273 0 0 0.0142077 -0.0818546 1.00992
47 0.784532 0 0 -0.00361596 0.00167557 0.880527
48 0 0 0 0 0 0
49 -8.40485 -10.5735 -1.19275 -0.434905 -0.738069 0.122357
50 -0.49446 -2.33627 -0.838784 0 0 0
time 17
0 1.95904 -1.68069 -7.2488 0 0 -0.814469
1 6.02794 0 0 -0.327598 0.520296 -0.792294
2 11.7344 0 0 -0.00140287 0 -2.31698
3 8.81138 -0.000450134 -0.000111103 0.842174 0 0.000157471
4 5.77839 0.000285149 0 0.564257 0 0.000110181
5 2.23163 -0.000329971 -0.000364304 0.277917 0 0
6 11.4725 0 0 0.205145 -0.825987 1.18581
7 0.615218 -0.993092 -0.810699 -3.07719 0.465891 -0.372919
8 2.24752 0 0 0.0765977 0.130613 -0.205939
9 1.11936 0 0 0.0219598 0.0930204 -0.672098
10 3.71348 -0.102641 0.102191 1.46096 1.06088 -0.0711793
11 1.72615 0 0 0.00788774 -0.00505008 -1.11792
12 1.21114 0 0 0.00460679 0.0170241 -0.33317
13 3.59919 -1.06012 0.0708885 1.64654 0.693055 0.0846847
14 1.66069 0 0 -0.0550473 0.0387748 -1.05754
15 1.167 0 0 -0.0105299 0.0122295 -0.324597
16 2.18852 0.50104 0.0576596 1.57725 0.0173679 0.0875826
17 1.29609 0 0 0.0357345 -0.0302789 -1.0569
18 1.62202 0.000713825 -0.000471115 -0.000797816 0.000813841 -1.0778
19 1.22241 0 0 -0.0185454 0.0296368 -0.381232
20 1.76707 1.27612 0.0366411 1.57616 0.0612905 0.0530631
21 1.55588 0 0 -0.00201799 -0.0108291 -1.00474
22 1.24274 0 0 -0.000589767 -0.000108418 -0.860938
23 0.784523 0 0 0 -0.0106775 -0.14317
24 3.03985 4.10604 -7.2488 -0.000932534 0 -2.53187
25 6.02794 0 0 0.929918 0.0182876 -0.785874
26 11.7344 0 0 0.00140273 0 1.65285
27 8.81167 0 0 2.39774 0 0
28 5.77884 0 0 1.60648 0 0
29 2.23249 0 0 0.791253 0 0
30 11.4725 0 0 2.37667 0.3621 -0.218022
31 0.615812 0.994371 -0.809166 -2.9863 0.434815 0.407405
32 2.24752 0 0 -0.327457 0.202537 0.163209
33 1.11936 0 0 -0.215813 0.205222 0.247061
34 3.71349 0.102639 0.10219 -1.41222 0.530804 0.0528156
35 1.72615 0 0 -0.0238377 0.0011232 1.45464
36 1.21112 0 0 0.00452289 0.0170464 0.85682
37 3.5992 1.06012 0.0708876 -1.55972 0.146973 -0.0295788
38 1.66069 0 0 0.0681396 0.0377108 1.289
39 1.16699 0 0 -0.0281156 -0.00803812 0.87928
40 2.18853 -0.50104 0.0576591 -1.57805 -0.0516612 -0.0718732
41 1.29609 0 0 0.0886274 -0.0767922 0.547199
42 1.62202 -0.000712395 -0.000470161 -0.0197695 -0.0129061 1.42498
43 1.22241 0 0 0.00189153 0.00568478 0.915821
44 1.76707 -1.27612 0.0366402 -1.57662 -0.0288225 -0.0364026
45 1.55588 0 0 0.178935 -0.0799905 0.612688
46 1.24273 0 0 0.0124462 -0.0823445 1.03133
47 0.784531 0 0 -0.00389714 0.00159903 0.898526
48 0 0 0 0 0 0
49 -9.2317 -9.6063 -0.623121 -0.503854 -0.758634 0.132923
50 -0.49446 -2.33627 -0.838784 0 0 0
time 18
0 1.96298 -1.6915 -7.2488 0 0 -0.814469
1 6.02795 0 0 -0.357715 0.470298 -0.858241
2 11.7344 0 0 -0.00140285 0 -2.29088
3 8.81138 -0.000452042 -0.00011158 0.84898 0 0.000157875
4 5.77839 0.000285149 0 0.568817 0 0.000110475
5 2.23163 -0.000329971 -0.00036335 0.280163 0 0
6 11.4725 0 0 0.274534 -0.814629 1.16108
7 0.61522 -0.993091 -0.8107 -3.0823 0.487576 -0.387325
8 2.24752 0 0 0.0773504 0.10982 -0.137758
9 1.11936 0 0 0.0357798 0.133967 -0.478257
10 3.71348 -0.102641 0.10219 1.46064 1.06252 -0.0715407
11 1.72615 0 0 0.00795915 -0.0050042 -1.12532
12 1.21114 0 0 0.00448059 0.0170575 -0.340573
13 3.59919 -1.06012 0.0708885 1.64664 0.694707 0.0848327
14 1.66069 0 0 -0.0554327 0.0383467 -1.06493
15 1.167 0 0 -0.0106801 0.0121826 -0.331999
16 2.18852 0.501039 0.0576591 1.57725 0.0179505 0.0875881
17 1.29609 0 0 0.0357848 -0.0302197 -1.05855
18 1.62202 0.000713825 -0.000470161 -0.000744772 0.000758095 -1.0852
19 1.22241 0 0 -0.0187474 0.0294661 -0.388633
20 1.76707 1.27612 0.0366402 1.57616 0.0618729 0.0530684
21 1.55588 0 0 -0.00200301 -0.0108307 -1.00639
22 1.24273 0 0 -0.000588967 -0.000112585 -0.86834
23 0.784523 0 0 0.000199686 -0.0106582 -0.150573
24 1.62274 4.4382 -7.2488 -0.000932534 0 -2.53187
25 6.02794 0 0 0.973477 0.0345046 -0.837077
26 11.7344 0 0 0.00140269 0 1.74155
27 8.81167 0 0 2.45851 0 0
28 5.77884 0 0 1.6472 0 0
29 2.23249 0 0 0.811307 0 0
30 11.4725 0 0 2.40669 0.379166 -0.296848
31 0.615813 0.994371 -0.809166 -2.98678 0.434978 0.406257
32 2.24752 0 0 -0.322529 0.20989 0.186101
33 1.11936 0 0 -0.212122 0.210613 0.267462
34 3.71349 0.102638 0.102192 -1.41012 0.554071 0.057055
35 1.72615 0 0 -0.0239702 0.00172363 1.4762
36 1.21112 0 0 0.00492291 0.0169352 0.880363
37 3.5992 1.06012 0.0708876 -1.55968 0.16882 -0.0292219
38 1.66069 0 0 0.0689479 0.0362102 1.31087
39 1.16699 0 0 -0.0281506 -0.00760084 0.901325
40 2.18853 -0.50104 0.0576601 -1.57795 -0.051674 -0.0736643
41 1.29609 0 0 0.08669 -0.0788197 0.570726
42 1.62202 -0.000712395 -0.000470161 -0.0201486 -0.012524 1.44675
43 1.2224 0 0 0.0019285 0.00573766 0.93936
44 1.76707 -1.27612 0.0366411 -1.57655 -0.0288375 -0.0390191
45 1.55588 0 0 0.17687 -0.0840557 0.635969
46 1.24273 0 0 0.0105028 -0.0828846 1.05494
47 0.784531 0 0 -0.00420701 0.00151459 0.919315
48 0 0 0 0 0 0
49 -9.98554 -8.72447 -0.266557 -0.574723 -0.782874 0.14402
50 -0.49446 -2.33627 -0.838784 0 0 0
time 19
0 1.96737 -1.7024 -7.2488 0 0 -0.814469
1 6.02794 0 0 -0.368052 0.42883 -0.900135
2 11.7344 0 0 -0.00140285 0 -2.26468
3 8.81138 -0.000450134 -0.000112534 0.86059 0 0.0001577
4 5.77839 0.000286102 0 0.576595 0 0.000110464
5 2.23164 -0.000329018 -0.000364304 0.283995 0 0
6 11.4725 0 0 0.342663 -0.806219 1.1153
7 0.61522 -0.99309 -0.8107 -3.08846 0.511029 -0.403359
8 2.24752 0 0 0.0776932 0.0867052 -0.0640229
9 1.11936 0 0 0.0485382 0.175638 -0.266671
10 3.71348 -0.10264 0.10219 1.45982 1.0667 -0.0724661
11 1.72615 0 0 0.00813519 -0.00488366 -1.14409
12 1.21114 0 0 0.00415958 0.0171387 -0.359349
13 3.59919 -1.06012 0.0708885 1.64689 0.698894 0.0852122
14 1.66069 0 0 -0.0563956 0.0372484 -1.08369
15 1.167 0 0 -0.0110538 0.0120541 -0.350771
16 2.18852 0.50104 0.0576591 1.57725 0.0194271 0.0876015
17 1.29609 0 0 0.0359111 -0.0300693 -1.06275
18 1.62202 0.000713825 -0.000470161 -0.000616669 0.000623972 -1.10397
19 1.22241 0 0 -0.0192635 0.0290371 -0.407401
20 1.76707 1.27612 0.0366402 1.57616 0.0633496 0.0530825
21 1.55588 0 0 -0.00196462 -0.0108356 -1.01059
22 1.24273 0 0 -0.000586928 -0.000123593 -0.887114
23 0.784523 0 0 0.000478992 -0.010612 -0.169349
24 0.275899 4.7275 -7.2488 -0.000932534 0 -2.53187
25 6.02794 0 0 1.01364 0.0629017 -0.892642
26 11.7344 0 0 0.00140271 0 1.83573
27 8.81167 0 0 2.52494 0 0
28 5.77884 0 0 1.69171 0 0
29 2.23249 0 0 0.833231 0 0
30 11.4725 0 0 2.43485 0.39638 -0.373855
31 0.615813 0.994371 -0.809165 -2.98728 0.435147 0.40506
32 2.24752 0 0 -0.317354 0.217521 0.20993
33 1.11936 0 0 -0.208046 0.216322 0.28977
34 3.71349 0.102639 0.102191 -1.40769 0.578246 0.0616722
35 1.72615 0 0 -0.0240979 0.00237151 1.49933
36 1.21112 0 0 0.0053361 0.0168097 0.904849
37 3.5992 1.06012 0.0708876 -1.55963 0.192155 -0.0288856
38 1.66069 0 0 0.0697739 0.03459 1.33421
39 1.16699 0 0 -0.0282099 -0.00714124 0.924793
40 2.18853 -0.50104 0.0576591 -1.57786 -0.0516875 -0.0755682
41 1.29609 0 0 0.0846848 -0.0809024 0.5952
42 1.62202 -0.000713348 -0.000470161 -0.0205356 -0.0121043 1.47004
43 1.2224 0 0 0.00198085 0.00579512 0.963843
44 1.76707 -1.27612 0.0366402 -1.57647 -0.0288535 -0.0418003
45 1.55588 0 0 0.174708 -0.0882949 0.66018
46 1.24273 0 0 0.00848101 -0.0834467 1.07951
47 0.784531 0 0 -0.00452883 0.00142493 0.941931
48 0 0 0 0 0 0
49 -10.717 -7.86886 -0.0898626 -0.646227 -0.809263 0.155223
50 -0.49446 -2.33627 -0.838784 0 0 0
time 20
0 1.97226 -1.71332 -7.2488 0 0 -0.814469
1 6.02794 0 0 -0.374761 0.386484 -0.942163
2 11.7344 0 0 -0.00140283 0 -2.23171
3 8.81138 -0.000451088 -0.000112057 0.858073 0 0.000157755
4 5.77839 0.000286102 0 0.574909 0 0.000110706
5 2.23163 -0.000329018 -0.000364304 0.283164 0 0
6 11.4725 0 0 0.391817 -0.785084 1.07228
7 0.615219 -0.993092 -0.810699 -3.09277 0.526031 -0.413889
8 2.24752 0 0 0.0776413 0.0715851 -0.0168288
9 1.11936 0 0 0.0552409 0.201133 -0.13042
10 3.71348 -0.102642 0.102192 1.45843 1.07366 -0.0740478
11 1.72615 0 0 0.00840944 -0.00467136 -1.17542
12 1.21114 0 0 0.00362079 0.0172606 -0.390681
13 3.59919 -1.06012 0.0708885 1.64731 0.705882 0.0858574
14 1.66069 0 0 -0.057956 0.0353758 -1.11498
15 1.167 0 0 -0.0116523 0.0118115 -0.382096
16 2.18852 0.50104 0.0576591 1.57725 0.0218917 0.0876233
17 1.29609 0 0 0.0361209 -0.0298173 -1.06976
18 1.62202 0.000714302 -0.000470161 -0.000422117 0.000425519 -1.13529
19 1.22241 0 0 -0.0201396 0.0283328 -0.438723
20 1.76707 1.27612 0.0366411 1.57616 0.065814 0.0531048
21 1.55588 0 0 -0.00189904 -0.0108436 -1.0176
22 1.24273 0 0 -0.000582589 -0.000142058 -0.918441
23 0.784523 0 0 0.000933497 -0.0105394 -0.20068
24 -0.860133 4.95616 -7.2488 -0.000932534 0 -2.53187
25 6.02794 0 0 1.05291 0.101286 -0.954089
26 11.7344 0 0 0.00140271 0 1.91638
27 8.81167 0 0 2.58844 0 0
28 5.77884 0 0 1.73425 0 0
29 2.23249 0 0 0.854185 0 0
30 11.4725 0 0 2.46351 0.417634 -0.428157
31 0.615813 0.994372 -0.809165 -2.9878 0.435321 0.403821
32 2.24752 0 0 -0.312198 0.225036 0.233473
33 1.11936 0 0 -0.20375 0.222077 0.313052
34 3.71349 0.102638 0.102191 -1.40503 0.602085 0.0664536
35 1.72615 0 0 -0.0242129 0.0030368 1.52299
36 1.21112 0 0 0.00574072 0.0166757 0.92902
37 3.5992 1.06012 0.0708885 -1.55957 0.2159 -0.0285909
38 1.66069 0 0 0.0705744 0.032924 1.35792
39 1.16699 0 0 -0.0282927 -0.00668081 0.948585
40 2.18853 -0.50104 0.0576601 -1.57775 -0.0517017 -0.0775806
41 1.29609 0 0 0.0827156 -0.0829334 0.619364
42 1.62202 -0.000711441 -0.000471115 -0.0209106 -0.0116649 1.49376
43 1.22241 0 0 0.00204624 0.00585393 0.988012
44 1.76707 -1.27612 0.0366421 -1.57638 -0.0288701 -0.0447399
45 1.55587 0 0 0.172559 -0.0924905 0.684079
46 1.24273 0 0 0.00648467 -0.0840013 1.10375
47 0.78453 0 0 -0.00484621 0.00133488 0.96541
48 0 0 0 0 0 0
49 -11.4666 -6.99193 -0.0149608 -0.717078 -0.836276 0.166101
50 -0.49446 -2.33627 -0.838784 0 0 0
time 21
0 1.97766 -1.72421 -7.2488 0 0 -0.814469
1 6.02794 0 0 -0.378605 0.343373 -0.978744
2 11.7344 0 0 -0.00140289 0 -2.19171
3 8.81138 -0.000449181 -0.000111341 0.830607 0 0.000157721
4 5.77839 0.000287056 0 0.556507 0 0.000110256
5 2.23164 -0.000329018 -0.00036335 0.2741 0 0
6 11.4725 0 0 0.411039 -0.744416 1.03271
7 0.615219 -0.993091 -0.810699 -3.09325 0.527644 -0.415034
8 2.24752 0 0 0.0776228 0.0699441 -0.0117526
9 1.11936 0 0 0.0558862 0.20383 -0.115735
10 3.71348 -0.102642 0.102191 1.45607 1.0849 -0.0767034
11 1.72615 0 0 0.00880063 -0.00429982 -1.226
12 1.21114 0 0 0.00274325 0.0174216 -0.441275
13 3.59919 -1.06012 0.0708885 1.64802 0.717164 0.086932
14 1.66068 0 0 -0.0603494 0.0322519 -1.16549
15 1.167 0 0 -0.0125512 0.0113474 -0.432679
16 2.18852 0.501039 0.0576591 1.57725 0.025871 0.0876568
17 1.29609 0 0 0.0364557 -0.0294068 -1.08107
18 1.62202 0.000714302 -0.000471115 -0.000162142 0.000167673 -1.18587
19 1.22241 0 0 -0.0215926 0.027226 -0.489301
20 1.76707 1.27612 0.0366411 1.57616 0.0697933 0.053138
21 1.55588 0 0 -0.00179003 -0.0108576 -1.02891
22 1.24273 0 0 -0.000574773 -0.000171326 -0.969027
23 0.784523 0 0 0.00163791 -0.010439 -0.251271
24 -1.64482 5.10639 -7.2488 -0.000932534 0 -2.53187
25 6.02794 0 0 1.08816 0.149808 -1.01801
26 11.7344 0 0 0.00140273 0 1.97205
27 8.81167 0 0 2.63473 0 0
28 5.77884 0 0 1.76527 0 0
29 2.23249 0 0 0.869459 0 0
30 11.4725 0 0 2.48997 0.439822 -0.448902
31 0.615813 0.994373 -0.809164 -2.98833 0.4355 0.402546
32 2.24752 0 0 -0.307334 0.232044 0.255503
33 1.11936 0 0 -0.199404 0.227619 0.336371
34 3.71348 0.102639 0.10219 -1.40229 0.624349 0.0711396
35 1.72615 0 0 -0.0243106 0.00368998 1.54614
36 1.21112 0 0 0.00611601 0.0165419 0.951618
37 3.5992 1.06012 0.0708876 -1.5595 0.238977 -0.0283499
38 1.66069 0 0 0.0713132 0.0312893 1.38094
39 1.16699 0 0 -0.0283942 -0.00623946 0.971602
40 2.18853 -0.50104 0.0576591 -1.57764 -0.0517161 -0.0796966
41 1.29609 0 0 0.0808847 -0.0848097 0.641959
42 1.62202 -0.000712395 -0.000471115 -0.0212559 -0.0112259 1.51686
43 1.2224 0 0 0.00211991 0.00591011 1.01061
44 1.76707 -1.27612 0.0366411 -1.57629 -0.0288871 -0.0478313
45 1.55587 0 0 0.170537 -0.0964225 0.70642
46 1.24273 0 0 0.00461825 -0.0845198 1.12642
47 0.78453 0 0 -0.00514302 0.00124966 0.988788
48 0 0 0 0 0 0
49 -12.1992 -6.13493 -0.0135625 -0.785989 -0.862388 0.176226
50 -0.49446 -2.33627 -0.838784 0 0 0
time 22
0 1.9836 -1.73502 -7.2488 0 0 -0.814469
1 6.02794 0 0 -0.377753 0.302701 -1.00081
2 11.7344 0 0 -0.00140283 0 -2.14979
3 8.81138 -0.000450134 -0.000111818 0.784409 0 0.000157457
4 5.77839 0.000285149 0 0.525554 0 0.000109877
5 2.23164 -0.000329971 -0.00036478 0.258855 0 0
6 11.4725 0 0 0.406154 -0.691237 0.989833
7 0.615219 -0.993091 -0.8107 -3.09096 0.519876 -0.409542
8 2.24752 0 0 0.0776889 0.0778194 -0.0361952
9 1.11936 0 0 0.0526413 0.190768 -0.186396
10 3.71348 -0.102641 0.102191 1.45263 1.1003 -0.0805604
11 1.72615 0 0 0.00922966 -0.00373944 -1.29532
12 1.21114 0 0 0.00152988 0.0175698 -0.510603
13 3.59919 -1.06012 0.0708876 1.64905 0.732621 0.0884739
14 1.66068 0 0 -0.0633664 0.0277831 -1.23469
15 1.167 0 0 -0.0136401 0.0105728 -0.501992
16 2.18852 0.50104 0.0576582 1.57725 0.0313244 0.0876991
17 1.29609 0 0 0.0369069 -0.0288383 -1.09656
18 1.62202 0.00071454 -0.000470161 0 0 -1.25518
19 1.22241 0 0 -0.0236644 0.0257665 -0.558614
20 1.76707 1.27612 0.0366411 1.57617 0.0752464 0.0531783
21 1.55588 0 0 -0.00163426 -0.0108782 -1.04441
22 1.24274 0 0 -0.000561659 -0.000210783 -1.03835
23 0.784523 0 0 0.00254488 -0.0103366 -0.320594
24 -1.93761 5.16042 -7.2488 -0.000932534 0 -2.53187
25 6.02794 0 0 1.11528 0.20604 -1.07776
26 11.7344 0 0 0.00140267 0 1.98966
27 8.81167 0 0 2.64754 0 0
28 5.77884 0 0 1.77385 0 0
29 2.23249 0 0 0.873687 0 0
30 11.4725 0 0 2.50921 0.457536 -0.428158
31 0.615813 0.994371 -0.809165 -2.98888 0.435683 0.401242
32 2.24752 0 0 -0.303046 0.23816 0.274788
33 1.11936 0 0 -0.19518 0.232708 0.358776
34 3.71349 0.102638 0.10219 -1.39968 0.643802 0.0754231
35 1.72615 0 0 -0.0243877 0.00430131 1.56773
36 1.21112 0 0 0.00644189 0.0164178 0.971385
37 3.5992 1.06011 0.0708885 -1.55944 0.260308 -0.0281659
38 1.66069 0 0 0.0719614 0.0297661 1.40217
39 1.16699 0 0 -0.0285046 -0.00583628 0.992747
40 2.18853 -0.50104 0.0576591 -1.57753 -0.0517314 -0.081912
41 1.29609 0 0 0.0792912 -0.0864335 0.661726
42 1.62202 -0.000713348 -0.000469208 -0.0215583 -0.0108098 1.53826
43 1.22241 0 0 0.0021941 0.00596078 1.03037
44 1.76707 -1.27612 0.0366411 -1.5762 -0.0289047 -0.0510675
45 1.55587 0 0 0.168756 -0.0998692 0.725961
46 1.24273 0 0 0.00298535 -0.0849731 1.14625
47 0.784532 0 0 -0.00540385 0.00117626 1.0111
48 0 0 0 0 0 0
49 -12.8795 -5.33911 -0.057378 -0.851673 -0.886072 0.18517
50 -0.49446 -2.33627 -0.838784 0 0 0
time 23
0 1.99011 -1.74569 -7.2488 0 0 -0.814469
1 6.02794 0 0 -0.374624 0.2634 -1.01154
2 11.7344 0 0 -0.00140283 0 -2.10549
3 8.81138 -0.000449181 -0.000112057 0.725167 0 0.000157885
4 5.77839 0.000286102 0 0.485862 0 0.000109752
5 2.23163 -0.000328064 -0.000364304 0.239305 0 0
6 11.4725 0 0 0.383733 -0.631852 0.942318
7 0.615219 -0.993091 -0.810699 -3.08709 0.50602 -0.399893
8 2.24752 0 0 0.0776627 0.0916948 -0.0797704
9 1.11936 0 0 0.0460337 0.166941 -0.312006
10 3.71348 -0.102642 0.102192 1.44843 1.1177 -0.0852546
11 1.72615 0 0 0.00956213 -0.00304334 -1.3737
12 1.21114 0 0 0.000149305 0.0176356 -0.589
13 3.59919 -1.06012 0.0708885 1.65029 0.750096 0.0903168
14 1.66069 0 0 -0.0663954 0.022493 -1.31291
15 1.167 0 0 -0.0146599 0.00951727 -0.580373
16 2.18852 0.501038 0.0576591 1.57725 0.037491 0.0877422
17 1.29609 0 0 0.0374065 -0.0281872 -1.11409
18 1.62202 0.000714064 -0.000471115 0.000182198 -0.000170399 -1.33356
19 1.22241 0 0 -0.0261243 0.024188 -0.637001
20 1.76707 1.27612 0.0366411 1.57617 0.0814131 0.0532162
21 1.55588 0 0 -0.00144892 -0.0109039 -1.06194
22 1.24273 0 0 -0.000543168 -0.000254055 -1.11673
23 0.784523 0 0 0.00349338 -0.0102746 -0.398984
24 -1.93761 5.16042 -7.2488 -0.000932534 0 -2.53187
25 6.02794 0 0 1.13435 0.259429 -1.12681
26 11.7344 0 0 0.00140269 0 1.98401
27 8.81167 0 0 2.63869 0 0
28 5.77884 0 0 1.76792 0 0
29 2.23249 0 0 0.870768 0 0
30 11.4725 0 0 2.51922 0.46834 -0.391658
31 0.615812 0.994371 -0.809165 -2.98944 0.435867 0.399915
32 2.24752 0 0 -0.299622 0.243001 0.290093
33 1.11936 0 0 -0.191253 0.237123 0.379309
34 3.71349 0.102638 0.102191 -1.39747 0.659215 0.0789505
35 1.72615 0 0 -0.0244446 0.00483988 1.58671
36 1.21112 0 0 0.00669837 0.0163147 0.987063
37 3.5992 1.06012 0.0708876 -1.55938 0.278816 -0.0280346
38 1.66069 0 0 0.0724961 0.0284375 1.42054
39 1.16699 0 0 -0.0286104 -0.00548922 1.01092
40 2.18853 -0.50104 0.0576591 -1.57741 -0.0517468 -0.0842219
41 1.29609 0 0 0.0780332 -0.0877098 0.677404
42 1.62202 -0.000712395 -0.000471115 -0.0218075 -0.0104401 1.55689
43 1.2224 0 0 0.00225974 0.00600128 1.04605
44 1.76707 -1.27612 0.0366402 -1.5761 -0.028923 -0.0544421
45 1.55587 0 0 0.167338 -0.102607 0.741458
46 1.24273 0 0 0.00169026 -0.0853324 1.16198
47 0.784531 0 0 -0.00561388 0.00112293 1.03139
48 0 0 0 0 0 0
49 -13.4723 -4.64571 -0.118118 -0.912844 -0.905803 0.192505
50 -0.49446 -2.33627 -0.838784 0 0 0
time 24
0 1.9972 -1.75615 -7.2488 0 0 -0.814469
1 6.02794 0 0 -0.370437 0.224977 -1.01515
2 11.7344 0 0 -0.00140289 0 -2.05829
3 8.81138 -0.000449181 -0.00011158 0.660998 0 0.00015736
4 5.77839 0.000287056 0 0.442868 0 0.000109071
5 2.23163 -0.000329018 -0.00036335 0.218129 0 0
6 11.4725 0 0 0.35667 -0.571006 0.886599
7 0.615219 -0.993091 -0.810699 -3.08275 0.48938 -0.388541
8 2.24752 0 0 0.0773945 0.108065 -0.132085
9 1.11936 0 0 0.0368495 0.137263 -0.462046
10 3.71348 -0.102641 0.102191 1.44388 1.13496 -0.0903003
11 1.72615 0 0 0.00972701 -0.00230038 -1.45149
12 1.21114 0 0 -0.00122187 0.0175937 -0.6668
13 3.59919 -1.06012 0.0708885 1.65162 0.767434 0.0922572
14 1.66069 0 0 -0.0689838 0.017025 -1.39052
15 1.167 0 0 -0.0154366 0.008299 -0.658156
16 2.18852 0.50104 0.0576591 1.57725 0.043611 0.0877796
17 1.29609 0 0 0.0378909 -0.0275324 -1.13148
18 1.62202 0.000713825 -0.000471115 0 -0.000123688 -1.41135
19 1.22241 0 0 -0.0286938 0.0226869 -0.714799
20 1.76707 1.27612 0.0366411 1.57617 0.0875333 0.0532461
21 1.55588 0 0 -0.0012551 -0.0109313 -1.07934
22 1.24273 0 0 -0.000521826 -0.00029558 -1.19452
23 0.784523 0 0 0.00435819 -0.010276 -0.476776
24 -1.93761 5.16042 -7.2488 -0.000932534 0 -2.53187
25 6.02794 0 0 1.14587 0.311609 -1.16677
26 11.7344 0 0 0.0014026 0 1.98403
27 8.81167 0 0 2.62938 0 0
28 5.77884 0 0 1.76169 0 0
29 2.23249 0 0 0.867696 0 0
30 11.4725 0 0 2.52344 0.469633 -0.366988
31 0.615813 0.994372 -0.809165 -2.99 0.436054 0.398572
32 2.24752 0 0 -0.297356 0.246185 0.300183
33 1.11936 0 0 -0.187802 0.240652 0.397008
34 3.71349 0.10264 0.102192 -1.39594 0.669363 0.0813403
35 1.72615 0 0 -0.0244832 0.00527564 1.60204
36 1.21112 0 0 0.00686656 0.0162447 0.997391
37 3.5992 1.06012 0.0708895 -1.55934 0.293423 -0.0279466
38 1.66069 0 0 0.0728987 0.027387 1.43497
39 1.16699 0 0 -0.0286947 -0.00521657 1.02502
40 2.18853 -0.50104 0.0576591 -1.57729 -0.0517624 -0.0866225
41 1.29609 0 0 0.0772069 -0.088545 0.687735
42 1.62202 -0.000711441 -0.000471115 -0.0219957 -0.010141 1.57168
43 1.22241 0 0 0.00230607 0.00602799 1.05638
44 1.76707 -1.27612 0.0366411 -1.576 -0.0289412 -0.0579488
45 1.55587 0 0 0.166399 -0.104414 0.751668
46 1.24273 0 0 0.000836606 -0.0855692 1.17234
47 0.78453 0 0 -0.00575754 0.00109947 1.04868
48 0 0 0 0 0 0
49 -13.983 -4.06697 -0.226983 -0.976325 -0.922771 0.204697
50 -0.49446 -2.33627 -0.838784 0 0 0
time 25
0 2.00492 -1.76636 -7.2488 0 0 -0.814469
1 6.02794 0 0 -0.365911 0.186444 -1.01895
2 11.7344 0 0 -0.0014028 0 -2.00649
3 8.81138 -0.000450134 -0.00011158 0.599476 0 0.000158046
4 5.77839 0.000287056 0 0.401649 0 0.000109096
5 2.23163 -0.000328064 -0.00036478 0.197827 0 0
6 11.4725 0 0 0.334649 -0.512039 0.823573
7 0.61522 -0.99309 -0.810699 -3.07887 0.473297 -0.377796
8 2.24752 0 0 0.0769002 0.123576 -0.182651
9 1.11936 0 0 0.0268661 0.107291 -0.606109
10 3.71348 -0.102641 0.102192 1.43958 1.14993 -0.0950322
11 1.72615 0 0 0.00973389 -0.00162259 -1.51901
12 1.21114 0 0 -0.0024064 0.0174714 -0.734338
13 3.59919 -1.06012 0.0708885 1.65286 0.782483 0.0940359
14 1.66069 0 0 -0.0708807 0.0121278 -1.45787
15 1.167 0 0 -0.015911 0.00711765 -0.725679
16 2.18852 0.50104 0.0576591 1.57726 0.0489239 0.0878077
17 1.29609 0 0 0.0383023 -0.0269572 -1.14657
18 1.62202 0.000713825 -0.000471115 -0.00014578 0 -1.47889
19 1.22241 0 0 -0.0310315 0.0214292 -0.78234
20 1.76707 1.27612 0.0366411 1.57617 0.0928465 0.0532654
21 1.55588 0 0 -0.00107906 -0.0109567 -1.09444
22 1.24273 0 0 -0.000500759 -0.000330019 -1.26205
23 0.784523 0 0 0.00505073 -0.0103325 -0.544306
24 -1.93761 5.16042 -7.2488 -0.000932534 0 -2.53187
25 6.02794 0 0 1.14938 0.370348 -1.19996
26 11.7344 0 0 0.00140263 0 1.99286
27 8.81167 0 0 2.61928 0 0
28 5.77884 0 0 1.75492 0 0
29 2.23249 0 0 0.864361 0 0
30 11.4725 0 0 2.52209 0.460462 -0.352792
31 0.615812 0.994371 -0.809165 -2.99057 0.43624 0.397219
32 2.24752 0 0 -0.296537 0.247332 0.30382
33 1.11936 0 0 -0.185004 0.243098 0.410904
34 3.71349 0.102639 0.102191 -1.39537 0.673019 0.0822148
35 1.72615 0 0 -0.0245057 0.00557808 1.61267
36 1.21112 0 0 0.00692703 0.0162192 1.00111
37 3.5992 1.06012 0.0708885 -1.55931 0.30305 -0.0278893
38 1.66069 0 0 0.0731529 0.0266993 1.44437
39 1.16699 0 0 -0.0287404 -0.00503588 1.03396
40 2.18853 -0.50104 0.0576601 -1.57716 -0.0517784 -0.0891087
41 1.29609 0 0 0.0769097 -0.0888451 0.691458
42 1.62202 -0.000711441 -0.000469208 -0.022115 -0.00993767 1.58157
43 1.22241 0 0 0.00232338 0.00603769 1.0601
44 1.76707 -1.27612 0.0366421 -1.57589 -0.0289601 -0.0615809
45 1.55587 0 0 0.16606 -0.105065 0.755348
46 1.24273 0 0 0.000529068 -0.0856544 1.17607
47 0.784531 0 0 -0.00582031 0.0011156 1.06202
48 0 0 0 0 0 0
49 -14.4386 -3.58317 -0.422689 -1.04779 -0.939302 0.226302
50 -0.49446 -2.33627 -0.838784 0 0 0
time 26
0 2.01327 -1.77625 -7.2488 0 0 -0.814469
1 6.02794 0 0 -0.360622 0.147586 -1.02808
2 11.7344 0 0 -0.00140287 0 -1.95086
3 8.81138 -0.000450134 -0.00011158 0.546997 0 0.000157467
4 5.77839 0.000287056 0 0.366488 0 0.000108378
5 2.23163 -0.000329018 -0.000363827 0.180509 0 0
6 11.4725 0 0 0.319802 -0.459941 0.758495
7 0.615219 -0.993091 -0.810699 -3.07615 0.461152 -0.369821
8 2.24752 0 0 0.0763801 0.135082 -0.220846
9 1.11936 0 0 0.0187308 0.0837237 -0.714207
10 3.71348 -0.102641 0.102192 1.43635 1.16048 -0.0985841
11 1.72615 0 0 0.0096618 -0.00113155 -1.56661
12 1.21114 0 0 -0.00323523 0.017337 -0.781949
13 3.59919 -1.06012 0.0708885 1.65378 0.793088 0.0953454
14 1.66069 0 0 -0.0720177 0.00860431 -1.50534
15 1.167 0 0 -0.0161296 0.00622326 -0.773278
16 2.18852 0.50104 0.0576591 1.57726 0.0526691 0.0878253
17 1.29609 0 0 0.0385872 -0.0265479 -1.15721
18 1.62202 0.000713825 -0.000470161 -0.00040928 0.0001895 -1.5265
19 1.22241 0 0 -0.0327411 0.0205644 -0.829955
20 1.76707 1.27612 0.0366411 1.57618 0.0965917 0.0532756
21 1.55588 0 0 -0.000950573 -0.0109756 -1.10508
22 1.24273 0 0 -0.000484647 -0.000353196 -1.30965
23 0.784523 0 0 0.00550881 -0.0104046 -0.591911
24 -1.93761 5.16042 -7.2488 -0.000932534 0 -2.53187
25 6.02794 0 0 1.14829 0.434392 -1.22727
26 11.7344 0 0 0.00140265 0 2.00912
27 8.81167 0 0 2.60732 0 0
28 5.77884 0 0 1.74691 0 0
29 2.23249 0 0 0.860417 0 0
30 11.4725 0 0 2.51496 0.446222 -0.347494
31 0.615814 0.994371 -0.809164 -2.99115 0.436427 0.395862
32 2.24752 0 0 -0.296801 0.247132 0.302646
33 1.11936 0 0 -0.182481 0.244929 0.423094
34 3.71349 0.102638 0.10219 -1.39565 0.670913 0.0818132
35 1.72615 0 0 -0.0245207 0.00580336 1.62058
36 1.21112 0 0 0.00691959 0.0162222 1.00067
37 3.5992 1.06012 0.0708895 -1.55928 0.309458 -0.0278541
38 1.66069 0 0 0.0733201 0.0262364 1.45069
39 1.16699 0 0 -0.0287606 -0.00491147 1.03966
40 2.18853 -0.50104 0.0576582 -1.57702 -0.0517944 -0.0916761
41 1.29609 0 0 0.0770868 -0.0886524 0.68887
42 1.62202 -0.000713348 -0.000469208 -0.0221946 -0.00979234 1.5885
43 1.22241 0 0 0.00231126 0.00603294 1.05959
44 1.76707 -1.27612 0.0366402 -1.57579 -0.0289787 -0.0653314
45 1.55588 0 0 0.16628 -0.104498 0.751896
46 1.24273 0 0 0.000639941 -0.0856537 1.17525
47 0.784531 0 0 -0.00582542 0.00115696 1.07348
48 0 0 0 0 0 0
49 -14.8362 -3.18764 -0.688216 -1.12421 -0.955582 0.254028
50 -0.49446 -2.33627 -0.838784 0 0 0
time 27
0 2.0223 -1.78576 -7.2488 0 0 -0.814469
1 6.02795 0 0 -0.353293 0.108866 -1.04664
2 11.7344 0 0 -0.00140286 0 -1.89193
3 8.81138 -0.000450134 -0.00011158 0.510285 0 0.000157927
4 5.77839 0.000285149 0 0.341891 0 0.000108532
5 2.23163 -0.000329018 -0.00036335 0.168394 0 0
6 11.4725 0 0 0.314495 -0.420179 0.694948
7 0.61522 -0.993092 -0.810699 -3.07512 0.456349 -0.366698
8 2.24752 0 0 0.0761408 0.139583 -0.235958
9 1.11936 0 0 0.0153937 0.0741661 -0.756791
10 3.71348 -0.102641 0.102192 1.43507 1.16447 -0.0999773
11 1.72615 0 0 0.00961784 -0.000943651 -1.58463
12 1.21114 0 0 -0.00354709 0.0172759 -0.799967
13 3.59919 -1.06012 0.0708895 1.65414 0.797102 0.0958536
14 1.66069 0 0 -0.0724042 0.00725729 -1.5233
15 1.167 0 0 -0.0161866 0.00587248 -0.791292
16 2.18852 0.501039 0.0576601 1.57726 0.0540864 0.0878315
17 1.29609 0 0 0.0386936 -0.0263924 -1.16124
18 1.62202 0.000713348 -0.000471115 -0.000529929 0.000261975 -1.54451
19 1.22241 0 0 -0.0334012 0.0202408 -0.847975
20 1.76707 1.27612 0.0366421 1.57618 0.0980093 0.0532787
21 1.55588 0 0 -0.000900901 -0.0109828 -1.10911
22 1.24274 0 0 -0.000478061 -0.000362165 -1.32767
23 0.784523 0 0 0.00567584 -0.0104397 -0.609926
24 -1.93761 5.16042 -7.2488 -0.000932534 0 -2.53187
25 6.02794 0 0 1.14605 0.501801 -1.24898
26 11.7344 0 0 0.00140262 0 2.02983
27 8.81167 0 0 2.59182 0 0
28 5.77884 0 0 1.73652 0 0
29 2.23249 0 0 0.8553 0 0
30 11.4725 0 0 2.50183 0.43159 -0.348469
31 0.615813 0.994373 -0.809165 -2.99172 0.436613 0.394509
32 2.24752 0 0 -0.297559 0.246548 0.299277
33 1.11936 0 0 -0.179753 0.246733 0.436217
34 3.71348 0.102639 0.10219 -1.39644 0.664868 0.0806635
35 1.72615 0 0 -0.0245337 0.00602681 1.62843
36 1.21112 0 0 0.00689819 0.0162313 0.999346
37 3.5992 1.06012 0.0708876 -1.55922 0.315164 -0.0278368
38 1.66069 0 0 0.073473 0.0258042 1.45657
39 1.16699 0 0 -0.0287805 -0.00479487 1.04482
40 2.18853 -0.50104 0.0576591 -1.57689 -0.0518108 -0.0943203
41 1.29609 0 0 0.0775953 -0.0880967 0.681447
42 1.62202 -0.000713348 -0.000470161 -0.0222681 -0.00965151 1.59515
43 1.22241 0 0 0.00227592 0.00601849 1.05808
44 1.76707 -1.27612 0.0366402 -1.57567 -0.0289979 -0.0691943
45 1.55588 0 0 0.166908 -0.102865 0.741993
46 1.24273 0 0 0.000957946 -0.0856501 1.17284
47 0.784532 0 0 -0.00580689 0.00120166 1.08571
48 0 0 0 0 0 0
49 -15.1728 -2.87371 -1.00655 -1.20257 -0.971793 0.284579
50 -0.49446 -2.33627 -0.838784 0 0 0
time 28
0 2.03201 -1.79485 -7.2488 0 0 -0.814469
1 6.02794 0 0 -0.343008 0.0727594 -1.06906
2 11.7344 0 0 -0.00140283 0 -1.8323
3 8.81138 -0.000450134 -0.000112534 0.483461 0 0.00015685
4 5.77839 0.000285149 0 0.323919 0 0.000107634
5 2.23163 -0.000330925 -0.00036478 0.159542 0 0
6 11.4725 0 0 0.31358 -0.389257 0.631348
7 0.615219 -0.99309 -0.810699 -3.07512 0.456349 -0.366698
8 2.24752 0 0 0.0761407 0.139583 -0.235958
9 1.11936 0 0 0.0153937 0.0741661 -0.756791
10 3.71348 -0.10264 0.102191 1.43507 1.16447 -0.0999769
11 1.72615 0 0 0.00961792 -0.000943737 -1.58463
12 1.21114 0 0 -0.0035469 0.0172759 -0.799967
13 3.59919 -1.06012 0.0708885 1.65414 0.797101 0.0958534
14 1.66069 0 0 -0.0724042 0.00725722 -1.5233
15 1.167 0 0 -0.0161866 0.00587248 -0.791292
16 2.18852 0.501039 0.0576601 1.57726 0.0540865 0.0878314
17 1.29609 0 0 0.0386936 -0.0263924 -1.16124
18 1.62202 0.000713825 -0.000472069 -0.000529887 0.000262016 -1.54451
19 1.22241 0 0 -0.0334014 0.0202408 -0.847976
20 1.76707 1.27612 0.0366421 1.57618 0.0980093 0.0532786
21 1.55588 0 0 -0.000900969 -0.0109828 -1.10911
22 1.24273 0 0 -0.000478171 -0.000362024 -1.32767
23 0.784523 0 0 0.00567619 -0.0104397 -0.609926
24 -1.93761 5.16042 -7.2488 -0.000932534 0 -2.53187
25 6.02794 0 0 1.14531 0.571493 -1.26473
26 11.7344 0 0 0.00140278 0 2.05505
27 8.81167 0 0 2.57161 0 0
28 5.77884 0 0 1.72298 0 0
29 2.23249 0 0 0.84863 0 0
30 11.4725 0 0 2.48145 0.419125 -0.356522
31 0.615811 0.994371 -0.809165 -2.99229 0.436796 0.393165
32 2.24752 0 0 -0.298756 0.2456 0.293949
33 1.11936 0 0 -0.176838 0.248494 0.450116
34 3.71348 0.102638 0.102191 -1.39766 0.6553 0.0788613
35 1.72615 0 0 -0.0245449 0.00624741 1.63617
36 1.21112 0 0 0.00686311 0.0162462 0.997184
37 3.5992 1.06011 0.0708876 -1.55914 0.320228 -0.0278343
38 1.66069 0 0 0.0736127 0.0254022 1.46202
39 1.16699 0 0 -0.0287994 -0.00468632 1.04946
40 2.18853 -0.50104 0.0576601 -1.57675 -0.0518271 -0.0970366
41 1.29609 0 0 0.0784025 -0.0872094 0.669697
42 1.62202 -0.000712395 -0.000470161 -0.0223357 -0.00951525 1.60149
43 1.22241 0 0 0.00221792 0.00599476 1.05562
44 1.76707 -1.27612 0.0366411 -1.57556 -0.0290171 -0.0731624
45 1.55587 0 0 0.167897 -0.100271 0.726317
46 1.24273 0 0 0.00146142 -0.0856423 1.16896
47 0.784531 0 0 -0.00576743 0.0012494 1.09856
48 0 0 0 0 0 0
49 -15.4453 -2.6347 -1.36066 -1.27984 -0.988121 0.314664
50 -0.49446 -2.33627 -0.838784 0 0 0
time 29
0 2.04245 -1.80344 -7.2488 0 0 -0.814469
1 6.02794 0 0 -0.330247 0.041291 -1.0884
2 11.7344 0 0 -0.00140281 0 -1.77364
3 8.81138 -0.000451088 -0.000112057 0.455965 0 0.000157291
4 5.77839 0.000287056 0 0.305497 0 0.000107774
5 2.23163 -0.000328064 -0.00036335 0.150469 0 0
6 11.4725 0 0 0.30951 -0.360542 0.564609
7 0.615219 -0.993091 -0.8107 -3.07512 0.456349 -0.366698
8 2.24752 0 0 0.0761409 0.139583 -0.235958
9 1.11936 0 0 0.0153936 0.0741659 -0.756791
10 3.71348 -0.10264 0.102191 1.43507 1.16447 -0.0999771
11 1.72615 0 0 0.00961779 -0.000943609 -1.58463
12 1.21114 0 0 -0.0035469 0.0172759 -0.799967
13 3.59919 -1.06012 0.0708876 1.65414 0.797102 0.0958532
14 1.66069 0 0 -0.0724042 0.00725718 -1.5233
15 1.167 0 0 -0.0161866 0.00587248 -0.791292
16 2.18852 0.50104 0.0576582 1.57726 0.0540865 0.0878313
17 1.29609 0 0 0.0386933 -0.0263924 -1.16124
18 1.62202 0.000713348 -0.000470161 -0.000529886 0.000262101 -1.54451
19 1.22241 0 0 -0.0334014 0.0202408 -0.847976
20 1.76707 1.27612 0.0366411 1.57618 0.0980092 0.0532784
21 1.55588 0 0 -0.000901388 -0.010983 -1.10911
22 1.24273 0 0 -0.000477993 -0.000361961 -1.32767
23 0.784523 0 0 0.00567588 -0.0104397 -0.609926
24 -1.93761 5.16042 -7.2488 -0.000932534 0 -2.53187
25 6.02794 0 0 1.14877 0.642279 -1.27375
26 11.7344 0 0 0.0014027 0 2.08482
27 8.81167 0 0 2.54559 0 0
28 5.77884 0 0 1.70554 0 0
29 2.23249 0 0 0.840044 0 0
30 11.4725 0 0 2.45263 0.410585 -0.372389
31 0.615811 0.994372 -0.809165 -2.99285 0.436977 0.391837
32 2.24752 0 0 -0.300337 0.244309 0.286893
33 1.11936 0 0 -0.173756 0.250196 0.464638
34 3.71348 0.102639 0.10219 -1.39923 0.64262 0.0765111
35 1.72615 0 0 -0.024554 0.00646461 1.64378
36 1.21112 0 0 0.00681488 0.0162664 0.994215
37 3.5992 1.06012 0.0708876 -1.55905 0.324711 -0.0278434
38 1.66069 0 0 0.07374 0.0250295 1.46707
39 1.16699 0 0 -0.0288171 -0.00458484 1.05362
40 2.18853 -0.50104 0.0576591 -1.5766 -0.0518435 -0.0998208
41 1.29609 0 0 0.0794766 -0.0860203 0.65413
42 1.62202 -0.000713348 -0.000469208 -0.0223978 -0.00938406 1.60753
43 1.2224 0 0 0.00213872 0.00596232 1.05224
44 1.76707 -1.27612 0.0366411 -1.57544 -0.0290363 -0.0772295
45 1.55587 0 0 0.169198 -0.0968211 0.705548
46 1.24273 0 0 0.00212863 -0.0856279 1.16372
47 0.784531 0 0 -0.00570866 0.00129969 1.11191
48 0 0 0 0 0 0
49 -15.6507 -2.46395 -1.73354 -1.35302 -1.00475 0.340988
50 -0.49446 -2.33627 -0.838784 0 0 0
time 30
0 2.05363 -1.81149 -7.2488 0 0 -0.814469
1 6.02794 0 0 -0.315389 0.014729 -1.10569
2 11.7344 0 0 -0.00140289 0 -1.71523
3 8.81138 -0.000452042 -0.000112057 0.42719 0 0.000158306
4 5.77839 0.000285149 0 0.286217 0 0.000108242
5 2.23163 -0.000329018 -0.000364304 0.140973 0 0
6 11.4725 0 0 0.301581 -0.335124 0.494736
7 0.61522 -0.993092 -0.810699 -3.07512 0.456349 -0.366698
8 2.24752 0 0 0.0761407 0.139583 -0.235958
9 1.11936 0 0 0.0153936 0.074166 -0.756791
10 3.71348 -0.102643 0.102192 1.43507 1.16447 -0.0999774
11 1.72615 0 0 0.00961783 -0.000943567 -1.58463
12 1.21114 0 0 -0.003547 0.017276 -0.799967
13 3.59919 -1.06012 0.0708885 1.65414 0.797102 0.0958534
14 1.66069 0 0 -0.0724041 0.00725743 -1.5233
15 1.167 0 0 -0.0161868 0.00587237 -0.791292
16 2.18852 0.501038 0.0576601 1.57726 0.0540864 0.0878314
17 1.29609 0 0 0.0386935 -0.0263924 -1.16124
18 1.62202 0.000713825 -0.000471115 -0.00052997 0.000262102 -1.54451
19 1.22241 0 0 -0.0334013 0.0202408 -0.847976
20 1.76707 1.27612 0.0366421 1.57618 0.0980093 0.0532785
21 1.55588 0 0 -0.000900918 -0.0109827 -1.10911
22 1.24273 0 0 -0.000478134 -0.000362071 -1.32767
23 0.784523 0 0 0.00567614 -0.0104396 -0.609926
24 -1.93761 5.16042 -7.2488 -0.000932534 0 -2.53187
25 6.02794 0 0 1.15917 0.713412 -1.27495
26 11.7344 0 0 0.00140274 0 2.1205
27 8.81167 0 0 2.51306 0 0
28 5.77884 0 0 1.68375 0 0
29 2.23249 0 0 0.82931 0 0
30 11.4725 0 0 2.41417 0.406971 -0.397676
31 0.615812 0.994371 -0.809165 -2.99341 0.437154 0.390531
32 2.24752 0 0 -0.302247 0.242697 0.278344
33 1.11936 0 0 -0.170528 0.251827 0.479626
34 3.71348 0.102638 0.102189 -1.40105 0.627239 0.0737208
35 1.72615 0 0 -0.0245616 0.00667718 1.65124
36 1.21112 0 0 0.00675379 0.0162918 0.990468
37 3.5992 1.06012 0.0708866 -1.55895 0.328673 -0.0278603
38 1.66069 0 0 0.0738558 0.0246854 1.47173
39 1.16699 0 0 -0.0288337 -0.004491 1.05731
40 2.18853 -0.50104 0.0576582 -1.57645 -0.0518597 -0.102668
41 1.29609 0 0 0.0807854 -0.0845585 0.635257
42 1.62202 -0.000713348 -0.000470161 -0.0224544 -0.00925806 1.61327
43 1.22241 0 0 0.00203911 0.0059213 1.04797
44 1.76707 -1.27612 0.0366402 -1.57532 -0.0290553 -0.081389
45 1.55587 0 0 0.170759 -0.0926221 0.680365
46 1.24273 0 0 0.00293744 -0.0856056 1.15724
47 0.78453 0 0 -0.00563333 0.00135191 1.12561
48 0 0 0 0 0 0
49 -15.7861 -2.35478 -2.10817 -1.41907 -1.02186 0.360259
50 -0.49446 -2.33627 -0.838784 0 0 0
time 31
0 2.06558 -1.81894 -7.2488 0 0 -0.814469
1 6.02794 0 0 -0.298823 -0.00657174 -1.12103
2 11.7344 0 0 -0.00140284 0 -1.65784
3 8.81138 -0.000449181 -0.00011158 0.396408 0 0.000157433
4 5.77839 0.000286102 0 0.265593 0 0.000107556
5 2.23163 -0.000329018 -0.000363827 0.130815 0 0
6 11.4725 0 0 0.289326 -0.314023 0.422279
7 0.615218 -0.99309 -0.810699 -3.07512 0.456349 -0.366698
8 2.24752 0 0 0.0761407 0.139583 -0.235958
9 1.11936 0 0 0.0153938 0.0741661 -0.756791
10 3.71348 -0.102642 0.102191 1.43507 1.16447 -0.099977
11 1.72615 0 0 0.00961794 -0.000943884 -1.58463
12 1.21114 0 0 -0.00354697 0.0172759 -0.799967
13 3.59919 -1.06012 0.0708885 1.65414 0.797101 0.0958535
14 1.66069 0 0 -0.0724041 0.00725692 -1.5233
15 1.167 0 0 -0.0161867 0.00587241 -0.791292
16 2.18852 0.50104 0.0576591 1.57726 0.0540863 0.0878313
17 1.29609 0 0 0.0386934 -0.0263924 -1.16124
18 1.62202 0.000713825 -0.000471115 -0.000529721 0.000261761 -1.54451
19 1.22241 0 0 -0.0334013 0.0202408 -0.847976
20 1.76707 1.27612 0.0366411 1.57618 0.0980089 0.0532784
21 1.55588 0 0 -0.000901133 -0.0109827 -1.10911
22 1.24273 0 0 -0.000478024 -0.000362212 -1.32767
23 0.784523 0 0 0.00567606 -0.0104397 -0.609926
24 -1.93761 5.16042 -7.2488 -0.000932534 0 -2.53187
25 6.02794 0 0 1.18055 0.783387 -1.26535
26 11.7344 0 0 0.00140267 0 2.16201
27 8.81167 0 0 2.47251 0 0
28 5.77884 0 0 1.65658 0 0
29 2.23249 0 0 0.815929 0 0
30 11.4725 0 0 2.36437 0.408905 -0.433741
31 0.615812 0.994371 -0.809164 -2.99395 0.437326 0.389254
32 2.24752 0 0 -0.304432 0.240784 0.268534
33 1.11936 0 0 -0.167173 0.253375 0.494924
34 3.71349 0.102639 0.102191 -1.40305 0.609568 0.0705934
35 1.72615 0 0 -0.0245671 0.00688387 1.65849
36 1.21112 0 0 0.00668058 0.0163219 0.985978
37 3.5992 1.06012 0.0708885 -1.55885 0.332173 -0.0278828
38 1.66069 0 0 0.0739606 0.0243689 1.47601
39 1.16699 0 0 -0.0288488 -0.00440422 1.06057
40 2.18853 -0.50104 0.0576591 -1.5763 -0.0518761 -0.105574
41 1.29609 0 0 0.0822974 -0.0828531 0.613586
42 1.62202 -0.000712395 -0.000470161 -0.0225055 -0.00913739 1.61869
43 1.22241 0 0 0.00192034 0.00587213 1.04285
44 1.76707 -1.27612 0.0366421 -1.5752 -0.0290743 -0.085634
45 1.55588 0 0 0.172531 -0.0877804 0.651444
46 1.24273 0 0 0.00386639 -0.0855733 1.14962
47 0.784531 0 0 -0.00554396 0.00140613 1.13953
48 0 0 0 0 0 0
49 -15.8485 -2.30052 -2.46752 -1.47498 -1.03963 0.369182
50 -0.49446 -2.33627 -0.838784 0 0 0
time 32
0 2.07833 -1.82573 -7.2488 0 0 -0.814469
1 6.02794 0 0 -0.28104 -0.0227685 -1.13531
2 11.7344 0 0 -0.00140285 0 -1.60025
3 8.81138 -0.000450134 -0.000112057 0.362448 0 0.000157501
4 5.77839 0.000286102 0 0.24284 0 0.00010738
5 2.23163 -0.000329971 -0.000363827 0.119608 0 0
6 11.4725 0 0 0.272429 -0.297973 0.346761
7 0.615219 -0.993091 -0.8107 -3.07512 0.456349 -0.366698
8 2.24752 0 0 0.0761406 0.139583 -0.235958
9 1.11936 0 0 0.0153936 0.074166 -0.756791
10 3.71348 -0.102641 0.102191 1.43507 1.16447 -0.099977
11 1.72615 0 0 0.0096179 -0.000943756 -1.58463
12 1.21114 0 0 -0.0035469 0.017276 -0.799967
13 3.59919 -1.06012 0.0708876 1.65414 0.797101 0.0958535
14 1.66069 0 0 -0.072404 0.00725701 -1.5233
15 1.167 0 0 -0.0161868 0.00587249 -0.791292
16 2.18852 0.50104 0.0576591 1.57726 0.0540863 0.0878314
17 1.29609 0 0 0.0386936 -0.0263923 -1.16124
18 1.62202 0.000714302 -0.000470161 -0.000529742 0.000261825 -1.54451
19 1.22241 0 0 -0.0334014 0.0202408 -0.847976
20 1.76707 1.27612 0.0366402 1.57618 0.0980091 0.0532786
21 1.55587 0 0 -0.000901117 -0.0109828 -1.10911
22 1.24273 0 0 -0.000477873 -0.000362018 -1.32766
23 0.784523 0 0 0.00567597 -0.0104398 -0.609926
24 -1.93761 5.16042 -7.2488 -0.000932534 0 -2.53187
25 6.02794 0 0 1.21711 0.850193 -1.24119
26 11.7344 0 0 0.00140272 0 2.20979
27 8.81167 0 0 2.42282 0 0
28 5.77884 0 0 1.62329 0 0
29 2.23249 0 0 0.799532 0 0
30 11.4725 0 0 2.30175 0.415992 -0.482688
31 0.615813 0.994372 -0.809166 -2.99448 0.437492 0.388013
32 2.24752 0 0 -0.306836 0.238592 0.257699
33 1.11936 0 0 -0.163712 0.254831 0.510375
34 3.71349 0.102639 0.10219 -1.40514 0.590021 0.0672244
35 1.72615 0 0 -0.0245714 0.00708441 1.66551
36 1.21112 0 0 0.00659554 0.0163565 0.980776
37 3.5992 1.06012 0.0708866 -1.55874 0.335272 -0.0279074
38 1.66069 0 0 0.0740551 0.0240794 1.47991
39 1.16699 0 0 -0.0288622 -0.00432426 1.06343
40 2.18853 -0.50104 0.0576572 -1.57615 -0.051892 -0.108534
41 1.29609 0 0 0.0839786 -0.0809339 0.589629
42 1.62202 -0.000713348 -0.000470161 -0.0225523 -0.00902307 1.6238
43 1.22241 0 0 0.00178341 0.00581534 1.03692
44 1.76707 -1.27612 0.0366402 -1.57507 -0.0290929 -0.0899585
45 1.55588 0 0 0.174466 -0.0824023 0.619465
46 1.24273 0 0 0.00489329 -0.0855291 1.14098
47 0.784531 0 0 -0.00544268 0.00146228 1.15353
48 0 0 0 0 0 0
49 -15.8347 -2.29451 -2.79458 -1.51772 -1.05825 0.364465
50 -0.49446 -2.33627 -0.838784 0 0 0
time 33
0 2.09191 -1.83179 -7.2488 0 0 -0.814469
1 6.02794 0 0 -0.262636 -0.0339799 -1.14837
2 11.7344 0 0 -0.00140286 0 -1.54339
3 8.81138 -0.000449181 -0.000112057 0.32394 0 0.000157344
4 5.77839 0.000287056 0 0.21704 0 0.000107116
5 2.23163 -0.000329018 -0.000364304 0.1069 0 0
6 11.4725 0 0 0.250606 -0.287207 0.268914
7 0.61522 -0.993092 -0.810699 -3.07512 0.456349 -0.366698
8 2.24752 0 0 0.0761407 0.139583 -0.235958
9 1.11936 0 0 0.0153937 0.0741661 -0.756791
10 3.71348 -0.10264 0.102191 1.43507 1.16447 -0.0999772
11 1.72615 0 0 0.00961781 -0.000943673 -1.58463
12 1.21114 0 0 -0.00354682 0.017276 -0.799967
13 3.59919 -1.06012 0.0708885 1.65414 0.797101 0.0958534
14 1.66069 0 0 -0.072404 0.00725717 -1.5233
15 1.167 0 0 -0.0161868 0.00587242 -0.791292
16 2.18852 0.50104 0.0576601 1.57726 0.0540865 0.0878313
17 1.29609 0 0 0.0386935 -0.0263924 -1.16124
18 1.62202 0.000714302 -0.000471115 -0.000529801 0.000262099 -1.54451
19 1.22241 0 0 -0.0334013 0.0202409 -0.847976
20 1.76707 1.27612 0.0366411 1.57618 0.0980092 0.0532785
21 1.55588 0 0 -0.000901132 -0.0109827 -1.10911
22 1.24273 0 0 -0.000478077 -0.00036195 -1.32767
23 0.784523 0 0 0.00567591 -0.0104396 -0.609926
24 -1.93761 5.16042 -7.2488 -0.000932534 0 -2.53187
25 6.02794 0 0 1.27255 0.91075 -1.19841
26 11.7344 0 0 0.00140268 0 2.26466
27 8.81167 0 0 2.36341 0 0
28 5.77884 0 0 1.58349 0 0
29 2.23249 0 0 0.779926 0 0
30 11.4725 0 0 2.22529 0.426592 -0.547509
31 0.615814 0.994371 -0.809165 -2.99499 0.437653 0.386813
32 2.24752 0 0 -0.309406 0.236141 0.24607
33 1.11936 0 0 -0.160165 0.256186 0.525823
34 3.71349 0.102638 0.102192 -1.40724 0.569011 0.0636994
35 1.72615 0 0 -0.024574 0.00727729 1.67227
36 1.21112 0 0 0.00649944 0.016395 0.974896
37 3.5992 1.06012 0.0708885 -1.55863 0.338029 -0.0279316
38 1.66069 0 0 0.0741402 0.0238162 1.48346
39 1.16699 0 0 -0.0288745 -0.00425107 1.0659
40 2.18853 -0.50104 0.0576591 -1.57599 -0.0519078 -0.111544
41 1.29609 0 0 0.0857962 -0.0788314 0.563895
42 1.62202 -0.000713348 -0.000470161 -0.0225942 -0.00891467 1.62858
43 1.22241 0 0 0.00162963 0.00575117 1.03022
44 1.76707 -1.27612 0.0366421 -1.57494 -0.0291115 -0.0943553
45 1.55588 0 0 0.176516 -0.0765939 0.585105
46 1.24273 0 0 0.00599672 -0.0854715 1.13143
47 0.784531 0 0 -0.0053321 0.00152032 1.16748
48 0 0 0 0 0 0
49 -15.742 -2.33007 -3.07233 -1.54428 -1.07791 0.342813
50 -0.49446 -2.33627 -0.838784 0 0 0
time 34
0 2.10633 -1.83709 -7.2488 0 0 -0.814469
1 6.02794 0 0 -0.244311 -0.040853 -1.16095
2 11.7344 0 0 -0.00140284 0 -1.4864
3 8.81138 -0.000451088 -0.000112057 0.27908 0 0.000157318
4 5.77839 0.000285149 0 0.186984 0 0.000106796
5 2.23163 -0.000329971 -0.000363827 0.0920965 0 0
6 11.4725 0 0 0.223493 -0.281265 0.188764
7 0.61522 -0.993091 -0.8107 -3.07512 0.456349 -0.366698
8 2.24752 0 0 0.0761407 0.139583 -0.235958
9 1.11936 0 0 0.0153937 0.0741662 -0.756791
10 3.71348 -0.102641 0.102191 1.43507 1.16447 -0.0999769
11 1.72615 0 0 0.00961796 -0.000943692 -1.58463
12 1.21114 0 0 -0.00354691 0.0172759 -0.799967
13 3.59919 -1.06012 0.0708876 1.65414 0.797101 0.0958533
14 1.66069 0 0 -0.0724042 0.00725722 -1.5233
15 1.167 0 0 -0.0161867 0.00587239 -0.791292
16 2.18852 0.50104 0.0576591 1.57726 0.0540863 0.0878313
17 1.29609 0 0 0.0386935 -0.0263924 -1.16124
18 1.62202 0.000713825 -0.000471115 -0.000529888 0.000261932 -1.54451
19 1.22241 0 0 -0.0334013 0.0202409 -0.847976
20 1.76707 1.27612 0.0366411 1.57618 0.0980091 0.0532785
21 1.55588 0 0 -0.000901241 -0.010983 -1.10911
22 1.24273 0 0 -0.000478004 -0.000362044 -1.32767
23 0.784523 0 0 0.00567603 -0.0104397 -0.609926
24 -1.93761 5.16042 -7.2488 -0.000932534 0 -2.53187
25 6.02794 0 0 1.34974 0.960552 -1.13284
26 11.7344 0 0 0.00140262 0 2.32782
27 8.81167 0 0 2.29361 0 0
28 5.77884 0 0 1.53672 0 0
29 2.23249 0 0 0.756891 0 0
30 11.4725 0 0 2.13387 0.437986 -0.632735
31 0.615811 0.994371 -0.809165 -2.99549 0.437807 0.385662
32 2.24752 0 0 -0.312087 0.233455 0.23388
33 1.11936 0 0 -0.156552 0.257436 0.54111
34 3.71348 0.102639 0.102191 -1.40932 0.546951 0.0600895
35 1.72615 0 0 -0.0245752 0.00746183 1.67874
36 1.21112 0 0 0.00639214 0.0164372 0.968368
37 3.5992 1.06012 0.0708866 -1.55853 0.340504 -0.0279527
38 1.66069 0 0 0.0742161 0.023578 1.48667
39 1.16699 0 0 -0.028885 -0.00418433 1.06802
40 2.18853 -0.50104 0.0576591 -1.57584 -0.0519235 -0.114599
41 1.29609 0 0 0.0877154 -0.0765783 0.536893
42 1.62202 -0.000713348 -0.000469208 -0.0226321 -0.00881271 1.63304
43 1.2224 0 0 0.00146028 0.00567999 1.02278
44 1.76707 -1.27612 0.0366402 -1.57481 -0.0291296 -0.098818
45 1.55588 0 0 0.178637 -0.0704602 0.549042
46 1.24273 0 0 0.00715476 -0.0853985 1.12107
47 0.784531 0 0 -0.00521446 0.00158028 1.18125
48 0 0 0 0 0 0
49 -15.5671 -2.40052 -3.28376 -1.55164 -1.09879 0.300934
50 -0.49446 -2.33627 -0.838784 0 0 0
time 35
0 2.12162 -1.84154 -7.2488 0 0 -0.814469
1 6.02794 0 0 -0.226915 -0.0441418 -1.17317
2 11.7344 0 0 -0.00140286 0 -1.42992
3 8.81138 -0.000449181 -0.00011158 0.226148 0 0.000157839
4 5.77839 0.000286102 0 0.151519 0 0.000106796
5 2.23163 -0.000328064 -0.000363827 0.0746289 0 0
6 11.4725 0 0 0.190526 -0.278804 0.10735
7 0.615218 -0.993091 -0.810699 -3.07512 0.456349 -0.366698
8 2.24752 0 0 0.0761407 0.139583 -0.235958
9 1.11936 0 0 0.0153937 0.0741661 -0.756791
10 3.71348 -0.102642 0.102191 1.43507 1.16447 -0.0999774
11 1.72615 0 0 0.00961794 -0.00094363 -1.58463
12 1.21114 0 0 -0.003547 0.0172759 -0.799967
13 3.59919 -1.06012 0.0708876 1.65414 0.797102 0.0958535
14 1.66069 0 0 -0.0724042 0.00725717 -1.5233
15 1.167 0 0 -0.0161866 0.00587248 -0.791292
16 2.18852 0.501039 0.0576591 1.57726 0.0540865 0.0878315
17 1.29609 0 0 0.0386933 -0.0263924 -1.16124
18 1.62202 0.000713825 -0.000472069 -0.000529865 0.000262037 -1.54451
19 1.22241 0 0 -0.0334012 0.0202409 -0.847976
20 1.76707 1.27612 0.0366411 1.57618 0.0980092 0.0532787
21 1.55588 0 0 -0.000901084 -0.0109828 -1.10911
22 1.24273 0 0 -0.000478074 -0.000362099 -1.32767
23 0.784523 0 0 0.005676 -0.0104397 -0.609926
24 -1.93761 5.16042 -7.2488 -0.000932534 0 -2.53187
25 6.02794 0 0 1.44814 0.991808 -1.04241
26 11.7344 0 0 0.00140267 0 2.3983
27 8.81167 0 0 2.21159 0 0
28 5.77884 0 0 1.48177 0 0
29 2.23249 0 0 0.729826 0 0
30 11.4725 0 0 2.02648 0.445791 -0.743684
31 0.615813 0.994372 -0.809164 -2.99596 0.437952 0.384565
32 2.24752 0 0 -0.314829 0.230555 0.221363
33 1.11936 0 0 -0.152894 0.258577 0.55608
34 3.71348 0.102639 0.102191 -1.41131 0.524257 0.056456
35 1.72615 0 0 -0.0245754 0.00763699 1.68488
36 1.21112 0 0 0.00627457 0.0164825 0.961226
37 3.5992 1.06012 0.0708885 -1.55843 0.342758 -0.027968
38 1.66069 0 0 0.0742835 0.0233642 1.48954
39 1.16699 0 0 -0.0288943 -0.00412403 1.06982
40 2.18853 -0.50104 0.0576591 -1.57567 -0.0519388 -0.117695
41 1.29609 0 0 0.0897003 -0.0742093 0.509134
42 1.62202 -0.000712395 -0.000469208 -0.0226655 -0.00871735 1.63717
43 1.2224 0 0 0.00127636 0.00560247 1.01465
44 1.76707 -1.27612 0.0366421 -1.57468 -0.0291476 -0.10334
45 1.55588 0 0 0.180785 -0.064104 0.511955
46 1.24273 0 0 0.00834536 -0.0853085 1.11002
47 0.784531 0 0 -0.00509218 0.00164267 1.19469
48 0 0 0 0 0 0
49 -15.3072 -2.49921 -3.41183 -1.53677 -1.12106 0.235533
50 -0.49446 -2.33627 -0.838784 0 0 0
time 36
0 2.13781 -1.84511 -7.2488 0 0 -0.814469
1 6.02794 0 0 -0.204897 -0.0545974 -1.25512
2 11.7344 0 0 -0.00140285 0 -1.31175
3 8.81138 -0.000452042 -0.000112057 0.157115 0 0.000158515
4 5.77839 0.000285149 0 0.105267 0 0.000106964
5 2.23163 -0.000329971 -0.000364304 0.0518479 0 0
6 11.4725 0 0 0.153628 -0.280606 -0.00928614
7 0.615219 -0.993092 -0.8107 -3.07512 0.456349 -0.366698
8 2.24752 0 0 0.0761407 0.139583 -0.235958
9 1.11936 0 0 0.0153937 0.0741661 -0.756791
10 3.71348 -0.102642 0.10219 1.43507 1.16447 -0.0999765
11 1.72615 0 0 0.00961786 -0.000943801 -1.58463
12 1.21114 0 0 -0.00354699 0.0172759 -0.799967
13 3.59919 -1.06012 0.0708876 1.65414 0.797101 0.0958535
14 1.66068 0 0 -0.0724042 0.00725715 -1.5233
15 1.167 0 0 -0.0161866 0.00587242 -0.791292
16 2.18852 0.501038 0.0576582 1.57726 0.0540864 0.0878314
17 1.29609 0 0 0.0386933 -0.0263926 -1.16124
18 1.62202 0.000713348 -0.000471115 -0.000529804 0.000261931 -1.54451
19 1.22241 0 0 -0.0334013 0.0202408 -0.847976
20 1.76707 1.27612 0.0366402 1.57618 0.098009 0.0532786
21 1.55588 0 0 -0.000901117 -0.0109828 -1.10911
22 1.24273 0 0 -0.000478111 -0.000362052 -1.32767
23 0.784523 0 0 0.00567604 -0.0104397 -0.609926
24 -1.2636 5.23357 -7.20305 -0.000932534 0 -2.53187
25 6.02794 0 0 1.58541 0.996295 -0.946111
26 11.7344 0 0 0.00140267 0 2.40774
27 8.81167 0 0 2.05408 0 0
28 5.77884 0 0 1.37624 0 0
29 2.23249 0 0 0.677847 0 0
30 11.4725 0 0 1.8926 0.443301 -0.824568
31 0.615811 0.994371 -0.809166 -2.9964 0.43809 0.38353
32 2.24752 0 0 -0.317578 0.227463 0.208751
33 1.11936 0 0 -0.14921 0.259605 0.570574
34 3.71348 0.102639 0.10219 -1.41319 0.501345 0.0528465
35 1.72615 0 0 -0.0245746 0.00780184 1.69065
36 1.21112 0 0 0.00614718 0.0165303 0.953502
37 3.5992 1.06012 0.0708876 -1.55835 0.344851 -0.027975
38 1.66069 0 0 0.0743431 0.0231739 1.4921
39 1.16699 0 0 -0.0289018 -0.00406966 1.07132
40 2.18853 -0.50104 0.0576591 -1.57551 -0.0519538 -0.120826
41 1.29609 0 0 0.0917143 -0.0717611 0.481125
42 1.62202 -0.000711441 -0.000470161 -0.0226952 -0.00862918 1.64097
43 1.22241 0 0 0.00107937 0.00551868 1.00584
44 1.76707 -1.27612 0.0366402 -1.57455 -0.0291649 -0.107915
45 1.55587 0 0 0.182922 -0.0576273 0.474523
46 1.24273 0 0 0.00954715 -0.0851991 1.0984
47 0.784531 0 0 -0.00496805 0.00170771 1.20767
48 0 0 0 0 0 0
49 -15.1883 -1.93855 -3.45715 -1.51426 -1.14315 0.118067
50 -0.49446 -2.33627 -0.838784 0 0 0
time 37
0 2.15493 -1.84773 -7.2488 0 0 -0.814469
1 6.02794 0 0 -0.178319 -0.0712962 -1.41929
2 11.7344 0 0 -0.00140285 0 -1.10902
3 8.81138 -0.000449181 -0.000112057 0.070617 0 0.000156493
4 5.77839 0.000287056 0 0.0473134 0 0.000105174
5 2.23163 -0.00032711 -0.000364304 0.0233036 0 0
6 11.4725 0 0 0.117434 -0.284596 -0.172825
7 0.615219 -0.993092 -0.810699 -3.07512 0.456349 -0.366698
8 2.24752 0 0 0.0761408 0.139583 -0.235958
9 1.11936 0 0 0.0153937 0.0741661 -0.756791
10 3.71348 -0.102642 0.102191 1.43507 1.16447 -0.0999773
11 1.72615 0 0 0.009618 -0.000943818 -1.58463
12 1.21113 0 0 -0.00354694 0.017276 -0.799967
13 3.59919 -1.06012 0.0708885 1.65414 0.797101 0.0958533
14 1.66069 0 0 -0.0724041 0.00725717 -1.5233
15 1.167 0 0 -0.0161867 0.00587244 -0.791292
16 2.18852 0.501039 0.0576591 1.57726 0.0540863 0.0878314
17 1.29609 0 0 0.0386935 -0.0263924 -1.16124
18 1.62202 0.000714302 -0.000469208 -0.000529825 0.00026191 -1.54451
19 1.22241 0 0 -0.0334013 0.0202408 -0.847976
20 1.76707 1.27612 0.0366411 1.57618 0.0980091 0.0532786
21 1.55588 0 0 -0.000901144 -0.0109828 -1.10911
22 1.24273 0 0 -0.000478024 -0.000362212 -1.32767
23 0.784524 0 0 0.00567604 -0.0104397 -0.609926
24 0.474606 5.42223 -7.08014 -0.000932534 0 -2.53187
25 6.02794 0 0 1.73012 0.970258 -0.837577
26 11.7344 0 0 0.00140258 0 2.32178
27 8.81167 0 0 1.79774 0 0
28 5.77884 0 0 1.20448 0 0
29 2.23249 0 0 0.593253 0 0
30 11.4725 0 0 1.72602 0.388729 -0.83511
31 0.615812 0.994373 -0.809165 -2.99682 0.438217 0.382562
32 2.24752 0 0 -0.320284 0.224203 0.196276
33 1.11936 0 0 -0.14552 0.260521 0.584435
34 3.71349 0.102639 0.102191 -1.41493 0.478632 0.0492984
35 1.72615 0 0 -0.0245728 0.00795535 1.69604
36 1.21112 0 0 0.00601011 0.0165806 0.945228
37 3.5992 1.06012 0.0708885 -1.55828 0.346842 -0.0279714
38 1.66069 0 0 0.0743951 0.0230057 1.49435
39 1.16699 0 0 -0.0289083 -0.00402135 1.07254
40 2.18853 -0.50104 0.0576591 -1.57535 -0.0519685 -0.123989
41 1.29609 0 0 0.0937201 -0.0692731 0.453376
42 1.62202 -0.000712395 -0.000470638 -0.0227212 -0.00854795 1.64443
43 1.22241 0 0 0.00087011 0.00542904 0.996416
44 1.76707 -1.27612 0.0366411 -1.57441 -0.029182 -0.112536
45 1.55588 0 0 0.185009 -0.0511289 0.437424
46 1.24273 0 0 0.0107379 -0.0850692 1.08631
47 0.784532 0 0 -0.00484401 0.00177608 1.22007
48 0 0 0 0 0 0
49 -15.2158 -0.730778 -3.4509 -1.48964 -1.16472 -0.0454258
50 -0.49446 -2.33627 -0.838784 0 0 0
time 38
0 2.173 -1.84935 -7.2488 0 0 -0.814469
1 6.02794 0 0 -0.15802 -0.0807939 -1.56012
2 11.7344 0 0 -0.00140284 0 -0.916614
3 8.81138 -0.000451088 -0.000112057 -0.0135482 0 0.000157462
4 5.77839 0.000286102 0 -0.00907732 0 0.000105445
5 2.23163 -0.000329018 -0.000364304 -0.00447092 0 0
6 11.4725 0 0 0.0820181 -0.283441 -0.33037
7 0.615219 -0.993093 -0.810699 -3.07512 0.456349 -0.366698
8 2.24752 0 0 0.0761407 0.139583 -0.235958
9 1.11936 0 0 0.0153938 0.0741661 -0.756791
10 3.71348 -0.10264 0.102192 1.43507 1.16447 -0.0999773
11 1.72615 0 0 0.00961779 -0.000943779 -1.58463
12 1.21114 0 0 -0.0035469 0.0172758 -0.799967
13 3.59919 -1.06012 0.0708885 1.65414 0.797101 0.0958531
14 1.66069 0 0 -0.0724039 0.00725718 -1.5233
15 1.167 0 0 -0.0161867 0.00587236 -0.791292
16 2.18852 0.501038 0.0576601 1.57726 0.0540862 0.0878313
17 1.29609 0 0 0.0386935 -0.0263925 -1.16124
18 1.62202 0.000714302 -0.000471115 -0.000529731 0.000261835 -1.54451
19 1.22241 0 0 -0.0334011 0.0202409 -0.847975
20 1.76707 1.27612 0.0366411 1.57618 0.0980091 0.0532787
21 1.55588 0 0 -0.000901081 -0.0109829 -1.10911
22 1.24273 0 0 -0.000478071 -0.000362248 -1.32767
23 0.784523 0 0 0.00567596 -0.0104397 -0.609926
24 2.85134 5.68018 -6.90157 -0.000932534 0 -2.53187
25 6.02794 0 0 1.82289 0.92129 -0.704003
26 11.7344 0 0 0.00140264 0 2.1923
27 8.81167 0 0 1.55305 0 0
28 5.77884 0 0 1.04055 0 0
29 2.23249 0 0 0.512507 0 0
30 11.4725 0 0 1.55788 0.267668 -0.796406
31 0.615812 0.994372 -0.809166 -2.9972 0.438335 0.381669
32 2.24752 0 0 -0.322898 0.220798 0.184169
33 1.11936 0 0 -0.141842 0.261327 0.597506
34 3.71349 0.102639 0.102191 -1.41653 0.456536 0.0458391
35 1.72615 0 0 -0.0245706 0.00809675 1.70099
36 1.21112 0 0 0.00586412 0.0166328 0.936436
37 3.5992 1.06012 0.0708876 -1.55824 0.348792 -0.0279545
38 1.66069 0 0 0.0744401 0.0228598 1.49631
39 1.16699 0 0 -0.0289136 -0.00397893 1.07352
40 2.18853 -0.50104 0.0576582 -1.57518 -0.0519827 -0.12718
41 1.29609 0 0 0.0956788 -0.0667872 0.426395
42 1.62202 -0.000712395 -0.000470161 -0.0227438 -0.00847447 1.64754
43 1.22241 0 0 0.000650325 0.00533413 0.986398
44 1.76707 -1.27612 0.0366402 -1.57428 -0.0291985 -0.117197
45 1.55588 0 0 0.18701 -0.0447053 0.401338
46 1.24273 0 0 0.0118962 -0.0849166 1.07387
47 0.784532 0 0 -0.00472297 0.00184815 1.23173
48 0 0 0 0 0 0
49 -15.0561 0.0810736 -3.422 -1.44632 -1.18782 -0.206366
50 -0.49446 -2.33627 -0.838784 0 0 0
time 39
0 2.19204 -1.8499 -7.2488 0 0 -0.814469
1 6.02794 0 0 -0.157884 -0.0706782 -1.52412
2 11.7344 0 0 -0.00140287 0 -0.922651
3 8.81138 -0.000450134 -0.00011158 -0.0600314 0 0.000157467
4 5.77839 0.000287056 0 -0.0402211 0 0.000105215
5 2.23163 -0.000328064 -0.000364304 -0.0198104 0 0
6 11.4725 0 0 0.0442266 -0.268937 -0.38169
7 0.61522 -0.993092 -0.8107 -3.07512 0.456349 -0.366698
8 2.24752 0 0 0.0761408 0.139583 -0.235958
9 1.11936 0 0 0.0153936 0.0741661 -0.756791
10 3.71348 -0.102642 0.102191 1.43507 1.16447 -0.0999768
11 1.72615 0 0 0.00961812 -0.000943956 -1.58463
12 1.21114 0 0 -0.0035469 0.0172759 -0.799967
13 3.59919 -1.06012 0.070888 1.65414 0.797101 0.0958536
14 1.66069 0 0 -0.072404 0.00725707 -1.5233
15 1.167 0 0 -0.0161866 0.00587243 -0.791292
16 2.18852 0.50104 0.0576582 1.57726 0.0540863 0.0878314
17 1.29609 0 0 0.0386932 -0.0263926 -1.16124
18 1.62202 0.00071454 -0.000471115 -0.000529931 0.00026189 -1.54451
19 1.22241 0 0 -0.0334012 0.020241 -0.847976
20 1.76707 1.27612 0.0366411 1.57618 0.0980091 0.0532786
21 1.55588 0 0 -0.000900979 -0.0109829 -1.10911
22 1.24274 0 0 -0.000478074 -0.000362099 -1.32767
23 0.784523 0 0 0.00567612 -0.0104397 -0.609926
24 5.44091 5.96124 -6.68882 -0.000932534 0 -2.53187
25 6.02794 0 0 1.84092 0.871921 -0.542556
26 11.7344 0 0 0.00140255 0 2.06258
27 8.81167 0 0 1.38356 0 0
28 5.77884 0 0 0.926987 0 0
29 2.23249 0 0 0.456576 0 0
30 11.4725 0 0 1.42812 0.117501 -0.735188
31 0.615813 0.994372 -0.809166 -2.99755 0.438442 0.380857
32 2.24752 0 0 -0.325372 0.217273 0.172662
33 1.11936 0 0 -0.138196 0.262024 0.609628
34 3.71348 0.102639 0.10219 -1.41797 0.435476 0.0424886
35 1.72615 0 0 -0.0245679 0.00822485 1.70549
36 1.21112 0 0 0.00570973 0.0166865 0.927159
37 3.5992 1.06012 0.0708876 -1.55821 0.350761 -0.0279221
38 1.66069 0 0 0.0744784 0.0227342 1.498
39 1.16699 0 0 -0.0289175 -0.00394205 1.07429
40 2.18853 -0.50104 0.0576582 -1.57502 -0.0519965 -0.130393
41 1.29609 0 0 0.0975526 -0.064348 0.40069
42 1.62202 -0.000712395 -0.000470161 -0.0227633 -0.00840893 1.6503
43 1.22241 0 0 0.000421043 0.00523418 0.975828
44 1.76707 -1.27612 0.0366402 -1.57414 -0.0292145 -0.12189
45 1.55587 0 0 0.188893 -0.038451 0.366946
46 1.24273 0 0 0.013 -0.0847398 1.06118
47 0.784531 0 0 -0.00460714 0.00192471 1.24253
48 0 0 0 0 0 0
49 -14.3751 -0.546026 -3.39935 -1.36774 -1.21452 -0.316175
50 -0.49446 -2.33627 -0.838784 0 0 0
time 40
0 2.7835 -1.61753 -7.2488 0 0 -0.814469
1 6.02794 0 0 -0.220844 -0.0127545 -1.26282
2 11.7344 0 0 -0.00140288 0 -1.08646
3 8.81138 -0.000448227 -0.000112057 -0.03415 0 0.000157639
4 5.77839 0.000286102 0 -0.0228805 0 0.000105461
5 2.23163 -0.000328064 -0.000363827 -0.0112695 0 0
6 11.4725 0 0 0.036907 -0.192383 -0.363677
7 0.615218 -0.993092 -0.8107 -3.07512 0.456349 -0.366698
8 2.24752 0 0 0.0761407 0.139583 -0.235958
9 1.11936 0 0 0.0153937 0.0741661 -0.756791
10 3.71348 -0.102642 0.10219 1.43507 1.16447 -0.0999779
11 1.72615 0 0 0.00961797 -0.000943937 -1.58463
12 1.21114 0 0 -0.00354695 0.0172759 -0.799967
13 3.59919 -1.06012 0.070888 1.65414 0.797101 0.0958533
14 1.66069 0 0 -0.0724041 0.00725714 -1.5233
15 1.167 0 0 -0.0161867 0.00587235 -0.791292
16 2.18852 0.501038 0.0576591 1.57726 0.0540864 0.0878315
17 1.29609 0 0 0.0386934 -0.0263925 -1.16124
18 1.62202 0.000714779 -0.000471115 -0.000529825 0.00026191 -1.54451
19 1.22241 0 0 -0.0334013 0.0202408 -0.847975
20 1.76707 1.27612 0.0366406 1.57618 0.098009 0.0532786
21 1.55588 0 0 -0.000901056 -0.0109826 -1.10911
22 1.24273 0 0 -0.00047799 -0.00036211 -1.32767
23 0.784523 0 0 0.00567601 -0.0104398 -0.609926
24 7.81764 6.2192 -6.46339 -0.000932534 0 -2.53187
25 6.02794 0 0 1.74855 0.831304 -0.349201
26 11.7344 0 0 0.00140268 0 1.93165
27 8.81167 0 0 1.32759 0 0
28 5.77884 0 0 0.889483 0 0
29 2.23249 0 0 0.438103 0 0
30 11.4725 0 0 1.38085 -0.0369519 -0.678064
31 0.615812 0.994372 -0.809165 -2.99786 0.438537 0.380132
32 2.24752 0 0 -0.327658 0.213649 0.161987
33 1.11936 0 0 -0.1346 0.262615 0.620644
34 3.71349 0.102639 0.102191 -1.41927 0.415871 0.0392608
35 1.72615 0 0 -0.0245651 0.00833923 1.70949
36 1.21112 0 0 0.00554707 0.0167412 0.91743
37 3.5992 1.06012 0.0708885 -1.55822 0.352808 -0.0278717
38 1.66069 0 0 0.0745107 0.0226285 1.49941
39 1.16699 0 0 -0.0289207 -0.00391055 1.07486
40 2.18853 -0.50104 0.0576591 -1.57485 -0.0520099 -0.133624
41 1.29609 0 0 0.0993023 -0.0620022 0.376768
42 1.62202 -0.000712395 -0.000469923 -0.0227794 -0.00835104 1.65271
43 1.22241 0 0 0.000183113 0.00512992 0.964741
44 1.76707 -1.27612 0.0366411 -1.574 -0.02923 -0.12661
45 1.55588 0 0 0.190626 -0.0324575 0.334929
46 1.24273 0 0 0.0140277 -0.0845365 1.04835
47 0.784532 0 0 -0.00449885 0.00200659 1.25232
48 0 0 0 0 0 0
49 -12.8392 -3.65511 -3.41183 -1.23729 -1.24688 -0.326271
50 -0.49446 -2.33627 -0.838784 0 0 0
time 41
0 4.05929 -0.955561 -7.2488 0 0 -0.814469
1 6.02795 0 0 -0.351197 0.0796419 -0.896707
2 11.7344 0 0 -0.00140284 0 -1.06488
3 8.81138 -0.000452042 -0.000112057 0.0455528 0 0.00015829
4 5.77839 0.000284195 0 0.0305204 0 0.000106279
5 2.23163 -0.000331879 -0.000363827 0.0150324 0 0
6 11.4725 0 0 0.0616205 -0.023231 -0.447334
7 0.615219 -0.99309 -0.8107 -3.07512 0.456349 -0.366698
8 2.24752 0 0 0.0761407 0.139583 -0.235958
9 1.11936 0 0 0.0153937 0.0741661 -0.756791
10 3.71348 -0.102642 0.102191 1.43507 1.16447 -0.0999776
11 1.72615 0 0 0.00961788 -0.000943694 -1.58463
12 1.21114 0 0 -0.00354689 0.0172759 -0.799967
13 3.59919 -1.06012 0.070888 1.65414 0.797101 0.0958536
14 1.66069 0 0 -0.0724041 0.00725709 -1.5233
15 1.167 0 0 -0.0161866 0.0058725 -0.791292
16 2.18852 0.50104 0.0576591 1.57726 0.0540863 0.0878314
17 1.29609 0 0 0.0386933 -0.0263927 -1.16124
18 1.62202 0.000713825 -0.000471115 -0.000529781 0.000262036 -1.54451
19 1.22241 0 0 -0.0334013 0.0202408 -0.847976
20 1.76707 1.27612 0.0366411 1.57618 0.0980091 0.0532787
21 1.55588 0 0 -0.000901155 -0.0109829 -1.10911
22 1.24274 0 0 -0.00047804 -0.000361997 -1.32767
23 0.784523 0 0 0.005676 -0.0104397 -0.609926
24 9.55585 6.40786 -6.24678 -0.000932534 0 -2.53187
25 6.02794 0 0 1.49817 0.707431 -0.107926
26 11.7344 0 0 0.00140265 0 1.62849
27 8.81167 0 0 1.45763 0 0
28 5.77884 0 0 0.976614 0 0
29 2.23249 0 0 0.481019 0 0
30 11.4725 0 0 1.47563 -0.194006 -0.583866
31 0.615812 0.994372 -0.809165 -2.99813 0.438619 0.3795
32 2.24752 0 0 -0.329708 0.209953 0.152372
33 1.11936 0 0 -0.131073 0.263106 0.630397
34 3.71349 0.102639 0.102191 -1.42043 0.398142 0.0361647
35 1.72615 0 0 -0.0245624 0.00843821 1.71297
36 1.21112 0 0 0.00537678 0.0167966 0.90728
37 3.5992 1.06012 0.0708885 -1.55826 0.354993 -0.0278008
38 1.66069 0 0 0.0745368 0.0225416 1.50058
39 1.16699 0 0 -0.0289229 -0.00388457 1.07528
40 2.18853 -0.50104 0.0576591 -1.57468 -0.0520228 -0.136868
41 1.29609 0 0 0.100889 -0.0597981 0.355137
42 1.62202 -0.000713348 -0.000470757 -0.0227928 -0.00830152 1.65477
43 1.22241 0 0 0 0.00502159 0.953176
44 1.76707 -1.27612 0.0366411 -1.57386 -0.0292449 -0.13135
45 1.55588 0 0 0.192176 -0.0268139 0.305968
46 1.24273 0 0 0.0149571 -0.0843053 1.03551
47 0.784531 0 0 -0.00440062 0.00209423 1.26099
48 0 0 0 0 0 0
49 -10.1519 -10.4785 -3.4622 -1.02037 -1.28875 -0.223014
50 -0.49446 -2.33627 -0.838784 0 0 0
time 42
0 5.33019 0.0833328 -7.2488 0 0 -0.814469
1 6.02794 0 0 -0.48087 0.050342 -0.743607
2 11.7344 0 0 -0.00140285 0 -0.599762
3 8.81138 -0.000450134 -0.00011158 0.180795 0 0.000157156
4 5.77839 0.000286102 0 0.121133 0 0.000106008
5 2.23163 -0.000328064 -0.000364304 0.0596624 0 0
6 11.4725 0 0 0.133417 0.126512 -0.577291
7 0.615219 -0.993092 -0.8107 -3.07512 0.456349 -0.366698
8 2.24752 0 0 0.0761407 0.139583 -0.235958
9 1.11936 0 0 0.0153937 0.074166 -0.756791
10 3.71348 -0.10264 0.102191 1.43507 1.16447 -0.0999767
11 1.72615 0 0 0.0096179 -0.000943758 -1.58463
12 1.21114 0 0 -0.00354698 0.0172759 -0.799967
13 3.59919 -1.06012 0.070888 1.65414 0.797101 0.0958533
14 1.66069 0 0 -0.0724043 0.00725713 -1.5233
15 1.167 0 0 -0.0161865 0.00587243 -0.791292
16 2.18852 0.501036 0.0576591 1.57726 0.0540864 0.0878313
17 1.29609 0 0 0.0386933 -0.0263925 -1.16124
18 1.62202 0.000713825 -0.000473022 -0.000529846 0.000261889 -1.54451
19 1.22241 0 0 -0.0334011 0.0202408 -0.847976
20 1.76707 1.27612 0.0366411 1.57618 0.0980091 0.0532786
21 1.55588 0 0 -0.000901273 -0.010983 -1.10911
22 1.24273 0 0 -0.000477954 -0.000362157 -1.32767
23 0.784522 0 0 0.00567585 -0.0104398 -0.609926
24 10.2299 6.48101 -6.06047 -0.000932534 0 -2.53187
25 6.02795 0 0 1.31149 0.286938 0.280811
26 11.7344 0 0 0.00140265 0 0.726231
27 8.81167 0 0 1.6744 0 0
28 5.77884 0 0 1.12185 0 0
29 2.23249 0 0 0.552553 0 0
30 11.4725 0 0 1.67445 -0.193845 -0.212399
31 0.615812 0.994372 -0.809165 -2.99836 0.438689 0.378969
32 2.24752 0 0 -0.331478 0.206208 0.14405
33 1.11936 0 0 -0.127631 0.2635 0.638728
34 3.71348 0.10264 0.102191 -1.42147 0.382709 0.0332062
35 1.72615 0 0 -0.0245596 0.00852174 1.71588
36 1.21112 0 0 0.00519938 0.0168523 0.896742
37 3.5992 1.06012 0.0708885 -1.55833 0.357378 -0.0277075
38 1.66069 0 0 0.0745577 0.0224727 1.5015
39 1.16699 0 0 -0.0289243 -0.00386359 1.07555
40 2.18853 -0.50104 0.0576591 -1.57451 -0.052035 -0.140122
41 1.29609 0 0 0.102273 -0.0577863 0.336302
42 1.62202 -0.000713348 -0.000469446 -0.0228036 -0.00826039 1.65646
43 1.2224 0 0 -0.000313045 0.00490948 0.941168
44 1.76707 -1.27612 0.0366402 -1.57372 -0.029259 -0.136103
45 1.55587 0 0 0.193514 -0.0216083 0.280747
46 1.24273 0 0 0.0157669 -0.0840443 1.02276
47 0.784531 0 0 -0.00431474 0.00218876 1.26838
48 0 0 0 0 0 0
49 -6.83208 -19.0885 -3.52845 -0.728005 -1.33878 -0.0387928
50 -0.49446 -2.33627 -0.838784 0 0 0
time 43
0 5.90699 1.44647 -7.2488 0 0 -0.814469
1 6.02794 0 0 -0.530516 -0.0002518 -0.639659
2 11.7344 0 0 -0.00140279 0 -0.38598
3 8.81138 -0.000450134 -0.000112534 0.306533 0 0.000157332
4 5.77839 0.000286102 0 0.205377 0 0.000106823
5 2.23163 -0.000329971 -0.000364304 0.101156 0 0
6 11.4725 0 0 0.280564 0.128566 -0.320766
7 0.615219 -0.99309 -0.8107 -3.07512 0.456349 -0.366698
8 2.24752 0 0 0.0761407 0.139583 -0.235958
9 1.11935 0 0 0.0153937 0.0741661 -0.756791
10 3.71348 -0.10264 0.10219 1.43507 1.16447 -0.0999772
11 1.72615 0 0 0.00961769 -0.000943801 -1.58463
12 1.21114 0 0 -0.00354701 0.0172758 -0.799967
13 3.59919 -1.06012 0.0708876 1.65414 0.797101 0.0958535
14 1.66069 0 0 -0.0724044 0.00725731 -1.5233
15 1.167 0 0 -0.0161867 0.00587246 -0.791292
16 2.18852 0.50104 0.0576591 1.57726 0.0540864 0.0878315
17 1.29609 0 0 0.0386936 -0.0263923 -1.16124
18 1.62202 0.000713348 -0.000471115 -0.000530013 0.00026206 -1.54451
19 1.2224 0 0 -0.0334014 0.0202409 -0.847975
20 1.76707 1.27612 0.0366411 1.57618 0.098009 0.0532787
21 1.55588 0 0 -0.000900974 -0.010983 -1.10911
22 1.24273 0 0 -0.00047799 -0.00036211 -1.32767
23 0.784524 0 0 0.00567598 -0.0104397 -0.609926
24 3.28275 3.60525 -5.93688 -0.000932534 0 -2.53187
25 6.02794 0 0 1.23442 0.125602 0.851525
26 11.7344 0 0 0.00140278 0 0.347996
27 8.81167 0 0 1.7842 0 0
28 5.77884 0 0 1.19541 0 0
29 2.23249 0 0 0.588785 0 0
30 11.4725 0 0 1.78838 -0.201283 -0.0959915
31 0.615812 0.994372 -0.809165 -2.99855 0.438744 0.378545
32 2.24752 0 0 -0.332921 0.202438 0.137251
33 1.11936 0 0 -0.124294 0.263802 0.645482
34 3.71349 0.102638 0.10219 -1.42242 0.369993 0.03039
35 1.72615 0 0 -0.0245573 0.008588 1.71821
36 1.21112 0 0 0.00501554 0.016908 0.885848
37 3.5992 1.06012 0.0708876 -1.55844 0.360021 -0.0275895
38 1.66069 0 0 0.0745732 0.0224209 1.50219
39 1.16699 0 0 -0.0289253 -0.00384752 1.07572
40 2.18853 -0.50104 0.0576591 -1.57434 -0.0520469 -0.14338
41 1.29609 0 0 0.103416 -0.0560173 0.320771
42 1.62202 -0.000712395 -0.000470102 -0.0228116 -0.00822828 1.65778
43 1.2224 0 0 -0.000568828 0.00479446 0.928754
44 1.76707 -1.27612 0.0366411 -1.57359 -0.0292727 -0.140862
45 1.55588 0 0 0.194609 -0.016927 0.259949
46 1.24273 0 0 0.0164347 -0.0837517 1.01021
47 0.784531 0 0 -0.00424403 0.00229097 1.27436
48 0 0 0 0 0 0
49 -3.7693 -25.7882 -3.60234 -0.412159 -1.39116 0.205935
50 -0.49446 -2.33627 -0.838784 0 0 0
time 44
0 2.82037 4.69831 -7.2488 0 0 -0.814469
1 6.02794 0 0 -0.529556 -0.0441199 -0.54383
2 11.7344 0 0 -0.00140286 0 -0.301925
3 8.81138 -0.000449181 -0.000111818 0.393803 0 0.000156967
4 5.77839 0.000286102 0 0.263848 0 0.00010719
5 2.23163 -0.000328064 -0.00036335 0.129955 0 0
6 11.4725 0 0 0.39506 0.0128816 0.0598087
7 0.615219 -0.993091 -0.810699 -3.07512 0.456349 -0.366698
8 2.24752 0 0 0.0761407 0.139583 -0.235958
9 1.11936 0 0 0.0153937 0.0741661 -0.756792
10 3.71348 -0.10264 0.102191 1.43507 1.16447 -0.099978
11 1.72615 0 0 0.00961786 -0.000943715 -1.58463
12 1.21114 0 0 -0.00354701 0.0172758 -0.799967
13 3.59919 -1.06012 0.070888 1.65414 0.797101 0.0958534
14 1.66069 0 0 -0.0724042 0.00725723 -1.5233
15 1.167 0 0 -0.0161867 0.0058725 -0.791292
16 2.18852 0.50104 0.0576591 1.57726 0.0540864 0.0878314
17 1.29609 0 0 0.0386935 -0.0263925 -1.16124
18 1.62202 0.000713348 -0.000472069 -0.000529833 0.000262068 -1.54451
19 1.22241 0 0 -0.0334012 0.0202409 -0.847976
20 1.76707 1.27612 0.0366416 1.57618 0.098009 0.0532787
21 1.55588 0 0 -0.000901 -0.0109827 -1.10911
22 1.24274 0 0 -0.00047799 -0.00036211 -1.32767
23 0.784522 0 0 0.00567605 -0.0104398 -0.609926
24 0.295456 0.729502 -5.88885 -0.000932534 0 -2.53187
25 6.02794 0 0 1.34211 0.168954 1.1445
26 11.7344 0 0 0.00140276 0 0.39432
27 8.81167 0 0 1.75361 0 0
28 5.77884 0 0 1.17492 0 0
29 2.23249 0 0 0.578691 0 0
30 11.4725 0 0 1.75317 0.0597464 -0.0819138
31 0.615812 0.994371 -0.809165 -2.99868 0.438784 0.378234
32 2.24752 0 0 -0.333991 0.198669 0.132204
33 1.11936 0 0 -0.121078 0.264016 0.6505
34 3.71349 0.102639 0.102191 -1.42328 0.360416 0.0277208
35 1.72615 0 0 -0.0245556 0.00863663 1.71992
36 1.21112 0 0 0.00482577 0.0169632 0.874631
37 3.5992 1.06012 0.0708885 -1.55859 0.362983 -0.0274442
38 1.66069 0 0 0.074584 0.022385 1.50268
39 1.16699 0 0 -0.0289259 -0.00383624 1.07581
40 2.18853 -0.50104 0.0576591 -1.57417 -0.0520581 -0.146638
41 1.29609 0 0 0.10428 -0.0545425 0.30905
42 1.62202 -0.000713348 -0.000470161 -0.0228172 -0.00820481 1.65873
43 1.2224 0 0 -0.000828749 0.00467649 0.915973
44 1.76707 -1.27612 0.0366411 -1.57345 -0.0292857 -0.145622
45 1.55587 0 0 0.195431 -0.0128562 0.244257
46 1.24273 0 0 0.0169395 -0.0834257 0.997972
47 0.784532 0 0 -0.00419052 0.00240145 1.2788
48 0 0 0 0 0 0
49 -1.75936 -29.4811 -3.66435 -0.124777 -1.4401 0.490708
50 -0.49446 -2.33627 -0.838784 0 0 0
time 45
0 -2.38546 7.1963 -7.2488 0 0 -0.814469
1 6.02794 0 0 -0.517183 -0.123673 -0.511806
2 11.7344 0 0 -0.00140287 0 -0.0556025
3 8.81138 -0.000449657 -0.00011158 0.466034 0 0.000156775
4 5.77839 0.000286102 0 0.312243 0 0.000107401
5 2.23163 -0.000329018 -0.000364304 0.153791 0 0
6 11.4725 0 0 0.450878 -0.122954 0.279423
7 0.615221 -0.993091 -0.810699 -3.07512 0.456349 -0.366698
8 2.24752 0 0 0.0761407 0.139583 -0.235958
9 1.11936 0 0 0.0153936 0.0741661 -0.756791
10 3.71348 -0.102641 0.102191 1.43507 1.16447 -0.0999762
11 1.72615 0 0 0.00961809 -0.000943815 -1.58463
12 1.21114 0 0 -0.00354703 0.0172758 -0.799967
13 3.59919 -1.06012 0.0708885 1.65414 0.797101 0.0958536
14 1.66068 0 0 -0.0724042 0.0072571 -1.5233
15 1.167 0 0 -0.0161865 0.00587233 -0.791292
16 2.18852 0.501039 0.0576591 1.57726 0.0540864 0.0878314
17 1.29609 0 0 0.0386934 -0.0263926 -1.16124
18 1.62202 0.000711441 -0.000471354 -0.000529979 0.000261844 -1.54451
19 1.22241 0 0 -0.0334014 0.0202408 -0.847976
20 1.76707 1.27612 0.0366416 1.57618 0.098009 0.0532786
21 1.55588 0 0 -0.000901177 -0.0109828 -1.10911
22 1.24274 0 0 -0.000477772 -0.000362392 -1.32767
23 0.784521 0 0 0.00567588 -0.0104397 -0.609926
24 -1.76586 0.925562 -6.56882 -0.000932534 0 -2.53187
25 6.02794 0 0 1.32425 0.0989389 1.33434
26 11.7344 0 0 0.00140262 0 0.299981
27 8.81167 0 0 1.84112 0 0
28 5.77884 0 0 1.23355 0 0
29 2.23249 0 0 0.607569 0 0
30 11.4725 0 0 1.85815 0.354623 0.00140907
31 0.615812 0.994371 -0.809166 -2.99876 0.438809 0.378042
32 2.24752 0 0 -0.334642 0.194923 0.129141
33 1.11936 0 0 -0.118001 0.264143 0.653626
34 3.71349 0.102639 0.10219 -1.42409 0.354399 0.0252048
35 1.72615 0 0 -0.0245544 0.0086664 1.72096
36 1.21112 0 0 0.00463008 0.0170176 0.863122
37 3.5992 1.06012 0.0708871 -1.55879 0.366324 -0.0272698
38 1.66069 0 0 0.0745902 0.0223639 1.50295
39 1.16699 0 0 -0.0289258 -0.00382962 1.07584
40 2.18853 -0.50104 0.0576582 -1.574 -0.0520688 -0.149892
41 1.29609 0 0 0.104826 -0.0534123 0.301644
42 1.62201 -0.000713348 -0.000471115 -0.0228207 -0.00819052 1.6593
43 1.2224 0 0 -0.00109134 0.00455625 0.90286
44 1.76707 -1.27612 0.0366402 -1.57331 -0.0292978 -0.150375
45 1.55588 0 0 0.195948 -0.00948259 0.234354
46 1.24273 0 0 0.0172592 -0.0830645 0.986159
47 0.784531 0 0 -0.00415667 0.00252117 1.28157
48 0 0 0 0 0 0
49 0.992209 -30.9922 -3.7676 0.0821934 -1.47982 0.795066
50 -0.49446 -2.33627 -0.838784 0 0 0
time 46
0 -7.77572 6.3558 -7.2488 0 0 -0.814469
1 6.02794 0 0 -0.578303 0.0502214 0.0865817
2 11.7344 0 0 -0.0014028 0 -0.767819
3 8.81138 -0.000450134 -0.000112534 0.506048 0 0.000157446
4 5.77839 0.000285625 0 0.339052 0 0.000108137
5 2.23163 -0.000329494 -0.000364304 0.166996 0 0
6 11.4725 0 0 0.521089 -0.201175 0.801106
7 0.615218 -0.993092 -0.8107 -3.07512 0.456349 -0.366698
8 2.24752 0 0 0.0761408 0.139583 -0.235958
9 1.11936 0 0 0.0153936 0.0741661 -0.756791
10 3.71348 -0.10264 0.102191 1.43507 1.16447 -0.0999775
11 1.72615 0 0 0.00961793 -0.00094364 -1.58463
12 1.21114 0 0 -0.003547 0.0172759 -0.799967
13 3.59919 -1.06012 0.070888 1.65414 0.797101 0.0958532
14 1.66069 0 0 -0.072404 0.00725701 -1.5233
15 1.167 0 0 -0.0161866 0.00587252 -0.791292
16 2.18853 0.50104 0.0576587 1.57726 0.0540864 0.0878312
17 1.29609 0 0 0.0386934 -0.0263925 -1.16124
18 1.62202 0.000714302 -0.000470161 -0.000529927 0.000262143 -1.54451
19 1.22241 0 0 -0.0334012 0.0202409 -0.847976
20 1.76707 1.27612 0.0366411 1.57618 0.0980091 0.0532785
21 1.55587 0 0 -0.000901033 -0.010983 -1.10911
22 1.24273 0 0 -0.000477888 -0.000362143 -1.32767
23 0.784522 0 0 0.00567602 -0.0104397 -0.609926
24 -3.25612 1.39665 -7.2488 -0.000932534 0 -2.53187
25 6.02794 0 0 1.28423 0.0539925 1.54478
26 11.7344 0 0 0.00140275 0 0.264208
27 8.81167 0 0 1.92701 0 0
28 5.77884 0 0 1.2911 0 0
29 2.23249 0 0 0.635914 0 0
30 11.4725 0 0 2.00159 0.596793 0.105484
31 0.615813 0.994373 -0.809165 -2.99879 0.438818 0.377977
32 2.24752 0 0 -0.334827 0.191225 0.128292
33 1.11936 0 0 -0.115082 0.264186 0.654703
34 3.71349 0.102638 0.102191 -1.42487 0.352365 0.0228509
35 1.72615 0 0 -0.0245539 0.00867654 1.72132
36 1.21112 0 0 0.00442958 0.0170709 0.851355
37 3.5992 1.06012 0.0708885 -1.55904 0.370103 -0.0270638
38 1.66069 0 0 0.0745923 0.0223574 1.50304
39 1.16699 0 0 -0.0289261 -0.00382754 1.07584
40 2.18853 -0.501041 0.0576591 -1.57383 -0.0520789 -0.153136
41 1.29609 0 0 0.105017 -0.052675 0.299061
42 1.62202 -0.000712872 -0.000471115 -0.0228217 -0.00818587 1.6595
43 1.22241 0 0 -0.00135582 0.0044342 0.889451
44 1.76707 -1.27612 0.0366411 -1.57317 -0.0293094 -0.155114
45 1.55588 0 0 0.196127 -0.00689484 0.230925
46 1.24273 0 0 0.0173717 -0.0826662 0.974882
47 0.784531 0 0 -0.00414462 0.00265006 1.28252
48 0 0 0 0 0 0
49 7.14234 -29.1862 -4.00065 0.231442 -1.50955 1.12814
50 -0.49446 -2.33627 -0.838784 0 0 0
time 47
0 -11.0468 5.5153 -7.2488 0 0 -0.814469
1 6.02794 0 0 -0.680397 0.0428145 0.312717
2 11.7344 0 0 -0.00140285 0 -0.628836
3 8.81138 -0.000450134 -0.000112057 0.65428 0 0.000157619
4 5.77839 0.000286102 0 0.438368 0 0.000109199
5 2.23163 -0.000329018 -0.000363827 0.215912 0 0
6 11.4725 0 0 0.618923 -0.341161 0.845979
7 0.615219 -0.993091 -0.8107 -3.07512 0.456349 -0.366698
8 2.24752 0 0 0.0761407 0.139583 -0.235958
9 1.11936 0 0 0.0153937 0.0741661 -0.756791
10 3.71348 -0.10264 0.102191 1.43507 1.16447 -0.0999766
11 1.72615 0 0 0.00961799 -0.000943641 -1.58463
12 1.21114 0 0 -0.00354706 0.0172759 -0.799967
13 3.59919 -1.06012 0.070888 1.65414 0.797101 0.0958537
14 1.66069 0 0 -0.0724039 0.00725704 -1.5233
15 1.167 0 0 -0.0161867 0.00587244 -0.791292
16 2.18852 0.50104 0.0576591 1.57726 0.0540864 0.0878313
17 1.29609 0 0 0.0386934 -0.0263925 -1.16124
18 1.62202 0.000713348 -0.000469208 -0.000529854 0.000262069 -1.54451
19 1.22241 0 0 -0.0334011 0.020241 -0.847976
20 1.76707 1.27612 0.0366411 1.57618 0.0980091 0.0532785
21 1.55587 0 0 -0.000901125 -0.010983 -1.10911
22 1.24273 0 0 -0.000477887 -0.000362048 -1.32767
23 0.784523 0 0 0.00567596 -0.0104397 -0.609926
24 -2.56087 -0.248718 -7.2488 -0.000932534 0 -2.53187
25 6.02794 0 0 1.17032 0.178744 1.71842
26 11.7344 0 0 0.0014028 0 0.540836
27 8.81167 0 0 2.08015 0 0
28 5.77884 0 0 1.3937 0 0
29 2.23249 0 0 0.686449 0 0
30 11.4725 0 0 2.26828 0.754883 0.19645
31 0.615812 0.994371 -0.809165 -2.99939 0.439067 0.378592
32 2.24752 0 0 -0.33417 0.187376 0.128712
33 1.11936 0 0 -0.112214 0.263932 0.653547
34 3.71348 0.102638 0.10219 -1.42592 0.352577 0.0204792
35 1.72615 0 0 -0.0245583 0.00859599 1.71854
36 1.21112 0 0 0.00422447 0.0171228 0.839361
37 3.5992 1.06012 0.0708876 -1.55933 0.374279 -0.0266372
38 1.66069 0 0 0.0745245 0.0224851 1.50068
39 1.16699 0 0 -0.028818 -0.00381154 1.07442
40 2.18853 -0.50104 0.0576587 -1.57366 -0.0520884 -0.156367
41 1.29609 0 0 0.104734 -0.0521627 0.299464
42 1.62202 -0.000713348 -0.000471115 -0.022818 -0.00827588 1.65676
43 1.2224 0 0 -0.00162082 0.00431089 0.875786
44 1.76707 -1.27612 0.0366406 -1.57303 -0.0293203 -0.159834
45 1.55587 0 0 0.195708 -0.00477486 0.231398
46 1.24273 0 0 0.0173332 -0.0820737 0.963537
47 0.784531 0 0 -0.00415611 0.00279181 1.2806
48 0 0 0 0 0 0
49 15.0328 -24.9267 -4.30853 0.334912 -1.53391 1.49445
50 -0.49446 -2.33627 -0.838784 0 0 0
time 48
0 -10.364 6.12903 -7.2488 0 0 -0.814469
1 6.02794 0 0 -0.740117 -0.0217567 0.298355
2 11.7344 0 0 -0.0014028 0 -0.372524
3 8.81138 -0.000450134 -0.00011158 0.773316 0 0.000157191
4 5.77839 0.000285625 0 0.518121 0 0.000109513
5 2.23163 -0.000329018 -0.000363827 0.255194 0 0
6 11.4725 0 0 0.615107 -0.54162 0.927236
7 0.615219 -0.993092 -0.8107 -3.07512 0.456349 -0.366698
8 2.24752 0 0 0.0761408 0.139583 -0.235958
9 1.11936 0 0 0.0153937 0.0741661 -0.756791
10 3.71348 -0.102643 0.10219 1.43507 1.16447 -0.0999774
11 1.72615 0 0 0.00961786 -0.000943929 -1.58463
12 1.21114 0 0 -0.00354678 0.0172758 -0.799967
13 3.59919 -1.06012 0.0708876 1.65414 0.797101 0.0958536
14 1.66068 0 0 -0.0724043 0.00725702 -1.5233
15 1.167 0 0 -0.0161866 0.00587243 -0.791292
16 2.18852 0.501038 0.0576591 1.57726 0.0540863 0.0878315
17 1.29609 0 0 0.0386933 -0.0263926 -1.16124
18 1.62202 0.000714302 -0.000470161 -0.000529774 0.000261815 -1.54451
19 1.22241 0 0 -0.0334012 0.0202409 -0.847976
20 1.76707 1.27612 0.0366406 1.57618 0.0980091 0.0532787
21 1.55588 0 0 -0.000901351 -0.0109828 -1.10911
22 1.24274 0 0 -0.000478169 -0.00036222 -1.32767
23 0.784523 0 0 0.00567611 -0.0104398 -0.609926
24 -1.86563 -1.89409 -7.2488 -0.000932534 0 -2.53187
25 6.02794 0 0 0.995961 0.0273935 1.98928
26 11.7344 0 0 0.00140277 0 0.210322
27 8.81167 0 0 2.26374 0 0
28 5.77884 0 0 1.51671 0 0
29 2.23249 0 0 0.747035 0 0
30 11.4725 0 0 2.59507 0.738267 0.645475
31 0.615813 0.994371 -0.809165 -3.00112 0.439797 0.380392
32 2.24752 0 0 -0.33237 0.18318 0.129301
33 1.11936 0 0 -0.109284 0.263191 0.650171
34 3.71349 0.10264 0.102191 -1.42749 0.353018 0.0179127
35 1.72615 0 0 -0.0245697 0.00836035 1.71044
36 1.21112 0 0 0.00401574 0.0171729 0.827173
37 3.5992 1.06012 0.0708885 -1.55965 0.378753 -0.0258165
38 1.66069 0 0 0.0743241 0.0228574 1.49378
39 1.16699 0 0 -0.0285029 -0.00376508 1.07027
40 2.18853 -0.50104 0.0576596 -1.5735 -0.0520973 -0.15958
41 1.29609 0 0 0.103905 -0.0516755 0.300655
42 1.62202 -0.000713348 -0.000471115 -0.0228056 -0.00853808 1.64878
43 1.22241 0 0 -0.00188614 0.00418656 0.861898
44 1.76707 -1.27612 0.0366411 -1.57289 -0.0293305 -0.164528
45 1.55588 0 0 0.194482 -0.00274389 0.232725
46 1.24273 0 0 0.0172172 -0.0811447 0.951482
47 0.784532 0 0 -0.00418904 0.00294776 1.27498
48 0 0 0 0 0 0
49 21.1866 -20.3971 -4.57663 0.324527 -1.55522 1.86658
50 -0.49446 -2.33627 -0.838784 0 0 0
time 49
0 -8.56399 7.74705 -7.2488 0 0 -0.814469
1 6.02794 0 0 -0.780096 0.0844539 0.416944
2 11.7344 0 0 -0.00140281 0 -0.683507
3 8.81138 -0.000448227 -0.00011158 0.795806 0 0.000157985
4 5.77839 0.00028801 0 0.53319 0 0.000110115
5 2.23163 -0.000328064 -0.00036335 0.262616 0 0
6 11.4725 0 0 0.595164 -0.662435 1.23224
7 0.615218 -0.99309 -0.8107 -3.07512 0.456349 -0.366698
8 2.24752 0 0 0.0761407 0.139583 -0.235958
9 1.11936 0 0 0.0153937 0.0741661 -0.756791
10 3.71348 -0.10264 0.102191 1.43507 1.16447 -0.0999767
11 1.72615 0 0 0.00961794 -0.000943753 -1.58463
12 1.21113 0 0 -0.00354694 0.0172759 -0.799967
13 3.59919 -1.06012 0.0708876 1.65414 0.797101 0.0958538
14 1.66069 0 0 -0.0724042 0.00725704 -1.5233
15 1.167 0 0 -0.0161867 0.00587251 -0.791292
16 2.18852 0.50104 0.0576587 1.57726 0.0540864 0.0878315
17 1.29609 0 0 0.0386935 -0.0263924 -1.16124
18 1.62202 0.000712395 -0.000470161 -0.000529804 0.000262016 -1.54451
19 1.22241 0 0 -0.0334013 0.0202409 -0.847976
20 1.76707 1.27612 0.0366411 1.57618 0.0980091 0.0532787
21 1.55588 0 0 -0.000901017 -0.0109828 -1.10911
22 1.24273 0 0 -0.000478086 -0.000362132 -1.32767
23 0.784523 0 0 0.00567601 -0.0104397 -0.609926
24 -1.86575 -1.89356 -7.2488 -0.000932534 0 -2.53187
25 6.02794 0 0 0.947829 -0.0579367 2.19446
26 11.7344 0 0 0.00140277 0 -0.0039664
27 8.81167 0 0 2.31524 0 0
28 5.77884 0 0 1.55121 0 0
29 2.23249 0 0 0.76403 0 0
30 11.4725 0 0 2.68514 0.718827 0.824931
31 0.615812 0.994371 -0.809165 -3.00393 0.440975 0.383306
32 2.24752 0 0 -0.329497 0.178667 0.130055
33 1.11936 0 0 -0.106303 0.261986 0.64471
34 3.71349 0.102638 0.102191 -1.42953 0.353687 0.0151667
35 1.72615 0 0 -0.0245838 0.00797946 1.69732
36 1.21112 0 0 0.00380322 0.0172213 0.814824
37 3.5992 1.06011 0.070888 -1.56 0.383501 -0.0246241
38 1.66069 0 0 0.0739926 0.0234577 1.48262
39 1.16699 0 0 -0.0279951 -0.00368985 1.06356
40 2.18853 -0.50104 0.0576591 -1.57333 -0.0521057 -0.162771
41 1.29609 0 0 0.102563 -0.0512126 0.302603
42 1.62202 -0.00071311 -0.0004673 -0.022781 -0.0089604 1.63585
43 1.22241 0 0 -0.00215017 0.00406163 0.847827
44 1.76707 -1.27612 0.0366411 -1.57276 -0.0293398 -0.169188
45 1.55588 0 0 0.1925 -0.000800164 0.234875
46 1.24273 0 0 0.0170285 -0.0799003 0.938783
47 0.784531 0 0 -0.00424248 0.0031161 1.26588
48 0 0 0 0 0 0
49 23.771 -16.0505 -4.74037 -3.02306 -1.56832 -0.886651
50 -0.49446 -2.33627 -0.838784 0 0 0
time 50
0 -6.01916 10.0346 -7.2488 0 0 -0.814469
1 6.02794 0 0 -0.81392 0.289248 0.617273
2 11.7344 0 0 -0.00140285 0 -1.28842
3 8.81138 -0.000450134 -0.000112057 0.719608 0 0.000157352
4 5.77839 0.000286102 0 0.482137 0 0.000109351
5 2.23163 -0.000328064 -0.00036478 0.23747 0 0
6 11.4725 0 0 0.664535 -0.703692 1.54367
7 0.615219 -0.993091 -0.8107 -3.07512 0.456349 -0.366698
8 2.24752 0 0 0.0761408 0.139583 -0.235958
9 1.11936 0 0 0.0153937 0.0741661 -0.756791
10 3.71348 -0.102641 0.102191 1.43507 1.16447 -0.0999768
11 1.72615 0 0 0.00961808 -0.000943894 -1.58463
12 1.21113 0 0 -0.003547 0.0172759 -0.799967
13 3.59919 -1.06012 0.070888 1.65414 0.797101 0.0958533
14 1.66069 0 0 -0.0724041 0.00725688 -1.5233
15 1.16699 0 0 -0.0161867 0.00587236 -0.791292
16 2.18853 0.501039 0.0576591 1.57726 0.0540863 0.0878313
17 1.29609 0 0 0.0386934 -0.0263924 -1.16124
18 1.62202 0.000714302 -0.000472069 -0.000529823 0.000261865 -1.54451
19 1.22241 0 0 -0.0334013 0.0202407 -0.847976
20 1.76707 1.27612 0.0366406 1.57618 0.0980091 0.0532785
21 1.55588 0 0 -0.000901051 -0.0109829 -1.10911
22 1.24273 0 0 -0.000477776 -0.000362335 -1.32767
23 0.784523 0 0 0.00567596 -0.0104397 -0.609926
24 -1.86608 -1.89202 -7.2488 -0.000932534 0 -2.53187
25 6.02794 0 0 0.901907 0.113713 2.25139
26 11.7344 0 0 0.00140274 0 0.446543
27 8.81167 0 0 2.38899 0 0
28 5.77884 0 0 1.60063 0 0
29 2.23249 0 0 0.788368 0 0
30 11.4725 0 0 2.61702 0.608465 0.445168
31 0.615812 0.994371 -0.809165 -3.00773 0.442568 0.387266
32 2.24752 0 0 -0.325621 0.173862 0.130969
33 1.11936 0 0 -0.103277 0.260342 0.637303
34 3.71349 0.102638 0.10219 -1.43202 0.354581 0.0122567
35 1.72615 0 0 -0.0245953 0.00746202 1.67952
36 1.21112 0 0 0.00358813 0.0172674 0.802345
37 3.5992 1.06012 0.070888 -1.56036 0.388496 -0.0230823
38 1.66069 0 0 0.0735275 0.0242673 1.46746
39 1.16699 0 0 -0.0273087 -0.00358852 1.05445
40 2.18853 -0.501041 0.0576591 -1.57317 -0.0521134 -0.165934
41 1.29609 0 0 0.10074 -0.050773 0.305274
42 1.62202 -0.000712395 -0.000471115 -0.0227371 -0.00952978 1.61831
43 1.2224 0 0 -0.00241249 0.00393692 0.833608
44 1.76707 -1.27612 0.0366402 -1.57262 -0.0293486 -0.173809
45 1.55588 0 0 0.18981 0.00105718 0.237816
46 1.24273 0 0 0.0167716 -0.0783619 0.925499
47 0.784532 0 0 -0.0043144 0.00329424 1.25353
48 0 0 0 0 0 0
49 23.9448 -11.1589 -4.83796 2.88124 -1.55428 -0.472947
50 -0.49446 -2.33627 -0.838784 0 0 0
time 51
0 -3.10191 12.6569 -7.2488 0 0 -0.814469
1 6.02794 0 0 -0.854793 0.479857 0.771414
2 11.7344 0 0 -0.00140287 0 -1.85905
3 8.81138 -0.000450134 -0.000111818 0.504758 0 0.000157244
4 5.77839 0.000287056 0 0.338188 0 0.000107913
5 2.23163 -0.000329018 -0.000364304 0.16657 0 0
6 11.4725 0 0 0.809923 -0.686359 1.758
7 0.615218 -0.993091 -0.810699 -3.07512 0.456349 -0.366698
8 2.24752 0 0 0.0761408 0.139583 -0.235958
9 1.11936 0 0 0.0153936 0.0741662 -0.756791
10 3.71348 -0.102641 0.102191 1.43507 1.16447 -0.0999772
11 1.72615 0 0 0.00961782 -0.000943722 -1.58463
12 1.21114 0 0 -0.00354694 0.0172759 -0.799967
13 3.59919 -1.06012 0.070888 1.65414 0.797101 0.0958532
14 1.66069 0 0 -0.0724042 0.00725704 -1.5233
15 1.167 0 0 -0.0161866 0.00587244 -0.791292
16 2.18852 0.501039 0.0576591 1.57726 0.0540863 0.0878314
17 1.29609 0 0 0.0386934 -0.0263924 -1.16124
18 1.62202 0.000713348 -0.000471115 -0.000529921 0.000262051 -1.54451
19 1.22241 0 0 -0.0334013 0.0202408 -0.847976
20 1.76707 1.27612 0.0366411 1.57618 0.0980091 0.0532786
21 1.55587 0 0 -0.000901087 -0.0109829 -1.10911
22 1.24273 0 0 -0.000477819 -0.000362184 -1.32767
23 0.784524 0 0 0.00567594 -0.0104397 -0.609926
24 -1.86663 -1.88952 -7.2488 -0.000932534 0 -2.53187
25 6.02794 0 0 0.857474 0.234958 2.38389
26 11.7344 0 0 0.00140272 0 0.788934
27 8.81167 0 0 2.44175 0 0
28 5.77884 0 0 1.63597 0 0
29 2.23249 0 0 0.805778 0 0
30 11.4725 0 0 2.48666 0.416506 0.00501829
31 0.615812 0.994373 -0.809165 -3.01247 0.444543 0.392206
32 2.24752 0 0 -0.320813 0.168796 0.13204
33 1.11936 0 0 -0.100217 0.25828 0.628087
34 3.71349 0.10264 0.102191 -1.43493 0.355698 0.00919826
35 1.72615 0 0 -0.0245968 0.00681815 1.65735
36 1.21112 0 0 0.00337052 0.0173111 0.789769
37 3.5992 1.06012 0.0708885 -1.56073 0.393714 -0.0212126
38 1.66069 0 0 0.0729248 0.0252676 1.44859
39 1.16699 0 0 -0.0264602 -0.00346322 1.0431
40 2.18853 -0.50104 0.0576591 -1.573 -0.0521205 -0.169066
41 1.29609 0 0 0.0984689 -0.0503556 0.308635
42 1.62202 -0.000713348 -0.000471115 -0.022667 -0.0102322 1.59647
43 1.2224 0 0 -0.00267199 0.00381225 0.819279
44 1.76707 -1.27612 0.0366411 -1.57249 -0.0293566 -0.178384
45 1.55588 0 0 0.186463 0.00282879 0.241517
46 1.24273 0 0 0.016451 -0.0765502 0.911692
47 0.784531 0 0 -0.00440474 0.00347858 1.23816
48 0 0 0 0 0 0
49 22.7191 -6.13477 -4.90895 2.41802 -1.54282 -0.0631683
50 -0.49446 -2.33627 -0.838784 0 0 0
time 52
0 -0.184658 15.2792 -7.2488 0 0 -0.814469
1 6.02794 0 0 -0.952296 0.61369 0.828046
2 11.7344 0 0 -0.00140287 0 -2.33001
3 8.81138 -0.000449181 -0.00011158 -0.00585277 0 0.000157271
4 5.77839 0.000287056 0 -0.00392127 0 0.000105422
5 2.23164 -0.000328064 -0.000364304 -0.00193146 0 0
6 11.4725 0 0 0.992851 -0.62684 1.93925
7 0.61522 -0.993091 -0.8107 -3.07512 0.456349 -0.366698
8 2.24752 0 0 0.0761408 0.139583 -0.235958
9 1.11936 0 0 0.0153937 0.0741661 -0.756791
10 3.71348 -0.102641 0.102191 1.43507 1.16447 -0.099977
11 1.72615 0 0 0.00961788 -0.000943781 -1.58463
12 1.21114 0 0 -0.00354682 0.0172759 -0.799967
13 3.59919 -1.06012 0.0708885 1.65414 0.797101 0.0958536
14 1.66069 0 0 -0.0724042 0.00725701 -1.5233
15 1.167 0 0 -0.0161868 0.00587238 -0.791292
16 2.18852 0.501039 0.0576591 1.57726 0.0540864 0.0878313
17 1.29609 0 0 0.0386934 -0.0263924 -1.16124
18 1.62202 0.000713348 -0.000471354 -0.000529915 0.00026196 -1.54451
19 1.22241 0 0 -0.0334012 0.0202408 -0.847976
20 1.76707 1.27612 0.0366411 1.57618 0.0980091 0.0532785
21 1.55588 0 0 -0.000901169 -0.0109828 -1.10911
22 1.24273 0 0 -0.000478106 -0.000362204 -1.32767
23 0.784523 0 0 0.00567613 -0.0104397 -0.609926
24 -1.86738 -1.88609 -7.2488 -0.000932534 0 -2.53187
25 6.02794 0 0 0.86126 0.24488 2.6419
26 11.7344 0 0 0.00140258 0 0.802769
27 8.81167 0 0 2.40651 0 0
28 5.77884 0 0 1.61236 0 0
29 2.23249 0 0 0.794149 0 0
30 11.4725 0 0 2.37242 0.178675 -0.26028
31 0.615812 0.994371 -0.809165 -3.01807 0.446865 0.398058
32 2.24752 0 0 -0.31514 0.163494 0.133264
33 1.11936 0 0 -0.0971315 0.25582 0.617202
34 3.71349 0.102639 0.10219 -1.43822 0.357036 0.0060068
35 1.72615 0 0 -0.0245809 0.00605716 1.63115
36 1.21112 0 0 0.0031516 0.0173522 0.777128
37 3.5992 1.06012 0.070888 -1.56109 0.39913 -0.0190376
38 1.66069 0 0 0.0721787 0.0264378 1.42628
39 1.16699 0 0 -0.0254647 -0.0033163 1.02969
40 2.18853 -0.501041 0.0576591 -1.57284 -0.0521272 -0.172161
41 1.29609 0 0 0.095782 -0.0499596 0.312654
42 1.62202 -0.000712395 -0.000470161 -0.0225611 -0.011053 1.57065
43 1.22241 0 0 -0.00292815 0.00368857 0.804876
44 1.76707 -1.27612 0.0366411 -1.57235 -0.029364 -0.182907
45 1.55587 0 0 0.182506 0.00451649 0.245947
46 1.24273 0 0 0.0160716 -0.0744868 0.897426
47 0.784531 0 0 -0.00451073 0.00366688 1.21999
48 0 0 0 0 0 0
49 21.1047 -1.39021 -4.99292 1.95907 -1.53246 0.313367
50 -0.49446 -2.33627 -0.838784 0 0 0
time 53
0 2.36018 17.5668 -7.2488 0 0 -0.814469
1 6.02794 0 0 -1.14637 0.616678 0.754202
2 11.7344 0 0 -0.00140278 0 -2.65422
3 8.81138 -0.000449419 -0.000112534 -0.816234 0 0.000157206
4 5.77839 0.000286102 0 -0.546877 0 0.000102103
5 2.23163 -0.000328064 -0.000364304 -0.269357 0 0
6 11.4725 0 0 1.17688 -0.561733 2.16276
7 0.615218 -0.993091 -0.8107 -3.07512 0.456349 -0.366698
8 2.24752 0 0 0.0761408 0.139583 -0.235958
9 1.11936 0 0 0.0153937 0.0741661 -0.756791
10 3.71348 -0.102641 0.102191 1.43507 1.16447 -0.0999775
11 1.72615 0 0 0.00961811 -0.000943836 -1.58463
12 1.21113 0 0 -0.00354693 0.0172759 -0.799967
13 3.59919 -1.06012 0.070888 1.65414 0.797101 0.0958533
14 1.66068 0 0 -0.072404 0.00725717 -1.5233
15 1.167 0 0 -0.0161866 0.00587241 -0.791292
16 2.18852 0.501039 0.0576587 1.57726 0.0540864 0.0878314
17 1.29609 0 0 0.0386935 -0.0263924 -1.16124
18 1.62202 0.000715256 -0.000471592 -0.000529736 0.000261947 -1.54451
19 1.22241 0 0 -0.0334011 0.0202409 -0.847976
20 1.76707 1.27612 0.0366406 1.57618 0.098009 0.0532787
21 1.55588 0 0 -0.000901202 -0.010983 -1.10911
22 1.24273 0 0 -0.000478078 -0.000362046 -1.32767
23 0.784523 0 0 0.00567584 -0.0104397 -0.609926
24 -1.86832 -1.8818 -7.2488 -0.000932534 0 -2.53187
25 6.02794 0 0 0.910923 0.126445 2.95916
26 11.7344 0 0 0.0014026 0 0.446767
27 8.81167 0 0 2.31203 0 0
28 5.77884 0 0 1.54906 0 0
29 2.23249 0 0 0.76297 0 0
30 11.4725 0 0 2.299 -0.0119413 -0.239112
31 0.615811 0.994372 -0.809165 -3.02445 0.4495 0.404756
32 2.24752 0 0 -0.308673 0.157986 0.134636
33 1.11936 0 0 -0.0940299 0.252984 0.604786
34 3.71348 0.10264 0.102191 -1.44188 0.358594 0.00269807
35 1.72615 0 0 -0.0245384 0.00518959 1.60123
36 1.21112 0 0 0.00293134 0.0173911 0.764455
37 3.5992 1.06012 0.070888 -1.56144 0.404719 -0.0165793
38 1.66069 0 0 0.0712822 0.027757 1.4008
39 1.16699 0 0 -0.0243381 -0.00315039 1.01438
40 2.18853 -0.50104 0.0576587 -1.57268 -0.052133 -0.175216
41 1.29609 0 0 0.0927114 -0.0495842 0.317298
42 1.62202 -0.000713348 -0.000468969 -0.0224107 -0.0119762 1.54117
43 1.2224 0 0 -0.00318031 0.00356589 0.790436
44 1.76707 -1.27612 0.0366406 -1.57222 -0.0293707 -0.187369
45 1.55588 0 0 0.177991 0.00612083 0.251073
46 1.24273 0 0 0.0156381 -0.0721922 0.882761
47 0.784531 0 0 -0.00463132 0.00385546 1.19924
48 0 0 0 0 0 0
49 20.1127 2.66246 -5.12945 1.59298 -1.52175 0.627351
50 -0.49446 -2.33627 -0.838784 0 0 0
time 54
0 4.16018 19.1848 -7.2488 0 0 -0.814469
1 6.02795 0 0 -1.46198 0.441345 0.6748
2 11.7344 0 0 -0.00140281 0 -2.84666
3 8.81138 -0.000450134 -0.000113487 -1.41157 0 0.000158335
4 5.77839 0.000285625 0 -0.94575 0 0.000101386
5 2.23163 -0.000329494 -0.000365257 -0.465817 0 0
6 11.4725 0 0 1.44703 -0.426147 2.40371
7 0.615219 -0.993092 -0.810699 -3.07512 0.456349 -0.366698
8 2.24752 0 0 0.0761407 0.139583 -0.235958
9 1.11936 0 0 0.0153936 0.0741661 -0.756792
10 3.71348 -0.102642 0.102191 1.43507 1.16447 -0.0999764
11 1.72615 0 0 0.00961791 -0.000943806 -1.58463
12 1.21114 0 0 -0.00354699 0.0172759 -0.799967
13 3.59919 -1.06012 0.070888 1.65414 0.797101 0.0958537
14 1.66069 0 0 -0.0724041 0.00725703 -1.5233
15 1.167 0 0 -0.0161867 0.00587247 -0.791292
16 2.18853 0.501039 0.0576591 1.57726 0.0540864 0.0878314
17 1.29609 0 0 0.0386934 -0.0263924 -1.16124
18 1.62202 0.000714302 -0.000471115 -0.000529806 0.000261934 -1.54451
19 1.22241 0 0 -0.0334012 0.0202409 -0.847976
20 1.76707 1.27612 0.0366411 1.57618 0.0980091 0.0532785
21 1.55588 0 0 -0.000901116 -0.0109828 -1.10911
22 1.24273 0 0 -0.000478073 -0.000361956 -1.32767
23 0.784523 0 0 0.00567621 -0.0104397 -0.609926
24 -1.86944 -1.8767 -7.2488 -0.000932534 0 -2.53187
25 6.02794 0 0 0.951175 -0.033505 -3.06452
26 11.7344 0 0 0.00140273 0 -0.00396435
27 8.81167 0 0 2.24145 0 0
28 5.77884 0 0 1.50177 0 0
29 2.23249 0 0 0.739679 0 0
30 11.4725 0 0 2.24929 -0.14061 -0.0925892
31 0.615813 0.994372 -0.809165 -3.03155 0.452414 0.412233
32 2.24752 0 0 -0.301481 0.152299 0.136152
33 1.11936 0 0 -0.0909206 0.249789 0.590979
34 3.71348 0.102639 0.102191 -1.44585 0.36037 -0.000712998
35 1.72615 0 0 -0.0244615 0.00422597 1.56791
36 1.21112 0 0 0.00271077 0.0174266 0.751782
37 3.5992 1.06011 0.070888 -1.56178 0.410455 -0.0138594
38 1.66069 0 0 0.0702294 0.0292033 1.37243
39 1.16699 0 0 -0.0230972 -0.00296814 0.997325
40 2.18853 -0.50104 0.0576591 -1.57253 -0.0521385 -0.178226
41 1.29609 0 0 0.08929 -0.049228 0.322534
42 1.62202 -0.000713348 -0.000469685 -0.0222064 -0.012986 1.50834
43 1.2224 0 0 -0.00342781 0.00344484 0.775996
44 1.76707 -1.27612 0.0366411 -1.57209 -0.0293767 -0.191766
45 1.55588 0 0 0.172965 0.00764314 0.256865
46 1.24273 0 0 0.0151551 -0.0696878 0.867759
47 0.784531 0 0 -0.00476517 0.00404099 1.17614
48 0 0 0 0 0 0
49 19.6922 5.81698 -5.36906 1.33718 -1.50966 0.853574
50 -0.49446 -2.33627 -0.838784 0 0 0
time 55
0 4.84293 19.7985 -7.2488 0 0 -0.814469
1 6.02795 0 0 -2.10206 0.325408 0.903521
2 11.7344 0 0 -0.00140282 0 -2.88882
3 8.81138 -0.000452042 -0.000112534 -2.11466 0 0.00015881
4 5.77839 0.000286102 0 -1.41682 0 0.000100717
5 2.23164 -0.000329971 -0.00036335 -0.697838 0 0
6 11.4725 0 0 2.0177 0.0960631 2.52459
7 0.61522 -0.993092 -0.810699 -3.07512 0.456349 -0.366698
8 2.24752 0 0 0.0761408 0.139583 -0.235958
9 1.11936 0 0 0.0153936 0.0741661 -0.756792
10 3.71348 -0.102642 0.102191 1.43507 1.16447 -0.0999773
11 1.72615 0 0 0.00961779 -0.000943607 -1.58463
12 1.21114 0 0 -0.00354693 0.0172759 -0.799967
13 3.59919 -1.06012 0.070888 1.65414 0.797101 0.0958534
14 1.66069 0 0 -0.072404 0.00725715 -1.5233
15 1.167 0 0 -0.0161867 0.00587247 -0.791292
16 2.18852 0.501039 0.0576591 1.57726 0.0540864 0.0878315
17 1.29609 0 0 0.0386935 -0.0263924 -1.16124
18 1.62202 0.000713348 -0.000472069 -0.000529947 0.000262078 -1.54451
19 1.22241 0 0 -0.0334012 0.0202409 -0.847976
20 1.76707 1.27612 0.0366416 1.57618 0.0980092 0.0532787
21 1.55588 0 0 -0.000901115 -0.0109828 -1.10911
22 1.24273 0 0 -0.000477999 -0.00036205 -1.32767
23 0.784524 0 0 0.00567589 -0.0104397 -0.609926
24 -1.87073 -1.87082 -7.2488 -0.000932534 0 -2.53187
25 6.02794 0 0 0.986232 -0.013936 -2.97477
26 11.7344 0 0 0.00140276 0 -0.00396641
27 8.81167 0 0 2.185 0 0
28 5.77884 0 0 1.46395 0 0
29 2.23249 0 0 0.721051 0 0
30 11.4725 0 0 2.21111 -0.268478 -0.157629
31 0.615812 0.994373 -0.809165 -3.03929 0.455572 0.420423
32 2.24752 0 0 -0.293633 0.146461 0.137808
33 1.11936 0 0 -0.0878121 0.246258 0.575922
34 3.71349 0.10264 0.102191 -1.45012 0.362361 -0.00421069
35 1.72615 0 0 -0.0243413 0.00317781 1.53153
36 1.21112 0 0 0.00249034 0.0174595 0.739142
37 3.5992 1.06012 0.0708885 -1.56208 0.416313 -0.0109004
38 1.66069 0 0 0.0690139 0.0307531 1.34144
39 1.16699 0 0 -0.0217572 -0.00277264 0.978702
40 2.18853 -0.50104 0.0576591 -1.57237 -0.0521435 -0.181186
41 1.29609 0 0 0.0855497 -0.04889 0.32833
42 1.62202 -0.000712395 -0.000469685 -0.0219402 -0.0140651 1.47249
43 1.22241 0 0 -0.00366993 0.00332573 0.761593
44 1.76707 -1.27612 0.0366416 -1.57197 -0.029382 -0.196091
45 1.55588 0 0 0.167478 0.00908429 0.263291
46 1.24273 0 0 0.0146274 -0.066995 0.852483
47 0.784531 0 0 -0.00491009 0.00421991 1.1509
48 0 0 0 0 0 0
49 19.1283 8.1832 -5.72581 1.14656 -1.49631 0.991394
50 -0.49446 -2.33627 -0.838784 0 0 0
time 56
0 4.8238 19.6578 -7.2488 0 0 -0.814469
1 6.02794 0 0 -2.57316 0.496601 1.02504
2 11.7344 0 0 -0.00140282 0 -2.75923
3 8.81138 -0.000450134 -0.00011301 -2.72904 0 0.00015783
4 5.77839 0.00028801 0 -1.82845 0 0.000100097
5 2.23163 -0.000328064 -0.000364304 -0.900582 0 0
6 11.4725 0 0 2.46959 0.49948 2.53949
7 0.61522 -0.993092 -0.810699 -3.07512 0.456349 -0.366698
8 2.24752 0 0 0.0761408 0.139583 -0.235958
9 1.11936 0 0 0.0153937 0.0741661 -0.756791
10 3.71348 -0.102642 0.102191 1.43507 1.16447 -0.099978
11 1.72615 0 0 0.00961807 -0.000943802 -1.58463
12 1.21113 0 0 -0.00354704 0.0172758 -0.799967
13 3.59919 -1.06012 0.070888 1.65414 0.797101 0.0958534
14 1.66068 0 0 -0.0724041 0.00725703 -1.5233
15 1.167 0 0 -0.0161868 0.00587245 -0.791292
16 2.18853 0.50104 0.0576591 1.57726 0.0540863 0.0878315
17 1.29609 0 0 0.0386934 -0.0263924 -1.16124
18 1.62202 0.000714302 -0.000469208 -0.000529929 0.000261975 -1.54451
19 1.22241 0 0 -0.0334011 0.0202409 -0.847975
20 1.76707 1.27612 0.0366411 1.57618 0.0980091 0.0532787
21 1.55588 0 0 -0.000901232 -0.0109827 -1.10911
22 1.24273 0 0 -0.000478046 -0.000362087 -1.32767
23 0.784524 0 0 0.00567596 -0.0104397 -0.609926
24 -1.87218 -1.86423 -7.2488 -0.000932534 0 -2.53187
25 6.02794 0 0 1.01815 0.00715081 -2.91011
26 11.7344 0 0 0.00140278 0 -0.00396435
27 8.81167 0 0 2.13456 0 0
28 5.77884 0 0 1.43016 0 0
29 2.23249 0 0 0.704406 0 0
30 11.4725 0 0 2.18797 -0.396293 -0.216314
31 0.615812 0.994372 -0.809165 -3.04761 0.458939 0.429259
32 2.24752 0 0 -0.2852 0.140501 0.139601
33 1.11936 0 0 -0.0847126 0.242409 0.559752
34 3.71349 0.102639 0.10219 -1.45466 0.364566 -0.00777983
35 1.72615 0 0 -0.0241704 0.00205676 1.4924
36 1.21112 0 0 0.00227069 0.0174896 0.726566
37 3.5992 1.06012 0.070888 -1.56235 0.422266 -0.00772459
38 1.66069 0 0 0.0676317 0.0323835 1.30811
39 1.16699 0 0 -0.0203341 -0.00256649 0.958673
40 2.18853 -0.50104 0.0576587 -1.57222 -0.0521478 -0.184092
41 1.29609 0 0 0.081523 -0.0485691 0.334652
42 1.62202 -0.000713348 -0.000470638 -0.0216038 -0.0151966 1.43393
43 1.22241 0 0 -0.00390635 0.00320904 0.747264
44 1.76707 -1.27612 0.0366411 -1.57184 -0.0293867 -0.200336
45 1.55587 0 0 0.161579 0.010445 0.270319
46 1.24273 0 0 0.0140596 -0.0641347 0.836995
47 0.784531 0 0 -0.00506439 0.00438966 1.12376
48 0 0 0 0 0 0
49 18.4365 9.82297 -6.18454 1.01588 -1.48202 1.04838
50 -0.49446 -2.33627 -0.838784 0 0 0
time 57
0 4.76891 19.2541 -7.2488 0 0 -0.814469
1 6.02794 0 0 -2.75722 0.580169 1.05739
2 11.7344 0 0 -0.00140286 0 -2.59726
3 8.81138 -0.000452042 -0.000111103 -3.07567 0 0.000158889
4 5.77839 0.000284195 0 -2.0607 0 0.000101794
5 2.23163 -0.000331879 -0.000363827 -1.01497 0 0
6 11.4725 0 0 2.72949 0.649125 2.58622
7 0.615219 -0.993093 -0.8107 -3.07512 0.456349 -0.366698
8 2.24752 0 0 0.0761408 0.139583 -0.235958
9 1.11936 0 0 0.0153938 0.0741662 -0.756791
10 3.71348 -0.10264 0.102191 1.43507 1.16447 -0.0999767
11 1.72615 0 0 0.00961777 -0.000943836 -1.58463
12 1.21114 0 0 -0.00354682 0.0172759 -0.799967
13 3.59919 -1.06012 0.0708876 1.65414 0.797101 0.0958538
14 1.66069 0 0 -0.0724042 0.0072571 -1.5233
15 1.167 0 0 -0.0161866 0.00587243 -0.791292
16 2.18852 0.501038 0.0576582 1.57726 0.0540864 0.0878314
17 1.29609 0 0 0.0386934 -0.0263924 -1.16124
18 1.62202 0.000713348 -0.000471115 -0.000529958 0.000261833 -1.54451
19 1.22241 0 0 -0.0334012 0.0202408 -0.847976
20 1.76707 1.27612 0.0366406 1.57618 0.0980091 0.0532787
21 1.55587 0 0 -0.000901025 -0.0109827 -1.10911
22 1.24273 0 0 -0.000478052 -0.000362176 -1.32767
23 0.784524 0 0 0.00567591 -0.0104398 -0.609926
24 -1.87377 -1.85696 -7.2488 -0.000932534 0 -2.53187
25 6.02794 0 0 1.04549 0.0290679 -2.86493
26 11.7344 0 0 0.00140274 0 -0.00396547
27 8.81167 0 0 2.09376 0 0
28 5.77884 0 0 1.40282 0 0
29 2.23249 0 0 0.690942 0 0
30 11.4725 0 0 2.18441 -0.523316 -0.277734
31 0.615812 0.994372 -0.809165 -3.05643 0.462482 0.438673
32 2.24752 0 0 -0.276249 0.134445 0.141525
33 1.11936 0 0 -0.0816298 0.238265 0.54261
34 3.71348 0.102639 0.102191 -1.45942 0.366984 -0.0114048
35 1.72615 0 0 -0.023942 0.000875718 1.45084
36 1.21112 0 0 0.00205198 0.0175164 0.714087
37 3.5992 1.06012 0.0708876 -1.56258 0.428291 -0.0043546
38 1.66069 0 0 0.0660799 0.0340703 1.27271
39 1.16699 0 0 -0.0188431 -0.00235281 0.937403
40 2.18853 -0.50104 0.0576591 -1.57207 -0.0521517 -0.18694
41 1.29609 0 0 0.0772427 -0.0482645 0.341469
42 1.62202 -0.000712395 -0.000471115 -0.0211919 -0.016363 1.39297
43 1.22241 0 0 -0.00413629 0.0030949 0.733045
44 1.76707 -1.27612 0.0366411 -1.57172 -0.0293908 -0.204495
45 1.55588 0 0 0.155318 0.011727 0.277917
46 1.24273 0 0 0.0134564 -0.061128 0.821355
47 0.784531 0 0 -0.00522627 0.00454698 1.09495
48 0 0 0 0 0 0
49 17.6319 10.7982 -6.73008 0.939918 -1.46711 1.03209
50 -0.49446 -2.33627 -0.838784 0 0 0
time 58
0 4.68202 18.6151 -7.2488 0 0 -0.814469
1 6.02794 0 0 -2.83309 0.626972 1.07655
2 11.7344 0 0 -0.00140293 0 -2.44374
3 8.81138 -0.000452042 -0.000111103 2.99841 0 0.000157664
4 5.77839 0.000284195 0 2.00894 0 0.000134094
5 2.23163 -0.000328064 -0.000364304 0.989476 0 0
6 11.4725 0 0 2.91483 0.709312 2.6423
7 0.615219 -0.99309 -0.8107 -3.07512 0.456349 -0.366698
8 2.24752 0 0 0.0761407 0.139583 -0.235958
9 1.11936 0 0 0.0153937 0.0741661 -0.756791
10 3.71348 -0.10264 0.102191 1.43507 1.16447 -0.0999759
11 1.72615 0 0 0.0096179 -0.000943799 -1.58463
12 1.21114 0 0 -0.00354677 0.0172759 -0.799967
13 3.59919 -1.06012 0.0708876 1.65414 0.797101 0.0958536
14 1.66069 0 0 -0.0724042 0.00725707 -1.5233
15 1.167 0 0 -0.0161866 0.00587243 -0.791292
16 2.18852 0.50104 0.0576591 1.57726 0.0540864 0.0878315
17 1.29609 0 0 0.0386934 -0.0263925 -1.16124
18 1.62202 0.000714302 -0.000471115 -0.000529939 0.00026207 -1.54451
19 1.22241 0 0 -0.0334011 0.0202409 -0.847976
20 1.76707 1.27612 0.0366411 1.57618 0.0980091 0.0532787
21 1.55588 0 0 -0.000901175 -0.0109828 -1.10911
22 1.24274 0 0 -0.000477939 -0.000362126 -1.32767
23 0.784523 0 0 0.00567585 -0.0104398 -0.609926
24 -1.8755 -1.84908 -7.2488 -0.000932534 0 -2.53187
25 6.02794 0 0 1.06761 0.0514738 -2.83587
26 11.7344 0 0 0.00140268 0 -0.00396443
27 8.81167 0 0 2.0656 0 0
28 5.77884 0 0 1.38395 0 0
29 2.23249 0 0 0.681649 0 0
30 11.4725 0 0 2.20698 -0.647102 -0.351153
31 0.615812 0.994371 -0.809165 -3.06569 0.466168 0.448598
32 2.24752 0 0 -0.266851 0.128322 0.143578
33 1.11936 0 0 -0.0785713 0.233849 0.524633
34 3.71349 0.102639 0.102191 -1.46439 0.369612 -0.0150705
35 1.72615 0 0 -0.0236505 -0.000353117 1.40718
36 1.21112 0 0 0.00183587 0.0175404 0.701737
37 3.5992 1.06012 0.0708885 -1.56277 0.43436 -0.000812999
38 1.66069 0 0 0.0643585 0.0357905 1.23552
39 1.16699 0 0 -0.0172995 -0.00213469 0.915059
40 2.18853 -0.501039 0.0576591 -1.57193 -0.052155 -0.189724
41 1.29609 0 0 0.0727408 -0.0479747 0.348746
42 1.62202 -0.000713348 -0.000470161 -0.0207 -0.0175467 1.34995
43 1.2224 0 0 -0.00435959 0.00298348 0.718974
44 1.76707 -1.27612 0.0366402 -1.5716 -0.0293943 -0.208563
45 1.55588 0 0 0.148744 0.0129305 0.286056
46 1.24273 0 0 0.0128224 -0.0579955 0.805627
47 0.784532 0 0 -0.00539361 0.0046894 1.06467
48 0 0 0 0 0 0
49 16.7299 11.1707 -7.34727 0.91344 -1.45189 0.950097
50 -0.49446 -2.33627 -0.838784 0 0 0
time 59
0 4.5669 17.7685 -7.2488 0 0 -0.814469
1 6.02794 0 0 -2.86812 0.659788 1.07973
2 11.7344 0 0 -0.00140283 0 -2.31235
3 8.81138 -0.000452042 -0.000112057 2.86577 0 0.000158346
4 5.77839 0.000282288 0 1.92007 0 0.000132603
5 2.23163 -0.000331879 -0.000364304 0.945705 0 0
6 11.4725 0 0 3.06657 0.724927 2.70579
7 0.61522 -0.993092 -0.8107 -3.07512 0.456349 -0.366698
8 2.24752 0 0 0.0761407 0.139583 -0.235958
9 1.11936 0 0 0.0153936 0.0741661 -0.756791
10 3.71348 -0.102644 0.102191 1.43507 1.16447 -0.0999768
11 1.72615 0 0 0.00961805 -0.00094382 -1.58463
12 1.21113 0 0 -0.00354715 0.0172758 -0.799967
13 3.59919 -1.06012 0.070888 1.65414 0.797102 0.0958537
14 1.66069 0 0 -0.0724041 0.0072572 -1.5233
15 1.16699 0 0 -0.0161869 0.00587246 -0.791292
16 2.18852 0.501038 0.0576596 1.57726 0.0540864 0.0878315
17 1.29609 0 0 0.0386934 -0.0263924 -1.16124
18 1.62202 0.000714302 -0.0004673 -0.000530014 0.000261976 -1.54451
19 1.22241 0 0 -0.0334012 0.0202409 -0.847976
20 1.76707 1.27612 0.0366406 1.57618 0.0980092 0.0532787
21 1.55588 0 0 -0.000901084 -0.0109828 -1.10911
22 1.24274 0 0 -0.000478056 -0.000362123 -1.32767
23 0.784523 0 0 0.00567591 -0.0104397 -0.609926
24 -1.87735 -1.84063 -7.2488 -0.000932534 0 -2.53187
25 6.02794 0 0 1.0842 0.0741823 -2.82106
26 11.7344 0 0 0.00140272 0 -0.00396641
27 8.81167 0 0 2.05233 0 0
28 5.77884 0 0 1.37506 0 0
29 2.23249 0 0 0.677268 0 0
30 11.4725 0 0 2.26473 -0.763337 -0.446827
31 0.615812 0.994371 -0.809166 -3.07531 0.469965 0.458963
32 2.24752 0 0 -0.257074 0.12216 0.145755
33 1.11935 0 0 -0.0755445 0.229185 0.50596
34 3.71348 0.10264 0.102191 -1.46953 0.372449 -0.0187611
35 1.72615 0 0 -0.0232915 -0.00161623 1.36175
36 1.21112 0 0 0.00162192 0.0175615 0.689549
37 3.5992 1.06012 0.0708885 -1.5629 0.440449 0.00287665
38 1.66069 0 0 0.0624697 0.0375198 1.1968
39 1.16699 0 0 -0.0157171 -0.00191497 0.891805
40 2.18853 -0.501039 0.0576582 -1.57178 -0.0521579 -0.192441
41 1.29609 0 0 0.0680499 -0.0476989 0.356452
42 1.62202 -0.000713348 -0.000469208 -0.0201254 -0.0187306 1.30517
43 1.2224 0 0 -0.00457577 0.0028754 0.705087
44 1.76707 -1.27612 0.0366402 -1.57148 -0.0293973 -0.212531
45 1.55588 0 0 0.141905 0.014057 0.294702
46 1.24273 0 0 0.0121627 -0.0547592 0.789871
47 0.784531 0 0 -0.00556431 0.00481459 1.03316
48 0 0 0 0 0 0
49 15.7457 11.0025 -8.02096 0.931224 -1.43666 0.809959
50 -0.49446 -2.33627 -0.838784 0 0 0
time 60
0 4.42731 16.7419 -7.2488 0 0 -0.814469
1 6.02794 0 0 -2.88944 0.686002 1.06002
2 11.7344 0 0 -0.00140282 0 -2.2085
3 8.81138 -0.000448227 -0.000113487 2.77961 0 0.000157538
4 5.77839 0.000284195 0 1.86234 0 0.000130644
5 2.23163 -0.000328064 -0.000364304 0.91727 0 0
6 11.4725 0 0 -3.08701 0.710521 2.77131
7 0.615219 -0.993092 -0.8107 -3.07512 0.456349 -0.366698
8 2.24752 0 0 0.0761407 0.139583 -0.235958
9 1.11936 0 0 0.0153937 0.0741661 -0.756791
10 3.71348 -0.10264 0.102191 1.43507 1.16447 -0.0999767
11 1.72615 0 0 0.00961812 -0.000943724 -1.58463
12 1.21114 0 0 -0.00354704 0.017276 -0.799967
13 3.59919 -1.06012 0.0708876 1.65414 0.797101 0.0958536
14 1.66069 0 0 -0.072404 0.00725706 -1.5233
15 1.167 0 0 -0.0161868 0.00587247 -0.791292
16 2.18852 0.501041 0.0576587 1.57726 0.0540863 0.0878315
17 1.29609 0 0 0.0386934 -0.0263926 -1.16124
18 1.62202 0.000714302 -0.000469208 -0.000529919 0.000261964 -1.54451
19 1.22241 0 0 -0.033401 0.0202409 -0.847975
20 1.76707 1.27612 0.0366406 1.57618 0.098009 0.0532787
21 1.55588 0 0 -0.00090106 -0.0109829 -1.10911
22 1.24273 0 0 -0.000477935 -0.00036218 -1.32767
23 0.784524 0 0 0.0056759 -0.0104397 -0.609926
24 -1.87932 -1.83166 -7.2488 -0.000932534 0 -2.53187
25 6.02794 0 0 1.0951 0.0970933 -2.81969
26 11.7344 0 0 0.00140272 0 -0.00396647
27 8.81167 0 0 2.05484 0 0
28 5.77884 0 0 1.37674 0 0
29 2.23249 0 0 0.678097 0 0
30 11.4725 0 0 2.36848 -0.865517 -0.575525
31 0.615813 0.994371 -0.809165 -3.08522 0.473841 0.469699
32 2.24752 0 0 -0.246988 0.115987 0.148052
33 1.11936 0 0 -0.0725564 0.224297 0.486728
34 3.71349 0.102638 0.102191 -1.47481 0.375494 -0.0224612
35 1.72615 0 0 -0.0228623 -0.00290006 1.31486
36 1.21112 0 0 0.00141125 0.0175797 0.677556
37 3.5992 1.06012 0.0708876 -1.56299 0.446532 0.00669116
38 1.66069 0 0 0.0604195 0.0392356 1.15685
39 1.16699 0 0 -0.0141101 -0.00169651 0.867807
40 2.18853 -0.50104 0.0576601 -1.57165 -0.0521603 -0.195085
41 1.29609 0 0 0.0632025 -0.047436 0.364554
42 1.62202 -0.000713348 -0.000471115 -0.0194677 -0.0198981 1.25896
43 1.22241 0 0 -0.00478412 0.00277083 0.691421
44 1.76707 -1.27612 0.0366411 -1.57137 -0.0293996 -0.216394
45 1.55587 0 0 0.134852 0.0151073 0.303824
46 1.24273 0 0 0.0114815 -0.0514397 0.774151
47 0.784531 0 0 -0.00573627 0.00492076 1.00064
48 0 0 0 0 0 0
49 14.6946 10.3553 -8.73597 0.988035 -1.42175 0.619245
50 -0.49446 -2.33627 -0.838784 0 0 0
time 61
0 4.26703 15.563 -7.2488 0 0 -0.814469
1 6.02794 0 0 -2.91146 0.709058 1.0099
2 11.7344 0 0 -0.00140287 0 -2.1377
3 8.81138 -0.000448227 -0.00011301 2.72256 0 0.000157469
4 5.77839 0.000286102 0 1.82412 0 0.000129605
5 2.23163 -0.000328064 -0.00036335 0.898445 0 0
6 11.4725 0 0 -2.97666 0.674592 2.83393
7 0.615219 -0.99309 -0.810699 -3.07512 0.456349 -0.366698
8 2.24752 0 0 0.0761408 0.139583 -0.235958
9 1.11936 0 0 0.0153937 0.074166 -0.756791
10 3.71348 -0.10264 0.102191 1.43507 1.16447 -0.0999778
11 1.72615 0 0 0.00961786 -0.000943632 -1.58463
12 1.21114 0 0 -0.00354691 0.017276 -0.799967
13 3.59919 -1.06012 0.0708885 1.65414 0.797101 0.095853
14 1.66069 0 0 -0.0724043 0.00725712 -1.5233
15 1.167 0 0 -0.0161866 0.00587253 -0.791292
16 2.18852 0.50104 0.0576591 1.57726 0.0540863 0.0878316
17 1.29609 0 0 0.0386935 -0.0263925 -1.16124
18 1.62202 0.000713825 -0.000471115 -0.000529824 0.000261995 -1.54451
19 1.22241 0 0 -0.0334012 0.020241 -0.847976
20 1.76707 1.27612 0.0366416 1.57618 0.0980091 0.0532786
21 1.55588 0 0 -0.000901251 -0.0109828 -1.10911
22 1.24274 0 0 -0.000478006 -0.000362235 -1.32767
23 0.784522 0 0 0.0056759 -0.0104397 -0.609926
24 -1.88139 -1.82222 -7.2488 -0.000932534 0 -2.53187
25 6.02794 0 0 1.10021 0.120178 -2.83176
26 11.7344 0 0 0.00140263 0 -0.00396644
27 8.81167 0 0 2.07198 0 0
28 5.77884 0 0 1.38823 0 0
29 2.23249 0 0 0.683753 0 0
30 11.4725 0 0 2.52621 -0.945045 -0.744429
31 0.615813 0.994373 -0.809165 -3.09536 0.477767 0.480734
32 2.24752 0 0 -0.236661 0.10983 0.150465
33 1.11936 0 0 -0.0696142 0.219215 0.467074
34 3.71349 0.102639 0.102191 -1.48019 0.378745 -0.0261554
35 1.72615 0 0 -0.0223622 -0.00419165 1.26684
36 1.21112 0 0 0.00120402 0.017595 0.665788
37 3.5992 1.06012 0.0708885 -1.56302 0.452583 0.0106067
38 1.66069 0 0 0.0582158 0.0409162 1.11592
39 1.16699 0 0 -0.0124911 -0.0014825 0.84323
40 2.18853 -0.501039 0.0576591 -1.57151 -0.0521623 -0.197652
41 1.29609 0 0 0.058231 -0.0471849 0.373019
42 1.62202 -0.000713348 -0.000469208 -0.0187291 -0.0210337 1.21162
43 1.2224 0 0 -0.00498483 0.00266998 0.678014
44 1.76707 -1.27612 0.0366411 -1.57126 -0.0294016 -0.220144
45 1.55588 0 0 0.127633 0.0160824 0.313391
46 1.24273 0 0 0.0107838 -0.0480583 0.758527
47 0.784532 0 0 -0.00590743 0.00500651 0.967339
48 0 0 0 0 0 0
49 13.5918 9.29106 -9.47717 1.07865 -1.40745 0.385521
50 -0.49446 -2.33627 -0.838784 0 0 0
time 62
0 4.0898 14.2596 -7.2488 0 0 -0.814469
1 6.02794 0 0 -2.94241 0.730386 0.923535
2 11.7344 0 0 -0.00140285 0 -2.10184
3 8.81138 -0.000448227 -0.000112534 2.68145 0 0.000157394
4 5.77839 0.000286102 0 1.79657 0 0.00012865
5 2.23163 -0.000326157 -0.000365257 0.88488 0 0
6 11.4725 0 0 -2.88339 0.625162 2.88931
7 0.615219 -0.993092 -0.810699 -3.07512 0.456349 -0.366698
8 2.24752 0 0 0.0761408 0.139583 -0.235958
9 1.11936 0 0 0.0153937 0.0741661 -0.756791
10 3.71348 -0.10264 0.10219 1.43507 1.16447 -0.099977
11 1.72615 0 0 0.00961811 -0.000943798 -1.58463
12 1.21114 0 0 -0.00354708 0.0172759 -0.799967
13 3.59919 -1.06012 0.0708885 1.65414 0.797101 0.0958532
14 1.66069 0 0 -0.0724042 0.00725723 -1.5233
15 1.167 0 0 -0.0161866 0.00587247 -0.791292
16 2.18852 0.50104 0.0576596 1.57726 0.0540863 0.0878312
17 1.29609 0 0 0.0386935 -0.0263925 -1.16124
18 1.62202 0.000715256 -0.000473022 -0.000529992 0.000261997 -1.54451
19 1.22241 0 0 -0.0334012 0.0202409 -0.847976
20 1.76707 1.27612 0.0366411 1.57618 0.0980091 0.0532783
21 1.55588 0 0 -0.000901201 -0.0109827 -1.10911
22 1.24273 0 0 -0.000478064 -0.000362016 -1.32767
23 0.784523 0 0 0.00567607 -0.0104397 -0.609926
24 -1.88355 -1.81235 -7.2488 -0.000932534 0 -2.53187
25 6.02794 0 0 1.09947 0.143529 -2.85791
26 11.7344 0 0 0.00140271 0 -0.00396435
27 8.81167 0 0 2.10023 0 0
28 5.77884 0 0 1.40716 0 0
29 2.23249 0 0 0.693078 0 0
30 11.4725 0 0 2.73309 -0.993285 -0.947708
31 0.615812 0.994371 -0.809166 -3.10566 0.481713 0.491997
32 2.24752 0 0 -0.226163 0.103718 0.152991
33 1.11936 0 0 -0.0667246 0.213968 0.447133
34 3.71349 0.102638 0.102191 -1.48565 0.3822 -0.0298281
35 1.72615 0 0 -0.0217919 -0.00547777 1.21801
36 1.21112 0 0 0.00100158 0.0176077 0.654279
37 3.5992 1.06012 0.0708876 -1.56299 0.458578 0.0145989
38 1.66069 0 0 0.0558709 0.042541 1.0743
39 1.16699 0 0 -0.0108724 -0.00127555 0.818241
40 2.18853 -0.50104 0.0576591 -1.57138 -0.0521639 -0.200139
41 1.29609 0 0 0.0531679 -0.0469448 0.381814
42 1.62202 -0.000713348 -0.000471115 -0.0179134 -0.0221229 1.16349
43 1.2224 0 0 -0.00517717 0.00257305 0.664901
44 1.76707 -1.27612 0.0366411 -1.57115 -0.0294031 -0.223776
45 1.55588 0 0 0.120297 0.0169836 0.32337
46 1.24273 0 0 0.0100741 -0.044636 0.743062
47 0.784531 0 0 -0.00607542 0.00507107 0.933476
48 0 0 0 0 0 0
49 12.4528 7.87167 -10.2294 1.19783 -1.3941 0.116349
50 -0.49446 -2.33627 -0.838784 0 0 0
time 63
0 3.8994 12.8593 -7.2488 0 0 -0.814469
1 6.02794 0 0 -2.98768 0.750127 0.795632
2 11.7344 0 0 -0.00140292 0 -2.10075
3 8.81138 -0.000450134 -0.00011158 2.64625 0 0.00015752
4 5.77839 0.000286102 0 1.77299 0 0.000128424
5 2.23163 -0.000328064 -0.000365257 0.873263 0 0
6 11.4725 0 0 -2.80401 0.570825 2.93465
7 0.615219 -0.993092 -0.8107 -3.07512 0.456349 -0.366698
8 2.24752 0 0 0.0761407 0.139583 -0.235958
9 1.11936 0 0 0.0153936 0.0741661 -0.756791
10 3.71348 -0.10264 0.102191 1.43507 1.16447 -0.0999765
11 1.72615 0 0 0.00961791 -0.000943704 -1.58463
12 1.21113 0 0 -0.0035471 0.0172758 -0.799967
13 3.59919 -1.06012 0.0708885 1.65414 0.797101 0.0958536
14 1.66069 0 0 -0.0724039 0.0072569 -1.5233
15 1.167 0 0 -0.0161866 0.00587249 -0.791292
16 2.18852 0.501041 0.0576587 1.57726 0.0540864 0.0878314
17 1.29609 0 0 0.0386934 -0.0263926 -1.16124
18 1.62202 0.00071311 -0.000471115 -0.000529865 0.000262079 -1.54451
19 1.22241 0 0 -0.0334014 0.0202408 -0.847976
20 1.76707 1.27612 0.0366406 1.57618 0.0980092 0.0532786
21 1.55588 0 0 -0.000901069 -0.0109828 -1.10911
22 1.24274 0 0 -0.000478001 -0.000362193 -1.32767
23 0.784523 0 0 0.00567608 -0.0104397 -0.609926
24 -1.8858 -1.80212 -7.2488 -0.000932534 0 -2.53187
25 6.02794 0 0 1.09292 0.167414 -2.89929
26 11.7344 0 0 0.00140272 0 -0.00396644
27 8.81167 0 0 2.13427 0 0
28 5.77884 0 0 1.42996 0 0
29 2.23249 0 0 0.70431 0 0
30 11.4725 0 0 2.96371 -1.00658 -1.1594
31 0.615813 0.994372 -0.809166 -3.11604 0.485652 0.503414
32 2.24752 0 0 -0.215561 0.0976787 0.155625
33 1.11936 0 0 -0.0638949 0.208588 0.427039
34 3.71349 0.102638 0.10219 -1.49116 0.385859 -0.0334634
35 1.72615 0 0 -0.0211543 -0.00674557 1.16869
36 1.21112 0 0 0.000804021 0.0176179 0.643062
37 3.5992 1.06012 0.0708876 -1.56291 0.46449 0.0186429
38 1.66069 0 0 0.0533997 0.0440918 1.03226
39 1.16699 0 0 -0.00926607 -0.001078 0.793003
40 2.18853 -0.50104 0.0576582 -1.57126 -0.0521652 -0.202539
41 1.29609 0 0 0.0480458 -0.0467147 0.390907
42 1.62202 -0.000713348 -0.000468254 -0.0170264 -0.0231523 1.11488
43 1.2224 0 0 -0.00536139 0.00248034 0.652119
44 1.76707 -1.27612 0.0366402 -1.57105 -0.0294042 -0.227283
45 1.55588 0 0 0.112894 0.0178117 0.333731
46 1.24273 0 0 0.00935722 -0.0411938 0.727818
47 0.784531 0 0 -0.00623888 0.00511365 0.899277
48 0 0 0 0 0 0
49 11.2927 6.159 -10.9774 1.34035 -1.38199 -0.180704
50 -0.49446 -2.33627 -0.838784 0 0 0
time 64
0 3.69959 11.3898 -7.2488 0 0 -0.814469
1 6.02794 0 0 -3.04971 0.767177 0.622793
2 11.7344 0 0 -0.00140276 0 -2.12996
3 8.81138 -0.000450134 -0.00011158 2.60961 0 0.000156988
4 5.77839 0.000286102 0 1.74844 0 0.000127164
5 2.23163 -0.000328064 -0.000364304 0.86117 0 0
6 11.4725 0 0 -2.73519 0.520692 2.9663
7 0.615219 -0.99309 -0.810699 -3.07512 0.456349 -0.366698
8 2.24752 0 0 0.0761408 0.139583 -0.235958
9 1.11936 0 0 0.0153937 0.0741661 -0.756791
10 3.71348 -0.102642 0.102192 1.43507 1.16447 -0.0999767
11 1.72615 0 0 0.00961766 -0.000943579 -1.58463
12 1.21114 0 0 -0.00354679 0.0172759 -0.799967
13 3.59919 -1.06012 0.0708885 1.65414 0.797101 0.0958535
14 1.66069 0 0 -0.0724042 0.00725728 -1.5233
15 1.167 0 0 -0.0161867 0.00587234 -0.791292
16 2.18852 0.50104 0.0576591 1.57726 0.0540864 0.0878313
17 1.29609 0 0 0.0386934 -0.0263924 -1.16124
18 1.62202 0.000712633 -0.000471115 -0.000529814 0.000261921 -1.54451
19 1.22241 0 0 -0.0334012 0.0202408 -0.847976
20 1.76707 1.27612 0.0366411 1.57618 0.0980092 0.0532785
21 1.55588 0 0 -0.000901171 -0.0109829 -1.10911
22 1.24273 0 0 -0.00047799 -0.00036211 -1.32767
23 0.784523 0 0 0.005676 -0.0104396 -0.609926
24 -1.88811 -1.79156 -7.2488 -0.000932534 0 -2.53187
25 6.02794 0 0 1.08079 0.19232 -2.9574
26 11.7344 0 0 0.00140269 0 -0.00396437
27 8.81167 0 0 2.16819 0 0
28 5.77884 0 0 1.45269 0 0
29 2.23249 0 0 0.715503 0 0
30 11.4725 0 0 -3.09997 -0.990575 -1.34509
31 0.615813 0.994372 -0.809165 -3.12644 0.489556 0.514911
32 2.24752 0 0 -0.204927 0.0917399 0.158364
33 1.11936 0 0 -0.0611321 0.203107 0.406925
34 3.71349 0.102639 0.102191 -1.49667 0.389719 -0.0370455
35 1.72615 0 0 -0.0204539 -0.00798341 1.11921
36 1.21112 0 0 0.000612009 0.0176256 0.632167
37 3.5992 1.06012 0.0708885 -1.56277 0.470295 0.0227136
38 1.66069 0 0 0.0508201 0.0455524 0.990075
39 1.16699 0 0 -0.00768246 -0.000892284 0.767683
40 2.18853 -0.50104 0.0576591 -1.57114 -0.0521661 -0.204849
41 1.29609 0 0 0.0428965 -0.0464934 0.400264
42 1.62202 -0.000713348 -0.000469208 -0.0160769 -0.0241117 1.06611
43 1.22241 0 0 -0.00553671 0.00239193 0.639707
44 1.76707 -1.27612 0.0366411 -1.57095 -0.0294049 -0.230658
45 1.55588 0 0 0.105473 0.0185679 0.344442
46 1.24273 0 0 0.00863793 -0.0377532 0.712857
47 0.784531 0 0 -0.00639559 0.00513459 0.864965
48 0 0 0 0 0 0
49 10.1268 4.21493 -11.7062 1.50099 -1.37144 -0.498075
50 -0.49446 -2.33627 -0.838784 0 0 0
time 65
0 3.49414 9.8788 -7.2488 0 0 -0.814469
1 6.02794 0 0 -3.12706 0.779904 0.40471
2 11.7344 0 0 -0.00140295 0 -2.18017
3 8.81138 -0.000448227 -0.00011301 2.56732 0 0.000157318
4 5.77839 0.00028801 0 1.7201 0 0.000127214
5 2.23163 -0.000328064 -0.000365257 0.847214 0 0
6 11.4725 0 0 -2.67514 0.484326 2.97818
7 0.615219 -0.993092 -0.810699 -3.07512 0.456349 -0.366698
8 2.24752 0 0 0.0761407 0.139583 -0.235958
9 1.11936 0 0 0.0153936 0.0741661 -0.756791
10 3.71348 -0.102642 0.102192 1.43507 1.16447 -0.0999773
11 1.72615 0 0 0.00961786 -0.000943625 -1.58463
12 1.21114 0 0 -0.0035469 0.017276 -0.799967
13 3.59919 -1.06012 0.0708885 1.65414 0.797102 0.0958534
14 1.66069 0 0 -0.0724041 0.00725724 -1.5233
15 1.167 0 0 -0.0161867 0.00587234 -0.791292
16 2.18852 0.501038 0.0576591 1.57726 0.0540865 0.0878313
17 1.29609 0 0 0.0386934 -0.0263928 -1.16124
18 1.62202 0.000714302 -0.000471115 -0.000529943 0.000262128 -1.54451
19 1.22241 0 0 -0.0334013 0.020241 -0.847976
20 1.76707 1.27612 0.0366421 1.57618 0.0980092 0.0532786
21 1.55588 0 0 -0.000901013 -0.0109829 -1.10911
22 1.24273 0 0 -0.000478065 -0.000361941 -1.32767
23 0.784522 0 0 0.00567613 -0.0104397 -0.609926
24 -1.89049 -1.78073 -7.2488 -0.000932534 0 -2.53187
25 6.02794 0 0 1.06362 0.218865 -3.0338
26 11.7344 0 0 0.00140277 0 -0.00396641
27 8.81167 0 0 2.19705 0 0
28 5.77884 0 0 1.47202 0 0
29 2.23249 0 0 0.725027 0 0
30 11.4725 0 0 -2.91409 -0.958107 -1.48401
31 0.615812 0.994372 -0.809166 -3.13679 0.493401 0.526412
32 2.24752 0 0 -0.194326 0.0859292 0.161204
33 1.11936 0 0 -0.0584438 0.197564 0.386923
34 3.71349 0.102638 0.102191 -1.50217 0.39378 -0.0405588
35 1.72615 0 0 -0.0196969 -0.0091799 1.06989
36 1.21112 0 0 0.000426174 0.017631 0.621629
37 3.5992 1.06012 0.0708876 -1.56258 0.475967 0.0267854
38 1.66069 0 0 0.0481534 0.0469088 0.948024
39 1.16699 0 0 -0.00613136 -0.000720037 0.742446
40 2.18853 -0.50104 0.0576582 -1.57102 -0.0521667 -0.207065
41 1.29609 0 0 0.0377531 -0.0462805 0.409854
42 1.62202 -0.000713348 -0.000470161 -0.0150741 -0.0249911 1.01749
43 1.2224 0 0 -0.00570316 0.00230775 0.627699
44 1.76707 -1.27612 0.0366411 -1.57085 -0.0294052 -0.233894
45 1.55587 0 0 0.0980832 0.0192535 0.355472
46 1.24273 0 0 0.00792081 -0.0343352 0.698239
47 0.784531 0 0 -0.00654399 0.00513459 0.830765
48 0 0 0 0 0 0
49 8.97034 2.10133 -12.4004 1.67451 -1.36277 -0.828197
50 -0.49446 -2.33627 -0.838784 0 0 0
time 66
0 3.2868 8.35392 -7.2488 0 0 -0.814469
1 6.02794 0 0 3.06941 0.788154 0.144348
2 11.7344 0 0 -0.00140288 0 -2.23952
3 8.81138 -0.000450134 -0.000112534 2.51846 0 0.000157462
4 5.77839 0.000284195 0 1.68737 0 0.000126364
5 2.23163 -0.000331879 -0.000364304 0.831092 0 0
6 11.4725 0 0 -2.62494 0.472194 2.96279
7 0.615219 -0.99309 -0.8107 -3.07512 0.456349 -0.366698
8 2.24752 0 0 0.0761408 0.139583 -0.235958
9 1.11936 0 0 0.0153936 0.0741661 -0.756791
10 3.71348 -0.10264 0.10219 1.43507 1.16447 -0.0999776
11 1.72615 0 0 0.00961782 -0.000943664 -1.58463
12 1.21114 0 0 -0.00354684 0.0172759 -0.799967
13 3.59919 -1.06012 0.0708885 1.65414 0.797102 0.0958534
14 1.66069 0 0 -0.0724041 0.00725715 -1.5233
15 1.167 0 0 -0.0161866 0.00587247 -0.791292
16 2.18852 0.501041 0.0576582 1.57726 0.0540863 0.0878313
17 1.29609 0 0 0.0386933 -0.0263923 -1.16124
18 1.62202 0.000713825 -0.000471115 -0.000529873 0.000261863 -1.54451
19 1.22241 0 0 -0.0334013 0.0202409 -0.847975
20 1.76707 1.27612 0.0366402 1.57618 0.0980091 0.0532785
21 1.55588 0 0 -0.000901069 -0.0109828 -1.10911
22 1.24273 0 0 -0.000478054 -0.000362083 -1.32767
23 0.784523 0 0 0.00567594 -0.0104399 -0.609926
24 -1.89291 -1.76968 -7.2488 -0.000932534 0 -2.53187
25 6.02794 0 0 1.04233 0.247546 -3.12984
26 11.7344 0 0 0.00140273 0 -0.00396656
27 8.81167 0 0 2.21799 0 0
28 5.77884 0 0 1.48606 0 0
29 2.23249 0 0 0.731937 0 0
30 11.4725 0 0 -2.7672 -0.92289 -1.57379
31 0.615813 0.994372 -0.809165 3.13615 0.497162 0.53784
32 2.24752 0 0 -0.18383 0.0802749 0.16414
33 1.11936 0 0 -0.0558379 0.191995 0.367165
34 3.71349 0.102639 0.10219 -1.50761 0.398041 -0.043987
35 1.72615 0 0 -0.0188914 -0.0103254 1.02106
36 1.21112 0 0 0.000247232 0.0176345 0.611479
37 3.5992 1.06012 0.0708885 -1.56235 0.481483 0.0308318
38 1.66069 0 0 0.0454226 0.0481507 0.906381
39 1.16699 0 0 -0.00462272 -0.000563204 0.717458
40 2.18853 -0.50104 0.0576572 -1.57091 -0.0521672 -0.209181
41 1.29609 0 0 0.0326479 -0.0460748 0.419643
42 1.62202 -0.000709534 -0.000469208 -0.0140296 -0.0257842 0.969352
43 1.22241 0 0 -0.00586099 0.00222864 0.616134
44 1.76707 -1.27612 0.0366402 -1.57076 -0.0294052 -0.236986
45 1.55588 0 0 0.0907741 0.0198695 0.366788
46 1.24273 0 0 0.00721054 -0.0309604 0.684028
47 0.784531 0 0 -0.00668288 0.00511426 0.796902
48 0 0 0 0 0 0
49 7.83871 -0.119924 -13.0451 1.85568 -1.35628 -1.16351
50 -0.49446 -2.33627 -0.838784 0 0 0
time 67
0 3.08134 6.84289 -7.2488 0 0 -0.814469
1 6.02794 0 0 2.98631 0.797437 -0.148862
2 11.7344 0 0 -0.00140276 0 -2.29235
3 8.81138 -0.000450134 -0.000112534 2.46326 0 0.000157691
4 5.77839 0.00028801 0 1.65038 0 0.000125805
5 2.23163 -0.000328064 -0.000364304 0.812876 0 0
6 11.4725 0 0 -2.58951 0.497041 2.91194
7 0.615219 -0.993091 -0.810701 -3.07512 0.456349 -0.366698
8 2.24752 0 0 0.0761409 0.139583 -0.235958
9 1.11936 0 0 0.0153937 0.0741661 -0.756792
10 3.71348 -0.102641 0.10219 1.43507 1.16447 -0.0999765
11 1.72615 0 0 0.00961804 -0.00094387 -1.58463
12 1.21114 0 0 -0.00354713 0.0172758 -0.799967
13 3.59919 -1.06012 0.0708876 1.65414 0.797101 0.0958535
14 1.66069 0 0 -0.072404 0.00725718 -1.5233
15 1.167 0 0 -0.0161867 0.00587245 -0.791292
16 2.18852 0.50104 0.0576582 1.57726 0.0540864 0.0878313
17 1.29609 0 0 0.0386933 -0.0263925 -1.16124
18 1.62202 0.000714183 -0.000471115 -0.000530106 0.000261886 -1.54451
19 1.22241 0 0 -0.0334013 0.0202408 -0.847976
20 1.76707 1.27612 0.0366402 1.57618 0.0980091 0.0532786
21 1.55588 0 0 -0.000901222 -0.0109829 -1.10911
22 1.24273 0 0 -0.000478114 -0.000362207 -1.32767
23 0.784524 0 0 0.0056759 -0.0104398 -0.609926
24 -1.89537 -1.75845 -7.2488 -0.000932534 0 -2.53187
25 6.02794 0 0 0.931118 0.564332 2.82701
26 11.7344 0 0 0.00140275 0 0.68796
27 8.81167 0 0 2.16526 0 0
28 5.77884 0 0 1.45072 0 0
29 2.23249 0 0 0.714534 0 0
30 11.4725 0 0 -2.65608 -0.895856 -1.96917
31 0.615812 0.99437 -0.809165 3.12609 0.500816 0.549117
32 2.24752 0 0 -0.173505 0.0748048 0.16717
33 1.11936 0 0 -0.0533224 0.186442 0.347778
34 3.71348 0.102639 0.102191 -1.51296 0.4025 -0.0473141
35 1.72615 0 0 -0.018047 -0.0114111 0.973027
36 1.21112 0 0 0 0.017636 0.601749
37 3.5992 1.06011 0.0708876 -1.56206 0.486816 0.0348261
38 1.66069 0 0 0.042654 0.0492699 0.865421
39 1.16699 0 0 -0.00316468 -0.000422594 0.692884
40 2.18853 -0.50104 0.0576582 -1.57081 -0.0521672 -0.211193
41 1.29609 0 0 0.0276132 -0.0458759 0.429599
42 1.62202 -0.000713348 -0.000470161 -0.0129561 -0.0264862 0.922006
43 1.22241 0 0 -0.00600956 0.0021538 0.605048
44 1.76707 -1.27612 0.0366411 -1.57068 -0.0294049 -0.239925
45 1.55587 0 0 0.0835946 0.0204169 0.378358
46 1.24273 0 0 0.00651198 -0.0276504 0.670286
47 0.784531 0 0 -0.00681073 0.00507536 0.763599
48 0 0 0 0 0 0
49 6.74712 -2.38694 -13.6249 2.03928 -1.35229 -1.49644
50 -0.49446 -2.33627 -0.838784 0 0 0
time 68
0 2.88153 5.37339 -7.2488 0 0 -0.814469
1 6.02794 0 0 2.92479 0.825643 -0.460663
2 11.7344 0 0 -0.00140286 0 -2.32468
3 8.81138 -0.000452042 -0.000110626 2.39905 0 0.000157054
4 5.77839 0.000286102 0 1.60737 0 0.000124383
5 2.23163 -0.000329971 -0.00036335 0.791688 0 0
6 11.4725 0 0 -2.57943 0.57647 2.82175
7 0.615219 -0.993091 -0.8107 -3.07512 0.456349 -0.366698
8 2.24752 0 0 0.0761408 0.139583 -0.235958
9 1.11936 0 0 0.0153936 0.074166 -0.756792
10 3.71348 -0.10264 0.102191 1.43507 1.16447 -0.0999774
11 1.72615 0 0 0.0096179 -0.000943843 -1.58463
12 1.21114 0 0 -0.00354696 0.0172759 -0.799967
13 3.59919 -1.06012 0.0708885 1.65414 0.797101 0.0958535
14 1.66068 0 0 -0.0724042 0.00725709 -1.5233
15 1.167 0 0 -0.0161868 0.00587243 -0.791292
16 2.18852 0.501039 0.0576591 1.57726 0.0540863 0.0878313
17 1.29609 0 0 0.0386934 -0.0263923 -1.16124
18 1.62202 0.000713825 -0.000472069 -0.000529825 0.00026191 -1.54451
19 1.22241 0 0 -0.0334012 0.0202409 -0.847976
20 1.76707 1.27612 0.0366402 1.57618 0.098009 0.0532786
21 1.55588 0 0 -0.000901221 -0.0109829 -1.10911
22 1.24273 0 0 -0.000478057 -0.000362085 -1.32766
23 0.784523 0 0 0.00567608 -0.0104397 -0.609926
24 -1.89786 -1.7471 -7.2488 -0.000932534 0 -2.53187
25 6.02794 0 0 0.817486 0.710418 2.55376
26 11.7344 0 0 0.00140266 0 0.991839
27 8.81167 0 0 2.13979 0 0
28 5.77884 0 0 1.43366 0 0
29 2.23249 0 0 0.70613 0 0
30 11.4725 0 0 -2.57662 -0.883822 -2.12964
31 0.615813 0.994371 -0.809166 3.11628 0.504342 0.560166
32 2.24752 0 0 -0.163422 0.0695471 0.170288
33 1.11936 0 0 -0.050906 0.180946 0.328892
34 3.71349 0.102637 0.102191 -1.51819 0.407156 -0.0505239
35 1.72615 0 0 -0.0171743 -0.0124302 0.926127
36 1.21112 0 0 0 0.017636 0.592472
37 3.5992 1.06011 0.0708876 -1.56174 0.491942 0.0387409
38 1.66069 0 0 0.0398748 0.0502621 0.825422
39 1.16699 0 0 -0.00176505 -0.000299323 0.668889
40 2.18853 -0.50104 0.0576591 -1.57071 -0.0521672 -0.213098
41 1.29609 0 0 0.0226814 -0.045683 0.439688
42 1.62202 -0.000713348 -0.000470638 -0.0118671 -0.0270952 0.875773
43 1.2224 0 0 -0.0061485 0.00208406 0.594478
44 1.76707 -1.27612 0.0366402 -1.5706 -0.0294046 -0.242707
45 1.55588 0 0 0.0765942 0.0208973 0.390153
46 1.24273 0 0 0.00582972 -0.0244265 0.657073
47 0.784531 0 0 -0.00692705 0.00501953 0.731081
48 0 0 0 0 0 0
49 5.71086 -4.63785 -14.1248 2.22007 -1.3511 -1.81943
50 -0.49446 -2.33627 -0.838784 0 0 0
time 69
0 2.69113 3.97309 -7.2488 0 0 -0.814469
1 6.02794 0 0 2.90294 0.90665 -0.773773
2 11.7344 0 0 -0.00140294 0 -2.32726
3 8.81138 -0.000448227 -0.00011158 2.31118 0 0.000157841
4 5.77839 0.000286102 0 1.54849 0 0.000123894
5 2.23163 -0.000328064 -0.000364304 0.762689 0 0
6 11.4725 0 0 -2.61675 0.733147 2.68965
7 0.615219 -0.993092 -0.8107 -3.07512 0.456349 -0.366698
8 2.24752 0 0 0.0761407 0.139583 -0.235958
9 1.11936 0 0 0.0153937 0.0741661 -0.756791
10 3.71348 -0.102641 0.102191 1.43507 1.16447 -0.0999767
11 1.72615 0 0 0.00961803 -0.000943796 -1.58463
12 1.21114 0 0 -0.00354696 0.0172759 -0.799967
13 3.59919 -1.06012 0.0708876 1.65414 0.797102 0.0958537
14 1.66069 0 0 -0.0724041 0.00725723 -1.5233
15 1.167 0 0 -0.0161867 0.00587245 -0.791292
16 2.18852 0.501039 0.0576582 1.57726 0.0540864 0.0878316
17 1.29609 0 0 0.0386934 -0.0263925 -1.16124
18 1.62202 0.000713825 -0.000470161 -0.000529887 0.000262016 -1.54451
19 1.22241 0 0 -0.0334014 0.0202408 -0.847976
20 1.76707 1.27612 0.0366411 1.57618 0.0980091 0.0532786
21 1.55588 0 0 -0.00090108 -0.0109827 -1.10911
22 1.24273 0 0 -0.000477943 -0.000362073 -1.32767
23 0.784524 0 0 0.00567604 -0.0104397 -0.609926
24 -1.90036 -1.73568 -7.2488 -0.000932534 0 -2.53187
25 6.02794 0 0 0.692283 0.81207 2.26971
26 11.7344 0 0 0.00140269 0 1.20072
27 8.81167 0 0 2.11302 0 0
28 5.77884 0 0 1.41573 0 0
29 2.23249 0 0 0.697298 0 0
30 11.4725 0 0 -2.52502 -0.88897 -2.21112
31 0.615813 0.994371 -0.809165 3.10679 0.507719 0.570906
32 2.24752 0 0 -0.153647 0.0645293 0.173493
33 1.11936 0 0 -0.0485981 0.175552 0.310634
34 3.71349 0.102639 0.102191 -1.52326 0.412008 -0.0535994
35 1.72615 0 0 -0.0162848 -0.0133764 0.880681
36 1.21112 0 0 -0.000242974 0.0176345 0.58368
37 3.5992 1.06012 0.0708885 -1.56139 0.496837 0.0425488
38 1.66069 0 0 0.0371145 0.0511255 0.786661
39 1.16699 0 0 -0.000431664 -0.000193199 0.645638
40 2.18853 -0.50104 0.0576582 -1.57061 -0.0521668 -0.214889
41 1.29609 0 0 0.0178848 -0.0454951 0.449879
42 1.62202 -0.000711441 -0.000468254 -0.0107768 -0.0276116 0.830973
43 1.2224 0 0 -0.00627824 0.00201896 0.584461
44 1.76707 -1.27612 0.0366411 -1.57052 -0.0294039 -0.245324
45 1.55588 0 0 0.0698221 0.0213118 0.402139
46 1.24273 0 0 0.00516857 -0.0213092 0.644452
47 0.784531 0 0 -0.00703118 0.0049495 0.69957
48 0 0 0 0 0 0
49 4.74521 -6.81076 -14.5296 2.39284 -1.35304 -2.12491
50 -0.49446 -2.33627 -0.838784 0 0 0
time 70
0 2.51391 2.66968 -7.2488 0 0 -0.814469
1 6.02794 0 0 2.93045 1.07107 -1.06748
2 11.7344 0 0 -0.00140292 0 -2.29984
3 8.81138 -0.000450134 -0.00011158 2.16802 0 0.000157803
4 5.77839 0.000286102 0 1.45257 0 0.000122231
5 2.23163 -0.000329971 -0.00036335 0.715446 0 0
6 11.4725 0 0 -2.75736 0.974384 2.48358
7 0.615219 -0.99309 -0.8107 -3.07512 0.456349 -0.366698
8 2.24752 0 0 0.0761407 0.139583 -0.235958
9 1.11936 0 0 0.0153937 0.074166 -0.756791
10 3.71348 -0.10264 0.102191 1.43507 1.16447 -0.0999762
11 1.72615 0 0 0.00961792 -0.000943822 -1.58463
12 1.21114 0 0 -0.00354703 0.017276 -0.799967
13 3.59919 -1.06012 0.0708876 1.65414 0.797101 0.0958538
14 1.66069 0 0 -0.0724043 0.0072572 -1.5233
15 1.167 0 0 -0.0161865 0.00587246 -0.791292
16 2.18852 0.50104 0.0576591 1.57726 0.0540863 0.0878313
17 1.29609 0 0 0.0386933 -0.0263926 -1.16124
18 1.62202 0.00071454 -0.000470161 -0.00052992 0.000261901 -1.54451
19 1.22241 0 0 -0.0334013 0.0202409 -0.847975
20 1.76707 1.27612 0.0366411 1.57618 0.0980091 0.0532785
21 1.55588 0 0 -0.000901152 -0.0109828 -1.10911
22 1.24273 0 0 -0.00047793 -0.000362138 -1.32766
23 0.784523 0 0 0.00567583 -0.0104397 -0.609926
24 -1.90287 -1.72423 -7.2488 -0.000932534 0 -2.53187
25 6.02794 0 0 0.566401 0.882399 1.98484
26 11.7344 0 0 0.00140271 0 1.34378
27 8.81167 0 0 2.08647 0 0
28 5.77884 0 0 1.39793 0 0
29 2.23249 0 0 0.688534 0 0
30 11.4725 0 0 -2.50049 -0.910596 -2.23472
31 0.615813 0.994371 -0.809164 3.09767 0.510926 0.581258
32 2.24752 0 0 -0.144251 0.0597795 0.176779
33 1.11936 0 0 -0.0464083 0.170306 0.293128
34 3.71349 0.102638 0.102192 -1.52814 0.417055 -0.0565244
35 1.72615 0 0 -0.0153916 -0.0142457 0.837011
36 1.21112 0 0 -0.000388863 0.0176319 0.575406
37 3.5992 1.06012 0.0708885 -1.56101 0.501477 0.046221
38 1.66069 0 0 0.0344034 0.0518623 0.749412
39 1.16699 0 0 0.000829058 -0.000104285 0.623298
40 2.18853 -0.501041 0.0576591 -1.57053 -0.0521665 -0.216563
41 1.29609 0 0 0.0132561 -0.0453122 0.460138
42 1.62202 -0.000713348 -0.000469685 -0.00969983 -0.0280378 0.787925
43 1.2224 0 0 -0.00639856 0.0019588 0.575033
44 1.76707 -1.27612 0.0366421 -1.57045 -0.0294032 -0.247769
45 1.55588 0 0 0.0633276 0.0216618 0.414285
46 1.24273 0 0 0.00453322 -0.0183201 0.632485
47 0.784532 0 0 -0.00712274 0.00486733 0.669293
48 0 0 0 0 0 0
49 3.86544 -8.84381 -14.8241 2.55233 -1.35842 -2.40532
50 -0.49446 -2.33627 -0.838784 0 0 0
time 71
0 2.35362 1.49085 -7.2488 0 0 -0.814469
1 6.02794 0 0 3.02104 1.29122 -1.28891
2 11.7344 0 0 -0.00140277 0 -2.25086
3 8.81138 -0.000450134 -0.000112295 1.95923 0 0.000157018
4 5.77839 0.000286102 0 1.31268 0 0.000119303
5 2.23164 -0.000329971 -0.000364065 0.646545 0 0
6 11.4725 0 0 3.10577 1.22617 2.03504
7 0.615219 -0.993091 -0.8107 -3.07512 0.456349 -0.366698
8 2.24752 0 0 0.0761407 0.139583 -0.235958
9 1.11936 0 0 0.0153937 0.0741661 -0.756791
10 3.71348 -0.10264 0.102191 1.43507 1.16447 -0.0999773
11 1.72615 0 0 0.00961807 -0.000943841 -1.58463
12 1.21114 0 0 -0.00354705 0.0172759 -0.799967
13 3.59919 -1.06012 0.0708876 1.65414 0.797101 0.0958533
14 1.66069 0 0 -0.0724043 0.0072571 -1.5233
15 1.167 0 0 -0.0161865 0.00587241 -0.791292
16 2.18852 0.501039 0.0576591 1.57726 0.0540864 0.0878313
17 1.29609 0 0 0.0386934 -0.0263923 -1.16124
18 1.62202 0.000712872 -0.000471115 -0.000529762 0.000261888 -1.54451
19 1.22241 0 0 -0.0334012 0.0202408 -0.847976
20 1.76707 1.27612 0.0366411 1.57618 0.0980091 0.0532784
21 1.55588 0 0 -0.00090114 -0.010983 -1.10911
22 1.24273 0 0 -0.00047798 -0.000362026 -1.32767
23 0.784523 0 0 0.00567587 -0.0104398 -0.609926
24 -1.90538 -1.7128 -7.2488 -0.000932534 0 -2.53187
25 6.02794 0 0 0.453352 0.93051 1.7163
26 11.7344 0 0 0.00140266 0 1.43954
27 8.81167 0 0 2.06193 0 0
28 5.77884 0 0 1.3815 0 0
29 2.23249 0 0 0.680438 0 0
30 11.4725 0 0 -2.50356 -0.94585 -2.21591
31 0.615812 0.994372 -0.809166 3.08901 0.513946 0.591138
32 2.24752 0 0 -0.135301 0.0553258 0.180143
33 1.11936 0 0 -0.0443471 0.165254 0.2765
34 3.71349 0.10264 0.102192 -1.5328 0.422297 -0.059282
35 1.72615 0 0 -0.014508 -0.0150354 0.795441
36 1.21112 0 0 -0.000525115 0.0176283 0.567681
37 3.5992 1.06012 0.0708885 -1.56062 0.505837 0.0497287
38 1.66069 0 0 0.0317722 0.0524769 0.713954
39 1.16699 0 0 0.00201056 0 0.602033
40 2.18853 -0.50104 0.0576591 -1.57045 -0.0521661 -0.218114
41 1.29609 0 0 0.00882763 -0.0451334 0.470433
42 1.62202 -0.000713348 -0.000470161 -0.00865063 -0.0283788 0.746946
43 1.2224 0 0 -0.00650909 0.00190377 0.566232
44 1.76707 -1.27612 0.0366402 -1.57038 -0.0294024 -0.250036
45 1.55588 0 0 0.0571603 0.0219485 0.426559
46 1.24273 0 0 0.00392825 -0.01548 0.621234
47 0.784532 0 0 -0.00720198 0.00477607 0.640473
48 0 0 0 0 0 0
49 3.08684 -10.6751 -14.9932 2.69334 -1.36754 -2.65309
50 -0.49446 -2.33627 -0.838784 0 0 0
time 72
0 2.21403 0.464269 -7.2488 0 0 -0.814469
1 6.02794 0 0 -2.88132 1.47576 -1.15853
2 11.7344 0 0 -0.00140303 0 -2.19342
3 8.81138 -0.000450134 -0.000111461 1.752 0 0.00015802
4 5.77839 0.000286102 0 1.17384 0 0.00011789
5 2.23163 -0.000329971 -0.000363827 0.57816 0 0
6 11.4725 0 0 2.23466 1.31187 1.15885
7 0.615219 -0.993091 -0.810701 -3.07512 0.456349 -0.366698
8 2.24752 0 0 0.0761407 0.139583 -0.235958
9 1.11936 0 0 0.0153936 0.0741661 -0.756791
10 3.71348 -0.10264 0.10219 1.43507 1.16447 -0.0999772
11 1.72615 0 0 0.00961792 -0.000943735 -1.58463
12 1.21114 0 0 -0.00354703 0.017276 -0.799967
13 3.59919 -1.06012 0.0708885 1.65414 0.797101 0.0958533
14 1.66069 0 0 -0.0724042 0.00725733 -1.5233
15 1.167 0 0 -0.0161867 0.00587246 -0.791292
16 2.18852 0.501039 0.0576582 1.57726 0.0540864 0.0878312
17 1.29609 0 0 0.0386934 -0.0263925 -1.16124
18 1.62202 0.000714064 -0.000471115 -0.000529919 0.000261985 -1.54451
19 1.22241 0 0 -0.0334013 0.0202409 -0.847976
20 1.76707 1.27612 0.0366411 1.57618 0.0980093 0.0532784
21 1.55588 0 0 -0.000901071 -0.0109828 -1.10911
22 1.24273 0 0 -0.000478001 -0.000362193 -1.32767
23 0.784522 0 0 0.00567596 -0.0104398 -0.609926
24 -1.90787 -1.70145 -7.2488 -0.000932534 0 -2.53187
25 6.02794 0 0 0.362193 0.965194 1.47872
26 11.7344 0 0 0.00140279 0 1.50532
27 8.81167 0 0 2.04023 0 0
28 5.77884 0 0 1.36695 0 0
29 2.23249 0 0 0.673275 0 0
30 11.4725 0 0 -2.53495 -0.990048 -2.16853
31 0.615812 0.994372 -0.809164 3.08085 0.51676 0.600469
32 2.24752 0 0 -0.126866 0.0511958 0.183581
33 1.11936 0 0 -0.042425 0.160447 0.260873
34 3.71349 0.102638 0.102192 -1.53719 0.427732 -0.0618544
35 1.72615 0 0 -0.0136473 -0.0157443 0.756296
36 1.21112 0 0 -0.000650931 0.017624 0.560538
37 3.5992 1.06012 0.0708885 -1.56022 0.509894 0.0530436
38 1.66069 0 0 0.0292522 0.052977 0.680562
39 1.16699 0 0 0.00310695 0 0.582009
40 2.18853 -0.50104 0.0576591 -1.57037 -0.0521654 -0.21954
41 1.29609 0 0 0.0046316 -0.0449585 0.480732
42 1.62202 -0.000713348 -0.000469685 -0.00764357 -0.0286417 0.708358
43 1.2224 0 0 -0.00661001 0.00185366 0.558094
44 1.76707 -1.27612 0.0366421 -1.57032 -0.0294014 -0.252118
45 1.55588 0 0 0.0513693 0.0221735 0.438931
46 1.24273 0 0 0.00335865 -0.0128105 0.610761
47 0.784531 0 0 -0.00726911 0.00467889 0.613334
48 0 0 0 0 0 0
49 2.42467 -12.2428 -15.0217 2.81063 -1.38072 -2.86066
50 -0.49446 -2.33627 -0.838784 0 0 0
time 73
0 2.09891 -0.38237 -7.2488 0 0 -0.814469
1 6.02794 0 0 -1.26505 1.50051 0.290032
2 11.7344 0 0 -0.00140282 0 -2.14197
3 8.81138 -0.000452042 -0.000111699 1.61138 0 0.000157486
4 5.77839 0.000284195 0 1.07963 0 0.000116123
5 2.23163 -0.000329971 -0.000364304 0.531756 0 0
6 11.4725 0 0 1.68438 1.25256 0.614874
7 0.615219 -0.993092 -0.810699 -3.07512 0.456349 -0.366698
8 2.24752 0 0 0.0761407 0.139583 -0.235958
9 1.11936 0 0 0.0153937 0.0741661 -0.756791
10 3.71348 -0.102641 0.102191 1.43507 1.16447 -0.0999776
11 1.72615 0 0 0.00961809 -0.000943903 -1.58463
12 1.21114 0 0 -0.00354701 0.0172759 -0.799967
13 3.59919 -1.06012 0.0708876 1.65414 0.797101 0.0958536
14 1.66069 0 0 -0.0724041 0.00725703 -1.5233
15 1.167 0 0 -0.0161867 0.00587239 -0.791292
16 2.18852 0.50104 0.0576591 1.57726 0.0540863 0.0878314
17 1.29609 0 0 0.0386935 -0.0263926 -1.16124
18 1.62202 0.000714302 -0.000472069 -0.000529741 0.000261909 -1.54451
19 1.22241 0 0 -0.0334012 0.0202409 -0.847975
20 1.76707 1.27612 0.0366421 1.57618 0.098009 0.0532786
21 1.55588 0 0 -0.000901171 -0.0109829 -1.10911
22 1.24273 0 0 -0.000477977 -0.000362175 -1.32767
23 0.784523 0 0 0.00567612 -0.0104398 -0.609926
24 -1.91033 -1.69023 -7.2488 -0.000932534 0 -2.53187
25 6.02795 0 0 0.289341 0.994136 1.27426
26 11.7344 0 0 0.00140265 0 1.56194
27 8.81167 0 0 2.02152 0 0
28 5.77884 0 0 1.35442 0 0
29 2.23249 0 0 0.667101 0 0
30 11.4725 0 0 -2.59435 -1.03703 -2.10654
31 0.615811 0.994372 -0.809164 3.07327 0.51935 0.609164
32 2.24752 0 0 -0.119014 0.0474177 0.187089
33 1.11936 0 0 -0.0406539 0.155933 0.246372
34 3.71348 0.102638 0.10219 -1.54129 0.433359 -0.0642252
35 1.72615 0 0 -0.0128234 -0.0163718 0.719897
36 1.21112 0 0 -0.00076594 0.0176194 0.554011
37 3.5992 1.06012 0.0708885 -1.55982 0.513624 0.056135
38 1.66069 0 0 0.0268749 0.0533723 0.649512
39 1.16699 0 0 0.00411233 0 0.563391
40 2.18853 -0.50104 0.0576591 -1.5703 -0.0521648 -0.220835
41 1.29609 0 0 0.000700307 -0.0447867 0.491
42 1.62202 -0.000713348 -0.000469208 -0.00669254 -0.0288344 0.672477
43 1.2224 0 0 -0.00670109 0.00180849 0.550656
44 1.76707 -1.27612 0.0366421 -1.57026 -0.0294004 -0.25401
45 1.55588 0 0 0.0460045 0.0223381 0.451368
46 1.24273 0 0 0.00282903 -0.0103324 0.601128
47 0.78453 0 0 -0.00732488 0.00457863 0.5881
48 0 0 0 0 0 0
49 1.89423 -13.485 -14.8944 2.89897 -1.39827 -3.02046
50 -0.49446 -2.33627 -0.838784 0 0 0
time 74
0 2.01203 -1.02139 -7.2488 0 0 -0.814469
1 6.02794 0 0 -0.987118 1.45284 0.47697
2 11.7344 0 0 -0.0014029 0 -2.10935
3 8.81138 -0.000450134 -0.000110865 1.54082 0 0.000157387
4 5.77839 0.000286102 0 1.03235 0 0.000115419
5 2.23163 -0.000328064 -0.000364542 0.508471 0 0
6 11.4725 0 0 1.49706 1.20818 0.444662
7 0.615219 -0.993092 -0.810699 -3.07512 0.456349 -0.366698
8 2.24752 0 0 0.0761407 0.139583 -0.235958
9 1.11936 0 0 0.0153936 0.0741661 -0.756791
10 3.71348 -0.102642 0.102191 1.43507 1.16447 -0.0999774
11 1.72615 0 0 0.00961792 -0.000943821 -1.58463
12 1.21113 0 0 -0.00354715 0.0172758 -0.799967
13 3.59919 -1.06012 0.0708876 1.65414 0.797102 0.0958534
14 1.66069 0 0 -0.0724039 0.00725709 -1.5233
15 1.167 0 0 -0.0161868 0.00587273 -0.791292
16 2.18852 0.50104 0.0576591 1.57726 0.0540865 0.0878313
17 1.29609 0 0 0.0386935 -0.0263923 -1.16124
18 1.62202 0.000713825 -0.000471115 -0.000529865 0.000262037 -1.54451
19 1.22241 0 0 -0.0334013 0.0202408 -0.847975
20 1.76707 1.27612 0.0366421 1.57618 0.0980093 0.0532785
21 1.55588 0 0 -0.000901012 -0.0109826 -1.10911
22 1.24273 0 0 -0.000478051 -0.000362081 -1.32767
23 0.784523 0 0 0.00567592 -0.0104397 -0.609926
24 -1.91275 -1.67917 -7.2488 -0.000932534 0 -2.53187
25 6.02794 0 0 0.221637 1.02114 1.09577
26 11.7344 0 0 0.00140279 0 1.62797
27 8.81167 0 0 2.00628 0 0
28 5.77884 0 0 1.34421 0 0
29 2.23249 0 0 0.662074 0 0
30 11.4725 0 0 -2.67832 -1.08015 -2.04304
31 0.615813 0.994372 -0.809166 3.06634 0.5217 0.617145
32 2.24752 0 0 -0.111813 0.0440193 0.190664
33 1.11936 0 0 -0.0390452 0.151762 0.233117
34 3.71349 0.102638 0.102192 -1.54504 0.439178 -0.0663761
35 1.72615 0 0 -0.01205 -0.0169194 0.686569
36 1.21112 0 0 -0.000869596 0.0176147 0.548129
37 3.5992 1.06012 0.0708885 -1.55943 0.517004 0.058974
38 1.66069 0 0 0.0246708 0.0536744 0.621082
39 1.16699 0 0 0.00502119 0 0.546344
40 2.18853 -0.50104 0.0576591 -1.57024 -0.0521644 -0.221994
41 1.29609 0 0 -0.00293372 -0.0446182 0.501206
42 1.62202 -0.000713348 -0.000470161 -0.00581104 -0.0289669 0.639625
43 1.22241 0 0 -0.00678212 0.00176843 0.543955
44 1.76707 -1.27612 0.0366421 -1.57021 -0.0293993 -0.255703
45 1.55587 0 0 0.0411149 0.0224437 0.463838
46 1.24273 0 0 0.00234408 -0.00806636 0.592396
47 0.784532 0 0 -0.00737012 0.00447889 0.564995
48 0 0 0 0 0 0
49 1.51078 -14.3397 -14.5962 2.95313 -1.42051 -3.12493
50 -0.49446 -2.33627 -0.838784 0 0 0
time 75
0 1.95713 -1.4251 -7.2488 0 0 -0.814469
1 6.02794 0 0 -1.04904 1.41654 0.36154
2 11.7344 0 0 -0.00140296 0 -2.08577
3 8.81138 -0.000450134 -0.000112414 1.49858 0 0.000157607
4 5.77839 0.000286102 0 1.00405 0 0.000115162
5 2.23163 -0.000329971 -0.000363708 0.49453 0 0
6 11.4725 0 0 1.40692 1.18124 0.388228
7 0.615219 -0.993092 -0.8107 -3.07512 0.456349 -0.366698
8 2.24752 0 0 0.0761407 0.139583 -0.235958
9 1.11936 0 0 0.0153937 0.074166 -0.756791
10 3.71348 -0.102642 0.102191 1.43507 1.16447 -0.0999773
11 1.72615 0 0 0.00961788 -0.000943777 -1.58463
12 1.21114 0 0 -0.0035469 0.017276 -0.799967
13 3.59919 -1.06012 0.0708876 1.65414 0.797101 0.0958535
14 1.66069 0 0 -0.0724042 0.00725723 -1.5233
15 1.167 0 0 -0.0161867 0.0058726 -0.791292
16 2.18852 0.50104 0.0576582 1.57726 0.0540863 0.0878314
17 1.29609 0 0 0.0386933 -0.0263924 -1.16124
18 1.62202 0.000713348 -0.000471115 -0.000529843 0.000262142 -1.54451
19 1.22241 0 0 -0.0334011 0.0202409 -0.847976
20 1.76707 1.27612 0.0366411 1.57618 0.0980091 0.0532787
21 1.55588 0 0 -0.000901202 -0.0109829 -1.10911
22 1.24274 0 0 -0.000477823 -0.00036213 -1.32767
23 0.784522 0 0 0.00567601 -0.0104397 -0.609926
24 -1.91513 -1.66834 -7.2488 -0.000932534 0 -2.53187
25 6.02794 0 0 0.164495 1.04635 0.934255
26 11.7344 0 0 0.00140271 0 1.70662
27 8.81167 0 0 1.99423 0 0
28 5.77884 0 0 1.33613 0 0
29 2.23249 0 0 0.658096 0 0
30 11.4725 0 0 -2.81542 -1.12224 -1.95336
31 0.615813 0.994372 -0.809164 3.06011 0.523794 0.624326
32 2.24752 0 0 -0.105333 0.0410285 0.194301
33 1.11936 0 0 -0.0376113 0.147987 0.221232
34 3.71349 0.102639 0.102192 -1.54842 0.445189 -0.0682891
35 1.72615 0 0 -0.0113408 -0.0173885 0.656635
36 1.21112 0 0 -0.000961161 0.01761 0.542928
37 3.5992 1.06012 0.0708885 -1.55907 0.520009 0.06153
38 1.66069 0 0 0.0226705 0.0538962 0.595547
39 1.16699 0 0 0.00582825 0.000118346 0.531034
40 2.18853 -0.50104 0.0576591 -1.57019 -0.0521637 -0.223013
41 1.29609 0 0 -0.00623829 -0.0444524 0.511316
42 1.62202 -0.000713348 -0.000469685 -0.00501181 -0.02905 0.610118
43 1.2224 0 0 -0.00685302 0.00173355 0.538029
44 1.76707 -1.27612 0.0366421 -1.57017 -0.0293985 -0.257192
45 1.55588 0 0 0.03675 0.0224922 0.476311
46 1.24273 0 0 0.00190833 -0.00603446 0.584627
47 0.78453 0 0 -0.00740589 0.00438277 0.544244
48 0 0 0 0 0 0
49 1.26104 -14.9891 -14.0841 2.98634 -1.45029 3.0936
50 -0.49446 -2.33627 -0.838784 0 0 0
time 76
0 1.938 -1.56582 -7.2488 0 0 -0.814469
1 6.02794 0 0 -1.12819 1.36553 0.230612
2 11.7344 0 0 -0.00140278 0 -2.05198
3 8.81138 -0.000450134 -0.000111818 1.44849 0 0.000157918
4 5.77839 0.000286102 0 0.970489 0 0.000114948
5 2.23164 -0.000328064 -0.000363588 0.478002 0 0
6 11.4725 0 0 1.32274 1.1407 0.35278
7 0.615219 -0.993092 -0.8107 -3.07512 0.456349 -0.366698
8 2.24752 0 0 0.0761407 0.139583 -0.235958
9 1.11936 0 0 0.0153936 0.074166 -0.756791
10 3.71348 -0.102642 0.102191 1.43507 1.16447 -0.0999774
11 1.72615 0 0 0.00961786 -0.000943716 -1.58463
12 1.21114 0 0 -0.00354709 0.0172759 -0.799967
13 3.59919 -1.06012 0.0708876 1.65414 0.797101 0.0958533
14 1.66069 0 0 -0.0724042 0.00725728 -1.5233
15 1.167 0 0 -0.0161867 0.0058724 -0.791292
16 2.18852 0.50104 0.0576591 1.57726 0.0540865 0.0878314
17 1.29609 0 0 0.0386936 -0.0263924 -1.16124
18 1.62201 0.000712395 -0.000473022 -0.000529995 0.000261828 -1.54451
19 1.22241 0 0 -0.0334013 0.0202408 -0.847976
20 1.76707 1.27612 0.0366411 1.57618 0.0980091 0.0532785
21 1.55588 0 0 -0.000901089 -0.0109829 -1.10911
22 1.24273 0 0 -0.000478111 -0.000362052 -1.32766
23 0.784523 0 0 0.0056761 -0.0104398 -0.609926
24 -1.91744 -1.65779 -7.2488 -0.000932534 0 -2.53187
25 6.02794 0 0 0.141056 1.07239 0.794038
26 11.7344 0 0 0.00140267 0 1.78811
27 8.81167 0 0 1.98196 0 0
28 5.77884 0 0 1.32792 0 0
29 2.23249 0 0 0.654048 0 0
30 11.4725 0 0 -3.05482 -1.16068 -1.78645
31 0.615812 0.994371 -0.809164 3.05467 0.525613 0.630626
32 2.24752 0 0 -0.099642 0.0384733 0.197998
33 1.11936 0 0 -0.0363644 0.144657 0.210838
34 3.71349 0.102638 0.102192 -1.55139 0.451389 -0.0699458
35 1.72615 0 0 -0.0107087 -0.0177816 0.630418
36 1.21112 0 0 -0.00104013 0.0176055 0.538437
37 3.5992 1.06012 0.0708885 -1.55873 0.522617 0.0637741
38 1.66069 0 0 0.0209033 0.054052 0.573183
39 1.16699 0 0 0.00652773 0.000129955 0.517625
40 2.18853 -0.50104 0.0576591 -1.57014 -0.0521631 -0.223888
41 1.29609 0 0 -0.00918104 -0.0442894 0.521299
42 1.62201 -0.000711441 -0.000469923 -0.0043067 -0.0290945 0.584276
43 1.2224 0 0 -0.00691375 0.00170378 0.532912
44 1.76707 -1.27612 0.0366421 -1.57013 -0.0293978 -0.25847
45 1.55588 0 0 0.0329597 0.0224845 0.488754
46 1.24273 0 0 0.00152678 -0.00425692 0.577884
47 0.784531 0 0 -0.00743332 0.00429362 0.52607
48 0 0 0 0 0 0
49 1.10586 -15.6464 -13.3727 3.0155 -1.48929 3.04695
50 -0.49446 -2.33627 -0.838784 0 0 0
time 77
0 1.938 -1.56582 -7.2488 0 0 -0.814469
1 6.02794 0 0 -1.20076 1.31071 0.115543
2 11.7344 0 0 -0.00140284 0 -2.01378
3 8.81138 -0.000450134 -0.000111222 1.39397 0 0.000157596
4 5.77839 0.000286102 0 0.933957 0 0.000114304
5 2.23163 -0.000328064 -0.000364304 0.460009 0 0
6 11.4725 0 0 1.25097 1.09643 0.336969
7 0.61522 -0.993092 -0.8107 -3.07512 0.456349 -0.366698
8 2.24752 0 0 0.0761408 0.139583 -0.235958
9 1.11936 0 0 0.0153937 0.0741662 -0.756791
10 3.71348 -0.10264 0.102191 1.43507 1.16447 -0.0999773
11 1.72615 0 0 0.00961803 -0.000943964 -1.58463
12 1.21113 0 0 -0.00354681 0.0172757 -0.799967
13 3.59919 -1.06012 0.0708885 1.65414 0.797101 0.0958536
14 1.66069 0 0 -0.0724038 0.00725712 -1.5233
15 1.167 0 0 -0.0161866 0.00587245 -0.791292
16 2.18852 0.50104 0.0576591 1.57726 0.0540862 0.0878313
17 1.29609 0 0 0.0386934 -0.0263925 -1.16124
18 1.62202 0.000713348 -0.000469208 -0.000529887 0.000262016 -1.54451
19 1.22241 0 0 -0.0334012 0.0202408 -0.847976
20 1.76707 1.27612 0.0366411 1.57618 0.098009 0.0532786
21 1.55588 0 0 -0.000901158 -0.010983 -1.10911
22 1.24273 0 0 -0.000478027 -0.000362063 -1.32767
23 0.784523 0 0 0.00567604 -0.0104397 -0.609926
24 -1.91969 -1.64755 -7.2488 -0.000932534 0 -2.53187
25 6.02794 0 0 0.160947 1.10215 0.686112
26 11.7344 0 0 0.00140279 0 1.8684
27 8.81167 0 0 1.96492 0 0
28 5.77884 0 0 1.3165 0 0
29 2.23249 0 0 0.648424 0 0
30 11.4725 0 0 2.883 -1.17345 -1.53703
31 0.615812 0.994372 -0.809164 3.05006 0.527142 0.635964
32 2.24752 0 0 -0.0948077 0.0363816 0.20175
33 1.11936 0 0 -0.0353171 0.141824 0.202057
34 3.71348 0.10264 0.102192 -1.5539 0.457779 -0.0713275
35 1.72615 0 0 -0.0101664 -0.0181005 0.608243
36 1.21112 0 0 -0.00110612 0.0176015 0.534691
37 3.5992 1.06012 0.0708876 -1.55844 0.524803 0.0656755
38 1.66069 0 0 0.0193983 0.0541551 0.554267
39 1.16699 0 0 0.00711425 0.000135548 0.506284
40 2.18853 -0.50104 0.0576601 -1.57011 -0.0521626 -0.224614
41 1.29609 0 0 -0.0117297 -0.0441283 0.531122
42 1.62201 -0.000713348 -0.000470161 -0.00370704 -0.0291114 0.562418
43 1.2224 0 0 -0.00696396 0.00167916 0.528644
44 1.76707 -1.27612 0.0366411 -1.5701 -0.029397 -0.259531
45 1.55588 0 0 0.0297932 0.0224229 0.501136
46 1.24273 0 0 0.00120405 -0.00275531 0.572228
47 0.784531 0 0 -0.0074536 0.00421441 0.510698
48 0 0 0 0 0 0
49 1.02171 -16.2973 -12.5337 3.04091 -1.53602 3.01644
50 -0.49446 -2.33627 -0.838784 0 0 0
time 78
0 1.938 -1.56582 -7.2488 0 0 -0.814469
1 6.02794 0 0 -1.25878 1.26429 0.0284939
2 11.7344 0 0 -0.00140283 0 -1.9828
3 8.81138 -0.000450134 -0.000112057 1.3362 0 0.000158181
4 5.77839 0.000286102 0 0.895257 0 0.000114226
5 2.23163 -0.000329971 -0.000364184 0.440947 0 0
6 11.4725 0 0 1.18913 1.05387 0.334954
7 0.615218 -0.993092 -0.810699 -3.07512 0.456349 -0.366698
8 2.24752 0 0 0.0761407 0.139583 -0.235958
9 1.11936 0 0 0.0153936 0.0741661 -0.756791
10 3.71348 -0.10264 0.102191 1.43507 1.16447 -0.0999767
11 1.72615 0 0 0.00961773 -0.000943758 -1.58463
12 1.21113 0 0 -0.00354701 0.0172758 -0.799967
13 3.59919 -1.06012 0.0708876 1.65414 0.797102 0.0958534
14 1.66068 0 0 -0.0724041 0.00725708 -1.5233
15 1.167 0 0 -0.0161869 0.00587251 -0.791292
16 2.18852 0.501041 0.0576582 1.57726 0.0540865 0.0878315
17 1.29609 0 0 0.0386933 -0.0263924 -1.16124
18 1.62202 0.000715256 -0.000471115 -0.000530454 0.000262129 -1.54451
19 1.22241 0 0 -0.0334012 0.0202409 -0.847976
20 1.76707 1.27612 0.0366411 1.57618 0.0980093 0.0532786
21 1.55588 0 0 -0.000901284 -0.0109828 -1.10911
22 1.24273 0 0 -0.000478305 -0.000361901 -1.32767
23 0.784523 0 0 0.00567596 -0.0104399 -0.609926
24 -1.92185 -1.63769 -7.2488 -0.000932534 0 -2.53187
25 6.02794 0 0 0.235572 1.13448 0.626648
26 11.7344 0 0 0.00140266 0 1.94167
27 8.81167 0 0 1.93784 0 0
28 5.77884 0 0 1.29835 0 0
29 2.23249 0 0 0.639489 0 0
30 11.4725 0 0 2.49751 -1.13819 -1.2681
31 0.615812 0.994372 -0.809164 3.04636 0.528363 0.640256
32 2.24752 0 0 -0.0908991 0.0347813 0.205554
33 1.11936 0 0 -0.0344818 0.139537 0.195012
34 3.71349 0.102639 0.102192 -1.55592 0.464358 -0.0724151
35 1.72615 0 0 -0.00972612 -0.0183478 0.590432
36 1.21112 0 0 -0.00115843 0.0175981 0.531721
37 3.5992 1.06012 0.0708885 -1.5582 0.526545 0.0672048
38 1.66069 0 0 0.018183 0.0542189 0.539075
39 1.16699 0 0 0.007582 0.000137299 0.497176
40 2.18853 -0.50104 0.0576591 -1.57008 -0.0521622 -0.225187
41 1.29609 0 0 -0.0138522 -0.0439698 0.54075
42 1.62202 -0.000713348 -0.000470161 -0.00322373 -0.0291114 0.544863
43 1.2224 0 0 -0.00700348 0.0016598 0.52526
44 1.76707 -1.27612 0.0366421 -1.57008 -0.0293963 -0.260367
45 1.55588 0 0 0.0273004 0.0223085 0.513425
46 1.24273 0 0 0.000944745 -0.00155072 0.567721
47 0.784532 0 0 -0.00746796 0.00414848 0.498352
48 0 0 0 0 0 0
49 0.98503 -16.9272 -11.6385 -0.0787406 -1.55258 -0.141383
50 -0.49446 -2.33627 -0.838784 0 0 0
time 79
0 1.938 -1.56582 -7.2488 0 0 -0.814469
1 6.02794 0 0 -1.29107 1.22868 -0.0269564
2 11.7344 0 0 -0.00140296 0 -1.96032
3 8.81138 -0.000448227 -0.000111103 1.26863 0 0.000158379
4 5.77839 0.000286102 0 0.849985 0 0.000113883
5 2.23163 -0.000329971 -0.00036335 0.418649 0 0
6 11.4725 0 0 1.12862 1.00598 0.335204
7 0.615219 -0.993092 -0.8107 -3.07512 0.456349 -0.366698
8 2.24752 0 0 0.0761408 0.139583 -0.235958
9 1.11936 0 0 0.0153936 0.0741661 -0.756791
10 3.71348 -0.10264 0.102192 1.43507 1.16447 -0.0999774
11 1.72615 0 0 0.00961784 -0.000943821 -1.58463
12 1.21114 0 0 -0.00354713 0.0172759 -0.799967
13 3.59919 -1.06012 0.0708876 1.65414 0.797101 0.0958532
14 1.66069 0 0 -0.0724041 0.00725716 -1.5233
15 1.167 0 0 -0.0161866 0.00587243 -0.791292
16 2.18852 0.50104 0.0576591 1.57726 0.0540863 0.0878315
17 1.29609 0 0 0.0386935 -0.0263924 -1.16124
18 1.62202 0.000712395 -0.000471115 -0.000529846 0.000261889 -1.54451
19 1.22241 0 0 -0.0334013 0.0202409 -0.847976
20 1.76707 1.27612 0.0366411 1.57618 0.098009 0.0532786
21 1.55587 0 0 -0.000901152 -0.0109828 -1.10911
22 1.24273 0 0 -0.000478171 -0.000362024 -1.32767
23 0.784523 0 0 0.00567603 -0.0104397 -0.609926
24 -1.92392 -1.62825 -7.2488 -0.000932534 0 -2.53187
25 6.02794 0 0 0.373111 1.16209 0.6318
26 11.7344 0 0 0.00140273 0 2.00132
27 8.81167 0 0 1.89533 0 0
28 5.77884 0 0 1.26987 0 0
29 2.23249 0 0 0.625459 0 0
30 11.4725 0 0 2.16935 -1.05514 -1.07161
31 0.615812 0.994372 -0.809165 3.04364 0.52926 0.643421
32 2.24752 0 0 -0.0879847 0.0337005 0.209406
33 1.11936 0 0 -0.0338709 0.137846 0.189825
34 3.71349 0.102639 0.102191 -1.5574 0.471124 -0.0731888
35 1.72615 0 0 -0.00939897 -0.0185249 0.57731
36 1.21112 0 0 -0.00119652 0.0175956 0.529559
37 3.5992 1.06012 0.0708876 -1.55802 0.527818 0.0683327
38 1.66069 0 0 0.0172838 0.0542548 0.527881
39 1.16699 0 0 0.00792455 0.000136975 0.490465
40 2.18853 -0.50104 0.0576582 -1.57006 -0.0521618 -0.225601
41 1.29609 0 0 -0.0155161 -0.0438136 0.550153
42 1.62202 -0.000715256 -0.000470042 -0.00286674 -0.0291035 0.531929
43 1.2224 0 0 -0.00703214 0.00164589 0.522797
44 1.76707 -1.27612 0.0366402 -1.57006 -0.029396 -0.260973
45 1.55588 0 0 0.0255308 0.022143 0.52559
46 1.24273 0 0 0.000753706 -0.000664072 0.564426
47 0.784531 0 0 -0.00747745 0.00409845 0.489256
48 0 0 0 0 0 0
49 0.9723 -17.5218 -10.7589 -0.0599876 -1.49481 -0.145185
50 -0.49446 -2.33627 -0.838784 0 0 0
time 80
0 1.938 -1.56582 -7.2488 0 0 -0.814469
1 6.02794 0 0 -1.29218 1.20702 -0.0512617
2 11.7344 0 0 -0.0014028 0 -1.94759
3 8.81138 -0.000450134 -0.000112295 1.18719 0 0.000158035
4 5.77839 0.000286102 0 0.795418 0 0.000113066
5 2.23163 -0.000331879 -0.000363827 0.391773 0 0
6 11.4725 0 0 1.06529 0.947868 0.330683
7 0.615219 -0.993092 -0.810699 -3.07512 0.456349 -0.366698
8 2.24752 0 0 0.0761407 0.139583 -0.235958
9 1.11936 0 0 0.0153936 0.0741661 -0.756792
10 3.71348 -0.102642 0.102192 1.43507 1.16447 -0.0999767
11 1.72615 0 0 0.00961805 -0.000943862 -1.58463
12 1.21114 0 0 -0.00354697 0.0172759 -0.799967
13 3.59919 -1.06012 0.0708885 1.65414 0.797101 0.0958535
14 1.66069 0 0 -0.0724044 0.00725717 -1.5233
15 1.167 0 0 -0.0161867 0.00587239 -0.791292
16 2.18852 0.50104 0.0576591 1.57726 0.0540863 0.0878313
17 1.29609 0 0 0.0386935 -0.0263926 -1.16124
18 1.62202 0.000714302 -0.000473022 -0.000529801 0.000262099 -1.54451
19 1.22241 0 0 -0.0334012 0.0202409 -0.847976
20 1.76707 1.27612 0.0366411 1.57618 0.098009 0.0532786
21 1.55588 0 0 -0.000901101 -0.0109828 -1.10911
22 1.24274 0 0 -0.000478027 -0.000362063 -1.32767
23 0.784523 0 0 0.00567596 -0.0104396 -0.609926
24 -1.92589 -1.61927 -7.2488 -0.000932534 0 -2.53187
25 6.02794 0 0 0.560991 1.17383 0.698045
26 11.7344 0 0 0.00140274 0 2.04277
27 8.81167 0 0 1.83234 0 0
28 5.77884 0 0 1.22767 0 0
29 2.23249 0 0 0.604671 0 0
30 11.4725 0 0 1.92857 -0.946532 -0.968682
31 0.615812 0.994372 -0.809166 3.04195 0.529812 0.645378
32 2.24752 0 0 -0.0861331 0.0331668 0.213303
33 1.11936 0 0 -0.0334961 0.136798 0.186621
34 3.71348 0.102639 0.10219 -1.55831 0.478077 -0.0736282
35 1.72615 0 0 -0.00919581 -0.018632 0.5692
36 1.21112 0 0 -0.00121968 0.0175937 0.528238
37 3.5992 1.06012 0.0708876 -1.5579 0.5286 0.06903
38 1.66069 0 0 0.0167267 0.0542726 0.520963
39 1.16699 0 0 0.00813559 0.00013601 0.486317
40 2.18853 -0.50104 0.0576591 -1.57004 -0.0521617 -0.225853
41 1.29609 0 0 -0.0166895 -0.0436595 0.559298
42 1.62202 -0.000711441 -0.000470042 -0.00264572 -0.0290953 0.523935
43 1.2224 0 0 -0.00704954 0.0016374 0.521292
44 1.76707 -1.27612 0.0366411 -1.57005 -0.0293958 -0.261341
45 1.55587 0 0 0.0245342 0.0219284 0.537599
46 1.24273 0 0 0.000635679 -0.000116568 0.562402
47 0.784531 0 0 -0.00748281 0.00406694 0.483634
48 0 0 0 0 0 0
49 0.95998 -18.0664 -9.96619 -0.0441337 -1.43374 -0.138426
50 -0.49446 -2.33627 -0.838784 0 0 0
time 81
0 1.938 -1.56582 -7.2488 0 0 -0.814469
1 6.02794 0 0 -1.25308 1.20171 -0.0406633
2 11.7344 0 0 -0.00140284 0 -1.94485
3 8.81138 -0.000448227 -0.000112057 1.09122 0 0.000158196
4 5.77839 0.00028801 0 0.731116 0 0.000112477
5 2.23163 -0.000328064 -0.00036478 0.360102 0 0
6 11.4725 0 0 0.996926 0.875256 0.315928
7 0.615218 -0.99309 -0.8107 -3.07512 0.456349 -0.366698
8 2.24752 0 0 0.0761407 0.139583 -0.235958
9 1.11936 0 0 0.0153936 0.0741662 -0.756791
10 3.71348 -0.10264 0.10219 1.43507 1.16447 -0.0999769
11 1.72615 0 0 0.00961777 -0.000943799 -1.58463
12 1.21113 0 0 -0.00354687 0.017276 -0.799967
13 3.59919 -1.06012 0.0708876 1.65414 0.797101 0.0958536
14 1.66068 0 0 -0.0724043 0.007257 -1.5233
15 1.167 0 0 -0.0161868 0.00587243 -0.791292
16 2.18852 0.50104 0.0576582 1.57726 0.0540865 0.0878314
17 1.29609 0 0 0.0386936 -0.0263923 -1.16124
18 1.62202 0.000713348 -0.000471115 -0.000530098 0.000261977 -1.54451
19 1.22241 0 0 -0.0334012 0.0202409 -0.847976
20 1.76707 1.27612 0.0366402 1.57618 0.0980092 0.0532786
21 1.55587 0 0 -0.000901183 -0.0109828 -1.10911
22 1.24274 0 0 -0.000477897 -0.000362036 -1.32767
23 0.784524 0 0 0.00567598 -0.0104398 -0.609926
24 -1.92774 -1.61082 -7.2488 -0.000932534 0 -2.53187
25 6.02794 0 0 0.756332 1.16364 0.790043
26 11.7344 0 0 0.00140274 0 2.06308
27 8.81167 0 0 1.74493 0 0
28 5.77884 0 0 1.1691 0 0
29 2.23249 0 0 0.575827 0 0
30 11.4725 0 0 1.75549 -0.836265 -0.92607
31 0.615812 0.994372 -0.809166 3.04138 0.530001 0.646048
32 2.24752 0 0 -0.085413 0.0332086 0.21724
33 1.11936 0 0 -0.0333688 0.136439 0.185526
34 3.71348 0.102639 0.102191 -1.55859 0.485216 -0.073713
35 1.72615 0 0 -0.00912601 -0.0186685 0.566424
36 1.21112 0 0 -0.00122762 0.0175934 0.527791
37 3.5992 1.06012 0.0708876 -1.55786 0.528866 0.0692687
38 1.66069 0 0 0.0165359 0.0542781 0.518596
39 1.16699 0 0 0.00820752 0.000135423 0.484898
40 2.18853 -0.50104 0.0576591 -1.57004 -0.0521617 -0.225938
41 1.29609 0 0 -0.0173397 -0.0435077 0.56815
42 1.62202 -0.000711441 -0.000470042 -0.00257005 -0.0290918 0.521199
43 1.2224 0 0 -0.00705552 0.00163445 0.520782
44 1.76707 -1.27612 0.0366411 -1.57004 -0.0293956 -0.261465
45 1.55588 0 0 0.02436 0.0216663 0.54942
46 1.24273 0 0 0.000595262 0 0.561714
47 0.784531 0 0 -0.00748455 0.00405604 0.48171
48 0 0 0 0 0 0
49 0.924533 -18.5466 -9.33211 -0.0308933 -1.37084 -0.122963
50 -0.49446 -2.33627 -0.838784 0 0 0
time 82
0 1.938 -1.56582 -7.2488 0 0 -0.814469
1 6.02794 0 0 -1.15305 1.21251 0.0196624
2 11.7344 0 0 -0.00140293 0 -1.95084
3 8.81138 -0.000450134 -0.000112534 0.984204 0 0.000158081
4 5.77839 0.000286102 0 0.659417 0 0.000111653
5 2.23163 -0.000328064 -0.000365019 0.324787 0 0
6 11.4725 0 0 0.922113 0.782612 0.285895
7 0.615217 -0.993092 -0.8107 -3.07512 0.456349 -0.366698
8 2.24752 0 0 0.0761407 0.139583 -0.235958
9 1.11936 0 0 0.0153936 0.0741661 -0.756791
10 3.71348 -0.10264 0.10219 1.43507 1.16447 -0.0999773
11 1.72615 0 0 0.00961796 -0.000943776 -1.58463
12 1.21114 0 0 -0.00354698 0.017276 -0.799967
13 3.59919 -1.06012 0.0708885 1.65414 0.797101 0.0958534
14 1.66069 0 0 -0.072404 0.00725687 -1.5233
15 1.167 0 0 -0.0161866 0.00587236 -0.791292
16 2.18852 0.501038 0.0576591 1.57726 0.0540863 0.0878313
17 1.29609 0 0 0.0386934 -0.0263924 -1.16124
18 1.62202 0.000713348 -0.000473022 -0.000529846 0.000261889 -1.54451
19 1.22241 0 0 -0.0334011 0.0202408 -0.847976
20 1.76707 1.27612 0.0366406 1.57618 0.098009 0.0532786
21 1.55587 0 0 -0.000900987 -0.0109829 -1.10911
22 1.24273 0 0 -0.000478001 -0.000362193 -1.32767
23 0.784522 0 0 0.00567595 -0.0104398 -0.609926
24 -1.92947 -1.60294 -7.2488 -0.000932534 0 -2.53187
25 6.02794 0 0 0.913615 1.14149 0.860413
26 11.7344 0 0 0.00140262 0 2.06825
27 8.81167 0 0 1.6316 0 0
28 5.77884 0 0 1.09317 0 0
29 2.23249 0 0 0.538428 0 0
30 11.4725 0 0 1.62382 -0.737471 -0.905652
31 0.615812 0.994372 -0.809164 3.04845 0.527565 0.639298
32 2.24752 0 0 -0.0911775 0.0394819 0.222858
33 1.11936 0 0 -0.0376558 0.139562 0.1917
34 3.71348 0.102639 0.10219 -1.55486 0.496495 -0.0697545
35 1.72615 0 0 -0.00985606 -0.0182736 0.595729
36 1.21112 0 0 -0.000994315 0.0176082 0.541045
37 3.5992 1.06012 0.0708885 -1.55858 0.52258 0.0662722
38 1.66069 0 0 0.018631 0.0542319 0.54454
39 1.16699 0 0 0.00734066 0 0.500269
40 2.18853 -0.50104 0.0576591 -1.57028 -0.0521646 -0.221315
41 1.29609 0 0 -0.0150092 -0.0446618 0.57864
42 1.62202 -0.000711441 -0.000469804 -0.00337634 -0.0290912 0.5509
43 1.2224 0 0 -0.00687856 0.00172096 0.535883
44 1.76707 -1.27612 0.0366421 -1.57024 -0.0294001 -0.254711
45 1.55588 0 0 0.0285401 0.0178959 0.56469
46 1.24273 0 0 0.000596529 -0.00233004 0.578916
47 0.784532 0 0 -0.00747994 0.00403471 0.497959
48 0 0 0 0 0 0
49 0.842423 -18.9479 -8.92816 -0.0199804 -1.30759 -0.100658
50 -0.49446 -2.33627 -0.838784 0 0 0
time 83
0 1.938 -1.56582 -7.2488 0 0 -0.814469
1 6.02794 0 0 -0.971426 1.23178 0.146536
2 11.7344 0 0 -0.00140277 0 -1.96254
3 8.81138 -0.000448227 -0.000111818 0.8769 0 0.000157533
4 5.77839 0.000286102 0 0.587523 0 0.000110548
5 2.23163 -0.000328064 -0.000364304 0.289377 0 0
6 11.4725 0 0 0.844604 0.666609 0.242561
7 0.615218 -0.993092 -0.810699 -3.07512 0.456349 -0.366698
8 2.24752 0 0 0.0761407 0.139583 -0.235958
9 1.11936 0 0 0.0153937 0.0741661 -0.756791
10 3.71348 -0.10264 0.102191 1.43507 1.16447 -0.0999773
11 1.72615 0 0 0.0096179 -0.000943841 -1.58463
12 1.21114 0 0 -0.00354692 0.0172759 -0.799967
13 3.59919 -1.06012 0.0708876 1.65414 0.797101 0.0958535
14 1.66068 0 0 -0.072404 0.00725712 -1.5233
15 1.167 0 0 -0.0161867 0.00587247 -0.791292
16 2.18852 0.50104 0.0576587 1.57726 0.0540863 0.0878313
17 1.29609 0 0 0.0386936 -0.0263925 -1.16124
18 1.62202 0.000712395 -0.000471115 -0.000529805 0.000261847 -1.54451
19 1.22241 0 0 -0.0334012 0.0202409 -0.847976
20 1.76707 1.27612 0.0366416 1.57618 0.098009 0.0532786
21 1.55588 0 0 -0.000900886 -0.0109828 -1.10911
22 1.24273 0 0 -0.000477907 -0.00036212 -1.32767
23 0.784523 0 0 0.00567613 -0.0104398 -0.609926
24 -1.93106 -1.59568 -7.2488 -0.000932534 0 -2.53187
25 6.02794 0 0 1.02563 1.12104 0.896061
26 11.7344 0 0 0.00140271 0 2.06608
27 8.81167 0 0 1.49888 0 0
28 5.77884 0 0 1.00425 0 0
29 2.23249 0 0 0.494629 0 0
30 11.4725 0 0 1.51581 -0.651778 -0.885047
31 0.615811 0.994372 -0.809164 3.0677 0.520878 0.621057
32 2.24752 0 0 -0.107062 0.0559224 0.231274
33 1.11936 0 0 -0.0492795 0.148001 0.208499
34 3.71349 0.102639 0.102192 -1.54454 0.514575 -0.0590377
35 1.72615 0 0 -0.0117785 -0.0170932 0.675265
36 1.21112 0 0 -0.000360466 0.0176326 0.577017
37 3.5992 1.06012 0.0708885 -1.5603 0.505498 0.0582447
38 1.66069 0 0 0.0242311 0.0538574 0.614961
39 1.16699 0 0 0.00494396 0 0.54199
40 2.18853 -0.50104 0.0576601 -1.57093 -0.0521671 -0.208766
41 1.29609 0 0 -0.00802863 -0.0480512 0.592085
42 1.62201 -0.000711441 -0.000469923 -0.00554069 -0.0289132 0.631516
43 1.2224 0 0 -0.00637529 0.00197041 0.57687
44 1.76707 -1.27612 0.0366421 -1.57078 -0.0294052 -0.236379
45 1.55588 0 0 0.0394435 0.00815059 0.585877
46 1.24273 0 0 0.000598643 -0.008846 0.625607
47 0.784531 0 0 -0.00745222 0.00396124 0.542065
48 0 0 0 0 0 0
49 0.706073 -19.2591 -8.77939 -0.0111086 -1.24548 -0.0733719
50 -0.49446 -2.33627 -0.838784 0 0 0
time 84
0 1.938 -1.56582 -7.2488 0 0 -0.814469
1 6.02794 0 0 -0.704765 1.23995 0.34138
2 11.7344 0 0 -0.00140279 0 -1.97525
3 8.81138 -0.000450134 -0.000111818 0.777503 0 0.000158177
4 5.77839 0.000286102 0 0.520927 0 0.000110177
5 2.23164 -0.000328064 -0.000364304 0.256576 0 0
6 11.4725 0 0 0.767865 0.526469 0.193478
7 0.615217 -0.993092 -0.8107 -3.07512 0.456349 -0.366698
8 2.24752 0 0 0.0761408 0.139583 -0.235958
9 1.11936 0 0 0.0153937 0.0741661 -0.756791
10 3.71348 -0.10264 0.10219 1.43507 1.16447 -0.0999762
11 1.72615 0 0 0.00961788 -0.000943863 -1.58463
12 1.21114 0 0 -0.00354685 0.0172758 -0.799967
13 3.59919 -1.06012 0.070888 1.65414 0.797101 0.0958537
14 1.66069 0 0 -0.0724042 0.00725731 -1.5233
15 1.167 0 0 -0.0161867 0.00587246 -0.791292
16 2.18852 0.501038 0.0576582 1.57726 0.0540865 0.0878313
17 1.29609 0 0 0.0386934 -0.0263924 -1.16124
18 1.62202 0.000714302 -0.000469208 -0.000529887 0.000262016 -1.54451
19 1.22241 0 0 -0.0334014 0.0202407 -0.847976
20 1.76707 1.27612 0.0366402 1.57618 0.0980092 0.0532785
21 1.55588 0 0 -0.000901163 -0.0109827 -1.10911
22 1.24273 0 0 -0.000478011 -0.000362277 -1.32767
23 0.784523 0 0 0.00567595 -0.0104397 -0.609926
24 -1.93251 -1.58908 -7.2488 -0.000932534 0 -2.53187
25 6.02794 0 0 1.10471 1.1056 0.908907
26 11.7344 0 0 0.00140268 0 2.05914
27 8.81167 0 0 1.36532 0 0
28 5.77884 0 0 0.914767 0 0
29 2.23249 0 0 0.450557 0 0
30 11.4725 0 0 1.42439 -0.578655 -0.858716
31 0.615813 0.994372 -0.809165 3.09619 0.510819 0.594388
32 2.24752 0 0 -0.130567 0.0799775 0.2417
33 1.11936 0 0 -0.0663758 0.160334 0.23336
34 3.71349 0.102639 0.102191 -1.52866 0.537486 -0.0429467
35 1.72615 0 0 -0.0144323 -0.0150783 0.792469
36 1.21112 0 0 0.000574388 0.0176269 0.630031
37 3.5992 1.06012 0.0708885 -1.56229 0.480282 0.0466808
38 1.66069 0 0 0.0322085 0.05266 0.718732
39 1.16699 0 0 0.00129191 -0.000397798 0.603478
40 2.18853 -0.50104 0.0576582 -1.5719 -0.0521556 -0.190273
41 1.29609 0 0 0.00245073 -0.0531154 0.607533
42 1.62202 -0.000713348 -0.000470281 -0.00863103 -0.0281871 0.750315
43 1.2224 0 0 -0.00557076 0.00237468 0.637271
44 1.76707 -1.27612 0.0366411 -1.57158 -0.029395 -0.209364
45 1.55588 0 0 0.0553764 -0.0060763 0.611199
46 1.24273 0 0 0.000599529 -0.0184487 0.694415
47 0.784531 0 0 -0.00737267 0.00381007 0.607062
48 0 0 0 0 0 0
49 0.534651 -19.4891 -8.8284 -0.00399245 -1.18597 -0.042964
50 -0.49446 -2.33627 -0.838784 0 0 0
time 85
0 1.938 -1.56582 -7.2488 0 0 -0.814469
1 6.02794 0 0 -0.390554 1.2139 0.562363
2 11.7344 0 0 -0.00140285 0 -1.98429
3 8.81138 -0.000450134 -0.00011158 0.686543 0 0.000157637
4 5.77839 0.000286102 0 0.459984 0 0.000109255
5 2.23163 -0.000329971 -0.000363827 0.226559 0 0
6 11.4725 0 0 0.690556 0.358977 0.1442
7 0.615219 -0.993092 -0.810699 -3.07512 0.456349 -0.366698
8 2.24752 0 0 0.0761408 0.139583 -0.235958
9 1.11936 0 0 0.0153937 0.0741661 -0.756791
10 3.71348 -0.10264 0.102191 1.43507 1.16447 -0.0999767
11 1.72615 0 0 0.00961786 -0.0009438 -1.58463
12 1.21113 0 0 -0.00354712 0.0172759 -0.799967
13 3.59919 -1.06012 0.070888 1.65414 0.797101 0.0958533
14 1.66068 0 0 -0.0724044 0.0072571 -1.5233
15 1.167 0 0 -0.0161868 0.00587235 -0.791292
16 2.18852 0.501038 0.0576591 1.57726 0.0540865 0.0878313
17 1.29609 0 0 0.0386933 -0.0263925 -1.16124
18 1.62202 0.000714302 -0.000471115 -0.000530118 0.000262041 -1.54451
19 1.22241 0 0 -0.0334012 0.0202408 -0.847976
20 1.76707 1.27612 0.0366421 1.57618 0.0980092 0.0532784
21 1.55587 0 0 -0.000901213 -0.0109827 -1.10911
22 1.24273 0 0 -0.000478175 -0.000362405 -1.32767
23 0.784523 0 0 0.00567603 -0.0104397 -0.609926
24 -1.93379 -1.58321 -7.2488 -0.000932534 0 -2.53187
25 6.02794 0 0 1.15985 1.09601 0.907764
26 11.7344 0 0 0.0014027 0 2.04895
27 8.81167 0 0 1.24976 0 0
28 5.77884 0 0 0.837341 0 0
29 2.23249 0 0 0.412421 0 0
30 11.4725 0 0 1.34679 -0.51722 -0.825351
31 0.615813 0.994372 -0.809166 3.13099 0.498282 0.562352
32 2.24752 0 0 -0.159193 0.109095 0.253344
33 1.11936 0 0 -0.0870829 0.175142 0.263718
34 3.71349 0.102639 0.102191 -1.50833 0.563243 -0.0228729
35 1.72615 0 0 -0.0173203 -0.0122254 0.934775
36 1.21112 0 0 0.00170698 0.0175534 0.694403
37 3.5992 1.06012 0.0708885 -1.56383 0.449605 0.0330208
38 1.66069 0 0 0.0413532 0.0502214 0.844718
39 1.16699 0 0 -0.00334367 -0.000934265 0.678145
40 2.18853 -0.50104 0.0576591 -1.57307 -0.0521178 -0.167817
41 1.29609 0 0 0.015277 -0.0592961 0.624031
42 1.62201 -0.000713348 -0.000469923 -0.0121406 -0.0265862 0.894562
43 1.2224 0 0 -0.00449002 0.00291834 0.710618
44 1.76707 -1.27612 0.0366402 -1.57254 -0.0293536 -0.17656
45 1.55587 0 0 0.0746488 -0.0232892 0.638877
46 1.24273 0 0 0.000596847 -0.0301087 0.777967
47 0.784531 0 0 -0.00721834 0.00355429 0.685987
48 0 0 0 0 0 0
49 0.344739 -19.6537 -9.02305 0.00165432 -1.13055 -0.0112951
50 -0.49446 -2.33627 -0.838784 0 0 0
time 86
0 1.938 -1.56582 -7.2488 0 0 -0.814469
1 6.02794 0 0 -0.114177 1.14507 0.722334
2 11.7344 0 0 -0.00140286 0 -1.98678
3 8.81138 -0.000450134 -0.000112057 0.604622 0 0.000158117
4 5.77839 0.000286102 0 0.405097 0 0.000109088
5 2.23163 -0.000329971 -0.00036335 0.199525 0 0
6 11.4725 0 0 0.61217 0.165959 0.103172
7 0.615219 -0.993092 -0.8107 -3.07512 0.456349 -0.366698
8 2.24752 0 0 0.0761407 0.139583 -0.235958
9 1.11936 0 0 0.0153937 0.0741661 -0.756791
10 3.71348 -0.102642 0.102191 1.43507 1.16447 -0.099977
11 1.72615 0 0 0.00961781 -0.000943673 -1.58463
12 1.21114 0 0 -0.00354696 0.0172761 -0.799967
13 3.59919 -1.06012 0.0708895 1.65414 0.797101 0.0958536
14 1.66069 0 0 -0.0724041 0.00725721 -1.5233
15 1.167 0 0 -0.0161866 0.00587243 -0.791292
16 2.18852 0.501038 0.0576601 1.57726 0.0540864 0.0878313
17 1.29609 0 0 0.0386933 -0.0263925 -1.16124
18 1.62202 0.000715256 -0.000471115 -0.000529887 0.000262016 -1.54451
19 1.22241 0 0 -0.0334012 0.0202409 -0.847976
20 1.76707 1.27612 0.0366411 1.57618 0.0980091 0.0532785
21 1.55588 0 0 -0.000901151 -0.0109828 -1.10911
22 1.24273 0 0 -0.000477964 -0.00036224 -1.32767
23 0.784524 0 0 0.00567583 -0.0104397 -0.609926
24 -1.93491 -1.5781 -7.2488 -0.000932534 0 -2.53187
25 6.02794 0 0 1.19706 1.09159 0.898655
26 11.7344 0 0 0.00140278 0 2.03678
27 8.81167 0 0 1.16182 0 0
28 5.77884 0 0 0.778416 0 0
29 2.23249 0 0 0.383399 0 0
30 11.4725 0 0 1.28217 -0.466832 -0.786475
31 0.615809 0.994373 -0.809165 -3.11405 0.484235 0.527927
32 2.24752 0 0 -0.190429 0.140724 0.265409
33 1.11936 0 0 -0.109553 0.191045 0.296963
34 3.71348 0.10264 0.102191 -1.48491 0.589881 -0.000308959
35 1.72615 0 0 -0.0199806 -0.00867746 1.08962
36 1.21112 0 0 0.00293141 0.017391 0.764455
37 3.5992 1.06012 0.0708876 -1.56449 0.416167 0.0185703
38 1.66069 0 0 0.0504841 0.0464325 0.981776
39 1.16699 0 0 -0.00865006 -0.00167096 0.759405
40 2.18853 -0.50104 0.0576591 -1.57434 -0.0520468 -0.14338
41 1.29609 0 0 0.0292971 -0.066037 0.640625
42 1.62202 -0.000711441 -0.000470161 -0.0155348 -0.0239991 1.05152
43 1.2224 0 0 -0.00318036 0.00356601 0.790436
44 1.76707 -1.27612 0.0366411 -1.57359 -0.0292727 -0.140862
45 1.55588 0 0 0.0955729 -0.0419881 0.667133
46 1.24273 0 0 0.000589245 -0.0427972 0.868891
47 0.784531 0 0 -0.00698594 0.00318021 0.771874
48 0 0 0 0 0 0
49 0.152918 -19.7689 -9.31118 0.00611757 -1.0807 0.0197745
50 -0.49446 -2.33627 -0.838784 0 0 0
time 87
0 1.938 -1.56582 -7.2488 0 0 -0.814469
1 6.02794 0 0 0.0824581 1.04899 0.785135
2 11.7344 0 0 -0.00140274 0 -1.98228
3 8.81138 -0.000452042 -0.000111103 0.535117 0 0.000157738
4 5.77839 0.000286102 0 0.358529 0 0.000108578
5 2.23163 -0.000329971 -0.00036335 0.176589 0 0
6 11.4725 0 0 0.533855 -0.0392076 0.0792665
7 0.615219 -0.993092 -0.810699 -3.07512 0.456349 -0.366698
8 2.24752 0 0 0.0761407 0.139583 -0.235958
9 1.11936 0 0 0.0153937 0.0741661 -0.756792
10 3.71348 -0.10264 0.102192 1.43507 1.16447 -0.0999775
11 1.72615 0 0 0.00961779 -0.000943779 -1.58463
12 1.21114 0 0 -0.003547 0.0172759 -0.799967
13 3.59919 -1.06012 0.0708885 1.65414 0.797101 0.0958533
14 1.66069 0 0 -0.0724041 0.00725706 -1.5233
15 1.167 0 0 -0.0161867 0.00587247 -0.791292
16 2.18852 0.50104 0.0576591 1.57726 0.0540865 0.0878312
17 1.29609 0 0 0.0386934 -0.0263925 -1.16124
18 1.62202 0.000711441 -0.000471115 -0.000529867 0.000261953 -1.54451
19 1.22241 0 0 -0.0334013 0.0202408 -0.847976
20 1.76707 1.27612 0.0366411 1.57618 0.0980092 0.0532785
21 1.55588 0 0 -0.000901119 -0.0109829 -1.10911
22 1.24273 0 0 -0.000478051 -0.000362081 -1.32767
23 0.784523 0 0 0.00567598 -0.0104396 -0.609926
24 -1.93585 -1.57381 -7.2488 -0.000932534 0 -2.53187
25 6.02794 0 0 1.22056 1.09078 0.885729
26 11.7344 0 0 0.00140266 0 2.02365
27 8.81167 0 0 1.10139 0 0
28 5.77884 0 0 0.737933 0 0
29 2.23249 0 0 0.36346 0 0
30 11.4725 0 0 1.23049 -0.427162 -0.745335
31 0.615811 0.994372 -0.809166 -3.07564 0.469772 0.493963
32 2.24752 0 0 -0.221745 0.172313 0.277089
33 1.11936 0 0 -0.131959 0.206724 0.330429
34 3.71348 0.102639 0.10219 -1.46011 0.615496 0.0230603
35 1.72615 0 0 -0.0220749 -0.00474801 1.24445
36 1.21112 0 0 0.00414145 0.0171431 0.834507
37 3.5992 1.06012 0.0708876 -1.56412 0.382694 0.00448624
38 1.66069 0 0 0.05861 0.0415848 1.11878
39 1.16699 0 0 -0.0142414 -0.00254495 0.840668
40 2.18853 -0.50104 0.0576582 -1.57561 -0.0519448 -0.118943
41 1.29609 0 0 0.0433577 -0.0727848 0.656358
42 1.62202 -0.000713348 -0.000469923 -0.0183573 -0.0206091 1.20844
43 1.22241 0 0 -0.00172721 0.00426123 0.870255
44 1.76707 -1.27612 0.0366402 -1.57463 -0.0291545 -0.105164
45 1.55588 0 0 0.116464 -0.06067 0.694201
46 1.24273 0 0 0.000576944 -0.0554846 0.959816
47 0.784531 0 0 -0.00669479 0.00270116 0.857759
48 0 0 0 0 0 0
49 -0.0242296 -19.8505 -9.64065 0.00968333 -1.03789 0.0483843
50 -0.49446 -2.33627 -0.838784 0 0 0
time 88
0 1.938 -1.56582 -7.2488 0 0 -0.814469
1 6.02794 0 0 0.210438 0.953499 0.779304
2 11.7344 0 0 -0.0014029 0 -1.97273
3 8.81138 -0.000448227 -0.000112534 0.483393 0 0.000157611
4 5.77839 0.000286102 0 0.323873 0 0.000108058
5 2.23163 -0.000329971 -0.000364304 0.15952 0 0
6 11.4725 0 0 0.459874 -0.229357 0.076499
7 0.61522 -0.993092 -0.810699 -3.07512 0.456349 -0.366698
8 2.24752 0 0 0.0761407 0.139583 -0.235958
9 1.11936 0 0 0.0153937 0.0741661 -0.756791
10 3.71348 -0.102642 0.102191 1.43507 1.16447 -0.0999768
11 1.72615 0 0 0.00961807 -0.000943841 -1.58463
12 1.21114 0 0 -0.00354707 0.0172759 -0.799967
13 3.59919 -1.06012 0.0708876 1.65414 0.797102 0.0958533
14 1.66069 0 0 -0.0724042 0.00725726 -1.5233
15 1.167 0 0 -0.0161865 0.0058724 -0.791292
16 2.18852 0.50104 0.0576591 1.57726 0.0540863 0.0878313
17 1.29609 0 0 0.0386933 -0.0263924 -1.16124
18 1.62202 0.000712395 -0.000471115 -0.000529847 0.000261805 -1.54451
19 1.22241 0 0 -0.0334011 0.0202407 -0.847975
20 1.76707 1.27612 0.0366411 1.57618 0.0980091 0.0532786
21 1.55588 0 0 -0.000901101 -0.0109828 -1.10911
22 1.24274 0 0 -0.000478004 -0.000362044 -1.32767
23 0.784521 0 0 0.00567608 -0.0104398 -0.609926
24 -1.9366 -1.57039 -7.2488 -0.000932534 0 -2.53187
25 6.02795 0 0 1.23357 1.09143 0.872085
26 11.7344 0 0 0.0014027 0 2.01026
27 8.81167 0 0 1.06374 0 0
28 5.77884 0 0 0.712704 0 0
29 2.23249 0 0 0.351033 0 0
30 11.4725 0 0 1.19192 -0.398176 -0.706265
31 0.61581 0.994372 -0.809165 -3.04009 0.456116 0.463164
32 2.24752 0 0 -0.25059 0.201315 0.287578
33 1.11936 0 0 -0.152493 0.220932 0.361374
34 3.71349 0.102638 0.102192 -1.43607 0.638275 0.0452957
35 1.72615 0 0 -0.023455 -0.000879287 1.38672
36 1.21112 0 0 0.00523543 0.016841 0.898878
37 3.5992 1.06012 0.0708885 -1.5629 0.35192 -0.00818487
38 1.66069 0 0 0.0650751 0.0363228 1.24462
39 1.16699 0 0 -0.0196395 -0.00344914 0.915345
40 2.18853 -0.50104 0.0576591 -1.57677 -0.0518238 -0.0964878
41 1.29609 0 0 0.0563041 -0.0789882 0.67027
42 1.62201 -0.000715256 -0.000469923 -0.0203453 -0.0168712 1.35262
43 1.2224 0 0 -0.000262286 0.00493218 0.943603
44 1.76707 -1.27612 0.0366411 -1.57558 -0.0290133 -0.0723608
45 1.55587 0 0 0.13564 -0.0778283 0.718316
46 1.24273 0 0 0.000561652 -0.0671424 1.04337
47 0.784531 0 0 -0.0063829 0.00216486 0.936678
48 0 0 0 0 0 0
49 -0.170124 -19.9144 -9.95932 0.0126375 -1.00359 0.0726742
50 -0.49446 -2.33627 -0.838784 0 0 0
time 89
0 1.938 -1.56582 -7.2488 0 0 -0.814469
1 6.02794 0 0 0.286435 0.882893 0.747326
2 11.7344 0 0 -0.00140281 0 -1.96179
3 8.81138 -0.000450134 -0.000112534 0.452375 0 0.000158013
4 5.77839 0.000286102 0 0.303091 0 0.000108199
5 2.23163 -0.000328064 -0.000365257 0.149284 0 0
6 11.4725 0 0 0.399138 -0.372865 0.0895074
7 0.615219 -0.99309 -0.810699 -3.07512 0.456349 -0.366698
8 2.24752 0 0 0.0761407 0.139583 -0.235958
9 1.11936 0 0 0.0153937 0.0741661 -0.756791
10 3.71348 -0.10264 0.102192 1.43507 1.16447 -0.0999765
11 1.72615 0 0 0.00961784 -0.000943905 -1.58463
12 1.21114 0 0 -0.00354698 0.0172757 -0.799967
13 3.59919 -1.06012 0.0708885 1.65414 0.797101 0.0958536
14 1.66069 0 0 -0.0724043 0.007257 -1.5233
15 1.167 0 0 -0.0161869 0.00587245 -0.791292
16 2.18852 0.50104 0.0576582 1.57726 0.0540865 0.0878314
17 1.29609 0 0 0.0386934 -0.0263924 -1.16124
18 1.62202 0.000712395 -0.000471115 -0.000530077 0.000261998 -1.54451
19 1.22241 0 0 -0.0334012 0.0202408 -0.847975
20 1.76707 1.27612 0.0366421 1.57618 0.0980093 0.0532785
21 1.55588 0 0 -0.000901266 -0.0109828 -1.10911
22 1.24273 0 0 -0.000478181 -0.000362107 -1.32767
23 0.784524 0 0 0.00567589 -0.0104398 -0.609926
24 -1.93715 -1.56788 -7.2488 -0.000932534 0 -2.53187
25 6.02794 0 0 1.23892 1.09102 0.860404
26 11.7344 0 0 0.00140285 0 1.99713
27 8.81167 0 0 1.04362 0 0
28 5.77884 0 0 0.699227 0 0
29 2.23249 0 0 0.344396 0 0
30 11.4725 0 0 1.16675 -0.380058 -0.674341
31 0.615813 0.994373 -0.809166 -3.01063 0.44461 0.438097
32 2.24752 0 0 -0.274393 0.225183 0.296066
33 1.11936 0 0 -0.169366 0.232487 0.386999
34 3.71349 0.102639 0.10219 -1.41535 0.656519 0.0641866
35 1.72615 0 0 -0.0241787 0.00243618 1.50388
36 1.21112 0 0 0.00612043 0.0165401 0.95189
37 3.5992 1.06012 0.0708866 -1.56129 0.326576 -0.0184584
38 1.66069 0 0 0.0696133 0.0315008 1.34821
39 1.16699 0 0 -0.0242765 -0.00425251 0.976846
40 2.18853 -0.501039 0.0576572 -1.57773 -0.0517045 -0.0779957
41 1.29609 0 0 0.0669819 -0.0840982 0.6814
42 1.62202 -0.000711441 -0.000469923 -0.0214884 -0.0134098 1.47134
43 1.2224 0 0 0.00103842 0.00550114 1.00401
44 1.76707 -1.27612 0.0366402 -1.57636 -0.0288734 -0.0453465
45 1.55588 0 0 0.151419 -0.0919536 0.737717
46 1.24273 0 0 0.000545894 -0.0767417 1.11218
47 0.784531 0 0 -0.00610033 0.00165134 1.00167
48 0 0 0 0 0 0
49 -0.268182 -19.9764 -10.2151 0.0152661 -0.979299 0.0907835
50 -0.49446 -2.33627 -0.838784 0 0 0
time 90
0 1.938 -1.56582 -7.2488 0 0 -0.814469
1 6.02794 0 0 0.316666 0.85007 0.71985
2 11.7344 0 0 -0.00140287 0 -1.95369
3 8.81138 -0.000448227 -0.00011158 0.440249 0 0.000157491
4 5.77839 0.000284195 0 0.294967 0 0.000107989
5 2.23163 -0.000329971 -0.000364304 0.145282 0 0
6 11.4725 0 0 0.364756 -0.44592 0.105376
7 0.615219 -0.993092 -0.810699 -3.07512 0.456349 -0.366698
8 2.24752 0 0 0.0761407 0.139583 -0.235958
9 1.11936 0 0 0.0153937 0.074166 -0.756791
10 3.71348 -0.10264 0.102192 1.43507 1.16447 -0.0999768
11 1.72615 0 0 0.00961779 -0.000943779 -1.58463
12 1.21113 0 0 -0.00354685 0.0172758 -0.799967
13 3.59919 -1.06012 0.0708885 1.65414 0.797102 0.0958537
14 1.66069 0 0 -0.0724042 0.00725721 -1.5233
15 1.167 0 0 -0.0161868 0.00587243 -0.791292
16 2.18853 0.50104 0.0576591 1.57726 0.0540865 0.0878315
17 1.29609 0 0 0.0386933 -0.0263925 -1.16124
18 1.62202 0.000714302 -0.000471115 -0.000530056 0.000261934 -1.54451
19 1.22241 0 0 -0.0334014 0.0202408 -0.847975
20 1.76707 1.27612 0.0366411 1.57618 0.0980092 0.0532787
21 1.55588 0 0 -0.000901183 -0.0109828 -1.10911
22 1.24273 0 0 -0.000478004 -0.000362044 -1.32767
23 0.784522 0 0 0.0056759 -0.0104398 -0.609926
24 -1.93749 -1.56634 -7.2488 -0.000932534 0 -2.53187
25 6.02794 0 0 1.23928 1.08698 0.853271
26 11.7344 0 0 0.0014028 0 1.98507
27 8.81167 0 0 1.0371 0 0
28 5.77884 0 0 0.694854 0 0
29 2.23249 0 0 0.342242 0 0
30 11.4725 0 0 1.15548 -0.37307 -0.655284
31 0.615811 0.994372 -0.809165 -2.99054 0.436668 0.42124
32 2.24752 0 0 -0.290571 0.24137 0.301748
33 1.11936 0 0 -0.180796 0.240253 0.404458
34 3.71348 0.102638 0.102192 -1.40082 0.668625 0.077315
35 1.72615 0 0 -0.0244508 0.00472843 1.58338
36 1.21112 0 0 0.00671135 0.0163094 0.987862
37 3.5992 1.06012 0.0708885 -1.55989 0.309383 -0.0253594
38 1.66069 0 0 0.0722656 0.028019 1.41849
39 1.16699 0 0 -0.0275236 -0.00482194 1.01858
40 2.18853 -0.50104 0.0576591 -1.57838 -0.0516137 -0.0654473
41 1.29609 0 0 0.0742353 -0.0875666 0.688783
42 1.62202 -0.000711441 -0.000469923 -0.0219891 -0.0108942 1.5519
43 1.2224 0 0 0.00196998 0.00589277 1.045
44 1.76707 -1.27612 0.0366421 -1.57689 -0.0287667 -0.0270152
45 1.55587 0 0 0.162119 -0.101536 0.750647
46 1.24273 0 0 0.000533813 -0.0832549 1.15887
47 0.784531 0 0 -0.00589719 0.0012655 1.04577
48 0 0 0 0 0 0
49 -0.301824 -20.0524 -10.3557 0.0178552 -0.966479 0.100852
50 -0.49446 -2.33627 -0.838784 0 0 0
time 91
0 1.938 -1.56582 -7.2488 0 0 -0.814469
1 6.02794 0 0 0.314174 0.848956 0.711197
2 11.7344 0 0 -0.00140288 0 -1.95187
3 8.81138 -0.000450134 -0.000110626 0.443031 0 0.000157743
4 5.77839 0.000286102 0 0.296831 0 0.000107962
5 2.23163 -0.000328064 -0.00036335 0.1462 0 0
6 11.4725 0 0 0.361637 -0.455959 0.114454
7 0.615219 -0.99309 -0.810699 -3.07512 0.456349 -0.366698
8 2.24752 0 0 0.0761407 0.139583 -0.235958
9 1.11936 0 0 0.0153937 0.074166 -0.756791
10 3.71348 -0.10264 0.102192 1.43507 1.16447 -0.0999778
11 1.72615 0 0 0.00961794 -0.000943883 -1.58463
12 1.21114 0 0 -0.00354705 0.0172759 -0.799967
13 3.59919 -1.06012 0.0708895 1.65414 0.797101 0.0958536
14 1.66069 0 0 -0.0724042 0.00725718 -1.5233
15 1.167 0 0 -0.0161867 0.00587244 -0.791292
16 2.18852 0.501041 0.0576611 1.57726 0.0540864 0.0878313
17 1.29609 0 0 0.0386933 -0.0263925 -1.16124
18 1.62202 0.000713348 -0.000469208 -0.000529865 0.000262037 -1.54451
19 1.22241 0 0 -0.0334013 0.0202408 -0.847976
20 1.76707 1.27612 0.0366421 1.57618 0.0980092 0.0532785
21 1.55588 0 0 -0.000901071 -0.0109828 -1.10911
22 1.24273 0 0 -0.00047798 -0.000362026 -1.32767
23 0.784522 0 0 0.0056758 -0.0104397 -0.609926
24 -1.93761 -1.56582 -7.2488 -0.000932534 0 -2.53187
25 6.02794 0 0 1.23475 1.08057 0.850588
26 11.7344 0 0 0.00140276 0 1.97306
27 8.81167 0 0 1.04515 0 0
28 5.77884 0 0 0.700251 0 0
29 2.23249 0 0 0.3449 0 0
30 11.4725 0 0 1.15881 -0.372881 -0.647513
31 0.615812 0.994371 -0.809165 -2.98312 0.433716 0.415061
32 2.24752 0 0 -0.296537 0.247332 0.30382
33 1.11936 0 0 -0.185004 0.243098 0.410904
34 3.71349 0.102638 0.102191 -1.39537 0.673019 0.0822148
35 1.72615 0 0 -0.0245057 0.00557823 1.61267
36 1.21112 0 0 0.00692684 0.016219 1.00111
37 3.5992 1.06012 0.0708876 -1.55931 0.30305 -0.0278893
38 1.66069 0 0 0.0731528 0.0266993 1.44437
39 1.16699 0 0 -0.0287404 -0.00503598 1.03396
40 2.18853 -0.50104 0.0576601 -1.57862 -0.0515781 -0.0608242
41 1.29609 0 0 0.0769098 -0.0888449 0.691458
42 1.62202 -0.000713348 -0.000469923 -0.0221152 -0.0099378 1.58157
43 1.2224 0 0 0.00232328 0.00603781 1.0601
44 1.76707 -1.27612 0.0366411 -1.57709 -0.0287247 -0.0202617
45 1.55588 0 0 0.16606 -0.105065 0.755348
46 1.24273 0 0 0.000529087 -0.0856544 1.17607
47 0.784533 0 0 -0.00582031 0.00111548 1.06202
48 0 0 0 0 0 0
49 -0.255344 -20.1332 -10.3941 0.019177 -0.965556 0.106771
50 -0.49446 -2.33627 -0.838784 0 0 0
time 92
0 1.938 -1.56582 -7.2488 0 0 -0.814469
1 6.02794 0 0 0.296478 0.864657 0.718792
2 11.7344 0 0 -0.00140299 0 -1.95587
3 8.81138 -0.000448227 -0.000112534 0.456195 0 0.000157805
4 5.77839 0.00028801 0 0.305651 0 0.000108082
5 2.23163 -0.000329971 -0.00036335 0.150544 0 0
6 11.4725 0 0 0.380296 -0.430801 0.117483
7 0.615221 -0.993092 -0.810699 -3.07512 0.456349 -0.366698
8 2.24752 0 0 0.0761406 0.139583 -0.235958
9 1.11936 0 0 0.0153937 0.0741661 -0.756791
10 3.71348 -0.102642 0.102192 1.43507 1.16447 -0.0999779
11 1.72615 0 0 0.00961771 -0.000943695 -1.58463
12 1.21114 0 0 -0.00354688 0.0172759 -0.799967
13 3.59919 -1.06012 0.0708876 1.65414 0.797102 0.0958532
14 1.66069 0 0 -0.0724042 0.00725738 -1.5233
15 1.167 0 0 -0.0161865 0.00587229 -0.791292
16 2.18853 0.501038 0.0576601 1.57726 0.0540864 0.0878315
17 1.29609 0 0 0.0386934 -0.0263924 -1.16124
18 1.62202 0.000716209 -0.000471115 -0.000529972 0.000261933 -1.54451
19 1.22241 0 0 -0.0334013 0.0202408 -0.847976
20 1.76707 1.27612 0.0366402 1.57618 0.0980091 0.0532787
21 1.55588 0 0 -0.000901171 -0.0109829 -1.10911
22 1.24273 0 0 -0.000478161 -0.00036194 -1.32767
23 0.784523 0 0 0.005676 -0.0104397 -0.609926
24 -1.93761 -1.56582 -7.2488 -0.000932534 0 -2.53187
25 6.02794 0 0 1.22601 1.07507 0.849848
26 11.7344 0 0 0.00140281 0 1.96166
27 8.81167 0 0 1.06592 0 0
28 5.77884 0 0 0.714165 0 0
29 2.23249 0 0 0.351753 0 0
30 11.4725 0 0 1.17317 -0.376516 -0.644332
31 0.615811 0.994372 -0.809165 -2.98312 0.433715 0.415061
32 2.24752 0 0 -0.296537 0.247332 0.30382
33 1.11936 0 0 -0.185004 0.243098 0.410904
34 3.71348 0.10264 0.102191 -1.39537 0.673019 0.082215
35 1.72615 0 0 -0.0245057 0.00557818 1.61267
36 1.21112 0 0 0.00692701 0.0162191 1.00111
37 3.5992 1.06012 0.0708876 -1.55931 0.30305 -0.0278894
38 1.66069 0 0 0.0731528 0.0266993 1.44437
39 1.16699 0 0 -0.0287404 -0.00503593 1.03396
40 2.18853 -0.50104 0.0576591 -1.57862 -0.0515781 -0.0608243
41 1.29609 0 0 0.0769098 -0.0888449 0.691458
42 1.62202 -0.000711441 -0.0004704 -0.0221151 -0.00993784 1.58157
43 1.2224 0 0 0.0023235 0.00603772 1.0601
44 1.76707 -1.27612 0.0366411 -1.57709 -0.0287249 -0.0202617
45 1.55587 0 0 0.16606 -0.105065 0.755348
46 1.24273 0 0 0.000528937 -0.0856546 1.17607
47 0.784533 0 0 -0.0058204 0.00111555 1.06202
48 0 0 0 0 0 0
49 -0.14329 -20.2 -10.3886 0.0182823 -0.973878 0.113351
50 -0.49446 -2.33627 -0.838784 0 0 0
time 93
0 1.938 -1.56582 -7.2488 0 0 -0.814469
1 6.02794 0 0 0.268372 0.891429 0.735015
2 11.7344 0 0 -0.00140293 0 -1.96342
3 8.81138 -0.000450134 -0.00011158 0.476315 0 0.000158398
4 5.77839 0.000286102 0 0.319131 0 0.000108471
5 2.23163 -0.000328064 -0.00036335 0.157184 0 0
6 11.4725 0 0 0.412495 -0.3832 0.117998
7 0.615221 -0.993092 -0.8107 -3.07512 0.456349 -0.366698
8 2.24752 0 0 0.0761407 0.139583 -0.235958
9 1.11936 0 0 0.0153937 0.0741661 -0.756791
10 3.71348 -0.102642 0.102191 1.43507 1.16447 -0.0999773
11 1.72615 0 0 0.00961779 -0.000943694 -1.58463
12 1.21114 0 0 -0.00354698 0.0172759 -0.799967
13 3.59919 -1.06012 0.0708876 1.65414 0.797101 0.0958532
14 1.66069 0 0 -0.0724042 0.00725718 -1.5233
15 1.167 0 0 -0.0161867 0.00587237 -0.791292
16 2.18852 0.501038 0.0576582 1.57726 0.0540864 0.0878313
17 1.29609 0 0 0.0386933 -0.0263924 -1.16124
18 1.62202 0.000713348 -0.000473022 -0.000529889 0.000261848 -1.54451
19 1.22241 0 0 -0.0334013 0.0202408 -0.847976
20 1.76707 1.27612 0.0366402 1.57618 0.0980091 0.0532785
21 1.55588 0 0 -0.000900949 -0.0109827 -1.10911
22 1.24273 0 0 -0.000478124 -0.000361987 -1.32767
23 0.784523 0 0 0.00567594 -0.0104398 -0.609926
24 -1.93761 -1.56582 -7.2488 -0.000932534 0 -2.53187
25 6.02794 0 0 1.21604 1.07001 0.85064
26 11.7344 0 0 0.00140265 0 1.95136
27 8.81167 0 0 1.09401 0 0
28 5.77884 0 0 0.732985 0 0
29 2.23249 0 0 0.361023 0 0
30 11.4725 0 0 1.19353 -0.38531 -0.643184
31 0.615812 0.994372 -0.809165 -2.98312 0.433715 0.415061
32 2.24752 0 0 -0.296537 0.247332 0.30382
33 1.11936 0 0 -0.185004 0.243099 0.410904
34 3.71348 0.102639 0.102191 -1.39537 0.673019 0.082215
35 1.72615 0 0 -0.0245058 0.00557817 1.61267
36 1.21112 0 0 0.00692684 0.016219 1.00111
37 3.5992 1.06012 0.0708876 -1.55931 0.30305 -0.0278894
38 1.66069 0 0 0.0731529 0.0266992 1.44437
39 1.16699 0 0 -0.0287404 -0.00503585 1.03396
40 2.18853 -0.50104 0.0576591 -1.57862 -0.051578 -0.0608243
41 1.29609 0 0 0.0769098 -0.088845 0.691458
42 1.62202 -0.000713348 -0.000469446 -0.0221151 -0.00993774 1.58157
43 1.22241 0 0 0.00232336 0.00603784 1.0601
44 1.76707 -1.27612 0.0366411 -1.57709 -0.0287248 -0.0202617
45 1.55588 0 0 0.16606 -0.105065 0.755348
46 1.24273 0 0 0.000529087 -0.0856545 1.17607
47 0.784531 0 0 -0.00582041 0.00111554 1.06202
48 0 0 0 0 0 0
49 0.00554627 -20.2543 -10.3549 0.0158744 -0.988316 0.120112
50 -0.49446 -2.33627 -0.838784 0 0 0
time 94
0 1.938 -1.56582 -7.2488 0 0 -0.814469
1 6.02794 0 0 0.234526 0.923515 0.75256
2 11.7344 0 0 -0.00140293 0 -1.97231
3 8.81138 -0.000448227 -0.000112534 0.500124 0 0.000157694
4 5.77839 0.00028801 0 0.335083 0 0.00010811
5 2.23163 -0.000326157 -0.000364304 0.165041 0 0
6 11.4725 0 0 0.450098 -0.325583 0.119271
7 0.61522 -0.993092 -0.8107 -3.07512 0.456349 -0.366698
8 2.24752 0 0 0.0761407 0.139583 -0.235958
9 1.11936 0 0 0.0153937 0.0741661 -0.756791
10 3.71348 -0.10264 0.10219 1.43507 1.16447 -0.0999771
11 1.72615 0 0 0.00961788 -0.000943863 -1.58463
12 1.21114 0 0 -0.00354688 0.0172758 -0.799967
13 3.59919 -1.06012 0.0708876 1.65414 0.797102 0.0958535
14 1.66068 0 0 -0.072404 0.00725723 -1.5233
15 1.167 0 0 -0.0161867 0.0058724 -0.791292
16 2.18853 0.50104 0.0576582 1.57726 0.0540865 0.0878314
17 1.29609 0 0 0.0386935 -0.0263926 -1.16124
18 1.62202 0.000717163 -0.000473022 -0.00052976 0.000262057 -1.54451
19 1.22241 0 0 -0.033401 0.0202409 -0.847975
20 1.76707 1.27612 0.0366402 1.57618 0.0980092 0.0532786
21 1.55587 0 0 -0.0009011 -0.0109828 -1.10911
22 1.24273 0 0 -0.000478087 -0.000362034 -1.32766
23 0.784522 0 0 0.00567596 -0.0104398 -0.609926
24 -1.93761 -1.56582 -7.2488 -0.000932534 0 -2.53187
25 6.02794 0 0 1.206 1.06576 0.852002
26 11.7344 0 0 0.00140269 0 1.9423
27 8.81167 0 0 1.12533 0 0
28 5.77884 0 0 0.753974 0 0
29 2.23249 0 0 0.371361 0 0
30 11.4725 0 0 1.21657 -0.396357 -0.643265
31 0.615812 0.994373 -0.809166 -2.98312 0.433715 0.415062
32 2.24752 0 0 -0.296537 0.247332 0.30382
33 1.11936 0 0 -0.185004 0.243098 0.410904
34 3.71349 0.102639 0.102191 -1.39537 0.673019 0.0822145
35 1.72615 0 0 -0.024506 0.00557813 1.61267
36 1.21112 0 0 0.00692688 0.0162191 1.00111
37 3.5992 1.06012 0.0708866 -1.55931 0.30305 -0.0278894
38 1.66069 0 0 0.0731528 0.0266993 1.44437
39 1.16699 0 0 -0.0287404 -0.0050359 1.03396
40 2.18853 -0.50104 0.0576591 -1.57862 -0.051578 -0.0608242
41 1.29609 0 0 0.0769098 -0.0888452 0.691458
42 1.62201 -0.000713348 -0.000470161 -0.022115 -0.00993786 1.58157
43 1.2224 0 0 0.00232344 0.00603772 1.0601
44 1.76707 -1.27612 0.0366402 -1.57709 -0.0287248 -0.0202617
45 1.55587 0 0 0.16606 -0.105065 0.755348
46 1.24273 0 0 0.000529061 -0.0856544 1.17607
47 0.784531 0 0 -0.00582036 0.00111551 1.06202
48 0 0 0 0 0 0
49 0.162369 -20.2978 -10.3088 0.0126565 -1.00574 0.126573
50 -0.49446 -2.33627 -0.838784 0 0 0
time 95
0 1.938 -1.56582 -7.2488 0 0 -0.814469
1 6.02794 0 0 0.200738 0.954106 0.765674
2 11.7344 0 0 -0.00140284 0 -1.98062
3 8.81138 -0.000450134 -0.000112534 0.5237 0 0.000158279
4 5.77839 0.000286102 0 0.350879 0 0.000108894
5 2.23163 -0.000328064 -0.000364304 0.172821 0 0
6 11.4725 0 0 0.485506 -0.270981 0.122824
7 0.61522 -0.99309 -0.8107 -3.07512 0.456349 -0.366698
8 2.24752 0 0 0.0761407 0.139583 -0.235958
9 1.11936 0 0 0.0153936 0.0741662 -0.756791
10 3.71348 -0.10264 0.102192 1.43507 1.16447 -0.0999776
11 1.72614 0 0 0.00961805 -0.000943694 -1.58463
12 1.21114 0 0 -0.0035471 0.0172759 -0.799967
13 3.59919 -1.06012 0.0708876 1.65414 0.797101 0.0958533
14 1.66069 0 0 -0.0724041 0.00725719 -1.5233
15 1.167 0 0 -0.0161867 0.00587247 -0.791292
16 2.18852 0.50104 0.0576582 1.57726 0.0540863 0.0878314
17 1.29609 0 0 0.0386935 -0.0263924 -1.16124
18 1.62202 0.000714302 -0.000471115 -0.000529887 0.000262016 -1.54451
19 1.22241 0 0 -0.0334012 0.0202409 -0.847976
20 1.76707 1.27612 0.0366411 1.57618 0.0980091 0.0532786
21 1.55587 0 0 -0.000900976 -0.010983 -1.10911
22 1.24273 0 0 -0.000477933 -0.000361989 -1.32767
23 0.784522 0 0 0.0056759 -0.0104396 -0.609926
24 -1.93761 -1.56582 -7.2488 -0.000932534 0 -2.53187
25 6.02794 0 0 1.19671 1.0627 0.852668
26 11.7344 0 0 0.00140265 0 1.93474
27 8.81167 0 0 1.15571 0 0
28 5.77884 0 0 0.774324 0 0
29 2.23249 0 0 0.381384 0 0
30 11.4725 0 0 1.23896 -0.406841 -0.643667
31 0.615814 0.994372 -0.809164 -2.98312 0.433716 0.415061
32 2.24752 0 0 -0.296537 0.247332 0.30382
33 1.11936 0 0 -0.185003 0.243098 0.410904
34 3.71348 0.102639 0.102192 -1.39537 0.673019 0.0822148
35 1.72615 0 0 -0.0245059 0.00557819 1.61267
36 1.21112 0 0 0.0069268 0.016219 1.00111
37 3.5992 1.06012 0.0708876 -1.55931 0.30305 -0.0278894
38 1.66069 0 0 0.073153 0.0266992 1.44437
39 1.16699 0 0 -0.0287404 -0.00503588 1.03396
40 2.18853 -0.50104 0.0576591 -1.57862 -0.0515781 -0.0608244
41 1.29609 0 0 0.0769098 -0.088845 0.691458
42 1.62202 -0.000713348 -0.000470161 -0.0221151 -0.00993778 1.58157
43 1.22241 0 0 0.00232344 0.00603772 1.0601
44 1.76707 -1.27612 0.0366421 -1.57709 -0.0287247 -0.0202617
45 1.55588 0 0 0.16606 -0.105065 0.755348
46 1.24273 0 0 0.000529057 -0.0856546 1.17607
47 0.784534 0 0 -0.00582025 0.00111558 1.06202
48 0 0 0 0 0 0
49 0.298385 -20.332 -10.2661 0.00933196 -1.02301 0.132255
50 -0.49446 -2.33627 -0.838784 0 0 0
time 96
0 1.938 -1.56582 -7.2488 0 0 -0.814469
1 6.02794 0 0 0.174562 0.975748 0.771223
2 11.7344 0 0 -0.0014028 0 -1.98681
3 8.81138 -0.000450134 -0.000112534 0.542367 0 0.000158185
4 5.77839 0.000286102 0 0.363386 0 0.000108785
5 2.23163 -0.000328064 -0.000364304 0.178981 0 0
6 11.4725 0 0 0.511711 -0.232557 0.128166
7 0.615219 -0.993092 -0.810699 -3.07512 0.456349 -0.366698
8 2.24752 0 0 0.0761406 0.139583 -0.235958
9 1.11936 0 0 0.0153937 0.0741661 -0.756791
10 3.71348 -0.102642 0.102191 1.43507 1.16447 -0.0999772
11 1.72615 0 0 0.00961799 -0.00094384 -1.58463
12 1.21114 0 0 -0.00354691 0.0172758 -0.799967
13 3.59919 -1.06012 0.0708876 1.65414 0.797101 0.0958533
14 1.66068 0 0 -0.0724042 0.00725724 -1.5233
15 1.167 0 0 -0.0161868 0.00587256 -0.791292
16 2.18852 0.501038 0.0576591 1.57726 0.0540865 0.0878313
17 1.29609 0 0 0.0386934 -0.0263924 -1.16124
18 1.62202 0.000715256 -0.000471115 -0.00052974 0.000261993 -1.54451
19 1.22241 0 0 -0.0334013 0.020241 -0.847976
20 1.76707 1.27612 0.0366402 1.57618 0.098009 0.0532786
21 1.55588 0 0 -0.000901113 -0.0109827 -1.10911
22 1.24273 0 0 -0.00047791 -0.000361971 -1.32767
23 0.784523 0 0 0.00567598 -0.0104398 -0.609926
24 -1.93761 -1.56582 -7.2488 -0.000932534 0 -2.53187
25 6.02794 0 0 1.18868 1.06127 0.851072
26 11.7344 0 0 0.00140279 0 1.92904
27 8.81167 0 0 1.18084 0 0
28 5.77884 0 0 0.791161 0 0
29 2.23249 0 0 0.389676 0 0
30 11.4725 0 0 1.2574 -0.413998 -0.643357
31 0.615814 0.994372 -0.809165 -2.98312 0.433716 0.415061
32 2.24752 0 0 -0.296537 0.247332 0.30382
33 1.11936 0 0 -0.185004 0.243098 0.410905
34 3.71349 0.102639 0.102191 -1.39537 0.673019 0.0822147
35 1.72615 0 0 -0.0245059 0.00557805 1.61267
36 1.21112 0 0 0.00692694 0.0162191 1.00111
37 3.5992 1.06012 0.0708876 -1.55931 0.30305 -0.0278894
38 1.66069 0 0 0.073153 0.0266993 1.44437
39 1.16699 0 0 -0.0287404 -0.00503585 1.03396
40 2.18853 -0.501041 0.0576582 -1.57862 -0.0515781 -0.0608243
41 1.29609 0 0 0.0769098 -0.088845 0.691458
42 1.62202 -0.000713348 -0.000469923 -0.0221151 -0.00993778 1.58157
43 1.22241 0 0 0.00232347 0.00603767 1.0601
44 1.76707 -1.27612 0.0366411 -1.57709 -0.0287247 -0.0202618
45 1.55587 0 0 0.16606 -0.105065 0.755348
46 1.24273 0 0 0.000529046 -0.0856543 1.17607
47 0.784533 0 0 -0.00582042 0.00111564 1.06202
48 0 0 0 0 0 0
49 0.384801 -20.3585 -10.2427 0.00660414 -1.03702 0.136676
50 -0.49446 -2.33627 -0.838784 0 0 0
time 97
0 1.938 -1.56582 -7.2488 0 0 -0.814469
1 6.02794 0 0 0.162544 0.984242 0.770925
2 11.7344 0 0 -0.00140282 0 -1.99066
3 8.81138 -0.000450134 -0.00011158 0.551995 0 0.000157962
4 5.77839 0.000286102 0 0.369837 0 0.000108804
5 2.23163 -0.000328064 -0.00036335 0.182158 0 0
6 11.4725 0 0 0.523893 -0.217659 0.133525
7 0.61522 -0.993092 -0.810699 -3.07512 0.456349 -0.366698
8 2.24752 0 0 0.0761408 0.139583 -0.235958
9 1.11936 0 0 0.0153937 0.0741661 -0.756791
10 3.71348 -0.102642 0.102192 1.43507 1.16447 -0.0999767
11 1.72615 0 0 0.00961798 -0.000943757 -1.58463
12 1.21113 0 0 -0.00354695 0.0172759 -0.799967
13 3.59919 -1.06012 0.0708885 1.65414 0.797101 0.0958533
14 1.66068 0 0 -0.0724042 0.0072572 -1.5233
15 1.167 0 0 -0.0161866 0.0058723 -0.791292
16 2.18852 0.501038 0.0576601 1.57726 0.0540863 0.0878314
17 1.2961 0 0 0.0386935 -0.0263926 -1.16124
18 1.62202 0.000713348 -0.000473022 -0.000529887 0.000262016 -1.54451
19 1.22241 0 0 -0.0334012 0.0202408 -0.847975
20 1.76707 1.27612 0.0366421 1.57618 0.0980091 0.0532786
21 1.55588 0 0 -0.000901152 -0.0109828 -1.10911
22 1.24273 0 0 -0.000478037 -0.000362146 -1.32767
23 0.784522 0 0 0.00567604 -0.0104397 -0.609926
24 -1.93761 -1.56582 -7.2488 -0.000932534 0 -2.53187
25 6.02794 0 0 1.18217 1.06089 0.847082
26 11.7344 0 0 0.00140273 0 1.92617
27 8.81167 0 0 1.19608 0 0
28 5.77884 0 0 0.801371 0 0
29 2.23249 0 0 0.394705 0 0
30 11.4725 0 0 1.26866 -0.41662 -0.642986
31 0.615815 0.994372 -0.809165 -2.98312 0.433716 0.415062
32 2.24752 0 0 -0.296537 0.247332 0.30382
33 1.11936 0 0 -0.185004 0.243098 0.410905
34 3.71349 0.102639 0.102191 -1.39537 0.673019 0.0822148
35 1.72615 0 0 -0.0245059 0.00557809 1.61267
36 1.21112 0 0 0.00692688 0.0162191 1.00111
37 3.5992 1.06012 0.0708885 -1.55931 0.30305 -0.0278893
38 1.66069 0 0 0.0731529 0.0266993 1.44437
39 1.16699 0 0 -0.0287404 -0.00503592 1.03396
40 2.18853 -0.50104 0.0576591 -1.57862 -0.051578 -0.0608243
41 1.29609 0 0 0.0769097 -0.0888449 0.691458
42 1.62202 -0.000713348 -0.000470161 -0.0221151 -0.00993775 1.58157
43 1.2224 0 0 0.00232326 0.00603765 1.0601
44 1.76707 -1.27612 0.0366421 -1.57709 -0.0287248 -0.0202618
45 1.55588 0 0 0.16606 -0.105065 0.755348
46 1.24273 0 0 0.000529102 -0.0856545 1.17607
47 0.784531 0 0 -0.00582043 0.0011155 1.06202
48 0 0 0 0 0 0
49 0.41397 -20.3715 -10.2379 0.00517634 -1.04461 0.139357
50 -0.49446 -2.33627 -0.838784 0 0 0
time 98
0 1.938 -1.56582 -7.2488 0 0 -0.814469
1 6.02794 0 0 0.162989 0.982278 0.767667
2 11.7344 0 0 -0.00140292 0 -1.99217
3 8.81138 -0.000450134 -0.000112534 0.552618 0 0.000158192
4 5.77839 0.000286102 0 0.370254 0 0.000108842
5 2.23163 -0.000328064 -0.000365257 0.182364 0 0
6 11.4725 0 0 0.523439 -0.221289 0.136962
7 0.615219 -0.99309 -0.810699 -3.07512 0.456349 -0.366698
8 2.24752 0 0 0.0761407 0.139583 -0.235958
9 1.11936 0 0 0.0153937 0.0741661 -0.756791
10 3.71348 -0.10264 0.102192 1.43507 1.16447 -0.0999776
11 1.72615 0 0 0.00961807 -0.000943672 -1.58463
12 1.21114 0 0 -0.00354693 0.0172759 -0.799967
13 3.59919 -1.06012 0.0708895 1.65414 0.797102 0.0958537
14 1.66069 0 0 -0.0724041 0.00725717 -1.5233
15 1.167 0 0 -0.0161866 0.00587229 -0.791292
16 2.18853 0.50104 0.0576601 1.57726 0.0540864 0.0878317
17 1.29609 0 0 0.0386934 -0.0263925 -1.16124
18 1.62202 0.000715256 -0.000471115 -0.000530054 0.000262103 -1.54451
19 1.22241 0 0 -0.0334012 0.0202409 -0.847976
20 1.76707 1.27612 0.0366411 1.57618 0.0980093 0.0532786
21 1.55588 0 0 -0.00090107 -0.0109828 -1.10911
22 1.24273 0 0 -0.00047798 -0.000362026 -1.32767
23 0.784523 0 0 0.00567597 -0.0104399 -0.609926
24 -1.93761 -1.56582 -7.2488 -0.000932534 0 -2.53187
25 6.02794 0 0 1.1768 1.06083 0.841775
26 11.7344 0 0 0.00140281 0 1.92674
27 8.81167 0 0 1.20067 0 0
28 5.77884 0 0 0.804449 0 0
29 2.23249 0 0 0.396221 0 0
30 11.4725 0 0 1.27237 -0.416541 -0.643925
31 0.615814 0.994371 -0.809164 -2.98312 0.433715 0.415061
32 2.24752 0 0 -0.296537 0.247332 0.30382
33 1.11936 0 0 -0.185004 0.243098 0.410905
34 3.71349 0.102639 0.102192 -1.39537 0.673019 0.082215
35 1.72615 0 0 -0.0245059 0.00557813 1.61267
36 1.21112 0 0 0.00692703 0.0162191 1.00111
37 3.5992 1.06012 0.0708885 -1.55931 0.30305 -0.0278892
38 1.66069 0 0 0.0731529 0.0266994 1.44437
39 1.16699 0 0 -0.0287405 -0.00503599 1.03396
40 2.18853 -0.50104 0.0576591 -1.57862 -0.0515781 -0.0608242
41 1.29609 0 0 0.0769098 -0.088845 0.691458
42 1.62202 -0.000711441 -0.000470161 -0.0221151 -0.00993784 1.58157
43 1.22241 0 0 0.0023234 0.00603778 1.0601
44 1.76707 -1.27612 0.0366411 -1.57709 -0.0287248 -0.0202617
45 1.55588 0 0 0.16606 -0.105065 0.755348
46 1.24273 0 0 0.000529016 -0.0856544 1.17607
47 0.784533 0 0 -0.00582042 0.00111553 1.06202
48 0 0 0 0 0 0
49 0.402422 -20.3663 -10.2398 0.00504047 -1.04545 0.13977
50 -0.49446 -2.33627 -0.838784 0 0 0
time 99
0 1.938 -1.56582 -7.2488 0 0 -0.814469
1 6.02794 0 0 0.171838 0.973497 0.762738
2 11.7344 0 0 -0.00140292 0 -1.99239
3 8.81138 -0.000450134 -0.00011158 0.547267 0 0.000158079
4 5.77839 0.000284195 0 0.366669 0 0.000108846
5 2.23163 -0.000329971 -0.000364304 0.180598 0 0
6 11.4725 0 0 0.51464 -0.236397 0.138806
7 0.61522 -0.99309 -0.8107 -3.07512 0.456349 -0.366698
8 2.24752 0 0 0.0761407 0.139583 -0.235958
9 1.11936 0 0 0.0153937 0.0741661 -0.756791
10 3.71348 -0.10264 0.102191 1.43507 1.16447 -0.0999773
11 1.72615 0 0 0.00961798 -0.000943756 -1.58463
12 1.21114 0 0 -0.00354689 0.017276 -0.799967
13 3.59919 -1.06012 0.0708885 1.65414 0.797101 0.0958535
14 1.66069 0 0 -0.0724041 0.00725702 -1.5233
15 1.167 0 0 -0.0161867 0.0058725 -0.791292
16 2.18852 0.50104 0.0576591 1.57726 0.0540863 0.0878314
17 1.29609 0 0 0.0386934 -0.0263925 -1.16124
18 1.62202 0.000712395 -0.000469208 -0.000529991 0.000262081 -1.54451
19 1.22241 0 0 -0.0334011 0.0202408 -0.847976
20 1.76707 1.27612 0.0366411 1.57618 0.0980091 0.0532787
21 1.55588 0 0 -0.000901152 -0.0109828 -1.10911
22 1.24273 0 0 -0.00047793 -0.000362138 -1.32767
23 0.784522 0 0 0.00567606 -0.0104397 -0.609926
24 -1.93761 -1.56582 -7.2488 -0.000932534 0 -2.53187
25 6.02794 0 0 1.17182 1.0615 0.834972
26 11.7344 0 0 0.00140264 0 1.93033
27 8.81167 0 0 1.19812 0 0
28 5.77884 0 0 0.802739 0 0
29 2.23249 0 0 0.395379 0 0
30 11.4725 0 0 1.27099 -0.415264 -0.645889
31 0.615812 0.994372 -0.809166 -2.98312 0.433715 0.415062
32 2.24752 0 0 -0.296537 0.247332 0.30382
33 1.11936 0 0 -0.185004 0.243098 0.410905
34 3.71348 0.102639 0.10219 -1.39537 0.673019 0.0822149
35 1.72615 0 0 -0.0245059 0.00557817 1.61267
36 1.21112 0 0 0.00692692 0.016219 1.00111
37 3.5992 1.06012 0.0708866 -1.55931 0.30305 -0.0278894
38 1.66069 0 0 0.073153 0.0266991 1.44437
39 1.16699 0 0 -0.0287403 -0.00503588 1.03396
40 2.18853 -0.50104 0.0576591 -1.57862 -0.0515781 -0.0608243
41 1.29609 0 0 0.07691 -0.088845 0.691458
42 1.62202 -0.000711441 -0.000469923 -0.0221149 -0.00993772 1.58157
43 1.2224 0 0 0.00232342 0.0060378 1.0601
44 1.76707 -1.27612 0.0366402 -1.57709 -0.0287249 -0.0202618
45 1.55588 0 0 0.16606 -0.105065 0.755348
46 1.24273 0 0 0.000529162 -0.0856544 1.17607
47 0.784531 0 0 -0.00582046 0.00111557 1.06202
48 0 0 0 0 0 0
49 0.357623 -20.3464 -10.2471 0.0056191 -1.04188 0.138012
50 -0.49446 -2.33627 -0.838784 0 0 0
time 100
0 1.938 -1.56582 -7.2488 0 0 -0.814469
1 6.02794 0 0 0.186917 0.95962 0.756338
2 11.7344 0 0 -0.00140288 0 -1.9915
3 8.81138 -0.000450134 -0.000112534 0.537454 0 0.000157851
4 5.77839 0.000286102 0 0.360094 0 0.000108542
5 2.23163 -0.000328064 -0.000364304 0.17736 0 0
6 11.4725 0 0 0.499364 -0.260192 0.139474
7 0.61522 -0.993092 -0.810701 -3.07512 0.456349 -0.366698
8 2.24752 0 0 0.0761407 0.139583 -0.235958
9 1.11936 0 0 0.0153936 0.0741661 -0.756791
10 3.71348 -0.102642 0.10219 1.43507 1.16447 -0.0999778
11 1.72615 0 0 0.00961817 -0.000943732 -1.58463
12 1.21114 0 0 -0.00354696 0.017276 -0.799967
13 3.59919 -1.06012 0.0708876 1.65414 0.797102 0.0958532
14 1.66068 0 0 -0.0724042 0.00725722 -1.5233
15 1.167 0 0 -0.0161867 0.00587246 -0.791292
16 2.18852 0.501038 0.0576582 1.57726 0.0540865 0.0878314
17 1.29609 0 0 0.0386934 -0.0263924 -1.16124
18 1.62202 0.000713348 -0.000469208 -0.000529781 0.000262036 -1.54451
19 1.22241 0 0 -0.0334014 0.0202409 -0.847976
20 1.76707 1.27612 0.0366402 1.57618 0.0980091 0.0532788
21 1.55587 0 0 -0.000901037 -0.0109829 -1.10911
22 1.24273 0 0 -0.000478051 -0.000362081 -1.32767
23 0.784524 0 0 0.00567605 -0.0104398 -0.609926
24 -1.93761 -1.56582 -7.2488 -0.000932534 0 -2.53187
25 6.02794 0 0 1.16713 1.06269 0.826976
26 11.7344 0 0 0.00140267 0 1.93622
27 8.81167 0 0 1.18993 0 0
28 5.77884 0 0 0.797256 0 0
29 2.23249 0 0 0.392678 0 0
30 11.4725 0 0 1.26565 -0.413067 -0.648677
31 0.615811 0.994372 -0.809165 -2.98312 0.433716 0.415062
32 2.24752 0 0 -0.296537 0.247332 0.30382
33 1.11936 0 0 -0.185004 0.243098 0.410904
34 3.71349 0.102638 0.102191 -1.39537 0.673019 0.082215
35 1.72615 0 0 -0.0245059 0.00557811 1.61267
36 1.21112 0 0 0.00692699 0.0162189 1.00111
37 3.5992 1.06012 0.0708885 -1.55931 0.30305 -0.0278893
38 1.66069 0 0 0.0731529 0.0266992 1.44437
39 1.16699 0 0 -0.0287403 -0.00503582 1.03396
40 2.18853 -0.50104 0.0576601 -1.57862 -0.0515781 -0.0608242
41 1.29609 0 0 0.0769098 -0.0888449 0.691458
42 1.62202 -0.000711441 -0.000470161 -0.022115 -0.00993773 1.58157
43 1.22241 0 0 0.00232333 0.00603778 1.0601
44 1.76707 -1.27612 0.0366421 -1.57709 -0.0287247 -0.0202617
45 1.55587 0 0 0.16606 -0.105065 0.755348
46 1.24273 0 0 0.000529068 -0.0856545 1.17607
47 0.784531 0 0 -0.00582051 0.00111549 1.06202
48 0 0 0 0 0 0
49 0.287039 -20.3149 -10.2588 0.00676118 -1.03484 0.134544
50 -0.49446 -2.33627 -0.838784 0 0 0
time 101
0 1.938 -1.56582 -7.2488 0 0 -0.814469
1 6.02794 0 0 0.205427 0.942197 0.747336
2 11.7344 0 0 -0.00140298 0 -1.9891
3 8.81138 -0.000448227 -0.000112534 0.524589 0 0.000158106
4 5.77839 0.00028801 0 0.351475 0 0.000108527
5 2.23163 -0.000328064 -0.00036335 0.173114 0 0
6 11.4725 0 0 0.479281 -0.290403 0.139577
7 0.615219 -0.993092 -0.810699 -3.07512 0.456349 -0.366698
8 2.24752 0 0 0.0761408 0.139583 -0.235958
9 1.11936 0 0 0.0153936 0.0741661 -0.756791
10 3.71348 -0.102642 0.102191 1.43507 1.16447 -0.0999773
11 1.72615 0 0 0.0096179 -0.00094384 -1.58463
12 1.21113 0 0 -0.00354696 0.0172759 -0.799967
13 3.59919 -1.06012 0.0708885 1.65414 0.797101 0.0958535
14 1.66069 0 0 -0.0724041 0.00725712 -1.5233
15 1.167 0 0 -0.0161867 0.00587238 -0.791292
16 2.18852 0.501038 0.0576601 1.57726 0.0540864 0.0878315
17 1.29609 0 0 0.0386934 -0.0263925 -1.16124
18 1.62202 0.000713348 -0.000473022 -0.000529781 0.000262036 -1.54451
19 1.22241 0 0 -0.0334012 0.0202409 -0.847975
20 1.76707 1.27612 0.0366411 1.57618 0.0980091 0.0532787
21 1.55588 0 0 -0.000900999 -0.0109827 -1.10911
22 1.24274 0 0 -0.000477954 -0.000362157 -1.32767
23 0.784523 0 0 0.00567587 -0.0104397 -0.609926
24 -1.93761 -1.56582 -7.2488 -0.000932534 0 -2.53187
25 6.02794 0 0 1.16263 1.06419 0.818149
26 11.7344 0 0 0.00140277 0 1.94371
27 8.81167 0 0 1.17759 0 0
28 5.77884 0 0 0.788983 0 0
29 2.23249 0 0 0.388603 0 0
30 11.4725 0 0 1.25742 -0.410217 -0.652087
31 0.615809 0.994372 -0.809165 -2.98312 0.433715 0.415061
32 2.24752 0 0 -0.296537 0.247332 0.30382
33 1.11936 0 0 -0.185004 0.243098 0.410905
34 3.71348 0.102639 0.102191 -1.39537 0.673019 0.0822148
35 1.72615 0 0 -0.0245059 0.00557818 1.61267
36 1.21112 0 0 0.00692684 0.016219 1.00111
37 3.5992 1.06012 0.0708876 -1.55931 0.30305 -0.0278893
38 1.66069 0 0 0.073153 0.0266992 1.44437
39 1.16699 0 0 -0.0287403 -0.0050358 1.03396
40 2.18853 -0.50104 0.0576582 -1.57862 -0.051578 -0.0608242
41 1.29609 0 0 0.0769098 -0.088845 0.691458
42 1.62202 -0.000713348 -0.000469685 -0.0221151 -0.00993772 1.58157
43 1.22241 0 0 0.00232342 0.00603781 1.0601
44 1.76707 -1.27612 0.0366402 -1.57709 -0.0287247 -0.0202617
45 1.55588 0 0 0.16606 -0.105065 0.755348
46 1.24273 0 0 0.00052902 -0.0856545 1.17607
47 0.784531 0 0 -0.00582028 0.00111564 1.06202
48 0 0 0 0 0 0
49 0.198137 -20.2753 -10.2734 0.00831585 -1.02526 0.129823
50 -0.49446 -2.33627 -0.838784 0 0 0
time 102
0 1.938 -1.56582 -7.2488 0 0 -0.814469
1 6.02794 0 0 0.225509 0.922746 0.735806
2 11.7344 0 0 -0.00140282 0 -1.98599
3 8.81138 -0.000450134 -0.000112534 0.510138 0 0.000158278
4 5.77839 0.00028801 0 0.341792 0 0.000108801
5 2.23163 -0.000329971 -0.000364304 0.168345 0 0
6 11.4725 0 0 0.456074 -0.324668 0.140282
7 0.61522 -0.993092 -0.810701 -3.07512 0.456349 -0.366698
8 2.24752 0 0 0.0761408 0.139583 -0.235958
9 1.11936 0 0 0.0153937 0.0741661 -0.756792
10 3.71348 -0.102642 0.10219 1.43507 1.16447 -0.0999765
11 1.72615 0 0 0.00961788 -0.00094378 -1.58463
12 1.21113 0 0 -0.00354711 0.0172759 -0.799967
13 3.59919 -1.06012 0.0708876 1.65414 0.797101 0.0958536
14 1.66068 0 0 -0.0724042 0.00725707 -1.5233
15 1.167 0 0 -0.0161868 0.0058725 -0.791292
16 2.18853 0.50104 0.0576591 1.57726 0.0540864 0.0878316
17 1.29609 0 0 0.0386934 -0.0263926 -1.16124
18 1.62202 0.000714302 -0.000471115 -0.000530059 0.000261766 -1.54451
19 1.22241 0 0 -0.0334013 0.0202408 -0.847976
20 1.76707 1.27612 0.0366402 1.57618 0.0980091 0.0532789
21 1.55587 0 0 -0.000901113 -0.0109827 -1.10911
22 1.24273 0 0 -0.000477964 -0.00036224 -1.32767
23 0.784522 0 0 0.00567586 -0.0104396 -0.609926
24 -1.93761 -1.56582 -7.2488 -0.000932534 0 -2.53187
25 6.02794 0 0 1.1583 1.06579 0.808886
26 11.7344 0 0 0.00140265 0 1.9521
27 8.81167 0 0 1.16253 0 0
28 5.77884 0 0 0.778894 0 0
29 2.23249 0 0 0.383634 0 0
30 11.4725 0 0 1.24738 -0.406984 -0.655914
31 0.615817 0.994372 -0.809165 -2.98312 0.433716 0.415061
32 2.24752 0 0 -0.296537 0.247332 0.30382
33 1.11936 0 0 -0.185004 0.243098 0.410904
34 3.71349 0.102639 0.102191 -1.39537 0.673019 0.0822147
35 1.72615 0 0 -0.0245059 0.0055781 1.61267
36 1.21112 0 0 0.00692704 0.016219 1.00111
37 3.5992 1.06012 0.0708876 -1.55931 0.30305 -0.0278894
38 1.66069 0 0 0.0731529 0.0266993 1.44437
39 1.16699 0 0 -0.0287405 -0.00503605 1.03396
40 2.18853 -0.50104 0.0576582 -1.57862 -0.051578 -0.0608244
41 1.29609 0 0 0.0769098 -0.0888449 0.691458
42 1.62202 -0.000713348 -0.000470161 -0.0221151 -0.00993782 1.58157
43 1.22241 0 0 0.00232339 0.00603775 1.0601
44 1.76707 -1.27612 0.0366411 -1.57709 -0.0287248 -0.0202618
45 1.55588 0 0 0.16606 -0.105065 0.755348
46 1.24273 0 0 0.000529098 -0.0856543 1.17607
47 0.784531 0 0 -0.00582039 0.00111558 1.06202
48 0 0 0 0 0 0
49 0.0983838 -20.2308 -10.2898 0.0101321 -1.01407 0.124307
50 -0.49446 -2.33627 -0.838784 0 0 0
time 103
0 1.938 -1.56582 -7.2488 0 0 -0.814469
1 6.02794 0 0 0.245444 0.902981 0.72251
2 11.7344 0 0 -0.00140286 0 -1.98242
3 8.81138 -0.000450134 -0.000112534 0.495413 0 0.000157958
4 5.77839 0.000286102 0 0.331927 0 0.000108387
5 2.23163 -0.000328064 -0.000366211 0.163486 0 0
6 11.4725 0 0 0.431599 -0.36016 0.141803
7 0.61522 -0.993092 -0.8107 -3.07512 0.456349 -0.366698
8 2.24752 0 0 0.0761407 0.139583 -0.235958
9 1.11936 0 0 0.0153937 0.0741661 -0.756791
10 3.71348 -0.102642 0.102191 1.43507 1.16447 -0.0999772
11 1.72615 0 0 0.00961784 -0.000943905 -1.58463
12 1.21113 0 0 -0.0035471 0.0172759 -0.799967
13 3.59919 -1.06012 0.0708885 1.65414 0.797101 0.0958535
14 1.66069 0 0 -0.0724044 0.00725734 -1.5233
15 1.167 0 0 -0.0161867 0.00587251 -0.791292
16 2.18853 0.50104 0.0576591 1.57726 0.0540864 0.0878313
17 1.29609 0 0 0.0386934 -0.0263924 -1.16124
18 1.62202 0.000714302 -0.000473022 -0.000529845 0.000261974 -1.54451
19 1.22241 0 0 -0.0334013 0.0202408 -0.847976
20 1.76707 1.27612 0.0366411 1.57618 0.0980092 0.0532786
21 1.55588 0 0 -0.000901202 -0.0109829 -1.10911
22 1.24274 0 0 -0.000478077 -0.00036195 -1.32767
23 0.784524 0 0 0.0056759 -0.0104397 -0.609926
24 -1.93761 -1.56582 -7.2488 -0.000932534 0 -2.53187
25 6.02794 0 0 1.15412 1.06735 0.799594
26 11.7344 0 0 0.00140275 0 1.96075
27 8.81167 0 0 1.14621 0 0
28 5.77884 0 0 0.767961 0 0
29 2.23249 0 0 0.378249 0 0
30 11.4725 0 0 1.23657 -0.40364 -0.659949
31 0.615812 0.994372 -0.809164 -2.98312 0.433715 0.415062
32 2.24752 0 0 -0.296537 0.247332 0.30382
33 1.11936 0 0 -0.185004 0.243098 0.410904
34 3.71349 0.102639 0.102192 -1.39537 0.673019 0.082215
35 1.72615 0 0 -0.024506 0.00557811 1.61267
36 1.21112 0 0 0.00692695 0.0162191 1.00111
37 3.5992 1.06012 0.0708885 -1.55931 0.30305 -0.0278893
38 1.66069 0 0 0.0731529 0.0266992 1.44437
39 1.16699 0 0 -0.0287405 -0.00503594 1.03396
40 2.18853 -0.50104 0.0576591 -1.57862 -0.0515781 -0.0608241
41 1.29609 0 0 0.0769098 -0.088845 0.691458
42 1.62202 -0.000715256 -0.000470161 -0.0221149 -0.00993785 1.58157
43 1.22241 0 0 0.0023234 0.00603778 1.0601
44 1.76707 -1.27612 0.0366421 -1.57709 -0.0287248 -0.0202616
45 1.55588 0 0 0.16606 -0.105065 0.755348
46 1.24273 0 0 0.000528993 -0.0856544 1.17607
47 0.784531 0 0 -0.00582049 0.00111552 1.06202
48 0 0 0 0 0 0
49 -0.00475422 -20.1848 -10.3068 0.0120591 -1.0022 0.118454
50 -0.49446 -2.33627 -0.838784 0 0 0
time 104
0 1.938 -1.56582 -7.2488 0 0 -0.814469
1 6.02794 0 0 0.263806 0.884477 0.70858
2 11.7344 0 0 -0.00140288 0 -1.97871
3 8.81138 -0.000448227 -0.000113487 0.48156 0 0.00015804
4 5.77839 0.000286102 0 0.322645 0 0.000108433
5 2.23163 -0.000329971 -0.000365257 0.158915 0 0
6 11.4725 0 0 0.407726 -0.394117 0.144075
7 0.615217 -0.993093 -0.810699 -3.07512 0.456349 -0.366698
8 2.24752 0 0 0.0761407 0.139583 -0.235958
9 1.11936 0 0 0.0153937 0.0741661 -0.756791
10 3.71348 -0.102642 0.102191 1.43507 1.16447 -0.0999765
11 1.72615 0 0 0.00961786 -0.0009438 -1.58463
12 1.21114 0 0 -0.00354698 0.0172758 -0.799967
13 3.59919 -1.06012 0.0708876 1.65414 0.797101 0.0958536
14 1.66069 0 0 -0.0724042 0.00725697 -1.5233
15 1.167 0 0 -0.0161868 0.00587256 -0.791292
16 2.18852 0.501038 0.0576591 1.57726 0.0540865 0.0878313
17 1.29609 0 0 0.0386934 -0.0263924 -1.16124
18 1.62202 0.000715256 -0.000471115 -0.000529868 0.000261869 -1.54451
19 1.22241 0 0 -0.0334013 0.0202408 -0.847976
20 1.76707 1.27612 0.0366411 1.57618 0.0980092 0.0532785
21 1.55588 0 0 -0.000901152 -0.0109828 -1.10911
22 1.24273 0 0 -0.000478004 -0.000362044 -1.32767
23 0.784524 0 0 0.00567588 -0.0104397 -0.609926
24 -1.93761 -1.56582 -7.2488 -0.000932534 0 -2.53187
25 6.02794 0 0 1.15011 1.06871 0.790707
26 11.7344 0 0 0.00140272 0 1.96901
27 8.81167 0 0 1.13011 0 0
28 5.77884 0 0 0.757175 0 0
29 2.23249 0 0 0.372937 0 0
30 11.4725 0 0 1.22599 -0.400462 -0.663945
31 0.615811 0.994372 -0.809164 -2.98312 0.433715 0.415061
32 2.24752 0 0 -0.296537 0.247332 0.30382
33 1.11936 0 0 -0.185004 0.243098 0.410905
34 3.71349 0.102639 0.102191 -1.39537 0.673019 0.082215
35 1.72615 0 0 -0.0245059 0.00557825 1.61267
36 1.21112 0 0 0.00692686 0.016219 1.00111
37 3.5992 1.06012 0.0708885 -1.55931 0.30305 -0.0278896
38 1.66069 0 0 0.0731529 0.0266993 1.44437
39 1.16699 0 0 -0.0287404 -0.00503591 1.03396
40 2.18853 -0.50104 0.0576591 -1.57862 -0.051578 -0.0608243
41 1.29609 0 0 0.0769097 -0.088845 0.691458
42 1.62202 -0.000711441 -0.000469446 -0.0221151 -0.00993774 1.58157
43 1.22241 0 0 0.00232339 0.00603775 1.0601
44 1.76707 -1.27612 0.0366402 -1.57709 -0.0287247 -0.0202618
45 1.55587 0 0 0.16606 -0.105065 0.755348
46 1.24273 0 0 0.000529046 -0.0856544 1.17607
47 0.784531 0 0 -0.0058204 0.00111555 1.06202
48 0 0 0 0 0 0
49 -0.103811 -20.1407 -10.3231 0.0139459 -0.99057 0.112724
50 -0.49446 -2.33627 -0.838784 0 0 0
time 105
0 1.938 -1.56582 -7.2488 0 0 -0.814469
1 6.02794 0 0 0.279414 0.868599 0.695421
2 11.7344 0 0 -0.00140294 0 -1.9752
3 8.81138 -0.000450134 -0.000112534 0.469558 0 0.000158217
4 5.77839 0.000284195 0 0.314604 0 0.000108379
5 2.23163 -0.000329971 -0.000364304 0.154954 0 0
6 11.4725 0 0 0.386342 -0.423917 0.146748
7 0.615219 -0.993092 -0.8107 -3.07512 0.456349 -0.366698
8 2.24752 0 0 0.0761407 0.139583 -0.235958
9 1.11936 0 0 0.0153937 0.074166 -0.756791
10 3.71348 -0.102642 0.102191 1.43507 1.16447 -0.099977
11 1.72615 0 0 0.00961771 -0.000943695 -1.58463
12 1.21114 0 0 -0.00354681 0.0172757 -0.799967
13 3.59919 -1.06012 0.0708876 1.65414 0.797102 0.0958535
14 1.66068 0 0 -0.0724043 0.00725712 -1.5233
15 1.167 0 0 -0.0161867 0.00587234 -0.791292
16 2.18852 0.501038 0.0576582 1.57726 0.0540866 0.0878313
17 1.29609 0 0 0.0386934 -0.0263923 -1.16124
18 1.62202 0.000714302 -0.000469208 -0.000529909 0.000261911 -1.54451
19 1.22241 0 0 -0.0334013 0.0202408 -0.847976
20 1.76707 1.27612 0.0366411 1.57618 0.0980093 0.0532784
21 1.55587 0 0 -0.000901214 -0.0109827 -1.10911
22 1.24273 0 0 -0.000478134 -0.000362071 -1.32766
23 0.784524 0 0 0.00567599 -0.0104398 -0.609926
24 -1.93761 -1.56582 -7.2488 -0.000932534 0 -2.53187
25 6.02794 0 0 1.14628 1.06975 0.782661
26 11.7344 0 0 0.00140273 0 1.97627
27 8.81167 0 0 1.11572 0 0
28 5.77884 0 0 0.747534 0 0
29 2.23249 0 0 0.368189 0 0
30 11.4725 0 0 1.21665 -0.397732 -0.667634
31 0.615814 0.994372 -0.809165 -2.98312 0.433715 0.415061
32 2.24752 0 0 -0.296537 0.247332 0.30382
33 1.11936 0 0 -0.185004 0.243098 0.410905
34 3.71349 0.102639 0.102191 -1.39537 0.673019 0.0822149
35 1.72615 0 0 -0.0245059 0.00557818 1.61267
36 1.21112 0 0 0.00692684 0.016219 1.00111
37 3.5992 1.06012 0.0708876 -1.55931 0.30305 -0.0278895
38 1.66069 0 0 0.0731529 0.0266993 1.44437
39 1.16699 0 0 -0.0287404 -0.005036 1.03396
40 2.18853 -0.50104 0.0576601 -1.57862 -0.0515781 -0.0608244
41 1.29609 0 0 0.0769098 -0.0888449 0.691458
42 1.62202 -0.000713348 -0.0004704 -0.0221149 -0.00993767 1.58157
43 1.2224 0 0 0.00232329 0.00603771 1.0601
44 1.76707 -1.27612 0.0366411 -1.57709 -0.0287248 -0.0202618
45 1.55587 0 0 0.16606 -0.105065 0.755348
46 1.24273 0 0 0.0005289 -0.0856545 1.17607
47 0.784531 0 0 -0.00582033 0.00111544 1.06202
48 0 0 0 0 0 0
49 -0.191319 -20.1017 -10.3375 0.0156414 -0.980121 0.107575
50 -0.49446 -2.33627 -0.838784 0 0 0
time 106
0 1.938 -1.56582 -7.2488 0 0 -0.814469
1 6.02794 0 0 0.291269 0.85649 0.68458
2 11.7344 0 0 -0.00140289 0 -1.97226
3 8.81138 -0.000448227 -0.00011158 0.46026 0 0.000158155
4 5.77839 0.00028801 0 0.308374 0 0.000108357
5 2.23163 -0.000328064 -0.000364304 0.151886 0 0
6 11.4725 0 0 0.369345 -0.447122 0.149262
7 0.615218 -0.993092 -0.810699 -3.07512 0.456349 -0.366698
8 2.24752 0 0 0.0761407 0.139583 -0.235958
9 1.11936 0 0 0.0153937 0.074166 -0.756791
10 3.71348 -0.102642 0.102191 1.43507 1.16447 -0.0999765
11 1.72615 0 0 0.00961805 -0.000943693 -1.58463
12 1.21114 0 0 -0.00354707 0.0172759 -0.799967
13 3.59919 -1.06012 0.0708876 1.65414 0.797101 0.0958536
14 1.66069 0 0 -0.0724042 0.00725713 -1.5233
15 1.167 0 0 -0.0161866 0.00587249 -0.791292
16 2.18852 0.501038 0.0576591 1.57726 0.0540865 0.0878314
17 1.29609 0 0 0.0386934 -0.0263925 -1.16124
18 1.62202 0.000714302 -0.000471115 -0.000529782 0.000261952 -1.54451
19 1.22241 0 0 -0.0334014 0.0202409 -0.847976
20 1.76707 1.27612 0.0366421 1.57618 0.098009 0.0532787
21 1.55587 0 0 -0.000901101 -0.0109828 -1.10911
22 1.24274 0 0 -0.000478124 -0.000361987 -1.32767
23 0.784522 0 0 0.00567607 -0.0104397 -0.609926
24 -1.93761 -1.56582 -7.2488 -0.000932534 0 -2.53187
25 6.02794 0 0 1.14268 1.07036 0.775903
26 11.7344 0 0 0.00140266 0 1.98193
27 8.81167 0 0 1.10455 0 0
28 5.77884 0 0 0.740051 0 0
29 2.23249 0 0 0.364503 0 0
30 11.4725 0 0 1.20951 -0.395733 -0.670729
31 0.615813 0.994372 -0.809164 -2.98312 0.433715 0.415061
32 2.24752 0 0 -0.296537 0.247332 0.30382
33 1.11936 0 0 -0.185004 0.243098 0.410904
34 3.71349 0.102639 0.102192 -1.39537 0.673019 0.0822145
35 1.72615 0 0 -0.024506 0.00557815 1.61267
36 1.21112 0 0 0.00692691 0.0162191 1.00111
37 3.5992 1.06012 0.0708885 -1.55931 0.30305 -0.0278896
38 1.66069 0 0 0.0731528 0.0266992 1.44437
39 1.16699 0 0 -0.0287405 -0.00503593 1.03396
40 2.18853 -0.50104 0.0576601 -1.57862 -0.051578 -0.0608244
41 1.29609 0 0 0.0769098 -0.0888449 0.691458
42 1.62202 -0.000711441 -0.000469685 -0.0221151 -0.00993787 1.58157
43 1.2224 0 0 0.00232331 0.00603786 1.0601
44 1.76707 -1.27612 0.0366421 -1.57709 -0.0287248 -0.020262
45 1.55588 0 0 0.16606 -0.105065 0.755348
46 1.24273 0 0 0.00052902 -0.0856544 1.17607
47 0.784531 0 0 -0.00582051 0.00111549 1.06202
48 0 0 0 0 0 0
49 -0.259812 -20.0712 -10.3488 0.0169948 -0.971781 0.103465
50 -0.49446 -2.33627 -0.838784 0 0 0
time 107
0 1.938 -1.56582 -7.2488 0 0 -0.814469
1 6.02794 0 0 0.298439 0.849151 0.677627
2 11.7344 0 0 -0.00140287 0 -1.97031
3 8.81138 -0.000450134 -0.00011158 0.454459 0 0.000158259
4 5.77839 0.000284195 0 0.304487 0 0.000108414
5 2.23163 -0.000329971 -0.000364304 0.149971 0 0
6 11.4725 0 0 0.358642 -0.461422 0.150946
7 0.61522 -0.993092 -0.8107 -3.07512 0.456349 -0.366698
8 2.24752 0 0 0.0761408 0.139583 -0.235958
9 1.11936 0 0 0.0153937 0.0741661 -0.756791
10 3.71348 -0.10264 0.10219 1.43507 1.16447 -0.0999773
11 1.72615 0 0 0.00961798 -0.000943757 -1.58463
12 1.21113 0 0 -0.003547 0.0172759 -0.799967
13 3.59919 -1.06012 0.0708876 1.65414 0.797101 0.0958535
14 1.66068 0 0 -0.0724041 0.00725713 -1.5233
15 1.167 0 0 -0.0161866 0.00587229 -0.791292
16 2.18852 0.501038 0.0576582 1.57726 0.0540864 0.0878314
17 1.29609 0 0 0.0386935 -0.0263927 -1.16124
18 1.62202 0.000714302 -0.000471115 -0.000529801 0.000262099 -1.54451
19 1.22241 0 0 -0.0334012 0.020241 -0.847976
20 1.76707 1.27612 0.0366411 1.57618 0.0980091 0.0532785
21 1.55588 0 0 -0.00090105 -0.0109828 -1.10911
22 1.24274 0 0 -0.000477967 -0.000362091 -1.32767
23 0.784523 0 0 0.00567604 -0.0104397 -0.609926
24 -1.93761 -1.56582 -7.2488 -0.000932534 0 -2.53187
25 6.02794 0 0 1.13934 1.07047 0.770883
26 11.7344 0 0 0.00140264 0 1.98542
27 8.81167 0 0 1.09812 0 0
28 5.77884 0 0 0.735739 0 0
29 2.23249 0 0 0.362379 0 0
30 11.4725 0 0 1.20555 -0.394746 -0.672929
31 0.615812 0.994371 -0.809166 -2.98312 0.433716 0.415061
32 2.24752 0 0 -0.296537 0.247332 0.30382
33 1.11936 0 0 -0.185004 0.243098 0.410905
34 3.71348 0.102638 0.10219 -1.39537 0.673019 0.0822148
35 1.72615 0 0 -0.0245058 0.00557814 1.61267
36 1.21112 0 0 0.00692698 0.0162191 1.00111
37 3.5992 1.06012 0.0708885 -1.55931 0.30305 -0.0278895
38 1.66069 0 0 0.0731529 0.0266992 1.44437
39 1.16699 0 0 -0.0287404 -0.00503595 1.03396
40 2.18853 -0.50104 0.0576591 -1.57862 -0.051578 -0.0608243
41 1.29609 0 0 0.0769099 -0.0888451 0.691458
42 1.62202 -0.000715256 -0.0004704 -0.022115 -0.0099376 1.58157
43 1.22241 0 0 0.00232322 0.00603771 1.0601
44 1.76707 -1.27612 0.0366402 -1.57709 -0.0287248 -0.0202618
45 1.55587 0 0 0.16606 -0.105065 0.755348
46 1.24273 0 0 0.000529165 -0.0856545 1.17607
47 0.784531 0 0 -0.00582039 0.00111558 1.06202
48 0 0 0 0 0 0
49 -0.301824 -20.0524 -10.3557 0.0178552 -0.966479 0.100852
50 -0.49446 -2.33627 -0.838784 0 0 0
time 108
0 1.938 -1.56582 -7.2488 0 0 -0.814469
1 6.02794 0 0 0.301879 0.845624 0.674167
2 11.7344 0 0 -0.00140297 0 -1.96929
3 8.81138 -0.000450134 -0.00011158 0.45157 0 0.000157807
4 5.77839 0.000284195 0 0.302552 0 0.000108074
5 2.23163 -0.000331879 -0.00036335 0.149018 0 0
6 11.4725 0 0 0.353342 -0.468369 0.151769
7 0.615219 -0.99309 -0.8107 -3.07512 0.456349 -0.366698
8 2.24752 0 0 0.0761407 0.139583 -0.235958
9 1.11936 0 0 0.0153937 0.0741661 -0.756791
10 3.71348 -0.102642 0.102191 1.43507 1.16447 -0.0999764
11 1.72615 0 0 0.00961792 -0.000943651 -1.58463
12 1.21114 0 0 -0.00354697 0.0172759 -0.799967
13 3.59919 -1.06012 0.0708876 1.65414 0.797101 0.0958536
14 1.66069 0 0 -0.072404 0.00725723 -1.5233
15 1.167 0 0 -0.0161866 0.00587243 -0.791292
16 2.18852 0.501041 0.0576591 1.57726 0.0540863 0.0878314
17 1.29609 0 0 0.0386935 -0.0263924 -1.16124
18 1.62202 0.000715256 -0.000473022 -0.00052972 0.000261846 -1.54451
19 1.22241 0 0 -0.0334013 0.0202409 -0.847975
20 1.76707 1.27612 0.0366402 1.57618 0.0980091 0.0532787
21 1.55588 0 0 -0.000901113 -0.0109827 -1.10911
22 1.24274 0 0 -0.000478064 -0.000362016 -1.32767
23 0.784522 0 0 0.00567598 -0.0104397 -0.609926
24 -1.93761 -1.56582 -7.2488 -0.000932534 0 -2.53187
25 6.02794 0 0 1.13631 1.07023 0.767342
26 11.7344 0 0 0.00140264 0 1.9871
27 8.81167 0 0 1.09577 0 0
28 5.77884 0 0 0.734164 0 0
29 2.23249 0 0 0.361603 0 0
30 11.4725 0 0 1.20429 -0.394549 -0.674315
31 0.615813 0.994372 -0.809165 -2.98312 0.433716 0.415061
32 2.24752 0 0 -0.296537 0.247332 0.30382
33 1.11936 0 0 -0.185004 0.243098 0.410905
34 3.71349 0.102639 0.102191 -1.39537 0.673019 0.0822148
35 1.72615 0 0 -0.0245058 0.00557815 1.61267
36 1.21112 0 0 0.00692678 0.0162191 1.00111
37 3.5992 1.06012 0.0708885 -1.55931 0.30305 -0.0278896
38 1.66069 0 0 0.0731529 0.0266993 1.44437
39 1.16699 0 0 -0.0287404 -0.00503599 1.03396
40 2.18854 -0.50104 0.0576591 -1.57862 -0.051578 -0.0608244
41 1.29609 0 0 0.0769097 -0.0888449 0.691458
42 1.62202 -0.000715256 -0.000470161 -0.0221151 -0.00993772 1.58157
43 1.22241 0 0 0.0023235 0.00603772 1.0601
44 1.76707 -1.27612 0.0366411 -1.57709 -0.0287248 -0.0202619
45 1.55588 0 0 0.16606 -0.105065 0.755348
46 1.24273 0 0 0.000529053 -0.0856545 1.17607
47 0.784529 0 0 -0.00582051 0.00111549 1.06202
48 0 0 0 0 0 0
49 -0.321946 -20.0435 -10.359 0.0182866 -0.963821 0.0995418
50 -0.49446 -2.33627 -0.838784 0 0 0
time 109
0 1.938 -1.56582 -7.2488 0 0 -0.814469
1 6.02794 0 0 0.303482 0.843982 0.672534
2 11.7344 0 0 -0.00140284 0 -1.9688
3 8.81138 -0.000448227 -0.000110626 0.450222 0 0.000157443
4 5.77839 0.000286102 0 0.301649 0 0.000107886
5 2.23163 -0.000328064 -0.000362396 0.148573 0 0
6 11.4725 0 0 0.350854 -0.471618 0.15217
7 0.615219 -0.993092 -0.810699 -3.07512 0.456349 -0.366698
8 2.24752 0 0 0.0761407 0.139583 -0.235958
9 1.11936 0 0 0.0153937 0.0741661 -0.756791
10 3.71348 -0.10264 0.102191 1.43507 1.16447 -0.0999772
11 1.72615 0 0 0.00961798 -0.000943672 -1.58463
12 1.21113 0 0 -0.00354698 0.017276 -0.799967
13 3.59919 -1.06012 0.0708876 1.65414 0.797101 0.0958536
14 1.66069 0 0 -0.072404 0.0072571 -1.5233
15 1.167 0 0 -0.0161868 0.00587261 -0.791292
16 2.18852 0.50104 0.0576591 1.57726 0.0540864 0.0878315
17 1.2961 0 0 0.0386935 -0.0263924 -1.16124
18 1.62202 0.000715256 -0.000471115 -0.000529738 0.000262078 -1.54451
19 1.22241 0 0 -0.0334013 0.0202408 -0.847976
20 1.76707 1.27612 0.0366411 1.57618 0.0980091 0.0532787
21 1.55588 0 0 -0.000901152 -0.0109828 -1.10911
22 1.24274 0 0 -0.000478098 -0.000362118 -1.32767
23 0.784524 0 0 0.00567595 -0.0104397 -0.609926
24 -1.93761 -1.56582 -7.2488 -0.000932534 0 -2.53187
25 6.02794 0 0 1.13361 1.06988 0.764651
26 11.7344 0 0 0.00140275 0 1.9879
27 8.81167 0 0 1.09549 0 0
28 5.77884 0 0 0.733975 0 0
29 2.23249 0 0 0.36151 0 0
30 11.4725 0 0 1.20437 -0.394674 -0.675225
31 0.615812 0.994372 -0.809164 -2.98312 0.433716 0.415061
32 2.24752 0 0 -0.296537 0.247332 0.30382
33 1.11936 0 0 -0.185004 0.243098 0.410905
34 3.71349 0.102639 0.102192 -1.39537 0.673019 0.0822146
35 1.72615 0 0 -0.024506 0.00557813 1.61267
36 1.21112 0 0 0.00692693 0.016219 1.00111
37 3.5992 1.06012 0.0708876 -1.55931 0.30305 -0.0278896
38 1.66069 0 0 0.0731528 0.0266994 1.44437
39 1.16699 0 0 -0.0287404 -0.0050359 1.03396
40 2.18853 -0.50104 0.0576591 -1.57862 -0.051578 -0.0608244
41 1.29609 0 0 0.0769098 -0.0888451 0.691458
42 1.62202 -0.000713348 -0.000470161 -0.0221149 -0.00993773 1.58157
43 1.2224 0 0 0.00232331 0.00603797 1.0601
44 1.76707 -1.27612 0.0366411 -1.57709 -0.0287247 -0.0202619
45 1.55587 0 0 0.16606 -0.105065 0.755348
46 1.24273 0 0 0.000528945 -0.0856545 1.17607
47 0.784531 0 0 -0.00582031 0.00111559 1.06202
48 0 0 0 0 0 0
49 -0.331391 -20.0393 -10.3606 0.0184891 -0.962573 0.0989268
50 -0.49446 -2.33627 -0.838784 0 0 0
time 110
0 1.938 -1.56582 -7.2488 0 0 -0.814469
1 6.02794 0 0 0.30369 0.843767 0.67232
2 11.7344 0 0 -0.0014028 0 -1.96874
3 8.81138 -0.000448227 -0.00011158 0.450046 0 0.000158143
4 5.77839 0.00028801 0 0.30153 0 0.000108316
5 2.23163 -0.000328064 -0.00036335 0.148515 0 0
6 11.4725 0 0 0.350529 -0.472042 0.152222
7 0.615219 -0.99309 -0.810699 -3.07512 0.456349 -0.366698
8 2.24752 0 0 0.0761407 0.139583 -0.235958
9 1.11936 0 0 0.0153937 0.0741661 -0.756791
10 3.71348 -0.10264 0.102191 1.43507 1.16447 -0.0999774
11 1.72615 0 0 0.00961796 -0.000943606 -1.58463
12 1.21114 0 0 -0.00354697 0.017276 -0.799967
13 3.59919 -1.06012 0.0708876 1.65414 0.797101 0.0958535
14 1.66068 0 0 -0.0724041 0.00725719 -1.5233
15 1.167 0 0 -0.0161867 0.00587247 -0.791292
16 2.18852 0.50104 0.0576591 1.57726 0.0540865 0.0878314
17 1.29609 0 0 0.0386933 -0.0263924 -1.16124
18 1.62202 0.000716209 -0.000469208 -0.000529825 0.00026191 -1.54451
19 1.22241 0 0 -0.0334012 0.0202407 -0.847975
20 1.76707 1.27612 0.0366402 1.57618 0.0980092 0.0532786
21 1.55587 0 0 -0.0009011 -0.0109828 -1.10911
22 1.24273 0 0 -0.000478027 -0.000362063 -1.32767
23 0.784523 0 0 0.00567594 -0.0104398 -0.609926
24 -1.93761 -1.56582 -7.2488 -0.000932534 0 -2.53187
25 6.02794 0 0 1.13129 1.06947 0.762704
26 11.7344 0 0 0.00140266 0 1.988
27 8.81167 0 0 1.09673 0 0
28 5.77884 0 0 0.734809 0 0
29 2.23249 0 0 0.361921 0 0
30 11.4725 0 0 1.20542 -0.395027 -0.675744
31 0.615813 0.994372 -0.809164 -2.98312 0.433715 0.415062
32 2.24752 0 0 -0.296537 0.247332 0.30382
33 1.11936 0 0 -0.185004 0.243098 0.410904
34 3.71348 0.102639 0.102192 -1.39537 0.673019 0.0822148
35 1.72615 0 0 -0.024506 0.00557816 1.61267
36 1.21112 0 0 0.0069269 0.016219 1.00111
37 3.5992 1.06012 0.0708885 -1.55931 0.30305 -0.0278894
38 1.66069 0 0 0.0731528 0.0266994 1.44437
39 1.16699 0 0 -0.0287403 -0.00503593 1.03396
40 2.18853 -0.50104 0.0576591 -1.57862 -0.0515781 -0.0608244
41 1.29609 0 0 0.0769098 -0.088845 0.691458
42 1.62201 -0.000713348 -0.000469685 -0.0221153 -0.00993787 1.58157
43 1.2224 0 0 0.00232353 0.00603777 1.0601
44 1.76707 -1.27612 0.0366421 -1.57709 -0.0287249 -0.0202617
45 1.55587 0 0 0.16606 -0.105065 0.755348
46 1.24273 0 0 0.000529098 -0.0856544 1.17607
47 0.784531 0 0 -0.00582036 0.00111551 1.06202
48 0 0 0 0 0 0
49 -0.332623 -20.0387 -10.3608 0.0185155 -0.96241 0.0988465
50 -0.49446 -2.33627 -0.838784 0 0 0
time 111
0 1.938 -1.56582 -7.2488 0 0 -0.814469
1 6.02794 0 0 0.302925 0.844552 0.673102
2 11.7344 0 0 -0.00140289 0 -1.96897
3 8.81138 -0.000450134 -0.000110626 0.45069 0 0.000158503
4 5.77839 0.000286102 0 0.301962 0 0.00010847
5 2.23163 -0.000328064 -0.00036335 0.148728 0 0
6 11.4725 0 0 0.35172 -0.470489 0.152029
7 0.615217 -0.99309 -0.8107 -3.07512 0.456349 -0.366698
8 2.24752 0 0 0.0761407 0.139583 -0.235958
9 1.11936 0 0 0.0153936 0.0741661 -0.756791
10 3.71348 -0.102638 0.10219 1.43507 1.16447 -0.0999779
11 1.72615 0 0 0.00961773 -0.000943674 -1.58463
12 1.21114 0 0 -0.0035469 0.0172759 -0.799967
13 3.59919 -1.06012 0.0708876 1.65414 0.797102 0.0958536
14 1.66069 0 0 -0.0724042 0.00725726 -1.5233
15 1.167 0 0 -0.0161866 0.00587236 -0.791292
16 2.18852 0.50104 0.0576582 1.57726 0.0540864 0.0878314
17 1.29609 0 0 0.0386935 -0.0263925 -1.16124
18 1.62202 0.000714302 -0.000473022 -0.000529801 0.0002621 -1.54451
19 1.22241 0 0 -0.0334014 0.020241 -0.847976
20 1.76707 1.27612 0.0366411 1.57618 0.0980091 0.0532785
21 1.55588 0 0 -0.000901132 -0.0109827 -1.10911
22 1.24274 0 0 -0.000478124 -0.000361987 -1.32767
23 0.784523 0 0 0.00567611 -0.0104398 -0.609926
24 -1.93761 -1.56582 -7.2488 -0.000932534 0 -2.53187
25 6.02794 0 0 1.12936 1.06905 0.761387
26 11.7344 0 0 0.00140266 0 1.98762
27 8.81167 0 0 1.09896 0 0
28 5.77884 0 0 0.736301 0 0
29 2.23249 0 0 0.362656 0 0
30 11.4725 0 0 1.20709 -0.395518 -0.675964
31 0.615812 0.994373 -0.809165 -2.98312 0.433715 0.415061
32 2.24752 0 0 -0.296537 0.247332 0.30382
33 1.11936 0 0 -0.185004 0.243098 0.410905
34 3.71349 0.102639 0.10219 -1.39537 0.673019 0.082215
35 1.72615 0 0 -0.0245059 0.00557824 1.61267
36 1.21112 0 0 0.0069268 0.016219 1.00111
37 3.5992 1.06012 0.0708885 -1.55931 0.30305 -0.0278895
38 1.66069 0 0 0.0731528 0.0266993 1.44437
39 1.16699 0 0 -0.0287405 -0.00503584 1.03396
40 2.18853 -0.50104 0.0576591 -1.57862 -0.051578 -0.0608244
41 1.29609 0 0 0.0769098 -0.088845 0.691458
42 1.62202 -0.000711441 -0.000469923 -0.0221151 -0.00993775 1.58157
43 1.22241 0 0 0.00232322 0.00603771 1.0601
44 1.76707 -1.27612 0.0366421 -1.57709 -0.0287249 -0.0202618
45 1.55588 0 0 0.16606 -0.105065 0.755348
46 1.24273 0 0 0.000529255 -0.0856543 1.17607
47 0.784531 0 0 -0.00582054 0.00111555 1.06202
48 0 0 0 0 0 0
49 -0.328106 -20.0407 -10.36 0.0184187 -0.963007 0.0991407
50 -0.49446 -2.33627 -0.838784 0 0 0
time 112
0 1.938 -1.56582 -7.2488 0 0 -0.814469
1 6.02794 0 0 0.301599 0.845911 0.674451
2 11.7344 0 0 -0.00140299 0 -1.96937
3 8.81138 -0.000448227 -0.000112534 0.451805 0 0.000157926
4 5.77839 0.000286102 0 0.30271 0 0.000108149
5 2.23163 -0.000329971 -0.00036335 0.149096 0 0
6 11.4725 0 0 0.353776 -0.467802 0.151701
7 0.615218 -0.993092 -0.8107 -3.07512 0.456349 -0.366698
8 2.24752 0 0 0.0761407 0.139583 -0.235958
9 1.11936 0 0 0.0153936 0.0741661 -0.756791
10 3.71348 -0.102642 0.102192 1.43507 1.16447 -0.099976
11 1.72615 0 0 0.00961784 -0.000943904 -1.58463
12 1.21114 0 0 -0.003547 0.017276 -0.799967
13 3.59919 -1.06012 0.0708885 1.65414 0.797101 0.0958534
14 1.66069 0 0 -0.0724041 0.00725734 -1.5233
15 1.167 0 0 -0.0161867 0.00587254 -0.791292
16 2.18852 0.501038 0.0576591 1.57726 0.0540864 0.0878314
17 1.29609 0 0 0.0386934 -0.0263927 -1.16124
18 1.62202 0.000713348 -0.000471115 -0.000530053 0.000262187 -1.54451
19 1.22241 0 0 -0.0334011 0.0202408 -0.847975
20 1.76707 1.27612 0.0366411 1.57618 0.0980092 0.0532785
21 1.55588 0 0 -0.000901038 -0.0109829 -1.10911
22 1.24273 0 0 -0.00047792 -0.000362054 -1.32767
23 0.784522 0 0 0.0056759 -0.0104396 -0.609926
24 -1.93761 -1.56582 -7.2488 -0.000932534 0 -2.53187
25 6.02794 0 0 1.12784 1.06866 0.760581
26 11.7344 0 0 0.0014026 0 1.98697
27 8.81167 0 0 1.10162 0 0
28 5.77884 0 0 0.738087 0 0
29 2.23249 0 0 0.363535 0 0
30 11.4725 0 0 1.20901 -0.396054 -0.675977
31 0.615813 0.994372 -0.809166 -2.98312 0.433715 0.415061
32 2.24752 0 0 -0.296537 0.247332 0.30382
33 1.11936 0 0 -0.185004 0.243098 0.410905
34 3.71349 0.102639 0.10219 -1.39537 0.673019 0.0822147
35 1.72615 0 0 -0.0245059 0.00557816 1.61267
36 1.21112 0 0 0.00692685 0.016219 1.00111
37 3.5992 1.06012 0.0708876 -1.55931 0.30305 -0.0278893
38 1.66069 0 0 0.0731529 0.0266992 1.44437
39 1.16699 0 0 -0.0287404 -0.00503586 1.03396
40 2.18853 -0.50104 0.0576591 -1.57862 -0.0515781 -0.0608242
41 1.29609 0 0 0.0769099 -0.088845 0.691458
42 1.62202 -0.000713348 -0.000469446 -0.0221151 -0.00993767 1.58157
43 1.2224 0 0 0.00232324 0.00603774 1.0601
44 1.76707 -1.27612 0.0366402 -1.57709 -0.0287247 -0.0202616
45 1.55588 0 0 0.16606 -0.105065 0.755348
46 1.24273 0 0 0.000529057 -0.0856545 1.17607
47 0.784533 0 0 -0.00582025 0.00111557 1.06202
48 0 0 0 0 0 0
49 -0.320303 -20.0442 -10.3587 0.0182514 -0.964038 0.0996487
50 -0.49446 -2.33627 -0.838784 0 0 0
time 113
0 1.938 -1.56582 -7.2488 0 0 -0.814469
1 6.02794 0 0 0.300128 0.847419 0.675936
2 11.7344 0 0 -0.00140278 0 -1.96981
3 8.81138 -0.000450134 -0.000113487 0.453041 0 0.000158129
4 5.77839 0.000284195 0 0.303538 0 0.000108363
5 2.23163 -0.000331879 -0.000364304 0.149504 0 0
6 11.4725 0 0 0.356046 -0.464828 0.151345
7 0.61522 -0.993092 -0.810699 -3.07512 0.456349 -0.366698
8 2.24752 0 0 0.0761407 0.139583 -0.235958
9 1.11936 0 0 0.0153936 0.0741661 -0.756791
10 3.71348 -0.102642 0.102192 1.43507 1.16447 -0.0999777
11 1.72615 0 0 0.00961801 -0.000943904 -1.58463
12 1.21114 0 0 -0.00354682 0.0172758 -0.799967
13 3.59919 -1.06012 0.0708885 1.65414 0.797101 0.0958534
14 1.66069 0 0 -0.0724039 0.00725711 -1.5233
15 1.167 0 0 -0.0161868 0.00587254 -0.791292
16 2.18853 0.50104 0.0576601 1.57726 0.0540863 0.0878315
17 1.29609 0 0 0.0386934 -0.0263925 -1.16124
18 1.62202 0.000714302 -0.000471115 -0.000529908 0.000261996 -1.54451
19 1.22241 0 0 -0.0334013 0.0202409 -0.847976
20 1.76707 1.27612 0.036643 1.57618 0.0980092 0.0532788
21 1.55588 0 0 -0.000901038 -0.0109829 -1.10911
22 1.24273 0 0 -0.000478098 -0.000362118 -1.32767
23 0.784523 0 0 0.00567592 -0.0104396 -0.609926
24 -1.93761 -1.56582 -7.2488 -0.000932534 0 -2.53187
25 6.02794 0 0 1.12674 1.06833 0.760163
26 11.7344 0 0 0.00140264 0 1.98624
27 8.81167 0 0 1.10419 0 0
28 5.77884 0 0 0.739806 0 0
29 2.23249 0 0 0.364382 0 0
30 11.4725 0 0 1.21083 -0.396547 -0.675872
31 0.615813 0.994372 -0.809164 -2.98312 0.433715 0.415061
32 2.24752 0 0 -0.296537 0.247332 0.30382
33 1.11936 0 0 -0.185004 0.243098 0.410905
34 3.71348 0.102639 0.102192 -1.39537 0.673019 0.0822148
35 1.72615 0 0 -0.0245059 0.00557818 1.61267
36 1.21112 0 0 0.00692697 0.016219 1.00111
37 3.5992 1.06012 0.0708885 -1.55931 0.30305 -0.0278893
38 1.66069 0 0 0.073153 0.0266994 1.44437
39 1.16699 0 0 -0.0287403 -0.00503596 1.03396
40 2.18853 -0.50104 0.0576591 -1.57862 -0.051578 -0.0608244
41 1.29609 0 0 0.0769097 -0.0888449 0.691458
42 1.62202 -0.000713348 -0.000469685 -0.022115 -0.00993778 1.58157
43 1.22241 0 0 0.00232353 0.00603777 1.0601
44 1.76707 -1.27612 0.0366411 -1.57709 -0.0287247 -0.0202618
45 1.55588 0 0 0.16606 -0.105065 0.755348
46 1.24273 0 0 0.000529027 -0.0856545 1.17607
47 0.784533 0 0 -0.00582026 0.00111568 1.06202
48 0 0 0 0 0 0
49 -0.311679 -20.048 -10.3573 0.0180665 -0.965177 0.10021
50 -0.49446 -2.33627 -0.838784 0 0 0
time 114
0 1.938 -1.56582 -7.2488 0 0 -0.814469
1 6.02794 0 0 0.298933 0.848645 0.677135
2 11.7344 0 0 -0.00140283 0 -1.97016
3 8.81138 -0.000450134 -0.000112534 0.454045 0 0.000158147
4 5.77839 0.000286102 0 0.30421 0 0.000108331
5 2.23163 -0.000328064 -0.000364304 0.149835 0 0
6 11.4725 0 0 0.357885 -0.462417 0.151062
7 0.61522 -0.993092 -0.810699 -3.07512 0.456349 -0.366698
8 2.24752 0 0 0.0761407 0.139583 -0.235958
9 1.11936 0 0 0.0153937 0.074166 -0.756791
10 3.71348 -0.102642 0.10219 1.43507 1.16447 -0.0999773
11 1.72615 0 0 0.00961779 -0.000943783 -1.58463
12 1.21114 0 0 -0.00354697 0.0172759 -0.799967
13 3.59919 -1.06012 0.0708885 1.65414 0.797101 0.0958534
14 1.66068 0 0 -0.0724043 0.00725713 -1.5233
15 1.167 0 0 -0.0161867 0.00587234 -0.791292
16 2.18852 0.50104 0.0576582 1.57726 0.0540865 0.0878313
17 1.29609 0 0 0.0386934 -0.0263924 -1.16124
18 1.62202 0.000716209 -0.000471115 -0.00053012 0.000261872 -1.54451
19 1.22241 0 0 -0.0334013 0.0202408 -0.847976
20 1.76707 1.27612 0.0366402 1.57618 0.0980091 0.0532787
21 1.55588 0 0 -0.000901132 -0.0109827 -1.10911
22 1.24273 0 0 -0.000478084 -0.000362183 -1.32767
23 0.784522 0 0 0.0056759 -0.0104397 -0.609926
24 -1.93761 -1.56582 -7.2488 -0.000932534 0 -2.53187
25 6.02794 0 0 1.12608 1.0681 0.760005
26 11.7344 0 0 0.00140269 0 1.98566
27 8.81167 0 0 1.10612 0 0
28 5.77884 0 0 0.741101 0 0
29 2.23249 0 0 0.36502 0 0
30 11.4725 0 0 1.21218 -0.396909 -0.675743
31 0.615812 0.994372 -0.809165 -2.98312 0.433716 0.415061
32 2.24752 0 0 -0.296537 0.247332 0.30382
33 1.11936 0 0 -0.185003 0.243098 0.410905
34 3.71349 0.102639 0.102192 -1.39537 0.673019 0.0822148
35 1.72615 0 0 -0.024506 0.00557812 1.61267
36 1.21112 0 0 0.00692696 0.0162189 1.00111
37 3.5992 1.06012 0.0708885 -1.55931 0.30305 -0.0278896
38 1.66069 0 0 0.0731529 0.0266993 1.44437
39 1.16699 0 0 -0.0287405 -0.005036 1.03396
40 2.18853 -0.50104 0.0576591 -1.57862 -0.051578 -0.0608244
41 1.29609 0 0 0.0769099 -0.0888449 0.691458
42 1.62202 -0.000713348 -0.000469923 -0.0221151 -0.0099376 1.58157
43 1.2224 0 0 0.00232323 0.00603784 1.0601
44 1.76707 -1.27612 0.0366421 -1.57709 -0.0287247 -0.0202619
45 1.55587 0 0 0.16606 -0.105065 0.755348
46 1.24273 0 0 0.000529012 -0.0856544 1.17607
47 0.784531 0 0 -0.00582035 0.00111552 1.06202
48 0 0 0 0 0 0
49 -0.304698 -20.0512 -10.3562 0.0179168 -0.9661 0.100665
50 -0.49446 -2.33627 -0.838784 0 0 0
time 115
0 1.938 -1.56582 -7.2488 0 0 -0.814469
1 6.02794 0 0 0.298439 0.849151 0.677627
2 11.7344 0 0 -0.00140287 0 -1.97031
3 8.81138 -0.000450134 -0.00011158 0.454459 0 0.000158259
4 5.77839 0.000284195 0 0.304487 0 0.000108414
5 2.23163 -0.000329971 -0.000364304 0.149971 0 0
6 11.4725 0 0 0.358642 -0.461422 0.150946
7 0.61522 -0.993092 -0.8107 -3.07512 0.456349 -0.366698
8 2.24752 0 0 0.0761408 0.139583 -0.235958
9 1.11936 0 0 0.0153937 0.0741661 -0.756791
10 3.71348 -0.10264 0.10219 1.43507 1.16447 -0.0999773
11 1.72615 0 0 0.00961798 -0.000943757 -1.58463
12 1.21113 0 0 -0.003547 0.0172759 -0.799967
13 3.59919 -1.06012 0.0708876 1.65414 0.797101 0.0958535
14 1.66068 0 0 -0.0724041 0.00725713 -1.5233
15 1.167 0 0 -0.0161866 0.00587229 -0.791292
16 2.18852 0.501038 0.0576582 1.57726 0.0540864 0.0878314
17 1.29609 0 0 0.0386935 -0.0263927 -1.16124
18 1.62202 0.000714302 -0.000471115 -0.000529801 0.000262099 -1.54451
19 1.22241 0 0 -0.0334012 0.020241 -0.847976
20 1.76707 1.27612 0.0366411 1.57618 0.0980091 0.0532785
21 1.55588 0 0 -0.00090105 -0.0109828 -1.10911
22 1.24274 0 0 -0.000477967 -0.000362091 -1.32767
23 0.784523 0 0 0.00567604 -0.0104397 -0.609926
24 -1.93761 -1.56582 -7.2488 -0.000932534 0 -2.53187
25 6.02794 0 0 1.12586 1.06802 0.75998
26 11.7344 0 0 0.00140268 0 1.98542
27 8.81167 0 0 1.10688 0 0
28 5.77884 0 0 0.741612 0 0
29 2.23249 0 0 0.365272 0 0
30 11.4725 0 0 1.2127 -0.397049 -0.675679
31 0.615812 0.994372 -0.809165 -2.98312 0.433716 0.415061
32 2.24752 0 0 -0.296537 0.247332 0.30382
33 1.11936 0 0 -0.185004 0.243098 0.410904
34 3.71349 0.102638 0.102191 -1.39537 0.673019 0.0822148
35 1.72615 0 0 -0.0245059 0.00557807 1.61267
36 1.21112 0 0 0.00692684 0.0162191 1.00111
37 3.5992 1.06012 0.0708885 -1.55931 0.30305 -0.0278893
38 1.66069 0 0 0.0731529 0.0266993 1.44437
39 1.16699 0 0 -0.0287405 -0.00503587 1.03396
40 2.18853 -0.501041 0.0576591 -1.57862 -0.051578 -0.0608243
41 1.29609 0 0 0.0769097 -0.088845 0.691458
42 1.62202 -0.000711441 -0.000469923 -0.0221151 -0.00993775 1.58157
43 1.2224 0 0 0.00232343 0.00603783 1.0601
44 1.76707 -1.27612 0.0366402 -1.57709 -0.0287248 -0.0202616
45 1.55587 0 0 0.16606 -0.105065 0.755348
46 1.24273 0 0 0.000529154 -0.0856545 1.17607
47 0.784533 0 0 -0.00582039 0.00111558 1.06202
48 0 0 0 0 0 0
49 -0.301824 -20.0524 -10.3557 0.0178552 -0.966479 0.100852
50 -0.49446 -2.33627 -0.838784 0 0 0
end
