//Sequence File generated by the Wall Worm SMD Exporter PRO 1.99
//www.wallworm.com
version 1
nodes
0 "b_l_clav" -1
1 "b_l_upperarm" 0
2 "b_l_forearm" 1
3 "b_l_twist3" 2
4 "b_l_twist2" 2
5 "b_l_twist1" 2
6 "b_l_hand" 2
7 "b_l_thumb001" 6
8 "b_l_thumb002" 7
9 "b_l_thumb003" 8
10 "b_l_middle001" 6
11 "b_l_middle002" 10
12 "b_l_middle003" 11
13 "b_l_index001" 6
14 "b_l_index002" 13
15 "b_l_index003" 14
16 "b_l_hand_ringsqueezer" 6
17 "b_l_ring001" 16
18 "b_l_ring002" 17
19 "b_l_ring003" 18
20 "b_l_hand_pinkysqueezer" 6
21 "b_l_pinky001" 20
22 "b_l_pinky002" 21
23 "b_l_pinky003" 22
24 "b_r_clav" -1
25 "b_r_upperarm" 24
26 "b_r_forearm" 25
27 "b_r_twist3" 26
28 "b_r_twist2" 26
29 "b_r_twist1" 26
30 "b_r_hand" 26
31 "b_r_thumb001" 30
32 "b_r_thumb002" 31
33 "b_r_thumb003" 32
34 "b_r_middle001" 30
35 "b_r_middle002" 34
36 "b_r_middle003" 35
37 "b_r_index001" 30
38 "b_r_index002" 37
39 "b_r_index003" 38
40 "b_r_hand_ringsqueezer" 30
41 "b_r_ring001" 40
42 "b_r_ring002" 41
43 "b_r_ring003" 42
44 "b_r_hand_pinkysqueezer" 30
45 "b_r_pinky001" 44
46 "b_r_pinky002" 45
47 "b_r_pinky003" 46
48 "b_zero" -1
49 "d_clip" -1
50 "d_magfollower" 49
51 "d_boolet" 49
52 "d_gun" -1
53 "d_trig" 52
54 "d_slidelock" 52
55 "d_slide" 52
56 "d_ham" 52
57 "d_barrel" 52
58 "d_maglite" -1
end
skeleton
time 0
0 6.78963 4.11825 -5.6679 0.000934124 0 -1.53243
1 6.02795 0 0 -1.10536 0.365476 -0.419382
2 11.7344 0 0 -0.00140281 0 -0.678617
3 8.81139 -0.000449181 -0.000111341 -0.5853 0 0.000157946
4 5.77839 0.000287056 0 -0.392151 0 0.000103383
5 2.23164 -0.000328064 -0.000364542 -0.193149 0 0
6 11.4725 0 0 -0.766749 -0.413863 0.555192
7 0.615219 -0.993091 -0.8107 2.36302 0.0866628 -0.35738
8 2.24752 0 0 0.0605672 0.267265 -0.222262
9 1.11936 0 0 0.0749173 0.0546634 -0.249677
10 3.71348 -0.102641 0.102191 1.77126 0.869992 0.142171
11 1.72615 0 0 0.013477 -0.00733089 -0.811382
12 1.21114 0 0 0.00873811 0.015128 -0.772911
13 3.5992 -1.06012 0.070888 1.87281 0.766148 0.187134
14 1.66069 0 0 -0.0195999 0.0443892 -0.726687
15 1.167 0 0 0.00841045 -0.00839376 -0.438998
16 2.18852 0.50104 0.0576588 1.57366 -0.0281251 0.156362
17 1.29609 0 0 0.0785581 0.0270526 -1.07235
18 1.62202 0.000713348 -0.000471115 0.00740291 -0.0221109 -0.784237
19 1.22241 0 0 0.000237472 0.00593045 -0.707337
20 1.76707 1.27612 0.0366409 1.57458 0.205155 0.106808
21 1.55588 0 0 -0.0273742 0.0177044 -0.702262
22 1.24273 0 0 -0.000479209 0.000360491 -1.15419
23 0.784523 0 0 0.00636382 -0.00322814 -0.741041
24 -6.70653 7.12182 -4.00061 -0.000932693 0 -1.8749
25 6.02794 0 0 1.17417 0.471342 0.259099
26 11.7344 0 0 0.00140282 0 0.756263
27 8.81167 0 0 0.0753828 0 0
28 5.77884 0 0 0.0505064 0 0
29 2.23249 0 0 0.0248763 0 0
30 11.4725 0 0 0.136965 -0.424482 -0.163791
31 0.615816 0.994373 -0.809165 -2.83171 0.442997 0.480737
32 2.24752 0 0 -0.0453619 0.233136 0.363247
33 1.11936 0 0 -0.000328095 0.159957 0.657165
34 3.71349 0.10264 0.102191 -1.54675 0.834836 -0.400578
35 1.72615 0 0 -0.00689869 -0.00732658 1.09674
36 1.21112 0 0 0.0103137 0.0102 1.33017
37 3.5992 1.06012 0.0708886 -1.53662 0.394253 -0.182897
38 1.66069 0 0 0.00129288 0.0778541 0.239537
39 1.16699 0 0 0.0426518 0.021851 0.735105
40 2.18853 -0.501041 0.0576594 -1.5728 0.133573 -0.17288
41 1.29609 0 0 0.120501 0.0520644 0.782584
42 1.62202 -0.000713348 -0.000470161 0.0811908 -0.0245018 1.19712
43 1.22241 0 0 -0.0119317 -0.0059471 1.29801
44 1.76707 -1.27612 0.0366409 -1.48212 0.284875 -0.100851
45 1.55588 0 0 0.223724 0.08684 0.700865
46 1.24273 0 0 0.000478905 0.00036058 0.964696
47 0.784532 0 0 -0.0061863 0.000249575 0.884667
48 0 0 0 0 0 0
49 -5.90508 -23.5497 -6.07014 0 0 0
50 0 -0.7031 2.39715 0 0 0
51 -0.0145807 -0.456411 1.68256 -1.0472 0 0
52 -5.90508 -24.9106 -5.82486 0 0 0
53 0 -0.675066 1.41593 0 0 0
54 0 0.979376 2.33571 0.174533 0 0
55 0 -1.91969 2.85382 0 0 0
56 0 2.062 1.89702 -0.785398 0 0
57 0 -1.66928 2.60403 -0.0368113 0 0
58 6.98255 2.1009 -16.1176 0 0 0
time 1
0 6.78963 4.11825 -5.6679 0.000934124 0 -1.53243
1 6.02795 0 0 -1.0962 0.35996 -0.419131
2 11.7344 0 0 -0.00140286 0 -0.666967
3 8.81139 -0.000451088 -0.00011158 -0.611434 0 0.00015806
4 5.77839 0.000287056 0 -0.409661 0 0.000103538
5 2.23164 -0.000329018 -0.000363588 -0.201773 0 0
6 11.4725 0 0 -0.781517 -0.405372 0.544932
7 0.615217 -0.993091 -0.8107 2.39516 0.0950214 -0.358134
8 2.24752 0 0 0.0604472 0.244252 -0.223634
9 1.11936 0 0 0.0749331 0.0574146 -0.24947
10 3.71348 -0.102641 0.102191 1.76879 0.838962 0.139544
11 1.72615 0 0 0.0130348 -0.00748879 -0.780469
12 1.21114 0 0 0.00842709 0.0146483 -0.742006
13 3.59919 -1.06012 0.0708877 1.86825 0.739673 0.178703
14 1.66069 0 0 -0.0183153 0.0440877 -0.69927
15 1.167 0 0 0.00833286 -0.0088152 -0.411606
16 2.18853 0.50104 0.057659 1.57366 -0.0340942 0.156362
17 1.29609 0 0 0.0772185 0.030383 -1.04091
18 1.62202 0.000713348 -0.000471115 0.006707 -0.0217478 -0.750162
19 1.22241 0 0 0.000237485 0.00593041 -0.673268
20 1.76707 1.27612 0.0366412 1.57471 0.1936 0.112194
21 1.55588 0 0 -0.0267858 0.018302 -0.676355
22 1.24273 0 0 -0.000479202 0.00036058 -1.11664
23 0.784523 0 0 0.00636385 -0.00322821 -0.720221
24 -6.70653 7.12182 -4.00061 -0.000932693 0 -1.8749
25 6.02794 0 0 1.18082 0.465545 0.257019
26 11.7344 0 0 0.00140278 0 0.746531
27 8.81167 0 0 0.060742 0 0
28 5.77884 0 0 0.0406973 0 0
29 2.23249 0 0 0.0200448 0 0
30 11.4725 0 0 0.117203 -0.407243 -0.153382
31 0.615814 0.994371 -0.809165 -2.83251 0.443404 0.478996
32 2.24752 0 0 -0.0453621 0.233136 0.363247
33 1.11935 0 0 -0.00035019 0.159709 0.650118
34 3.71349 0.102638 0.10219 -1.54675 0.834836 -0.400578
35 1.72615 0 0 -0.0068987 -0.00732664 1.09674
36 1.21112 0 0 0.0103137 0.0102 1.33017
37 3.5992 1.06012 0.0708879 -1.53662 0.394253 -0.182897
38 1.66069 0 0 0.00129287 0.0778541 0.239537
39 1.16699 0 0 0.0426518 0.0218511 0.735105
40 2.18853 -0.501041 0.0576593 -1.5728 0.133573 -0.17288
41 1.29609 0 0 0.120501 0.0520645 0.782583
42 1.62201 -0.000713348 -0.000470161 0.0811907 -0.0245018 1.19712
43 1.22241 0 0 -0.0119317 -0.00594713 1.29801
44 1.76707 -1.27612 0.0366402 -1.48212 0.284875 -0.100851
45 1.55587 0 0 0.223724 0.0868401 0.700865
46 1.24273 0 0 0.000478935 0.000360556 0.964696
47 0.784532 0 0 -0.00618631 0.000249592 0.884667
48 0 0 0 0 0 0
49 -5.99719 -23.6065 -6.05099 0.00330573 0.0153958 0.0070275
50 0 -0.7031 2.39715 0 0 0
51 -0.0145807 -0.456413 1.68256 -1.0472 0 0
52 -5.98391 -24.9682 -5.81024 0.00330565 0.0153958 0.00702806
53 0 -0.675062 1.41593 0 0 0
54 0 0.979378 2.33571 0.174533 0 0
55 0 -1.91969 2.85382 0 0 0
56 0 2.062 1.89703 -0.785398 0 0
57 0 -1.66927 2.60403 -0.0368113 0 0
58 6.98255 2.1009 -16.1176 0 0 0
time 2
0 6.78963 4.11825 -5.6679 0.000934124 0 -1.53243
1 6.02795 0 0 -1.07085 0.34761 -0.416914
2 11.7344 0 0 -0.00140296 0 -0.641761
3 8.81139 -0.000450134 -0.00011158 -0.674605 0 0.000157504
4 5.77839 0.000286102 0 -0.451985 0 0.000102784
5 2.23164 -0.000329971 -0.00036335 -0.22262 0 0
6 11.4725 0 0 -0.818562 -0.381917 0.520164
7 0.615221 -0.993091 -0.8107 2.47711 0.116333 -0.360059
8 2.24752 0 0 0.0601412 0.185577 -0.22713
9 1.11936 0 0 0.0749734 0.0644293 -0.248941
10 3.71348 -0.102641 0.102191 1.76251 0.759846 0.132844
11 1.72615 0 0 0.0119072 -0.00789143 -0.701649
12 1.21114 0 0 0.00763404 0.0134255 -0.66321
13 3.59919 -1.06012 0.0708879 1.8566 0.672172 0.157206
14 1.66069 0 0 -0.0150399 0.0433187 -0.629367
15 1.167 0 0 0.00813506 -0.00988973 -0.341767
16 2.18852 0.50104 0.0576589 1.57366 -0.0493134 0.156362
17 1.29609 0 0 0.0738031 0.0388745 -0.960747
18 1.62202 0.000715256 -0.000471115 0.00493266 -0.0208219 -0.663285
19 1.22241 0 0 0.000237487 0.00593044 -0.586402
20 1.76707 1.27612 0.0366409 1.57503 0.164136 0.125927
21 1.55588 0 0 -0.025285 0.0198253 -0.610301
22 1.24273 0 0 -0.000479222 0.000360512 -1.02091
23 0.784523 0 0 0.00636385 -0.00322819 -0.667138
24 -6.70653 7.12182 -4.00061 -0.000932693 0 -1.8749
25 6.02794 0 0 1.19778 0.450363 0.251475
26 11.7344 0 0 0.00140269 0 0.721016
27 8.81167 0 0 0.0233574 0 0
28 5.77884 0 0 0.0156494 0 0
29 2.23249 0 0 0.00770806 0 0
30 11.4725 0 0 0.0670343 -0.363159 -0.126335
31 0.615814 0.994372 -0.809166 -2.83478 0.444567 0.474014
32 2.24752 0 0 -0.045363 0.233135 0.363243
33 1.11935 0 0 -0.000504524 0.158987 0.630287
34 3.71349 0.10264 0.102191 -1.54675 0.834836 -0.400578
35 1.72615 0 0 -0.00689872 -0.00732663 1.09674
36 1.21112 0 0 0.0103137 0.0102001 1.33017
37 3.5992 1.06012 0.070888 -1.53662 0.394253 -0.182897
38 1.66069 0 0 0.00129288 0.0778541 0.239537
39 1.16699 0 0 0.0426518 0.021851 0.735105
40 2.18853 -0.501041 0.057659 -1.5728 0.133573 -0.17288
41 1.29609 0 0 0.120501 0.0520645 0.782583
42 1.62201 -0.000711441 -0.000469685 0.0811908 -0.0245018 1.19712
43 1.22241 0 0 -0.0119317 -0.00594711 1.29801
44 1.76707 -1.27612 0.0366408 -1.48212 0.284875 -0.100851
45 1.55587 0 0 0.223724 0.0868401 0.700865
46 1.24273 0 0 0.000478915 0.000360559 0.964696
47 0.784531 0 0 -0.00618632 0.000249609 0.884667
48 0 0 0 0 0 0
49 -6.23867 -23.7461 -5.99946 0.0106909 0.0549963 0.0251728
50 0 -0.7031 2.39715 0 0 0
51 -0.0145807 -0.456413 1.68256 -1.0472 0 0
52 -6.19168 -25.1088 -5.76909 0.0106908 0.0549964 0.0251733
53 0 -0.675064 1.41593 0 0 0
54 0 0.979378 2.33571 0.174533 0 0
55 0 -1.91969 2.85382 0 0 0
56 0 2.062 1.89703 -0.785398 0 0
57 0 -1.66928 2.60403 -0.0368113 0 0
58 6.98255 2.1009 -16.1176 0 0 0
time 3
0 6.78963 4.11825 -5.6679 0.000934124 0 -1.53243
1 6.02795 0 0 -1.03275 0.335122 -0.410245
2 11.7344 0 0 -0.00140278 0 -0.618706
3 8.81139 -0.000449181 -0.000112534 -0.751791 0 0.000158108
4 5.77839 0.000286102 0 -0.5037 0 0.000102956
5 2.23164 -0.000329018 -0.000364304 -0.248091 0 0
6 11.4725 0 0 -0.866781 -0.346924 0.489867
7 0.615219 -0.993091 -0.8107 2.58716 0.144952 -0.362644
8 2.24752 0 0 0.0597303 0.106785 -0.231825
9 1.11936 0 0 0.0750275 0.0738488 -0.248231
10 3.71348 -0.102641 0.102191 1.75406 0.653604 0.123847
11 1.72615 0 0 0.010393 -0.00843214 -0.595806
12 1.21114 0 0 0.00656909 0.0117834 -0.557397
13 3.59919 -1.06012 0.0708882 1.84097 0.581527 0.128338
14 1.66068 0 0 -0.0106416 0.0422862 -0.535496
15 1.167 0 0 0.0078694 -0.0113327 -0.247982
16 2.18852 0.50104 0.0576587 1.57366 -0.0697505 0.156362
17 1.2961 0 0 0.0692165 0.0502772 -0.853104
18 1.62202 0.000713348 -0.000471115 0.00255003 -0.0195784 -0.54662
19 1.22241 0 0 0.000237459 0.00593043 -0.469753
20 1.76707 1.27612 0.0366414 1.57546 0.124571 0.144369
21 1.55588 0 0 -0.0232699 0.0218709 -0.5216
22 1.24273 0 0 -0.000479221 0.000360565 -0.892358
23 0.784524 0 0 0.00636382 -0.00322822 -0.595854
24 -6.70653 7.12182 -4.00061 -0.000932693 0 -1.8749
25 6.02794 0 0 1.22051 0.428914 0.243521
26 11.7344 0 0 0.00140275 0 0.684849
27 8.81167 0 0 -0.0274025 0 0
28 5.77884 0 0 -0.0183597 0 0
29 2.23249 0 0 -0.00904283 0 0
30 11.4725 0 0 0.000354302 -0.303678 -0.0887538
31 0.615814 0.994372 -0.809165 -2.83836 0.446404 0.46615
32 2.24752 0 0 -0.0453653 0.233134 0.363232
33 1.11936 0 0 -0.000924012 0.157821 0.59964
34 3.71348 0.102639 0.102191 -1.54675 0.834836 -0.400578
35 1.72615 0 0 -0.00689869 -0.00732657 1.09674
36 1.21112 0 0 0.0103137 0.0102 1.33017
37 3.5992 1.06012 0.0708882 -1.53662 0.394253 -0.182897
38 1.66069 0 0 0.00129287 0.0778541 0.239538
39 1.16699 0 0 0.0426518 0.021851 0.735105
40 2.18853 -0.50104 0.057659 -1.5728 0.133573 -0.17288
41 1.29609 0 0 0.120501 0.0520645 0.782583
42 1.62201 -0.000711441 -0.000470161 0.0811908 -0.0245018 1.19712
43 1.22241 0 0 -0.0119317 -0.0059471 1.29801
44 1.76707 -1.27612 0.0366406 -1.48212 0.284875 -0.100851
45 1.55588 0 0 0.223724 0.0868401 0.700865
46 1.24273 0 0 0.000478918 0.000360574 0.964696
47 0.784533 0 0 -0.00618633 0.000249606 0.884667
48 0 0 0 0 0 0
49 -6.57771 -23.9221 -5.92417 0.0182981 0.108856 0.0498059
50 0 -0.7031 2.39715 0 0 0
51 -0.0145802 -0.456411 1.68256 -1.0472 0 0
52 -6.48583 -25.2845 -5.70514 0.0182981 0.108856 0.0498064
53 0 -0.675066 1.41593 0 0 0
54 0 0.979376 2.33571 0.174533 0 0
55 0 -1.91969 2.85382 0 0 0
56 0 2.062 1.89703 -0.785398 0 0
57 0 -1.66928 2.60403 -0.0368113 0 0
58 6.98255 2.1009 -16.1176 0 0 0
time 4
0 6.78963 4.11825 -5.6679 0.000934124 0 -1.53243
1 6.02795 0 0 -0.985116 0.329317 -0.395151
2 11.7344 0 0 -0.00140281 0 -0.614953
3 8.81139 -0.000449181 -0.000112057 -0.822978 0 0.000157893
4 5.77839 0.000287056 0 -0.551396 0 0.000102714
5 2.23163 -0.000329018 -0.000363827 -0.271583 0 0
6 11.4725 0 0 -0.91496 -0.303821 0.463606
7 0.615219 -0.993091 -0.8107 2.70359 0.175231 -0.365379
8 2.24752 0 0 0.0592953 0.0234201 -0.236792
9 1.11936 0 0 0.0750849 0.0838152 -0.247479
10 3.71348 -0.102641 0.102191 1.74513 0.541197 0.114328
11 1.72615 0 0 0.00879098 -0.00900415 -0.483821
12 1.21114 0 0 0.00544236 0.010046 -0.445445
13 3.59919 -1.06012 0.0708885 1.82443 0.485623 0.0977949
14 1.66069 0 0 -0.00598806 0.0411937 -0.436179
15 1.167 0 0 0.00758836 -0.0128593 -0.148756
16 2.18852 0.50104 0.0576587 1.57366 -0.0913736 0.156362
17 1.29609 0 0 0.0643638 0.0623418 -0.739214
18 1.62202 0.000711441 -0.000471592 0 -0.0182628 -0.423186
19 1.22241 0 0 0.000237477 0.00593039 -0.346336
20 1.76707 1.27612 0.0366406 1.57592 0.0827101 0.163881
21 1.55588 0 0 -0.0211378 0.0240352 -0.427752
22 1.24273 0 0 -0.000479248 0.000360529 -0.756345
23 0.784524 0 0 0.00636385 -0.00322812 -0.520434
24 -6.70653 7.12182 -4.00061 -0.000932693 0 -1.8749
25 6.02794 0 0 1.24468 0.40512 0.234083
26 11.7344 0 0 0.00140275 0 0.644637
27 8.81167 0 0 -0.0828334 0 0
28 5.77884 0 0 -0.0554984 0 0
29 2.23249 0 0 -0.027335 0 0
30 11.4725 0 0 -0.0695537 -0.240001 -0.0465076
31 0.615814 0.994373 -0.809165 -2.84309 0.44883 0.455765
32 2.24752 0 0 -0.0453701 0.233133 0.363211
33 1.11936 0 0 -0.00174051 0.156243 0.560142
34 3.71349 0.10264 0.102191 -1.54675 0.834836 -0.400578
35 1.72615 0 0 -0.00689871 -0.00732661 1.09674
36 1.21112 0 0 0.0103137 0.0102 1.33017
37 3.5992 1.06012 0.0708882 -1.53662 0.394253 -0.182897
38 1.66069 0 0 0.0012929 0.0778541 0.239538
39 1.16699 0 0 0.0426518 0.021851 0.735105
40 2.18853 -0.50104 0.0576588 -1.5728 0.133573 -0.17288
41 1.29609 0 0 0.120501 0.0520644 0.782584
42 1.62202 -0.000713348 -0.000469208 0.0811908 -0.0245018 1.19712
43 1.22241 0 0 -0.0119317 -0.00594711 1.29801
44 1.76707 -1.27612 0.03664 -1.48212 0.284875 -0.100851
45 1.55588 0 0 0.223724 0.08684 0.700865
46 1.24273 0 0 0.000478923 0.000360588 0.964696
47 0.784532 0 0 -0.0061863 0.000249574 0.884667
48 0 0 0 0 0 0
49 -6.96069 -24.091 -5.83403 0.0226219 0.166905 0.0759064
50 0 -0.703102 2.39715 0 0 0
51 -0.0145802 -0.456413 1.68256 -1.0472 0 0
52 -6.82157 -25.4505 -5.62258 0.0226219 0.166905 0.075907
53 0 -0.675064 1.41593 0 0 0
54 0 0.979376 2.33571 0.174533 0 0
55 0 -1.91969 2.85382 0 0 0
56 0 2.062 1.89703 -0.785398 0 0
57 0 -1.66928 2.60403 -0.0368113 0 0
58 6.98255 2.1009 -16.1176 0 0 0
time 5
0 6.78963 4.11825 -5.6679 0.000934124 0 -1.53243
1 6.02795 0 0 -0.930489 0.335735 -0.365957
2 11.7344 0 0 -0.00140281 0 -0.646854
3 8.81139 -0.000452042 -0.00011301 -0.872943 0 0.000158186
4 5.77839 0.000284195 0 -0.584872 0 0.000102573
5 2.23163 -0.000329971 -0.000364304 -0.288071 0 0
6 11.4725 0 0 -0.951947 -0.255476 0.45097
7 0.615221 -0.993091 -0.810701 2.8047 0.201525 -0.367754
8 2.24752 0 0 0.0589177 -0.0489711 -0.241106
9 1.11936 0 0 0.0751347 0.0924694 -0.246827
10 3.71348 -0.102641 0.102191 1.73738 0.443586 0.106062
11 1.72615 0 0 0.0073998 -0.0095009 -0.386576
12 1.21114 0 0 0.00446395 0.00853729 -0.348228
13 3.59919 -1.06012 0.0708878 1.81006 0.402342 0.0712722
14 1.66069 0 0 -0.00194706 0.040245 -0.349935
15 1.167 0 0 0.00734431 -0.014185 -0.0625903
16 2.18852 0.50104 0.0576587 1.57366 -0.11015 0.156362
17 1.29609 0 0 0.0601499 0.0728182 -0.640316
18 1.62202 0.000716209 -0.000471115 -0.00215996 -0.0171204 -0.316
19 1.22241 0 0 0.000237461 0.00593042 -0.239163
20 1.76707 1.27612 0.0366406 1.57632 0.0463593 0.180824
21 1.55588 0 0 -0.0192864 0.0259147 -0.346257
22 1.24273 0 0 -0.000479255 0.000360523 -0.638235
23 0.784524 0 0 0.00636382 -0.00322825 -0.454942
24 -6.70653 7.12182 -4.00061 -0.000932693 0 -1.8749
25 6.02794 0 0 1.26629 0.384924 0.223852
26 11.7344 0 0 0.00140263 0 0.610804
27 8.81167 0 0 -0.133844 0 0
28 5.77884 0 0 -0.0896754 0 0
29 2.23249 0 0 -0.0441683 0 0
30 11.4725 0 0 -0.13055 -0.182891 -0.00608578
31 0.615812 0.994371 -0.809165 -2.84881 0.451761 0.443219
32 2.24752 0 0 -0.0453779 0.23313 0.363176
33 1.11936 0 0 -0.00308671 0.154284 0.513761
34 3.71349 0.102639 0.10219 -1.54675 0.834836 -0.400578
35 1.72615 0 0 -0.00689868 -0.00732662 1.09674
36 1.21112 0 0 0.0103137 0.0102001 1.33017
37 3.5992 1.06012 0.0708876 -1.53662 0.394253 -0.182897
38 1.66069 0 0 0.00129287 0.0778541 0.239537
39 1.16699 0 0 0.0426518 0.021851 0.735105
40 2.18853 -0.501041 0.0576596 -1.5728 0.133573 -0.17288
41 1.29609 0 0 0.120501 0.0520645 0.782584
42 1.62202 -0.000713348 -0.000469685 0.0811908 -0.0245018 1.19712
43 1.22241 0 0 -0.0119317 -0.00594709 1.29801
44 1.76707 -1.27612 0.0366404 -1.48212 0.284875 -0.100851
45 1.55588 0 0 0.223724 0.0868401 0.700865
46 1.24273 0 0 0.000478882 0.000360542 0.964696
47 0.784531 0 0 -0.00618629 0.000249603 0.884667
48 0 0 0 0 0 0
49 -7.33053 -24.2123 -5.73912 0.0207629 0.218995 0.0982901
50 0 -0.703102 2.39715 0 0 0
51 -0.0145817 -0.456413 1.68256 -1.0472 0 0
52 -7.14959 -25.5668 -5.52734 0.0207629 0.218995 0.0982906
53 0 -0.675066 1.41593 0 0 0
54 0 0.979376 2.33571 0.174533 0 0
55 0 -1.9197 2.85382 0 0 0
56 0 2.062 1.89702 -0.785398 0 0
57 0 -1.66928 2.60403 -0.0368113 0 0
58 6.98255 2.1009 -16.1176 0 0 0
time 6
0 6.78963 4.11825 -5.6679 0.000934124 0 -1.53243
1 6.02795 0 0 -0.871777 0.354014 -0.318004
2 11.7344 0 0 -0.00140285 0 -0.720101
3 8.81138 -0.000448227 -0.000112534 -0.890319 0 0.000158151
4 5.77839 0.00028801 0 -0.596514 0 0.000102671
5 2.23163 -0.000328064 -0.00036478 -0.293806 0 0
6 11.4725 0 0 -0.966189 -0.202909 0.456904
7 0.615221 -0.993091 -0.8107 2.86877 0.218186 -0.369259
8 2.24752 0 0 0.0586784 -0.0948442 -0.243839
9 1.11936 0 0 0.0751664 0.0979535 -0.246413
10 3.71348 -0.102641 0.102191 1.73246 0.381731 0.100824
11 1.72615 0 0 0.00651823 -0.0098157 -0.324954
12 1.21114 0 0 0.00384392 0.00758127 -0.286624
13 3.5992 -1.06012 0.070888 1.80096 0.349568 0.0544654
14 1.66069 0 0 0.000613686 0.0396439 -0.295283
15 1.167 0 0 0.00718964 -0.0150251 -0.00798844
16 2.18853 0.50104 0.0576587 1.57366 -0.122049 0.156362
17 1.29609 0 0 0.0574795 0.0794569 -0.577645
18 1.62202 0.000713348 -0.000471115 -0.00354717 -0.0163965 -0.248077
19 1.22241 0 0 0.000237447 0.00593042 -0.17125
20 1.76707 1.27612 0.0366411 1.57658 0.0233243 0.191561
21 1.55588 0 0 -0.0181131 0.0271057 -0.294615
22 1.24274 0 0 -0.000479256 0.000360471 -0.563391
23 0.784523 0 0 0.00636383 -0.00322819 -0.41344
24 -6.70653 7.12182 -4.00061 -0.000932693 0 -1.8749
25 6.02794 0 0 1.28177 0.375496 0.213683
26 11.7344 0 0 0.00140271 0 0.595936
27 8.81167 0 0 -0.169837 0 0
28 5.77884 0 0 -0.113791 0 0
29 2.23249 0 0 -0.0560462 0 0
30 11.4725 0 0 -0.171772 -0.14266 0.0258691
31 0.615816 0.994373 -0.809165 -2.85535 0.455112 0.428872
32 2.24752 0 0 -0.0453894 0.233126 0.363125
33 1.11936 0 0 -0.005095 0.151976 0.462464
34 3.71349 0.10264 0.102192 -1.54675 0.834836 -0.400578
35 1.72615 0 0 -0.00689875 -0.00732669 1.09674
36 1.21112 0 0 0.0103138 0.0102 1.33017
37 3.5992 1.06012 0.0708885 -1.53662 0.394253 -0.182897
38 1.66069 0 0 0.00129285 0.0778541 0.239537
39 1.16699 0 0 0.0426519 0.021851 0.735105
40 2.18853 -0.50104 0.0576594 -1.5728 0.133573 -0.17288
41 1.29609 0 0 0.120501 0.0520644 0.782583
42 1.62202 -0.000715256 -0.000469685 0.0811908 -0.0245018 1.19712
43 1.22241 0 0 -0.0119317 -0.0059471 1.29801
44 1.76707 -1.27612 0.0366406 -1.48212 0.284875 -0.100851
45 1.55588 0 0 0.223724 0.08684 0.700865
46 1.24273 0 0 0.000478931 0.000360575 0.964696
47 0.784533 0 0 -0.00618635 0.000249593 0.884667
48 0 0 0 0 0 0
49 -7.62654 -24.2477 -5.65127 0.0104753 0.255043 0.112148
50 0 -0.7031 2.39715 0 0 0
51 -0.0145807 -0.456413 1.68256 -1.0472 0 0
52 -7.41604 -25.596 -5.42773 0.0104754 0.255043 0.112148
53 0 -0.675064 1.41593 0 0 0
54 0 0.979378 2.33571 0.174533 0 0
55 0 -1.91969 2.85382 0 0 0
56 0 2.062 1.89702 -0.785398 0 0
57 0 -1.66927 2.60403 -0.0368113 0 0
58 6.98255 2.1009 -16.1176 0 0 0
time 7
0 6.78963 4.11825 -5.6679 0.000934124 0 -1.53243
1 6.02795 0 0 -0.812256 0.376672 -0.253931
2 11.7344 0 0 -0.00140285 0 -0.819893
3 8.81139 -0.000450134 -0.000112534 -0.876824 0 0.00015794
4 5.77839 0.00028801 0 -0.587472 0 0.000102402
5 2.23164 -0.000328064 -0.000363827 -0.289352 0 0
6 11.4725 0 0 -0.951967 -0.139874 0.468365
7 0.615219 -0.993091 -0.8107 2.88865 0.223781 -0.369726
8 2.24752 0 0 0.0586042 -0.109082 -0.244688
9 1.11936 0 0 0.075176 0.0997702 -0.246285
10 3.71348 -0.102641 0.102191 1.73094 0.360428 0.0987657
11 1.72615 0 0 0.00624463 -0.00996324 -0.301418
12 1.21114 0 0 0.00365149 0.00728453 -0.263157
13 3.59919 -1.06012 0.0708885 1.79813 0.333189 0.0492488
14 1.66069 0 0 0.00151281 0.0394573 -0.275481
15 1.167 0 0 0.00714164 -0.0152859 0.0089583
16 2.18853 0.50104 0.0576596 1.57366 -0.125747 0.156362
17 1.29609 0 0 0.0566508 0.0815174 -0.556077
18 1.62202 0.000712395 -0.000471115 -0.00404853 -0.0161718 -0.222581
19 1.22241 0 0 0.000237547 0.00593042 -0.145101
20 1.76707 1.27612 0.0366416 1.5767 0.0161749 0.194894
21 1.55588 0 0 -0.0175402 0.0275482 -0.275923
22 1.24273 0 0 -0.000479221 0.000360534 -0.536943
23 0.784524 0 0 0.00636383 -0.00322821 -0.397342
24 -6.70653 7.12182 -4.00061 -0.000932693 0 -1.8749
25 6.02794 0 0 1.29116 0.385259 0.200995
26 11.7344 0 0 0.0014027 0 0.617485
27 8.81167 0 0 -0.192998 0 0
28 5.77884 0 0 -0.129308 0 0
29 2.23249 0 0 -0.0636892 0 0
30 11.4725 0 0 -0.196582 -0.117873 0.0417483
31 0.615814 0.994371 -0.809166 -2.86255 0.4588 0.413084
32 2.24752 0 0 -0.0454055 0.23312 0.363053
33 1.11936 0 0 -0.0078979 0.14935 0.408216
34 3.71349 0.102638 0.102191 -1.54675 0.834836 -0.400578
35 1.72615 0 0 -0.00689875 -0.00732662 1.09674
36 1.21112 0 0 0.0103137 0.0102 1.33017
37 3.5992 1.06011 0.0708883 -1.53662 0.394253 -0.182897
38 1.66069 0 0 0.00129282 0.0778541 0.239537
39 1.16699 0 0 0.0426518 0.021851 0.735105
40 2.18853 -0.501041 0.0576589 -1.5728 0.133573 -0.17288
41 1.29609 0 0 0.120501 0.0520645 0.782583
42 1.62202 -0.000713348 -0.000469208 0.0811907 -0.0245019 1.19712
43 1.22241 0 0 -0.0119317 -0.00594711 1.29801
44 1.76707 -1.27612 0.0366406 -1.48212 0.284875 -0.100851
45 1.55588 0 0 0.223724 0.08684 0.700865
46 1.24273 0 0 0.00047891 0.000360536 0.964696
47 0.784532 0 0 -0.00618633 0.000249564 0.884667
48 0 0 0 0 0 0
49 -7.85706 -24.1538 -5.56796 -0.00754794 0.277127 0.117591
50 0 -0.7031 2.39715 0 0 0
51 -0.0145807 -0.456409 1.68256 -1.0472 0 0
52 -7.62819 -25.4953 -5.32217 -0.00754787 0.277127 0.117592
53 0 -0.675064 1.41593 0 0 0
54 0 0.979378 2.33571 0.174533 0 0
55 0 -1.91969 2.85382 0 0 0
56 0 2.062 1.89703 -0.785398 0 0
57 0 -1.66928 2.60403 -0.0368113 0 0
58 6.98255 2.1009 -16.1176 0 0 0
time 8
0 6.78963 4.11825 -5.6679 0.000934124 0 -1.53243
1 6.02795 0 0 -0.754176 0.398816 -0.178142
2 11.7344 0 0 -0.00140271 0 -0.932859
3 8.81138 -0.000452042 -0.000112057 -0.846684 0 0.000157508
4 5.77839 0.000286102 0 -0.567279 0 0.00010227
5 2.23163 -0.000329971 -0.000364304 -0.279406 0 0
6 11.4725 0 0 -0.915418 -0.0650315 0.47321
7 0.615217 -0.993091 -0.8107 2.87599 0.221587 -0.369428
8 2.24752 0 0 0.0586516 -0.100013 -0.244147
9 1.11936 0 0 0.0751698 0.0989833 -0.246367
10 3.71348 -0.102641 0.10219 1.73191 0.367184 0.0986769
11 1.72615 0 0 0.00641889 -0.0100306 -0.302132
12 1.21114 0 0 0.00377408 0.00747353 -0.264034
13 3.59919 -1.06012 0.0708885 1.79993 0.343622 0.0525715
14 1.66069 0 0 0.00127788 0.0395762 -0.278902
15 1.167 0 0 0.00717221 -0.0151198 -0.00183584
16 2.18852 0.50104 0.0576591 1.57366 -0.123406 0.156362
17 1.29609 0 0 0.0571786 0.080205 -0.562963
18 1.62201 0.000713348 -0.000470161 -0.00395824 -0.016315 -0.22453
19 1.22241 0 0 0.000237461 0.00593042 -0.145342
20 1.76707 1.27612 0.0366402 1.57677 0.0207287 0.192771
21 1.55587 0 0 -0.0172295 0.0275022 -0.279208
22 1.24273 0 0 -0.000479226 0.000360523 -0.543371
23 0.784524 0 0 0.00636385 -0.00322818 -0.39718
24 -6.70653 7.12182 -4.00061 -0.000932693 0 -1.8749
25 6.02794 0 0 1.29771 0.410088 0.185025
26 11.7344 0 0 0.00140269 0 0.668247
27 8.81167 0 0 -0.211249 0 0
28 5.77884 0 0 -0.141537 0 0
29 2.23249 0 0 -0.0697122 0 0
30 11.4725 0 0 -0.21486 -0.099638 0.0463594
31 0.615814 0.994372 -0.809166 -2.87023 0.46274 0.396216
32 2.24752 0 0 -0.0454271 0.233112 0.362957
33 1.11936 0 0 -0.0116275 0.146437 0.352985
34 3.71349 0.102639 0.102191 -1.54675 0.834836 -0.400578
35 1.72615 0 0 -0.0068987 -0.00732664 1.09674
36 1.21112 0 0 0.0103137 0.0102 1.33017
37 3.5992 1.06012 0.0708883 -1.53662 0.394253 -0.182897
38 1.66069 0 0 0.00129286 0.0778541 0.239537
39 1.16699 0 0 0.0426518 0.021851 0.735105
40 2.18853 -0.501041 0.0576599 -1.5728 0.133573 -0.17288
41 1.29609 0 0 0.120501 0.0520644 0.782583
42 1.62202 -0.000715256 -0.000469208 0.0811907 -0.0245018 1.19712
43 1.22241 0 0 -0.0119317 -0.00594711 1.29801
44 1.76707 -1.27612 0.0366404 -1.48212 0.284875 -0.100851
45 1.55588 0 0 0.223724 0.08684 0.700865
46 1.24273 0 0 0.000478939 0.000360546 0.964696
47 0.784532 0 0 -0.00618632 0.000249607 0.884667
48 0 0 0 0 0 0
49 -8.07068 -23.9417 -5.47966 -0.0311863 0.293678 0.118091
50 0 -0.703104 2.39715 0 0 0
51 -0.0145817 -0.456415 1.68256 -1.0472 0 0
52 -7.82865 -25.2751 -5.20438 -0.0311862 0.293678 0.118092
53 0 -0.675064 1.41593 0 0 0
54 0 0.979376 2.33571 0.174533 0 0
55 0 -1.91969 2.85382 0 0 0
56 0 2.062 1.89703 -0.785398 0 0
57 0 -1.66928 2.60403 -0.0368113 0 0
58 6.98255 2.1009 -16.1176 0 0 0
time 9
0 6.78963 4.11825 -5.6679 0.000934124 0 -1.53243
1 6.02795 0 0 -0.699487 0.41832 -0.0944185
2 11.7344 0 0 -0.00140299 0 -1.05045
3 8.81139 -0.000450134 -0.00011158 -0.809063 0 0.000157825
4 5.77839 0.00028801 0 -0.542072 0 0.000102558
5 2.23163 -0.000329971 -0.000363827 -0.266991 0 0
6 11.4725 0 0 -0.863155 0.0142122 0.470685
7 0.615221 -0.99309 -0.810699 2.83723 0.21303 -0.368518
8 2.24752 0 0 0.0587964 -0.0722634 -0.242494
9 1.11936 0 0 0.0751507 0.0960777 -0.246617
10 3.71348 -0.102641 0.102192 1.73488 0.397024 0.100288
11 1.72615 0 0 0.00695219 -0.0100196 -0.323531
12 1.21114 0 0 0.00414913 0.00805185 -0.285652
13 3.59919 -1.06012 0.0708885 1.80544 0.375546 0.0627384
14 1.66069 0 0 0.000104455 0.0399398 -0.301739
15 1.167 0 0 0.00726577 -0.0146116 -0.0348659
16 2.18853 0.50104 0.0576601 1.57366 -0.116225 0.156362
17 1.29609 0 0 0.058794 0.0761891 -0.593253
18 1.62202 0.000711441 -0.000471115 -0.00337382 -0.0167529 -0.249725
19 1.22241 0 0 0.000237487 0.0059304 -0.16817
20 1.76707 1.27612 0.0366421 1.57677 0.0346633 0.186276
21 1.55588 0 0 -0.0171877 0.0270441 -0.300859
22 1.24273 0 0 -0.000479261 0.000360514 -0.57706
23 0.784524 0 0 0.00636388 -0.00322817 -0.410702
24 -6.70653 7.12182 -4.00061 -0.000932693 0 -1.8749
25 6.02794 0 0 1.30226 0.442537 0.168019
26 11.7344 0 0 0.00140272 0 0.732654
27 8.81167 0 0 -0.223131 0 0
28 5.77884 0 0 -0.149498 0 0
29 2.23249 0 0 -0.0736331 0 0
30 11.4725 0 0 -0.226487 -0.0870223 0.0475472
31 0.615814 0.994371 -0.809165 -2.87825 0.466849 0.378628
32 2.24752 0 0 -0.0454545 0.233102 0.362834
33 1.11936 0 0 -0.0164167 0.143269 0.298738
34 3.71349 0.10264 0.102191 -1.54675 0.834836 -0.400578
35 1.72615 0 0 -0.00689875 -0.00732663 1.09674
36 1.21112 0 0 0.0103137 0.0102 1.33017
37 3.5992 1.06012 0.070888 -1.53662 0.394253 -0.182897
38 1.66069 0 0 0.00129298 0.077854 0.239537
39 1.16699 0 0 0.0426518 0.0218511 0.735105
40 2.18853 -0.501041 0.0576591 -1.5728 0.133573 -0.17288
41 1.29609 0 0 0.120501 0.0520644 0.782584
42 1.62202 -0.000715256 -0.000471115 0.0811907 -0.0245018 1.19712
43 1.22241 0 0 -0.0119317 -0.00594708 1.29801
44 1.76707 -1.27612 0.0366409 -1.48212 0.284875 -0.100851
45 1.55587 0 0 0.223724 0.08684 0.700865
46 1.24273 0 0 0.000478923 0.000360573 0.964696
47 0.784533 0 0 -0.00618634 0.000249563 0.884667
48 0 0 0 0 0 0
49 -8.26551 -23.6542 -5.38883 -0.0600534 0.304368 0.114716
50 0 -0.703102 2.39715 0 0 0
51 -0.0145807 -0.456413 1.68256 -1.0472 0 0
52 -8.01449 -24.9779 -5.07732 -0.0600533 0.304368 0.114716
53 0 -0.675064 1.41593 0 0 0
54 0 0.979376 2.33571 0.174533 0 0
55 0 -1.91969 2.85382 0 0 0
56 0 2.062 1.89703 -0.785398 0 0
57 0 -1.66928 2.60403 -0.0368113 0 0
58 6.98255 2.1009 -16.1176 0 0 0
time 10
0 6.78963 4.11825 -5.6679 0.000934124 0 -1.53243
1 6.02795 0 0 -0.649787 0.434808 -0.00608541
2 11.7344 0 0 -0.00140275 0 -1.16687
3 8.81138 -0.000450134 -0.000112534 -0.768872 0 0.000158134
4 5.77839 0.000286102 0 -0.515144 0 0.000102944
5 2.23163 -0.000328064 -0.000364304 -0.253728 0 0
6 11.4725 0 0 -0.800689 0.0911146 0.462261
7 0.615219 -0.993091 -0.8107 2.77884 0.199537 -0.367147
8 2.24752 0 0 0.0590143 -0.0304571 -0.240003
9 1.11936 0 0 0.075122 0.0915372 -0.246994
10 3.71348 -0.102642 0.102191 1.73936 0.444976 0.103332
11 1.72615 0 0 0.00775559 -0.00993213 -0.362048
12 1.21114 0 0 0.00471417 0.00892314 -0.324408
13 3.59919 -1.06012 0.0708876 1.81373 0.423641 0.0780554
14 1.66069 0 0 -0.00181187 0.0404877 -0.340186
15 1.167 0 0 0.00740672 -0.013846 -0.0846268
16 2.18852 0.501039 0.0576582 1.57366 -0.1054 0.156362
17 1.29609 0 0 0.0612276 0.0701389 -0.6419
18 1.62202 0.000711441 -0.000470638 -0.00239268 -0.0174126 -0.293966
19 1.22241 0 0 0.000237483 0.00593044 -0.209779
20 1.76707 1.27612 0.0366392 1.57672 0.055656 0.176491
21 1.55588 0 0 -0.017422 0.0262502 -0.337269
22 1.24274 0 0 -0.000479242 0.000360506 -0.632396
23 0.784523 0 0 0.00636382 -0.00322818 -0.435654
24 -6.70653 7.12182 -4.00061 -0.000932693 0 -1.8749
25 6.02794 0 0 1.30548 0.47638 0.151739
26 11.7344 0 0 0.00140273 0 0.79781
27 8.81167 0 0 -0.227848 0 0
28 5.77884 0 0 -0.152659 0 0
29 2.23249 0 0 -0.07519 0 0
30 11.4725 0 0 -0.23134 -0.0792307 0.051761
31 0.615816 0.994373 -0.809165 -2.88643 0.471042 0.360679
32 2.24752 0 0 -0.0454889 0.23309 0.362681
33 1.11936 0 0 -0.0223974 0.139877 0.24744
34 3.71349 0.10264 0.102191 -1.54675 0.834836 -0.400578
35 1.72615 0 0 -0.00689868 -0.00732663 1.09674
36 1.21112 0 0 0.0103138 0.0102 1.33017
37 3.5992 1.06012 0.0708885 -1.53662 0.394253 -0.182897
38 1.66069 0 0 0.00129294 0.077854 0.239537
39 1.16699 0 0 0.0426518 0.0218511 0.735105
40 2.18853 -0.50104 0.0576594 -1.5728 0.133573 -0.17288
41 1.29609 0 0 0.120501 0.0520644 0.782584
42 1.62202 -0.000711441 -0.000469208 0.0811908 -0.0245019 1.19712
43 1.22241 0 0 -0.0119317 -0.00594709 1.29801
44 1.76707 -1.27612 0.0366411 -1.48212 0.284875 -0.100851
45 1.55587 0 0 0.223724 0.0868401 0.700864
46 1.24273 0 0 0.000478935 0.000360632 0.964696
47 0.78453 0 0 -0.00618635 0.000249587 0.884667
48 0 0 0 0 0 0
49 -8.43981 -23.3338 -5.298 -0.093713 0.308964 0.108742
50 0 -0.703102 2.39715 0 0 0
51 -0.0145807 -0.456415 1.68256 -1.0472 0 0
52 -8.18294 -24.6457 -4.94404 -0.0937129 0.308964 0.108742
53 0 -0.675066 1.41593 0 0 0
54 0 0.979376 2.33571 0.174533 0 0
55 0 -1.91969 2.85382 0 0 0
56 0 2.062 1.89702 -0.785398 0 0
57 0 -1.66928 2.60403 -0.0368113 0 0
58 6.98255 2.1009 -16.1176 0 0 0
time 11
0 6.78963 4.11825 -5.6679 0.000934124 0 -1.53243
1 6.02795 0 0 -0.605957 0.44937 0.0844881
2 11.7344 0 0 -0.00140276 0 -1.27912
3 8.81138 -0.000452042 -0.000112057 -0.726775 0 0.000157871
4 5.77839 0.000286102 0 -0.486939 0 0.000102953
5 2.23164 -0.000329971 -0.00036335 -0.239836 0 0
6 11.4725 0 0 -0.732037 0.159579 0.451825
7 0.615219 -0.993091 -0.810699 2.70728 0.182534 -0.365466
8 2.24752 0 0 0.0592818 0.0207804 -0.236949
9 1.11936 0 0 0.0750867 0.0858464 -0.247456
10 3.71348 -0.102641 0.102192 1.74485 0.506065 0.107539
11 1.72615 0 0 0.00874023 -0.00977001 -0.414116
12 1.21114 0 0 0.00540669 0.00999099 -0.376699
13 3.59919 -1.06012 0.0708885 1.8239 0.482586 0.0968277
14 1.66069 0 0 -0.00427554 0.0411591 -0.390438
15 1.167 0 0 0.00757949 -0.0129076 -0.145614
16 2.18853 0.50104 0.0576601 1.57366 -0.0921277 0.156362
17 1.2961 0 0 0.0642101 0.0627238 -0.703855
18 1.62202 0.000715256 -0.000471115 -0.00111217 -0.0182212 -0.353055
19 1.22241 0 0 0.000237471 0.00593044 -0.266365
20 1.76707 1.27612 0.0366402 1.57661 0.0813845 0.164499
21 1.55588 0 0 -0.0179392 0.0251969 -0.38483
22 1.24273 0 0 -0.000479251 0.000360541 -0.703762
23 0.784523 0 0 0.00636385 -0.0032282 -0.469781
24 -6.70653 7.08775 -4.04051 -0.000932693 0 -1.8749
25 6.02794 0 0 1.30731 0.508977 0.136246
26 11.7344 0 0 0.00140268 0 0.862081
27 8.81167 0 0 -0.224967 0 0
28 5.77884 0 0 -0.150728 0 0
29 2.23249 0 0 -0.0742392 0 0
30 11.4725 0 0 -0.228863 -0.0752806 0.0580079
31 0.615813 0.994371 -0.809165 -2.89461 0.475235 0.342731
32 2.24752 0 0 -0.0455308 0.233075 0.362493
33 1.11936 0 0 -0.0297022 0.136292 0.201059
34 3.71349 0.102637 0.10219 -1.54675 0.834836 -0.400578
35 1.72615 0 0 -0.00689869 -0.00732661 1.09674
36 1.21112 0 0 0.0103137 0.0102001 1.33017
37 3.5992 1.06012 0.0708892 -1.53662 0.394253 -0.182897
38 1.66069 0 0 0.00129292 0.077854 0.239537
39 1.16699 0 0 0.0426518 0.021851 0.735105
40 2.18853 -0.501041 0.0576599 -1.5728 0.133573 -0.17288
41 1.29609 0 0 0.120501 0.0520644 0.782584
42 1.62202 -0.000715256 -0.000470161 0.0811908 -0.0245018 1.19712
43 1.22241 0 0 -0.0119317 -0.00594715 1.29801
44 1.76707 -1.27612 0.0366402 -1.48212 0.284875 -0.100851
45 1.55587 0 0 0.223724 0.0868401 0.700865
46 1.24273 0 0 0.000478939 0.000360607 0.964696
47 0.784531 0 0 -0.0061863 0.000249562 0.884667
48 0 0 0 0 0 0
49 -8.59194 -23.0227 -5.20984 -0.131699 0.307344 0.101627
50 0 -0.703102 2.39715 0 0 0
51 -0.0145798 -0.456411 1.68256 -1.0472 0 0
52 -8.33137 -24.3199 -4.80774 -0.131699 0.307344 0.101627
53 0 -0.675062 1.41593 0 0 0
54 0 0.979376 2.33571 0.174533 0 0
55 0 -1.91969 2.85382 0 0 0
56 0 2.062 1.89703 -0.785398 0 0
57 0 -1.66928 2.60403 -0.0368113 0 0
58 6.98255 2.1009 -16.1176 0 0 0
time 12
0 6.78963 4.11825 -5.6679 0.000934124 0 -1.53243
1 6.02795 0 0 -0.568307 0.463648 0.175249
2 11.7344 0 0 -0.00140277 0 -1.38496
3 8.81138 -0.000450134 -0.000112534 -0.680764 0 0.00015833
4 5.77839 0.000286102 0 -0.456112 0 0.000103387
5 2.23163 -0.000328064 -0.000363827 -0.224652 0 0
6 11.4725 0 0 -0.659575 0.214141 0.444815
7 0.615219 -0.993092 -0.810699 2.629 0.163447 -0.363627
8 2.24752 0 0 0.059574 0.0768242 -0.23361
9 1.11936 0 0 0.0750482 0.0794895 -0.247961
10 3.71348 -0.102641 0.102193 1.75086 0.575319 0.112641
11 1.72615 0 0 0.00981722 -0.0095349 -0.476169
12 1.21114 0 0 0.00616417 0.011159 -0.438922
13 3.59919 -1.06012 0.0708885 1.83502 0.54706 0.117361
14 1.66069 0 0 -0.00709094 0.0418936 -0.448687
15 1.167 0 0 0.00776838 -0.0118813 -0.212321
16 2.18853 0.50104 0.0576601 1.57366 -0.077605 0.156362
17 1.29609 0 0 0.0674725 0.0546132 -0.774069
18 1.62202 0.000713348 -0.000471115 0.000370275 -0.0191056 -0.422792
19 1.22241 0 0 0.000237469 0.00593048 -0.334123
20 1.76707 1.27612 0.0366411 1.57644 0.109527 0.151381
21 1.55588 0 0 -0.0187463 0.0239605 -0.439931
22 1.24273 0 0 -0.000479276 0.000360578 -0.785545
23 0.784523 0 0 0.00636382 -0.00322814 -0.510831
24 -6.70653 6.99529 -4.1488 -0.000932693 0 -1.8749
25 6.02794 0 0 1.3078 0.537509 0.12183
26 11.7344 0 0 0.00140267 0 0.92264
27 8.81167 0 0 -0.213972 0 0
28 5.77884 0 0 -0.143361 0 0
29 2.23249 0 0 -0.0706107 0 0
30 11.4725 0 0 -0.218559 -0.0744212 0.0662638
31 0.615813 0.994371 -0.809166 -2.90262 0.479343 0.325142
32 2.24752 0 0 -0.0455812 0.233057 0.362268
33 1.11936 0 0 -0.0384638 0.132546 0.161562
34 3.71349 0.102636 0.102191 -1.54675 0.834836 -0.400578
35 1.72615 0 0 -0.00689876 -0.00732666 1.09674
36 1.21112 0 0 0.0103137 0.0102001 1.33017
37 3.5992 1.06012 0.0708876 -1.53662 0.394253 -0.182897
38 1.66069 0 0 0.00129281 0.0778541 0.239537
39 1.16699 0 0 0.0426518 0.021851 0.735105
40 2.18853 -0.501043 0.0576577 -1.5728 0.133574 -0.17288
41 1.29609 0 0 0.120501 0.0520644 0.782584
42 1.62201 -0.000715256 -0.000471115 0.0811907 -0.0245018 1.19712
43 1.22241 0 0 -0.0119317 -0.00594709 1.29801
44 1.76707 -1.27612 0.0366404 -1.48212 0.284875 -0.100851
45 1.55588 0 0 0.223724 0.0868401 0.700864
46 1.24273 0 0 0.000478895 0.000360499 0.964696
47 0.784532 0 0 -0.00618629 0.000249614 0.884667
48 0 0 0 0 0 0
49 -8.72044 -22.7628 -5.12711 -0.173546 0.299529 0.0949726
50 0 -0.703102 2.39715 0 0 0
51 -0.0145807 -0.456413 1.68256 -1.0472 0 0
52 -8.45734 -24.0418 -4.67174 -0.173546 0.299529 0.0949732
53 0 -0.675064 1.41593 0 0 0
54 0 0.979376 2.33571 0.174533 0 0
55 0 -1.91969 2.85382 0 0 0
56 0 2.062 1.89703 -0.785398 0 0
57 0 -1.66928 2.60403 -0.0368112 0 0
58 6.98255 2.1009 -16.1176 0 0 0
time 13
0 6.78963 4.11825 -5.6679 0.000934124 0 -1.53243
1 6.02795 0 0 -0.536543 0.47958 0.264381
2 11.7344 0 0 -0.0014028 0 -1.48254
3 8.81138 -0.000450134 -0.000112534 -0.610028 0 0.000157626
4 5.77839 0.000286102 0 -0.408719 0 0.000103145
5 2.23163 -0.000328064 -0.000364304 -0.201309 0 0
6 11.4725 0 0 -0.563684 0.250759 0.450111
7 0.615218 -0.993091 -0.810701 2.55047 0.143702 -0.361783
8 2.24752 0 0 0.0598672 0.133049 -0.23026
9 1.11936 0 0 0.0750094 0.0729506 -0.248467
10 3.71348 -0.102641 0.10219 1.75688 0.647765 0.118369
11 1.72615 0 0 0.0108978 -0.00922885 -0.54464
12 1.21114 0 0 0.00692408 0.0123308 -0.507474
13 3.59919 -1.06012 0.0708876 1.84618 0.611743 0.137961
14 1.66069 0 0 -0.0100626 0.0426303 -0.511128
15 1.167 0 0 0.00795798 -0.0108516 -0.279244
16 2.18852 0.50104 0.0576591 1.57366 -0.0630285 0.156362
17 1.29609 0 0 0.0707454 0.0464762 -0.847495
18 1.62202 0.000715256 -0.000471115 0.00195731 -0.0199928 -0.498979
19 1.22241 0 0 0.000237457 0.00593042 -0.409249
20 1.76707 1.27612 0.0366392 1.5762 0.13776 0.138222
21 1.55588 0 0 -0.0198503 0.0226174 -0.498966
22 1.24273 0 0 -0.000479282 0.000360597 -0.872129
23 0.784524 0 0 0.00636386 -0.00322819 -0.55655
24 -6.70653 6.85904 -4.3084 -0.000932693 0 -1.8749
25 6.02794 0 0 1.30768 0.557539 0.110092
26 11.7344 0 0 0.00140272 0 0.969116
27 8.81167 0 0 -0.194257 0 0
28 5.77884 0 0 -0.130152 0 0
29 2.23249 0 0 -0.064105 0 0
30 11.4725 0 0 -0.200391 -0.0763858 0.0822257
31 0.615814 0.994373 -0.809166 -2.91031 0.483284 0.308274
32 2.24752 0 0 -0.0456406 0.233036 0.362002
33 1.11936 0 0 -0.0488144 0.12867 0.130914
34 3.71349 0.10264 0.102191 -1.54675 0.834836 -0.400578
35 1.72615 0 0 -0.0068987 -0.00732659 1.09674
36 1.21112 0 0 0.0103137 0.0102 1.33017
37 3.5992 1.06012 0.0708869 -1.53662 0.394253 -0.182897
38 1.66069 0 0 0.0012929 0.0778541 0.239537
39 1.16699 0 0 0.0426519 0.021851 0.735105
40 2.18853 -0.501041 0.0576584 -1.5728 0.133573 -0.17288
41 1.29609 0 0 0.120501 0.0520644 0.782584
42 1.62202 -0.000711441 -0.000470161 0.0811907 -0.0245018 1.19712
43 1.22241 0 0 -0.0119318 -0.00594713 1.29801
44 1.76707 -1.27612 0.0366399 -1.48212 0.284875 -0.100851
45 1.55588 0 0 0.223724 0.0868401 0.700865
46 1.24273 0 0 0.000478901 0.000360642 0.964696
47 0.784533 0 0 -0.00618634 0.000249563 0.884667
48 0 0 0 0 0 0
49 -8.82399 -22.596 -5.05272 -0.218834 0.285691 0.0904844
50 0 -0.7031 2.39715 0 0 0
51 -0.0145817 -0.456411 1.68256 -1.0472 0 0
52 -8.55864 -23.8524 -4.53953 -0.218834 0.285691 0.090485
53 0 -0.675064 1.41593 0 0 0
54 0 0.979378 2.33571 0.174533 0 0
55 0 -1.91969 2.85382 0 0 0
56 0 2.062 1.89703 -0.785398 0 0
57 0 -1.66928 2.60403 -0.0368112 0 0
58 6.98255 2.1009 -16.1176 0 0 0
time 14
0 6.78963 4.11825 -5.6679 0.000934124 0 -1.53243
1 6.02795 0 0 -0.509619 0.499397 0.350589
2 11.7344 0 0 -0.00140286 0 -1.57106
3 8.81138 -0.000450134 -0.000112057 -0.500809 0 0.000157587
4 5.77839 0.000286102 0 -0.335542 0 0.000103456
5 2.23163 -0.000328064 -0.000363827 -0.165267 0 0
6 11.4725 0 0 -0.427516 0.270858 0.470457
7 0.61522 -0.993091 -0.810699 2.47815 0.124725 -0.360084
8 2.24752 0 0 0.0601373 0.184831 -0.227174
9 1.11936 0 0 0.074974 0.0667145 -0.248934
10 3.71348 -0.102641 0.102191 1.76243 0.718428 0.124455
11 1.72615 0 0 0.0118928 -0.00885359 -0.615964
12 1.21114 0 0 0.00762394 0.01341 -0.578751
13 3.59919 -1.06012 0.0708876 1.85646 0.671314 0.156932
14 1.66069 0 0 -0.0129949 0.043309 -0.573955
15 1.167 0 0 0.00813253 -0.00990333 -0.340879
16 2.18853 0.50104 0.0576591 1.57366 -0.0495956 0.156362
17 1.29609 0 0 0.0737596 0.0389823 -0.919084
18 1.62202 0.000715256 -0.000471115 0.00355149 -0.02081 -0.577416
19 1.22241 0 0 0.000237431 0.00593041 -0.487938
20 1.76707 1.27612 0.0366411 1.5759 0.163762 0.126102
21 1.55588 0 0 -0.0212582 0.0212439 -0.558325
22 1.24273 0 0 -0.000479238 0.000360602 -0.957901
23 0.784523 0 0 0.00636385 -0.00322823 -0.604684
24 -6.70653 6.69358 -4.50219 -0.000932693 0 -1.8749
25 6.02794 0 0 1.30761 0.565216 0.102592
26 11.7344 0 0 0.00140282 0 0.992215
27 8.81167 0 0 -0.165104 0 0
28 5.77884 0 0 -0.11062 0 0
29 2.23249 0 0 -0.0544842 0 0
30 11.4725 0 0 -0.174343 -0.0809996 0.111107
31 0.615814 0.994371 -0.809165 -2.91751 0.486971 0.292486
32 2.24752 0 0 -0.0457101 0.233011 0.361692
33 1.11936 0 0 -0.0608862 0.124695 0.111084
34 3.71348 0.10264 0.102191 -1.54675 0.834836 -0.400578
35 1.72615 0 0 -0.00689867 -0.00732652 1.09674
36 1.21112 0 0 0.0103137 0.0102 1.33017
37 3.5992 1.06012 0.0708883 -1.53662 0.394253 -0.182897
38 1.66069 0 0 0.00129291 0.0778541 0.239537
39 1.16699 0 0 0.0426518 0.021851 0.735105
40 2.18853 -0.50104 0.0576596 -1.5728 0.133573 -0.17288
41 1.29609 0 0 0.120501 0.0520645 0.782583
42 1.62202 -0.000711441 -0.000470161 0.0811908 -0.0245018 1.19712
43 1.22241 0 0 -0.0119317 -0.00594713 1.29801
44 1.76707 -1.27612 0.0366411 -1.48212 0.284875 -0.100851
45 1.55588 0 0 0.223724 0.0868401 0.700865
46 1.24273 0 0 0.000478923 0.000360533 0.964696
47 0.784532 0 0 -0.00618629 0.000249566 0.884667
48 0 0 0 0 0 0
49 -8.90155 -22.5641 -4.98973 -0.26722 0.266179 0.0899269
50 0 -0.7031 2.39715 0 0 0
51 -0.0145798 -0.456413 1.68256 -1.0472 0 0
52 -8.63336 -23.7928 -4.41479 -0.26722 0.266179 0.0899273
53 0 -0.675064 1.41593 0 0 0
54 0 0.979374 2.33571 0.174533 0 0
55 0 -1.9197 2.85382 0 0 0
56 0 2.062 1.89702 -0.785398 0 0
57 0 -1.66928 2.60403 -0.0368113 0 0
58 6.98255 2.1009 -16.1176 0 0 0
time 15
0 6.78963 4.11825 -5.6679 0.000934124 0 -1.53243
1 6.02795 0 0 -0.486016 0.52522 0.432583
2 11.7344 0 0 -0.0014028 0 -1.64963
3 8.81138 -0.000450134 -0.000112534 -0.360113 0 0.000158319
4 5.77839 0.000284195 0 -0.241276 0 0.000104565
5 2.23163 -0.000329971 -0.000364304 -0.118837 0 0
6 11.4725 0 0 -0.257606 0.276363 0.502102
7 0.61522 -0.99309 -0.810699 2.4185 0.107942 -0.358683
8 2.24752 0 0 0.0603601 0.227544 -0.224629
9 1.11936 0 0 0.0749446 0.061265 -0.249319
10 3.71348 -0.10264 0.102191 1.767 0.782336 0.130629
11 1.72615 0 0 0.0127137 -0.00841105 -0.686573
12 1.21114 0 0 0.00820117 0.0143002 -0.649152
13 3.59919 -1.06012 0.0708876 1.86493 0.720452 0.172582
14 1.66069 0 0 -0.0156923 0.0438687 -0.633361
15 1.167 0 0 0.00827657 -0.00912123 -0.391719
16 2.18853 0.50104 0.0576591 1.57366 -0.0385028 0.156362
17 1.29609 0 0 0.076246 0.032801 -0.983788
18 1.62202 0.000715256 -0.000471115 0.00505546 -0.0214841 -0.653904
19 1.22241 0 0 0.000237466 0.00593045 -0.566385
20 1.76707 1.27612 0.0366411 1.57553 0.18521 0.116105
21 1.55588 0 0 -0.0229767 0.0199163 -0.6144
22 1.24274 0 0 -0.000479189 0.000360507 -1.03724
23 0.784524 0 0 0.00636386 -0.00322818 -0.652979
24 -6.70653 6.51353 -4.71308 -0.000932693 0 -1.8749
25 6.02794 0 0 1.31364 0.558341 0.0970648
26 11.7344 0 0 0.00140268 0 0.984456
27 8.81167 0 0 -0.160105 0 0
28 5.77884 0 0 -0.10727 0 0
29 2.23249 0 0 -0.0528346 0 0
30 11.4725 0 0 -0.174321 -0.074111 0.17
31 0.615814 0.994373 -0.809165 -2.92404 0.490323 0.278139
32 2.24752 0 0 -0.0457902 0.232982 0.361335
33 1.11936 0 0 -0.074812 0.120653 0.104036
34 3.71349 0.102638 0.10219 -1.54675 0.834836 -0.400578
35 1.72615 0 0 -0.00689872 -0.00732656 1.09674
36 1.21112 0 0 0.0103137 0.0102 1.33017
37 3.5992 1.06012 0.070888 -1.53662 0.394253 -0.182897
38 1.66069 0 0 0.00129289 0.0778541 0.239537
39 1.16699 0 0 0.0426519 0.0218511 0.735105
40 2.18853 -0.50104 0.0576582 -1.5728 0.133573 -0.17288
41 1.29609 0 0 0.120501 0.0520644 0.782583
42 1.62202 -0.000715256 -0.000470161 0.0811908 -0.0245018 1.19712
43 1.22241 0 0 -0.0119317 -0.00594713 1.29801
44 1.76707 -1.27612 0.0366397 -1.48212 0.284875 -0.100851
45 1.55587 0 0 0.223724 0.0868401 0.700864
46 1.24273 0 0 0.00047893 0.000360555 0.964696
47 0.784532 0 0 -0.00618633 0.000249558 0.884667
48 0 0 0 0 0 0
49 -9.06208 -22.6882 -4.95303 -0.324934 0.274038 0.0826394
50 0 -0.703102 2.39715 0 0 0
51 -0.0145807 -0.456413 1.68256 -1.0472 0 0
52 -8.78221 -23.8806 -4.311 -0.324934 0.274038 0.0826399
53 0 -0.675066 1.41593 0 0 0
54 0 0.979376 2.33571 0.174533 0 0
55 0 -1.91969 2.85382 0 0 0
56 0 2.062 1.89702 -0.785398 0 0
57 0 -1.66928 2.60403 -0.0368112 0 0
58 6.98255 2.1009 -16.1176 0 0 0
time 16
0 6.78963 4.11825 -5.6679 0.000934124 0 -1.53243
1 6.02795 0 0 -0.458813 0.555172 0.511409
2 11.7344 0 0 -0.00140284 0 -1.71739
3 8.81138 -0.000448227 -0.000112057 -0.197126 0 0.000157959
4 5.77839 0.00028801 0 -0.132074 0 0.000105011
5 2.23163 -0.000328064 -0.00036335 -0.0650515 0 0
6 11.4725 0 0 -0.0673371 0.26592 0.538802
7 0.615219 -0.993091 -0.8107 2.37796 0.0947793 -0.357731
8 2.24752 0 0 0.0605115 0.256564 -0.2229
9 1.11936 0 0 0.0749245 0.0570866 -0.249581
10 3.71348 -0.10264 0.102191 1.77011 0.834515 0.136624
11 1.72615 0 0 0.0132713 -0.00790277 -0.752901
12 1.21114 0 0 0.00859354 0.0149049 -0.715073
13 3.59919 -1.06012 0.070888 1.87069 0.753838 0.183214
14 1.66069 0 0 -0.0179591 0.0442491 -0.685541
15 1.167 0 0 0.00837438 -0.00858971 -0.42626
16 2.18853 0.50104 0.0576582 1.57366 -0.0309469 0.156362
17 1.29609 0 0 0.0779352 0.0286011 -1.03656
18 1.62202 0.000713348 -0.000471115 0.00637155 -0.021942 -0.724244
19 1.22241 0 0 0.000237514 0.00593051 -0.640787
20 1.76707 1.27612 0.0366416 1.57509 0.199782 0.109312
21 1.55588 0 0 -0.0250132 0.018711 -0.663582
22 1.24274 0 0 -0.000479211 0.000360506 -1.10455
23 0.784524 0 0 0.00636382 -0.00322819 -0.699183
24 -6.70653 6.33347 -4.92397 -0.000932693 0 -1.8749
25 6.02794 0 0 1.32285 0.542259 0.092953
26 11.7344 0 0 0.00140272 0 0.955435
27 8.81167 0 0 -0.167573 0 0
28 5.77884 0 0 -0.112274 0 0
29 2.23249 0 0 -0.0552991 0 0
30 11.4725 0 0 -0.187954 -0.06213 0.250867
31 0.615814 0.994373 -0.809165 -2.92976 0.493253 0.265594
32 2.24752 0 0 -0.0855363 0.232663 0.35509
33 1.11936 0 0 -0.116331 0.113684 0.141374
34 3.71349 0.10264 0.10219 -1.54675 0.834836 -0.400578
35 1.72615 0 0 -0.00689872 -0.0073266 1.09674
36 1.21112 0 0 0.0103137 0.0102 1.33017
37 3.5992 1.06012 0.0708885 -1.53662 0.394253 -0.182897
38 1.66069 0 0 0.00129292 0.0778541 0.239537
39 1.16699 0 0 0.0426518 0.021851 0.735105
40 2.18853 -0.50104 0.0576594 -1.5728 0.133573 -0.17288
41 1.29609 0 0 0.120501 0.0520645 0.782583
42 1.62202 -0.000711441 -0.000470161 0.0811907 -0.0245017 1.19712
43 1.22241 0 0 -0.0119317 -0.00594711 1.29801
44 1.76707 -1.27612 0.0366404 -1.48212 0.284875 -0.100851
45 1.55588 0 0 0.223724 0.0868401 0.700864
46 1.24273 0 0 0.000478927 0.000360565 0.964696
47 0.784531 0 0 -0.00618634 0.00024954 0.884667
48 0 0 0 0 0 0
49 -9.27215 -22.8999 -4.937 -0.391376 0.296183 0.0677129
50 0 -0.703102 2.39715 0 0 0
51 -0.0145817 -0.456411 1.68256 -1.0472 0 0
52 -8.97616 -24.047 -4.22361 -0.391376 0.296184 0.0677135
53 0 -0.675064 1.41593 0 0 0
54 0 0.979376 2.33571 0.174533 0 0
55 0 -1.91969 2.85382 0 0 0
56 0 2.062 1.89703 -0.785398 0 0
57 0 -1.66928 2.60403 -0.0368113 0 0
58 6.98255 2.1009 -16.1176 0 0 0
time 17
0 6.78963 4.11825 -5.6679 0.000934124 0 -1.53243
1 6.02795 0 0 -0.418009 0.587671 0.597373
2 11.7344 0 0 -0.00140282 0 -1.77938
3 8.81138 -0.000448227 -0.00011158 -0.0212338 0 0.000157296
4 5.77839 0.000286102 0 -0.0142266 0 0.000105235
5 2.23163 -0.000329971 -0.00036335 -0.00700711 0 0
6 11.4725 0 0 0.127837 0.240096 0.57209
7 0.615219 -0.993092 -0.810701 2.36302 0.0866627 -0.357379
8 2.24752 0 0 0.0605672 0.267265 -0.222262
9 1.11936 0 0 0.0749173 0.0546634 -0.249677
10 3.71348 -0.102642 0.10219 1.77126 0.869992 0.142171
11 1.72615 0 0 0.013477 -0.00733088 -0.811382
12 1.21114 0 0 0.00873815 0.0151279 -0.772911
13 3.59919 -1.06012 0.0708871 1.87281 0.766148 0.187135
14 1.66069 0 0 -0.0195999 0.0443891 -0.726687
15 1.167 0 0 0.0084104 -0.0083937 -0.438997
16 2.18853 0.50104 0.0576591 1.57366 -0.0281251 0.156362
17 1.29609 0 0 0.0785582 0.0270526 -1.07235
18 1.62202 0.000711441 -0.000471115 0.00740293 -0.022111 -0.784237
19 1.22241 0 0 0.000237445 0.00593041 -0.707337
20 1.76707 1.27612 0.0366406 1.57458 0.205155 0.106808
21 1.55588 0 0 -0.0273742 0.0177043 -0.702262
22 1.24273 0 0 -0.000479274 0.000360591 -1.15419
23 0.784523 0 0 0.00636387 -0.00322825 -0.741041
24 -6.70653 6.16802 -5.11776 -0.000932693 0 -1.8749
25 6.02794 0 0 1.32311 0.524948 0.094784
26 11.7344 0 0 0.00140272 0 0.922226
27 8.81167 0 0 -0.123731 0 0
28 5.77884 0 0 -0.0829001 0 0
29 2.23249 0 0 -0.0408312 0 0
30 11.4725 0 0 -0.15373 -0.0727803 0.321496
31 0.615812 0.994373 -0.809166 -2.93449 0.495679 0.255208
32 2.24752 0 0 -0.180191 0.231947 0.340752
33 1.11936 0 0 -0.193793 0.102943 0.234706
34 3.71348 0.10264 0.102191 -1.54675 0.834836 -0.400578
35 1.72615 0 0 -0.00689874 -0.00732659 1.09674
36 1.21112 0 0 0.0103137 0.0102 1.33017
37 3.5992 1.06012 0.0708883 -1.53662 0.394253 -0.182897
38 1.66069 0 0 0.00129284 0.0778541 0.239537
39 1.16699 0 0 0.0426518 0.021851 0.735105
40 2.18853 -0.501038 0.0576589 -1.5728 0.133573 -0.17288
41 1.29609 0 0 0.120501 0.0520645 0.782583
42 1.62202 -0.000713348 -0.000469208 0.0811908 -0.0245018 1.19712
43 1.22241 0 0 -0.0119317 -0.00594709 1.29801
44 1.76707 -1.27612 0.0366406 -1.48212 0.284875 -0.100851
45 1.55588 0 0 0.223724 0.08684 0.700865
46 1.24273 0 0 0.000478935 0.000360552 0.964696
47 0.784531 0 0 -0.00618633 0.000249586 0.884667
48 0 0 0 0 0 0
49 -9.30876 -23.106 -4.91928 -0.451188 0.273323 0.0737718
50 0 -0.703098 2.39715 0 0 0
51 -0.0145798 -0.456411 1.68256 -1.0472 0 0
52 -9.00721 -24.2046 -4.13535 -0.451187 0.273323 0.0737723
53 0 -0.675062 1.41593 0 0 0
54 0 0.979378 2.33571 0.174533 0 0
55 0 -1.91969 2.85382 0 0 0
56 0 2.062 1.89702 -0.785398 0 0
57 0 -1.66928 2.60403 -0.0368113 0 0
58 6.98255 2.1009 -16.1176 0 0 0
time 18
0 6.78963 4.11825 -5.6679 0.000934124 0 -1.53243
1 6.02795 0 0 -0.360938 0.621458 0.697214
2 11.7344 0 0 -0.00140286 0 -1.83736
3 8.81138 -0.000450134 -0.000112534 0.161156 0 0.000157876
4 5.77839 0.000286102 0 0.107975 0 0.00010658
5 2.23163 -0.000328064 -0.000364304 0.0531816 0 0
6 11.4725 0 0 0.317848 0.203871 0.594547
7 0.615219 -0.993091 -0.8107 2.36899 0.0818238 -0.357733
8 2.24752 0 0 0.0604128 0.265358 -0.225383
9 1.11936 0 0 0.0749654 0.0533549 -0.248725
10 3.71348 -0.102641 0.102191 1.76983 0.894941 0.147824
11 1.72615 0 0 0.0134653 -0.00665909 -0.868448
12 1.21114 0 0 0.00863262 0.0150388 -0.829088
13 3.59919 -1.06012 0.0708876 1.87185 0.758974 0.186365
14 1.66069 0 0 -0.0208724 0.0442083 -0.762374
15 1.167 0 0 0.00841043 -0.00839371 -0.432675
16 2.18853 0.50104 0.0576591 1.57369 -0.0280721 0.155619
17 1.29609 0 0 0.0767471 0.0272174 -1.09741
18 1.62202 0.000712395 -0.000471115 0.00829036 -0.0219592 -0.840917
19 1.22241 0 0 0.000237403 0.00593055 -0.773152
20 1.76707 1.27612 0.0366406 1.57281 0.205155 0.106808
21 1.55588 0 0 -0.0306037 0.0167736 -0.735706
22 1.24273 0 0 -0.000479267 0.000360515 -1.19373
23 0.784523 0 0 0.00636373 -0.00322821 -0.782915
24 -6.70653 6.03176 -5.27735 -0.000932693 0 -1.8749
25 6.02794 0 0 1.30313 0.516038 0.107441
26 11.7344 0 0 0.00140268 0 0.905124
27 8.81167 0 0 0.030727 0 0
28 5.77884 0 0 0.0205871 0 0
29 2.23249 0 0 0.0101399 0 0
30 11.4725 0 0 -0.0161112 -0.133129 0.350664
31 0.615812 0.994371 -0.809166 -2.93808 0.497516 0.247344
32 2.24752 0 0 -0.293137 0.231102 0.323767
33 1.11936 0 0 -0.28125 0.0914872 0.356018
34 3.71349 0.102638 0.102191 -1.54675 0.834836 -0.400578
35 1.72615 0 0 -0.00689866 -0.00732664 1.09674
36 1.21112 0 0 0.0103137 0.0102001 1.33017
37 3.5992 1.06012 0.0708885 -1.5367 0.393713 -0.183247
38 1.66069 0 0 -0.000751372 0.0776273 0.213026
39 1.16699 0 0 0.0401919 0.0240017 0.664659
40 2.18853 -0.501041 0.0576596 -1.5728 0.133573 -0.17288
41 1.29609 0 0 0.120501 0.0520644 0.782584
42 1.62201 -0.000713348 -0.000469208 0.0811908 -0.0245018 1.19712
43 1.22241 0 0 -0.0119318 -0.00594717 1.29801
44 1.76707 -1.27612 0.0366406 -1.48212 0.284875 -0.100851
45 1.55587 0 0 0.223724 0.0868401 0.700864
46 1.24273 0 0 0.000478893 0.000360574 0.964696
47 0.784532 0 0 -0.00618633 0.00024957 0.884667
48 0 0 0 0 0 0
49 -8.96306 -23.2097 -4.8686 -0.496089 0.154596 0.135713
50 0 -0.7031 2.39715 0 0 0
51 -0.0145817 -0.456409 1.68256 -1.0472 0 0
52 -8.68518 -24.2619 -4.0154 -0.496089 0.154596 0.135713
53 0 -0.675062 1.41593 0 0 0
54 0 0.979378 2.33571 0.174533 0 0
55 0 -1.91969 2.85382 0 0 0
56 0 2.062 1.89703 -0.785398 0 0
57 0 -1.66928 2.60403 -0.0368113 0 0
58 6.98255 2.1009 -16.1176 0 0 0
time 19
0 6.78963 4.11825 -5.6679 0.000934124 0 -1.53243
1 6.02795 0 0 -0.288104 0.651968 0.808723
2 11.7344 0 0 -0.00140284 0 -1.88873
3 8.81138 -0.000450134 -0.000112534 0.342745 0 0.000157619
4 5.77839 0.000286102 0 0.229639 0 0.000107248
5 2.23164 -0.000328064 -0.00036335 0.113106 0 0
6 11.4725 0 0 0.493097 0.160487 0.60256
7 0.61522 -0.993091 -0.810699 2.386 0.0775219 -0.358738
8 2.24752 0 0 0.0599733 0.259932 -0.234263
9 1.11936 0 0 0.0751025 0.0521917 -0.246014
10 3.71348 -0.102641 0.102191 1.76575 0.918822 0.154228
11 1.72615 0 0 0.0134319 -0.00586324 -0.932111
12 1.21114 0 0 0.00833197 0.0147856 -0.891654
13 3.59919 -1.06012 0.070888 1.86909 0.738555 0.184175
14 1.66069 0 0 -0.0221577 0.0436937 -0.800364
15 1.167 0 0 0.00841046 -0.00839381 -0.414682
16 2.18852 0.50104 0.0576582 1.57374 -0.028025 0.153505
17 1.29609 0 0 0.0715927 0.0276866 -1.12133
18 1.62202 0.000715256 -0.000471115 0.00923195 -0.0215272 -0.903392
19 1.22241 0 0 0.000237443 0.00593046 -0.846932
20 1.76707 1.27612 0.0366402 1.56877 0.205155 0.106808
21 1.55588 0 0 -0.0351216 0.0157564 -0.771259
22 1.24273 0 0 -0.000479333 0.000360627 -1.2342
23 0.784523 0 0 0.00636394 -0.00322822 -0.830052
24 -6.70653 5.9393 -5.38565 -0.000932693 0 -1.8749
25 6.02794 0 0 1.25337 0.515501 0.138986
26 11.7344 0 0 0.00140262 0 0.900728
27 8.81167 0 0 0.367503 0 0
28 5.77884 0 0 0.246227 0 0
29 2.23249 0 0 0.121276 0 0
30 11.4725 0 0 0.282139 -0.290345 0.340759
31 0.615812 0.994371 -0.809165 -2.94035 0.49868 0.242362
32 2.24752 0 0 -0.387757 0.230398 0.309582
33 1.11936 0 0 -0.352753 0.0823726 0.477293
34 3.71348 0.102638 0.102191 -1.54675 0.834836 -0.400578
35 1.72615 0 0 -0.00689868 -0.00732658 1.09674
36 1.21112 0 0 0.0103137 0.0102001 1.33017
37 3.5992 1.06012 0.0708895 -1.53684 0.392277 -0.183896
38 1.66069 0 0 -0.00562559 0.0770864 0.149809
39 1.16699 0 0 0.0343258 0.02913 0.496673
40 2.18853 -0.501041 0.0576591 -1.5728 0.133573 -0.17288
41 1.29609 0 0 0.120501 0.0520645 0.782583
42 1.62202 -0.000713348 -0.000470161 0.0811907 -0.0245018 1.19712
43 1.22241 0 0 -0.0119317 -0.00594717 1.29801
44 1.76707 -1.27612 0.0366411 -1.48212 0.284875 -0.100851
45 1.55588 0 0 0.223724 0.0868402 0.700865
46 1.24273 0 0 0.000478897 0.000360547 0.964696
47 0.784531 0 0 -0.00618631 0.000249591 0.884667
48 0 0 0 0 0 0
49 -8.17303 -23.1425 -4.72858 -0.583835 -0.112229 0.273277
50 0 -0.703101 2.39715 0 0 0
51 -0.0145807 -0.456412 1.68256 -1.0472 0 0
52 -8.00603 -24.1345 -3.77975 -0.583835 -0.112228 0.273277
53 0 -0.675064 1.41593 0 0 0
54 0 0.979377 2.33571 0.174533 0 0
55 0 -1.91969 2.85382 0 0 0
56 0 2.062 1.89703 -0.785398 0 0
57 0 -1.66928 2.60403 -0.0368113 0 0
58 6.98255 2.1009 -16.1176 0 0 0
time 20
0 6.78963 4.11825 -5.6679 0.000934124 0 -1.53243
1 6.02795 0 0 -0.202152 0.674714 0.927312
2 11.7344 0 0 -0.00140287 0 -1.93129
3 8.81138 -0.000448227 -0.00011158 0.513357 0 0.000157711
4 5.77839 0.000286102 0 0.343949 0 0.000108286
5 2.23163 -0.000329971 -0.000364304 0.169408 0 0
6 11.4725 0 0 0.644888 0.113208 0.594064
7 0.615221 -0.993093 -0.8107 2.41266 0.0737256 -0.360314
8 2.24752 0 0 0.0592845 0.251427 -0.248184
9 1.11936 0 0 0.0753172 0.051165 -0.241765
10 3.71348 -0.102642 0.102191 1.75937 0.941593 0.161252
11 1.72615 0 0 0.0133793 -0.00496266 -1.00118
12 1.21114 0 0 0.007861 0.0143888 -0.959445
13 3.59919 -1.06012 0.0708871 1.86477 0.706548 0.180743
14 1.66069 0 0 -0.0234452 0.0428868 -0.840129
15 1.167 0 0 0.0084104 -0.00839364 -0.386476
16 2.18853 0.50104 0.0576582 1.57384 -0.0279835 0.150191
17 1.29609 0 0 0.0635125 0.028422 -1.14409
18 1.62202 0.000713348 -0.000470161 0.0102149 -0.0208501 -0.970564
19 1.22241 0 0 0.00023747 0.00593049 -0.927258
20 1.76707 1.27612 0.0366406 1.56275 0.205155 0.106808
21 1.55588 0 0 -0.0407491 0.0146695 -0.808434
22 1.24274 0 0 -0.000479226 0.000360507 -1.27521
23 0.784523 0 0 0.00636388 -0.00322815 -0.881522
24 -6.70653 5.90523 -5.42554 -0.000932693 0 -1.8749
25 6.02794 0 0 1.20776 0.508736 0.174979
26 11.7344 0 0 0.00140265 0 0.882065
27 8.81167 0 0 0.701081 0 0
28 5.77884 0 0 0.469724 0 0
29 2.23249 0 0 0.231357 0 0
30 11.4725 0 0 0.572818 -0.46079 0.338916
31 0.615812 0.994371 -0.809165 -2.94114 0.499087 0.240621
32 2.24752 0 0 -0.427435 0.230103 0.303643
33 1.11936 0 0 -0.382354 0.0786551 0.570515
34 3.71349 0.102638 0.10219 -1.54675 0.834836 -0.400578
35 1.72615 0 0 -0.00689872 -0.00732662 1.09674
36 1.21112 0 0 0.0103137 0.0102 1.33017
37 3.5992 1.06011 0.0708876 -1.53692 0.390216 -0.184245
38 1.66069 0 0 -0.011443 0.076441 0.0743548
39 1.16699 0 0 0.0273244 0.0352509 0.296174
40 2.18853 -0.501041 0.0576591 -1.5728 0.133573 -0.17288
41 1.29609 0 0 0.120501 0.0520645 0.782583
42 1.62202 -0.000711441 -0.000469208 0.0811908 -0.0245019 1.19712
43 1.22241 0 0 -0.0119317 -0.00594711 1.29801
44 1.76707 -1.27612 0.0366421 -1.48212 0.284875 -0.100851
45 1.55587 0 0 0.223724 0.0868401 0.700865
46 1.24273 0 0 0.000478977 0.000360572 0.964696
47 0.784531 0 0 -0.00618632 0.000249607 0.884667
48 0 0 0 0 0 0
49 -7.42668 -23.1449 -4.98858 -0.748652 -0.361742 0.432389
50 0 -0.703102 2.39715 0 0 0
51 -0.0145817 -0.456413 1.68256 -1.0472 0 0
52 -7.5419 -23.9137 -3.54891 -0.74313 -0.351387 0.434928
53 0 -0.675066 1.41593 0 0 0
54 0 0.979377 2.33571 0.174533 0 0
55 0 -1.91969 2.85382 0 0 0
56 0 2.062 1.89702 -0.785398 0 0
57 0 -1.66928 2.60403 -0.0368113 0 0
58 6.98255 2.1009 -16.1176 0 0 0
time 21
0 6.78963 4.11825 -5.6679 0.000934124 0 -1.53243
1 6.02795 0 0 -0.107986 0.686361 1.0463
2 11.7344 0 0 -0.00140282 0 -1.96464
3 8.81138 -0.000450134 -0.000112057 0.660084 0 0.000157257
4 5.77839 0.000286102 0 0.442256 0 0.000108822
5 2.23163 -0.000329971 -0.000364304 0.217828 0 0
6 11.4725 0 0 0.76555 0.0652586 0.569055
7 0.615219 -0.993092 -0.8107 2.44759 0.070403 -0.362378
8 2.24752 0 0 0.0583821 0.240282 -0.266424
9 1.11936 0 0 0.0755985 0.0502666 -0.236198
10 3.71348 -0.102642 0.102191 1.751 0.963209 0.168768
11 1.72615 0 0 0.0133107 -0.0039778 -1.07445
12 1.21114 0 0 0.00724355 0.0138686 -1.0313
13 3.59919 -1.06012 0.0708876 1.85911 0.664606 0.176246
14 1.66069 0 0 -0.024725 0.0418295 -0.881144
15 1.167 0 0 0.00841048 -0.00839377 -0.349516
16 2.18852 0.50104 0.0576591 1.57396 -0.0279472 0.145849
17 1.29609 0 0 0.0529246 0.0293856 -1.16564
18 1.62202 0.000713348 -0.000470161 0.0112265 -0.019963 -1.04134
19 1.22241 0 0 0.000237464 0.00593044 -1.01271
20 1.76707 1.27612 0.0366411 1.55504 0.205155 0.106808
21 1.55587 0 0 -0.0473079 0.0135297 -0.846743
22 1.24274 0 0 -0.00047935 0.00036065 -1.31639
23 0.784522 0 0 0.00636397 -0.00322812 -0.936398
24 -6.70653 5.90523 -5.42554 -0.000932693 0 -1.8749
25 6.02794 0 0 1.19375 0.498033 0.192375
26 11.7344 0 0 0.00140262 0 0.86526
27 8.81167 0 0 0.849652 0 0
28 5.77884 0 0 0.569267 0 0
29 2.23249 0 0 0.280385 0 0
30 11.4725 0 0 0.723046 -0.511699 0.320692
31 0.615814 0.994371 -0.809165 -2.93952 0.498369 0.244092
32 2.24752 0 0 -0.38893 0.230323 0.307867
33 1.11936 0 0 -0.345881 0.0850838 0.629772
34 3.71349 0.102638 0.10219 -1.54675 0.834836 -0.400578
35 1.72615 0 0 -0.00689873 -0.00732657 1.09674
36 1.21112 0 0 0.0103137 0.0102 1.33017
37 3.5992 1.06012 0.0708885 -1.51499 0.385958 -0.126529
38 1.66069 0 0 -0.0163173 0.0759001 0.0111372
39 1.16699 0 0 0.0214583 0.0403793 0.128188
40 2.18853 -0.50104 0.0576591 -1.5728 0.133573 -0.17288
41 1.29609 0 0 0.120501 0.0520644 0.782584
42 1.62202 -0.000713348 -0.000470161 0.0811907 -0.0245018 1.19712
43 1.22241 0 0 -0.0119317 -0.00594715 1.29801
44 1.76707 -1.27612 0.0366402 -1.48212 0.284875 -0.100851
45 1.55588 0 0 0.223724 0.08684 0.700865
46 1.24273 0 0 0.000478907 0.000360533 0.964696
47 0.784534 0 0 -0.00618631 0.0002497 0.884667
48 0 0 0 0 0 0
49 -6.59149 -23.462 -5.82014 -0.840498 -0.478789 0.538261
50 0 -0.703104 2.39715 0 0 0
51 -0.0145817 -0.456413 1.68256 -1.0472 0 0
52 -7.37067 -23.8761 -3.4286 -0.825334 -0.45075 0.542812
53 0 -0.675066 1.41593 0 0 0
54 0 0.979377 2.33571 0.174533 0 0
55 0 -1.9197 2.85382 0 0 0
56 0 2.062 1.89702 -0.785398 0 0
57 0 -1.66928 2.60403 -0.0368112 0 0
58 6.98255 2.1009 -16.1176 0 0 0
time 22
0 6.78963 4.11825 -5.6679 0.000934124 0 -1.53243
1 6.02795 0 0 -0.0124606 0.685563 1.1574
2 11.7344 0 0 -0.00140281 0 -1.98969
3 8.81138 -0.000450134 -0.000112534 0.770238 0 0.000157961
4 5.77839 0.000286102 0 0.516059 0 0.000110032
5 2.23164 -0.000329971 -0.00036335 0.254178 0 0
6 11.4725 0 0 0.848464 0.0198737 0.528741
7 0.615219 -0.99309 -0.810699 2.48942 0.0675227 -0.36485
8 2.24752 0 0 0.057301 0.226937 -0.288265
9 1.11936 0 0 0.0759354 0.0494877 -0.229531
10 3.71348 -0.102641 0.102192 1.74099 0.983627 0.176645
11 1.72615 0 0 0.0132282 -0.00292749 -1.15074
12 1.21114 0 0 0.00650457 0.0132457 -1.10605
13 3.59919 -1.06012 0.0708885 1.85234 0.614387 0.170861
14 1.66069 0 0 -0.0259863 0.0405635 -0.922881
15 1.167 0 0 0.00841051 -0.00839386 -0.305262
16 2.18852 0.50104 0.0576591 1.5741 -0.0279157 0.14065
17 1.29609 0 0 0.0402473 0.0305391 -1.18595
18 1.62202 0.000714302 -0.000471115 0.0122539 -0.0189003 -1.11462
19 1.22241 0 0 0.000237574 0.00593043 -1.10186
20 1.76707 1.27612 0.0366411 1.54592 0.205155 0.106808
21 1.55588 0 0 -0.0546192 0.0123545 -0.885699
22 1.24273 0 0 -0.000479114 0.0003605 -1.35733
23 0.784522 0 0 0.00636368 -0.00322824 -0.993752
24 -6.70653 5.90523 -5.42554 -0.000932693 0 -1.8749
25 6.02794 0 0 1.19049 0.489667 0.200229
26 11.7344 0 0 0.00140271 0 0.856855
27 8.81167 0 0 0.896936 0 0
28 5.77884 0 0 0.600947 0 0
29 2.23249 0 0 0.295989 0 0
30 11.4725 0 0 0.778289 -0.516932 0.304149
31 0.615814 0.994371 -0.809165 -2.93511 0.496422 0.253512
32 2.24752 0 0 -0.296655 0.230876 0.318621
33 1.11936 0 0 -0.256843 0.100413 0.673742
34 3.71349 0.102638 0.10219 -1.54675 0.834836 -0.400578
35 1.72615 0 0 -0.00689876 -0.00732668 1.09674
36 1.21112 0 0 0.0103137 0.0102 1.33017
37 3.5992 1.06012 0.0708876 -1.49306 0.382841 -0.0688127
38 1.66069 0 0 -0.0183614 0.0756732 -0.015374
39 1.16699 0 0 0.0189982 0.0425299 0.0577418
40 2.18853 -0.50104 0.0576591 -1.5728 0.133573 -0.17288
41 1.29609 0 0 0.120501 0.0520644 0.782584
42 1.62202 -0.000715256 -0.000471115 0.0811908 -0.0245017 1.19712
43 1.22241 0 0 -0.0119318 -0.00594703 1.29801
44 1.76707 -1.27612 0.0366402 -1.48212 0.284875 -0.100851
45 1.55587 0 0 0.223724 0.0868401 0.700865
46 1.24273 0 0 0.000478896 0.00036048 0.964696
47 0.784533 0 0 -0.00618635 0.000249687 0.884667
48 0 0 0 0 0 0
49 -5.44856 -23.82 -6.91565 -0.863675 -0.514437 0.581478
50 0 -0.7031 2.39715 0 0 0
51 -0.0145798 -0.456409 1.68256 -1.0472 0 0
52 -7.25452 -23.9118 -3.34535 -0.846424 -0.482804 0.585932
53 0 -0.675064 1.41593 0 0 0
54 0 0.979377 2.33571 0.174533 0 0
55 0 -1.9197 2.85382 0 0 0
56 0 2.062 1.89703 -0.785398 0 0
57 0 -1.66928 2.60403 -0.0368112 0 0
58 6.98255 2.1009 -16.1176 0 0 0
time 23
0 6.78963 4.11825 -5.6679 0.000934124 0 -1.53243
1 6.02795 0 0 0.0772029 0.67353 1.25286
2 11.7344 0 0 -0.00140277 0 -2.00889
3 8.81138 -0.000450134 -0.000112534 0.834279 0 0.000158026
4 5.77839 0.000286102 0 0.558967 0 0.00011053
5 2.23163 -0.000329971 -0.000364304 0.275312 0 0
6 11.4725 0 0 0.888082 -0.0194074 0.474904
7 0.61522 -0.993091 -0.8107 2.53677 0.0650533 -0.367649
8 2.24752 0 0 0.0560777 0.211832 -0.312986
9 1.11936 0 0 0.0763167 0.0488199 -0.221986
10 3.71348 -0.10264 0.102191 1.72965 1.0028 0.184752
11 1.72615 0 0 0.0131352 -0.00183217 -1.22884
12 1.21113 0 0 0.00566798 0.0125407 -1.18253
13 3.59919 -1.06012 0.0708885 1.84466 0.557546 0.164765
14 1.66069 0 0 -0.027219 0.0391307 -0.964815
15 1.167 0 0 0.00841049 -0.00839384 -0.255172
16 2.18852 0.50104 0.0576591 1.57427 -0.0278887 0.134765
17 1.29609 0 0 0.0258982 0.0318452 -1.20498
18 1.62202 0.000713348 -0.000472069 0.0132849 -0.0176981 -1.18932
19 1.22241 0 0 0.000237514 0.00593044 -1.19328
20 1.76707 1.27612 0.0366411 1.53569 0.205155 0.106808
21 1.55588 0 0 -0.0625046 0.0111603 -0.924814
22 1.24274 0 0 -0.000479259 0.000360564 -1.39766
23 0.784524 0 0 0.00636389 -0.0032281 -1.05266
24 -6.70653 5.90523 -5.42554 -0.000932693 0 -1.8749
25 6.02794 0 0 1.18895 0.486266 0.203636
26 11.7344 0 0 0.00140267 0 0.853313
27 8.81167 0 0 0.841429 0 0
28 5.77884 0 0 0.563758 0 0
29 2.23249 0 0 0.277672 0 0
30 11.4725 0 0 0.704493 -0.526315 0.332566
31 0.615814 0.994372 -0.809166 -2.92862 0.493551 0.267396
32 2.24752 0 0 -0.185468 0.231608 0.333034
33 1.11936 0 0 -0.145811 0.11871 0.711292
34 3.71349 0.10264 0.10219 -1.54675 0.834836 -0.400578
35 1.72615 0 0 -0.00689867 -0.00732656 1.09674
36 1.21112 0 0 0.0103137 0.0102 1.33017
37 3.5992 1.06012 0.0708876 -1.49306 0.382841 -0.0688128
38 1.66069 0 0 -0.0183614 0.0756732 -0.015374
39 1.16699 0 0 0.0189983 0.0425299 0.0577419
40 2.18853 -0.50104 0.0576591 -1.5728 0.133573 -0.17288
41 1.29609 0 0 0.120501 0.0520644 0.782583
42 1.62202 -0.000715256 -0.000470161 0.0811908 -0.0245018 1.19712
43 1.22241 0 0 -0.0119317 -0.0059471 1.29801
44 1.76707 -1.27612 0.0366402 -1.48212 0.284875 -0.100851
45 1.55588 0 0 0.223724 0.0868401 0.700865
46 1.24273 0 0 0.000478843 0.000360508 0.964696
47 0.784531 0 0 -0.00618619 0.000249543 0.884667
48 0 0 0 0 0 0
49 -4.2668 -24.2256 -8.19174 -0.829332 -0.437751 0.534775
50 0 -0.703101 2.39715 0 0 0
51 -0.0145817 -0.456412 1.68256 -1.0472 0 0
52 -7.12818 -23.894 -3.29286 -0.829332 -0.43775 0.534775
53 0 -0.675063 1.41593 0 0 0
54 0 0.979377 2.33571 0.174533 0 0
55 0 -1.9197 2.85382 0 0 0
56 0 2.062 1.89703 -0.785398 0 0
57 0 -1.66928 2.60403 -0.0368114 0 0
58 6.98255 2.1009 -16.1176 0 0 0
time 24
0 6.78963 4.11825 -5.6679 0.000934124 0 -1.53243
1 6.02795 0 0 0.154907 0.653899 1.32771
2 11.7344 0 0 -0.00140292 0 -2.02635
3 8.81138 -0.000450134 -0.00011158 0.846217 0 0.000157651
4 5.77839 0.000286102 0 0.566965 0 0.000110453
5 2.23163 -0.000329971 -0.000364304 0.279252 0 0
6 11.4725 0 0 0.879758 -0.0480822 0.409383
7 0.615219 -0.993091 -0.8107 2.58825 0.0629629 -0.370692
8 2.24752 0 0 0.0547475 0.195407 -0.339867
9 1.11936 0 0 0.0767314 0.0482546 -0.213781
10 3.71348 -0.102642 0.102191 1.71732 1.0207 0.192959
11 1.72615 0 0 0.0130337 -0.000710929 -1.30756
12 1.21114 0 0 0.00475845 0.011774 -1.25958
13 3.59919 -1.06012 0.0708885 1.83632 0.495738 0.158137
14 1.66069 0 0 -0.0284126 0.0375727 -1.00642
15 1.167 0 0 0.00841046 -0.00839382 -0.200705
16 2.18852 0.50104 0.0576582 1.57445 -0.0278658 0.128366
17 1.29609 0 0 0.0102953 0.033265 -1.22269
18 1.62202 0.000712395 -0.000471115 0.0143061 -0.0163906 -1.26433
19 1.22241 0 0 0.000237493 0.00593053 -1.28557
20 1.76707 1.27612 0.0366411 1.52463 0.205155 0.106808
21 1.55587 0 0 -0.0707854 0.00996411 -0.963601
22 1.24273 0 0 -0.000479344 0.000360598 -1.43699
23 0.784523 0 0 0.00636381 -0.00322821 -1.11218
24 -6.70653 5.90523 -5.42554 -0.000932693 0 -1.8749
25 6.02794 0 0 1.19097 0.486362 0.201911
26 11.7344 0 0 0.00140274 0 0.854083
27 8.81167 0 0 0.750111 0 0
28 5.77884 0 0 0.502574 0 0
29 2.23249 0 0 0.247536 0 0
30 11.4725 0 0 0.589639 -0.52665 0.370092
31 0.615812 0.994373 -0.809166 -2.92073 0.490066 0.284253
32 2.24752 0 0 -0.0902275 0.232362 0.348229
33 1.11936 0 0 -0.0433542 0.13404 0.751288
34 3.71349 0.10264 0.102191 -1.54675 0.834836 -0.400578
35 1.72615 0 0 -0.00689879 -0.00732666 1.09674
36 1.21112 0 0 0.0103138 0.0102 1.33017
37 3.5992 1.06012 0.0708885 -1.49306 0.382841 -0.0688128
38 1.66069 0 0 -0.0183614 0.0756731 -0.0153739
39 1.16699 0 0 0.0189983 0.0425299 0.0577419
40 2.18853 -0.501041 0.0576591 -1.5728 0.133573 -0.17288
41 1.29609 0 0 0.120501 0.0520645 0.782583
42 1.62202 -0.000713348 -0.000470161 0.0811909 -0.0245018 1.19712
43 1.22241 0 0 -0.0119318 -0.00594702 1.29801
44 1.76707 -1.27612 0.0366411 -1.48212 0.284875 -0.100851
45 1.55587 0 0 0.223724 0.0868401 0.700864
46 1.24273 0 0 0.000478884 0.000360554 0.964696
47 0.784531 0 0 -0.00618631 0.0002495 0.884667
48 0 0 0 0 0 0
49 -3.17425 -24.7398 -9.68104 -0.738914 -0.25339 0.474276
50 0 -0.703102 2.39715 0 0 0
51 -0.0145817 -0.456413 1.68256 -1.0472 0 0
52 -7.08516 -23.8793 -3.27745 -0.799517 -0.368131 0.454279
53 0 -0.675063 1.41593 0 0 0
54 0 0.979378 2.33571 0.174533 0 0
55 0 -1.91969 2.85382 0 0 0
56 0 2.062 1.89702 -0.785398 0 0
57 0 -1.66928 2.60403 -0.0368112 0 0
58 6.98255 2.1009 -16.1176 0 0 0
time 25
0 6.78963 4.11825 -5.6679 0.000934124 0 -1.53243
1 6.02795 0 0 0.224331 0.627986 1.38162
2 11.7344 0 0 -0.0014028 0 -2.04707
3 8.81138 -0.000450134 -0.00011158 0.79229 0 0.00015794
4 5.77839 0.000286102 0 0.530834 0 0.000110216
5 2.23163 -0.000328064 -0.000364304 0.261456 0 0
6 11.4725 0 0 0.807562 -0.0690503 0.329582
7 0.615218 -0.993091 -0.8107 2.64248 0.06122 -0.373898
8 2.24752 0 0 0.053346 0.178103 -0.368188
9 1.11936 0 0 0.0771683 0.0477833 -0.205137
10 3.71348 -0.10264 0.102191 1.70433 1.03726 0.201136
11 1.72615 0 0 0.012927 0.000416074 -1.38571
12 1.21114 0 0 0.00380003 0.0109665 -1.33604
13 3.59919 -1.06012 0.0708876 1.82754 0.430619 0.151154
14 1.66068 0 0 -0.029557 0.0359311 -1.04717
15 1.167 0 0 0.00841048 -0.0083939 -0.14332
16 2.18852 0.50104 0.0576582 1.57464 -0.0278468 0.121625
17 1.29609 0 0 -0.00614353 0.034761 -1.23906
18 1.62202 0.000714302 -0.000471115 0.0153053 -0.0150129 -1.33857
19 1.22241 0 0 0.000237463 0.0059304 -1.37729
20 1.76707 1.27612 0.0366411 1.51302 0.205155 0.106808
21 1.55588 0 0 -0.079283 0.00878317 -1.00157
22 1.24273 0 0 -0.000479353 0.000360549 -1.47492
23 0.784523 0 0 0.0063638 -0.00322813 -1.1714
24 -6.70653 5.90523 -5.42554 -0.000932693 0 -1.8749
25 6.02794 0 0 1.19287 0.487343 0.199735
26 11.7344 0 0 0.00140286 0 0.855708
27 8.81167 0 0 0.6998 0 0
28 5.77884 0 0 0.468866 0 0
29 2.23249 0 0 0.230934 0 0
30 11.4725 0 0 0.524006 -0.529879 0.389329
31 0.615812 0.994371 -0.809164 -2.91215 0.486273 0.302599
32 2.24752 0 0 -0.0457901 0.232982 0.361335
33 1.11936 0 0 0.0199557 0.140468 0.802597
34 3.71348 0.102638 0.102192 -1.54675 0.834836 -0.400578
35 1.72615 0 0 -0.00689866 -0.00732653 1.09674
36 1.21112 0 0 0.0103136 0.0102 1.33017
37 3.5992 1.06012 0.0708885 -1.49306 0.382841 -0.0688127
38 1.66069 0 0 -0.0183614 0.075673 -0.0153741
39 1.16699 0 0 0.0189982 0.0425299 0.0577417
40 2.18853 -0.501041 0.0576601 -1.5728 0.133574 -0.17288
41 1.29609 0 0 0.120501 0.0520645 0.782583
42 1.62202 -0.000711441 -0.000469208 0.0811907 -0.0245018 1.19712
43 1.22241 0 0 -0.0119317 -0.00594704 1.29801
44 1.76707 -1.27612 0.0366421 -1.48212 0.284875 -0.100851
45 1.55587 0 0 0.223724 0.08684 0.700865
46 1.24273 0 0 0.000478811 0.000360592 0.964696
47 0.784531 0 0 -0.00618623 0.000249563 0.884667
48 0 0 0 0 0 0
49 -1.78192 -25.2906 -11.323 -0.626672 -0.0152277 0.459001
50 0 -0.7031 2.39714 0 0 0
51 -0.0145817 -0.456411 1.68256 -1.0472 0 0
52 -7.11888 -23.875 -3.27827 -0.786161 -0.331406 0.405163
53 0 -0.675065 1.41593 0 0 0
54 0 0.979378 2.33571 0.174533 0 0
55 0 -1.9197 2.85382 0 0 0
56 0 2.062 1.89703 -0.785398 0 0
57 0 -1.66928 2.60403 -0.0368112 0 0
58 6.98255 2.1009 -16.1176 0 0 0
time 26
0 6.78963 4.11825 -5.6679 0.000934124 0 -1.53243
1 6.02795 0 0 0.29227 0.594839 1.41684
2 11.7344 0 0 -0.00140298 0 -2.07323
3 8.81138 -0.000448227 -0.00011158 0.671749 0 0.000157187
4 5.77839 0.00028801 0 0.450072 0 0.000108946
5 2.23164 -0.000328064 -0.000364304 0.221677 0 0
6 11.4725 0 0 0.670194 -0.0908086 0.235924
7 0.615218 -0.993091 -0.810699 2.6981 0.0597931 -0.377185
8 2.24752 0 0 0.0519089 0.160358 -0.397229
9 1.11936 0 0 0.0776163 0.0473974 -0.196272
10 3.71348 -0.102641 0.102191 1.69101 1.05245 0.209152
11 1.72615 0 0 0.0128175 0.00152916 -1.46209
12 1.21114 0 0 0.00281717 0.0101382 -1.41074
13 3.59919 -1.06012 0.0708885 1.81853 0.363844 0.143994
14 1.66069 0 0 -0.0306414 0.0342477 -1.08653
15 1.167 0 0 0.00841042 -0.00839371 -0.0844764
16 2.18852 0.501039 0.0576591 1.57483 -0.0278312 0.114711
17 1.29609 0 0 -0.0230004 0.0362952 -1.25403
18 1.62202 0.000712872 -0.000471115 0.0162696 -0.0136002 -1.41093
19 1.22241 0 0 0.000237578 0.00593035 -1.46702
20 1.76707 1.27612 0.0366402 1.50115 0.205155 0.106808
21 1.55588 0 0 -0.0878189 0.00763438 -1.03824
22 1.24273 0 0 -0.000479323 0.000360538 -1.51108
23 0.784523 0 0 0.00636381 -0.0032282 -1.22938
24 -6.70653 5.90523 -5.42554 -0.000932693 0 -1.8749
25 6.02794 0 0 1.19363 0.488745 0.198241
26 11.7344 0 0 0.00140277 0 0.857715
27 8.81167 0 0 0.665763 0 0
28 5.77884 0 0 0.446061 0 0
29 2.23249 0 0 0.219702 0 0
30 11.4725 0 0 0.477247 -0.536345 0.399309
31 0.61581 0.994373 -0.809166 -2.90356 0.48248 0.320944
32 2.24752 0 0 -0.0397589 0.233523 0.373987
33 1.11936 0 0 0.0472398 0.140019 0.879128
34 3.71348 0.10264 0.10219 -1.54675 0.834836 -0.400578
35 1.72615 0 0 -0.00689865 -0.00732657 1.09674
36 1.21112 0 0 0.0103137 0.0102001 1.33017
37 3.5992 1.06012 0.0708876 -1.49306 0.382841 -0.0688128
38 1.66069 0 0 -0.0183614 0.0756731 -0.015374
39 1.16699 0 0 0.0189985 0.0425299 0.0577418
40 2.18853 -0.501041 0.0576591 -1.5728 0.133573 -0.17288
41 1.29609 0 0 0.120501 0.0520645 0.782584
42 1.62202 -0.000713348 -0.000471115 0.0811907 -0.0245019 1.19712
43 1.22241 0 0 -0.0119317 -0.00594715 1.29801
44 1.76707 -1.27612 0.0366402 -1.48212 0.284875 -0.100851
45 1.55588 0 0 0.223724 0.08684 0.700865
46 1.24273 0 0 0.000478885 0.000360604 0.964696
47 0.784533 0 0 -0.0061863 0.000249554 0.884667
48 0 0 0 0 0 0
49 -0.0781207 -25.9073 -13.1533 -0.51423 0.248761 0.453142
50 0 -0.703101 2.39715 0 0 0
51 -0.0145793 -0.456412 1.68256 -1.0472 0 0
52 -7.15733 -23.88 -3.29439 -0.776214 -0.308458 0.366363
53 0 -0.675065 1.41593 0 0 0
54 0 0.979375 2.33571 0.174533 0 0
55 0 -1.9197 2.85382 0 0 0
56 0 2.062 1.89703 -0.785398 0 0
57 0 -1.66928 2.60403 -0.0368112 0 0
58 6.98255 2.1009 -16.1176 0 0 0
time 27
0 6.78963 4.11825 -5.6679 0.000934124 0 -1.53243
1 6.02795 0 0 0.35721 0.557319 1.43423
2 11.7344 0 0 -0.00140288 0 -2.10344
3 8.81139 -0.00044632 -0.000112534 0.496463 0 0.000157541
4 5.77839 0.00028801 0 0.33263 0 0.000108104
5 2.23164 -0.000328064 -0.000364304 0.163833 0 0
6 11.4725 0 0 0.485606 -0.11402 0.133603
7 0.615219 -0.993092 -0.8107 2.75372 0.0586505 -0.380472
8 2.24752 0 0 0.0504718 0.142614 -0.42627
9 1.11936 0 0 0.0780642 0.0470885 -0.187409
10 3.71348 -0.102641 0.102191 1.67769 1.06623 0.216878
11 1.72615 0 0 0.0127081 0.00260884 -1.5355
12 1.21113 0 0 0.00183439 0.00931006 -1.48251
13 3.59919 -1.06012 0.0708876 1.80951 0.29707 0.136833
14 1.66069 0 0 -0.0316557 0.0325646 -1.12399
15 1.167 0 0 0.00841043 -0.00839388 -0.0256326
16 2.18852 0.501039 0.0576591 1.57502 -0.0278186 0.107798
17 1.29609 0 0 -0.0398569 0.0378294 -1.26759
18 1.62202 0.000713825 -0.000472069 0.0171866 -0.0121878 -1.48033
19 1.22241 0 0 0.000237362 0.00593024 -1.55335
20 1.76707 1.27612 0.0366411 1.48932 0.205155 0.106808
21 1.55588 0 0 -0.0962145 0.00653464 -1.07312
22 1.24274 0 0 -0.000479166 0.000360478 -1.54508
23 0.784522 0 0 0.00636386 -0.00322822 -1.2852
24 -6.70653 5.90523 -5.42554 -0.000932693 0 -1.8749
25 6.02794 0 0 1.19476 0.491102 0.19587
26 11.7344 0 0 0.00140291 0 0.859313
27 8.81167 0 0 0.641454 0 0
28 5.77884 0 0 0.429774 0 0
29 2.23249 0 0 0.21168 0 0
30 11.4725 0 0 0.444036 -0.54076 0.40563
31 0.615813 0.994373 -0.809166 -2.89568 0.478994 0.337802
32 2.24752 0 0 -0.0361007 0.23409 0.388101
33 1.11936 0 0 0.0637889 0.138947 0.97497
34 3.71349 0.10264 0.102191 -1.54675 0.834836 -0.400578
35 1.72615 0 0 -0.00689867 -0.00732654 1.09674
36 1.21112 0 0 0.0103136 0.0102 1.33017
37 3.5992 1.06012 0.0708885 -1.49306 0.382841 -0.0688126
38 1.66069 0 0 -0.0183614 0.0756733 -0.015374
39 1.16699 0 0 0.0189984 0.0425299 0.0577418
40 2.18853 -0.50104 0.0576591 -1.5728 0.133573 -0.17288
41 1.29609 0 0 0.120501 0.0520645 0.782583
42 1.62202 -0.000711441 -0.000469208 0.0811908 -0.0245019 1.19712
43 1.22241 0 0 -0.0119317 -0.0059471 1.29801
44 1.76707 -1.27612 0.0366402 -1.48212 0.284875 -0.100851
45 1.55588 0 0 0.223724 0.08684 0.700865
46 1.24273 0 0 0.000479031 0.000360594 0.964696
47 0.784533 0 0 -0.00618636 0.000249606 0.884667
48 0 0 0 0 0 0
49 1.9131 -26.575 -15.1858 -0.430287 0.496883 0.440618
50 0 -0.703102 2.39715 0 0 0
51 -0.0145817 -0.456414 1.68256 -1.0472 0 0
52 -7.2251 -23.8907 -3.33656 -0.767991 -0.293344 0.336804
53 0 -0.675063 1.41593 0 0 0
54 0 0.979376 2.33571 0.174533 0 0
55 0 -1.91969 2.85382 0 0 0
56 0 2.062 1.89703 -0.785398 0 0
57 0 -1.66928 2.60403 -0.0368113 0 0
58 6.98255 2.1009 -16.1176 0 0 0
time 28
0 6.78963 4.11825 -5.6679 0.000934124 0 -1.53243
1 6.02795 0 0 0.417403 0.519277 1.43571
2 11.7344 0 0 -0.00140282 0 -2.13615
3 8.81139 -0.000450134 -0.00011158 0.27718 0 0.000157514
4 5.77839 0.000286102 0 0.185711 0 0.000106915
5 2.23163 -0.000329971 -0.000364304 0.0914695 0 0
6 11.4725 0 0 0.271328 -0.136619 0.027858
7 0.615219 -0.993092 -0.810699 2.80796 0.0577605 -0.383678
8 2.24752 0 0 0.0490703 0.125309 -0.454592
9 1.11936 0 0 0.0785011 0.0468478 -0.178764
10 3.71348 -0.102642 0.102191 1.66471 1.07855 0.224183
11 1.72615 0 0 0.0126013 0.00363534 -1.60475
12 1.21114 0 0 0.000876011 0.00850236 -1.5502
13 3.59919 -1.06012 0.070888 1.80073 0.23195 0.12985
14 1.66069 0 0 -0.0325894 0.0309227 -1.15901
15 1.167 0 0 0.00841044 -0.00839367 0.0317521
16 2.18853 0.501038 0.0576596 1.57521 -0.0278089 0.101057
17 1.29609 0 0 -0.0562956 0.0393256 -1.27969
18 1.62202 0.000714302 -0.000473022 0.0180429 -0.0108101 -1.54566
19 1.22241 0 0 0.000237498 0.00593044 -1.63484
20 1.76707 1.27612 0.0366411 1.4778 0.205155 0.106808
21 1.55588 0 0 -0.104291 0.00550077 -1.10572
22 1.24273 0 0 -0.00047918 0.00036047 -1.57652
23 0.784523 0 0 0.00636379 -0.00322821 -1.33793
24 -6.70653 5.90523 -5.42554 -0.000932693 0 -1.8749
25 6.02794 0 0 1.19615 0.494251 0.192803
26 11.7344 0 0 0.0014027 0 0.860828
27 8.81167 0 0 0.621111 0 0
28 5.77884 0 0 0.416144 0 0
29 2.23249 0 0 0.204966 0 0
30 11.4725 0 0 0.418657 -0.540368 0.411642
31 0.615812 0.994371 -0.809166 -2.88918 0.476124 0.351686
32 2.24752 0 0 -0.0342221 0.234599 0.401222
33 1.11936 0 0 0.0722871 0.137667 1.06926
34 3.71349 0.10264 0.10219 -1.54675 0.834836 -0.400578
35 1.72615 0 0 -0.00689862 -0.00732657 1.09674
36 1.21112 0 0 0.0103137 0.0102001 1.33017
37 3.5992 1.06012 0.0708885 -1.49306 0.382841 -0.0688127
38 1.66069 0 0 -0.0183615 0.0756731 -0.0153738
39 1.16699 0 0 0.0189984 0.0425299 0.0577416
40 2.18853 -0.501041 0.0576591 -1.5728 0.133574 -0.17288
41 1.29609 0 0 0.120501 0.0520646 0.782583
42 1.62202 -0.000713348 -0.000470161 0.0811907 -0.0245018 1.19712
43 1.2224 0 0 -0.0119318 -0.00594711 1.29801
44 1.76707 -1.27612 0.0366402 -1.48212 0.284875 -0.100851
45 1.55588 0 0 0.223724 0.08684 0.700865
46 1.24273 0 0 0.000478938 0.000360626 0.964696
47 0.784533 0 0 -0.00618635 0.000249506 0.884667
48 0 0 0 0 0 0
49 4.18644 -27.2755 -17.4395 -0.389642 0.690713 0.414135
50 0 -0.7031 2.39714 0 0 0
51 -0.0145817 -0.456413 1.68256 -1.0472 0 0
52 -7.29505 -23.8984 -3.3949 -0.760766 -0.280173 0.315558
53 0 -0.675064 1.41593 0 0 0
54 0 0.979379 2.33571 0.174533 0 0
55 0 -1.91969 2.85382 0 0 0
56 0 2.062 1.89703 -0.785398 0 0
57 0 -1.66928 2.60403 -0.0368114 0 0
58 6.98255 2.1009 -16.1176 0 0 0
time 29
0 6.78963 4.11825 -5.6679 0.000934124 0 -1.53243
1 6.02795 0 0 0.471044 0.484843 1.42405
2 11.7344 0 0 -0.00140287 0 -2.16912
3 8.81139 -0.000452042 -0.00011301 0.0315376 0 0.000157601
4 5.77839 0.000286102 0 0.0211302 0 0.00010569
5 2.23164 -0.000329971 -0.000363827 0.0104075 0 0
6 11.4725 0 0 0.0430635 -0.154756 -0.0764238
7 0.615219 -0.993092 -0.8107 2.85944 0.0570919 -0.386721
8 2.24752 0 0 0.04774 0.108885 -0.481472
9 1.11936 0 0 0.0789157 0.0466671 -0.17056
10 3.71348 -0.10264 0.102192 1.65238 1.08937 0.230937
11 1.72615 0 0 0.0125002 0.00458879 -1.66865
12 1.21114 0 0 0 0.00773587 -1.61265
13 3.59919 -1.06012 0.0708885 1.79239 0.170143 0.123222
14 1.66069 0 0 -0.0334326 0.0293647 -1.19107
15 1.167 0 0 0.00841047 -0.00839385 0.086219
16 2.18853 0.50104 0.0576601 1.57539 -0.0278016 0.0946574
17 1.29609 0 0 -0.0718988 0.0407453 -1.29029
18 1.62202 0.000713825 -0.000471115 0.0188264 -0.00950264 -1.60584
19 1.22241 0 0 0.000237471 0.00593044 -1.71008
20 1.76707 1.27612 0.0366421 1.46689 0.205155 0.106808
21 1.55588 0 0 -0.11187 0.00454971 -1.13555
22 1.24274 0 0 -0.000479245 0.000360518 -1.60503
23 0.784523 0 0 0.00636384 -0.00322812 -1.38664
24 -6.70653 5.90523 -5.42554 -0.000932693 0 -1.8749
25 6.02794 0 0 1.19775 0.497967 0.189245
26 11.7344 0 0 0.00140284 0 0.862355
27 8.81167 0 0 0.604816 0 0
28 5.77884 0 0 0.405227 0 0
29 2.23249 0 0 0.199589 0 0
30 11.4725 0 0 0.403456 -0.5329 0.4147
31 0.615813 0.994373 -0.809166 -2.88477 0.474176 0.361106
32 2.24752 0 0 -0.0335299 0.234966 0.410896
33 1.11936 0 0 0.0754181 0.136596 1.14113
34 3.71349 0.10264 0.102191 -1.54675 0.834836 -0.400578
35 1.72615 0 0 -0.00689873 -0.00732659 1.09674
36 1.21112 0 0 0.0103137 0.0101999 1.33017
37 3.5992 1.06012 0.0708885 -1.49306 0.382841 -0.0688128
38 1.66069 0 0 -0.0183613 0.0756731 -0.0153739
39 1.16699 0 0 0.0189983 0.0425299 0.0577416
40 2.18853 -0.501038 0.0576591 -1.5728 0.133573 -0.17288
41 1.29609 0 0 0.120501 0.0520645 0.782583
42 1.62202 -0.000713348 -0.000469208 0.0811908 -0.0245018 1.19712
43 1.22241 0 0 -0.0119317 -0.00594713 1.29801
44 1.76707 -1.27612 0.0366411 -1.48212 0.284875 -0.100851
45 1.55588 0 0 0.223724 0.0868401 0.700865
46 1.24273 0 0 0.000479011 0.000360571 0.964696
47 0.784533 0 0 -0.00618633 0.000249567 0.884667
48 0 0 0 0 0 0
49 6.78058 -27.9032 -19.9268 -0.376308 0.793596 0.394788
50 0 -0.703104 2.39714 0 0 0
51 -0.0145807 -0.456413 1.68256 -1.0472 0 0
52 -7.35165 -23.9095 -3.47017 -0.752314 -0.269189 0.304695
53 0 -0.675064 1.41593 0 0 0
54 0 0.97938 2.33571 0.174533 0 0
55 0 -1.91969 2.85382 0 0 0
56 0 2.062 1.89703 -0.785398 0 0
57 0 -1.66928 2.60403 -0.0368113 0 0
58 6.98255 2.1009 -16.1176 0 0 0
time 30
0 6.78963 4.11825 -5.6679 0.000934124 0 -1.53243
1 6.02795 0 0 0.51677 0.457225 1.40312
2 11.7344 0 0 -0.00140289 0 -2.20047
3 8.81139 -0.000450134 -0.00011158 -0.213399 0 0.000157654
4 5.77839 0.000286102 0 -0.142978 0 0.000104643
5 2.23164 -0.000329971 -0.000364304 -0.0704218 0 0
6 11.4725 0 0 -0.185965 -0.164854 -0.174252
7 0.615219 -0.99309 -0.8107 2.90678 0.0566127 -0.389519
8 2.24752 0 0 0.0465167 0.09378 -0.506194
9 1.11936 0 0 0.079297 0.0465373 -0.163014
10 3.71348 -0.10264 0.102191 1.64104 1.09864 0.237008
11 1.72615 0 0 0.0124069 0.00544974 -1.726
12 1.21114 0 0 -0.000870169 0.00703083 -1.66867
13 3.59919 -1.06012 0.0708876 1.78472 0.113301 0.117127
14 1.66069 0 0 -0.0341741 0.0279318 -1.21964
15 1.167 0 0 0.00841045 -0.00839376 0.136309
16 2.18852 0.50104 0.0576591 1.57555 -0.0277963 0.0887727
17 1.29609 0 0 -0.0862478 0.0420513 -1.29935
18 1.62202 0.000713348 -0.000469208 0.0195242 -0.00830024 -1.65976
19 1.22241 0 0 0.000237464 0.00593033 -1.77765
20 1.76707 1.27612 0.0366402 1.45687 0.205155 0.106808
21 1.55588 0 0 -0.118773 0.00369835 -1.16214
22 1.24273 0 0 -0.000479284 0.000360538 -1.63022
23 0.784524 0 0 0.00636387 -0.00322815 -1.4304
24 -6.70653 5.90523 -5.42554 -0.000932693 0 -1.8749
25 6.02794 0 0 1.19943 0.502281 0.185284
26 11.7344 0 0 0.00140268 0 0.864465
27 8.81167 0 0 0.596038 0 0
28 5.77884 0 0 0.399345 0 0
29 2.23249 0 0 0.196692 0 0
30 11.4725 0 0 0.403494 -0.518504 0.41035
31 0.615813 0.994373 -0.809166 -2.88315 0.473458 0.364577
32 2.24752 0 0 -0.033431 0.235108 0.414666
33 1.11936 0 0 0.0758654 0.136146 1.16973
34 3.71349 0.10264 0.10219 -1.54675 0.834836 -0.400578
35 1.72615 0 0 -0.00689871 -0.00732664 1.09674
36 1.21112 0 0 0.0103137 0.0102 1.33017
37 3.5992 1.06012 0.0708876 -1.49306 0.382841 -0.0688128
38 1.66069 0 0 -0.0183614 0.0756732 -0.015374
39 1.16699 0 0 0.0189983 0.0425299 0.0577418
40 2.18853 -0.50104 0.0576591 -1.5728 0.133573 -0.17288
41 1.29609 0 0 0.120501 0.0520644 0.782583
42 1.62202 -0.000713348 -0.000471115 0.0811909 -0.0245017 1.19712
43 1.22241 0 0 -0.0119318 -0.00594705 1.29801
44 1.76707 -1.27612 0.0366411 -1.48212 0.284875 -0.100851
45 1.55588 0 0 0.223724 0.08684 0.700865
46 1.24273 0 0 0.000478916 0.000360503 0.964696
47 0.784531 0 0 -0.00618628 0.000249568 0.884667
48 0 0 0 0 0 0
49 9.79014 -28.28 -22.6089 -0.359393 0.769588 0.41727
50 0 -0.7031 2.39714 0 0 0
51 -0.0145807 -0.456413 1.68256 -1.0472 0 0
52 -7.39404 -23.932 -3.56444 -0.740969 -0.264119 0.306284
53 0 -0.675064 1.41593 0 0 0
54 0 0.979376 2.33571 0.174533 0 0
55 0 -1.91969 2.85382 0 0 0
56 0 2.062 1.89703 -0.785398 0 0
57 0 -1.66928 2.60403 -0.0368113 0 0
58 6.98255 2.1009 -16.1176 0 0 0
time 31
0 6.78963 4.11825 -5.6679 0.000934124 0 -1.53243
1 6.02795 0 0 0.553725 0.437975 1.37718
2 11.7344 0 0 -0.00140285 0 -2.22855
3 8.81139 -0.000450134 -0.000112534 -0.432869 0 0.000157054
4 5.77839 0.000286102 0 -0.290022 0 0.000103333
5 2.23164 -0.000331879 -0.000364304 -0.142847 0 0
6 11.4725 0 0 -0.40418 -0.165579 -0.260927
7 0.61522 -0.993092 -0.8107 2.94861 0.0562916 -0.391991
8 2.24752 0 0 0.045436 0.080435 -0.528034
9 1.11936 0 0 0.0796337 0.0464505 -0.156347
10 3.71348 -0.102642 0.102191 1.63102 1.10632 0.242268
11 1.72615 0 0 0.0123246 0.00619842 -1.7756
12 1.21114 0 0 -0.00160928 0.00640797 -1.71713
13 3.59919 -1.06012 0.0708885 1.77794 0.0630824 0.111742
14 1.66069 0 0 -0.0348043 0.0266659 -1.2442
15 1.167 0 0 0.00841048 -0.00839373 0.180564
16 2.18852 0.50104 0.0576591 1.5757 -0.0277928 0.0835735
17 1.29609 0 0 -0.0989252 0.0432051 -1.30686
18 1.62202 0.000714302 -0.000473022 0.0201236 -0.00723782 -1.70633
19 1.22241 0 0 0.00023749 0.00593042 -1.83612
20 1.76707 1.27612 0.0366406 1.44802 0.205155 0.106808
21 1.55588 0 0 -0.124822 0.00296393 -1.18498
22 1.24273 0 0 -0.000479206 0.000360503 -1.65169
23 0.784523 0 0 0.00636383 -0.00322823 -1.46829
24 -6.70653 5.90523 -5.42554 -0.000932693 0 -1.8749
25 6.02794 0 0 1.20116 0.506622 0.181294
26 11.7344 0 0 0.00140273 0 0.86648
27 8.81167 0 0 0.594341 0 0
28 5.77884 0 0 0.398209 0 0
29 2.23249 0 0 0.196133 0 0
30 11.4725 0 0 0.416844 -0.49778 0.40025
31 0.615812 0.994371 -0.809165 -2.88315 0.473458 0.364577
32 2.24752 0 0 -0.033431 0.235108 0.414666
33 1.11936 0 0 0.0758653 0.136146 1.16973
34 3.71348 0.10264 0.102191 -1.54675 0.834836 -0.400578
35 1.72615 0 0 -0.00689873 -0.00732661 1.09674
36 1.21112 0 0 0.0103137 0.0102 1.33017
37 3.5992 1.06012 0.0708885 -1.49306 0.382841 -0.0688127
38 1.66069 0 0 -0.0183613 0.0756731 -0.015374
39 1.16699 0 0 0.0189983 0.0425299 0.0577419
40 2.18853 -0.50104 0.0576582 -1.5728 0.133573 -0.17288
41 1.29609 0 0 0.120501 0.0520645 0.782584
42 1.62202 -0.000713348 -0.000469208 0.0811907 -0.0245018 1.19712
43 1.22241 0 0 -0.0119318 -0.0059471 1.29801
44 1.76707 -1.27612 0.0366411 -1.48212 0.284875 -0.100851
45 1.55588 0 0 0.223724 0.0868401 0.700865
46 1.24273 0 0 0.00047885 0.000360504 0.964696
47 0.784531 0 0 -0.00618622 0.000249549 0.884667
48 0 0 0 0 0 0
49 9.89201 -26.8434 -23.147 -0.388765 0.732016 0.435353
50 0 -0.686066 2.34441 0 0 0
51 -0.0145798 -0.508209 1.8143 -0.775702 0 0
52 -7.41697 -23.9602 -3.67023 -0.72733 -0.264386 0.31939
53 0 -0.675065 1.41593 0 0 0
54 0 0.979376 2.33571 0.174533 0 0
55 0 -1.9197 2.85382 0 0 0
56 0 2.062 1.89703 -0.785398 0 0
57 0 -1.66928 2.60403 -0.0368112 0 0
58 6.98255 2.1009 -16.1176 0 0 0
time 32
0 6.78963 4.11825 -5.6679 0.000934124 0 -1.53243
1 6.02795 0 0 0.581619 0.426821 1.3504
2 11.7344 0 0 -0.00140297 0 -2.25191
3 8.81139 -0.000450134 -0.00011301 -0.615295 0 0.000157859
4 5.77839 0.000286102 0 -0.412248 0 0.000103188
5 2.23164 -0.000328064 -0.000363827 -0.203047 0 0
6 11.4725 0 0 -0.599828 -0.158586 -0.332566
7 0.61522 -0.993092 -0.810699 2.98354 0.0560967 -0.394056
8 2.24752 0 0 0.0445332 0.0692896 -0.546275
9 1.11936 0 0 0.0799153 0.0463979 -0.15078
10 3.71348 -0.102642 0.102192 1.62266 1.11238 0.246586
11 1.72615 0 0 0.0122558 0.00681491 -1.81626
12 1.21114 0 0 -0.00222656 0.0058878 -1.75684
13 3.59919 -1.06012 0.0708885 1.77228 0.0211412 0.107244
14 1.66069 0 0 -0.0353124 0.0256087 -1.26421
15 1.167 0 0 0.00841051 -0.00839382 0.217523
16 2.18853 0.501039 0.0576591 1.57582 -0.0277907 0.0792313
17 1.29609 0 0 -0.109513 0.0441686 -1.31275
18 1.62202 0.000713825 -0.000472069 0.020612 -0.00635058 -1.74446
19 1.22241 0 0 0.000237477 0.00593045 -1.88407
20 1.76707 1.27612 0.0366421 1.44065 0.205155 0.106808
21 1.55588 0 0 -0.129837 0.00236323 -1.20359
22 1.24274 0 0 -0.000479214 0.000360519 -1.66907
23 0.784524 0 0 0.00636382 -0.0032282 -1.49937
24 -6.70653 5.90523 -5.42554 -0.000932693 0 -1.8749
25 6.02794 0 0 1.20276 0.511141 0.17733
26 11.7344 0 0 0.00140268 0 0.869276
27 8.81167 0 0 0.599191 0 0
28 5.77884 0 0 0.401458 0 0
29 2.23249 0 0 0.197733 0 0
30 11.4725 0 0 0.441435 -0.471201 0.385389
31 0.615814 0.994371 -0.809166 -2.88315 0.473458 0.364577
32 2.24752 0 0 -0.0334311 0.235107 0.414666
33 1.11936 0 0 0.0758654 0.136146 1.16973
34 3.71349 0.10264 0.10219 -1.54675 0.834836 -0.400578
35 1.72615 0 0 -0.0068987 -0.00732663 1.09674
36 1.21112 0 0 0.0103137 0.0102 1.33017
37 3.5992 1.06012 0.0708885 -1.49306 0.382841 -0.0688128
38 1.66069 0 0 -0.0183613 0.0756731 -0.015374
39 1.16699 0 0 0.0189983 0.04253 0.0577418
40 2.18853 -0.50104 0.0576591 -1.5728 0.133573 -0.17288
41 1.29609 0 0 0.120501 0.0520645 0.782583
42 1.62202 -0.000711441 -0.000470161 0.0811907 -0.0245018 1.19712
43 1.22241 0 0 -0.0119317 -0.00594718 1.29801
44 1.76707 -1.27612 0.0366402 -1.48212 0.284875 -0.100851
45 1.55588 0 0 0.223724 0.08684 0.700865
46 1.24273 0 0 0.000479004 0.000360575 0.964696
47 0.784533 0 0 -0.00618633 0.000249567 0.884667
48 0 0 0 0 0 0
49 10.0669 -25.1423 -23.5961 -0.448671 0.688625 0.452245
50 0 -0.648592 2.22839 0 0 0
51 -0.0145798 -0.622156 2.10415 -0.271496 0 0
52 -7.41497 -23.9879 -3.78018 -0.712066 -0.269488 0.343017
53 0 -0.675062 1.41593 0 0 0
54 0 0.979378 2.33571 0.174533 0 0
55 0 -1.91969 2.85382 0 0 0
56 0 2.062 1.89703 -0.785398 0 0
57 0 -1.66927 2.60403 -0.0368114 0 0
58 6.98255 2.1009 -16.1176 0 0 0
time 33
0 6.78963 4.11825 -5.6679 0.000934124 0 -1.53243
1 6.02795 0 0 0.60067 0.422063 1.32669
2 11.7344 0 0 -0.00140287 0 -2.26928
3 8.81139 -0.000450134 -0.00011301 -0.757225 0 0.00015762
4 5.77839 0.000286102 0 -0.50734 0 0.000102589
5 2.23163 -0.000328064 -0.00036478 -0.249884 0 0
6 11.4725 0 0 -0.759445 -0.147834 -0.38644
7 0.61522 -0.993092 -0.8107 3.0102 0.0559966 -0.395632
8 2.24752 0 0 0.0438443 0.060784 -0.560196
9 1.11936 0 0 0.0801301 0.0463708 -0.146531
10 3.71348 -0.102642 0.10219 1.61627 1.11675 0.249831
11 1.72615 0 0 0.0122033 0.00727969 -1.84678
12 1.21114 0 0 -0.00269763 0.00549081 -1.78664
13 3.59919 -1.06012 0.0708866 1.76796 -0.0108664 0.103812
14 1.66069 0 0 -0.0356881 0.0248017 -1.27916
15 1.167 0 0 0.00841045 -0.00839377 0.245729
16 2.18853 0.501039 0.0576572 1.57591 -0.0277895 0.0759177
17 1.29609 0 0 -0.117593 0.0449039 -1.31701
18 1.62202 0.000713944 -0.000470161 0.0209765 -0.00567348 -1.77305
19 1.22241 0 0 0.000237478 0.00593042 -1.92008
20 1.76707 1.27612 0.0366411 1.43502 0.205155 0.106808
21 1.55588 0 0 -0.13364 0.00191316 -1.21749
22 1.24274 0 0 -0.000479234 0.000360523 -1.68196
23 0.784524 0 0 0.00636382 -0.00322818 -1.52273
24 -6.70653 5.90523 -5.42554 -0.000932693 0 -1.8749
25 6.02794 0 0 1.20407 0.515757 0.173548
26 11.7344 0 0 0.00140263 0 0.873232
27 8.81167 0 0 0.610245 0 0
28 5.77884 0 0 0.408864 0 0
29 2.23249 0 0 0.201381 0 0
30 11.4725 0 0 0.475228 -0.439278 0.366998
31 0.615811 0.994373 -0.809166 -2.88315 0.473458 0.364577
32 2.24752 0 0 -0.0334311 0.235108 0.414666
33 1.11936 0 0 0.0758652 0.136146 1.16973
34 3.71349 0.102638 0.102191 -1.54675 0.834836 -0.400578
35 1.72615 0 0 -0.00689871 -0.00732657 1.09674
36 1.21112 0 0 0.0103137 0.0102 1.33017
37 3.5992 1.06012 0.0708895 -1.49306 0.382841 -0.0688127
38 1.66069 0 0 -0.0183614 0.0756732 -0.0153739
39 1.16699 0 0 0.0189984 0.0425298 0.0577418
40 2.18853 -0.50104 0.0576601 -1.5728 0.133574 -0.17288
41 1.29609 0 0 0.120501 0.0520646 0.782584
42 1.62202 -0.000713348 -0.000471115 0.0811907 -0.0245018 1.19712
43 1.22241 0 0 -0.0119318 -0.00594713 1.29801
44 1.76707 -1.27612 0.0366402 -1.48212 0.284875 -0.100851
45 1.55587 0 0 0.223724 0.08684 0.700865
46 1.24273 0 0 0.000478924 0.000360583 0.964696
47 0.784533 0 0 -0.00618633 0.00024956 0.884667
48 0 0 0 0 0 0
49 10.2598 -23.1984 -23.9378 -0.499624 0.429077 0.488861
50 0 -0.611114 2.11238 0 0 0
51 -0.0145807 -0.736105 2.39399 0 0 0
52 -7.38294 -24.0091 -3.88685 -0.69593 -0.278995 0.376132
53 0 -0.675066 1.41593 0 0 0
54 0 0.979375 2.33571 0.174533 0 0
55 0 -1.91969 2.85382 0 0 0
56 0 2.062 1.89703 -0.785398 0 0
57 0 -1.66928 2.60403 -0.0368113 0 0
58 6.98255 2.1009 -16.1176 0 0 0
time 34
0 6.78963 4.11825 -5.6679 0.000934124 0 -1.53243
1 6.02795 0 0 0.611657 0.420926 1.31012
2 11.7344 0 0 -0.00140278 0 -2.28062
3 8.81139 -0.000452042 -0.00011301 -0.852391 0 0.000157869
4 5.77839 0.000284195 0 -0.571102 0 0.000102442
5 2.23163 -0.000329971 -0.00036478 -0.281289 0 0
6 11.4725 0 0 -0.867498 -0.138188 -0.420074
7 0.61522 -0.993092 -0.810701 3.02721 0.0559597 -0.396637
8 2.24752 0 0 0.043405 0.055358 -0.569076
9 1.11936 0 0 0.0802671 0.0463608 -0.14382
10 3.71348 -0.102641 0.10219 1.6122 1.11941 0.251874
11 1.72615 0 0 0.0121699 0.00757302 -1.86597
12 1.21114 0 0 -0.00299815 0.00523756 -1.80538
13 3.59919 -1.06012 0.0708876 1.76521 -0.0312852 0.101622
14 1.66069 0 0 -0.0359212 0.024287 -1.28852
15 1.167 0 0 0.00841047 -0.00839376 0.263723
16 2.18853 0.50104 0.0576591 1.57597 -0.0277891 0.0738037
17 1.29609 0 0 -0.122748 0.0453731 -1.31959
18 1.62202 0.000713706 -0.000471115 0.0212046 -0.00524153 -1.79101
19 1.22241 0 0 0.000237482 0.00593042 -1.94273
20 1.76707 1.27612 0.0366402 1.43143 0.205155 0.106808
21 1.55588 0 0 -0.136054 0.00163069 -1.22619
22 1.24274 0 0 -0.000479215 0.000360503 -1.68997
23 0.784524 0 0 0.00636383 -0.00322819 -1.53742
24 -6.70653 5.90523 -5.42554 -0.000932693 0 -1.8749
25 6.02794 0 0 1.20493 0.520404 0.170101
26 11.7344 0 0 0.00140265 0 0.87875
27 8.81167 0 0 0.627334 0 0
28 5.77884 0 0 0.420314 0 0
29 2.23249 0 0 0.20702 0 0
30 11.4725 0 0 0.516371 -0.402688 0.346191
31 0.615813 0.994373 -0.809164 -2.88315 0.473458 0.364577
32 2.24752 0 0 -0.033431 0.235108 0.414666
33 1.11935 0 0 0.0758652 0.136146 1.16973
34 3.71349 0.10264 0.102191 -1.54675 0.834836 -0.400578
35 1.72615 0 0 -0.00689873 -0.00732662 1.09674
36 1.21112 0 0 0.0103138 0.0102001 1.33017
37 3.5992 1.06012 0.0708895 -1.49306 0.382841 -0.0688128
38 1.66069 0 0 -0.0183614 0.0756731 -0.015374
39 1.16699 0 0 0.0189983 0.0425299 0.0577417
40 2.18853 -0.50104 0.0576601 -1.5728 0.133574 -0.17288
41 1.29609 0 0 0.120501 0.0520645 0.782584
42 1.62202 -0.000713348 -0.000470161 0.0811908 -0.0245018 1.19712
43 1.2224 0 0 -0.0119317 -0.00594713 1.29801
44 1.76707 -1.27612 0.0366421 -1.48212 0.284875 -0.100851
45 1.55588 0 0 0.223724 0.08684 0.700865
46 1.24273 0 0 0.000478908 0.000360617 0.964696
47 0.784531 0 0 -0.00618632 0.000249607 0.884667
48 0 0 0 0 0 0
49 10.4171 -21.0397 -24.1555 -0.679761 -0.292551 0.417684
50 0 -0.611115 2.11237 0 0 0
51 -0.0145802 -0.736104 2.39399 0 0 0
52 -7.31671 -24.0177 -3.98259 -0.679761 -0.29255 0.417684
53 0 -0.675063 1.41593 0 0 0
54 0 0.979377 2.33571 0.174533 0 0
55 0 -1.9197 2.85382 0 0 0
56 0 2.062 1.89703 -0.785398 0 0
57 0 -1.66928 2.60403 -0.0368112 0 0
58 6.98255 2.1009 -16.1176 0 0 0
time 35
0 6.78963 4.11825 -5.6679 0.000934124 0 -1.53243
1 6.02795 0 0 0.613563 0.977233 1.79955
2 11.7344 0 0 -0.00140287 0 -2.28458
3 8.81139 -0.000452042 -0.000110626 -0.869969 0 0.000157866
4 5.77839 0.000284195 0 -0.582879 0 0.000102346
5 2.23164 -0.000329971 -0.000362873 -0.28709 0 0
6 11.4725 0 0 -0.929862 0.606984 -0.436505
7 0.615219 -0.993091 -0.810699 3.03318 0.0559546 -0.39699
8 2.24752 0 0 0.0432504 0.0534516 -0.572196
9 1.11936 0 0 0.0803152 0.0463594 -0.142868
10 3.71348 -0.102641 0.102191 1.61077 1.12031 0.252585
11 1.72615 0 0 0.0121581 0.00767517 -1.87263
12 1.21114 0 0 -0.00310374 0.00514858 -1.81188
13 3.59919 -1.06012 0.0708876 1.76424 -0.0384593 0.100853
14 1.66069 0 0 -0.0360012 0.0241062 -1.29175
15 1.167 0 0 0.00841049 -0.00839374 0.270045
16 2.18853 0.50104 0.0576591 1.57599 -0.0277892 0.0730609
17 1.29609 0 0 -0.124559 0.0455379 -1.32046
18 1.62202 0.000713706 -0.000471115 0.0212834 -0.00508975 -1.79724
19 1.22241 0 0 0.000237488 0.00593042 -1.9506
20 1.76707 1.27612 0.0366411 1.43018 0.205155 0.106808
21 1.55588 0 0 -0.136898 0.00153279 -1.2292
22 1.24273 0 0 -0.00047923 0.000360521 -1.69273
23 0.784524 0 0 0.00636381 -0.00322819 -1.54252
24 -6.70653 5.90523 -5.42554 -0.000932693 0 -1.8749
25 6.02794 0 0 1.20518 0.525018 0.167135
26 11.7344 0 0 0.00140279 0 0.886244
27 8.81167 0 0 0.650466 0 0
28 5.77884 0 0 0.435812 0 0
29 2.23249 0 0 0.214654 0 0
30 11.4725 0 0 0.563301 -0.362347 0.32388
31 0.615811 0.994373 -0.809166 -2.88315 0.473458 0.364577
32 2.24752 0 0 -0.0334311 0.235107 0.414666
33 1.11936 0 0 0.0758654 0.136146 1.16973
34 3.71348 0.102639 0.10219 -1.54675 0.834836 -0.400578
35 1.72615 0 0 -0.00689869 -0.0073266 1.09674
36 1.21112 0 0 0.0103137 0.0102 1.33017
37 3.5992 1.06012 0.0708876 -1.49306 0.382841 -0.0688127
38 1.66069 0 0 -0.0183615 0.0756731 -0.0153741
39 1.16699 0 0 0.0189983 0.0425299 0.0577419
40 2.18853 -0.50104 0.0576582 -1.5728 0.133573 -0.17288
41 1.29609 0 0 0.120501 0.0520645 0.782584
42 1.62202 -0.000711441 -0.000470161 0.0811908 -0.0245018 1.19712
43 1.22241 0 0 -0.0119317 -0.00594715 1.29801
44 1.76707 -1.27612 0.0366392 -1.48212 0.284875 -0.100851
45 1.55588 0 0 0.223724 0.08684 0.700864
46 1.24273 0 0 0.000478864 0.000360548 0.964696
47 0.784531 0 0 -0.00618632 0.000249607 0.884667
48 0 0 0 0 0 0
49 1.80785 -7.68268 -9.90816 -1.27793 -1.45056 0.161084
50 0 -0.611115 2.11238 0 0 0
51 -0.0145798 -0.736104 2.39399 0 0 0
52 -7.21331 -24.0078 -4.05945 -0.664488 -0.309849 0.466633
53 0 -0.675065 1.41593 0 0 0
54 0 0.979377 2.33571 0.174533 0 0
55 0 -1.91969 2.85382 0 0 0
56 0 2.062 1.89703 -0.785398 0 0
57 0 -1.66928 2.60403 -0.0368113 0 0
58 6.98255 2.1009 -16.1176 0 0 0
time 36
0 6.57373 3.70459 -5.94997 0.000934124 0 -1.53243
1 6.02795 0 0 0.531406 1.26171 1.77163
2 11.7344 0 0 -0.0014028 0 -2.1228
3 8.81138 -0.000450134 -0.000112534 -0.709462 0 0.000156985
4 5.77839 0.000286102 0 -0.475339 0 0.000102504
5 2.23163 -0.000329971 -0.00036478 -0.234122 0 0
6 11.4725 0 0 -0.746601 0.555793 -0.298156
7 0.61522 -0.993092 -0.810699 3.03318 0.0559545 -0.39699
8 2.24752 0 0 0.0432504 0.0534515 -0.572196
9 1.11936 0 0 0.0803151 0.0463594 -0.142868
10 3.71348 -0.10264 0.102191 1.61077 1.12031 0.252584
11 1.72615 0 0 0.0121581 0.00767517 -1.87263
12 1.21114 0 0 -0.00310371 0.0051486 -1.81188
13 3.59919 -1.06012 0.0708876 1.76424 -0.0384592 0.100853
14 1.66069 0 0 -0.0360012 0.0241062 -1.29175
15 1.167 0 0 0.00841046 -0.00839379 0.270045
16 2.18853 0.50104 0.0576591 1.57599 -0.0277891 0.073061
17 1.29609 0 0 -0.124559 0.0455379 -1.32046
18 1.62202 0.000714302 -0.000470161 0.0212834 -0.00508975 -1.79724
19 1.22241 0 0 0.000237483 0.0059304 -1.9506
20 1.76707 1.27612 0.0366411 1.43018 0.205155 0.106808
21 1.55588 0 0 -0.136898 0.00153272 -1.2292
22 1.24273 0 0 -0.000479255 0.000360493 -1.69273
23 0.784523 0 0 0.00636383 -0.00322819 -1.54252
24 -6.70653 5.90523 -5.42554 -0.000932693 0 -1.8749
25 6.02794 0 0 1.20464 0.529529 0.164797
26 11.7344 0 0 0.00140266 0 0.896126
27 8.81167 0 0 0.6798 0 0
28 5.77884 0 0 0.455466 0 0
29 2.23249 0 0 0.224334 0 0
30 11.4725 0 0 0.614813 -0.319437 0.300739
31 0.615812 0.994373 -0.809165 -2.88315 0.473458 0.364577
32 2.24752 0 0 -0.0334311 0.235107 0.414666
33 1.11936 0 0 0.0758654 0.136146 1.16973
34 3.71348 0.10264 0.102191 -1.54675 0.834836 -0.400578
35 1.72615 0 0 -0.00689871 -0.00732661 1.09674
36 1.21112 0 0 0.0103137 0.0102 1.33017
37 3.5992 1.06012 0.0708885 -1.49306 0.382841 -0.0688128
38 1.66069 0 0 -0.0183613 0.0756731 -0.0153739
39 1.16699 0 0 0.0189983 0.0425299 0.0577417
40 2.18853 -0.50104 0.0576601 -1.5728 0.133573 -0.17288
41 1.29609 0 0 0.120501 0.0520644 0.782584
42 1.62202 -0.000711441 -0.000469208 0.0811908 -0.0245019 1.19712
43 1.22241 0 0 -0.0119317 -0.00594706 1.29801
44 1.76707 -1.27612 0.0366411 -1.48212 0.284875 -0.100851
45 1.55588 0 0 0.223724 0.0868401 0.700865
46 1.24273 0 0 0.000478958 0.000360599 0.964696
47 0.784533 0 0 -0.00618632 0.000249621 0.884667
48 0 0 0 0 0 0
49 0.670239 -10.992 -10.0922 -1.15607 -1.30888 0.291917
50 0 -0.611115 2.11238 0 0 0
51 -0.0145798 -0.736104 2.39399 0 0 0
52 -7.07121 -23.9741 -4.10916 -0.651129 -0.330625 0.521972
53 0 -0.675066 1.41593 0 0 0
54 0 0.979378 2.33571 0.174533 0 0
55 0 -1.9197 2.85382 0 0 0
56 0 2.062 1.89703 -0.785398 0 0
57 0 -1.66928 2.60403 -0.0368113 0 0
58 6.98255 2.1009 -16.1176 0 0 0
time 37
0 6.0589 2.71818 -6.62259 0.000934124 0 -1.53243
1 6.02795 0 0 0.933441 1.48487 2.26395
2 11.7344 0 0 -0.0014028 0 -2.05548
3 8.81138 -0.000448227 -0.000112534 -0.540017 0 0.000156675
4 5.77839 0.000286102 0 -0.361811 0 0.000102756
5 2.23164 -0.000329971 -0.000364304 -0.178206 0 0
6 11.4725 0 0 -0.566697 0.514837 -0.206522
7 0.615219 -0.993091 -0.810699 3.03318 0.0559547 -0.39699
8 2.24752 0 0 0.0432505 0.0534517 -0.572196
9 1.11936 0 0 0.080315 0.0463593 -0.142868
10 3.71348 -0.10264 0.102191 1.61077 1.12031 0.252584
11 1.72615 0 0 0.0121581 0.00767515 -1.87263
12 1.21114 0 0 -0.00310369 0.00514858 -1.81188
13 3.59919 -1.06012 0.0708885 1.76424 -0.0384593 0.100853
14 1.66069 0 0 -0.0360012 0.0241062 -1.29175
15 1.167 0 0 0.00841049 -0.00839374 0.270045
16 2.18853 0.50104 0.0576601 1.57599 -0.0277891 0.0730609
17 1.29609 0 0 -0.124559 0.0455379 -1.32046
18 1.62202 0.000713825 -0.000471115 0.0212834 -0.00508978 -1.79724
19 1.22241 0 0 0.000237509 0.00593044 -1.9506
20 1.76707 1.27612 0.0366411 1.43018 0.205155 0.106808
21 1.55588 0 0 -0.136898 0.00153279 -1.2292
22 1.24274 0 0 -0.000479242 0.000360462 -1.69273
23 0.784523 0 0 0.00636377 -0.00322821 -1.54252
24 -6.70653 5.90523 -5.42554 -0.000932693 0 -1.8749
25 6.02794 0 0 1.20315 0.533828 0.163247
26 11.7344 0 0 0.00140265 0 0.908738
27 8.81167 0 0 0.715587 0 0
28 5.77884 0 0 0.479443 0 0
29 2.23249 0 0 0.236144 0 0
30 11.4725 0 0 0.670065 -0.275403 0.277209
31 0.615813 0.994372 -0.809165 -2.88315 0.473458 0.364577
32 2.24752 0 0 -0.033431 0.235108 0.414666
33 1.11936 0 0 0.0758653 0.136146 1.16973
34 3.71348 0.10264 0.102191 -1.54675 0.834836 -0.400578
35 1.72615 0 0 -0.00689873 -0.00732659 1.09674
36 1.21112 0 0 0.0103136 0.0102001 1.33017
37 3.5992 1.06012 0.0708876 -1.49306 0.382841 -0.0688128
38 1.66069 0 0 -0.0183614 0.0756731 -0.015374
39 1.16699 0 0 0.0189984 0.0425298 0.0577417
40 2.18853 -0.50104 0.0576591 -1.5728 0.133573 -0.17288
41 1.29609 0 0 0.120501 0.0520645 0.782584
42 1.62202 -0.000715256 -0.000469208 0.0811908 -0.0245018 1.19712
43 1.22241 0 0 -0.0119317 -0.00594713 1.29801
44 1.76707 -1.27612 0.0366402 -1.48212 0.284875 -0.100851
45 1.55587 0 0 0.223724 0.0868402 0.700865
46 1.24273 0 0 0.00047891 0.00036054 0.964696
47 0.784533 0 0 -0.00618626 0.000249608 0.884667
48 0 0 0 0 0 0
49 -0.0834274 -13.7745 -10.2497 -1.05647 -1.18861 0.428719
50 0 -0.611114 2.11238 0 0 0
51 -0.0145798 -0.736104 2.39399 0 0 0
52 -6.89029 -23.9125 -4.12318 -0.640802 -0.354618 0.582765
53 0 -0.675064 1.41593 0 0 0
54 0 0.979376 2.33571 0.174533 0 0
55 0 -1.9197 2.85382 0 0 0
56 0 2.062 1.89703 -0.785398 0 0
57 0 -1.66928 2.60403 -0.0368113 0 0
58 6.98255 2.1009 -16.1176 0 0 0
time 38
0 5.44444 1.54084 -7.42538 0.000934124 0 -1.53243
1 6.02795 0 0 2.85699 1.41771 -2.00567
2 11.7344 0 0 -0.0014028 0 -2.04743
3 8.81138 -0.000450134 -0.000112534 -0.377638 0 0.000157873
4 5.77839 0.000286102 0 -0.253017 0 0.000104044
5 2.23163 -0.000328064 -0.000364304 -0.12462 0 0
6 11.4725 0 0 -0.400413 0.474297 -0.144776
7 0.615219 -0.993093 -0.810699 3.03318 0.0559546 -0.39699
8 2.24752 0 0 0.0432505 0.0534516 -0.572196
9 1.11936 0 0 0.0803153 0.0463594 -0.142868
10 3.71348 -0.102642 0.102191 1.61077 1.12031 0.252584
11 1.72615 0 0 0.0121581 0.00767516 -1.87263
12 1.21114 0 0 -0.00310374 0.00514858 -1.81188
13 3.59919 -1.06012 0.0708885 1.76424 -0.0384594 0.100853
14 1.66069 0 0 -0.0360013 0.0241062 -1.29175
15 1.167 0 0 0.00841057 -0.00839378 0.270045
16 2.18852 0.50104 0.0576582 1.57599 -0.0277892 0.0730609
17 1.29609 0 0 -0.124559 0.0455379 -1.32046
18 1.62202 0.000713348 -0.000471115 0.0212834 -0.00508972 -1.79724
19 1.22241 0 0 0.000237517 0.0059304 -1.9506
20 1.76707 1.27612 0.0366421 1.43018 0.205155 0.106808
21 1.55588 0 0 -0.136897 0.00153273 -1.2292
22 1.24273 0 0 -0.000479191 0.00036052 -1.69273
23 0.784523 0 0 0.00636377 -0.00322824 -1.54252
24 -6.70653 5.90523 -5.42554 -0.000932693 0 -1.8749
25 6.02794 0 0 1.2006 0.537716 0.162677
26 11.7344 0 0 0.00140264 0 0.924258
27 8.81167 0 0 0.758068 0 0
28 5.77884 0 0 0.507905 0 0
29 2.23249 0 0 0.250162 0 0
30 11.4725 0 0 0.728551 -0.231909 0.253552
31 0.615815 0.994371 -0.809166 -2.88315 0.473458 0.364577
32 2.24752 0 0 -0.033431 0.235108 0.414666
33 1.11936 0 0 0.0758655 0.136146 1.16973
34 3.71349 0.102639 0.102192 -1.54675 0.834836 -0.400578
35 1.72615 0 0 -0.0068987 -0.00732664 1.09674
36 1.21112 0 0 0.0103136 0.0102001 1.33017
37 3.5992 1.06012 0.0708885 -1.49306 0.382841 -0.0688125
38 1.66069 0 0 -0.0183614 0.0756731 -0.015374
39 1.16699 0 0 0.0189983 0.04253 0.0577418
40 2.18853 -0.501041 0.0576591 -1.5728 0.133573 -0.17288
41 1.29609 0 0 0.120501 0.0520645 0.782583
42 1.62202 -0.000713348 -0.000470161 0.0811908 -0.0245019 1.19712
43 1.22241 0 0 -0.0119317 -0.00594707 1.29801
44 1.76707 -1.27612 0.0366383 -1.48212 0.284875 -0.100851
45 1.55587 0 0 0.223724 0.08684 0.700865
46 1.24273 0 0 0.000478942 0.000360569 0.964696
47 0.784533 0 0 -0.00618631 0.000249634 0.884667
48 0 0 0 0 0 0
49 -0.500183 -16.0262 -10.3397 -0.968056 -1.09131 0.560914
50 0 -0.611115 2.11238 0 0 0
51 -0.0145798 -0.736103 2.39399 0 0 0
52 -6.6717 -23.8196 -4.09273 -0.634725 -0.381543 0.64818
53 0 -0.675065 1.41593 0 0 0
54 0 0.979376 2.33571 0.174533 0 0
55 0 -1.9197 2.85382 0 0 0
56 0 2.062 1.89703 -0.785398 0 0
57 0 -1.66928 2.60403 -0.0368113 0 0
58 6.98255 2.1009 -16.1176 0 0 0
time 39
0 4.92961 0.554429 -8.098 0.000934124 0 -1.53243
1 6.02795 0 0 3.01694 1.25952 -1.78197
2 11.7344 0 0 -0.00140285 0 -2.0554
3 8.81138 -0.000448227 -0.00011158 -0.226732 0 0.000157634
4 5.77839 0.00028801 0 -0.151911 0 0.000104601
5 2.23163 -0.000329971 -0.00036335 -0.0748216 0 0
6 11.4725 0 0 -0.254022 0.416079 -0.11606
7 0.615219 -0.993092 -0.8107 3.03318 0.0559547 -0.39699
8 2.24752 0 0 0.0432505 0.0534516 -0.572196
9 1.11936 0 0 0.0803152 0.0463594 -0.142868
10 3.71348 -0.102641 0.10219 1.61077 1.12031 0.252585
11 1.72615 0 0 0.0121581 0.00767521 -1.87263
12 1.21114 0 0 -0.00310371 0.00514856 -1.81188
13 3.59919 -1.06012 0.0708885 1.76424 -0.0384592 0.100853
14 1.66069 0 0 -0.0360012 0.0241062 -1.29175
15 1.167 0 0 0.00841044 -0.00839383 0.270045
16 2.18853 0.50104 0.0576601 1.57599 -0.027789 0.0730609
17 1.29609 0 0 -0.124559 0.0455379 -1.32046
18 1.62202 0.000713348 -0.000471115 0.0212834 -0.00508975 -1.79724
19 1.22241 0 0 0.000237567 0.00593047 -1.9506
20 1.76707 1.27612 0.0366402 1.43018 0.205155 0.106808
21 1.55588 0 0 -0.136898 0.00153281 -1.2292
22 1.24274 0 0 -0.000479222 0.000360507 -1.69273
23 0.784523 0 0 0.00636388 -0.00322816 -1.54252
24 -6.70653 5.90523 -5.42554 -0.000932693 0 -1.8749
25 6.02794 0 0 1.19687 0.540951 0.163302
26 11.7344 0 0 0.00140273 0 0.9428
27 8.81167 0 0 0.807366 0 0
28 5.77884 0 0 0.540936 0 0
29 2.23249 0 0 0.266431 0 0
30 11.4725 0 0 0.79003 -0.190793 0.229827
31 0.615812 0.994371 -0.809166 -2.88315 0.473458 0.364577
32 2.24752 0 0 -0.0334312 0.235107 0.414666
33 1.11936 0 0 0.0758653 0.136146 1.16973
34 3.71349 0.10264 0.102192 -1.54675 0.834836 -0.400578
35 1.72615 0 0 -0.00689871 -0.00732664 1.09674
36 1.21112 0 0 0.0103137 0.0102 1.33017
37 3.5992 1.06012 0.0708885 -1.49306 0.382841 -0.0688128
38 1.66069 0 0 -0.0183613 0.0756731 -0.0153739
39 1.16699 0 0 0.0189983 0.04253 0.0577419
40 2.18853 -0.50104 0.0576591 -1.5728 0.133573 -0.17288
41 1.29609 0 0 0.120501 0.0520645 0.782584
42 1.62202 -0.000711441 -0.000469208 0.0811908 -0.0245018 1.19712
43 1.22241 0 0 -0.0119317 -0.00594713 1.29801
44 1.76707 -1.27612 0.0366402 -1.48212 0.284875 -0.100851
45 1.55588 0 0 0.223724 0.0868402 0.700865
46 1.24273 0 0 0.00047888 0.000360547 0.964696
47 0.784531 0 0 -0.00618626 0.000249595 0.884667
48 0 0 0 0 0 0
49 -0.653773 -17.7491 -10.3165 -0.888587 -1.01755 0.686011
50 0 -0.611113 2.11238 0 0 0
51 -0.0145798 -0.736103 2.39399 0 0 0
52 -6.41758 -23.6939 -4.00892 -0.634229 -0.411046 0.717541
53 0 -0.675063 1.41593 0 0 0
54 0 0.979376 2.33571 0.174533 0 0
55 0 -1.9197 2.85382 0 0 0
56 0 2.062 1.89703 -0.785398 0 0
57 0 -1.66928 2.60403 -0.0368113 0 0
58 6.98255 2.1009 -16.1176 0 0 0
time 40
0 4.71371 0.140766 -8.38007 0.000934124 0 -1.53243
1 6.02794 0 0 3.09789 1.14252 -1.67437
2 11.7344 0 0 -0.00140289 0 -2.0329
3 8.81138 -0.000450134 -0.000112534 -0.0847374 0 0.00015732
4 5.77839 0.000286102 0 -0.0567741 0 0.000105076
5 2.23163 -0.000328064 -0.00036335 -0.0279633 0 0
6 11.4725 0 0 -0.123521 0.32886 -0.13237
7 0.615219 -0.99309 -0.8107 3.03318 0.0559547 -0.39699
8 2.24752 0 0 0.0432505 0.0534516 -0.572196
9 1.11936 0 0 0.0803151 0.0463594 -0.142868
10 3.71348 -0.10264 0.102191 1.61077 1.12031 0.252585
11 1.72615 0 0 0.0121581 0.0076752 -1.87263
12 1.21114 0 0 -0.00310379 0.00514864 -1.81188
13 3.59919 -1.06012 0.0708885 1.76424 -0.0384593 0.100853
14 1.66069 0 0 -0.0360013 0.0241062 -1.29175
15 1.167 0 0 0.00841048 -0.00839377 0.270045
16 2.18853 0.50104 0.0576591 1.57599 -0.027789 0.073061
17 1.29609 0 0 -0.124559 0.0455378 -1.32046
18 1.62202 0.000711441 -0.000471115 0.0212834 -0.00508984 -1.79724
19 1.22241 0 0 0.000237385 0.00593047 -1.9506
20 1.76707 1.27612 0.0366411 1.43018 0.205155 0.106808
21 1.55588 0 0 -0.136897 0.00153264 -1.2292
22 1.24273 0 0 -0.000479263 0.000360484 -1.69273
23 0.784524 0 0 0.00636384 -0.00322817 -1.54252
24 -6.70653 5.90523 -5.42554 -0.000932693 0 -1.8749
25 6.02794 0 0 1.1919 0.543263 0.165349
26 11.7344 0 0 0.00140268 0 0.964469
27 8.81167 0 0 0.863378 0 0
28 5.77884 0 0 0.578463 0 0
29 2.23249 0 0 0.284915 0 0
30 11.4725 0 0 0.854439 -0.154007 0.20588
31 0.615814 0.994373 -0.809166 -2.88315 0.473458 0.364577
32 2.24752 0 0 -0.033431 0.235107 0.414666
33 1.11936 0 0 0.0758654 0.136146 1.16973
34 3.71348 0.10264 0.10219 -1.54675 0.834836 -0.400578
35 1.72615 0 0 -0.00689867 -0.00732661 1.09674
36 1.21112 0 0 0.0103137 0.0102001 1.33017
37 3.5992 1.06012 0.0708866 -1.49306 0.382841 -0.0688127
38 1.66069 0 0 -0.0183614 0.0756731 -0.0153741
39 1.16699 0 0 0.0189983 0.0425299 0.0577418
40 2.18853 -0.50104 0.0576572 -1.5728 0.133573 -0.17288
41 1.29609 0 0 0.120501 0.0520645 0.782583
42 1.62202 -0.000713348 -0.000469208 0.0811909 -0.0245018 1.19712
43 1.22241 0 0 -0.0119317 -0.00594709 1.29801
44 1.76707 -1.27612 0.0366402 -1.48212 0.284875 -0.100851
45 1.55588 0 0 0.223724 0.0868401 0.700865
46 1.24273 0 0 0.000478843 0.000360508 0.964696
47 0.784531 0 0 -0.00618632 0.00024962 0.884667
48 0 0 0 0 0 0
49 -0.637413 -18.9567 -10.1352 -0.817378 -0.967342 0.802781
50 0 -0.611115 2.11238 0 0 0
51 -0.0145798 -0.736104 2.39399 0 0 0
52 -6.13075 -23.5351 -3.8629 -0.640771 -0.442646 0.790363
53 0 -0.675064 1.41593 0 0 0
54 0 0.979378 2.33571 0.174533 0 0
55 0 -1.91969 2.85382 0 0 0
56 0 2.062 1.89702 -0.785398 0 0
57 0 -1.66928 2.60403 -0.0368113 0 0
58 6.98255 2.1009 -16.1176 0 0 0
time 41
0 4.71371 0.140766 -8.38007 0.000934124 0 -1.53243
1 6.02794 0 0 -3.10751 1.06903 -1.60763
2 11.7344 0 0 -0.0014029 0 -2.00338
3 8.81138 -0.000452042 -0.000112534 0.0311811 0 0.000157554
4 5.77839 0.000284195 0 0.0208913 0 0.000105575
5 2.23163 -0.000329971 -0.000364304 0.0102897 0 0
6 11.4725 0 0 -0.00511716 0.211167 -0.170231
7 0.615219 -0.993092 -0.8107 3.03318 0.0559547 -0.39699
8 2.24752 0 0 0.0432505 0.0534517 -0.572196
9 1.11936 0 0 0.0803153 0.0463594 -0.142868
10 3.71348 -0.102642 0.10219 1.61077 1.12031 0.252585
11 1.72615 0 0 0.012158 0.00767509 -1.87263
12 1.21113 0 0 -0.00310379 0.00514858 -1.81188
13 3.59919 -1.06012 0.0708876 1.76424 -0.0384593 0.100853
14 1.66068 0 0 -0.0360011 0.0241061 -1.29175
15 1.167 0 0 0.00841048 -0.0083938 0.270045
16 2.18853 0.501038 0.0576591 1.57599 -0.0277891 0.073061
17 1.29609 0 0 -0.124559 0.0455379 -1.32046
18 1.62202 0.000712395 -0.000471115 0.0212834 -0.00508976 -1.79724
19 1.22241 0 0 0.000237509 0.00593039 -1.9506
20 1.76707 1.27612 0.0366411 1.43018 0.205155 0.106808
21 1.55588 0 0 -0.136898 0.00153284 -1.2292
22 1.24274 0 0 -0.000479163 0.000360574 -1.69273
23 0.784524 0 0 0.00636384 -0.00322825 -1.54252
24 -6.70653 5.90523 -5.42554 -0.000932693 0 -1.8749
25 6.02794 0 0 1.1854 0.544844 0.168917
26 11.7344 0 0 0.00140273 0 0.992518
27 8.81167 0 0 0.925828 0 0
28 5.77884 0 0 0.620304 0 0
29 2.23249 0 0 0.305523 0 0
30 11.4725 0 0 0.92179 -0.123748 0.178724
31 0.615813 0.994372 -0.809166 -2.88315 0.473459 0.364577
32 2.24752 0 0 -0.033431 0.235108 0.414666
33 1.11936 0 0 0.0758653 0.136146 1.16973
34 3.71348 0.102639 0.102188 -1.54675 0.834836 -0.400578
35 1.72615 0 0 -0.00689866 -0.00732657 1.09674
36 1.21112 0 0 0.0103137 0.0102 1.33017
37 3.5992 1.06012 0.0708885 -1.49306 0.382841 -0.0688126
38 1.66069 0 0 -0.0183614 0.0756731 -0.015374
39 1.16699 0 0 0.0189983 0.0425299 0.0577418
40 2.18853 -0.501041 0.0576572 -1.5728 0.133573 -0.17288
41 1.29609 0 0 0.120501 0.0520645 0.782584
42 1.62202 -0.000713348 -0.000469446 0.0811908 -0.0245018 1.19712
43 1.22241 0 0 -0.0119317 -0.00594712 1.29801
44 1.76707 -1.27612 0.0366402 -1.48212 0.284875 -0.100851
45 1.55587 0 0 0.223724 0.0868401 0.700865
46 1.24273 0 0 0.000478873 0.000360502 0.964696
47 0.784531 0 0 -0.0061862 0.000249583 0.884667
48 0 0 0 0 0 0
49 -0.547496 -19.6559 -9.73711 -0.754478 -0.940423 0.910854
50 0 -0.611113 2.11238 0 0 0
51 -0.0145798 -0.736103 2.39399 0 0 0
52 -5.80553 -23.3235 -3.62474 -0.655938 -0.47567 0.866403
53 0 -0.675064 1.41593 0 0 0
54 0 0.979375 2.33571 0.174533 0 0
55 0 -1.9197 2.85382 0 0 0
56 0 2.062 1.89703 -0.785398 0 0
57 0 -1.66928 2.60403 -0.0368112 0 0
58 6.98255 2.1009 -16.1176 0 0 0
time 42
0 4.71371 0.140766 -8.38007 0.000934124 0 -1.53243
1 6.02794 0 0 -3.02907 1.04356 -1.59079
2 11.7344 0 0 -0.00140289 0 -2.01655
3 8.81138 -0.000448227 -0.00011158 0.118283 0 0.000157233
4 5.77839 0.00028801 0 0.0792495 0 0.00010598
5 2.23163 -0.000329971 -0.00036335 0.0390334 0 0
6 11.4725 0 0 0.110397 0.0518053 -0.191382
7 0.615219 -0.993092 -0.8107 3.03318 0.0559545 -0.39699
8 2.24752 0 0 0.0432505 0.0534516 -0.572196
9 1.11936 0 0 0.0803151 0.0463596 -0.142868
10 3.71348 -0.102642 0.102191 1.61077 1.12031 0.252584
11 1.72615 0 0 0.0121582 0.00767518 -1.87263
12 1.21114 0 0 -0.00310372 0.00514863 -1.81188
13 3.59919 -1.06012 0.070888 1.76424 -0.0384592 0.100853
14 1.66069 0 0 -0.0360013 0.0241062 -1.29175
15 1.167 0 0 0.00841039 -0.00839382 0.270045
16 2.18852 0.501038 0.0576591 1.57599 -0.0277891 0.0730609
17 1.29609 0 0 -0.124559 0.0455379 -1.32046
18 1.62202 0.000714302 -0.000473022 0.0212834 -0.00508975 -1.79724
19 1.22241 0 0 0.000237476 0.00593044 -1.9506
20 1.76707 1.27612 0.0366406 1.43018 0.205155 0.106808
21 1.55588 0 0 -0.136898 0.00153276 -1.2292
22 1.24273 0 0 -0.000479287 0.000360524 -1.69273
23 0.784525 0 0 0.00636381 -0.0032282 -1.54252
24 -6.70653 5.90523 -5.42554 -0.000932693 0 -1.8749
25 6.02794 0 0 1.17802 0.545504 0.173725
26 11.7344 0 0 0.0014027 0 1.02428
27 8.81167 0 0 0.993727 0 0
28 5.77884 0 0 0.665797 0 0
29 2.23249 0 0 0.32793 0 0
30 11.4725 0 0 0.992055 -0.10104 0.150939
31 0.615812 0.994373 -0.809164 -2.88315 0.473458 0.364577
32 2.24752 0 0 -0.0334311 0.235107 0.414666
33 1.11936 0 0 0.0758653 0.136146 1.16973
34 3.71349 0.10264 0.10219 -1.54675 0.834836 -0.400578
35 1.72615 0 0 -0.00689875 -0.00732666 1.09674
36 1.21112 0 0 0.0103137 0.0102 1.33017
37 3.5992 1.06012 0.0708885 -1.49306 0.382841 -0.0688127
38 1.66069 0 0 -0.0183614 0.0756731 -0.015374
39 1.16699 0 0 0.0189984 0.0425299 0.0577418
40 2.18853 -0.50104 0.0576591 -1.5728 0.133573 -0.17288
41 1.29609 0 0 0.120501 0.0520646 0.782583
42 1.62202 -0.000713348 -0.000469565 0.0811908 -0.0245018 1.19712
43 1.2224 0 0 -0.0119317 -0.00594708 1.29801
44 1.76707 -1.27612 0.0366402 -1.48212 0.284875 -0.100851
45 1.55587 0 0 0.223724 0.0868401 0.700865
46 1.24273 0 0 0.000478905 0.000360561 0.964696
47 0.784533 0 0 -0.00618626 0.000249608 0.884667
48 0 0 0 0 0 0
49 -0.519638 -19.8989 -9.12731 -0.7007 -0.936376 1.011
50 0 -0.611114 2.11238 0 0 0
51 -0.0145798 -0.736104 2.39399 0 0 0
52 -5.4707 -23.0724 -3.31528 -0.681435 -0.509161 0.945682
53 0 -0.675064 1.41593 0 0 0
54 0 0.979377 2.33571 0.174533 0 0
55 0 -1.9197 2.85382 0 0 0
56 0 2.062 1.89703 -0.785398 0 0
57 0 -1.66928 2.60403 -0.0368112 0 0
58 6.98255 2.1009 -16.1176 0 0 0
time 43
0 4.71371 0.140766 -8.38007 0.000934124 0 -1.53243
1 6.02794 0 0 -2.86635 1.09399 -1.58824
2 11.7344 0 0 -0.00140281 0 -2.06524
3 8.81138 -0.000450134 -0.000112534 0.207828 0 0.000157371
4 5.77839 0.000286102 0 0.139245 0 0.00010645
5 2.23163 -0.000329971 -0.00036335 0.0685832 0 0
6 11.4725 0 0 0.246904 -0.221167 -0.191147
7 0.61522 -0.99309 -0.8107 3.03318 0.0559547 -0.39699
8 2.24752 0 0 0.0432505 0.0534516 -0.572196
9 1.11936 0 0 0.0803153 0.0463594 -0.142868
10 3.71348 -0.102638 0.10219 1.61077 1.12031 0.252585
11 1.72615 0 0 0.012158 0.00767515 -1.87263
12 1.21113 0 0 -0.00310375 0.00514854 -1.81188
13 3.59919 -1.06012 0.070888 1.76424 -0.0384593 0.100853
14 1.66069 0 0 -0.0360012 0.0241061 -1.29175
15 1.167 0 0 0.00841037 -0.00839372 0.270045
16 2.18852 0.501041 0.0576587 1.57599 -0.027789 0.073061
17 1.29609 0 0 -0.124559 0.0455379 -1.32046
18 1.62202 0.000713348 -0.000473022 0.0212834 -0.0050898 -1.79724
19 1.22241 0 0 0.000237393 0.00593043 -1.9506
20 1.76707 1.27612 0.0366406 1.43018 0.205155 0.106808
21 1.55588 0 0 -0.136898 0.00153273 -1.2292
22 1.24274 0 0 -0.000479142 0.000360496 -1.69273
23 0.784524 0 0 0.00636379 -0.00322818 -1.54252
24 -6.70653 5.90523 -5.42554 -0.000932693 0 -1.8749
25 6.02794 0 0 1.17103 0.544477 0.17943
26 11.7344 0 0 0.00140253 0 1.05075
27 8.81167 0 0 1.06569 0 0
28 5.77884 0 0 0.714014 0 0
29 2.23249 0 0 0.351679 0 0
30 11.4725 0 0 1.06511 -0.0861486 0.130863
31 0.615811 0.994373 -0.809166 -2.88315 0.473458 0.364577
32 2.24752 0 0 -0.033431 0.235107 0.414666
33 1.11936 0 0 0.0758654 0.136146 1.16973
34 3.71348 0.10264 0.10219 -1.54675 0.834836 -0.400578
35 1.72615 0 0 -0.00689868 -0.00732658 1.09674
36 1.21112 0 0 0.0103135 0.0102 1.33017
37 3.5992 1.06012 0.0708885 -1.49306 0.382841 -0.0688126
38 1.66069 0 0 -0.0183614 0.0756732 -0.0153739
39 1.16699 0 0 0.0189983 0.0425299 0.0577418
40 2.18853 -0.50104 0.0576591 -1.5728 0.133574 -0.17288
41 1.29609 0 0 0.120501 0.0520645 0.782584
42 1.62202 -0.000715256 -0.000469923 0.0811908 -0.0245018 1.19712
43 1.22241 0 0 -0.0119317 -0.00594712 1.29801
44 1.76707 -1.27612 0.0366402 -1.48212 0.284875 -0.100851
45 1.55587 0 0 0.223724 0.0868401 0.700865
46 1.24273 0 0 0.000478927 0.000360604 0.964696
47 0.784529 0 0 -0.00618626 0.000249528 0.884667
48 0 0 0 0 0 0
49 -0.830467 -19.6861 -8.32973 -0.63923 -0.966922 1.09442
50 0 -0.611116 2.11238 0 0 0
51 -0.0145817 -0.736105 2.39399 0 0 0
52 -5.18081 -22.8315 -3.00241 -0.719026 -0.541773 1.02847
53 0 -0.675064 1.41593 0 0 0
54 0 0.979378 2.33571 0.174533 0 0
55 0 -1.91969 2.85382 0 0 0
56 0 2.062 1.89702 -0.785398 0 0
57 0 -1.66928 2.60403 -0.0368113 0 0
58 6.98255 2.1009 -16.1176 0 0 0
time 44
0 4.71371 0.140766 -8.38007 0.000934124 0 -1.53243
1 6.02794 0 0 -2.61678 1.14754 -1.49312
2 11.7344 0 0 -0.00140284 0 -2.08769
3 8.81138 -0.000448227 -0.000112534 0.337462 0 0.000157172
4 5.77839 0.000286102 0 0.2261 0 0.000107125
5 2.23164 -0.000328064 -0.000364304 0.111362 0 0
6 11.4725 0 0 0.400603 -0.46237 -0.223444
7 0.61522 -0.99309 -0.8107 3.03318 0.0559546 -0.39699
8 2.24752 0 0 0.0432505 0.0534517 -0.572196
9 1.11936 0 0 0.0803151 0.0463593 -0.142868
10 3.71348 -0.102638 0.102191 1.61077 1.12031 0.252584
11 1.72615 0 0 0.012158 0.00767519 -1.87263
12 1.21114 0 0 -0.00310371 0.00514863 -1.81188
13 3.59919 -1.06012 0.0708883 1.76424 -0.0384593 0.100853
14 1.66069 0 0 -0.0360012 0.0241062 -1.29175
15 1.167 0 0 0.00841045 -0.00839377 0.270045
16 2.18853 0.501041 0.0576584 1.57599 -0.0277892 0.0730609
17 1.29609 0 0 -0.124559 0.0455378 -1.32046
18 1.62202 0.000713348 -0.000469208 0.0212834 -0.00508968 -1.79724
19 1.22241 0 0 0.000237511 0.00593044 -1.9506
20 1.76707 1.27612 0.0366411 1.43018 0.205155 0.106808
21 1.55588 0 0 -0.136898 0.00153276 -1.2292
22 1.24274 0 0 -0.000479249 0.000360511 -1.69273
23 0.784525 0 0 0.00636383 -0.00322818 -1.54252
24 -6.70653 5.90523 -5.42554 -0.000932693 0 -1.8749
25 6.02794 0 0 1.16546 0.541853 0.18529
26 11.7344 0 0 0.00140269 0 1.06422
27 8.81167 0 0 1.1406 0 0
28 5.77884 0 0 0.7642 0 0
29 2.23249 0 0 0.376397 0 0
30 11.4725 0 0 1.14069 -0.0793173 0.126443
31 0.615813 0.994372 -0.809164 -2.88315 0.473458 0.364577
32 2.24752 0 0 -0.0334311 0.235108 0.414666
33 1.11936 0 0 0.0758653 0.136146 1.16973
34 3.71348 0.102639 0.10219 -1.54675 0.834836 -0.400578
35 1.72615 0 0 -0.00689868 -0.00732662 1.09674
36 1.21112 0 0 0.0103137 0.0102 1.33017
37 3.5992 1.06012 0.0708885 -1.49306 0.382841 -0.0688127
38 1.66069 0 0 -0.0183614 0.0756731 -0.0153741
39 1.16699 0 0 0.0189983 0.0425299 0.0577418
40 2.18853 -0.501041 0.0576591 -1.5728 0.133573 -0.17288
41 1.29609 0 0 0.120501 0.0520644 0.782583
42 1.62202 -0.000713348 -0.000469923 0.0811908 -0.0245019 1.19712
43 1.2224 0 0 -0.0119316 -0.00594709 1.29801
44 1.76707 -1.27612 0.0366421 -1.48212 0.284875 -0.100851
45 1.55588 0 0 0.223724 0.0868401 0.700865
46 1.24273 0 0 0.000478933 0.00036055 0.964696
47 0.784533 0 0 -0.0061864 0.000249658 0.884667
48 0 0 0 0 0 0
49 -1.28166 -19.4129 -7.59095 -0.630783 -0.994498 1.20018
50 0 -0.611115 2.11238 0 0 0
51 -0.0145798 -0.736103 2.39399 0 0 0
52 -4.98992 -22.6501 -2.75495 -0.770384 -0.571639 1.11515
53 0 -0.675065 1.41593 0 0 0
54 0 0.979376 2.33571 0.174533 0 0
55 0 -1.9197 2.85382 0 0 0
56 0 2.062 1.89702 -0.785398 0 0
57 0 -1.66928 2.60403 -0.0368112 0 0
58 6.98255 2.1009 -16.1176 0 0 0
time 45
0 4.71371 0.140766 -8.38007 0.000934124 0 -1.53243
1 6.02794 0 0 -2.54258 1.12499 -1.4427
2 11.7344 0 0 -0.00140279 0 -2.08592
3 8.81139 -0.000452042 -0.000112534 0.463771 0 0.000157316
4 5.77839 0.000286102 0 0.310726 0 0.000107708
5 2.23163 -0.000329971 -0.00036335 0.153044 0 0
6 11.4725 0 0 0.541598 -0.445349 -0.293125
7 0.61522 -0.993092 -0.8107 3.03318 0.0559545 -0.39699
8 2.24752 0 0 0.0432506 0.0534516 -0.572196
9 1.11936 0 0 0.0803152 0.0463594 -0.142868
10 3.71348 -0.102642 0.102191 1.61077 1.12031 0.252584
11 1.72615 0 0 0.012158 0.00767515 -1.87263
12 1.21113 0 0 -0.0031037 0.0051486 -1.81188
13 3.59919 -1.06012 0.0708878 1.76424 -0.0384592 0.100853
14 1.66069 0 0 -0.0360011 0.0241061 -1.29175
15 1.167 0 0 0.00841043 -0.0083937 0.270045
16 2.18853 0.501038 0.0576589 1.57599 -0.0277891 0.0730609
17 1.29609 0 0 -0.124559 0.045538 -1.32046
18 1.62202 0.000712395 -0.000471115 0.0212834 -0.00508987 -1.79724
19 1.22241 0 0 0.000237548 0.00593044 -1.9506
20 1.76707 1.27612 0.0366414 1.43018 0.205155 0.106808
21 1.55588 0 0 -0.136898 0.00153274 -1.2292
22 1.24273 0 0 -0.000479202 0.000360429 -1.69273
23 0.784521 0 0 0.0063638 -0.00322817 -1.54252
24 -6.70653 5.90523 -5.42554 -0.000932693 0 -1.8749
25 6.02794 0 0 1.16081 0.538527 0.191046
26 11.7344 0 0 0.00140255 0 1.06475
27 8.81167 0 0 1.23184 0 0
28 5.77884 0 0 0.825333 0 0
29 2.23249 0 0 0.406507 0 0
30 11.4725 0 0 1.23275 -0.0765517 0.137989
31 0.615812 0.994372 -0.809166 -2.88315 0.473458 0.364577
32 2.24752 0 0 -0.033431 0.235107 0.414666
33 1.11936 0 0 0.0758652 0.136146 1.16973
34 3.71348 0.102639 0.102192 -1.54675 0.834836 -0.400578
35 1.72615 0 0 -0.00689868 -0.00732658 1.09674
36 1.21112 0 0 0.0103136 0.0102001 1.33017
37 3.5992 1.06012 0.0708885 -1.49306 0.382841 -0.0688127
38 1.66069 0 0 -0.0183614 0.0756731 -0.015374
39 1.16699 0 0 0.0189983 0.04253 0.0577418
40 2.18853 -0.50104 0.0576591 -1.5728 0.133573 -0.17288
41 1.29609 0 0 0.120501 0.0520644 0.782584
42 1.62202 -0.000711441 -0.000469685 0.0811907 -0.0245018 1.19712
43 1.22241 0 0 -0.0119317 -0.0059471 1.29801
44 1.76707 -1.27612 0.0366402 -1.48212 0.284875 -0.100851
45 1.55588 0 0 0.223724 0.08684 0.700865
46 1.24273 0 0 0.000478929 0.000360608 0.964696
47 0.784533 0 0 -0.00618634 0.000249633 0.884667
48 0 0 0 0 0 0
49 -1.49087 -19.256 -7.01099 -0.769993 -0.970363 1.39364
50 0 -0.611114 2.11238 0 0 0
51 -0.0145779 -0.736103 2.39399 0 0 0
52 -4.89784 -22.5309 -2.58738 -0.843474 -0.603429 1.22249
53 0 -0.675066 1.41593 0 0 0
54 0 0.979378 2.33571 0.174533 0 0
55 0 -1.9197 2.85382 0 0 0
56 0 2.062 1.89702 -0.785398 0 0
57 0 -1.66928 2.60403 -0.0368113 0 0
58 6.98255 2.1009 -16.1176 0 0 0
time 46
0 4.71371 0.140766 -8.38007 0.000934124 0 -1.53243
1 6.02794 0 0 -2.60359 1.06623 -1.4487
2 11.7344 0 0 -0.00140279 0 -2.07297
3 8.81138 -0.000450134 -0.00011158 0.529845 0 0.000157485
4 5.77839 0.000286102 0 0.354996 0 0.000108444
5 2.23164 -0.000329971 -0.00036335 0.174849 0 0
6 11.4725 0 0 0.605696 -0.269996 -0.338673
7 0.615218 -0.993092 -0.8107 3.03318 0.0559545 -0.39699
8 2.24752 0 0 0.0432505 0.0534517 -0.572196
9 1.11936 0 0 0.0803151 0.0463595 -0.142868
10 3.71348 -0.102642 0.102191 1.61077 1.12031 0.252584
11 1.72615 0 0 0.0121581 0.00767517 -1.87263
12 1.21113 0 0 -0.00310365 0.00514851 -1.81188
13 3.59919 -1.06012 0.0708878 1.76424 -0.0384593 0.100853
14 1.66069 0 0 -0.0360012 0.0241061 -1.29175
15 1.167 0 0 0.00841053 -0.00839382 0.270045
16 2.18852 0.501041 0.0576589 1.57599 -0.0277892 0.0730609
17 1.29609 0 0 -0.124559 0.0455379 -1.32046
18 1.62202 0.000714302 -0.000471115 0.0212834 -0.00508991 -1.79724
19 1.22241 0 0 0.000237595 0.00593035 -1.9506
20 1.76707 1.27612 0.0366411 1.43018 0.205155 0.106808
21 1.55588 0 0 -0.136897 0.00153279 -1.2292
22 1.24273 0 0 -0.000479263 0.000360484 -1.69273
23 0.784524 0 0 0.00636387 -0.00322822 -1.54252
24 -6.70653 5.90523 -5.42554 -0.000932693 0 -1.8749
25 6.02794 0 0 1.15774 0.534308 0.196329
26 11.7344 0 0 0.00140257 0 1.05646
27 8.81167 0 0 1.3025 0 0
28 5.77884 0 0 0.872677 0 0
29 2.23249 0 0 0.429826 0 0
30 11.4725 0 0 1.30398 -0.079851 0.157471
31 0.615812 0.994372 -0.809166 -2.88315 0.473458 0.364577
32 2.24752 0 0 -0.033431 0.235107 0.414666
33 1.11936 0 0 0.0758655 0.136146 1.16973
34 3.71349 0.102639 0.10219 -1.54675 0.834836 -0.400578
35 1.72615 0 0 -0.00689867 -0.00732662 1.09674
36 1.21112 0 0 0.0103136 0.0102002 1.33017
37 3.5992 1.06012 0.0708866 -1.49306 0.382841 -0.0688127
38 1.66069 0 0 -0.0183614 0.0756731 -0.015374
39 1.16699 0 0 0.0189983 0.0425299 0.0577418
40 2.18853 -0.50104 0.0576591 -1.5728 0.133573 -0.17288
41 1.29609 0 0 0.120501 0.0520644 0.782583
42 1.62202 -0.000713348 -0.000470161 0.0811908 -0.0245018 1.19712
43 1.2224 0 0 -0.0119317 -0.00594707 1.29801
44 1.76707 -1.27612 0.0366402 -1.48212 0.284875 -0.100851
45 1.55588 0 0 0.223724 0.0868401 0.700865
46 1.24273 0 0 0.000478845 0.000360576 0.964696
47 0.784534 0 0 -0.00618628 0.000249501 0.884667
48 0 0 0 0 0 0
49 -1.62437 -19.2152 -6.62508 -0.938888 -0.898278 1.55688
50 0 -0.611115 2.11238 0 0 0
51 -0.0145798 -0.736106 2.39399 0 0 0
52 -4.86901 -22.4817 -2.4942 -0.908653 -0.620623 1.30947
53 0 -0.675065 1.41593 0 0 0
54 0 0.979377 2.33571 0.174533 0 0
55 0 -1.91969 2.85382 0 0 0
56 0 2.062 1.89703 -0.785398 0 0
57 0 -1.66928 2.60403 -0.0368113 0 0
58 6.98255 2.1009 -16.1176 0 0 0
time 47
0 4.71371 0.140766 -8.38007 0.000934124 0 -1.53243
1 6.02794 0 0 -2.6758 0.993715 -1.4345
2 11.7344 0 0 -0.00140284 0 -2.01304
3 8.81138 -0.000450134 -0.000112534 0.505097 0 0.000157678
4 5.77839 0.000286102 0 0.338415 0 0.000108367
5 2.23163 -0.000328064 -0.000364304 0.166682 0 0
6 11.4725 0 0 0.561959 -0.0809088 -0.39154
7 0.615219 -0.993092 -0.8107 3.03318 0.0559547 -0.39699
8 2.24752 0 0 0.0432505 0.0534516 -0.572196
9 1.11936 0 0 0.0803152 0.0463594 -0.142868
10 3.71348 -0.10264 0.102191 1.61077 1.12031 0.252585
11 1.72615 0 0 0.012158 0.00767517 -1.87263
12 1.21114 0 0 -0.00310372 0.00514863 -1.81188
13 3.59919 -1.06012 0.0708883 1.76424 -0.0384593 0.100853
14 1.66069 0 0 -0.0360014 0.0241062 -1.29175
15 1.167 0 0 0.00841048 -0.00839381 0.270045
16 2.18852 0.50104 0.0576591 1.57599 -0.0277891 0.0730609
17 1.29609 0 0 -0.124559 0.0455378 -1.32046
18 1.62202 0.000713348 -0.000471115 0.0212834 -0.00508974 -1.79724
19 1.22241 0 0 0.000237532 0.00593042 -1.9506
20 1.76707 1.27612 0.0366409 1.43018 0.205155 0.106808
21 1.55588 0 0 -0.136898 0.00153266 -1.2292
22 1.24274 0 0 -0.000479229 0.000360454 -1.69273
23 0.784523 0 0 0.00636377 -0.0032282 -1.54252
24 -6.70653 5.90523 -5.42554 -0.000932693 0 -1.8749
25 6.02794 0 0 1.15806 0.528894 0.199905
26 11.7344 0 0 0.00140262 0 1.03839
27 8.81167 0 0 1.30194 0 0
28 5.77884 0 0 0.872303 0 0
29 2.23249 0 0 0.429642 0 0
30 11.4725 0 0 1.30394 -0.0917856 0.181992
31 0.615812 0.994373 -0.809166 -2.88315 0.473458 0.364577
32 2.24752 0 0 -0.0334309 0.235108 0.414666
33 1.11936 0 0 0.0758653 0.136146 1.16973
34 3.71349 0.102639 0.10219 -1.54675 0.834836 -0.400578
35 1.72615 0 0 -0.00689873 -0.00732659 1.09674
36 1.21112 0 0 0.0103137 0.0102 1.33017
37 3.5992 1.06012 0.0708904 -1.49306 0.382841 -0.0688127
38 1.66069 0 0 -0.0183614 0.0756732 -0.015374
39 1.16699 0 0 0.0189983 0.0425297 0.0577418
40 2.18853 -0.501041 0.0576591 -1.5728 0.133573 -0.17288
41 1.29609 0 0 0.120501 0.0520644 0.782583
42 1.62202 -0.000715256 -0.000469923 0.0811908 -0.0245018 1.19712
43 1.2224 0 0 -0.0119317 -0.00594709 1.29801
44 1.76707 -1.27612 0.0366421 -1.48212 0.284875 -0.100851
45 1.55588 0 0 0.223724 0.08684 0.700865
46 1.24273 0 0 0.000479005 0.000360625 0.964696
47 0.784531 0 0 -0.00618634 0.000249633 0.884667
48 0 0 0 0 0 0
49 -1.78659 -19.501 -6.59295 -1.00023 -0.812893 1.57127
50 0 -0.611115 2.11238 0 0 0
51 -0.0145817 -0.736105 2.39399 0 0 0
52 -4.89357 -22.5349 -2.50847 -0.922335 -0.609202 1.31402
53 0 -0.675064 1.41593 0 0 0
54 0 0.979378 2.33571 0.174533 0 0
55 0 -1.91969 2.85382 0 0 0
56 0 2.062 1.89703 -0.785398 0 0
57 0 -1.66928 2.60403 -0.0368113 0 0
58 6.98255 2.1009 -16.1176 0 0 0
time 48
0 4.71371 0.140766 -8.38007 0.000934124 0 -1.53243
1 6.02794 0 0 -2.71604 0.927348 -1.39071
2 11.7344 0 0 -0.00140295 0 -1.92347
3 8.81139 -0.000450134 -0.000112534 0.446815 0 0.000157723
4 5.77839 0.000286102 0 0.299366 0 0.000107951
5 2.23163 -0.000328064 -0.00036335 0.147449 0 0
6 11.4725 0 0 0.465104 0.0655627 -0.463706
7 0.615221 -0.993092 -0.8107 3.03318 0.0559546 -0.39699
8 2.24752 0 0 0.0432505 0.0534516 -0.572196
9 1.11936 0 0 0.0803152 0.0463594 -0.142868
10 3.71348 -0.102642 0.102191 1.61077 1.12031 0.252584
11 1.72615 0 0 0.0121581 0.00767518 -1.87263
12 1.21114 0 0 -0.00310375 0.0051485 -1.81188
13 3.59919 -1.06012 0.0708879 1.76424 -0.0384593 0.100853
14 1.66069 0 0 -0.0360013 0.0241062 -1.29175
15 1.167 0 0 0.00841048 -0.00839378 0.270045
16 2.18853 0.50104 0.0576589 1.57599 -0.0277891 0.0730609
17 1.29609 0 0 -0.124559 0.0455377 -1.32046
18 1.62202 0.000713348 -0.000471115 0.0212835 -0.00508977 -1.79724
19 1.22241 0 0 0.00023755 0.00593034 -1.9506
20 1.76707 1.27612 0.0366406 1.43018 0.205155 0.106808
21 1.55588 0 0 -0.136898 0.00153272 -1.2292
22 1.24274 0 0 -0.000479246 0.000360548 -1.69273
23 0.784522 0 0 0.0063638 -0.00322821 -1.54252
24 -6.70653 5.90523 -5.42554 -0.000932693 0 -1.8749
25 6.02794 0 0 1.15978 0.521652 0.20365
26 11.7344 0 0 0.0014027 0 1.01207
27 8.81167 0 0 1.27664 0 0
28 5.77884 0 0 0.855351 0 0
29 2.23249 0 0 0.421292 0 0
30 11.4725 0 0 1.27941 -0.11224 0.216919
31 0.615813 0.994372 -0.809164 -2.88315 0.473459 0.364577
32 2.24752 0 0 -0.033431 0.235108 0.414666
33 1.11935 0 0 0.0758652 0.136146 1.16973
34 3.71349 0.10264 0.10219 -1.54675 0.834836 -0.400578
35 1.72615 0 0 -0.00689872 -0.00732664 1.09674
36 1.21112 0 0 0.0103137 0.0102 1.33017
37 3.5992 1.06012 0.0708885 -1.49306 0.382841 -0.0688127
38 1.66069 0 0 -0.0183614 0.0756731 -0.0153741
39 1.16699 0 0 0.0189983 0.04253 0.0577418
40 2.18853 -0.50104 0.0576591 -1.5728 0.133574 -0.17288
41 1.29609 0 0 0.120501 0.0520645 0.782583
42 1.62202 -0.000713348 -0.000469923 0.0811907 -0.0245018 1.19712
43 1.22241 0 0 -0.0119317 -0.00594709 1.29801
44 1.76707 -1.27612 0.0366402 -1.48212 0.284875 -0.100851
45 1.55588 0 0 0.223724 0.0868401 0.700864
46 1.24273 0 0 0.0004788 0.00036049 0.964696
47 0.784534 0 0 -0.00618617 0.000249583 0.884667
48 0 0 0 0 0 0
49 -1.93287 -19.9442 -6.72483 -0.995256 -0.732873 1.50661
50 0 -0.611115 2.11238 0 0 0
51 -0.0145798 -0.736104 2.39399 0 0 0
52 -4.96038 -22.6231 -2.55534 -0.925459 -0.584488 1.29155
53 0 -0.675066 1.41593 0 0 0
54 0 0.979375 2.33571 0.174533 0 0
55 0 -1.9197 2.85382 0 0 0
56 0 2.062 1.89703 -0.785398 0 0
57 0 -1.66928 2.60403 -0.0368112 0 0
58 6.98255 2.1009 -16.1176 0 0 0
time 49
0 4.71371 0.140766 -8.38007 0.000934124 0 -1.53243
1 6.02794 0 0 -2.73849 0.860542 -1.31699
2 11.7344 0 0 -0.00140275 0 -1.81786
3 8.81138 -0.000450134 -0.000112534 0.399422 0 0.000157628
4 5.77839 0.000286102 0 0.267613 0 0.000107652
5 2.23163 -0.000329971 -0.000364304 0.131809 0 0
6 11.4725 0 0 0.33685 0.218881 -0.547862
7 0.61522 -0.99309 -0.8107 3.03318 0.0559544 -0.39699
8 2.24752 0 0 0.0432505 0.0534516 -0.572196
9 1.11936 0 0 0.0803152 0.0463595 -0.142868
10 3.71348 -0.10264 0.102191 1.61077 1.12031 0.252584
11 1.72615 0 0 0.012158 0.00767515 -1.87263
12 1.21114 0 0 -0.00310387 0.00514863 -1.81188
13 3.59919 -1.06012 0.070888 1.76424 -0.0384593 0.100853
14 1.66069 0 0 -0.0360012 0.0241062 -1.29175
15 1.167 0 0 0.00841047 -0.00839383 0.270045
16 2.18853 0.501041 0.0576589 1.57599 -0.0277893 0.0730608
17 1.29609 0 0 -0.124559 0.045538 -1.32046
18 1.62202 0.000714302 -0.000473022 0.0212835 -0.00508964 -1.79724
19 1.22241 0 0 0.000237492 0.00593036 -1.9506
20 1.76707 1.27612 0.0366409 1.43018 0.205155 0.106808
21 1.55588 0 0 -0.136898 0.00153277 -1.2292
22 1.24274 0 0 -0.000479277 0.000360536 -1.69273
23 0.784522 0 0 0.00636381 -0.0032282 -1.54252
24 -6.70653 5.90523 -5.42554 -0.000932693 0 -1.8749
25 6.02794 0 0 1.16118 0.511611 0.20954
26 11.7344 0 0 0.00140268 0 0.976959
27 8.81167 0 0 1.25585 0 0
28 5.77884 0 0 0.841418 0 0
29 2.23249 0 0 0.41443 0 0
30 11.4725 0 0 1.25995 -0.148306 0.275161
31 0.615814 0.994372 -0.809164 -2.88315 0.473458 0.364577
32 2.24752 0 0 -0.033431 0.235108 0.414666
33 1.11936 0 0 0.0758653 0.136146 1.16973
34 3.71348 0.102639 0.10219 -1.54675 0.834836 -0.400578
35 1.72615 0 0 -0.00689877 -0.00732671 1.09674
36 1.21112 0 0 0.0103138 0.0102001 1.33017
37 3.5992 1.06012 0.0708885 -1.49306 0.382841 -0.0688128
38 1.66069 0 0 -0.0183613 0.0756731 -0.015374
39 1.16699 0 0 0.0189983 0.0425299 0.0577418
40 2.18853 -0.50104 0.0576591 -1.5728 0.133573 -0.17288
41 1.29609 0 0 0.120501 0.0520644 0.782583
42 1.62202 -0.000713348 -0.000470161 0.0811908 -0.0245017 1.19712
43 1.22241 0 0 -0.0119317 -0.00594709 1.29801
44 1.76707 -1.27612 0.0366402 -1.48212 0.284875 -0.100851
45 1.55588 0 0 0.223724 0.0868402 0.700865
46 1.24273 0 0 0.000478867 0.000360554 0.964696
47 0.784531 0 0 -0.00618634 0.000249633 0.884667
48 0 0 0 0 0 0
49 -1.9864 -20.4346 -6.86461 -0.998745 -0.639328 1.42889
50 0 -0.611114 2.11238 0 0 0
51 -0.0145798 -0.736104 2.39399 0 0 0
52 -5.07364 -22.6791 -2.56554 -0.953023 -0.547296 1.28098
53 0 -0.675064 1.41593 0 0 0
54 0 0.979376 2.33571 0.174533 0 0
55 0 -1.91969 2.85382 0 0 0
56 0 2.062 1.89703 -0.785398 0 0
57 0 -1.66928 2.60403 -0.0368113 0 0
58 6.98255 2.1009 -16.1176 0 0 0
time 50
0 4.71371 0.140766 -8.38007 0.000934124 0 -1.53243
1 6.02794 0 0 -2.73843 0.808764 -1.24049
2 11.7344 0 0 -0.00140294 0 -1.716
3 8.81138 -0.000450134 -0.000112534 0.368024 0 0.000156939
4 5.77839 0.000286102 0 0.246576 0 0.000106934
5 2.23163 -0.000329971 -0.00036335 0.121448 0 0
6 11.4725 0 0 0.211935 0.330195 -0.628974
7 0.615219 -0.993092 -0.8107 3.03318 0.0559547 -0.39699
8 2.24752 0 0 0.0432504 0.0534516 -0.572196
9 1.11936 0 0 0.0803152 0.0463595 -0.142868
10 3.71348 -0.102644 0.102191 1.61077 1.12031 0.252585
11 1.72615 0 0 0.0121581 0.00767528 -1.87263
12 1.21114 0 0 -0.00310362 0.00514865 -1.81188
13 3.59919 -1.06012 0.0708885 1.76424 -0.0384592 0.100853
14 1.66069 0 0 -0.0360011 0.0241061 -1.29175
15 1.167 0 0 0.00841043 -0.00839373 0.270045
16 2.18853 0.50104 0.0576591 1.57599 -0.0277891 0.0730609
17 1.29609 0 0 -0.124559 0.0455379 -1.32046
18 1.62202 0.000714302 -0.000471115 0.0212834 -0.0050898 -1.79724
19 1.22241 0 0 0.000237414 0.00593035 -1.9506
20 1.76707 1.27612 0.0366411 1.43018 0.205155 0.106808
21 1.55588 0 0 -0.136898 0.0015327 -1.2292
22 1.24274 0 0 -0.000479241 0.000360464 -1.69273
23 0.784525 0 0 0.00636383 -0.00322826 -1.54252
24 -6.70653 5.90523 -5.42554 -0.000932693 0 -1.8749
25 6.02794 0 0 1.16286 0.501345 0.215265
26 11.7344 0 0 0.00140264 0 0.942359
27 8.81167 0 0 1.23824 0 0
28 5.77884 0 0 0.829619 0 0
29 2.23249 0 0 0.408619 0 0
30 11.4725 0 0 1.24388 -0.180229 0.329613
31 0.615812 0.994373 -0.809164 -2.88315 0.473458 0.364577
32 2.24752 0 0 -0.033431 0.235107 0.414666
33 1.11936 0 0 0.0758654 0.136146 1.16973
34 3.71348 0.10264 0.102192 -1.54675 0.834836 -0.400578
35 1.72615 0 0 -0.00689877 -0.00732666 1.09674
36 1.21112 0 0 0.0103138 0.0101999 1.33017
37 3.5992 1.06012 0.0708904 -1.49306 0.382841 -0.0688128
38 1.66069 0 0 -0.0183614 0.0756731 -0.015374
39 1.16699 0 0 0.0189983 0.04253 0.0577418
40 2.18853 -0.50104 0.0576611 -1.5728 0.133573 -0.17288
41 1.29609 0 0 0.120501 0.0520644 0.782583
42 1.62202 -0.000713348 -0.000470161 0.0811909 -0.0245019 1.19712
43 1.22241 0 0 -0.0119316 -0.00594716 1.29801
44 1.76707 -1.27612 0.0366421 -1.48212 0.284875 -0.100851
45 1.55588 0 0 0.223724 0.08684 0.700865
46 1.24273 0 0 0.00047889 0.000360597 0.964696
47 0.784531 0 0 -0.00618638 0.000249552 0.884667
48 0 0 0 0 0 0
49 -2.00667 -20.8826 -6.99323 -1.00232 -0.559816 1.35064
50 0 -0.611114 2.11238 0 0 0
51 -0.0145798 -0.736104 2.39399 0 0 0
52 -5.18501 -22.7334 -2.58423 -0.979743 -0.515351 1.27304
53 0 -0.675064 1.41593 0 0 0
54 0 0.979377 2.33571 0.174533 0 0
55 0 -1.91969 2.85382 0 0 0
56 0 2.062 1.89702 -0.785398 0 0
57 0 -1.66928 2.60403 -0.0368113 0 0
58 6.98255 2.1009 -16.1176 0 0 0
time 51
0 4.71371 0.140766 -8.38007 0.000934124 0 -1.53243
1 6.02794 0 0 -2.73502 0.781476 -1.20323
2 11.7344 0 0 -0.00140276 0 -1.66555
3 8.81138 -0.000450134 -0.00011158 0.357003 0 0.000157477
4 5.77839 0.000286102 0 0.239192 0 0.000107276
5 2.23163 -0.000328064 -0.000362396 0.117811 0 0
6 11.4725 0 0 0.149589 0.380189 -0.658645
7 0.61522 -0.993092 -0.8107 3.03318 0.0559545 -0.39699
8 2.24752 0 0 0.0432505 0.0534517 -0.572196
9 1.11936 0 0 0.0803152 0.0463594 -0.142868
10 3.71348 -0.10264 0.10219 1.61077 1.12031 0.252584
11 1.72615 0 0 0.012158 0.00767515 -1.87263
12 1.21113 0 0 -0.00310385 0.00514865 -1.81188
13 3.59919 -1.06012 0.070888 1.76424 -0.0384592 0.100853
14 1.66069 0 0 -0.0360011 0.0241062 -1.29175
15 1.167 0 0 0.00841042 -0.00839379 0.270045
16 2.18853 0.501043 0.0576591 1.57599 -0.0277892 0.0730609
17 1.29609 0 0 -0.124559 0.0455378 -1.32046
18 1.62202 0.000714302 -0.000471115 0.0212834 -0.0050898 -1.79724
19 1.22241 0 0 0.000237485 0.00593046 -1.9506
20 1.76707 1.27612 0.0366406 1.43018 0.205155 0.106808
21 1.55587 0 0 -0.136897 0.00153278 -1.2292
22 1.24274 0 0 -0.000479362 0.000360372 -1.69273
23 0.784523 0 0 0.00636385 -0.00322804 -1.54252
24 -6.70653 5.90523 -5.42554 -0.000932693 0 -1.8749
25 6.02794 0 0 1.16535 0.494959 0.21757
26 11.7344 0 0 0.00140259 0 0.923114
27 8.81167 0 0 1.2462 0 0
28 5.77884 0 0 0.834952 0 0
29 2.23249 0 0 0.411245 0 0
30 11.4725 0 0 1.25222 -0.190715 0.344548
31 0.615814 0.994373 -0.809166 -2.88315 0.473458 0.364577
32 2.24752 0 0 -0.0334312 0.235107 0.414666
33 1.11936 0 0 0.0758654 0.136146 1.16973
34 3.71349 0.10264 0.10219 -1.54675 0.834836 -0.400578
35 1.72615 0 0 -0.0068987 -0.00732661 1.09674
36 1.21112 0 0 0.0103137 0.0101999 1.33017
37 3.5992 1.06012 0.0708885 -1.49306 0.382841 -0.0688126
38 1.66069 0 0 -0.0183614 0.0756731 -0.0153739
39 1.16699 0 0 0.0189983 0.0425299 0.0577417
40 2.18853 -0.50104 0.0576591 -1.5728 0.133573 -0.17288
41 1.29609 0 0 0.120501 0.0520645 0.782583
42 1.62202 -0.000713348 -0.000469685 0.0811907 -0.0245019 1.19712
43 1.22241 0 0 -0.0119317 -0.00594718 1.29801
44 1.76707 -1.27612 0.0366421 -1.48212 0.284875 -0.100851
45 1.55587 0 0 0.223724 0.08684 0.700865
46 1.24273 0 0 0.000478883 0.000360584 0.964696
47 0.784531 0 0 -0.00618629 0.000249607 0.884667
48 0 0 0 0 0 0
49 -2.03867 -21.1215 -7.02121 -1.00364 -0.528463 1.30212
50 0 -0.611114 2.11238 0 0 0
51 -0.0145817 -0.736104 2.39399 0 0 0
52 -5.28654 -22.8229 -2.60892 -0.996714 -0.516437 1.2794
53 0 -0.675064 1.41593 0 0 0
54 0 0.979377 2.33571 0.174533 0 0
55 0 -1.91969 2.85382 0 0 0
56 0 2.062 1.89703 -0.785398 0 0
57 0 -1.66928 2.60403 -0.0368113 0 0
58 6.98255 2.1009 -16.1176 0 0 0
time 52
0 4.71371 0.140766 -8.38007 0.000934124 0 -1.53243
1 6.02794 0 0 -2.73004 0.769246 -1.19354
2 11.7344 0 0 -0.00140287 0 -1.65001
3 8.81138 -0.000450134 -0.000112534 0.357302 0 0.000157305
4 5.77839 0.000286102 0 0.239392 0 0.000107207
5 2.23164 -0.000329971 -0.000364304 0.117909 0 0
6 11.4725 0 0 0.139988 0.391614 -0.658573
7 0.615219 -0.99309 -0.810699 3.03318 0.0559545 -0.39699
8 2.24752 0 0 0.0432506 0.0534516 -0.572196
9 1.11936 0 0 0.0803152 0.0463593 -0.142868
10 3.71348 -0.102642 0.102191 1.61077 1.12031 0.252585
11 1.72615 0 0 0.0121581 0.0076752 -1.87263
12 1.21114 0 0 -0.00310369 0.00514857 -1.81188
13 3.59919 -1.06012 0.070888 1.76424 -0.0384592 0.100853
14 1.66069 0 0 -0.0360012 0.0241062 -1.29175
15 1.167 0 0 0.00841054 -0.00839381 0.270045
16 2.18853 0.501038 0.0576591 1.57599 -0.027789 0.0730609
17 1.29609 0 0 -0.124559 0.0455378 -1.32046
18 1.62202 0.000713348 -0.000471115 0.0212834 -0.0050898 -1.79724
19 1.22241 0 0 0.000237328 0.00593044 -1.9506
20 1.76707 1.27612 0.0366411 1.43018 0.205155 0.106808
21 1.55588 0 0 -0.136897 0.00153279 -1.2292
22 1.24274 0 0 -0.000479257 0.000360558 -1.69273
23 0.784523 0 0 0.00636383 -0.00322821 -1.54252
24 -6.70653 5.90523 -5.42554 -0.000932693 0 -1.8749
25 6.02794 0 0 1.16846 0.491645 0.217208
26 11.7344 0 0 0.00140276 0 0.91571
27 8.81167 0 0 1.25565 0 0
28 5.77884 0 0 0.841288 0 0
29 2.23249 0 0 0.414366 0 0
30 11.4725 0 0 1.26178 -0.188365 0.342714
31 0.615815 0.994372 -0.809166 -2.88315 0.473458 0.364577
32 2.24752 0 0 -0.033431 0.235107 0.414666
33 1.11936 0 0 0.0758654 0.136146 1.16973
34 3.71349 0.102639 0.10219 -1.54675 0.834836 -0.400578
35 1.72615 0 0 -0.0068988 -0.00732665 1.09674
36 1.21112 0 0 0.0103138 0.0102 1.33017
37 3.5992 1.06012 0.0708866 -1.49306 0.382841 -0.0688128
38 1.66069 0 0 -0.0183614 0.0756732 -0.015374
39 1.16699 0 0 0.0189983 0.0425298 0.0577417
40 2.18853 -0.50104 0.0576572 -1.5728 0.133573 -0.17288
41 1.29609 0 0 0.120501 0.0520645 0.782583
42 1.62202 -0.000713348 -0.000469446 0.0811909 -0.0245018 1.19712
43 1.2224 0 0 -0.0119318 -0.00594692 1.29801
44 1.76707 -1.27612 0.0366402 -1.48212 0.284875 -0.100851
45 1.55588 0 0 0.223724 0.08684 0.700865
46 1.24273 0 0 0.000479064 0.000360674 0.964696
47 0.784531 0 0 -0.00618641 0.000249632 0.884667
48 0 0 0 0 0 0
49 -2.11621 -21.2193 -6.96385 -1.00191 -0.524826 1.28511
50 0 -0.611113 2.11238 0 0 0
51 -0.0145798 -0.736104 2.39399 0 0 0
52 -5.36566 -22.8912 -2.61159 -1.00191 -0.524825 1.28511
53 0 -0.675065 1.41593 0 0 0
54 0 0.979375 2.33571 0.174533 0 0
55 0 -1.9197 2.85382 0 0 0
56 0 2.062 1.89702 -0.785398 0 0
57 0 -1.66928 2.60403 -0.0368113 0 0
58 6.98255 2.1009 -16.1176 0 0 0
time 53
0 4.71371 0.140766 -8.38007 0.000934124 0 -1.53243
1 6.02794 0 0 -2.71238 0.763689 -1.18996
2 11.7344 0 0 -0.00140286 0 -1.62892
3 8.81138 -0.000450134 -0.000112534 0.341826 0 0.000157532
4 5.77839 0.000286102 0 0.229023 0 0.000107232
5 2.23163 -0.000329971 -0.000364304 0.112802 0 0
6 11.4725 0 0 0.137383 0.366525 -0.676261
7 0.615219 -0.993093 -0.8107 3.03318 0.0559544 -0.39699
8 2.24752 0 0 0.0432505 0.0534515 -0.572196
9 1.11936 0 0 0.0803153 0.0463595 -0.142868
10 3.71348 -0.102642 0.102191 1.61077 1.12031 0.252584
11 1.72615 0 0 0.0121581 0.00767517 -1.87263
12 1.21114 0 0 -0.00310373 0.00514851 -1.81188
13 3.59919 -1.06012 0.070888 1.76424 -0.0384594 0.100853
14 1.66069 0 0 -0.0360012 0.024106 -1.29175
15 1.167 0 0 0.00841049 -0.00839368 0.270045
16 2.18853 0.501038 0.0576587 1.57599 -0.0277892 0.0730609
17 1.29609 0 0 -0.124559 0.0455379 -1.32046
18 1.62202 0.000711918 -0.000469208 0.0212835 -0.00508973 -1.79724
19 1.22241 0 0 0.000237434 0.00593038 -1.9506
20 1.76707 1.27612 0.0366406 1.43018 0.205155 0.106808
21 1.55588 0 0 -0.136897 0.0015327 -1.2292
22 1.24274 0 0 -0.000479296 0.000360513 -1.69273
23 0.784523 0 0 0.00636383 -0.00322814 -1.54252
24 -6.70653 5.90523 -5.42554 -0.000932693 0 -1.8749
25 6.02794 0 0 1.17094 0.490469 0.215908
26 11.7344 0 0 0.00140265 0 0.915461
27 8.81167 0 0 1.235 0 0
28 5.77884 0 0 0.827452 0 0
29 2.23249 0 0 0.407551 0 0
30 11.4725 0 0 1.24243 -0.173614 0.343104
31 0.615812 0.994373 -0.809166 -2.88315 0.473458 0.364577
32 2.24752 0 0 -0.033431 0.235107 0.414666
33 1.11936 0 0 0.0758654 0.136146 1.16973
34 3.71349 0.102639 0.10219 -1.54675 0.834836 -0.400578
35 1.72615 0 0 -0.00689863 -0.00732661 1.09674
36 1.21112 0 0 0.0103137 0.0102001 1.33017
37 3.5992 1.06012 0.0708866 -1.49306 0.382841 -0.0688127
38 1.66069 0 0 -0.0183613 0.0756732 -0.0153739
39 1.16699 0 0 0.0189983 0.0425299 0.0577418
40 2.18853 -0.50104 0.0576572 -1.5728 0.133573 -0.17288
41 1.29609 0 0 0.120501 0.0520645 0.782583
42 1.62202 -0.000713348 -0.000469923 0.0811907 -0.0245018 1.19712
43 1.22241 0 0 -0.0119317 -0.0059471 1.29801
44 1.76707 -1.27612 0.0366383 -1.48212 0.284875 -0.100851
45 1.55588 0 0 0.223724 0.08684 0.700865
46 1.24273 0 0 0.000478914 0.00036058 0.964696
47 0.784529 0 0 -0.0061862 0.000249529 0.884667
48 0 0 0 0 0 0
49 -2.27624 -21.2973 -6.90308 -0.978052 -0.516997 1.26798
50 0 -0.611114 2.11238 0 0 0
51 -0.0145798 -0.736104 2.39399 0 0 0
52 -5.33277 -22.8997 -2.60987 -0.978052 -0.516997 1.26798
53 0 -0.675064 1.41593 0 0 0
54 0 0.979376 2.33571 0.174533 0 0
55 0 -1.91969 2.85382 0 0 0
56 0 2.062 1.89703 -0.785398 0 0
57 0 -1.66928 2.60403 -0.0368113 0 0
58 6.98255 2.1009 -16.1176 0 0 0
time 54
0 4.71371 0.140766 -8.38007 0.000934124 0 -1.53243
1 6.02794 0 0 -2.68907 0.760587 -1.18716
2 11.7344 0 0 -0.00140288 0 -1.61374
3 8.81138 -0.000448227 -0.00011158 0.327742 0 0.000157562
4 5.77839 0.000286102 0 0.219587 0 0.000107158
5 2.23163 -0.000328064 -0.000364304 0.108155 0 0
6 11.4725 0 0 0.144862 0.334538 -0.687629
7 0.615222 -0.99309 -0.8107 3.03318 0.0559543 -0.39699
8 2.24752 0 0 0.0432506 0.0534515 -0.572196
9 1.11936 0 0 0.0803152 0.0463594 -0.142868
10 3.71348 -0.10264 0.102191 1.61077 1.12031 0.252585
11 1.72615 0 0 0.012158 0.00767518 -1.87263
12 1.21114 0 0 -0.00310379 0.00514864 -1.81188
13 3.59919 -1.06012 0.0708876 1.76424 -0.0384594 0.100853
14 1.66069 0 0 -0.0360012 0.0241062 -1.29175
15 1.167 0 0 0.00841054 -0.00839381 0.270045
16 2.18853 0.50104 0.0576591 1.57599 -0.0277894 0.0730609
17 1.29609 0 0 -0.124559 0.0455379 -1.32046
18 1.62202 0.000714302 -0.000471115 0.0212834 -0.00508974 -1.79724
19 1.22241 0 0 0.000237485 0.00593046 -1.9506
20 1.76707 1.27612 0.0366411 1.43018 0.205155 0.106808
21 1.55588 0 0 -0.136898 0.00153272 -1.2292
22 1.24273 0 0 -0.000479288 0.000360545 -1.69273
23 0.784523 0 0 0.0063638 -0.00322817 -1.54252
24 -6.70653 5.90523 -5.42554 -0.000932693 0 -1.8749
25 6.02794 0 0 1.17123 0.490403 0.21571
26 11.7344 0 0 0.00140273 0 0.91608
27 8.81167 0 0 1.2206 0 0
28 5.77884 0 0 0.817804 0 0
29 2.23249 0 0 0.402799 0 0
30 11.4725 0 0 1.2292 -0.159041 0.341492
31 0.615813 0.994372 -0.809166 -2.88315 0.473458 0.364577
32 2.24752 0 0 -0.0334311 0.235107 0.414666
33 1.11936 0 0 0.0758655 0.136146 1.16973
34 3.71349 0.102639 0.10219 -1.54675 0.834836 -0.400578
35 1.72615 0 0 -0.00689868 -0.00732664 1.09674
36 1.21112 0 0 0.0103137 0.0102 1.33017
37 3.5992 1.06012 0.0708904 -1.49306 0.382841 -0.0688126
38 1.66069 0 0 -0.0183614 0.0756732 -0.015374
39 1.16699 0 0 0.0189983 0.0425298 0.0577418
40 2.18853 -0.501041 0.0576611 -1.5728 0.133573 -0.17288
41 1.29609 0 0 0.120501 0.0520644 0.782584
42 1.62202 -0.000715256 -0.000469685 0.0811908 -0.0245019 1.19712
43 1.22241 0 0 -0.0119317 -0.00594709 1.29801
44 1.76707 -1.27612 0.0366402 -1.48212 0.284875 -0.100851
45 1.55587 0 0 0.223724 0.08684 0.700865
46 1.24273 0 0 0.000478958 0.000360536 0.964696
47 0.784531 0 0 -0.00618628 0.000249635 0.884667
48 0 0 0 0 0 0
49 -2.44899 -21.3523 -6.79096 -0.9562 -0.512515 1.25779
50 0 -0.611115 2.11238 0 0 0
51 -0.0145798 -0.736103 2.39399 0 0 0
52 -5.2535 -22.903 -2.63415 -0.9562 -0.512514 1.25779
53 0 -0.675063 1.41593 0 0 0
54 0 0.979378 2.33571 0.174533 0 0
55 0 -1.91969 2.85382 0 0 0
56 0 2.062 1.89703 -0.785398 0 0
57 0 -1.66928 2.60403 -0.0368113 0 0
58 6.98255 2.1009 -16.1176 0 0 0
time 55
0 4.71371 0.140766 -8.38007 0.000934124 0 -1.53243
1 6.02794 0 0 -2.67089 0.760398 -1.19044
2 11.7344 0 0 -0.00140265 0 -1.64085
3 8.81138 -0.000448227 -0.00011158 0.360828 0 0.000157183
4 5.77839 0.00028801 0 0.241755 0 0.000107134
5 2.23163 -0.000328064 -0.000364304 0.119073 0 0
6 11.4725 0 0 0.199917 0.329886 -0.647279
7 0.615219 -0.993093 -0.8107 3.03318 0.0559544 -0.39699
8 2.24752 0 0 0.0432506 0.0534515 -0.572196
9 1.11936 0 0 0.0803152 0.0463594 -0.142868
10 3.71348 -0.102642 0.102191 1.61077 1.12031 0.252584
11 1.72615 0 0 0.0121581 0.00767512 -1.87263
12 1.21114 0 0 -0.0031037 0.00514855 -1.81188
13 3.59919 -1.06012 0.070888 1.76424 -0.0384592 0.100853
14 1.66069 0 0 -0.0360012 0.0241062 -1.29175
15 1.167 0 0 0.00841037 -0.00839372 0.270045
16 2.18853 0.50104 0.0576591 1.57599 -0.0277891 0.073061
17 1.29609 0 0 -0.124559 0.0455378 -1.32046
18 1.62202 0.000713825 -0.000473022 0.0212834 -0.0050897 -1.79724
19 1.22241 0 0 0.000237576 0.00593049 -1.9506
20 1.76707 1.27612 0.0366411 1.43018 0.205155 0.106808
21 1.55588 0 0 -0.136898 0.00153282 -1.2292
22 1.24273 0 0 -0.000479131 0.000360566 -1.69273
23 0.784524 0 0 0.00636388 -0.00322829 -1.54252
24 -6.70653 5.90523 -5.42554 -0.000932693 0 -1.8749
25 6.02794 0 0 1.165 0.494655 0.218071
26 11.7344 0 0 0.00140265 0 0.92055
27 8.81167 0 0 1.26026 0 0
28 5.77884 0 0 0.844373 0 0
29 2.23249 0 0 0.415885 0 0
30 11.4725 0 0 1.26749 -0.166068 0.333696
31 0.615813 0.994373 -0.809166 -2.88315 0.473458 0.364577
32 2.24752 0 0 -0.0334311 0.235107 0.414666
33 1.11936 0 0 0.0758653 0.136146 1.16973
34 3.71349 0.102639 0.102192 -1.54675 0.834836 -0.400578
35 1.72615 0 0 -0.00689874 -0.00732666 1.09674
36 1.21112 0 0 0.0103138 0.0102 1.33017
37 3.5992 1.06012 0.0708885 -1.49306 0.382841 -0.0688126
38 1.66069 0 0 -0.0183614 0.0756732 -0.0153739
39 1.16699 0 0 0.0189983 0.0425299 0.0577418
40 2.18853 -0.501041 0.0576591 -1.5728 0.133573 -0.17288
41 1.29609 0 0 0.120501 0.0520645 0.782583
42 1.62202 -0.000713348 -0.0004704 0.0811907 -0.0245018 1.19712
43 1.22241 0 0 -0.0119317 -0.00594709 1.29801
44 1.76707 -1.27612 0.0366402 -1.48212 0.284875 -0.100851
45 1.55587 0 0 0.223724 0.08684 0.700865
46 1.24273 0 0 0.000478974 0.000360629 0.964696
47 0.784533 0 0 -0.00618632 0.000249553 0.884667
48 0 0 0 0 0 0
49 -2.56819 -21.291 -6.4926 -0.981957 -0.532378 1.29559
50 0 -0.611114 2.11238 0 0 0
51 -0.0145779 -0.736103 2.39399 0 0 0
52 -5.19259 -22.8808 -2.685 -0.981957 -0.532377 1.29559
53 0 -0.675065 1.41593 0 0 0
54 0 0.979377 2.33571 0.174533 0 0
55 0 -1.9197 2.85382 0 0 0
56 0 2.062 1.89703 -0.785398 0 0
57 0 -1.66928 2.60403 -0.0368112 0 0
58 6.98255 2.1009 -16.1176 0 0 0
time 56
0 4.71371 0.140766 -8.38007 0.000934124 0 -1.53243
1 6.02794 0 0 -2.63843 0.762527 -1.19056
2 11.7344 0 0 -0.00140285 0 -1.68816
3 8.81138 -0.000448227 -0.000112534 0.428535 0 0.000157091
4 5.77839 0.00028801 0 0.287118 0 0.0001075
5 2.23164 -0.000329971 -0.000364304 0.141417 0 0
6 11.4725 0 0 0.296017 0.330795 -0.570288
7 0.61522 -0.99309 -0.810701 3.03318 0.0559547 -0.39699
8 2.24752 0 0 0.0432505 0.0534517 -0.572196
9 1.11936 0 0 0.0803153 0.0463594 -0.142868
10 3.71348 -0.10264 0.102191 1.61077 1.12031 0.252584
11 1.72615 0 0 0.0121581 0.00767525 -1.87263
12 1.21114 0 0 -0.00310368 0.00514858 -1.81188
13 3.59919 -1.06012 0.070888 1.76424 -0.0384592 0.100853
14 1.66069 0 0 -0.0360014 0.0241061 -1.29175
15 1.167 0 0 0.0084106 -0.00839382 0.270045
16 2.18853 0.50104 0.0576589 1.57599 -0.0277891 0.0730609
17 1.29609 0 0 -0.124559 0.0455379 -1.32046
18 1.62202 0.000713825 -0.000469208 0.0212835 -0.00508969 -1.79724
19 1.22241 0 0 0.000237547 0.00593044 -1.9506
20 1.76707 1.27612 0.0366409 1.43018 0.205155 0.106808
21 1.55588 0 0 -0.136898 0.00153273 -1.2292
22 1.24273 0 0 -0.000479184 0.000360573 -1.69273
23 0.784523 0 0 0.0063639 -0.00322832 -1.54252
24 -6.70653 5.90523 -5.42554 -0.000932693 0 -1.8749
25 6.02794 0 0 1.15421 0.502432 0.221707
26 11.7344 0 0 0.00140267 0 0.930026
27 8.81167 0 0 1.33823 0 0
28 5.77884 0 0 0.896616 0 0
29 2.23249 0 0 0.441617 0 0
30 11.4725 0 0 1.34267 -0.187091 0.31883
31 0.615812 0.994372 -0.809166 -2.88315 0.473458 0.364577
32 2.24752 0 0 -0.033431 0.235107 0.414666
33 1.11936 0 0 0.0758653 0.136146 1.16973
34 3.71348 0.102639 0.10219 -1.54675 0.834836 -0.400578
35 1.72615 0 0 -0.00689865 -0.00732657 1.09674
36 1.21112 0 0 0.0103135 0.0102002 1.33017
37 3.5992 1.06012 0.0708885 -1.49306 0.382841 -0.0688127
38 1.66069 0 0 -0.0183614 0.0756732 -0.015374
39 1.16699 0 0 0.0189983 0.0425299 0.0577418
40 2.18853 -0.50104 0.0576591 -1.5728 0.133573 -0.17288
41 1.29609 0 0 0.120501 0.0520644 0.782583
42 1.62202 -0.000713348 -0.000469446 0.0811908 -0.0245017 1.19712
43 1.22241 0 0 -0.0119317 -0.0059473 1.29801
44 1.76707 -1.27612 0.0366402 -1.48212 0.284875 -0.100851
45 1.55588 0 0 0.223724 0.08684 0.700865
46 1.24273 0 0 0.000478926 0.000360603 0.964696
47 0.784533 0 0 -0.00618618 0.000249557 0.884667
48 0 0 0 0 0 0
49 -2.75969 -21.1879 -6.03363 -1.04433 -0.567026 1.37033
50 0 -0.611113 2.11238 0 0 0
51 -0.0145817 -0.736103 2.39399 0 0 0
52 -5.14827 -22.8359 -2.75053 -1.04433 -0.567025 1.37033
53 0 -0.675064 1.41593 0 0 0
54 0 0.979377 2.33571 0.174533 0 0
55 0 -1.91969 2.85382 0 0 0
56 0 2.062 1.89703 -0.785398 0 0
57 0 -1.66928 2.60403 -0.0368113 0 0
58 6.98255 2.1009 -16.1176 0 0 0
time 57
0 4.71371 0.140766 -8.38007 0.000934124 0 -1.53243
1 6.02794 0 0 -2.57703 0.763874 -1.1774
2 11.7344 0 0 -0.00140283 0 -1.71715
3 8.81138 -0.000450134 -0.000112534 0.499173 0 0.000157251
4 5.77839 0.000286102 0 0.334446 0 0.000107993
5 2.23164 -0.000329971 -0.000364304 0.164727 0 0
6 11.4725 0 0 0.404411 0.306429 -0.493305
7 0.61522 -0.993092 -0.810701 3.01471 0.0469068 -0.408161
8 2.24752 0 0 0.0446429 0.0517501 -0.54084
9 1.11936 0 0 0.0794434 0.0462815 -0.150391
10 3.71348 -0.102642 0.102191 1.60989 1.06582 0.251006
11 1.72615 0 0 0.0115789 0.00743523 -1.78116
12 1.21114 0 0 -0.00418118 0.00448811 -1.72585
13 3.59919 -1.06012 0.0708879 1.76428 -0.0363242 0.101241
14 1.66069 0 0 -0.032361 0.02482 -1.21014
15 1.167 0 0 0.00841036 -0.00839368 0.262915
16 2.18853 0.50104 0.057659 1.57556 -0.0363577 0.0760238
17 1.29609 0 0 -0.119669 0.0490036 -1.27373
18 1.62202 0.000712872 -0.000469208 0.0205643 -0.00499175 -1.70584
19 1.22241 0 0 -0.000287638 0.00594621 -1.85909
20 1.76707 1.27612 0.0366409 1.43037 0.190568 0.108778
21 1.55588 0 0 -0.13133 0.00802558 -1.16656
22 1.24274 0 0 -0.000490566 0.000626094 -1.62073
23 0.784523 0 0 0.00658203 -0.00330861 -1.47037
24 -6.70653 5.90523 -5.42554 -0.000932693 0 -1.8749
25 6.02794 0 0 1.14678 0.507208 0.2245
26 11.7344 0 0 0.00140267 0 0.935873
27 8.81167 0 0 1.41899 0 0
28 5.77884 0 0 0.950721 0 0
29 2.23249 0 0 0.468266 0 0
30 11.4725 0 0 1.42134 -0.200563 0.298693
31 0.615814 0.994373 -0.809166 -2.88315 0.473458 0.364577
32 2.24752 0 0 -0.0334312 0.235108 0.414666
33 1.11936 0 0 0.0758653 0.136146 1.16973
34 3.71348 0.102639 0.10219 -1.54675 0.834836 -0.400578
35 1.72615 0 0 -0.00689859 -0.00732659 1.09674
36 1.21112 0 0 0.0103136 0.0102002 1.33017
37 3.5992 1.06012 0.0708866 -1.49306 0.382841 -0.0688127
38 1.66069 0 0 -0.0183614 0.0756731 -0.015374
39 1.16699 0 0 0.0189984 0.0425298 0.0577418
40 2.18853 -0.50104 0.0576572 -1.5728 0.133573 -0.17288
41 1.29609 0 0 0.120501 0.0520644 0.782584
42 1.62202 -0.000711441 -0.000469685 0.0811907 -0.0245018 1.19712
43 1.22241 0 0 -0.0119317 -0.00594707 1.29801
44 1.76707 -1.27612 0.0366402 -1.48212 0.284875 -0.100851
45 1.55588 0 0 0.223724 0.0868401 0.700865
46 1.24273 0 0 0.000478934 0.00036049 0.964696
47 0.784531 0 0 -0.0061862 0.000249663 0.884667
48 0 0 0 0 0 0
49 -3.13863 -21.1941 -5.54163 -1.10943 -0.60352 1.44965
50 0 -0.611115 2.11238 0 0 0
51 -0.0145798 -0.736104 2.39399 0 0 0
52 -5.15626 -22.848 -2.80616 -1.10943 -0.60352 1.44966
53 0 -0.675066 1.41593 0 0 0
54 0 0.979376 2.33571 0.174533 0 0
55 0 -1.91969 2.85382 0 0 0
56 0 2.062 1.89703 -0.785398 0 0
57 0 -1.66928 2.60403 -0.0368112 0 0
58 6.98255 2.1009 -16.1176 0 0 0
time 58
0 4.71371 0.140766 -8.38007 0.000934124 0 -1.53243
1 6.02794 0 0 -2.4833 0.760123 -1.14752
2 11.7344 0 0 -0.00140282 0 -1.70087
3 8.81138 -0.000450134 -0.000112534 0.537654 0 0.000157324
4 5.77839 0.000286102 0 0.360228 0 0.000108224
5 2.23163 -0.000329971 -0.000362396 0.177426 0 0
6 11.4725 0 0 0.489782 0.232639 -0.454975
7 0.615218 -0.993092 -0.8107 2.96537 0.0244913 -0.436236
8 2.24752 0 0 0.0482339 0.0473705 -0.459499
9 1.11936 0 0 0.0770316 0.046068 -0.171215
10 3.71348 -0.102644 0.102191 1.60756 0.92412 0.246782
11 1.72615 0 0 0.0100308 0.00679269 -1.54424
12 1.21114 0 0 -0.00688336 0.00278061 -1.50347
13 3.59919 -1.06012 0.0708879 1.7644 -0.0311896 0.102157
14 1.66069 0 0 -0.02317 0.0267087 -1.00148
15 1.167 0 0 0.00841058 -0.00839376 0.241517
16 2.18853 0.501038 0.0576588 1.57441 -0.0579836 0.0839492
17 1.29609 0 0 -0.107018 0.0581628 -1.1517
18 1.62202 0.000713348 -0.000471115 0.0186323 -0.00476878 -1.46944
19 1.22241 0 0 -0.00163461 0.0059753 -1.62235
20 1.76707 1.27612 0.0366408 1.43092 0.15339 0.113808
21 1.55588 0 0 -0.117233 0.0248262 -1.00487
22 1.24273 0 0 -0.000516624 0.00124617 -1.43397
23 0.784524 0 0 0.00709096 -0.00349653 -1.28321
24 -6.70653 5.90523 -5.42554 -0.000932693 0 -1.8749
25 6.02794 0 0 1.15081 0.502926 0.224202
26 11.7344 0 0 0.00140264 0 0.930212
27 8.81167 0 0 1.46694 0 0
28 5.77884 0 0 0.98285 0 0
29 2.23249 0 0 0.48409 0 0
30 11.4725 0 0 1.46864 -0.182875 0.276393
31 0.615814 0.994372 -0.809168 -2.88315 0.473458 0.364577
32 2.24752 0 0 -0.0334309 0.235107 0.414666
33 1.11936 0 0 0.0758653 0.136146 1.16973
34 3.71349 0.102639 0.102188 -1.54675 0.834836 -0.400578
35 1.72615 0 0 -0.00689869 -0.00732664 1.09674
36 1.21112 0 0 0.0103138 0.0102 1.33017
37 3.5992 1.06012 0.0708866 -1.49306 0.382841 -0.0688128
38 1.66069 0 0 -0.0183614 0.0756731 -0.015374
39 1.16699 0 0 0.0189983 0.04253 0.0577418
40 2.18853 -0.501041 0.0576572 -1.5728 0.133573 -0.17288
41 1.29609 0 0 0.120501 0.0520645 0.782583
42 1.62202 -0.000713348 -0.000470161 0.0811907 -0.0245019 1.19712
43 1.22241 0 0 -0.0119317 -0.00594696 1.29801
44 1.76707 -1.27612 0.0366402 -1.48212 0.284875 -0.100851
45 1.55588 0 0 0.223724 0.0868401 0.700865
46 1.24273 0 0 0.000478913 0.000360577 0.964696
47 0.784533 0 0 -0.00618637 0.000249579 0.884667
48 0 0 0 0 0 0
49 -3.74 -21.4118 -5.0858 -1.13462 -0.637251 1.49526
50 0 -0.611114 2.11238 0 0 0
51 -0.0145798 -0.736104 2.39399 0 0 0
52 -5.23808 -22.9853 -2.81367 -1.13462 -0.63725 1.49526
53 0 -0.675065 1.41593 0 0 0
54 0 0.979377 2.33571 0.174533 0 0
55 0 -1.9197 2.85382 0 0 0
56 0 2.062 1.89703 -0.785398 0 0
57 0 -1.66928 2.60403 -0.0368112 0 0
58 6.98255 2.1009 -16.1176 0 0 0
time 59
0 4.71371 0.140766 -8.38007 0.000934124 0 -1.53243
1 6.02794 0 0 -2.35504 0.745206 -1.10135
2 11.7344 0 0 -0.001403 0 -1.63114
3 8.81138 -0.000450134 -0.000112534 0.52664 0 0.000157127
4 5.77839 0.000286102 0 0.352849 0 0.000108226
5 2.23163 -0.000329971 -0.00036335 0.173791 0 0
6 11.4725 0 0 0.544858 0.0868931 -0.471952
7 0.615221 -0.99309 -0.8107 2.8943 -0.00420272 -0.473063
8 2.24752 0 0 0.053144 0.0414007 -0.347265
9 1.11936 0 0 0.0733863 0.0457501 -0.202721
10 3.71348 -0.10264 0.102191 1.60422 0.727813 0.240671
11 1.72615 0 0 0.00779862 0.00586368 -1.21813
12 1.21114 0 0 -0.0104151 0.000436327 -1.19833
13 3.59919 -1.06012 0.0708885 1.7646 -0.0249619 0.10323
14 1.66069 0 0 -0.0110218 0.029393 -0.720017
15 1.167 0 0 0.00841044 -0.00839382 0.205834
16 2.18853 0.50104 0.0576591 1.57275 -0.0865474 0.0953925
17 1.29609 0 0 -0.0896356 0.0711572 -0.981569
18 1.62202 0.000713348 -0.000469208 0.0158258 -0.00452795 -1.14471
19 1.22241 0 0 -0.00346066 0.00599017 -1.29711
20 1.76707 1.27612 0.0366411 1.43172 0.103491 0.120575
21 1.55588 0 0 -0.098511 0.0479179 -0.783462
22 1.24274 0 0 -0.000546749 0.00195446 -1.17634
23 0.784523 0 0 0.00767262 -0.00371091 -1.02496
24 -6.70653 5.90523 -5.42554 -0.000932693 0 -1.8749
25 6.02794 0 0 1.17281 0.483192 0.219172
26 11.7344 0 0 0.0014028 0 0.904205
27 8.81167 0 0 1.46942 0 0
28 5.77884 0 0 0.984513 0 0
29 2.23249 0 0 0.484909 0 0
30 11.4725 0 0 1.4717 -0.108084 0.249341
31 0.615813 0.994372 -0.809164 -2.88315 0.473458 0.364577
32 2.24752 0 0 -0.033431 0.235108 0.414666
33 1.11936 0 0 0.0758653 0.136146 1.16973
34 3.71349 0.10264 0.102192 -1.54675 0.834836 -0.400578
35 1.72615 0 0 -0.00689872 -0.00732651 1.09674
36 1.21112 0 0 0.0103136 0.0102 1.33017
37 3.5992 1.06012 0.0708904 -1.49306 0.382841 -0.0688126
38 1.66069 0 0 -0.0183614 0.0756732 -0.0153739
39 1.16699 0 0 0.0189983 0.0425299 0.0577417
40 2.18853 -0.501041 0.0576591 -1.5728 0.133573 -0.17288
41 1.29609 0 0 0.120501 0.0520644 0.782584
42 1.62202 -0.000713348 -0.000470161 0.0811908 -0.0245018 1.19712
43 1.2224 0 0 -0.0119318 -0.00594695 1.29801
44 1.76707 -1.27612 0.0366402 -1.48212 0.284875 -0.100851
45 1.55588 0 0 0.223724 0.08684 0.700865
46 1.24273 0 0 0.000478914 0.00036058 0.964696
47 0.784531 0 0 -0.00618633 0.000249659 0.884667
48 0 0 0 0 0 0
49 -4.54057 -21.8687 -4.64065 -1.0883 -0.678321 1.49059
50 0 -0.611114 2.11238 0 0 0
51 -0.0145798 -0.736103 2.39399 0 0 0
52 -5.41241 -23.322 -2.75646 -1.0883 -0.678321 1.49059
53 0 -0.675065 1.41593 0 0 0
54 0 0.979376 2.33571 0.174533 0 0
55 0 -1.9197 2.85382 0 0 0
56 0 2.062 1.89703 -0.785398 0 0
57 0 -1.66928 2.60403 -0.0368113 0 0
58 6.98255 2.1009 -16.1176 0 0 0
time 60
0 4.71371 0.140766 -8.38007 0.000934124 0 -1.53243
1 6.02794 0 0 -2.21486 0.709461 -1.04595
2 11.7344 0 0 -0.00140287 0 -1.52324
3 8.81138 -0.000450134 -0.00011158 0.478895 0 0.000157449
4 5.77839 0.000286102 0 0.320859 0 0.00010813
5 2.23163 -0.000329971 -0.000364304 0.158035 0 0
6 11.4725 0 0 0.581323 -0.0983684 -0.531192
7 0.61522 -0.993092 -0.8107 2.81061 -0.0320849 -0.51049
8 2.24752 0 0 0.058494 0.0349284 -0.223231
9 1.11936 0 0 0.0688138 0.0453588 -0.242291
10 3.71348 -0.102642 0.102191 1.60032 0.50952 0.233435
11 1.72615 0 0 0.00516654 0.00476415 -0.85907
12 1.21114 0 0 -0.0139813 -0.00213373 -0.864005
13 3.59919 -1.06012 0.0708885 1.7649 -0.0195481 0.104085
14 1.66069 0 0 0.00148935 0.0324937 -0.419989
15 1.167 0 0 0.00841049 -0.00839364 0.15585
16 2.18853 0.501038 0.0576596 1.57079 -0.11593 0.108908
17 1.29609 0 0 -0.0705502 0.0861293 -0.790566
18 1.62202 0.000713825 -0.000473022 0.0124829 -0.00437589 -0.788345
19 1.22241 0 0 -0.0054229 0.00596356 -0.94007
20 1.76707 1.27612 0.0366411 1.4327 0.0507448 0.127756
21 1.55588 0 0 -0.0790717 0.0732836 -0.541675
22 1.24273 0 0 -0.000569158 0.0024859 -0.891727
23 0.784523 0 0 0.00810905 -0.00387186 -0.739527
24 -6.70653 5.90523 -5.42554 -0.000932693 0 -1.8749
25 6.02794 0 0 1.20606 0.449892 0.21115
26 11.7344 0 0 0.00140266 0 0.859015
27 8.81167 0 0 1.43886 0 0
28 5.77884 0 0 0.964039 0 0
29 2.23249 0 0 0.474825 0 0
30 11.4725 0 0 1.44211 0.00719223 0.222742
31 0.615814 0.994373 -0.809166 -2.88315 0.473458 0.364577
32 2.24752 0 0 -0.033431 0.235107 0.414666
33 1.11936 0 0 0.0758653 0.136146 1.16973
34 3.71349 0.102639 0.102192 -1.54675 0.834836 -0.400578
35 1.72615 0 0 -0.00689864 -0.00732656 1.09674
36 1.21112 0 0 0.0103137 0.0102001 1.33017
37 3.5992 1.06012 0.0708885 -1.49306 0.382841 -0.0688127
38 1.66069 0 0 -0.0183615 0.0756732 -0.015374
39 1.16699 0 0 0.0189983 0.04253 0.0577419
40 2.18853 -0.50104 0.0576591 -1.5728 0.133573 -0.17288
41 1.29609 0 0 0.120501 0.0520643 0.782583
42 1.62202 -0.000713348 -0.000470161 0.0811909 -0.0245018 1.19712
43 1.22241 0 0 -0.0119317 -0.00594712 1.29801
44 1.76707 -1.27612 0.0366402 -1.48212 0.284875 -0.100851
45 1.55588 0 0 0.223724 0.0868401 0.700865
46 1.24273 0 0 0.000478877 0.000360509 0.964696
47 0.784533 0 0 -0.00618621 0.000249636 0.884667
48 0 0 0 0 0 0
49 -5.38737 -22.4584 -4.18662 -0.987398 -0.720918 1.45059
50 0 -0.611114 2.11238 0 0 0
51 -0.0145817 -0.736103 2.39399 0 0 0
52 -5.6457 -23.7657 -2.67433 -0.987398 -0.720917 1.45059
53 0 -0.675064 1.41593 0 0 0
54 0 0.979378 2.33571 0.174533 0 0
55 0 -1.91969 2.85382 0 0 0
56 0 2.062 1.89702 -0.785398 0 0
57 0 -1.66928 2.60403 -0.0368113 0 0
58 6.98255 2.1009 -16.1176 0 0 0
time 61
0 4.71371 0.140766 -8.38007 0.000934124 0 -1.53243
1 6.02794 0 0 -2.09914 0.653296 -0.99576
2 11.7344 0 0 -0.00140287 0 -1.39668
3 8.81138 -0.000450134 -0.00011158 0.398072 0 0.000157516
4 5.77839 0.000284195 0 0.266708 0 0.000107744
5 2.23163 -0.000329971 -0.000364304 0.131364 0 0
6 11.4725 0 0 0.598323 -0.263097 -0.615935
7 0.615221 -0.993092 -0.810701 2.72344 -0.0520653 -0.540364
8 2.24752 0 0 0.0634045 0.0290411 -0.106488
9 1.11936 0 0 0.0636202 0.0449243 -0.287306
10 3.71348 -0.102642 0.102191 1.59632 0.301862 0.225837
11 1.72615 0 0 0.00241915 0.00361049 -0.523318
12 1.21114 0 0 -0.016787 -0.0045191 -0.554081
13 3.59919 -1.06012 0.070888 1.7653 -0.0168547 0.104353
14 1.66069 0 0 0.0117693 0.0356316 -0.155648
15 1.167 0 0 0.00841045 -0.0083938 0.0915518
16 2.18853 0.50104 0.0576587 1.56874 -0.140011 0.123052
17 1.29609 0 0 -0.0527904 0.101221 -0.605906
18 1.62202 0.000713825 -0.000471115 0.00894182 -0.0044195 -0.457024
19 1.22241 0 0 -0.00717857 0.00586782 -0.607953
20 1.76707 1.27612 0.0366406 1.43377 0.00502406 0.134028
21 1.55588 0 0 -0.0628208 0.0969062 -0.318843
22 1.24274 0 0 -0.000572879 0.00257444 -0.62401
23 0.784523 0 0 0.0081816 -0.00389874 -0.470847
24 -6.70653 5.90523 -5.42554 -0.000932693 0 -1.8749
25 6.02794 0 0 1.23935 0.410894 0.202745
26 11.7344 0 0 0.00140265 0 0.804239
27 8.81167 0 0 1.38534 0 0
28 5.77884 0 0 0.928175 0 0
29 2.23249 0 0 0.457161 0 0
30 11.4725 0 0 1.38876 0.120052 0.207253
31 0.615815 0.994372 -0.809166 -2.88315 0.473458 0.364577
32 2.24752 0 0 -0.0334312 0.235108 0.414666
33 1.11936 0 0 0.0758652 0.136146 1.16973
34 3.71349 0.102639 0.10219 -1.54675 0.834836 -0.400578
35 1.72615 0 0 -0.00689877 -0.00732672 1.09674
36 1.21112 0 0 0.0103137 0.0102 1.33017
37 3.5992 1.06012 0.0708904 -1.49306 0.382841 -0.0688127
38 1.66069 0 0 -0.0183614 0.0756732 -0.0153739
39 1.16699 0 0 0.0189983 0.0425299 0.0577418
40 2.18853 -0.501041 0.0576591 -1.5728 0.133573 -0.17288
41 1.29609 0 0 0.120501 0.0520644 0.782583
42 1.62202 -0.000715256 -0.000469208 0.0811908 -0.0245018 1.19712
43 1.22241 0 0 -0.0119317 -0.00594719 1.29801
44 1.76707 -1.27612 0.0366402 -1.48212 0.284875 -0.100851
45 1.55588 0 0 0.223724 0.0868401 0.700865
46 1.24273 0 0 0.00047893 0.00036061 0.964696
47 0.784531 0 0 -0.00618629 0.000249607 0.884667
48 0 0 0 0 0 0
49 -6.12326 -23.0251 -3.75743 -0.86697 -0.743319 1.38785
50 0 -0.611114 2.11238 0 0 0
51 -0.0145779 -0.736102 2.39399 0 0 0
52 -5.8976 -24.1595 -2.58857 -0.86697 -0.743319 1.38785
53 0 -0.675064 1.41593 0 0 0
54 0 0.979377 2.33571 0.174533 0 0
55 0 -1.91969 2.85382 0 0 0
56 0 2.062 1.89703 -0.785398 0 0
57 0 -1.66928 2.60403 -0.0368113 0 0
58 6.98255 2.1009 -16.1176 0 0 0
time 62
0 4.71371 0.140766 -8.38007 0.000934124 0 -1.53243
1 6.02794 0 0 -2.03086 0.59705 -0.961819
2 11.7344 0 0 -0.00140287 0 -1.2866
3 8.81139 -0.000450134 -0.000112534 0.304401 0 0.000157503
4 5.77839 0.000286102 0 0.203949 0 0.000107108
5 2.23164 -0.000329971 -0.000364304 0.100452 0 0
6 11.4725 0 0 0.590215 -0.356834 -0.689699
7 0.61522 -0.993093 -0.810701 2.64191 -0.0570534 -0.55453
8 2.24752 0 0 0.0669962 0.0248269 -0.0161297
9 1.11936 0 0 0.0581119 0.0444777 -0.335148
10 3.71348 -0.10264 0.102192 1.59265 0.137456 0.218639
11 1.72615 0 0 -0.000158849 0.00251832 -0.267125
12 1.21114 0 0 -0.0180368 -0.00630926 -0.322141
13 3.59919 -1.06012 0.0708883 1.76579 -0.0187881 0.10366
14 1.66069 0 0 0.017224 0.0384274 0.0187594
15 1.167 0 0 0.0084104 -0.00839378 0.0129233
16 2.18853 0.50104 0.0576591 1.56682 -0.15267 0.136379
17 1.29609 0 0 -0.0393854 0.114575 -0.454806
18 1.62202 0.000713229 -0.000469208 0.00554117 -0.00476577 -0.207433
19 1.22241 0 0 -0.00838473 0.0056755 -0.357471
20 1.76707 1.27612 0.0366409 1.43486 -0.0237987 0.138069
21 1.55588 0 0 -0.0536646 0.114769 -0.154304
22 1.24273 0 0 -0.000546618 0.00195464 -0.417073
23 0.784521 0 0 0.0076726 -0.00371094 -0.262837
24 -6.70653 5.90523 -5.42554 -0.000932693 0 -1.8749
25 6.02794 0 0 1.2631 0.378795 0.196351
26 11.7344 0 0 0.0014029 0 0.758055
27 8.81167 0 0 1.32897 0 0
28 5.77884 0 0 0.89041 0 0
29 2.23249 0 0 0.43856 0 0
30 11.4725 0 0 1.33213 0.185221 0.206554
31 0.615814 0.994372 -0.809164 -2.88315 0.473458 0.364577
32 2.24752 0 0 -0.0334312 0.235107 0.414666
33 1.11936 0 0 0.0758653 0.136146 1.16973
34 3.71349 0.102639 0.102194 -1.54675 0.834836 -0.400578
35 1.72615 0 0 -0.00689869 -0.00732658 1.09674
36 1.21112 0 0 0.0103136 0.0102 1.33017
37 3.5992 1.06012 0.0708885 -1.49306 0.382841 -0.0688128
38 1.66069 0 0 -0.0183614 0.0756731 -0.015374
39 1.16699 0 0 0.0189983 0.0425299 0.0577417
40 2.18853 -0.50104 0.0576611 -1.5728 0.133573 -0.17288
41 1.29609 0 0 0.120501 0.0520645 0.782583
42 1.62202 -0.000715256 -0.000469208 0.0811908 -0.0245018 1.19712
43 1.22241 0 0 -0.0119317 -0.00594713 1.29801
44 1.76707 -1.27612 0.0366421 -1.48212 0.284875 -0.100851
45 1.55588 0 0 0.223724 0.08684 0.700865
46 1.24273 0 0 0.000478887 0.000360591 0.964696
47 0.784531 0 0 -0.00618633 0.000249673 0.884667
48 0 0 0 0 0 0
49 -6.65343 -23.4227 -3.40614 -0.778928 -0.736872 1.3251
50 0 -0.611115 2.11238 0 0 0
51 -0.0145779 -0.736104 2.39399 0 0 0
52 -6.14421 -24.4106 -2.48655 -0.778928 -0.736872 1.3251
53 0 -0.675064 1.41593 0 0 0
54 0 0.979378 2.33571 0.174533 0 0
55 0 -1.91969 2.85382 0 0 0
56 0 2.062 1.89703 -0.785398 0 0
57 0 -1.66928 2.60403 -0.0368113 0 0
58 6.98255 2.1009 -16.1176 0 0 0
time 63
0 4.71371 0.140766 -8.38007 0.000934124 0 -1.53243
1 6.02794 0 0 -2.00421 0.564489 -0.945745
2 11.7344 0 0 -0.00140288 0 -1.22317
3 8.81139 -0.000450134 -0.000112534 0.223934 0 0.000157892
4 5.77839 0.000286102 0 0.150036 0 0.000106791
5 2.23164 -0.000328064 -0.000362396 0.0738983 0 0
6 11.4725 0 0 0.555866 -0.390026 -0.727977
7 0.615218 -0.993092 -0.8107 2.57514 -0.0399594 -0.544837
8 2.24752 0 0 0.0683897 0.0233735 0.0287524
9 1.11936 0 0 0.0525949 0.0440501 -0.383198
10 3.71348 -0.10264 0.10219 1.58978 0.0489202 0.212602
11 1.72615 0 0 -0.00228317 0.00160399 -0.146739
12 1.21114 0 0 -0.0169358 -0.00709333 -0.221765
13 3.59919 -1.06012 0.070888 1.7664 -0.0272545 0.101634
14 1.66069 0 0 0.0152593 0.0405018 0.0489887
15 1.167 0 0 0.00841043 -0.00839369 -0.0800511
16 2.18852 0.50104 0.0576594 1.56523 -0.147789 0.147443
17 1.29609 0 0 -0.0333638 0.124333 -0.364483
18 1.62202 0.00071311 -0.000471115 0.00261884 -0.00552134 -0.0962555
19 1.22241 0 0 -0.0086989 0.0053592 -0.245337
20 1.76707 1.27612 0.0366404 1.43588 -0.0258513 0.138556
21 1.55588 0 0 -0.0555097 0.122854 -0.0873924
22 1.24274 0 0 -0.000479164 0.000360587 -0.314802
23 0.784523 0 0 0.00636382 -0.00322801 -0.159417
24 -6.70653 5.90523 -5.42554 -0.000932693 0 -1.8749
25 6.02794 0 0 1.27484 0.36232 0.192601
26 11.7344 0 0 0.00140272 0 0.736016
27 8.81167 0 0 1.27697 0 0
28 5.77884 0 0 0.85557 0 0
29 2.23249 0 0 0.4214 0 0
30 11.4725 0 0 1.28081 0.200538 0.207105
31 0.615811 0.994373 -0.809166 -2.88315 0.473458 0.364577
32 2.24752 0 0 -0.033431 0.235107 0.414666
33 1.11936 0 0 0.0758653 0.136146 1.16973
34 3.71349 0.102639 0.10219 -1.54675 0.834836 -0.400578
35 1.72615 0 0 -0.00689871 -0.00732657 1.09674
36 1.21112 0 0 0.0103137 0.0102 1.33017
37 3.5992 1.06012 0.0708885 -1.49306 0.382841 -0.0688127
38 1.66069 0 0 -0.0183614 0.075673 -0.015374
39 1.16699 0 0 0.0189983 0.0425299 0.0577418
40 2.18853 -0.50104 0.0576572 -1.5728 0.133573 -0.17288
41 1.29609 0 0 0.120501 0.0520645 0.782584
42 1.62202 -0.000711441 -0.000470161 0.0811908 -0.0245018 1.19712
43 1.2224 0 0 -0.0119316 -0.00594711 1.29801
44 1.76707 -1.27612 0.0366402 -1.48212 0.284875 -0.100851
45 1.55587 0 0 0.223724 0.08684 0.700865
46 1.24273 0 0 0.000478963 0.000360544 0.964696
47 0.784533 0 0 -0.0061863 0.00024958 0.884667
48 0 0 0 0 0 0
49 -6.91359 -23.5921 -3.2224 -0.729114 -0.715493 1.26719
50 0 -0.611114 2.11238 0 0 0
51 -0.0145798 -0.736105 2.39399 0 0 0
52 -6.31469 -24.5287 -2.40001 -0.729115 -0.715492 1.26719
53 0 -0.675064 1.41593 0 0 0
54 0 0.979377 2.33571 0.174533 0 0
55 0 -1.9197 2.85382 0 0 0
56 0 2.062 1.89703 -0.785398 0 0
57 0 -1.66928 2.60403 -0.0368113 0 0
58 6.98255 2.1009 -16.1176 0 0 0
time 64
0 4.71371 0.140766 -8.38007 0.000934124 0 -1.53243
1 6.02794 0 0 -1.99609 0.552538 -0.940328
2 11.7344 0 0 -0.00140275 0 -1.19517
3 8.81139 -0.000450134 -0.000112534 0.152362 0 0.000157814
4 5.77839 0.000286102 0 0.102083 0 0.000106475
5 2.23163 -0.000329971 -0.000364304 0.0502795 0 0
6 11.4725 0 0 0.507015 -0.407679 -0.742639
7 0.615219 -0.993093 -0.8107 2.51682 0.00623518 -0.504938
8 2.24752 0 0 0.0673225 0.0250517 0.0249936
9 1.11936 0 0 0.0473755 0.0436721 -0.428837
10 3.71348 -0.102642 0.102192 1.58747 0.039609 0.207117
11 1.72615 0 0 -0.00415816 0.000775632 -0.173536
12 1.21114 0 0 -0.0128381 -0.00677245 -0.266262
13 3.59919 -1.06012 0.0708883 1.76721 -0.0448118 0.0977114
14 1.66069 0 0 0.0040499 0.0419969 -0.0907917
15 1.167 0 0 0.00841041 -0.00839373 -0.203472
16 2.18853 0.50104 0.0576596 1.56383 -0.121019 0.157333
17 1.29609 0 0 -0.0354179 0.13112 -0.334889
18 1.62201 0.000713825 -0.000471115 -0.000137268 -0.0068782 -0.136708
19 1.22241 0 0 -0.00797893 0.00484855 -0.284619
20 1.76707 1.27612 0.0366409 1.43695 0.00416444 0.134816
21 1.55588 0 0 -0.0709116 0.120262 -0.129053
22 1.24274 0 0 -0.000352508 -0.00263577 -0.324622
23 0.784523 0 0 0.0039037 -0.00232079 -0.167838
24 -6.70653 5.90523 -5.42554 -0.000932693 0 -1.8749
25 6.02794 0 0 1.27902 0.358094 0.190428
26 11.7344 0 0 0.00140254 0 0.734413
27 8.81167 0 0 1.22316 0 0
28 5.77884 0 0 0.819519 0 0
29 2.23249 0 0 0.403644 0 0
30 11.4725 0 0 1.2276 0.196551 0.196334
31 0.615811 0.994373 -0.809164 -2.88315 0.473459 0.364577
32 2.24752 0 0 -0.0334309 0.235108 0.414666
33 1.11936 0 0 0.0758652 0.136146 1.16973
34 3.71348 0.102639 0.10219 -1.54675 0.834836 -0.400578
35 1.72615 0 0 -0.00689865 -0.00732658 1.09674
36 1.21112 0 0 0.0103137 0.0102001 1.33017
37 3.5992 1.06012 0.0708866 -1.49306 0.382841 -0.0688126
38 1.66069 0 0 -0.0183615 0.0756732 -0.0153739
39 1.16699 0 0 0.0189984 0.0425298 0.0577417
40 2.18853 -0.501041 0.0576591 -1.5728 0.133573 -0.17288
41 1.29609 0 0 0.120501 0.0520644 0.782583
42 1.62202 -0.000713348 -0.000470161 0.0811907 -0.0245018 1.19712
43 1.22241 0 0 -0.0119317 -0.00594707 1.29801
44 1.76707 -1.27612 0.0366402 -1.48212 0.284875 -0.100851
45 1.55587 0 0 0.223724 0.08684 0.700865
46 1.24273 0 0 0.000478969 0.000360556 0.964696
47 0.784533 0 0 -0.0061863 0.000249594 0.884667
48 0 0 0 0 0 0
49 -6.97291 -23.6323 -3.18439 -0.685972 -0.692381 1.20511
50 0 -0.611114 2.11238 0 0 0
51 -0.0145817 -0.736103 2.39399 0 0 0
52 -6.37465 -24.5804 -2.37475 -0.685973 -0.69238 1.20511
53 0 -0.675065 1.41593 0 0 0
54 0 0.979378 2.33571 0.174533 0 0
55 0 -1.91969 2.85382 0 0 0
56 0 2.062 1.89703 -0.785398 0 0
57 0 -1.66928 2.60403 -0.0368113 0 0
58 6.98255 2.1009 -16.1176 0 0 0
time 65
0 4.71371 0.140766 -8.38007 0.000934124 0 -1.53243
1 6.02794 0 0 -2.00282 0.550915 -0.93841
2 11.7344 0 0 -0.00140293 0 -1.19467
3 8.81138 -0.000450134 -0.00011158 0.110219 0 0.000157451
4 5.77839 0.000286102 0 0.0738463 0 0.000106039
5 2.23163 -0.000329971 -0.000364304 0.0363722 0 0
6 11.4725 0 0 0.465662 -0.409951 -0.741183
7 0.615219 -0.993088 -0.8107 2.45889 0.0713136 -0.446008
8 2.24752 0 0 0.0648593 0.0285298 -0.00513777
9 1.11936 0 0 0.0427602 0.0433746 -0.469448
10 3.71348 -0.10264 0.102191 1.58528 0.0721622 0.20154
11 1.72615 0 0 -0.00603218 0 -0.281223
12 1.21114 0 0 -0.0068424 -0.00583518 -0.391662
13 3.59919 -1.06012 0.070888 1.76821 -0.0684884 0.0924937
14 1.66069 0 0 -0.0129135 0.0432865 -0.331698
15 1.167 0 0 0.00841048 -0.00839383 -0.351955
16 2.18853 0.50104 0.0576589 1.56242 -0.0806081 0.167292
17 1.29609 0 0 -0.0419517 0.136792 -0.335799
18 1.62202 0.000712872 -0.000469208 -0.00299874 -0.00865375 -0.261402
19 1.22241 0 0 -0.00665312 0.00419726 -0.407946
20 1.76707 1.27612 0.0366411 1.43814 0.0535134 0.128543
21 1.55587 0 0 -0.0946787 0.111756 -0.231931
22 1.24273 0 0 -0.000184819 -0.00659631 -0.395299
23 0.784522 0 0 0.00065168 -0.00112133 -0.236884
24 -6.70653 5.90523 -5.42554 -0.000932693 0 -1.8749
25 6.02794 0 0 1.27741 0.363444 0.189663
26 11.7344 0 0 0.0014029 0 0.748209
27 8.81167 0 0 1.16884 0 0
28 5.77884 0 0 0.783126 0 0
29 2.23249 0 0 0.385719 0 0
30 11.4725 0 0 1.17364 0.177714 0.177649
31 0.615813 0.994373 -0.809166 -2.88315 0.473458 0.364577
32 2.24752 0 0 -0.0334311 0.235108 0.414666
33 1.11936 0 0 0.0758653 0.136146 1.16973
34 3.71349 0.10264 0.102192 -1.54675 0.834836 -0.400578
35 1.72615 0 0 -0.00689868 -0.00732662 1.09674
36 1.21112 0 0 0.0103137 0.0102001 1.33017
37 3.5992 1.06012 0.0708885 -1.49306 0.382841 -0.0688128
38 1.66069 0 0 -0.0183614 0.0756731 -0.0153739
39 1.16699 0 0 0.0189983 0.0425299 0.0577418
40 2.18853 -0.50104 0.0576591 -1.5728 0.133573 -0.17288
41 1.29609 0 0 0.120501 0.0520644 0.782583
42 1.62202 -0.000713348 -0.000470638 0.0811908 -0.0245018 1.19712
43 1.2224 0 0 -0.0119318 -0.00594695 1.29801
44 1.76707 -1.27612 0.0366421 -1.48212 0.284875 -0.100851
45 1.55587 0 0 0.223724 0.08684 0.700865
46 1.24273 0 0 0.000478969 0.000360619 0.964696
47 0.784531 0 0 -0.00618638 0.000249552 0.884667
48 0 0 0 0 0 0
49 -6.93725 -23.6214 -3.20159 -0.64847 -0.668164 1.14049
50 0 -0.611114 2.11238 0 0 0
51 -0.0145798 -0.736105 2.39399 0 0 0
52 -6.34904 -24.585 -2.40293 -0.648471 -0.668163 1.14049
53 0 -0.675065 1.41593 0 0 0
54 0 0.979377 2.33571 0.174533 0 0
55 0 -1.91969 2.85382 0 0 0
56 0 2.062 1.89702 -0.785398 0 0
57 0 -1.66928 2.60403 -0.0368113 0 0
58 6.98255 2.1009 -16.1176 0 0 0
time 66
0 4.71371 0.0610452 -8.44039 0.000934124 0 -1.53243
1 6.02795 0 0 -2.02908 0.557129 -0.942604
2 11.7344 0 0 -0.00140297 0 -1.2289
3 8.81138 -0.000448227 -0.000112534 0.116103 0 0.000157933
4 5.77839 0.00028801 0 0.0777891 0 0.000106297
5 2.23164 -0.000328064 -0.000364304 0.0383138 0 0
6 11.4725 0 0 0.448404 -0.393171 -0.72204
7 0.615218 -0.99309 -0.8107 2.40795 0.136511 -0.386174
8 2.24752 0 0 0.062111 0.0323396 -0.0425835
9 1.11936 0 0 0.0390547 0.0431882 -0.502412
10 3.71348 -0.10264 0.102191 1.58341 0.118124 0.196583
11 1.72615 0 0 -0.0076853 -0.000812041 -0.40955
12 1.21114 0 0 -0.000770367 -0.00475474 -0.535622
13 3.59919 -1.06012 0.0708888 1.76915 -0.0918996 0.0873567
14 1.66069 0 0 -0.0302506 0.0443399 -0.585904
15 1.167 0 0 0.00841049 -0.00839372 -0.49329
16 2.18852 0.50104 0.0576594 1.56117 -0.0393346 0.176107
17 1.29609 0 0 -0.0495612 0.141338 -0.349162
18 1.62202 0.000713348 -0.000469208 -0.00556704 -0.0103927 -0.406115
19 1.22241 0 0 -0.00523383 0.00356487 -0.55137
20 1.76707 1.27612 0.0366411 1.43922 0.105017 0.121965
21 1.55588 0 0 -0.119094 0.101815 -0.347912
22 1.24274 0 0 0 -0.0104879 -0.482721
23 0.784524 0 0 -0.00254367 0 -0.322768
24 -6.70653 5.90523 -5.42554 -0.000932693 0 -1.8749
25 6.02794 0 0 1.27156 0.374999 0.190116
26 11.7344 0 0 0.00140281 0 0.770976
27 8.81167 0 0 1.11517 0 0
28 5.77884 0 0 0.747163 0 0
29 2.23249 0 0 0.368006 0 0
30 11.4725 0 0 1.12 0.148326 0.155067
31 0.615811 0.994372 -0.809166 -2.88315 0.473458 0.364577
32 2.24752 0 0 -0.0334311 0.235108 0.414666
33 1.11936 0 0 0.0758653 0.136146 1.16973
34 3.71349 0.102639 0.10219 -1.54675 0.834836 -0.400578
35 1.72615 0 0 -0.00689861 -0.00732662 1.09674
36 1.21112 0 0 0.0103137 0.0102002 1.33017
37 3.5992 1.06012 0.0708885 -1.49306 0.382841 -0.0688127
38 1.66069 0 0 -0.0183613 0.0756731 -0.015374
39 1.16699 0 0 0.0189983 0.0425298 0.0577418
40 2.18853 -0.501041 0.0576591 -1.5728 0.133573 -0.17288
41 1.29609 0 0 0.120501 0.0520645 0.782584
42 1.62202 -0.000713348 -0.000469208 0.0811908 -0.0245018 1.19712
43 1.22241 0 0 -0.0119317 -0.00594713 1.29801
44 1.76707 -1.27612 0.0366383 -1.48212 0.284875 -0.100851
45 1.55588 0 0 0.223724 0.08684 0.700865
46 1.24273 0 0 0.000478872 0.0003605 0.964696
47 0.784533 0 0 -0.00618624 0.000249582 0.884667
48 0 0 0 0 0 0
49 -6.83418 -23.5795 -3.26589 -0.615568 -0.643303 1.07495
50 0 -0.611114 2.11238 0 0 0
51 -0.0145798 -0.736103 2.39399 0 0 0
52 -6.26286 -24.5611 -2.4769 -0.615569 -0.643302 1.07495
53 0 -0.675063 1.41593 0 0 0
54 0 0.97938 2.33571 0.174533 0 0
55 0 -1.91969 2.85382 0 0 0
56 0 2.062 1.89703 -0.785398 0 0
57 0 -1.66928 2.60403 -0.0368113 0 0
58 6.98255 2.1009 -16.1176 0 0 0
time 67
0 4.71371 -0.160809 -8.60414 0.000934124 0 -1.53243
1 6.02795 0 0 -2.05766 0.56869 -0.947324
2 11.7344 0 0 -0.00140292 0 -1.28869
3 8.81138 -0.000450134 -0.00011158 0.151309 0 0.000157379
4 5.77839 0.00028801 0 0.101377 0 0.000106139
5 2.23163 -0.000329971 -0.000364304 0.049932 0 0
6 11.4725 0 0 0.44755 -0.37189 -0.684493
7 0.61522 -0.99309 -0.8107 2.37057 0.183064 -0.343564
8 2.24752 0 0 0.0601888 0.0350136 -0.0682854
9 1.11936 0 0 0.0365657 0.043144 -0.525111
10 3.71348 -0.10264 0.102191 1.58203 0.149038 0.192953
11 1.72615 0 0 -0.00889751 -0.00135897 -0.498263
12 1.21114 0 0 0.00355564 -0.0040035 -0.635799
13 3.59919 -1.06012 0.0708883 1.76983 -0.10866 0.0836759
14 1.66069 0 0 -0.0425805 0.0451261 -0.765579
15 1.167 0 0 0.00841043 -0.00839376 -0.595264
16 2.18853 0.50104 0.0576594 1.56026 -0.00997681 0.182567
17 1.29609 0 0 -0.054843 0.144746 -0.356928
18 1.62202 0.000713825 -0.000469208 -0.00744334 -0.0116402 -0.506621
19 1.22241 0 0 -0.00423344 0.00311035 -0.650945
20 1.76707 1.27612 0.0366406 1.44001 0.141498 0.11731
21 1.55588 0 0 -0.136441 0.0949195 -0.428884
22 1.24273 0 0 0 -0.0132774 -0.542773
23 0.784523 0 0 -0.00483413 0.000902101 -0.381709
24 -6.70653 5.90523 -5.42554 -0.000932693 0 -1.8749
25 6.02794 0 0 1.26297 0.389442 0.191542
26 11.7344 0 0 0.00140266 0 0.79639
27 8.81167 0 0 1.06304 0 0
28 5.77884 0 0 0.71224 0 0
29 2.23249 0 0 0.350805 0 0
30 11.4725 0 0 1.06758 0.112684 0.132409
31 0.615813 0.994372 -0.809166 -2.88315 0.473458 0.364577
32 2.24752 0 0 -0.0334311 0.235107 0.414666
33 1.11936 0 0 0.0758654 0.136146 1.16973
34 3.71349 0.10264 0.10219 -1.54675 0.834836 -0.400578
35 1.72615 0 0 -0.00689867 -0.00732664 1.09674
36 1.21112 0 0 0.0103136 0.0102001 1.33017
37 3.5992 1.06012 0.0708866 -1.49306 0.382841 -0.0688128
38 1.66069 0 0 -0.0183614 0.0756732 -0.0153739
39 1.16699 0 0 0.0189984 0.0425298 0.0577417
40 2.18853 -0.50104 0.0576591 -1.5728 0.133573 -0.17288
41 1.29609 0 0 0.120501 0.0520645 0.782583
42 1.62202 -0.000713348 -0.000469446 0.0811908 -0.0245018 1.19712
43 1.22241 0 0 -0.0119317 -0.00594717 1.29801
44 1.76707 -1.27612 0.0366402 -1.48212 0.284875 -0.100851
45 1.55588 0 0 0.223724 0.0868401 0.700865
46 1.24273 0 0 0.000478935 0.00036049 0.964696
47 0.784529 0 0 -0.00618628 0.000249634 0.884667
48 0 0 0 0 0 0
49 -6.69113 -23.5268 -3.36932 -0.586264 -0.618123 1.01021
50 0 -0.611115 2.11238 0 0 0
51 -0.0145817 -0.736103 2.39399 0 0 0
52 -6.14084 -24.5272 -2.58918 -0.586264 -0.618122 1.01021
53 0 -0.675063 1.41593 0 0 0
54 0 0.979378 2.33571 0.174533 0 0
55 0 -1.91969 2.85382 0 0 0
56 0 2.062 1.89703 -0.785398 0 0
57 0 -1.66928 2.60403 -0.0368113 0 0
58 6.98255 2.1009 -16.1176 0 0 0
time 68
0 4.71371 -0.498832 -8.84546 0.000934124 0 -1.53243
1 6.02795 0 0 -2.06744 0.580154 -0.940066
2 11.7344 0 0 -0.00140286 0 -1.35041
3 8.81138 -0.000452042 -0.000112534 0.188038 0 0.000158204
4 5.77839 0.000286102 0 0.125985 0 0.000106946
5 2.23164 -0.000329971 -0.00036335 0.0620524 0 0
6 11.4725 0 0 0.453876 -0.35521 -0.648928
7 0.61522 -0.993092 -0.8107 2.35536 0.199983 -0.326177
8 2.24752 0 0 0.0595916 0.0361852 -0.0762018
9 1.11936 0 0 0.0352769 0.0432697 -0.537884
10 3.71348 -0.102642 0.102191 1.58017 0.151356 0.190368
11 1.72615 0 0 -0.00951593 -0.00158267 -0.521993
12 1.21114 0 0 0.00507829 -0.00383528 -0.668647
13 3.59919 -1.06012 0.0708883 1.76971 -0.120388 0.0813084
14 1.66069 0 0 -0.0470293 0.0455533 -0.825795
15 1.167 0 0 0.00841039 -0.0083938 -0.635405
16 2.18852 0.50104 0.0576594 1.55982 -0.000292577 0.185378
17 1.29609 0 0 -0.0571058 0.146845 -0.352817
18 1.62202 0.000713348 -0.000469208 -0.00833092 -0.0120937 -0.534159
19 1.22241 0 0 -0.00391236 0.00292511 -0.684253
20 1.76707 1.27612 0.0366411 1.4397 0.153151 0.115733
21 1.55588 0 0 -0.143139 0.0931533 -0.453363
22 1.24274 0 0 0.000144614 -0.0143852 -0.555246
23 0.784523 0 0 -0.00574373 0.00123767 -0.40035
24 -6.70653 5.90523 -5.42554 -0.000932693 0 -1.8749
25 6.02794 0 0 1.25322 0.403606 0.193756
26 11.7344 0 0 0.00140266 0 0.818408
27 8.81167 0 0 1.01312 0 0
28 5.77884 0 0 0.67879 0 0
29 2.23249 0 0 0.334329 0 0
30 11.4725 0 0 1.0171 0.0751305 0.113202
31 0.615814 0.994373 -0.809166 -2.88315 0.473458 0.364577
32 2.24752 0 0 -0.033431 0.235107 0.414666
33 1.11936 0 0 0.0758654 0.136146 1.16973
34 3.71349 0.10264 0.102192 -1.54675 0.834836 -0.400578
35 1.72615 0 0 -0.00689876 -0.00732667 1.09674
36 1.21112 0 0 0.0103137 0.0102 1.33017
37 3.5992 1.06012 0.0708885 -1.49306 0.382841 -0.0688127
38 1.66069 0 0 -0.0183614 0.0756731 -0.015374
39 1.16699 0 0 0.0189984 0.0425298 0.0577418
40 2.18853 -0.50104 0.0576591 -1.5728 0.133573 -0.17288
41 1.29609 0 0 0.120501 0.0520644 0.782583
42 1.62202 -0.000713348 -0.000470161 0.0811908 -0.0245018 1.19712
43 1.22241 0 0 -0.0119317 -0.00594709 1.29801
44 1.76707 -1.27612 0.0366421 -1.48212 0.284875 -0.100851
45 1.55587 0 0 0.223724 0.0868402 0.700865
46 1.24273 0 0 0.000478887 0.000360592 0.964696
47 0.784534 0 0 -0.00618633 0.000249527 0.884667
48 0 0 0 0 0 0
49 -6.53522 -23.4834 -3.50401 -0.559608 -0.59284 0.948089
50 0 -0.611115 2.11238 0 0 0
51 -0.0145779 -0.736103 2.39399 0 0 0
52 -6.00729 -24.5023 -2.73244 -0.559608 -0.59284 0.948089
53 0 -0.675064 1.41593 0 0 0
54 0 0.979378 2.33571 0.174533 0 0
55 0 -1.9197 2.85382 0 0 0
56 0 2.062 1.89703 -0.785398 0 0
57 0 -1.66928 2.60403 -0.0368113 0 0
58 6.98255 2.1009 -16.1176 0 0 0
time 69
0 4.71371 -0.92706 -9.13849 0.000934124 0 -1.53243
1 6.02795 0 0 -2.05167 0.58819 -0.918348
2 11.7344 0 0 -0.00140294 0 -1.40177
3 8.81138 -0.000450134 -0.000113487 0.212876 0 0.000157441
4 5.77839 0.000286102 0 0.142627 0 0.000106531
5 2.23163 -0.000331879 -0.000364304 0.0702489 0 0
6 11.4725 0 0 0.462361 -0.342631 -0.631949
7 0.61522 -0.993092 -0.8107 2.36281 0.192722 -0.327435
8 2.24752 0 0 0.0599211 0.0365275 -0.0744286
9 1.11936 0 0 0.034903 0.0435597 -0.543324
10 3.71348 -0.102642 0.102191 1.57724 0.134901 0.188271
11 1.72615 0 0 -0.00959221 -0.00148364 -0.503203
12 1.21114 0 0 0.00433072 -0.00410081 -0.658761
13 3.59919 -1.06012 0.070888 1.76866 -0.131618 0.0793803
14 1.66069 0 0 -0.0452982 0.0455935 -0.795322
15 1.167 0 0 0.0084105 -0.00839377 -0.621266
16 2.18853 0.50104 0.0576589 1.55982 -0.00670729 0.1846
17 1.29609 0 0 -0.0579898 0.147555 -0.344219
18 1.62202 0.000713348 -0.000471115 -0.00831355 -0.0118683 -0.511812
19 1.22241 0 0 -0.00410266 0.0029615 -0.677388
20 1.76707 1.27612 0.0366411 1.438 0.145097 0.116511
21 1.55588 0 0 -0.141901 0.0949453 -0.438673
22 1.24274 0 0 0.000133555 -0.0141238 -0.535771
23 0.784523 0 0 -0.00552905 0.00115842 -0.397553
24 -6.70653 5.90523 -5.42554 -0.000932693 0 -1.8749
25 6.02794 0 0 1.24397 0.415023 0.19646
26 11.7344 0 0 0.00140266 0 0.832366
27 8.81167 0 0 0.965828 0 0
28 5.77884 0 0 0.647105 0 0
29 2.23249 0 0 0.318723 0 0
30 11.4725 0 0 0.969097 0.0401382 0.100196
31 0.615813 0.994372 -0.809166 -2.88315 0.473458 0.364577
32 2.24752 0 0 -0.033431 0.235107 0.414666
33 1.11936 0 0 0.0758654 0.136146 1.16973
34 3.71348 0.10264 0.10219 -1.54675 0.834836 -0.400578
35 1.72615 0 0 -0.00689869 -0.00732661 1.09674
36 1.21112 0 0 0.0103137 0.0102 1.33017
37 3.5992 1.06012 0.0708866 -1.49306 0.382841 -0.0688127
38 1.66069 0 0 -0.0183613 0.0756732 -0.0153741
39 1.16699 0 0 0.0189983 0.04253 0.0577418
40 2.18853 -0.50104 0.0576591 -1.5728 0.133573 -0.17288
41 1.29609 0 0 0.120501 0.0520645 0.782583
42 1.62202 -0.000711441 -0.000469685 0.0811907 -0.0245018 1.19712
43 1.22241 0 0 -0.0119317 -0.00594712 1.29801
44 1.76707 -1.27612 0.0366402 -1.48212 0.284875 -0.100851
45 1.55588 0 0 0.223724 0.0868401 0.700865
46 1.24273 0 0 0.000478915 0.00036058 0.964696
47 0.784533 0 0 -0.00618637 0.000249579 0.884667
48 0 0 0 0 0 0
49 -6.39323 -23.4701 -3.66218 -0.534717 -0.567581 0.89047
50 0 -0.611115 2.11238 0 0 0
51 -0.0145798 -0.736104 2.39399 0 0 0
52 -5.88602 -24.5061 -2.89944 -0.534718 -0.56758 0.890471
53 0 -0.675063 1.41593 0 0 0
54 0 0.979375 2.33571 0.174533 0 0
55 0 -1.9197 2.85382 0 0 0
56 0 2.062 1.89702 -0.785398 0 0
57 0 -1.66928 2.60403 -0.0368113 0 0
58 6.98255 2.1009 -16.1176 0 0 0
time 70
0 4.71371 -1.41953 -9.45737 0.000934124 0 -1.53243
1 6.02795 0 0 -2.00787 0.593498 -0.882801
2 11.7344 0 0 -0.00140282 0 -1.44021
3 8.81138 -0.000450134 -0.00011158 0.222181 0 0.00015731
4 5.77839 0.00028801 0 0.148861 0 0.00010644
5 2.23163 -0.000328064 -0.00036335 0.0733198 0 0
6 11.4725 0 0 0.468469 -0.334469 -0.633569
7 0.615219 -0.99309 -0.8107 2.38726 0.167175 -0.343608
8 2.24752 0 0 0.0609419 0.0361319 -0.0651153
9 1.11936 0 0 0.0353479 0.0439941 -0.542191
10 3.71348 -0.10264 0.102191 1.57399 0.106279 0.186964
11 1.72615 0 0 -0.00921369 -0.00114103 -0.453387
12 1.21114 0 0 0.00187882 -0.00466948 -0.616005
13 3.59919 -1.06012 0.0708873 1.76703 -0.140337 0.0781709
14 1.66069 0 0 -0.0388701 0.0453116 -0.696876
15 1.167 0 0 0.00841048 -0.00839378 -0.565675
16 2.18852 0.50104 0.0576589 1.56017 -0.0249995 0.181053
17 1.29609 0 0 -0.0575878 0.147004 -0.333587
18 1.62202 0.000713825 -0.000471115 -0.00756435 -0.0111331 -0.453124
19 1.22241 0 0 -0.00467227 0.00317126 -0.639169
20 1.76707 1.27612 0.0366406 1.43549 0.122541 0.119058
21 1.55588 0 0 -0.134447 0.0992925 -0.394913
22 1.24273 0 0 0 -0.012799 -0.493988
23 0.784523 0 0 -0.00444117 0.000757237 -0.377863
24 -6.70653 5.90523 -5.42554 -0.000932693 0 -1.8749
25 6.02794 0 0 1.23706 0.421232 0.19948
26 11.7344 0 0 0.00140263 0 0.833605
27 8.81167 0 0 0.921349 0 0
28 5.77884 0 0 0.617304 0 0
29 2.23249 0 0 0.304045 0 0
30 11.4725 0 0 0.923966 0.0122523 0.0960616
31 0.615812 0.994372 -0.809166 -2.88315 0.473458 0.364577
32 2.24752 0 0 -0.033431 0.235108 0.414666
33 1.11936 0 0 0.0758654 0.136146 1.16973
34 3.71348 0.102639 0.10219 -1.54675 0.834836 -0.400578
35 1.72615 0 0 -0.0068987 -0.00732657 1.09674
36 1.21112 0 0 0.0103136 0.0102 1.33017
37 3.5992 1.06012 0.0708885 -1.49306 0.382841 -0.0688128
38 1.66069 0 0 -0.0183614 0.0756731 -0.0153741
39 1.16699 0 0 0.0189983 0.0425299 0.0577418
40 2.18853 -0.50104 0.0576572 -1.5728 0.133573 -0.17288
41 1.29609 0 0 0.120501 0.0520644 0.782583
42 1.62202 -0.000713348 -0.000469446 0.0811908 -0.0245018 1.19712
43 1.2224 0 0 -0.0119317 -0.00594713 1.29801
44 1.76707 -1.27612 0.0366402 -1.48212 0.284875 -0.100851
45 1.55588 0 0 0.223724 0.08684 0.700865
46 1.24273 0 0 0.000478863 0.000360547 0.964696
47 0.784533 0 0 -0.00618625 0.000249622 0.884667
48 0 0 0 0 0 0
49 -6.29163 -23.5083 -3.83613 -0.51077 -0.542395 0.839343
50 0 -0.611115 2.11238 0 0 0
51 -0.0145798 -0.736105 2.39399 0 0 0
52 -5.80047 -24.559 -3.08306 -0.51077 -0.542395 0.839344
53 0 -0.675062 1.41593 0 0 0
54 0 0.979379 2.33571 0.174533 0 0
55 0 -1.91969 2.85382 0 0 0
56 0 2.062 1.89703 -0.785398 0 0
57 0 -1.66928 2.60403 -0.0368113 0 0
58 6.98255 2.1009 -16.1176 0 0 0
time 71
0 4.71371 -1.95027 -9.77625 0.000934124 0 -1.53243
1 6.02794 0 0 -1.93882 0.598157 -0.835071
2 11.7344 0 0 -0.00140286 0 -1.46742
3 8.81138 -0.000448227 -0.00011158 0.216173 0 0.000157727
4 5.77839 0.000286102 0 0.144836 0 0.000106628
5 2.23163 -0.000328064 -0.00036335 0.071337 0 0
6 11.4725 0 0 0.464087 -0.320717 -0.64855
7 0.615219 -0.99309 -0.8107 2.42308 0.129237 -0.370962
8 2.24752 0 0 0.0624181 0.0350894 -0.0504108
9 1.11936 0 0 0.0365146 0.0445535 -0.535244
10 3.71348 -0.10264 0.102191 1.57117 0.072095 0.186749
11 1.72615 0 0 -0.00846758 -0.000633722 -0.384042
12 1.21113 0 0 -0.00171122 -0.00540971 -0.550248
13 3.59919 -1.06012 0.070888 1.76522 -0.144534 0.0779589
14 1.66069 0 0 -0.0292288 0.0447731 -0.553176
15 1.167 0 0 0.00841044 -0.00839376 -0.481461
16 2.18852 0.50104 0.0576591 1.5608 -0.0509481 0.175554
17 1.29609 0 0 -0.0559925 0.145319 -0.323375
18 1.62202 0.000713825 -0.000471115 -0.00625611 -0.0100582 -0.371637
19 1.22241 0 0 -0.00549005 0.00350601 -0.578416
20 1.76707 1.27612 0.0366406 1.43275 0.0906867 0.122785
21 1.55588 0 0 -0.122496 0.105192 -0.332181
22 1.24273 0 0 0 -0.0107167 -0.43954
23 0.784524 0 0 -0.00273148 0.000126548 -0.345824
24 -6.70653 5.90523 -5.42554 -0.000932693 0 -1.8749
25 6.02794 0 0 1.23116 0.422799 0.203958
26 11.7344 0 0 0.00140266 0 0.820368
27 8.81167 0 0 0.879957 0 0
28 5.77884 0 0 0.589571 0 0
29 2.23249 0 0 0.290386 0 0
30 11.4725 0 0 0.881955 -0.0128547 0.102283
31 0.615814 0.994372 -0.809166 -2.88315 0.473458 0.364577
32 2.24752 0 0 -0.0334309 0.235108 0.414666
33 1.11936 0 0 0.0758653 0.136146 1.16973
34 3.71349 0.102639 0.10219 -1.54675 0.834836 -0.400578
35 1.72615 0 0 -0.00689865 -0.00732664 1.09674
36 1.21112 0 0 0.0103137 0.0102 1.33017
37 3.5992 1.06012 0.0708885 -1.49306 0.382841 -0.0688128
38 1.66069 0 0 -0.0183614 0.0756732 -0.015374
39 1.16699 0 0 0.0189983 0.0425299 0.0577418
40 2.18853 -0.50104 0.0576591 -1.5728 0.133573 -0.17288
41 1.29609 0 0 0.120501 0.0520644 0.782583
42 1.62202 -0.000713348 -0.000469446 0.0811908 -0.0245017 1.19712
43 1.22241 0 0 -0.0119317 -0.00594718 1.29801
44 1.76707 -1.27612 0.0366383 -1.48212 0.284875 -0.100851
45 1.55588 0 0 0.223724 0.08684 0.700865
46 1.24273 0 0 0.000478927 0.000360604 0.964696
47 0.784533 0 0 -0.00618632 0.00024954 0.884667
48 0 0 0 0 0 0
49 -6.20883 -23.6077 -4.05674 -0.488776 -0.518001 0.793206
50 0 -0.611114 2.11238 0 0 0
51 -0.0145798 -0.736103 2.39399 0 0 0
52 -5.73185 -24.6718 -3.3134 -0.488776 -0.518001 0.793207
53 0 -0.675064 1.41593 0 0 0
54 0 0.979377 2.33571 0.174533 0 0
55 0 -1.91969 2.85382 0 0 0
56 0 2.062 1.89702 -0.785398 0 0
57 0 -1.66928 2.60403 -0.0368113 0 0
58 6.98255 2.1009 -16.1176 0 0 0
time 72
0 4.71371 -2.49331 -10.0693 0.000934124 0 -1.53243
1 6.02795 0 0 -1.85253 0.604069 -0.774815
2 11.7344 0 0 -0.00140289 0 -1.49168
3 8.81139 -0.000448227 -0.00011158 0.220408 0 0.000157051
4 5.77839 0.000286102 0 0.147673 0 0.000106322
5 2.23164 -0.000328064 -0.00036335 0.0727345 0 0
6 11.4725 0 0 0.456236 -0.278174 -0.667367
7 0.615219 -0.993092 -0.8107 2.46462 0.0848057 -0.405766
8 2.24752 0 0 0.0641144 0.0334917 -0.0324646
9 1.11936 0 0 0.0383068 0.0452182 -0.523242
10 3.71348 -0.102642 0.102191 1.56954 0.0389541 0.187927
11 1.72615 0 0 -0.00744146 0 -0.306664
12 1.21114 0 0 -0.00587397 -0.00619044 -0.471355
13 3.59919 -1.06012 0.0708882 1.76358 -0.142196 0.0790238
14 1.66069 0 0 -0.0178575 0.0440425 -0.386941
15 1.167 0 0 0.00841036 -0.00839382 -0.381453
16 2.18852 0.50104 0.0576593 1.56163 -0.0803315 0.168922
17 1.29609 0 0 -0.0532967 0.142627 -0.316036
18 1.62202 0.000713825 -0.000469208 -0.00456159 -0.00881284 -0.280896
19 1.22241 0 0 -0.0064244 0.00391722 -0.50395
20 1.76707 1.27612 0.0366408 1.43036 0.0547412 0.127104
21 1.55588 0 0 -0.10777 0.111639 -0.260576
22 1.24273 0 0 -0.000117783 -0.00818204 -0.38207
23 0.784523 0 0 -0.000650408 -0.00064102 -0.305978
24 -6.70653 5.90523 -5.42554 -0.000932693 0 -1.8749
25 6.02794 0 0 1.224 0.421897 0.21092
26 11.7344 0 0 0.00140274 0 0.795235
27 8.81167 0 0 0.842005 0 0
28 5.77884 0 0 0.564143 0 0
29 2.23249 0 0 0.277862 0 0
30 11.4725 0 0 0.842842 -0.0415837 0.117446
31 0.615812 0.994372 -0.809165 -2.88315 0.473459 0.364577
32 2.24752 0 0 -0.0334311 0.235108 0.414666
33 1.11936 0 0 0.0758654 0.136146 1.16973
34 3.71348 0.102639 0.10219 -1.54675 0.834836 -0.400578
35 1.72615 0 0 -0.00689869 -0.00732656 1.09674
36 1.21112 0 0 0.0103136 0.0102 1.33017
37 3.5992 1.06012 0.0708885 -1.49306 0.382841 -0.0688128
38 1.66069 0 0 -0.0183614 0.0756731 -0.0153739
39 1.16699 0 0 0.0189983 0.0425299 0.0577418
40 2.18853 -0.501041 0.0576591 -1.5728 0.133574 -0.17288
41 1.29609 0 0 0.120501 0.0520644 0.782583
42 1.62202 -0.000713348 -0.000469446 0.0811908 -0.0245017 1.19712
43 1.22241 0 0 -0.0119317 -0.00594705 1.29801
44 1.76707 -1.27612 0.0366402 -1.48212 0.284875 -0.100851
45 1.55587 0 0 0.223724 0.0868401 0.700865
46 1.24273 0 0 0.000478912 0.000360479 0.964696
47 0.784529 0 0 -0.00618622 0.000249609 0.884667
48 0 0 0 0 0 0
49 -6.10898 -23.7546 -4.34773 -0.46971 -0.49492 0.749165
50 0 -0.611115 2.11238 0 0 0
51 -0.0145798 -0.736102 2.39399 0 0 0
52 -5.64843 -24.8319 -3.61317 -0.46971 -0.494919 0.749166
53 0 -0.675064 1.41593 0 0 0
54 0 0.979378 2.33571 0.174533 0 0
55 0 -1.91969 2.85382 0 0 0
56 0 2.062 1.89702 -0.785398 0 0
57 0 -1.66928 2.60403 -0.0368112 0 0
58 6.98255 2.1009 -16.1176 0 0 0
time 73
0 4.71371 -3.0227 -10.3106 0.000934124 0 -1.53243
1 6.02795 0 0 -1.75314 0.609864 -0.70022
2 11.7344 0 0 -0.00140298 0 -1.51689
3 8.81138 -0.000450134 -0.00011158 0.254434 0 0.00015722
4 5.77839 0.000286102 0 0.170471 0 0.000106532
5 2.23164 -0.000328064 -0.00036335 0.0839635 0 0
6 11.4725 0 0 0.463686 -0.202356 -0.696088
7 0.61522 -0.993088 -0.8107 2.50624 0.0397745 -0.444288
8 2.24752 0 0 0.0657954 0.0314299 -0.0134261
9 1.11936 0 0 0.0406275 0.0459692 -0.506944
10 3.71348 -0.102638 0.102191 1.56983 0.013461 0.1908
11 1.72615 0 0 -0.00622246 0.000558427 -0.232749
12 1.21114 0 0 -0.0100438 -0.00688042 -0.389194
13 3.59919 -1.06012 0.0708882 1.76251 -0.131312 0.0816445
14 1.66069 0 0 -0.00623961 0.0431851 -0.220889
15 1.167 0 0 0.00841045 -0.00839376 -0.278479
16 2.18853 0.501041 0.0576593 1.56256 -0.108929 0.161977
17 1.29609 0 0 -0.0495931 0.139055 -0.314024
18 1.62202 0.000713587 -0.000473022 -0.00265409 -0.00756676 -0.194444
19 1.22241 0 0 -0.00734387 0.00435649 -0.424589
20 1.76707 1.27612 0.0366409 1.4289 0.0199091 0.131429
21 1.55588 0 0 -0.0919874 0.117633 -0.190195
22 1.24274 0 0 -0.00023132 -0.00550143 -0.331218
23 0.784523 0 0 0.00155068 -0.00145296 -0.262871
24 -6.70653 5.90523 -5.42554 -0.000932693 0 -1.8749
25 6.02794 0 0 1.21616 0.418185 0.220162
26 11.7344 0 0 0.00140268 0 0.759362
27 8.81167 0 0 0.807455 0 0
28 5.77884 0 0 0.540995 0 0
29 2.23249 0 0 0.26646 0 0
30 11.4725 0 0 0.806201 -0.0724187 0.140236
31 0.615812 0.994372 -0.809166 -2.88315 0.473458 0.364577
32 2.24752 0 0 -0.0334311 0.235107 0.414666
33 1.11936 0 0 0.0758654 0.136146 1.16973
34 3.71349 0.10264 0.10219 -1.54675 0.834836 -0.400578
35 1.72615 0 0 -0.00689871 -0.00732662 1.09674
36 1.21112 0 0 0.0103137 0.0102 1.33017
37 3.5992 1.06012 0.0708885 -1.49306 0.382841 -0.0688127
38 1.66069 0 0 -0.0183613 0.0756731 -0.015374
39 1.16699 0 0 0.0189983 0.04253 0.0577417
40 2.18853 -0.50104 0.0576591 -1.5728 0.133573 -0.17288
41 1.29609 0 0 0.120501 0.0520644 0.782583
42 1.62202 -0.000711441 -0.000469446 0.0811908 -0.0245018 1.19712
43 1.22241 0 0 -0.0119318 -0.00594711 1.29801
44 1.76707 -1.27612 0.0366402 -1.48212 0.284875 -0.100851
45 1.55588 0 0 0.223724 0.0868402 0.700865
46 1.24273 0 0 0.000478873 0.000360597 0.964696
47 0.784531 0 0 -0.00618632 0.000249554 0.884667
48 0 0 0 0 0 0
49 -5.99699 -23.935 -4.6908 -0.452825 -0.472808 0.70726
50 0 -0.611115 2.11238 0 0 0
51 -0.0145779 -0.736103 2.39399 0 0 0
52 -5.55402 -25.0251 -3.96434 -0.452826 -0.472808 0.707261
53 0 -0.675064 1.41593 0 0 0
54 0 0.979378 2.33571 0.174533 0 0
55 0 -1.91969 2.85382 0 0 0
56 0 2.062 1.89702 -0.785398 0 0
57 0 -1.66928 2.60403 -0.0368113 0 0
58 6.98255 2.1009 -16.1176 0 0 0
time 74
0 4.71371 -3.51247 -10.4743 0.000934124 0 -1.53243
1 6.02795 0 0 -1.64128 0.613252 -0.612682
2 11.7344 0 0 -0.00140274 0 -1.54214
3 8.81138 -0.000448227 -0.00011158 0.312935 0 0.00015744
4 5.77839 0.000286102 0 0.209666 0 0.000106876
5 2.23163 -0.000328064 -0.000362396 0.103268 0 0
6 11.4725 0 0 0.490681 -0.107144 -0.741463
7 0.61522 -0.99309 -0.8107 2.5423 0 -0.482795
8 2.24752 0 0 0.0672252 0.0289954 0.00455581
9 1.11936 0 0 0.04338 0.0467865 -0.487111
10 3.71348 -0.10264 0.102191 1.5728 0.00222089 0.195669
11 1.72615 0 0 -0.00489826 0.00108511 -0.173792
12 1.21114 0 0 -0.0136543 -0.00734819 -0.313631
13 3.59919 -1.06012 0.070888 1.76237 -0.109868 0.0861005
14 1.66069 0 0 0.00414137 0.0422658 -0.0777376
15 1.167 0 0 0.00841046 -0.00839376 -0.185368
16 2.18853 0.501041 0.0576588 1.56353 -0.132518 0.155536
17 1.29609 0 0 -0.0449746 0.134731 -0.319792
18 1.62202 0.000714004 -0.000469208 -0.000706292 -0.00648979 -0.125824
19 1.22241 0 0 -0.00811714 0.00477561 -0.349153
20 1.76707 1.27612 0.0366409 1.42894 -0.00860379 0.135171
21 1.55588 0 0 -0.0768699 0.122168 -0.131139
22 1.24274 0 0 -0.000337917 -0.00298039 -0.296628
23 0.784523 0 0 0.00362088 -0.00221643 -0.221046
24 -6.70653 5.90523 -5.42554 -0.000932693 0 -1.8749
25 6.02794 0 0 1.20816 0.411705 0.231338
26 11.7344 0 0 0.00140263 0 0.714662
27 8.81167 0 0 0.776109 0 0
28 5.77884 0 0 0.519993 0 0
29 2.23249 0 0 0.256116 0 0
30 11.4725 0 0 0.771571 -0.103856 0.168972
31 0.615814 0.994372 -0.809164 -2.88315 0.473458 0.364577
32 2.24752 0 0 -0.0334311 0.235107 0.414666
33 1.11936 0 0 0.0758654 0.136146 1.16973
34 3.71349 0.10264 0.102192 -1.54675 0.834836 -0.400578
35 1.72615 0 0 -0.00689872 -0.0073266 1.09674
36 1.21112 0 0 0.0103137 0.0102 1.33017
37 3.5992 1.06012 0.0708895 -1.49306 0.382841 -0.0688128
38 1.66069 0 0 -0.0183614 0.0756731 -0.015374
39 1.16699 0 0 0.0189983 0.0425299 0.0577418
40 2.18853 -0.50104 0.0576601 -1.5728 0.133573 -0.17288
41 1.29609 0 0 0.120501 0.0520644 0.782583
42 1.62202 -0.000713348 -0.000469923 0.0811908 -0.0245018 1.19712
43 1.2224 0 0 -0.0119317 -0.00594711 1.29801
44 1.76707 -1.27612 0.0366421 -1.48212 0.284875 -0.100851
45 1.55588 0 0 0.223724 0.08684 0.700865
46 1.24273 0 0 0.000478912 0.000360608 0.964696
47 0.784534 0 0 -0.00618641 0.000249558 0.884667
48 0 0 0 0 0 0
49 -5.8778 -24.1352 -5.06775 -0.437476 -0.451273 0.667624
50 0 -0.611115 2.11238 0 0 0
51 -0.0145817 -0.736105 2.39399 0 0 0
52 -5.45245 -25.2374 -4.34896 -0.437477 -0.451273 0.667625
53 0 -0.675064 1.41593 0 0 0
54 0 0.979378 2.33571 0.174533 0 0
55 0 -1.91969 2.85382 0 0 0
56 0 2.062 1.89703 -0.785398 0 0
57 0 -1.66928 2.60403 -0.0368113 0 0
58 6.98255 2.1009 -16.1176 0 0 0
time 75
0 4.71371 -3.93665 -10.5347 0.000934124 0 -1.53243
1 6.02795 0 0 -1.52173 0.61189 -0.517253
2 11.7344 0 0 -0.00140282 0 -1.56648
3 8.81138 -0.000448227 -0.000113487 0.389324 0 0.000157425
4 5.77839 0.000286102 0 0.260847 0 0.000107346
5 2.23164 -0.000328064 -0.000365257 0.128477 0 0
6 11.4725 0 0 0.535766 -0.00507919 -0.799183
7 0.615219 -0.993092 -0.8107 2.56714 -0.0285035 -0.517556
8 2.24752 0 0 0.0681685 0.0262793 0.0193316
9 1.11936 0 0 0.0464679 0.0476507 -0.4645
10 3.71348 -0.10264 0.102191 1.5792 0.0118389 0.202835
11 1.72615 0 0 -0.00355605 0.00145986 -0.14129
12 1.21114 0 0 -0.0161403 -0.00746301 -0.254532
13 3.59919 -1.06012 0.0708883 1.76354 -0.075853 0.0926705
14 1.66069 0 0 0.0118021 0.0413497 0.0197943
15 1.167 0 0 0.00841042 -0.00839379 -0.114949
16 2.18852 0.501041 0.0576589 1.56445 -0.146879 0.150418
17 1.29609 0 0 -0.0395339 0.129781 -0.335794
18 1.62202 0.000713348 -0.000473022 0.00110904 -0.0057514 -0.0885805
19 1.22241 0 0 -0.00861257 0.00512589 -0.286462
20 1.76707 1.27612 0.0366411 1.43108 -0.0255924 0.137743
21 1.55588 0 0 -0.0641373 0.124243 -0.0935054
22 1.24274 0 0 -0.000424787 -0.000924346 -0.287942
23 0.784523 0 0 0.00530887 -0.0028392 -0.185046
24 -6.70653 5.90523 -5.42554 -0.000932693 0 -1.8749
25 6.02794 0 0 1.2005 0.402358 0.244135
26 11.7344 0 0 0.00140271 0 0.662658
27 8.81167 0 0 0.747519 0 0
28 5.77884 0 0 0.500838 0 0
29 2.23249 0 0 0.246681 0 0
30 11.4725 0 0 0.738449 -0.134399 0.202218
31 0.615811 0.994371 -0.809164 -2.88315 0.473458 0.364577
32 2.24752 0 0 -0.0334309 0.235108 0.414666
33 1.11936 0 0 0.0758653 0.136146 1.16973
34 3.71349 0.102638 0.102192 -1.54675 0.834836 -0.400578
35 1.72615 0 0 -0.00689873 -0.00732658 1.09674
36 1.21112 0 0 0.0103137 0.0102 1.33017
37 3.5992 1.06012 0.0708885 -1.49306 0.382841 -0.0688127
38 1.66069 0 0 -0.0183614 0.0756731 -0.0153741
39 1.16699 0 0 0.0189983 0.0425299 0.0577418
40 2.18853 -0.501041 0.0576582 -1.5728 0.133573 -0.17288
41 1.29609 0 0 0.120501 0.0520645 0.782584
42 1.62202 -0.000715256 -0.000469685 0.0811908 -0.0245018 1.19712
43 1.22241 0 0 -0.0119318 -0.00594706 1.29801
44 1.76707 -1.27612 0.0366411 -1.48212 0.284875 -0.100851
45 1.55588 0 0 0.223724 0.0868401 0.700865
46 1.24273 0 0 0.000478906 0.000360563 0.964696
47 0.784531 0 0 -0.00618635 0.00024956 0.884667
48 0 0 0 0 0 0
49 -5.75636 -24.3417 -5.46043 -0.423096 -0.429881 0.630457
50 0 -0.611116 2.11238 0 0 0
51 -0.0145779 -0.736105 2.39399 0 0 0
52 -5.34758 -25.455 -4.74918 -0.423096 -0.42988 0.630458
53 0 -0.675066 1.41593 0 0 0
54 0 0.979378 2.33571 0.174533 0 0
55 0 -1.91969 2.85382 0 0 0
56 0 2.062 1.89702 -0.785398 0 0
57 0 -1.66928 2.60403 -0.0368113 0 0
58 6.98255 2.1009 -16.1176 0 0 0
time 76
0 4.71371 -4.35461 -10.5347 0.000934124 0 -1.53243
1 6.02795 0 0 -1.40611 0.603899 -0.426844
2 11.7344 0 0 -0.00140281 0 -1.59606
3 8.81139 -0.000450134 -0.000112534 0.47973 0 0.000158081
4 5.77839 0.000286102 0 0.321419 0 0.000108295
5 2.23163 -0.000329971 -0.000364304 0.158311 0 0
6 11.4725 0 0 0.593156 0.096507 -0.848608
7 0.615219 -0.99309 -0.8107 2.57514 -0.0399594 -0.544837
8 2.24752 0 0 0.0683896 0.0233734 0.0287524
9 1.11936 0 0 0.0497944 0.0485423 -0.439872
10 3.71348 -0.102636 0.10219 1.58978 0.0489201 0.212602
11 1.72615 0 0 -0.00228302 0.001604 -0.146739
12 1.21114 0 0 -0.0169359 -0.00709352 -0.221765
13 3.59919 -1.06011 0.0708876 1.7664 -0.0272546 0.101634
14 1.66069 0 0 0.0152594 0.0405017 0.0489888
15 1.167 0 0 0.00841046 -0.00839363 -0.080051
16 2.18853 0.50104 0.0576587 1.56523 -0.147789 0.147443
17 1.29609 0 0 -0.0333638 0.124333 -0.364483
18 1.62202 0.000713825 -0.000471115 0.00261882 -0.00552131 -0.0962557
19 1.22241 0 0 -0.00869902 0.00535924 -0.245337
20 1.76707 1.27612 0.0366406 1.43588 -0.0258513 0.138556
21 1.55588 0 0 -0.0555094 0.122854 -0.0873923
22 1.24274 0 0 -0.000479383 0.000360583 -0.314802
23 0.784523 0 0 0.00636398 -0.00322827 -0.159417
24 -6.70653 5.90523 -5.42554 -0.000932693 0 -1.8749
25 6.02794 0 0 1.19353 0.390874 0.257854
26 11.7344 0 0 0.00140267 0 0.606559
27 8.81167 0 0 0.720999 0 0
28 5.77884 0 0 0.483069 0 0
29 2.23249 0 0 0.23793 0 0
30 11.4725 0 0 0.706307 -0.162569 0.237774
31 0.615814 0.994372 -0.809166 -2.88315 0.473458 0.364577
32 2.24752 0 0 -0.0334312 0.235107 0.414666
33 1.11936 0 0 0.0758654 0.136146 1.16973
34 3.71349 0.102639 0.10219 -1.54675 0.834836 -0.400578
35 1.72615 0 0 -0.00689873 -0.00732657 1.09674
36 1.21112 0 0 0.0103137 0.0102 1.33017
37 3.5992 1.06012 0.0708876 -1.49306 0.382841 -0.0688127
38 1.66069 0 0 -0.0183614 0.0756731 -0.0153739
39 1.16699 0 0 0.0189983 0.0425299 0.0577418
40 2.18853 -0.50104 0.0576591 -1.5728 0.133573 -0.17288
41 1.29609 0 0 0.120501 0.0520644 0.782583
42 1.62202 -0.000715256 -0.000469208 0.0811908 -0.0245018 1.19712
43 1.22241 0 0 -0.0119317 -0.00594714 1.29801
44 1.76707 -1.27612 0.0366402 -1.48212 0.284875 -0.100851
45 1.55588 0 0 0.223724 0.08684 0.700865
46 1.24273 0 0 0.000478939 0.000360563 0.964696
47 0.784531 0 0 -0.00618629 0.000249614 0.884667
48 0 0 0 0 0 0
49 -5.63767 -24.5413 -5.85074 -0.409187 -0.408167 0.596023
50 0 -0.611115 2.11238 0 0 0
51 -0.0145798 -0.736103 2.39399 0 0 0
52 -5.24334 -25.6646 -5.14721 -0.409187 -0.408167 0.596024
53 0 -0.675066 1.41593 0 0 0
54 0 0.979376 2.33571 0.174533 0 0
55 0 -1.9197 2.85382 0 0 0
56 0 2.062 1.89702 -0.785398 0 0
57 0 -1.66928 2.60403 -0.0368113 0 0
58 6.98255 2.1009 -16.1176 0 0 0
time 77
0 4.71371 -4.79779 -10.5347 0.000934124 0 -1.53243
1 6.02795 0 0 -1.30576 0.58697 -0.353188
2 11.7344 0 0 -0.00140293 0 -1.63178
3 8.81138 -0.000452042 -0.00011158 0.571324 0 0.000157923
4 5.77839 0.000286102 0 0.382787 0 0.000108803
5 2.23163 -0.000328064 -0.000364304 0.188537 0 0
6 11.4725 0 0 0.648521 0.188118 -0.870114
7 0.615219 -0.993092 -0.810699 2.56484 -0.0335772 -0.569121
8 2.24752 0 0 0.0678002 0.0196135 0.0338419
9 1.11936 0 0 0.0532628 0.0494414 -0.413986
10 3.71348 -0.102642 0.102191 1.60508 0.120752 0.225333
11 1.72615 0 0 -0.000817546 0.00154349 -0.19848
12 1.21114 0 0 -0.0158935 -0.00616367 -0.211551
13 3.59919 -1.06012 0.0708885 1.77094 0.0430008 0.113704
14 1.66069 0 0 0.0144661 0.0395518 0.0032514
15 1.167 0 0 0.00841037 -0.00839369 -0.0768784
16 2.18852 0.50104 0.0576591 1.56603 -0.132907 0.146371
17 1.29609 0 0 -0.0249936 0.117115 -0.4089
18 1.62202 0.000713348 -0.000471115 0.00409151 -0.00576901 -0.158988
19 1.22241 0 0 -0.00831735 0.00550352 -0.220963
20 1.76707 1.27612 0.0366411 1.44489 -0.00627767 0.137455
21 1.55588 0 0 -0.0498983 0.117617 -0.111175
22 1.24274 0 0 -0.000506583 0.00100636 -0.38972
23 0.784523 0 0 0.00689418 -0.00342381 -0.140578
24 -6.70653 5.90523 -5.42554 -0.000932693 0 -1.8749
25 6.02794 0 0 1.18767 0.377299 0.272025
26 11.7344 0 0 0.00140276 0 0.54799
27 8.81167 0 0 0.695561 0 0
28 5.77884 0 0 0.466026 0 0
29 2.23249 0 0 0.229535 0 0
30 11.4725 0 0 0.674593 -0.186906 0.274329
31 0.615812 0.994372 -0.809165 -2.88315 0.473458 0.364577
32 2.24752 0 0 -0.0334312 0.235107 0.414666
33 1.11936 0 0 0.0758653 0.136146 1.16973
34 3.71348 0.102639 0.102191 -1.54675 0.834836 -0.400578
35 1.72615 0 0 -0.00689872 -0.00732661 1.09674
36 1.21112 0 0 0.0103137 0.0102 1.33017
37 3.5992 1.06012 0.0708885 -1.49306 0.382841 -0.0688126
38 1.66069 0 0 -0.0183614 0.0756731 -0.015374
39 1.16699 0 0 0.0189983 0.0425299 0.0577417
40 2.18853 -0.50104 0.0576601 -1.5728 0.133573 -0.17288
41 1.29609 0 0 0.120501 0.0520644 0.782583
42 1.62202 -0.000715256 -0.000469685 0.0811909 -0.0245018 1.19712
43 1.2224 0 0 -0.0119317 -0.00594709 1.29801
44 1.76707 -1.27612 0.0366402 -1.48212 0.284875 -0.100851
45 1.55588 0 0 0.223724 0.08684 0.700865
46 1.24273 0 0 0.000478893 0.000360507 0.964696
47 0.784533 0 0 -0.00618628 0.000249634 0.884667
48 0 0 0 0 0 0
49 -5.52681 -24.7207 -6.22064 -0.395313 -0.385641 0.564636
50 0 -0.611115 2.11238 0 0 0
51 -0.0145798 -0.736105 2.39399 0 0 0
52 -5.14374 -25.8529 -5.5253 -0.395313 -0.385641 0.564636
53 0 -0.675064 1.41593 0 0 0
54 0 0.979376 2.33571 0.174533 0 0
55 0 -1.9197 2.85382 0 0 0
56 0 2.062 1.89702 -0.785398 0 0
57 0 -1.66928 2.60403 -0.0368112 0 0
58 6.98255 2.1009 -16.1176 0 0 0
time 78
0 4.71371 -5.19835 -10.5347 0.000934124 0 -1.53243
1 6.02795 0 0 -1.14963 0.537899 -0.245221
2 11.7344 0 0 -0.00140293 0 -1.663
3 8.81138 -0.000450134 -0.000112057 0.615778 0 0.000156899
4 5.77839 0.000286102 0 0.412571 0 0.000108399
5 2.23163 -0.000329971 -0.00036478 0.203207 0 0
6 11.4725 0 0 0.692089 0.19995 -0.855472
7 0.615219 -0.993093 -0.810699 2.54086 -0.0146164 -0.596492
8 2.24752 0 0 0.0665776 0.014543 0.037239
9 1.11936 0 0 0.0567765 0.0503291 -0.3876
10 3.71348 -0.102643 0.102192 1.62465 0.225022 0.240944
11 1.72615 0 0 0.00106992 0.00136968 -0.290077
12 1.21114 0 0 -0.0134762 -0.00475853 -0.212292
13 3.59919 -1.06012 0.0708885 1.77682 0.136905 0.129009
14 1.66069 0 0 0.0108252 0.0383425 -0.0992049
15 1.167 0 0 0.00841032 -0.00839383 -0.0909708
16 2.18853 0.50104 0.0576591 1.56699 -0.104996 0.146282
17 1.29609 0 0 -0.013517 0.107299 -0.468374
18 1.62202 0.000714302 -0.000471115 0.00584291 -0.00631453 -0.26937
19 1.22241 0 0 -0.00756204 0.00562154 -0.202173
20 1.76707 1.27612 0.0366411 1.4584 0.029839 0.13492
21 1.55588 0 0 -0.0450417 0.109282 -0.154228
22 1.24273 0 0 -0.000522483 0.00138136 -0.510365
23 0.784523 0 0 0.00720207 -0.00353739 -0.122165
24 -6.70653 5.90523 -5.42554 -0.000932693 0 -1.8749
25 6.02794 0 0 1.18289 0.364391 0.284937
26 11.7344 0 0 0.00140269 0 0.494432
27 8.81167 0 0 0.670042 0 0
28 5.77884 0 0 0.448928 0 0
29 2.23249 0 0 0.221114 0 0
30 11.4725 0 0 0.642733 -0.205975 0.307701
31 0.615811 0.994373 -0.809165 -2.88315 0.473458 0.364577
32 2.24752 0 0 -0.033431 0.235107 0.414666
33 1.11936 0 0 0.0758653 0.136146 1.16973
34 3.71348 0.10264 0.102191 -1.54675 0.834836 -0.400578
35 1.72615 0 0 -0.00689872 -0.0073266 1.09674
36 1.21112 0 0 0.0103137 0.0102 1.33017
37 3.5992 1.06012 0.0708876 -1.49306 0.382841 -0.0688128
38 1.66069 0 0 -0.0183614 0.0756731 -0.0153741
39 1.16699 0 0 0.0189983 0.0425299 0.0577417
40 2.18853 -0.50104 0.0576591 -1.5728 0.133573 -0.17288
41 1.29609 0 0 0.120501 0.0520645 0.782584
42 1.62202 -0.000713348 -0.000469685 0.0811908 -0.0245018 1.19712
43 1.2224 0 0 -0.0119317 -0.00594713 1.29801
44 1.76707 -1.27612 0.0366411 -1.48212 0.284875 -0.100851
45 1.55587 0 0 0.223724 0.0868401 0.700865
46 1.24273 0 0 0.000478932 0.000360581 0.964696
47 0.784531 0 0 -0.0061863 0.000249527 0.884667
48 0 0 0 0 0 0
49 -5.42889 -24.8667 -6.55211 -0.381096 -0.361786 0.536653
50 0 -0.611116 2.11238 0 0 0
51 -0.0145798 -0.736105 2.39399 0 0 0
52 -5.05289 -26.0068 -5.86575 -0.381097 -0.361786 0.536653
53 0 -0.675064 1.41593 0 0 0
54 0 0.979378 2.33571 0.174533 0 0
55 0 -1.91969 2.85382 0 0 0
56 0 2.062 1.89703 -0.785398 0 0
57 0 -1.66928 2.60403 -0.0368112 0 0
58 6.98255 2.1009 -16.1176 0 0 0
time 79
0 4.71371 -5.48844 -10.5347 0.000934124 0 -1.53243
1 6.02795 0 0 -0.994042 0.454903 -0.14264
2 11.7344 0 0 -0.00140295 0 -1.68246
3 8.81139 -0.000448227 -0.00011301 0.634003 0 0.000157735
4 5.77839 0.00028801 0 0.424782 0 0.000109063
5 2.23164 -0.000329971 -0.000365257 0.209221 0 0
6 11.4725 0 0 0.712485 0.17646 -0.807686
7 0.615221 -0.993093 -0.810701 2.50669 0.0138019 -0.625621
8 2.24752 0 0 0.0648857 0.00856396 0.039216
9 1.11936 0 0 0.0602389 0.0511854 -0.361476
10 3.71348 -0.102643 0.102189 1.64782 0.353938 0.259054
11 1.72615 0 0 0.00324406 0.00109958 -0.410861
12 1.21114 0 0 -0.0100339 -0.0029863 -0.22212
13 3.59919 -1.06012 0.0708866 1.78386 0.24885 0.146948
14 1.66069 0 0 0.00502664 0.0369585 -0.243887
15 1.167 0 0 0.00841045 -0.00839382 -0.119156
16 2.18853 0.501039 0.0576572 1.56807 -0.0674927 0.146971
17 1.29609 0 0 0.000126907 0.0956766 -0.539785
18 1.62202 0.000713348 -0.000473022 0.00777103 -0.00710253 -0.414622
19 1.22241 0 0 -0.00653032 0.00571566 -0.188257
20 1.76707 1.27612 0.0366392 1.47514 0.0781174 0.131314
21 1.55588 0 0 -0.0409015 0.0985538 -0.213144
22 1.24274 0 0 -0.000528831 0.0015329 -0.664108
23 0.784523 0 0 0.00732651 -0.00358329 -0.104545
24 -6.70653 5.90523 -5.42554 -0.000932693 0 -1.8749
25 6.02794 0 0 1.17916 0.355025 0.294743
26 11.7344 0 0 0.00140266 0 0.453613
27 8.81167 0 0 0.643058 0 0
28 5.77884 0 0 0.430849 0 0
29 2.23249 0 0 0.21221 0 0
30 11.4725 0 0 0.610141 -0.218355 0.333652
31 0.615814 0.994371 -0.809165 -2.88315 0.473458 0.364577
32 2.24752 0 0 -0.0334311 0.235107 0.414666
33 1.11936 0 0 0.0758653 0.136146 1.16973
34 3.71349 0.102638 0.102191 -1.54675 0.834836 -0.400578
35 1.72615 0 0 -0.00689874 -0.00732663 1.09674
36 1.21112 0 0 0.0103137 0.0102 1.33017
37 3.5992 1.06012 0.0708885 -1.49306 0.382841 -0.0688128
38 1.66069 0 0 -0.0183614 0.0756731 -0.015374
39 1.16699 0 0 0.0189983 0.0425299 0.0577418
40 2.18853 -0.501041 0.0576601 -1.5728 0.133573 -0.17288
41 1.29609 0 0 0.120501 0.0520645 0.782583
42 1.62202 -0.000711441 -0.000469208 0.0811907 -0.0245018 1.19712
43 1.22241 0 0 -0.0119317 -0.00594709 1.29801
44 1.76707 -1.27612 0.0366421 -1.48212 0.284875 -0.100851
45 1.55587 0 0 0.223724 0.0868401 0.700865
46 1.24273 0 0 0.000478901 0.00036057 0.964696
47 0.784531 0 0 -0.00618631 0.000249567 0.884667
48 0 0 0 0 0 0
49 -5.34918 -24.9663 -6.82718 -0.366218 -0.336063 0.512481
50 0 -0.611115 2.11238 0 0 0
51 -0.0145817 -0.736103 2.39399 0 0 0
52 -4.97506 -26.1131 -6.1509 -0.366218 -0.336062 0.512481
53 0 -0.675066 1.41593 0 0 0
54 0 0.979376 2.33571 0.174533 0 0
55 0 -1.91969 2.85382 0 0 0
56 0 2.062 1.89703 -0.785398 0 0
57 0 -1.66928 2.60403 -0.0368113 0 0
58 6.98255 2.1009 -16.1176 0 0 0
time 80
0 4.71371 -5.60021 -10.5347 0.000934124 0 -1.53243
1 6.02795 0 0 -0.932196 0.386535 -0.109535
2 11.7344 0 0 -0.00140282 0 -1.68559
3 8.81138 -0.000448227 -0.00011301 0.665098 0 0.000157597
4 5.77839 0.000286102 0 0.445616 0 0.0001092
5 2.23163 -0.000326157 -0.00036478 0.219482 0 0
6 11.4725 0 0 0.704586 0.210012 -0.742928
7 0.615219 -0.993092 -0.810699 2.46579 0.0485568 -0.655178
8 2.24752 0 0 0.0628881 0.00207813 0.0400453
9 1.11936 0 0 0.0635532 0.051991 -0.336371
10 3.71348 -0.10264 0.102192 1.6739 0.499706 0.279287
11 1.72615 0 0 0.00556852 0.000751201 -0.55016
12 1.21114 0 0 -0.0059158 -0.000955931 -0.239168
13 3.59919 -1.06012 0.0708885 1.79189 0.373223 0.166922
14 1.66069 0 0 -0.00223879 0.0354845 -0.416302
15 1.167 0 0 0.0084105 -0.00839367 -0.158261
16 2.18853 0.50104 0.0576591 1.56919 -0.023836 0.148233
17 1.29609 0 0 0.0149991 0.0830375 -0.620016
18 1.62202 0.000713348 -0.000471115 0.00977331 -0.00807782 -0.581965
19 1.22241 0 0 -0.00531977 0.00578858 -0.178504
20 1.76707 1.27612 0.0366402 1.49381 0.134175 0.127004
21 1.55588 0 0 -0.0374384 0.0861335 -0.28452
22 1.24274 0 0 -0.000527793 0.00150893 -0.838322
23 0.784523 0 0 0.00730669 -0.00357605 -0.0880856
24 -6.70653 5.90523 -5.42554 -0.000932693 0 -1.8749
25 6.02794 0 0 1.17622 0.353668 0.298852
26 11.7344 0 0 0.00140268 0 0.436765
27 8.81167 0 0 0.613091 0 0
28 5.77884 0 0 0.410771 0 0
29 2.23249 0 0 0.20232 0 0
30 11.4725 0 0 0.57623 -0.222641 0.346209
31 0.615812 0.994372 -0.809166 -2.88315 0.473459 0.364576
32 2.24752 0 0 -0.0334311 0.235108 0.414666
33 1.11936 0 0 0.0758654 0.136146 1.16973
34 3.71348 0.102638 0.102191 -1.54675 0.834836 -0.400578
35 1.72615 0 0 -0.00689872 -0.00732663 1.09674
36 1.21112 0 0 0.0103137 0.0102 1.33017
37 3.5992 1.06012 0.0708876 -1.49306 0.382841 -0.0688129
38 1.66069 0 0 -0.0183614 0.0756731 -0.015374
39 1.16699 0 0 0.0189983 0.0425299 0.0577417
40 2.18853 -0.50104 0.0576591 -1.5728 0.133573 -0.17288
41 1.29609 0 0 0.120501 0.0520645 0.782584
42 1.62202 -0.000713348 -0.000470161 0.0811908 -0.0245018 1.19712
43 1.2224 0 0 -0.0119317 -0.00594713 1.29801
44 1.76707 -1.27612 0.0366402 -1.48212 0.284875 -0.100851
45 1.55588 0 0 0.223724 0.0868401 0.700865
46 1.24273 0 0 0.000478921 0.00036056 0.964696
47 0.784533 0 0 -0.00618635 0.000249594 0.884667
48 0 0 0 0 0 0
49 -5.29303 -25.0061 -7.02788 -0.350419 -0.307905 0.492572
50 0 -0.611113 2.11238 0 0 0
51 -0.0145817 -0.736103 2.39399 0 0 0
52 -4.91466 -26.1582 -6.36312 -0.35042 -0.307905 0.492573
53 0 -0.675062 1.41593 0 0 0
54 0 0.979376 2.33571 0.174533 0 0
55 0 -1.9197 2.85382 0 0 0
56 0 2.062 1.89703 -0.785398 0 0
57 0 -1.66928 2.60403 -0.0368113 0 0
58 6.98255 2.1009 -16.1176 0 0 0
time 81
0 4.72507 -5.56361 -10.5081 0.000934124 0 -1.53243
1 6.02794 0 0 -0.918918 0.338538 -0.111697
2 11.7344 0 0 -0.00140288 0 -1.67602
3 8.81139 -0.000448227 -0.00011158 0.703032 0 0.00015701
4 5.77839 0.00028801 0 0.471031 0 0.000108998
5 2.23164 -0.000326157 -0.000363827 0.232 0 0
6 11.4725 0 0 0.69216 0.271644 -0.669744
7 0.615219 -0.993092 -0.8107 2.42164 0.0865273 -0.683834
8 2.24752 0 0 0.0607488 -0.00451246 0.0399996
9 1.11936 0 0 0.0666228 0.0527262 -0.313045
10 3.71348 -0.102641 0.10219 1.7022 0.65453 0.301264
11 1.72615 0 0 0.00790816 0.000341807 -0.697305
12 1.21114 0 0 -0.00147212 0.00122401 -0.261569
13 3.59919 -1.06012 0.0708876 1.80073 0.504416 0.188332
14 1.66069 0 0 -0.0102807 0.0340049 -0.601955
15 1.167 0 0 0.00841058 -0.00839374 -0.205114
16 2.18852 0.501038 0.0576591 1.57031 0.0225363 0.149863
17 1.29609 0 0 0.03016 0.0701729 -0.705948
18 1.62202 0.000713348 -0.000471115 0.0117477 -0.00918546 -0.758622
19 1.22241 0 0 -0.00402794 0.00584303 -0.172201
20 1.76707 1.27612 0.0366402 1.51314 0.193631 0.122355
21 1.55588 0 0 -0.0346146 0.0727239 -0.364949
22 1.24274 0 0 -0.000521315 0.00135754 -1.02038
23 0.784523 0 0 0.0071824 -0.00353009 -0.0731521
24 -6.70653 5.90523 -5.42554 -0.000932693 0 -1.8749
25 6.02794 0 0 1.17438 0.357321 0.298653
26 11.7344 0 0 0.00140279 0 0.438056
27 8.81167 0 0 0.581401 0 0
28 5.77884 0 0 0.389539 0 0
29 2.23249 0 0 0.191862 0 0
30 11.4725 0 0 0.543227 -0.218495 0.34868
31 0.615813 0.994373 -0.809166 -2.88315 0.473458 0.364577
32 2.24752 0 0 -0.033431 0.235108 0.414666
33 1.11936 0 0 0.0758653 0.136146 1.16973
34 3.71348 0.102639 0.10219 -1.54675 0.834836 -0.400578
35 1.72615 0 0 -0.0068987 -0.0073266 1.09674
36 1.21112 0 0 0.0103137 0.0102 1.33017
37 3.5992 1.06012 0.0708866 -1.49306 0.382841 -0.0688128
38 1.66069 0 0 -0.0183614 0.0756731 -0.0153739
39 1.16699 0 0 0.0189983 0.0425299 0.0577417
40 2.18853 -0.501041 0.0576582 -1.5728 0.133573 -0.17288
41 1.29609 0 0 0.120501 0.0520644 0.782583
42 1.62202 -0.000715256 -0.000469208 0.0811908 -0.0245018 1.19712
43 1.22241 0 0 -0.0119317 -0.00594711 1.29801
44 1.76707 -1.27612 0.0366402 -1.48212 0.284875 -0.100851
45 1.55588 0 0 0.223724 0.08684 0.700865
46 1.24273 0 0 0.000478967 0.000360601 0.964696
47 0.784534 0 0 -0.00618637 0.000249573 0.884667
48 0 0 0 0 0 0
49 -5.24938 -25.0031 -7.14572 -0.335052 -0.278727 0.479131
50 0 -0.611113 2.11238 0 0 0
51 -0.0145798 -0.736103 2.39399 0 0 0
52 -4.85986 -26.1582 -6.49279 -0.335052 -0.278727 0.479131
53 0 -0.675064 1.41593 0 0 0
54 0 0.979374 2.33571 0.174533 0 0
55 0 -1.9197 2.85382 0 0 0
56 0 2.062 1.89703 -0.785398 0 0
57 0 -1.66928 2.60403 -0.0368113 0 0
58 6.98255 2.1009 -16.1176 0 0 0
time 82
0 4.75589 -5.46162 -10.4358 0.000934124 0 -1.53243
1 6.02795 0 0 -0.896197 0.297442 -0.107089
2 11.7344 0 0 -0.00140276 0 -1.66434
3 8.81138 -0.000450134 -0.000112534 0.731898 0 0.000157135
4 5.77839 0.000284195 0 0.490372 0 0.000109243
5 2.23163 -0.000329971 -0.000364304 0.241526 0 0
6 11.4725 0 0 0.693348 0.305336 -0.594261
7 0.615219 -0.993091 -0.810701 2.37773 0.124593 -0.710261
8 2.24752 0 0 0.0586313 -0.0108061 0.0393513
9 1.11936 0 0 0.069351 0.0533715 -0.292257
10 3.71348 -0.102642 0.102191 1.73203 0.810618 0.324608
11 1.72615 0 0 0.0101266 -0.000111131 -0.841624
12 1.21114 0 0 0.00294793 0.0034448 -0.287457
13 3.59919 -1.06012 0.0708885 1.81023 0.636817 0.210577
14 1.66069 0 0 -0.0184087 0.0326047 -0.786354
15 1.167 0 0 0.00841046 -0.00839381 -0.256544
16 2.18852 0.501039 0.0576591 1.57136 0.0681867 0.151656
17 1.29609 0 0 0.0446704 0.0578739 -0.794464
18 1.62202 0.000713348 -0.000473022 0.0135922 -0.0103701 -0.931815
19 1.22241 0 0 -0.00275253 0.00588158 -0.16864
20 1.76707 1.27612 0.0366402 1.53183 0.252103 0.117732
21 1.55588 0 0 -0.0323905 0.0590272 -0.451026
22 1.24274 0 0 -0.000511664 0.00112612 -1.19765
23 0.784525 0 0 0.00699233 -0.00346009 -0.0601118
24 -6.70653 5.90523 -5.42554 -0.000932693 0 -1.8749
25 6.02794 0 0 1.17353 0.362609 0.29631
26 11.7344 0 0 0.00140272 0 0.448176
27 8.81167 0 0 0.549281 0 0
28 5.77884 0 0 0.368018 0 0
29 2.23249 0 0 0.181263 0 0
30 11.4725 0 0 0.512259 -0.20775 0.346486
31 0.615813 0.994373 -0.809165 -2.88315 0.473458 0.364577
32 2.24752 0 0 -0.033431 0.235108 0.414666
33 1.11936 0 0 0.0758653 0.136146 1.16973
34 3.71348 0.102641 0.102191 -1.54675 0.834836 -0.400578
35 1.72615 0 0 -0.00689871 -0.00732663 1.09674
36 1.21112 0 0 0.0103137 0.0102 1.33017
37 3.5992 1.06012 0.0708895 -1.49306 0.382841 -0.0688128
38 1.66069 0 0 -0.0183614 0.0756731 -0.015374
39 1.16699 0 0 0.0189983 0.04253 0.0577419
40 2.18853 -0.50104 0.0576601 -1.5728 0.133573 -0.17288
41 1.29609 0 0 0.120501 0.0520644 0.782584
42 1.62202 -0.000715256 -0.000470161 0.0811908 -0.0245018 1.19712
43 1.22241 0 0 -0.0119317 -0.00594711 1.29801
44 1.76707 -1.27612 0.0366411 -1.48212 0.284875 -0.100851
45 1.55587 0 0 0.223724 0.0868401 0.700865
46 1.24273 0 0 0.000478941 0.000360599 0.964696
47 0.784531 0 0 -0.00618634 0.000249567 0.884667
48 0 0 0 0 0 0
49 -5.2088 -24.9778 -7.20291 -0.320833 -0.24954 0.472034
50 0 -0.611115 2.11238 0 0 0
51 -0.0145817 -0.736103 2.39399 0 0 0
52 -4.80232 -26.1335 -6.56147 -0.320833 -0.24954 0.472035
53 0 -0.675064 1.41593 0 0 0
54 0 0.979378 2.33571 0.174533 0 0
55 0 -1.91969 2.85382 0 0 0
56 0 2.062 1.89703 -0.785398 0 0
57 0 -1.66928 2.60403 -0.0368113 0 0
58 6.98255 2.1009 -16.1176 0 0 0
time 83
0 4.8013 -5.306 -10.3293 0.000934124 0 -1.53243
1 6.02794 0 0 -0.860834 0.267486 -0.0964245
2 11.7344 0 0 -0.00140283 0 -1.65128
3 8.81138 -0.000452042 -0.00011158 0.740192 0 0.000158325
4 5.77839 0.000284195 0 0.495928 0 0.000110126
5 2.23163 -0.000331879 -0.000363827 0.244263 0 0
6 11.4725 0 0 0.695284 0.304741 -0.53062
7 0.615219 -0.993093 -0.810699 2.33752 0.159632 -0.733129
8 2.24752 0 0 0.0566992 -0.0164006 0.0383727
9 1.11936 0 0 0.0716414 0.0539074 -0.274767
10 3.71348 -0.102643 0.10219 1.76272 0.960174 0.348939
11 1.72615 0 0 0.0120885 -0.000589868 -0.972447
12 1.21114 0 0 0.00699445 0.00559762 -0.314964
13 3.59919 -1.06012 0.0708866 1.82021 0.764818 0.233057
14 1.66069 0 0 -0.0259325 0.0313682 -0.955004
15 1.167 0 0 0.00841043 -0.0083938 -0.309379
16 2.18853 0.501039 0.0576591 1.57228 0.109677 0.153408
17 1.29609 0 0 0.0575912 0.0469313 -0.882445
18 1.62202 0.000714302 -0.000471115 0.0152048 -0.0115765 -1.08876
19 1.22241 0 0 -0.00159065 0.0059068 -0.167107
20 1.76707 1.27612 0.0366402 1.54861 0.305209 0.113501
21 1.55588 0 0 -0.0307279 0.045746 -0.539348
22 1.24273 0 0 -0.000500451 0.000863007 -1.35751
23 0.784523 0 0 0.00677628 -0.0033804 -0.0493311
24 -6.70653 5.90523 -5.42554 -0.000932693 0 -1.8749
25 6.02794 0 0 1.17299 0.372069 0.290968
26 11.7344 0 0 0.00140271 0 0.470178
27 8.81167 0 0 0.515264 0 0
28 5.77884 0 0 0.345227 0 0
29 2.23249 0 0 0.170037 0 0
30 11.4725 0 0 0.481105 -0.19229 0.338299
31 0.615811 0.994373 -0.809165 -2.88315 0.473458 0.364577
32 2.24752 0 0 -0.0334312 0.235107 0.414666
33 1.11936 0 0 0.0758654 0.136146 1.16973
34 3.71348 0.10264 0.102191 -1.54675 0.834836 -0.400578
35 1.72615 0 0 -0.00689871 -0.00732662 1.09674
36 1.21112 0 0 0.0103137 0.0102 1.33017
37 3.5992 1.06012 0.0708885 -1.49306 0.382841 -0.0688127
38 1.66069 0 0 -0.0183614 0.0756732 -0.0153741
39 1.16699 0 0 0.0189983 0.0425299 0.0577419
40 2.18853 -0.50104 0.0576582 -1.5728 0.133573 -0.17288
41 1.29609 0 0 0.120501 0.0520644 0.782583
42 1.62202 -0.000715256 -0.000470161 0.0811908 -0.0245018 1.19712
43 1.22241 0 0 -0.0119317 -0.00594711 1.29801
44 1.76707 -1.27612 0.0366411 -1.48212 0.284875 -0.100851
45 1.55588 0 0 0.223724 0.08684 0.700865
46 1.24273 0 0 0.00047895 0.000360553 0.964696
47 0.784531 0 0 -0.00618631 0.000249607 0.884667
48 0 0 0 0 0 0
49 -5.17959 -24.9222 -7.22765 -0.306718 -0.219103 0.468387
50 0 -0.611115 2.11238 0 0 0
51 -0.0145798 -0.736105 2.39399 0 0 0
52 -4.75234 -26.077 -6.59833 -0.306719 -0.219103 0.468388
53 0 -0.675064 1.41593 0 0 0
54 0 0.979376 2.33571 0.174533 0 0
55 0 -1.91969 2.85382 0 0 0
56 0 2.062 1.89703 -0.785398 0 0
57 0 -1.66928 2.60403 -0.0368113 0 0
58 6.98255 2.1009 -16.1176 0 0 0
time 84
0 4.85645 -5.10849 -10.2 0.000934124 0 -1.53243
1 6.02795 0 0 -0.813972 0.245695 -0.0815034
2 11.7344 0 0 -0.00140287 0 -1.63566
3 8.81139 -0.000450134 -0.000112057 0.717544 0 0.00015762
4 5.77839 0.000286102 0 0.480754 0 0.000109522
5 2.23164 -0.000326157 -0.000362873 0.23679 0 0
6 11.4725 0 0 0.682792 0.267253 -0.490647
7 0.615218 -0.99309 -0.810699 2.30449 0.188523 -0.751108
8 2.24752 0 0 0.0551166 -0.0208943 0.0373364
9 1.11936 0 0 0.0733969 0.0543145 -0.261335
10 3.71348 -0.10264 0.102192 1.79356 1.0954 0.37388
11 1.72615 0 0 0.0136581 -0.00107704 -1.0791
12 1.21114 0 0 0.0103176 0.00757344 -0.342222
13 3.59919 -1.06012 0.0708885 1.83049 0.882806 0.255174
14 1.66069 0 0 -0.0321612 0.0303803 -1.09341
15 1.167 0 0 0.00841039 -0.00839372 -0.360445
16 2.18852 0.501041 0.0576591 1.57301 0.143569 0.154912
17 1.29609 0 0 0.0679833 0.0381359 -0.966774
18 1.62202 0.000714302 -0.000472069 0.016483 -0.0127499 -1.21669
19 1.22241 0 0 -0.000640014 0.00592171 -0.166892
20 1.76707 1.27612 0.0366402 1.56218 0.348567 0.110026
21 1.55588 0 0 -0.0295886 0.0335824 -0.626507
22 1.24273 0 0 -0.000490025 0.000615756 -1.48733
23 0.784523 0 0 0.0065734 -0.00330545 -0.0411765
24 -6.70653 5.90523 -5.42554 -0.000932693 0 -1.8749
25 6.02794 0 0 1.17218 0.387386 0.282135
26 11.7344 0 0 0.00140277 0 0.505255
27 8.81167 0 0 0.477921 0 0
28 5.77884 0 0 0.320207 0 0
29 2.23249 0 0 0.157714 0 0
30 11.4725 0 0 0.447522 -0.174025 0.323715
31 0.615813 0.994373 -0.809166 -2.88315 0.473458 0.364577
32 2.24752 0 0 -0.0334309 0.235107 0.414666
33 1.11936 0 0 0.0758654 0.136146 1.16973
34 3.71348 0.10264 0.10219 -1.54675 0.834836 -0.400578
35 1.72615 0 0 -0.00689873 -0.00732661 1.09674
36 1.21112 0 0 0.0103137 0.0102 1.33017
37 3.5992 1.06012 0.0708876 -1.49306 0.382841 -0.0688127
38 1.66069 0 0 -0.0183614 0.0756731 -0.015374
39 1.16699 0 0 0.0189983 0.0425299 0.0577417
40 2.18853 -0.50104 0.0576582 -1.5728 0.133573 -0.17288
41 1.29609 0 0 0.120501 0.0520645 0.782583
42 1.62202 -0.000711441 -0.000470161 0.0811908 -0.0245018 1.19712
43 1.22241 0 0 -0.0119317 -0.00594712 1.29801
44 1.76707 -1.27612 0.0366402 -1.48212 0.284875 -0.100851
45 1.55587 0 0 0.223724 0.08684 0.700865
46 1.24273 0 0 0.000478915 0.00036055 0.964696
47 0.784533 0 0 -0.00618631 0.000249574 0.884667
48 0 0 0 0 0 0
49 -5.17044 -24.8285 -7.24824 -0.291811 -0.186104 0.465416
50 0 -0.611116 2.11238 0 0 0
51 -0.0145798 -0.736103 2.39399 0 0 0
52 -4.72073 -25.9822 -6.63262 -0.291811 -0.186104 0.465416
53 0 -0.675066 1.41593 0 0 0
54 0 0.979376 2.33571 0.174533 0 0
55 0 -1.9197 2.85382 0 0 0
56 0 2.062 1.89702 -0.785398 0 0
57 0 -1.66928 2.60403 -0.0368113 0 0
58 6.98255 2.1009 -16.1176 0 0 0
time 85
0 4.91647 -4.88085 -10.0593 0.000934124 0 -1.53243
1 6.02795 0 0 -0.758604 0.228822 -0.0601448
2 11.7344 0 0 -0.00140287 0 -1.62364
3 8.81139 -0.000450134 -0.000112057 0.67817 0 0.000157158
4 5.77839 0.000286102 0 0.454374 0 0.000108926
5 2.23163 -0.000329971 -0.00036335 0.223796 0 0
6 11.4725 0 0 0.667521 0.197296 -0.47802
7 0.615218 -0.99309 -0.810699 2.28213 0.208147 -0.762871
8 2.24752 0 0 0.0540469 -0.0238852 0.0365148
9 1.11936 0 0 0.0745211 0.054573 -0.252718
10 3.71348 -0.102642 0.102192 1.82387 1.20852 0.399053
11 1.72615 0 0 0.0146992 -0.00155518 -1.15092
12 1.21114 0 0 0.0125681 0.00926424 -0.367365
13 3.59919 -1.06012 0.0708866 1.84091 0.985174 0.276326
14 1.66069 0 0 -0.0364049 0.0297255 -1.18709
15 1.167 0 0 0.00841053 -0.00839372 -0.40657
16 2.18852 0.501038 0.0576611 1.57349 0.166425 0.155965
17 1.29609 0 0 0.0749072 0.0322787 -1.04433
18 1.62202 0.000714302 -0.000470161 0.0173249 -0.0138349 -1.30282
19 1.22241 0 0 0 0.00592867 -0.167285
20 1.76707 1.27612 0.0366421 1.57127 0.377795 0.107673
21 1.55588 0 0 -0.0289331 0.023239 -0.709099
22 1.24274 0 0 -0.000482284 0.000432212 -1.57448
23 0.784523 0 0 0.00642277 -0.00324999 -0.0360152
24 -6.70653 5.90523 -5.42554 -0.000932693 0 -1.8749
25 6.02794 0 0 1.17052 0.409719 0.269503
26 11.7344 0 0 0.00140272 0 0.553418
27 8.81166 0 0 0.435699 0 0
28 5.77884 0 0 0.291918 0 0
29 2.23249 0 0 0.143781 0 0
30 11.4725 0 0 0.409212 -0.154876 0.302933
31 0.615813 0.994373 -0.809165 -2.88315 0.473458 0.364577
32 2.24752 0 0 -0.033431 0.235108 0.414666
33 1.11936 0 0 0.0758653 0.136146 1.16973
34 3.71349 0.10264 0.102191 -1.54675 0.834836 -0.400578
35 1.72615 0 0 -0.0068987 -0.0073266 1.09674
36 1.21112 0 0 0.0103137 0.0102 1.33017
37 3.5992 1.06012 0.0708885 -1.49306 0.382841 -0.0688127
38 1.66069 0 0 -0.0183614 0.0756731 -0.0153741
39 1.16699 0 0 0.0189983 0.0425299 0.0577417
40 2.18853 -0.50104 0.0576601 -1.5728 0.133573 -0.17288
41 1.29609 0 0 0.120501 0.0520644 0.782584
42 1.62202 -0.000713348 -0.000470161 0.0811908 -0.0245018 1.19712
43 1.22241 0 0 -0.0119317 -0.00594711 1.29801
44 1.76707 -1.27612 0.0366402 -1.48212 0.284875 -0.100851
45 1.55588 0 0 0.223724 0.08684 0.700865
46 1.24273 0 0 0.000478933 0.000360575 0.964696
47 0.784533 0 0 -0.00618631 0.000249604 0.884667
48 0 0 0 0 0 0
49 -5.19042 -24.6894 -7.29297 -0.275365 -0.14916 0.460471
50 0 -0.611115 2.11238 0 0 0
51 -0.0145798 -0.736107 2.39399 0 0 0
52 -4.71877 -25.843 -6.69363 -0.275365 -0.14916 0.460471
53 0 -0.675066 1.41593 0 0 0
54 0 0.979378 2.33571 0.174533 0 0
55 0 -1.9197 2.85382 0 0 0
56 0 2.062 1.89703 -0.785398 0 0
57 0 -1.66928 2.60403 -0.0368113 0 0
58 6.98255 2.1009 -16.1176 0 0 0
time 86
0 4.97649 -4.63482 -9.91863 0.000934124 0 -1.53243
1 6.02795 0 0 -0.696955 0.214287 -0.0295944
2 11.7344 0 0 -0.00140282 0 -1.62301
3 8.81138 -0.000448227 -0.000112057 0.640037 0 0.000156479
4 5.77839 0.000286102 0 0.428825 0 0.000108236
5 2.23163 -0.000328064 -0.000364304 0.211212 0 0
6 11.4725 0 0 0.66716 0.0990917 -0.491829
7 0.615219 -0.993089 -0.810701 2.2739 0.215382 -0.767087
8 2.24752 0 0 0.053654 -0.0249715 0.0361806
9 1.11936 0 0 0.0749173 0.0546635 -0.249677
10 3.71348 -0.102639 0.10219 1.85297 1.29172 0.42408
11 1.72615 0 0 0.0150765 -0.0020067 -1.17723
12 1.21114 0 0 0.0133959 0.0105611 -0.388527
13 3.59919 -1.06012 0.0708866 1.8513 1.06631 0.295915
14 1.66069 0 0 -0.0379729 0.0294883 -1.22153
15 1.167 0 0 0.00841039 -0.00839386 -0.444584
16 2.18853 0.50104 0.0576591 1.57366 0.174808 0.156362
17 1.29609 0 0 0.077424 0.0301507 -1.112
18 1.62202 0.000713348 -0.000471115 0.0176282 -0.0147762 -1.33437
19 1.22241 0 0 0.000237491 0.00593031 -0.167574
20 1.76707 1.27612 0.0366402 1.57458 0.388511 0.106808
21 1.55588 0 0 -0.0287234 0.015418 -0.78372
22 1.24273 0 0 -0.000479246 0.00036062 -1.60634
23 0.784523 0 0 0.00636383 -0.00322827 -0.0342132
24 -6.70653 5.90523 -5.42554 -0.000932693 0 -1.8749
25 6.02794 0 0 1.16736 0.44002 0.252746
26 11.7344 0 0 0.0014026 0 0.614177
27 8.81167 0 0 0.386804 0 0
28 5.77884 0 0 0.259159 0 0
29 2.23249 0 0 0.127645 0 0
30 11.4725 0 0 0.36381 -0.136783 0.276441
31 0.615813 0.994374 -0.809166 -2.88315 0.473458 0.364577
32 2.24752 0 0 -0.0334312 0.235107 0.414666
33 1.11936 0 0 0.0758654 0.136146 1.16973
34 3.71348 0.102642 0.10219 -1.54675 0.834836 -0.400578
35 1.72615 0 0 -0.0068987 -0.0073266 1.09674
36 1.21112 0 0 0.0103137 0.0102 1.33017
37 3.5992 1.06012 0.0708876 -1.49306 0.382841 -0.0688127
38 1.66069 0 0 -0.0183615 0.0756731 -0.0153742
39 1.16699 0 0 0.0189983 0.0425299 0.0577417
40 2.18853 -0.50104 0.0576591 -1.5728 0.133573 -0.17288
41 1.29609 0 0 0.120501 0.0520644 0.782584
42 1.62202 -0.000711441 -0.000469208 0.0811908 -0.0245018 1.19712
43 1.22241 0 0 -0.0119317 -0.00594712 1.29801
44 1.76707 -1.27612 0.0366402 -1.48212 0.284875 -0.100851
45 1.55587 0 0 0.223724 0.08684 0.700864
46 1.24273 0 0 0.000478907 0.00036059 0.964696
47 0.784531 0 0 -0.00618635 0.000249573 0.884667
48 0 0 0 0 0 0
49 -5.24909 -24.4981 -7.39019 -0.2568 -0.106807 0.451038
50 0 -0.611113 2.11238 0 0 0
51 -0.0145798 -0.736101 2.39399 0 0 0
52 -4.75839 -25.6538 -6.81062 -0.2568 -0.106807 0.451039
53 0 -0.675062 1.41593 0 0 0
54 0 0.979378 2.33571 0.174533 0 0
55 0 -1.91969 2.85382 0 0 0
56 0 2.062 1.89703 -0.785398 0 0
57 0 -1.66928 2.60403 -0.0368112 0 0
58 6.98255 2.1009 -16.1176 0 0 0
time 87
0 5.03164 -4.38215 -9.78933 0.000934124 0 -1.53243
1 6.02795 0 0 -0.627495 0.200154 0.00664168
2 11.7344 0 0 -0.00140283 0 -1.63615
3 8.81139 -0.000448227 -0.000112534 0.61456 0 0.000156627
4 5.77839 0.000286102 0 0.411755 0 0.000108229
5 2.23164 -0.000328064 -0.000363827 0.202805 0 0
6 11.4725 0 0 0.691647 -0.0282637 -0.517888
7 0.615219 -0.993091 -0.810701 2.2739 0.215382 -0.767087
8 2.24752 0 0 0.053654 -0.0249715 0.0361804
9 1.11936 0 0 0.0749174 0.0546635 -0.249677
10 3.71348 -0.102641 0.102191 1.88957 1.34232 0.459313
11 1.72615 0 0 0.015028 -0.00256839 -1.15614
12 1.21114 0 0 0.0132897 0.0113808 -0.413476
13 3.59919 -1.06012 0.0708876 1.86638 1.11923 0.316728
14 1.66069 0 0 -0.0375007 0.0301255 -1.20517
15 1.167 0 0 0.00841045 -0.00839382 -0.478102
16 2.18853 0.50104 0.0576601 1.57366 0.174808 0.156362
17 1.29609 0 0 0.076797 0.0315217 -1.16484
18 1.62202 0.000714302 -0.000472069 0.0173574 -0.0156007 -1.3155
19 1.22241 0 0 0.000237418 0.00593039 -0.185753
20 1.76707 1.27612 0.0366411 1.57458 0.388511 0.106808
21 1.55588 0 0 -0.0292106 0.0105421 -0.866041
22 1.24274 0 0 -0.000479115 0.000360472 -1.55523
23 0.784524 0 0 0.00636368 -0.00322818 -0.0342132
24 -6.70653 5.90523 -5.42554 -0.000932693 0 -1.8749
25 6.02794 0 0 1.16329 0.482014 0.228161
26 11.7344 0 0 0.00140267 0 0.694712
27 8.81167 0 0 0.319048 0 0
28 5.77884 0 0 0.213762 0 0
29 2.23249 0 0 0.105286 0 0
30 11.4725 0 0 0.30087 -0.112835 0.242048
31 0.615813 0.994372 -0.809166 -2.88315 0.473458 0.364577
32 2.24752 0 0 -0.0334311 0.235108 0.414666
33 1.11936 0 0 0.0758654 0.136146 1.16973
34 3.71349 0.10264 0.10219 -1.54675 0.834836 -0.400578
35 1.72615 0 0 -0.00689871 -0.0073266 1.09674
36 1.21112 0 0 0.0103137 0.0102 1.33017
37 3.5992 1.06012 0.0708876 -1.49306 0.382841 -0.0688127
38 1.66069 0 0 -0.0183614 0.0756731 -0.015374
39 1.16699 0 0 0.0189983 0.0425299 0.0577418
40 2.18853 -0.501041 0.0576582 -1.5728 0.133573 -0.17288
41 1.29609 0 0 0.120501 0.0520645 0.782583
42 1.62202 -0.000713348 -0.000469208 0.0811908 -0.0245018 1.19712
43 1.22241 0 0 -0.0119317 -0.00594711 1.29801
44 1.76707 -1.27612 0.0366411 -1.48212 0.284875 -0.100851
45 1.55587 0 0 0.223724 0.0868401 0.700865
46 1.24273 0 0 0.000478939 0.000360567 0.964696
47 0.784533 0 0 -0.00618632 0.000249589 0.884667
48 0 0 0 0 0 0
49 -5.38687 -24.2148 -7.55535 -0.232515 -0.0489717 0.436721
50 0 -0.611115 2.11238 0 0 0
51 -0.0145788 -0.736103 2.39399 0 0 0
52 -4.87513 -25.3751 -7.00374 -0.232516 -0.0489715 0.436721
53 0 -0.675066 1.41593 0 0 0
54 0 0.979376 2.33571 0.174533 0 0
55 0 -1.91969 2.85382 0 0 0
56 0 2.062 1.89702 -0.785398 0 0
57 0 -1.66928 2.60403 -0.0368113 0 0
58 6.98255 2.1009 -16.1176 0 0 0
time 88
0 5.07705 -4.13459 -9.68286 0.000934124 0 -1.53243
1 6.02795 0 0 -0.549602 0.18288 0.0407187
2 11.7344 0 0 -0.00140284 0 -1.6561
3 8.81139 -0.000448227 -0.00011158 0.604528 0 0.000157324
4 5.77839 0.000286102 0 0.405033 0 0.000108584
5 2.23164 -0.000329971 -0.000363827 0.199494 0 0
6 11.4725 0 0 0.734746 -0.177368 -0.546705
7 0.615219 -0.99309 -0.810701 2.2739 0.215382 -0.767087
8 2.24752 0 0 0.053654 -0.0249715 0.0361804
9 1.11936 0 0 0.0749173 0.0546635 -0.249677
10 3.71348 -0.102642 0.102192 1.93335 1.3683 0.504549
11 1.72615 0 0 0.0149146 -0.0032762 -1.10751
12 1.21114 0 0 0.0130563 0.0118018 -0.444253
13 3.59919 -1.06012 0.0708876 1.88617 1.1464 0.338328
14 1.66069 0 0 -0.0363944 0.0316035 -1.16704
15 1.167 0 0 0.00841056 -0.00839373 -0.509071
16 2.18852 0.50104 0.0576601 1.57366 0.174808 0.156362
17 1.29609 0 0 0.0754175 0.0345385 -1.20088
18 1.62202 0.000714302 -0.000471115 0.0167271 -0.0163454 -1.27178
19 1.22241 0 0 0.000237639 0.00593038 -0.225745
20 1.76707 1.27612 0.0366411 1.57458 0.388511 0.106808
21 1.55588 0 0 -0.0302828 0.00803817 -0.956802
22 1.24273 0 0 -0.000479256 0.000360521 -1.44277
23 0.784525 0 0 0.00636386 -0.00322812 -0.0342133
24 -6.70653 5.90523 -5.42554 -0.000932693 0 -1.8749
25 6.02794 0 0 1.1593 0.532306 0.196555
26 11.7344 0 0 0.00140252 0 0.788924
27 8.81167 0 0 0.231628 0 0
28 5.77884 0 0 0.155191 0 0
29 2.23249 0 0 0.0764373 0 0
30 11.4725 0 0 0.219904 -0.0802495 0.203348
31 0.615813 0.994373 -0.809166 -2.88315 0.473458 0.364577
32 2.24752 0 0 -0.0334308 0.235108 0.414666
33 1.11936 0 0 0.0758653 0.136146 1.16973
34 3.71349 0.10264 0.10219 -1.54675 0.834836 -0.400578
35 1.72615 0 0 -0.00689871 -0.0073266 1.09674
36 1.21112 0 0 0.0103137 0.0102 1.33017
37 3.5992 1.06012 0.0708876 -1.49306 0.382841 -0.0688127
38 1.66069 0 0 -0.0183614 0.0756731 -0.015374
39 1.16699 0 0 0.0189984 0.0425299 0.0577418
40 2.18853 -0.501041 0.0576582 -1.5728 0.133573 -0.17288
41 1.29609 0 0 0.120501 0.0520645 0.782583
42 1.62202 -0.000713348 -0.000470161 0.0811908 -0.0245018 1.19712
43 1.2224 0 0 -0.0119317 -0.00594711 1.29801
44 1.76707 -1.27612 0.0366402 -1.48212 0.284875 -0.100851
45 1.55587 0 0 0.223724 0.08684 0.700865
46 1.24273 0 0 0.000478924 0.000360566 0.964696
47 0.784531 0 0 -0.00618631 0.000249587 0.884667
48 0 0 0 0 0 0
49 -5.61 -23.8365 -7.76826 -0.204025 0.025827 0.420494
50 0 -0.611116 2.11238 0 0 0
51 -0.0145807 -0.736105 2.39399 0 0 0
52 -5.0741 -25.0023 -7.2525 -0.204025 0.0258272 0.420494
53 0 -0.675066 1.41593 0 0 0
54 0 0.979378 2.33571 0.174533 0 0
55 0 -1.91969 2.85382 0 0 0
56 0 2.062 1.89703 -0.785398 0 0
57 0 -1.66928 2.60403 -0.0368113 0 0
58 6.98255 2.1009 -16.1176 0 0 0
time 89
0 5.10787 -3.90388 -9.61061 0.000934124 0 -1.53243
1 6.02794 0 0 -0.467617 0.159032 0.0703944
2 11.7344 0 0 -0.0014029 0 -1.67779
3 8.81139 -0.000450134 -0.000112534 0.614761 0 0.000158053
4 5.77839 0.000286102 0 0.41189 0 0.000109143
5 2.23164 -0.000328064 -0.000364304 0.202871 0 0
6 11.4725 0 0 0.792227 -0.3327 -0.581825
7 0.615219 -0.993091 -0.810701 2.2739 0.215382 -0.767087
8 2.24752 0 0 0.053654 -0.0249715 0.0361804
9 1.11936 0 0 0.0749173 0.0546635 -0.249677
10 3.71348 -0.102639 0.10219 1.97007 1.37787 0.543578
11 1.72615 0 0 0.0147836 -0.00395919 -1.0533
12 1.21114 0 0 0.0128229 0.0119568 -0.470392
13 3.59919 -1.06012 0.0708876 1.90338 1.15641 0.355277
14 1.66069 0 0 -0.0351194 0.0332729 -1.12364
15 1.167 0 0 0.00841062 -0.00839375 -0.531814
16 2.18852 0.50104 0.0576582 1.57366 0.174808 0.156362
17 1.29609 0 0 0.074038 0.0375552 -1.22151
18 1.62202 0.000713348 -0.000471115 0.01601 -0.0169711 -1.22254
19 1.22241 0 0 0.000237461 0.00593048 -0.265739
20 1.76707 1.27612 0.0366402 1.57458 0.388511 0.106808
21 1.55588 0 0 -0.0313548 0.00711574 -1.03019
22 1.24274 0 0 -0.000479222 0.000360425 -1.33031
23 0.784525 0 0 0.00636374 -0.00322806 -0.0342134
24 -6.70653 5.90523 -5.42554 -0.000932693 0 -1.8749
25 6.02794 0 0 1.15486 0.58368 0.163141
26 11.7344 0 0 0.00140267 0 0.882089
27 8.81167 0 0 0.139584 0 0
28 5.77884 0 0 0.0935216 0 0
29 2.23249 0 0 0.0460629 0 0
30 11.4725 0 0 0.133622 -0.0469602 0.166498
31 0.615813 0.994373 -0.809165 -2.88315 0.473459 0.364577
32 2.24752 0 0 -0.0334309 0.235107 0.414666
33 1.11936 0 0 0.0758655 0.136146 1.16973
34 3.71348 0.10264 0.102191 -1.54675 0.834836 -0.400578
35 1.72615 0 0 -0.00689869 -0.00732659 1.09674
36 1.21112 0 0 0.0103137 0.0102 1.33017
37 3.5992 1.06012 0.0708885 -1.49306 0.382841 -0.0688127
38 1.66069 0 0 -0.0183614 0.0756731 -0.0153739
39 1.16699 0 0 0.0189983 0.0425299 0.0577417
40 2.18853 -0.501038 0.0576591 -1.5728 0.133573 -0.17288
41 1.29609 0 0 0.120501 0.0520644 0.782583
42 1.62202 -0.000711441 -0.000469208 0.0811908 -0.0245018 1.19712
43 1.22241 0 0 -0.0119317 -0.00594713 1.29801
44 1.76707 -1.27612 0.0366411 -1.48212 0.284875 -0.100851
45 1.55588 0 0 0.223724 0.0868401 0.700865
46 1.24273 0 0 0.000478923 0.000360565 0.964696
47 0.784532 0 0 -0.00618631 0.000249577 0.884667
48 0 0 0 0 0 0
49 -5.8731 -23.4125 -8.00343 -0.177086 0.105675 0.403981
50 0 -0.611115 2.11238 0 0 0
51 -0.0145798 -0.736105 2.39399 0 0 0
52 -5.31682 -24.5846 -7.52493 -0.177087 0.105675 0.403982
53 0 -0.675066 1.41593 0 0 0
54 0 0.979376 2.33571 0.174533 0 0
55 0 -1.91969 2.85382 0 0 0
56 0 2.062 1.89703 -0.785398 0 0
57 0 -1.66928 2.60403 -0.0368113 0 0
58 6.98255 2.1009 -16.1176 0 0 0
time 90
0 5.11923 -3.70178 -9.58399 0.000934124 0 -1.53243
1 6.02795 0 0 -0.386908 0.126267 0.0949293
2 11.7344 0 0 -0.00140286 0 -1.69779
3 8.81139 -0.000450134 -0.00011301 0.643672 0 0.000158221
4 5.77839 0.000286102 0 0.43126 0 0.000109471
5 2.23164 -0.000331879 -0.000364304 0.212412 0 0
6 11.4725 0 0 0.855398 -0.480025 -0.622503
7 0.61522 -0.993091 -0.8107 2.2739 0.215382 -0.767087
8 2.24752 0 0 0.053654 -0.0249715 0.0361803
9 1.11936 0 0 0.0749174 0.0546635 -0.249677
10 3.71348 -0.102641 0.102191 1.98547 1.37924 0.56019
11 1.72615 0 0 0.014683 -0.00444701 -1.01547
12 1.21114 0 0 0.0127168 0.0119789 -0.481431
13 3.59919 -1.06012 0.0708866 1.91074 1.15784 0.362135
14 1.66069 0 0 -0.034141 0.0344841 -1.09141
15 1.167 0 0 0.00841044 -0.00839388 -0.540657
16 2.18853 0.50104 0.0576572 1.57366 0.174808 0.156362
17 1.29609 0 0 0.073411 0.0389265 -1.22808
18 1.62202 0.000713348 -0.000470161 0.0154782 -0.0174389 -1.18709
19 1.22241 0 0 0.000237653 0.00593025 -0.283917
20 1.76707 1.27612 0.0366402 1.57458 0.388511 0.106808
21 1.55588 0 0 -0.0318423 0.00698392 -1.06038
22 1.24273 0 0 -0.000479319 0.00036061 -1.27919
23 0.784522 0 0 0.00636386 -0.00322836 -0.034213
24 -6.70653 5.90523 -5.42554 -0.000932693 0 -1.8749
25 6.02794 0 0 1.14899 0.631193 0.132061
26 11.7344 0 0 0.00140269 0 0.965017
27 8.81167 0 0 0.0572895 0 0
28 5.77884 0 0 0.038384 0 0
29 2.23249 0 0 0.0189056 0 0
30 11.4725 0 0 0.0550085 -0.0206883 0.13445
31 0.615814 0.994371 -0.809165 -2.88315 0.473458 0.364577
32 2.24752 0 0 -0.033431 0.235107 0.414666
33 1.11935 0 0 0.0758652 0.136146 1.16973
34 3.71349 0.102638 0.102191 -1.54675 0.834836 -0.400578
35 1.72615 0 0 -0.0068987 -0.00732659 1.09674
36 1.21112 0 0 0.0103137 0.0102 1.33017
37 3.5992 1.06012 0.070888 -1.49306 0.382841 -0.0688127
38 1.66069 0 0 -0.0183614 0.0756731 -0.015374
39 1.16699 0 0 0.0189984 0.0425299 0.0577419
40 2.18853 -0.501041 0.0576591 -1.5728 0.133573 -0.17288
41 1.29609 0 0 0.120501 0.0520644 0.782584
42 1.62202 -0.000713348 -0.000470161 0.0811908 -0.0245018 1.19712
43 1.22241 0 0 -0.0119317 -0.00594711 1.29801
44 1.76707 -1.27612 0.0366411 -1.48212 0.284875 -0.100851
45 1.55588 0 0 0.223724 0.0868401 0.700864
46 1.24273 0 0 0.000478914 0.000360563 0.964696
47 0.784534 0 0 -0.00618631 0.000249595 0.884667
48 0 0 0 0 0 0
49 -6.12377 -22.9935 -8.23616 -0.155317 0.17795 0.387628
50 0 -0.611115 2.11238 0 0 0
51 -0.0145798 -0.736101 2.39399 0 0 0
52 -5.55567 -24.1728 -7.79046 -0.155317 0.177951 0.387629
53 0 -0.675066 1.41593 0 0 0
54 0 0.979378 2.33571 0.174533 0 0
55 0 -1.91969 2.85382 0 0 0
56 0 2.062 1.89703 -0.785398 0 0
57 0 -1.66928 2.60403 -0.0368113 0 0
58 6.98255 2.1009 -16.1176 0 0 0
time 91
0 5.11923 -3.51938 -9.58399 0.000934124 0 -1.53243
1 6.02795 0 0 -0.313288 0.0861162 0.114837
2 11.7344 0 0 -0.00140286 0 -1.7124
3 8.81138 -0.000452042 -0.000112057 0.678328 0 0.000157786
4 5.77839 0.000286102 0 0.45448 0 0.000109364
5 2.23164 -0.000329971 -0.000364304 0.223848 0 0
6 11.4725 0 0 0.9103 -0.605955 -0.66403
7 0.615219 -0.993091 -0.8107 2.2739 0.215382 -0.767087
8 2.24752 0 0 0.053654 -0.0249715 0.0361805
9 1.11936 0 0 0.0749173 0.0546635 -0.249677
10 3.71348 -0.102641 0.10219 1.98547 1.37924 0.56019
11 1.72615 0 0 0.0146112 -0.00474909 -0.995122
12 1.21114 0 0 0.0127687 0.0119125 -0.476591
13 3.59919 -1.06012 0.0708866 1.91074 1.15784 0.362135
14 1.66069 0 0 -0.0334432 0.035225 -1.07032
15 1.167 0 0 0.00841042 -0.00839368 -0.534255
16 2.18853 0.50104 0.0576582 1.57366 0.174808 0.156362
17 1.29609 0 0 0.0734109 0.0389265 -1.22808
18 1.62202 0.000713348 -0.000473022 0.0151321 -0.0177859 -1.16592
19 1.22241 0 0 0.00023756 0.00593036 -0.278104
20 1.76707 1.27612 0.0366411 1.57458 0.388511 0.106808
21 1.55588 0 0 -0.0318424 0.00698384 -1.06038
22 1.24273 0 0 -0.000479296 0.000360479 -1.27919
23 0.784523 0 0 0.00636389 -0.00322818 -0.0342131
24 -6.70653 5.90523 -5.42554 -0.000932693 0 -1.8749
25 6.02794 0 0 1.14015 0.670823 0.106954
26 11.7344 0 0 0.0014027 0 1.03122
27 8.81167 0 0 -0.00165728 0 0
28 5.77884 0 0 -0.0011104 0 0
29 2.23249 0 0 -0.000546902 0 0
30 11.4725 0 0 -0.00266347 -0.00916811 0.108289
31 0.615812 0.994371 -0.809165 -2.88315 0.473459 0.364577
32 2.24752 0 0 -0.0334309 0.235108 0.414666
33 1.11936 0 0 0.0758652 0.136146 1.16973
34 3.71348 0.10264 0.10219 -1.54675 0.834836 -0.400578
35 1.72615 0 0 -0.00689868 -0.00732656 1.09674
36 1.21112 0 0 0.0103137 0.0102 1.33017
37 3.5992 1.06012 0.070888 -1.49306 0.382841 -0.0688127
38 1.66069 0 0 -0.0183614 0.0756731 -0.0153741
39 1.16699 0 0 0.0189983 0.0425299 0.0577419
40 2.18853 -0.50104 0.0576587 -1.5728 0.133573 -0.17288
41 1.29609 0 0 0.120501 0.0520644 0.782584
42 1.62202 -0.000715256 -0.000469208 0.0811908 -0.0245018 1.19712
43 1.22241 0 0 -0.0119318 -0.00594714 1.29801
44 1.76707 -1.27612 0.0366406 -1.48212 0.284875 -0.100851
45 1.55587 0 0 0.223724 0.0868401 0.700865
46 1.24273 0 0 0.000478925 0.000360592 0.964696
47 0.784533 0 0 -0.00618629 0.00024959 0.884667
48 0 0 0 0 0 0
49 -6.30338 -22.63 -8.44392 -0.140616 0.229593 0.371365
50 0 -0.611115 2.11238 0 0 0
51 -0.0145798 -0.736105 2.39399 0 0 0
52 -5.73491 -23.8178 -8.0217 -0.140616 0.229594 0.371365
53 0 -0.675066 1.41593 0 0 0
54 0 0.979376 2.33571 0.174533 0 0
55 0 -1.9197 2.85382 0 0 0
56 0 2.062 1.89703 -0.785398 0 0
57 0 -1.66928 2.60403 -0.0368113 0 0
58 6.98255 2.1009 -16.1176 0 0 0
time 92
0 5.11923 -3.33959 -9.58399 0.000934124 0 -1.53243
1 6.02795 0 0 -0.251927 0.0418632 0.133268
2 11.7344 0 0 -0.00140285 0 -1.71941
3 8.81139 -0.000453949 -0.000112534 0.68719 0 0.000157279
4 5.77839 0.000286102 0 0.460417 0 0.000109114
5 2.23163 -0.000329971 -0.000363827 0.226773 0 0
6 11.4725 0 0 0.934791 -0.699334 -0.694812
7 0.615219 -0.99309 -0.8107 2.2739 0.215382 -0.767087
8 2.24752 0 0 0.0536539 -0.0249715 0.0361804
9 1.11936 0 0 0.0749173 0.0546635 -0.249677
10 3.71348 -0.102639 0.10219 1.98547 1.37924 0.560189
11 1.72615 0 0 0.0145388 -0.00498845 -0.978768
12 1.21114 0 0 0.012898 0.0117469 -0.464577
13 3.59919 -1.06012 0.0708885 1.91074 1.15784 0.362135
14 1.66069 0 0 -0.0327426 0.0358934 -1.05032
15 1.167 0 0 0.00841043 -0.00839371 -0.518364
16 2.18852 0.50104 0.0576582 1.57366 0.174808 0.156362
17 1.29609 0 0 0.073411 0.0389263 -1.22808
18 1.62202 0.000714302 -0.000472069 0.0148048 -0.0180728 -1.14718
19 1.22241 0 0 0.000237599 0.00593046 -0.263674
20 1.76707 1.27612 0.0366402 1.57458 0.388511 0.106808
21 1.55588 0 0 -0.0318422 0.00698398 -1.06038
22 1.24273 0 0 -0.0004792 0.00036055 -1.27919
23 0.784523 0 0 0.00636374 -0.00322806 -0.0342132
24 -6.70653 5.90523 -5.42554 -0.000932693 0 -1.8749
25 6.02794 0 0 1.1264 0.699051 0.0912146
26 11.7344 0 0 0.00140266 0 1.07594
27 8.81167 0 0 -0.0239708 0 0
28 5.77884 0 0 -0.0160604 0 0
29 2.23249 0 0 -0.00791027 0 0
30 11.4725 0 0 -0.0258511 -0.0203759 0.0878241
31 0.615813 0.994373 -0.809165 -2.88315 0.473458 0.364577
32 2.24752 0 0 -0.033431 0.235107 0.414666
33 1.11936 0 0 0.0758654 0.136146 1.16973
34 3.71348 0.10264 0.102191 -1.54675 0.834836 -0.400578
35 1.72615 0 0 -0.00689867 -0.00732654 1.09674
36 1.21112 0 0 0.0103137 0.0102 1.33017
37 3.5992 1.06012 0.0708895 -1.49306 0.382841 -0.0688127
38 1.66069 0 0 -0.0183614 0.0756731 -0.0153741
39 1.16699 0 0 0.0189983 0.0425299 0.0577419
40 2.18853 -0.50104 0.0576591 -1.5728 0.133573 -0.17288
41 1.29609 0 0 0.120501 0.0520644 0.782583
42 1.62202 -0.000713348 -0.000469208 0.0811908 -0.0245017 1.19712
43 1.22241 0 0 -0.0119318 -0.00594711 1.29801
44 1.76707 -1.27612 0.0366411 -1.48212 0.284875 -0.100851
45 1.55588 0 0 0.223724 0.08684 0.700865
46 1.24273 0 0 0.000478925 0.000360552 0.964696
47 0.784534 0 0 -0.0061863 0.000249587 0.884667
48 0 0 0 0 0 0
49 -6.35064 -22.3722 -8.60602 -0.134192 0.247417 0.355146
50 0 -0.611115 2.11238 0 0 0
51 -0.0145807 -0.736103 2.39399 0 0 0
52 -5.79545 -23.5698 -8.19381 -0.134192 0.247417 0.355146
53 0 -0.675064 1.41593 0 0 0
54 0 0.979378 2.33571 0.174533 0 0
55 0 -1.91969 2.85382 0 0 0
56 0 2.062 1.89703 -0.785398 0 0
57 0 -1.66928 2.60403 -0.0368112 0 0
58 6.98255 2.1009 -16.1176 0 0 0
time 93
0 5.11923 -3.1619 -9.58399 0.000934124 0 -1.53243
1 6.02795 0 0 -0.205005 -0.00394628 0.154045
2 11.7344 0 0 -0.00140285 0 -1.72049
3 8.81138 -0.000448227 -0.000112534 0.634327 0 0.000158022
4 5.77839 0.000289917 0 0.424999 0 0.000109265
5 2.23163 -0.000326157 -0.000364304 0.209328 0 0
6 11.4725 0 0 0.908518 -0.755849 -0.702464
7 0.615218 -0.99309 -0.810699 2.2739 0.215382 -0.767087
8 2.24752 0 0 0.053654 -0.0249715 0.0361805
9 1.11936 0 0 0.0749173 0.0546635 -0.249677
10 3.71348 -0.10264 0.102192 1.98547 1.37924 0.56019
11 1.72615 0 0 0.014473 -0.00516634 -0.96644
12 1.21113 0 0 0.0130641 0.0115345 -0.449148
13 3.59919 -1.06012 0.0708895 1.91074 1.15784 0.362135
14 1.66069 0 0 -0.0321051 0.0364544 -1.03284
15 1.167 0 0 0.00841055 -0.00839371 -0.497953
16 2.18852 0.50104 0.0576591 1.57366 0.174808 0.156362
17 1.29609 0 0 0.0734109 0.0389264 -1.22808
18 1.62202 0.000713348 -0.000472069 0.0145197 -0.0182951 -1.13172
19 1.22241 0 0 0.000237484 0.00593035 -0.245141
20 1.76707 1.27612 0.0366402 1.57458 0.388511 0.106808
21 1.55588 0 0 -0.0318424 0.00698395 -1.06038
22 1.24273 0 0 -0.0004792 0.00036055 -1.27919
23 0.784523 0 0 0.00636386 -0.0032283 -0.0342132
24 -6.70653 5.90523 -5.42554 -0.000932693 0 -1.8749
25 6.02794 0 0 1.10475 0.716788 0.0854867
26 11.7344 0 0 0.0014028 0 1.10156
27 8.81167 0 0 -0.00281307 0 0
28 5.77884 0 0 -0.0018847 0 0
29 2.23249 0 0 -0.000928312 0 0
30 11.4725 0 0 -0.00708776 -0.0615536 0.0693657
31 0.615815 0.994373 -0.809165 -2.88315 0.473458 0.364577
32 2.24752 0 0 -0.033431 0.235108 0.414666
33 1.11936 0 0 0.0758651 0.136146 1.16973
34 3.71349 0.102638 0.102191 -1.54675 0.834836 -0.400578
35 1.72615 0 0 -0.00689869 -0.00732657 1.09674
36 1.21112 0 0 0.0103137 0.0102 1.33017
37 3.5992 1.06012 0.0708885 -1.49306 0.382841 -0.0688127
38 1.66069 0 0 -0.0183614 0.0756731 -0.0153739
39 1.16699 0 0 0.0189984 0.0425299 0.0577418
40 2.18853 -0.50104 0.0576591 -1.5728 0.133573 -0.17288
41 1.29609 0 0 0.120501 0.0520644 0.782584
42 1.62202 -0.000713348 -0.000471115 0.0811908 -0.0245018 1.19712
43 1.22241 0 0 -0.0119317 -0.00594712 1.29801
44 1.76707 -1.27612 0.0366402 -1.48212 0.284875 -0.100851
45 1.55588 0 0 0.223724 0.0868401 0.700864
46 1.24273 0 0 0.000478923 0.000360588 0.964696
47 0.784531 0 0 -0.00618632 0.000249611 0.884667
48 0 0 0 0 0 0
49 -6.23036 -22.2198 -8.72886 -0.135887 0.223901 0.337064
50 0 -0.611115 2.11238 0 0 0
51 -0.0145798 -0.736105 2.39399 0 0 0
52 -5.70585 -23.4296 -8.31215 -0.135887 0.223901 0.337065
53 0 -0.675068 1.41593 0 0 0
54 0 0.979376 2.33571 0.174533 0 0
55 0 -1.91969 2.85382 0 0 0
56 0 2.062 1.89703 -0.785398 0 0
57 0 -1.66928 2.60403 -0.0368113 0 0
58 6.98255 2.1009 -16.1176 0 0 0
time 94
0 5.11923 -2.98578 -9.58399 0.000934124 0 -1.53243
1 6.02795 0 0 -0.170711 -0.0460272 0.175
2 11.7344 0 0 -0.00140287 0 -1.71781
3 8.81138 -0.000450134 -0.00011158 0.532665 0 0.000157868
4 5.77839 0.00028801 0 0.356886 0 0.000108545
5 2.23164 -0.000328064 -0.00036335 0.17578 0 0
6 11.4725 0 0 0.847599 -0.780551 -0.695292
7 0.615219 -0.99309 -0.8107 2.2739 0.215382 -0.767087
8 2.24752 0 0 0.053654 -0.0249715 0.0361805
9 1.11936 0 0 0.0749173 0.0546635 -0.249677
10 3.71348 -0.102641 0.102191 1.98547 1.37924 0.56019
11 1.72615 0 0 0.0144203 -0.00528407 -0.958174
12 1.21114 0 0 0.0132263 0.0113271 -0.434059
13 3.59919 -1.06012 0.0708876 1.91074 1.15784 0.362135
14 1.66069 0 0 -0.031596 0.0368731 -1.01934
15 1.167 0 0 0.00841045 -0.00839373 -0.477995
16 2.18852 0.50104 0.0576591 1.57366 0.174808 0.156362
17 1.29609 0 0 0.0734111 0.0389265 -1.22808
18 1.62202 0.000715256 -0.000468254 0.0142999 -0.0184489 -1.12036
19 1.22241 0 0 0.000237403 0.00593028 -0.227019
20 1.76707 1.27612 0.0366411 1.57458 0.388511 0.106808
21 1.55588 0 0 -0.0318421 0.00698401 -1.06038
22 1.24273 0 0 -0.000479225 0.000360384 -1.27919
23 0.784523 0 0 0.00636383 -0.00322818 -0.0342131
24 -6.70653 5.90523 -5.42554 -0.000932693 0 -1.8749
25 6.02794 0 0 1.07734 0.728214 0.0860016
26 11.7344 0 0 0.00140266 0 1.11588
27 8.81167 0 0 0.0471069 0 0
28 5.77884 0 0 0.0315616 0 0
29 2.23249 0 0 0.0155453 0 0
30 11.4725 0 0 0.0404864 -0.123863 0.0512277
31 0.615813 0.994373 -0.809165 -2.88315 0.473458 0.364577
32 2.24752 0 0 -0.033431 0.235107 0.414666
33 1.11936 0 0 0.0758653 0.136146 1.16973
34 3.71348 0.10264 0.10219 -1.54675 0.834836 -0.400578
35 1.72615 0 0 -0.00689871 -0.00732662 1.09674
36 1.21112 0 0 0.0103137 0.0102 1.33017
37 3.5992 1.06012 0.0708885 -1.49306 0.382841 -0.0688127
38 1.66069 0 0 -0.0183614 0.0756731 -0.0153739
39 1.16699 0 0 0.0189983 0.0425299 0.0577417
40 2.18853 -0.501038 0.0576591 -1.5728 0.133573 -0.17288
41 1.29609 0 0 0.120501 0.0520645 0.782583
42 1.62202 -0.000711441 -0.000469208 0.0811908 -0.0245018 1.19712
43 1.22241 0 0 -0.0119317 -0.00594709 1.29801
44 1.76707 -1.27612 0.0366406 -1.48212 0.284875 -0.100851
45 1.55587 0 0 0.223724 0.08684 0.700865
46 1.24273 0 0 0.000478911 0.000360586 0.964696
47 0.784531 0 0 -0.00618632 0.000249589 0.884667
48 0 0 0 0 0 0
49 -6.00617 -22.1255 -8.82927 -0.143865 0.172755 0.31693
50 0 -0.611113 2.11238 0 0 0
51 -0.0145788 -0.736105 2.39399 0 0 0
52 -5.52585 -23.3484 -8.39793 -0.143865 0.172755 0.316931
53 0 -0.675064 1.41593 0 0 0
54 0 0.979376 2.33571 0.174533 0 0
55 0 -1.91969 2.85382 0 0 0
56 0 2.062 1.89703 -0.785398 0 0
57 0 -1.66928 2.60403 -0.0368113 0 0
58 6.98255 2.1009 -16.1176 0 0 0
time 95
0 5.11923 -2.81071 -9.58399 0.000934124 0 -1.53243
1 6.02795 0 0 -0.147418 -0.0798969 0.191732
2 11.7344 0 0 -0.00140285 0 -1.71063
3 8.81139 -0.000450134 -0.000112534 0.420446 0 0.000157703
4 5.77839 0.00028801 0 0.281699 0 0.00010778
5 2.23163 -0.000326157 -0.000364304 0.138747 0 0
6 11.4725 0 0 0.780599 -0.780584 -0.688357
7 0.61522 -0.993093 -0.8107 2.2739 0.215382 -0.767087
8 2.24752 0 0 0.053654 -0.0249715 0.0361806
9 1.11936 0 0 0.0749173 0.0546634 -0.249677
10 3.71348 -0.102642 0.102191 1.98547 1.37924 0.56019
11 1.72615 0 0 0.0143878 -0.00534177 -0.954008
12 1.21114 0 0 0.0133444 0.0111756 -0.42307
13 3.59919 -1.06012 0.0708876 1.91074 1.15784 0.362135
14 1.66069 0 0 -0.0312812 0.0371146 -1.01127
15 1.167 0 0 0.00841035 -0.00839392 -0.463459
16 2.18853 0.501038 0.0576582 1.57366 0.174808 0.156362
17 1.29609 0 0 0.073411 0.0389264 -1.22808
18 1.62202 0.000713348 -0.000472069 0.0141686 -0.0185297 -1.11391
19 1.22241 0 0 0.000237429 0.00593044 -0.21382
20 1.76707 1.27612 0.0366411 1.57458 0.388511 0.106808
21 1.55588 0 0 -0.0318423 0.00698392 -1.06038
22 1.24274 0 0 -0.000479236 0.000360598 -1.27919
23 0.784525 0 0 0.0063638 -0.0032283 -0.0342131
24 -6.70653 5.90523 -5.42554 -0.000932693 0 -1.8749
25 6.02794 0 0 1.05052 0.734732 0.0899762
26 11.7344 0 0 0.00140267 0 1.12203
27 8.81167 0 0 0.107448 0 0
28 5.77884 0 0 0.0719905 0 0
29 2.23249 0 0 0.035458 0 0
30 11.4725 0 0 0.0987568 -0.190853 0.0363462
31 0.615812 0.994373 -0.809165 -2.88315 0.473458 0.364577
32 2.24752 0 0 -0.033431 0.235108 0.414666
33 1.11936 0 0 0.0758653 0.136146 1.16973
34 3.71349 0.10264 0.102191 -1.54675 0.834836 -0.400578
35 1.72615 0 0 -0.00689871 -0.00732659 1.09674
36 1.21112 0 0 0.0103137 0.0102 1.33017
37 3.5992 1.06012 0.070888 -1.49306 0.382841 -0.068813
38 1.66069 0 0 -0.0183613 0.0756731 -0.0153739
39 1.16699 0 0 0.0189983 0.0425299 0.0577418
40 2.18853 -0.50104 0.0576601 -1.5728 0.133573 -0.17288
41 1.29609 0 0 0.120501 0.0520644 0.782583
42 1.62202 -0.000711441 -0.000469208 0.0811908 -0.0245018 1.19712
43 1.22241 0 0 -0.0119317 -0.00594713 1.29801
44 1.76707 -1.27612 0.0366411 -1.48212 0.284875 -0.100851
45 1.55587 0 0 0.223724 0.08684 0.700865
46 1.24273 0 0 0.000478914 0.000360581 0.964696
47 0.784532 0 0 -0.00618632 0.000249595 0.884667
48 0 0 0 0 0 0
49 -5.76421 -22.0697 -8.90324 -0.156672 0.112856 0.297858
50 0 -0.611113 2.11238 0 0 0
51 -0.0145798 -0.736103 2.39399 0 0 0
52 -5.33199 -23.3032 -8.45151 -0.156672 0.112856 0.297859
53 0 -0.675062 1.41593 0 0 0
54 0 0.97938 2.33571 0.174533 0 0
55 0 -1.91969 2.85382 0 0 0
56 0 2.062 1.89703 -0.785398 0 0
57 0 -1.66928 2.60403 -0.0368113 0 0
58 6.98255 2.1009 -16.1176 0 0 0
time 96
0 5.11923 -2.63617 -9.58399 0.000934124 0 -1.53243
1 6.02795 0 0 -0.133742 -0.101649 0.201228
2 11.7344 0 0 -0.00140284 0 -1.69968
3 8.81139 -0.000452042 -0.000112534 0.334151 0 0.000157267
4 5.77839 0.000284195 0 0.223882 0 0.000107026
5 2.23164 -0.000329971 -0.000365257 0.11027 0 0
6 11.4725 0 0 0.731831 -0.767333 -0.690707
7 0.615219 -0.993093 -0.8107 2.2739 0.215382 -0.767087
8 2.24752 0 0 0.053654 -0.0249715 0.0361805
9 1.11936 0 0 0.0749173 0.0546635 -0.249677
10 3.71348 -0.102642 0.102192 1.98547 1.37924 0.56019
11 1.72615 0 0 0.0143821 -0.00534118 -0.953977
12 1.21114 0 0 0.0133781 0.0111325 -0.419939
13 3.59919 -1.06012 0.0708885 1.91074 1.15784 0.362135
14 1.66069 0 0 -0.0312266 0.0371436 -1.01006
15 1.167 0 0 0.00841053 -0.00839361 -0.459316
16 2.18853 0.50104 0.0576582 1.57366 0.174808 0.156362
17 1.29609 0 0 0.073411 0.0389265 -1.22808
18 1.62202 0.000715256 -0.000470161 0.0141493 -0.0185332 -1.11322
19 1.22241 0 0 0.0002375 0.00593049 -0.210058
20 1.76707 1.27612 0.0366411 1.57458 0.388511 0.106808
21 1.55588 0 0 -0.0318423 0.00698393 -1.06038
22 1.24274 0 0 -0.000479236 0.000360598 -1.27919
23 0.784525 0 0 0.0063638 -0.00322818 -0.0342132
24 -6.70653 5.90523 -5.42554 -0.000932693 0 -1.8749
25 6.02794 0 0 1.03043 0.737929 0.0943765
26 11.7344 0 0 0.00140275 0 1.12299
27 8.81167 0 0 0.159541 0 0
28 5.77884 0 0 0.106892 0 0
29 2.23249 0 0 0.0526485 0 0
30 11.4725 0 0 0.148221 -0.24533 0.0281458
31 0.615813 0.994373 -0.809165 -2.88315 0.473458 0.364577
32 2.24752 0 0 -0.033431 0.235107 0.414666
33 1.11936 0 0 0.0758653 0.136146 1.16973
34 3.71348 0.102638 0.10219 -1.54675 0.834836 -0.400578
35 1.72615 0 0 -0.0068987 -0.0073266 1.09674
36 1.21112 0 0 0.0103137 0.0102 1.33017
37 3.5992 1.06012 0.0708885 -1.49306 0.382841 -0.0688126
38 1.66069 0 0 -0.0183614 0.0756731 -0.015374
39 1.16699 0 0 0.0189983 0.0425299 0.0577418
40 2.18853 -0.501041 0.0576591 -1.5728 0.133573 -0.17288
41 1.29609 0 0 0.120501 0.0520645 0.782584
42 1.62202 -0.000713348 -0.000471115 0.0811908 -0.0245018 1.19712
43 1.22241 0 0 -0.0119317 -0.0059471 1.29801
44 1.76707 -1.27612 0.0366411 -1.48212 0.284875 -0.100851
45 1.55587 0 0 0.223724 0.08684 0.700865
46 1.24273 0 0 0.000478923 0.000360576 0.964696
47 0.784533 0 0 -0.00618631 0.000249586 0.884667
48 0 0 0 0 0 0
49 -5.5837 -22.0362 -8.94969 -0.170991 0.0630853 0.283338
50 0 -0.611111 2.11238 0 0 0
51 -0.0145807 -0.736103 2.39399 0 0 0
52 -5.19181 -23.2754 -8.47736 -0.170991 0.0630855 0.283339
53 0 -0.675066 1.41593 0 0 0
54 0 0.979378 2.33571 0.174533 0 0
55 0 -1.91969 2.85382 0 0 0
56 0 2.062 1.89702 -0.785398 0 0
57 0 -1.66928 2.60403 -0.0368113 0 0
58 6.98255 2.1009 -16.1176 0 0 0
time 97
0 5.11923 -2.46164 -9.58399 0.000934124 0 -1.53243
1 6.02795 0 0 -0.132508 -0.111236 0.203046
2 11.7344 0 0 -0.00140285 0 -1.68619
3 8.81139 -0.000448227 -0.00011158 0.283912 0 0.000157765
4 5.77839 0.00028801 0 0.190221 0 0.000107139
5 2.23164 -0.000328064 -0.00036335 0.0936908 0 0
6 11.4725 0 0 0.701282 -0.734262 -0.697594
7 0.615221 -0.993092 -0.810701 2.2739 0.215382 -0.767087
8 2.24752 0 0 0.053654 -0.0249715 0.0361805
9 1.11936 0 0 0.0749173 0.0546635 -0.249677
10 3.71348 -0.102641 0.10219 1.98547 1.37924 0.56019
11 1.72615 0 0 0.0144198 -0.00522912 -0.961684
12 1.21113 0 0 0.0133335 0.0112387 -0.427646
13 3.59919 -1.06012 0.0708876 1.91074 1.15784 0.362135
14 1.66069 0 0 -0.0315919 0.0368386 -1.02026
15 1.167 0 0 0.00841052 -0.00839394 -0.469511
16 2.18853 0.50104 0.0576591 1.57366 0.174808 0.156362
17 1.29609 0 0 0.073411 0.0389264 -1.22808
18 1.62202 0.000713348 -0.000471115 0.0143157 -0.0183961 -1.12248
19 1.22241 0 0 0.000237514 0.00593041 -0.219316
20 1.76707 1.27612 0.0366402 1.57458 0.388511 0.106808
21 1.55588 0 0 -0.0318422 0.00698397 -1.06038
22 1.24273 0 0 -0.000479213 0.000360467 -1.27919
23 0.784523 0 0 0.00636374 -0.00322824 -0.0342132
24 -6.70653 5.90523 -5.42554 -0.000932693 0 -1.8749
25 6.02794 0 0 1.01739 0.738947 0.0983049
26 11.7344 0 0 0.00140265 0 1.12091
27 8.81167 0 0 0.206012 0 0
28 5.77884 0 0 0.138028 0 0
29 2.23249 0 0 0.0679839 0 0
30 11.4725 0 0 0.189001 -0.287218 0.0326103
31 0.615813 0.994373 -0.809165 -2.88315 0.473458 0.364577
32 2.24752 0 0 -0.0334312 0.235107 0.414666
33 1.11936 0 0 0.0758654 0.136146 1.16973
34 3.71349 0.10264 0.102191 -1.54675 0.834836 -0.400578
35 1.72615 0 0 -0.0068987 -0.00732662 1.09674
36 1.21112 0 0 0.0103137 0.0102 1.33017
37 3.5992 1.06012 0.0708885 -1.49306 0.382841 -0.0688127
38 1.66069 0 0 -0.0183614 0.0756731 -0.0153741
39 1.16699 0 0 0.0189983 0.0425299 0.0577418
40 2.18853 -0.501041 0.0576591 -1.5728 0.133573 -0.17288
41 1.29609 0 0 0.120501 0.0520645 0.782583
42 1.62201 -0.000713348 -0.000469208 0.0811908 -0.0245018 1.19712
43 1.22241 0 0 -0.0119317 -0.00594711 1.29801
44 1.76707 -1.27612 0.0366406 -1.48212 0.284875 -0.100851
45 1.55587 0 0 0.223724 0.0868401 0.700865
46 1.24273 0 0 0.000478912 0.000360574 0.964696
47 0.784532 0 0 -0.00618631 0.000249584 0.884667
48 0 0 0 0 0 0
49 -5.4689 -22.0106 -8.94288 -0.192789 0.022625 0.275542
50 0 -0.611115 2.11238 0 0 0
51 -0.0145798 -0.736101 2.39399 0 0 0
52 -5.10736 -23.2476 -8.44152 -0.19279 0.0226252 0.275542
53 0 -0.675066 1.41593 0 0 0
54 0 0.979376 2.33571 0.174533 0 0
55 0 -1.91969 2.85382 0 0 0
56 0 2.062 1.89703 -0.785398 0 0
57 0 -1.66928 2.60403 -0.0368113 0 0
58 6.98255 2.1009 -16.1176 0 0 0
time 98
0 5.11923 -2.28659 -9.58399 0.000934124 0 -1.53243
1 6.02795 0 0 -0.143774 -0.121275 0.195436
2 11.7344 0 0 -0.00140282 0 -1.66563
3 8.81139 -0.000450134 -0.000112534 0.254287 0 0.000157452
4 5.77839 0.000286102 0 0.170372 0 0.00010674
5 2.23163 -0.000329971 -0.000364304 0.0839147 0 0
6 11.4725 0 0 0.655615 -0.667038 -0.684825
7 0.615219 -0.993092 -0.8107 2.2739 0.215382 -0.767087
8 2.24752 0 0 0.053654 -0.0249715 0.0361804
9 1.11936 0 0 0.0749173 0.0546635 -0.249677
10 3.71348 -0.102642 0.102191 1.98547 1.37924 0.56019
11 1.72615 0 0 0.0144952 -0.00500486 -0.977097
12 1.21114 0 0 0.0132448 0.0114509 -0.44306
13 3.59919 -1.06012 0.0708876 1.91074 1.15784 0.362135
14 1.66069 0 0 -0.0323226 0.0362282 -1.04065
15 1.167 0 0 0.00841058 -0.00839372 -0.489901
16 2.18852 0.50104 0.0576582 1.57366 0.174808 0.156362
17 1.29609 0 0 0.073411 0.0389265 -1.22808
18 1.62202 0.000714302 -0.000470161 0.0146489 -0.0181217 -1.141
19 1.22241 0 0 0.000237584 0.00593043 -0.237829
20 1.76707 1.27612 0.0366411 1.57458 0.388511 0.106808
21 1.55588 0 0 -0.0318422 0.00698399 -1.06038
22 1.24274 0 0 -0.000479165 0.000360503 -1.27919
23 0.784523 0 0 0.00636386 -0.00322818 -0.0342132
24 -6.70653 5.90523 -5.42554 -0.000932693 0 -1.8749
25 6.02794 0 0 1.01045 0.736731 0.103373
26 11.7344 0 0 0.0014028 0 1.11277
27 8.81167 0 0 0.257576 0 0
28 5.77884 0 0 0.172576 0 0
29 2.23249 0 0 0.085 0 0
30 11.4725 0 0 0.229687 -0.323453 0.0511907
31 0.615811 0.994373 -0.809165 -2.88315 0.473458 0.364577
32 2.24752 0 0 -0.0334312 0.235108 0.414666
33 1.11936 0 0 0.0758654 0.136146 1.16973
34 3.71348 0.102638 0.102191 -1.54675 0.834836 -0.400578
35 1.72615 0 0 -0.0068987 -0.0073266 1.09674
36 1.21112 0 0 0.0103137 0.0102 1.33017
37 3.5992 1.06012 0.070888 -1.49306 0.382841 -0.0688128
38 1.66069 0 0 -0.0183614 0.0756731 -0.0153741
39 1.16699 0 0 0.0189983 0.0425299 0.0577419
40 2.18853 -0.501041 0.0576591 -1.5728 0.133573 -0.17288
41 1.29609 0 0 0.120501 0.0520644 0.782583
42 1.62202 -0.000711441 -0.000469208 0.0811908 -0.0245018 1.19712
43 1.22241 0 0 -0.0119317 -0.00594711 1.29801
44 1.76707 -1.27612 0.0366406 -1.48212 0.284875 -0.100851
45 1.55587 0 0 0.223724 0.08684 0.700865
46 1.24273 0 0 0.000478932 0.000360577 0.964696
47 0.784531 0 0 -0.00618631 0.000249591 0.884667
48 0 0 0 0 0 0
49 -5.40582 -22.006 -8.87937 -0.225404 -0.0179203 0.274447
50 0 -0.611115 2.11238 0 0 0
51 -0.0145798 -0.736103 2.39399 0 0 0
52 -5.07055 -23.2327 -8.33622 -0.225404 -0.0179201 0.274447
53 0 -0.675064 1.41593 0 0 0
54 0 0.979378 2.33571 0.174533 0 0
55 0 -1.91969 2.85382 0 0 0
56 0 2.062 1.89703 -0.785398 0 0
57 0 -1.66928 2.60403 -0.0368112 0 0
58 6.98255 2.1009 -16.1176 0 0 0
time 99
0 5.11923 -2.11051 -9.58399 0.000934124 0 -1.53243
1 6.02795 0 0 -0.158086 -0.138078 0.174414
2 11.7344 0 0 -0.00140286 0 -1.63229
3 8.81138 -0.000448227 -0.000112534 0.239564 0 0.000157707
4 5.77839 0.00028801 0 0.160508 0 0.000106839
5 2.23163 -0.000329971 -0.000364304 0.079056 0 0
6 11.4725 0 0 0.594252 -0.577232 -0.653394
7 0.61522 -0.993091 -0.810701 2.2739 0.215382 -0.767087
8 2.24752 0 0 0.053654 -0.0249715 0.0361805
9 1.11936 0 0 0.0749173 0.0546635 -0.249677
10 3.71348 -0.102642 0.10219 1.98547 1.37924 0.560189
11 1.72615 0 0 0.014582 -0.0047474 -0.994805
12 1.21114 0 0 0.0131118 0.0116947 -0.46077
13 3.59919 -1.06012 0.0708876 1.91074 1.15784 0.362134
14 1.66069 0 0 -0.0331618 0.0355047 -1.06408
15 1.167 0 0 0.00841041 -0.00839379 -0.513327
16 2.18853 0.501039 0.0576591 1.57366 0.174808 0.156362
17 1.29609 0 0 0.0734111 0.0389264 -1.22808
18 1.62202 0.000712395 -0.000472069 0.0150318 -0.0178067 -1.16227
19 1.22241 0 0 0.00023741 0.00593048 -0.259101
20 1.76707 1.27612 0.0366411 1.57458 0.388511 0.106808
21 1.55588 0 0 -0.0318422 0.00698398 -1.06038
22 1.24274 0 0 -0.000479284 0.000360414 -1.27919
23 0.784524 0 0 0.00636386 -0.00322812 -0.0342131
24 -6.70653 5.90523 -5.42554 -0.000932693 0 -1.8749
25 6.02794 0 0 1.01152 0.732909 0.107043
26 11.7344 0 0 0.00140265 0 1.10122
27 8.81167 0 0 0.30487 0 0
28 5.77884 0 0 0.204263 0 0
29 2.23249 0 0 0.100607 0 0
30 11.4725 0 0 0.264297 -0.346966 0.076833
31 0.615812 0.994373 -0.809165 -2.88315 0.473458 0.364577
32 2.24752 0 0 -0.033431 0.235108 0.414666
33 1.11936 0 0 0.0758653 0.136146 1.16973
34 3.71348 0.102638 0.10219 -1.54675 0.834836 -0.400578
35 1.72615 0 0 -0.0068987 -0.0073266 1.09674
36 1.21112 0 0 0.0103137 0.0102 1.33017
37 3.5992 1.06012 0.070888 -1.49306 0.382841 -0.0688127
38 1.66069 0 0 -0.0183614 0.0756731 -0.0153741
39 1.16699 0 0 0.0189983 0.0425299 0.0577419
40 2.18853 -0.501041 0.0576587 -1.5728 0.133573 -0.17288
41 1.29609 0 0 0.120501 0.0520645 0.782583
42 1.62202 -0.000715256 -0.000469208 0.0811908 -0.0245018 1.19712
43 1.22241 0 0 -0.0119317 -0.00594712 1.29801
44 1.76707 -1.27612 0.0366406 -1.48212 0.284875 -0.100851
45 1.55588 0 0 0.223724 0.08684 0.700865
46 1.24273 0 0 0.000478916 0.000360579 0.964696
47 0.784532 0 0 -0.00618632 0.00024958 0.884667
48 0 0 0 0 0 0
49 -5.44482 -22.0286 -8.78917 -0.259756 -0.0534339 0.278744
50 0 -0.611115 2.11238 0 0 0
51 -0.0145807 -0.736103 2.39399 0 0 0
52 -5.13038 -23.2412 -8.20341 -0.259756 -0.0534337 0.278744
53 0 -0.675064 1.41593 0 0 0
54 0 0.979378 2.33571 0.174533 0 0
55 0 -1.91969 2.85382 0 0 0
56 0 2.062 1.89703 -0.785398 0 0
57 0 -1.66928 2.60403 -0.0368113 0 0
58 6.98255 2.1009 -16.1176 0 0 0
time 100
0 5.11923 -1.93288 -9.58399 0.000934124 0 -1.53243
1 6.02795 0 0 -0.167616 -0.153125 0.146033
2 11.7344 0 0 -0.00140284 0 -1.58866
3 8.81139 -0.000450134 -0.000112534 0.233877 0 0.000157749
4 5.77839 0.000286102 0 0.156697 0 0.000106826
5 2.23164 -0.000329971 -0.00036335 0.0771793 0 0
6 11.4725 0 0 0.540246 -0.48612 -0.62811
7 0.615219 -0.99309 -0.8107 2.2739 0.215382 -0.767087
8 2.24752 0 0 0.053654 -0.0249715 0.0361804
9 1.11936 0 0 0.0749173 0.0546635 -0.249677
10 3.71348 -0.102641 0.102192 1.98547 1.37924 0.56019
11 1.72615 0 0 0.0146534 -0.00453514 -1.0094
12 1.21113 0 0 0.0129356 0.0118955 -0.475364
13 3.59919 -1.06012 0.0708885 1.91074 1.15784 0.362135
14 1.66069 0 0 -0.0338535 0.0348594 -1.08338
15 1.167 0 0 0.00841046 -0.00839382 -0.532632
16 2.18853 0.50104 0.0576591 1.57366 0.174808 0.156362
17 1.29609 0 0 0.073411 0.0389265 -1.22808
18 1.62202 0.000714302 -0.000472069 0.0153471 -0.0175469 -1.1798
19 1.22241 0 0 0.000237507 0.00593041 -0.27663
20 1.76707 1.27612 0.0366411 1.57458 0.388511 0.106808
21 1.55588 0 0 -0.0318423 0.00698393 -1.06038
22 1.24274 0 0 -0.000479117 0.000360538 -1.27919
23 0.784523 0 0 0.00636377 -0.00322821 -0.0342133
24 -6.70653 5.90523 -5.42554 -0.000932693 0 -1.8749
25 6.02794 0 0 1.01988 0.726686 0.110199
26 11.7344 0 0 0.00140273 0 1.08511
27 8.81167 0 0 0.340237 0 0
28 5.77884 0 0 0.227959 0 0
29 2.23249 0 0 0.112278 0 0
30 11.4725 0 0 0.289579 -0.35586 0.101828
31 0.615814 0.994371 -0.809165 -2.88315 0.473458 0.364577
32 2.24752 0 0 -0.033431 0.235107 0.414666
33 1.11936 0 0 0.0758653 0.136146 1.16973
34 3.71349 0.102638 0.10219 -1.54675 0.834836 -0.400578
35 1.72615 0 0 -0.00689871 -0.0073266 1.09674
36 1.21112 0 0 0.0103137 0.0102 1.33017
37 3.5992 1.06012 0.0708885 -1.49306 0.382841 -0.0688127
38 1.66069 0 0 -0.0183614 0.0756731 -0.015374
39 1.16699 0 0 0.0189984 0.0425299 0.0577418
40 2.18853 -0.501041 0.0576591 -1.5728 0.133573 -0.17288
41 1.29609 0 0 0.120501 0.0520644 0.782583
42 1.62202 -0.000713348 -0.000470161 0.0811908 -0.0245018 1.19712
43 1.22241 0 0 -0.0119317 -0.0059471 1.29801
44 1.76707 -1.27612 0.0366406 -1.48212 0.284875 -0.100851
45 1.55588 0 0 0.223724 0.08684 0.700865
46 1.24273 0 0 0.000478944 0.000360573 0.964696
47 0.784532 0 0 -0.00618633 0.0002496 0.884667
48 0 0 0 0 0 0
49 -5.56259 -22.0977 -8.70465 -0.286361 -0.0800111 0.285273
50 0 -0.611116 2.11238 0 0 0
51 -0.0145798 -0.736103 2.39399 0 0 0
52 -5.26222 -23.2979 -8.08693 -0.286361 -0.0800109 0.285274
53 0 -0.675066 1.41593 0 0 0
54 0 0.979376 2.33571 0.174533 0 0
55 0 -1.9197 2.85382 0 0 0
56 0 2.062 1.89703 -0.785398 0 0
57 0 -1.66928 2.60403 -0.0368113 0 0
58 6.98255 2.1009 -16.1176 0 0 0
time 101
0 5.11923 -1.75316 -9.58399 0.000934124 0 -1.53243
1 6.02795 0 0 -0.167418 -0.157606 0.120785
2 11.7344 0 0 -0.00140281 0 -1.53821
3 8.81139 -0.000448227 -0.000112534 0.227201 0 0.000158205
4 5.77839 0.00028801 0 0.152225 0 0.000107109
5 2.23164 -0.000328064 -0.000364304 0.0749763 0 0
6 11.4725 0 0 0.5079 -0.4158 -0.630276
7 0.615219 -0.993092 -0.8107 2.2739 0.215382 -0.767087
8 2.24752 0 0 0.053654 -0.0249715 0.0361804
9 1.11936 0 0 0.0749173 0.0546635 -0.249677
10 3.71348 -0.102642 0.102191 1.98547 1.37924 0.56019
11 1.72615 0 0 0.0146831 -0.004447 -1.01547
12 1.21114 0 0 0.0127167 0.011979 -0.481431
13 3.59919 -1.06012 0.0708876 1.91074 1.15784 0.362135
14 1.66069 0 0 -0.0341411 0.0344841 -1.09141
15 1.167 0 0 0.00841041 -0.00839376 -0.540657
16 2.18852 0.50104 0.0576591 1.57366 0.174808 0.156362
17 1.29609 0 0 0.0734109 0.0389264 -1.22808
18 1.62202 0.000713348 -0.000471115 0.0154783 -0.0174388 -1.18709
19 1.22241 0 0 0.000237391 0.00593039 -0.283917
20 1.76707 1.27612 0.0366411 1.57458 0.388511 0.106808
21 1.55588 0 0 -0.0318422 0.00698388 -1.06038
22 1.24273 0 0 -0.00047926 0.00036058 -1.27919
23 0.784523 0 0 0.00636379 -0.00322821 -0.0342132
24 -6.70653 5.90523 -5.42554 -0.000932693 0 -1.8749
25 6.02794 0 0 1.03424 0.714424 0.116699
26 11.7344 0 0 0.0014026 0 1.05786
27 8.81167 0 0 0.358295 0 0
28 5.77884 0 0 0.240058 0 0
29 2.23249 0 0 0.118237 0 0
30 11.4725 0 0 0.303126 -0.35112 0.119746
31 0.615814 0.994373 -0.809166 -2.88315 0.473458 0.364577
32 2.24752 0 0 -0.033431 0.235108 0.414666
33 1.11936 0 0 0.0758653 0.136146 1.16973
34 3.71349 0.10264 0.10219 -1.54675 0.834836 -0.400578
35 1.72615 0 0 -0.00689872 -0.0073266 1.09674
36 1.21112 0 0 0.0103137 0.0102 1.33017
37 3.5992 1.06012 0.070888 -1.49306 0.382841 -0.0688127
38 1.66069 0 0 -0.0183614 0.0756731 -0.015374
39 1.16699 0 0 0.0189983 0.0425299 0.0577418
40 2.18853 -0.501038 0.0576587 -1.5728 0.133573 -0.17288
41 1.29609 0 0 0.120501 0.0520644 0.782583
42 1.62201 -0.000711441 -0.000469208 0.0811908 -0.0245018 1.19712
43 1.22241 0 0 -0.0119317 -0.00594712 1.29801
44 1.76707 -1.27612 0.0366402 -1.48212 0.284875 -0.100851
45 1.55588 0 0 0.223724 0.08684 0.700865
46 1.24273 0 0 0.000478933 0.000360575 0.964696
47 0.784532 0 0 -0.00618632 0.00024959 0.884667
48 0 0 0 0 0 0
49 -5.69475 -22.2644 -8.66189 -0.29545 -0.0946892 0.289698
50 0 -0.611115 2.11238 0 0 0
51 -0.0145788 -0.736105 2.39399 0 0 0
52 -5.40039 -23.4607 -8.0338 -0.29545 -0.0946889 0.289698
53 0 -0.675062 1.41593 0 0 0
54 0 0.97938 2.33571 0.174533 0 0
55 0 -1.91969 2.85382 0 0 0
56 0 2.062 1.89703 -0.785398 0 0
57 0 -1.66928 2.60403 -0.0368112 0 0
58 6.98255 2.1009 -16.1176 0 0 0
time 102
0 5.11923 -1.57085 -9.58399 0.000934124 0 -1.53243
1 6.02795 0 0 -0.145331 -0.137288 0.0994884
2 11.7344 0 0 -0.00140285 0 -1.5936
3 8.81138 -0.000450134 -0.000112534 0.310764 0 0.000157011
4 5.77839 0.00028801 0 0.208212 0 0.000106748
5 2.23164 -0.000329971 -0.000364304 0.102552 0 0
6 11.4725 0 0 0.518413 -0.382117 -0.53912
7 0.61522 -0.993092 -0.810699 2.27672 0.213121 -0.765816
8 2.24752 0 0 0.0537857 -0.0251711 0.0367116
9 1.11936 0 0 0.0749173 0.0546635 -0.249677
10 3.71348 -0.10264 0.102192 1.97679 1.36653 0.549521
11 1.72615 0 0 0.0146173 -0.0046272 -1.00575
12 1.21114 0 0 0.012578 0.0118841 -0.472561
13 3.59919 -1.06012 0.0708876 1.90543 1.14512 0.355376
14 1.66069 0 0 -0.0336624 0.0343008 -1.08348
15 1.167 0 0 0.00841043 -0.00839374 -0.52349
16 2.18853 0.50104 0.0576591 1.57371 0.17003 0.156405
17 1.29609 0 0 0.0742988 0.0372748 -1.21667
18 1.62202 0.000713348 -0.000471115 0.0152628 -0.017586 -1.17969
19 1.22241 0 0 0.000280851 0.00593319 -0.27733
20 1.76707 1.27612 0.0366411 1.57525 0.383594 0.106653
21 1.55588 0 0 -0.031505 0.00689981 -1.04873
22 1.24273 0 0 -0.000479284 0.000360511 -1.26852
23 0.784523 0 0 0.00636387 -0.00322819 -0.0338134
24 -6.70653 5.90523 -5.42554 -0.000932693 0 -1.8749
25 6.02794 0 0 1.05296 0.691999 0.130276
26 11.7344 0 0 0.00140275 0 1.01185
27 8.81167 0 0 0.354261 0 0
28 5.77884 0 0 0.237355 0 0
29 2.23249 0 0 0.116906 0 0
30 11.4725 0 0 0.301522 -0.333763 0.125122
31 0.615812 0.994373 -0.809165 -2.88315 0.473458 0.364577
32 2.24752 0 0 -0.0334312 0.235107 0.414666
33 1.11936 0 0 0.0758654 0.136146 1.16973
34 3.71348 0.10264 0.102191 -1.54675 0.834836 -0.400578
35 1.72615 0 0 -0.0068987 -0.0073266 1.09674
36 1.21112 0 0 0.0103137 0.0102 1.33017
37 3.5992 1.06012 0.070888 -1.49306 0.382841 -0.0688128
38 1.66069 0 0 -0.0183614 0.0756731 -0.015374
39 1.16699 0 0 0.0189983 0.0425299 0.0577417
40 2.18853 -0.50104 0.0576587 -1.5728 0.133573 -0.17288
41 1.29609 0 0 0.120501 0.0520645 0.782583
42 1.62202 -0.000713348 -0.000469208 0.0811908 -0.0245018 1.19712
43 1.22241 0 0 -0.0119317 -0.00594711 1.29801
44 1.76707 -1.27612 0.0366402 -1.48212 0.284875 -0.100851
45 1.55587 0 0 0.223724 0.0868401 0.700865
46 1.24273 0 0 0.000478895 0.000360552 0.964696
47 0.78453 0 0 -0.00618628 0.000249565 0.884667
48 0 0 0 0 0 0
49 -5.77661 -22.5779 -8.69756 -0.27727 -0.0942619 0.288001
50 0 -0.611115 2.11238 0 0 0
51 -0.0145798 -0.736103 2.39399 0 0 0
52 -5.4788 -23.7848 -8.09182 -0.27727 -0.0942616 0.288001
53 0 -0.675064 1.41593 0 0 0
54 0 0.979378 2.33571 0.174533 0 0
55 0 -1.91969 2.85382 0 0 0
56 0 2.062 1.89703 -0.785398 0 0
57 0 -1.66928 2.60403 -0.0368113 0 0
58 6.98255 2.1009 -16.1176 0 0 0
time 103
0 5.11923 -1.38541 -9.58399 0.000934124 0 -1.53243
1 6.02795 0 0 -0.103764 -0.100162 0.0545295
2 11.7344 0 0 -0.00140285 0 -1.72067
3 8.81138 -0.000450134 -0.000112534 0.456879 0 0.000158313
4 5.77839 0.000286102 0 0.306109 0 0.000108398
5 2.23163 -0.000328064 -0.000364304 0.15077 0 0
6 11.4725 0 0 0.551366 -0.408646 -0.333203
7 0.615219 -0.993092 -0.810699 2.28472 0.206683 -0.762142
8 2.24752 0 0 0.0541605 -0.0256878 0.0381745
9 1.11936 0 0 0.0749173 0.0546635 -0.249677
10 3.71348 -0.102643 0.102192 1.95335 1.33141 0.520867
11 1.72615 0 0 0.0144245 -0.00509837 -0.979062
12 1.21114 0 0 0.0125794 0.0116121 -0.448772
13 3.59919 -1.06012 0.0708885 1.89119 1.11011 0.337182
14 1.66069 0 0 -0.0323402 0.0341161 -1.06123
15 1.167 0 0 0.00841043 -0.00839374 -0.477491
16 2.18852 0.501039 0.0576591 1.5738 0.15702 0.156511
17 1.29609 0 0 0.0765365 0.032989 -1.18548
18 1.62202 0.000713825 -0.000470161 0.0146778 -0.0179626 -1.15892
19 1.22241 0 0 0.000386496 0.00594002 -0.259831
20 1.76707 1.27612 0.0366402 1.57689 0.370113 0.106279
21 1.55588 0 0 -0.0306368 0.00680168 -1.0168
22 1.24273 0 0 -0.000479191 0.000360539 -1.23918
23 0.784523 0 0 0.00636377 -0.00322811 -0.0327991
24 -6.70653 5.90523 -5.42554 -0.000932693 0 -1.8749
25 6.02794 0 0 1.07948 0.650293 0.15535
26 11.7344 0 0 0.00140264 0 0.92735
27 8.81167 0 0 0.320162 0 0
28 5.77884 0 0 0.214509 0 0
29 2.23249 0 0 0.105653 0 0
30 11.4725 0 0 0.27638 -0.29488 0.123423
31 0.61581 0.994371 -0.809165 -2.88315 0.473458 0.364577
32 2.24752 0 0 -0.033431 0.235108 0.414666
33 1.11936 0 0 0.0758653 0.136146 1.16973
34 3.71348 0.102638 0.102191 -1.54675 0.834836 -0.400578
35 1.72615 0 0 -0.00689871 -0.0073266 1.09674
36 1.21112 0 0 0.0103137 0.0102 1.33017
37 3.5992 1.06012 0.0708895 -1.49306 0.382841 -0.0688128
38 1.66069 0 0 -0.0183614 0.0756731 -0.015374
39 1.16699 0 0 0.0189983 0.0425299 0.0577418
40 2.18853 -0.501041 0.0576596 -1.5728 0.133573 -0.17288
41 1.29609 0 0 0.120501 0.0520645 0.782583
42 1.62202 -0.000711441 -0.000470161 0.0811908 -0.0245018 1.19712
43 1.22241 0 0 -0.0119317 -0.00594712 1.29801
44 1.76707 -1.27612 0.0366411 -1.48212 0.284875 -0.100851
45 1.55588 0 0 0.223724 0.08684 0.700865
46 1.24273 0 0 0.000478932 0.000360577 0.964696
47 0.784533 0 0 -0.00618629 0.000249586 0.884667
48 0 0 0 0 0 0
49 -5.7987 -23.132 -8.85844 -0.222609 -0.0704659 0.282518
50 0 -0.611113 2.11238 0 0 0
51 -0.0145798 -0.736103 2.39399 0 0 0
52 -5.48026 -24.3653 -8.32009 -0.222609 -0.0704657 0.282519
53 0 -0.675064 1.41593 0 0 0
54 0 0.979378 2.33571 0.174533 0 0
55 0 -1.91969 2.85382 0 0 0
56 0 2.062 1.89703 -0.785398 0 0
57 0 -1.66928 2.60403 -0.0368112 0 0
58 6.98255 2.1009 -16.1176 0 0 0
time 104
0 5.11923 -1.19633 -9.58399 0.000934124 0 -1.53243
1 6.02795 0 0 -0.0753989 -0.0749478 0.00178215
2 11.7344 0 0 -0.00140285 0 -1.77187
3 8.81138 -0.000450134 -0.000112534 0.526842 0 0.000157585
4 5.77839 0.000286102 0 0.352984 0 0.000108387
5 2.23164 -0.000329971 -0.000364304 0.173858 0 0
6 11.4725 0 0 0.535434 -0.497656 -0.157132
7 0.615219 -0.993091 -0.810698 2.29724 0.19659 -0.75627
8 2.24752 0 0 0.0547481 -0.0263986 0.0403739
9 1.11936 0 0 0.0749173 0.0546635 -0.249677
10 3.71348 -0.102641 0.102192 1.91907 1.27838 0.479261
11 1.72615 0 0 0.014112 -0.00575632 -0.93909
12 1.21114 0 0 0.0126266 0.0111817 -0.414292
13 3.59919 -1.06012 0.0708876 1.87058 1.05757 0.310673
14 1.66069 0 0 -0.0303458 0.0339489 -1.02698
15 1.167 0 0 0.00841049 -0.00839384 -0.410917
16 2.18852 0.50104 0.0576601 1.57393 0.137758 0.156641
17 1.29609 0 0 0.0794859 0.0270736 -1.1391
18 1.62202 0.000713348 -0.000472069 0.0138155 -0.0184728 -1.12687
19 1.22241 0 0 0.000516683 0.00594834 -0.23481
20 1.76707 1.27612 0.0366411 1.57891 0.349976 0.105816
21 1.55588 0 0 -0.0294527 0.0069214 -0.969127
22 1.24274 0 0 -0.000479126 0.000360508 -1.19522
23 0.784523 0 0 0.00636369 -0.00322806 -0.0314479
24 -6.70653 5.90523 -5.42554 -0.000932693 0 -1.8749
25 6.02794 0 0 1.11122 0.588544 0.188675
26 11.7344 0 0 0.00140278 0 0.802868
27 8.81167 0 0 0.2619 0 0
28 5.77884 0 0 0.175473 0 0
29 2.23249 0 0 0.0864269 0 0
30 11.4725 0 0 0.228604 -0.237593 0.12661
31 0.61581 0.994373 -0.809165 -2.88315 0.473458 0.364577
32 2.24752 0 0 -0.033431 0.235108 0.414666
33 1.11936 0 0 0.0758652 0.136146 1.16973
34 3.71349 0.10264 0.10219 -1.54675 0.834836 -0.400578
35 1.72615 0 0 -0.0068987 -0.00732659 1.09674
36 1.21112 0 0 0.0103137 0.0102 1.33017
37 3.5992 1.06012 0.0708876 -1.49306 0.382841 -0.0688127
38 1.66069 0 0 -0.0183614 0.0756731 -0.015374
39 1.16699 0 0 0.0189983 0.0425299 0.0577418
40 2.18853 -0.501041 0.0576587 -1.5728 0.133573 -0.17288
41 1.29609 0 0 0.120501 0.0520644 0.782583
42 1.62202 -0.000713348 -0.000470161 0.0811908 -0.0245018 1.19712
43 1.22241 0 0 -0.0119317 -0.00594712 1.29801
44 1.76707 -1.27612 0.0366406 -1.48212 0.284875 -0.100851
45 1.55587 0 0 0.223724 0.0868401 0.700865
46 1.24273 0 0 0.00047892 0.000360576 0.964696
47 0.784531 0 0 -0.00618632 0.000249582 0.884667
48 0 0 0 0 0 0
49 -5.79319 -23.8469 -9.10725 -0.143802 -0.0252876 0.281155
50 0 -0.611116 2.11238 0 0 0
51 -0.0145807 -1.76399 2.7178 0 0 0
52 -5.43986 -25.1102 -8.66961 -0.143802 -0.0252875 0.281155
53 0 -0.675066 1.41593 0 0 0
54 0 0.979378 2.27945 0.0872665 0 0
55 0 -2.44259 2.85382 0 0 0
56 0 2.062 1.89703 -0.785398 0 0
57 0 -1.66928 2.63869 -0.0272676 0 0
58 6.98255 2.1009 -16.1176 0 0 0
time 105
0 5.11923 -1.00309 -9.58399 0.000934124 0 -1.53243
1 6.02795 0 0 -0.0709553 -0.0701275 -0.0126161
2 11.7344 0 0 -0.00140285 0 -1.73515
3 8.81139 -0.000450134 -0.000112534 0.481904 0 0.000158229
4 5.77839 0.000286102 0 0.322875 0 0.000108502
5 2.23164 -0.000331879 -0.00036335 0.159028 0 0
6 11.4725 0 0 0.433901 -0.609181 -0.0585799
7 0.61522 -0.993092 -0.810701 2.31362 0.18336 -0.748407
8 2.24752 0 0 0.0555178 -0.0271803 0.043114
9 1.11936 0 0 0.0749173 0.0546635 -0.249677
10 3.71348 -0.10264 0.10219 1.87786 1.21196 0.429734
11 1.72615 0 0 0.0136868 -0.00649645 -0.889522
12 1.21114 0 0 0.0126255 0.0106118 -0.373354
13 3.59919 -1.06012 0.0708866 1.84616 0.992254 0.278973
14 1.66069 0 0 -0.02785 0.0338169 -0.983028
15 1.167 0 0 0.00841042 -0.00839381 -0.332021
16 2.18852 0.50104 0.0576582 1.57404 0.11423 0.156758
17 1.29609 0 0 0.0825088 0.0205324 -1.08213
18 1.62202 0.000713825 -0.000471115 0.0127679 -0.0190196 -1.08567
19 1.22241 0 0 0.000634666 0.00595587 -0.205658
20 1.76707 1.27612 0.0366402 1.58074 0.325092 0.105397
21 1.55588 0 0 -0.0281679 0.00749011 -0.910238
22 1.24274 0 0 -0.000479215 0.000360589 -1.14067
23 0.784525 0 0 0.00636382 -0.00322825 -0.0300369
24 -6.70653 5.90523 -5.42554 -0.000932693 0 -1.8749
25 6.02794 0 0 1.13922 0.517479 0.223212
26 11.7344 0 0 0.00140281 0 0.661974
27 8.81167 0 0 0.197016 0 0
28 5.77884 0 0 0.132001 0 0
29 2.23249 0 0 0.0650151 0 0
30 11.4725 0 0 0.171826 -0.181177 0.135833
31 0.615812 0.994373 -0.809166 -2.88315 0.473458 0.364577
32 2.24752 0 0 -0.0334311 0.235108 0.414666
33 1.11935 0 0 0.0758654 0.136146 1.16973
34 3.71348 0.10264 0.10219 -1.54675 0.834836 -0.400578
35 1.72615 0 0 -0.00689872 -0.0073266 1.09674
36 1.21112 0 0 0.0103137 0.0102 1.33017
37 3.5992 1.06012 0.0708876 -1.49306 0.382841 -0.0688127
38 1.66069 0 0 -0.0183614 0.0756731 -0.0153739
39 1.16699 0 0 0.0189983 0.0425299 0.0577417
40 2.18853 -0.50104 0.0576587 -1.5728 0.133573 -0.17288
41 1.29609 0 0 0.120501 0.0520645 0.782583
42 1.62202 -0.000715256 -0.000470161 0.0811908 -0.0245018 1.19712
43 1.22241 0 0 -0.0119317 -0.00594708 1.29801
44 1.76707 -1.27612 0.0366402 -1.48212 0.284875 -0.100851
45 1.55588 0 0 0.223724 0.0868401 0.700865
46 1.24273 0 0 0.000478927 0.000360571 0.964696
47 0.784531 0 0 -0.00618632 0.000249589 0.884667
48 0 0 0 0 0 0
49 -5.76047 -24.5207 -9.34979 -0.062701 0.0267867 0.285688
50 0 -0.611115 2.11238 0 0 0
51 -0.0145788 -2.38072 2.91209 0 0 0
52 -5.37354 -25.8066 -9.01984 -0.0627011 0.0267868 0.285689
53 0 -0.675064 1.41593 0 0 0
54 0 0.979378 2.2232 0 0 0
55 0 -3.41369 2.85382 0 0 0
56 0 2.062 1.89703 -0.785398 0 0
57 0 -1.66928 2.70306 -0.00954357 0 0
58 6.98255 2.1009 -16.1176 0 0 0
time 106
0 5.12703 -0.798985 -9.56569 0.000934124 0 -1.53243
1 6.02795 0 0 -0.0810366 -0.0642199 -0.00735717
2 11.7344 0 0 -0.00140286 0 -1.67392
3 8.81138 -0.000452042 -0.000112534 0.385194 0 0.000157905
4 5.77839 0.00028801 0 0.25808 0 0.000107754
5 2.23163 -0.000328064 -0.00036335 0.127114 0 0
6 11.4725 0 0 0.296587 -0.689265 0.0116679
7 0.615219 -0.993092 -0.810701 2.33318 0.167515 -0.73876
8 2.24752 0 0 0.0564394 -0.0279098 0.0461992
9 1.11936 0 0 0.0749173 0.0546635 -0.249677
10 3.71348 -0.102642 0.102191 1.83363 1.13666 0.377316
11 1.72615 0 0 0.0131555 -0.00721465 -0.834045
12 1.21113 0 0 0.0124821 0.00992135 -0.330185
13 3.59919 -1.06012 0.0708885 1.82046 0.918921 0.245201
14 1.66069 0 0 -0.025024 0.0337388 -0.931697
15 1.167 0 0 0.00841042 -0.00839371 -0.249059
16 2.18853 0.50104 0.0576591 1.5741 0.0884157 0.156826
17 1.29609 0 0 0.0849676 0.0143697 -1.01914
18 1.62202 0.000713348 -0.000469208 0.0116273 -0.0195076 -1.03742
19 1.22241 0 0 0.000703103 0.00596013 -0.175765
20 1.76707 1.27612 0.0366411 1.5818 0.297367 0.105154
21 1.55588 0 0 -0.0269972 0.00874 -0.844673
22 1.24274 0 0 -0.000479261 0.000360724 -1.07958
23 0.784524 0 0 0.00636396 -0.00322826 -0.028844
24 -6.70653 5.91092 -5.41889 -0.000932693 0 -1.8749
25 6.02794 0 0 1.157 0.456824 0.251326
26 11.7344 0 0 0.00140259 0 0.546045
27 8.81167 0 0 0.147144 0 0
28 5.77884 0 0 0.0985867 0 0
29 2.23249 0 0 0.0485577 0 0
30 11.4725 0 0 0.126881 -0.145444 0.140871
31 0.615814 0.994372 -0.809166 -2.88315 0.473458 0.364577
32 2.24752 0 0 -0.0334311 0.235108 0.414666
33 1.11935 0 0 0.0758653 0.136146 1.16973
34 3.71349 0.102638 0.10219 -1.54675 0.834836 -0.400578
35 1.72615 0 0 -0.00689872 -0.00732661 1.09674
36 1.21112 0 0 0.0103137 0.0102 1.33017
37 3.5992 1.06012 0.070888 -1.49306 0.382841 -0.0688127
38 1.66069 0 0 -0.0183614 0.0756731 -0.0153741
39 1.16699 0 0 0.0189983 0.0425299 0.0577418
40 2.18853 -0.501041 0.0576591 -1.5728 0.133573 -0.17288
41 1.29609 0 0 0.120501 0.0520645 0.782583
42 1.62202 -0.000715256 -0.000470161 0.0811908 -0.0245018 1.19712
43 1.2224 0 0 -0.0119317 -0.00594714 1.29801
44 1.76707 -1.27612 0.0366406 -1.48212 0.284875 -0.100851
45 1.55587 0 0 0.223724 0.0868401 0.700865
46 1.24273 0 0 0.000478922 0.000360563 0.964696
47 0.784532 0 0 -0.0061863 0.000249577 0.884667
48 0 0 0 0 0 0
49 -5.69996 -24.9796 -9.48243 0.000511898 0.0661066 0.28925
50 0 -0.611116 2.11238 0 0 0
51 -0.0145788 -2.38072 2.91209 0 0 0
52 -5.29626 -26.2795 -9.23839 0.000511847 0.0661067 0.289251
53 0 -0.675064 1.41593 0 0 0
54 0 0.979376 2.2232 0 0 0
55 0 -3.93659 2.85382 0 0 0
56 0 2.062 1.89703 -0.785398 0 0
57 0 -1.66928 2.73772 0 0 0
58 6.98255 2.1009 -16.1176 0 0 0
time 107
0 5.14959 -0.579057 -9.51281 0.000934124 0 -1.53243
1 6.02795 0 0 -0.107818 -0.0451903 0.00944095
2 11.7344 0 0 -0.00140286 0 -1.62261
3 8.81138 -0.000448227 -0.00011158 0.267607 0 0.00015765
4 5.77839 0.000286102 0 0.179297 0 0.000106944
5 2.23163 -0.000329971 -0.00036335 0.0883103 0 0
6 11.4725 0 0 0.169198 -0.716807 0.055201
7 0.615219 -0.993092 -0.810701 2.35528 0.149573 -0.727534
8 2.24752 0 0 0.0574824 -0.0284639 0.0494342
9 1.11936 0 0 0.0749173 0.0546634 -0.249677
10 3.71348 -0.10264 0.102191 1.79029 1.05699 0.327037
11 1.72615 0 0 0.0125257 -0.00780686 -0.776347
12 1.21114 0 0 0.0121022 0.00912956 -0.289017
13 3.59919 -1.06012 0.0708885 1.79605 0.842323 0.212481
14 1.66069 0 0 -0.0220387 0.0337334 -0.875296
15 1.167 0 0 0.00841059 -0.00839366 -0.170286
16 2.18852 0.50104 0.0576601 1.57409 0.0622992 0.156808
17 1.29609 0 0 0.0862234 0.0095896 -0.954738
18 1.62202 0.000713348 -0.000472069 0.010486 -0.0198396 -0.98424
19 1.22241 0 0 0.000684104 0.00595887 -0.148523
20 1.76707 1.27612 0.0366411 1.58152 0.26871 0.10522
21 1.55588 0 0 -0.0261557 0.0109025 -0.776963
22 1.24274 0 0 -0.000479205 0.000360697 -1.01596
23 0.784524 0 0 0.00636382 -0.00322832 -0.0281464
24 -6.70653 5.92735 -5.39964 -0.000932693 0 -1.8749
25 6.02794 0 0 1.16192 0.427703 0.266934
26 11.7344 0 0 0.00140263 0 0.502262
27 8.81167 0 0 0.121479 0 0
28 5.77884 0 0 0.0813913 0 0
29 2.23249 0 0 0.0400881 0 0
30 11.4725 0 0 0.105006 -0.140451 0.115935
31 0.615814 0.994372 -0.809165 -2.88315 0.473459 0.364577
32 2.24752 0 0 -0.033431 0.235108 0.414666
33 1.11936 0 0 0.0758654 0.136146 1.16973
34 3.71349 0.102639 0.10219 -1.54675 0.834836 -0.400578
35 1.72615 0 0 -0.00689869 -0.0073266 1.09674
36 1.21112 0 0 0.0103137 0.0102 1.33017
37 3.5992 1.06012 0.0708885 -1.49306 0.382841 -0.0688127
38 1.66069 0 0 -0.0183614 0.0756731 -0.0153741
39 1.16699 0 0 0.0189983 0.0425299 0.0577418
40 2.18854 -0.501041 0.0576587 -1.5728 0.133573 -0.17288
41 1.29609 0 0 0.120501 0.0520645 0.782583
42 1.62202 -0.000713348 -0.000470161 0.0811907 -0.0245018 1.19712
43 1.22241 0 0 -0.0119317 -0.00594711 1.29801
44 1.76707 -1.27612 0.0366411 -1.48212 0.284875 -0.100851
45 1.55587 0 0 0.223724 0.0868401 0.700864
46 1.24273 0 0 0.000478916 0.000360591 0.964696
47 0.784532 0 0 -0.00618632 0.000249586 0.884667
48 0 0 0 0 0 0
49 -5.59057 -25.1604 -9.4434 0.0415343 0.0835366 0.280933
50 0 -0.611113 2.11238 0 0 0
51 -0.0145798 -2.38072 2.91209 0 0 0
52 -5.19563 -26.4722 -9.2555 0.0415343 0.0835367 0.280934
53 0 -0.675064 1.41593 0 0 0
54 0 0.979376 2.2232 0 0 0
55 0 -3.93659 2.85382 0 0 0
56 0 2.062 1.89702 -0.785398 0 0
57 0 -1.66928 2.73772 0 0 0
58 6.98255 2.1009 -16.1176 0 0 0
time 108
0 5.18562 -0.345356 -9.42835 0.000934124 0 -1.53243
1 6.02795 0 0 -0.151241 -0.0101643 0.0320343
2 11.7344 0 0 -0.00140283 0 -1.6032
3 8.81138 -0.000450134 -0.000112534 0.171777 0 0.000157614
4 5.77839 0.00028801 0 0.11509 0 0.000106436
5 2.23163 -0.000328064 -0.000364304 0.0566863 0 0
6 11.4725 0 0 0.0829385 -0.704391 0.0763845
7 0.615219 -0.993091 -0.8107 2.37923 0.130055 -0.714937
8 2.24752 0 0 0.0586164 -0.0287197 0.0526233
9 1.11936 0 0 0.0749173 0.0546636 -0.249677
10 3.71348 -0.10264 0.102191 1.75175 0.977461 0.28393
11 1.72615 0 0 0.0118041 -0.00816847 -0.720115
12 1.21114 0 0 0.0113915 0.00825469 -0.25408
13 3.59919 -1.06012 0.0708866 1.77547 0.767214 0.183934
14 1.66069 0 0 -0.0190652 0.0338188 -0.816137
15 1.167 0 0 0.00841055 -0.00839375 -0.103957
16 2.18852 0.501041 0.0576591 1.57395 0.0378632 0.156665
17 1.29609 0 0 0.0856383 0.00719608 -0.893496
18 1.62202 0.000713825 -0.000471115 0.00943559 -0.0199201 -0.928233
19 1.22241 0 0 0.000541737 0.00595001 -0.127322
20 1.76707 1.27612 0.0366402 1.5793 0.241027 0.105727
21 1.55588 0 0 -0.0258584 0.0142091 -0.711643
22 1.24273 0 0 -0.000479177 0.000360585 -0.953872
23 0.784523 0 0 0.00636376 -0.00322832 -0.0282217
24 -6.70653 5.95359 -5.36891 -0.000932693 0 -1.8749
25 6.02794 0 0 1.15827 0.425125 0.273107
26 11.7344 0 0 0.00140267 0 0.52014
27 8.81167 0 0 0.109256 0 0
28 5.77884 0 0 0.0732015 0 0
29 2.23249 0 0 0.0360545 0 0
30 11.4725 0 0 0.0988821 -0.156267 0.0599886
31 0.61581 0.994372 -0.809166 -2.88315 0.473458 0.364577
32 2.24752 0 0 -0.0334311 0.235108 0.414666
33 1.11936 0 0 0.0758653 0.136146 1.16973
34 3.71349 0.102639 0.102191 -1.54675 0.834836 -0.400578
35 1.72615 0 0 -0.00689872 -0.0073266 1.09674
36 1.21112 0 0 0.0103137 0.0102 1.33017
37 3.5992 1.06012 0.070888 -1.49306 0.382841 -0.0688127
38 1.66069 0 0 -0.0183614 0.0756731 -0.0153741
39 1.16699 0 0 0.0189983 0.0425299 0.0577418
40 2.18853 -0.50104 0.0576591 -1.5728 0.133573 -0.17288
41 1.29609 0 0 0.120501 0.0520645 0.782583
42 1.62202 -0.000713348 -0.000469685 0.0811907 -0.0245018 1.19712
43 1.22241 0 0 -0.0119317 -0.00594719 1.29801
44 1.76707 -1.27612 0.0366406 -1.48212 0.284875 -0.100851
45 1.55588 0 0 0.223724 0.08684 0.700865
46 1.24273 0 0 0.000478946 0.000360576 0.964696
47 0.784532 0 0 -0.00618634 0.000249594 0.884667
48 0 0 0 0 0 0
49 -5.43327 -25.1564 -9.28169 0.0707593 0.0874226 0.261613
50 0 -0.611115 2.11238 0 0 0
51 -0.0145788 -2.38072 2.91209 0 0 0
52 -5.06515 -26.4812 -9.13381 0.0707593 0.0874227 0.261614
53 0 -0.675064 1.41593 0 0 0
54 0 0.979376 2.2232 0 0 0
55 0 -3.93659 2.85382 0 0 0
56 0 2.062 1.89703 -0.785398 0 0
57 0 -1.66928 2.73772 0 0 0
58 6.98255 2.1009 -16.1176 0 0 0
time 109
0 5.23383 -0.09994 -9.31531 0.000934124 0 -1.53243
1 6.02795 0 0 -0.210809 0.0478521 0.0594392
2 11.7344 0 0 -0.00140285 0 -1.61532
3 8.81139 -0.000448227 -0.00011158 0.122751 0 0.000157571
4 5.77839 0.000286102 0 0.0822429 0 0.000106161
5 2.23164 -0.000328064 -0.000362873 0.0405077 0 0
6 11.4725 0 0 0.046089 -0.667396 0.082549
7 0.615219 -0.99309 -0.810699 2.40437 0.109481 -0.701173
8 2.24752 0 0 0.0598109 -0.0285539 0.055571
9 1.11936 0 0 0.0749173 0.0546635 -0.249677
10 3.71348 -0.10264 0.102191 1.72191 0.902588 0.253024
11 1.72615 0 0 0.0109978 -0.00819546 -0.669038
12 1.21114 0 0 0.0102562 0.00731624 -0.229603
13 3.59919 -1.06012 0.0708885 1.76127 0.698349 0.162682
14 1.66069 0 0 -0.0162745 0.0340138 -0.756533
15 1.167 0 0 0.00841062 -0.00839371 -0.0583259
16 2.18852 0.50104 0.0576591 1.57366 0.0170902 0.156362
17 1.29609 0 0 0.082574 0.0081935 -0.840006
18 1.62202 0.000713825 -0.000471115 0.00856905 -0.0196517 -0.871514
19 1.22241 0 0 0.000237373 0.00593037 -0.115552
20 1.76707 1.27612 0.0366421 1.57458 0.216227 0.106808
21 1.55588 0 0 -0.026321 0.0188914 -0.653247
22 1.24273 0 0 -0.000479127 0.000360542 -0.897339
23 0.784523 0 0 0.0063639 -0.00322816 -0.0293473
24 -6.70653 5.9887 -5.32778 -0.000932693 0 -1.8749
25 6.02794 0 0 1.15076 0.434617 0.275126
26 11.7344 0 0 0.00140261 0 0.56492
27 8.81167 0 0 0.104925 0 0
28 5.77884 0 0 0.0702996 0 0
29 2.23249 0 0 0.0346251 0 0
30 11.4725 0 0 0.104288 -0.182788 -0.00609164
31 0.615812 0.994371 -0.809166 -2.88315 0.473458 0.364577
32 2.24752 0 0 -0.033431 0.235108 0.414666
33 1.11936 0 0 0.0758653 0.136146 1.16973
34 3.71348 0.102638 0.10219 -1.54675 0.834836 -0.400578
35 1.72615 0 0 -0.00689874 -0.00732662 1.09674
36 1.21112 0 0 0.0103137 0.0102 1.33017
37 3.5992 1.06012 0.0708878 -1.49306 0.382841 -0.0688126
38 1.66069 0 0 -0.0183614 0.0756731 -0.0153741
39 1.16699 0 0 0.0189983 0.0425299 0.057742
40 2.18853 -0.501041 0.0576587 -1.5728 0.133573 -0.17288
41 1.29609 0 0 0.120501 0.0520645 0.782584
42 1.62202 -0.000711441 -0.000469208 0.0811908 -0.0245018 1.19712
43 1.22241 0 0 -0.0119317 -0.00594711 1.29801
44 1.76707 -1.27612 0.0366404 -1.48212 0.284875 -0.100851
45 1.55588 0 0 0.223724 0.08684 0.700865
46 1.24273 0 0 0.000478913 0.000360589 0.964696
47 0.784531 0 0 -0.00618633 0.000249595 0.884667
48 0 0 0 0 0 0
49 -5.2565 -25.0456 -9.05709 0.090525 0.082427 0.236985
50 0 -0.611113 2.11238 0 0 0
51 -0.0145807 -2.38072 2.91209 0 0 0
52 -4.92339 -26.3823 -8.93626 0.090525 0.082427 0.236985
53 0 -0.675064 1.41593 0 0 0
54 0 0.979378 2.2232 0 0 0
55 0 -3.93659 2.85382 0 0 0
56 0 2.062 1.89703 -0.785398 0 0
57 0 -1.66928 2.73772 0 0 0
58 6.98255 2.1009 -16.1176 0 0 0
time 110
0 5.29295 0.155135 -9.17671 0.000934124 0 -1.53243
1 6.02794 0 0 -0.289256 0.134087 0.0841191
2 11.7344 0 0 -0.00140284 0 -1.63031
3 8.81138 -0.000450134 -0.00011158 0.108467 0 0.000157956
4 5.77839 0.000286102 0 0.0726726 0 0.000106378
5 2.23163 -0.000329971 -0.000363827 0.035794 0 0
6 11.4725 0 0 0.0468828 -0.614552 0.073379
7 0.615219 -0.993092 -0.810699 2.43005 0.0883709 -0.686451
8 2.24752 0 0 0.0610355 -0.0278435 0.0580818
9 1.11936 0 0 0.0749173 0.0546635 -0.249677
10 3.71348 -0.10264 0.102192 1.69876 0.823012 0.233576
11 1.72615 0 0 0.0099608 -0.00780202 -0.61678
12 1.21114 0 0 0.00843834 0.00613805 -0.213317
13 3.59919 -1.06012 0.0708885 1.75285 0.627366 0.147609
14 1.66069 0 0 -0.0133069 0.0343577 -0.687905
15 1.167 0 0 0.00841054 -0.00839372 -0.0313942
16 2.18852 0.501041 0.0576601 1.57314 -0.00185521 0.15581
17 1.29609 0 0 0.0759226 0.0135997 -0.788031
18 1.62202 0.000713587 -0.000473022 0.00781542 -0.018894 -0.80602
19 1.22241 0 0 -0.000315764 0.00589506 -0.112337
20 1.76707 1.27612 0.0366421 1.56599 0.191579 0.108774
21 1.55588 0 0 -0.0278146 0.0260024 -0.595158
22 1.24274 0 0 -0.00047931 0.000360459 -0.839013
23 0.784524 0 0 0.00636381 -0.00322828 -0.0318008
24 -6.70653 6.03176 -5.27735 -0.000932693 0 -1.8749
25 6.02794 0 0 1.14309 0.445042 0.276609
26 11.7344 0 0 0.00140263 0 0.6087
27 8.81167 0 0 0.104213 0 0
28 5.77884 0 0 0.0698227 0 0
29 2.23249 0 0 0.0343902 0 0
30 11.4725 0 0 0.115418 -0.210054 -0.0643053
31 0.615812 0.994373 -0.809165 -2.88315 0.473458 0.364577
32 2.24752 0 0 -0.0334311 0.235108 0.414666
33 1.11936 0 0 0.0758654 0.136146 1.16973
34 3.71348 0.10264 0.102191 -1.54675 0.834836 -0.400578
35 1.72615 0 0 -0.00689876 -0.00732664 1.09674
36 1.21112 0 0 0.0103137 0.0102 1.33017
37 3.5992 1.06012 0.070888 -1.49306 0.382841 -0.0688129
38 1.66069 0 0 -0.0183614 0.0756731 -0.0153739
39 1.16699 0 0 0.0189983 0.0425299 0.0577417
40 2.18853 -0.50104 0.0576594 -1.5728 0.133573 -0.17288
41 1.29609 0 0 0.120501 0.0520644 0.782583
42 1.62202 -0.000715256 -0.000470161 0.0811908 -0.0245018 1.19712
43 1.22241 0 0 -0.0119317 -0.00594706 1.29801
44 1.76707 -1.27612 0.0366409 -1.48212 0.284875 -0.100851
45 1.55588 0 0 0.223724 0.08684 0.700865
46 1.24273 0 0 0.000478907 0.000360567 0.964696
47 0.784531 0 0 -0.0061863 0.000249598 0.884667
48 0 0 0 0 0 0
49 -5.08828 -24.9053 -8.82977 0.103178 0.0735374 0.213721
50 0 -0.611115 2.11238 0 0 0
51 -0.0145798 -2.38072 2.91209 0 0 0
52 -4.78835 -26.2512 -8.72625 0.103178 0.0735375 0.213721
53 0 -0.675062 1.41593 0 0 0
54 0 0.979376 2.2232 0 0 0
55 0 -3.93658 2.85382 0 0 0
56 0 2.062 1.89703 -0.785398 0 0
57 0 -1.66928 2.73772 0 0 0
58 6.98255 2.1009 -16.1176 0 0 0
time 111
0 5.36169 0.417814 -9.01556 0.000934124 0 -1.53243
1 6.02795 0 0 -0.393749 0.249568 0.0883574
2 11.7344 0 0 -0.00140283 0 -1.63288
3 8.81138 -0.000450134 -0.000112534 0.133785 0 0.000157815
4 5.77839 0.000286102 0 0.0896361 0 0.000106413
5 2.23163 -0.000329971 -0.000363827 0.0441492 0 0
6 11.4725 0 0 0.09015 -0.549359 0.0470839
7 0.615219 -0.993093 -0.810701 2.45559 0.0672442 -0.670976
8 2.24752 0 0 0.0622597 -0.0264653 0.0599601
9 1.11936 0 0 0.0749173 0.0546635 -0.249677
10 3.71348 -0.102642 0.10219 1.67767 0.729526 0.220702
11 1.72615 0 0 0.00860517 -0.00703359 -0.556546
12 1.21114 0 0 0.00587938 0.00460607 -0.200201
13 3.59919 -1.06012 0.070888 1.74758 0.545396 0.13532
14 1.66069 0 0 -0.00981 0.0348568 -0.603434
15 1.167 0 0 0.0084103 -0.00839379 -0.0147129
16 2.18853 0.501038 0.0576587 1.57237 -0.0217552 0.154993
17 1.29609 0 0 0.0656345 0.0230876 -0.730029
18 1.62202 0.000714064 -0.000469208 0.00705402 -0.0176531 -0.725392
19 1.22241 0 0 -0.00113422 0.00584272 -0.114175
20 1.76707 1.27612 0.0366406 1.55329 0.163871 0.111681
21 1.55588 0 0 -0.0302994 0.0359214 -0.529671
22 1.24274 0 0 -0.000479179 0.00036051 -0.771225
23 0.784524 0 0 0.00636378 -0.00322818 -0.0358595
24 -6.70653 6.08182 -5.21871 -0.000932693 0 -1.8749
25 6.02794 0 0 1.13894 0.446994 0.280775
26 11.7344 0 0 0.00140264 0 0.626568
27 8.81167 0 0 0.105792 0 0
28 5.77884 0 0 0.0708806 0 0
29 2.23249 0 0 0.0349114 0 0
30 11.4725 0 0 0.125386 -0.228189 -0.097456
31 0.615814 0.994371 -0.809165 -2.88315 0.473458 0.364577
32 2.24752 0 0 -0.0334311 0.235108 0.414666
33 1.11936 0 0 0.0758652 0.136146 1.16973
34 3.71349 0.102638 0.102191 -1.54675 0.834836 -0.400578
35 1.72615 0 0 -0.00689866 -0.0073266 1.09674
36 1.21112 0 0 0.0103137 0.0102 1.33017
37 3.5992 1.06012 0.070888 -1.49306 0.382841 -0.0688128
38 1.66069 0 0 -0.0183614 0.0756731 -0.015374
39 1.16699 0 0 0.0189983 0.0425299 0.0577418
40 2.18853 -0.501041 0.0576589 -1.5728 0.133573 -0.17288
41 1.29609 0 0 0.120501 0.0520644 0.782583
42 1.62202 -0.000713348 -0.000469685 0.0811908 -0.0245018 1.19712
43 1.2224 0 0 -0.0119317 -0.00594715 1.29801
44 1.76707 -1.27612 0.0366406 -1.48212 0.284875 -0.100851
45 1.55588 0 0 0.223724 0.08684 0.700865
46 1.24273 0 0 0.000478921 0.00036056 0.964696
47 0.784533 0 0 -0.00618633 0.000249602 0.884667
48 0 0 0 0 0 0
49 -4.9558 -24.8141 -8.66025 0.11113 0.0658845 0.199015
50 0 -0.611115 2.11238 0 0 0
51 -0.0145798 -2.38072 2.91209 0 0 0
52 -4.67703 -26.1654 -8.56762 0.11113 0.0658845 0.199016
53 0 -0.675066 1.41593 0 0 0
54 0 0.979376 2.2232 0 0 0
55 0 -3.93659 2.85382 0 0 0
56 0 2.062 1.89703 -0.785398 0 0
57 0 -1.66928 2.73772 0 0 0
58 6.98255 2.1009 -16.1176 0 0 0
time 112
0 5.43877 0.686039 -8.83486 0.000934124 0 -1.53243
1 6.02795 0 0 -0.536827 0.387753 0.0557062
2 11.7344 0 0 -0.00140284 0 -1.61979
3 8.81138 -0.000448227 -0.00011301 0.201538 0 0.000158094
4 5.77839 0.00028801 0 0.13503 0 0.000106936
5 2.23163 -0.000326157 -0.00036335 0.0665075 0 0
6 11.4725 0 0 0.178276 -0.471762 0.00414392
7 0.615219 -0.993092 -0.8107 2.48033 0.0466213 -0.654954
8 2.24752 0 0 0.0634532 -0.0242961 0.0610105
9 1.11936 0 0 0.0749174 0.0546634 -0.249677
10 3.71348 -0.10264 0.102191 1.65872 0.626862 0.213219
11 1.72615 0 0 0.00702615 -0.00598191 -0.491328
12 1.21114 0 0 0.002782 0.00283117 -0.190357
13 3.59919 -1.06012 0.070888 1.74503 0.456426 0.125519
14 1.66069 0 0 -0.00596748 0.0354781 -0.508067
15 1.167 0 0 0.0084105 -0.00839374 -0.0068632
16 2.18852 0.50104 0.0576596 1.57141 -0.0420466 0.153982
17 1.29609 0 0 0.0526627 0.0356441 -0.668627
18 1.62202 0.000713825 -0.000469208 0.00630063 -0.0160561 -0.634304
19 1.22241 0 0 -0.00214664 0.00577806 -0.120521
20 1.76707 1.27612 0.0366411 1.53758 0.134287 0.115278
21 1.55588 0 0 -0.0335224 0.0478688 -0.459685
22 1.24274 0 0 -0.000479393 0.000360462 -0.697528
23 0.784523 0 0 0.00636396 -0.00322814 -0.041801
24 -6.70653 6.13796 -5.15296 -0.000932693 0 -1.8749
25 6.02794 0 0 1.13798 0.442023 0.287003
26 11.7344 0 0 0.0014027 0 0.619649
27 8.81167 0 0 0.11372 0 0
28 5.77884 0 0 0.0761928 0 0
29 2.23249 0 0 0.0375278 0 0
30 11.4725 0 0 0.134828 -0.236162 -0.10231
31 0.615814 0.994373 -0.809165 -2.88315 0.473458 0.364577
32 2.24752 0 0 -0.0334309 0.235107 0.414666
33 1.11936 0 0 0.0758653 0.136146 1.16973
34 3.71349 0.10264 0.102191 -1.54675 0.834836 -0.400578
35 1.72615 0 0 -0.0068987 -0.00732659 1.09674
36 1.21112 0 0 0.0103137 0.0102 1.33017
37 3.5992 1.06012 0.0708883 -1.49306 0.382841 -0.0688127
38 1.66069 0 0 -0.0183614 0.0756731 -0.0153739
39 1.16699 0 0 0.0189983 0.0425299 0.0577417
40 2.18853 -0.50104 0.0576587 -1.5728 0.133573 -0.17288
41 1.29609 0 0 0.120501 0.0520644 0.782583
42 1.62202 -0.000713348 -0.000470161 0.0811908 -0.0245018 1.19712
43 1.22241 0 0 -0.0119317 -0.00594705 1.29801
44 1.76707 -1.27612 0.0366409 -1.48212 0.284875 -0.100851
45 1.55587 0 0 0.223724 0.0868401 0.700865
46 1.24273 0 0 0.000478929 0.000360572 0.964696
47 0.784533 0 0 -0.00618628 0.000249559 0.884667
48 0 0 0 0 0 0
49 -4.85768 -24.7818 -8.56253 0.112284 0.0581794 0.195058
50 0 -0.611113 2.11238 0 0 0
51 -0.0145807 -2.38072 2.91209 0 0 0
52 -4.58503 -26.1345 -8.47144 0.112284 0.0581794 0.195058
53 0 -0.675066 1.41593 0 0 0
54 0 0.979378 2.2232 0 0 0
55 0 -3.93659 2.85382 0 0 0
56 0 2.062 1.89703 -0.785398 0 0
57 0 -1.66928 2.73772 0 0 0
58 6.98255 2.1009 -16.1176 0 0 0
time 113
0 5.5229 0.957754 -8.63761 0.000934124 0 -1.53243
1 6.02795 0 0 -0.729297 0.530275 -0.0239226
2 11.7344 0 0 -0.00140281 0 -1.59464
3 8.81138 -0.000448227 -0.000112057 0.301825 0 0.000157779
4 5.77839 0.00028801 0 0.202223 0 0.000107261
5 2.23163 -0.000328064 -0.000364304 0.0996022 0 0
6 11.4725 0 0 0.300088 -0.376891 -0.0528702
7 0.61522 -0.99309 -0.8107 2.50359 0.0270222 -0.638592
8 2.24752 0 0 0.0645855 -0.021213 0.0610372
9 1.11936 0 0 0.0749173 0.0546635 -0.249677
10 3.71348 -0.102642 0.10219 1.64193 0.519755 0.209946
11 1.72615 0 0 0.00531923 -0.00473855 -0.424119
12 1.21114 0 0 -0.000651016 0.000923851 -0.183889
13 3.59919 -1.06012 0.0708876 1.74476 0.364446 0.117908
14 1.66069 0 0 -0.00196157 0.0361889 -0.406752
15 1.167 0 0 0.00841033 -0.00839376 -0.00642695
16 2.18852 0.50104 0.0576591 1.57034 -0.0621672 0.152849
17 1.29609 0 0 0.0379576 0.0502557 -0.606456
18 1.62202 0.000714064 -0.000469208 0.00557197 -0.014229 -0.537427
19 1.22241 0 0 -0.0032819 0.00570546 -0.13083
20 1.76707 1.27612 0.0366406 1.51995 0.104012 0.119312
21 1.55588 0 0 -0.0372309 0.0610657 -0.3881
22 1.24274 0 0 -0.000479183 0.000360506 -0.621476
23 0.784524 0 0 0.00636397 -0.00322815 -0.0499027
24 -6.70653 6.19924 -5.08119 -0.000932693 0 -1.8749
25 6.02794 0 0 1.1378 0.435871 0.293446
26 11.7344 0 0 0.0014027 0 0.602997
27 8.81167 0 0 0.129192 0 0
28 5.77884 0 0 0.0865587 0 0
29 2.23249 0 0 0.0426334 0 0
30 11.4725 0 0 0.14716 -0.241175 -0.0900273
31 0.615812 0.994372 -0.809165 -2.88315 0.473458 0.364577
32 2.24752 0 0 -0.0334312 0.235108 0.414666
33 1.11936 0 0 0.0758653 0.136146 1.16973
34 3.71348 0.102639 0.10219 -1.54675 0.834836 -0.400578
35 1.72615 0 0 -0.00689868 -0.00732664 1.09674
36 1.21112 0 0 0.0103137 0.0102001 1.33017
37 3.5992 1.06012 0.070888 -1.49306 0.382841 -0.0688127
38 1.66069 0 0 -0.0183614 0.0756731 -0.0153741
39 1.16699 0 0 0.0189983 0.0425299 0.0577419
40 2.18853 -0.50104 0.0576591 -1.5728 0.133573 -0.17288
41 1.29609 0 0 0.120501 0.0520644 0.782583
42 1.62202 -0.000713348 -0.000469685 0.0811908 -0.0245018 1.19712
43 1.22241 0 0 -0.0119317 -0.00594707 1.29801
44 1.76707 -1.27612 0.0366406 -1.48212 0.284875 -0.100851
45 1.55588 0 0 0.223724 0.0868401 0.700865
46 1.24273 0 0 0.000478923 0.000360584 0.964696
47 0.784531 0 0 -0.00618633 0.000249585 0.884667
48 0 0 0 0 0 0
49 -4.77924 -24.7609 -8.50329 0.105717 0.0474585 0.196442
50 0 -0.611115 2.11238 0 0 0
51 -0.0145798 -2.38072 2.91209 0 0 0
52 -4.50537 -26.1126 -8.40311 0.105717 0.0474585 0.196442
53 0 -0.675062 1.41593 0 0 0
54 0 0.97938 2.2232 0 0 0
55 0 -3.93659 2.85382 0 0 0
56 0 2.062 1.89702 -0.785398 0 0
57 0 -1.66928 2.73772 0 0 0
58 6.98255 2.1009 -16.1176 0 0 0
time 114
0 5.61281 1.2309 -8.42683 0.000934124 0 -1.53243
1 6.02795 0 0 -0.960832 0.646259 -0.147172
2 11.7344 0 0 -0.00140278 0 -1.55434
3 8.81138 -0.000448227 -0.000112057 0.405936 0 0.000157604
4 5.77839 0.00028801 0 0.271977 0 0.000107705
5 2.23163 -0.000328064 -0.00036478 0.133959 0 0
6 11.4725 0 0 0.421553 -0.279148 -0.116937
7 0.61522 -0.993092 -0.8107 2.52473 0.0089663 -0.622097
8 2.24752 0 0 0.0656261 -0.0170928 0.0598449
9 1.11936 0 0 0.0749174 0.0546634 -0.249677
10 3.71348 -0.10264 0.102191 1.62738 0.412939 0.209704
11 1.72615 0 0 0.00357904 -0.00339547 -0.357915
12 1.21113 0 0 -0.00421628 -0.00100484 -0.180901
13 3.59919 -1.06012 0.070888 1.74633 0.273445 0.112192
14 1.66069 0 0 0.0020247 0.0369565 -0.304435
15 1.167 0 0 0.00841028 -0.00839373 -0.0119854
16 2.18853 0.501038 0.0576587 1.56922 -0.0815541 0.151664
17 1.29609 0 0 0.0224719 0.0659088 -0.546143
18 1.62202 0.000713825 -0.000471115 0.0048839 -0.0122985 -0.439434
19 1.22241 0 0 -0.00446925 0.00562955 -0.144555
20 1.76707 1.27612 0.0366406 1.50153 0.0742294 0.12353
21 1.55588 0 0 -0.0411716 0.0747328 -0.317815
22 1.24274 0 0 -0.000479228 0.00036053 -0.546626
23 0.784523 0 0 0.00636384 -0.00322818 -0.0604422
24 -6.70653 6.26472 -5.00449 -0.000932693 0 -1.8749
25 6.02794 0 0 1.13815 0.42963 0.299496
26 11.7344 0 0 0.00140268 0 0.581642
27 8.81167 0 0 0.146956 0 0
28 5.77884 0 0 0.0984604 0 0
29 2.23249 0 0 0.0484955 0 0
30 11.4725 0 0 0.159428 -0.245641 -0.0692458
31 0.615814 0.994372 -0.809165 -2.88315 0.473458 0.364577
32 2.24752 0 0 -0.033431 0.235107 0.414666
33 1.11936 0 0 0.0758654 0.136146 1.16973
34 3.71349 0.102639 0.102191 -1.54675 0.834836 -0.400578
35 1.72615 0 0 -0.0068987 -0.00732659 1.09674
36 1.21112 0 0 0.0103137 0.0102001 1.33017
37 3.5992 1.06012 0.070889 -1.49306 0.382841 -0.0688127
38 1.66069 0 0 -0.0183614 0.0756731 -0.015374
39 1.16699 0 0 0.0189983 0.0425299 0.0577419
40 2.18853 -0.50104 0.0576594 -1.5728 0.133573 -0.17288
41 1.29609 0 0 0.120501 0.0520644 0.782584
42 1.62202 -0.000711441 -0.000470161 0.0811908 -0.0245018 1.19712
43 1.22241 0 0 -0.0119317 -0.00594712 1.29801
44 1.76707 -1.27612 0.0366411 -1.48212 0.284875 -0.100851
45 1.55588 0 0 0.223724 0.08684 0.700865
46 1.24273 0 0 0.000478929 0.000360572 0.964696
47 0.784532 0 0 -0.0061863 0.00024957 0.884667
48 0 0 0 0 0 0
49 -4.72727 -24.7439 -8.47229 0.0956464 0.0363793 0.199133
50 0 -0.611113 2.11238 0 0 0
51 -0.0145798 -2.38072 2.91209 0 0 0
52 -4.45057 -26.094 -8.35818 0.0956464 0.0363794 0.199134
53 0 -0.675062 1.41593 0 0 0
54 0 0.97938 2.2232 0 0 0
55 0 -3.93659 2.85382 0 0 0
56 0 2.062 1.89703 -0.785398 0 0
57 0 -1.66928 2.73772 0 0 0
58 6.98255 2.1009 -16.1176 0 0 0
time 115
0 5.70721 1.50343 -8.20553 0.000934124 0 -1.53243
1 6.02795 0 0 -1.18624 0.711382 -0.281366
2 11.7344 0 0 -0.00140279 0 -1.49761
3 8.81138 -0.000450134 -0.000112057 0.47625 0 0.000157201
4 5.77839 0.000286102 0 0.319088 0 0.000107906
5 2.23163 -0.000329971 -0.000364304 0.157163 0 0
6 11.4725 0 0 0.503461 -0.209254 -0.1802
7 0.61522 -0.99309 -0.8107 2.54307 -0.00702561 -0.605674
8 2.24752 0 0 0.0665448 -0.0118125 0.0572377
9 1.11936 0 0 0.0749173 0.0546634 -0.249677
10 3.71348 -0.10264 0.102191 1.6151 0.311149 0.21131
11 1.72615 0 0 0.00190151 -0.00204443 -0.295709
12 1.21114 0 0 -0.00771191 -0.00284431 -0.181495
13 3.59919 -1.06012 0.070888 1.7493 0.187413 0.108072
14 1.66069 0 0 0.00580822 0.0377482 -0.206066
15 1.167 0 0 0.0084105 -0.00839379 -0.0221201
16 2.18853 0.501041 0.0576591 1.56812 -0.0996446 0.150498
17 1.29609 0 0 0.0071565 0.0815905 -0.490319
18 1.62202 0.000713825 -0.000471115 0.00425273 -0.010391 -0.344997
19 1.22241 0 0 -0.00563768 0.00555492 -0.161152
20 1.76707 1.27612 0.0366411 1.48339 0.0461235 0.12768
21 1.55587 0 0 -0.0450917 0.0880914 -0.251731
22 1.24273 0 0 -0.000479251 0.000360467 -0.476531
23 0.784523 0 0 0.00636369 -0.00322821 -0.0736969
24 -6.70653 6.33347 -4.92397 -0.000932693 0 -1.8749
25 6.02794 0 0 1.13885 0.42423 0.304631
26 11.7344 0 0 0.0014027 0 0.560244
27 8.81167 0 0 0.161827 0 0
28 5.77884 0 0 0.108424 0 0
29 2.23249 0 0 0.0534027 0 0
30 11.4725 0 0 0.168753 -0.251928 -0.0484442
31 0.615814 0.994373 -0.809165 -2.88315 0.473458 0.364577
32 2.24752 0 0 -0.0334311 0.235108 0.414666
33 1.11936 0 0 0.0758654 0.136146 1.16973
34 3.71349 0.102639 0.10219 -1.54675 0.834836 -0.400578
35 1.72615 0 0 -0.0068987 -0.00732656 1.09674
36 1.21112 0 0 0.0103137 0.0102 1.33017
37 3.5992 1.06012 0.070888 -1.49306 0.382841 -0.0688125
38 1.66069 0 0 -0.0183614 0.0756731 -0.015374
39 1.16699 0 0 0.0189983 0.0425299 0.0577418
40 2.18853 -0.50104 0.0576587 -1.5728 0.133573 -0.17288
41 1.29609 0 0 0.120501 0.0520644 0.782583
42 1.62202 -0.000711441 -0.000469208 0.0811907 -0.0245018 1.19712
43 1.22241 0 0 -0.0119317 -0.00594716 1.29801
44 1.76707 -1.27612 0.0366402 -1.48212 0.284875 -0.100851
45 1.55588 0 0 0.223724 0.08684 0.700865
46 1.24273 0 0 0.000478899 0.000360588 0.964696
47 0.784531 0 0 -0.0061863 0.000249606 0.884667
48 0 0 0 0 0 0
49 -4.70829 -24.7241 -8.45928 0.0863052 0.0275526 0.198892
50 0 -0.611113 2.11238 0 0 0
51 -0.0145807 -2.38072 2.91209 0 0 0
52 -4.43278 -26.0732 -8.33227 0.0863051 0.0275526 0.198893
53 0 -0.675066 1.41593 0 0 0
54 0 0.979376 2.2232 0 0 0
55 0 -3.93659 2.85382 0 0 0
56 0 2.062 1.89703 -0.785398 0 0
57 0 -1.66928 2.73772 0 0 0
58 6.98255 2.1009 -16.1176 0 0 0
time 116
0 5.80481 1.77328 -7.9767 0.000934124 0 -1.53243
1 6.02795 0 0 -1.34687 0.728467 -0.379913
2 11.7344 0 0 -0.00140292 0 -1.42495
3 8.81138 -0.000448227 -0.000112057 0.48598 0 0.000157975
4 5.77839 0.000286102 0 0.325607 0 0.000108335
5 2.23163 -0.000328064 -0.000364304 0.160373 0 0
6 11.4725 0 0 0.52596 -0.192131 -0.239694
7 0.61522 -0.993092 -0.810701 2.55795 -0.0204344 -0.589531
8 2.24752 0 0 0.0673108 -0.00524884 0.0530205
9 1.11936 0 0 0.0749173 0.0546634 -0.249677
10 3.71348 -0.102642 0.10219 1.60515 0.219118 0.213584
11 1.72615 0 0 0.000381019 -0.000777257 -0.240495
12 1.21113 0 0 -0.0109342 -0.00448369 -0.185775
13 3.59919 -1.06012 0.070888 1.75324 0.110337 0.105254
14 1.66069 0 0 0.00920632 0.0385313 -0.116591
15 1.167 0 0 0.00841052 -0.00839387 -0.0354124
16 2.18853 0.50104 0.0576591 1.5671 -0.115876 0.149422
17 1.29609 0 0 -0.00703617 0.0962871 -0.441611
18 1.62202 0.000713587 -0.000471115 0.00369441 -0.00863317 -0.258788
19 1.22241 0 0 -0.0067157 0.00548594 -0.180074
20 1.76707 1.27612 0.0366402 1.46666 0.0208783 0.13151
21 1.55588 0 0 -0.0487386 0.100362 -0.192746
22 1.24274 0 0 -0.000479359 0.000360428 -0.414746
23 0.784523 0 0 0.00636381 -0.00322812 -0.0899441
24 -6.70653 6.40456 -4.84071 -0.000932693 0 -1.8749
25 6.02794 0 0 1.13961 0.421123 0.308069
26 11.7344 0 0 0.00140266 0 0.544535
27 8.81167 0 0 0.171463 0 0
28 5.77884 0 0 0.11488 0 0
29 2.23249 0 0 0.0565828 0 0
30 11.4725 0 0 0.173826 -0.261463 -0.0318372
31 0.615816 0.994371 -0.809165 -2.88315 0.473458 0.364577
32 2.24752 0 0 -0.0334311 0.235107 0.414666
33 1.11936 0 0 0.0758654 0.136146 1.16973
34 3.71349 0.102639 0.102191 -1.54675 0.834836 -0.400578
35 1.72615 0 0 -0.00689872 -0.00732658 1.09674
36 1.21112 0 0 0.0103137 0.0102 1.33017
37 3.5992 1.06012 0.0708885 -1.49306 0.382841 -0.0688129
38 1.66069 0 0 -0.0183614 0.0756731 -0.015374
39 1.16699 0 0 0.0189983 0.0425299 0.0577418
40 2.18853 -0.501041 0.0576589 -1.5728 0.133573 -0.17288
41 1.29609 0 0 0.120501 0.0520644 0.782583
42 1.62201 -0.000717163 -0.000470161 0.0811907 -0.0245018 1.19712
43 1.22241 0 0 -0.0119318 -0.00594714 1.29801
44 1.76707 -1.27612 0.0366406 -1.48212 0.284875 -0.100851
45 1.55587 0 0 0.223724 0.0868401 0.700865
46 1.24273 0 0 0.000478945 0.000360555 0.964696
47 0.784532 0 0 -0.00618631 0.0002496 0.884667
48 0 0 0 0 0 0
49 -4.71952 -24.6897 -8.43734 0.077525 0.022118 0.194048
50 0 -0.611116 2.11238 0 0 0
51 -0.0145807 -2.38072 2.91209 0 0 0
52 -4.45119 -26.0391 -8.29823 0.0775249 0.022118 0.194048
53 0 -0.675066 1.41593 0 0 0
54 0 0.979378 2.2232 0 0 0
55 0 -3.93659 2.85382 0 0 0
56 0 2.062 1.89703 -0.785398 0 0
57 0 -1.66928 2.73772 0 0 0
58 6.98255 2.1009 -16.1176 0 0 0
time 117
0 5.90434 2.03839 -7.74336 0.000934124 0 -1.53243
1 6.02795 0 0 -1.41442 0.715541 -0.420411
2 11.7344 0 0 -0.00140285 0 -1.34101
3 8.81139 -0.00044632 -0.000110626 0.425071 0 0.000157816
4 5.77839 0.000286102 0 0.284798 0 0.000107974
5 2.23164 -0.000328064 -0.00036335 0.140274 0 0
6 11.4725 0 0 0.485914 -0.235995 -0.287466
7 0.615219 -0.993092 -0.8107 2.5687 -0.0307394 -0.573872
8 2.24752 0 0 0.0678939 0.00272131 0.0469976
9 1.11936 0 0 0.0749173 0.0546634 -0.249677
10 3.71348 -0.10264 0.102191 1.59758 0.14158 0.215344
11 1.72615 0 0 -0.000886438 0.000314381 -0.195266
12 1.21113 0 0 -0.0136811 -0.0058121 -0.193845
13 3.59919 -1.06012 0.0708885 1.75769 0.0462083 0.103439
14 1.66069 0 0 0.0120363 0.039273 -0.0409589
15 1.16699 0 0 0.00841045 -0.00839376 -0.0504441
16 2.18852 0.501041 0.0576591 1.56624 -0.129686 0.148507
17 1.29609 0 0 -0.019155 0.108985 -0.40265
18 1.62202 0.000713825 -0.000471115 0.00322513 -0.00715123 -0.18548
19 1.22241 0 0 -0.00763273 0.00542732 -0.200776
20 1.76707 1.27612 0.0366411 1.45243 -0.000322044 0.134768
21 1.55588 0 0 -0.0518591 0.110765 -0.143762
22 1.24274 0 0 -0.00047928 0.00036047 -0.364826
23 0.784524 0 0 0.00636386 -0.00322818 -0.109462
24 -6.70653 6.47705 -4.7558 -0.000932693 0 -1.8749
25 6.02794 0 0 1.14009 0.422087 0.308868
26 11.7344 0 0 0.00140277 0 0.540889
27 8.81167 0 0 0.17641 0 0
28 5.77884 0 0 0.118195 0 0
29 2.23249 0 0 0.0582151 0 0
30 11.4725 0 0 0.175507 -0.273555 -0.0209374
31 0.615812 0.994372 -0.809166 -2.88315 0.473458 0.364577
32 2.24752 0 0 -0.033431 0.235108 0.414666
33 1.11936 0 0 0.0758654 0.136146 1.16973
34 3.71349 0.102639 0.10219 -1.54675 0.834836 -0.400578
35 1.72615 0 0 -0.0068987 -0.00732659 1.09674
36 1.21112 0 0 0.0103136 0.0102 1.33017
37 3.5992 1.06012 0.0708883 -1.49306 0.382841 -0.0688127
38 1.66069 0 0 -0.0183614 0.0756731 -0.015374
39 1.16699 0 0 0.0189983 0.0425299 0.0577418
40 2.18853 -0.50104 0.0576587 -1.5728 0.133573 -0.17288
41 1.29609 0 0 0.120501 0.0520644 0.782583
42 1.62202 -0.000715256 -0.000469208 0.0811908 -0.0245018 1.19712
43 1.22241 0 0 -0.0119317 -0.00594712 1.29801
44 1.76707 -1.27612 0.0366402 -1.48212 0.284875 -0.100851
45 1.55587 0 0 0.223724 0.08684 0.700865
46 1.24273 0 0 0.000478955 0.00036055 0.964696
47 0.784533 0 0 -0.00618633 0.000249613 0.884667
48 0 0 0 0 0 0
49 -4.74749 -24.6245 -8.36994 0.0667095 0.0191868 0.186273
50 0 -0.611115 2.11238 0 0 0
51 -0.0145798 -2.38072 2.91209 0 0 0
52 -4.49008 -25.9744 -8.21596 0.0667094 0.0191869 0.186273
53 0 -0.675064 1.41593 0 0 0
54 0 0.979376 2.2232 0 0 0
55 0 -3.93659 2.85382 0 0 0
56 0 2.062 1.89703 -0.785398 0 0
57 0 -1.66928 2.73772 0 0 0
58 6.98255 2.1009 -16.1176 0 0 0
time 118
0 6.00451 2.29671 -7.50852 0.000934124 0 -1.53243
1 6.02795 0 0 -1.40768 0.687294 -0.417173
2 11.7344 0 0 -0.00140293 0 -1.25251
3 8.81138 -0.000450134 -0.000110626 0.298485 0 0.000157269
4 5.77839 0.000286102 0 0.199985 0 0.00010682
5 2.23164 -0.000328064 -0.000362873 0.0985001 0 0
6 11.4725 0 0 0.387427 -0.327332 -0.30792
7 0.615218 -0.993093 -0.8107 2.57465 -0.0374212 -0.558905
8 2.24752 0 0 0.0682636 0.0122211 0.0389734
9 1.11936 0 0 0.0749173 0.0546636 -0.249677
10 3.71348 -0.102642 0.102191 1.59244 0.0832691 0.215411
11 1.72615 0 0 -0.00180623 0.00113871 -0.163016
12 1.21113 0 0 -0.0157493 -0.006719 -0.205807
13 3.59919 -1.06012 0.0708878 1.76222 -0.000985474 0.102331
14 1.66069 0 0 0.0141147 0.0399409 0.0158836
15 1.167 0 0 0.00841045 -0.00839379 -0.0657964
16 2.18853 0.50104 0.0576589 1.56559 -0.140511 0.147824
17 1.2961 0 0 -0.028248 0.118672 -0.376064
18 1.62202 0.000713706 -0.000471115 0.00286123 -0.0060717 -0.129745
19 1.22241 0 0 -0.00831745 0.00538357 -0.222712
20 1.76707 1.27612 0.0366409 1.4418 -0.0162933 0.137201
21 1.55588 0 0 -0.0542004 0.118522 -0.107678
22 1.24274 0 0 -0.000479232 0.000360633 -0.330327
23 0.784524 0 0 0.00636383 -0.00322819 -0.132527
24 -6.70653 6.55 -4.67035 -0.000932693 0 -1.8749
25 6.02794 0 0 1.14009 0.427948 0.306641
26 11.7344 0 0 0.00140269 0 0.551626
27 8.81167 0 0 0.176497 0 0
28 5.77884 0 0 0.118253 0 0
29 2.23249 0 0 0.058244 0 0
30 11.4725 0 0 0.174263 -0.287478 -0.0175828
31 0.615812 0.994372 -0.809166 -2.88315 0.473458 0.364577
32 2.24752 0 0 -0.033431 0.235107 0.414666
33 1.11935 0 0 0.0758654 0.136146 1.16973
34 3.71349 0.102639 0.102191 -1.54675 0.834836 -0.400578
35 1.72615 0 0 -0.00689871 -0.00732656 1.09674
36 1.21112 0 0 0.0103137 0.0102 1.33017
37 3.5992 1.06012 0.070888 -1.49306 0.382841 -0.0688127
38 1.66069 0 0 -0.0183614 0.0756731 -0.015374
39 1.16699 0 0 0.0189983 0.0425299 0.0577418
40 2.18853 -0.50104 0.0576591 -1.5728 0.133573 -0.17288
41 1.29609 0 0 0.120501 0.0520644 0.782583
42 1.62201 -0.000713348 -0.000470161 0.0811908 -0.0245018 1.19712
43 1.22241 0 0 -0.0119317 -0.00594714 1.29801
44 1.76707 -1.27612 0.0366406 -1.48212 0.284875 -0.100851
45 1.55587 0 0 0.223724 0.08684 0.700865
46 1.24273 0 0 0.000478929 0.000360564 0.964696
47 0.784533 0 0 -0.00618632 0.000249581 0.884667
48 0 0 0 0 0 0
49 -4.7881 -24.5224 -8.25386 0.054455 0.0182751 0.176123
50 0 -0.611113 2.11238 0 0 0
51 -0.0145798 -2.38072 2.91209 0 0 0
52 -4.54458 -25.8729 -8.08305 0.0544549 0.0182752 0.176124
53 0 -0.675066 1.41593 0 0 0
54 0 0.979378 2.2232 0 0 0
55 0 -3.93659 2.85382 0 0 0
56 0 2.062 1.89703 -0.785398 0 0
57 0 -1.66928 2.73772 0 0 0
58 6.98255 2.1009 -16.1176 0 0 0
time 119
0 6.10404 2.54618 -7.27519 0.000934124 0 -1.53243
1 6.02795 0 0 -1.3668 0.651174 -0.397106
2 11.7344 0 0 -0.00140276 0 -1.1633
3 8.81138 -0.000448227 -0.00011158 0.121881 0 0.000157421
4 5.77839 0.000286102 0 0.0816603 0 0.000106078
5 2.23164 -0.000328064 -0.00036335 0.0402207 0 0
6 11.4725 0 0 0.235466 -0.436077 -0.285803
7 0.61522 -0.993092 -0.8107 2.57514 -0.0399595 -0.544837
8 2.24752 0 0 0.0683897 0.0233732 0.0287523
9 1.11936 0 0 0.0749173 0.0546636 -0.249677
10 3.71348 -0.10264 0.102191 1.58978 0.0489201 0.212602
11 1.72615 0 0 -0.0022832 0.00160397 -0.146739
12 1.21114 0 0 -0.0169358 -0.00709342 -0.221765
13 3.59919 -1.06012 0.0708878 1.7664 -0.0272546 0.101634
14 1.66069 0 0 0.0152593 0.0405019 0.0489889
15 1.167 0 0 0.00841043 -0.0083938 -0.080051
16 2.18853 0.50104 0.0576587 1.56523 -0.147789 0.147443
17 1.29609 0 0 -0.0333638 0.124333 -0.364483
18 1.62202 0.000713587 -0.000471115 0.00261882 -0.00552127 -0.0962558
19 1.22241 0 0 -0.00869889 0.0053591 -0.245337
20 1.76707 1.27612 0.0366409 1.43588 -0.0258512 0.138556
21 1.55588 0 0 -0.0555095 0.122854 -0.0873923
22 1.24273 0 0 -0.000479265 0.000360602 -0.314802
23 0.784523 0 0 0.00636385 -0.00322819 -0.159417
24 -6.70653 6.62249 -4.58545 -0.000932693 0 -1.8749
25 6.02794 0 0 1.13972 0.437416 0.302126
26 11.7344 0 0 0.00140257 0 0.572516
27 8.81167 0 0 0.172681 0 0
28 5.77884 0 0 0.115697 0 0
29 2.23249 0 0 0.0569849 0 0
30 11.4725 0 0 0.170645 -0.302609 -0.0194404
31 0.615812 0.994372 -0.809166 -2.88315 0.473458 0.364577
32 2.24752 0 0 -0.033431 0.235108 0.414666
33 1.11936 0 0 0.0758654 0.136146 1.16973
34 3.71349 0.102639 0.102191 -1.54675 0.834836 -0.400578
35 1.72615 0 0 -0.0068987 -0.00732658 1.09674
36 1.21112 0 0 0.0103137 0.0102 1.33017
37 3.5992 1.06012 0.0708878 -1.49306 0.382841 -0.0688128
38 1.66069 0 0 -0.0183614 0.0756731 -0.0153741
39 1.16699 0 0 0.0189983 0.0425299 0.0577418
40 2.18853 -0.501041 0.0576587 -1.5728 0.133573 -0.17288
41 1.29609 0 0 0.120501 0.0520645 0.782584
42 1.62202 -0.000715256 -0.000469208 0.0811907 -0.0245018 1.19712
43 1.22241 0 0 -0.0119317 -0.0059471 1.29801
44 1.76707 -1.27612 0.0366404 -1.48212 0.284875 -0.100851
45 1.55588 0 0 0.223724 0.08684 0.700865
46 1.24273 0 0 0.000478909 0.000360574 0.964696
47 0.784533 0 0 -0.00618632 0.00024958 0.884667
48 0 0 0 0 0 0
49 -4.84146 -24.3931 -8.10791 0.0413526 0.0188933 0.164147
50 0 -0.611115 2.11238 0 0 0
51 -0.0145788 -2.38073 2.91209 0 0 0
52 -4.61408 -25.744 -7.91914 0.0413526 0.0188933 0.164147
53 0 -0.675062 1.41593 0 0 0
54 0 0.979378 2.2232 0 0 0
55 0 -3.93659 2.85382 0 0 0
56 0 2.062 1.89703 -0.785398 0 0
57 0 -1.66928 2.73772 0 0 0
58 6.98255 2.1009 -16.1176 0 0 0
time 120
0 6.20165 2.78475 -7.04636 0.000934124 0 -1.53243
1 6.02795 0 0 -1.3125 0.610144 -0.374282
2 11.7344 0 0 -0.00140292 0 -1.07509
3 8.81139 -0.000448227 -0.00011158 -0.0987294 0 0.000157614
4 5.77839 0.000286102 0 -0.0661487 0 0.000105109
5 2.23163 -0.000328064 -0.00036478 -0.0325807 0 0
6 11.4725 0 0 0.0185338 -0.548666 -0.198028
7 0.615223 -0.99309 -0.8107 2.56948 -0.0380771 -0.530134
8 2.24752 0 0 0.0682527 0.0377224 0.0148246
9 1.11936 0 0 0.0749174 0.0546634 -0.249677
10 3.71348 -0.102638 0.102191 1.59165 0.045033 0.207462
11 1.72615 0 0 -0.00220823 0.0016708 -0.151719
12 1.21114 0 0 -0.0170814 -0.0067799 -0.246375
13 3.5992 -1.06012 0.070888 1.77147 -0.0262286 0.10257
14 1.66068 0 0 0.0151974 0.0409906 0.0526151
15 1.167 0 0 0.0084105 -0.00839381 -0.0973713
16 2.18853 0.501041 0.0576591 1.56521 -0.150305 0.147418
17 1.29609 0 0 -0.0338731 0.125516 -0.373675
18 1.62202 0.000713825 -0.000473022 0.00254912 -0.00559292 -0.090111
19 1.22241 0 0 -0.00872413 0.00535754 -0.272534
20 1.76707 1.27612 0.0366408 1.43549 -0.0270365 0.138646
21 1.55588 0 0 -0.0556397 0.123094 -0.0880177
22 1.24273 0 0 -0.000479194 0.00036053 -0.324803
23 0.784525 0 0 0.00636385 -0.00322826 -0.193833
24 -6.70653 6.69358 -4.50219 -0.000932693 0 -1.8749
25 6.02794 0 0 1.13922 0.448839 0.29621
26 11.7344 0 0 0.00140286 0 0.59955
27 8.81167 0 0 0.165803 0 0
28 5.77884 0 0 0.111088 0 0
29 2.23249 0 0 0.0547149 0 0
30 11.4725 0 0 0.165226 -0.318292 -0.0247924
31 0.615812 0.994373 -0.809166 -2.88315 0.473458 0.364577
32 2.24752 0 0 -0.0334311 0.235107 0.414666
33 1.11936 0 0 0.0758654 0.136146 1.16973
34 3.71349 0.102639 0.10219 -1.54675 0.834836 -0.400578
35 1.72615 0 0 -0.00689871 -0.00732662 1.09674
36 1.21112 0 0 0.0103137 0.0102 1.33017
37 3.5992 1.06012 0.0708883 -1.49306 0.382841 -0.0688127
38 1.66069 0 0 -0.0183614 0.0756731 -0.0153741
39 1.16699 0 0 0.0189983 0.0425299 0.0577417
40 2.18853 -0.50104 0.0576591 -1.5728 0.133573 -0.17288
41 1.29609 0 0 0.120501 0.0520645 0.782583
42 1.62202 -0.000713348 -0.000469208 0.0811908 -0.0245018 1.19712
43 1.22241 0 0 -0.0119317 -0.00594707 1.29801
44 1.76707 -1.27612 0.0366402 -1.48212 0.284875 -0.100851
45 1.55587 0 0 0.223724 0.0868401 0.700865
46 1.24273 0 0 0.000478914 0.000360572 0.964696
47 0.784533 0 0 -0.00618631 0.000249595 0.884667
48 0 0 0 0 0 0
49 -4.90432 -24.2461 -7.9405 0.0279918 0.0205513 0.150892
50 0 -0.611115 2.11238 0 0 0
51 -0.0145788 -2.38072 2.91209 0 0 0
52 -4.69458 -25.5972 -7.73345 0.0279918 0.0205513 0.150893
53 0 -0.675064 1.41593 0 0 0
54 0 0.979376 2.2232 0 0 0
55 0 -3.93659 2.85382 0 0 0
56 0 2.062 1.89703 -0.785398 0 0
57 0 -1.66928 2.73772 0 0 0
58 6.98255 2.1009 -16.1176 0 0 0
time 121
0 6.29605 3.01035 -6.82506 0.000934124 0 -1.53243
1 6.02795 0 0 -1.25701 0.565515 -0.357308
2 11.7344 0 0 -0.00140277 0 -0.987616
3 8.81138 -0.000450134 -0.000112534 -0.33614 0 0.000157592
4 5.77839 0.000286102 0 -0.225214 0 0.000104043
5 2.23164 -0.000328064 -0.000364304 -0.110926 0 0
6 11.4725 0 0 -0.259864 -0.636212 -0.0255296
7 0.615219 -0.993092 -0.8107 2.55811 -0.0323106 -0.513488
8 2.24752 0 0 0.0678824 0.0561264 -0.00354536
9 1.11936 0 0 0.0749173 0.0546635 -0.249677
10 3.71348 -0.10264 0.102191 1.59935 0.0714709 0.201469
11 1.72614 0 0 -0.00159897 0.00139979 -0.17865
12 1.21113 0 0 -0.0162711 -0.00577944 -0.282646
13 3.59919 -1.06012 0.0708883 1.77869 0.00257282 0.106236
14 1.66069 0 0 0.0139207 0.0414609 0.0276082
15 1.167 0 0 0.00841043 -0.00839374 -0.121873
16 2.18853 0.50104 0.0576593 1.56549 -0.147778 0.147717
17 1.29609 0 0 -0.0302553 0.122875 -0.405004
18 1.62202 0.000713825 -0.000470161 0.00267115 -0.00622922 -0.110298
19 1.2224 0 0 -0.00842474 0.00537672 -0.307407
20 1.76707 1.27612 0.0366409 1.44013 -0.0196605 0.137582
21 1.55588 0 0 -0.0547318 0.119532 -0.110223
22 1.24274 0 0 -0.000479182 0.00036048 -0.361341
23 0.784525 0 0 0.00636385 -0.0032282 -0.237856
24 -6.70653 6.76233 -4.42166 -0.000932693 0 -1.8749
25 6.02794 0 0 1.13881 0.460766 0.289688
26 11.7344 0 0 0.00140277 0 0.62916
27 8.81167 0 0 0.156781 0 0
28 5.77884 0 0 0.105043 0 0
29 2.23249 0 0 0.0517377 0 0
30 11.4725 0 0 0.158633 -0.333889 -0.0321764
31 0.615812 0.994372 -0.809166 -2.88315 0.473459 0.364577
32 2.24752 0 0 -0.0334309 0.235108 0.414666
33 1.11936 0 0 0.0758654 0.136146 1.16973
34 3.71349 0.102639 0.102191 -1.54675 0.834836 -0.400578
35 1.72615 0 0 -0.00689874 -0.00732662 1.09674
36 1.21112 0 0 0.0103137 0.0102 1.33017
37 3.5992 1.06012 0.0708883 -1.49306 0.382841 -0.0688126
38 1.66069 0 0 -0.0183614 0.0756731 -0.0153741
39 1.16699 0 0 0.0189983 0.0425299 0.0577418
40 2.18853 -0.50104 0.0576589 -1.5728 0.133573 -0.17288
41 1.29609 0 0 0.120501 0.0520645 0.782584
42 1.62202 -0.000711441 -0.000470161 0.0811908 -0.0245018 1.19712
43 1.22241 0 0 -0.0119317 -0.00594713 1.29801
44 1.76707 -1.27612 0.0366409 -1.48212 0.284875 -0.100851
45 1.55588 0 0 0.223724 0.0868401 0.700865
46 1.24273 0 0 0.0004789 0.000360583 0.964696
47 0.784532 0 0 -0.0061863 0.000249577 0.884667
48 0 0 0 0 0 0
49 -4.97344 -24.0912 -7.75998 0.0149599 0.0227576 0.136921
50 0 -0.611115 2.11238 0 0 0
51 -0.0145807 -2.38072 2.91209 0 0 0
52 -4.78213 -25.4422 -7.53515 0.0149598 0.0227577 0.136921
53 0 -0.675066 1.41593 0 0 0
54 0 0.979378 2.2232 0 0 0
55 0 -3.93659 2.85382 0 0 0
56 0 2.062 1.89703 -0.785398 0 0
57 0 -1.66928 2.73772 0 0 0
58 6.98255 2.1009 -16.1176 0 0 0
time 122
0 6.38595 3.22094 -6.61428 0.000934124 0 -1.53243
1 6.02795 0 0 -1.208 0.520254 -0.349268
2 11.7344 0 0 -0.00140296 0 -0.902653
3 8.81138 -0.000450134 -0.00011158 -0.545641 0 0.000158114
4 5.77839 0.000286102 0 -0.36558 0 0.000103721
5 2.23164 -0.000329971 -0.000363827 -0.180062 0 0
6 11.4725 0 0 -0.553613 -0.657038 0.205253
7 0.615219 -0.993092 -0.8107 2.54211 -0.0233626 -0.495441
8 2.24752 0 0 0.0673213 0.0776804 -0.0253903
9 1.11936 0 0 0.0749172 0.0546635 -0.249677
10 3.71348 -0.10264 0.102191 1.61183 0.12301 0.194843
11 1.72615 0 0 -0.000549453 0.000848877 -0.223643
12 1.21114 0 0 -0.0146692 -0.00421596 -0.328205
13 3.59919 -1.06012 0.0708877 1.78761 0.0543018 0.112143
14 1.66069 0 0 0.0116412 0.0419091 -0.0211001
15 1.167 0 0 0.00841043 -0.00839375 -0.152065
16 2.18852 0.50104 0.0576589 1.56603 -0.141051 0.148283
17 1.29609 0 0 -0.0232215 0.117059 -0.454489
18 1.62201 0.000713348 -0.000471115 0.00295251 -0.00733111 -0.15232
19 1.22241 0 0 -0.00785696 0.00541294 -0.348243
20 1.76707 1.27612 0.0366409 1.44895 -0.00519684 0.135565
21 1.55588 0 0 -0.0529643 0.112828 -0.150243
22 1.24273 0 0 -0.000479277 0.000360506 -0.419659
23 0.784523 0 0 0.0063638 -0.0032282 -0.289336
24 -6.70653 6.82781 -4.34497 -0.000932693 0 -1.8749
25 6.02794 0 0 1.13871 0.471922 0.283281
26 11.7344 0 0 0.00140266 0 0.658178
27 8.81167 0 0 0.146646 0 0
28 5.77884 0 0 0.0982532 0 0
29 2.23249 0 0 0.0483935 0 0
30 11.4725 0 0 0.151561 -0.348792 -0.0403661
31 0.615814 0.994372 -0.809165 -2.88315 0.473459 0.364577
32 2.24752 0 0 -0.0334312 0.235107 0.414666
33 1.11936 0 0 0.0758654 0.136146 1.16973
34 3.71349 0.102639 0.102191 -1.54675 0.834836 -0.400578
35 1.72615 0 0 -0.00689868 -0.00732661 1.09674
36 1.21112 0 0 0.0103137 0.0102 1.33017
37 3.5992 1.06012 0.0708882 -1.49306 0.382841 -0.0688127
38 1.66069 0 0 -0.0183614 0.0756731 -0.015374
39 1.16699 0 0 0.0189983 0.0425299 0.0577417
40 2.18853 -0.50104 0.0576587 -1.5728 0.133573 -0.17288
41 1.29609 0 0 0.120501 0.0520644 0.782583
42 1.62202 -0.000713348 -0.000469685 0.0811908 -0.0245018 1.19712
43 1.22241 0 0 -0.0119317 -0.00594714 1.29801
44 1.76707 -1.27612 0.0366405 -1.48212 0.284875 -0.100851
45 1.55588 0 0 0.223724 0.0868401 0.700864
46 1.24273 0 0 0.000478932 0.00036057 0.964696
47 0.784532 0 0 -0.0061863 0.000249598 0.884667
48 0 0 0 0 0 0
49 -5.04562 -23.9384 -7.5747 0.00284448 0.025024 0.122814
50 0 -0.611115 2.11238 0 0 0
51 -0.0145798 -2.38072 2.91209 0 0 0
52 -4.87282 -25.289 -7.33337 0.00284441 0.0250241 0.122815
53 0 -0.675062 1.41593 0 0 0
54 0 0.97938 2.2232 0 0 0
55 0 -3.93659 2.85382 0 0 0
56 0 2.062 1.89703 -0.785398 0 0
57 0 -1.66928 2.73772 0 0 0
58 6.98255 2.1009 -16.1176 0 0 0
time 123
0 6.47009 3.41445 -6.41703 0.000934124 0 -1.53243
1 6.02795 0 0 -1.1688 0.477129 -0.349931
2 11.7344 0 0 -0.00140283 0 -0.822318
3 8.81138 -0.000450134 -0.00011158 -0.690215 0 0.00015745
4 5.77839 0.000286102 0 -0.462444 0 0.000102863
5 2.23163 -0.000329971 -0.00036335 -0.227771 0 0
6 11.4725 0 0 -0.786938 -0.607181 0.425642
7 0.615217 -0.993092 -0.8107 2.52255 -0.0119351 -0.476537
8 2.24752 0 0 0.0666119 0.101479 -0.0497435
9 1.11935 0 0 0.0749172 0.0546636 -0.249677
10 3.71348 -0.102642 0.10219 1.62807 0.194429 0.187805
11 1.72614 0 0 0.000846306 0 -0.282809
12 1.21114 0 0 -0.0124399 -0.00221325 -0.380682
13 3.59919 -1.06012 0.0708878 1.7978 0.124111 0.119803
14 1.66069 0 0 0.00857127 0.0423318 -0.0885776
15 1.167 0 0 0.00841045 -0.00839377 -0.186457
16 2.18852 0.50104 0.0576589 1.56676 -0.130968 0.149062
17 1.29609 0 0 -0.0134829 0.108718 -0.518151
18 1.62201 0.000713348 -0.000470161 0.00336084 -0.00879911 -0.21168
19 1.22241 0 0 -0.00707678 0.00546287 -0.393326
20 1.76707 1.27612 0.0366404 1.46106 0.0148814 0.132793
21 1.55587 0 0 -0.0505166 0.103639 -0.204315
22 1.24273 0 0 -0.000479195 0.000360474 -0.495
23 0.784525 0 0 0.00636383 -0.00322817 -0.346122
24 -6.70653 6.88909 -4.2732 -0.000932693 0 -1.8749
25 6.02794 0 0 1.13909 0.48136 0.277548
26 11.7344 0 0 0.00140254 0 0.684152
27 8.81167 0 0 0.136478 0 0
28 5.77884 0 0 0.0914403 0 0
29 2.23249 0 0 0.0450378 0 0
30 11.4725 0 0 0.144766 -0.362419 -0.0485319
31 0.615814 0.994372 -0.809165 -2.88171 0.472606 0.367829
32 2.24752 0 0 -0.0393777 0.233503 0.388412
33 1.11936 0 0 0.0648994 0.137223 1.09674
34 3.71349 0.102639 0.102191 -1.54675 0.834836 -0.400578
35 1.72615 0 0 -0.00689871 -0.0073266 1.09674
36 1.21112 0 0 0.0103137 0.0102001 1.33017
37 3.5992 1.06012 0.0708883 -1.49306 0.382841 -0.0688126
38 1.66069 0 0 -0.0183614 0.0756731 -0.015374
39 1.16699 0 0 0.0189983 0.0425299 0.0577418
40 2.18853 -0.50104 0.0576588 -1.5728 0.133573 -0.17288
41 1.29609 0 0 0.120501 0.0520644 0.782584
42 1.62202 -0.000715256 -0.000469685 0.0811907 -0.0245018 1.19712
43 1.22241 0 0 -0.0119317 -0.00594711 1.29801
44 1.76707 -1.27612 0.0366408 -1.48212 0.284875 -0.100851
45 1.55587 0 0 0.223724 0.0868401 0.700865
46 1.24273 0 0 0.000478903 0.000360573 0.964696
47 0.784532 0 0 -0.0061863 0.000249588 0.884667
48 0 0 0 0 0 0
49 -5.11774 -23.7978 -7.393 -0.00776627 0.0268645 0.109171
50 0 -0.611115 2.11238 0 0 0
51 -0.0145802 -2.38072 2.91209 0 0 0
52 -4.96284 -25.148 -7.13725 -0.00776634 0.0268646 0.109171
53 0 -0.675064 1.41593 0 0 0
54 0 0.979376 2.2232 0 0 0
55 0 -3.93659 2.85382 0 0 0
56 0 2.062 1.89703 -0.785398 0 0
57 0 -1.66928 2.73772 0 0 0
58 6.98255 2.1009 -16.1176 0 0 0
time 124
0 6.54717 3.58884 -6.23633 0.000934124 0 -1.53243
1 6.02795 0 0 -1.14047 0.438616 -0.357458
2 11.7344 0 0 -0.00140282 0 -0.749463
3 8.81138 -0.000450134 -0.00011158 -0.752142 0 0.000157707
4 5.77839 0.000286102 0 -0.503935 0 0.000102641
5 2.23163 -0.000329971 -0.000364304 -0.248207 0 0
6 11.4725 0 0 -0.91707 -0.523425 0.586786
7 0.615219 -0.993092 -0.8107 2.50049 0.00127007 -0.457319
8 2.24752 0 0 0.0657967 0.126616 -0.075638
9 1.11936 0 0 0.0749174 0.0546634 -0.249677
10 3.71348 -0.102641 0.102191 1.64702 0.280504 0.180574
11 1.72615 0 0 0.00249437 -0.000861534 -0.35226
12 1.21114 0 0 -0.00974782 0.000104558 -0.437704
13 3.59919 -1.06012 0.0708883 1.8088 0.207152 0.12873
14 1.66069 0 0 0.0049232 0.0427252 -0.169892
15 1.167 0 0 0.00841046 -0.00839377 -0.223558
16 2.18852 0.50104 0.0576591 1.56765 -0.118369 0.149996
17 1.29609 0 0 -0.00175052 0.0985 -0.59201
18 1.62202 0.000713348 -0.000470638 0.00386374 -0.0105341 -0.283883
19 1.22241 0 0 -0.0061405 0.00552273 -0.440942
20 1.76707 1.27612 0.0366411 1.47559 0.0391008 0.129467
21 1.55588 0 0 -0.0475671 0.092623 -0.268675
22 1.24273 0 0 -0.00047918 0.000360514 -0.582606
23 0.784525 0 0 0.00636375 -0.00322819 -0.406063
24 -6.70653 6.94523 -4.20744 -0.000932693 0 -1.8749
25 6.02794 0 0 1.14008 0.488328 0.27295
26 11.7344 0 0 0.00140263 0 0.705053
27 8.81167 0 0 0.127418 0 0
28 5.77884 0 0 0.0853699 0 0
29 2.23249 0 0 0.0420481 0 0
30 11.4725 0 0 0.139058 -0.374218 -0.0560878
31 0.615814 0.994373 -0.809166 -2.8778 0.47029 0.376657
32 2.24751 0 0 -0.0535584 0.229677 0.325807
33 1.11936 0 0 0.0387497 0.139938 0.922701
34 3.71349 0.10264 0.102191 -1.54675 0.834836 -0.400578
35 1.72615 0 0 -0.00689872 -0.00732659 1.09674
36 1.21112 0 0 0.0103137 0.0102 1.33017
37 3.5992 1.06012 0.0708879 -1.49306 0.382841 -0.0688126
38 1.66069 0 0 -0.0183614 0.0756731 -0.015374
39 1.16699 0 0 0.0189983 0.0425299 0.0577418
40 2.18853 -0.50104 0.0576593 -1.5728 0.133573 -0.17288
41 1.29609 0 0 0.120501 0.0520645 0.782583
42 1.62202 -0.000713348 -0.000469685 0.0811908 -0.0245018 1.19712
43 1.22241 0 0 -0.0119317 -0.0059471 1.29801
44 1.76707 -1.27612 0.0366409 -1.48212 0.284875 -0.100851
45 1.55587 0 0 0.223724 0.0868401 0.700864
46 1.24273 0 0 0.000478928 0.000360573 0.964696
47 0.784531 0 0 -0.00618632 0.000249585 0.884667
48 0 0 0 0 0 0
49 -5.1867 -23.6798 -7.22315 -0.0162834 0.0277961 0.0966027
50 0 -0.611115 2.11238 0 0 0
51 -0.0145802 -2.38072 2.91209 0 0 0
52 -5.04844 -25.0296 -6.95585 -0.0162835 0.0277962 0.0966033
53 0 -0.675064 1.41593 0 0 0
54 0 0.979378 2.2232 0 0 0
55 0 -3.93659 2.85382 0 0 0
56 0 2.062 1.89703 -0.785398 0 0
57 0 -1.66928 2.73772 0 0 0
58 6.98255 2.1009 -16.1176 0 0 0
time 125
0 6.61591 3.74204 -6.07517 0.000934124 0 -1.53243
1 6.02795 0 0 -1.12273 0.40889 -0.368716
2 11.7344 0 0 -0.00140285 0 -0.693305
3 8.81139 -0.000450134 -0.000111103 -0.740093 0 0.000157645
4 5.77839 0.000286102 0 -0.495862 0 0.000102719
5 2.23163 -0.000328064 -0.000364304 -0.244231 0 0
6 11.4725 0 0 -0.955479 -0.450359 0.683477
7 0.615223 -0.993091 -0.810701 2.47702 0.0155508 -0.438328
8 2.24752 0 0 0.0649182 0.152186 -0.102107
9 1.11936 0 0 0.0749173 0.0546635 -0.249677
10 3.71348 -0.102641 0.10219 1.66764 0.376013 0.17337
11 1.72615 0 0 0.00430059 -0.00190529 -0.428105
12 1.21113 0 0 -0.00675702 0.0026138 -0.496899
13 3.5992 -1.06012 0.0708876 1.82017 0.298579 0.138433
14 1.66069 0 0 0.000909248 0.0430858 -0.260112
15 1.167 0 0 0.00841045 -0.00839375 -0.261877
16 2.18853 0.50104 0.0576584 1.56862 -0.104097 0.151031
17 1.29609 0 0 0.0112648 0.0870537 -0.672085
18 1.62202 0.000713348 -0.000471115 0.00442866 -0.0124367 -0.364432
19 1.22241 0 0 -0.0051041 0.00558896 -0.489377
20 1.76707 1.27612 0.0366404 1.49168 0.0659885 0.125785
21 1.55588 0 0 -0.0442949 0.0804384 -0.339559
22 1.24274 0 0 -0.000479198 0.000360486 -0.677722
23 0.784523 0 0 0.00636379 -0.0032282 -0.467007
24 -6.70653 6.99529 -4.1488 -0.000932693 0 -1.8749
25 6.02794 0 0 1.14156 0.493836 0.268858
26 11.7344 0 0 0.00140264 0 0.723914
27 8.81167 0 0 0.119342 0 0
28 5.77884 0 0 0.079959 0 0
29 2.23249 0 0 0.0393828 0 0
30 11.4725 0 0 0.135152 -0.3834 -0.0654878
31 0.615812 0.994371 -0.809165 -2.87204 0.466879 0.389667
32 2.24752 0 0 -0.0704836 0.22511 0.251086
33 1.11936 0 0 0.00753887 0.143516 0.714978
34 3.71348 0.102638 0.102191 -1.54675 0.834836 -0.400578
35 1.72615 0 0 -0.00689872 -0.00732659 1.09674
36 1.21112 0 0 0.0103137 0.0102 1.33017
37 3.5992 1.06011 0.0708882 -1.49306 0.382841 -0.0688127
38 1.66069 0 0 -0.0183614 0.0756731 -0.015374
39 1.16699 0 0 0.0189983 0.0425299 0.0577418
40 2.18853 -0.501041 0.0576591 -1.5728 0.133573 -0.17288
41 1.29609 0 0 0.120501 0.0520645 0.782583
42 1.62202 -0.000715256 -0.000470161 0.0811908 -0.0245018 1.19712
43 1.22241 0 0 -0.0119317 -0.00594711 1.29801
44 1.76707 -1.27612 0.0366406 -1.48212 0.284875 -0.100851
45 1.55588 0 0 0.223724 0.0868401 0.700865
46 1.24273 0 0 0.000478925 0.000360574 0.964696
47 0.78453 0 0 -0.00618631 0.000249572 0.884667
48 0 0 0 0 0 0
49 -5.25196 -23.5745 -7.05803 -0.0221186 0.0273359 0.0857295
50 0 -0.611111 2.11238 0 0 0
51 -0.0145798 -2.38072 2.91209 0 0 0
52 -5.12842 -24.9241 -6.78281 -0.0221187 0.027336 0.08573
53 0 -0.675066 1.41593 0 0 0
54 0 0.979378 2.2232 0 0 0
55 0 -3.93659 2.85382 0 0 0
56 0 2.062 1.89703 -0.785398 0 0
57 0 -1.66928 2.73772 0 0 0
58 6.98255 2.1009 -16.1176 0 0 0
time 126
0 6.67503 3.87199 -5.93658 0.000934124 0 -1.53243
1 6.02795 0 0 -1.11582 0.391558 -0.381105
2 11.7344 0 0 -0.00140294 0 -0.66215
3 8.81138 -0.000450134 -0.00011158 -0.68868 0 0.00015755
4 5.77839 0.000285149 0 -0.461416 0 0.000102795
5 2.23163 -0.000329018 -0.000362873 -0.227264 0 0
6 11.4725 0 0 -0.934825 -0.416729 0.719053
7 0.615221 -0.993091 -0.8107 2.45321 0.0302052 -0.420109
8 2.24752 0 0 0.0640189 0.177285 -0.128184
9 1.11936 0 0 0.0749173 0.0546635 -0.249677
10 3.71348 -0.102641 0.102191 1.68888 0.475732 0.166412
11 1.72615 0 0 0.00617104 -0.00299767 -0.506456
12 1.21114 0 0 -0.00363197 0.00519051 -0.555897
13 3.59919 -1.06012 0.0708878 1.83147 0.393543 0.148426
14 1.66069 0 0 -0.00325822 0.04341 -0.354304
15 1.167 0 0 0.00841046 -0.00839376 -0.299924
16 2.18853 0.501039 0.0576591 1.56964 -0.0889957 0.152109
17 1.29609 0 0 0.0248516 0.0750284 -0.754396
18 1.62202 0.000714302 -0.000470161 0.0050234 -0.0144077 -0.448829
19 1.22241 0 0 -0.00402365 0.00565809 -0.536917
20 1.76707 1.27612 0.0366406 1.50844 0.0940708 0.121946
21 1.55588 0 0 -0.0408789 0.0677432 -0.413204
22 1.24273 0 0 -0.000479175 0.000360526 -0.77559
23 0.784524 0 0 0.00636383 -0.00322814 -0.526804
24 -6.70653 7.03835 -4.09837 -0.000932693 0 -1.8749
25 6.02794 0 0 1.1433 0.499176 0.264511
26 11.7344 0 0 0.00140249 0 0.74428
27 8.81166 0 0 0.111029 0 0
28 5.77884 0 0 0.0743898 0 0
29 2.23249 0 0 0.0366398 0 0
30 11.4725 0 0 0.132906 -0.39062 -0.0793471
31 0.615814 0.994372 -0.809165 -2.86505 0.462736 0.405465
32 2.24752 0 0 -0.0846641 0.221284 0.188482
33 1.11936 0 0 -0.0186106 0.147183 0.540939
34 3.71349 0.102639 0.102191 -1.54675 0.834836 -0.400578
35 1.72615 0 0 -0.0068987 -0.00732659 1.09674
36 1.21112 0 0 0.0103137 0.0102 1.33017
37 3.5992 1.06012 0.0708883 -1.49306 0.382841 -0.0688127
38 1.66069 0 0 -0.0183614 0.0756731 -0.0153741
39 1.16699 0 0 0.0189983 0.0425299 0.0577417
40 2.18853 -0.501041 0.0576594 -1.5728 0.133573 -0.17288
41 1.29609 0 0 0.120501 0.0520645 0.782583
42 1.62201 -0.000713348 -0.000469685 0.0811908 -0.0245018 1.19712
43 1.22241 0 0 -0.0119317 -0.00594713 1.29801
44 1.76707 -1.27612 0.03664 -1.48212 0.284875 -0.100851
45 1.55588 0 0 0.223724 0.0868401 0.700865
46 1.24273 0 0 0.000478934 0.000360574 0.964696
47 0.784533 0 0 -0.00618632 0.000249589 0.884667
48 0 0 0 0 0 0
49 -5.31827 -23.4716 -6.89065 -0.0250446 0.0255919 0.0756502
50 0 -0.611113 2.11238 0 0 0
51 -0.0145793 -2.38072 2.91209 0 0 0
52 -5.20879 -24.8216 -6.61146 -0.0250446 0.025592 0.0756508
53 0 -0.675064 1.41593 0 0 0
54 0 0.979378 2.2232 0 0 0
55 0 -3.93659 2.85382 0 0 0
56 0 2.062 1.89703 -0.785398 0 0
57 0 -1.66928 2.73772 0 0 0
58 6.98255 2.1009 -16.1176 0 0 0
time 127
0 6.72324 3.97665 -5.82354 0.000934124 0 -1.53243
1 6.02795 0 0 -1.11249 0.388742 -0.389954
2 11.7344 0 0 -0.00140282 0 -0.662947
3 8.81138 -0.000450134 -0.00011301 -0.635516 0 0.000157435
4 5.77839 0.000286102 0 -0.425796 0 0.000102722
5 2.23163 -0.000329971 -0.00036478 -0.20972 0 0
6 11.4725 0 0 -0.891087 -0.4019 0.714251
7 0.615221 -0.993091 -0.8107 2.43011 0.0445311 -0.403203
8 2.24752 0 0 0.0631414 0.201006 -0.152902
9 1.11936 0 0 0.0749172 0.0546634 -0.249677
10 3.71348 -0.102641 0.102191 1.70972 0.574439 0.159921
11 1.72615 0 0 0.00801174 -0.00408056 -0.583423
12 1.21114 0 0 -0.000536892 0.00771063 -0.612325
13 3.59919 -1.06012 0.0708883 1.84225 0.487196 0.15822
14 1.66069 0 0 -0.00736704 0.0436942 -0.447538
15 1.167 0 0 0.00841045 -0.00839376 -0.336207
16 2.18853 0.50104 0.0576591 1.57065 -0.0739062 0.153175
17 1.29609 0 0 0.0382992 0.0630728 -0.834964
18 1.62201 0.000714302 -0.000472069 0.00561545 -0.0163478 -0.532579
19 1.22241 0 0 -0.00295557 0.00572634 -0.581847
20 1.76707 1.27612 0.0366411 1.52502 0.121875 0.118152
21 1.55588 0 0 -0.0374976 0.0551957 -0.485845
22 1.24273 0 0 -0.000479274 0.000360475 -0.871452
23 0.784523 0 0 0.00636378 -0.00322812 -0.583303
24 -6.70653 7.07347 -4.05724 -0.000932693 0 -1.8749
25 6.02794 0 0 1.14535 0.503764 0.260287
26 11.7344 0 0 0.00140271 0 0.764314
27 8.81167 0 0 0.102275 0 0
28 5.77884 0 0 0.0685244 0 0
29 2.23249 0 0 0.0337509 0 0
30 11.4725 0 0 0.131676 -0.397163 -0.0962737
31 0.615814 0.994372 -0.809165 -2.85743 0.458228 0.422657
32 2.24752 0 0 -0.090611 0.219679 0.162228
33 1.11936 0 0 -0.0295769 0.150165 0.467954
34 3.71349 0.102639 0.10219 -1.54675 0.834836 -0.400578
35 1.72615 0 0 -0.00689869 -0.00732659 1.09674
36 1.21112 0 0 0.0103137 0.0102001 1.33017
37 3.5992 1.06012 0.070888 -1.49306 0.382841 -0.0688126
38 1.66069 0 0 -0.0183614 0.0756731 -0.0153739
39 1.16699 0 0 0.0189983 0.0425299 0.0577418
40 2.18853 -0.50104 0.057659 -1.5728 0.133573 -0.17288
41 1.29609 0 0 0.120501 0.0520644 0.782583
42 1.62202 -0.000711441 -0.000469685 0.0811908 -0.0245018 1.19712
43 1.22241 0 0 -0.0119317 -0.00594715 1.29801
44 1.76707 -1.27612 0.0366402 -1.48212 0.284875 -0.100851
45 1.55588 0 0 0.223724 0.0868401 0.700865
46 1.24273 0 0 0.000478906 0.000360584 0.964696
47 0.784533 0 0 -0.00618631 0.000249577 0.884667
48 0 0 0 0 0 0
49 -5.3885 -23.3798 -6.72774 -0.0255474 0.0231179 0.0652222
50 0 -0.611113 2.11238 0 0 0
51 -0.0145802 -2.38072 2.91209 0 0 0
52 -5.29378 -24.7308 -6.44785 -0.0255475 0.023118 0.0652227
53 0 -0.675064 1.41593 0 0 0
54 0 0.979376 2.2232 0 0 0
55 0 -3.93659 2.85382 0 0 0
56 0 2.062 1.89703 -0.785398 0 0
57 0 -1.66928 2.73772 0 0 0
58 6.98255 2.1009 -16.1176 0 0 0
time 128
0 6.75927 4.05395 -5.73908 0.000934124 0 -1.53243
1 6.02795 0 0 -1.10371 0.400025 -0.392906
2 11.7344 0 0 -0.00140278 0 -0.697027
3 8.81138 -0.000450134 -0.000112534 -0.595658 0 0.000157694
4 5.77839 0.000285149 0 -0.399091 0 0.000103243
5 2.23163 -0.000329971 -0.000364304 -0.196567 0 0
6 11.4725 0 0 -0.851078 -0.3858 0.702238
7 0.615217 -0.993091 -0.810701 2.40882 0.0578264 -0.388154
8 2.24752 0 0 0.0623281 0.222445 -0.175293
9 1.11936 0 0 0.0749173 0.0546636 -0.249677
10 3.71348 -0.102641 0.102191 1.7291 0.666911 0.154118
11 1.72614 0 0 0.00972851 -0.00509642 -0.655117
12 1.21114 0 0 0.00236399 0.0100505 -0.663811
13 3.59919 -1.06012 0.0708883 1.85207 0.574692 0.167328
14 1.66069 0 0 -0.0112048 0.0439348 -0.534879
15 1.167 0 0 0.00841045 -0.00839376 -0.369236
16 2.18852 0.50104 0.0576589 1.57159 -0.0596714 0.154173
17 1.29609 0 0 0.0508962 0.0518359 -0.909808
18 1.62202 0.000715256 -0.000471592 0.00617266 -0.0181578 -0.611185
19 1.22241 0 0 -0.00195573 0.00579019 -0.622452
20 1.76707 1.27612 0.0366409 1.54054 0.147927 0.1146
21 1.55588 0 0 -0.0343301 0.0434537 -0.553719
22 1.24274 0 0 -0.000479178 0.000360482 -0.960552
23 0.784523 0 0 0.00636376 -0.00322823 -0.634353
24 -6.70653 7.09971 -4.02651 -0.000932693 0 -1.8749
25 6.02794 0 0 1.14772 0.507107 0.25651
26 11.7344 0 0 0.00140258 0 0.782362
27 8.81167 0 0 0.0936289 0 0
28 5.77884 0 0 0.0627314 0 0
29 2.23249 0 0 0.0308976 0 0
30 11.4725 0 0 0.131346 -0.403066 -0.114615
31 0.615814 0.994373 -0.809165 -2.84982 0.453719 0.439849
32 2.24752 0 0 -0.085905 0.221079 0.183134
33 1.11936 0 0 -0.0265349 0.152707 0.487632
34 3.71348 0.102639 0.102191 -1.54675 0.834836 -0.400578
35 1.72615 0 0 -0.00689872 -0.00732661 1.09674
36 1.21112 0 0 0.0103137 0.0102 1.33017
37 3.5992 1.06012 0.0708886 -1.49306 0.382841 -0.0688128
38 1.66069 0 0 -0.0183614 0.0756731 -0.015374
39 1.16699 0 0 0.0189983 0.0425299 0.0577419
40 2.18853 -0.501041 0.0576588 -1.5728 0.133573 -0.17288
41 1.29609 0 0 0.120501 0.0520644 0.782583
42 1.62202 -0.000713348 -0.000469685 0.0811908 -0.0245018 1.19712
43 1.22241 0 0 -0.0119317 -0.00594714 1.29801
44 1.76707 -1.27612 0.0366408 -1.48212 0.284875 -0.100851
45 1.55588 0 0 0.223724 0.0868401 0.700865
46 1.24273 0 0 0.000478924 0.000360571 0.964696
47 0.784532 0 0 -0.00618632 0.000249585 0.884667
48 0 0 0 0 0 0
49 -5.46083 -23.307 -6.57591 -0.024109 0.0201022 0.0546916
50 0 -0.611113 2.11238 0 0 0
51 -0.0145793 -2.38072 2.91209 0 0 0
52 -5.3812 -24.6593 -6.29795 -0.0241091 0.0201023 0.0546921
53 0 -0.675064 1.41593 0 0 0
54 0 0.979376 2.2232 0 0 0
55 0 -3.93659 2.85382 0 0 0
56 0 2.062 1.89703 -0.785398 0 0
57 0 -1.66928 2.73772 0 0 0
58 6.98255 2.1009 -16.1176 0 0 0
time 129
0 6.78183 4.10184 -5.6862 0.000934124 0 -1.53243
1 6.02795 0 0 -1.09353 0.414347 -0.393534
2 11.7344 0 0 -0.00140286 0 -0.739751
3 8.81139 -0.000449181 -0.000110626 -0.574813 0 0.000157846
4 5.77839 0.000285149 0 -0.385124 0 0.000103384
5 2.23163 -0.000329018 -0.00036335 -0.189688 0 0
6 11.4725 0 0 -0.822405 -0.382643 0.681843
7 0.615219 -0.993091 -0.8107 2.39039 0.0693893 -0.375504
8 2.24752 0 0 0.0616214 0.240696 -0.194392
9 1.11936 0 0 0.0749173 0.0546635 -0.249677
10 3.71348 -0.102641 0.102191 1.74598 0.747925 0.149221
11 1.72615 0 0 0.0112274 -0.00598725 -0.71765
12 1.21114 0 0 0.00490621 0.0120861 -0.707985
13 3.59919 -1.06012 0.070888 1.86048 0.651183 0.175261
14 1.66069 0 0 -0.0145592 0.0441282 -0.611397
15 1.167 0 0 0.00841045 -0.00839376 -0.397521
16 2.18853 0.501039 0.057659 1.57242 -0.0471334 0.155047
17 1.29609 0 0 0.0619317 0.0419665 -0.974949
18 1.62202 0.000711441 -0.000470161 0.00666233 -0.0197384 -0.680151
19 1.22241 0 0 -0.00108043 0.0058462 -0.657017
20 1.76707 1.27612 0.0366408 1.55413 0.170755 0.11149
21 1.55588 0 0 -0.0315552 0.0331755 -0.613061
22 1.24273 0 0 -0.00047927 0.000360545 -1.03813
23 0.784524 0 0 0.00636379 -0.0032282 -0.677803
24 -6.70653 7.11613 -4.00727 -0.000932693 0 -1.8749
25 6.02794 0 0 1.15058 0.508178 0.253766
26 11.7344 0 0 0.00140275 0 0.795568
27 8.81167 0 0 0.0859695 0 0
28 5.77884 0 0 0.0575996 0 0
29 2.23249 0 0 0.0283701 0 0
30 11.4725 0 0 0.131785 -0.408345 -0.13209
31 0.615814 0.994371 -0.809165 -2.84282 0.449576 0.455646
32 2.24752 0 0 -0.0746833 0.224416 0.232987
33 1.11936 0 0 -0.0192812 0.155326 0.534556
34 3.71349 0.102638 0.102191 -1.54675 0.834836 -0.400578
35 1.72615 0 0 -0.00689867 -0.00732661 1.09674
36 1.21112 0 0 0.0103137 0.0102 1.33017
37 3.5992 1.06012 0.0708886 -1.49392 0.383066 -0.0710577
38 1.66069 0 0 -0.0179747 0.075716 -0.0103581
39 1.16699 0 0 0.0198833 0.0414753 0.0881396
40 2.18853 -0.50104 0.0576591 -1.5728 0.133573 -0.17288
41 1.29609 0 0 0.120501 0.0520644 0.782584
42 1.62202 -0.000713348 -0.000470161 0.0811908 -0.0245018 1.19712
43 1.22241 0 0 -0.0119317 -0.00594713 1.29801
44 1.76707 -1.27612 0.0366408 -1.48212 0.284875 -0.100851
45 1.55587 0 0 0.223724 0.0868401 0.700865
46 1.24273 0 0 0.000478917 0.000360583 0.964696
47 0.784531 0 0 -0.00618631 0.00024958 0.884667
48 0 0 0 0 0 0
49 -5.53342 -23.261 -6.44178 -0.0212109 0.0167338 0.0443105
50 0 -0.611113 2.11238 0 0 0
51 -0.0145802 -2.38072 2.91209 0 0 0
52 -5.4688 -24.6149 -6.16773 -0.021211 0.0167339 0.0443111
53 0 -0.675064 1.41593 0 0 0
54 0 0.979378 2.2232 0 0 0
55 0 -3.93659 2.85382 0 0 0
56 0 2.062 1.89703 -0.785398 0 0
57 0 -1.66928 2.73772 0 0 0
58 6.98255 2.1009 -16.1176 0 0 0
time 130
0 6.78963 4.11825 -5.6679 0.000934124 0 -1.53243
1 6.02795 0 0 -1.08942 0.418133 -0.395146
2 11.7344 0 0 -0.00140273 0 -0.760932
3 8.81139 -0.000450134 -0.000112057 -0.571315 0 0.000157945
4 5.77839 0.000286102 0 -0.382781 0 0.000103521
5 2.23164 -0.000329971 -0.00036335 -0.188534 0 0
6 11.4725 0 0 -0.802636 -0.405168 0.644469
7 0.615219 -0.993092 -0.810701 2.3759 0.0785176 -0.365797
8 2.24752 0 0 0.0610642 0.254853 -0.209231
9 1.11936 0 0 0.0749173 0.0546635 -0.249677
10 3.71348 -0.102642 0.102191 1.75933 0.812258 0.145451
11 1.72615 0 0 0.0124146 -0.00669513 -0.767131
12 1.21114 0 0 0.00692547 0.0136934 -0.742474
13 3.5992 -1.06012 0.0708879 1.86704 0.711821 0.181532
14 1.66069 0 0 -0.0172181 0.0442708 -0.672159
15 1.167 0 0 0.00841046 -0.00839376 -0.41957
16 2.18852 0.501039 0.057659 1.57308 -0.0371347 0.15574
17 1.29609 0 0 0.0706946 0.0341136 -1.02641
18 1.62202 0.000715256 -0.000470638 0.00705216 -0.0209903 -0.734978
19 1.22241 0 0 -0.000385621 0.00589055 -0.68383
20 1.76707 1.27612 0.036641 1.56491 0.188884 0.109022
21 1.55588 0 0 -0.0293517 0.0250193 -0.660108
22 1.24273 0 0 -0.000479238 0.000360483 -1.09944
23 0.784524 0 0 0.00636379 -0.00322818 -0.711501
24 -6.70653 7.12182 -4.00061 -0.000932693 0 -1.8749
25 6.02794 0 0 1.15382 0.506906 0.252135
26 11.7344 0 0 0.00140282 0 0.803186
27 8.81167 0 0 0.0797493 0 0
28 5.77884 0 0 0.0534321 0 0
29 2.23249 0 0 0.0263172 0 0
30 11.4725 0 0 0.132843 -0.413014 -0.147473
31 0.615812 0.994373 -0.809166 -2.83706 0.446165 0.468656
32 2.24752 0 0 -0.0612896 0.228399 0.292488
33 1.11936 0 0 -0.0106237 0.157653 0.590562
34 3.71348 0.10264 0.102191 -1.54675 0.834836 -0.400578
35 1.72615 0 0 -0.00689871 -0.00732661 1.09674
36 1.21112 0 0 0.0103137 0.0102 1.33017
37 3.5992 1.06012 0.0708882 -1.49629 0.383686 -0.0772631
38 1.66069 0 0 -0.0169056 0.0758346 0.0035084
39 1.16699 0 0 0.0222556 0.0386491 0.169606
40 2.18853 -0.50104 0.057659 -1.5728 0.133573 -0.17288
41 1.29609 0 0 0.120501 0.0520645 0.782583
42 1.62201 -0.000713348 -0.000470161 0.0811908 -0.0245018 1.19712
43 1.22241 0 0 -0.0119317 -0.00594713 1.29801
44 1.76707 -1.27612 0.0366411 -1.48212 0.284875 -0.100851
45 1.55588 0 0 0.223724 0.08684 0.700865
46 1.24273 0 0 0.000478915 0.000360571 0.964696
47 0.784532 0 0 -0.0061863 0.000249578 0.884667
48 0 0 0 0 0 0
49 -5.60441 -23.2495 -6.33198 -0.0173328 0.0132057 0.0343342
50 0 -0.611113 2.11238 0 0 0
51 -0.0145802 -2.38072 2.91209 0 0 0
52 -5.55429 -24.605 -6.06318 -0.0173329 0.0132058 0.0343348
53 0 -0.675066 1.41593 0 0 0
54 0 0.979378 2.2232 0 0 0
55 0 -3.93659 2.85382 0 0 0
56 0 2.062 1.89703 -0.785398 0 0
57 0 -1.66928 2.73772 0 0 0
58 6.98255 2.1009 -16.1176 0 0 0
time 131
0 6.78963 4.11825 -5.6679 0.000934124 0 -1.53243
1 6.02795 0 0 -1.09169 0.410071 -0.399316
2 11.7344 0 0 -0.0014028 0 -0.754756
3 8.81139 -0.000448227 -0.00011301 -0.575934 0 0.000158115
4 5.77839 0.000287056 0 -0.385875 0 0.000103502
5 2.23163 -0.000329971 -0.00036335 -0.190058 0 0
6 11.4725 0 0 -0.787161 -0.433034 0.602187
7 0.615219 -0.993091 -0.8107 2.36642 0.0845096 -0.359574
8 2.24752 0 0 0.0606985 0.264011 -0.218843
9 1.11936 0 0 0.0749173 0.0546636 -0.249677
10 3.71348 -0.102641 0.102191 1.7681 0.854689 0.143028
11 1.72615 0 0 0.0131957 -0.00716234 -0.799671
12 1.21114 0 0 0.00825756 0.0147487 -0.764906
13 3.59919 -1.06012 0.0708883 1.8713 0.751759 0.185653
14 1.66069 0 0 -0.0189691 0.044359 -0.712233
15 1.167 0 0 0.00841045 -0.00839377 -0.433892
16 2.18852 0.50104 0.057659 1.57351 -0.0305178 0.156197
17 1.2961 0 0 0.0764738 0.028926 -1.0602
18 1.62202 0.000713348 -0.000470638 0.00730982 -0.0218142 -0.771173
19 1.22241 0 0 0 0.00591987 -0.701175
20 1.76707 1.27612 0.0366408 1.57202 0.200842 0.107394
21 1.55588 0 0 -0.0278984 0.0196429 -0.691097
22 1.24274 0 0 -0.000479195 0.00036051 -1.13971
23 0.784524 0 0 0.00636383 -0.00322814 -0.733298
24 -6.70653 7.12182 -4.00061 -0.000932693 0 -1.8749
25 6.02794 0 0 1.15784 0.502171 0.252136
26 11.7344 0 0 0.00140266 0 0.801917
27 8.81167 0 0 0.0759149 0 0
28 5.77884 0 0 0.0508631 0 0
29 2.23249 0 0 0.0250518 0 0
30 11.4725 0 0 0.134126 -0.416835 -0.158001
31 0.615814 0.994372 -0.809165 -2.83315 0.44385 0.477484
32 2.24752 0 0 -0.050068 0.231736 0.342341
33 1.11936 0 0 -0.00337005 0.15932 0.637487
34 3.71349 0.102639 0.102191 -1.54675 0.834836 -0.400578
35 1.72615 0 0 -0.00689871 -0.0073266 1.09674
36 1.21112 0 0 0.0103137 0.0102 1.33017
37 3.5992 1.06012 0.070888 -1.49987 0.384624 -0.0866388
38 1.66069 0 0 -0.0152905 0.0760139 0.0244558
39 1.16699 0 0 0.0256898 0.0345574 0.28755
40 2.18853 -0.50104 0.0576593 -1.5728 0.133573 -0.17288
41 1.29609 0 0 0.120501 0.0520645 0.782583
42 1.62202 -0.000711441 -0.000470638 0.0811908 -0.0245018 1.19712
43 1.22241 0 0 -0.0119317 -0.0059471 1.29801
44 1.76707 -1.27612 0.0366409 -1.48212 0.284875 -0.100851
45 1.55588 0 0 0.223724 0.08684 0.700865
46 1.24273 0 0 0.000478915 0.00036058 0.964696
47 0.784532 0 0 -0.00618631 0.000249588 0.884667
48 0 0 0 0 0 0
49 -5.67575 -23.2815 -6.24842 -0.0129542 0.00971134 0.0250276
50 0 -0.611116 2.11238 0 0 0
51 -0.0145802 -2.38073 2.91209 0 0 0
52 -5.63922 -24.6387 -5.98554 -0.0129543 0.00971143 0.0250282
53 0 -0.675066 1.41593 0 0 0
54 0 0.979374 2.2232 0 0 0
55 0 -3.93659 2.85382 0 0 0
56 0 2.062 1.89703 -0.785398 0 0
57 0 -1.66928 2.73772 0 0 0
58 6.98255 2.1009 -16.1176 0 0 0
time 132
0 6.78963 4.11825 -5.6679 0.000934124 0 -1.53243
1 6.02795 0 0 -1.09537 0.398426 -0.404749
2 11.7344 0 0 -0.00140298 0 -0.737368
3 8.81138 -0.000449181 -0.000112057 -0.57912 0 0.000158102
4 5.77839 0.000287056 0 -0.38801 0 0.000103561
5 2.23164 -0.000328064 -0.000364304 -0.19111 0 0
6 11.4725 0 0 -0.778155 -0.435946 0.58043
7 0.615219 -0.993091 -0.810701 2.36302 0.0866629 -0.357379
8 2.24752 0 0 0.0605673 0.267265 -0.222262
9 1.11936 0 0 0.0749172 0.0546635 -0.249677
10 3.71348 -0.102641 0.102191 1.77126 0.869992 0.142171
11 1.72615 0 0 0.013477 -0.00733091 -0.811382
12 1.21114 0 0 0.00873809 0.015128 -0.772911
13 3.59919 -1.06012 0.070888 1.87281 0.766148 0.187135
14 1.66069 0 0 -0.0195999 0.0443892 -0.726687
15 1.167 0 0 0.00841046 -0.00839376 -0.438997
16 2.18853 0.501039 0.057659 1.57366 -0.028125 0.156362
17 1.29609 0 0 0.0785581 0.0270526 -1.07235
18 1.62202 0.000713348 -0.000471115 0.00740289 -0.0221109 -0.784237
19 1.22241 0 0 0.000237472 0.00593045 -0.707337
20 1.76707 1.27612 0.0366408 1.57458 0.205155 0.106808
21 1.55588 0 0 -0.0273743 0.0177045 -0.702262
22 1.24274 0 0 -0.000479216 0.000360557 -1.15419
23 0.784523 0 0 0.00636382 -0.00322814 -0.741041
24 -6.70653 7.12182 -4.00061 -0.000932693 0 -1.8749
25 6.02794 0 0 1.16255 0.494457 0.253542
26 11.7344 0 0 0.00140261 0 0.792491
27 8.81167 0 0 0.0744128 0 0
28 5.77884 0 0 0.0498566 0 0
29 2.23249 0 0 0.0245563 0 0
30 11.4725 0 0 0.135285 -0.419711 -0.163237
31 0.615812 0.994372 -0.809165 -2.83171 0.442997 0.480737
32 2.24752 0 0 -0.0453621 0.233135 0.363247
33 1.11936 0 0 -0.000327929 0.159957 0.657165
34 3.71349 0.102639 0.102191 -1.54675 0.834836 -0.400578
35 1.72615 0 0 -0.00689872 -0.00732662 1.09674
36 1.21112 0 0 0.0103137 0.0102 1.33017
37 3.5992 1.06012 0.0708889 -1.50436 0.3858 -0.0983899
38 1.66069 0 0 -0.0132659 0.0762386 0.0507142
39 1.16699 0 0 0.029761 0.0297065 0.42738
40 2.18853 -0.50104 0.0576593 -1.5728 0.133573 -0.17288
41 1.29609 0 0 0.120501 0.0520644 0.782584
42 1.62202 -0.000713348 -0.000469685 0.0811908 -0.0245018 1.19712
43 1.22241 0 0 -0.0119317 -0.0059471 1.29801
44 1.76707 -1.27612 0.0366403 -1.48212 0.284875 -0.100851
45 1.55588 0 0 0.223724 0.08684 0.700865
46 1.24273 0 0 0.000478935 0.000360565 0.964696
47 0.784532 0 0 -0.00618631 0.000249587 0.884667
48 0 0 0 0 0 0
49 -5.747 -23.3474 -6.18532 -0.00855375 0.00644623 0.0166615
50 0 -0.611116 2.11238 0 0 0
51 -0.0145798 -2.38072 2.91209 0 0 0
52 -5.7227 -24.706 -5.92842 -0.00855383 0.00644632 0.0166621
53 0 -0.675064 1.41593 0 0 0
54 0 0.979378 2.2232 0 0 0
55 0 -3.93659 2.85382 0 0 0
56 0 2.062 1.89702 -0.785398 0 0
57 0 -1.66928 2.73772 0 0 0
58 6.98255 2.1009 -16.1176 0 0 0
time 133
0 6.78963 4.11825 -5.6679 0.000934124 0 -1.53243
1 6.02795 0 0 -1.09946 0.38544 -0.410562
2 11.7344 0 0 -0.0014028 0 -0.714629
3 8.81138 -0.000449181 -0.00011301 -0.58108 0 0.000158131
4 5.77839 0.000287056 0 -0.389323 0 0.00010358
5 2.23164 -0.000329018 -0.000363588 -0.191756 0 0
6 11.4725 0 0 -0.773409 -0.426394 0.571104
7 0.615219 -0.993091 -0.8107 2.36302 0.0866628 -0.357379
8 2.24752 0 0 0.0605673 0.267265 -0.222262
9 1.11936 0 0 0.0749173 0.0546635 -0.249677
10 3.71348 -0.102641 0.102191 1.77126 0.869992 0.142171
11 1.72615 0 0 0.013477 -0.0073309 -0.811382
12 1.21114 0 0 0.00873811 0.0151279 -0.772911
13 3.59919 -1.06012 0.070888 1.87281 0.766148 0.187135
14 1.66069 0 0 -0.0195999 0.0443892 -0.726687
15 1.167 0 0 0.00841045 -0.00839376 -0.438997
16 2.18852 0.50104 0.0576588 1.57366 -0.0281251 0.156362
17 1.29609 0 0 0.0785581 0.0270526 -1.07235
18 1.62202 0.000715256 -0.000470638 0.0074029 -0.0221109 -0.784237
19 1.22241 0 0 0.000237475 0.00593042 -0.707337
20 1.76707 1.27612 0.0366408 1.57458 0.205155 0.106808
21 1.55588 0 0 -0.0273743 0.0177045 -0.702262
22 1.24273 0 0 -0.000479266 0.000360525 -1.15419
23 0.784524 0 0 0.00636384 -0.0032282 -0.741041
24 -6.70653 7.12182 -4.00061 -0.000932693 0 -1.8749
25 6.02794 0 0 1.16725 0.485608 0.25559
26 11.7344 0 0 0.00140274 0 0.779134
27 8.81167 0 0 0.0743883 0 0
28 5.77884 0 0 0.0498402 0 0
29 2.23249 0 0 0.0245482 0 0
30 11.4725 0 0 0.136219 -0.421834 -0.164903
31 0.615812 0.994372 -0.809166 -2.83171 0.442997 0.480737
32 2.24752 0 0 -0.0453619 0.233136 0.363247
33 1.11935 0 0 -0.000328118 0.159957 0.657165
34 3.71348 0.102639 0.102191 -1.54675 0.834836 -0.400578
35 1.72615 0 0 -0.00689868 -0.00732661 1.09674
36 1.21112 0 0 0.0103137 0.0102 1.33017
37 3.5992 1.06012 0.0708883 -1.50945 0.387134 -0.111726
38 1.66069 0 0 -0.0109685 0.0764935 0.0805128
39 1.16699 0 0 0.0340449 0.0246024 0.574505
40 2.18853 -0.50104 0.0576593 -1.5728 0.133573 -0.17288
41 1.29609 0 0 0.120501 0.0520644 0.782584
42 1.62202 -0.000711441 -0.000470161 0.0811908 -0.0245018 1.19712
43 1.22241 0 0 -0.0119318 -0.00594706 1.29801
44 1.76707 -1.27612 0.0366405 -1.48212 0.284875 -0.100851
45 1.55588 0 0 0.223724 0.0868401 0.700865
46 1.24273 0 0 0.000478875 0.000360579 0.964696
47 0.784534 0 0 -0.0061863 0.00024956 0.884667
48 0 0 0 0 0 0
49 -5.81265 -23.4274 -6.13783 -0.00460945 0.00360743 0.00951284
50 0 -0.611113 2.11238 0 0 0
51 -0.0145802 -2.38072 2.91209 0 0 0
52 -5.7988 -24.7871 -5.88628 -0.00460953 0.00360752 0.00951341
53 0 -0.675062 1.41593 0 0 0
54 0 0.979378 2.2232 0 0 0
55 0 -3.93659 2.85382 0 0 0
56 0 2.062 1.89703 -0.785398 0 0
57 0 -1.66928 2.73772 0 0 0
58 6.98255 2.1009 -16.1176 0 0 0
time 134
0 6.78963 4.11825 -5.6679 0.000934124 0 -1.53243
1 6.02795 0 0 -1.10293 0.373928 -0.41565
2 11.7344 0 0 -0.00140283 0 -0.693764
3 8.81138 -0.000450134 -0.000112534 -0.583463 0 0.000157588
4 5.77839 0.000286102 0 -0.39092 0 0.000103191
5 2.23163 -0.000329971 -0.000363827 -0.192543 0 0
6 11.4725 0 0 -0.769513 -0.418819 0.562059
7 0.615219 -0.993092 -0.8107 2.36302 0.0866628 -0.357379
8 2.24752 0 0 0.0605673 0.267265 -0.222262
9 1.11936 0 0 0.0749173 0.0546635 -0.249677
10 3.71348 -0.102641 0.102191 1.77126 0.869992 0.142171
11 1.72615 0 0 0.013477 -0.0073309 -0.811382
12 1.21114 0 0 0.0087381 0.015128 -0.772911
13 3.59919 -1.06012 0.0708879 1.87281 0.766148 0.187135
14 1.66069 0 0 -0.0195999 0.0443892 -0.726687
15 1.167 0 0 0.00841046 -0.00839376 -0.438997
16 2.18852 0.50104 0.0576589 1.57366 -0.0281251 0.156362
17 1.29609 0 0 0.0785581 0.0270526 -1.07235
18 1.62202 0.000715256 -0.000470638 0.00740288 -0.022111 -0.784236
19 1.22241 0 0 0.000237496 0.00593043 -0.707337
20 1.76707 1.27612 0.0366405 1.57458 0.205155 0.106808
21 1.55588 0 0 -0.0273743 0.0177044 -0.702262
22 1.24273 0 0 -0.000479266 0.000360525 -1.15419
23 0.784523 0 0 0.00636382 -0.00322817 -0.741041
24 -6.70653 7.12182 -4.00061 -0.000932693 0 -1.8749
25 6.02794 0 0 1.17137 0.477028 0.257786
26 11.7344 0 0 0.00140267 0 0.765085
27 8.81167 0 0 0.075161 0 0
28 5.77884 0 0 0.0503578 0 0
29 2.23249 0 0 0.0248031 0 0
30 11.4725 0 0 0.136818 -0.423374 -0.164225
31 0.615814 0.994372 -0.809165 -2.83171 0.442997 0.480737
32 2.24752 0 0 -0.0453619 0.233136 0.363247
33 1.11936 0 0 -0.000328186 0.159957 0.657165
34 3.71349 0.102638 0.102191 -1.54675 0.834836 -0.400578
35 1.72615 0 0 -0.00689873 -0.0073266 1.09674
36 1.21112 0 0 0.0103137 0.0102 1.33017
37 3.5992 1.06012 0.0708885 -1.51484 0.388547 -0.125855
38 1.66069 0 0 -0.00853427 0.0767636 0.112082
39 1.16699 0 0 0.0381162 0.0197514 0.714335
40 2.18853 -0.501041 0.057659 -1.5728 0.133573 -0.17288
41 1.29609 0 0 0.120501 0.0520644 0.782583
42 1.62202 -0.000713348 -0.000469685 0.0811908 -0.0245018 1.19712
43 1.22241 0 0 -0.0119317 -0.00594712 1.29801
44 1.76707 -1.27612 0.0366403 -1.48212 0.284875 -0.100851
45 1.55588 0 0 0.223724 0.0868401 0.700865
46 1.24273 0 0 0.000478913 0.000360576 0.964696
47 0.784532 0 0 -0.0061863 0.000249587 0.884667
48 0 0 0 0 0 0
49 -5.86718 -23.5014 -6.10106 -0.00159887 0.00139302 0.00386351
50 0 -0.611111 2.11238 0 0 0
51 -0.0145802 -2.38072 2.91209 0 0 0
52 -5.86158 -24.862 -5.85361 -0.00159895 0.00139311 0.00386407
53 0 -0.675062 1.41593 0 0 0
54 0 0.979378 2.2232 0 0 0
55 0 -3.93659 2.85382 0 0 0
56 0 2.062 1.89703 -0.785398 0 0
57 0 -1.66928 2.73772 0 0 0
58 6.98255 2.1009 -16.1176 0 0 0
time 135
0 6.78963 4.11825 -5.6679 0.000934124 0 -1.53243
1 6.02795 0 0 -1.10536 0.365476 -0.419382
2 11.7344 0 0 -0.0014028 0 -0.678616
3 8.81138 -0.000451088 -0.000112057 -0.585301 0 0.000157478
4 5.77839 0.000286102 0 -0.392151 0 0.000103237
5 2.23163 -0.000329018 -0.00036335 -0.193149 0 0
6 11.4725 0 0 -0.766749 -0.413862 0.555192
7 0.615219 -0.993091 -0.8107 2.36302 0.0866628 -0.357379
8 2.24752 0 0 0.0605673 0.267265 -0.222262
9 1.11936 0 0 0.0749173 0.0546635 -0.249677
10 3.71348 -0.102641 0.10219 1.77126 0.869992 0.142171
11 1.72615 0 0 0.013477 -0.0073309 -0.811382
12 1.21114 0 0 0.0087381 0.015128 -0.772911
13 3.59919 -1.06012 0.0708878 1.87281 0.766148 0.187134
14 1.66069 0 0 -0.0195999 0.0443892 -0.726687
15 1.167 0 0 0.00841046 -0.00839376 -0.438998
16 2.18852 0.50104 0.0576591 1.57366 -0.028125 0.156362
17 1.29609 0 0 0.0785581 0.0270526 -1.07235
18 1.62202 0.000715256 -0.000470161 0.00740292 -0.022111 -0.784236
19 1.22241 0 0 0.000237475 0.00593042 -0.707337
20 1.76707 1.27612 0.0366402 1.57458 0.205155 0.106808
21 1.55588 0 0 -0.0273743 0.0177045 -0.702263
22 1.24273 0 0 -0.000479232 0.000360582 -1.15419
23 0.784524 0 0 0.00636386 -0.00322819 -0.741041
24 -6.70653 7.12182 -4.00061 -0.000932693 0 -1.8749
25 6.02794 0 0 1.17417 0.471342 0.259099
26 11.7344 0 0 0.00140282 0 0.756263
27 8.81167 0 0 0.0753828 0 0
28 5.77884 0 0 0.0505064 0 0
29 2.23249 0 0 0.0248763 0 0
30 11.4725 0 0 0.136965 -0.424482 -0.163791
31 0.615816 0.994373 -0.809165 -2.83171 0.442997 0.480737
32 2.24752 0 0 -0.0453619 0.233136 0.363247
33 1.11936 0 0 -0.000328095 0.159957 0.657165
34 3.71349 0.10264 0.102191 -1.54675 0.834836 -0.400578
35 1.72615 0 0 -0.00689869 -0.00732658 1.09674
36 1.21112 0 0 0.0103137 0.0102 1.33017
37 3.5992 1.06012 0.0708886 -1.52023 0.38996 -0.139984
38 1.66069 0 0 -0.00609997 0.0770337 0.143651
39 1.16699 0 0 0.0415503 0.0156597 0.832279
40 2.18853 -0.501041 0.0576594 -1.5728 0.133573 -0.17288
41 1.29609 0 0 0.120501 0.0520644 0.782584
42 1.62202 -0.000713348 -0.000470161 0.0811908 -0.0245018 1.19712
43 1.22241 0 0 -0.0119317 -0.0059471 1.29801
44 1.76707 -1.27612 0.0366409 -1.48212 0.284875 -0.100851
45 1.55588 0 0 0.223724 0.08684 0.700865
46 1.24273 0 0 0.000478905 0.00036058 0.964696
47 0.784532 0 0 -0.0061863 0.000249575 0.884667
48 0 0 0 0 0 0
49 -5.90508 -23.5497 -6.07014 0 0 0
50 0 -0.611113 2.11238 0 0 0
51 -0.0145798 -2.38072 2.91209 0 0 0
52 -5.90508 -24.9106 -5.82486 0 0 0
53 0 -0.675066 1.41593 0 0 0
54 0 0.979376 2.2232 0 0 0
55 0 -3.93659 2.85382 0 0 0
56 0 2.062 1.89703 -0.785398 0 0
57 0 -1.66928 2.73772 0 0 0
58 6.98255 2.1009 -16.1176 0 0 0
time 136
0 6.78963 4.11825 -5.6679 0.000934124 0 -1.53243
1 6.02795 0 0 -1.1064 0.361835 -0.420957
2 11.7344 0 0 -0.00140293 0 -0.67259
3 8.81138 -0.000450134 -0.000112295 -0.585775 0 0.000157465
4 5.77839 0.000286102 0 -0.392469 0 0.000103068
5 2.23163 -0.000329971 -0.000363827 -0.193306 0 0
6 11.4725 0 0 -0.765406 -0.411665 0.552416
7 0.615219 -0.993092 -0.8107 2.36302 0.0866628 -0.357379
8 2.24752 0 0 0.0605673 0.267265 -0.222262
9 1.11936 0 0 0.0749172 0.0546634 -0.249677
10 3.71348 -0.102642 0.102191 1.77126 0.869992 0.142171
11 1.72615 0 0 0.013477 -0.0073309 -0.811382
12 1.21114 0 0 0.00873811 0.015128 -0.772911
13 3.59919 -1.06012 0.070888 1.87281 0.766148 0.187134
14 1.66069 0 0 -0.0195999 0.0443892 -0.726687
15 1.167 0 0 0.00841046 -0.00839376 -0.438997
16 2.18852 0.50104 0.0576591 1.57366 -0.028125 0.156362
17 1.2961 0 0 0.0785581 0.0270526 -1.07235
18 1.62202 0.000713348 -0.000470161 0.0074029 -0.0221109 -0.784237
19 1.22241 0 0 0.000237485 0.00593039 -0.707337
20 1.76707 1.27612 0.0366409 1.57458 0.205155 0.106808
21 1.55588 0 0 -0.0273743 0.0177045 -0.702262
22 1.24274 0 0 -0.0004792 0.000360532 -1.15419
23 0.784524 0 0 0.00636378 -0.00322819 -0.741041
24 -6.70653 7.12182 -4.00061 -0.000932693 0 -1.8749
25 6.02794 0 0 1.17542 0.468998 0.259534
26 11.7344 0 0 0.00140274 0 0.753126
27 8.81167 0 0 0.0751605 0 0
28 5.77884 0 0 0.0503576 0 0
29 2.23249 0 0 0.024803 0 0
30 11.4725 0 0 0.136891 -0.425086 -0.163927
31 0.615814 0.994372 -0.809166 -2.83171 0.442997 0.480737
32 2.24752 0 0 -0.0453621 0.233135 0.363247
33 1.11936 0 0 -0.000328012 0.159957 0.657165
34 3.71349 0.102639 0.10219 -1.54675 0.834836 -0.400578
35 1.72615 0 0 -0.0068987 -0.00732659 1.09674
36 1.21112 0 0 0.0103137 0.0102 1.33017
37 3.5992 1.06012 0.0708878 -1.52533 0.391294 -0.15332
38 1.66069 0 0 -0.0038026 0.0772886 0.173449
39 1.16699 0 0 0.0439226 0.0128335 0.913745
40 2.18853 -0.50104 0.0576591 -1.5728 0.133573 -0.17288
41 1.29609 0 0 0.120501 0.0520645 0.782583
42 1.62201 -0.000715256 -0.000469685 0.0811908 -0.0245018 1.19712
43 1.22241 0 0 -0.0119317 -0.00594709 1.29801
44 1.76707 -1.27612 0.0366402 -1.48212 0.284875 -0.100851
45 1.55588 0 0 0.223724 0.08684 0.700865
46 1.24273 0 0 0.000478915 0.000360563 0.964696
47 0.784531 0 0 -0.00618632 0.000249581 0.884667
48 0 0 0 0 0 0
49 -5.92283 -23.5681 -6.05118 0.000468912 -0.00058674 -0.00184157
50 0 -0.611111 2.11238 0 0 0
51 -0.0145798 -2.38072 2.91209 0 0 0
52 -5.92548 -24.9291 -5.80654 0.000468824 -0.000586652 -0.00184101
53 0 -0.675064 1.41593 0 0 0
54 0 0.979376 2.2232 0 0 0
55 0 -3.93659 2.85382 0 0 0
56 0 2.062 1.89703 -0.785398 0 0
57 0 -1.66928 2.73772 0 0 0
58 6.98255 2.1009 -16.1176 0 0 0
time 137
0 6.78963 4.11825 -5.6679 0.000934124 0 -1.53243
1 6.02795 0 0 -1.10653 0.361378 -0.421154
2 11.7344 0 0 -0.00140283 0 -0.671833
3 8.81138 -0.000450134 -0.00011301 -0.585834 0 0.000157701
4 5.77839 0.000286102 0 -0.392509 0 0.000103127
5 2.23163 -0.000329971 -0.00036478 -0.193325 0 0
6 11.4725 0 0 -0.765237 -0.41139 0.552066
7 0.615221 -0.993091 -0.8107 2.36302 0.0866627 -0.357379
8 2.24752 0 0 0.0605673 0.267265 -0.222262
9 1.11936 0 0 0.0749174 0.0546635 -0.249677
10 3.71348 -0.102641 0.102191 1.77126 0.869992 0.142171
11 1.72614 0 0 0.013477 -0.00733089 -0.811382
12 1.21114 0 0 0.00873809 0.015128 -0.772911
13 3.59919 -1.06012 0.0708882 1.87281 0.766148 0.187134
14 1.66069 0 0 -0.0195999 0.0443892 -0.726687
15 1.167 0 0 0.00841046 -0.00839376 -0.438998
16 2.18852 0.50104 0.0576588 1.57366 -0.0281251 0.156362
17 1.29609 0 0 0.0785581 0.0270526 -1.07235
18 1.62202 0.000713348 -0.000471592 0.0074029 -0.022111 -0.784237
19 1.22241 0 0 0.000237464 0.00593045 -0.707337
20 1.76707 1.27612 0.0366408 1.57458 0.205155 0.106808
21 1.55588 0 0 -0.0273743 0.0177045 -0.702263
22 1.24274 0 0 -0.000479216 0.000360557 -1.15419
23 0.784524 0 0 0.00636385 -0.00322819 -0.741041
24 -6.70653 7.12182 -4.00061 -0.000932693 0 -1.8749
25 6.02794 0 0 1.17558 0.468704 0.259589
26 11.7344 0 0 0.00140271 0 0.752731
27 8.81167 0 0 0.0751342 0 0
28 5.77884 0 0 0.0503399 0 0
29 2.23249 0 0 0.0247942 0 0
30 11.4725 0 0 0.136882 -0.425163 -0.163943
31 0.615814 0.994372 -0.809165 -2.83171 0.442997 0.480737
32 2.24752 0 0 -0.0453619 0.233136 0.363247
33 1.11936 0 0 -0.000328133 0.159957 0.657165
34 3.71349 0.102639 0.102191 -1.54675 0.834836 -0.400578
35 1.72615 0 0 -0.00689871 -0.00732659 1.09674
36 1.21112 0 0 0.0103137 0.0102 1.33017
37 3.5992 1.06012 0.0708883 -1.52981 0.392469 -0.165071
38 1.66069 0 0 -0.00177795 0.0775133 0.199708
39 1.16699 0 0 0.0448076 0.0117789 0.944143
40 2.18853 -0.501041 0.0576592 -1.5728 0.133573 -0.17288
41 1.29609 0 0 0.120501 0.0520644 0.782583
42 1.62202 -0.000715256 -0.000469208 0.0811908 -0.0245018 1.19712
43 1.22241 0 0 -0.0119317 -0.00594706 1.29801
44 1.76707 -1.27612 0.0366411 -1.48212 0.284875 -0.100851
45 1.55587 0 0 0.223724 0.0868401 0.700864
46 1.24273 0 0 0.000478915 0.000360575 0.964696
47 0.784533 0 0 -0.0061863 0.000249578 0.884667
48 0 0 0 0 0 0
49 -5.92505 -23.5704 -6.04881 0.000527506 -0.000660088 -0.00207171
50 0 -0.611115 2.11238 0 0 0
51 -0.0145802 -2.38072 2.91209 0 0 0
52 -5.92803 -24.9315 -5.80425 0.000527418 -0.000660001 -0.00207114
53 0 -0.675066 1.41593 0 0 0
54 0 0.979378 2.2232 0 0 0
55 0 -3.93659 2.85382 0 0 0
56 0 2.062 1.89703 -0.785398 0 0
57 0 -1.66928 2.73772 0 0 0
58 6.98255 2.1009 -16.1176 0 0 0
time 138
0 6.78963 4.11825 -5.6679 0.000934124 0 -1.53243
1 6.02795 0 0 -1.10614 0.362748 -0.420563
2 11.7344 0 0 -0.00140291 0 -0.674102
3 8.81138 -0.000450134 -0.000112772 -0.585656 0 0.000158079
4 5.77839 0.000286102 0 -0.392389 0 0.000103575
5 2.23163 -0.000329018 -0.000365019 -0.193266 0 0
6 11.4725 0 0 -0.765742 -0.412215 0.553112
7 0.615221 -0.993092 -0.8107 2.36302 0.0866628 -0.357379
8 2.24752 0 0 0.0605673 0.267265 -0.222262
9 1.11936 0 0 0.0749172 0.0546634 -0.249677
10 3.71348 -0.102641 0.102191 1.77126 0.869992 0.142172
11 1.72615 0 0 0.013477 -0.00733091 -0.811382
12 1.21114 0 0 0.0087381 0.015128 -0.772911
13 3.59919 -1.06012 0.0708882 1.87281 0.766148 0.187135
14 1.66069 0 0 -0.0195999 0.0443892 -0.726687
15 1.167 0 0 0.00841045 -0.00839376 -0.438998
16 2.18852 0.501039 0.0576584 1.57366 -0.0281251 0.156362
17 1.29609 0 0 0.0785581 0.0270526 -1.07235
18 1.62202 0.000717163 -0.000470638 0.00740294 -0.0221109 -0.784236
19 1.22241 0 0 0.000237485 0.00593039 -0.707337
20 1.76707 1.27612 0.0366408 1.57458 0.205155 0.106808
21 1.55588 0 0 -0.0273743 0.0177045 -0.702262
22 1.24274 0 0 -0.000479209 0.000360491 -1.15419
23 0.784523 0 0 0.00636381 -0.00322821 -0.741041
24 -6.70653 7.12182 -4.00061 -0.000932693 0 -1.8749
25 6.02794 0 0 1.17511 0.469585 0.259425
26 11.7344 0 0 0.00140271 0 0.753911
27 8.81167 0 0 0.0752158 0 0
28 5.77884 0 0 0.0503946 0 0
29 2.23249 0 0 0.0248213 0 0
30 11.4725 0 0 0.13691 -0.424935 -0.163894
31 0.61581 0.994371 -0.809166 -2.83171 0.442997 0.480737
32 2.24752 0 0 -0.045362 0.233136 0.363247
33 1.11936 0 0 -0.000328133 0.159957 0.657165
34 3.71348 0.102639 0.102191 -1.54675 0.834836 -0.400578
35 1.72615 0 0 -0.00689871 -0.0073266 1.09674
36 1.21112 0 0 0.0103137 0.0102 1.33017
37 3.5992 1.06012 0.0708881 -1.53339 0.393407 -0.174446
38 1.66069 0 0 -0.000162898 0.0776925 0.220655
39 1.16699 0 0 0.0442488 0.0143902 0.889948
40 2.18853 -0.501041 0.0576589 -1.5728 0.133573 -0.17288
41 1.29609 0 0 0.120501 0.0520644 0.782583
42 1.62202 -0.000711441 -0.000469685 0.0811908 -0.0245018 1.19712
43 1.22241 0 0 -0.0119317 -0.0059471 1.29801
44 1.76707 -1.27612 0.0366406 -1.48212 0.284875 -0.100851
45 1.55588 0 0 0.223724 0.0868401 0.700865
46 1.24273 0 0 0.000478932 0.000360571 0.964696
47 0.784531 0 0 -0.00618632 0.000249598 0.884667
48 0 0 0 0 0 0
49 -5.91839 -23.5635 -6.05592 0.00035153 -0.000440211 -0.00138112
50 0 -0.611115 2.11238 0 0 0
51 -0.0145793 -2.38073 2.91209 0 0 0
52 -5.92038 -24.9245 -5.81112 0.000351442 -0.000440124 -0.00138055
53 0 -0.675062 1.41593 0 0 0
54 0 0.97938 2.2232 0 0 0
55 0 -3.93659 2.85382 0 0 0
56 0 2.062 1.89703 -0.785398 0 0
57 0 -1.66928 2.73772 0 0 0
58 6.98255 2.1009 -16.1176 0 0 0
time 139
0 6.78963 4.11825 -5.6679 0.000934124 0 -1.53243
1 6.02795 0 0 -1.10562 0.364569 -0.419775
2 11.7344 0 0 -0.00140271 0 -0.677116
3 8.81138 -0.000449181 -0.000112295 -0.585418 0 0.000158018
4 5.77839 0.000286102 0 -0.39223 0 0.000103484
5 2.23163 -0.000329018 -0.000364304 -0.193188 0 0
6 11.4725 0 0 -0.766413 -0.413313 0.554501
7 0.615217 -0.993091 -0.8107 2.36302 0.0866628 -0.357379
8 2.24752 0 0 0.0605672 0.267265 -0.222262
9 1.11936 0 0 0.0749172 0.0546635 -0.249677
10 3.71348 -0.102641 0.102191 1.77126 0.869992 0.142171
11 1.72615 0 0 0.013477 -0.0073309 -0.811382
12 1.21114 0 0 0.0087381 0.015128 -0.772911
13 3.59919 -1.06012 0.0708883 1.87281 0.766148 0.187134
14 1.66069 0 0 -0.0195999 0.0443892 -0.726687
15 1.167 0 0 0.00841046 -0.00839376 -0.438997
16 2.18852 0.50104 0.057659 1.57366 -0.0281252 0.156362
17 1.29609 0 0 0.0785582 0.0270527 -1.07235
18 1.62202 0.000715256 -0.000471115 0.00740289 -0.0221109 -0.784237
19 1.22241 0 0 0.000237454 0.00593048 -0.707337
20 1.76707 1.27612 0.0366409 1.57458 0.205155 0.106808
21 1.55588 0 0 -0.0273743 0.0177044 -0.702262
22 1.24273 0 0 -0.000479225 0.000360516 -1.15419
23 0.784523 0 0 0.00636382 -0.0032282 -0.741041
24 -6.70653 7.12182 -4.00061 -0.000932693 0 -1.8749
25 6.02794 0 0 1.17448 0.470757 0.259208
26 11.7344 0 0 0.00140274 0 0.755481
27 8.81167 0 0 0.0753271 0 0
28 5.77884 0 0 0.0504691 0 0
29 2.23249 0 0 0.0248581 0 0
30 11.4725 0 0 0.136947 -0.424633 -0.163827
31 0.615812 0.994371 -0.809165 -2.83171 0.442997 0.480737
32 2.24752 0 0 -0.0453619 0.233136 0.363247
33 1.11936 0 0 -0.000328012 0.159957 0.657165
34 3.71349 0.102638 0.102192 -1.54675 0.834836 -0.400578
35 1.72615 0 0 -0.0068987 -0.00732659 1.09674
36 1.21112 0 0 0.0103137 0.0102 1.33017
37 3.5992 1.06012 0.0708879 -1.53576 0.394028 -0.180652
38 1.66069 0 0 0.000906164 0.0778112 0.234522
39 1.16699 0 0 0.0432107 0.0192397 0.7893
40 2.18853 -0.501041 0.0576593 -1.5728 0.133573 -0.17288
41 1.29609 0 0 0.120501 0.0520644 0.782583
42 1.62202 -0.000715256 -0.000469685 0.0811908 -0.0245018 1.19712
43 1.22241 0 0 -0.0119317 -0.00594707 1.29801
44 1.76707 -1.27612 0.0366405 -1.48212 0.284875 -0.100851
45 1.55588 0 0 0.223724 0.08684 0.700865
46 1.24273 0 0 0.000478917 0.000360574 0.964696
47 0.784532 0 0 -0.00618631 0.00024959 0.884667
48 0 0 0 0 0 0
49 -5.90951 -23.5543 -6.0654 0.000116872 -0.000146978 -0.00046051
50 0 -0.611111 2.11238 0 0 0
51 -0.0145798 -2.38072 2.91209 0 0 0
52 -5.91018 -24.9153 -5.82028 0.000116784 -0.000146891 -0.000459946
53 0 -0.675066 1.41593 0 0 0
54 0 0.979374 2.2232 0 0 0
55 0 -3.93659 2.85382 0 0 0
56 0 2.062 1.89703 -0.785398 0 0
57 0 -1.66928 2.73772 0 0 0
58 6.98255 2.1009 -16.1176 0 0 0
time 140
0 6.78963 4.11825 -5.6679 0.000934124 0 -1.53243
1 6.02795 0 0 -1.10536 0.365476 -0.419382
2 11.7344 0 0 -0.00140281 0 -0.678617
3 8.81139 -0.000449181 -0.000111341 -0.5853 0 0.000157998
4 5.77839 0.000287056 0 -0.392151 0 0.000103313
5 2.23164 -0.000328064 -0.000364542 -0.193149 0 0
6 11.4725 0 0 -0.766749 -0.413862 0.555192
7 0.615219 -0.993091 -0.8107 2.36302 0.0866629 -0.357379
8 2.24752 0 0 0.0605673 0.267265 -0.222262
9 1.11936 0 0 0.0749173 0.0546634 -0.249677
10 3.71348 -0.102641 0.102191 1.77126 0.869992 0.142171
11 1.72615 0 0 0.013477 -0.00733088 -0.811382
12 1.21114 0 0 0.00873811 0.0151279 -0.772911
13 3.59919 -1.06012 0.0708883 1.87281 0.766148 0.187134
14 1.66069 0 0 -0.0195999 0.0443892 -0.726687
15 1.167 0 0 0.00841046 -0.00839376 -0.438997
16 2.18852 0.50104 0.057659 1.57366 -0.028125 0.156362
17 1.29609 0 0 0.0785581 0.0270526 -1.07235
18 1.62202 0.000713348 -0.000470161 0.0074029 -0.022111 -0.784237
19 1.22241 0 0 0.000237485 0.00593046 -0.707337
20 1.76707 1.27612 0.0366405 1.57458 0.205155 0.106808
21 1.55588 0 0 -0.0273742 0.0177045 -0.702263
22 1.24273 0 0 -0.000479225 0.000360516 -1.15419
23 0.784523 0 0 0.00636382 -0.00322814 -0.741041
24 -6.70653 7.12182 -4.00061 -0.000932693 0 -1.8749
25 6.02794 0 0 1.17417 0.471342 0.259099
26 11.7344 0 0 0.00140282 0 0.756263
27 8.81167 0 0 0.0753828 0 0
28 5.77884 0 0 0.0505064 0 0
29 2.23249 0 0 0.0248763 0 0
30 11.4725 0 0 0.136965 -0.424482 -0.163791
31 0.615816 0.994373 -0.809165 -2.83171 0.442997 0.480737
32 2.24752 0 0 -0.0453619 0.233136 0.363247
33 1.11936 0 0 -0.000328095 0.159957 0.657165
34 3.71349 0.10264 0.102191 -1.54675 0.834836 -0.400578
35 1.72615 0 0 -0.00689869 -0.00732658 1.09674
36 1.21112 0 0 0.0103137 0.0102 1.33017
37 3.5992 1.06012 0.0708886 -1.53662 0.394253 -0.182897
38 1.66069 0 0 0.00129288 0.0778541 0.239537
39 1.16699 0 0 0.0426518 0.021851 0.735105
40 2.18853 -0.501041 0.0576594 -1.5728 0.133573 -0.17288
41 1.29609 0 0 0.120501 0.0520644 0.782584
42 1.62202 -0.000713348 -0.000470161 0.0811908 -0.0245018 1.19712
43 1.22241 0 0 -0.0119317 -0.0059471 1.29801
44 1.76707 -1.27612 0.0366409 -1.48212 0.284875 -0.100851
45 1.55588 0 0 0.223724 0.08684 0.700865
46 1.24273 0 0 0.000478905 0.00036058 0.964696
47 0.784532 0 0 -0.0061863 0.000249575 0.884667
48 0 0 0 0 0 0
49 -5.90508 -23.5497 -6.07014 0 0 0
50 0 -0.611113 2.11238 0 0 0
51 -0.0145798 -2.38072 2.91209 0 0 0
52 -5.90508 -24.9106 -5.82486 0 0 0
53 0 -0.675066 1.41593 0 0 0
54 0 0.979376 2.2232 0 0 0
55 0 -3.93659 2.85382 0 0 0
56 0 2.062 1.89703 -0.785398 0 0
57 0 -1.66928 2.73772 0 0 0
58 6.98255 2.1009 -16.1176 0 0 0
end
