//Sequence File generated by the Wall Worm SMD Exporter PRO 1.99
//www.wallworm.com
version 1
nodes
0 "b_l_clav" -1
1 "b_l_upperarm" 0
2 "b_l_forearm" 1
3 "b_l_twist3" 2
4 "b_l_twist2" 2
5 "b_l_twist1" 2
6 "b_l_hand" 2
7 "b_l_thumb001" 6
8 "b_l_thumb002" 7
9 "b_l_thumb003" 8
10 "b_l_middle001" 6
11 "b_l_middle002" 10
12 "b_l_middle003" 11
13 "b_l_index001" 6
14 "b_l_index002" 13
15 "b_l_index003" 14
16 "b_l_hand_ringsqueezer" 6
17 "b_l_ring001" 16
18 "b_l_ring002" 17
19 "b_l_ring003" 18
20 "b_l_hand_pinkysqueezer" 6
21 "b_l_pinky001" 20
22 "b_l_pinky002" 21
23 "b_l_pinky003" 22
24 "b_r_clav" -1
25 "b_r_upperarm" 24
26 "b_r_forearm" 25
27 "b_r_twist3" 26
28 "b_r_twist2" 26
29 "b_r_twist1" 26
30 "b_r_hand" 26
31 "b_r_thumb001" 30
32 "b_r_thumb002" 31
33 "b_r_thumb003" 32
34 "b_r_middle001" 30
35 "b_r_middle002" 34
36 "b_r_middle003" 35
37 "b_r_index001" 30
38 "b_r_index002" 37
39 "b_r_index003" 38
40 "b_r_hand_ringsqueezer" 30
41 "b_r_ring001" 40
42 "b_r_ring002" 41
43 "b_r_ring003" 42
44 "b_r_hand_pinkysqueezer" 30
45 "b_r_pinky001" 44
46 "b_r_pinky002" 45
47 "b_r_pinky003" 46
48 "b_zero" -1
49 "d_idler" -1
50 "d_walk" 49
51 "d_gun" 50
52 "d_catchrelease" 51
53 "d_trigger" 51
54 "d_safety" 51
55 "d_mainhinge" 51
56 "d_extr_r" 55
57 "d_extr_l" 55
58 "d_shell001" -1
59 "d_shell002" -1
60 "d_spentshell001" -1
61 "d_spentshell002" -1
end
skeleton
time 0
0 4.81773 6.1795 -11.3507 0.000934124 0 -1.48352
1 6.02794 0 0 -1.17209 0.0459646 -0.288986
2 11.7344 0 0 -0.00140285 0 -0.574112
3 8.81138 -0.000450134 -0.000112534 -1.6165 0 0.000157911
4 5.77839 0.000286102 0 -1.08306 0 0.000100732
5 2.23163 -0.000329971 -0.000364304 -0.533445 0 0
6 11.4725 0 0 -1.6165 0.25914 0.248944
7 0.615219 -0.993092 -0.8107 2.72336 0.28889 -0.318188
8 2.24752 0 0 0.0834081 0.0597636 0.0921364
9 1.11936 0 0 0.122456 0.204701 -0.132564
10 3.71348 -0.10264 0.102191 1.59106 0.373844 0.344896
11 1.72615 0 0 0.00722093 -0.00791196 -1.70582
12 1.21114 0 0 0.00811925 0.0120081 0.0613766
13 3.59919 -1.06012 0.0708885 1.53714 -0.137057 0.433763
14 1.66068 0 0 -0.0607524 0.0487354 -1.11842
15 1.167 0 0 0.003259 -0.000534913 -0.784203
16 2.18852 0.50104 0.0576591 1.55856 0.16523 0.120989
17 1.29609 0 0 -0.136068 0.0967534 -0.783319
18 1.62202 0.000715256 -0.000471115 0.031362 -0.0249811 -1.33151
19 1.22241 0 0 0.00397505 -0.000685938 -0.0478736
20 1.76707 1.27612 0.0366411 1.49753 0.495024 0.0595552
21 1.55588 0 0 -0.191076 -0.0505248 -0.984774
22 1.24274 0 0 -0.000478964 0.000361097 -0.663473
23 0.784523 0 0 0.01138 0.00651398 0.248465
24 -5.19429 19.5615 -1.06464 -0.000932693 0 -2.00714
25 6.02794 0 0 0.862926 0.616331 0.252195
26 11.7344 0 0 0.0014026 0 1.07114
27 8.81167 0 0 0.453619 0 0
28 5.77884 0 0 0.303925 0 0
29 2.23249 0 0 0.149694 0 0
30 11.4725 0 0 0.614944 -0.0359693 -0.759929
31 0.615813 0.994372 -0.809165 -2.97612 0.595303 0.240986
32 2.24752 0 0 -0.439681 0.14095 0.241995
33 1.11936 0 0 -0.0768329 0.184909 1.23966
34 3.71349 0.102639 0.10219 -1.78308 1.18087 -0.557246
35 1.72615 0 0 0.00173781 0.0156061 1.23447
36 1.21112 0 0 -0.00755625 0.0282298 0.807688
37 3.5992 1.06012 0.0708876 -1.6277 0.227533 -0.0640691
38 1.66069 0 0 0.00650423 0.0775931 0.306618
39 1.16699 0 0 0.0412623 0.0180749 0.795629
40 2.18853 -0.50104 0.0576591 -1.56657 0.103413 -0.112922
41 1.29609 0 0 0.298645 0.152979 1.33583
42 1.62202 -0.000713348 -0.000469685 0.000354473 0.000500984 1.1262
43 1.22241 0 0 0.0314986 0.0181709 0.876842
44 1.76707 -1.27612 0.0366406 -1.55745 0.249311 -0.0923494
45 1.55587 0 0 0.425981 0.0597841 1.32692
46 1.24273 0 0 0.000478894 0.000360985 0.778555
47 0.784532 0 0 -0.00952982 -0.0139656 0.779955
48 0 0 0 0 0 0
49 -3.16527 -17.2166 -5.4398 0 0 0
50 -0.169706 1.99333 0.168103 0 0 0
51 0 7.85048 0.10077 0 0 0
52 0 -6.39109 2.66389 0 1.39626 -1.5708
53 0 -3.88574 -0.867035 0 0 -1.5708
54 0 -2.3834 1.62041 0 1.39626 -1.5708
55 0 -9.60567 0.513889 0 0 -1.5708
56 -2.44017 -0.616137 1.06069 1.5708 0 0
57 -2.44109 0.616133 1.06069 1.5708 0 0
58 -3.33454 -1.27864 -10.9332 0 0 0
59 -3.33454 -1.27864 -12.1036 0 0 0
60 -3.33454 -15.7794 -3.01529 0 0 0
61 -3.33454 -15.7794 -4.1857 0 0 0
time 1
0 4.81773 6.1795 -11.3507 0.000934124 0 -1.48352
1 6.02794 0 0 -1.17207 0.0464933 -0.288827
2 11.7344 0 0 -0.00140286 0 -0.575202
3 8.81138 -0.000450134 -0.000112295 -1.61663 0 0.000157871
4 5.77839 0.000286102 0 -1.08314 0 0.000100827
5 2.23163 -0.000329971 -0.000364304 -0.533489 0 0
6 11.4725 0 0 -1.61662 0.259129 0.249651
7 0.615221 -0.993092 -0.810701 2.72336 0.28889 -0.318188
8 2.24752 0 0 0.0834079 0.0597637 0.0921362
9 1.11936 0 0 0.122456 0.204701 -0.132564
10 3.71348 -0.102642 0.102191 1.59106 0.373844 0.344896
11 1.72615 0 0 0.00722092 -0.00791187 -1.70582
12 1.21114 0 0 0.00811919 0.012008 0.0613766
13 3.59919 -1.06012 0.0708876 1.53714 -0.137057 0.433762
14 1.66069 0 0 -0.0607523 0.0487355 -1.11842
15 1.167 0 0 0.00325899 -0.000535046 -0.784203
16 2.18852 0.50104 0.0576582 1.55856 0.16523 0.120989
17 1.29609 0 0 -0.136068 0.0967531 -0.783319
18 1.62202 0.000713348 -0.000471115 0.031362 -0.024981 -1.33151
19 1.22241 0 0 0.00397496 -0.00068594 -0.0478735
20 1.76707 1.27612 0.0366402 1.49753 0.495024 0.0595552
21 1.55588 0 0 -0.191076 -0.0505247 -0.984774
22 1.24274 0 0 -0.000478982 0.000360965 -0.663473
23 0.784523 0 0 0.0113799 0.00651399 0.248465
24 -5.19429 19.5615 -1.06464 -0.000932693 0 -2.00714
25 6.02794 0 0 0.862857 0.616482 0.252025
26 11.7344 0 0 0.00140253 0 1.07172
27 8.81167 0 0 0.453394 0 0
28 5.77884 0 0 0.303774 0 0
29 2.23249 0 0 0.14962 0 0
30 11.4725 0 0 0.614874 -0.0358352 -0.760501
31 0.615813 0.994372 -0.809165 -2.97612 0.595303 0.240986
32 2.24752 0 0 -0.439681 0.14095 0.241995
33 1.11936 0 0 -0.0768328 0.184909 1.23966
34 3.71349 0.102639 0.102191 -1.78309 1.18087 -0.557246
35 1.72615 0 0 0.00173777 0.015606 1.23447
36 1.21112 0 0 -0.00755627 0.0282298 0.807688
37 3.5992 1.06012 0.0708885 -1.6277 0.227533 -0.0640693
38 1.66069 0 0 0.00650427 0.077593 0.306618
39 1.16699 0 0 0.0412623 0.0180749 0.795628
40 2.18853 -0.50104 0.0576587 -1.56657 0.103413 -0.112923
41 1.29609 0 0 0.298645 0.152979 1.33583
42 1.62202 -0.000713348 -0.000470161 0.000354421 0.000501069 1.1262
43 1.22241 0 0 0.0314986 0.0181709 0.876842
44 1.76707 -1.27612 0.0366411 -1.55745 0.249311 -0.0923495
45 1.55588 0 0 0.425981 0.0597841 1.32692
46 1.24273 0 0 0.000478954 0.000360959 0.778555
47 0.784531 0 0 -0.0095299 -0.0139656 0.779955
48 0 0 0 0 0 0
49 -3.16527 -17.2166 -5.4398 0 0 0
50 -0.169706 1.99333 0.168103 0 0 0
51 0 7.85368 0.102395 0.000231089 0 0
52 0 -6.39109 2.66389 0 1.39626 -1.5708
53 0 -3.88574 -0.867034 0 0 -1.5708
54 0 -2.3834 1.62041 0 1.39626 -1.5708
55 0 -9.60567 0.51389 0 0 -1.5708
56 -2.44017 -0.616137 1.06069 1.5708 0 0
57 -2.44109 0.616132 1.06069 1.5708 0 0
58 -3.33009 -1.27411 -10.9291 0.00181364 0 0
59 -3.32651 -1.27452 -12.0952 0 0 0.00177342
60 -3.33443 -15.7767 -3.01561 0.000231132 0 0
61 -3.33449 -15.7764 -4.18602 0.000231178 0 0
time 2
0 4.81773 6.1795 -11.3507 0.000934124 0 -1.48352
1 6.02794 0 0 -1.17203 0.0477276 -0.288464
2 11.7344 0 0 -0.00140265 0 -0.577739
3 8.81138 -0.000450134 -0.00011301 -1.61692 0 0.000158139
4 5.77839 0.000286102 0 -1.08334 0 0.000100945
5 2.23163 -0.000329971 -0.000364304 -0.533584 0 0
6 11.4725 0 0 -1.61689 0.259106 0.2513
7 0.615221 -0.993092 -0.8107 2.72336 0.28889 -0.318188
8 2.24752 0 0 0.083408 0.0597637 0.0921363
9 1.11936 0 0 0.122456 0.204701 -0.132564
10 3.71348 -0.102642 0.102191 1.59106 0.373844 0.344896
11 1.72615 0 0 0.00722094 -0.00791204 -1.70582
12 1.21114 0 0 0.0081193 0.0120083 0.0613768
13 3.59919 -1.06012 0.0708876 1.53714 -0.137057 0.433762
14 1.66068 0 0 -0.0607525 0.0487354 -1.11842
15 1.167 0 0 0.00325892 -0.00053488 -0.784203
16 2.18853 0.501039 0.0576582 1.55856 0.16523 0.120989
17 1.29609 0 0 -0.136068 0.0967534 -0.783319
18 1.62202 0.000713348 -0.000472069 0.031362 -0.0249809 -1.33151
19 1.22241 0 0 0.00397493 -0.000686 -0.0478736
20 1.76707 1.27612 0.0366411 1.49753 0.495024 0.0595549
21 1.55588 0 0 -0.191076 -0.0505247 -0.984774
22 1.24274 0 0 -0.000478973 0.000361031 -0.663473
23 0.784523 0 0 0.01138 0.0065138 0.248465
24 -5.19429 19.5615 -1.06464 -0.000932693 0 -2.00714
25 6.02794 0 0 0.862718 0.616801 0.251663
26 11.7344 0 0 0.00140281 0 1.07298
27 8.81167 0 0 0.452888 0 0
28 5.77884 0 0 0.303435 0 0
29 2.23249 0 0 0.149453 0 0
30 11.4725 0 0 0.614714 -0.0355221 -0.761791
31 0.615813 0.994372 -0.809165 -2.97612 0.595303 0.240986
32 2.24752 0 0 -0.439682 0.14095 0.241995
33 1.11936 0 0 -0.0768327 0.184909 1.23966
34 3.71348 0.102639 0.102191 -1.78308 1.18087 -0.557246
35 1.72615 0 0 0.00173771 0.015606 1.23447
36 1.21112 0 0 -0.00755625 0.0282297 0.807688
37 3.5992 1.06012 0.070888 -1.6277 0.227533 -0.0640691
38 1.66069 0 0 0.00650427 0.0775931 0.306618
39 1.16699 0 0 0.0412624 0.0180749 0.795629
40 2.18853 -0.50104 0.0576591 -1.56657 0.103413 -0.112922
41 1.29609 0 0 0.298645 0.152979 1.33583
42 1.62202 -0.000713348 -0.000469685 0.000354502 0.00050089 1.1262
43 1.22241 0 0 0.0314986 0.0181708 0.876842
44 1.76707 -1.27612 0.0366406 -1.55745 0.249311 -0.0923494
45 1.55587 0 0 0.425981 0.0597841 1.32692
46 1.24273 0 0 0.000478969 0.000360999 0.778555
47 0.784532 0 0 -0.00952993 -0.0139656 0.779955
48 0 0 0 0 0 0
49 -3.16527 -17.2166 -5.4398 0 0 0
50 -0.169706 1.99333 0.168103 0 0 0
51 0 7.86115 0.106187 0.000770295 0.000177759 0
52 0 -6.39109 2.66389 0 1.39626 -1.5708
53 0 -3.88574 -0.867035 0 0 -1.5708
54 0 -2.3834 1.62041 0 1.39626 -1.5708
55 0 -9.60567 0.513889 0 0 -1.5708
56 -2.44017 -0.616137 1.06069 1.5708 0 0
57 -2.44109 0.616133 1.06069 1.5708 0 0
58 -3.3167 -1.26361 -10.9189 0.00702258 0 0
59 -3.30257 -1.26534 -12.0723 0.000229283 0.000237261 0.00700667
60 -3.33416 -15.7704 -3.01635 0.000770331 0.000177896 0
61 -3.33436 -15.7695 -4.18676 0.000770384 0.00017791 0
time 3
0 4.81773 6.1795 -11.3507 0.000934124 0 -1.48352
1 6.02794 0 0 -1.17203 0.0491369 -0.288062
2 11.7344 0 0 -0.0014028 0 -0.580626
3 8.81138 -0.000450134 -0.000111818 -1.6172 0 0.000157679
4 5.77839 0.00028801 0 -1.08353 0 0.000100572
5 2.23163 -0.000328064 -0.000363827 -0.533677 0 0
6 11.4725 0 0 -1.61715 0.25908 0.253191
7 0.615219 -0.993091 -0.810699 2.72336 0.28889 -0.318188
8 2.24752 0 0 0.083408 0.0597637 0.0921363
9 1.11935 0 0 0.122456 0.204701 -0.132564
10 3.71348 -0.10264 0.102191 1.59106 0.373844 0.344896
11 1.72615 0 0 0.00722093 -0.00791204 -1.70582
12 1.21114 0 0 0.00811924 0.0120081 0.0613766
13 3.59919 -1.06012 0.0708885 1.53714 -0.137057 0.433762
14 1.66069 0 0 -0.0607523 0.0487353 -1.11842
15 1.167 0 0 0.003259 -0.000534913 -0.784203
16 2.18852 0.50104 0.0576591 1.55856 0.16523 0.120989
17 1.29609 0 0 -0.136068 0.0967533 -0.783319
18 1.62202 0.000715256 -0.000472069 0.031362 -0.024981 -1.33151
19 1.22241 0 0 0.00397499 -0.000685999 -0.0478736
20 1.76707 1.27612 0.0366411 1.49753 0.495024 0.059555
21 1.55588 0 0 -0.191076 -0.0505246 -0.984774
22 1.24274 0 0 -0.000479019 0.000360889 -0.663473
23 0.784523 0 0 0.01138 0.00651403 0.248465
24 -5.19429 19.5615 -1.06464 -0.000932693 0 -2.00714
25 6.02794 0 0 0.862515 0.617236 0.251176
26 11.7344 0 0 0.00140277 0 1.07461
27 8.81167 0 0 0.45227 0 0
28 5.77884 0 0 0.303021 0 0
29 2.23249 0 0 0.149249 0 0
30 11.4725 0 0 0.614531 -0.0351649 -0.763361
31 0.615813 0.994372 -0.809165 -2.97612 0.595303 0.240986
32 2.24752 0 0 -0.439682 0.14095 0.241995
33 1.11936 0 0 -0.0768329 0.184909 1.23966
34 3.71349 0.102639 0.102191 -1.78309 1.18087 -0.557246
35 1.72615 0 0 0.00173786 0.0156059 1.23447
36 1.21112 0 0 -0.00755626 0.0282298 0.807687
37 3.5992 1.06012 0.070888 -1.6277 0.227533 -0.0640691
38 1.66069 0 0 0.00650419 0.0775931 0.306618
39 1.16699 0 0 0.0412623 0.0180749 0.795629
40 2.18853 -0.501041 0.0576591 -1.56657 0.103413 -0.112922
41 1.29609 0 0 0.298645 0.152979 1.33583
42 1.62201 -0.000713348 -0.000469685 0.000354558 0.000501035 1.1262
43 1.22241 0 0 0.0314985 0.0181707 0.876842
44 1.76707 -1.27612 0.0366411 -1.55745 0.249311 -0.0923493
45 1.55588 0 0 0.425981 0.059784 1.32692
46 1.24273 0 0 0.00047894 0.000360977 0.778555
47 0.784532 0 0 -0.00952984 -0.0139655 0.779955
48 0 0 0 0 0 0
49 -3.16527 -17.2166 -5.4398 0 0 0
50 -0.169706 1.99333 0.168103 0 0 0
51 0 7.8697 0.110521 0.00138653 0.000319965 0
52 0 -6.39109 2.66389 0 1.39626 -1.5708
53 0 -3.88574 -0.867035 0 0 -1.5708
54 0 -2.3834 1.62041 0 1.39626 -1.5708
55 0 -9.60567 0.513889 0 0 -1.5708
56 -2.44017 -0.616137 1.06069 1.5708 0 0
57 -2.44109 0.616133 1.06069 1.5708 0 0
58 -3.29434 -1.25174 -10.9055 0.0152793 0 0
59 -3.26297 -1.25588 -12.0383 0.000186352 0.000442374 0.0155692
60 -3.33386 -15.7631 -3.0172 0.00138654 0.000320094 0
61 -3.33423 -15.7615 -4.1876 0.00138662 0.000320116 0
time 4
0 4.81773 6.1795 -11.3507 0.000934124 0 -1.48352
1 6.02794 0 0 -1.17212 0.050201 -0.287787
2 11.7344 0 0 -0.00140287 0 -0.582783
3 8.81139 -0.000450134 -0.000112057 -1.61732 0 0.000157812
4 5.77839 0.000286102 0 -1.0836 0 0.000100544
5 2.23164 -0.000329971 -0.000363827 -0.533715 0 0
6 11.4725 0 0 -1.61724 0.259065 0.25463
7 0.615217 -0.993092 -0.8107 2.72336 0.28889 -0.318188
8 2.24752 0 0 0.0834079 0.0597636 0.0921363
9 1.11936 0 0 0.122456 0.204701 -0.132564
10 3.71348 -0.102642 0.102191 1.59106 0.373844 0.344896
11 1.72615 0 0 0.00722102 -0.00791204 -1.70582
12 1.21114 0 0 0.00811912 0.0120081 0.0613766
13 3.59919 -1.06012 0.0708876 1.53714 -0.137057 0.433762
14 1.66069 0 0 -0.0607524 0.0487353 -1.11842
15 1.167 0 0 0.00325889 -0.000534958 -0.784203
16 2.18852 0.501039 0.0576591 1.55856 0.16523 0.120989
17 1.29609 0 0 -0.136068 0.0967533 -0.783319
18 1.62202 0.000713348 -0.000473022 0.031362 -0.0249811 -1.33151
19 1.22241 0 0 0.00397502 -0.000685938 -0.0478736
20 1.76707 1.27612 0.0366402 1.49753 0.495024 0.0595552
21 1.55588 0 0 -0.191076 -0.0505246 -0.984774
22 1.24274 0 0 -0.000478991 0.000360899 -0.663473
23 0.784523 0 0 0.0113801 0.00651402 0.248465
24 -5.19429 19.5615 -1.06464 -0.000932693 0 -2.00714
25 6.02794 0 0 0.862379 0.617537 0.250837
26 11.7344 0 0 0.00140264 0 1.07576
27 8.81167 0 0 0.451821 0 0
28 5.77884 0 0 0.30272 0 0
29 2.23249 0 0 0.149101 0 0
30 11.4725 0 0 0.614393 -0.0348972 -0.764504
31 0.615813 0.994372 -0.809165 -2.97612 0.595303 0.240986
32 2.24752 0 0 -0.439682 0.14095 0.241995
33 1.11936 0 0 -0.0768327 0.184909 1.23966
34 3.71349 0.102639 0.102191 -1.78309 1.18087 -0.557246
35 1.72615 0 0 0.00173772 0.015606 1.23447
36 1.21112 0 0 -0.00755627 0.0282297 0.807687
37 3.5992 1.06012 0.070888 -1.6277 0.227533 -0.0640691
38 1.66069 0 0 0.00650421 0.077593 0.306618
39 1.16699 0 0 0.0412624 0.0180749 0.795629
40 2.18853 -0.50104 0.0576591 -1.56657 0.103413 -0.112922
41 1.29609 0 0 0.298645 0.152979 1.33583
42 1.62202 -0.000713348 -0.000470161 0.000354493 0.000501002 1.1262
43 1.22241 0 0 0.0314986 0.0181708 0.876842
44 1.76707 -1.27612 0.0366411 -1.55745 0.249311 -0.0923493
45 1.55588 0 0 0.425981 0.0597841 1.32692
46 1.24273 0 0 0.000478975 0.000360882 0.778555
47 0.784531 0 0 -0.00952982 -0.0139656 0.779955
48 0 0 0 0 0 0
49 -3.16527 -17.2166 -5.4398 0 0 0
50 -0.169706 1.99333 0.168103 0 0 0
51 0 7.8761 0.113771 0.0018487 0.00042662 0
52 0 -6.39109 2.66389 0 1.39626 -1.5708
53 0 -3.88574 -0.867035 0 0 -1.5708
54 0 -2.3834 1.62041 0 1.39626 -1.5708
55 0 -9.60567 0.513889 0 0 -1.5708
56 -2.44017 -0.616137 1.06069 1.5708 0 0
57 -2.44109 0.616133 1.06069 1.5708 0 0
58 -3.26298 -1.2431 -10.8922 0.0262363 0 0
59 -3.20796 -1.25089 -11.9968 -0.000255653 0.000628667 0.0273306
60 -3.33363 -15.7577 -3.01783 0.00184873 0.000426758 0
61 -3.33413 -15.7556 -4.18824 0.00184879 0.000426771 0
time 5
0 4.81773 6.1795 -11.3507 0.000934124 0 -1.48352
1 6.02794 0 0 -1.17235 0.0504019 -0.2878
2 11.7344 0 0 -0.00140274 0 -0.583141
3 8.81138 -0.000450134 -0.000111818 -1.61711 0 0.000158355
4 5.77839 0.000286102 0 -1.08346 0 0.000101082
5 2.23164 -0.000329971 -0.000363827 -0.533645 0 0
6 11.4725 0 0 -1.61703 0.259071 0.254929
7 0.615219 -0.99309 -0.810699 2.72336 0.28889 -0.318188
8 2.24752 0 0 0.0834079 0.0597637 0.0921363
9 1.11936 0 0 0.122456 0.204701 -0.132564
10 3.71348 -0.10264 0.102191 1.59106 0.373844 0.344896
11 1.72615 0 0 0.00722114 -0.00791199 -1.70582
12 1.21114 0 0 0.00811912 0.012008 0.0613765
13 3.59919 -1.06012 0.0708885 1.53714 -0.137057 0.433762
14 1.66069 0 0 -0.0607525 0.0487353 -1.11842
15 1.167 0 0 0.00325898 -0.000534858 -0.784203
16 2.18852 0.50104 0.0576591 1.55856 0.16523 0.120989
17 1.29609 0 0 -0.136068 0.0967534 -0.783319
18 1.62202 0.000711441 -0.000471115 0.0313621 -0.0249811 -1.33151
19 1.22241 0 0 0.00397502 -0.000685939 -0.0478734
20 1.76707 1.27612 0.0366411 1.49753 0.495024 0.0595551
21 1.55588 0 0 -0.191076 -0.0505248 -0.984774
22 1.24273 0 0 -0.000479114 0.000360982 -0.663473
23 0.784523 0 0 0.01138 0.00651397 0.248465
24 -5.19429 19.5615 -1.06464 -0.000932693 0 -2.00714
25 6.02794 0 0 0.862356 0.617587 0.25078
26 11.7344 0 0 0.00140265 0 1.07595
27 8.81167 0 0 0.451746 0 0
28 5.77884 0 0 0.30267 0 0
29 2.23249 0 0 0.149076 0 0
30 11.4725 0 0 0.61437 -0.0348521 -0.764694
31 0.615813 0.994372 -0.809165 -2.97612 0.595303 0.240986
32 2.24752 0 0 -0.439682 0.14095 0.241995
33 1.11936 0 0 -0.0768327 0.184909 1.23966
34 3.71349 0.102638 0.10219 -1.78308 1.18087 -0.557246
35 1.72615 0 0 0.00173772 0.015606 1.23447
36 1.21112 0 0 -0.00755625 0.0282297 0.807688
37 3.5992 1.06012 0.0708876 -1.6277 0.227533 -0.0640691
38 1.66069 0 0 0.00650432 0.0775931 0.306618
39 1.16699 0 0 0.0412623 0.0180749 0.795628
40 2.18853 -0.50104 0.0576582 -1.56657 0.103413 -0.112923
41 1.29609 0 0 0.298645 0.152979 1.33583
42 1.62202 -0.000713348 -0.000470161 0.000354436 0.00050094 1.1262
43 1.2224 0 0 0.0314986 0.0181707 0.876842
44 1.76707 -1.27612 0.0366402 -1.55745 0.249311 -0.0923494
45 1.55588 0 0 0.425981 0.0597841 1.32692
46 1.24273 0 0 0.000478906 0.000360973 0.778555
47 0.784532 0 0 -0.00952991 -0.0139657 0.779955
48 0 0 0 0 0 0
49 -3.16527 -17.2166 -5.4398 0 0 0
50 -0.169706 1.99333 0.168103 0 0 0
51 0 7.87717 0.114313 0.00192573 0.000444396 0
52 0 -6.39109 2.66389 0 1.39626 -1.5708
53 0 -3.88574 -0.867035 0 0 -1.5708
54 0 -2.3834 1.62041 0 1.39626 -1.5708
55 0 -9.60567 0.513889 0 0 -1.5708
56 -2.44017 -0.616137 1.06069 1.5708 0 0
57 -2.44109 0.616133 1.06069 1.5708 0 0
58 -3.22259 -1.24228 -10.8819 0.0395458 -0.000258852 0
59 -3.13779 -1.2551 -11.951 -0.00132039 0.000752608 0.0421601
60 -3.33359 -15.7568 -3.01794 0.00192577 0.00044453 0
61 -3.33411 -15.7546 -4.18835 0.00192582 0.000444547 0
time 6
0 4.81773 6.1795 -11.3507 0.000934124 0 -1.48352
1 6.02794 0 0 -1.17277 0.0492207 -0.288262
2 11.7344 0 0 -0.00140291 0 -0.580626
3 8.81139 -0.000450134 -0.000112057 -1.61641 0 0.00015796
4 5.77839 0.000286102 0 -1.083 0 0.00010068
5 2.23163 -0.000329971 -0.000364304 -0.533416 0 0
6 11.4725 0 0 -1.61636 0.259111 0.253393
7 0.615221 -0.993091 -0.8107 2.72336 0.28889 -0.318188
8 2.24752 0 0 0.0834079 0.0597637 0.0921363
9 1.11936 0 0 0.122456 0.204701 -0.132564
10 3.71348 -0.102641 0.102191 1.59106 0.373844 0.344896
11 1.72615 0 0 0.00722093 -0.00791196 -1.70582
12 1.21114 0 0 0.00811928 0.0120081 0.0613767
13 3.59919 -1.06012 0.0708876 1.53714 -0.137057 0.433763
14 1.66069 0 0 -0.0607523 0.0487354 -1.11842
15 1.167 0 0 0.00325904 -0.000535023 -0.784203
16 2.18852 0.501039 0.0576582 1.55856 0.16523 0.120989
17 1.29609 0 0 -0.136069 0.0967532 -0.783319
18 1.62202 0.000713348 -0.000471115 0.031362 -0.024981 -1.33151
19 1.22241 0 0 0.00397502 -0.000685998 -0.0478735
20 1.76707 1.27612 0.0366402 1.49753 0.495024 0.059555
21 1.55588 0 0 -0.191076 -0.0505247 -0.984774
22 1.24274 0 0 -0.000479029 0.000361011 -0.663473
23 0.784523 0 0 0.01138 0.00651404 0.248465
24 -5.19429 19.5615 -1.06464 -0.000932693 0 -2.00714
25 6.02794 0 0 0.862514 0.617236 0.251176
26 11.7344 0 0 0.00140277 0 1.07461
27 8.81167 0 0 0.452271 0 0
28 5.77884 0 0 0.303021 0 0
29 2.23249 0 0 0.149249 0 0
30 11.4725 0 0 0.614531 -0.0351652 -0.763361
31 0.615813 0.994372 -0.809165 -2.97612 0.595303 0.240986
32 2.24752 0 0 -0.439682 0.14095 0.241995
33 1.11936 0 0 -0.0768327 0.184909 1.23966
34 3.71349 0.102639 0.102191 -1.78308 1.18087 -0.557246
35 1.72615 0 0 0.00173777 0.0156061 1.23447
36 1.21112 0 0 -0.00755624 0.0282296 0.807687
37 3.5992 1.06012 0.070888 -1.6277 0.227533 -0.0640692
38 1.66069 0 0 0.00650418 0.0775931 0.306618
39 1.16699 0 0 0.0412623 0.0180749 0.795629
40 2.18853 -0.50104 0.0576587 -1.56657 0.103413 -0.112923
41 1.29609 0 0 0.298645 0.152979 1.33583
42 1.62201 -0.000713348 -0.000469685 0.000354435 0.000501064 1.1262
43 1.22241 0 0 0.0314987 0.0181708 0.876842
44 1.76707 -1.27612 0.0366411 -1.55745 0.249311 -0.0923494
45 1.55588 0 0 0.425981 0.0597841 1.32692
46 1.24273 0 0 0.000478933 0.000361016 0.778555
47 0.784532 0 0 -0.00952994 -0.0139656 0.779955
48 0 0 0 0 0 0
49 -3.16527 -17.2166 -5.4398 0 0 0
50 -0.169706 1.99333 0.168103 0 0 0
51 0 7.8697 0.110521 0.00138653 0.000319965 0
52 0 -6.39109 2.66389 0 1.39626 -1.5708
53 0 -3.88574 -0.867035 0 0 -1.5708
54 0 -2.3834 1.62041 0 1.39626 -1.5708
55 0 -9.60567 0.513889 0 0 -1.5708
56 -2.44017 -0.616137 1.06069 1.5708 0 0
57 -2.44109 0.616133 1.06069 1.5708 0 0
58 -3.17314 -1.25386 -10.8776 0.0548604 -0.00067971 0
59 -3.05274 -1.27316 -11.9044 -0.00323513 0.000790316 0.0599269
60 -3.33386 -15.7631 -3.0172 0.00138654 0.000320094 0
61 -3.33423 -15.7615 -4.1876 0.00138662 0.000320116 0
time 7
0 4.81773 6.1795 -11.3507 0.000934124 0 -1.48352
1 6.02794 0 0 -1.17342 0.0461128 -0.289338
2 11.7344 0 0 -0.00140278 0 -0.574113
3 8.81138 -0.000450134 -0.000112772 -1.61509 0 0.000157801
4 5.77839 0.000286102 0 -1.08211 0 0.000100674
5 2.23164 -0.000329971 -0.000363827 -0.53298 0 0
6 11.4725 0 0 -1.61509 0.259196 0.249306
7 0.615217 -0.993091 -0.810701 2.72336 0.28889 -0.318188
8 2.24752 0 0 0.083408 0.0597636 0.0921363
9 1.11936 0 0 0.122456 0.204701 -0.132564
10 3.71348 -0.102641 0.102191 1.59106 0.373844 0.344896
11 1.72615 0 0 0.00722093 -0.00791196 -1.70582
12 1.21114 0 0 0.0081192 0.0120081 0.0613767
13 3.59919 -1.06012 0.0708876 1.53714 -0.137057 0.433763
14 1.66069 0 0 -0.0607524 0.0487354 -1.11842
15 1.167 0 0 0.00325893 -0.000535068 -0.784203
16 2.18852 0.50104 0.0576591 1.55856 0.16523 0.120989
17 1.29609 0 0 -0.136068 0.0967534 -0.783319
18 1.62202 0.000717163 -0.000470161 0.0313621 -0.024981 -1.33151
19 1.22241 0 0 0.00397505 -0.000686057 -0.0478737
20 1.76706 1.27612 0.0366402 1.49753 0.495024 0.0595551
21 1.55588 0 0 -0.191076 -0.0505247 -0.984774
22 1.24274 0 0 -0.000479008 0.000360766 -0.663473
23 0.784521 0 0 0.01138 0.00651422 0.248465
24 -5.19429 19.5615 -1.06464 -0.000932693 0 -2.00714
25 6.02794 0 0 0.862925 0.616331 0.252195
26 11.7344 0 0 0.00140267 0 1.07114
27 8.81167 0 0 0.453619 0 0
28 5.77884 0 0 0.303925 0 0
29 2.23249 0 0 0.149694 0 0
30 11.4725 0 0 0.614944 -0.0359694 -0.75993
31 0.615813 0.994372 -0.809165 -2.97612 0.595303 0.240986
32 2.24752 0 0 -0.439681 0.14095 0.241995
33 1.11936 0 0 -0.0768329 0.184909 1.23966
34 3.71349 0.102639 0.102191 -1.78308 1.18087 -0.557246
35 1.72615 0 0 0.00173778 0.015606 1.23447
36 1.21112 0 0 -0.00755624 0.0282297 0.807688
37 3.5992 1.06012 0.0708885 -1.6277 0.227533 -0.0640691
38 1.66069 0 0 0.00650424 0.077593 0.306618
39 1.16699 0 0 0.0412623 0.0180749 0.795628
40 2.18853 -0.50104 0.0576591 -1.56657 0.103413 -0.112922
41 1.29609 0 0 0.298645 0.152979 1.33583
42 1.62202 -0.000713348 -0.000469685 0.000354452 0.000501049 1.1262
43 1.22241 0 0 0.0314986 0.0181707 0.876842
44 1.76707 -1.27612 0.0366411 -1.55745 0.249311 -0.0923493
45 1.55588 0 0 0.425981 0.0597841 1.32692
46 1.24273 0 0 0.000478854 0.000361008 0.778555
47 0.784531 0 0 -0.00952982 -0.0139658 0.779955
48 0 0 0 0 0 0
49 -3.16527 -17.2166 -5.4398 0 0 0
50 -0.169706 1.99333 0.168103 0 0 0
51 0 7.85048 0.10077 0 0 0
52 0 -6.39109 2.66389 0 1.39626 -1.5708
53 0 -3.88574 -0.867035 0 0 -1.5708
54 0 -2.3834 1.62041 0 1.39626 -1.5708
55 0 -9.60567 0.513889 0 0 -1.5708
56 -2.44017 -0.616137 1.06069 1.5708 0 0
57 -2.44109 0.616133 1.06069 1.5708 0 0
58 -3.11461 -1.28241 -10.8824 0.0718324 -0.00134294 0
59 -2.9531 -1.30967 -11.8603 -0.00623079 0.0007441 0.0805
60 -3.33454 -15.7794 -3.01529 0 0 0
61 -3.33454 -15.7794 -4.1857 0 0 0
time 8
0 4.81773 6.1795 -11.3507 0.000934124 0 -1.48352
1 6.02794 0 0 -1.17437 0.039768 -0.29145
2 11.7344 0 0 -0.00140285 0 -0.560695
3 8.81139 -0.000450134 -0.00011301 -1.61274 0 0.000157489
4 5.77839 0.000284195 0 -1.08053 0 0.000100321
5 2.23164 -0.000329971 -0.00036478 -0.532203 0 0
6 11.4725 0 0 -1.61283 0.259487 0.241067
7 0.615219 -0.993091 -0.810699 2.72336 0.28889 -0.318188
8 2.24752 0 0 0.083408 0.0597637 0.0921362
9 1.11936 0 0 0.122456 0.204701 -0.132564
10 3.71348 -0.102641 0.102192 1.59106 0.373844 0.344896
11 1.72615 0 0 0.00722107 -0.00791216 -1.70582
12 1.21114 0 0 0.00811927 0.0120081 0.0613766
13 3.59919 -1.06012 0.0708885 1.53714 -0.137057 0.433762
14 1.66068 0 0 -0.0607524 0.0487355 -1.11842
15 1.167 0 0 0.00325887 -0.000534903 -0.784203
16 2.18852 0.501039 0.0576591 1.55856 0.16523 0.120989
17 1.29609 0 0 -0.136068 0.0967533 -0.783319
18 1.62202 0.000715256 -0.000470161 0.0313621 -0.0249811 -1.33151
19 1.22241 0 0 0.00397502 -0.000685998 -0.0478736
20 1.76707 1.27612 0.0366421 1.49753 0.495024 0.0595551
21 1.55588 0 0 -0.191076 -0.0505247 -0.984774
22 1.24274 0 0 -0.000478982 0.000360965 -0.663473
23 0.784521 0 0 0.0113801 0.00651402 0.248465
24 -5.19429 19.5615 -1.06464 -0.000932693 0 -2.00714
25 6.02794 0 0 0.863929 0.614349 0.254367
26 11.7344 0 0 0.00140269 0 1.06398
27 8.81167 0 0 0.456445 0 0
28 5.77884 0 0 0.305818 0 0
29 2.23249 0 0 0.150627 0 0
30 11.4725 0 0 0.615835 -0.0373054 -0.753248
31 0.615813 0.994372 -0.809165 -2.97612 0.595303 0.240986
32 2.24752 0 0 -0.439682 0.14095 0.241995
33 1.11936 0 0 -0.0768327 0.184909 1.23966
34 3.71348 0.102639 0.102191 -1.78309 1.18087 -0.557246
35 1.72615 0 0 0.00173776 0.015606 1.23447
36 1.21112 0 0 -0.00755628 0.0282298 0.807688
37 3.5992 1.06012 0.0708876 -1.6277 0.227533 -0.0640691
38 1.66069 0 0 0.00650425 0.0775931 0.306618
39 1.16699 0 0 0.0412623 0.0180748 0.795628
40 2.18853 -0.50104 0.0576591 -1.56657 0.103413 -0.112923
41 1.29609 0 0 0.298645 0.152979 1.33583
42 1.62202 -0.000712395 -0.000469208 0.000354454 0.000501052 1.1262
43 1.22241 0 0 0.0314986 0.0181707 0.876842
44 1.76707 -1.27612 0.0366411 -1.55745 0.249311 -0.0923493
45 1.55588 0 0 0.425981 0.059784 1.32692
46 1.24273 0 0 0.000478907 0.000361026 0.778555
47 0.784531 0 0 -0.00952993 -0.0139655 0.779955
48 0 0 0 0 0 0
49 -3.16527 -17.2166 -5.4398 0 0 0
50 -0.169706 1.99333 0.168103 0 0 0
51 0 7.81047 0.0829515 -0.0024806 -0.000805563 0
52 0 -6.39109 2.66389 0 1.39626 -1.5708
53 0 -3.88574 -0.867035 0 0 -1.5708
54 0 -2.3834 1.62041 0 1.39626 -1.5708
55 0 -9.60567 0.513889 0 0 -1.5708
56 -2.44017 -0.616137 1.06069 1.5708 0 0
57 -2.44109 0.616133 1.06069 1.5708 0 0
58 -3.04563 -1.33843 -10.8997 0.0900987 -0.00253642 0
59 -2.8376 -1.37508 -11.8224 -0.0105811 0.000414636 0.103751
60 -3.33627 -15.814 -3.01226 -0.0024806 -0.000805435 0
61 -3.33532 -15.8169 -4.18267 -0.00248051 -0.000805413 0
time 9
0 4.81773 6.1795 -11.3507 0.000934124 0 -1.48352
1 6.02794 0 0 -1.17558 0.0300434 -0.294648
2 11.7344 0 0 -0.00140294 0 -0.540003
3 8.81139 -0.000450134 -0.000112772 -1.6094 0 0.000158092
4 5.77839 0.000286102 0 -1.0783 0 0.000100889
5 2.23164 -0.000329971 -0.000363827 -0.531101 0 0
6 11.4725 0 0 -1.60962 0.260026 0.228573
7 0.615219 -0.993092 -0.810701 2.72336 0.28889 -0.318188
8 2.24752 0 0 0.083408 0.0597637 0.0921362
9 1.11936 0 0 0.122456 0.204701 -0.132564
10 3.71348 -0.102641 0.102191 1.59106 0.373844 0.344896
11 1.72615 0 0 0.00722105 -0.00791191 -1.70582
12 1.21114 0 0 0.00811925 0.012008 0.0613766
13 3.59919 -1.06012 0.0708876 1.53714 -0.137057 0.433762
14 1.66069 0 0 -0.0607525 0.0487352 -1.11842
15 1.167 0 0 0.003259 -0.000534913 -0.784203
16 2.18853 0.501039 0.0576591 1.55856 0.16523 0.120989
17 1.29609 0 0 -0.136068 0.0967531 -0.783319
18 1.62202 0.000713348 -0.000471115 0.031362 -0.0249809 -1.33151
19 1.22241 0 0 0.00397498 -0.000685999 -0.0478736
20 1.76707 1.27612 0.0366411 1.49753 0.495024 0.0595551
21 1.55588 0 0 -0.191076 -0.0505247 -0.984774
22 1.24274 0 0 -0.000479021 0.000361077 -0.663473
23 0.784521 0 0 0.01138 0.00651398 0.248465
24 -5.19429 19.5615 -1.06464 -0.000932693 0 -2.00714
25 6.02794 0 0 0.865581 0.611234 0.257725
26 11.7344 0 0 0.00140274 0 1.05309
27 8.81167 0 0 0.460755 0 0
28 5.77884 0 0 0.308706 0 0
29 2.23249 0 0 0.15205 0 0
30 11.4725 0 0 0.617216 -0.0390718 -0.743437
31 0.615812 0.994372 -0.809164 -2.97612 0.595303 0.240986
32 2.24752 0 0 -0.439682 0.14095 0.241995
33 1.11936 0 0 -0.0768328 0.184909 1.23966
34 3.71348 0.10264 0.102191 -1.78308 1.18087 -0.557246
35 1.72615 0 0 0.00173785 0.0156059 1.23447
36 1.21112 0 0 -0.00755628 0.0282298 0.807688
37 3.5992 1.06012 0.070889 -1.6277 0.227533 -0.0640691
38 1.66069 0 0 0.00650427 0.0775931 0.306618
39 1.16699 0 0 0.0412623 0.0180749 0.795628
40 2.18853 -0.50104 0.0576596 -1.56657 0.103413 -0.112923
41 1.29609 0 0 0.298645 0.152979 1.33583
42 1.62202 -0.000713348 -0.000469208 0.000354526 0.000501012 1.1262
43 1.22241 0 0 0.0314986 0.0181708 0.876842
44 1.76707 -1.27612 0.0366411 -1.55745 0.249311 -0.0923493
45 1.55587 0 0 0.425981 0.0597841 1.32692
46 1.24273 0 0 0.000478824 0.000361054 0.778555
47 0.784532 0 0 -0.0095299 -0.0139657 0.779955
48 0 0 0 0 0 0
49 -3.16527 -17.2166 -5.4398 0 0 0
50 -0.169706 1.99333 0.168103 0 0 0
51 0 7.74949 0.057807 -0.00593212 -0.00214601 0
52 0 -6.39109 2.6639 0 1.39626 -1.5708
53 0 -3.88574 -0.867035 0 0 -1.5708
54 0 -2.3834 1.62041 0 1.39626 -1.5708
55 0 -9.60567 0.513889 0 0 -1.5708
56 -2.44017 -0.616136 1.06069 1.5708 0 0
57 -2.44109 0.616133 1.06069 1.5708 0 0
58 -2.96619 -1.42144 -10.9278 0.109666 -0.00430726 0
59 -2.70665 -1.46846 -11.7894 -0.0161867 -0.000164353 0.129548
60 -3.33918 -15.8674 -3.00843 -0.0059321 -0.00214588 0
61 -3.33666 -15.8744 -4.17881 -0.00593203 -0.00214586 0
time 10
0 4.81773 6.1795 -11.3507 0.000934124 0 -1.48352
1 6.02794 0 0 -1.17686 0.0180185 -0.298608
2 11.7344 0 0 -0.00140277 0 -0.514444
3 8.81139 -0.000448227 -0.000112057 -1.60559 0 0.000157411
4 5.77839 0.000286102 0 -1.07574 0 0.000100478
5 2.23163 -0.000328064 -0.000363827 -0.529844 0 0
6 11.4725 0 0 -1.60593 0.260648 0.21321
7 0.615219 -0.993091 -0.8107 2.72336 0.28889 -0.318188
8 2.24752 0 0 0.083408 0.0597637 0.0921363
9 1.11936 0 0 0.122456 0.204701 -0.132564
10 3.71348 -0.102641 0.102191 1.59106 0.373844 0.344896
11 1.72615 0 0 0.00722098 -0.00791208 -1.70582
12 1.21114 0 0 0.00811924 0.0120081 0.0613766
13 3.59919 -1.06012 0.0708876 1.53714 -0.137057 0.433762
14 1.66069 0 0 -0.0607524 0.0487354 -1.11842
15 1.167 0 0 0.00325905 -0.00053489 -0.784203
16 2.18852 0.50104 0.0576591 1.55856 0.16523 0.120989
17 1.29609 0 0 -0.136068 0.0967533 -0.783319
18 1.62202 0.000715256 -0.000469208 0.031362 -0.024981 -1.33151
19 1.22241 0 0 0.00397498 -0.000685999 -0.0478737
20 1.76707 1.27612 0.0366402 1.49753 0.495024 0.0595551
21 1.55588 0 0 -0.191076 -0.0505247 -0.984774
22 1.24274 0 0 -0.000478925 0.000360984 -0.663473
23 0.784523 0 0 0.01138 0.00651415 0.248465
24 -5.19429 19.5615 -1.06464 -0.000932693 0 -2.00714
25 6.02794 0 0 0.867512 0.607536 0.261692
26 11.7344 0 0 0.00140267 0 1.0402
27 8.81167 0 0 0.465813 0 0
28 5.77884 0 0 0.312095 0 0
29 2.23249 0 0 0.153718 0 0
30 11.4725 0 0 0.618834 -0.0411909 -0.731831
31 0.615813 0.994372 -0.809165 -2.97612 0.595303 0.240986
32 2.24752 0 0 -0.439682 0.14095 0.241995
33 1.11936 0 0 -0.0768328 0.184909 1.23966
34 3.71348 0.102639 0.102191 -1.78309 1.18087 -0.557246
35 1.72615 0 0 0.0017378 0.015606 1.23447
36 1.21112 0 0 -0.00755624 0.0282298 0.807688
37 3.5992 1.06012 0.070888 -1.6277 0.227533 -0.0640692
38 1.66069 0 0 0.00650425 0.077593 0.306618
39 1.16699 0 0 0.0412624 0.0180749 0.795628
40 2.18853 -0.50104 0.0576587 -1.56657 0.103413 -0.112923
41 1.29609 0 0 0.298645 0.152979 1.33583
42 1.62202 -0.000713348 -0.000470161 0.000354454 0.000501079 1.1262
43 1.22241 0 0 0.0314986 0.0181707 0.876842
44 1.76707 -1.27612 0.0366416 -1.55745 0.249311 -0.0923494
45 1.55588 0 0 0.425981 0.0597841 1.32692
46 1.24273 0 0 0.000478878 0.00036101 0.778555
47 0.784531 0 0 -0.00952984 -0.0139657 0.779955
48 0 0 0 0 0 0
49 -3.16527 -17.2166 -5.4398 0 0 0
50 -0.169706 1.99333 0.168103 0 0 0
51 0 7.67767 0.0279865 -0.0100308 -0.0037135 0
52 0 -6.39109 2.6639 0 1.39626 -1.5708
53 0 -3.88574 -0.867035 0 0 -1.5708
54 0 -2.3834 1.62041 0 1.39626 -1.5708
55 0 -9.60567 0.513889 0 0 -1.5708
56 -2.44017 -0.616137 1.06069 1.5708 0 0
57 -2.44109 0.616133 1.06069 1.5708 0 0
58 -2.87829 -1.51952 -10.9622 0.130741 -0.00634539 0
59 -2.56295 -1.5773 -11.7569 -0.0227003 -0.000633536 0.157756
60 -3.34268 -15.9301 -3.00387 -0.0100307 -0.00371337 0
61 -3.33834 -15.9419 -4.17421 -0.0100307 -0.00371335 0
time 11
0 4.81773 6.1795 -11.3507 0.000934124 0 -1.48352
1 6.02794 0 0 -1.17809 0.00511257 -0.302873
2 11.7344 0 0 -0.00140268 0 -0.487155
3 8.81139 -0.000448227 -0.00011158 -1.6018 0 0.000157669
4 5.77839 0.000287056 0 -1.07321 0 0.00010071
5 2.23164 -0.000328064 -0.000364304 -0.528595 0 0
6 11.4725 0 0 -1.60223 0.261189 0.196739
7 0.615219 -0.99309 -0.810701 2.72336 0.28889 -0.318188
8 2.24752 0 0 0.083408 0.0597636 0.0921364
9 1.11936 0 0 0.122456 0.204701 -0.132564
10 3.71348 -0.102641 0.102191 1.59106 0.373844 0.344896
11 1.72615 0 0 0.00722097 -0.00791191 -1.70582
12 1.21114 0 0 0.00811919 0.0120083 0.0613768
13 3.5992 -1.06012 0.0708885 1.53714 -0.137057 0.433762
14 1.66069 0 0 -0.0607525 0.0487353 -1.11842
15 1.167 0 0 0.00325899 -0.000535045 -0.784203
16 2.18852 0.50104 0.0576591 1.55856 0.16523 0.120989
17 1.29609 0 0 -0.136068 0.0967533 -0.783319
18 1.62202 0.000715256 -0.000471115 0.0313621 -0.0249811 -1.33151
19 1.22241 0 0 0.00397499 -0.000685998 -0.0478736
20 1.76707 1.27612 0.0366402 1.49753 0.495024 0.0595551
21 1.55588 0 0 -0.191076 -0.0505248 -0.984774
22 1.24274 0 0 -0.000478906 0.000360928 -0.663473
23 0.784521 0 0 0.0113799 0.00651411 0.248465
24 -5.19429 19.5615 -1.06464 -0.000932693 0 -2.00714
25 6.02794 0 0 0.870573 0.601793 0.26775
26 11.7344 0 0 0.00140241 0 1.02401
27 8.81167 0 0 0.467595 0 0
28 5.77884 0 0 0.313289 0 0
29 2.23249 0 0 0.154306 0 0
30 11.4725 0 0 0.619406 -0.0454752 -0.723258
31 0.615812 0.994372 -0.809165 -2.97024 0.586092 0.253121
32 2.24752 0 0 -0.440235 0.136003 0.231823
33 1.11936 0 0 -0.0809717 0.179507 1.19236
34 3.71349 0.102639 0.10219 -1.7822 1.17067 -0.563618
35 1.72615 0 0 0.00165713 0.015595 1.22935
36 1.21112 0 0 -0.00768458 0.028105 0.802565
37 3.5992 1.06012 0.0708876 -1.62656 0.220813 -0.0600465
38 1.66069 0 0 0.00507939 0.0773742 0.287812
39 1.16699 0 0 0.0401003 0.0188591 0.760961
40 2.18853 -0.50104 0.0576591 -1.56689 0.0994417 -0.114316
41 1.29609 0 0 0.300262 0.157468 1.32802
42 1.62202 -0.000712395 -0.000470638 0.000354532 0.000500915 1.12125
43 1.22241 0 0 0.0313174 0.0182598 0.871897
44 1.76707 -1.27612 0.0366406 -1.55805 0.241678 -0.0950311
45 1.55588 0 0 0.425526 0.062473 1.32092
46 1.24273 0 0 0.000478958 0.000360966 0.772
47 0.784532 0 0 -0.00941351 -0.0139733 0.773399
48 0 0 0 0 0 0
49 -3.16527 -17.2166 -5.4398 0 0 0
50 -0.169706 1.99333 0.168103 0 0 0
51 0 7.60512 -0.00385857 -0.0144528 -0.0052002 0
52 0 -6.39109 2.66389 0 1.39626 -1.5708
53 0 -3.88574 -0.867035 0 0 -1.5708
54 0 -2.3834 1.62041 0 1.39626 -1.5708
55 0 -9.60566 0.513889 0 0 -1.5708
56 -2.44017 -0.616136 1.06069 1.5708 0 0
57 -2.44109 0.616133 1.06069 1.5708 0 0
58 -2.78396 -1.62075 -10.9982 0.153531 -0.00834077 0
59 -2.40915 -1.68913 -11.7209 -0.0297417 -0.000663964 0.188236
60 -3.34615 -15.9927 -2.99868 -0.0144527 -0.00520007 0
61 -3.34006 -16.0096 -4.16895 -0.0144527 -0.00520005 0
time 12
0 4.81773 6.1795 -11.3507 0.000934124 0 -1.48352
1 6.02794 0 0 -1.17916 -0.00686827 -0.306837
2 11.7344 0 0 -0.00140279 0 -0.462106
3 8.81139 -0.000450134 -0.000112295 -1.59849 0 0.000157847
4 5.77839 0.000286102 0 -1.07099 0 0.000100771
5 2.23164 -0.000329971 -0.000363827 -0.527502 0 0
6 11.4725 0 0 -1.59897 0.261486 0.181342
7 0.615217 -0.99309 -0.8107 2.72336 0.28889 -0.318188
8 2.24752 0 0 0.083408 0.0597636 0.0921363
9 1.11936 0 0 0.122456 0.204701 -0.132564
10 3.71348 -0.102641 0.102192 1.59106 0.373844 0.344896
11 1.72615 0 0 0.00722097 -0.007912 -1.70582
12 1.21114 0 0 0.00811925 0.0120081 0.0613768
13 3.59919 -1.06012 0.0708876 1.53714 -0.137057 0.433762
14 1.66068 0 0 -0.0607523 0.0487354 -1.11842
15 1.167 0 0 0.00325898 -0.000534857 -0.784203
16 2.18852 0.50104 0.0576582 1.55856 0.16523 0.120989
17 1.29609 0 0 -0.136068 0.0967532 -0.783319
18 1.62202 0.000711441 -0.000471115 0.0313619 -0.0249809 -1.33151
19 1.22241 0 0 0.00397503 -0.000686057 -0.0478735
20 1.76707 1.27612 0.0366411 1.49753 0.495024 0.059555
21 1.55588 0 0 -0.191076 -0.0505248 -0.984774
22 1.24274 0 0 -0.000478973 0.000361031 -0.663473
23 0.784523 0 0 0.0113798 0.00651406 0.248465
24 -5.19429 19.5615 -1.06464 -0.000932693 0 -2.00714
25 6.02794 0 0 0.875024 0.593456 0.276381
26 11.7344 0 0 0.00140261 0 1.00517
27 8.81167 0 0 0.462655 0 0
28 5.77884 0 0 0.309979 0 0
29 2.23249 0 0 0.152676 0 0
30 11.4725 0 0 0.617963 -0.0532746 -0.722443
31 0.615813 0.994372 -0.809165 -2.95465 0.561509 0.285112
32 2.24752 0 0 -0.44171 0.122893 0.204868
33 1.11936 0 0 -0.0918921 0.165328 1.06741
34 3.71349 0.102639 0.10219 -1.78037 1.14437 -0.581382
35 1.72615 0 0 0.00145484 0.0155658 1.21657
36 1.21112 0 0 -0.0080035 0.0277855 0.78978
37 3.5992 1.06012 0.0708876 -1.62388 0.203858 -0.0505881
38 1.66069 0 0 0.00139116 0.0768084 0.239143
39 1.16699 0 0 0.0370652 0.020909 0.670407
40 2.18853 -0.50104 0.0576582 -1.56773 0.089252 -0.118059
41 1.29609 0 0 0.304816 0.169162 1.30798
42 1.62202 -0.000713348 -0.000469685 0.000354374 0.000500969 1.10898
43 1.22241 0 0 0.0308568 0.0184738 0.85962
44 1.76707 -1.27612 0.0366406 -1.55966 0.22209 -0.102238
45 1.55588 0 0 0.424366 0.0692489 1.30581
46 1.24273 0 0 0.000478849 0.00036104 0.755478
47 0.784532 0 0 -0.00911838 -0.0139894 0.756875
48 0 0 0 0 0 0
49 -3.16527 -17.2166 -5.4398 0 0 0
50 -0.169706 1.99333 0.168103 0 0 0
51 0 7.54195 -0.0350776 -0.0188743 -0.00629826 0
52 0 -6.39109 2.66389 0 1.39626 -1.5708
53 0 -3.88574 -0.867035 0 0 -1.5708
54 0 -2.3834 1.62041 0 1.39626 -1.5708
55 0 -9.60566 0.513889 0 0 -1.5708
56 -2.44017 -0.616137 1.06069 1.5708 0 0
57 -2.44109 0.616133 1.06069 1.5708 0 0
58 -2.68521 -1.71322 -11.0314 0.178244 -0.00998336 0
59 -2.24783 -1.79159 -11.6774 -0.0368939 0 0.220854
60 -3.34887 -16.0457 -2.9929 -0.0188743 -0.00629813 0
61 -3.3415 -16.0678 -4.16308 -0.0188743 -0.00629811 0
time 13
0 4.81773 6.1795 -11.3507 0.000934124 0 -1.48352
1 6.02794 0 0 -1.18003 -0.0165062 -0.310061
2 11.7344 0 0 -0.00140279 0 -0.442405
3 8.81139 -0.000450134 -0.000112295 -1.59607 0 0.000157584
4 5.77839 0.000286102 0 -1.06937 0 0.000100735
5 2.23163 -0.000329018 -0.00036478 -0.526703 0 0
6 11.4725 0 0 -1.59657 0.26138 0.16877
7 0.615221 -0.993092 -0.8107 2.72336 0.28889 -0.318188
8 2.24752 0 0 0.0834079 0.0597637 0.0921363
9 1.11936 0 0 0.122456 0.204701 -0.132564
10 3.71348 -0.102642 0.10219 1.59106 0.373844 0.344896
11 1.72615 0 0 0.00722097 -0.007912 -1.70582
12 1.21114 0 0 0.00811926 0.012008 0.0613766
13 3.59919 -1.06012 0.0708876 1.53714 -0.137057 0.433762
14 1.66069 0 0 -0.0607525 0.0487353 -1.11842
15 1.167 0 0 0.00325902 -0.000534968 -0.784203
16 2.18853 0.501039 0.0576582 1.55856 0.16523 0.120989
17 1.29609 0 0 -0.136068 0.0967534 -0.783319
18 1.62202 0.000711441 -0.000471115 0.0313621 -0.0249812 -1.33151
19 1.22241 0 0 0.00397505 -0.000685938 -0.0478736
20 1.76707 1.27612 0.0366392 1.49753 0.495024 0.059555
21 1.55588 0 0 -0.191076 -0.0505247 -0.984774
22 1.24274 0 0 -0.000478991 0.000360899 -0.663473
23 0.784523 0 0 0.0113799 0.00651405 0.248465
24 -5.19429 19.5615 -1.06464 -0.000932693 0 -2.00714
25 6.02794 0 0 0.8802 0.583489 0.286536
26 11.7344 0 0 0.0014027 0 0.985713
27 8.81167 0 0 0.451565 0 0
28 5.77884 0 0 0.302548 0 0
29 2.23249 0 0 0.149016 0 0
30 11.4725 0 0 0.61478 -0.0638181 -0.729236
31 0.615812 0.994372 -0.809165 -2.93248 0.526124 0.330338
32 2.24752 0 0 -0.443821 0.10422 0.166476
33 1.11936 0 0 -0.10735 0.145413 0.890204
34 3.71348 0.102639 0.102191 -1.77887 1.10839 -0.608507
35 1.72615 0 0 0.00119321 0.0155239 1.19999
36 1.21112 0 0 -0.00841416 0.0273532 0.773204
37 3.5992 1.06012 0.0708885 -1.62078 0.181475 -0.0396055
38 1.66069 0 0 -0.00367967 0.0760314 0.172238
39 1.16699 0 0 0.0328323 0.02377 0.544134
40 2.18853 -0.50104 0.0576596 -1.56896 0.0754277 -0.123502
41 1.29609 0 0 0.311862 0.185406 1.28083
42 1.62202 -0.000713348 -0.000470161 0.000354447 0.000500944 1.09321
43 1.22241 0 0 0.0302407 0.018733 0.843853
44 1.76707 -1.27612 0.0366411 -1.56201 0.195514 -0.112714
45 1.55588 0 0 0.422813 0.0781759 1.28589
46 1.24273 0 0 0.000478927 0.000361035 0.733702
47 0.784532 0 0 -0.00872454 -0.0140025 0.735097
48 0 0 0 0 0 0
49 -3.16527 -17.2166 -5.4398 0 0 0
50 -0.169706 1.99333 0.168103 0 0 0
51 0 7.49829 -0.0630198 -0.0229717 -0.00669984 0
52 0 -6.39109 2.66389 0 1.39626 -1.5708
53 0 -3.88574 -0.867034 0 0 -1.5708
54 0 -2.3834 1.62041 0 1.39626 -1.5708
55 0 -9.60567 0.513889 0 0 -1.5708
56 -2.44017 -0.616137 1.06069 1.5708 0 0
57 -2.44109 0.616133 1.06069 1.5708 0 0
58 -2.58409 -1.785 -11.0576 0.205087 -0.0109631 0.000101112
59 -2.08146 -1.87239 -11.6228 -0.0437014 0.00168599 0.255474
60 -3.3501 -16.0798 -2.9866 -0.0229717 -0.00669972 0
61 -3.34226 -16.1067 -4.15667 -0.0229716 -0.00669969 0
time 14
0 4.81773 6.1795 -11.3507 0.000934124 0 -1.48352
1 6.02794 0 0 -1.18069 -0.021007 -0.311546
2 11.7344 0 0 -0.00140282 0 -0.434162
3 8.81138 -0.000448227 -0.000112057 -1.59493 0 0.000157769
4 5.77839 0.000286102 0 -1.0686 0 0.000100834
5 2.23164 -0.000329971 -0.00036335 -0.526327 0 0
6 11.4725 0 0 -1.59543 0.260709 0.162296
7 0.615217 -0.993091 -0.810701 2.72336 0.28889 -0.318188
8 2.24752 0 0 0.083408 0.0597636 0.0921364
9 1.11936 0 0 0.122456 0.204701 -0.132564
10 3.71348 -0.102642 0.102191 1.59106 0.373844 0.344896
11 1.72615 0 0 0.00722098 -0.00791208 -1.70582
12 1.21114 0 0 0.00811922 0.0120083 0.0613766
13 3.59919 -1.06012 0.0708885 1.53714 -0.137057 0.433762
14 1.66068 0 0 -0.0607524 0.0487354 -1.11842
15 1.167 0 0 0.00325898 -0.000535178 -0.784203
16 2.18852 0.50104 0.0576582 1.55856 0.16523 0.120989
17 1.29609 0 0 -0.136068 0.0967533 -0.783319
18 1.62202 0.000715256 -0.000471115 0.031362 -0.0249811 -1.33151
19 1.22241 0 0 0.00397495 -0.000685999 -0.0478737
20 1.76707 1.27612 0.0366411 1.49753 0.495024 0.0595549
21 1.55588 0 0 -0.191076 -0.0505246 -0.984774
22 1.24274 0 0 -0.000479021 0.000361077 -0.663473
23 0.784525 0 0 0.01138 0.00651397 0.248465
24 -5.19429 19.5615 -1.06464 -0.000932693 0 -2.00714
25 6.02794 0 0 0.885168 0.573442 0.296659
26 11.7344 0 0 0.00140279 0 0.969187
27 8.81167 0 0 0.434413 0 0
28 5.77884 0 0 0.291057 0 0
29 2.23249 0 0 0.143356 0 0
30 11.4725 0 0 0.610161 -0.076364 -0.744236
31 0.615813 0.994372 -0.809165 -2.90681 0.484509 0.382179
32 2.24752 0 0 -0.446289 0.0825825 0.121992
33 1.11936 0 0 -0.1251 0.122804 0.686166
34 3.71348 0.102639 0.102191 -1.77895 1.06916 -0.642963
35 1.72615 0 0 0.000931848 0.0154751 1.18349
36 1.21112 0 0 -0.00881602 0.0268897 0.756708
37 3.5992 1.06012 0.0708876 -1.6184 0.158469 -0.031011
38 1.66069 0 0 -0.0092524 0.0751788 0.0987246
39 1.16699 0 0 0.0280769 0.0269879 0.402315
40 2.18853 -0.50104 0.0576587 -1.57043 0.0605535 -0.129988
41 1.29609 0 0 0.320954 0.203542 1.2517
42 1.62202 -0.000713348 -0.000469685 0.000354586 0.000500916 1.0778
43 1.2224 0 0 0.0295927 0.0189577 0.828435
44 1.76707 -1.27612 0.0366406 -1.56481 0.166916 -0.125202
45 1.55588 0 0 0.421178 0.0873183 1.26547
46 1.24273 0 0 0.000478885 0.000361041 0.711387
47 0.784531 0 0 -0.00831297 -0.0140018 0.71278
48 0 0 0 0 0 0
49 -3.16527 -17.2166 -5.4398 0 0 0
50 -0.169706 1.99333 0.168103 0 0 0
51 0 7.48424 -0.0850339 -0.0264211 -0.00609711 0
52 0 -6.39109 2.66389 0 1.39626 -1.5708
53 0 -3.88574 -0.867035 0 0 -1.5708
54 0 -2.3834 1.62041 0 1.39626 -1.5708
55 0 -9.60567 0.513889 0 0 -1.5708
56 -2.44017 -0.616137 1.06069 1.5708 0 0
57 -2.44109 0.616133 1.06069 1.5708 0 0
58 -2.48263 -1.82416 -11.0728 0.234268 -0.0109701 0.000106636
59 -1.91242 -1.91939 -11.5538 -0.0496703 0.00446877 0.291968
60 -3.34903 -16.0857 -2.9798 -0.026421 -0.00609698 0
61 -3.3419 -16.1166 -4.14978 -0.026421 -0.00609696 0
time 15
0 4.81773 6.1795 -11.3507 0.000934124 0 -1.48352
1 6.02794 0 0 -1.18115 -0.0185131 -0.310743
2 11.7344 0 0 -0.00140272 0 -0.441281
3 8.81138 -0.000450134 -0.000112534 -1.59568 0 0.00015787
4 5.77839 0.000286102 0 -1.06911 0 0.000100737
5 2.23163 -0.000329971 -0.000363827 -0.526574 0 0
6 11.4725 0 0 -1.59618 0.259174 0.163938
7 0.615217 -0.993092 -0.810701 2.72336 0.28889 -0.318188
8 2.24752 0 0 0.083408 0.0597637 0.0921364
9 1.11936 0 0 0.122456 0.204701 -0.132564
10 3.71348 -0.102641 0.102191 1.59106 0.373844 0.344896
11 1.72615 0 0 0.00722094 -0.00791213 -1.70582
12 1.21114 0 0 0.00811918 0.0120083 0.0613767
13 3.59919 -1.06012 0.0708876 1.53714 -0.137057 0.433762
14 1.66069 0 0 -0.0607524 0.0487355 -1.11842
15 1.167 0 0 0.00325894 -0.000534936 -0.784203
16 2.18852 0.501039 0.0576582 1.55856 0.16523 0.120989
17 1.29609 0 0 -0.136068 0.0967533 -0.783319
18 1.62202 0.000715256 -0.000470161 0.0313621 -0.0249811 -1.33151
19 1.22241 0 0 0.0039749 -0.000686001 -0.0478736
20 1.76707 1.27612 0.0366411 1.49753 0.495024 0.059555
21 1.55588 0 0 -0.191076 -0.0505248 -0.984774
22 1.24274 0 0 -0.000479058 0.000361002 -0.663473
23 0.784523 0 0 0.0113801 0.00651403 0.248465
24 -5.19429 19.5615 -1.06464 -0.000932693 0 -2.00714
25 6.02794 0 0 0.889255 0.56443 0.305755
26 11.7344 0 0 0.00140264 0 0.957819
27 8.81167 0 0 0.41117 0 0
28 5.77884 0 0 0.275484 0 0
29 2.23249 0 0 0.135686 0 0
30 11.4725 0 0 0.604232 -0.0903257 -0.76739
31 0.615812 0.994372 -0.809165 -2.88076 0.441235 0.434015
32 2.24752 0 0 -0.448829 0.060579 0.0767599
33 1.11936 0 0 -0.142898 0.100542 0.480707
34 3.71348 0.102639 0.102191 -1.78187 1.0331 -0.682718
35 1.72615 0 0 0.000732667 0.0154247 1.17095
36 1.21112 0 0 -0.00911128 0.0264768 0.744163
37 3.5992 1.06012 0.0708878 -1.61784 0.139649 -0.0287193
38 1.66069 0 0 -0.0144471 0.0743868 0.0302292
39 1.16699 0 0 0.0234744 0.0301081 0.265119
40 2.18853 -0.50104 0.0576589 -1.57198 0.0472135 -0.136866
41 1.29609 0 0 0.331648 0.220914 1.22569
42 1.62202 -0.000713348 -0.000470161 0.000354508 0.000501031 1.06657
43 1.22241 0 0 0.0290372 0.0190682 0.817208
44 1.76707 -1.27612 0.0366411 -1.56778 0.141263 -0.138443
45 1.55588 0 0 0.41977 0.0947396 1.24886
46 1.24273 0 0 0.000478984 0.000360959 0.693247
47 0.784531 0 0 -0.00796349 -0.0139761 0.694636
48 0 0 0 0 0 0
49 -3.16527 -17.2166 -5.4398 0 0 0
50 -0.169706 1.99333 0.168103 0 0 0
51 0 7.51133 -0.0998111 -0.0288845 -0.00394954 0
52 0 -6.39109 2.66389 0 1.39626 -1.5708
53 0 -3.88574 -0.867035 0 0 -1.5708
54 0 -2.3834 1.62041 0 1.39626 -1.5708
55 0 -9.60567 0.513889 0 0 -1.5708
56 -2.44017 -0.616137 1.06069 1.5708 0 0
57 -2.44109 0.616133 1.06069 1.5708 0 0
58 -2.38411 -1.81733 -11.0744 0.266007 -0.00946165 0
59 -1.74426 -1.9191 -11.469 -0.0541836 0.00868869 0.330208
60 -3.34436 -16.0528 -2.974 -0.0288845 -0.00394941 0
61 -3.33974 -16.0866 -4.14391 -0.0288844 -0.00394939 0
time 16
0 4.81773 6.1795 -11.3507 0.000934124 0 -1.48352
1 6.02794 0 0 -1.18142 -0.00928883 -0.307778
2 11.7344 0 0 -0.00140288 0 -0.463088
3 8.81138 -0.000450134 -0.000112534 -1.59828 0 0.000157547
4 5.77839 0.000286102 0 -1.07085 0 0.000100429
5 2.23163 -0.000329971 -0.000364304 -0.527434 0 0
6 11.4725 0 0 -1.59876 0.256735 0.173248
7 0.615219 -0.993091 -0.8107 2.72336 0.28889 -0.318188
8 2.24752 0 0 0.0834079 0.0597636 0.0921362
9 1.11936 0 0 0.122456 0.204701 -0.132564
10 3.71348 -0.102641 0.10219 1.59106 0.373844 0.344896
11 1.72615 0 0 0.00722097 -0.00791191 -1.70582
12 1.21114 0 0 0.00811934 0.012008 0.0613767
13 3.59919 -1.06012 0.0708885 1.53714 -0.137057 0.433762
14 1.66069 0 0 -0.0607524 0.0487354 -1.11842
15 1.167 0 0 0.00325903 -0.000534835 -0.784203
16 2.18852 0.501038 0.0576591 1.55856 0.16523 0.120989
17 1.29609 0 0 -0.136068 0.0967534 -0.783319
18 1.62202 0.000713348 -0.000472069 0.0313621 -0.0249812 -1.33151
19 1.22241 0 0 0.00397498 -0.000685999 -0.0478735
20 1.76707 1.27612 0.0366402 1.49753 0.495024 0.0595551
21 1.55588 0 0 -0.191076 -0.0505248 -0.984774
22 1.24274 0 0 -0.000478908 0.000361116 -0.663473
23 0.784521 0 0 0.01138 0.00651386 0.248465
24 -5.19429 19.5615 -1.06464 -0.000932693 0 -2.00714
25 6.02794 0 0 0.892155 0.557045 0.313366
26 11.7344 0 0 0.00140271 0 0.952224
27 8.81167 0 0 0.382611 0 0
28 5.77884 0 0 0.25635 0 0
29 2.23249 0 0 0.126262 0 0
30 11.4725 0 0 0.597446 -0.105226 -0.797265
31 0.615812 0.994372 -0.809165 -2.85742 0.400874 0.479225
32 2.24752 0 0 -0.451161 0.0408084 0.0361263
33 1.11936 0 0 -0.1585 0.0816685 0.299239
34 3.71348 0.102639 0.102191 -1.7889 1.00664 -0.725744
35 1.72615 0 0 0.000655746 0.0153787 1.16623
36 1.21112 0 0 -0.00919998 0.0261965 0.739443
37 3.5992 1.06012 0.0708876 -1.62025 0.129821 -0.0366406
38 1.66069 0 0 -0.0183828 0.0737909 -0.0216211
39 1.16699 0 0 0.0197007 0.0326763 0.152716
40 2.18853 -0.50104 0.0576584 -1.57348 0.0379926 -0.143484
41 1.29609 0 0 0.343498 0.234866 1.20793
42 1.62202 -0.000712395 -0.000469685 0.000354498 0.000500941 1.06338
43 1.22241 0 0 0.0286972 0.0189846 0.814011
44 1.76707 -1.27612 0.0366409 -1.57064 0.123522 -0.151182
45 1.55588 0 0 0.418902 0.0985042 1.24038
46 1.24273 0 0 0.000478877 0.000361 0.683994
47 0.784531 0 0 -0.00775697 -0.0139146 0.685382
48 0 0 0 0 0 0
49 -3.16527 -17.2166 -5.4398 0 0 0
50 -0.169706 1.99333 0.168103 0 0 0
51 0 7.57771 -0.108784 -0.0304383 -0.000207646 -0.000108199
52 0 -6.39109 2.6639 0 1.39626 -1.5708
53 0 -3.88574 -0.867034 0 0 -1.5708
54 0 -2.3834 1.62041 0 1.39626 -1.5708
55 0 -9.60567 0.51389 0 0 -1.5708
56 -2.44017 -0.616137 1.06069 1.5708 0 0
57 -2.44109 0.616133 1.06069 1.5708 0 0
58 -2.28896 -1.7669 -11.0651 0.300113 -0.00638614 0
59 -1.57738 -1.87405 -11.3716 -0.0571237 0.0142465 0.370075
60 -3.33594 -15.9827 -2.97 -0.0304382 -0.000207511 -0.000108088
61 -3.3357 -16.0183 -4.13987 -0.0304382 -0.000207495 -0.000108199
time 17
0 4.81773 6.1795 -11.3507 0.000934124 0 -1.48352
1 6.02794 0 0 -1.18155 0.00430199 -0.303474
2 11.7344 0 0 -0.00140287 0 -0.494505
3 8.81138 -0.000448227 -0.000111818 -1.60218 0 0.000157209
4 5.77839 0.000286102 0 -1.07346 0 0.00010028
5 2.23164 -0.000329971 -0.000363827 -0.52872 0 0
6 11.4725 0 0 -1.60261 0.253619 0.187623
7 0.615221 -0.993092 -0.8107 2.72336 0.28889 -0.318188
8 2.24752 0 0 0.0834079 0.0597637 0.0921364
9 1.11936 0 0 0.122456 0.204701 -0.132564
10 3.71348 -0.102641 0.102191 1.59106 0.373844 0.344896
11 1.72615 0 0 0.00722094 -0.00791204 -1.70582
12 1.21114 0 0 0.00811932 0.0120083 0.0613768
13 3.59919 -1.06012 0.0708885 1.53714 -0.137057 0.433763
14 1.66068 0 0 -0.0607525 0.0487354 -1.11842
15 1.167 0 0 0.0032591 -0.000535 -0.784203
16 2.18852 0.501039 0.0576591 1.55856 0.16523 0.120989
17 1.29609 0 0 -0.136068 0.0967533 -0.783319
18 1.62202 0.000713348 -0.000471115 0.0313621 -0.0249811 -1.33151
19 1.22241 0 0 0.003975 -0.000685939 -0.0478736
20 1.76707 1.27612 0.0366402 1.49753 0.495024 0.0595552
21 1.55587 0 0 -0.191076 -0.0505246 -0.984774
22 1.24273 0 0 -0.000478982 0.000360965 -0.663473
23 0.784525 0 0 0.01138 0.00651403 0.248465
24 -5.19429 19.5615 -1.06464 -0.000932693 0 -2.00714
25 6.02794 0 0 0.89398 0.551222 0.319601
26 11.7344 0 0 0.00140266 0 0.951336
27 8.81167 0 0 0.350442 0 0
28 5.77884 0 0 0.234796 0 0
29 2.23249 0 0 0.115646 0 0
30 11.4725 0 0 0.590494 -0.120516 -0.831301
31 0.615813 0.994372 -0.809165 -2.83991 0.367998 0.511188
32 2.24752 0 0 -0.453001 0.0258698 0.0054354
33 1.11936 0 0 -0.16966 0.0692245 0.167173
34 3.71349 0.102639 0.102191 -1.80129 0.996202 -0.770008
35 1.72615 0 0 0.000762163 0.0153423 1.1732
36 1.21112 0 0 -0.0089829 0.0261306 0.746417
37 3.5992 1.06012 0.070888 -1.62673 0.133791 -0.0586884
38 1.66069 0 0 -0.0201796 0.0735271 -0.0451992
39 1.16699 0 0 0.0174315 0.034238 0.0852779
40 2.18853 -0.50104 0.0576591 -1.57477 0.0354753 -0.149187
41 1.29609 0 0 0.35606 0.24274 1.20353
42 1.62202 -0.000713348 -0.000469685 0.000354491 0.000500969 1.07206
43 1.22241 0 0 0.0286972 0.0186273 0.822686
44 1.76707 -1.27612 0.0366414 -1.5731 0.118659 -0.16216
45 1.55588 0 0 0.418883 0.0966757 1.24432
46 1.24273 0 0 0.000478954 0.000360971 0.688343
47 0.784531 0 0 -0.00777379 -0.0138059 0.689731
48 0 0 0 0 0 0
49 -3.16527 -17.2166 -5.4398 0 0 0
50 -0.169706 1.99333 0.168103 0 0 0
51 0 7.67345 -0.113413 -0.0313794 0.00469981 -0.000190932
52 0 -6.39109 2.66389 0 1.39626 -1.5708
53 0 -3.88574 -0.867035 0 0 -1.5708
54 0 -2.3834 1.62041 0 1.39626 -1.5708
55 0 -9.60567 0.513889 0 0 -1.5708
56 -2.44017 -0.616136 1.06069 1.5708 0 0
57 -2.44109 0.616133 1.06069 1.5708 0 0
58 -2.19491 -1.68459 -11.048 0.336171 -0.00217019 0
59 -1.40929 -1.79618 -11.2654 -0.0587592 0.0206735 0.411454
60 -3.32477 -15.8846 -2.96681 -0.0313793 0.00469994 -0.000190823
61 -3.33027 -15.9214 -4.13663 -0.0313793 0.00469996 -0.000190932
time 18
0 4.81773 6.1795 -11.3507 0.000934124 0 -1.48352
1 6.02794 0 0 -1.1816 0.0199399 -0.298632
2 11.7344 0 0 -0.00140288 0 -0.530554
3 8.81139 -0.000448227 -0.000112057 -1.60683 0 0.000158035
4 5.77839 0.000286102 0 -1.07657 0 0.00010086
5 2.23163 -0.000329971 -0.000364304 -0.530253 0 0
6 11.4725 0 0 -1.60715 0.250053 0.204499
7 0.615219 -0.993091 -0.8107 2.72336 0.28889 -0.318188
8 2.24752 0 0 0.0834079 0.0597636 0.0921362
9 1.11936 0 0 0.122456 0.204701 -0.132564
10 3.71348 -0.102642 0.102191 1.59106 0.373844 0.344896
11 1.72615 0 0 0.00722097 -0.007912 -1.70582
12 1.21114 0 0 0.00811935 0.0120081 0.0613767
13 3.59919 -1.06012 0.0708876 1.53714 -0.137057 0.433762
14 1.66069 0 0 -0.0607525 0.0487354 -1.11842
15 1.167 0 0 0.00325915 -0.000534977 -0.784203
16 2.18852 0.50104 0.0576582 1.55856 0.16523 0.120989
17 1.29609 0 0 -0.136068 0.0967533 -0.783319
18 1.62202 0.000711441 -0.000471115 0.031362 -0.024981 -1.33151
19 1.22241 0 0 0.00397484 -0.000685883 -0.0478736
20 1.76707 1.27612 0.0366411 1.49753 0.495024 0.0595551
21 1.55588 0 0 -0.191076 -0.0505246 -0.984774
22 1.24273 0 0 -0.000479114 0.000360982 -0.663473
23 0.784525 0 0 0.01138 0.00651391 0.248465
24 -5.19429 19.5615 -1.06464 -0.000932693 0 -2.00714
25 6.02794 0 0 0.894832 0.54691 0.324531
26 11.7344 0 0 0.00140274 0 0.95415
27 8.81167 0 0 0.316537 0 0
28 5.77884 0 0 0.21208 0 0
29 2.23249 0 0 0.104457 0 0
30 11.4725 0 0 0.583935 -0.135634 -0.866972
31 0.615813 0.994372 -0.809165 -2.83322 0.343045 0.532102
32 2.24752 0 0 -0.457078 0.0148937 -0.0170949
33 1.11936 0 0 -0.176817 0.0631029 0.0785399
34 3.71349 0.102639 0.102191 -1.82217 1.00443 -0.822079
35 1.72615 0 0 0.00111398 0.0153132 1.19585
36 1.21112 0 0 -0.00835164 0.0263247 0.769072
37 3.5992 1.06012 0.0708876 -1.64031 0.157847 -0.105208
38 1.66069 0 0 -0.0193866 0.0736685 -0.0345138
39 1.16699 0 0 0.0167643 0.034737 0.0658277
40 2.18853 -0.50104 0.0576587 -1.57598 0.0410255 -0.154547
41 1.29609 0 0 0.371289 0.244089 1.21531
42 1.62202 -0.000713348 -0.000469208 0.00035434 0.000501068 1.09689
43 1.2224 0 0 0.029124 0.0178754 0.847502
44 1.76707 -1.27612 0.0366409 -1.57542 0.129293 -0.172477
45 1.55588 0 0 0.419928 0.0875615 1.26443
46 1.24273 0 0 0.000478878 0.000361007 0.710399
47 0.784531 0 0 -0.00807356 -0.0136227 0.711788
48 0 0 0 0 0 0
49 -3.16527 -17.2166 -5.4398 0 0 0
50 -0.169706 1.99333 0.168103 0 0 0
51 0 7.78862 -0.115163 -0.0320052 0.0103441 -0.000283982
52 0 -6.39109 2.66389 0 1.39626 -1.5708
53 0 -3.88574 -0.867034 0 0 -1.5708
54 0 -2.3834 1.62041 0 1.39626 -1.5708
55 0 -9.60567 0.51389 0 0 -1.5708
56 -2.44017 -0.616137 1.06069 1.5708 0 0
57 -2.44109 0.616133 1.06069 1.5708 0 0
58 -2.09973 -1.5821 -11.0264 0.373768 0.00275964 0
59 -1.23772 -1.69726 -11.1537 -0.059412 0.0275505 0.454232
60 -3.31184 -15.768 -2.96345 -0.0320052 0.0103442 -0.000283872
61 -3.32395 -15.8054 -4.1332 -0.0320051 0.0103442 -0.000283982
time 19
0 4.81773 6.1795 -11.3507 0.000934124 0 -1.48352
1 6.02794 0 0 -1.18164 0.035386 -0.294013
2 11.7344 0 0 -0.00140282 0 -0.566435
3 8.81139 -0.000450134 -0.000112057 -1.61168 0 0.000157259
4 5.77839 0.000286102 0 -1.07983 0 0.000100413
5 2.23164 -0.000328064 -0.000363827 -0.531854 0 0
6 11.4725 0 0 -1.61184 0.246269 0.221394
7 0.615219 -0.993091 -0.810699 2.72336 0.28889 -0.318188
8 2.24752 0 0 0.083408 0.0597636 0.0921364
9 1.11936 0 0 0.122456 0.204701 -0.132564
10 3.71348 -0.10264 0.10219 1.59106 0.373844 0.344896
11 1.72615 0 0 0.00722106 -0.00791208 -1.70582
12 1.21114 0 0 0.00811916 0.0120083 0.0613767
13 3.59919 -1.06012 0.0708885 1.53714 -0.137057 0.433762
14 1.66069 0 0 -0.0607525 0.0487353 -1.11842
15 1.167 0 0 0.00325897 -0.00053499 -0.784203
16 2.18852 0.50104 0.0576591 1.55856 0.16523 0.120989
17 1.29609 0 0 -0.136068 0.0967533 -0.783319
18 1.62202 0.000715256 -0.000470161 0.0313619 -0.0249811 -1.33151
19 1.22241 0 0 0.00397503 -0.000685938 -0.0478736
20 1.76707 1.27612 0.0366402 1.49753 0.495024 0.059555
21 1.55588 0 0 -0.191076 -0.0505246 -0.984774
22 1.24274 0 0 -0.000478973 0.000361031 -0.663473
23 0.784523 0 0 0.01138 0.00651392 0.248465
24 -5.19429 19.5615 -1.06464 -0.000932693 0 -2.00714
25 6.02794 0 0 0.894805 0.544076 0.328175
26 11.7344 0 0 0.0014027 0 0.959741
27 8.81167 0 0 0.282959 0 0
28 5.77884 0 0 0.189582 0 0
29 2.23249 0 0 0.0933765 0 0
30 11.4725 0 0 0.578183 -0.150008 -0.901789
31 0.615814 0.994372 -0.809165 -2.83546 0.321836 0.548585
32 2.24752 0 0 -0.464201 0.00528071 -0.0368089
33 1.11936 0 0 -0.182151 0.0604439 0.00842789
34 3.71348 0.102639 0.102191 -1.851 1.02585 -0.885164
35 1.72615 0 0 0.00166659 0.0152857 1.23136
36 1.21112 0 0 -0.00737592 0.0267115 0.804592
37 3.5992 1.06012 0.0708883 -1.66054 0.198761 -0.174617
38 1.66069 0 0 -0.0167358 0.0741031 0.000782102
39 1.16699 0 0 0.017089 0.0345861 0.0761453
40 2.18853 -0.50104 0.0576591 -1.57727 0.0525044 -0.160286
41 1.29609 0 0 0.389991 0.241303 1.23903
42 1.62201 -0.000713348 -0.000469208 0.000354464 0.000501038 1.13513
43 1.22241 0 0 0.0298802 0.0167798 0.88573
44 1.76707 -1.27612 0.0366409 -1.57789 0.15131 -0.183525
45 1.55588 0 0 0.421792 0.0726296 1.29745
46 1.24273 0 0 0.000479003 0.000360941 0.746582
47 0.784531 0 0 -0.00859338 -0.01337 0.747972
48 0 0 0 0 0 0
49 -3.16527 -17.2166 -5.4398 0 0 0
50 -0.169706 1.99333 0.168103 0 0 0
51 0 7.91331 -0.115493 -0.0326129 0.0162963 -0.000380769
52 0 -6.39109 2.66389 0 1.39626 -1.5708
53 0 -3.88574 -0.867035 0 0 -1.5708
54 0 -2.3834 1.62041 0 1.39626 -1.5708
55 0 -9.60567 0.513889 0 0 -1.5708
56 -2.44017 -0.616137 1.06069 1.5708 0 0
57 -2.44109 0.616133 1.06069 1.5708 0 0
58 -2.00126 -1.47111 -11.0031 0.41249 0.0079768 -0.000164725
59 -1.0606 -1.58897 -11.0396 -0.0594575 0.0345199 0.498286
60 -3.29814 -15.6418 -2.95891 -0.0326128 0.0162965 -0.000380659
61 -3.31721 -15.68 -4.12854 -0.0326128 0.0162965 -0.000380768
time 20
0 4.81773 6.1795 -11.3507 0.000934124 0 -1.48352
1 6.02794 0 0 -1.18176 0.0496294 -0.289864
2 11.7344 0 0 -0.00140278 0 -0.600032
3 8.81138 -0.000450134 -0.000112057 -1.61621 0 0.000157819
4 5.77839 0.000286102 0 -1.08286 0 0.000100788
5 2.23163 -0.000328064 -0.000364304 -0.53335 0 0
6 11.4725 0 0 -1.61616 0.242505 0.237171
7 0.615219 -0.993092 -0.810701 2.72336 0.28889 -0.318188
8 2.24752 0 0 0.0834079 0.0597637 0.0921363
9 1.11936 0 0 0.122456 0.204701 -0.132564
10 3.71348 -0.102641 0.102192 1.59106 0.373844 0.344896
11 1.72615 0 0 0.00722101 -0.00791195 -1.70582
12 1.21114 0 0 0.00811914 0.0120081 0.0613767
13 3.59919 -1.06012 0.0708885 1.53714 -0.137057 0.433763
14 1.66069 0 0 -0.0607524 0.0487355 -1.11842
15 1.167 0 0 0.003259 -0.000534913 -0.784203
16 2.18852 0.501039 0.0576591 1.55856 0.16523 0.120989
17 1.2961 0 0 -0.136068 0.0967533 -0.783319
18 1.62202 0.000713348 -0.000471115 0.031362 -0.024981 -1.33151
19 1.22241 0 0 0.003975 -0.000686177 -0.0478738
20 1.76707 1.27612 0.0366421 1.49753 0.495024 0.0595551
21 1.55588 0 0 -0.191076 -0.0505248 -0.984774
22 1.24274 0 0 -0.000479077 0.000361058 -0.663473
23 0.784525 0 0 0.01138 0.00651385 0.248465
24 -5.19429 19.5615 -1.06464 -0.000932693 0 -2.00714
25 6.02794 0 0 0.893982 0.542718 0.3305
26 11.7344 0 0 0.00140275 0 0.967273
27 8.81167 0 0 0.251942 0 0
28 5.77884 0 0 0.168801 0 0
29 2.23249 0 0 0.083141 0 0
30 11.4725 0 0 0.573508 -0.163053 -0.933294
31 0.615813 0.994372 -0.809165 -2.83938 0.302015 0.560648
32 2.24752 0 0 -0.471209 -0.00296555 -0.0537071
33 1.11936 0 0 -0.186036 0.0601591 -0.0461646
34 3.71349 0.102639 0.102191 -1.88351 1.05473 -0.952197
35 1.72615 0 0 0.0023223 0.0152603 1.27341
36 1.21112 0 0 -0.00622635 0.0272037 0.846644
37 3.5992 1.06012 0.0708878 -1.68335 0.247064 -0.252936
38 1.66069 0 0 -0.0131199 0.0746886 0.0488479
39 1.16699 0 0 0.0180174 0.0340346 0.104533
40 2.18853 -0.50104 0.0576591 -1.57856 0.0672408 -0.165981
41 1.29609 0 0 0.41 0.235982 1.2693
42 1.62201 -0.000712395 -0.000470161 0.000354568 0.000500982 1.18012
43 1.22241 0 0 0.0308115 0.0155166 0.930709
44 1.76707 -1.27612 0.0366411 -1.58035 0.179584 -0.194489
45 1.55587 0 0 0.424091 0.0546859 1.33715
46 1.24273 0 0 0.000478882 0.00036102 0.790081
47 0.784531 0 0 -0.00922853 -0.0130849 0.791475
48 0 0 0 0 0 0
49 -3.16527 -17.2166 -5.4398 0 0 0
50 -0.169706 1.99333 0.168103 0 0 0
51 0 8.03759 -0.115867 -0.0334996 0.0221278 -0.000474712
52 0 -6.39109 2.66389 0 1.39626 -1.57079
53 0 -3.88574 -0.867035 0 0 -1.5708
54 0 -2.3834 1.62041 0 1.39626 -1.5708
55 0 -9.60567 0.513889 0 0 -1.5708
56 -2.44017 -0.616137 1.06069 1.5708 0 0
57 -2.44109 0.616132 1.06069 1.5708 0 0
58 -1.89739 -1.36325 -10.9809 0.451924 0.0130548 -0.000235232
59 -0.876099 -1.48281 -10.9259 -0.0593217 0.0412973 0.54349
60 -3.2846 -15.5154 -2.95218 -0.0334996 0.022128 -0.000474604
61 -3.3105 -15.5546 -4.12164 -0.0334995 0.022128 -0.000474712
time 21
0 4.81773 6.1795 -11.3507 0.000934124 0 -1.48352
1 6.02794 0 0 -1.18206 0.0614408 -0.286506
2 11.7344 0 0 -0.00140264 0 -0.62875
3 8.81138 -0.000450134 -0.000112295 -1.6199 0 0.00015821
4 5.77839 0.000286102 0 -1.08533 0 0.000100811
5 2.23163 -0.000331879 -0.000364304 -0.534567 0 0
6 11.4725 0 0 -1.61963 0.239009 0.250437
7 0.615219 -0.993091 -0.810699 2.72336 0.28889 -0.318188
8 2.24752 0 0 0.083408 0.0597637 0.0921364
9 1.11936 0 0 0.122456 0.204701 -0.132564
10 3.71348 -0.102643 0.102192 1.59106 0.373844 0.344896
11 1.72615 0 0 0.00722106 -0.00791208 -1.70582
12 1.21114 0 0 0.00811909 0.0120081 0.0613766
13 3.5992 -1.06012 0.0708885 1.53714 -0.137057 0.433763
14 1.66069 0 0 -0.0607524 0.0487354 -1.11842
15 1.167 0 0 0.00325894 -0.000534935 -0.784203
16 2.18853 0.501038 0.0576591 1.55856 0.16523 0.120989
17 1.29609 0 0 -0.136068 0.0967535 -0.783319
18 1.62202 0.000715256 -0.000472069 0.031362 -0.024981 -1.33151
19 1.22241 0 0 0.00397502 -0.000686177 -0.0478736
20 1.76707 1.27612 0.0366421 1.49753 0.495024 0.0595552
21 1.55588 0 0 -0.191076 -0.0505247 -0.984774
22 1.24274 0 0 -0.000478897 0.000360994 -0.663473
23 0.784521 0 0 0.01138 0.00651392 0.248465
24 -5.19429 19.5615 -1.06464 -0.000932693 0 -2.00714
25 6.02794 0 0 0.892441 0.542853 0.331424
26 11.7344 0 0 0.00140272 0 0.975977
27 8.81167 0 0 0.225837 0 0
28 5.77884 0 0 0.151311 0 0
29 2.23249 0 0 0.0745262 0 0
30 11.4725 0 0 0.570066 -0.174188 -0.959045
31 0.615813 0.994372 -0.809165 -2.83774 0.281229 0.568304
32 2.24752 0 0 -0.47494 -0.00984142 -0.0677891
33 1.11936 0 0 -0.188848 0.061161 -0.0882394
34 3.71349 0.102639 0.102191 -1.91544 1.08533 -1.01611
35 1.72615 0 0 0.00298137 0.0152382 1.31565
36 1.21112 0 0 -0.00507481 0.0277135 0.888898
37 3.5992 1.06012 0.0708883 -1.70467 0.293288 -0.326185
38 1.66069 0 0 -0.00943124 0.0752829 0.097841
39 1.16699 0 0 0.019161 0.0333319 0.139293
40 2.18853 -0.50104 0.0576587 -1.57974 0.0825634 -0.17121
41 1.29609 0 0 0.429144 0.229725 1.3007
42 1.62202 -0.000713348 -0.000470161 0.000354426 0.000500927 1.2252
43 1.22241 0 0 0.0317634 0.0142627 0.975776
44 1.76707 -1.27612 0.0366409 -1.58261 0.208985 -0.204554
45 1.55588 0 0 0.426443 0.036537 1.37732
46 1.24273 0 0 0.000478745 0.000361079 0.834087
47 0.784531 0 0 -0.00987602 -0.0128051 0.835483
48 0 0 0 0 0 0
49 -3.16527 -17.2166 -5.4398 0 0 0
50 -0.169706 1.99333 0.168103 0 0 0
51 0 8.15153 -0.117747 -0.0349625 0.0274098 -0.000559232
52 0 -6.39109 2.66389 0 1.39626 -1.5708
53 0 -3.88574 -0.867035 0 0 -1.5708
54 0 -2.3834 1.62041 0 1.39626 -1.5708
55 0 -9.60566 0.513889 0 0 -1.5708
56 -2.44017 -0.616137 1.06069 1.5708 0 0
57 -2.44109 0.616132 1.06069 1.5708 0 0
58 -1.78613 -1.27012 -10.9624 0.491656 0.017567 -0.000289706
59 -0.682647 -1.39012 -10.815 -0.0594759 0.0476819 0.58971
60 -3.2721 -15.3979 -2.9422 -0.0349625 0.02741 -0.000559125
61 -3.30418 -15.4388 -4.11145 -0.0349625 0.02741 -0.000559232
time 22
0 4.81773 6.1795 -11.3507 0.000934124 0 -1.48352
1 6.02794 0 0 -1.18261 0.0697868 -0.284167
2 11.7344 0 0 -0.00140276 0 -0.650429
3 8.81138 -0.000450134 -0.000112295 -1.62224 0 0.000157879
4 5.77839 0.000286102 0 -1.0869 0 0.000100581
5 2.23163 -0.000328064 -0.000363827 -0.53534 0 0
6 11.4725 0 0 -1.62178 0.236033 0.260002
7 0.615217 -0.993092 -0.8107 2.72336 0.28889 -0.318188
8 2.24752 0 0 0.083408 0.0597636 0.0921365
9 1.11936 0 0 0.122456 0.204701 -0.132564
10 3.71348 -0.102641 0.102191 1.59106 0.373844 0.344896
11 1.72615 0 0 0.0072211 -0.00791195 -1.70582
12 1.21114 0 0 0.00811915 0.0120082 0.0613767
13 3.59919 -1.06012 0.0708876 1.53714 -0.137057 0.433762
14 1.66069 0 0 -0.0607524 0.0487353 -1.11842
15 1.167 0 0 0.00325905 -0.00053489 -0.784203
16 2.18852 0.50104 0.0576591 1.55856 0.16523 0.120989
17 1.29609 0 0 -0.136068 0.0967533 -0.783319
18 1.62202 0.000711441 -0.000473022 0.031362 -0.024981 -1.33151
19 1.22241 0 0 0.00397507 -0.000685937 -0.0478735
20 1.76707 1.27612 0.0366402 1.49753 0.495024 0.0595551
21 1.55588 0 0 -0.191076 -0.0505248 -0.984774
22 1.24274 0 0 -0.000479001 0.000361021 -0.663473
23 0.784523 0 0 0.0113799 0.00651405 0.248465
24 -5.19429 19.5615 -1.06464 -0.000932693 0 -2.00714
25 6.02794 0 0 0.890247 0.544517 0.330841
26 11.7344 0 0 0.00140275 0 0.985116
27 8.81167 0 0 0.207057 0 0
28 5.77884 0 0 0.138728 0 0
29 2.23249 0 0 0.0683289 0 0
30 11.4725 0 0 0.567946 -0.182834 -0.976593
31 0.615813 0.994372 -0.809165 -2.8233 0.257123 0.571565
32 2.24752 0 0 -0.472235 -0.0153437 -0.0790549
33 1.11936 0 0 -0.19096 0.0623616 -0.120798
34 3.71348 0.102639 0.102191 -1.94256 1.11191 -1.06983
35 1.72615 0 0 0.00354427 0.0152202 1.35177
36 1.21112 0 0 -0.00409067 0.0281536 0.925023
37 3.5992 1.06012 0.0708876 -1.72045 0.327966 -0.380386
38 1.66069 0 0 -0.00656345 0.0757437 0.135921
39 1.16699 0 0 0.0201317 0.0327275 0.168727
40 2.18853 -0.50104 0.0576589 -1.58072 0.0958008 -0.175548
41 1.29609 0 0 0.445254 0.224133 1.3278
42 1.62201 -0.000713348 -0.000470638 0.000354489 0.00050103 1.26371
43 1.22241 0 0 0.0325805 0.0131946 1.01427
44 1.76707 -1.27612 0.0366404 -1.58448 0.234386 -0.212905
45 1.55587 0 0 0.428464 0.0209891 1.41173
46 1.24273 0 0 0.000478873 0.000360996 0.871789
47 0.784531 0 0 -0.0104324 -0.0125674 0.873187
48 0 0 0 0 0 0
49 -3.16527 -17.2166 -5.4398 0 0 0
50 -0.169706 1.99333 0.168103 0 0 0
51 0 8.2452 -0.122594 -0.037299 0.0317135 -0.00062775
52 0 -6.39109 2.66389 0 1.39626 -1.5708
53 0 -3.88574 -0.867034 0 0 -1.5708
54 0 -2.3834 1.62041 0 1.39626 -1.5708
55 0 -9.60567 0.513889 0 0 -1.5708
56 -2.44017 -0.616136 1.06069 1.5708 0 0
57 -2.44109 0.616133 1.06069 1.5708 0 0
58 -1.66553 -1.20327 -10.9498 0.531271 0.0210871 -0.000317137
59 -0.478895 -1.32208 -10.709 -0.0604287 0.0535665 0.636801
60 -3.26152 -15.2985 -2.92792 -0.037299 0.0317137 -0.000627641
61 -3.29863 -15.3421 -4.09693 -0.0372989 0.0317137 -0.00062775
time 23
0 4.81773 6.1795 -11.3507 0.000934124 0 -1.48352
1 6.02794 0 0 -1.18346 0.0737827 -0.282995
2 11.7344 0 0 -0.00140282 0 -0.663239
3 8.81138 -0.000450134 -0.000112772 -1.62277 0 0.00015802
4 5.77839 0.00028801 0 -1.08726 0 0.000100857
5 2.23163 -0.000328064 -0.00036478 -0.535515 0 0
6 11.4725 0 0 -1.62221 0.233833 0.264833
7 0.615219 -0.993092 -0.8107 2.72336 0.28889 -0.318188
8 2.24752 0 0 0.083408 0.0597637 0.0921363
9 1.11936 0 0 0.122456 0.204701 -0.132564
10 3.71348 -0.102641 0.102191 1.59106 0.373844 0.344896
11 1.72615 0 0 0.00722102 -0.00791212 -1.70582
12 1.21114 0 0 0.00811913 0.0120083 0.0613766
13 3.59919 -1.06012 0.0708876 1.53714 -0.137057 0.433762
14 1.66069 0 0 -0.0607525 0.0487353 -1.11842
15 1.167 0 0 0.00325895 -0.000534802 -0.784203
16 2.18852 0.501039 0.0576591 1.55856 0.16523 0.120989
17 1.29609 0 0 -0.136068 0.0967532 -0.783319
18 1.62202 0.000713348 -0.000471115 0.0313621 -0.0249811 -1.33151
19 1.22241 0 0 0.00397483 -0.000685883 -0.0478736
20 1.76707 1.27612 0.0366411 1.49753 0.495024 0.0595551
21 1.55588 0 0 -0.191076 -0.0505245 -0.984774
22 1.24274 0 0 -0.000478895 0.000360805 -0.663473
23 0.784525 0 0 0.0113799 0.0065141 0.248465
24 -5.19429 19.5615 -1.06464 -0.000932693 0 -2.00714
25 6.02794 0 0 0.887466 0.547729 0.328637
26 11.7344 0 0 0.0014027 0 0.993914
27 8.81167 0 0 0.198032 0 0
28 5.77884 0 0 0.132682 0 0
29 2.23249 0 0 0.0653505 0 0
30 11.4725 0 0 0.567221 -0.188407 -0.983455
31 0.615813 0.994372 -0.809165 -2.78881 0.227342 0.570441
32 2.24752 0 0 -0.459931 -0.0194682 -0.087504
33 1.11936 0 0 -0.192747 0.0626728 -0.146844
34 3.71349 0.102639 0.102191 -1.96058 1.12874 -1.10629
35 1.72615 0 0 0.00391296 0.0152071 1.37543
36 1.21112 0 0 -0.00344481 0.0284358 0.948688
37 3.5992 1.06012 0.0708883 -1.72661 0.34163 -0.401559
38 1.66069 0 0 -0.00540907 0.0759289 0.151245
39 1.16699 0 0 0.0205414 0.0324705 0.181138
40 2.18853 -0.50104 0.0576591 -1.5814 0.104282 -0.178572
41 1.29609 0 0 0.456161 0.220806 1.34519
42 1.62201 -0.000713348 -0.000470161 0.00035438 0.00050105 1.28898
43 1.22241 0 0 0.0331103 0.0124894 1.03954
44 1.76707 -1.27612 0.0366412 -1.58579 0.25066 -0.218727
45 1.55587 0 0 0.429773 0.010848 1.43418
46 1.24273 0 0 0.000478962 0.00036095 0.896377
47 0.784533 0 0 -0.0107935 -0.0124091 0.897776
48 0 0 0 0 0 0
49 -3.16527 -17.2166 -5.4398 0 0 0
50 -0.169706 1.99333 0.168103 0 0 0
51 0 8.30868 -0.131871 -0.0408061 0.0346102 -0.000673686
52 0 -6.39109 2.66389 0 1.39626 -1.5708
53 0 -3.88574 -0.867035 0 0 -1.5708
54 0 -2.3834 1.62041 0 1.39626 -1.5708
55 0 -9.60566 0.513889 0 0 -1.5708
56 -2.44017 -0.616137 1.06069 1.5708 0 0
57 -2.44109 0.616133 1.06069 1.5708 0 0
58 -1.53368 -1.17422 -10.9453 0.570357 0.0231888 -0.00030554
59 -0.263704 -1.28972 -10.6093 -0.0627157 0.0589444 0.684614
60 -3.25374 -15.2263 -2.90829 -0.0408061 0.0346103 -0.000673578
61 -3.29424 -15.274 -4.07702 -0.040806 0.0346103 -0.000673686
time 24
0 4.81773 6.1795 -11.3507 0.000934124 0 -1.48352
1 6.02794 0 0 -1.18461 0.0724072 -0.283179
2 11.7344 0 0 -0.00140273 0 -0.66506
3 8.81138 -0.000448227 -0.000112057 -1.62107 0 0.000157431
4 5.77839 0.00028801 0 -1.08612 0 0.000100464
5 2.23163 -0.000329971 -0.000363827 -0.534953 0 0
6 11.4725 0 0 -1.62053 0.232664 0.263736
7 0.615221 -0.993093 -0.810699 2.72336 0.28889 -0.318188
8 2.24752 0 0 0.0834081 0.0597637 0.0921364
9 1.11935 0 0 0.122456 0.204701 -0.132564
10 3.71348 -0.102642 0.102191 1.59106 0.373844 0.344896
11 1.72615 0 0 0.00722107 -0.00791216 -1.70582
12 1.21114 0 0 0.00811929 0.0120082 0.0613766
13 3.59919 -1.06012 0.0708885 1.53714 -0.137057 0.433763
14 1.66069 0 0 -0.0607524 0.0487355 -1.11842
15 1.167 0 0 0.00325909 -0.000535133 -0.784203
16 2.18852 0.501038 0.0576591 1.55856 0.16523 0.120989
17 1.29609 0 0 -0.136068 0.0967533 -0.783319
18 1.62202 0.000711441 -0.000470161 0.0313621 -0.0249811 -1.33151
19 1.22241 0 0 0.00397486 -0.000686061 -0.0478737
20 1.76707 1.27612 0.0366421 1.49753 0.495024 0.0595553
21 1.55588 0 0 -0.191076 -0.0505247 -0.984774
22 1.24273 0 0 -0.000478934 0.000360918 -0.663473
23 0.784523 0 0 0.0113799 0.00651405 0.248465
24 -5.19429 19.5615 -1.06464 -0.000932693 0 -2.00714
25 6.02794 0 0 0.885222 0.550408 0.326713
26 11.7344 0 0 0.00140265 0 0.998539
27 8.81167 0 0 0.197064 0 0
28 5.77884 0 0 0.132033 0 0
29 2.23249 0 0 0.0650312 0 0
30 11.4725 0 0 0.567896 -0.192143 -0.98126
31 0.615812 0.994372 -0.809165 -2.71773 0.184277 0.560885
32 2.24752 0 0 -0.4305 -0.0216663 -0.0920101
33 1.11936 0 0 -0.193866 0.062355 -0.162069
34 3.71348 0.102639 0.102191 -1.96831 1.13517 -1.12259
35 1.72615 0 0 0.00406569 0.0152005 1.38524
36 1.21112 0 0 -0.0031765 0.0285478 0.958494
37 3.5992 1.06012 0.0708885 -1.72661 0.34163 -0.401559
38 1.66069 0 0 -0.00540909 0.0759289 0.151245
39 1.16699 0 0 0.0205413 0.0324705 0.181138
40 2.18853 -0.50104 0.0576594 -1.58173 0.107618 -0.179997
41 1.29609 0 0 0.461014 0.219742 1.35205
42 1.62201 -0.000713348 -0.000469208 0.000354461 0.000500985 1.2995
43 1.22241 0 0 0.0333243 0.0121918 1.05005
44 1.76707 -1.27612 0.0366408 -1.58641 0.25706 -0.221469
45 1.55587 0 0 0.430301 0.00668656 1.44338
46 1.24273 0 0 0.000479027 0.000361039 0.906463
47 0.784533 0 0 -0.0109399 -0.0123414 0.907864
48 0 0 0 0 0 0
49 -3.16527 -17.2166 -5.4398 0 0 0
50 -0.169706 1.99333 0.168103 0 0 0
51 0 8.33205 -0.147039 -0.0457811 0.035671 -0.00069046
52 0 -6.39109 2.66389 -0.0453782 1.39626 -1.57079
53 0 -3.88574 -0.867035 0 0 -1.5708
54 0 -2.3834 1.62041 0 1.39626 -1.5708
55 0 -9.60567 0.513889 0 0 -1.5708
56 -2.44017 -0.616137 1.06069 1.5708 0 0
57 -2.44109 0.616133 1.06069 1.5708 0 0
58 -1.38869 -1.19447 -10.9504 0.6085 0.0234456 -0.00024194
59 -0.0361197 -1.30391 -10.5172 -0.0668881 0.0639152 0.732983
60 -3.24975 -15.1904 -2.88226 -0.0457811 0.0356711 -0.000690351
61 -3.29149 -15.2439 -4.0507 -0.045781 0.0356712 -0.00069046
time 25
0 4.81773 6.1795 -11.3507 0.000934124 0 -1.48352
1 6.02794 0 0 -1.18635 0.063802 -0.281029
2 11.7344 0 0 -0.00140292 0 -0.662759
3 8.81138 -0.000452042 -0.000112057 -1.61405 0 0.000158196
4 5.77839 0.000284195 0 -1.08141 0 0.000100981
5 2.23164 -0.000329971 -0.000363827 -0.532635 0 0
6 11.4725 0 0 -1.61354 0.23734 0.273214
7 0.615219 -0.993091 -0.810699 2.72336 0.28889 -0.318188
8 2.24752 0 0 0.0834079 0.0597637 0.0921363
9 1.11936 0 0 0.122456 0.204701 -0.132564
10 3.71348 -0.102641 0.102191 1.59106 0.373844 0.344896
11 1.72615 0 0 0.0072211 -0.00791203 -1.70582
12 1.21114 0 0 0.00811922 0.0120083 0.0613768
13 3.59919 -1.06012 0.0708885 1.53714 -0.137057 0.433762
14 1.66069 0 0 -0.0607524 0.0487355 -1.11842
15 1.167 0 0 0.00325908 -0.000534945 -0.784203
16 2.18853 0.501039 0.0576591 1.55856 0.16523 0.120989
17 1.29609 0 0 -0.136068 0.0967534 -0.783319
18 1.62202 0.000715256 -0.000472069 0.0313621 -0.024981 -1.33151
19 1.22241 0 0 0.00397499 -0.000686058 -0.0478736
20 1.76707 1.27612 0.0366402 1.49753 0.495024 0.0595552
21 1.55588 0 0 -0.191076 -0.0505246 -0.984774
22 1.24274 0 0 -0.000478982 0.000360965 -0.663473
23 0.784523 0 0 0.0113801 0.00651391 0.248465
24 -5.19429 19.0984 -1.1394 -0.000932693 0 -2.00714
25 6.02794 0 0 0.846277 0.593471 0.293228
26 11.7344 0 0 0.00140247 0 1.06668
27 8.81167 0 0 0.210971 0 0
28 5.77884 0 0 0.141351 0 0
29 2.23249 0 0 0.0696206 0 0
30 11.4725 0 0 0.595574 -0.227703 -0.952821
31 0.615813 0.994372 -0.809165 -2.61609 0.129892 0.542886
32 2.24752 0 0 -0.386577 -0.0219412 -0.0925733
33 1.11936 0 0 -0.194006 0.0623153 -0.163972
34 3.71349 0.102639 0.10219 -1.96927 1.13597 -1.12463
35 1.72615 0 0 0.0040847 0.0151997 1.38646
36 1.21112 0 0 -0.00314308 0.0285617 0.95972
37 3.5992 1.06012 0.0708878 -1.72661 0.34163 -0.401559
38 1.66069 0 0 -0.00540909 0.075929 0.151245
39 1.16699 0 0 0.0205414 0.0324705 0.181138
40 2.18853 -0.50104 0.0576589 -1.58177 0.108035 -0.180175
41 1.29609 0 0 0.461621 0.21961 1.35291
42 1.62202 -0.000713348 -0.000470161 0.000354482 0.00050095 1.30081
43 1.22241 0 0 0.0333511 0.0121546 1.05137
44 1.76707 -1.27612 0.0366406 -1.58648 0.25786 -0.221811
45 1.55588 0 0 0.430367 0.00616638 1.44453
46 1.24273 0 0 0.000478863 0.000361098 0.907724
47 0.784531 0 0 -0.0109585 -0.0123331 0.909125
48 0 0 0 0 0 0
49 -3.16527 -17.2166 -5.4398 0 0 0
50 -0.169706 1.99333 0.168103 0 0 0
51 -0.00601172 8.26273 -0.54635 -0.103821 0.0290365 0.00326156
52 0 -6.39109 2.66389 -0.153588 1.39626 -1.57079
53 0 -3.88574 -0.867035 0 0 -1.5708
54 0 -2.3834 1.62041 0 1.39626 -1.5708
55 0 -9.60567 0.513889 0 0.0581777 -1.5708
56 -2.44017 -0.616137 1.06069 1.5708 0 0
57 -2.44109 0.616132 1.06069 1.5708 0 0
58 -1.23413 -1.59667 -11.6139 0.593997 0.0160468 0.00448838
59 0.196658 -1.66096 -11.0684 -0.113864 0.100952 0.783873
60 -3.22395 -15.1882 -2.72744 -0.0456431 0.0290366 0.00326166
61 -3.25772 -15.2417 -3.89613 -0.045643 0.0290366 0.00326156
time 26
0 5.04008 6.30753 -11.3507 0.000934124 0 -1.48352
1 6.02794 0 0 -1.19968 0.0418951 -0.292781
2 11.7344 0 0 -0.00140294 0 -0.642168
3 8.81139 -0.000448227 -0.000111818 -1.58504 0 0.000157427
4 5.77839 0.00028801 0 -1.06198 0 0.000100454
5 2.23163 -0.000328064 -0.000364304 -0.523063 0 0
6 11.4725 0 0 -1.5848 0.238896 0.298945
7 0.615219 -0.993091 -0.810699 2.72336 0.28889 -0.318188
8 2.24752 0 0 0.0834079 0.0597637 0.0921361
9 1.11936 0 0 0.122456 0.204701 -0.132564
10 3.71348 -0.102641 0.102192 1.59106 0.373844 0.344896
11 1.72615 0 0 0.00722097 -0.00791191 -1.70582
12 1.21114 0 0 0.00811922 0.0120082 0.0613769
13 3.59919 -1.06012 0.0708885 1.53714 -0.137057 0.433762
14 1.66069 0 0 -0.0607524 0.0487355 -1.11842
15 1.167 0 0 0.00325899 -0.000535045 -0.784203
16 2.18852 0.501039 0.0576591 1.55856 0.16523 0.120989
17 1.29609 0 0 -0.136068 0.0967531 -0.783319
18 1.62202 0.000715256 -0.000472069 0.0313619 -0.024981 -1.33151
19 1.22241 0 0 0.00397496 -0.00068588 -0.0478736
20 1.76707 1.27612 0.0366411 1.49753 0.495024 0.0595552
21 1.55588 0 0 -0.191076 -0.0505246 -0.984774
22 1.24274 0 0 -0.000479094 0.000360926 -0.663473
23 0.784523 0 0 0.0113801 0.00651385 0.248465
24 -5.19429 17.9407 -1.32632 -0.000932693 0 -2.00714
25 6.02794 0 0 0.733674 0.684753 0.203506
26 11.7344 0 0 0.00140273 0 1.21109
27 8.81167 0 0 0.25953 0 0
28 5.77884 0 0 0.173885 0 0
29 2.23249 0 0 0.0856448 0 0
30 11.4725 0 0 0.663574 -0.324059 -0.881284
31 0.615813 0.994371 -0.809165 -2.51053 0.0761863 0.522515
32 2.24752 0 0 -0.340243 -0.021117 -0.0908835
33 1.11936 0 0 -0.193587 0.0624344 -0.158263
34 3.71348 0.102639 0.102191 -1.96638 1.13356 -1.11852
35 1.72615 0 0 0.00402756 0.0152023 1.38279
36 1.21112 0 0 -0.00324378 0.0285198 0.956043
37 3.5992 1.06012 0.0708883 -1.72661 0.34163 -0.401559
38 1.66069 0 0 -0.00540909 0.075929 0.151245
39 1.16699 0 0 0.0205414 0.0324705 0.181138
40 2.18853 -0.50104 0.0576587 -1.58164 0.106784 -0.179641
41 1.29609 0 0 0.459801 0.220008 1.35034
42 1.62202 -0.000713348 -0.000469685 0.000354584 0.000500952 1.29687
43 1.22241 0 0 0.033271 0.0122663 1.04742
44 1.76707 -1.27612 0.0366411 -1.58625 0.25546 -0.220784
45 1.55588 0 0 0.430169 0.007727 1.44108
46 1.24273 0 0 0.000478875 0.000361044 0.903942
47 0.784531 0 0 -0.0109032 -0.0123584 0.905342
48 0 0 0 0 0 0
49 -3.16527 -17.2166 -5.4398 0 0 0
50 -0.169706 1.99333 0.168103 0 0 0
51 -0.0233018 8.08943 -1.51595 -0.240826 0.0124501 0.013464
52 0 -6.39109 2.66389 -0.282743 1.39626 -1.5708
53 0 -3.88574 -0.867035 0 0 -1.5708
54 0 -2.3834 1.62041 0 1.39626 -1.5708
55 0 -9.60566 0.513889 0 0.203622 -1.5708
56 -2.44017 -0.616137 1.06069 1.5708 0 0
57 -2.44109 0.616133 1.06069 1.5708 0 0
58 -1.05082 -2.58773 -13.1751 0.500796 -0.00104967 0.0166333
59 0.44768 -2.52939 -12.5066 -0.219382 0.193207 0.830415
60 -3.19625 -15.079 -2.40193 -0.037204 0.0124502 0.0134641
61 -3.21022 -15.1227 -3.57143 -0.0372039 0.0124502 0.013464
time 27
0 5.59595 6.62762 -11.3507 0.000934124 0 -1.48352
1 6.02794 0 0 -1.2307 0.0181675 -0.328764
2 11.7344 0 0 -0.00140265 0 -0.614804
3 8.81138 -0.000452042 -0.000111818 -1.52639 0 0.000158542
4 5.77839 0.000286102 0 -1.02268 0 0.000101353
5 2.23163 -0.000329971 -0.000364065 -0.503707 0 0
6 11.4725 0 0 -1.52774 0.221564 0.339654
7 0.615221 -0.993091 -0.8107 2.72336 0.28889 -0.318188
8 2.24752 0 0 0.0834079 0.0597637 0.0921363
9 1.11936 0 0 0.122456 0.204701 -0.132564
10 3.71348 -0.102641 0.102191 1.59106 0.373844 0.344896
11 1.72615 0 0 0.00722092 -0.00791187 -1.70582
12 1.21114 0 0 0.00811924 0.0120081 0.0613766
13 3.59919 -1.06012 0.0708876 1.53714 -0.137057 0.433762
14 1.66069 0 0 -0.0607523 0.0487355 -1.11842
15 1.167 0 0 0.00325901 -0.000535101 -0.784203
16 2.18853 0.501039 0.0576601 1.55856 0.16523 0.120989
17 1.29609 0 0 -0.136068 0.0967532 -0.783319
18 1.62202 0.000715256 -0.000470161 0.0313619 -0.024981 -1.33151
19 1.22241 0 0 0.00397504 -0.000685938 -0.0478736
20 1.76707 1.27612 0.0366411 1.49753 0.495024 0.0595552
21 1.55588 0 0 -0.191076 -0.0505248 -0.984774
22 1.24273 0 0 -0.000479162 0.000361029 -0.663473
23 0.784524 0 0 0.0113801 0.00651403 0.248465
24 -5.19429 16.4357 -1.56932 -0.000932693 0 -2.00714
25 6.02794 0 0 0.546849 0.771214 0.0687162
26 11.7344 0 0 0.00140266 0 1.35614
27 8.81167 0 0 0.368116 0 0
28 5.77884 0 0 0.246638 0 0
29 2.23249 0 0 0.121478 0 0
30 11.4725 0 0 0.75491 -0.478407 -0.782694
31 0.615813 0.994372 -0.809165 -2.42767 0.0351621 0.505841
32 2.24752 0 0 -0.303583 -0.0200178 -0.0886303
33 1.11936 0 0 -0.193027 0.0625932 -0.15065
34 3.71349 0.102639 0.102191 -1.96251 1.13035 -1.11036
35 1.72615 0 0 0.00395122 0.0152056 1.37788
36 1.21112 0 0 -0.00337783 0.0284638 0.951139
37 3.5992 1.06012 0.0708878 -1.72661 0.34163 -0.401559
38 1.66069 0 0 -0.0054091 0.075929 0.151245
39 1.16699 0 0 0.0205414 0.0324705 0.181138
40 2.18853 -0.50104 0.0576589 -1.58148 0.105116 -0.178928
41 1.29609 0 0 0.457375 0.22054 1.3469
42 1.62202 -0.000712395 -0.000470161 0.000354433 0.000500919 1.29161
43 1.22241 0 0 0.0331637 0.012415 1.04217
44 1.76707 -1.27612 0.0366409 -1.58594 0.25226 -0.219412
45 1.55587 0 0 0.429905 0.0098076 1.43648
46 1.24273 0 0 0.000478887 0.000361013 0.898898
47 0.784532 0 0 -0.0108302 -0.0123923 0.900298
48 0 0 0 0 0 0
49 -3.16527 -17.2166 -5.4398 0 0 0
50 -0.169706 1.99333 0.168103 0 0 0
51 -0.0507541 7.86414 -2.76914 -0.41855 -0.00911217 0.0274364
52 0 -6.39109 2.66389 -0.390953 1.39626 -1.5708
53 0 -3.88574 -0.867035 0 0 -1.5708
54 0 -2.3834 1.62041 0 1.39626 -1.5708
55 0 -9.60567 0.51389 0 0.392699 -1.5708
56 -2.44017 -0.616137 1.06069 1.5708 0 0
57 -2.44109 0.616133 1.06069 1.5708 0 0
58 -0.807729 -3.96838 -15.0171 0.366951 -0.0225971 0.0332626
59 0.744863 -3.72264 -14.2446 -0.352053 0.320418 0.858577
60 -3.23881 -14.6844 -2.05726 -0.0258506 -0.0091121 0.0274365
61 -3.22732 -14.7143 -3.22723 -0.0258505 -0.00911208 0.0274364
time 28
0 6.31858 7.04373 -11.3507 0.000934124 0 -1.48352
1 6.02794 0 0 -1.27155 0.0205066 -0.373122
2 11.7344 0 0 -0.00140298 0 -0.631299
3 8.81138 -0.000450134 -0.000111818 -1.42486 0 0.000157571
4 5.77839 0.00028801 0 -0.954653 0 0.00010106
5 2.23163 -0.000329018 -0.000363827 -0.470202 0 0
6 11.4725 0 0 -1.43262 0.182424 0.401228
7 0.615219 -0.993091 -0.810701 2.72126 0.288343 -0.320181
8 2.24752 0 0 0.0834095 0.0598704 0.0921325
9 1.11936 0 0 0.1223 0.203765 -0.131678
10 3.71348 -0.102641 0.102191 1.59106 0.371554 0.344127
11 1.72615 0 0 0.00717 -0.00802524 -1.69664
12 1.21113 0 0 0.00811926 0.0120084 0.0613716
13 3.5992 -1.06012 0.0708885 1.53722 -0.137046 0.431028
14 1.66068 0 0 -0.0603193 0.0488844 -1.11221
15 1.167 0 0 0.00315762 -0.000281754 -0.779663
16 2.18852 0.501039 0.0576582 1.55859 0.164033 0.121567
17 1.29609 0 0 -0.135622 0.0959654 -0.779227
18 1.62202 0.000709534 -0.000473022 0.0310955 -0.0250433 -1.32414
19 1.22241 0 0 0.00401035 -0.000799681 -0.0475771
20 1.76707 1.27612 0.0366411 1.49781 0.492136 0.0606669
21 1.55588 0 0 -0.190079 -0.050076 -0.979472
22 1.24273 0 0 -0.000478991 0.000361072 -0.660009
23 0.784523 0 0 0.0113958 0.00651371 0.248448
24 -5.19429 14.9307 -1.81232 -0.000932693 0 -2.00714
25 6.02794 0 0 0.316181 0.815436 -0.0803316
26 11.7344 0 0 0.00140275 0 1.46123
27 8.81167 0 0 0.55809 0 0
28 5.77884 0 0 0.37392 0 0
29 2.23249 0 0 0.184169 0 0
30 11.4725 0 0 0.854816 -0.671825 -0.69139
31 0.615813 0.994371 -0.809165 -2.39413 0.0188202 0.498934
32 2.24752 0 0 -0.288678 -0.0194683 -0.0875037
33 1.11936 0 0 -0.192747 0.0626726 -0.146844
34 3.71349 0.102638 0.102191 -1.96058 1.12874 -1.10629
35 1.72615 0 0 0.00391312 0.0152071 1.37543
36 1.21112 0 0 -0.00344498 0.0284359 0.948687
37 3.5992 1.06012 0.070888 -1.72661 0.34163 -0.401559
38 1.66069 0 0 -0.00540907 0.075929 0.151245
39 1.16699 0 0 0.0205414 0.0324705 0.181138
40 2.18853 -0.50104 0.0576587 -1.5814 0.104282 -0.178572
41 1.29609 0 0 0.456161 0.220806 1.34519
42 1.62201 -0.000711441 -0.000470161 0.000354493 0.000500928 1.28898
43 1.22241 0 0 0.0331103 0.0124895 1.03954
44 1.76707 -1.27612 0.0366406 -1.58579 0.25066 -0.218726
45 1.55587 0 0 0.429773 0.010848 1.43418
46 1.24273 0 0 0.000478952 0.000360995 0.896377
47 0.784532 0 0 -0.0107935 -0.0124092 0.897777
48 0 0 0 0 0 0
49 -3.16527 -17.2166 -5.4398 0 0 0
50 -0.169706 1.99333 0.168103 0 0 0
51 -0.0872529 7.63885 -4.01924 -0.598746 -0.0306745 0.0426983
52 0 -6.39109 2.66389 -0.436332 1.39626 -1.5708
53 0 -3.88574 -0.867035 0 0 -1.5708
54 0 -2.3834 1.62041 0 1.39626 -1.5708
55 0 -9.60567 0.513889 0 0.581777 -1.5708
56 -2.44017 -0.616136 1.06069 1.5708 0 0
57 -2.60423 0.616133 1.06069 1.5708 0 0
58 -0.51756 -5.43955 -16.6275 0.230574 -0.0435866 0.0513027
59 1.07802 -4.97552 -15.7909 -0.486311 0.455865 0.863841
60 -3.38268 -13.8578 -1.83747 -0.0169698 -0.0306744 0.0426984
61 -3.33969 -14.0249 -3.00464 -0.0169698 -0.0306744 0.0426983
time 29
0 7.04121 7.45984 -11.3507 0.000934124 0 -1.48352
1 6.02794 0 0 -1.31367 0.0476456 -0.414624
2 11.7344 0 0 -0.00140276 0 -0.685099
3 8.81138 -0.000450134 -0.000112295 -1.27419 0 0.000157244
4 5.77839 0.000286102 0 -0.853705 0 0.00010087
5 2.23163 -0.000329971 -0.000363827 -0.420482 0 0
6 11.4725 0 0 -1.29692 0.130746 0.462292
7 0.615218 -0.99309 -0.810701 2.7152 0.286766 -0.325922
8 2.24752 0 0 0.0834139 0.060178 0.0921063
9 1.11936 0 0 0.121854 0.201068 -0.129127
10 3.71348 -0.102641 0.102192 1.59104 0.364957 0.341868
11 1.72615 0 0 0.00702236 -0.00835096 -1.6702
12 1.21114 0 0 0.00812046 0.0120098 0.0613361
13 3.59919 -1.06012 0.0708876 1.53743 -0.136966 0.423152
14 1.66068 0 0 -0.0590714 0.0493133 -1.09432
15 1.167 0 0 0.00286512 0.000447727 -0.766584
16 2.18853 0.501039 0.0576591 1.55869 0.160584 0.123232
17 1.29609 0 0 -0.13432 0.0936959 -0.767441
18 1.62202 0.000713348 -0.000471115 0.0303273 -0.0252225 -1.30292
19 1.22241 0 0 0.00411267 -0.00112721 -0.0467231
20 1.76707 1.27612 0.0366402 1.49863 0.483817 0.0638696
21 1.55588 0 0 -0.18721 -0.048783 -0.964201
22 1.24274 0 0 -0.000478956 0.000360973 -0.65003
23 0.784524 0 0 0.011442 0.00651241 0.248332
24 -5.19429 13.773 -1.99924 -0.000932693 0 -2.00714
25 6.02794 0 0 0.120013 0.8173 -0.189624
26 11.7344 0 0 0.0014027 0 1.51785
27 8.81167 0 0 0.788854 0 0
28 5.77884 0 0 0.528533 0 0
29 2.23249 0 0 0.260322 0 0
30 11.4725 0 0 0.944778 -0.851982 -0.637785
31 0.615812 0.994371 -0.809165 -2.39413 0.0188203 0.498934
32 2.24752 0 0 -0.288678 -0.0194682 -0.0875037
33 1.11936 0 0 -0.192747 0.0626726 -0.146844
34 3.71348 0.102639 0.102192 -1.96058 1.12874 -1.10629
35 1.72615 0 0 0.00391308 0.0152071 1.37543
36 1.21112 0 0 -0.00344501 0.028436 0.948687
37 3.5992 1.06012 0.0708878 -1.72661 0.34163 -0.401559
38 1.66069 0 0 -0.00540906 0.0759289 0.151245
39 1.16699 0 0 0.0205414 0.0324705 0.181138
40 2.18853 -0.50104 0.0576589 -1.5814 0.104282 -0.178572
41 1.29609 0 0 0.456161 0.220806 1.34519
42 1.62202 -0.000711441 -0.000469685 0.000354533 0.000500963 1.28898
43 1.2224 0 0 0.0331103 0.0124894 1.03954
44 1.76707 -1.27612 0.0366414 -1.58579 0.25066 -0.218727
45 1.55588 0 0 0.429773 0.0108479 1.43418
46 1.24273 0 0 0.000478904 0.000361005 0.896377
47 0.784533 0 0 -0.0107935 -0.0124092 0.897776
48 0 0 0 0 0 0
49 -3.16527 -17.2166 -5.4398 0 0 0
50 -0.169706 1.99333 0.168103 0 0 0
51 -0.131682 7.46554 -4.97954 -0.743169 -0.0472608 0.0567693
52 0 -6.39109 2.66389 -0.436332 1.39626 -1.5708
53 0 -3.88574 -0.867035 0 0 -1.5708
54 0 -2.3834 1.62041 0 1.39626 -1.5708
55 0 -9.60567 0.513888 0 0.727221 -1.5708
56 -2.60342 -0.616138 1.06069 1.5708 0 0
57 -2.76737 0.616132 1.06069 1.5708 0 0
58 -0.240853 -6.62719 -17.6851 0.129876 -0.0594185 0.0676959
59 1.39445 -5.95828 -16.8185 -0.593597 0.571897 0.8598
60 -3.57176 -12.9743 -1.76521 -0.0159485 -0.0472608 0.0567695
61 -3.50717 -13.1385 -2.93179 -0.0159484 -0.0472608 0.0567694
time 30
0 7.59708 7.77992 -11.3507 0.000934124 0 -1.48352
1 6.02794 0 0 -1.34848 0.0698904 -0.442144
2 11.7344 0 0 -0.00140275 0 -0.723905
3 8.81138 -0.000449181 -0.000112534 -1.10436 0 0.000158359
4 5.77839 0.000286102 0 -0.739919 0 0.000102186
5 2.23163 -0.000328064 -0.000364304 -0.364438 0 0
6 11.4725 0 0 -1.14308 0.0875245 0.48814
7 0.615219 -0.993091 -0.8107 2.70556 0.284257 -0.335053
8 2.24752 0 0 0.0834209 0.0606674 0.0920348
9 1.11936 0 0 0.121143 0.196777 -0.125069
10 3.71348 -0.102641 0.102191 1.59099 0.354463 0.338194
11 1.72615 0 0 0.00678794 -0.0088692 -1.62815
12 1.21114 0 0 0.0081232 0.0120139 0.0612396
13 3.59919 -1.06012 0.0708885 1.53778 -0.13675 0.410624
14 1.66069 0 0 -0.0570866 0.0499957 -1.06586
15 1.167 0 0 0.00240018 0.00160828 -0.745781
16 2.18852 0.501039 0.0576591 1.55886 0.155099 0.12588
17 1.29609 0 0 -0.132217 0.0900858 -0.748694
18 1.62202 0.000713348 -0.000470638 0.0291058 -0.0255078 -1.26916
19 1.22241 0 0 0.00427489 -0.00164834 -0.0453645
20 1.76707 1.27612 0.0366421 1.49995 0.470585 0.0689644
21 1.55588 0 0 -0.182644 -0.0467267 -0.939908
22 1.24273 0 0 -0.000479072 0.000361082 -0.634158
23 0.784523 0 0 0.0115168 0.00650825 0.248015
24 -5.19429 13.3099 -2.074 -0.000932693 0 -2.00714
25 6.02794 0 0 0.0386871 0.810503 -0.230743
26 11.7344 0 0 0.00140274 0 1.53433
27 8.81167 0 0 0.910366 0 0
28 5.77884 0 0 0.609945 0 0
29 2.23249 0 0 0.300421 0 0
30 11.4725 0 0 0.97922 -0.938476 -0.608045
31 0.615812 0.994372 -0.809165 -2.39413 0.0188201 0.498935
32 2.24752 0 0 -0.288678 -0.0194683 -0.0875038
33 1.11936 0 0 -0.192747 0.0626727 -0.146844
34 3.71349 0.102638 0.102191 -1.96058 1.12874 -1.10629
35 1.72615 0 0 0.00391306 0.0152072 1.37543
36 1.21112 0 0 -0.00344497 0.028436 0.948687
37 3.5992 1.06012 0.070888 -1.72661 0.341629 -0.401559
38 1.66069 0 0 -0.00540907 0.0759289 0.151245
39 1.16699 0 0 0.0205414 0.0324705 0.181138
40 2.18853 -0.50104 0.0576591 -1.5814 0.104282 -0.178572
41 1.29609 0 0 0.456161 0.220806 1.34519
42 1.62201 -0.000713348 -0.000470638 0.000354474 0.000501008 1.28898
43 1.22241 0 0 0.0331103 0.0124895 1.03954
44 1.76707 -1.27612 0.0366411 -1.58579 0.25066 -0.218726
45 1.55588 0 0 0.429773 0.010848 1.43418
46 1.24273 0 0 0.000478937 0.000360957 0.896377
47 0.784532 0 0 -0.0107935 -0.0124092 0.897776
48 0 0 0 0 0 0
49 -3.16527 -17.2166 -5.4398 0 0 0
50 -0.169706 1.99333 0.168103 0 0 0
51 -0.182925 7.39622 -5.36335 -0.813571 -0.0538954 0.067169
52 0 -6.39109 2.66389 -0.436332 1.39626 -1.5708
53 0 -3.88574 -0.867035 0 0 -1.5708
54 0 -2.3834 1.62041 0 1.39626 -1.5708
55 0 -9.60567 0.513889 0 0.785398 -1.5708
56 -2.76667 -0.616137 1.06069 1.5708 0 0
57 -2.76737 0.616133 1.06069 1.5708 0 0
58 -0.0571012 -7.16294 -18.0271 0.103132 -0.0658323 0.0795123
59 1.62398 -6.3447 -17.1313 -0.633656 0.643641 0.880671
60 -3.75691 -11.3864 -1.74332 -0.0268638 -0.0539327 0.0671445
61 -3.61823 -12.5595 -2.88344 -0.0281732 -0.0538953 0.067169
time 31
0 7.81943 7.90796 -11.3507 0.000934124 0 -1.48352
1 6.02794 0 0 -1.36642 0.108542 -0.441308
2 11.7344 0 0 -0.00140293 0 -0.799987
3 8.81138 -0.000450134 -0.000112534 -0.937501 0 0.000157994
4 5.77839 0.000285149 0 -0.628126 0 0.000102438
5 2.23163 -0.000329971 -0.000364304 -0.309375 0 0
6 11.4725 0 0 -0.991809 0.0626797 0.519007
7 0.615219 -0.993091 -0.8107 2.69272 0.280915 -0.347218
8 2.24752 0 0 0.0834301 0.0613192 0.0918958
9 1.11936 0 0 0.120196 0.191061 -0.119663
10 3.71348 -0.102641 0.102191 1.5909 0.340483 0.333177
11 1.72615 0 0 0.00647561 -0.0095596 -1.57212
12 1.21114 0 0 0.00812868 0.0120217 0.0610515
13 3.59919 -1.06012 0.0708866 1.53825 -0.136328 0.393933
14 1.66069 0 0 -0.0544423 0.050905 -1.02795
15 1.167 0 0 0.00178063 0.00315435 -0.718065
16 2.18853 0.501039 0.0576591 1.55908 0.147791 0.129408
17 1.29609 0 0 -0.129368 0.0852765 -0.723718
18 1.62202 0.000713348 -0.000470638 0.0274783 -0.025888 -1.22419
19 1.22241 0 0 0.00449128 -0.00234238 -0.0435546
20 1.76707 1.27612 0.0366402 1.50173 0.452956 0.0757518
21 1.55588 0 0 -0.176562 -0.0439867 -0.907545
22 1.24273 0 0 -0.000479075 0.000361096 -0.613013
23 0.784523 0 0 0.0116177 0.00650022 0.247398
24 -5.19429 13.3099 -2.074 -0.000932693 0 -2.00714
25 6.02794 0 0 0.0302525 0.810679 -0.241767
26 11.7344 0 0 0.00140271 0 1.53951
27 8.81167 0 0 0.914601 0 0
28 5.77884 0 0 0.612782 0 0
29 2.23249 0 0 0.301818 0 0
30 11.4725 0 0 0.96427 -0.948342 -0.582232
31 0.615813 0.994371 -0.809165 -2.39413 0.0188203 0.498935
32 2.24752 0 0 -0.288678 -0.0194682 -0.087504
33 1.11936 0 0 -0.192747 0.0626725 -0.146844
34 3.71349 0.102639 0.102191 -1.96058 1.12874 -1.10629
35 1.72615 0 0 0.00391308 0.0152071 1.37543
36 1.21112 0 0 -0.00344497 0.028436 0.948687
37 3.5992 1.06012 0.0708885 -1.72661 0.34163 -0.401559
38 1.66069 0 0 -0.00540906 0.0759289 0.151245
39 1.16699 0 0 0.0205414 0.0324705 0.181138
40 2.18853 -0.501041 0.0576596 -1.5814 0.104282 -0.178572
41 1.29609 0 0 0.456161 0.220806 1.34519
42 1.62201 -0.000712395 -0.000470638 0.000354441 0.000500977 1.28898
43 1.22241 0 0 0.0331103 0.0124894 1.03954
44 1.76707 -1.27612 0.0366411 -1.58579 0.25066 -0.218726
45 1.55588 0 0 0.429773 0.0108479 1.43418
46 1.24273 0 0 0.000478869 0.000360996 0.896377
47 0.784532 0 0 -0.0107935 -0.0124092 0.897777
48 0 0 0 0 0 0
49 -3.16527 -17.2166 -5.4398 0 0 0
50 -0.169706 1.99333 0.168103 0 0 0
51 -0.251868 7.4443 -5.36008 -0.82986 -0.0518459 0.0737789
52 0 -6.39109 2.6639 -0.436332 1.39626 -1.5708
53 0 -3.88574 -0.867035 0 0 -1.5708
54 0 -2.3834 1.62041 0 1.39626 -1.5708
55 0 -9.60567 0.51389 0 0.785398 -1.5708
56 -2.76667 -0.616136 1.06069 1.5708 0 0
57 -2.76737 0.616132 1.06069 1.5708 0 0
58 0.0241945 -7.18315 -17.9676 0.130344 -0.0641461 0.0869005
59 1.75812 -6.26128 -17.0311 -0.617398 0.68272 0.931745
60 -3.88031 -10.0644 -1.73723 -0.0444615 -0.0518458 0.0737791
61 -3.73468 -11.2481 -2.85429 -0.0444615 -0.0518458 0.0737789
time 32
0 7.81943 7.9072 -11.3537 0.000934124 0 -1.48352
1 6.02794 0 0 -1.37115 0.178021 -0.422439
2 11.7344 0 0 -0.00140295 0 -0.937245
3 8.81138 -0.000450134 -0.000112534 -0.768624 0 0.00015773
4 5.77839 0.000287056 0 -0.514978 0 0.000102668
5 2.23163 -0.000329971 -0.000363827 -0.253646 0 0
6 11.4725 0 0 -0.845776 0.0440565 0.583843
7 0.615219 -0.993092 -0.8107 2.67706 0.276838 -0.36206
8 2.24752 0 0 0.0834415 0.0621145 0.0916663
9 1.11936 0 0 0.11904 0.184087 -0.113067
10 3.71348 -0.102642 0.102191 1.59074 0.323427 0.326889
11 1.72615 0 0 0.00609464 -0.0104021 -1.50376
12 1.21114 0 0 0.00813764 0.0120347 0.0607416
13 3.59919 -1.06012 0.0708876 1.53884 -0.135633 0.373569
14 1.66068 0 0 -0.0512161 0.0520141 -0.981696
15 1.167 0 0 0.00102475 0.00504053 -0.684251
16 2.18852 0.501039 0.0576582 1.55937 0.138875 0.133712
17 1.29609 0 0 -0.125829 0.0794087 -0.693246
18 1.62202 0.000715256 -0.000470877 0.0254926 -0.0263518 -1.16932
19 1.22241 0 0 0.00475522 -0.00318905 -0.0413463
20 1.76707 1.27612 0.0366411 1.50392 0.431449 0.0840325
21 1.55588 0 0 -0.169142 -0.0406439 -0.868061
22 1.24274 0 0 -0.000479022 0.000360984 -0.587214
23 0.784524 0 0 0.0117429 0.00648734 0.24638
24 -5.19429 13.3099 -2.074 -0.000932693 0 -2.00714
25 6.02794 0 0 0.0148578 0.810521 -0.260027
26 11.7344 0 0 0.00140273 0 1.55336
27 8.81167 0 0 0.909633 0 0
28 5.77884 0 0 0.609454 0 0
29 2.23249 0 0 0.300179 0 0
30 11.4725 0 0 0.95124 -0.954557 -0.567981
31 0.615812 0.994371 -0.809165 -2.39413 0.0188202 0.498934
32 2.24752 0 0 -0.288678 -0.0194681 -0.0875039
33 1.11936 0 0 -0.192747 0.0626726 -0.146844
34 3.71349 0.102638 0.102191 -1.96058 1.12874 -1.10629
35 1.72615 0 0 0.00391305 0.0152071 1.37543
36 1.21112 0 0 -0.00344493 0.028436 0.948687
37 3.5992 1.06012 0.070888 -1.72661 0.34163 -0.401559
38 1.66069 0 0 -0.00540904 0.0759289 0.151245
39 1.16699 0 0 0.0205414 0.0324705 0.181138
40 2.18853 -0.50104 0.0576591 -1.5814 0.104282 -0.178572
41 1.29609 0 0 0.456161 0.220806 1.34519
42 1.62202 -0.000712395 -0.000469685 0.000354466 0.000501023 1.28898
43 1.22241 0 0 0.0331103 0.0124894 1.03954
44 1.76707 -1.27612 0.0366416 -1.58579 0.25066 -0.218726
45 1.55588 0 0 0.429773 0.0108479 1.43418
46 1.24273 0 0 0.000478954 0.000360973 0.896377
47 0.784533 0 0 -0.0107935 -0.0124092 0.897777
48 0 0 0 0 0 0
49 -3.16527 -17.2166 -5.4398 0 0 0
50 -0.169706 1.99333 0.168103 0 0 0
51 -0.341185 7.5604 -5.35122 -0.83904 -0.0465351 0.078404
52 0 -6.39109 2.66389 -0.436332 1.39626 -1.5708
53 0 -3.88574 -0.867035 0 0 -1.5708
54 0 -2.3834 1.62041 0 1.39626 -1.5708
55 0 -9.60567 0.513889 0 0.785398 -1.5708
56 -2.76667 -0.616137 1.06069 1.5708 0 0
57 -2.76737 0.616133 1.06069 1.5708 0 0
58 0.060324 -7.08801 -17.9097 0.164308 -0.0592711 0.092219
59 1.84833 -6.07081 -16.939 -0.588668 0.717492 0.989089
60 -3.96514 -8.94944 -1.79935 -0.0472012 -0.0517441 0.0738453
61 -3.86019 -9.92269 -2.87317 -0.053642 -0.046535 0.0784041
time 33
0 7.81943 7.90499 -11.3625 0.000934124 0 -1.48352
1 6.02794 0 0 -1.37398 0.25174 -0.40178
2 11.7344 0 0 -0.00140294 0 -1.07461
3 8.81138 -0.000448227 -0.00011158 -0.599604 0 0.000157201
4 5.77839 0.000286102 0 -0.401735 0 0.000102955
5 2.23164 -0.000328064 -0.00036335 -0.197869 0 0
6 11.4725 0 0 -0.699782 0.0234017 0.652223
7 0.615219 -0.993091 -0.810701 2.65895 0.272123 -0.379222
8 2.24752 0 0 0.0834548 0.0630339 0.0913245
9 1.11936 0 0 0.117704 0.176023 -0.10544
10 3.71348 -0.102641 0.10219 1.59051 0.303705 0.319405
11 1.72615 0 0 0.00565399 -0.0113762 -1.42472
12 1.21113 0 0 0.00815109 0.0120539 0.0602791
13 3.59919 -1.06012 0.0708876 1.53954 -0.134595 0.350022
14 1.66069 0 0 -0.0474857 0.0532968 -0.928211
15 1.167 0 0 0.000150739 0.00722171 -0.645152
16 2.18852 0.501039 0.0576582 1.5597 0.128566 0.138689
17 1.29609 0 0 -0.121654 0.0726237 -0.658011
18 1.62202 0.000713348 -0.000471115 0.0231966 -0.0268878 -1.10588
19 1.22241 0 0 0.00506048 -0.00416832 -0.038793
20 1.76707 1.27612 0.0366402 1.5065 0.406579 0.0936079
21 1.55588 0 0 -0.160562 -0.0367787 -0.822404
22 1.24274 0 0 -0.000478986 0.000360964 -0.557383
23 0.784523 0 0 0.0118903 0.00646772 0.244862
24 -5.19429 13.3099 -2.074 -0.000932693 0 -2.00714
25 6.02794 0 0 -0.00279284 0.810051 -0.28086
26 11.7344 0 0 0.00140274 0 1.57071
27 8.81167 0 0 0.89856 0 0
28 5.77884 0 0 0.602035 0 0
29 2.23249 0 0 0.296525 0 0
30 11.4725 0 0 0.939074 -0.958036 -0.560472
31 0.615813 0.994371 -0.809165 -2.39413 0.0188202 0.498935
32 2.24752 0 0 -0.288678 -0.0194683 -0.0875039
33 1.11936 0 0 -0.192747 0.0626726 -0.146844
34 3.71348 0.102638 0.102191 -1.96058 1.12874 -1.10629
35 1.72615 0 0 0.00391309 0.0152072 1.37543
36 1.21112 0 0 -0.00344498 0.028436 0.948687
37 3.5992 1.06012 0.070888 -1.72661 0.34163 -0.401559
38 1.66069 0 0 -0.00540906 0.0759289 0.151245
39 1.16699 0 0 0.0205414 0.0324705 0.181138
40 2.18853 -0.50104 0.0576587 -1.5814 0.104282 -0.178572
41 1.29609 0 0 0.456161 0.220806 1.34519
42 1.62202 -0.000713348 -0.000469685 0.00035451 0.000500957 1.28898
43 1.22241 0 0 0.0331103 0.0124894 1.03954
44 1.76707 -1.27612 0.0366411 -1.58579 0.25066 -0.218727
45 1.55587 0 0 0.429773 0.010848 1.43418
46 1.24273 0 0 0.00047893 0.000360989 0.896377
47 0.784531 0 0 -0.0107935 -0.0124092 0.897777
48 0 0 0 0 0 0
49 -3.16527 -17.2166 -5.4398 0 0 0
50 -0.169706 1.99333 0.168103 0 0 0
51 -0.437444 7.70233 -5.33812 -0.843517 -0.0392194 0.0814492
52 0 -6.39109 2.66389 -0.436332 1.39626 -1.57079
53 0 -3.88574 -0.867035 0 0 -1.5708
54 0 -2.3834 1.62041 0 1.39626 -1.5708
55 0 -9.60567 0.513888 0 0.785398 -1.5708
56 -2.76667 -0.616137 1.06069 1.5708 0 0
57 -2.76737 0.616133 1.06069 1.5708 0 0
58 0.0745759 -6.93748 -17.8528 0.20249 -0.0524424 0.0958945
59 1.91677 -5.83191 -16.8536 -0.550561 0.747888 1.05154
60 -4.0523 -7.84873 -1.86913 -0.0525599 -0.0515676 0.0739607
61 -3.96605 -8.90899 -2.99817 -0.0446228 -0.0464629 0.0784502
time 34
0 7.81943 7.90142 -11.3767 0.000934124 0 -1.48352
1 6.02794 0 0 -1.37459 0.326517 -0.378419
2 11.7344 0 0 -0.00140285 0 -1.20643
3 8.81138 -0.000450134 -0.00011301 -0.442368 0 0.000157614
4 5.77839 0.000286102 0 -0.296387 0 0.000103674
5 2.23163 -0.000328064 -0.000363827 -0.145982 0 0
6 11.4725 0 0 -0.561865 0.00144893 0.721534
7 0.615219 -0.993091 -0.8107 2.63876 0.266869 -0.398347
8 2.24752 0 0 0.0834693 0.0640586 0.0908471
9 1.11936 0 0 0.116216 0.167036 -0.0969401
10 3.71348 -0.102641 0.10219 1.59019 0.281727 0.310797
11 1.72615 0 0 0.00516306 -0.0124617 -1.33664
12 1.21114 0 0 0.00816981 0.0120808 0.0596337
13 3.59919 -1.06012 0.0708866 1.54034 -0.133148 0.323782
14 1.66069 0 0 -0.0433286 0.0547261 -0.868608
15 1.167 0 0 -0.000823234 0.00965233 -0.60158
16 2.18852 0.501039 0.0576591 1.56009 0.117077 0.144235
17 1.29609 0 0 -0.1169 0.0650626 -0.618746
18 1.62202 0.000715256 -0.000471115 0.020638 -0.0274853 -1.03518
19 1.22241 0 0 0.00540063 -0.00525959 -0.0359476
20 1.76707 1.27612 0.0366402 1.50942 0.378864 0.104278
21 1.55588 0 0 -0.151 -0.0324713 -0.771525
22 1.24274 0 0 -0.000479017 0.000361007 -0.52414
23 0.784523 0 0 0.0120579 0.00644059 0.242744
24 -5.19429 13.3099 -2.074 -0.000932693 0 -2.00714
25 6.02794 0 0 -0.0178882 0.809563 -0.299604
26 11.7344 0 0 0.00140279 0 1.58653
27 8.81167 0 0 0.884054 0 0
28 5.77884 0 0 0.592317 0 0
29 2.23249 0 0 0.291738 0 0
30 11.4725 0 0 0.926442 -0.959529 -0.554757
31 0.615813 0.994372 -0.809165 -2.39413 0.0188202 0.498934
32 2.24752 0 0 -0.288678 -0.0194682 -0.0875039
33 1.11936 0 0 -0.192747 0.0626728 -0.146844
34 3.71349 0.10264 0.102191 -1.96058 1.12874 -1.10629
35 1.72615 0 0 0.0039131 0.0152071 1.37543
36 1.21112 0 0 -0.00344499 0.0284359 0.948688
37 3.5992 1.06012 0.070888 -1.72661 0.34163 -0.401559
38 1.66069 0 0 -0.00540906 0.0759289 0.151245
39 1.16699 0 0 0.0205414 0.0324705 0.181138
40 2.18853 -0.501039 0.0576596 -1.5814 0.104282 -0.178572
41 1.29609 0 0 0.456161 0.220806 1.34519
42 1.62202 -0.000712395 -0.000469685 0.000354493 0.000500989 1.28898
43 1.22241 0 0 0.0331103 0.0124893 1.03954
44 1.76707 -1.27612 0.0366411 -1.58579 0.25066 -0.218727
45 1.55588 0 0 0.429773 0.010848 1.43418
46 1.24273 0 0 0.00047885 0.000361008 0.896377
47 0.784532 0 0 -0.0107935 -0.0124092 0.897776
48 0 0 0 0 0 0
49 -3.16527 -17.2166 -5.4398 0 0 0
50 -0.169706 1.99333 0.168103 0 0 0
51 -0.527212 7.82791 -5.32219 -0.845695 -0.0311553 0.0833191
52 0 -6.39109 2.6639 -0.436332 1.39626 -1.57079
53 0 -3.88574 -0.867034 0 0 -1.5708
54 0 -2.3834 1.62041 0 1.39626 -1.5708
55 0 -9.60566 0.513889 0 0.785398 -1.5708
56 -2.76667 -0.616137 1.06069 1.5708 0 0
57 -2.76737 0.616133 1.06069 1.5708 0 0
58 0.0904937 -6.79052 -17.7949 0.242352 -0.0448879 0.0983574
59 1.98541 -5.60168 -16.7723 -0.506524 0.774321 1.1173
60 -4.14177 -6.76225 -1.94659 -0.0641032 -0.0512836 0.074146
61 -4.07192 -7.8953 -3.12317 -0.0434803 -0.046282 0.0785659
time 35
0 7.81943 7.89656 -11.396 0.000934124 0 -1.48352
1 6.02794 0 0 -1.3725 0.399381 -0.350926
2 11.7344 0 0 -0.00140295 0 -1.32767
3 8.81138 -0.000450134 -0.00011301 -0.307252 0 0.000157752
4 5.77839 0.000286102 0 -0.205859 0 0.000104339
5 2.23164 -0.000329971 -0.00036478 -0.101393 0 0
6 11.4725 0 0 -0.440438 -0.0208094 0.789348
7 0.615218 -0.993092 -0.810701 2.61688 0.261174 -0.419078
8 2.24752 0 0 0.0834853 0.0651695 0.0902119
9 1.11936 0 0 0.114602 0.157295 -0.0877269
10 3.71348 -0.102641 0.102191 1.58975 0.257903 0.301138
11 1.72615 0 0 0.0046308 -0.0136383 -1.24116
12 1.21114 0 0 0.00819475 0.0121166 0.0587751
13 3.59919 -1.06012 0.0708876 1.54123 -0.131222 0.295338
14 1.66069 0 0 -0.0388223 0.0562754 -0.803999
15 1.167 0 0 -0.00187905 0.012287 -0.554349
16 2.18853 0.50104 0.0576582 1.56052 0.104624 0.150248
17 1.29609 0 0 -0.11162 0.0568666 -0.576183
18 1.62202 0.000713348 -0.000471115 0.0178645 -0.0281329 -0.958539
19 1.22241 0 0 0.00576931 -0.00644239 -0.0328632
20 1.76707 1.27612 0.0366402 1.51263 0.348823 0.115845
21 1.55588 0 0 -0.140635 -0.0278022 -0.716373
22 1.24274 0 0 -0.00047897 0.000361041 -0.488104
23 0.784523 0 0 0.0122437 0.00640428 0.239926
24 -5.19429 13.3099 -2.074 -0.000932693 0 -2.00714
25 6.02794 0 0 -0.0255704 0.80964 -0.311673
26 11.7344 0 0 0.00140273 0 1.59595
27 8.81167 0 0 0.868692 0 0
28 5.77884 0 0 0.582024 0 0
29 2.23249 0 0 0.286669 0 0
30 11.4725 0 0 0.91176 -0.959625 -0.545776
31 0.615812 0.994372 -0.809165 -2.39413 0.0188203 0.498934
32 2.24752 0 0 -0.288678 -0.0194682 -0.0875039
33 1.11936 0 0 -0.192747 0.0626726 -0.146844
34 3.71349 0.102639 0.102191 -1.96058 1.12874 -1.10629
35 1.72615 0 0 0.00391307 0.0152071 1.37543
36 1.21112 0 0 -0.00344499 0.0284359 0.948688
37 3.5992 1.06012 0.0708885 -1.72661 0.34163 -0.401559
38 1.66069 0 0 -0.00540907 0.0759289 0.151245
39 1.16699 0 0 0.0205414 0.0324705 0.181138
40 2.18853 -0.50104 0.0576591 -1.5814 0.104282 -0.178572
41 1.29609 0 0 0.456161 0.220806 1.34519
42 1.62201 -0.000711441 -0.000469208 0.000354448 0.000500948 1.28898
43 1.22241 0 0 0.0331103 0.0124894 1.03954
44 1.76707 -1.27612 0.0366411 -1.58579 0.25066 -0.218727
45 1.55587 0 0 0.429773 0.0108479 1.43418
46 1.24273 0 0 0.000478909 0.000360994 0.896377
47 0.784532 0 0 -0.0107935 -0.0124092 0.897776
48 0 0 0 0 0 0
49 -3.16527 -17.2166 -5.4398 0 0 0
50 -0.169706 1.99333 0.168103 0 0 0
51 -0.597057 7.89495 -5.30478 -0.847977 -0.0235992 0.0844185
52 0 -6.39109 2.66389 -0.436332 1.39626 -1.5708
53 0 -3.88574 -0.867035 0 0 -1.5708
54 0 -2.3834 1.62041 0 1.39626 -1.5708
55 0 -9.60567 0.513889 0 0.785398 -1.5708
56 -2.76667 -0.616137 1.06069 1.5708 0 0
57 -2.76737 0.616133 1.06069 1.5708 0 0
58 0.13159 -6.70522 -17.733 0.281354 -0.0378291 0.100043
59 2.07579 -5.43588 -16.692 -0.460169 0.797801 1.18413
60 -4.23357 -5.69002 -2.03171 -0.0914678 -0.0510958 0.0742686
61 -4.17778 -6.8816 -3.24817 -0.0540656 -0.0460835 0.0786929
time 36
0 7.81943 7.89051 -11.4201 0.000934124 0 -1.48352
1 6.02794 0 0 -1.36696 0.47083 -0.31784
2 11.7344 0 0 -0.00140278 0 -1.43776
3 8.81138 -0.000450134 -0.00011158 -0.180202 0 0.000158071
4 5.77839 0.000287056 0 -0.120736 0 0.000105204
5 2.23163 -0.000329018 -0.00036335 -0.0594669 0 0
6 11.4725 0 0 -0.324074 -0.0485751 0.861558
7 0.615219 -0.993092 -0.8107 2.59369 0.255135 -0.441058
8 2.24752 0 0 0.0835021 0.0663472 0.0893964
9 1.11936 0 0 0.112891 0.146967 -0.0779583
10 3.71348 -0.102641 0.10219 1.5892 0.232643 0.290502
11 1.72615 0 0 0.00406647 -0.0148858 -1.13992
12 1.21114 0 0 0.00822676 0.0121626 0.0576724
13 3.59919 -1.06012 0.0708876 1.5422 -0.128748 0.26518
14 1.66069 0 0 -0.0340446 0.0579181 -0.735498
15 1.167 0 0 -0.00299846 0.0150804 -0.504271
16 2.18852 0.50104 0.0576587 1.56099 0.0914199 0.156622
17 1.29609 0 0 -0.105871 0.0481766 -0.531055
18 1.62202 0.000713348 -0.000470638 0.0149239 -0.0288197 -0.877282
19 1.22241 0 0 0.00616017 -0.00769652 -0.029593
20 1.76707 1.27612 0.0366406 1.51611 0.31697 0.128109
21 1.55588 0 0 -0.129646 -0.0228518 -0.657898
22 1.24273 0 0 -0.000479045 0.000360958 -0.449897
23 0.784523 0 0 0.0124458 0.00635792 0.236307
24 -5.19429 13.3099 -2.074 -0.000932693 0 -2.00714
25 6.02794 0 0 -0.0237464 0.810685 -0.315279
26 11.7344 0 0 0.00140255 0 1.59732
27 8.81167 0 0 0.851264 0 0
28 5.77884 0 0 0.570347 0 0
29 2.23249 0 0 0.280917 0 0
30 11.4725 0 0 0.894241 -0.957641 -0.533236
31 0.615813 0.994371 -0.809165 -2.39413 0.0188201 0.498934
32 2.24752 0 0 -0.288678 -0.0194683 -0.0875039
33 1.11936 0 0 -0.192747 0.0626725 -0.146844
34 3.71349 0.102638 0.10219 -1.96058 1.12874 -1.10629
35 1.72615 0 0 0.00391311 0.0152071 1.37543
36 1.21112 0 0 -0.00344496 0.028436 0.948688
37 3.5992 1.06012 0.0708885 -1.72661 0.34163 -0.401559
38 1.66069 0 0 -0.00540905 0.0759289 0.151245
39 1.16699 0 0 0.0205414 0.0324705 0.181138
40 2.18853 -0.50104 0.0576591 -1.5814 0.104282 -0.178572
41 1.29609 0 0 0.456161 0.220806 1.34519
42 1.62202 -0.000713348 -0.000469685 0.000354502 0.000500977 1.28898
43 1.22241 0 0 0.0331103 0.0124894 1.03954
44 1.76707 -1.27612 0.0366406 -1.58579 0.25066 -0.218727
45 1.55588 0 0 0.429773 0.010848 1.43418
46 1.24273 0 0 0.000478946 0.000360975 0.896377
47 0.784533 0 0 -0.0107935 -0.0124092 0.897776
48 0 0 0 0 0 0
49 -3.16527 -17.2166 -5.4398 0 0 0
50 -0.169706 1.99333 0.168103 0 0 0
51 -0.643301 7.88879 -5.28573 -0.849916 -0.0162355 0.0842138
52 0 -6.39109 2.66389 -0.436332 1.39626 -1.57079
53 0 -3.88574 -0.867035 0 0 -1.5708
54 0 -2.3834 1.62041 0 1.39626 -1.5708
55 0 -9.60567 0.513889 0 0.785398 -1.5708
56 -2.76667 -0.616137 1.06069 1.5708 0 0
57 -2.76737 0.616132 1.06069 1.5708 0 0
58 0.199112 -6.69573 -17.6679 0.319832 -0.0309564 0.100408
59 2.18994 -5.35052 -16.6141 -0.411248 0.817974 1.25154
60 -4.32768 -4.63203 -2.1245 -0.137086 -0.0511066 0.0742616
61 -4.28364 -5.86791 -3.37318 -0.0763786 -0.0458674 0.0788313
time 37
0 7.81943 7.88334 -11.4485 0.000934124 0 -1.48352
1 6.02794 0 0 -1.35726 0.542445 -0.278817
2 11.7344 0 0 -0.00140288 0 -1.53755
3 8.81138 -0.000449181 -0.00011158 -0.0496718 0 0.000157968
4 5.77839 0.000287056 0 -0.0332801 0 0.000105608
5 2.23164 -0.000328064 -0.00036335 -0.0163918 0 0
6 11.4725 0 0 -0.1999 -0.0859409 0.943181
7 0.615219 -0.993091 -0.8107 2.56955 0.248851 -0.463931
8 2.24752 0 0 0.0835195 0.0675727 0.0883776
9 1.11936 0 0 0.11111 0.13622 -0.0677932
10 3.71348 -0.102641 0.102191 1.58851 0.206358 0.278961
11 1.72615 0 0 0.00347926 -0.016184 -1.03458
12 1.21114 0 0 0.00826675 0.01222 0.0562954
13 3.59919 -1.06012 0.070888 1.54324 -0.12566 0.233798
14 1.66069 0 0 -0.0290728 0.0596275 -0.664215
15 1.167 0 0 -0.0041633 0.0179873 -0.452161
16 2.18852 0.50104 0.0576591 1.5615 0.0776798 0.163255
17 1.29609 0 0 -0.0997063 0.039134 -0.484096
18 1.62202 0.000713348 -0.000470638 0.0118639 -0.0295343 -0.792727
19 1.22241 0 0 0.00656696 -0.00900154 -0.02619
20 1.76707 1.27612 0.0366411 1.51981 0.283825 0.14087
21 1.55588 0 0 -0.118211 -0.0177004 -0.597049
22 1.24273 0 0 -0.000478997 0.000361007 -0.41014
23 0.784523 0 0 0.0126619 0.0062999 0.231787
24 -5.19429 13.3099 -2.074 -0.000932693 0 -2.00714
25 6.02794 0 0 -0.015287 0.812487 -0.313418
26 11.7344 0 0 0.00140261 0 1.59426
27 8.81167 0 0 0.829004 0 0
28 5.77884 0 0 0.555433 0 0
29 2.23249 0 0 0.273571 0 0
30 11.4725 0 0 0.874824 -0.952941 -0.521227
31 0.615812 0.994372 -0.809165 -2.39413 0.0188202 0.498934
32 2.24752 0 0 -0.288678 -0.0194682 -0.0875039
33 1.11936 0 0 -0.192747 0.0626726 -0.146844
34 3.71348 0.102639 0.102191 -1.96058 1.12874 -1.10629
35 1.72615 0 0 0.00391312 0.0152071 1.37543
36 1.21112 0 0 -0.00344495 0.028436 0.948688
37 3.5992 1.06012 0.070888 -1.72661 0.34163 -0.401559
38 1.66069 0 0 -0.00540907 0.0759289 0.151245
39 1.16699 0 0 0.0205414 0.0324705 0.181138
40 2.18853 -0.501039 0.0576591 -1.5814 0.104282 -0.178572
41 1.29609 0 0 0.456161 0.220806 1.34519
42 1.62201 -0.000713348 -0.000470161 0.000354396 0.000501047 1.28898
43 1.22241 0 0 0.0331103 0.0124893 1.03954
44 1.76707 -1.27612 0.0366411 -1.58579 0.25066 -0.218726
45 1.55588 0 0 0.429773 0.0108479 1.43418
46 1.24273 0 0 0.000478925 0.000361032 0.896377
47 0.784532 0 0 -0.0107935 -0.0124092 0.897777
48 0 0 0 0 0 0
49 -3.16527 -17.2166 -5.4398 0 0 0
50 -0.169706 1.99333 0.168103 0 0 0
51 -0.673326 7.83129 -5.26404 -0.849716 -0.00809167 0.0822064
52 0 -6.39109 2.6639 -0.436332 1.39626 -1.5708
53 0 -3.88574 -0.867035 0 0 -1.5708
54 0 -2.3834 1.62041 0 1.39626 -1.5708
55 0 -9.60567 0.513889 0 0.785398 -1.5708
56 -2.76667 -0.616137 1.06069 1.5708 0 0
57 -2.76737 0.616132 1.06069 1.5708 0 0
58 0.277909 -6.73077 -17.6023 0.35948 -0.0233264 0.0989256
59 2.31444 -5.31763 -16.5409 -0.358105 0.83336 1.32013
60 -4.42412 -3.58827 -2.22495 -0.193716 -0.0511325 0.0742446
61 -4.38951 -4.85421 -3.49818 -0.104643 -0.0454968 0.0790681
time 38
0 7.81943 7.87515 -11.4811 0.000934124 0 -1.48352
1 6.02794 0 0 -1.34253 0.61491 -0.23328
2 11.7344 0 0 -0.00140278 0 -1.62873
3 8.81138 -0.000449181 -0.00011158 0.0732663 0 0.000158178
4 5.77839 0.000286102 0 0.0490884 0 0.00010633
5 2.23163 -0.000329971 -0.00036335 0.0241778 0 0
6 11.4725 0 0 -0.0744464 -0.129597 1.03313
7 0.615219 -0.993091 -0.810701 2.54484 0.24242 -0.487339
8 2.24752 0 0 0.0835375 0.068827 0.0871335
9 1.11936 0 0 0.109288 0.12522 -0.0573902
10 3.71348 -0.10264 0.10219 1.58766 0.179458 0.266588
11 1.72615 0 0 0.00287826 -0.0175126 -0.926767
12 1.21114 0 0 0.00831558 0.0122901 0.0546134
13 3.59919 -1.06012 0.0708876 1.54435 -0.121887 0.201681
14 1.66069 0 0 -0.0239846 0.0613768 -0.591264
15 1.167 0 0 -0.0053554 0.0209622 -0.398832
16 2.18853 0.50104 0.0576587 1.56204 0.0636183 0.170043
17 1.29609 0 0 -0.0931825 0.0298796 -0.436037
18 1.62202 0.000713348 -0.000470638 0.00873222 -0.0302656 -0.706192
19 1.22241 0 0 0.00698324 -0.0103371 -0.0227074
20 1.76707 1.27612 0.0366406 1.52369 0.249904 0.15393
21 1.55588 0 0 -0.106508 -0.0124284 -0.534776
22 1.24273 0 0 -0.000478992 0.000360995 -0.369451
23 0.784523 0 0 0.0128901 0.00622903 0.226266
24 -5.19429 13.3099 -2.074 -0.000932693 0 -2.00714
25 6.02794 0 0 -0.00133282 0.814758 -0.306666
26 11.7344 0 0 0.00140264 0 1.58703
27 8.81167 0 0 0.803784 0 0
28 5.77884 0 0 0.538535 0 0
29 2.23249 0 0 0.265249 0 0
30 11.4725 0 0 0.854432 -0.946148 -0.509742
31 0.615813 0.994373 -0.809165 -2.39413 0.0188203 0.498934
32 2.24752 0 0 -0.288678 -0.0194681 -0.0875039
33 1.11936 0 0 -0.192747 0.0626728 -0.146844
34 3.71349 0.10264 0.102191 -1.96058 1.12874 -1.10629
35 1.72615 0 0 0.00391316 0.0152071 1.37543
36 1.21112 0 0 -0.00344497 0.0284359 0.948687
37 3.5992 1.06012 0.0708885 -1.72661 0.34163 -0.401559
38 1.66069 0 0 -0.00540908 0.075929 0.151245
39 1.16699 0 0 0.0205414 0.0324705 0.181138
40 2.18853 -0.501039 0.0576587 -1.5814 0.104282 -0.178572
41 1.29609 0 0 0.456161 0.220806 1.34519
42 1.62202 -0.000713348 -0.000470638 0.000354478 0.000500995 1.28898
43 1.22241 0 0 0.0331103 0.0124894 1.03954
44 1.76707 -1.27612 0.0366416 -1.58579 0.25066 -0.218727
45 1.55587 0 0 0.429773 0.010848 1.43418
46 1.24273 0 0 0.000478943 0.000361017 0.896377
47 0.784532 0 0 -0.0107935 -0.0124091 0.897776
48 0 0 0 0 0 0
49 -3.16527 -17.2166 -5.4398 0 0 0
50 -0.169706 1.99333 0.168103 0 0 0
51 -0.690282 7.735 -5.23986 -0.847761 0.000562105 0.0788537
52 0 -6.39109 2.66389 -0.436332 1.39626 -1.57079
53 0 -3.88574 -0.867035 0 0 -1.5708
54 0 -2.3834 1.62041 0 1.39626 -1.5708
55 0 -9.60567 0.513889 0 0.785398 -1.5708
56 -2.76667 -0.616137 1.06069 1.5708 0 0
57 -2.76737 0.616132 1.06069 1.5708 0 0
58 0.366754 -6.79944 -17.5353 0.399792 -0.0152048 0.0960538
59 2.44703 -5.32558 -16.4715 -0.302344 0.843914 1.38898
60 -4.52287 -2.55876 -2.33308 -0.254117 -0.0509899 0.0743378
61 -4.49537 -3.84052 -3.62318 -0.133081 -0.0448349 0.0794915
time 39
0 7.81943 7.86602 -11.5174 0.000934124 0 -1.48352
1 6.02794 0 0 -1.32187 0.688308 -0.180778
2 11.7344 0 0 -0.00140289 0 -1.71208
3 8.81138 -0.000448227 -0.000112534 0.178648 0 0.000157192
4 5.77839 0.000286102 0 0.119694 0 0.000106147
5 2.23163 -0.000329971 -0.000364304 0.0589538 0 0
6 11.4725 0 0 0.0463122 -0.175624 1.13017
7 0.615218 -0.993092 -0.8107 2.51995 0.235941 -0.510926
8 2.24752 0 0 0.0835554 0.0700909 0.0856413
9 1.11936 0 0 0.107452 0.114138 -0.0469079
10 3.71348 -0.102642 0.102192 1.58665 0.152353 0.253457
11 1.72615 0 0 0.00227272 -0.0188513 -0.818136
12 1.21114 0 0 0.00837409 0.0123742 0.0525963
13 3.59919 -1.06012 0.0708883 1.54552 -0.117362 0.169319
14 1.66068 0 0 -0.0188578 0.0631395 -0.517757
15 1.167 0 0 -0.00655663 0.0239598 -0.345095
16 2.18852 0.50104 0.0576594 1.56262 0.0494495 0.176884
17 1.29609 0 0 -0.0863543 0.0205547 -0.387612
18 1.62202 0.000713348 -0.000471115 0.00557673 -0.0310024 -0.618997
19 1.22241 0 0 0.00740274 -0.0116829 -0.0191982
20 1.76707 1.27612 0.0366409 1.52772 0.215724 0.16709
21 1.55588 0 0 -0.0947158 -0.00711629 -0.472028
22 1.24273 0 0 -0.000479034 0.000361014 -0.328453
23 0.784523 0 0 0.0131283 0.00614401 0.219645
24 -5.19429 13.3099 -2.074 -0.000932693 0 -2.00714
25 6.02794 0 0 0.0163144 0.817172 -0.296513
26 11.7344 0 0 0.00140277 0 1.57716
27 8.81167 0 0 0.77681 0 0
28 5.77884 0 0 0.520463 0 0
29 2.23249 0 0 0.256347 0 0
30 11.4725 0 0 0.83392 -0.937896 -0.49933
31 0.615812 0.994372 -0.809165 -2.39413 0.0188202 0.498934
32 2.24752 0 0 -0.288678 -0.0194683 -0.087504
33 1.11936 0 0 -0.192747 0.0626726 -0.146844
34 3.71349 0.102639 0.102191 -1.96058 1.12874 -1.10629
35 1.72615 0 0 0.00391309 0.0152071 1.37543
36 1.21112 0 0 -0.00344494 0.028436 0.948688
37 3.5992 1.06012 0.070888 -1.72661 0.34163 -0.401559
38 1.66069 0 0 -0.00540908 0.0759289 0.151245
39 1.16699 0 0 0.0205414 0.0324705 0.181138
40 2.18853 -0.50104 0.0576591 -1.5814 0.104282 -0.178572
41 1.29609 0 0 0.456161 0.220806 1.34519
42 1.62201 -0.000713348 -0.000469208 0.000354466 0.000500972 1.28898
43 1.2224 0 0 0.0331103 0.0124895 1.03954
44 1.76707 -1.27612 0.0366406 -1.58579 0.25066 -0.218726
45 1.55588 0 0 0.429773 0.0108479 1.43418
46 1.24273 0 0 0.00047896 0.000360939 0.896377
47 0.784532 0 0 -0.0107935 -0.0124092 0.897777
48 0 0 0 0 0 0
49 -3.16527 -17.2166 -5.4398 0 0 0
50 -0.169706 1.99333 0.168103 0 0 0
51 -0.697319 7.61248 -5.21334 -0.844437 0.00945538 0.0746131
52 0 -6.39109 2.66389 -0.436332 1.39626 -1.57079
53 0 -3.88574 -0.867036 0 0 -1.5708
54 0 -2.3834 1.62041 0 1.39626 -1.5708
55 0 -9.60567 0.513889 0 0.785398 -1.5708
56 -2.76667 -0.616136 1.06069 1.5708 0 0
57 -2.76737 0.616132 1.06069 1.5708 0 0
58 0.464359 -6.89053 -17.466 0.440264 -0.00685618 0.0922525
59 2.58519 -5.36224 -16.4049 -0.245675 0.849811 1.45704
60 -4.62395 -1.54348 -2.44887 -0.311048 -0.050495 0.0746607
61 -4.60124 -2.82682 -3.74818 -0.155918 -0.0437449 0.0801884
time 40
0 7.81943 7.85603 -11.5571 0.000934124 0 -1.48352
1 6.02794 0 0 -1.29412 0.762828 -0.120681
2 11.7344 0 0 -0.00140299 0 -1.789
3 8.81138 -0.000450134 -0.000112057 0.258695 0 0.00015741
4 5.77839 0.000287056 0 0.173326 0 0.000106716
5 2.23163 -0.000328064 -0.000363827 0.0853693 0 0
6 11.4725 0 0 0.157502 -0.21972 1.2333
7 0.615219 -0.993093 -0.8107 2.49525 0.22951 -0.534333
8 2.24752 0 0 0.0835736 0.0713449 0.0838786
9 1.11936 0 0 0.105629 0.103139 -0.0365048
10 3.71348 -0.102641 0.102191 1.58545 0.125453 0.239641
11 1.72615 0 0 0.00167173 -0.0201801 -0.710326
12 1.21114 0 0 0.00844328 0.0124736 0.0502132
13 3.59919 -1.06012 0.070888 1.54673 -0.112016 0.137203
14 1.66069 0 0 -0.0137696 0.0648889 -0.444806
15 1.167 0 0 -0.00774869 0.0269347 -0.291765
16 2.18853 0.501039 0.0576589 1.56323 0.0353878 0.183672
17 1.29609 0 0 -0.0792767 0.0113002 -0.339553
18 1.62202 0.000714302 -0.000472069 0.00244505 -0.0317337 -0.532462
19 1.22241 0 0 0.00781905 -0.0130185 -0.0157156
20 1.76707 1.27612 0.0366409 1.53184 0.181803 0.18015
21 1.55588 0 0 -0.0830128 -0.00184424 -0.409755
22 1.24273 0 0 -0.000479048 0.000360946 -0.287764
23 0.784524 0 0 0.0133745 0.00604361 0.211823
24 -5.19429 13.3099 -2.074 -0.000932693 0 -2.00714
25 6.02794 0 0 0.0360045 0.819457 -0.284285
26 11.7344 0 0 0.00140271 0 1.56585
27 8.81167 0 0 0.749342 0 0
28 5.77884 0 0 0.502059 0 0
29 2.23249 0 0 0.247283 0 0
30 11.4725 0 0 0.814023 -0.928786 -0.490256
31 0.615812 0.994372 -0.809165 -2.39413 0.0188201 0.498934
32 2.24752 0 0 -0.288678 -0.0194683 -0.0875038
33 1.11936 0 0 -0.192747 0.0626726 -0.146844
34 3.71349 0.10264 0.10219 -1.96058 1.12874 -1.10629
35 1.72615 0 0 0.0039131 0.0152071 1.37543
36 1.21112 0 0 -0.00344496 0.028436 0.948688
37 3.5992 1.06012 0.070888 -1.72661 0.341629 -0.401559
38 1.66069 0 0 -0.00540906 0.0759289 0.151245
39 1.16699 0 0 0.0205414 0.0324705 0.181138
40 2.18853 -0.50104 0.0576587 -1.5814 0.104282 -0.178572
41 1.29609 0 0 0.456161 0.220806 1.34519
42 1.62202 -0.000714302 -0.000469685 0.000354445 0.000501001 1.28898
43 1.22241 0 0 0.0331103 0.0124894 1.03954
44 1.76707 -1.27612 0.0366406 -1.58579 0.25066 -0.218726
45 1.55588 0 0 0.429773 0.010848 1.43418
46 1.24273 0 0 0.000478885 0.000360983 0.896377
47 0.784532 0 0 -0.0107935 -0.0124092 0.897777
48 0 0 0 0 0 0
49 -3.16527 -17.2166 -5.4398 0 0 0
50 -0.169706 1.99333 0.168103 0 0 0
51 -0.697588 7.47628 -5.18464 -0.840127 0.0183178 0.0699422
52 0 -6.39109 2.66389 -0.436332 1.39626 -1.5708
53 0 -3.88574 -0.867035 0 0 -1.5708
54 0 -2.3834 1.62041 0 1.39626 -1.5708
55 0 -9.60567 0.513889 0 0.785398 -1.5708
56 -2.76667 -0.616137 1.06069 1.5708 0 0
57 -2.76737 0.616132 1.06069 1.5708 0 0
58 0.569309 -6.99258 -17.3933 0.480387 0.0014558 0.0879819
59 2.7261 -5.41507 -16.3397 -0.189764 0.851447 1.52325
60 -4.72734 -0.542444 -2.57233 -0.357266 -0.0494643 0.0753333
61 -4.7071 -1.81313 -3.87318 -0.173152 -0.0422267 0.0811591
time 41
0 7.81943 7.84527 -11.5999 0.000934124 0 -1.48352
1 6.02794 0 0 -1.25794 0.837859 -0.0523094
2 11.7344 0 0 -0.00140303 0 -1.85958
3 8.81138 -0.000450134 -0.00011301 0.308231 0 0.000157675
4 5.77839 0.000285149 0 0.206515 0 0.000107241
5 2.23163 -0.000329971 -0.00036478 0.101716 0 0
6 11.4725 0 0 0.255788 -0.257657 1.34024
7 0.615218 -0.993092 -0.8107 2.47111 0.223226 -0.557206
8 2.24752 0 0 0.0835909 0.0725704 0.0818225
9 1.11936 0 0 0.103849 0.0923914 -0.0263398
10 3.71348 -0.102641 0.102191 1.58405 0.0991676 0.225212
11 1.72615 0 0 0.00108461 -0.0214781 -0.604982
12 1.21114 0 0 0.00852392 0.0125895 0.0474338
13 3.59919 -1.06012 0.0708876 1.54798 -0.105782 0.10582
14 1.66069 0 0 -0.0087978 0.0665984 -0.373523
15 1.167 0 0 -0.00891358 0.0298416 -0.239655
16 2.18852 0.50104 0.0576587 1.56386 0.021648 0.190305
17 1.29609 0 0 -0.0720051 0.00225761 -0.292593
18 1.62202 0.000714302 -0.000469685 -0.000614925 -0.0324483 -0.447906
19 1.22241 0 0 0.00822587 -0.0143235 -0.0123126
20 1.76707 1.27612 0.0366411 1.53603 0.148658 0.192911
21 1.55588 0 0 -0.0715776 0.00330719 -0.348906
22 1.24274 0 0 -0.00047898 0.00036094 -0.248007
23 0.784522 0 0 0.0136268 0.00592661 0.2027
24 -5.19429 13.3099 -2.074 -0.000932693 0 -2.00714
25 6.02794 0 0 0.056088 0.821434 -0.271379
26 11.7344 0 0 0.00140279 0 1.55437
27 8.81167 0 0 0.722474 0 0
28 5.77884 0 0 0.484057 0 0
29 2.23249 0 0 0.238416 0 0
30 11.4725 0 0 0.795351 -0.919353 -0.482678
31 0.615812 0.994371 -0.809165 -2.44044 0.0564101 0.516062
32 2.24752 0 0 -0.310194 -0.0212885 -0.0898051
33 1.11936 0 0 -0.193662 0.0626759 -0.15775
34 3.71348 0.102638 0.102191 -1.96058 1.12874 -1.10629
35 1.72615 0 0 0.00391317 0.0152071 1.37543
36 1.21112 0 0 -0.00344501 0.028436 0.948687
37 3.5992 1.06011 0.0708876 -1.72661 0.34163 -0.401559
38 1.66069 0 0 -0.00540906 0.0759289 0.151245
39 1.16699 0 0 0.0205414 0.0324705 0.181138
40 2.18853 -0.50104 0.0576591 -1.5814 0.104282 -0.178572
41 1.29609 0 0 0.456161 0.220806 1.34519
42 1.62201 -0.000712395 -0.000469685 0.000354519 0.000500974 1.28898
43 1.22241 0 0 0.0331103 0.0124894 1.03954
44 1.76707 -1.27612 0.0366406 -1.58579 0.25066 -0.218727
45 1.55588 0 0 0.429773 0.0108479 1.43418
46 1.24273 0 0 0.000478983 0.000360926 0.896377
47 0.784531 0 0 -0.0107935 -0.0124092 0.897776
48 0 0 0 0 0 0
49 -3.16527 -17.2166 -5.4398 0 0 0
50 -0.169706 1.99333 0.168103 0 0 0
51 -0.694238 7.33897 -5.15391 -0.835216 0.0268789 0.0652983
52 0 -6.39109 2.6639 -0.436332 1.39626 -1.5708
53 0 -3.88574 -0.867035 0 0 -1.5708
54 0 -2.3834 1.62041 0 1.39626 -1.5708
55 0 -9.60566 0.51389 0 0.785398 -1.5708
56 -2.76667 -0.616137 1.06069 1.5708 0 0
57 -2.76737 0.616133 1.06069 1.5708 0 0
58 0.680045 -7.09385 -17.3159 0.519657 0.00946846 0.0837033
59 2.86669 -5.47108 -16.2749 -0.136094 0.849417 1.5867
60 -4.83306 0.444355 -2.70346 -0.38553 -0.0477141 0.0764752
61 -4.81296 -0.799432 -3.99819 -0.188635 -0.0403715 0.082345
time 42
0 7.81943 7.83383 -11.6454 0.000934124 0 -1.48352
1 6.02794 0 0 -1.21117 0.913301 0.0258416
2 11.7344 0 0 -0.00140283 0 -1.92545
3 8.81139 -0.000450134 -0.00011158 0.324878 0 0.000157785
4 5.77839 0.000286102 0 0.217668 0 0.00010731
5 2.23164 -0.000329018 -0.000363827 0.10721 0 0
6 11.4725 0 0 0.339614 -0.285924 1.44836
7 0.615219 -0.993091 -0.810701 2.44791 0.217188 -0.579186
8 2.24752 0 0 0.0836078 0.0737482 0.079451
9 1.11936 0 0 0.102138 0.0820633 -0.0165715
10 3.71348 -0.102641 0.102191 1.58244 0.0739081 0.210245
11 1.72615 0 0 0.00052035 -0.0227259 -0.503748
12 1.21114 0 0 0.00861701 0.0127232 0.0442274
13 3.59919 -1.06012 0.0708876 1.54927 -0.09859 0.0756626
14 1.66069 0 0 -0.00402009 0.068241 -0.305021
15 1.167 0 0 -0.010033 0.032635 -0.189578
16 2.18852 0.501039 0.0576591 1.56451 0.00844401 0.19668
17 1.29609 0 0 -0.0645945 -0.00643238 -0.247466
18 1.62202 0.000713348 -0.000470638 -0.00355559 -0.033135 -0.366649
19 1.22241 0 0 0.00861669 -0.0155776 -0.00904229
20 1.76707 1.27612 0.0366411 1.54024 0.116805 0.205175
21 1.55588 0 0 -0.0605884 0.0082576 -0.290431
22 1.24273 0 0 -0.000478993 0.000360896 -0.2098
23 0.784523 0 0 0.0138829 0.00579136 0.192176
24 -5.19429 13.3099 -2.074 -0.000932693 0 -2.00714
25 6.02794 0 0 0.0749358 0.823038 -0.259256
26 11.7344 0 0 0.00140269 0 1.54402
27 8.81167 0 0 0.697121 0 0
28 5.77884 0 0 0.467071 0 0
29 2.23249 0 0 0.23005 0 0
30 11.4725 0 0 0.778385 -0.91005 -0.476653
31 0.615813 0.994372 -0.809165 -2.54953 0.145473 0.554092
32 2.24752 0 0 -0.360327 -0.0243221 -0.0936405
33 1.11936 0 0 -0.195186 0.0626815 -0.175926
34 3.71349 0.10264 0.102191 -1.96058 1.12874 -1.10629
35 1.72615 0 0 0.00391306 0.0152071 1.37543
36 1.21112 0 0 -0.00344495 0.028436 0.948687
37 3.5992 1.06012 0.070888 -1.72661 0.341629 -0.401559
38 1.66069 0 0 -0.00540904 0.0759289 0.151245
39 1.16699 0 0 0.0205414 0.0324705 0.181138
40 2.18853 -0.501039 0.0576591 -1.5814 0.104282 -0.178572
41 1.29609 0 0 0.456161 0.220806 1.34519
42 1.62202 -0.000712395 -0.000470638 0.000354521 0.000500953 1.28898
43 1.22241 0 0 0.0331103 0.0124895 1.03954
44 1.76707 -1.27612 0.0366411 -1.58579 0.25066 -0.218727
45 1.55587 0 0 0.429773 0.010848 1.43418
46 1.24273 0 0 0.000478934 0.000360992 0.896377
47 0.784531 0 0 -0.0107935 -0.0124092 0.897777
48 0 0 0 0 0 0
49 -3.16527 -17.2166 -5.4398 0 0 0
50 -0.169706 1.99333 0.168103 0 0 0
51 -0.690422 7.21309 -5.12129 -0.830088 0.0348683 0.0611389
52 0 -6.39109 2.66389 -0.436333 1.39626 -1.5708
53 0 -3.88574 -0.867035 0 0 -1.5708
54 0 -2.3834 1.62041 0 1.39626 -1.5708
55 0 -9.60567 0.513889 0 0.785398 -1.5708
56 -2.76667 -0.616136 1.06069 1.5708 0 0
57 -2.76737 0.616133 1.06069 1.5708 0 0
58 0.794821 -7.18232 -17.2328 0.557565 0.0169198 0.0798783
59 3.00359 -5.5169 -16.2094 -0.0858667 0.844476 1.64674
60 -4.9411 1.41691 -2.84226 -0.388596 -0.0450606 0.0782059
61 -4.91883 0.214264 -4.12319 -0.202368 -0.0381794 0.0837461
time 43
0 7.81943 7.8218 -11.6932 0.000934124 0 -1.48352
1 6.02794 0 0 -1.15051 0.988791 0.116378
2 11.7344 0 0 -0.00140274 0 -1.98802
3 8.81139 -0.000448227 -0.00011301 0.30953 0 0.000157502
4 5.77839 0.000287056 0 0.207385 0 0.000107021
5 2.23164 -0.000329018 -0.000364304 0.102145 0 0
6 11.4725 0 0 0.409062 -0.302454 1.55373
7 0.615219 -0.993091 -0.8107 2.42603 0.211492 -0.599918
8 2.24752 0 0 0.0836236 0.074859 0.0767408
9 1.11936 0 0 0.100524 0.0723219 -0.0073579
10 3.71348 -0.102641 0.10219 1.5806 0.0500842 0.194811
11 1.72615 0 0 0 -0.0239023 -0.408267
12 1.21114 0 0 0.00872334 0.012876 0.040564
13 3.59919 -1.06012 0.0708871 1.55057 -0.0903722 0.0472187
14 1.66069 0 0 0.000486191 0.0697903 -0.240413
15 1.167 0 0 -0.0110886 0.0352698 -0.142347
16 2.18852 0.501039 0.0576587 1.56518 -0.00400941 0.202692
17 1.29609 0 0 -0.0571 -0.0146284 -0.204903
18 1.62202 0.000714302 -0.000471592 -0.00632909 -0.0337827 -0.29001
19 1.22241 0 0 0.00898533 -0.0167605 -0.00595798
20 1.76707 1.27612 0.0366402 1.54444 0.0867636 0.216742
21 1.55588 0 0 -0.0502236 0.0129268 -0.235279
22 1.24273 0 0 -0.000479048 0.000360992 -0.173764
23 0.784523 0 0 0.0141409 0.00563705 0.180152
24 -5.19429 13.3099 -2.074 -0.000932693 0 -2.00714
25 6.02794 0 0 0.0909438 0.824309 -0.249418
26 11.7344 0 0 0.00140266 0 1.53617
27 8.81167 0 0 0.674052 0 0
28 5.77884 0 0 0.451614 0 0
29 2.23249 0 0 0.222437 0 0
30 11.4725 0 0 0.763521 -0.901262 -0.472179
31 0.615812 0.994372 -0.809165 -2.67665 0.250445 0.59299
32 2.24752 0 0 -0.417448 -0.0249289 -0.0944075
33 1.11936 0 0 -0.195491 0.0626827 -0.179561
34 3.71349 0.102639 0.102191 -1.96058 1.12874 -1.10629
35 1.72615 0 0 0.0039131 0.0152072 1.37543
36 1.21112 0 0 -0.00344494 0.028436 0.948688
37 3.5992 1.06012 0.0708883 -1.72661 0.34163 -0.401559
38 1.66069 0 0 -0.00540907 0.0759289 0.151245
39 1.16699 0 0 0.0205414 0.0324705 0.181138
40 2.18853 -0.50104 0.0576587 -1.5814 0.104282 -0.178572
41 1.29609 0 0 0.456161 0.220806 1.34519
42 1.62201 -0.000713348 -0.000471115 0.000354383 0.000501029 1.28898
43 1.22241 0 0 0.0331103 0.0124894 1.03954
44 1.76707 -1.27612 0.0366411 -1.58579 0.25066 -0.218727
45 1.55588 0 0 0.429773 0.0108479 1.43418
46 1.24273 0 0 0.000478955 0.000361013 0.896377
47 0.784532 0 0 -0.0107935 -0.0124093 0.897777
48 0 0 0 0 0 0
49 -3.16527 -17.2166 -5.4398 0 0 0
50 -0.169706 1.99333 0.168103 0 0 0
51 -0.689288 7.11121 -5.08694 -0.825127 0.0420157 0.0579214
52 0 -6.39109 2.66389 -0.436332 1.39626 -1.5708
53 0 -3.88574 -0.867035 0 0 -1.5708
54 0 -2.3834 1.62041 0 1.39626 -1.5708
55 0 -9.60567 0.513889 0 0.785398 -1.5708
56 -2.76667 -0.616137 1.06069 1.5708 0 0
57 -2.76737 0.616133 1.06069 1.5708 0 0
58 0.911705 -7.24566 -17.1427 0.593604 0.0235484 0.0769694
59 3.1332 -5.53877 -16.1419 -0.0399554 0.837486 1.70302
60 -5.05145 2.37523 -2.98872 -0.370078 -0.0415956 0.0804652
61 -5.02469 1.22796 -4.24819 -0.214349 -0.0356501 0.085362
time 44
0 7.81943 7.80925 -11.7431 0.000934124 0 -1.48352
1 6.02794 0 0 -1.0712 1.06266 0.223669
2 11.7344 0 0 -0.00140291 0 -2.04611
3 8.81138 -0.000450134 -0.000112534 0.266471 0 0.000157736
4 5.77839 0.000284195 0 0.178535 0 0.00010701
5 2.23163 -0.000329971 -0.000363827 0.0879354 0 0
6 11.4725 0 0 0.465614 -0.305818 1.65032
7 0.615219 -0.993091 -0.810701 2.40585 0.206238 -0.619043
8 2.24752 0 0 0.0836384 0.0758837 0.0736703
9 1.11936 0 0 0.0990351 0.0633355 0.00114136
10 3.71348 -0.102641 0.10219 1.57851 0.0281059 0.178984
11 1.72615 0 0 -0.000502988 -0.0249878 -0.320183
12 1.21114 0 0 0.00884385 0.013049 0.0364125
13 3.59919 -1.06012 0.070888 1.55189 -0.0810602 0.0209785
14 1.66069 0 0 0.00464328 0.0712197 -0.18081
15 1.16699 0 0 -0.0120628 0.0377002 -0.0987749
16 2.18853 0.50104 0.0576591 1.56586 -0.0154982 0.208238
17 1.29609 0 0 -0.049577 -0.0221896 -0.165637
18 1.62202 0.000714302 -0.000471592 -0.00888758 -0.03438 -0.219309
19 1.22241 0 0 0.00932563 -0.0178517 -0.00311259
20 1.76707 1.27612 0.0366406 1.54858 0.0590491 0.227412
21 1.55588 0 0 -0.040662 0.017234 -0.1844
22 1.24273 0 0 -0.000479059 0.000361008 -0.140521
23 0.784525 0 0 0.014399 0.00546213 0.166525
24 -5.19429 13.3099 -2.074 -0.000932693 0 -2.00714
25 6.02794 0 0 0.105227 0.825367 -0.240933
26 11.7344 0 0 0.00140264 0 1.53008
27 8.81167 0 0 0.652586 0 0
28 5.77884 0 0 0.437233 0 0
29 2.23249 0 0 0.215354 0 0
30 11.4725 0 0 0.750412 -0.892559 -0.469168
31 0.615813 0.994372 -0.809165 -2.77704 0.335763 0.612725
32 2.24752 0 0 -0.459931 -0.0194683 -0.087504
33 1.11936 0 0 -0.192747 0.0626725 -0.146844
34 3.71348 0.102639 0.102191 -1.96058 1.12874 -1.10629
35 1.72615 0 0 0.00391309 0.0152071 1.37543
36 1.21112 0 0 -0.00344492 0.028436 0.948688
37 3.5992 1.06012 0.070888 -1.72661 0.34163 -0.401559
38 1.66069 0 0 -0.00540904 0.0759289 0.151245
39 1.16699 0 0 0.0205414 0.0324705 0.181138
40 2.18853 -0.50104 0.0576584 -1.5814 0.104282 -0.178572
41 1.29609 0 0 0.456161 0.220806 1.34519
42 1.62201 -0.000712395 -0.000469685 0.000354457 0.000500941 1.28898
43 1.2224 0 0 0.0331103 0.0124893 1.03954
44 1.76707 -1.27612 0.0366406 -1.58579 0.25066 -0.218726
45 1.55588 0 0 0.429773 0.0108479 1.43418
46 1.24273 0 0 0.000478979 0.000360981 0.896377
47 0.784533 0 0 -0.0107935 -0.0124092 0.897777
48 0 0 0 0 0 0
49 -3.16527 -17.2166 -5.4398 0 0 0
50 -0.169706 1.99333 0.168103 0 0 0
51 -0.687835 7.02552 -5.04958 -0.820064 0.0483732 0.0554802
52 0 -6.39109 2.6639 -0.436332 1.39626 -1.5708
53 0 -3.88574 -0.867034 0 0 -1.5708
54 0 -2.3834 1.62041 0 1.39626 -1.5708
55 0 -9.60566 0.513889 0 0.785398 -1.5708
56 -2.76667 -0.616137 1.06069 1.5708 0 0
57 -2.76737 0.616132 1.06069 1.5708 0 0
58 1.03291 -7.29058 -17.0441 0.627929 0.0294033 0.0748046
59 3.25752 -5.54407 -16.0709 0.00143776 0.828685 1.75506
60 -5.16413 3.31932 -3.14285 -0.338423 -0.0375331 0.083113
61 -5.13055 2.24166 -4.37319 -0.22458 -0.0327838 0.0871928
time 45
0 7.81943 7.79627 -11.7947 0.000934124 0 -1.48352
1 6.02794 0 0 -0.966995 1.13233 0.353442
2 11.7344 0 0 -0.00140283 0 -2.09783
3 8.81139 -0.000450134 -0.000111103 0.204553 0 0.000157849
4 5.77839 0.000286102 0 0.137051 0 0.000106717
5 2.23164 -0.000328064 -0.00036478 0.0675026 0 0
6 11.4725 0 0 0.511676 -0.296509 1.73193
7 0.615219 -0.993091 -0.8107 2.38774 0.201524 -0.636204
8 2.24752 0 0 0.0836513 0.0768032 0.070216
9 1.11936 0 0 0.0976994 0.0552715 0.00876875
10 3.71348 -0.10264 0.102191 1.57617 0.00838357 0.162837
11 1.72615 0 0 -0.000943485 -0.0259621 -0.241141
12 1.21114 0 0 0.00897951 0.0132439 0.0317428
13 3.59919 -1.06012 0.070889 1.55322 -0.0705858 -0.00256849
14 1.66069 0 0 0.00837365 0.0725022 -0.127325
15 1.167 0 0 -0.0129367 0.0398814 -0.0596754
16 2.18853 0.50104 0.0576596 1.56655 -0.0258077 0.213215
17 1.29609 0 0 -0.0420803 -0.0289743 -0.130402
18 1.62202 0.000712395 -0.000470638 -0.0111837 -0.0349164 -0.155865
19 1.22241 0 0 0.00963079 -0.0188309 -0.00055926
20 1.76707 1.27612 0.0366426 1.55263 0.0341792 0.236987
21 1.55588 0 0 -0.0320819 0.0210992 -0.138743
22 1.24274 0 0 -0.000479059 0.000360946 -0.11069
23 0.784523 0 0 0.0146548 0.00526532 0.151198
24 -5.19429 13.3099 -2.074 -0.000932693 0 -2.00714
25 6.02794 0 0 0.119878 0.826249 -0.231917
26 11.7344 0 0 0.00140262 0 1.52412
27 8.81167 0 0 0.631627 0 0
28 5.77884 0 0 0.42319 0 0
29 2.23249 0 0 0.208437 0 0
30 11.4725 0 0 0.738474 -0.883346 -0.467551
31 0.615813 0.994372 -0.809165 -2.84081 0.395638 0.599413
32 2.24752 0 0 -0.480729 -0.00202455 -0.0654506
33 1.11936 0 0 -0.183981 0.0626407 -0.0423291
34 3.71349 0.102638 0.102191 -1.96058 1.12874 -1.10629
35 1.72615 0 0 0.00391315 0.0152071 1.37543
36 1.21112 0 0 -0.00344499 0.028436 0.948687
37 3.5992 1.06012 0.070888 -1.72661 0.34163 -0.401559
38 1.66069 0 0 -0.0054091 0.0759289 0.151245
39 1.16699 0 0 0.0205414 0.0324705 0.181138
40 2.18853 -0.50104 0.0576587 -1.5814 0.104282 -0.178572
41 1.29609 0 0 0.456161 0.220806 1.34519
42 1.62201 -0.000713348 -0.000470638 0.000354466 0.000500967 1.28898
43 1.22241 0 0 0.0331103 0.0124894 1.03954
44 1.76707 -1.27612 0.0366414 -1.58579 0.25066 -0.218727
45 1.55588 0 0 0.429773 0.010848 1.43418
46 1.24273 0 0 0.00047893 0.000361 0.896377
47 0.784531 0 0 -0.0107935 -0.0124092 0.897776
48 0 0 0 0 0 0
49 -3.16527 -17.2166 -5.4398 0 0 0
50 -0.169706 1.99333 0.168103 0 0 0
51 -0.68128 6.94022 -5.00808 -0.814388 0.0541919 0.0533306
52 0 -6.39109 2.66389 -0.436333 1.39626 -1.5708
53 0 -3.88574 -0.867035 0 0 -1.5708
54 0 -2.3834 1.62041 0 1.39626 -1.5708
55 0 -9.60566 0.513888 0 0.785398 -1.5708
56 -2.76667 -0.616136 1.06069 1.5708 0 0
57 -2.76737 0.616133 1.06069 1.5708 0 0
58 1.16139 -7.33218 -16.9364 0.660934 0.0347272 0.0728876
59 3.38012 -5.54953 -15.9957 0.0383972 0.818014 1.80233
60 -5.27913 4.24916 -3.30465 -0.293626 -0.0328731 0.0861489
61 -5.23642 3.25535 -4.49819 -0.23306 -0.0295803 0.0892383
time 46
0 7.81943 7.78295 -11.8477 0.000934124 0 -1.48352
1 6.02794 0 0 -0.828977 1.19553 0.513637
2 11.7344 0 0 -0.00140287 0 -2.14409
3 8.81138 -0.000450134 -0.00011301 0.136349 0 0.000157597
4 5.77839 0.000286102 0 0.0913537 0 0.000106285
5 2.23163 -0.000331879 -0.000364304 0.0449951 0 0
6 11.4725 0 0 0.54886 -0.278303 1.79511
7 0.615219 -0.993091 -0.810699 2.37207 0.197446 -0.651047
8 2.24752 0 0 0.0836627 0.0775985 0.0663558
9 1.11936 0 0 0.0965438 0.0482975 0.0153646
10 3.71348 -0.10264 0.102192 1.57354 -0.00867248 0.146444
11 1.72615 0 0 -0.0013247 -0.0268044 -0.172784
12 1.21114 0 0 0.00913093 0.0134614 0.0265244
13 3.59919 -1.06012 0.0708885 1.55454 -0.0588802 -0.0229323
14 1.66069 0 0 0.0115999 0.0736116 -0.0810695
15 1.167 0 0 -0.0136925 0.0417677 -0.0258612
16 2.18853 0.501039 0.0576591 1.56725 -0.0347235 0.217519
17 1.29609 0 0 -0.0346653 -0.0348422 -0.0999303
18 1.62202 0.000714302 -0.000471354 -0.0131693 -0.0353801 -0.100997
19 1.22241 0 0 0.00989471 -0.0196778 0.0016489
20 1.76707 1.27612 0.0366411 1.55654 0.0126714 0.245268
21 1.55588 0 0 -0.0246615 0.0244419 -0.0992584
22 1.24274 0 0 -0.000479059 0.00036105 -0.0848909
23 0.784523 0 0 0.0149063 0.00504546 0.13407
24 -5.19429 13.3099 -2.074 -0.000932693 0 -2.00714
25 6.02794 0 0 0.134782 0.826939 -0.222464
26 11.7344 0 0 0.00140266 0 1.51832
27 8.81167 0 0 0.611214 0 0
28 5.77884 0 0 0.409513 0 0
29 2.23249 0 0 0.2017 0 0
30 11.4725 0 0 0.727681 -0.873702 -0.467295
31 0.615813 0.994371 -0.809165 -2.88928 0.447909 0.558551
32 2.24752 0 0 -0.48918 0.027857 -0.0276723
33 1.11936 0 0 -0.168965 0.0625861 0.136708
34 3.71349 0.102638 0.102191 -1.96058 1.12874 -1.10629
35 1.72615 0 0 0.00391304 0.0152071 1.37543
36 1.21112 0 0 -0.00344498 0.0284359 0.948687
37 3.5992 1.06012 0.0708885 -1.72661 0.34163 -0.401559
38 1.66069 0 0 -0.00540905 0.0759289 0.151245
39 1.16699 0 0 0.0205414 0.0324705 0.181138
40 2.18853 -0.50104 0.0576594 -1.5814 0.104282 -0.178572
41 1.29609 0 0 0.456161 0.220806 1.34519
42 1.62202 -0.000713348 -0.000470638 0.000354493 0.00050104 1.28898
43 1.22241 0 0 0.0331102 0.0124895 1.03954
44 1.76707 -1.27612 0.0366416 -1.58579 0.25066 -0.218726
45 1.55588 0 0 0.429773 0.010848 1.43418
46 1.24273 0 0 0.000478919 0.000360968 0.896377
47 0.784532 0 0 -0.0107935 -0.0124092 0.897777
48 0 0 0 0 0 0
49 -3.16527 -17.2166 -5.4398 0 0 0
50 -0.169706 1.99333 0.168103 0 0 0
51 -0.670097 6.85579 -4.96285 -0.808127 0.0594992 0.0514515
52 0 -6.39109 2.66389 -0.436332 1.39626 -1.5708
53 0 -3.88574 -0.867036 0 0 -1.5708
54 0 -2.3834 1.62041 0 1.39626 -1.5708
55 0 -9.60567 0.513889 0 0.785398 -1.5708
56 -2.76667 -0.616137 1.06069 1.5708 0 0
57 -2.76737 0.616133 1.06069 1.5708 0 0
58 1.29619 -7.37047 -16.8199 0.692476 0.03955 0.0711956
59 3.49964 -5.55517 -15.917 0.0708341 0.805935 1.84465
60 -5.39645 5.16476 -3.47412 -0.235681 -0.0276155 0.0895728
61 -5.34228 4.26904 -4.6232 -0.239789 -0.0260396 0.0914982
time 47
0 7.81943 7.76937 -11.9017 0.000934124 0 -1.48352
1 6.02794 0 0 -0.647868 1.2488 0.71232
2 11.7344 0 0 -0.00140281 0 -2.18496
3 8.81138 -0.000448227 -0.000112057 0.0751875 0 0.000157205
4 5.77839 0.00028801 0 0.0503757 0 0.000105638
5 2.23163 -0.000329971 -0.000364304 0.0248119 0 0
6 11.4725 0 0 0.577419 -0.256369 1.83771
7 0.615219 -0.993091 -0.810699 2.35923 0.194104 -0.663211
8 2.24752 0 0 0.0836722 0.0782504 0.0620673
9 1.11936 0 0 0.0955969 0.0425813 0.0207712
10 3.71348 -0.102641 0.102192 1.57063 -0.0226525 0.129877
11 1.72615 0 0 -0.00163717 -0.0274949 -0.116756
12 1.21114 0 0 0.0092994 0.0137033 0.0207268
13 3.5992 -1.06012 0.0708885 1.55585 -0.0458755 -0.0396232
14 1.66069 0 0 0.0142442 0.0745207 -0.0431572
15 1.167 0 0 -0.014312 0.0433136 0.00185391
16 2.18853 0.501039 0.0576582 1.56795 -0.0420313 0.221047
17 1.29609 0 0 -0.0273869 -0.0396516 -0.0749545
18 1.62202 0.000714302 -0.00047195 -0.0147967 -0.03576 -0.0560248
19 1.22241 0 0 0.0101111 -0.0203717 0.0034589
20 1.76707 1.27612 0.0366421 1.56028 -0.00495726 0.252056
21 1.55588 0 0 -0.0185794 0.0271817 -0.0668953
22 1.24273 0 0 -0.00047909 0.000360902 -0.0637454
23 0.784523 0 0 0.0151517 0.00480122 0.11504
24 -5.19429 13.3099 -2.074 -0.000932693 0 -2.00714
25 6.02794 0 0 0.149824 0.827428 -0.212669
26 11.7344 0 0 0.00140266 0 1.51271
27 8.81167 0 0 0.591374 0 0
28 5.77884 0 0 0.39622 0 0
29 2.23249 0 0 0.195153 0 0
30 11.4725 0 0 0.717997 -0.863702 -0.46836
31 0.615813 0.994371 -0.809165 -2.92454 0.492458 0.499177
32 2.24752 0 0 -0.488235 0.065626 0.0200776
33 1.11936 0 0 -0.149986 0.062517 0.363004
34 3.71349 0.102638 0.102191 -1.96058 1.12874 -1.10629
35 1.72615 0 0 0.00391309 0.0152071 1.37543
36 1.21112 0 0 -0.003445 0.0284359 0.948687
37 3.5992 1.06011 0.070888 -1.72661 0.341629 -0.401559
38 1.66069 0 0 -0.00540901 0.0759289 0.151245
39 1.16699 0 0 0.0205414 0.0324705 0.181138
40 2.18853 -0.50104 0.0576589 -1.5814 0.104282 -0.178572
41 1.29609 0 0 0.456161 0.220806 1.34519
42 1.62201 -0.000712395 -0.000471115 0.00035442 0.000500992 1.28898
43 1.2224 0 0 0.0331103 0.0124894 1.03954
44 1.76707 -1.27612 0.0366411 -1.58579 0.25066 -0.218726
45 1.55588 0 0 0.429773 0.0108479 1.43418
46 1.24273 0 0 0.000478904 0.000360972 0.896377
47 0.784532 0 0 -0.0107935 -0.0124093 0.897777
48 0 0 0 0 0 0
49 -3.16527 -17.2166 -5.4398 0 0 0
50 -0.169706 1.99333 0.168103 0 0 0
51 -0.654761 6.77274 -4.91429 -0.801306 0.064323 0.0498221
52 0 -6.39109 2.6639 -0.436332 1.39626 -1.5708
53 0 -3.88574 -0.867033 0 0 -1.5708
54 0 -2.3834 1.62041 0 1.39626 -1.5708
55 0 -9.60567 0.51389 0 0.785398 -1.5708
56 -2.76667 -0.616137 1.06069 1.5708 0 0
57 -2.76737 0.616133 1.06069 1.5708 0 0
58 1.43633 -7.40545 -16.6949 0.722413 0.0439016 0.069706
59 3.61471 -5.56098 -15.8352 0.0987781 0.792876 1.88195
60 -5.47324 2.93478 -8.03669 -0.235681 -0.0276155 0.0895728
61 -5.44815 5.28274 -4.7482 -0.244768 -0.0221616 0.0939724
time 48
0 7.81943 7.75562 -11.9563 0.000934124 0 -1.48352
1 6.02794 0 0 -0.417484 1.28857 0.954373
2 11.7344 0 0 -0.00140292 0 -2.22199
3 8.81138 -0.000448227 -0.00011158 0.0319897 0 0.000157357
4 5.77839 0.00028801 0 0.0214331 0 0.000105536
5 2.23164 -0.000329971 -0.000362873 0.0105565 0 0
6 11.4725 0 0 0.596365 -0.236491 1.85997
7 0.615219 -0.993092 -0.810699 2.3496 0.191596 -0.672343
8 2.24752 0 0 0.0836791 0.0787397 0.0573276
9 1.11936 0 0 0.094886 0.0382908 0.024829
10 3.71348 -0.102641 0.102191 1.56741 -0.033146 0.113209
11 1.72615 0 0 -0.0018714 -0.028013 -0.0747002
12 1.21114 0 0 0.00948534 0.0139703 0.0143191
13 3.59919 -1.06012 0.0708885 1.55714 -0.0315028 -0.0521516
14 1.66069 0 0 0.016229 0.0752031 -0.0146998
15 1.167 0 0 -0.0147772 0.0444742 0.0226575
16 2.18852 0.501039 0.0576591 1.56865 -0.0475164 0.223695
17 1.29609 0 0 -0.0203003 -0.0432617 -0.0562073
18 1.62202 0.000714302 -0.000470877 -0.0160185 -0.0360453 -0.0222683
19 1.22241 0 0 0.0102734 -0.0208929 0.00481736
20 1.76707 1.27612 0.0366411 1.5638 -0.0181894 0.25715
21 1.55588 0 0 -0.0140144 0.0292383 -0.0426032
22 1.24273 0 0 -0.000478998 0.000360989 -0.0478732
23 0.784523 0 0 0.0153888 0.00453122 0.0940088
24 -5.19429 13.3099 -2.074 -0.000932693 0 -2.00714
25 6.02794 0 0 0.164907 0.827709 -0.202617
26 11.7344 0 0 0.00140263 0 1.50731
27 8.81167 0 0 0.572134 0 0
28 5.77884 0 0 0.38333 0 0
29 2.23249 0 0 0.188804 0 0
30 11.4725 0 0 0.70938 -0.853411 -0.47069
31 0.615813 0.994372 -0.809165 -2.9487 0.529171 0.430331
32 2.24752 0 0 -0.480844 0.106732 0.0720465
33 1.11936 0 0 -0.129329 0.0624421 0.609293
34 3.71349 0.102638 0.102191 -1.96058 1.12874 -1.10629
35 1.72615 0 0 0.00391308 0.0152072 1.37543
36 1.21112 0 0 -0.00344503 0.028436 0.948687
37 3.5992 1.06012 0.0708878 -1.72661 0.341629 -0.401559
38 1.66069 0 0 -0.00540909 0.0759289 0.151245
39 1.16699 0 0 0.0205414 0.0324705 0.181138
40 2.18853 -0.50104 0.0576591 -1.5814 0.104282 -0.178572
41 1.29609 0 0 0.456161 0.220806 1.34519
42 1.62201 -0.000712395 -0.000469685 0.00035437 0.000501012 1.28898
43 1.22241 0 0 0.0331103 0.0124894 1.03954
44 1.76707 -1.27612 0.0366409 -1.58579 0.25066 -0.218726
45 1.55588 0 0 0.429773 0.010848 1.43418
46 1.24273 0 0 0.000478903 0.000360977 0.896377
47 0.784533 0 0 -0.0107935 -0.0124093 0.897777
48 0 0 0 0 0 0
49 -3.16527 -17.2166 -5.4398 0 0 0
50 -0.169706 1.99333 0.168103 0 0 0
51 -0.635749 6.69158 -4.8628 -0.793952 0.0686908 0.0484211
52 0 -6.39109 2.66389 -0.436332 1.39626 -1.5708
53 0 -3.88574 -0.867034 0 0 -1.5708
54 0 -2.3834 1.62041 0 1.39626 -1.5708
55 0 -9.60567 0.51389 0 0.785398 -1.5708
56 -2.76667 -0.616136 1.06069 1.5708 0 0
57 -2.76737 0.616133 1.06069 1.5708 0 0
58 1.58085 -7.43716 -16.5616 0.750601 0.047812 0.0683964
59 3.72397 -5.56696 -15.751 0.122345 0.779221 1.91425
60 -5.55004 0.704792 -12.5993 -0.235681 -0.0276155 0.0895728
61 -5.79513 0.630071 -13.7712 -0.244768 -0.0221616 0.0939724
time 49
0 7.81943 7.74179 -12.0113 0.000934124 0 -1.48352
1 6.02794 0 0 -0.147443 1.31143 1.2286
2 11.7344 0 0 -0.00140281 0 -2.25562
3 8.81138 -0.000450134 -0.000112057 0.0151896 0 0.000157042
4 5.77839 0.000286102 0 0.010177 0 0.00010527
5 2.23163 -0.000329971 -0.000363827 0.00501261 0 0
6 11.4725 0 0 0.603904 -0.224328 1.86244
7 0.615219 -0.993091 -0.8107 2.34354 0.190019 -0.678083
8 2.24752 0 0 0.0836835 0.0790472 0.0521143
9 1.11936 0 0 0.0944391 0.0355935 0.0273804
10 3.71348 -0.102641 0.10219 1.56387 -0.039743 0.0965129
11 1.72615 0 0 -0.00201889 -0.0283388 -0.0482611
12 1.21114 0 0 0.00969002 0.0142642 0.00727145
13 3.59919 -1.06012 0.0708876 1.55841 -0.0156942 -0.0600278
14 1.66069 0 0 0.017477 0.0756319 0.00319047
15 1.16699 0 0 -0.0150695 0.0452038 0.0357358
16 2.18853 0.501039 0.0576591 1.56935 -0.050965 0.22536
17 1.29609 0 0 -0.0134609 -0.045531 -0.0444214
18 1.62202 0.000713348 -0.000470042 -0.0167864 -0.036225 -0.00104717
19 1.22241 0 0 0.0103756 -0.0212202 0.00567163
20 1.76707 1.27612 0.0366411 1.56707 -0.0265082 0.260353
21 1.55588 0 0 -0.0111443 0.0305312 -0.0273315
22 1.24274 0 0 -0.000478995 0.000361015 -0.0378951
23 0.784525 0 0 0.0156156 0.00423417 0.0708762
24 -5.19429 13.3099 -2.074 -0.000932693 0 -2.00714
25 6.02794 0 0 0.179911 0.827787 -0.192421
26 11.7344 0 0 0.00140276 0 1.50218
27 8.81167 0 0 0.553486 0 0
28 5.77884 0 0 0.370836 0 0
29 2.23249 0 0 0.182651 0 0
30 11.4725 0 0 0.70178 -0.842887 -0.474244
31 0.615813 0.994371 -0.809165 -2.96384 0.557928 0.361051
32 2.24752 0 0 -0.469959 0.146625 0.122481
33 1.11936 0 0 -0.109282 0.0623691 0.848312
34 3.71349 0.102638 0.102191 -1.96058 1.12874 -1.10629
35 1.72615 0 0 0.00391312 0.0152071 1.37543
36 1.21112 0 0 -0.00344499 0.028436 0.948687
37 3.5992 1.06011 0.0708876 -1.72661 0.34163 -0.401559
38 1.66069 0 0 -0.00540905 0.0759289 0.151245
39 1.16699 0 0 0.0205414 0.0324705 0.181138
40 2.18853 -0.50104 0.0576591 -1.5814 0.104282 -0.178572
41 1.29609 0 0 0.456161 0.220806 1.34519
42 1.62201 -0.000713348 -0.000470638 0.000354438 0.000500979 1.28898
43 1.22241 0 0 0.0331103 0.0124894 1.03954
44 1.76707 -1.27612 0.0366411 -1.58579 0.25066 -0.218727
45 1.55588 0 0 0.429773 0.010848 1.43418
46 1.24273 0 0 0.000478891 0.000361 0.896377
47 0.784531 0 0 -0.0107935 -0.0124092 0.897777
48 0 0 0 0 0 0
49 -3.16527 -17.2166 -5.4398 0 0 0
50 -0.169706 1.99333 0.168103 0 0 0
51 -0.613534 6.61281 -4.8088 -0.786089 0.0726303 0.0472278
52 0 -6.39109 2.66389 -0.436332 1.39626 -1.57079
53 0 -3.88574 -0.867036 0 0 -1.5708
54 0 -2.3834 1.62041 0 1.39626 -1.5708
55 0 -9.60567 0.513888 0 0.785398 -1.5708
56 -2.76667 -0.616136 1.06069 1.5708 0 0
57 -2.76737 0.616133 1.06069 1.5708 0 0
58 1.72877 -7.4656 -16.4202 0.776898 0.0513117 0.0672444
59 3.82606 -5.57307 -15.665 0.141707 0.765311 1.94161
60 -5.55004 0.704792 -12.5993 -0.235681 -0.0276155 0.0895728
61 -5.79513 0.630072 -13.7712 -0.244768 -0.0221616 0.0939724
time 50
0 7.81943 7.72796 -12.0663 0.000934124 0 -1.48352
1 6.02794 0 0 0.133509 1.31696 1.50444
2 11.7344 0 0 -0.00140281 0 -2.28693
3 8.81138 -0.000450134 -0.000112057 0.0302001 0 0.000157217
4 5.77839 0.000286102 0 0.0202341 0 0.000105495
5 2.23163 -0.000331879 -0.000362873 0.00996606 0 0
6 11.4725 0 0 0.598028 -0.224901 1.84622
7 0.615219 -0.993091 -0.810699 2.34143 0.189471 -0.680076
8 2.24752 0 0 0.083685 0.0791539 0.046405
9 1.11936 0 0 0.0942841 0.0346572 0.028266
10 3.71348 -0.102641 0.102192 1.55998 -0.042033 0.079863
11 1.72615 0 0 -0.00206997 -0.0284519 -0.039083
12 1.21114 0 0 0.009914 0.0145859 -0.000447014
13 3.5992 -1.06012 0.0708885 1.55963 0.00161909 -0.062762
14 1.66069 0 0 0.01791 0.075781 0.00940106
15 1.167 0 0 -0.015171 0.045457 0.040276
16 2.18853 0.501039 0.0576601 1.57004 -0.052162 0.225938
17 1.29609 0 0 -0.00692403 -0.046319 -0.04033
18 1.62202 0.000714302 -0.000471234 -0.0170528 -0.0362869 0.00631995
19 1.22241 0 0 0.010411 -0.021334 0.00596804
20 1.76707 1.27612 0.0366421 1.57004 -0.029396 0.261465
21 1.55588 0 0 -0.0101481 0.0309799 -0.0220301
22 1.24274 0 0 -0.000478908 0.00036112 -0.034431
23 0.784523 0 0 0.0158299 0.00390894 0.045542
24 -5.19429 13.3099 -2.074 -0.000932693 0 -2.00714
25 6.02794 0 0 0.194737 0.827666 -0.182172
26 11.7344 0 0 0.00140271 0 1.49735
27 8.81167 0 0 0.535435 0 0
28 5.77884 0 0 0.358741 0 0
29 2.23249 0 0 0.176693 0 0
30 11.4725 0 0 0.695149 -0.832189 -0.478966
31 0.615813 0.994372 -0.809164 -2.97206 0.578614 0.300374
32 2.24752 0 0 -0.458531 0.180753 0.165629
33 1.11936 0 0 -0.0921319 0.0623068 1.0528
34 3.71349 0.102638 0.102191 -1.96058 1.12874 -1.10629
35 1.72615 0 0 0.00391309 0.0152071 1.37543
36 1.21112 0 0 -0.00344495 0.0284359 0.948688
37 3.5992 1.06012 0.0708885 -1.72661 0.34163 -0.401559
38 1.66069 0 0 -0.00540905 0.0759289 0.151245
39 1.16699 0 0 0.0205414 0.0324705 0.181138
40 2.18853 -0.50104 0.0576594 -1.5814 0.104282 -0.178572
41 1.29609 0 0 0.456161 0.220806 1.34519
42 1.62201 -0.000713348 -0.000470161 0.000354526 0.000500996 1.28898
43 1.22241 0 0 0.0331103 0.0124894 1.03954
44 1.76707 -1.27612 0.0366409 -1.58579 0.25066 -0.218727
45 1.55588 0 0 0.429773 0.010848 1.43418
46 1.24273 0 0 0.000479 0.000360947 0.896377
47 0.784532 0 0 -0.0107935 -0.0124092 0.897776
48 0 0 0 0 0 0
49 -3.16527 -17.2166 -5.4398 0 0 0
50 -0.169706 1.99333 0.168103 0 0 0
51 -0.588594 6.53695 -4.75268 -0.777745 0.0761692 0.0462209
52 0 -6.39109 2.66389 -0.436333 1.39626 -1.5708
53 0 -3.88574 -0.867035 0 0 -1.5708
54 0 -2.3834 1.62041 0 1.39626 -1.5708
55 0 -9.60567 0.513889 0 0.785398 -1.5708
56 -2.76667 -0.616137 1.06069 1.5708 0 0
57 -2.76737 0.616133 1.06069 1.5708 0 0
58 1.87913 -7.49083 -16.2712 0.801161 0.054431 0.0662281
59 3.91966 -5.57926 -15.5779 0.157067 0.751441 1.96409
60 -5.55004 0.704792 -12.5993 -0.235681 -0.0276154 0.0895727
61 -5.79513 0.630071 -13.7712 -0.244768 -0.0221616 0.0939724
time 51
0 7.81943 7.71421 -12.121 0.000934124 0 -1.48352
1 6.02794 0 0 0.420373 1.32204 1.7423
2 11.7344 0 0 -0.00140288 0 -2.32904
3 8.81138 -0.000448227 -0.000112057 0.286561 0 0.000157575
4 5.77839 0.00028801 0 0.191996 0 0.000107097
5 2.23164 -0.000328064 -0.000364304 0.0945652 0 0
6 11.4725 0 0 0.637824 -0.383667 1.70331
7 0.615221 -0.993091 -0.8107 2.38361 0.209109 -0.648604
8 2.24752 0 0 0.0801565 0.0616217 0.00347819
9 1.11936 0 0 0.0942841 0.0346571 0.028266
10 3.71348 -0.10264 0.102191 1.53684 0.0979025 0.0484526
11 1.72615 0 0 -0.00177293 -0.0224215 -0.108391
12 1.21114 0 0 0.010874 0.0162173 -0.0699238
13 3.59919 -1.06012 0.0708885 1.56157 0.0844934 -0.0491085
14 1.66069 0 0 0.00989299 0.0731662 -0.104592
15 1.167 0 0 -0.0137525 0.0407653 0.0399459
16 2.18852 0.501039 0.0576611 1.57128 -0.0521145 0.210564
17 1.29609 0 0 0.00226278 -0.0436094 -0.172621
18 1.62202 0.000715256 -0.000470757 -0.0160303 -0.0317137 -0.142394
19 1.22241 0 0 0.00453445 -0.020352 -0.161881
20 1.76707 1.27612 0.0366421 1.57251 -0.0293411 0.238888
21 1.55588 0 0 -0.0124728 0.0280199 -0.14443
22 1.24274 0 0 -0.000479049 0.000360845 -0.156843
23 0.784525 0 0 0.0161048 0.00192313 -0.0937991
24 -5.19429 13.3099 -2.074 -0.000932693 0 -2.00714
25 6.02794 0 0 0.209288 0.827359 -0.171967
26 11.7344 0 0 0.00140265 0 1.49286
27 8.81167 0 0 0.517968 0 0
28 5.77884 0 0 0.347038 0 0
29 2.23249 0 0 0.170929 0 0
30 11.4725 0 0 0.689429 -0.821364 -0.484797
31 0.615812 0.994372 -0.809165 -2.97545 0.591111 0.257339
32 2.24752 0 0 -0.44951 0.204568 0.195736
33 1.11936 0 0 -0.0801647 0.0622634 1.19548
34 3.71349 0.102639 0.102191 -1.96058 1.12874 -1.10629
35 1.72615 0 0 0.00391308 0.0152071 1.37543
36 1.21112 0 0 -0.00344494 0.028436 0.948688
37 3.5992 1.06012 0.070888 -1.72661 0.341629 -0.401559
38 1.66069 0 0 -0.00540907 0.0759289 0.151245
39 1.16699 0 0 0.0205414 0.0324705 0.181138
40 2.18853 -0.50104 0.0576591 -1.5814 0.104282 -0.178572
41 1.29609 0 0 0.456161 0.220806 1.34519
42 1.62202 -0.000712395 -0.000468731 0.000354453 0.000500986 1.28898
43 1.22241 0 0 0.0331103 0.0124895 1.03954
44 1.76707 -1.27612 0.0366409 -1.58579 0.25066 -0.218727
45 1.55588 0 0 0.429773 0.0108479 1.43418
46 1.24273 0 0 0.000478938 0.000360999 0.896377
47 0.784532 0 0 -0.0107936 -0.0124092 0.897776
48 0 0 0 0 0 0
49 -3.16527 -17.2166 -5.4398 0 0 0
50 -0.169706 1.99333 0.168103 0 0 0
51 -0.561402 6.46449 -4.69484 -0.768945 0.0793352 0.0453796
52 0 -6.39109 2.6639 -0.436332 1.39626 -1.5708
53 0 -3.88574 -0.867035 0 0 -1.5708
54 0 -2.3834 1.62041 0 1.39626 -1.5708
55 0 -9.60567 0.513891 0 0.785398 -1.5708
56 -2.76667 -0.616137 1.06069 1.5708 0 0
57 -2.76737 0.616133 1.06069 1.5708 0 0
58 2.03096 -7.51287 -16.1148 0.823248 0.0572007 0.0653254
59 4.00343 -5.58546 -15.4906 0.16864 0.737859 1.9818
60 -5.55004 0.704792 -12.5993 -0.235681 -0.0276154 0.0895727
61 -5.79513 0.630072 -13.7712 -0.244768 -0.0221616 0.0939724
time 52
0 7.81943 7.70063 -12.175 0.000934124 0 -1.48352
1 6.02794 0 0 0.755079 1.34027 1.95697
2 11.7344 0 0 -0.00140288 0 -2.38116
3 8.81138 -0.000450134 -0.00011158 0.898476 0 0.000157611
4 5.77839 0.00028801 0 0.601979 0 0.000110688
5 2.23163 -0.000328064 -0.00036335 0.296497 0 0
6 11.4725 0 0 0.870014 -0.714186 1.29916
7 0.615219 -0.993091 -0.810701 2.48417 0.255939 -0.573555
8 2.24752 0 0 0.0717428 0.0198144 -0.0902583
9 1.11936 0 0 0.0942839 0.034657 0.028266
10 3.71348 -0.102641 0.102192 1.48752 0.431591 -0.00243791
11 1.72615 0 0 -0.00106421 -0.00804167 -0.273664
12 1.21114 0 0 0.0128251 0.0196212 -0.223936
13 3.59919 -1.06012 0.0708885 1.56444 0.255957 -0.0165503
14 1.66069 0 0 -0.0092239 0.0669309 -0.37642
15 1.167 0 0 -0.0103702 0.0295774 0.0391586
16 2.18852 0.501039 0.0576591 1.57324 -0.0520014 0.173903
17 1.29609 0 0 0.0149607 -0.0371482 -0.488079
18 1.62202 0.000713348 -0.000471115 -0.0135915 -0.0208087 -0.497016
19 1.22241 0 0 -0.00947912 -0.0180111 -0.562133
20 1.76707 1.27612 0.0366421 1.57431 -0.0292103 0.185052
21 1.55588 0 0 -0.0180167 0.0209611 -0.436304
22 1.24273 0 0 -0.00047897 0.000361081 -0.448746
23 0.784523 0 0 0.0164595 -0.00232142 -0.387794
24 -5.19429 13.3099 -2.074 -0.000932693 0 -2.00714
25 6.02794 0 0 0.223469 0.826882 -0.161902
26 11.7344 0 0 0.00140262 0 1.48874
27 8.81167 0 0 0.501067 0 0
28 5.77884 0 0 0.335715 0 0
29 2.23249 0 0 0.165352 0 0
30 11.4725 0 0 0.684565 -0.810457 -0.491681
31 0.615812 0.994371 -0.809165 -2.97612 0.595303 0.240986
32 2.24752 0 0 -0.445847 0.213517 0.207051
33 1.11936 0 0 -0.0756674 0.062247 1.2491
34 3.71349 0.102639 0.102191 -1.96058 1.12874 -1.10629
35 1.72615 0 0 0.00391313 0.0152072 1.37543
36 1.21112 0 0 -0.00344496 0.028436 0.948687
37 3.5992 1.06012 0.070888 -1.72661 0.341629 -0.401559
38 1.66069 0 0 -0.00540906 0.0759289 0.151245
39 1.16699 0 0 0.0205414 0.0324705 0.181138
40 2.18853 -0.50104 0.0576589 -1.5814 0.104282 -0.178572
41 1.29609 0 0 0.456161 0.220806 1.34519
42 1.62201 -0.000714302 -0.000469685 0.000354456 0.000501003 1.28898
43 1.22241 0 0 0.0331103 0.0124894 1.03954
44 1.76707 -1.27612 0.0366416 -1.58579 0.25066 -0.218726
45 1.55587 0 0 0.429773 0.010848 1.43418
46 1.24273 0 0 0.000478962 0.000361006 0.896377
47 0.784532 0 0 -0.0107935 -0.0124092 0.897776
48 0 0 0 0 0 0
49 -3.16527 -17.2166 -5.4398 0 0 0
50 -0.169706 1.99333 0.168103 0 0 0
51 -0.532436 6.39593 -4.63569 -0.759715 0.0821558 0.0446828
52 0 -6.39109 2.66389 -0.436332 1.39626 -1.57079
53 0 -3.88574 -0.867035 0 0 -1.5708
54 0 -2.3834 1.62041 0 1.39626 -1.5708
55 0 -9.60567 0.513889 0 0.785398 -1.5708
56 -2.76667 -0.616137 1.06069 1.5708 0 0
57 -2.76737 0.616133 1.06069 1.5708 0 0
58 2.18328 -7.53178 -15.9514 0.843016 0.0596516 0.0645148
59 4.07606 -5.59157 -15.4038 0.176642 0.724767 1.9948
60 -5.55004 0.704792 -12.5993 -0.235681 -0.0276154 0.0895727
61 -5.79513 0.630072 -13.7712 -0.244768 -0.0221616 0.0939724
time 53
0 7.81943 7.68731 -12.2279 0.000934124 0 -1.48352
1 6.02794 0 0 1.17281 1.37099 2.19987
2 11.7344 0 0 -0.00140286 0 -2.4201
3 8.81139 -0.000450134 -0.000112534 1.52424 0 0.000157681
4 5.77839 0.000286102 0 1.02124 0 0.000115622
5 2.23164 -0.000330925 -0.000363827 0.502998 0 0
6 11.4725 0 0 1.50268 -0.905181 0.498935
7 0.615219 -0.993092 -0.810698 2.6042 0.311832 -0.483981
8 2.24752 0 0 0.0617004 -0.0300845 -0.200136
9 1.11936 0 0 0.094284 0.034657 0.028266
10 3.71348 -0.102641 0.102192 1.43001 0.829863 -0.0576082
11 1.72615 0 0 -0.000218478 0.00912155 -0.470924
12 1.21114 0 0 0.015075 0.0235709 -0.405051
13 3.59919 -1.06012 0.0708904 1.56746 0.454537 0.0223093
14 1.66069 0 0 -0.0320407 0.0594887 -0.700858
15 1.167 0 0 -0.00633332 0.016224 0.0382189
16 2.18852 0.501039 0.0576591 1.57535 -0.0518664 0.130147
17 1.29609 0 0 0.0279805 -0.0294364 -0.864594
18 1.62202 0.000712395 -0.000471115 -0.0106807 -0.00779279 -0.920274
19 1.22241 0 0 -0.0262049 -0.0152168 -1.03985
20 1.76707 1.27612 0.0366421 1.57551 -0.0290539 0.120796
21 1.55588 0 0 -0.0246335 0.0125364 -0.784669
22 1.24273 0 0 -0.000478985 0.000360894 -0.797145
23 0.784521 0 0 0.0168133 -0.00727314 -0.72981
24 -5.19429 13.3099 -2.074 -0.000932693 0 -2.00714
25 6.02794 0 0 0.237192 0.826255 -0.152069
26 11.7344 0 0 0.00140268 0 1.48505
27 8.81167 0 0 0.484709 0 0
28 5.77884 0 0 0.324755 0 0
29 2.23249 0 0 0.159954 0 0
30 11.4725 0 0 0.680504 -0.799511 -0.499563
31 0.615813 0.994371 -0.809165 -2.97612 0.595303 0.240986
32 2.24752 0 0 -0.445847 0.213517 0.20705
33 1.11936 0 0 -0.0756673 0.062247 1.2491
34 3.71349 0.102638 0.102191 -1.96058 1.12874 -1.10629
35 1.72615 0 0 0.00391316 0.0152071 1.37543
36 1.21112 0 0 -0.00344499 0.028436 0.948687
37 3.5992 1.06012 0.070888 -1.72661 0.34163 -0.401559
38 1.66069 0 0 -0.00540908 0.0759289 0.151245
39 1.16699 0 0 0.0205414 0.0324705 0.181138
40 2.18853 -0.50104 0.0576596 -1.5814 0.104282 -0.178572
41 1.29609 0 0 0.456161 0.220806 1.34519
42 1.62201 -0.000712395 -0.000469685 0.000354451 0.000500959 1.28898
43 1.22241 0 0 0.0331103 0.0124894 1.03954
44 1.76707 -1.27612 0.0366411 -1.58579 0.25066 -0.218727
45 1.55588 0 0 0.429773 0.0108479 1.43418
46 1.24273 0 0 0.000478913 0.000360982 0.896377
47 0.784531 0 0 -0.0107935 -0.0124092 0.897777
48 0 0 0 0 0 0
49 -3.16527 -17.2166 -5.4398 0 0 0
50 -0.169706 1.99333 0.168103 0 0 0
51 -0.502168 6.33179 -4.57564 -0.750081 0.0846587 0.0441095
52 0 -6.39109 2.66389 -0.436332 1.39626 -1.5708
53 0 -3.88574 -0.867036 0 0 -1.5708
54 0 -2.3834 1.62041 0 1.39626 -1.5708
55 0 -9.60567 0.513888 0 0.785398 -1.5708
56 -2.76667 -0.616137 1.06069 1.5708 0 0
57 -2.76737 0.616133 1.06069 1.5708 0 0
58 2.33513 -7.54762 -15.7814 0.860323 0.0618147 0.0637748
59 4.13624 -5.5975 -15.3184 0.181277 0.712325 2.00314
60 -5.55004 0.704792 -12.5993 -0.235681 -0.0276154 0.0895727
61 -5.79513 0.630072 -13.7712 -0.244768 -0.0221616 0.0939724
time 54
0 7.81943 7.67434 -12.2795 0.000934124 0 -1.48352
1 6.02794 0 0 1.73102 1.39899 2.56335
2 11.7344 0 0 -0.00140282 0 -2.43008
3 8.81138 -0.000449181 -0.00011158 1.95548 0 0.000157449
4 5.77839 0.000286102 0 1.31017 0 0.00012
5 2.23163 -0.000329018 -0.000363827 0.645309 0 0
6 11.4725 0 0 2.09955 -0.745522 -0.207973
7 0.61522 -0.993091 -0.810699 2.70476 0.358661 -0.408932
8 2.24752 0 0 0.0532866 -0.0718919 -0.291487
9 1.11936 0 0 0.094284 0.0346571 0.0282657
10 3.71348 -0.102641 0.102192 1.38231 1.16355 -0.101858
11 1.72615 0 0 0.000490075 0.0235019 -0.636196
12 1.21114 0 0 0.0169322 0.0268401 -0.555837
13 3.59919 -1.06012 0.0708895 1.56985 0.618766 0.0548673
14 1.66068 0 0 -0.0511577 0.0532535 -0.972685
15 1.167 0 0 -0.00295103 0.00503609 0.0374318
16 2.18852 0.50104 0.0576591 1.57704 -0.0517533 0.0934858
17 1.29609 0 0 0.0381317 -0.0229751 -1.18005
18 1.62202 0.000714302 -0.000471115 -0.00824192 0.00311226 -1.2749
19 1.22241 0 0 -0.0402184 -0.0128756 -1.4401
20 1.76707 1.27612 0.0366421 1.57618 -0.0289231 0.0669592
21 1.55588 0 0 -0.0301772 0.00547754 -1.07654
22 1.24274 0 0 -0.000479001 0.000360963 -1.08905
23 0.784524 0 0 0.0170852 -0.0113818 -1.01322
24 -5.19429 13.3099 -2.074 -0.000932693 0 -2.00714
25 6.02794 0 0 0.250368 0.825504 -0.142562
26 11.7344 0 0 0.00140258 0 1.48183
27 8.81167 0 0 0.468866 0 0
28 5.77884 0 0 0.31414 0 0
29 2.23249 0 0 0.154726 0 0
30 11.4725 0 0 0.677188 -0.788562 -0.508388
31 0.615812 0.994372 -0.809165 -2.97612 0.595303 0.240986
32 2.24752 0 0 -0.445847 0.213517 0.20705
33 1.11936 0 0 -0.0756674 0.062247 1.2491
34 3.71348 0.102639 0.102191 -1.96058 1.12874 -1.10629
35 1.72615 0 0 0.00391311 0.0152071 1.37543
36 1.21112 0 0 -0.00344495 0.028436 0.948687
37 3.5992 1.06012 0.0708876 -1.72661 0.34163 -0.401559
38 1.66069 0 0 -0.005409 0.075929 0.151245
39 1.16699 0 0 0.0205414 0.0324705 0.181138
40 2.18853 -0.50104 0.0576587 -1.5814 0.104282 -0.178572
41 1.29609 0 0 0.456161 0.220806 1.34519
42 1.62202 -0.000712395 -0.000470161 0.000354469 0.000500983 1.28898
43 1.2224 0 0 0.0331103 0.0124894 1.03954
44 1.76707 -1.27612 0.0366411 -1.58579 0.25066 -0.218726
45 1.55587 0 0 0.429773 0.0108479 1.43418
46 1.24273 0 0 0.000478882 0.000360985 0.896377
47 0.784533 0 0 -0.0107935 -0.0124092 0.897777
48 0 0 0 0 0 0
49 -3.16527 -17.2166 -5.4398 0 0 0
50 -0.169706 1.99333 0.168103 0 0 0
51 -0.471077 6.27257 -4.51507 -0.740069 0.0868717 0.0436387
52 0 -6.39109 2.6639 -0.436333 1.39626 -1.5708
53 0 -3.88574 -0.867034 0 0 -1.5708
54 0 -2.3834 1.62041 0 1.39626 -1.5708
55 0 -9.60567 0.513888 0 0.785398 -1.5708
56 -2.76667 -0.616136 1.06069 1.5708 0 0
57 -2.76737 0.616133 1.06069 1.5708 0 0
58 2.48557 -7.56043 -15.6052 0.875027 0.063721 0.063084
59 4.18267 -5.60308 -15.2354 0.182735 0.700649 2.00687
60 -5.55004 0.70479 -12.5993 -0.235681 -0.0276154 0.0895727
61 -5.79513 0.63007 -13.7712 -0.244768 -0.0221616 0.0939724
time 55
0 7.81943 7.66178 -12.3294 0.000934124 0 -1.48352
1 6.02794 0 0 2.31439 1.39186 2.97429
2 11.7344 0 0 -0.00140277 0 -2.41464
3 8.81139 -0.000448227 -0.00011158 2.20378 0 0.000157263
4 5.77839 0.000286102 0 1.47653 0 0.000121946
5 2.23164 -0.000329971 -0.000363827 0.727246 0 0
6 11.4725 0 0 2.36754 -0.598092 -0.466846
7 0.615219 -0.993092 -0.8107 2.74693 0.378299 -0.37746
8 2.24752 0 0 0.0497582 -0.0894241 -0.329642
9 1.11936 0 0 0.094284 0.034657 0.0282661
10 3.71348 -0.102641 0.102191 1.36241 1.30349 -0.119986
11 1.72615 0 0 0.000787273 0.0295322 -0.705504
12 1.21114 0 0 0.017705 0.0282026 -0.618863
13 3.59919 -1.06012 0.0708885 1.57083 0.687169 0.0685209
14 1.66069 0 0 -0.0591746 0.0506386 -1.08668
15 1.167 0 0 -0.00153262 0.000344274 0.0371015
16 2.18852 0.50104 0.0576591 1.57773 -0.0517059 0.0781118
17 1.29609 0 0 0.0422243 -0.0202655 -1.31234
18 1.62202 0.000713348 -0.000471115 -0.00721921 0.00768555 -1.42361
19 1.22241 0 0 -0.0460951 -0.0118938 -1.60795
20 1.76707 1.27612 0.0366411 1.57639 -0.0288683 0.0443824
21 1.55588 0 0 -0.0325021 0.00251744 -1.19894
22 1.24273 0 0 -0.000479066 0.000361057 -1.21146
23 0.784523 0 0 0.0171938 -0.0130958 -1.13138
24 -5.19429 13.3099 -2.074 -0.000932693 0 -2.00714
25 6.02794 0 0 0.262917 0.824658 -0.13347
26 11.7344 0 0 0.00140267 0 1.47912
27 8.81167 0 0 0.453501 0 0
28 5.77884 0 0 0.303846 0 0
29 2.23249 0 0 0.149656 0 0
30 11.4725 0 0 0.674566 -0.777646 -0.518104
31 0.615812 0.994373 -0.809165 -2.97612 0.595303 0.240986
32 2.24752 0 0 -0.445847 0.213517 0.207051
33 1.11936 0 0 -0.0756675 0.062247 1.2491
34 3.71349 0.10264 0.102192 -1.96058 1.12874 -1.10629
35 1.72615 0 0 0.00391307 0.0152071 1.37543
36 1.21112 0 0 -0.00344496 0.028436 0.948687
37 3.5992 1.06012 0.070888 -1.72661 0.341629 -0.401559
38 1.66069 0 0 -0.00540903 0.0759289 0.151245
39 1.16699 0 0 0.0205414 0.0324705 0.181138
40 2.18853 -0.501039 0.0576587 -1.5814 0.104282 -0.178572
41 1.29609 0 0 0.456161 0.220806 1.34519
42 1.62201 -0.000712395 -0.000469685 0.000354463 0.000500988 1.28898
43 1.2224 0 0 0.0331103 0.0124894 1.03954
44 1.76707 -1.27612 0.0366414 -1.58579 0.25066 -0.218727
45 1.55587 0 0 0.429773 0.010848 1.43418
46 1.24273 0 0 0.00047893 0.000361017 0.896377
47 0.784531 0 0 -0.0107935 -0.0124093 0.897776
48 0 0 0 0 0 0
49 -3.16527 -17.2166 -5.4398 0 0 0
50 -0.169706 1.99333 0.168103 0 0 0
51 -0.439636 6.21877 -4.45441 -0.729706 0.0888223 0.0432494
52 0 -6.39109 2.66389 -0.436332 1.39626 -1.57079
53 0 -3.88574 -0.867035 0 0 -1.5708
54 0 -2.3834 1.62041 0 1.39626 -1.5708
55 0 -9.60566 0.513889 0 0.785398 -1.5708
56 -2.76667 -0.616137 1.06069 1.5708 0 0
57 -2.76737 0.616132 1.06069 1.5708 0 0
58 2.63363 -7.57029 -15.4234 0.886986 0.0654019 0.0624216
59 4.21407 -5.60815 -15.1557 0.181185 0.689819 2.00598
60 -5.55004 0.70479 -12.5993 -0.235681 -0.0276156 0.0895729
61 -5.79513 0.63007 -13.7712 -0.244768 -0.0221616 0.0939724
time 56
0 7.81943 7.64975 -12.3773 0.000934124 0 -1.48352
1 6.02794 0 0 2.25258 1.4026 2.94202
2 11.7344 0 0 -0.00140278 0 -2.44219
3 8.81139 -0.000452042 -0.000112534 2.15495 0 0.000158153
4 5.77839 0.000284195 0 1.44382 0 0.000122238
5 2.23164 -0.000329971 -0.00036335 0.711133 0 0
6 11.4725 0 0 2.28721 -0.574662 -0.403099
7 0.615218 -0.993091 -0.8107 2.74693 0.378299 -0.37746
8 2.24752 0 0 0.0497581 -0.0894242 -0.329642
9 1.11936 0 0 0.094284 0.034657 0.0282661
10 3.71348 -0.102641 0.102191 1.36241 1.30349 -0.119986
11 1.72615 0 0 0.000787174 0.0295323 -0.705504
12 1.21113 0 0 0.017705 0.0282025 -0.618863
13 3.59919 -1.06012 0.0708876 1.57083 0.687169 0.0685209
14 1.66069 0 0 -0.0591746 0.0506385 -1.08668
15 1.167 0 0 -0.00153254 0.000344332 0.0371015
16 2.18852 0.50104 0.0576591 1.57773 -0.0517058 0.0781117
17 1.29609 0 0 0.0422243 -0.0202657 -1.31234
18 1.62202 0.000714302 -0.000470638 -0.00721942 0.00768584 -1.42361
19 1.22241 0 0 -0.0460948 -0.0118937 -1.60795
20 1.76707 1.27612 0.0366402 1.57639 -0.0288682 0.0443824
21 1.55588 0 0 -0.0325021 0.00251742 -1.19894
22 1.24273 0 0 -0.000478998 0.000360959 -1.21146
23 0.784523 0 0 0.0171939 -0.0130959 -1.13138
24 -5.19429 13.3099 -2.074 -0.000932693 0 -2.00714
25 6.02794 0 0 0.274761 0.823747 -0.124883
26 11.7344 0 0 0.00140272 0 1.47698
27 8.81167 0 0 0.438578 0 0
28 5.77884 0 0 0.293847 0 0
29 2.23249 0 0 0.144731 0 0
30 11.4725 0 0 0.672585 -0.766796 -0.528661
31 0.615813 0.994372 -0.809165 -2.97612 0.595303 0.240986
32 2.24752 0 0 -0.445847 0.213517 0.207051
33 1.11936 0 0 -0.0756674 0.0622471 1.2491
34 3.71349 0.102639 0.102191 -1.96058 1.12874 -1.10629
35 1.72615 0 0 0.00391306 0.0152071 1.37543
36 1.21112 0 0 -0.00344496 0.0284359 0.948688
37 3.5992 1.06012 0.0708876 -1.72661 0.34163 -0.401559
38 1.66069 0 0 -0.00540902 0.0759289 0.151245
39 1.16699 0 0 0.0205413 0.0324705 0.181138
40 2.18853 -0.50104 0.0576589 -1.5814 0.104282 -0.178572
41 1.29609 0 0 0.456161 0.220806 1.34519
42 1.62202 -0.000713348 -0.000470161 0.000354469 0.000500946 1.28898
43 1.22241 0 0 0.0331103 0.0124895 1.03954
44 1.76707 -1.27612 0.0366414 -1.58579 0.25066 -0.218727
45 1.55588 0 0 0.429773 0.0108479 1.43418
46 1.24273 0 0 0.000478886 0.000360995 0.896377
47 0.784532 0 0 -0.0107935 -0.0124093 0.897777
48 0 0 0 0 0 0
49 -3.16527 -17.2166 -5.4398 0 0 0
50 -0.169706 1.99333 0.168103 0 0 0
51 -0.408321 6.1709 -4.39405 -0.719017 0.0905383 0.0429206
52 0 -6.39109 2.6639 -0.436332 1.39626 -1.5708
53 0 -3.88574 -0.867034 0 0 -1.5708
54 0 -2.3834 1.62041 0 1.39626 -1.5708
55 0 -9.60567 0.513889 0 0.785398 -1.5708
56 -2.76667 -0.616136 1.06069 1.5708 0 0
57 -2.76737 0.616133 1.06069 1.5708 0 0
58 2.79034 -7.62195 -15.14 0.867918 0.0718987 0.0203923
59 4.45085 -5.72109 -14.9188 0.19824 0.70509 1.97621
60 -5.55004 0.704791 -12.5993 -0.235681 -0.0276156 0.0895729
61 -5.79513 0.63007 -13.7712 -0.244768 -0.0221616 0.0939724
time 57
0 7.81943 7.63831 -12.4228 0.000934124 0 -1.48352
1 6.02794 0 0 2.01169 1.41671 2.77543
2 11.7344 0 0 -0.00140283 0 -2.47265
3 8.81138 -0.000449181 -0.000112534 2.02178 0 0.000157841
4 5.77839 0.000287056 0 1.35459 0 0.000120861
5 2.23163 -0.000329018 -0.00036335 0.667189 0 0
6 11.4725 0 0 2.08977 -0.500086 -0.325742
7 0.615219 -0.993091 -0.8107 2.74693 0.378299 -0.37746
8 2.24752 0 0 0.0497582 -0.0894242 -0.329642
9 1.11936 0 0 0.094284 0.034657 0.028266
10 3.71348 -0.102641 0.102191 1.36241 1.30349 -0.119986
11 1.72615 0 0 0.000787231 0.0295323 -0.705504
12 1.21114 0 0 0.017705 0.0282026 -0.618863
13 3.59919 -1.06012 0.0708876 1.57083 0.687169 0.0685209
14 1.66069 0 0 -0.0591746 0.0506385 -1.08668
15 1.167 0 0 -0.00153252 0.000344452 0.0371016
16 2.18852 0.50104 0.0576582 1.57773 -0.0517059 0.0781118
17 1.29609 0 0 0.0422243 -0.0202656 -1.31234
18 1.62202 0.000714302 -0.000471115 -0.00721928 0.00768558 -1.42361
19 1.22241 0 0 -0.0460949 -0.0118939 -1.60795
20 1.76707 1.27612 0.0366411 1.57639 -0.0288682 0.0443824
21 1.55588 0 0 -0.0325021 0.00251751 -1.19894
22 1.24273 0 0 -0.000479022 0.000360942 -1.21146
23 0.784524 0 0 0.0171938 -0.0130958 -1.13138
24 -5.19429 13.3099 -2.074 -0.000932693 0 -2.00714
25 6.02794 0 0 0.285824 0.822806 -0.116886
26 11.7344 0 0 0.00140271 0 1.47546
27 8.81167 0 0 0.424055 0 0
28 5.77884 0 0 0.284117 0 0
29 2.23249 0 0 0.139938 0 0
30 11.4725 0 0 0.671196 -0.756042 -0.540012
31 0.615812 0.994371 -0.809165 -2.97612 0.595303 0.240986
32 2.24752 0 0 -0.445847 0.213517 0.20705
33 1.11936 0 0 -0.0756675 0.062247 1.2491
34 3.71349 0.102639 0.102191 -1.96058 1.12874 -1.10629
35 1.72615 0 0 0.00391306 0.0152072 1.37543
36 1.21112 0 0 -0.00344495 0.0284359 0.948688
37 3.5992 1.06012 0.0708883 -1.72661 0.34163 -0.401559
38 1.66069 0 0 -0.00540908 0.075929 0.151245
39 1.16699 0 0 0.0205414 0.0324705 0.181138
40 2.18853 -0.50104 0.0576589 -1.5814 0.104282 -0.178572
41 1.29609 0 0 0.456161 0.220806 1.34519
42 1.62202 -0.000713348 -0.000469685 0.000354423 0.000501046 1.28898
43 1.22241 0 0 0.0331102 0.0124894 1.03954
44 1.76707 -1.27612 0.0366411 -1.58579 0.25066 -0.218727
45 1.55587 0 0 0.429773 0.010848 1.43418
46 1.24273 0 0 0.000478888 0.000360963 0.896377
47 0.784531 0 0 -0.0107935 -0.0124092 0.897777
48 0 0 0 0 0 0
49 -3.16527 -17.2166 -5.4398 0 0 0
50 -0.169706 1.99333 0.168103 0 0 0
51 -0.377607 6.12947 -4.33439 -0.708028 0.0920472 0.0426312
52 0 -6.39109 2.66389 -0.436332 1.39626 -1.5708
53 0 -3.88574 -0.867035 0 0 -1.5708
54 0 -2.3834 1.62041 0 1.39626 -1.5708
55 0 -9.60567 0.513889 0 0.785398 -1.5708
56 -2.76667 -0.616137 1.06069 1.5708 0 0
57 -2.76737 0.616133 1.06069 1.5708 0 0
58 2.96268 -7.75295 -14.6834 0.800167 0.0880082 -0.0935802
59 4.82255 -6.0337 -14.6162 0.25406 0.760776 1.90502
60 -5.55004 0.70479 -12.5993 -0.235681 -0.0276156 0.0895729
61 -5.79513 0.630071 -13.7712 -0.244768 -0.0221616 0.0939724
time 58
0 7.81943 7.62755 -12.4655 0.000934124 0 -1.48352
1 6.02794 0 0 1.5941 1.44067 2.47161
2 11.7344 0 0 -0.00140283 0 -2.48873
3 8.81138 -0.000450134 -0.00011158 1.78801 0 0.000157237
4 5.77839 0.000285149 0 1.19796 0 0.000117756
5 2.23163 -0.000331879 -0.00036335 0.590042 0 0
6 11.4725 0 0 1.80396 -0.403775 -0.264991
7 0.615218 -0.993091 -0.8107 2.74693 0.378299 -0.37746
8 2.24752 0 0 0.0497581 -0.0894241 -0.329642
9 1.11936 0 0 0.094284 0.034657 0.0282659
10 3.71348 -0.10264 0.102191 1.36241 1.30349 -0.119986
11 1.72615 0 0 0.000787391 0.0295323 -0.705504
12 1.21114 0 0 0.017705 0.0282024 -0.618863
13 3.59919 -1.06012 0.0708885 1.57083 0.687169 0.068521
14 1.66069 0 0 -0.0591745 0.0506386 -1.08668
15 1.167 0 0 -0.0015326 0.000344274 0.0371015
16 2.18852 0.50104 0.0576591 1.57773 -0.0517058 0.0781118
17 1.29609 0 0 0.0422243 -0.0202657 -1.31234
18 1.62202 0.000713348 -0.000471115 -0.00721944 0.00768567 -1.42361
19 1.22241 0 0 -0.0460948 -0.0118938 -1.60795
20 1.76707 1.27612 0.0366411 1.57639 -0.0288682 0.0443825
21 1.55588 0 0 -0.0325021 0.00251749 -1.19894
22 1.24274 0 0 -0.000478905 0.000360878 -1.21146
23 0.784523 0 0 0.0171938 -0.0130959 -1.13138
24 -5.19429 13.3099 -2.074 -0.000932693 0 -2.00714
25 6.02794 0 0 0.296034 0.821871 -0.109564
26 11.7344 0 0 0.00140268 0 1.47461
27 8.81167 0 0 0.409886 0 0
28 5.77884 0 0 0.274624 0 0
29 2.23249 0 0 0.135263 0 0
30 11.4725 0 0 0.670353 -0.745416 -0.552115
31 0.615812 0.994371 -0.809165 -2.97612 0.595303 0.240986
32 2.24752 0 0 -0.445847 0.213517 0.20705
33 1.11936 0 0 -0.0756673 0.0622469 1.2491
34 3.71349 0.102638 0.102191 -1.96058 1.12874 -1.10629
35 1.72615 0 0 0.00391304 0.0152071 1.37543
36 1.21112 0 0 -0.00344498 0.028436 0.948687
37 3.5992 1.06012 0.070888 -1.72661 0.34163 -0.401559
38 1.66069 0 0 -0.00540901 0.0759289 0.151245
39 1.16699 0 0 0.0205414 0.0324705 0.181138
40 2.18853 -0.50104 0.0576591 -1.5814 0.104282 -0.178572
41 1.29609 0 0 0.456161 0.220806 1.34519
42 1.62201 -0.000712395 -0.000469685 0.000354505 0.000501031 1.28898
43 1.2224 0 0 0.0331103 0.0124894 1.03954
44 1.76707 -1.27612 0.0366406 -1.58579 0.25066 -0.218726
45 1.55588 0 0 0.429773 0.010848 1.43418
46 1.24273 0 0 0.000478876 0.000360991 0.896377
47 0.784532 0 0 -0.0107935 -0.0124092 0.897776
48 0 0 0 0 0 0
49 -3.16527 -17.2166 -5.4398 0 0 0
50 -0.169706 1.99333 0.168103 0 0 0
51 -0.34797 6.09497 -4.27585 -0.696766 0.0933768 0.0423603
52 0 -6.39109 2.66389 -0.436333 1.39626 -1.5708
53 0 -3.88574 -0.867035 0 0 -1.5708
54 0 -2.3834 1.62041 0 1.39626 -1.5708
55 0 -9.60567 0.51389 0 0.785398 -1.5708
56 -2.76667 -0.616136 1.06069 1.5708 0 0
57 -2.76737 0.616133 1.06069 1.5708 0 0
58 3.14328 -7.95159 -14.0897 0.701622 0.114081 -0.262627
59 5.24966 -6.5529 -14.2519 0.35072 0.836637 1.81525
60 -5.55004 0.704792 -12.5993 -0.235681 -0.0276156 0.0895729
61 -5.79513 0.630071 -13.7712 -0.244768 -0.0221616 0.0939724
time 59
0 7.81943 7.61756 -12.5052 0.000934124 0 -1.48352
1 6.02794 0 0 0.867017 1.46642 1.87037
2 11.7344 0 0 -0.00140289 0 -2.47614
3 8.81138 -0.000449181 -0.00011158 1.47111 0 0.000157383
4 5.77839 0.000286102 0 0.985646 0 0.000114861
5 2.23164 -0.000329971 -0.000363827 0.485467 0 0
6 11.4725 0 0 1.46922 -0.32781 -0.234447
7 0.615219 -0.993092 -0.8107 2.74693 0.378299 -0.37746
8 2.24752 0 0 0.0497582 -0.0894241 -0.329642
9 1.11936 0 0 0.094284 0.0346571 0.028266
10 3.71348 -0.102641 0.102191 1.36241 1.30349 -0.119986
11 1.72615 0 0 0.000787335 0.0295323 -0.705504
12 1.21114 0 0 0.017705 0.0282026 -0.618863
13 3.59919 -1.06012 0.0708876 1.57083 0.687169 0.068521
14 1.66069 0 0 -0.0591746 0.0506386 -1.08668
15 1.167 0 0 -0.00153269 0.000344276 0.0371015
16 2.18853 0.50104 0.0576582 1.57773 -0.051706 0.0781118
17 1.29609 0 0 0.0422244 -0.0202655 -1.31234
18 1.62202 0.000713348 -0.000471115 -0.00721919 0.00768557 -1.42361
19 1.22241 0 0 -0.046095 -0.0118938 -1.60795
20 1.76707 1.27612 0.0366411 1.57639 -0.0288683 0.0443824
21 1.55588 0 0 -0.0325022 0.00251746 -1.19894
22 1.24273 0 0 -0.000479026 0.000361157 -1.21146
23 0.784524 0 0 0.0171939 -0.0130959 -1.13138
24 -5.19429 13.3099 -2.074 -0.000932693 0 -2.00714
25 6.02794 0 0 0.30532 0.820978 -0.103001
26 11.7344 0 0 0.00140267 0 1.47448
27 8.81167 0 0 0.396028 0 0
28 5.77884 0 0 0.265339 0 0
29 2.23249 0 0 0.130689 0 0
30 11.4725 0 0 0.670013 -0.734946 -0.564927
31 0.615813 0.994372 -0.809165 -2.97612 0.595303 0.240986
32 2.24752 0 0 -0.445847 0.213517 0.207051
33 1.11936 0 0 -0.0756674 0.062247 1.2491
34 3.71348 0.102638 0.102191 -1.96058 1.12874 -1.10629
35 1.72615 0 0 0.00391313 0.0152071 1.37543
36 1.21112 0 0 -0.00344496 0.0284359 0.948687
37 3.5992 1.06011 0.0708878 -1.72661 0.341629 -0.401559
38 1.66069 0 0 -0.00540907 0.0759289 0.151245
39 1.16699 0 0 0.0205414 0.0324705 0.181138
40 2.18853 -0.50104 0.0576591 -1.5814 0.104282 -0.178572
41 1.29609 0 0 0.456161 0.220806 1.34519
42 1.62201 -0.000713348 -0.000469685 0.000354463 0.000500988 1.28898
43 1.22241 0 0 0.0331103 0.0124894 1.03954
44 1.76707 -1.27612 0.036641 -1.58579 0.25066 -0.218726
45 1.55588 0 0 0.429773 0.010848 1.43418
46 1.24273 0 0 0.000478886 0.00036102 0.896377
47 0.784531 0 0 -0.0107935 -0.0124092 0.897777
48 0 0 0 0 0 0
49 -3.16527 -17.2166 -5.4398 0 0 0
50 -0.169706 1.99333 0.168103 0 0 0
51 -0.319886 6.06792 -4.21881 -0.685256 0.0945547 0.0420868
52 0 -6.39109 2.66389 -0.436332 1.39626 -1.5708
53 0 -3.88574 -0.867034 0 0 -1.5708
54 0 -2.3834 1.62041 0 1.39626 -1.5708
55 0 -9.60567 0.513888 0 0.785398 -1.5708
56 -2.76667 -0.616136 1.06069 1.5708 0 0
57 -2.76737 0.616133 1.06069 1.5708 0 0
58 3.32452 -8.20484 -13.3946 0.589312 0.153151 -0.468102
59 5.63227 -7.25503 -13.8324 0.495408 0.90945 1.73578
60 -5.55004 0.704792 -12.5993 -0.235681 -0.0276156 0.0895729
61 -5.79513 0.630071 -13.7712 -0.244768 -0.0221616 0.0939724
time 60
0 7.81943 7.60843 -12.5415 0.000934124 0 -1.48352
1 6.02794 0 0 -0.0610254 1.44487 1.04267
2 11.7344 0 0 -0.00140289 0 -2.43674
3 8.81139 -0.000451088 -0.000112534 1.13009 0 0.000158348
4 5.77839 0.000286102 0 0.757157 0 0.000112868
5 2.23163 -0.000329971 -0.000365257 0.372928 0 0
6 11.4725 0 0 1.13291 -0.302818 -0.213824
7 0.61522 -0.993091 -0.8107 2.74693 0.378299 -0.37746
8 2.24752 0 0 0.0497581 -0.089424 -0.329642
9 1.11936 0 0 0.094284 0.0346569 0.0282661
10 3.71348 -0.102641 0.10219 1.36241 1.30349 -0.119986
11 1.72615 0 0 0.000787265 0.0295321 -0.705504
12 1.21114 0 0 0.017705 0.0282026 -0.618863
13 3.59919 -1.06012 0.0708885 1.57083 0.687169 0.0685211
14 1.66069 0 0 -0.0591744 0.0506385 -1.08668
15 1.167 0 0 -0.00153263 0.000344275 0.0371015
16 2.18853 0.501039 0.0576587 1.57773 -0.051706 0.078112
17 1.29609 0 0 0.0422244 -0.0202657 -1.31234
18 1.62202 0.000714302 -0.000473022 -0.00721936 0.00768567 -1.42361
19 1.22241 0 0 -0.0460949 -0.0118938 -1.60795
20 1.76707 1.27612 0.0366406 1.57639 -0.0288683 0.0443825
21 1.55588 0 0 -0.0325023 0.00251745 -1.19894
22 1.24273 0 0 -0.000478943 0.000361142 -1.21146
23 0.784523 0 0 0.0171939 -0.0130959 -1.13138
24 -5.19429 13.3099 -2.074 -0.000932693 0 -2.00714
25 6.02794 0 0 0.313616 0.820165 -0.0972773
26 11.7344 0 0 0.00140264 0 1.47513
27 8.81167 0 0 0.382431 0 0
28 5.77884 0 0 0.256229 0 0
29 2.23249 0 0 0.126202 0 0
30 11.4725 0 0 0.670137 -0.724661 -0.578413
31 0.615812 0.994371 -0.809165 -2.97612 0.595303 0.240986
32 2.24752 0 0 -0.445847 0.213517 0.207051
33 1.11936 0 0 -0.0756674 0.0622469 1.2491
34 3.71348 0.102639 0.10219 -1.96058 1.12874 -1.10629
35 1.72615 0 0 0.00391313 0.0152071 1.37543
36 1.21112 0 0 -0.003445 0.0284359 0.948687
37 3.5992 1.06012 0.0708876 -1.72661 0.341629 -0.401559
38 1.66069 0 0 -0.00540908 0.0759289 0.151245
39 1.16699 0 0 0.0205414 0.0324705 0.181138
40 2.18853 -0.50104 0.0576586 -1.5814 0.104282 -0.178572
41 1.29609 0 0 0.456161 0.220806 1.34519
42 1.62201 -0.000712395 -0.000469685 0.000354525 0.00050097 1.28898
43 1.2224 0 0 0.0331103 0.0124894 1.03954
44 1.76707 -1.27612 0.0366404 -1.58579 0.25066 -0.218726
45 1.55588 0 0 0.429773 0.010848 1.43418
46 1.24273 0 0 0.000478885 0.000361001 0.896377
47 0.784532 0 0 -0.0107935 -0.0124092 0.897776
48 0 0 0 0 0 0
49 -3.16527 -17.2166 -5.4398 0 0 0
50 -0.169706 1.99333 0.168103 0 0 0
51 -0.293829 6.04882 -4.16369 -0.673524 0.0956085 0.0417898
52 0 -6.39109 2.66389 -0.436332 1.39626 -1.57079
53 0 -3.88574 -0.867035 0 0 -1.5708
54 0 -2.3834 1.62041 0 1.39626 -1.5708
55 0 -9.60566 0.513888 0 0.785398 -1.5708
56 -2.76667 -0.616136 1.06069 1.5708 0 0
57 -2.76737 0.616133 1.06069 1.5708 0 0
58 3.49856 -8.4982 -12.6331 0.475705 0.210283 -0.689631
59 5.88196 -8.05825 -13.3715 0.691473 0.95577 1.69251
60 -5.55004 0.704792 -12.5993 -0.235681 -0.0276155 0.0895728
61 -5.79513 0.630071 -13.7712 -0.244768 -0.0221616 0.0939724
time 61
0 7.81943 7.60024 -12.5741 0.000934124 0 -1.48352
1 6.02794 0 0 -0.585186 1.37533 0.577537
2 11.7344 0 0 -0.00140274 0 -2.38789
3 8.81139 -0.000448227 -0.000112534 0.824017 0 0.000156887
4 5.77839 0.000287056 0 0.552091 0 0.000109861
5 2.23163 -0.000329018 -0.00036335 0.271926 0 0
6 11.4725 0 0 0.828861 -0.324609 -0.16434
7 0.615219 -0.993092 -0.8107 2.74693 0.378299 -0.377459
8 2.24752 0 0 0.0497582 -0.0894241 -0.329642
9 1.11936 0 0 0.0942841 0.0346571 0.0282659
10 3.71348 -0.102642 0.102191 1.36241 1.30349 -0.119985
11 1.72615 0 0 0.000787208 0.0295321 -0.705504
12 1.21114 0 0 0.017705 0.0282024 -0.618863
13 3.59919 -1.06012 0.0708883 1.57083 0.687169 0.0685211
14 1.66069 0 0 -0.0591745 0.0506386 -1.08668
15 1.167 0 0 -0.00153263 0.000344394 0.0371015
16 2.18853 0.501039 0.0576591 1.57773 -0.0517059 0.0781118
17 1.29609 0 0 0.0422243 -0.0202657 -1.31234
18 1.62202 0.000714302 -0.000471115 -0.0072194 0.00768555 -1.42361
19 1.22241 0 0 -0.046095 -0.0118937 -1.60795
20 1.76707 1.27612 0.0366409 1.57639 -0.0288682 0.0443825
21 1.55588 0 0 -0.0325022 0.0025175 -1.19894
22 1.24274 0 0 -0.000478909 0.000361093 -1.21146
23 0.784523 0 0 0.0171939 -0.0130958 -1.13138
24 -5.19429 13.3099 -2.074 -0.000932693 0 -2.00714
25 6.02794 0 0 0.320852 0.819471 -0.0924756
26 11.7344 0 0 0.00140273 0 1.47661
27 8.81167 0 0 0.369046 0 0
28 5.77884 0 0 0.24726 0 0
29 2.23249 0 0 0.121785 0 0
30 11.4725 0 0 0.670689 -0.71459 -0.592538
31 0.615813 0.994371 -0.809165 -2.97612 0.595303 0.240986
32 2.24752 0 0 -0.445847 0.213517 0.20705
33 1.11936 0 0 -0.0756673 0.0622468 1.2491
34 3.71349 0.102638 0.102191 -1.96058 1.12874 -1.10629
35 1.72615 0 0 0.00391309 0.0152071 1.37543
36 1.21112 0 0 -0.00344489 0.0284359 0.948688
37 3.5992 1.06012 0.0708876 -1.72661 0.34163 -0.401559
38 1.66069 0 0 -0.0054091 0.0759289 0.151245
39 1.16699 0 0 0.0205414 0.0324705 0.181138
40 2.18853 -0.50104 0.0576594 -1.5814 0.104282 -0.178572
41 1.29609 0 0 0.456161 0.220806 1.34519
42 1.62201 -0.000714302 -0.000470161 0.000354472 0.000501 1.28898
43 1.22241 0 0 0.0331103 0.0124894 1.03954
44 1.76707 -1.27612 0.036641 -1.58579 0.25066 -0.218726
45 1.55588 0 0 0.429773 0.010848 1.43418
46 1.24273 0 0 0.000478944 0.000361002 0.896377
47 0.784531 0 0 -0.0107935 -0.0124092 0.897776
48 0 0 0 0 0 0
49 -3.16527 -17.2166 -5.4398 0 0 0
50 -0.169706 1.99333 0.168103 0 0 0
51 -0.270275 6.03817 -4.11088 -0.661596 0.0965659 0.0414482
52 0 -6.39109 2.66389 -0.436332 1.39626 -1.57079
53 0 -3.88574 -0.867036 0 0 -1.5708
54 0 -2.3834 1.62041 0 1.39626 -1.5708
55 0 -9.60566 0.513889 0 0.785398 -1.5708
56 -2.76667 -0.616137 1.06069 1.5708 0 0
57 -2.76737 0.616133 1.06069 1.5708 0 0
58 3.65742 -8.81565 -11.8394 0.367579 0.288697 -0.906782
59 5.96404 -8.83889 -12.8874 0.918795 0.957243 1.68813
60 -5.55004 0.704792 -12.5993 -0.235681 -0.0276155 0.0895728
61 -5.79513 0.630071 -13.7712 -0.244768 -0.0221616 0.0939724
time 62
0 7.81943 7.59307 -12.6026 0.000934124 0 -1.48352
1 6.02794 0 0 -0.837749 1.29628 0.351612
2 11.7344 0 0 -0.00140295 0 -2.34814
3 8.81139 -0.000450134 -0.000112057 0.583518 0 0.000157612
4 5.77839 0.000286102 0 0.390957 0 0.000108802
5 2.23164 -0.000329971 -0.00036335 0.192561 0 0
6 11.4725 0 0 0.568815 -0.36647 -0.0605527
7 0.61522 -0.993093 -0.810701 2.74693 0.378299 -0.37746
8 2.24752 0 0 0.0497582 -0.0894242 -0.329642
9 1.11936 0 0 0.094284 0.0346571 0.0282659
10 3.71348 -0.102642 0.102191 1.36241 1.30349 -0.119985
11 1.72615 0 0 0.000787233 0.0295322 -0.705504
12 1.21114 0 0 0.017705 0.0282025 -0.618863
13 3.59919 -1.06012 0.070888 1.57083 0.687169 0.0685209
14 1.66069 0 0 -0.0591746 0.0506386 -1.08668
15 1.167 0 0 -0.00153257 0.000344333 0.0371016
16 2.18853 0.501038 0.0576594 1.57773 -0.0517058 0.0781117
17 1.29609 0 0 0.0422243 -0.0202656 -1.31234
18 1.62202 0.000714779 -0.000471115 -0.0072194 0.00768563 -1.42361
19 1.22241 0 0 -0.0460951 -0.0118937 -1.60795
20 1.76707 1.27612 0.0366409 1.57639 -0.0288682 0.0443824
21 1.55588 0 0 -0.0325022 0.00251746 -1.19894
22 1.24274 0 0 -0.000479139 0.000361006 -1.21146
23 0.784522 0 0 0.0171939 -0.0130959 -1.13138
24 -5.19429 13.3099 -2.074 -0.000932693 0 -2.00714
25 6.02794 0 0 0.326961 0.818931 -0.0886761
26 11.7344 0 0 0.00140278 0 1.47899
27 8.81167 0 0 0.355824 0 0
28 5.77884 0 0 0.238402 0 0
29 2.23249 0 0 0.117422 0 0
30 11.4725 0 0 0.671637 -0.704761 -0.607272
31 0.615813 0.994371 -0.809165 -2.97612 0.595303 0.240986
32 2.24752 0 0 -0.445847 0.213517 0.207051
33 1.11936 0 0 -0.0756675 0.062247 1.2491
34 3.71349 0.102638 0.102191 -1.96058 1.12874 -1.10629
35 1.72615 0 0 0.00391308 0.0152071 1.37543
36 1.21112 0 0 -0.00344503 0.028436 0.948687
37 3.5992 1.06012 0.0708879 -1.72661 0.34163 -0.401559
38 1.66069 0 0 -0.00540901 0.0759289 0.151245
39 1.16699 0 0 0.0205414 0.0324705 0.181138
40 2.18853 -0.50104 0.0576587 -1.5814 0.104282 -0.178572
41 1.29609 0 0 0.456161 0.220806 1.34519
42 1.62202 -0.000712395 -0.000469685 0.000354435 0.000501037 1.28898
43 1.22241 0 0 0.0331103 0.0124894 1.03954
44 1.76707 -1.27612 0.0366406 -1.58579 0.25066 -0.218726
45 1.55587 0 0 0.429773 0.010848 1.43418
46 1.24273 0 0 0.000478891 0.000361005 0.896377
47 0.784533 0 0 -0.0107935 -0.0124093 0.897777
48 0 0 0 0 0 0
49 -3.16527 -17.2166 -5.4398 0 0 0
50 -0.169706 1.99333 0.168103 0 0 0
51 -0.2497 6.03648 -4.0608 -0.649499 0.0974546 0.0410411
52 0 -6.39109 2.66389 -0.436332 1.39626 -1.5708
53 0 -3.88574 -0.867036 0 0 -1.5708
54 0 -2.3834 1.62041 0 1.39626 -1.5708
55 0 -9.60567 0.513888 0 0.785398 -1.5708
56 -2.76667 -0.616137 1.06069 1.5708 0 0
57 -2.76737 0.616132 1.06069 1.5708 0 0
58 3.79304 -9.13954 -11.0469 0.268122 0.385549 -1.10183
59 5.91202 -9.48465 -12.3924 1.13147 0.910028 1.69727
60 -5.55004 0.704792 -12.5993 -0.235681 -0.0276155 0.0895728
61 -5.79513 0.630072 -13.7712 -0.244768 -0.0221616 0.0939724
time 63
0 7.81943 7.58702 -12.6267 0.000934124 0 -1.48352
1 6.02794 0 0 -0.980086 1.21921 0.219074
2 11.7344 0 0 -0.00140272 0 -2.32565
3 8.81139 -0.000451088 -0.000112534 0.416432 0 0.000157321
4 5.77839 0.000286102 0 0.279009 0 0.000107549
5 2.23164 -0.000329018 -0.000363827 0.137423 0 0
6 11.4725 0 0 0.355535 -0.403482 0.0948958
7 0.61522 -0.993092 -0.8107 2.74693 0.378299 -0.37746
8 2.24752 0 0 0.0497581 -0.089424 -0.329642
9 1.11936 0 0 0.094284 0.0346569 0.028266
10 3.71348 -0.102641 0.102191 1.36241 1.30349 -0.119986
11 1.72615 0 0 0.000787177 0.0295322 -0.705504
12 1.21114 0 0 0.0177049 0.0282025 -0.618863
13 3.59919 -1.06012 0.070888 1.57083 0.687169 0.0685208
14 1.66069 0 0 -0.0591744 0.0506386 -1.08668
15 1.167 0 0 -0.00153263 0.000344275 0.0371015
16 2.18853 0.501039 0.0576589 1.57773 -0.0517059 0.0781118
17 1.29609 0 0 0.0422243 -0.0202656 -1.31234
18 1.62202 0.000714302 -0.000471115 -0.0072193 0.00768579 -1.42361
19 1.22241 0 0 -0.0460947 -0.0118938 -1.60795
20 1.76707 1.27612 0.0366409 1.57639 -0.0288682 0.0443824
21 1.55588 0 0 -0.0325021 0.00251744 -1.19894
22 1.24273 0 0 -0.000479022 0.000360942 -1.21146
23 0.784523 0 0 0.0171938 -0.0130958 -1.13138
24 -5.19429 13.3099 -2.074 -0.000932693 0 -2.00714
25 6.02794 0 0 0.331898 0.81859 -0.0859785
26 11.7344 0 0 0.00140252 0 1.4827
27 8.81167 0 0 0.34241 0 0
28 5.77884 0 0 0.229415 0 0
29 2.23249 0 0 0.112995 0 0
30 11.4725 0 0 0.673348 -0.694674 -0.623501
31 0.615813 0.994372 -0.809165 -2.97612 0.595303 0.240986
32 2.24752 0 0 -0.445847 0.213517 0.207051
33 1.11936 0 0 -0.0756674 0.0622471 1.2491
34 3.71348 0.102639 0.102191 -1.96058 1.12874 -1.10629
35 1.72615 0 0 0.0039131 0.0152071 1.37543
36 1.21112 0 0 -0.00344496 0.0284359 0.948687
37 3.5992 1.06012 0.0708874 -1.72661 0.34163 -0.401559
38 1.66069 0 0 -0.00540908 0.075929 0.151245
39 1.16699 0 0 0.0205414 0.0324705 0.181138
40 2.18853 -0.50104 0.0576587 -1.5814 0.104282 -0.178572
41 1.29609 0 0 0.456161 0.220806 1.34519
42 1.62202 -0.000714302 -0.000470161 0.000354504 0.000500892 1.28898
43 1.22241 0 0 0.0331103 0.0124895 1.03954
44 1.76707 -1.27612 0.0366406 -1.58579 0.25066 -0.218727
45 1.55588 0 0 0.429773 0.0108479 1.43418
46 1.24273 0 0 0.000478937 0.000361057 0.896377
47 0.784531 0 0 -0.0107935 -0.0124092 0.897776
48 0 0 0 0 0 0
49 -3.16527 -17.2166 -5.4398 0 0 0
50 -0.169706 1.99333 0.168103 0 0 0
51 -0.230963 6.04686 -4.01136 -0.636622 0.0981063 0.0406812
52 0 -6.39109 2.66389 -0.436332 1.39626 -1.5708
53 0 -3.88574 -0.867035 0 0 -1.5708
54 0 -2.3834 1.62041 0 1.39626 -1.5708
55 0 -9.60567 0.513889 0 0.785398 -1.5708
56 -2.76667 -0.616136 1.06069 1.5708 0 0
57 -2.76737 0.616133 1.06069 1.5708 0 0
58 3.89916 -9.44682 -10.2845 0.180631 0.491069 -1.26178
59 5.7991 -9.93906 -11.8869 1.29249 0.828509 1.69773
60 -5.55004 0.704792 -12.5993 -0.235681 -0.0276155 0.0895728
61 -5.79513 0.630072 -13.7712 -0.244768 -0.0221616 0.0939724
time 64
0 7.81943 7.58216 -12.646 0.000934124 0 -1.48352
1 6.02794 0 0 -1.06956 1.14434 0.13315
2 11.7344 0 0 -0.00140287 0 -2.31628
3 8.81139 -0.000449181 -0.000110626 0.31788 0 0.000156951
4 5.77839 0.000286102 0 0.21298 0 0.000106715
5 2.23164 -0.000329018 -0.00036335 0.1049 0 0
6 11.4725 0 0 0.193896 -0.424648 0.272123
7 0.615219 -0.993092 -0.8107 2.74693 0.378299 -0.37746
8 2.24752 0 0 0.0497582 -0.0894242 -0.329642
9 1.11936 0 0 0.094284 0.0346571 0.028266
10 3.71348 -0.102642 0.10219 1.36241 1.30349 -0.119986
11 1.72615 0 0 0.000787294 0.0295322 -0.705504
12 1.21114 0 0 0.017705 0.0282025 -0.618863
13 3.59919 -1.06012 0.0708876 1.57083 0.687169 0.068521
14 1.66069 0 0 -0.0591747 0.0506385 -1.08668
15 1.167 0 0 -0.00153251 0.000344362 0.0371015
16 2.18852 0.50104 0.0576591 1.57773 -0.0517059 0.0781118
17 1.29609 0 0 0.0422244 -0.0202656 -1.31234
18 1.62202 0.000714302 -0.000470161 -0.00721932 0.00768554 -1.42361
19 1.22241 0 0 -0.046095 -0.0118937 -1.60795
20 1.76707 1.27612 0.0366411 1.57639 -0.0288682 0.0443824
21 1.55588 0 0 -0.0325021 0.00251752 -1.19894
22 1.24274 0 0 -0.000478973 0.000360976 -1.21146
23 0.784523 0 0 0.0171938 -0.0130958 -1.13138
24 -5.19429 13.3099 -2.074 -0.000932693 0 -2.00714
25 6.02794 0 0 0.335786 0.818445 -0.084294
26 11.7344 0 0 0.00140274 0 1.48796
27 8.81167 0 0 0.328606 0 0
28 5.77884 0 0 0.220166 0 0
29 2.23249 0 0 0.10844 0 0
30 11.4725 0 0 0.676029 -0.683916 -0.641776
31 0.615812 0.994372 -0.809165 -2.97612 0.595303 0.240986
32 2.24752 0 0 -0.445847 0.213517 0.207051
33 1.11936 0 0 -0.0756674 0.0622469 1.2491
34 3.71349 0.102639 0.102191 -1.96058 1.12874 -1.10629
35 1.72615 0 0 0.00391305 0.0152072 1.37543
36 1.21112 0 0 -0.00344499 0.028436 0.948687
37 3.5992 1.06012 0.0708878 -1.72661 0.34163 -0.401559
38 1.66069 0 0 -0.00540907 0.0759289 0.151245
39 1.16699 0 0 0.0205414 0.0324705 0.181138
40 2.18853 -0.50104 0.0576591 -1.5814 0.104282 -0.178572
41 1.29609 0 0 0.456161 0.220806 1.34519
42 1.62201 -0.000711441 -0.000470638 0.000354377 0.000500959 1.28898
43 1.22241 0 0 0.0331103 0.0124895 1.03954
44 1.76707 -1.27612 0.036641 -1.58579 0.25066 -0.218726
45 1.55587 0 0 0.429773 0.0108479 1.43418
46 1.24273 0 0 0.000478953 0.000360952 0.896377
47 0.784531 0 0 -0.0107935 -0.0124093 0.897777
48 0 0 0 0 0 0
49 -3.16527 -17.2166 -5.4398 0 0 0
50 -0.169706 1.99333 0.168103 0 0 0
51 -0.212622 6.07052 -3.96062 -0.622538 0.0983721 0.0404723
52 0 -6.39109 2.66389 -0.436332 1.39626 -1.5708
53 0 -3.88574 -0.867035 0 0 -1.5708
54 0 -2.3834 1.62041 0 1.39626 -1.5708
55 0 -9.60567 0.513888 0 0.785398 -1.5708
56 -2.76667 -0.616137 1.06069 1.5708 0 0
57 -2.76737 0.616132 1.06069 1.5708 0 0
58 3.96946 -9.71629 -9.58101 0.109494 0.589883 -1.37912
59 5.6871 -10.2174 -11.3749 1.3956 0.73819 1.68992
60 -5.55004 0.70479 -12.5993 -0.235681 -0.0276155 0.0895728
61 -5.79513 0.63007 -13.7712 -0.244768 -0.0221616 0.0939724
time 65
0 7.81943 7.57859 -12.6602 0.000934124 0 -1.48352
1 6.02794 0 0 -1.12816 1.07447 0.07538
2 11.7344 0 0 -0.00140292 0 -2.31055
3 8.81139 -0.000449181 -0.000112534 0.275592 0 0.000157589
4 5.77839 0.000287056 0 0.184647 0 0.000106966
5 2.23164 -0.000329018 -0.000365257 0.0909454 0 0
6 11.4725 0 0 0.0908703 -0.433585 0.426265
7 0.615219 -0.993092 -0.8107 2.74693 0.378299 -0.377459
8 2.24752 0 0 0.0497583 -0.0894241 -0.329642
9 1.11936 0 0 0.0942839 0.0346569 0.0282661
10 3.71348 -0.102641 0.102191 1.36241 1.30349 -0.119985
11 1.72615 0 0 0.000787311 0.0295322 -0.705504
12 1.21114 0 0 0.017705 0.0282025 -0.618863
13 3.59919 -1.06012 0.0708885 1.57083 0.687169 0.0685211
14 1.66069 0 0 -0.0591746 0.0506386 -1.08668
15 1.167 0 0 -0.00153263 0.000344297 0.0371015
16 2.18852 0.50104 0.0576591 1.57773 -0.0517059 0.0781118
17 1.29609 0 0 0.0422243 -0.0202656 -1.31234
18 1.62202 0.000713825 -0.000470161 -0.00721923 0.0076857 -1.42361
19 1.22241 0 0 -0.0460948 -0.0118938 -1.60795
20 1.76707 1.27612 0.0366411 1.57639 -0.0288683 0.0443825
21 1.55588 0 0 -0.0325021 0.00251733 -1.19894
22 1.24274 0 0 -0.000479039 0.000360966 -1.21146
23 0.784523 0 0 0.0171939 -0.0130959 -1.13138
24 -5.19429 13.3099 -2.074 -0.000932693 0 -2.00714
25 6.02794 0 0 0.338797 0.818464 -0.0834303
26 11.7344 0 0 0.00140257 0 1.49443
27 8.81167 0 0 0.314598 0 0
28 5.77884 0 0 0.210781 0 0
29 2.23249 0 0 0.103817 0 0
30 11.4725 0 0 0.679431 -0.672663 -0.661568
31 0.615812 0.994371 -0.809165 -2.97612 0.595303 0.240986
32 2.24752 0 0 -0.445847 0.213517 0.207051
33 1.11936 0 0 -0.0756674 0.0622469 1.2491
34 3.71349 0.102638 0.102191 -1.96058 1.12874 -1.10629
35 1.72615 0 0 0.00391312 0.0152071 1.37543
36 1.21112 0 0 -0.00344502 0.028436 0.948687
37 3.5992 1.06012 0.0708877 -1.72661 0.34163 -0.401559
38 1.66069 0 0 -0.00540908 0.075929 0.151245
39 1.16699 0 0 0.0205414 0.0324704 0.181138
40 2.18853 -0.50104 0.0576589 -1.5814 0.104282 -0.178572
41 1.29609 0 0 0.456161 0.220806 1.34519
42 1.62202 -0.000712395 -0.000470161 0.000354463 0.000501025 1.28898
43 1.22241 0 0 0.0331103 0.0124894 1.03954
44 1.76707 -1.27612 0.0366411 -1.58579 0.25066 -0.218727
45 1.55588 0 0 0.429773 0.0108479 1.43418
46 1.24273 0 0 0.000478954 0.000360981 0.896377
47 0.784533 0 0 -0.0107935 -0.012409 0.897777
48 0 0 0 0 0 0
49 -3.16527 -17.2166 -5.4398 0 0 0
50 -0.169706 1.99333 0.168103 0 0 0
51 -0.194691 6.10512 -3.9092 -0.607546 0.0983085 0.0403795
52 0 -6.39109 2.66389 -0.436332 1.39626 -1.5708
53 0 -3.88574 -0.867035 0 0 -1.5708
54 0 -2.3834 1.62041 0 1.39626 -1.5708
55 0 -9.60567 0.513888 0 0.785398 -1.5708
56 -2.76667 -0.616137 1.06069 1.5708 0 0
57 -2.76737 0.616133 1.06069 1.5708 0 0
58 3.99603 -9.92965 -8.96755 0.0596527 0.663716 -1.45057
59 5.59845 -10.3773 -10.8784 1.45226 0.666009 1.68435
60 -5.55004 0.70479 -12.5993 -0.235681 -0.0276155 0.0895728
61 -5.79513 0.630069 -13.7712 -0.244768 -0.0221616 0.0939724
time 66
0 7.81943 7.57638 -12.669 0.000934124 0 -1.48352
1 6.02794 0 0 -1.17214 1.01049 0.0275487
2 11.7344 0 0 -0.00140283 0 -2.30282
3 8.81139 -0.000450134 -0.000112057 0.273241 0 0.000158032
4 5.77839 0.000286102 0 0.183072 0 0.000107182
5 2.23164 -0.000329971 -0.000364304 0.0901696 0 0
6 11.4725 0 0 0.0386475 -0.443127 0.538945
7 0.615219 -0.993092 -0.810701 2.74693 0.378299 -0.37746
8 2.24752 0 0 0.0497582 -0.0894243 -0.329642
9 1.11936 0 0 0.094284 0.034657 0.028266
10 3.71348 -0.10264 0.10219 1.36241 1.30349 -0.119986
11 1.72615 0 0 0.000787311 0.0295322 -0.705504
12 1.21114 0 0 0.017705 0.0282025 -0.618863
13 3.59919 -1.06012 0.0708876 1.57083 0.687169 0.0685209
14 1.66069 0 0 -0.0591745 0.0506385 -1.08668
15 1.167 0 0 -0.00153257 0.000344326 0.0371015
16 2.18852 0.50104 0.0576591 1.57773 -0.0517058 0.0781118
17 1.29609 0 0 0.0422243 -0.0202655 -1.31234
18 1.62202 0.000713825 -0.000471115 -0.00721933 0.00768565 -1.42361
19 1.22241 0 0 -0.0460949 -0.0118937 -1.60795
20 1.76707 1.27612 0.0366406 1.57639 -0.0288682 0.0443824
21 1.55588 0 0 -0.0325021 0.00251753 -1.19894
22 1.24274 0 0 -0.00047908 0.00036092 -1.21146
23 0.784523 0 0 0.0171939 -0.0130958 -1.13138
24 -5.19429 13.3099 -2.074 -0.000932693 0 -2.00714
25 6.02794 0 0 0.341097 0.818611 -0.0832031
26 11.7344 0 0 0.00140268 0 1.50181
27 8.81167 0 0 0.300577 0 0
28 5.77884 0 0 0.201386 0 0
29 2.23249 0 0 0.0991904 0 0
30 11.4725 0 0 0.683326 -0.661093 -0.682367
31 0.615813 0.994371 -0.809165 -2.97612 0.595303 0.240986
32 2.24752 0 0 -0.445847 0.213517 0.20705
33 1.11936 0 0 -0.0756674 0.062247 1.2491
34 3.71349 0.102637 0.102191 -1.96058 1.12874 -1.10629
35 1.72615 0 0 0.00391312 0.0152072 1.37543
36 1.21112 0 0 -0.00344493 0.0284359 0.948687
37 3.5992 1.06011 0.070888 -1.72661 0.341629 -0.401559
38 1.66069 0 0 -0.00540905 0.0759289 0.151245
39 1.16699 0 0 0.0205414 0.0324705 0.181138
40 2.18853 -0.50104 0.057659 -1.5814 0.104282 -0.178572
41 1.29609 0 0 0.456161 0.220806 1.34519
42 1.62201 -0.000712395 -0.000470161 0.000354463 0.000501062 1.28898
43 1.2224 0 0 0.0331103 0.0124894 1.03954
44 1.76707 -1.27612 0.0366414 -1.58579 0.25066 -0.218726
45 1.55588 0 0 0.429773 0.010848 1.43418
46 1.24273 0 0 0.000479014 0.00036095 0.896377
47 0.784533 0 0 -0.0107936 -0.0124091 0.897776
48 0 0 0 0 0 0
49 -3.16527 -17.2166 -5.4398 0 0 0
50 -0.169706 1.99333 0.168103 0 0 0
51 -0.177187 6.14833 -3.85773 -0.591947 0.097972 0.040368
52 0 -6.39109 2.66389 -0.436332 1.39626 -1.5708
53 0 -3.88574 -0.867035 0 0 -1.5708
54 0 -2.3834 1.62041 0 1.39626 -1.5708
55 0 -9.60567 0.513888 0 0.785398 -1.5708
56 -2.76667 -0.616137 1.06069 1.5708 0 0
57 -2.76737 0.616133 1.06069 1.5708 0 0
58 3.97067 -10.0816 -8.40793 0.0264942 0.708208 -1.48567
59 5.50872 -10.4705 -10.3834 1.4836 0.621182 1.68906
60 -5.55004 0.70479 -12.5993 -0.235681 -0.0276155 0.0895728
61 -5.79513 0.63007 -13.7712 -0.244768 -0.0221616 0.0939724
time 67
0 7.81943 7.57562 -12.672 0.000934124 0 -1.48352
1 6.02794 0 0 -1.21103 0.949366 -0.0215049
2 11.7344 0 0 -0.00140281 0 -2.29122
3 8.81138 -0.000450134 -0.000112057 0.297869 0 0.000157847
4 5.77839 0.000286102 0 0.199572 0 0.000107207
5 2.23163 -0.000328064 -0.000363827 0.0982966 0 0
6 11.4725 0 0 0.0210737 -0.460918 0.61841
7 0.61522 -0.993092 -0.8107 2.74693 0.378299 -0.37746
8 2.24752 0 0 0.0497582 -0.0894242 -0.329642
9 1.11936 0 0 0.094284 0.0346569 0.0282658
10 3.71348 -0.102641 0.102191 1.36241 1.30349 -0.119986
11 1.72615 0 0 0.00078731 0.0295322 -0.705504
12 1.21114 0 0 0.0177051 0.0282026 -0.618863
13 3.59919 -1.06012 0.0708885 1.57083 0.687169 0.068521
14 1.66069 0 0 -0.0591744 0.0506385 -1.08668
15 1.167 0 0 -0.00153269 0.000344328 0.0371015
16 2.18852 0.50104 0.0576591 1.57773 -0.051706 0.0781118
17 1.29609 0 0 0.0422243 -0.0202656 -1.31234
18 1.62202 0.000713825 -0.000471115 -0.00721942 0.00768565 -1.42361
19 1.22241 0 0 -0.0460948 -0.0118937 -1.60795
20 1.76707 1.27612 0.0366411 1.57639 -0.0288684 0.0443824
21 1.55588 0 0 -0.0325021 0.00251748 -1.19894
22 1.24274 0 0 -0.000478982 0.000360988 -1.21146
23 0.784523 0 0 0.0171938 -0.0130958 -1.13138
24 -5.19429 13.3099 -2.074 -0.000932693 0 -2.00714
25 6.02794 0 0 0.342833 0.818851 -0.0834444
26 11.7344 0 0 0.00140262 0 1.50978
27 8.81167 0 0 0.28672 0 0
28 5.77884 0 0 0.192103 0 0
29 2.23249 0 0 0.0946177 0 0
30 11.4725 0 0 0.687512 -0.649394 -0.70369
31 0.615813 0.994372 -0.809165 -2.97612 0.595303 0.240986
32 2.24752 0 0 -0.445847 0.213517 0.207051
33 1.11936 0 0 -0.0756674 0.0622469 1.2491
34 3.71349 0.102639 0.102191 -1.96058 1.12874 -1.10629
35 1.72615 0 0 0.00391311 0.0152071 1.37543
36 1.21112 0 0 -0.00344497 0.028436 0.948687
37 3.5992 1.06012 0.0708878 -1.72661 0.34163 -0.401559
38 1.66069 0 0 -0.00540905 0.075929 0.151245
39 1.16699 0 0 0.0205414 0.0324705 0.181138
40 2.18853 -0.50104 0.0576588 -1.5814 0.104282 -0.178572
41 1.29609 0 0 0.456161 0.220806 1.34519
42 1.62201 -0.000712395 -0.000470638 0.000354453 0.000501061 1.28898
43 1.22241 0 0 0.0331102 0.0124893 1.03954
44 1.76707 -1.27612 0.0366409 -1.58579 0.25066 -0.218726
45 1.55588 0 0 0.429773 0.010848 1.43418
46 1.24273 0 0 0.000478846 0.000361049 0.896377
47 0.784532 0 0 -0.0107935 -0.0124093 0.897777
48 0 0 0 0 0 0
49 -3.16527 -17.2166 -5.4398 0 0 0
50 -0.169706 1.99333 0.168103 0 0 0
51 -0.160126 6.19781 -3.80684 -0.576039 0.0974194 0.040403
52 0 -6.39109 2.66389 -0.436332 1.39626 -1.57079
53 0 -3.88574 -0.867035 0 0 -1.5708
54 0 -2.3834 1.62041 0 1.39626 -1.5708
55 0 -9.60567 0.513887 0 0.785398 -1.5708
56 -2.76667 -0.616136 1.06069 1.5708 0 0
57 -2.76737 0.616133 1.06069 1.5708 0 0
58 3.89337 -10.1875 -7.84706 0.00153869 0.731112 -1.49847
59 5.39183 -10.5282 -9.8615 1.50513 0.597413 1.70504
60 -5.55004 0.70479 -12.5993 -0.235681 -0.0276154 0.0895727
61 -5.79513 0.63007 -13.7712 -0.244768 -0.0221616 0.0939724
time 68
0 7.81943 7.57844 -12.672 0.000934124 0 -1.48352
1 6.02794 0 0 -1.24622 0.891851 -0.0724713
2 11.7344 0 0 -0.00140283 0 -2.27442
3 8.81139 -0.000450134 -0.000112057 0.342052 0 0.00015793
4 5.77839 0.000286102 0 0.229175 0 0.000107545
5 2.23163 -0.000329018 -0.000362873 0.112877 0 0
6 11.4725 0 0 0.0338348 -0.487284 0.662433
7 0.61522 -0.993092 -0.8107 2.74693 0.378299 -0.37746
8 2.24752 0 0 0.0497582 -0.0894241 -0.329642
9 1.11936 0 0 0.094284 0.0346569 0.028266
10 3.71348 -0.102642 0.102192 1.36241 1.30349 -0.119985
11 1.72615 0 0 0.000787132 0.0295321 -0.705504
12 1.21114 0 0 0.0177051 0.0282026 -0.618863
13 3.59919 -1.06012 0.0708885 1.57083 0.687169 0.0685211
14 1.66069 0 0 -0.0591745 0.0506385 -1.08668
15 1.167 0 0 -0.00153263 0.000344319 0.0371015
16 2.18852 0.50104 0.0576601 1.57773 -0.0517059 0.0781119
17 1.29609 0 0 0.0422243 -0.0202656 -1.31234
18 1.62202 0.000713825 -0.000470161 -0.00721935 0.00768575 -1.42361
19 1.22241 0 0 -0.0460949 -0.0118937 -1.60795
20 1.76707 1.27612 0.0366411 1.57639 -0.0288683 0.0443824
21 1.55588 0 0 -0.0325022 0.0025175 -1.19894
22 1.24274 0 0 -0.000478982 0.000360988 -1.21146
23 0.784524 0 0 0.0171938 -0.0130958 -1.13138
24 -5.19429 13.3099 -2.074 -0.000932693 0 -2.00714
25 6.02794 0 0 0.344169 0.819141 -0.0839637
26 11.7344 0 0 0.00140269 0 1.518
27 8.81167 0 0 0.273232 0 0
28 5.77884 0 0 0.183065 0 0
29 2.23249 0 0 0.0901666 0 0
30 11.4725 0 0 0.691807 -0.637761 -0.725049
31 0.615813 0.99437 -0.809165 -2.97612 0.595303 0.240986
32 2.24752 0 0 -0.445847 0.213517 0.207051
33 1.11936 0 0 -0.0756675 0.0622471 1.2491
34 3.71349 0.102638 0.102191 -1.96058 1.12874 -1.10629
35 1.72615 0 0 0.00391313 0.0152072 1.37543
36 1.21112 0 0 -0.00344504 0.028436 0.948687
37 3.5992 1.06012 0.070888 -1.72661 0.34163 -0.401559
38 1.66069 0 0 -0.00540908 0.0759289 0.151245
39 1.16699 0 0 0.0205414 0.0324705 0.181138
40 2.18853 -0.50104 0.0576591 -1.5814 0.104282 -0.178572
41 1.29609 0 0 0.456161 0.220806 1.34519
42 1.62201 -0.000713348 -0.000470161 0.000354523 0.000500943 1.28898
43 1.22241 0 0 0.0331103 0.0124894 1.03954
44 1.76707 -1.27612 0.0366411 -1.58579 0.25066 -0.218726
45 1.55587 0 0 0.429773 0.0108479 1.43418
46 1.24273 0 0 0.000478889 0.000361016 0.896377
47 0.784532 0 0 -0.0107934 -0.0124091 0.897777
48 0 0 0 0 0 0
49 -3.16527 -17.2166 -5.4398 0 0 0
50 -0.169706 1.99333 0.168103 0 0 0
51 -0.143524 6.25121 -3.75713 -0.560122 0.0967071 0.0404496
52 0 -6.39109 2.66389 -0.436332 1.39626 -1.5708
53 0 -3.88574 -0.867036 0 0 -1.5708
54 0 -2.3834 1.62041 0 1.39626 -1.5708
55 0 -9.60567 0.513888 0 0.785398 -1.5708
56 -2.76667 -0.616137 1.06069 1.5708 0 0
57 -2.76737 0.616133 1.06069 1.5708 0 0
58 3.76872 -10.2568 -7.28682 -0.0154988 0.733673 -1.49235
59 5.24693 -10.5682 -9.32088 1.52017 0.593949 1.73099
60 -5.55004 0.70479 -12.5993 -0.235681 -0.0276154 0.0895727
61 -5.79513 0.63007 -13.7712 -0.244768 -0.0221616 0.0939724
time 69
0 7.81943 7.58713 -12.672 0.000934124 0 -1.48352
1 6.02794 0 0 -1.27826 0.838168 -0.124543
2 11.7344 0 0 -0.0014028 0 -2.25252
3 8.81139 -0.000449657 -0.000113487 0.40032 0 0.000157809
4 5.77839 0.000286579 0 0.268214 0 0.000107822
5 2.23164 -0.000329018 -0.000364304 0.132105 0 0
6 11.4725 0 0 0.0747408 -0.519482 0.671269
7 0.615219 -0.993091 -0.810701 2.74693 0.378299 -0.37746
8 2.24752 0 0 0.0497582 -0.0894241 -0.329642
9 1.11936 0 0 0.094284 0.0346569 0.0282661
10 3.71348 -0.10264 0.10219 1.36241 1.30349 -0.119985
11 1.72615 0 0 0.000787138 0.0295321 -0.705504
12 1.21114 0 0 0.0177051 0.0282026 -0.618863
13 3.59919 -1.06012 0.070888 1.57083 0.687169 0.0685211
14 1.66069 0 0 -0.0591746 0.0506385 -1.08668
15 1.167 0 0 -0.00153251 0.000344339 0.0371015
16 2.18852 0.50104 0.0576591 1.57773 -0.0517059 0.0781118
17 1.29609 0 0 0.0422242 -0.0202655 -1.31234
18 1.62202 0.000713825 -0.000471115 -0.00721918 0.00768574 -1.42361
19 1.22241 0 0 -0.0460948 -0.0118939 -1.60795
20 1.76707 1.27612 0.0366406 1.57639 -0.0288682 0.0443825
21 1.55588 0 0 -0.0325022 0.00251746 -1.19894
22 1.24274 0 0 -0.000479039 0.000360966 -1.21146
23 0.784523 0 0 0.0171938 -0.0130959 -1.13138
24 -5.19429 13.3099 -2.074 -0.000932693 0 -2.00714
25 6.02794 0 0 0.345229 0.81945 -0.0846212
26 11.7344 0 0 0.00140278 0 1.52621
27 8.81167 0 0 0.260274 0 0
28 5.77884 0 0 0.174384 0 0
29 2.23249 0 0 0.0858904 0 0
30 11.4725 0 0 0.696057 -0.626399 -0.74601
31 0.615812 0.994372 -0.809165 -2.97612 0.595303 0.240986
32 2.24752 0 0 -0.445847 0.213517 0.207051
33 1.11936 0 0 -0.0756675 0.062247 1.2491
34 3.71349 0.102639 0.102191 -1.96058 1.12874 -1.10629
35 1.72615 0 0 0.00391308 0.0152071 1.37543
36 1.21112 0 0 -0.00344493 0.028436 0.948687
37 3.5992 1.06012 0.0708883 -1.72661 0.34163 -0.401559
38 1.66069 0 0 -0.00540911 0.0759289 0.151245
39 1.16699 0 0 0.0205414 0.0324704 0.181138
40 2.18853 -0.50104 0.0576591 -1.5814 0.104282 -0.178572
41 1.29609 0 0 0.456161 0.220806 1.34519
42 1.62201 -0.000713348 -0.000470161 0.000354542 0.000500994 1.28898
43 1.22241 0 0 0.0331102 0.0124894 1.03954
44 1.76707 -1.27612 0.0366408 -1.58579 0.25066 -0.218726
45 1.55588 0 0 0.429773 0.0108479 1.43418
46 1.24273 0 0 0.000478946 0.000361024 0.896377
47 0.784531 0 0 -0.0107935 -0.0124092 0.897776
48 0 0 0 0 0 0
49 -3.16527 -17.2166 -5.4398 0 0 0
50 -0.169706 1.99333 0.168103 0 0 0
51 -0.127397 6.3062 -3.70925 -0.544496 0.0958916 0.0404731
52 0 -6.39109 2.66389 -0.436332 1.39626 -1.5708
53 0 -3.88574 -0.867037 0 0 -1.5708
54 0 -2.3834 1.62041 0 1.39626 -1.5708
55 0 -9.60567 0.513888 0 0.785398 -1.5708
56 -2.76667 -0.616137 1.06069 1.5708 0 0
57 -2.76737 0.616133 1.06069 1.5708 0 0
58 3.60134 -10.2985 -6.7294 -0.0245614 0.718056 -1.46931
59 5.07756 -10.5999 -8.76641 1.53002 0.608913 1.76562
60 -5.55004 0.704792 -12.5993 -0.235681 -0.0276154 0.0895727
61 -5.79513 0.630071 -13.7712 -0.244768 -0.0221616 0.0939724
time 70
0 7.81943 7.60201 -12.672 0.000934124 0 -1.48352
1 6.02794 0 0 -1.3074 0.787718 -0.17627
2 11.7344 0 0 -0.00140285 0 -2.22521
3 8.81139 -0.000449181 -0.000112534 0.468446 0 0.000158106
4 5.77839 0.000286102 0 0.313859 0 0.000108312
5 2.23164 -0.000329018 -0.00036335 0.154587 0 0
6 11.4725 0 0 0.142733 -0.552487 0.646316
7 0.61522 -0.993092 -0.8107 2.74693 0.378299 -0.377459
8 2.24752 0 0 0.0497583 -0.0894242 -0.329642
9 1.11936 0 0 0.094284 0.034657 0.028266
10 3.71348 -0.102641 0.102191 1.36241 1.30349 -0.119985
11 1.72615 0 0 0.000787312 0.0295322 -0.705504
12 1.21114 0 0 0.0177049 0.0282025 -0.618863
13 3.59919 -1.06012 0.0708885 1.57083 0.687169 0.0685212
14 1.66069 0 0 -0.0591745 0.0506386 -1.08668
15 1.167 0 0 -0.00153257 0.000344341 0.0371015
16 2.18852 0.50104 0.0576587 1.57773 -0.0517059 0.0781118
17 1.29609 0 0 0.0422242 -0.0202656 -1.31234
18 1.62202 0.000713348 -0.000470161 -0.00721933 0.00768573 -1.42361
19 1.22241 0 0 -0.0460949 -0.0118937 -1.60795
20 1.76707 1.27612 0.0366411 1.57639 -0.0288682 0.0443824
21 1.55587 0 0 -0.0325022 0.00251745 -1.19894
22 1.24274 0 0 -0.000478999 0.000361013 -1.21146
23 0.784523 0 0 0.0171938 -0.0130959 -1.13138
24 -5.19429 13.3099 -2.074 -0.000932693 0 -2.00714
25 6.02794 0 0 0.346139 0.819742 -0.0852695
26 11.7344 0 0 0.00140277 0 1.53413
27 8.81167 0 0 0.248016 0 0
28 5.77884 0 0 0.166171 0 0
29 2.23249 0 0 0.0818454 0 0
30 11.4725 0 0 0.700127 -0.615518 -0.766146
31 0.615812 0.994371 -0.809165 -2.97612 0.595303 0.240986
32 2.24752 0 0 -0.445847 0.213517 0.207051
33 1.11936 0 0 -0.0756675 0.0622471 1.2491
34 3.71349 0.102639 0.102191 -1.96058 1.12874 -1.10629
35 1.72615 0 0 0.00391312 0.0152071 1.37543
36 1.21112 0 0 -0.00344489 0.028436 0.948688
37 3.5992 1.06012 0.0708878 -1.72661 0.34163 -0.401559
38 1.66069 0 0 -0.00540911 0.075929 0.151246
39 1.16699 0 0 0.0205414 0.0324705 0.181138
40 2.18853 -0.50104 0.0576588 -1.5814 0.104282 -0.178572
41 1.29609 0 0 0.456161 0.220806 1.34519
42 1.62201 -0.000713348 -0.000470161 0.000354428 0.000501089 1.28898
43 1.22241 0 0 0.0331103 0.0124895 1.03954
44 1.76707 -1.27612 0.0366409 -1.58579 0.25066 -0.218726
45 1.55587 0 0 0.429773 0.010848 1.43418
46 1.24273 0 0 0.000479012 0.000360988 0.896377
47 0.784532 0 0 -0.0107936 -0.0124091 0.897777
48 0 0 0 0 0 0
49 -3.16527 -17.2166 -5.4398 0 0 0
50 -0.169706 1.99333 0.168103 0 0 0
51 -0.111762 6.36044 -3.6638 -0.52946 0.0950296 0.0404385
52 0 -6.39109 2.66389 -0.436332 1.39626 -1.57079
53 0 -3.88574 -0.867034 0 0 -1.5708
54 0 -2.3834 1.62041 0 1.39626 -1.5708
55 0 -9.60567 0.513889 0 0.785398 -1.5708
56 -2.76667 -0.616137 1.06069 1.5708 0 0
57 -2.76737 0.616133 1.06069 1.5708 0 0
58 3.39588 -10.3208 -6.17735 -0.0255448 0.68692 -1.43075
59 4.89013 -10.6269 -8.20047 1.53458 0.639838 1.80748
60 -5.55004 0.704792 -12.5993 -0.235681 -0.0276156 0.089573
61 -5.79513 0.630071 -13.7712 -0.244768 -0.0221616 0.0939724
time 71
0 7.81943 7.62342 -12.672 0.000934124 0 -1.48352
1 6.02794 0 0 -1.33339 0.739718 -0.225546
2 11.7344 0 0 -0.00140279 0 -2.19312
3 8.81139 -0.000448704 -0.000112534 0.543398 0 0.000158076
4 5.77839 0.000287056 0 0.364077 0 0.000108835
5 2.23164 -0.000329018 -0.000364304 0.179321 0 0
6 11.4725 0 0 0.235987 -0.580035 0.591836
7 0.615219 -0.993092 -0.8107 2.74693 0.378299 -0.37746
8 2.24752 0 0 0.0497582 -0.0894241 -0.329642
9 1.11936 0 0 0.094284 0.0346569 0.028266
10 3.71348 -0.102642 0.102191 1.36241 1.30349 -0.119986
11 1.72615 0 0 0.000787125 0.0295322 -0.705504
12 1.21114 0 0 0.017705 0.0282026 -0.618863
13 3.59919 -1.06012 0.0708883 1.57083 0.687169 0.0685209
14 1.66069 0 0 -0.0591746 0.0506385 -1.08668
15 1.167 0 0 -0.00153263 0.000344319 0.0371015
16 2.18852 0.50104 0.0576589 1.57773 -0.0517058 0.0781118
17 1.29609 0 0 0.0422243 -0.0202656 -1.31234
18 1.62202 0.000713825 -0.000471115 -0.00721932 0.00768562 -1.42361
19 1.22241 0 0 -0.046095 -0.0118938 -1.60795
20 1.76707 1.27612 0.0366409 1.57639 -0.0288682 0.0443824
21 1.55588 0 0 -0.0325021 0.00251754 -1.19894
22 1.24274 0 0 -0.000478965 0.000360964 -1.21146
23 0.784522 0 0 0.0171939 -0.0130959 -1.13138
24 -5.19429 13.3099 -2.074 -0.000932693 0 -2.00714
25 6.02794 0 0 0.34702 0.819986 -0.0857684
26 11.7344 0 0 0.00140268 0 1.54146
27 8.81167 0 0 0.236618 0 0
28 5.77884 0 0 0.158534 0 0
29 2.23249 0 0 0.0780842 0 0
30 11.4725 0 0 0.703902 -0.605339 -0.785049
31 0.615812 0.994372 -0.809165 -2.97612 0.595303 0.240986
32 2.24752 0 0 -0.445847 0.213517 0.207051
33 1.11936 0 0 -0.0756674 0.0622471 1.2491
34 3.71349 0.102639 0.102191 -1.96058 1.12874 -1.10629
35 1.72615 0 0 0.00391311 0.0152071 1.37543
36 1.21112 0 0 -0.00344497 0.028436 0.948688
37 3.5992 1.06012 0.0708877 -1.72661 0.34163 -0.401559
38 1.66069 0 0 -0.00540906 0.075929 0.151245
39 1.16699 0 0 0.0205414 0.0324705 0.181138
40 2.18853 -0.50104 0.0576589 -1.5814 0.104282 -0.178572
41 1.29609 0 0 0.456161 0.220806 1.34519
42 1.62201 -0.000712395 -0.000470638 0.000354416 0.000501023 1.28898
43 1.22241 0 0 0.0331103 0.0124894 1.03954
44 1.76707 -1.27612 0.0366411 -1.58579 0.25066 -0.218726
45 1.55587 0 0 0.429773 0.010848 1.43418
46 1.24273 0 0 0.000478985 0.0003609 0.896377
47 0.784532 0 0 -0.0107935 -0.0124092 0.897776
48 0 0 0 0 0 0
49 -3.16527 -17.2166 -5.4398 0 0 0
50 -0.169706 1.99333 0.168103 0 0 0
51 -0.0966344 6.41158 -3.62141 -0.515314 0.0941777 0.0403111
52 0 -6.39109 2.66389 -0.436332 1.39626 -1.5708
53 0 -3.88574 -0.867036 0 0 -1.5708
54 0 -2.3834 1.62041 0 1.39626 -1.5708
55 0 -9.60567 0.513889 0 0.785398 -1.5708
56 -2.76667 -0.616136 1.06069 1.5708 0 0
57 -2.76737 0.616133 1.06069 1.5708 0 0
58 3.15708 -10.331 -5.63359 -0.0185924 0.643109 -1.37807
59 4.69182 -10.6488 -7.62434 1.53288 0.683969 1.85483
60 -5.55004 0.704792 -12.5993 -0.235681 -0.0276154 0.0895727
61 -5.79513 0.630071 -13.7712 -0.244768 -0.0221616 0.0939723
time 72
0 7.81943 7.6517 -12.672 0.000934124 0 -1.48352
1 6.02794 0 0 -1.35587 0.69334 -0.270409
2 11.7344 0 0 -0.00140288 0 -2.15729
3 8.81139 -0.000450134 -0.000112057 0.623066 0 0.00015792
4 5.77839 0.000286102 0 0.417454 0 0.000109176
5 2.23164 -0.000329971 -0.000363827 0.205612 0 0
6 11.4725 0 0 0.350435 -0.59605 0.515292
7 0.615219 -0.993092 -0.8107 2.74693 0.378299 -0.377459
8 2.24752 0 0 0.0497583 -0.0894242 -0.329642
9 1.11936 0 0 0.0942838 0.0346571 0.028266
10 3.71348 -0.102641 0.102191 1.36241 1.30349 -0.119986
11 1.72615 0 0 0.000787196 0.0295321 -0.705505
12 1.21114 0 0 0.0177051 0.0282025 -0.618863
13 3.59919 -1.06012 0.070888 1.57083 0.687169 0.0685211
14 1.66069 0 0 -0.0591745 0.0506385 -1.08668
15 1.167 0 0 -0.00153251 0.000344332 0.0371015
16 2.18852 0.50104 0.0576591 1.57773 -0.0517057 0.0781118
17 1.29609 0 0 0.0422242 -0.0202655 -1.31234
18 1.62202 0.000713825 -0.000473022 -0.00721933 0.00768573 -1.42361
19 1.22241 0 0 -0.0460948 -0.0118938 -1.60795
20 1.76707 1.27612 0.0366414 1.57639 -0.0288682 0.0443824
21 1.55588 0 0 -0.0325022 0.00251742 -1.19894
22 1.24274 0 0 -0.000479056 0.000360991 -1.21146
23 0.784523 0 0 0.0171939 -0.0130958 -1.13138
24 -5.19429 13.3099 -2.074 -0.000932693 0 -2.00714
25 6.02794 0 0 0.347984 0.82015 -0.0859876
26 11.7344 0 0 0.00140263 0 1.54795
27 8.81167 0 0 0.226235 0 0
28 5.77884 0 0 0.151578 0 0
29 2.23249 0 0 0.0746577 0 0
30 11.4725 0 0 0.707281 -0.596086 -0.802324
31 0.615813 0.994371 -0.809165 -2.97612 0.595303 0.240986
32 2.24752 0 0 -0.445847 0.213517 0.207051
33 1.11936 0 0 -0.0756674 0.0622469 1.2491
34 3.71349 0.102639 0.102191 -1.96058 1.12874 -1.10629
35 1.72615 0 0 0.00391299 0.0152072 1.37543
36 1.21112 0 0 -0.00344491 0.0284358 0.948687
37 3.5992 1.06012 0.0708882 -1.72661 0.34163 -0.401559
38 1.66069 0 0 -0.00540909 0.075929 0.151245
39 1.16699 0 0 0.0205414 0.0324705 0.181138
40 2.18853 -0.50104 0.057659 -1.5814 0.104282 -0.178572
41 1.29609 0 0 0.456161 0.220806 1.34519
42 1.62201 -0.000713348 -0.000469685 0.000354379 0.000501061 1.28898
43 1.22241 0 0 0.0331103 0.0124894 1.03954
44 1.76707 -1.27612 0.0366411 -1.58579 0.25066 -0.218726
45 1.55587 0 0 0.429773 0.0108479 1.43418
46 1.24273 0 0 0.000478824 0.000361029 0.896377
47 0.784531 0 0 -0.0107935 -0.0124094 0.897776
48 0 0 0 0 0 0
49 -3.16527 -17.2166 -5.4398 0 0 0
50 -0.169706 1.99333 0.168103 0 0 0
51 -0.0820303 6.45731 -3.5827 -0.502358 0.0933924 0.040056
52 0 -6.39109 2.6639 -0.436332 1.39626 -1.5708
53 0 -3.88574 -0.867034 0 0 -1.5708
54 0 -2.3834 1.62041 0 1.39626 -1.5708
55 0 -9.60567 0.51389 0 0.785398 -1.5708
56 -2.76667 -0.616137 1.06069 1.5708 0 0
57 -2.76737 0.616133 1.06069 1.5708 0 0
58 2.88967 -10.336 -5.1014 -0.00426554 0.589425 -1.3131
59 4.48865 -10.6626 -7.03945 1.52346 0.738445 1.90536
60 -5.55004 0.704792 -12.5993 -0.235681 -0.0276156 0.0895729
61 -5.79513 0.630072 -13.7712 -0.244768 -0.0221616 0.0939724
time 73
0 7.81943 7.68717 -12.672 0.000934124 0 -1.48352
1 6.02794 0 0 -1.37472 0.64774 -0.309651
2 11.7344 0 0 -0.00140293 0 -2.11853
3 8.81139 -0.000449657 -0.000112057 0.705946 0 0.000157971
4 5.77839 0.000286579 0 0.472984 0 0.000109716
5 2.23164 -0.000329494 -0.00036478 0.232962 0 0
6 11.4725 0 0 0.47929 -0.596163 0.426753
7 0.615219 -0.993092 -0.8107 2.74693 0.378299 -0.37746
8 2.24752 0 0 0.0497582 -0.0894242 -0.329642
9 1.11936 0 0 0.094284 0.0346572 0.0282661
10 3.71348 -0.102642 0.102191 1.36241 1.30349 -0.119985
11 1.72615 0 0 0.00078731 0.0295322 -0.705504
12 1.21114 0 0 0.0177049 0.0282025 -0.618863
13 3.59919 -1.06012 0.0708877 1.57083 0.687169 0.0685211
14 1.66069 0 0 -0.0591745 0.0506385 -1.08668
15 1.167 0 0 -0.00153257 0.000344348 0.0371015
16 2.18852 0.50104 0.0576589 1.57773 -0.0517058 0.0781118
17 1.29609 0 0 0.0422244 -0.0202656 -1.31234
18 1.62202 0.000714779 -0.000471115 -0.00721927 0.00768558 -1.42361
19 1.22241 0 0 -0.046095 -0.0118937 -1.60795
20 1.76707 1.27612 0.0366408 1.57639 -0.0288682 0.0443824
21 1.55588 0 0 -0.0325022 0.00251745 -1.19894
22 1.24274 0 0 -0.00047899 0.000361 -1.21146
23 0.784523 0 0 0.0171937 -0.0130958 -1.13138
24 -5.19429 13.3099 -2.074 -0.000932693 0 -2.00714
25 6.02794 0 0 0.349138 0.820203 -0.0858003
26 11.7344 0 0 0.0014027 0 1.55333
27 8.81167 0 0 0.217017 0 0
28 5.77884 0 0 0.145401 0 0
29 2.23249 0 0 0.0716154 0 0
30 11.4725 0 0 0.710177 -0.587991 -0.817587
31 0.615813 0.994372 -0.809165 -2.97612 0.595303 0.240986
32 2.24752 0 0 -0.445847 0.213517 0.207051
33 1.11936 0 0 -0.0756675 0.0622469 1.2491
34 3.71349 0.102639 0.102191 -1.96058 1.12874 -1.10629
35 1.72615 0 0 0.00391313 0.015207 1.37543
36 1.21112 0 0 -0.00344495 0.028436 0.948687
37 3.5992 1.06012 0.0708882 -1.72661 0.34163 -0.401559
38 1.66069 0 0 -0.00540912 0.075929 0.151245
39 1.16699 0 0 0.0205414 0.0324705 0.181138
40 2.18853 -0.50104 0.0576588 -1.5814 0.104282 -0.178572
41 1.29609 0 0 0.456161 0.220806 1.34519
42 1.62201 -0.000713348 -0.000469685 0.000354401 0.000501016 1.28898
43 1.22241 0 0 0.0331103 0.0124894 1.03954
44 1.76707 -1.27612 0.0366409 -1.58579 0.25066 -0.218727
45 1.55588 0 0 0.429773 0.0108479 1.43418
46 1.24273 0 0 0.000478912 0.000361048 0.896377
47 0.784531 0 0 -0.0107935 -0.012409 0.897776
48 0 0 0 0 0 0
49 -3.16527 -17.2166 -5.4398 0 0 0
50 -0.169706 1.99333 0.168103 0 0 0
51 -0.0679662 6.49526 -3.5483 -0.490891 0.0927302 0.0396384
52 0 -6.39109 2.66389 -0.436332 1.39626 -1.5708
53 0 -3.88574 -0.867036 0 0 -1.5708
54 0 -2.38341 1.62041 0 1.39626 -1.5708
55 0 -9.60567 0.513888 0 0.785398 -1.5708
56 -2.76667 -0.616136 1.06069 1.5708 0 0
57 -2.76737 0.616133 1.06069 1.5708 0 0
58 2.59848 -10.3416 -4.58437 0.0164353 0.528468 -1.23825
59 4.2839 -10.6646 -6.44838 1.50457 0.80041 1.95608
60 -5.55004 0.704792 -12.5993 -0.235681 -0.0276156 0.0895729
61 -5.79513 0.630071 -13.7712 -0.244768 -0.0221616 0.0939725
time 74
0 7.81943 7.73018 -12.672 0.000934124 0 -1.48352
1 6.02794 0 0 -1.38036 0.601154 -0.333983
2 11.7344 0 0 -0.00140294 0 -2.07793
3 8.81138 -0.000449657 -0.000112057 0.787873 0 0.000157837
4 5.77839 0.000286579 0 0.527875 0 0.000110164
5 2.23163 -0.000329494 -0.000363827 0.259998 0 0
6 11.4725 0 0 0.606173 -0.584627 0.341781
7 0.61522 -0.993092 -0.8107 2.74693 0.378299 -0.37746
8 2.24752 0 0 0.0497582 -0.0894241 -0.329642
9 1.11936 0 0 0.094284 0.034657 0.0282661
10 3.71348 -0.102642 0.102191 1.36241 1.30349 -0.119986
11 1.72615 0 0 0.000787376 0.0295322 -0.705504
12 1.21114 0 0 0.017705 0.0282025 -0.618863
13 3.59919 -1.06012 0.0708878 1.57083 0.687169 0.068521
14 1.66069 0 0 -0.0591745 0.0506385 -1.08668
15 1.167 0 0 -0.00153251 0.000344302 0.0371015
16 2.18852 0.501039 0.057659 1.57773 -0.0517059 0.0781119
17 1.29609 0 0 0.0422243 -0.0202656 -1.31234
18 1.62202 0.000714064 -0.000471115 -0.00721929 0.00768568 -1.42361
19 1.22241 0 0 -0.0460948 -0.0118938 -1.60795
20 1.76707 1.27612 0.0366414 1.57639 -0.0288683 0.0443825
21 1.55588 0 0 -0.032502 0.00251749 -1.19894
22 1.24274 0 0 -0.000479118 0.000360767 -1.21146
23 0.784523 0 0 0.0171938 -0.0130957 -1.13138
24 -5.19429 13.3099 -2.074 -0.000932693 0 -2.00714
25 6.02794 0 0 0.350589 0.820114 -0.0850829
26 11.7344 0 0 0.00140285 0 1.55733
27 8.81167 0 0 0.209102 0 0
28 5.77884 0 0 0.140099 0 0
29 2.23249 0 0 0.0690038 0 0
30 11.4725 0 0 0.712507 -0.581285 -0.830462
31 0.615813 0.994372 -0.809165 -2.97612 0.595303 0.240986
32 2.24752 0 0 -0.445847 0.213517 0.207051
33 1.11936 0 0 -0.0756673 0.062247 1.2491
34 3.71349 0.102639 0.102191 -1.96058 1.12874 -1.10629
35 1.72615 0 0 0.00391322 0.0152071 1.37543
36 1.21112 0 0 -0.00344502 0.028436 0.948687
37 3.5992 1.06012 0.070888 -1.72661 0.34163 -0.401559
38 1.66069 0 0 -0.00540904 0.0759289 0.151245
39 1.16699 0 0 0.0205414 0.0324704 0.181138
40 2.18853 -0.50104 0.0576593 -1.5814 0.104282 -0.178572
41 1.29609 0 0 0.456161 0.220806 1.34519
42 1.62201 -0.000711441 -0.000470161 0.000354434 0.000500973 1.28898
43 1.22241 0 0 0.0331103 0.0124895 1.03954
44 1.76707 -1.27612 0.0366412 -1.58579 0.25066 -0.218726
45 1.55588 0 0 0.429773 0.0108479 1.43418
46 1.24273 0 0 0.000478911 0.000360995 0.896377
47 0.784532 0 0 -0.0107934 -0.0124092 0.897777
48 0 0 0 0 0 0
49 -3.16527 -17.2166 -5.4398 0 0 0
50 -0.169706 1.99333 0.168103 0 0 0
51 -0.0544579 6.52311 -3.51883 -0.481213 0.0922478 0.0390234
52 0 -6.39109 2.6639 -0.436332 1.39626 -1.5708
53 0 -3.88574 -0.867035 0 0 -1.5708
54 0 -2.3834 1.62041 0 1.39626 -1.5708
55 0 -9.60567 0.51389 0 0.785398 -1.5708
56 -2.76667 -0.616137 1.06069 1.5708 0 0
57 -2.76737 0.616133 1.06069 1.5708 0 0
58 2.28837 -10.3534 -4.08636 0.0421276 0.462553 -1.1565
59 4.07741 -10.6521 -5.85543 1.47444 0.867087 2.00328
60 -5.55004 0.704792 -12.5993 -0.235681 -0.0276156 0.0895729
61 -5.79513 0.630072 -13.7712 -0.244768 -0.0221616 0.0939725
time 75
0 7.81943 7.78105 -12.672 0.000934124 0 -1.48352
1 6.02794 0 0 -1.3657 0.552302 -0.337187
2 11.7344 0 0 -0.0014028 0 -2.03651
3 8.81139 -0.000450134 -0.000112057 0.864038 0 0.000158269
4 5.77839 0.000286102 0 0.578906 0 0.000110873
5 2.23163 -0.000329971 -0.000364304 0.285133 0 0
6 11.4725 0 0 0.717912 -0.569609 0.272304
7 0.61522 -0.993092 -0.8107 2.74693 0.378299 -0.377459
8 2.24752 0 0 0.0497582 -0.0894243 -0.329642
9 1.11936 0 0 0.0942839 0.034657 0.0282661
10 3.71348 -0.102641 0.102191 1.36241 1.30349 -0.119985
11 1.72615 0 0 0.000787357 0.0295322 -0.705504
12 1.21114 0 0 0.017705 0.0282025 -0.618863
13 3.59919 -1.06012 0.0708883 1.57083 0.687169 0.0685211
14 1.66069 0 0 -0.0591745 0.0506385 -1.08668
15 1.167 0 0 -0.00153257 0.000344363 0.0371016
16 2.18852 0.501039 0.0576589 1.57773 -0.051706 0.0781119
17 1.29609 0 0 0.0422244 -0.0202656 -1.31234
18 1.62202 0.00071454 -0.000470161 -0.00721941 0.00768546 -1.42361
19 1.22241 0 0 -0.046095 -0.0118937 -1.60795
20 1.76707 1.27612 0.0366411 1.57639 -0.0288683 0.0443825
21 1.55588 0 0 -0.0325022 0.00251737 -1.19894
22 1.24274 0 0 -0.000479088 0.000360932 -1.21146
23 0.784523 0 0 0.0171939 -0.0130958 -1.13138
24 -5.19429 13.3099 -2.074 -0.000932693 0 -2.00714
25 6.02794 0 0 0.352113 0.819918 -0.0840141
26 11.7344 0 0 0.00140263 0 1.55997
27 8.81167 0 0 0.202835 0 0
28 5.77884 0 0 0.135899 0 0
29 2.23249 0 0 0.0669356 0 0
30 11.4725 0 0 0.714403 -0.576166 -0.840666
31 0.615813 0.994372 -0.809165 -2.97612 0.595303 0.240986
32 2.24752 0 0 -0.445847 0.213517 0.207051
33 1.11936 0 0 -0.0756673 0.0622469 1.2491
34 3.71349 0.102639 0.102191 -1.96058 1.12874 -1.10629
35 1.72615 0 0 0.0039131 0.0152071 1.37543
36 1.21112 0 0 -0.00344496 0.0284359 0.948687
37 3.5992 1.06012 0.0708885 -1.72661 0.34163 -0.401559
38 1.66069 0 0 -0.00540905 0.0759289 0.151245
39 1.16699 0 0 0.0205413 0.0324705 0.181138
40 2.18853 -0.50104 0.0576588 -1.5814 0.104282 -0.178572
41 1.29609 0 0 0.456161 0.220806 1.34519
42 1.62202 -0.000713348 -0.000470161 0.000354385 0.000501094 1.28898
43 1.22241 0 0 0.0331103 0.0124895 1.03954
44 1.76707 -1.27612 0.0366411 -1.58579 0.25066 -0.218726
45 1.55587 0 0 0.429773 0.010848 1.43418
46 1.24273 0 0 0.000478834 0.000360912 0.896377
47 0.784532 0 0 -0.0107935 -0.0124093 0.897776
48 0 0 0 0 0 0
49 -3.16527 -17.2166 -5.4398 0 0 0
50 -0.169706 1.99333 0.168103 0 0 0
51 -0.0421052 6.54115 -3.49577 -0.473582 0.0918737 0.0382592
52 0 -6.39109 2.66389 -0.436332 1.39626 -1.5708
53 0 -3.88574 -0.867035 0 0 -1.5708
54 0 -2.3834 1.62041 0 1.39626 -1.5708
55 0 -9.60567 0.513889 0 0.785398 -1.5708
56 -2.76667 -0.616136 1.06069 1.5708 0 0
57 -2.76737 0.616133 1.06069 1.5708 0 0
58 1.96315 -10.3732 -3.61167 0.0712752 0.393663 -1.07119
59 3.86515 -10.6227 -5.26685 1.43116 0.935857 2.04252
60 -5.55004 0.704792 -12.5993 -0.235681 -0.0276155 0.0895728
61 -5.79513 0.630073 -13.7712 -0.244768 -0.0221616 0.0939725
time 76
0 7.81943 7.84011 -12.672 0.000934124 0 -1.48352
1 6.02794 0 0 -1.33513 0.500983 -0.324031
2 11.7344 0 0 -0.00140276 0 -1.99457
3 8.81138 -0.000449657 -0.000112534 0.93185 0 0.000158214
4 5.77839 0.000286579 0 0.62434 0 0.000111355
5 2.23163 -0.000328541 -0.000364304 0.307511 0 0
6 11.4725 0 0 0.811958 -0.554445 0.221477
7 0.61522 -0.993091 -0.8107 2.74693 0.378299 -0.37746
8 2.24752 0 0 0.0497581 -0.089424 -0.329642
9 1.11936 0 0 0.094284 0.0346571 0.028266
10 3.71348 -0.102641 0.102191 1.36241 1.30349 -0.119985
11 1.72615 0 0 0.000787254 0.0295321 -0.705504
12 1.21114 0 0 0.0177052 0.0282025 -0.618863
13 3.59919 -1.06012 0.070888 1.57083 0.687169 0.0685211
14 1.66069 0 0 -0.0591745 0.0506385 -1.08668
15 1.167 0 0 -0.00153257 0.000344333 0.0371015
16 2.18852 0.50104 0.0576594 1.57773 -0.0517057 0.0781118
17 1.29609 0 0 0.0422244 -0.0202655 -1.31234
18 1.62202 0.000714302 -0.000471115 -0.00721935 0.00768567 -1.42361
19 1.22241 0 0 -0.0460949 -0.0118937 -1.60795
20 1.76707 1.27612 0.036641 1.57639 -0.0288682 0.0443825
21 1.55588 0 0 -0.0325022 0.00251746 -1.19894
22 1.24274 0 0 -0.000478892 0.000361068 -1.21146
23 0.784523 0 0 0.0171939 -0.0130958 -1.13138
24 -5.19429 13.3099 -2.074 -0.000932693 0 -2.00714
25 6.02794 0 0 0.353421 0.819676 -0.0828707
26 11.7344 0 0 0.00140269 0 1.56154
27 8.81167 0 0 0.198285 0 0
28 5.77884 0 0 0.132851 0 0
29 2.23249 0 0 0.0654339 0 0
30 11.4725 0 0 0.716096 -0.572556 -0.848405
31 0.615812 0.994373 -0.809165 -2.97612 0.595303 0.240986
32 2.24752 0 0 -0.445847 0.213517 0.207051
33 1.11936 0 0 -0.0756674 0.062247 1.2491
34 3.71349 0.10264 0.102191 -1.96058 1.12874 -1.10629
35 1.72615 0 0 0.00391315 0.0152071 1.37543
36 1.21112 0 0 -0.00344502 0.0284359 0.948687
37 3.5992 1.06012 0.0708882 -1.72661 0.34163 -0.401559
38 1.66069 0 0 -0.00540911 0.075929 0.151245
39 1.16699 0 0 0.0205414 0.0324705 0.181138
40 2.18853 -0.50104 0.0576589 -1.5814 0.104282 -0.178572
41 1.29609 0 0 0.456161 0.220806 1.34519
42 1.62202 -0.000713348 -0.000469685 0.000354392 0.000500967 1.28898
43 1.22241 0 0 0.0331103 0.0124894 1.03954
44 1.76707 -1.27612 0.0366412 -1.58579 0.25066 -0.218726
45 1.55588 0 0 0.429773 0.010848 1.43418
46 1.24273 0 0 0.000478916 0.000360997 0.896377
47 0.784532 0 0 -0.0107935 -0.0124092 0.897776
48 0 0 0 0 0 0
49 -3.16527 -17.2166 -5.4398 0 0 0
50 -0.169706 1.99333 0.168103 0 0 0
51 -0.0313315 6.55188 -3.47962 -0.467896 0.0915004 0.037415
52 0 -6.39109 2.66389 -0.436332 1.39626 -1.57079
53 0 -3.88574 -0.867035 0 0 -1.5708
54 0 -2.3834 1.62041 0 1.39626 -1.5708
55 0 -9.60566 0.513889 0 0.785398 -1.5708
56 -2.76667 -0.616136 1.06069 1.5708 0 0
57 -2.76737 0.616133 1.06069 1.5708 0 0
58 1.62649 -10.4027 -3.16436 0.102333 0.323746 -0.985984
59 3.6414 -10.5781 -4.69042 1.3727 1.00401 2.06856
60 -5.55004 0.704792 -12.5993 -0.235681 -0.0276155 0.0895728
61 -5.79513 0.630072 -13.7712 -0.244768 -0.0221616 0.0939725
time 77
0 7.81943 7.90771 -12.672 0.000934124 0 -1.48352
1 6.02794 0 0 -1.29316 0.447662 -0.299201
2 11.7344 0 0 -0.00140293 0 -1.95306
3 8.81139 -0.000449181 -0.00011158 0.988095 0 0.000158193
4 5.77839 0.000286102 0 0.662024 0 0.00011168
5 2.23164 -0.000329494 -0.00036335 0.326072 0 0
6 11.4725 0 0 0.886254 -0.541481 0.189584
7 0.615219 -0.993092 -0.8107 2.74693 0.378299 -0.37746
8 2.24752 0 0 0.0497581 -0.089424 -0.329642
9 1.11936 0 0 0.0942839 0.034657 0.028266
10 3.71348 -0.102641 0.102191 1.36241 1.30349 -0.119986
11 1.72615 0 0 0.000787301 0.0295322 -0.705504
12 1.21114 0 0 0.017705 0.0282026 -0.618863
13 3.59919 -1.06012 0.0708878 1.57083 0.687169 0.0685208
14 1.66069 0 0 -0.0591746 0.0506385 -1.08668
15 1.167 0 0 -0.00153263 0.000344304 0.0371015
16 2.18852 0.50104 0.0576591 1.57773 -0.0517059 0.0781118
17 1.29609 0 0 0.0422244 -0.0202656 -1.31234
18 1.62202 0.000714302 -0.000471115 -0.00721919 0.00768566 -1.42361
19 1.22241 0 0 -0.0460948 -0.0118938 -1.60795
20 1.76707 1.27612 0.0366409 1.57639 -0.0288681 0.0443823
21 1.55588 0 0 -0.0325022 0.00251746 -1.19894
22 1.24273 0 0 -0.000478905 0.000360878 -1.21146
23 0.784524 0 0 0.0171939 -0.0130959 -1.13138
24 -5.19429 13.3099 -2.074 -0.000932693 0 -2.00714
25 6.02794 0 0 0.354528 0.819396 -0.081672
26 11.7344 0 0 0.00140281 0 1.56217
27 8.81167 0 0 0.195196 0 0
28 5.77884 0 0 0.130782 0 0
29 2.23249 0 0 0.0644148 0 0
30 11.4725 0 0 0.717642 -0.570282 -0.854024
31 0.615812 0.994372 -0.809165 -2.97612 0.595303 0.240986
32 2.24752 0 0 -0.445847 0.213517 0.207051
33 1.11936 0 0 -0.0756674 0.062247 1.2491
34 3.71348 0.102638 0.10219 -1.96058 1.12874 -1.10629
35 1.72615 0 0 0.00391316 0.0152071 1.37543
36 1.21112 0 0 -0.00344501 0.028436 0.948687
37 3.5992 1.06012 0.0708876 -1.72661 0.34163 -0.401559
38 1.66069 0 0 -0.00540909 0.0759288 0.151245
39 1.16699 0 0 0.0205414 0.0324705 0.181138
40 2.18853 -0.50104 0.057659 -1.5814 0.104282 -0.178572
41 1.29609 0 0 0.456161 0.220806 1.34519
42 1.62201 -0.000713348 -0.000470161 0.000354481 0.000501049 1.28898
43 1.22241 0 0 0.0331103 0.0124895 1.03954
44 1.76707 -1.27612 0.0366409 -1.58579 0.25066 -0.218727
45 1.55588 0 0 0.429773 0.010848 1.43418
46 1.24273 0 0 0.00047893 0.00036106 0.896377
47 0.784531 0 0 -0.0107936 -0.0124093 0.897776
48 0 0 0 0 0 0
49 -3.16527 -17.2166 -5.4398 0 0 0
50 -0.169706 1.99333 0.168103 0 0 0
51 -0.0218899 6.55627 -3.46949 -0.46391 0.0911298 0.0364878
52 0 -6.39109 2.66389 -0.436332 1.39626 -1.5708
53 0 -3.88574 -0.867035 0 0 -1.5708
54 0 -2.3834 1.62041 0 1.39626 -1.5708
55 0 -9.60567 0.513889 0 0.785398 -1.5708
56 -2.76667 -0.616137 1.06069 1.5708 0 0
57 -2.76737 0.616133 1.06069 1.5708 0 0
58 1.28308 -10.4467 -2.74816 0.13367 0.254605 -0.9049
59 3.40183 -10.529 -4.13511 1.29738 1.06894 2.07584
60 -5.55004 0.704792 -12.5993 -0.235681 -0.0276155 0.0895728
61 -5.79513 0.630072 -13.7712 -0.244768 -0.0221616 0.0939724
time 78
0 7.81943 7.98416 -12.672 0.000934124 0 -1.48352
1 6.02794 0 0 -1.24453 0.392242 -0.267503
2 11.7344 0 0 -0.00140288 0 -1.91012
3 8.81139 -0.000449657 -0.000112534 1.02945 0 0.00015759
4 5.77839 0.000287056 0 0.689728 0 0.000111596
5 2.23164 -0.000329971 -0.000364304 0.339717 0 0
6 11.4725 0 0 0.939236 -0.531499 0.17261
7 0.615219 -0.993092 -0.8107 2.74693 0.378299 -0.37746
8 2.24752 0 0 0.0497581 -0.0894241 -0.329642
9 1.11936 0 0 0.0942841 0.0346571 0.0282659
10 3.71348 -0.102641 0.102191 1.36241 1.30349 -0.119986
11 1.72615 0 0 0.000787253 0.0295321 -0.705504
12 1.21114 0 0 0.0177051 0.0282024 -0.618863
13 3.59919 -1.06012 0.0708883 1.57083 0.687169 0.0685211
14 1.66069 0 0 -0.0591747 0.0506384 -1.08668
15 1.167 0 0 -0.00153257 0.000344452 0.0371015
16 2.18852 0.501039 0.0576591 1.57773 -0.0517057 0.0781117
17 1.29609 0 0 0.0422241 -0.0202656 -1.31234
18 1.62202 0.000714064 -0.000471115 -0.00721931 0.00768571 -1.42361
19 1.22241 0 0 -0.046095 -0.0118937 -1.60795
20 1.76707 1.27612 0.0366416 1.57639 -0.0288681 0.0443823
21 1.55588 0 0 -0.0325022 0.00251766 -1.19894
22 1.24274 0 0 -0.00047892 0.000360795 -1.21146
23 0.784523 0 0 0.0171937 -0.0130957 -1.13138
24 -5.19429 13.3099 -2.074 -0.000932693 0 -2.00714
25 6.02794 0 0 0.355454 0.819083 -0.0804303
26 11.7344 0 0 0.00140281 0 1.56203
27 8.81167 0 0 0.19333 0 0
28 5.77884 0 0 0.129531 0 0
29 2.23249 0 0 0.0637991 0 0
30 11.4725 0 0 0.719085 -0.569167 -0.857863
31 0.615813 0.994372 -0.809166 -2.97612 0.595303 0.240986
32 2.24752 0 0 -0.445847 0.213517 0.207051
33 1.11936 0 0 -0.0756674 0.0622469 1.2491
34 3.71349 0.102639 0.102191 -1.96058 1.12874 -1.10629
35 1.72615 0 0 0.00391309 0.0152071 1.37543
36 1.21112 0 0 -0.00344498 0.028436 0.948687
37 3.5992 1.06012 0.0708876 -1.72661 0.34163 -0.401559
38 1.66069 0 0 -0.00540905 0.0759289 0.151245
39 1.16699 0 0 0.0205414 0.0324704 0.181138
40 2.18853 -0.50104 0.0576591 -1.5814 0.104282 -0.178572
41 1.29609 0 0 0.456161 0.220806 1.34519
42 1.62201 -0.000713348 -0.000469685 0.000354413 0.00050097 1.28898
43 1.22241 0 0 0.0331103 0.0124894 1.03954
44 1.76707 -1.27612 0.0366409 -1.58579 0.25066 -0.218726
45 1.55588 0 0 0.429773 0.010848 1.43418
46 1.24273 0 0 0.000479038 0.000360905 0.896377
47 0.784532 0 0 -0.0107935 -0.0124091 0.897776
48 0 0 0 0 0 0
49 -3.16527 -17.2166 -5.4398 0 0 0
50 -0.169706 1.99333 0.168103 0 0 0
51 -0.0135329 6.55531 -3.46449 -0.461381 0.0907643 0.0354746
52 0 -6.39109 2.6639 -0.436333 1.39626 -1.5708
53 0 -3.88574 -0.867034 0 0 -1.5708
54 0 -2.3834 1.62041 0 1.39626 -1.5708
55 0 -9.60567 0.51389 0 0.785398 -1.5708
56 -2.76667 -0.616136 1.06069 1.5708 0 0
57 -2.76737 0.616133 1.06069 1.5708 0 0
58 0.937639 -10.5105 -2.36679 0.163698 0.187794 -0.832116
59 3.14477 -10.4918 -3.61086 1.2043 1.12842 2.05908
60 -5.55004 0.704792 -12.5993 -0.235681 -0.0276155 0.0895728
61 -5.79513 0.630072 -13.7712 -0.244768 -0.0221616 0.0939725
time 79
0 7.81943 8.06982 -12.672 0.000934124 0 -1.48352
1 6.02794 0 0 -1.19347 0.336491 -0.232816
2 11.7344 0 0 -0.00140288 0 -1.86594
3 8.81138 -0.000450134 -0.00011158 1.0533 0 0.000157957
4 5.77839 0.000286102 0 0.705714 0 0.000112049
5 2.23163 -0.000329018 -0.000363827 0.34759 0 0
6 11.4725 0 0 0.969856 -0.523866 0.165396
7 0.61522 -0.993091 -0.8107 2.74693 0.378299 -0.37746
8 2.24752 0 0 0.0497582 -0.0894241 -0.329642
9 1.11936 0 0 0.0942839 0.0346571 0.0282661
10 3.71348 -0.10264 0.102191 1.36241 1.30349 -0.119986
11 1.72615 0 0 0.000787264 0.0295321 -0.705504
12 1.21114 0 0 0.017705 0.0282025 -0.618863
13 3.59919 -1.06012 0.0708885 1.57083 0.687169 0.0685209
14 1.66069 0 0 -0.0591746 0.0506386 -1.08668
15 1.167 0 0 -0.00153257 0.000344363 0.0371016
16 2.18852 0.501039 0.0576596 1.57773 -0.0517058 0.0781118
17 1.29609 0 0 0.0422244 -0.0202656 -1.31234
18 1.62202 0.000713944 -0.000471115 -0.00721937 0.0076855 -1.42361
19 1.22241 0 0 -0.0460948 -0.0118937 -1.60795
20 1.76707 1.27612 0.0366411 1.57639 -0.0288682 0.0443823
21 1.55588 0 0 -0.0325023 0.00251755 -1.19894
22 1.24273 0 0 -0.000479022 0.000360942 -1.21146
23 0.784523 0 0 0.0171938 -0.0130959 -1.13138
24 -5.19429 13.3099 -2.074 -0.000932693 0 -2.00714
25 6.02794 0 0 0.35622 0.818744 -0.0791533
26 11.7344 0 0 0.00140268 0 1.56125
27 8.81167 0 0 0.192453 0 0
28 5.77884 0 0 0.128944 0 0
29 2.23249 0 0 0.0635097 0 0
30 11.4725 0 0 0.720462 -0.569036 -0.860253
31 0.615813 0.994372 -0.809165 -2.97612 0.595303 0.240986
32 2.24752 0 0 -0.445847 0.213517 0.207051
33 1.11936 0 0 -0.0756675 0.062247 1.2491
34 3.71349 0.102639 0.102191 -1.96058 1.12874 -1.10629
35 1.72615 0 0 0.0039131 0.015207 1.37543
36 1.21112 0 0 -0.00344494 0.0284359 0.948688
37 3.5992 1.06012 0.070888 -1.72661 0.34163 -0.401559
38 1.66069 0 0 -0.00540908 0.0759289 0.151245
39 1.16699 0 0 0.0205414 0.0324704 0.181138
40 2.18853 -0.50104 0.057659 -1.5814 0.104282 -0.178572
41 1.29609 0 0 0.456161 0.220806 1.34519
42 1.62201 -0.000713348 -0.000470638 0.000354455 0.000501087 1.28898
43 1.22241 0 0 0.0331103 0.0124894 1.03954
44 1.76707 -1.27612 0.0366408 -1.58579 0.25066 -0.218726
45 1.55588 0 0 0.429773 0.010848 1.43418
46 1.24273 0 0 0.000478931 0.000360932 0.896377
47 0.784532 0 0 -0.0107935 -0.0124092 0.897776
48 0 0 0 0 0 0
49 -3.16527 -17.2166 -5.4398 0 0 0
50 -0.169706 1.99333 0.168103 0 0 0
51 -0.00601315 6.54996 -3.46373 -0.460066 0.090406 0.0343726
52 0 -6.39109 2.6639 -0.436332 1.39626 -1.5708
53 0 -3.88574 -0.867035 0 0 -1.5708
54 0 -2.3834 1.62041 0 1.39626 -1.5708
55 0 -9.60567 0.513889 0 0.785398 -1.5708
56 -2.76667 -0.616137 1.06069 1.5708 0 0
57 -2.76737 0.616133 1.06069 1.5708 0 0
58 0.594853 -10.6 -2.02394 0.19094 0.124713 -0.771893
59 2.87255 -10.487 -3.12793 1.0942 1.18067 2.01431
60 -5.55004 0.704792 -12.5993 -0.235681 -0.0276155 0.0895728
61 -5.79513 0.630071 -13.7712 -0.244768 -0.0221616 0.0939724
time 80
0 7.81943 8.16501 -12.672 0.000934124 0 -1.48352
1 6.02794 0 0 -1.14368 0.282004 -0.198477
2 11.7344 0 0 -0.0014029 0 -1.81856
3 8.81139 -0.000449181 -0.000112295 1.05792 0 0.000158314
4 5.77839 0.000287056 0 0.708805 0 0.000112318
5 2.23164 -0.000329018 -0.000364304 0.349113 0 0
6 11.4725 0 0 0.977726 -0.517218 0.160203
7 0.615219 -0.993091 -0.8107 2.74693 0.378299 -0.37746
8 2.24752 0 0 0.0497582 -0.0894241 -0.329642
9 1.11936 0 0 0.094284 0.0346569 0.0282661
10 3.71348 -0.10264 0.10219 1.36241 1.30349 -0.119985
11 1.72615 0 0 0.000787228 0.029532 -0.705504
12 1.21114 0 0 0.0177051 0.0282026 -0.618863
13 3.59919 -1.06012 0.070888 1.57083 0.687169 0.068521
14 1.66069 0 0 -0.0591746 0.0506384 -1.08668
15 1.167 0 0 -0.00153257 0.000344273 0.0371015
16 2.18852 0.50104 0.0576596 1.57773 -0.0517059 0.0781118
17 1.29609 0 0 0.0422244 -0.0202656 -1.31234
18 1.62202 0.000714064 -0.000471115 -0.00721928 0.00768558 -1.42361
19 1.22241 0 0 -0.046095 -0.0118937 -1.60795
20 1.76707 1.27612 0.0366411 1.57639 -0.0288682 0.0443824
21 1.55588 0 0 -0.0325021 0.00251746 -1.19894
22 1.24274 0 0 -0.000479071 0.000360908 -1.21146
23 0.784523 0 0 0.0171939 -0.0130959 -1.13138
24 -5.19429 13.3099 -2.074 -0.000932693 0 -2.00714
25 6.02794 0 0 0.356849 0.818382 -0.0778487
26 11.7344 0 0 0.0014028 0 1.55997
27 8.81167 0 0 0.192336 0 0
28 5.77884 0 0 0.128865 0 0
29 2.23249 0 0 0.0634712 0 0
30 11.4725 0 0 0.721805 -0.569711 -0.861523
31 0.615813 0.994371 -0.809165 -2.97612 0.595303 0.240986
32 2.24752 0 0 -0.445847 0.213517 0.207051
33 1.11936 0 0 -0.0756674 0.0622471 1.2491
34 3.71349 0.102639 0.102191 -1.96058 1.12874 -1.10629
35 1.72615 0 0 0.00391314 0.0152071 1.37543
36 1.21112 0 0 -0.00344499 0.0284359 0.948688
37 3.5992 1.06012 0.070888 -1.72661 0.34163 -0.401559
38 1.66069 0 0 -0.00540905 0.0759289 0.151245
39 1.16699 0 0 0.0205414 0.0324705 0.181138
40 2.18853 -0.50104 0.0576591 -1.5814 0.104282 -0.178572
41 1.29609 0 0 0.456161 0.220806 1.34519
42 1.62202 -0.000713348 -0.000470161 0.000354466 0.000500967 1.28898
43 1.22241 0 0 0.0331104 0.0124894 1.03954
44 1.76707 -1.27612 0.0366411 -1.58579 0.25066 -0.218727
45 1.55588 0 0 0.429773 0.0108479 1.43418
46 1.24273 0 0 0.000478958 0.000360911 0.896377
47 0.784531 0 0 -0.0107935 -0.0124092 0.897776
48 0 0 0 0 0 0
49 -3.16527 -17.2166 -5.4398 0 0 0
50 -0.169706 1.99333 0.168103 0 0 0
51 0.000916719 6.5412 -3.46632 -0.459723 0.0900569 0.0331787
52 0 -6.39109 2.66389 -0.436332 1.39626 -1.5708
53 0 -3.88574 -0.867035 0 0 -1.5708
54 0 -2.3834 1.62041 0 1.39626 -1.5708
55 0 -9.60567 0.513889 0 0.785398 -1.5708
56 -2.76667 -0.616137 1.06069 1.5708 0 0
57 -2.76737 0.616133 1.06069 1.5708 0 0
58 0.259416 -10.7218 -1.72321 0.21413 0.0666954 -0.728524
59 2.59146 -10.5375 -2.69641 0.970542 1.22457 1.94005
60 -5.55004 0.704792 -12.5993 -0.235681 -0.0276155 0.0895728
61 -5.79513 0.630071 -13.7712 -0.244768 -0.0221616 0.0939725
time 81
0 7.81943 8.27006 -12.672 0.000934124 0 -1.48352
1 6.02794 0 0 -1.09806 0.231072 -0.167598
2 11.7344 0 0 -0.00140281 0 -1.76876
3 8.81138 -0.000449181 -0.000112057 1.05105 0 0.00015776
4 5.77839 0.000286102 0 0.7042 0 0.00011187
5 2.23164 -0.000329018 -0.000364304 0.346845 0 0
6 11.4725 0 0 0.973206 -0.509145 0.151243
7 0.615219 -0.993092 -0.8107 2.74693 0.378299 -0.37746
8 2.24752 0 0 0.0497582 -0.0894241 -0.329642
9 1.11936 0 0 0.094284 0.034657 0.0282661
10 3.71348 -0.102641 0.10219 1.36241 1.30349 -0.119986
11 1.72615 0 0 0.000787298 0.0295322 -0.705504
12 1.21114 0 0 0.017705 0.0282025 -0.618863
13 3.59919 -1.06012 0.070888 1.57083 0.687169 0.0685211
14 1.66069 0 0 -0.0591745 0.0506386 -1.08668
15 1.167 0 0 -0.00153257 0.000344333 0.0371015
16 2.18852 0.501039 0.0576591 1.57773 -0.0517058 0.0781117
17 1.29609 0 0 0.0422242 -0.0202655 -1.31234
18 1.62202 0.000714064 -0.000471115 -0.00721922 0.00768578 -1.42361
19 1.22241 0 0 -0.0460948 -0.0118938 -1.60795
20 1.76707 1.27612 0.0366406 1.57639 -0.0288681 0.0443824
21 1.55588 0 0 -0.0325022 0.00251743 -1.19894
22 1.24274 0 0 -0.000479056 0.000360991 -1.21146
23 0.784523 0 0 0.0171939 -0.013096 -1.13138
24 -5.19429 13.3099 -2.074 -0.000932693 0 -2.00714
25 6.02794 0 0 0.357367 0.818002 -0.0765191
26 11.7344 0 0 0.0014027 0 1.55832
27 8.81167 0 0 0.192755 0 0
28 5.77884 0 0 0.129146 0 0
29 2.23249 0 0 0.063609 0 0
30 11.4725 0 0 0.723141 -0.571016 -0.861997
31 0.615813 0.994372 -0.809165 -2.97612 0.595303 0.240986
32 2.24752 0 0 -0.445847 0.213517 0.20705
33 1.11936 0 0 -0.0756674 0.062247 1.2491
34 3.71349 0.102639 0.102191 -1.96058 1.12874 -1.10629
35 1.72615 0 0 0.00391318 0.0152071 1.37543
36 1.21112 0 0 -0.00344494 0.028436 0.948687
37 3.5992 1.06012 0.0708884 -1.72661 0.34163 -0.401559
38 1.66069 0 0 -0.00540907 0.0759289 0.151245
39 1.16699 0 0 0.0205413 0.0324704 0.181138
40 2.18853 -0.50104 0.0576593 -1.5814 0.104282 -0.178572
41 1.29609 0 0 0.456161 0.220806 1.34519
42 1.62202 -0.000713348 -0.000470161 0.000354523 0.00050098 1.28898
43 1.2224 0 0 0.0331103 0.0124895 1.03954
44 1.76707 -1.27612 0.0366411 -1.58579 0.25066 -0.218727
45 1.55588 0 0 0.429773 0.010848 1.43418
46 1.24273 0 0 0.000478953 0.000360987 0.896377
47 0.784532 0 0 -0.0107935 -0.0124092 0.897776
48 0 0 0 0 0 0
49 -3.16527 -17.2166 -5.4398 0 0 0
50 -0.169706 1.99333 0.168103 0 0 0
51 0.00750375 6.52999 -3.47139 -0.460108 0.0897194 0.03189
52 0 -6.39109 2.66389 -0.436333 1.39626 -1.5708
53 0 -3.88574 -0.867035 0 0 -1.5708
54 0 -2.3834 1.62041 0 1.39626 -1.5708
55 0 -9.60566 0.51389 0 0.785398 -1.5708
56 -2.76667 -0.616136 1.06069 1.5708 0 0
57 -2.76737 0.616133 1.06069 1.5708 0 0
58 -0.0640013 -10.8829 -1.46812 0.234359 0.0128049 -0.697254
59 2.31085 -10.6451 -2.31842 0.830775 1.2605 1.83817
60 -5.55004 0.704792 -12.5993 -0.235681 -0.0276155 0.0895728
61 -5.79513 0.630071 -13.7712 -0.244768 -0.0221616 0.0939725
time 82
0 7.81943 8.3853 -12.672 0.000934124 0 -1.48352
1 6.02794 0 0 -1.0583 0.184491 -0.142461
2 11.7344 0 0 -0.00140291 0 -1.71599
3 8.81138 -0.000451088 -0.000112295 1.04264 0 0.000158102
4 5.77839 0.000286102 0 0.69857 0 0.000112023
5 2.23163 -0.000329971 -0.000364304 0.344072 0 0
6 11.4725 0 0 0.968981 -0.496595 0.135402
7 0.615219 -0.993091 -0.8107 2.74693 0.378299 -0.37746
8 2.24752 0 0 0.0497582 -0.0894241 -0.329642
9 1.11936 0 0 0.094284 0.0346571 0.028266
10 3.71348 -0.102642 0.102191 1.36241 1.30349 -0.119986
11 1.72615 0 0 0.000787321 0.0295321 -0.705504
12 1.21114 0 0 0.017705 0.0282025 -0.618863
13 3.59919 -1.06012 0.070888 1.57083 0.687169 0.0685209
14 1.66069 0 0 -0.0591745 0.0506384 -1.08668
15 1.167 0 0 -0.00153269 0.000344395 0.0371014
16 2.18852 0.501039 0.0576596 1.57773 -0.0517058 0.0781118
17 1.29609 0 0 0.0422243 -0.0202656 -1.31234
18 1.62202 0.000713944 -0.000471115 -0.00721931 0.00768571 -1.42361
19 1.22241 0 0 -0.0460948 -0.0118938 -1.60795
20 1.76707 1.27612 0.0366416 1.57639 -0.0288682 0.0443824
21 1.55588 0 0 -0.0325023 0.00251745 -1.19894
22 1.24273 0 0 -0.000479041 0.000361074 -1.21146
23 0.784523 0 0 0.0171937 -0.0130957 -1.13138
24 -5.19429 13.3099 -2.074 -0.000932693 0 -2.00714
25 6.02794 0 0 0.357799 0.817607 -0.0751698
26 11.7344 0 0 0.00140273 0 1.55645
27 8.81167 0 0 0.193481 0 0
28 5.77884 0 0 0.129632 0 0
29 2.23249 0 0 0.0638487 0 0
30 11.4725 0 0 0.724498 -0.572774 -0.862001
31 0.615812 0.994372 -0.809165 -2.97612 0.595302 0.240986
32 2.24752 0 0 -0.445847 0.213517 0.207051
33 1.11936 0 0 -0.0756673 0.062247 1.2491
34 3.71349 0.102639 0.102191 -1.96058 1.12874 -1.10629
35 1.72615 0 0 0.003913 0.0152072 1.37543
36 1.21112 0 0 -0.00344489 0.0284359 0.948688
37 3.5992 1.06012 0.0708882 -1.72661 0.341629 -0.401559
38 1.66069 0 0 -0.00540906 0.075929 0.151245
39 1.16699 0 0 0.0205414 0.0324704 0.181138
40 2.18853 -0.50104 0.057659 -1.5814 0.104282 -0.178572
41 1.29609 0 0 0.456161 0.220806 1.34519
42 1.62202 -0.000712395 -0.000470161 0.000354446 0.000501001 1.28898
43 1.22241 0 0 0.0331103 0.0124895 1.03954
44 1.76707 -1.27612 0.0366408 -1.58579 0.25066 -0.218727
45 1.55588 0 0 0.429773 0.010848 1.43418
46 1.24273 0 0 0.000478851 0.000360991 0.896377
47 0.784531 0 0 -0.0107935 -0.0124093 0.897776
48 0 0 0 0 0 0
49 -3.16527 -17.2166 -5.4398 0 0 0
50 -0.169706 1.99333 0.168103 0 0 0
51 0.0139956 6.51732 -3.47804 -0.460977 0.0893954 0.0305035
52 0 -6.39109 2.66389 -0.436332 1.39626 -1.5708
53 0 -3.88574 -0.867035 0 0 -1.5708
54 0 -2.3834 1.62041 0 1.39626 -1.5708
55 0 -9.60567 0.513889 0 0.785398 -1.5708
56 -2.76667 -0.616136 1.06069 1.5708 0 0
57 -2.76737 0.616133 1.06069 1.5708 0 0
58 -0.37077 -11.0907 -1.2621 0.253921 -0.0395628 -0.669953
59 2.03863 -10.8011 -1.99041 0.665161 1.28875 1.70728
60 -5.55004 0.704792 -12.5993 -0.235681 -0.0276155 0.0895728
61 -5.79513 0.630071 -13.7712 -0.244768 -0.0221616 0.0939725
time 83
0 7.81943 8.51108 -12.672 0.000934124 0 -1.48352
1 6.02794 0 0 -1.02487 0.143647 -0.122928
2 11.7344 0 0 -0.0014029 0 -1.66081
3 8.81138 -0.000450134 -0.000111818 1.03476 0 0.000158156
4 5.77839 0.000286102 0 0.693289 0 0.000111964
5 2.23163 -0.000330925 -0.000364304 0.341471 0 0
6 11.4725 0 0 0.967928 -0.477864 0.111362
7 0.615219 -0.993092 -0.8107 2.74693 0.378299 -0.37746
8 2.24752 0 0 0.0497582 -0.0894242 -0.329642
9 1.11936 0 0 0.094284 0.034657 0.028266
10 3.71348 -0.102641 0.102191 1.36241 1.30349 -0.119986
11 1.72615 0 0 0.000787188 0.0295322 -0.705504
12 1.21114 0 0 0.017705 0.0282026 -0.618863
13 3.59919 -1.06012 0.0708885 1.57083 0.687169 0.0685211
14 1.66069 0 0 -0.0591745 0.0506386 -1.08668
15 1.167 0 0 -0.00153245 0.000344331 0.0371015
16 2.18852 0.501039 0.0576591 1.57773 -0.0517057 0.0781117
17 1.29609 0 0 0.0422243 -0.0202655 -1.31234
18 1.62202 0.000714183 -0.000471115 -0.00721931 0.00768562 -1.42361
19 1.22241 0 0 -0.0460949 -0.0118937 -1.60795
20 1.76707 1.27612 0.0366416 1.57639 -0.0288682 0.0443824
21 1.55588 0 0 -0.0325023 0.00251752 -1.19894
22 1.24274 0 0 -0.000478909 0.000361093 -1.21146
23 0.784523 0 0 0.0171939 -0.013096 -1.13138
24 -5.19429 13.3099 -2.074 -0.000932693 0 -2.00714
25 6.02794 0 0 0.358171 0.817202 -0.0738053
26 11.7344 0 0 0.0014028 0 1.55449
27 8.81167 0 0 0.194286 0 0
28 5.77884 0 0 0.130171 0 0
29 2.23249 0 0 0.0641142 0 0
30 11.4725 0 0 0.725904 -0.574804 -0.861859
31 0.615813 0.994372 -0.809165 -2.97612 0.595303 0.240986
32 2.24752 0 0 -0.445847 0.213517 0.207051
33 1.11936 0 0 -0.0756675 0.062247 1.2491
34 3.71348 0.102639 0.102191 -1.96058 1.12874 -1.10629
35 1.72615 0 0 0.0039131 0.0152071 1.37543
36 1.21112 0 0 -0.00344501 0.028436 0.948687
37 3.5992 1.06012 0.0708878 -1.72661 0.34163 -0.401559
38 1.66069 0 0 -0.00540906 0.075929 0.151245
39 1.16699 0 0 0.0205414 0.0324705 0.181138
40 2.18853 -0.50104 0.0576587 -1.5814 0.104282 -0.178572
41 1.29609 0 0 0.456161 0.220806 1.34519
42 1.62201 -0.000713348 -0.000470638 0.000354425 0.000500961 1.28898
43 1.22241 0 0 0.0331104 0.0124894 1.03954
44 1.76707 -1.27612 0.036641 -1.58579 0.25066 -0.218726
45 1.55588 0 0 0.429773 0.010848 1.43418
46 1.24273 0 0 0.000478946 0.000361041 0.896377
47 0.784532 0 0 -0.0107935 -0.0124092 0.897777
48 0 0 0 0 0 0
49 -3.16527 -17.2166 -5.4398 0 0 0
50 -0.169706 1.99333 0.168103 0 0 0
51 0.0206394 6.50415 -3.48538 -0.462087 0.0890873 0.0290162
52 0 -6.39109 2.66389 -0.436332 1.39626 -1.5708
53 0 -3.88574 -0.867035 0 0 -1.5708
54 0 -2.3834 1.62041 0 1.39626 -1.5708
55 0 -9.60567 0.513889 0 0.785398 -1.5708
56 -2.76667 -0.616137 1.06069 1.5708 0 0
57 -2.76737 0.616133 1.06069 1.5708 0 0
58 -0.656321 -11.3531 -1.10858 0.273523 -0.091571 -0.645868
59 1.7805 -11.0129 -1.71329 0.471131 1.3081 1.54572
60 -5.55004 0.704792 -12.5993 -0.235681 -0.0276156 0.0895729
61 -5.79513 0.630071 -13.7712 -0.244768 -0.0221616 0.0939725
time 84
0 7.81943 8.64772 -12.672 0.000934124 0 -1.48352
1 6.02794 0 0 -0.997836 0.108477 -0.108938
2 11.7344 0 0 -0.0014029 0 -1.60147
3 8.81138 -0.000451088 -0.000112057 1.02907 0 0.000158052
4 5.77839 0.000285149 0 0.689474 0 0.000111856
5 2.23164 -0.000329971 -0.000363827 0.339592 0 0
6 11.4725 0 0 0.972063 -0.4518 0.0774589
7 0.615219 -0.993092 -0.8107 2.74693 0.378299 -0.37746
8 2.24752 0 0 0.0497581 -0.0894241 -0.329642
9 1.11936 0 0 0.0942841 0.034657 0.0282661
10 3.71348 -0.102642 0.10219 1.36241 1.30349 -0.119985
11 1.72615 0 0 0.000787278 0.0295323 -0.705504
12 1.21114 0 0 0.0177051 0.0282027 -0.618863
13 3.59919 -1.06012 0.0708876 1.57083 0.687169 0.068521
14 1.66069 0 0 -0.0591746 0.0506385 -1.08668
15 1.167 0 0 -0.00153251 0.000344392 0.0371016
16 2.18852 0.501039 0.0576587 1.57773 -0.0517058 0.0781118
17 1.29609 0 0 0.0422244 -0.0202656 -1.31234
18 1.62202 0.000714064 -0.000471115 -0.00721931 0.00768571 -1.42361
19 1.22241 0 0 -0.046095 -0.0118938 -1.60795
20 1.76707 1.27612 0.0366402 1.57639 -0.0288681 0.0443825
21 1.55588 0 0 -0.0325021 0.00251752 -1.19894
22 1.24274 0 0 -0.000479022 0.000360942 -1.21146
23 0.784523 0 0 0.0171937 -0.0130956 -1.13138
24 -5.19429 13.3099 -2.074 -0.000932693 0 -2.00714
25 6.02794 0 0 0.358505 0.816792 -0.0724315
26 11.7344 0 0 0.00140276 0 1.55257
27 8.81167 0 0 0.194939 0 0
28 5.77884 0 0 0.130609 0 0
29 2.23249 0 0 0.0643298 0 0
30 11.4725 0 0 0.727387 -0.576928 -0.861892
31 0.615813 0.994372 -0.809165 -2.97612 0.595303 0.240986
32 2.24752 0 0 -0.445847 0.213517 0.207051
33 1.11936 0 0 -0.0756674 0.062247 1.2491
34 3.71349 0.102639 0.102191 -1.96058 1.12874 -1.10629
35 1.72615 0 0 0.00391301 0.0152072 1.37543
36 1.21112 0 0 -0.00344496 0.028436 0.948687
37 3.5992 1.06012 0.070888 -1.72661 0.34163 -0.401559
38 1.66069 0 0 -0.00540902 0.0759289 0.151245
39 1.16699 0 0 0.0205414 0.0324705 0.181138
40 2.18853 -0.50104 0.057659 -1.5814 0.104282 -0.178572
41 1.29609 0 0 0.456161 0.220806 1.34519
42 1.62201 -0.000713348 -0.000470161 0.000354499 0.000500998 1.28898
43 1.22241 0 0 0.0331103 0.0124894 1.03954
44 1.76707 -1.27612 0.0366415 -1.58579 0.25066 -0.218726
45 1.55587 0 0 0.429773 0.010848 1.43418
46 1.24273 0 0 0.000478894 0.000361011 0.896377
47 0.784531 0 0 -0.0107935 -0.0124092 0.897776
48 0 0 0 0 0 0
49 -3.16527 -17.2166 -5.4398 0 0 0
50 -0.169706 1.99333 0.168103 0 0 0
51 0.0276823 6.49146 -3.49253 -0.463196 0.088797 0.0274252
52 0 -6.39109 2.66389 -0.436332 1.39626 -1.5708
53 0 -3.88574 -0.867035 0 0 -1.5708
54 0 -2.3834 1.62041 0 1.39626 -1.5708
55 0 -9.60567 0.513888 0 0.785398 -1.5708
56 -2.76667 -0.616137 1.06069 1.5708 0 0
57 -2.76737 0.616133 1.06069 1.5708 0 0
58 -0.916167 -11.6781 -1.0111 0.293777 -0.144388 -0.624254
59 1.54134 -11.2874 -1.48804 0.252104 1.31671 1.35791
60 -5.55004 0.704792 -12.5993 -0.235681 -0.0276154 0.0895727
61 -5.79513 0.630071 -13.7712 -0.244768 -0.0221616 0.0939725
time 85
0 7.81943 8.79556 -12.672 0.000934124 0 -1.48352
1 6.02794 0 0 -0.976985 0.0784796 -0.102135
2 11.7344 0 0 -0.00140286 0 -1.53564
3 8.81138 -0.000448227 -0.000112295 1.02866 0 0.000158163
4 5.77839 0.000287056 0 0.689205 0 0.000111989
5 2.23163 -0.000328064 -0.000363827 0.339459 0 0
6 11.4725 0 0 0.984349 -0.417806 0.0325869
7 0.615219 -0.993091 -0.810701 2.74693 0.378299 -0.377459
8 2.24752 0 0 0.0497582 -0.0894243 -0.329642
9 1.11936 0 0 0.094284 0.0346571 0.028266
10 3.71348 -0.102641 0.10219 1.36241 1.30349 -0.119985
11 1.72615 0 0 0.000787321 0.0295321 -0.705504
12 1.21114 0 0 0.017705 0.0282026 -0.618863
13 3.59919 -1.06012 0.0708876 1.57083 0.687169 0.068521
14 1.66069 0 0 -0.0591747 0.0506384 -1.08668
15 1.167 0 0 -0.00153239 0.000344449 0.0371017
16 2.18852 0.50104 0.0576582 1.57773 -0.051706 0.0781119
17 1.29609 0 0 0.0422242 -0.0202656 -1.31234
18 1.62202 0.000714064 -0.000471592 -0.0072193 0.00768579 -1.42361
19 1.22241 0 0 -0.0460947 -0.0118938 -1.60795
20 1.76707 1.27612 0.0366402 1.57639 -0.0288683 0.0443824
21 1.55588 0 0 -0.0325022 0.00251754 -1.19894
22 1.24273 0 0 -0.000478924 0.00036101 -1.21146
23 0.784523 0 0 0.0171938 -0.0130959 -1.13138
24 -5.19429 13.3099 -2.074 -0.000932693 0 -2.00714
25 6.02794 0 0 0.358827 0.816379 -0.0710536
26 11.7344 0 0 0.00140272 0 1.55084
27 8.81167 0 0 0.195202 0 0
28 5.77884 0 0 0.130785 0 0
29 2.23249 0 0 0.0644165 0 0
30 11.4725 0 0 0.728976 -0.578966 -0.862426
31 0.615812 0.994372 -0.809165 -2.97612 0.595303 0.240986
32 2.24752 0 0 -0.445847 0.213517 0.20705
33 1.11936 0 0 -0.0756673 0.0622469 1.2491
34 3.71349 0.102639 0.102191 -1.96058 1.12874 -1.10629
35 1.72615 0 0 0.00391322 0.015207 1.37543
36 1.21112 0 0 -0.00344505 0.028436 0.948687
37 3.5992 1.06012 0.070888 -1.72661 0.34163 -0.401559
38 1.66069 0 0 -0.00540908 0.075929 0.151245
39 1.16699 0 0 0.0205414 0.0324705 0.181138
40 2.18853 -0.50104 0.0576591 -1.5814 0.104282 -0.178572
41 1.29609 0 0 0.456161 0.220806 1.34519
42 1.62201 -0.000712395 -0.000469685 0.000354449 0.000501017 1.28898
43 1.22241 0 0 0.0331103 0.0124892 1.03954
44 1.76707 -1.27612 0.0366411 -1.58579 0.25066 -0.218726
45 1.55588 0 0 0.429773 0.010848 1.43418
46 1.24273 0 0 0.000478891 0.000361013 0.896377
47 0.784531 0 0 -0.0107936 -0.0124093 0.897776
48 0 0 0 0 0 0
49 -3.16527 -17.2166 -5.4398 0 0 0
50 -0.169706 1.99333 0.168103 0 0 0
51 0.0353718 6.48023 -3.4986 -0.46406 0.0885269 0.0257276
52 0 -6.39109 2.66389 -0.436332 1.39626 -1.5708
53 0 -3.88574 -0.867035 0 0 -1.5708
54 0 -2.3834 1.62041 0 1.39626 -1.5708
55 0 -9.60566 0.513891 0 0.785398 -1.5708
56 -2.76667 -0.616136 1.06069 1.5708 0 0
57 -2.76737 0.616133 1.06069 1.5708 0 0
58 -1.17552 -12.0794 -0.96642 0.315185 -0.199181 -0.604361
59 1.29551 -11.6365 -1.309 0.0203038 1.31279 1.15715
60 -5.55004 0.70479 -12.5993 -0.235681 -0.0276156 0.0895729
61 -5.79513 0.63007 -13.7712 -0.244768 -0.0221616 0.0939725
time 86
0 7.81943 8.95492 -12.672 0.000934124 0 -1.48352
1 6.02794 0 0 -0.961915 0.0514186 -0.103762
2 11.7344 0 0 -0.00140279 0 -1.46132
3 8.81138 -0.000449181 -0.000112534 1.03565 0 0.000158644
4 5.77839 0.000287056 0 0.693888 0 0.000112334
5 2.23163 -0.000328064 -0.00036335 0.341766 0 0
6 11.4725 0 0 1.00588 -0.375319 -0.0216025
7 0.615219 -0.993091 -0.810701 2.74693 0.378299 -0.37746
8 2.24752 0 0 0.0497581 -0.0894241 -0.329642
9 1.11936 0 0 0.094284 0.0346569 0.0282661
10 3.71348 -0.102641 0.10219 1.36241 1.30349 -0.119986
11 1.72615 0 0 0.000787186 0.0295322 -0.705504
12 1.21114 0 0 0.0177051 0.0282025 -0.618863
13 3.59919 -1.06012 0.0708885 1.57083 0.687169 0.0685208
14 1.66069 0 0 -0.0591748 0.0506385 -1.08668
15 1.167 0 0 -0.00153233 0.000344448 0.0371016
16 2.18852 0.501039 0.0576591 1.57773 -0.0517059 0.0781119
17 1.29609 0 0 0.0422244 -0.0202656 -1.31234
18 1.62202 0.000714302 -0.000470638 -0.00721941 0.00768546 -1.42361
19 1.22241 0 0 -0.046095 -0.0118937 -1.60795
20 1.76707 1.27612 0.0366411 1.57639 -0.0288682 0.0443824
21 1.55588 0 0 -0.0325021 0.00251751 -1.19894
22 1.24274 0 0 -0.000478992 0.000361108 -1.21146
23 0.784523 0 0 0.017194 -0.013096 -1.13138
24 -5.19429 13.3099 -2.074 -0.000932693 0 -2.00714
25 6.02794 0 0 0.359158 0.815969 -0.0696809
26 11.7344 0 0 0.00140271 0 1.54943
27 8.81167 0 0 0.194835 0 0
28 5.77884 0 0 0.13054 0 0
29 2.23249 0 0 0.0642958 0 0
30 11.4725 0 0 0.730701 -0.580736 -0.863781
31 0.615814 0.994371 -0.809165 -2.97612 0.595303 0.240986
32 2.24752 0 0 -0.445847 0.213517 0.207051
33 1.11936 0 0 -0.0756674 0.062247 1.2491
34 3.71349 0.102638 0.102191 -1.96058 1.12874 -1.10629
35 1.72615 0 0 0.00391299 0.0152072 1.37543
36 1.21112 0 0 -0.00344496 0.028436 0.948687
37 3.5992 1.06012 0.070888 -1.72661 0.34163 -0.401559
38 1.66069 0 0 -0.00540906 0.075929 0.151245
39 1.16699 0 0 0.0205414 0.0324705 0.181138
40 2.18853 -0.50104 0.0576591 -1.5814 0.104282 -0.178572
41 1.29609 0 0 0.456161 0.220806 1.34519
42 1.62202 -0.000712395 -0.000470161 0.000354454 0.000500976 1.28898
43 1.22241 0 0 0.0331103 0.0124895 1.03954
44 1.76707 -1.27612 0.0366411 -1.58579 0.25066 -0.218726
45 1.55588 0 0 0.429773 0.0108479 1.43418
46 1.24273 0 0 0.000478888 0.000360998 0.896377
47 0.784532 0 0 -0.0107936 -0.0124093 0.897776
48 0 0 0 0 0 0
49 -3.16527 -17.2166 -5.4398 0 0 0
50 -0.169706 1.99333 0.168103 0 0 0
51 0.0439551 6.47142 -3.50271 -0.464435 0.0882791 0.0239203
52 0 -6.39109 2.66389 -0.436331 1.39626 -1.57079
53 0 -3.88574 -0.867035 0 0 -1.5708
54 0 -2.3834 1.62041 0 1.39626 -1.5708
55 0 -9.60567 0.513889 0 0.785398 -1.5708
56 -2.76667 -0.616137 1.06069 1.5708 0 0
57 -2.76737 0.616133 1.06069 1.5708 0 0
58 -1.45092 -12.5426 -0.963797 0.338119 -0.25711 -0.585403
59 1.02513 -12.0437 -1.16325 -0.206226 1.29528 0.962712
60 -5.55004 0.70479 -12.5993 -0.235681 -0.0276154 0.0895727
61 -5.79513 0.630069 -13.7712 -0.244768 -0.0221616 0.0939725
time 87
0 7.81943 9.12615 -12.672 0.000934124 0 -1.48352
1 6.02794 0 0 -0.952412 0.0261196 -0.112136
2 11.7344 0 0 -0.00140276 0 -1.38118
3 8.81138 -0.000450134 -0.000112295 1.05078 0 0.00015837
4 5.77839 0.000287056 0 0.70402 0 0.000112223
5 2.23163 -0.000329018 -0.00036335 0.346756 0 0
6 11.4725 0 0 1.03572 -0.323302 -0.0804022
7 0.615219 -0.993092 -0.810701 2.74693 0.378299 -0.37746
8 2.24752 0 0 0.0497583 -0.0894242 -0.329642
9 1.11936 0 0 0.0942838 0.034657 0.0282662
10 3.71348 -0.102642 0.102191 1.36241 1.30349 -0.119985
11 1.72615 0 0 0.000787413 0.0295322 -0.705504
12 1.21114 0 0 0.017705 0.0282025 -0.618863
13 3.59919 -1.06012 0.0708876 1.57083 0.687169 0.0685209
14 1.66069 0 0 -0.0591746 0.0506387 -1.08668
15 1.167 0 0 -0.00153263 0.000344275 0.0371015
16 2.18852 0.501039 0.0576591 1.57773 -0.0517059 0.0781119
17 1.29609 0 0 0.0422244 -0.0202656 -1.31234
18 1.62202 0.000713825 -0.000470638 -0.00721927 0.00768566 -1.42361
19 1.22241 0 0 -0.0460949 -0.0118939 -1.60795
20 1.76707 1.27612 0.0366392 1.57639 -0.0288682 0.0443824
21 1.55588 0 0 -0.0325021 0.00251746 -1.19894
22 1.24273 0 0 -0.000478958 0.000361059 -1.21146
23 0.784523 0 0 0.0171938 -0.0130958 -1.13138
24 -5.19429 13.3099 -2.074 -0.000932693 0 -2.00714
25 6.02794 0 0 0.359523 0.815565 -0.0683186
26 11.7344 0 0 0.00140279 0 1.54849
27 8.81167 0 0 0.193594 0 0
28 5.77884 0 0 0.129708 0 0
29 2.23249 0 0 0.0638861 0 0
30 11.4725 0 0 0.732594 -0.582055 -0.866281
31 0.615813 0.994371 -0.809165 -2.97612 0.595303 0.240986
32 2.24752 0 0 -0.445847 0.213517 0.207051
33 1.11936 0 0 -0.0756674 0.062247 1.2491
34 3.71349 0.102639 0.102191 -1.96058 1.12874 -1.10629
35 1.72615 0 0 0.00391319 0.0152071 1.37543
36 1.21112 0 0 -0.003445 0.0284359 0.948687
37 3.5992 1.06012 0.070888 -1.72661 0.341629 -0.401559
38 1.66069 0 0 -0.00540908 0.0759289 0.151245
39 1.16699 0 0 0.0205414 0.0324704 0.181138
40 2.18853 -0.50104 0.057659 -1.5814 0.104282 -0.178572
41 1.29609 0 0 0.456161 0.220806 1.34519
42 1.62201 -0.000713348 -0.000469685 0.000354526 0.000500959 1.28898
43 1.22241 0 0 0.0331103 0.0124894 1.03954
44 1.76707 -1.27612 0.0366408 -1.58579 0.25066 -0.218726
45 1.55588 0 0 0.429773 0.0108479 1.43418
46 1.24273 0 0 0.000478828 0.000361089 0.896377
47 0.784531 0 0 -0.0107935 -0.0124093 0.897777
48 0 0 0 0 0 0
49 -3.16527 -17.2166 -5.4398 0 0 0
50 -0.169706 1.99333 0.168103 0 0 0
51 0.0536797 6.46601 -3.50397 -0.464079 0.0880556 0.0220004
52 0 -6.39109 2.6639 -0.436332 1.39626 -1.5708
53 0 -3.88574 -0.867035 0 0 -1.5708
54 0 -2.3834 1.62041 0 1.39626 -1.5708
55 0 -9.60566 0.513889 0 0.785398 -1.5708
56 -2.76667 -0.616136 1.06069 1.5708 0 0
57 -2.76737 0.616133 1.06069 1.5708 0 0
58 -1.72492 -13.0337 -0.996072 0.362784 -0.319325 -0.566531
59 0.745401 -12.4725 -1.042 -0.412183 1.26431 0.79122
60 -5.55004 0.70479 -12.5993 -0.235681 -0.0276156 0.0895729
61 -5.79513 0.630069 -13.7712 -0.244768 -0.0221616 0.0939725
time 88
0 7.81943 9.30958 -12.672 0.000934124 0 -1.48352
1 6.02794 0 0 -0.948665 0.00195604 -0.125684
2 11.7344 0 0 -0.00140287 0 -1.29838
3 8.81139 -0.000449181 -0.000112295 1.07568 0 0.00015754
4 5.77839 0.000287056 0 0.720706 0 0.000111953
5 2.23164 -0.000328064 -0.000363827 0.354974 0 0
6 11.4725 0 0 1.07369 -0.260599 -0.139277
7 0.615219 -0.993091 -0.8107 2.74693 0.378299 -0.37746
8 2.24752 0 0 0.0497581 -0.0894242 -0.329642
9 1.11936 0 0 0.0942841 0.034657 0.0282659
10 3.71348 -0.102641 0.10219 1.36241 1.30349 -0.119985
11 1.72615 0 0 0.000787305 0.029532 -0.705504
12 1.21114 0 0 0.017705 0.0282024 -0.618863
13 3.59919 -1.06012 0.0708857 1.57083 0.687169 0.068521
14 1.66069 0 0 -0.0591745 0.0506386 -1.08668
15 1.167 0 0 -0.00153245 0.000344331 0.0371016
16 2.18852 0.50104 0.0576582 1.57773 -0.0517058 0.0781118
17 1.29609 0 0 0.0422243 -0.0202657 -1.31234
18 1.62202 0.000714064 -0.000471115 -0.00721939 0.0076858 -1.42361
19 1.22241 0 0 -0.0460948 -0.0118937 -1.60795
20 1.76707 1.27612 0.0366402 1.57639 -0.0288682 0.0443824
21 1.55588 0 0 -0.032502 0.00251747 -1.19894
22 1.24274 0 0 -0.000479007 0.000361025 -1.21146
23 0.784523 0 0 0.0171939 -0.0130959 -1.13138
24 -5.19429 13.3099 -2.074 -0.000932693 0 -2.00714
25 6.02794 0 0 0.359944 0.815172 -0.0669744
26 11.7344 0 0 0.00140272 0 1.54815
27 8.81167 0 0 0.19123 0 0
28 5.77884 0 0 0.128124 0 0
29 2.23249 0 0 0.0631059 0 0
30 11.4725 0 0 0.734684 -0.58274 -0.870244
31 0.615812 0.994371 -0.809165 -2.97612 0.595303 0.240986
32 2.24752 0 0 -0.445847 0.213517 0.20705
33 1.11936 0 0 -0.0756674 0.062247 1.2491
34 3.71349 0.102639 0.102191 -1.96058 1.12874 -1.10629
35 1.72615 0 0 0.0039132 0.0152071 1.37543
36 1.21112 0 0 -0.00344498 0.028436 0.948688
37 3.5992 1.06012 0.0708878 -1.72661 0.341629 -0.401559
38 1.66069 0 0 -0.00540906 0.0759289 0.151245
39 1.16699 0 0 0.0205414 0.0324704 0.181138
40 2.18853 -0.50104 0.0576593 -1.5814 0.104282 -0.178572
41 1.29609 0 0 0.456161 0.220806 1.34519
42 1.62201 -0.000712395 -0.000470161 0.00035458 0.000500882 1.28898
43 1.22241 0 0 0.0331103 0.0124896 1.03954
44 1.76707 -1.27612 0.0366411 -1.58579 0.25066 -0.218727
45 1.55587 0 0 0.429773 0.010848 1.43418
46 1.24273 0 0 0.000478956 0.000360994 0.896377
47 0.784531 0 0 -0.0107935 -0.0124092 0.897776
48 0 0 0 0 0 0
49 -3.16527 -17.2166 -5.4398 0 0 0
50 -0.169706 1.99333 0.168103 0 0 0
51 0.0647926 6.46497 -3.50148 -0.462748 0.0878587 0.0199649
52 0 -6.39109 2.6639 -0.436332 1.39626 -1.5708
53 0 -3.88574 -0.867034 0 0 -1.5708
54 0 -2.3834 1.62041 0 1.39626 -1.5708
55 0 -9.60567 0.513889 0 0.785398 -1.5708
56 -2.76667 -0.616137 1.06069 1.5708 0 0
57 -2.76737 0.616133 1.06069 1.5708 0 0
58 -1.97989 -13.5188 -1.05664 0.389155 -0.386946 -0.546771
59 0.470614 -12.886 -0.93784 -0.591024 1.22091 0.650723
60 -5.55004 0.70479 -12.5993 -0.235681 -0.0276154 0.0895727
61 -5.79513 0.630069 -13.7712 -0.244768 -0.0221616 0.0939725
time 89
0 7.81943 9.55794 -12.5021 0.000934124 0 -1.48352
1 6.02794 0 0 -0.953161 -0.00819784 -0.142923
2 11.7344 0 0 -0.00140291 0 -1.22271
3 8.81138 -0.000450134 -0.000112057 1.12028 0 0.000157527
4 5.77839 0.000286102 0 0.750591 0 0.000112152
5 2.23163 -0.000329018 -0.000363827 0.369694 0 0
6 11.4725 0 0 1.12834 -0.1853 -0.199623
7 0.615219 -0.993092 -0.8107 2.74693 0.378299 -0.37746
8 2.24752 0 0 0.0497582 -0.0894241 -0.329642
9 1.11936 0 0 0.094284 0.034657 0.0282661
10 3.71348 -0.102641 0.102191 1.36241 1.30349 -0.119985
11 1.72615 0 0 0.000787229 0.029532 -0.705504
12 1.21114 0 0 0.017705 0.0282026 -0.618863
13 3.59919 -1.06012 0.0708885 1.57083 0.687169 0.0685209
14 1.66069 0 0 -0.0591747 0.0506386 -1.08668
15 1.167 0 0 -0.00153269 0.000344216 0.0371015
16 2.18852 0.501039 0.0576591 1.57773 -0.0517059 0.0781117
17 1.29609 0 0 0.0422243 -0.0202657 -1.31234
18 1.62202 0.000713825 -0.000471115 -0.0072194 0.00768563 -1.42361
19 1.22241 0 0 -0.0460949 -0.0118938 -1.60795
20 1.76707 1.27612 0.0366402 1.57639 -0.0288682 0.0443823
21 1.55588 0 0 -0.0325022 0.00251744 -1.19894
22 1.24273 0 0 -0.000479037 0.000360859 -1.21146
23 0.784523 0 0 0.0171939 -0.0130959 -1.13138
24 -5.19429 13.3099 -2.074 -0.000932693 0 -2.00714
25 6.02794 0 0 0.360447 0.814793 -0.0656525
26 11.7344 0 0 0.00140276 0 1.54854
27 8.81167 0 0 0.187494 0 0
28 5.77884 0 0 0.125621 0 0
29 2.23249 0 0 0.0618728 0 0
30 11.4725 0 0 0.737001 -0.582605 -0.875987
31 0.615812 0.994372 -0.809165 -2.97612 0.595303 0.240986
32 2.24752 0 0 -0.445847 0.213517 0.207051
33 1.11936 0 0 -0.0756673 0.062247 1.2491
34 3.71349 0.102639 0.102191 -1.96058 1.12874 -1.10629
35 1.72615 0 0 0.00391308 0.0152071 1.37543
36 1.21112 0 0 -0.00344492 0.028436 0.948687
37 3.5992 1.06012 0.0708878 -1.72661 0.34163 -0.401559
38 1.66069 0 0 -0.00540904 0.0759289 0.151245
39 1.16699 0 0 0.0205414 0.0324705 0.181138
40 2.18853 -0.50104 0.057659 -1.5814 0.104282 -0.178572
41 1.29609 0 0 0.456161 0.220806 1.34519
42 1.62201 -0.000712395 -0.000470161 0.000354413 0.000501007 1.28898
43 1.2224 0 0 0.0331103 0.0124894 1.03954
44 1.76707 -1.27612 0.0366411 -1.58579 0.25066 -0.218726
45 1.55588 0 0 0.429773 0.010848 1.43418
46 1.24273 0 0 0.000478885 0.000361008 0.896377
47 0.784532 0 0 -0.0107935 -0.0124092 0.897777
48 0 0 0 0 0 0
49 -3.16527 -17.2166 -5.4398 0 0 0
50 -0.169706 1.99333 0.168103 0 0 0
51 0.0775414 6.46927 -3.49438 -0.460199 0.0876905 0.0178109
52 0 -6.39109 2.66389 -0.436331 1.39626 -1.57079
53 0 -3.88574 -0.867036 0 0 -1.5708
54 0 -2.3834 1.62041 0 1.39626 -1.5708
55 0 -9.60567 0.513889 0 0.785398 -1.5708
56 -2.76667 -0.616136 1.06069 1.5708 0 0
57 -2.76737 0.616133 1.06069 1.5708 0 0
58 -2.19801 -13.9641 -1.13916 0.416881 -0.46106 -0.524931
59 0.214214 -13.2471 -0.844812 -0.744143 1.16639 0.541531
60 -5.55004 0.70479 -12.5993 -0.235681 -0.0276156 0.0895729
61 -5.79513 0.630069 -13.7712 -0.244768 -0.0221616 0.0939725
time 90
0 7.81943 9.90808 -12.0324 0.000934124 0 -1.48352
1 6.02794 0 0 -0.966094 0.00411006 -0.160344
2 11.7344 0 0 -0.00140291 0 -1.16361
3 8.81138 -0.000449181 -0.000112057 1.1903 0 0.000157429
4 5.77839 0.000287056 0 0.7975 0 0.000112666
5 2.23164 -0.000328064 -0.000363827 0.392798 0 0
6 11.4725 0 0 1.20349 -0.0979417 -0.257614
7 0.615219 -0.993092 -0.8107 2.74693 0.378299 -0.37746
8 2.24752 0 0 0.0497582 -0.0894241 -0.329642
9 1.11936 0 0 0.0942841 0.034657 0.0282659
10 3.71348 -0.102642 0.102191 1.36241 1.30349 -0.119986
11 1.72615 0 0 0.00078732 0.0295321 -0.705504
12 1.21114 0 0 0.0177049 0.0282025 -0.618863
13 3.59919 -1.06012 0.0708876 1.57083 0.687169 0.0685209
14 1.66069 0 0 -0.0591745 0.0506385 -1.08668
15 1.167 0 0 -0.00153257 0.000344333 0.0371014
16 2.18852 0.501039 0.0576582 1.57773 -0.0517059 0.0781119
17 1.29609 0 0 0.0422243 -0.0202656 -1.31234
18 1.62202 0.000714064 -0.000470638 -0.00721926 0.00768575 -1.42361
19 1.22241 0 0 -0.046095 -0.0118937 -1.60795
20 1.76707 1.27612 0.0366402 1.57639 -0.0288682 0.0443825
21 1.55588 0 0 -0.0325021 0.00251732 -1.19894
22 1.24273 0 0 -0.000479105 0.000360957 -1.21146
23 0.784523 0 0 0.0171938 -0.0130958 -1.13138
24 -5.19429 13.3099 -2.074 -0.000932693 0 -2.00714
25 6.02794 0 0 0.36106 0.81443 -0.0643552
26 11.7344 0 0 0.00140265 0 1.54981
27 8.81167 0 0 0.182138 0 0
28 5.77884 0 0 0.122032 0 0
29 2.23249 0 0 0.0601054 0 0
30 11.4725 0 0 0.739568 -0.581463 -0.883821
31 0.615812 0.994372 -0.809165 -2.97612 0.595303 0.240986
32 2.24752 0 0 -0.445847 0.213517 0.207051
33 1.11936 0 0 -0.0756674 0.0622471 1.2491
34 3.71349 0.102638 0.102191 -1.96058 1.12874 -1.10629
35 1.72615 0 0 0.00391308 0.0152071 1.37543
36 1.21112 0 0 -0.00344487 0.0284359 0.948688
37 3.5992 1.06012 0.0708879 -1.72661 0.34163 -0.401559
38 1.66069 0 0 -0.00540908 0.0759289 0.151245
39 1.16699 0 0 0.0205414 0.0324704 0.181138
40 2.18853 -0.50104 0.0576593 -1.5814 0.104282 -0.178572
41 1.29609 0 0 0.456161 0.220806 1.34519
42 1.62202 -0.000713348 -0.000469685 0.000354457 0.000500918 1.28898
43 1.22241 0 0 0.0331104 0.0124894 1.03954
44 1.76707 -1.27612 0.0366409 -1.58579 0.25066 -0.218726
45 1.55587 0 0 0.429773 0.010848 1.43418
46 1.24273 0 0 0.000478935 0.000361 0.896377
47 0.784532 0 0 -0.0107935 -0.0124092 0.897777
48 0 0 0 0 0 0
49 -3.16527 -17.2166 -5.4398 0 0 0
50 -0.169706 1.99333 0.168103 0 0 0
51 0.0921733 6.47989 -3.48175 -0.456189 0.0875532 0.0155353
52 0 -6.39109 2.6639 -0.436332 1.39626 -1.5708
53 0 -3.88574 -0.867034 0 0 -1.5708
54 0 -2.3834 1.62041 0 1.39626 -1.5708
55 0 -9.60567 0.51389 0 0.785398 -1.5708
56 -2.76667 -0.616137 1.06069 1.5708 0 0
57 -2.76737 0.616132 1.06069 1.5708 0 0
58 -2.36114 -14.3355 -1.23721 0.445105 -0.542681 -0.499424
59 -0.0111217 -13.5183 -0.758561 -0.876981 1.10206 0.460154
60 -5.55004 0.704792 -12.5993 -0.235681 -0.0276154 0.0895727
61 -5.79513 0.630071 -13.7712 -0.244768 -0.0221616 0.0939725
time 91
0 7.81943 10.3365 -11.3228 0.000934124 0 -1.48352
1 6.02794 0 0 -0.983987 0.0322471 -0.17464
2 11.7344 0 0 -0.00140284 0 -1.12753
3 8.81138 -0.000449181 -0.000112295 1.29257 0 0.000157424
4 5.77839 0.000286102 0 0.866021 0 0.000113364
5 2.23164 -0.000329971 -0.00036335 0.426548 0 0
6 11.4725 0 0 1.30401 0.0105275 -0.297761
7 0.615219 -0.993092 -0.8107 2.74693 0.378299 -0.37746
8 2.24752 0 0 0.0497581 -0.0894242 -0.329642
9 1.11936 0 0 0.0942841 0.034657 0.0282659
10 3.71348 -0.102641 0.10219 1.36241 1.30349 -0.119986
11 1.72615 0 0 0.000787321 0.0295321 -0.705504
12 1.21114 0 0 0.017705 0.0282026 -0.618863
13 3.59919 -1.06012 0.0708866 1.57083 0.687169 0.0685209
14 1.66069 0 0 -0.0591745 0.0506386 -1.08668
15 1.167 0 0 -0.00153257 0.000344393 0.0371015
16 2.18852 0.501039 0.0576582 1.57773 -0.0517058 0.0781118
17 1.29609 0 0 0.0422243 -0.0202656 -1.31234
18 1.62202 0.000713944 -0.000471115 -0.00721943 0.00768584 -1.42361
19 1.22241 0 0 -0.0460948 -0.0118938 -1.60795
20 1.76707 1.27612 0.0366383 1.57639 -0.0288681 0.0443824
21 1.55588 0 0 -0.0325023 0.00251752 -1.19894
22 1.24273 0 0 -0.000478992 0.000361108 -1.21146
23 0.784523 0 0 0.0171939 -0.0130958 -1.13138
24 -5.19429 13.3099 -2.074 -0.000932693 0 -2.00714
25 6.02794 0 0 0.361442 0.81412 -0.0632813
26 11.7344 0 0 0.00140267 0 1.55183
27 8.81167 0 0 0.175787 0 0
28 5.77884 0 0 0.117777 0 0
29 2.23249 0 0 0.0580095 0 0
30 11.4725 0 0 0.742343 -0.580106 -0.892764
31 0.615813 0.994372 -0.809165 -2.97612 0.595303 0.240986
32 2.24752 0 0 -0.445847 0.213517 0.207051
33 1.11936 0 0 -0.0756674 0.062247 1.2491
34 3.71349 0.102639 0.102191 -1.96058 1.12874 -1.10629
35 1.72615 0 0 0.00391303 0.0152071 1.37543
36 1.21112 0 0 -0.00344492 0.0284358 0.948687
37 3.5992 1.06012 0.0708879 -1.72661 0.341629 -0.401559
38 1.66069 0 0 -0.00540911 0.0759288 0.151245
39 1.16699 0 0 0.0205414 0.0324704 0.181138
40 2.18853 -0.50104 0.057659 -1.5814 0.104282 -0.178572
41 1.29609 0 0 0.456161 0.220806 1.34519
42 1.62202 -0.000714302 -0.000469685 0.000354475 0.000501053 1.28898
43 1.22241 0 0 0.0331102 0.0124894 1.03954
44 1.76707 -1.27612 0.036641 -1.58579 0.25066 -0.218726
45 1.55587 0 0 0.429773 0.010848 1.43418
46 1.24273 0 0 0.000478956 0.000360916 0.896377
47 0.784531 0 0 -0.0107935 -0.0124091 0.897777
48 0 0 0 0 0 0
49 -3.16527 -17.2166 -5.4398 0 0 0
50 -0.169706 1.99333 0.168103 0 0 0
51 0.107952 6.49646 -3.46585 -0.451716 0.0874427 0.0131392
52 0 -6.39109 2.66389 -0.436332 1.39626 -1.5708
53 0 -3.88574 -0.867036 0 0 -1.5708
54 0 -2.3834 1.62041 0 1.39626 -1.5708
55 0 -9.60567 0.513888 0 0.785398 -1.5708
56 -2.76667 -0.616137 1.06069 1.5708 0 0
57 -2.76737 0.616133 1.06069 1.5708 0 0
58 -2.47182 -14.5694 -1.34152 0.474018 -0.64686 -0.462604
59 -0.229459 -13.6145 -0.648973 -1.01486 1.01886 0.392738
60 -5.55004 0.704792 -12.5993 -0.235681 -0.0276155 0.0895728
61 -5.79513 0.630071 -13.7712 -0.244768 -0.0221616 0.0939725
time 92
0 7.81943 10.8196 -10.4334 0.000934124 0 -1.48352
1 6.02794 0 0 -1.00262 0.0723381 -0.18826
2 11.7344 0 0 -0.00140274 0 -1.09955
3 8.81138 -0.000448227 -0.000111818 1.4134 0 0.000158403
4 5.77839 0.000286102 0 0.946976 0 0.000114999
5 2.23163 -0.000329018 -0.000363827 0.466421 0 0
6 11.4725 0 0 1.41978 0.11671 -0.327968
7 0.615219 -0.993091 -0.810701 2.74693 0.378299 -0.37746
8 2.24752 0 0 0.0497582 -0.0894241 -0.329642
9 1.11936 0 0 0.0942841 0.034657 0.0282661
10 3.71348 -0.102641 0.102191 1.36241 1.30349 -0.119986
11 1.72615 0 0 0.00078723 0.029532 -0.705504
12 1.21114 0 0 0.017705 0.0282026 -0.618863
13 3.59919 -1.06012 0.0708876 1.57083 0.687169 0.068521
14 1.66069 0 0 -0.0591745 0.0506386 -1.08668
15 1.167 0 0 -0.0015326 0.000344274 0.0371014
16 2.18852 0.501039 0.0576591 1.57773 -0.0517058 0.0781117
17 1.29609 0 0 0.0422243 -0.0202655 -1.31234
18 1.62202 0.000713825 -0.000470877 -0.00721932 0.00768554 -1.42361
19 1.22241 0 0 -0.0460949 -0.0118938 -1.60795
20 1.76707 1.27612 0.0366402 1.57639 -0.0288682 0.0443823
21 1.55588 0 0 -0.0325021 0.00251753 -1.19894
22 1.24274 0 0 -0.000478973 0.000360976 -1.21146
23 0.784523 0 0 0.0171939 -0.0130959 -1.13138
24 -5.19429 13.3099 -2.074 -0.000932693 0 -2.00714
25 6.02794 0 0 0.361841 0.813806 -0.0621936
26 11.7344 0 0 0.0014027 0 1.5541
27 8.81167 0 0 0.168832 0 0
28 5.77884 0 0 0.113117 0 0
29 2.23249 0 0 0.0557145 0 0
30 11.4725 0 0 0.745237 -0.578517 -0.902397
31 0.615813 0.994372 -0.809165 -2.97612 0.595303 0.240986
32 2.24752 0 0 -0.445847 0.213517 0.207051
33 1.11936 0 0 -0.0756673 0.0622471 1.2491
34 3.71349 0.102639 0.102191 -1.96058 1.12874 -1.10629
35 1.72615 0 0 0.00391311 0.0152071 1.37543
36 1.21112 0 0 -0.00344503 0.0284359 0.948688
37 3.5992 1.06012 0.0708882 -1.72661 0.34163 -0.401559
38 1.66069 0 0 -0.00540904 0.0759289 0.151245
39 1.16699 0 0 0.0205414 0.0324704 0.181138
40 2.18853 -0.50104 0.0576594 -1.5814 0.104282 -0.178572
41 1.29609 0 0 0.456161 0.220806 1.34519
42 1.62201 -0.000712395 -0.000469685 0.00035441 0.000501028 1.28898
43 1.22241 0 0 0.0331103 0.0124893 1.03954
44 1.76707 -1.27612 0.0366412 -1.58579 0.25066 -0.218726
45 1.55587 0 0 0.429773 0.010848 1.43418
46 1.24273 0 0 0.000478893 0.000360991 0.896377
47 0.784532 0 0 -0.0107935 -0.0124092 0.897776
48 0 0 0 0 0 0
49 -3.16527 -17.2166 -5.4398 0 0 0
50 -0.169706 1.99333 0.168103 0 0 0
51 0.124542 6.51512 -3.44828 -0.446836 0.0873538 0.0106343
52 0 -6.39109 2.66389 -0.436332 1.39626 -1.5708
53 0 -3.88574 -0.867035 0 0 -1.5708
54 0 -2.3834 1.62041 0 1.39626 -1.5708
55 0 -9.60566 0.513889 0 0.785398 -1.5708
56 -2.76667 -0.616137 1.06069 1.5708 0 0
57 -2.76737 0.616133 1.06069 1.5708 0 0
58 -2.5453 -14.7598 -1.46697 0.493965 -0.754902 -0.416796
59 -0.445888 -13.6521 -0.581015 -1.136 0.933283 0.350956
60 -5.55004 0.704792 -12.5993 -0.235681 -0.0276155 0.0895728
61 -5.79513 0.630071 -13.7712 -0.244768 -0.0221616 0.0939725
time 93
0 7.81943 11.334 -9.42406 0.000934124 0 -1.48352
1 6.02795 0 0 -1.01946 0.116862 -0.203032
2 11.7344 0 0 -0.00140291 0 -1.04499
3 8.81138 -0.000450134 -0.000112057 1.50513 0 0.000157818
4 5.77839 0.000286102 0 1.00844 0 0.000115479
5 2.23163 -0.000329018 -0.000363827 0.496694 0 0
6 11.4725 0 0 1.5087 0.180738 -0.386681
7 0.615219 -0.993091 -0.8107 2.74693 0.378299 -0.37746
8 2.24752 0 0 0.0497583 -0.0894241 -0.329642
9 1.11936 0 0 0.0942839 0.034657 0.0282661
10 3.71348 -0.102641 0.102191 1.36241 1.30349 -0.119986
11 1.72615 0 0 0.000787245 0.0295322 -0.705504
12 1.21114 0 0 0.017705 0.0282026 -0.618863
13 3.59919 -1.06012 0.0708885 1.57083 0.687169 0.068521
14 1.66069 0 0 -0.0591746 0.0506385 -1.08668
15 1.167 0 0 -0.00153257 0.000344452 0.0371015
16 2.18852 0.501039 0.0576591 1.57773 -0.0517059 0.0781118
17 1.29609 0 0 0.0422243 -0.0202656 -1.31234
18 1.62202 0.000714064 -0.000471115 -0.00721935 0.00768567 -1.42361
19 1.22241 0 0 -0.0460949 -0.0118938 -1.60795
20 1.76707 1.27612 0.0366411 1.57639 -0.0288683 0.0443824
21 1.55588 0 0 -0.0325022 0.00251748 -1.19894
22 1.24273 0 0 -0.00047912 0.000360874 -1.21146
23 0.784523 0 0 0.0171939 -0.0130957 -1.13138
24 -5.19429 13.3099 -2.074 -0.000932693 0 -2.00714
25 6.02794 0 0 0.363164 0.813351 -0.0604342
26 11.7344 0 0 0.00140265 0 1.55621
27 8.81167 0 0 0.1607 0 0
28 5.77884 0 0 0.107669 0 0
29 2.23249 0 0 0.053031 0 0
30 11.4725 0 0 0.74818 -0.575298 -0.913851
31 0.615814 0.994371 -0.809165 -2.97612 0.595303 0.240986
32 2.24752 0 0 -0.445847 0.213517 0.207051
33 1.11936 0 0 -0.0756673 0.0622469 1.2491
34 3.71349 0.102639 0.102191 -1.96058 1.12874 -1.10629
35 1.72615 0 0 0.00391309 0.0152071 1.37543
36 1.21112 0 0 -0.00344501 0.0284359 0.948687
37 3.5992 1.06012 0.0708882 -1.72661 0.341629 -0.401559
38 1.66069 0 0 -0.00540903 0.0759289 0.151245
39 1.16699 0 0 0.0205414 0.0324705 0.181138
40 2.18853 -0.50104 0.0576588 -1.5814 0.104282 -0.178572
41 1.29609 0 0 0.456161 0.220806 1.34519
42 1.62202 -0.000714302 -0.000469685 0.000354544 0.000500983 1.28898
43 1.2224 0 0 0.0331104 0.0124893 1.03954
44 1.76707 -1.27612 0.0366408 -1.58579 0.25066 -0.218726
45 1.55588 0 0 0.429773 0.010848 1.43418
46 1.24273 0 0 0.000478866 0.000361013 0.896377
47 0.784532 0 0 -0.0107935 -0.0124091 0.897776
48 0 0 0 0 0 0
49 -3.16527 -17.2166 -5.4398 0 0 0
50 -0.169706 1.99333 0.168103 0 0 0
51 0.142792 6.53166 -3.42722 -0.439891 0.0872868 0.00803455
52 0 -6.39109 2.66389 -0.436333 1.39626 -1.5708
53 0 -3.88574 -0.867035 0 0 -1.5708
54 0 -2.3834 1.62041 0 1.39626 -1.5708
55 0 -9.60567 0.513889 0 0.785398 -1.5708
56 -2.76667 -0.616137 1.06069 1.5708 0 0
57 -2.76737 0.616133 1.06069 1.5708 0 0
58 -2.58411 -15.1089 -1.64686 0.504299 -0.819485 -0.38774
59 -0.585188 -13.9092 -0.654657 -1.19852 0.880909 0.338064
60 -5.55004 0.704791 -12.5993 -0.235681 -0.0276155 0.0895728
61 -5.79513 0.630071 -13.7712 -0.244768 -0.0221616 0.0939725
time 94
0 7.81943 11.8561 -8.35474 0.000934124 0 -1.48352
1 6.02794 0 0 -1.0334 0.164904 -0.214088
2 11.7344 0 0 -0.00140277 0 -1.01045
3 8.81138 -0.000449181 -0.00011158 1.52554 0 0.000157292
4 5.77839 0.000286102 0 1.02211 0 0.00011524
5 2.23163 -0.000329018 -0.000363827 0.503427 0 0
6 11.4725 0 0 1.52889 0.174947 -0.429999
7 0.615219 -0.993091 -0.810701 2.7479 0.416802 -0.370043
8 2.24752 0 0 0.0422793 -0.0923051 -0.25139
9 1.11936 0 0 0.0942841 0.034657 0.028266
10 3.71348 -0.102641 0.10219 0.977454 1.36153 -0.505705
11 1.72615 0 0 0.00308593 0.0291139 -0.625341
12 1.21114 0 0 0.018934 0.0248202 -0.504192
13 3.59919 -1.06012 0.0708885 1.57083 0.784221 0.0685213
14 1.66069 0 0 -0.0491572 0.0569412 -0.933956
15 1.167 0 0 -0.00153245 0.000344251 0.00898529
16 2.18852 0.501039 0.0576591 1.57773 -0.0517059 0.0781119
17 1.29609 0 0 0.0422243 -0.0202656 -1.31234
18 1.62202 0.000713944 -0.000470638 -0.00721923 0.00768562 -1.42361
19 1.22241 0 0 -0.046095 -0.0118938 -1.60795
20 1.76707 1.27612 0.0366402 1.57639 -0.0288682 0.0443824
21 1.55588 0 0 -0.0325021 0.00251751 -1.19894
22 1.24273 0 0 -0.000479007 0.000361025 -1.21146
23 0.784523 0 0 0.0171938 -0.013096 -1.13138
24 -5.19429 13.3099 -2.074 -0.000932693 0 -2.00714
25 6.02794 0 0 0.366271 0.812633 -0.0574295
26 11.7344 0 0 0.00140264 0 1.55791
27 8.81167 0 0 0.150635 0 0
28 5.77884 0 0 0.100926 0 0
29 2.23249 0 0 0.0497098 0 0
30 11.4725 0 0 0.75107 -0.569045 -0.928435
31 0.615811 0.994372 -0.809165 -2.97612 0.595303 0.240986
32 2.24752 0 0 -0.445847 0.213517 0.207051
33 1.11936 0 0 -0.0756675 0.0622472 1.2491
34 3.71349 0.102639 0.102191 -1.96058 1.12874 -1.10629
35 1.72615 0 0 0.00391299 0.0152071 1.37543
36 1.21112 0 0 -0.00344495 0.0284359 0.948687
37 3.5992 1.06012 0.0708879 -1.72661 0.34163 -0.401559
38 1.66069 0 0 -0.0054091 0.075929 0.151245
39 1.16699 0 0 0.0205413 0.0324705 0.181138
40 2.18853 -0.501041 0.0576588 -1.5814 0.104282 -0.178572
41 1.29609 0 0 0.456161 0.220806 1.34519
42 1.62201 -0.000713348 -0.000469685 0.000354413 0.000501007 1.28898
43 1.22241 0 0 0.0331103 0.0124894 1.03954
44 1.76707 -1.27612 0.0366411 -1.58579 0.25066 -0.218726
45 1.55588 0 0 0.429773 0.010848 1.43418
46 1.24273 0 0 0.000479047 0.000360942 0.896377
47 0.784532 0 0 -0.0107935 -0.0124091 0.897776
48 0 0 0 0 0 0
49 -3.16527 -17.2166 -5.4398 0 0 0
50 -0.169706 1.99333 0.168103 0 0 0
51 0.1635 6.54345 -3.39954 -0.429195 0.087241 0.0053177
52 0 -6.39109 2.6639 -0.436332 1.39626 -1.57079
53 0 -3.88574 -0.867035 0 0 -1.5708
54 0 -2.3834 1.62041 0 1.39626 -1.5708
55 0 -9.60567 0.513889 0 0.785398 -1.5708
56 -2.76667 -0.616137 1.06069 1.5708 0 0
57 -2.76737 0.616132 1.06069 1.5708 0 0
58 -2.57956 -15.8735 -1.97478 0.519372 -0.813743 -0.404228
59 -0.577438 -14.0029 -0.68155 -1.18169 0.894486 0.338872
60 -5.55004 0.704792 -12.5993 -0.235681 -0.0276156 0.0895729
61 -5.79513 0.63007 -13.7712 -0.244768 -0.0221616 0.0939725
time 95
0 7.81943 12.3623 -7.28543 0.000934124 0 -1.48352
1 6.02794 0 0 -1.04436 0.204744 -0.229134
2 11.7344 0 0 -0.00140281 0 -0.970177
3 8.81138 -0.000449181 -0.00011158 1.52831 0 0.000158196
4 5.77839 0.000286102 0 1.02397 0 0.000115834
5 2.23163 -0.000328064 -0.00036335 0.504343 0 0
6 11.4725 0 0 1.53201 0.140759 -0.446674
7 0.615219 -0.993091 -0.8107 2.75466 0.488308 -0.348414
8 2.24752 0 0 0.0279572 -0.0976554 -0.1016
9 1.11936 0 0 0.094284 0.034657 0.028266
10 3.71348 -0.102641 0.102192 0.166039 1.4915 -1.31896
11 1.72615 0 0 0.00769318 0.0282097 -0.464874
12 1.21113 0 0 0.0213448 0.0178407 -0.271933
13 3.59919 -1.06012 0.0708885 1.57083 0.96446 0.0685211
14 1.66069 0 0 -0.0305172 0.0686924 -0.648169
15 1.167 0 0 -0.00153263 0.000344192 -0.0432307
16 2.18852 0.50104 0.0576601 1.57773 -0.0517059 0.0781118
17 1.29609 0 0 0.0422243 -0.0202656 -1.31234
18 1.62202 0.000714064 -0.000471115 -0.00721943 0.00768576 -1.42361
19 1.22241 0 0 -0.0460949 -0.0118937 -1.60795
20 1.76707 1.27612 0.0366421 1.57639 -0.0288683 0.0443823
21 1.55588 0 0 -0.0325023 0.00251747 -1.19894
22 1.24274 0 0 -0.000479056 0.000360991 -1.21146
23 0.784523 0 0 0.0171939 -0.0130959 -1.13138
24 -5.19429 13.3099 -2.074 -0.000932693 0 -2.00714
25 6.02794 0 0 0.369195 0.811897 -0.0544402
26 11.7344 0 0 0.00140274 0 1.55952
27 8.81167 0 0 0.140742 0 0
28 5.77884 0 0 0.0942969 0 0
29 2.23249 0 0 0.0464447 0 0
30 11.4725 0 0 0.754021 -0.563027 -0.942832
31 0.615813 0.994372 -0.809165 -2.97612 0.595303 0.240986
32 2.24752 0 0 -0.445847 0.213517 0.20705
33 1.11936 0 0 -0.0756674 0.062247 1.2491
34 3.71349 0.102639 0.102191 -1.96058 1.12874 -1.10629
35 1.72615 0 0 0.00391316 0.0152071 1.37543
36 1.21112 0 0 -0.00344497 0.028436 0.948688
37 3.5992 1.06012 0.0708883 -1.72661 0.341629 -0.401559
38 1.66069 0 0 -0.00540906 0.075929 0.151245
39 1.16699 0 0 0.0205413 0.0324705 0.181138
40 2.18853 -0.50104 0.0576589 -1.5814 0.104282 -0.178572
41 1.29609 0 0 0.456161 0.220806 1.34519
42 1.62201 -0.000713348 -0.000470161 0.000354413 0.000501044 1.28898
43 1.22241 0 0 0.0331103 0.0124894 1.03954
44 1.76707 -1.27612 0.0366411 -1.58579 0.25066 -0.218727
45 1.55588 0 0 0.429773 0.010848 1.43418
46 1.24273 0 0 0.000478842 0.000361049 0.896377
47 0.784532 0 0 -0.0107934 -0.0124093 0.897777
48 0 0 0 0 0 0
49 -3.16527 -17.2166 -5.4398 0 0 0
50 -0.169706 1.99333 0.168103 0 0 0
51 0.184837 6.55555 -3.37341 -0.418698 0.0872187 0.0025594
52 0 -6.39109 2.66389 -0.436332 1.39626 -1.5708
53 0 -3.88574 -0.867035 0 0 -1.5708
54 0 -2.3834 1.62041 0 1.39626 -1.5708
55 0 -9.60567 0.51389 0 0.785398 -1.5708
56 -2.76667 -0.616137 1.06069 1.5708 0 0
57 -2.76737 0.616132 1.06069 1.5708 0 0
58 -2.56801 -16.4082 -2.21921 0.533481 -0.792088 -0.428855
59 -0.564703 -14.1089 -0.710834 -1.16323 0.938761 0.326192
60 -5.55004 0.704792 -12.5993 -0.235681 -0.0276155 0.0895728
61 -5.79513 0.630071 -13.7712 -0.244768 -0.0221616 0.0939725
time 96
0 7.81943 12.8293 -6.27607 0.000934124 0 -1.48352
1 6.02794 0 0 -1.05236 0.238314 -0.244586
2 11.7344 0 0 -0.00140294 0 -0.932934
3 8.81138 -0.000450134 -0.000111341 1.51031 0 0.000157851
4 5.77839 0.000286102 0 1.01191 0 0.000115422
5 2.23164 -0.000329971 -0.000363588 0.498403 0 0
6 11.4725 0 0 1.5158 0.0867766 -0.441695
7 0.615219 -0.993091 -0.810699 2.77302 0.526812 -0.313502
8 2.24752 0 0 0.018963 -0.100536 -0.00771613
9 1.11936 0 0 0.094284 0.034657 0.028266
10 3.71348 -0.102641 0.102191 2.58496 1.51444 1.0977
11 1.72615 0 0 0.0111761 0.0273477 -0.344141
12 1.21114 0 0 0.0230227 0.0120149 -0.0897174
13 3.59919 -1.06012 0.0708895 1.57083 1.06151 0.0685212
14 1.66069 0 0 -0.0203723 0.0751575 -0.487891
15 1.167 0 0 -0.00153257 0.000344194 -0.071347
16 2.18852 0.50104 0.0576582 1.57773 -0.0517059 0.0781118
17 1.29609 0 0 0.0422243 -0.0202655 -1.31234
18 1.62202 0.000714123 -0.000470877 -0.00721927 0.00768566 -1.42361
19 1.22241 0 0 -0.0460949 -0.0118939 -1.60795
20 1.76707 1.27612 0.0366411 1.57639 -0.0288682 0.0443825
21 1.55588 0 0 -0.032502 0.00251747 -1.19894
22 1.24273 0 0 -0.000479022 0.000360942 -1.21146
23 0.784523 0 0 0.0171939 -0.0130958 -1.13138
24 -5.19429 13.3099 -2.074 -0.000932693 0 -2.00714
25 6.02794 0 0 0.369649 0.811417 -0.0528323
26 11.7344 0 0 0.00140267 0 1.56134
27 8.81167 0 0 0.132997 0 0
28 5.77884 0 0 0.0891079 0 0
29 2.23249 0 0 0.043889 0 0
30 11.4725 0 0 0.75743 -0.56096 -0.953702
31 0.615812 0.994372 -0.809165 -2.97612 0.595303 0.240986
32 2.24752 0 0 -0.445847 0.213517 0.207051
33 1.11936 0 0 -0.0756675 0.0622468 1.2491
34 3.71349 0.102639 0.102191 -1.96058 1.12874 -1.10629
35 1.72615 0 0 0.00391309 0.0152072 1.37543
36 1.21112 0 0 -0.00344502 0.0284359 0.948687
37 3.5992 1.06012 0.0708878 -1.72661 0.34163 -0.401559
38 1.66069 0 0 -0.00540909 0.075929 0.151245
39 1.16699 0 0 0.0205414 0.0324704 0.181138
40 2.18853 -0.50104 0.0576593 -1.5814 0.104282 -0.178572
41 1.29609 0 0 0.456161 0.220806 1.34519
42 1.62201 -0.000713348 -0.000470161 0.000354544 0.000500909 1.28898
43 1.22241 0 0 0.0331103 0.0124894 1.03954
44 1.76707 -1.27612 0.0366405 -1.58579 0.25066 -0.218726
45 1.55588 0 0 0.429773 0.0108479 1.43418
46 1.24273 0 0 0.000478964 0.000360958 0.896377
47 0.784531 0 0 -0.0107935 -0.0124093 0.897776
48 0 0 0 0 0 0
49 -3.16527 -17.2166 -5.4398 0 0 0
50 -0.169706 1.99333 0.168103 0 0 0
51 0.205543 6.57358 -3.35931 -0.412674 0.087304 -0.0002949
52 0 -6.39109 2.66389 -0.436332 1.39626 -1.5708
53 0 -3.88574 -0.867035 0 0 -1.5708
54 0 -2.3834 1.62041 0 1.39626 -1.5708
55 0 -9.60566 0.513889 0 0.785398 -1.5708
56 -2.76667 -0.616137 1.06069 1.5708 0 0
57 -2.76737 0.616133 1.06069 1.5708 0 0
58 -2.57294 -16.4305 -2.25172 0.54117 -0.789485 -0.437701
59 -0.55652 -14.1775 -0.735375 -1.15415 1.0094 0.294625
60 -5.55004 0.704792 -12.5993 -0.235681 -0.0276155 0.0895728
61 -5.79513 0.630072 -13.7712 -0.244768 -0.0221616 0.0939725
time 97
0 7.81943 13.2334 -5.38664 0.000934124 0 -1.48352
1 6.02794 0 0 -1.05747 0.267334 -0.257741
2 11.7344 0 0 -0.00140289 0 -0.903514
3 8.81138 -0.000450134 -0.00011301 1.46797 0 0.000157704
4 5.77839 0.000286102 0 0.983539 0 0.000115063
5 2.23163 -0.000329018 -0.000364542 0.48443 0 0
6 11.4725 0 0 1.47668 0.0244671 -0.418279
7 0.615218 -0.993091 -0.810701 2.8033 0.520376 -0.268554
8 2.24752 0 0 0.0168217 -0.0987536 0.0176238
9 1.11936 0 0 0.0954599 0.0390468 0.0340616
10 3.71348 -0.102641 0.102191 2.15335 1.37862 0.663356
11 1.72615 0 0 0.0115663 0.0266735 -0.332462
12 1.21113 0 0 0.0228967 0.00959105 -0.0478991
13 3.59919 -1.06012 0.0708876 1.57091 1.02982 0.0686525
14 1.66069 0 0 -0.0203669 0.0753656 -0.480051
15 1.167 0 0 -0.00153253 0.000344236 -0.0705092
16 2.18852 0.501039 0.0576591 1.57773 -0.0497164 0.0781118
17 1.29609 0 0 0.0411005 -0.0192586 -1.27432
18 1.62202 0.000714064 -0.000470877 -0.00720264 0.00781534 -1.43005
19 1.22241 0 0 -0.0463544 -0.0119306 -1.61397
20 1.76707 1.27612 0.0366402 1.57639 -0.0257613 0.0443825
21 1.55588 0 0 -0.0314722 0.00340906 -1.15296
22 1.24273 0 0 -0.000479039 0.000361048 -1.19914
23 0.784523 0 0 0.0171841 -0.0131944 -1.13573
24 -5.19429 13.3099 -2.074 -0.000932693 0 -2.00714
25 6.02794 0 0 0.367879 0.811157 -0.0524128
26 11.7344 0 0 0.0014027 0 1.56338
27 8.81167 0 0 0.126812 0 0
28 5.77884 0 0 0.0849642 0 0
29 2.23249 0 0 0.041848 0 0
30 11.4725 0 0 0.761405 -0.562369 -0.961823
31 0.615813 0.994372 -0.809165 -2.97612 0.595303 0.240986
32 2.24752 0 0 -0.445847 0.213517 0.207051
33 1.11936 0 0 -0.0756674 0.062247 1.2491
34 3.71349 0.102638 0.102191 -1.96058 1.12874 -1.10629
35 1.72615 0 0 0.00391307 0.0152071 1.37543
36 1.21112 0 0 -0.00344503 0.0284359 0.948687
37 3.5992 1.06012 0.0708882 -1.72661 0.34163 -0.401559
38 1.66069 0 0 -0.00540904 0.0759289 0.151245
39 1.16699 0 0 0.0205413 0.0324705 0.181138
40 2.18853 -0.50104 0.0576593 -1.5814 0.104282 -0.178572
41 1.29609 0 0 0.456161 0.220806 1.34519
42 1.62202 -0.000714302 -0.000469685 0.000354437 0.000500989 1.28898
43 1.22241 0 0 0.0331103 0.0124895 1.03954
44 1.76707 -1.27612 0.0366411 -1.58579 0.25066 -0.218726
45 1.55588 0 0 0.429773 0.010848 1.43418
46 1.24273 0 0 0.000478947 0.000360854 0.896377
47 0.784531 0 0 -0.0107935 -0.0124092 0.897776
48 0 0 0 0 0 0
49 -3.16527 -17.2166 -5.4398 0 0 0
50 -0.169706 1.99333 0.168103 0 0 0
51 0.226274 6.59729 -3.35614 -0.410427 0.0875367 -0.00333931
52 0 -6.39109 2.66389 -0.436332 1.39626 -1.5708
53 0 -3.88574 -0.867035 0 0 -1.5708
54 0 -2.3834 1.62041 0 1.39626 -1.5708
55 0 -9.60567 0.513888 0 0.785398 -1.5708
56 -2.76667 -0.616137 1.06069 1.5708 0 0
57 -2.76737 0.616133 1.06069 1.5708 0 0
58 -2.57599 -16.4228 -2.26612 0.543906 -0.788324 -0.442882
59 -0.563002 -14.2051 -0.762497 -1.16492 1.0995 0.236976
60 -5.55004 0.704792 -12.5993 -0.235681 -0.0276155 0.0895728
61 -5.79513 0.630072 -13.7712 -0.244768 -0.0221616 0.0939725
time 98
0 7.81943 13.5512 -4.6771 0.000934124 0 -1.48352
1 6.02794 0 0 -1.05969 0.292536 -0.267515
2 11.7344 0 0 -0.00140278 0 -0.883693
3 8.81138 -0.000450134 -0.000111818 1.40361 0 0.000157489
4 5.77839 0.000287056 0 0.940416 0 0.000114409
5 2.23163 -0.000329018 -0.000363588 0.46319 0 0
6 11.4725 0 0 1.41558 -0.0343482 -0.37967
7 0.61522 -0.993091 -0.8107 2.84064 0.503081 -0.21768
8 2.24752 0 0 0.0149611 -0.0939032 0.0449337
9 1.11936 0 0 0.0984116 0.0509951 0.0486892
10 3.71348 -0.102641 0.102191 1.85637 1.21229 0.36277
11 1.72615 0 0 0.00959597 0.0259972 -0.404479
12 1.21113 0 0 0.0213882 0.0093168 -0.107839
13 3.59919 -1.06012 0.0708876 1.57113 0.944249 0.0689809
14 1.66069 0 0 -0.0206465 0.0755114 -0.477871
15 1.167 0 0 -0.00153256 0.000344351 -0.0682387
16 2.18852 0.501039 0.0576591 1.57773 -0.0440374 0.0781116
17 1.29609 0 0 0.0380394 -0.0165117 -1.17155
18 1.62202 0.000713825 -0.000470638 -0.0071612 0.00814028 -1.44609
19 1.22241 0 0 -0.0470032 -0.0120202 -1.62897
20 1.76707 1.27612 0.0366411 1.57639 -0.0168926 0.0443823
21 1.55588 0 0 -0.0286961 0.00582385 -1.02873
22 1.24273 0 0 -0.000479108 0.000360949 -1.16504
23 0.784523 0 0 0.0171568 -0.0134446 -1.1464
24 -5.19429 13.3099 -2.074 -0.000932693 0 -2.00714
25 6.02794 0 0 0.364345 0.811073 -0.0529492
26 11.7344 0 0 0.00140267 0 1.56557
27 8.81167 0 0 0.121992 0 0
28 5.77884 0 0 0.0817347 0 0
29 2.23249 0 0 0.0402575 0 0
30 11.4725 0 0 0.765817 -0.566574 -0.967608
31 0.615813 0.994372 -0.809165 -2.97612 0.595303 0.240986
32 2.24752 0 0 -0.445847 0.213517 0.207051
33 1.11936 0 0 -0.0756674 0.062247 1.2491
34 3.71349 0.102639 0.102191 -1.96058 1.12874 -1.10629
35 1.72615 0 0 0.00391311 0.0152071 1.37543
36 1.21112 0 0 -0.0034449 0.0284361 0.948688
37 3.5992 1.06012 0.0708879 -1.72661 0.341629 -0.401559
38 1.66069 0 0 -0.0054091 0.0759288 0.151245
39 1.16699 0 0 0.0205414 0.0324705 0.181138
40 2.18853 -0.50104 0.0576593 -1.5814 0.104282 -0.178572
41 1.29609 0 0 0.456161 0.220806 1.34519
42 1.62201 -0.000713348 -0.000469685 0.000354389 0.000501025 1.28898
43 1.22241 0 0 0.0331103 0.0124895 1.03954
44 1.76707 -1.27612 0.0366411 -1.58579 0.25066 -0.218727
45 1.55588 0 0 0.429773 0.0108479 1.43418
46 1.24273 0 0 0.00047885 0.000360979 0.896377
47 0.784532 0 0 -0.0107934 -0.0124093 0.897777
48 0 0 0 0 0 0
49 -3.16527 -17.2166 -5.4398 0 0 0
50 -0.169706 1.99333 0.168103 0 0 0
51 0.246818 6.62523 -3.36174 -0.411301 0.0878557 -0.00647277
52 0 -6.39109 2.66389 -0.436332 1.39626 -1.5708
53 0 -3.88574 -0.867035 0 0 -1.5708
54 0 -2.3834 1.62041 0 1.39626 -1.5708
55 0 -9.60567 0.513888 0 0.785398 -1.5708
56 -2.76667 -0.616137 1.06069 1.5708 0 0
57 -2.76737 0.616133 1.06069 1.5708 0 0
58 -2.57722 -16.3909 -2.26512 0.542596 -0.788405 -0.44501
59 -0.594803 -14.1885 -0.798398 -1.21829 1.20063 0.13337
60 -5.55004 0.704792 -12.5993 -0.235681 -0.0276156 0.0895729
61 -5.79513 0.630072 -13.7712 -0.244768 -0.0221616 0.0939725
time 99
0 7.81943 13.7591 -4.2074 0.000934124 0 -1.48352
1 6.02794 0 0 -1.05876 0.315435 -0.272575
2 11.7344 0 0 -0.00140287 0 -0.886675
3 8.81138 -0.000450134 -0.00011158 1.32495 0 0.000157168
4 5.77839 0.000285149 0 0.887715 0 0.000113556
5 2.23163 -0.000329018 -0.00036335 0.437233 0 0
6 11.4725 0 0 1.33759 -0.0798052 -0.318729
7 0.615219 -0.993091 -0.810699 2.88301 0.477944 -0.163105
8 2.24752 0 0 0.0134096 -0.086732 0.0714912
9 1.11936 0 0 0.102275 0.0686699 0.0680103
10 3.71348 -0.102641 0.102192 1.67108 1.02785 0.173232
11 1.72615 0 0 0.00588303 0.025341 -0.538211
12 1.21114 0 0 0.0188224 0.0106943 -0.24368
13 3.59919 -1.06012 0.0708876 1.57141 0.8191 0.0694084
14 1.66069 0 0 -0.0210834 0.075608 -0.479361
15 1.167 0 0 -0.00153255 0.000344327 -0.0648992
16 2.18852 0.501039 0.0576582 1.57773 -0.035103 0.0781118
17 1.29609 0 0 0.0335067 -0.0124356 -1.02097
18 1.62202 0.000713885 -0.000471115 -0.0071074 0.00856199 -1.46683
19 1.22241 0 0 -0.0478484 -0.0121314 -1.64836
20 1.76707 1.27612 0.0366402 1.57639 -0.00293986 0.0443825
21 1.55588 0 0 -0.0246427 0.00937169 -0.846871
22 1.24273 0 0 -0.000479025 0.0003611 -1.11342
23 0.784523 0 0 0.0171145 -0.0137773 -1.15978
24 -5.19429 13.3099 -2.074 -0.000932693 0 -2.00714
25 6.02794 0 0 0.359504 0.811118 -0.0542055
26 11.7344 0 0 0.00140265 0 1.56783
27 8.81167 0 0 0.118386 0 0
28 5.77884 0 0 0.0793183 0 0
29 2.23249 0 0 0.0390673 0 0
30 11.4725 0 0 0.77052 -0.572909 -0.971454
31 0.615813 0.994372 -0.809165 -2.97612 0.595303 0.240986
32 2.24752 0 0 -0.445847 0.213517 0.207051
33 1.11936 0 0 -0.0756674 0.0622471 1.2491
34 3.71349 0.102639 0.102191 -1.96058 1.12874 -1.10629
35 1.72615 0 0 0.0039131 0.0152071 1.37543
36 1.21112 0 0 -0.00344494 0.028436 0.948687
37 3.5992 1.06012 0.0708884 -1.72661 0.34163 -0.401559
38 1.66069 0 0 -0.00540904 0.0759289 0.151245
39 1.16699 0 0 0.0205413 0.0324705 0.181138
40 2.18853 -0.50104 0.0576589 -1.5814 0.104282 -0.178572
41 1.29609 0 0 0.456161 0.220806 1.34519
42 1.62202 -0.000712395 -0.000469685 0.000354475 0.000501016 1.28898
43 1.22241 0 0 0.0331103 0.0124895 1.03954
44 1.76707 -1.27612 0.036641 -1.58579 0.25066 -0.218726
45 1.55587 0 0 0.429773 0.010848 1.43418
46 1.24273 0 0 0.000478903 0.000361028 0.896377
47 0.784532 0 0 -0.0107935 -0.0124092 0.897777
48 0 0 0 0 0 0
49 -3.16527 -17.2166 -5.4398 0 0 0
50 -0.169706 1.99333 0.168103 0 0 0
51 0.26696 6.6559 -3.37395 -0.414641 0.0881998 -0.00959419
52 0 -6.39109 2.66389 -0.436332 1.39626 -1.5708
53 0 -3.88574 -0.867036 0 0 -1.5708
54 0 -2.3834 1.62041 0 1.39626 -1.5708
55 0 -9.60566 0.513889 0 0.785398 -1.5708
56 -2.76667 -0.616137 1.06069 1.5708 0 0
57 -2.76737 0.616133 1.06069 1.5708 0 0
58 -2.57672 -16.3404 -2.25165 0.538112 -0.789501 -0.444656
59 -0.662758 -14.1338 -0.850085 -1.36592 1.30096 -0.0659213
60 -5.55004 0.704792 -12.5993 -0.235681 -0.0276154 0.0895727
61 -5.79513 0.630072 -13.7712 -0.244768 -0.0221616 0.0939725
time 100
0 7.81943 13.8336 -4.03751 0.000934124 0 -1.48352
1 6.02794 0 0 -1.05414 0.339476 -0.269009
2 11.7344 0 0 -0.00140287 0 -0.929629
3 8.81138 -0.000449181 -0.000112295 1.24125 0 0.000157705
4 5.77839 0.000286102 0 0.831638 0 0.000113172
5 2.23163 -0.000329018 -0.000364542 0.409613 0 0
6 11.4725 0 0 1.25001 -0.104797 -0.228195
7 0.615219 -0.993091 -0.8107 2.92838 0.447981 -0.107055
8 2.24752 0 0 0.0121947 -0.0779869 0.0945752
9 1.11936 0 0 0.106186 0.0902397 0.0878862
10 3.71348 -0.102641 0.10219 1.57452 0.837729 0.0720221
11 1.72615 0 0 0.00104582 0.0247261 -0.711676
12 1.21114 0 0 0.0155237 0.0132258 -0.429565
13 3.59919 -1.06012 0.0708876 1.5717 0.668655 0.0698352
14 1.66068 0 0 -0.0215489 0.0756682 -0.48253
15 1.167 0 0 -0.00153259 0.000344361 -0.0608554
16 2.18852 0.50104 0.0576591 1.57773 -0.0233472 0.0781117
17 1.29609 0 0 0.0279668 -0.00744088 -0.839502
18 1.62202 0.000713989 -0.000470638 -0.00705341 0.00898392 -1.48736
19 1.22241 0 0 -0.0486958 -0.0122333 -1.66754
20 1.76707 1.27612 0.0366411 1.57639 0.0154189 0.0443824
21 1.55588 0 0 -0.0197814 0.0136621 -0.627969
22 1.24274 0 0 -0.000479026 0.000361059 -1.04854
23 0.784523 0 0 0.0170604 -0.0141243 -1.17231
24 -5.19429 13.3099 -2.074 -0.000932693 0 -2.00714
25 6.02794 0 0 0.353814 0.811242 -0.0559495
26 11.7344 0 0 0.00140279 0 1.57007
27 8.81167 0 0 0.115874 0 0
28 5.77884 0 0 0.0776359 0 0
29 2.23249 0 0 0.0382386 0 0
30 11.4725 0 0 0.775347 -0.580701 -0.973738
31 0.615812 0.994372 -0.809165 -2.97612 0.595303 0.240986
32 2.24752 0 0 -0.445847 0.213517 0.20705
33 1.11936 0 0 -0.0756674 0.0622469 1.2491
34 3.71349 0.102639 0.102191 -1.96058 1.12874 -1.10629
35 1.72615 0 0 0.00391303 0.0152071 1.37543
36 1.21112 0 0 -0.00344504 0.028436 0.948687
37 3.5992 1.06012 0.0708877 -1.72661 0.341629 -0.401559
38 1.66069 0 0 -0.00540901 0.075929 0.151245
39 1.16699 0 0 0.0205413 0.0324705 0.181138
40 2.18853 -0.50104 0.0576589 -1.5814 0.104282 -0.178572
41 1.29609 0 0 0.456161 0.220806 1.34519
42 1.62201 -0.000712395 -0.000469685 0.000354442 0.000500873 1.28898
43 1.22241 0 0 0.0331104 0.0124894 1.03954
44 1.76707 -1.27612 0.0366408 -1.58579 0.25066 -0.218726
45 1.55588 0 0 0.429773 0.010848 1.43418
46 1.24273 0 0 0.000478985 0.000360955 0.896377
47 0.784532 0 0 -0.0107935 -0.0124092 0.897777
48 0 0 0 0 0 0
49 -3.16527 -17.2166 -5.4398 0 0 0
50 -0.169706 1.99333 0.168103 0 0 0
51 0.286487 6.68784 -3.39059 -0.419789 0.0885076 -0.0126025
52 0 -6.39109 2.66389 -0.436331 1.39626 -1.5708
53 0 -3.88574 -0.867035 0 0 -1.5708
54 0 -2.3834 1.62041 0 1.39626 -1.5708
55 0 -9.60566 0.51389 0 0.785398 -1.5708
56 -2.76667 -0.616137 1.06069 1.5708 0 0
57 -2.76737 0.616133 1.06069 1.5708 0 0
58 -2.57466 -16.2769 -2.22871 0.53131 -0.79137 -0.442376
59 -0.763705 -14.0541 -0.917411 -1.71819 1.3791 -0.470311
60 -5.55004 0.704792 -12.5993 -0.235681 -0.0276156 0.089573
61 -5.79513 0.630072 -13.7712 -0.244768 -0.0221616 0.0939725
time 101
0 7.81943 13.8336 -4.03751 0.000934124 0 -1.48352
1 6.02794 0 0 -1.04709 0.36652 -0.258036
2 11.7344 0 0 -0.00140271 0 -0.996142
3 8.81138 -0.000450134 -0.000112772 1.16091 0 0.000158525
4 5.77839 0.000286102 0 0.77781 0 0.000113216
5 2.23163 -0.000329971 -0.000363827 0.383101 0 0
6 11.4725 0 0 1.16421 -0.107943 -0.131633
7 0.615219 -0.993091 -0.8107 2.97471 0.416209 -0.051753
8 2.24752 0 0 0.0113443 -0.0684149 0.111464
9 1.11936 0 0 0.109281 0.113872 0.104178
10 3.71348 -0.102641 0.102191 1.54377 0.654334 0.036424
11 1.72615 0 0 -0.00429797 0.0241744 -0.902894
12 1.21114 0 0 0.0118171 0.0164135 -0.639636
13 3.59919 -1.06012 0.0708885 1.57191 0.5072 0.0701638
14 1.66069 0 0 -0.0219137 0.0757058 -0.485387
15 1.167 0 0 -0.00153264 0.000344358 -0.0564708
16 2.18852 0.501039 0.0576591 1.57773 -0.00920417 0.0781119
17 1.29609 0 0 0.0218857 -0.00193901 -0.644087
18 1.62202 0.000714064 -0.000470638 -0.00701184 0.00930858 -1.50279
19 1.22241 0 0 -0.0493513 -0.0122944 -1.68192
20 1.76707 1.27612 0.0366411 1.57639 0.0375062 0.0443824
21 1.55588 0 0 -0.0145816 0.0183054 -0.392627
22 1.24274 0 0 -0.00047895 0.000360982 -0.97467
23 0.784525 0 0 0.0169969 -0.0144169 -1.18039
24 -5.19429 13.3099 -2.074 -0.000932693 0 -2.00714
25 6.02794 0 0 0.347734 0.811401 -0.0579469
26 11.7344 0 0 0.00140273 0 1.57221
27 8.81167 0 0 0.114342 0 0
28 5.77884 0 0 0.0766088 0 0
29 2.23249 0 0 0.0377328 0 0
30 11.4725 0 0 0.780131 -0.589278 -0.974822
31 0.615812 0.994372 -0.809165 -2.97612 0.595303 0.240986
32 2.24752 0 0 -0.445847 0.213517 0.20705
33 1.11936 0 0 -0.0756674 0.0622469 1.2491
34 3.71348 0.10264 0.102191 -1.96058 1.12874 -1.10629
35 1.72615 0 0 0.00391311 0.0152071 1.37543
36 1.21112 0 0 -0.00344487 0.0284359 0.948688
37 3.5992 1.06012 0.0708882 -1.72661 0.34163 -0.401559
38 1.66069 0 0 -0.00540907 0.0759289 0.151245
39 1.16699 0 0 0.0205414 0.0324705 0.181138
40 2.18853 -0.50104 0.0576589 -1.5814 0.104282 -0.178572
41 1.29609 0 0 0.456161 0.220806 1.34519
42 1.62202 -0.000711441 -0.000470161 0.000354437 0.000501026 1.28898
43 1.22241 0 0 0.0331103 0.0124895 1.03954
44 1.76707 -1.27612 0.0366408 -1.58579 0.25066 -0.218727
45 1.55587 0 0 0.429773 0.010848 1.43418
46 1.24273 0 0 0.000478947 0.000361036 0.896377
47 0.784531 0 0 -0.0107935 -0.0124091 0.897776
48 0 0 0 0 0 0
49 -3.16527 -17.2166 -5.4398 0 0 0
50 -0.169706 1.99333 0.168103 0 0 0
51 0.305184 6.71957 -3.4095 -0.426091 0.088718 -0.0153966
52 0 -6.39109 2.66389 -0.436332 1.39626 -1.5708
53 0 -3.88574 -0.867036 0 0 -1.5708
54 0 -2.3834 1.62041 0 1.39626 -1.5708
55 0 -9.60567 0.513889 0 0.785398 -1.5708
56 -2.76667 -0.616137 1.06069 1.5708 0 0
57 -2.76737 0.616133 1.06069 1.5708 0 0
58 -2.57131 -16.2057 -2.19931 0.523045 -0.793776 -0.438727
59 -0.887332 -13.9567 -0.996271 -2.30347 1.39848 -1.10822
60 -5.55004 0.704792 -12.5993 -0.235681 -0.0276154 0.0895727
61 -5.79513 0.630071 -13.7712 -0.244768 -0.0221616 0.0939725
time 102
0 7.81943 13.8336 -4.03751 0.000934124 0 -1.48352
1 6.02794 0 0 -1.03912 0.39734 -0.242653
2 11.7344 0 0 -0.00140276 0 -1.06447
3 8.81138 -0.000450134 -0.00011301 1.08971 0 0.000158235
4 5.77839 0.000286102 0 0.730107 0 0.000112416
5 2.23163 -0.000329018 -0.000364542 0.359605 0 0
6 11.4725 0 0 1.0897 -0.0927207 -0.0557986
7 0.615219 -0.993091 -0.8107 3.01998 0.385647 0.000574499
8 2.24752 0 0 0.0108864 -0.0587628 0.119435
9 1.11936 0 0 0.110695 0.137737 0.112748
10 3.71348 -0.102641 0.102191 1.55589 0.490083 0.0437194
11 1.72615 0 0 -0.00952982 0.0237076 -1.08988
12 1.21114 0 0 0.00802744 0.0197596 -0.848035
13 3.59919 -1.06012 0.070888 1.572 0.349023 0.0702951
14 1.66069 0 0 -0.0220497 0.0757336 -0.485942
15 1.167 0 0 -0.0015325 0.000344165 -0.0521098
16 2.18852 0.50104 0.0576591 1.57773 0.00689242 0.0781117
17 1.29609 0 0 0.0157285 0.00365986 -0.451658
18 1.62202 0.000714302 -0.000471115 -0.00699512 0.00943825 -1.5082
19 1.22241 0 0 -0.0496219 -0.0122838 -1.68692
20 1.76707 1.27612 0.0366411 1.57639 0.0626437 0.0443823
21 1.55588 0 0 -0.0095129 0.0229106 -0.161446
22 1.24273 0 0 -0.000478974 0.000361139 -0.896075
23 0.784522 0 0 0.0169272 -0.0145862 -1.18045
24 -5.19429 13.3099 -2.074 -0.000932693 0 -2.00714
25 6.02794 0 0 0.341722 0.811559 -0.0599739
26 11.7344 0 0 0.00140269 0 1.57418
27 8.81167 0 0 0.113672 0 0
28 5.77884 0 0 0.0761603 0 0
29 2.23249 0 0 0.0375117 0 0
30 11.4725 0 0 0.7847 -0.597959 -0.975051
31 0.615813 0.994372 -0.809165 -2.97612 0.595303 0.240986
32 2.24752 0 0 -0.445847 0.213517 0.207051
33 1.11936 0 0 -0.0756674 0.0622469 1.2491
34 3.71349 0.102639 0.102191 -1.96058 1.12874 -1.10629
35 1.72615 0 0 0.00391302 0.0152071 1.37543
36 1.21112 0 0 -0.00344499 0.028436 0.948687
37 3.5992 1.06012 0.0708877 -1.72661 0.341629 -0.401559
38 1.66069 0 0 -0.00540906 0.075929 0.151245
39 1.16699 0 0 0.0205414 0.0324704 0.181138
40 2.18853 -0.50104 0.0576591 -1.5814 0.104282 -0.178572
41 1.29609 0 0 0.456161 0.220806 1.34519
42 1.62201 -0.000713348 -0.000470161 0.000354422 0.000500982 1.28898
43 1.22241 0 0 0.0331102 0.0124894 1.03954
44 1.76707 -1.27612 0.0366408 -1.58579 0.25066 -0.218727
45 1.55588 0 0 0.429773 0.010848 1.43418
46 1.24273 0 0 0.000478918 0.000361004 0.896377
47 0.784533 0 0 -0.0107935 -0.0124092 0.897776
48 0 0 0 0 0 0
49 -3.16527 -17.2166 -5.4398 0 0 0
50 -0.169706 1.99333 0.168103 0 0 0
51 0.322839 6.74961 -3.4285 -0.43289 0.0887697 -0.0178755
52 0 -6.39109 2.66389 -0.436333 1.39626 -1.5708
53 0 -3.88574 -0.867036 0 0 -1.5708
54 0 -2.3834 1.62041 0 1.39626 -1.5708
55 0 -9.60567 0.513888 0 0.785398 -1.5708
56 -2.76667 -0.616136 1.06069 1.5708 0 0
57 -2.76737 0.616133 1.06069 1.5708 0 0
58 -2.567 -16.1324 -2.16638 0.514183 -0.796489 -0.434276
59 -1.0234 -13.8488 -1.08253 -2.75186 1.35531 -1.61081
60 -5.55004 0.704792 -12.5993 -0.235681 -0.0276156 0.089573
61 -5.79513 0.63007 -13.7712 -0.244768 -0.0221616 0.0939725
time 103
0 7.81943 13.8336 -4.03751 0.000934124 0 -1.48352
1 6.02794 0 0 -1.03122 0.427898 -0.22494
2 11.7344 0 0 -0.00140291 0 -1.12442
3 8.81138 -0.000450134 -0.000111818 1.02911 0 0.000157923
4 5.77839 0.000285149 0 0.689504 0 0.000111701
5 2.23163 -0.000329971 -0.00036335 0.339606 0 0
6 11.4725 0 0 1.02844 -0.0631904 -0.0107636
7 0.615219 -0.993092 -0.8107 3.06215 0.35931 0.0477033
8 2.24752 0 0 0.0108486 -0.0497773 0.115767
9 1.11936 0 0 0.109565 0.16 0.109457
10 3.71348 -0.102641 0.10219 1.58793 0.357389 0.0711902
11 1.72615 0 0 -0.0140323 0.0233472 -1.25066
12 1.21114 0 0 0.00447921 0.0227659 -1.02891
13 3.59919 -1.06012 0.0708876 1.57189 0.208409 0.0701309
14 1.66069 0 0 -0.0218283 0.0757644 -0.482205
15 1.167 0 0 -0.00153258 0.000344388 -0.0481365
16 2.18852 0.501039 0.0576591 1.57773 0.0245081 0.0781118
17 1.29609 0 0 0.0099605 0.00894452 -0.279151
18 1.62202 0.000714064 -0.000471115 -0.00701602 0.00927605 -1.4987
19 1.22241 0 0 -0.0493133 -0.0121699 -1.67793
20 1.76707 1.27612 0.0366406 1.57639 0.0901537 0.0443824
21 1.55587 0 0 -0.00504436 0.0270882 0.0449764
22 1.24273 0 0 -0.000479061 0.000361002 -0.817021
23 0.784524 0 0 0.0168539 -0.0145639 -1.16888
24 -5.19429 13.3099 -2.074 -0.000932693 0 -2.00714
25 6.02794 0 0 0.336238 0.811686 -0.0618088
26 11.7344 0 0 0.0014027 0 1.57591
27 8.81167 0 0 0.113735 0 0
28 5.77884 0 0 0.0762028 0 0
29 2.23249 0 0 0.0375326 0 0
30 11.4725 0 0 0.788888 -0.606055 -0.974757
31 0.615812 0.994372 -0.809165 -2.97612 0.595303 0.240986
32 2.24752 0 0 -0.445847 0.213517 0.207051
33 1.11936 0 0 -0.0756674 0.0622471 1.2491
34 3.71349 0.102639 0.102191 -1.96058 1.12874 -1.10629
35 1.72615 0 0 0.00391314 0.0152071 1.37543
36 1.21112 0 0 -0.00344494 0.0284359 0.948688
37 3.5992 1.06012 0.0708879 -1.72661 0.34163 -0.401559
38 1.66069 0 0 -0.0054091 0.0759289 0.151245
39 1.16699 0 0 0.0205413 0.0324705 0.181138
40 2.18853 -0.50104 0.057659 -1.5814 0.104282 -0.178572
41 1.29609 0 0 0.456161 0.220806 1.34519
42 1.62202 -0.000714302 -0.000469685 0.000354544 0.000500983 1.28898
43 1.22241 0 0 0.0331103 0.0124894 1.03954
44 1.76707 -1.27612 0.0366411 -1.58579 0.25066 -0.218726
45 1.55588 0 0 0.429773 0.0108479 1.43418
46 1.24273 0 0 0.000478923 0.000360981 0.896377
47 0.784531 0 0 -0.0107935 -0.0124092 0.897777
48 0 0 0 0 0 0
49 -3.16527 -17.2166 -5.4398 0 0 0
50 -0.169706 1.99333 0.168103 0 0 0
51 0.339238 6.77648 -3.44542 -0.439531 0.0886015 -0.019938
52 0 -6.39109 2.6639 -0.436332 1.39626 -1.5708
53 0 -3.88574 -0.867035 0 0 -1.5708
54 0 -2.3834 1.62041 0 1.39626 -1.5708
55 0 -9.60567 0.51389 0 0.785398 -1.5708
56 -2.76667 -0.616136 1.06069 1.5708 0 0
57 -2.76737 0.616133 1.06069 1.5708 0 0
58 -2.56214 -16.0628 -2.13275 0.505602 -0.799299 -0.429607
59 -1.16176 -13.7377 -1.1719 -2.95711 1.29313 -1.87388
60 -5.55004 0.704792 -12.5993 -0.235681 -0.0276156 0.0895729
61 -5.79513 0.630071 -13.7712 -0.244768 -0.0221616 0.0939725
time 104
0 7.81943 13.8336 -4.03751 0.000934124 0 -1.48352
1 6.02794 0 0 -1.02527 0.452847 -0.207951
2 11.7344 0 0 -0.00140287 0 -1.16563
3 8.81138 -0.000449181 -0.000112057 0.977473 0 0.000158184
4 5.77839 0.000287056 0 0.654907 0 0.000111588
5 2.23163 -0.000329018 -0.000364065 0.322566 0 0
6 11.4725 0 0 0.977393 -0.0229319 -0.00491552
7 0.615219 -0.993092 -0.8107 3.0992 0.340216 0.0874081
8 2.24752 0 0 0.0112589 -0.0422055 0.0977387
9 1.11936 0 0 0.105026 0.178831 0.0901659
10 3.71348 -0.102642 0.102191 1.61695 0.268668 0.0961191
11 1.72615 0 0 -0.017187 0.0231149 -1.36325
12 1.21114 0 0 0.00149754 0.024935 -1.15639
13 3.59919 -1.06012 0.0708885 1.57152 0.0996463 0.0695725
14 1.66069 0 0 -0.0211206 0.0758119 -0.472185
15 1.167 0 0 -0.00153245 0.000344373 -0.0449153
16 2.18852 0.501039 0.0576596 1.57773 0.0432088 0.0781119
17 1.29609 0 0 0.00504649 0.0135044 -0.143497
18 1.62202 0.000714302 -0.000470638 -0.00708653 0.00872428 -1.46937
19 1.22241 0 0 -0.0482321 -0.0119219 -1.65038
20 1.76707 1.27612 0.0366411 1.57639 0.119358 0.0443824
21 1.55588 0 0 -0.00164565 0.0304476 0.20604
22 1.24273 0 0 -0.000479017 0.000360997 -0.741772
23 0.784522 0 0 0.0167799 -0.0142812 -1.14212
24 -5.19429 13.3099 -2.074 -0.000932693 0 -2.00714
25 6.02794 0 0 0.331744 0.811759 -0.0632373
26 11.7344 0 0 0.00140268 0 1.57734
27 8.81167 0 0 0.114377 0 0
28 5.77884 0 0 0.0766327 0 0
29 2.23249 0 0 0.0377444 0 0
30 11.4725 0 0 0.79253 -0.612867 -0.974262
31 0.615812 0.994372 -0.809165 -2.97612 0.595303 0.240986
32 2.24752 0 0 -0.445847 0.213517 0.207051
33 1.11936 0 0 -0.0756673 0.062247 1.2491
34 3.71348 0.102639 0.102191 -1.96058 1.12874 -1.10629
35 1.72615 0 0 0.00391305 0.0152072 1.37543
36 1.21112 0 0 -0.00344499 0.0284358 0.948687
37 3.5992 1.06012 0.0708881 -1.72661 0.34163 -0.401559
38 1.66069 0 0 -0.00540907 0.075929 0.151245
39 1.16699 0 0 0.0205413 0.0324705 0.181138
40 2.18853 -0.50104 0.057659 -1.5814 0.104282 -0.178572
41 1.29609 0 0 0.456161 0.220806 1.34519
42 1.62202 -0.000714302 -0.000469685 0.00035444 0.000501043 1.28898
43 1.22241 0 0 0.0331103 0.0124895 1.03954
44 1.76707 -1.27612 0.036641 -1.58579 0.25066 -0.218727
45 1.55587 0 0 0.429773 0.010848 1.43418
46 1.24273 0 0 0.000478935 0.00036098 0.896377
47 0.784531 0 0 -0.0107936 -0.0124091 0.897776
48 0 0 0 0 0 0
49 -3.16527 -17.2166 -5.4398 0 0 0
50 -0.169706 1.99333 0.168103 0 0 0
51 0.354166 6.79872 -3.4581 -0.445358 0.0881521 -0.0214831
52 0 -6.39109 2.66389 -0.436332 1.39626 -1.5708
53 0 -3.88574 -0.867034 0 0 -1.5708
54 0 -2.3834 1.62041 0 1.39626 -1.5708
55 0 -9.60566 0.51389 0 0.785398 -1.5708
56 -2.76667 -0.616137 1.06069 1.5708 0 0
57 -2.76737 0.616133 1.06069 1.5708 0 0
58 -2.55722 -16.0026 -2.10113 0.498201 -0.802008 -0.425326
59 -1.29228 -13.6301 -1.25995 -3.04148 1.2401 -2.02252
60 -5.55004 0.704792 -12.5993 -0.235681 -0.0276156 0.0895729
61 -5.79513 0.630071 -13.7712 -0.244768 -0.0221616 0.0939725
time 105
0 7.81943 13.8336 -4.03751 0.000934124 0 -1.48352
1 6.02794 0 0 -1.02326 0.467887 -0.194765
2 11.7344 0 0 -0.00140281 0 -1.18173
3 8.81138 -0.000449181 -0.000112534 0.929777 0 0.000158185
4 5.77839 0.000286102 0 0.622951 0 0.000111296
5 2.23163 -0.000329018 -0.000363588 0.306826 0 0
6 11.4725 0 0 0.929749 0.0239234 -0.0454445
7 0.61522 -0.993091 -0.8107 3.12909 0.331382 0.117464
8 2.24752 0 0 0.012145 -0.0367941 0.0626277
9 1.11936 0 0 0.0962154 0.192398 0.0507367
10 3.71348 -0.102641 0.102191 1.62001 0.236336 0.0957875
11 1.72615 0 0 -0.0183758 0.0230331 -1.40566
12 1.21114 0 0 -0.000592672 0.0257684 -1.20463
13 3.59919 -1.06012 0.070888 1.57083 0.0370206 0.068521
14 1.66069 0 0 -0.0197982 0.0758888 -0.453891
15 1.167 0 0 -0.00153271 0.000344274 -0.0428098
16 2.18852 0.50104 0.0576591 1.57773 0.0625608 0.0781119
17 1.29609 0 0 0.00145249 0.0169284 -0.0616327
18 1.62202 0.000713825 -0.000471115 -0.00721933 0.00768566 -1.41531
19 1.22241 0 0 -0.0461845 -0.0115084 -1.59966
20 1.76707 1.27612 0.0366411 1.57639 0.14958 0.0443825
21 1.55588 0 0 0.000214222 0.0325987 0.301145
22 1.24273 0 0 -0.000479083 0.000361077 -0.674596
23 0.784523 0 0 0.016708 -0.0136695 -1.09657
24 -5.19429 13.3099 -2.074 -0.000932693 0 -2.00714
25 6.02794 0 0 0.328002 0.811767 -0.0642706
26 11.7344 0 0 0.00140267 0 1.57817
27 8.81167 0 0 0.116589 0 0
28 5.77884 0 0 0.0781145 0 0
29 2.23249 0 0 0.0384743 0 0
30 11.4725 0 0 0.795762 -0.619138 -0.972598
31 0.615811 0.994371 -0.809165 -2.97612 0.595303 0.240986
32 2.24752 0 0 -0.445847 0.213517 0.207051
33 1.11936 0 0 -0.0756674 0.062247 1.2491
34 3.71348 0.102639 0.102191 -1.96058 1.12874 -1.10629
35 1.72615 0 0 0.00391313 0.0152072 1.37543
36 1.21112 0 0 -0.003445 0.0284361 0.948687
37 3.5992 1.06012 0.070888 -1.72661 0.34163 -0.401559
38 1.66069 0 0 -0.00540911 0.075929 0.151245
39 1.16699 0 0 0.0205413 0.0324704 0.181138
40 2.18853 -0.50104 0.0576591 -1.5814 0.104282 -0.178572
41 1.29609 0 0 0.456161 0.220806 1.34519
42 1.62202 -0.000711441 -0.000470161 0.000354404 0.000500995 1.28898
43 1.22241 0 0 0.0331103 0.0124893 1.03954
44 1.76707 -1.27612 0.036641 -1.58579 0.25066 -0.218726
45 1.55587 0 0 0.429773 0.010848 1.43418
46 1.24273 0 0 0.000478879 0.000360936 0.896377
47 0.784531 0 0 -0.0107935 -0.0124093 0.897776
48 0 0 0 0 0 0
49 -3.16527 -17.2166 -5.4398 0 0 0
50 -0.169706 1.99333 0.168103 0 0 0
51 0.368303 6.81457 -3.4691 -0.451314 0.0872816 -0.0224639
52 0 -6.39109 2.6639 -0.436332 1.39626 -1.57079
53 0 -3.88574 -0.867035 0 0 -1.5708
54 0 -2.3834 1.62041 0 1.39626 -1.5708
55 0 -9.60567 0.51389 0 0.785398 -1.5708
56 -2.76667 -0.616137 1.06069 1.5708 0 0
57 -2.76737 0.616133 1.06069 1.5708 0 0
58 -2.55147 -15.9474 -2.06685 0.490822 -0.805125 -0.420472
59 -1.40387 -13.521 -1.33848 -3.07354 1.20744 -2.12865
60 -5.55004 0.704792 -12.5993 -0.235681 -0.0276156 0.0895729
61 -5.79513 0.630071 -13.7712 -0.244768 -0.0221616 0.0939725
time 106
0 7.81943 13.8336 -4.03751 0.000934124 0 -1.48352
1 6.02794 0 0 -1.02317 0.476476 -0.186837
2 11.7344 0 0 -0.00140282 0 -1.18551
3 8.81138 -0.000449181 -0.000112295 0.887415 0 0.000157894
4 5.77839 0.000286102 0 0.594568 0 0.000110712
5 2.23163 -0.000329018 -0.000363827 0.292847 0 0
6 11.4725 0 0 0.886813 0.0615925 -0.111983
7 0.615218 -0.993091 -0.8107 -3.13048 0.334358 0.13688
8 2.24752 0 0 0.0137938 -0.0329255 -0.00151573
9 1.11936 0 0 0.0798745 0.202294 -0.0237013
10 3.71348 -0.102641 0.102191 1.60414 0.254461 0.0772384
11 1.72615 0 0 -0.0173511 0.0230365 -1.36814
12 1.21114 0 0 -0.00199333 0.0249734 -1.17656
13 3.59919 -1.06012 0.0708876 1.56961 0.0224075 0.0666853
14 1.66069 0 0 -0.0174746 0.0759982 -0.42271
15 1.167 0 0 -0.00153257 0.000344303 -0.0417979
16 2.18852 0.501039 0.0576587 1.57773 0.0821298 0.078112
17 1.29609 0 0 -0.00100384 0.0194139 -0.0340594
18 1.62202 0.000714302 -0.000471115 -0.00744283 0.00593756 -1.32506
19 1.22241 0 0 -0.0427302 -0.0108466 -1.51503
20 1.76707 1.27612 0.0366406 1.57639 0.180141 0.0443825
21 1.55588 0 0 0.000391411 0.0335443 0.326714
22 1.24273 0 0 -0.00047906 0.000361039 -0.606679
23 0.784523 0 0 0.0166267 -0.0125299 -1.01912
24 -5.19429 13.3099 -2.074 -0.000932693 0 -2.00714
25 6.02794 0 0 0.324506 0.811718 -0.0650518
26 11.7344 0 0 0.00140277 0 1.5782
27 8.81167 0 0 0.121068 0 0
28 5.77884 0 0 0.0811154 0 0
29 2.23249 0 0 0.0399523 0 0
30 11.4725 0 0 0.798782 -0.625904 -0.968968
31 0.615812 0.994372 -0.809165 -2.97612 0.595303 0.240986
32 2.24752 0 0 -0.445847 0.213517 0.20705
33 1.11936 0 0 -0.0756674 0.0622471 1.2491
34 3.71349 0.102639 0.102191 -1.96058 1.12874 -1.10629
35 1.72615 0 0 0.00391317 0.0152071 1.37543
36 1.21112 0 0 -0.00344496 0.028436 0.948688
37 3.5992 1.06012 0.070888 -1.72661 0.341629 -0.401559
38 1.66069 0 0 -0.00540902 0.0759289 0.151245
39 1.16699 0 0 0.0205413 0.0324705 0.181138
40 2.18853 -0.50104 0.0576589 -1.5814 0.104282 -0.178572
41 1.29609 0 0 0.456161 0.220806 1.34519
42 1.62201 -0.000713348 -0.000469685 0.000354422 0.000501019 1.28898
43 1.22241 0 0 0.0331103 0.0124894 1.03954
44 1.76707 -1.27612 0.036641 -1.58579 0.25066 -0.218727
45 1.55587 0 0 0.429773 0.010848 1.43418
46 1.24273 0 0 0.000478962 0.00036095 0.896377
47 0.784532 0 0 -0.0107935 -0.0124092 0.897776
48 0 0 0 0 0 0
49 -3.16527 -17.2166 -5.4398 0 0 0
50 -0.169706 1.99333 0.168103 0 0 0
51 0.382357 6.82383 -3.48221 -0.458442 0.0860113 -0.0229771
52 0 -6.39109 2.6639 -0.436333 1.39626 -1.5708
53 0 -3.88574 -0.867034 0 0 -1.5708
54 0 -2.3834 1.62041 0 1.39626 -1.5708
55 0 -9.60566 0.513891 0 0.785398 -1.5708
56 -2.76667 -0.616137 1.06069 1.5708 0 0
57 -2.76737 0.616132 1.06069 1.5708 0 0
58 -2.54407 -15.8903 -2.02593 0.482049 -0.809027 -0.414033
59 -1.49838 -13.3907 -1.41192 -3.08804 1.19084 -2.23428
60 -5.55004 0.704792 -12.5993 -0.235681 -0.0276156 0.0895729
61 -5.79513 0.630071 -13.7712 -0.244768 -0.0221616 0.0939725
time 107
0 7.81943 13.8336 -4.03751 0.000934124 0 -1.48352
1 6.02794 0 0 -1.0214 0.486359 -0.181519
2 11.7344 0 0 -0.00140291 0 -1.19593
3 8.81138 -0.000451088 -0.000112534 0.854478 0 0.000158295
4 5.77839 0.000286102 0 0.572501 0 0.000110888
5 2.23163 -0.000329971 -0.000364304 0.281978 0 0
6 11.4725 0 0 0.854774 0.0776274 -0.175539
7 0.615219 -0.993093 -0.8107 -3.1107 0.347098 0.147247
8 2.24752 0 0 0.0161683 -0.0296039 -0.0910618
9 1.11936 0 0 0.0571561 0.210961 -0.127629
10 3.71348 -0.102642 0.102191 1.59144 0.30366 0.062385
11 1.72615 0 0 -0.0145703 0.0230458 -1.26629
12 1.21114 0 0 -0.00313934 0.0228159 -1.10035
13 3.59919 -1.06012 0.0708885 1.56782 0.0430912 0.0639981
14 1.66069 0 0 -0.0140589 0.0761289 -0.377994
15 1.167 0 0 -0.00153258 0.000344278 -0.0415171
16 2.18852 0.501039 0.0576596 1.57773 0.101482 0.0781118
17 1.29609 0 0 -0.00287195 0.0214662 -0.0447503
18 1.62202 0.000714302 -0.000471115 -0.00776071 0.00345017 -1.19697
19 1.22241 0 0 -0.0378112 -0.00992032 -1.39494
20 1.76707 1.27612 0.0366416 1.57639 0.210362 0.0443825
21 1.55588 0 0 -0.000741659 0.0336614 0.300597
22 1.24273 0 0 -0.000478902 0.000360955 -0.529018
23 0.784523 0 0 0.016527 -0.0108185 -0.905939
24 -5.19429 13.3099 -2.074 -0.000932693 0 -2.00714
25 6.02794 0 0 0.321312 0.811612 -0.0655651
26 11.7344 0 0 0.00140265 0 1.57753
27 8.81167 0 0 0.127194 0 0
28 5.77884 0 0 0.0852198 0 0
29 2.23249 0 0 0.041974 0 0
30 11.4725 0 0 0.801529 -0.63288 -0.963942
31 0.615813 0.994372 -0.809165 -2.97612 0.595303 0.240986
32 2.24752 0 0 -0.445847 0.213517 0.207051
33 1.11936 0 0 -0.0756674 0.0622469 1.2491
34 3.71349 0.102639 0.102191 -1.96058 1.12874 -1.10629
35 1.72615 0 0 0.00391305 0.0152071 1.37543
36 1.21112 0 0 -0.00344496 0.0284359 0.948687
37 3.5992 1.06012 0.0708879 -1.72661 0.341629 -0.401559
38 1.66069 0 0 -0.00540909 0.075929 0.151245
39 1.16699 0 0 0.0205414 0.0324705 0.181138
40 2.18853 -0.50104 0.0576588 -1.5814 0.104282 -0.178572
41 1.29609 0 0 0.456161 0.220806 1.34519
42 1.62202 -0.000712395 -0.000470161 0.00035449 0.000501061 1.28898
43 1.22241 0 0 0.0331103 0.0124895 1.03954
44 1.76707 -1.27612 0.0366412 -1.58579 0.25066 -0.218726
45 1.55588 0 0 0.429773 0.010848 1.43418
46 1.24273 0 0 0.000478949 0.000361026 0.896377
47 0.784531 0 0 -0.0107935 -0.0124092 0.897776
48 0 0 0 0 0 0
49 -3.16527 -17.2166 -5.4398 0 0 0
50 -0.169706 1.99333 0.168103 0 0 0
51 0.396159 6.82737 -3.49705 -0.466236 0.0845221 -0.023137
52 0 -6.39109 2.66389 -0.436333 1.39626 -1.5708
53 0 -3.88574 -0.867035 0 0 -1.5708
54 0 -2.3834 1.62041 0 1.39626 -1.5708
55 0 -9.60567 0.513889 0 0.785398 -1.5708
56 -2.76667 -0.616137 1.06069 1.5708 0 0
57 -2.76737 0.616133 1.06069 1.5708 0 0
58 -2.53536 -15.8339 -1.98204 0.472424 -0.813338 -0.40655
59 -1.58592 -13.2355 -1.49133 -3.09851 1.17904 -2.35355
60 -5.55004 0.704791 -12.5993 -0.235681 -0.0276156 0.0895729
61 -5.79513 0.63007 -13.7712 -0.244768 -0.0221616 0.0939725
time 108
0 7.81943 13.8336 -4.03751 0.000934124 0 -1.48352
1 6.02794 0 0 -1.01741 0.499541 -0.176435
2 11.7344 0 0 -0.0014029 0 -1.21564
3 8.81138 -0.000450134 -0.000112295 0.828546 0 0.000158097
4 5.77839 0.000286102 0 0.555126 0 0.000110422
5 2.23163 -0.000329971 -0.000363827 0.27342 0 0
6 11.4725 0 0 0.832884 0.072327 -0.229259
7 0.615219 -0.993091 -0.810701 -3.09444 0.367228 0.150215
8 2.24752 0 0 0.0188102 -0.027009 -0.185364
9 1.11936 0 0 0.0338099 0.217841 -0.234602
10 3.71348 -0.102641 0.10219 1.58155 0.376163 0.0508171
11 1.72615 0 0 -0.0104718 0.0230599 -1.11619
12 1.21114 0 0 -0.00405586 0.0196358 -0.988041
13 3.59919 -1.06012 0.070888 1.56562 0.091472 0.0606976
14 1.66069 0 0 -0.00986585 0.0762733 -0.323704
15 1.167 0 0 -0.00153258 0.000344301 -0.04182
16 2.18852 0.501039 0.0576591 1.57773 0.120182 0.0781118
17 1.29609 0 0 -0.00423664 0.0231359 -0.0858435
18 1.62202 0.000713825 -0.000472069 -0.00814878 0.000415053 -1.04086
19 1.22241 0 0 -0.0318072 -0.00879856 -1.24858
20 1.76707 1.27612 0.0366402 1.57639 0.239567 0.0443825
21 1.55588 0 0 -0.00288018 0.0331216 0.234334
22 1.24274 0 0 -0.000479027 0.00036096 -0.445593
23 0.784524 0 0 0.0164154 -0.00869789 -0.767357
24 -5.19429 13.3099 -2.074 -0.000932693 0 -2.00714
25 6.02794 0 0 0.318472 0.811452 -0.0657975
26 11.7344 0 0 0.00140263 0 1.57627
27 8.81167 0 0 0.134311 0 0
28 5.77884 0 0 0.0899882 0 0
29 2.23249 0 0 0.0443226 0 0
30 11.4725 0 0 0.803947 -0.639778 -0.958086
31 0.615813 0.994372 -0.809165 -2.97612 0.595303 0.240986
32 2.24752 0 0 -0.445847 0.213517 0.20705
33 1.11936 0 0 -0.0756674 0.062247 1.2491
34 3.71349 0.102639 0.102191 -1.96058 1.12874 -1.10629
35 1.72615 0 0 0.00391303 0.0152071 1.37543
36 1.21112 0 0 -0.00344498 0.0284359 0.948687
37 3.5992 1.06012 0.0708876 -1.72661 0.34163 -0.401559
38 1.66069 0 0 -0.00540908 0.075929 0.151245
39 1.16699 0 0 0.0205414 0.0324705 0.181138
40 2.18853 -0.50104 0.0576588 -1.5814 0.104282 -0.178572
41 1.29609 0 0 0.456161 0.220806 1.34519
42 1.62202 -0.000713348 -0.000470161 0.000354431 0.000500994 1.28898
43 1.22241 0 0 0.0331103 0.0124894 1.03954
44 1.76707 -1.27612 0.0366409 -1.58579 0.25066 -0.218726
45 1.55588 0 0 0.429773 0.0108479 1.43418
46 1.24273 0 0 0.00047895 0.000360968 0.896377
47 0.784532 0 0 -0.0107935 -0.0124092 0.897777
48 0 0 0 0 0 0
49 -3.16527 -17.2166 -5.4398 0 0 0
50 -0.169706 1.99333 0.168103 0 0 0
51 0.409539 6.82605 -3.51329 -0.47419 0.0829947 -0.0230578
52 0 -6.39109 2.66389 -0.436332 1.39626 -1.57079
53 0 -3.88574 -0.867035 0 0 -1.5708
54 0 -2.3834 1.62041 0 1.39626 -1.5708
55 0 -9.60566 0.513889 0 0.785398 -1.5708
56 -2.76667 -0.616137 1.06069 1.5708 0 0
57 -2.76737 0.616132 1.06069 1.5708 0 0
58 -2.52562 -15.7806 -1.93875 0.462509 -0.817693 -0.398586
59 -1.66685 -13.067 -1.57734 -3.10691 1.16833 -2.48152
60 -5.55004 0.704792 -12.5993 -0.235681 -0.0276156 0.0895729
61 -5.79513 0.63007 -13.7712 -0.244768 -0.0221616 0.0939725
time 109
0 7.81943 13.8336 -4.03751 0.000934124 0 -1.48352
1 6.02794 0 0 -1.01118 0.516751 -0.169806
2 11.7344 0 0 -0.00140292 0 -1.24497
3 8.81138 -0.000449181 -0.000112295 0.810403 0 0.000158126
4 5.77839 0.000286102 0 0.54297 0 0.000110418
5 2.23163 -0.000329018 -0.000364065 0.267433 0 0
6 11.4725 0 0 0.82155 0.0491143 -0.266263
7 0.615219 -0.993091 -0.8107 -3.08139 0.392376 0.147434
8 2.24752 0 0 0.0212616 -0.0253202 -0.263778
9 1.11936 0 0 0.0155857 0.222378 -0.318179
10 3.71348 -0.10264 0.102191 1.57411 0.464203 0.0421244
11 1.72615 0 0 -0.00549514 0.023077 -0.93393
12 1.21114 0 0 -0.00476819 0.0157748 -0.851668
13 3.59919 -1.06012 0.0708885 1.56317 0.15995 0.0570222
14 1.66069 0 0 -0.00520989 0.0764237 -0.2638
15 1.167 0 0 -0.0015326 0.000344288 -0.0425595
16 2.18852 0.50104 0.0576587 1.57773 0.137798 0.0781118
17 1.29609 0 0 -0.00518382 0.0244747 -0.149478
18 1.62202 0.000713825 -0.000472069 -0.00858228 -0.00297607 -0.866551
19 1.22241 0 0 -0.0250974 -0.00755076 -1.08518
20 1.76707 1.27612 0.0366411 1.57639 0.267077 0.0443824
21 1.55588 0 0 -0.00572093 0.032097 0.139465
22 1.24274 0 0 -0.000478957 0.000361007 -0.360382
23 0.784523 0 0 0.0162982 -0.00633113 -0.613713
24 -5.19429 13.3099 -2.074 -0.000932693 0 -2.00714
25 6.02794 0 0 0.316038 0.811242 -0.0657398
26 11.7344 0 0 0.0014027 0 1.57453
27 8.81167 0 0 0.141729 0 0
28 5.77884 0 0 0.0949582 0 0
29 2.23249 0 0 0.0467705 0 0
30 11.4725 0 0 0.805992 -0.646298 -0.951971
31 0.615813 0.994371 -0.809165 -2.97612 0.595303 0.240986
32 2.24752 0 0 -0.445847 0.213517 0.20705
33 1.11936 0 0 -0.0756674 0.062247 1.2491
34 3.71349 0.102638 0.102191 -1.96058 1.12874 -1.10629
35 1.72615 0 0 0.00391316 0.015207 1.37543
36 1.21112 0 0 -0.003445 0.0284359 0.948688
37 3.5992 1.06012 0.070888 -1.72661 0.34163 -0.401559
38 1.66069 0 0 -0.00540908 0.0759289 0.151245
39 1.16699 0 0 0.0205414 0.0324704 0.181138
40 2.18853 -0.50104 0.057659 -1.5814 0.104282 -0.178572
41 1.29609 0 0 0.456161 0.220806 1.34519
42 1.62201 -0.000712395 -0.000470161 0.000354452 0.000500997 1.28898
43 1.2224 0 0 0.0331102 0.0124895 1.03954
44 1.76707 -1.27612 0.0366409 -1.58579 0.25066 -0.218726
45 1.55588 0 0 0.429773 0.010848 1.43418
46 1.24273 0 0 0.000478944 0.000361033 0.896377
47 0.784531 0 0 -0.0107936 -0.0124092 0.897776
48 0 0 0 0 0 0
49 -3.16527 -17.2166 -5.4398 0 0 0
50 -0.169706 1.99333 0.168103 0 0 0
51 0.422328 6.82074 -3.53057 -0.481798 0.0816099 -0.0228537
52 0 -6.39109 2.66389 -0.436332 1.39626 -1.5708
53 0 -3.88574 -0.867035 0 0 -1.5708
54 0 -2.3834 1.62041 0 1.39626 -1.5708
55 0 -9.60567 0.513889 0 0.785398 -1.5708
56 -2.76667 -0.616136 1.06069 1.5708 0 0
57 -2.76737 0.616133 1.06069 1.5708 0 0
58 -2.51505 -15.7333 -1.89954 0.452893 -0.821737 -0.390728
59 -1.74146 -12.8965 -1.66998 -3.11307 1.15671 -2.61048
60 -5.55004 0.70479 -12.5993 -0.235681 -0.0276156 0.0895729
61 -5.79513 0.63007 -13.7712 -0.244768 -0.0221616 0.0939725
time 110
0 7.81943 13.8336 -4.03751 0.000934124 0 -1.48352
1 6.02794 0 0 -1.00293 0.537937 -0.160379
2 11.7344 0 0 -0.00140275 0 -1.28328
3 8.81138 -0.000450134 -0.000112295 0.802942 0 0.000157843
4 5.77839 0.000286102 0 0.537971 0 0.000110175
5 2.23163 -0.000329971 -0.00036478 0.264971 0 0
6 11.4725 0 0 0.820988 0.0143478 -0.281109
7 0.615219 -0.993092 -0.8107 -3.07121 0.420167 0.140554
8 2.24752 0 0 0.0230642 -0.0247173 -0.305656
9 1.11936 0 0 0.00823314 0.224014 -0.351915
10 3.71348 -0.102641 0.102191 1.56878 0.56001 0.0358955
11 1.72615 0 0 0 0.0230957 -0.735589
12 1.21114 0 0 -0.00530188 0.0115726 -0.703263
13 3.59919 -1.06012 0.070888 1.56063 0.240926 0.0532097
14 1.66069 0 0 -0.000406801 0.0765721 -0.202246
15 1.167 0 0 -0.00153249 0.000344221 -0.0435887
16 2.18852 0.501039 0.0576591 1.57773 0.153894 0.0781118
17 1.29609 0 0 -0.00579881 0.0255333 -0.227792
18 1.62202 0.000714064 -0.000470161 -0.00903688 -0.0065316 -0.683877
19 1.22241 0 0 -0.0180621 -0.00624593 -0.913938
20 1.76707 1.27612 0.0366416 1.57639 0.292215 0.0443825
21 1.55588 0 0 -0.00895893 0.0307588 0.0275291
22 1.24274 0 0 -0.000478888 0.00036101 -0.277364
23 0.784524 0 0 0.0161815 -0.00388125 -0.455345
24 -5.19429 13.3099 -2.074 -0.000932693 0 -2.00714
25 6.02794 0 0 0.314057 0.810986 -0.065386
26 11.7344 0 0 0.00140269 0 1.57242
27 8.81167 0 0 0.148719 0 0
28 5.77884 0 0 0.099642 0 0
29 2.23249 0 0 0.0490774 0 0
30 11.4725 0 0 0.80762 -0.652137 -0.946165
31 0.615813 0.994371 -0.809165 -2.97612 0.595303 0.240986
32 2.24752 0 0 -0.445847 0.213517 0.207051
33 1.11936 0 0 -0.0756675 0.0622469 1.2491
34 3.71349 0.102638 0.102191 -1.96058 1.12874 -1.10629
35 1.72615 0 0 0.00391311 0.0152072 1.37543
36 1.21112 0 0 -0.00344492 0.028436 0.948687
37 3.5992 1.06012 0.0708881 -1.72661 0.341629 -0.401559
38 1.66069 0 0 -0.00540912 0.075929 0.151245
39 1.16699 0 0 0.0205414 0.0324704 0.181138
40 2.18853 -0.50104 0.0576589 -1.5814 0.104282 -0.178572
41 1.29609 0 0 0.456161 0.220806 1.34519
42 1.62201 -0.000713348 -0.000470638 0.000354517 0.000501022 1.28898
43 1.22241 0 0 0.0331103 0.0124894 1.03954
44 1.76707 -1.27612 0.0366412 -1.58579 0.25066 -0.218727
45 1.55588 0 0 0.429773 0.010848 1.43418
46 1.24273 0 0 0.000478825 0.000361078 0.896377
47 0.784532 0 0 -0.0107935 -0.0124092 0.897776
48 0 0 0 0 0 0
49 -3.16527 -17.2166 -5.4398 0 0 0
50 -0.169706 1.99333 0.168103 0 0 0
51 0.434356 6.8123 -3.54853 -0.488555 0.0805485 -0.022639
52 0 -6.39109 2.66389 -0.436333 1.39626 -1.5708
53 0 -3.88574 -0.867035 0 0 -1.5708
54 0 -2.38341 1.62041 0 1.39626 -1.5708
55 0 -9.60567 0.513889 0 0.785398 -1.5708
56 -2.76667 -0.616137 1.06069 1.5708 0 0
57 -2.76737 0.616133 1.06069 1.5708 0 0
58 -2.50374 -15.6946 -1.86776 0.444192 -0.82513 -0.383584
59 -1.81001 -12.7351 -1.76859 -3.11676 1.1443 -2.732
60 -5.55004 0.704792 -12.5993 -0.235681 -0.0276156 0.0895729
61 -5.79513 0.63007 -13.7712 -0.244768 -0.0221616 0.0939725
time 111
0 7.81943 13.8336 -4.03751 0.000934124 0 -1.48352
1 6.02794 0 0 -0.993571 0.560886 -0.148879
2 11.7344 0 0 -0.00140279 0 -1.3259
3 8.81138 -0.000450134 -0.000111341 0.808987 0 0.000158455
4 5.77839 0.000286102 0 0.542021 0 0.000110649
5 2.23163 -0.000329018 -0.000363827 0.266966 0 0
6 11.4725 0 0 0.830776 -0.0244157 -0.272752
7 0.615219 -0.993092 -0.8107 -3.0636 0.448229 0.131225
8 2.24752 0 0 0.0241556 -0.0251899 -0.319262
9 1.11936 0 0 0.0203564 0.218952 -0.29381
10 3.71348 -0.102642 0.10219 1.56521 0.655818 0.0317203
11 1.72615 0 0 0.00533675 0.0231142 -0.537247
12 1.21114 0 0 -0.00568161 0.00737067 -0.554858
13 3.59919 -1.06012 0.070888 1.55817 0.326799 0.0494984
14 1.66069 0 0 0.00422909 0.0767108 -0.143
15 1.167 0 0 -0.00153248 0.000344356 -0.0447605
16 2.18852 0.501039 0.0576591 1.57773 0.168038 0.0781118
17 1.29609 0 0 -0.00616721 0.0263632 -0.312923
18 1.62202 0.000714064 -0.000471115 -0.00948795 -0.0100597 -0.50266
19 1.22241 0 0 -0.0110803 -0.00495357 -0.744063
20 1.76707 1.27612 0.0366406 1.57639 0.314302 0.0443823
21 1.55588 0 0 -0.0122904 0.0292788 -0.0899323
22 1.24273 0 0 -0.000478895 0.000360979 -0.200518
23 0.784523 0 0 0.0160718 -0.00151152 -0.302591
24 -5.19429 13.3099 -2.074 -0.000932693 0 -2.00714
25 6.02794 0 0 0.312576 0.810687 -0.0647347
26 11.7344 0 0 0.00140279 0 1.57006
27 8.81167 0 0 0.154528 0 0
28 5.77884 0 0 0.103534 0 0
29 2.23249 0 0 0.0509945 0 0
30 11.4725 0 0 0.808799 -0.656985 -0.941243
31 0.615813 0.994372 -0.809165 -2.97612 0.595303 0.240986
32 2.24752 0 0 -0.445847 0.213517 0.207051
33 1.11936 0 0 -0.0756674 0.0622468 1.2491
34 3.71349 0.102639 0.102191 -1.96058 1.12874 -1.10629
35 1.72615 0 0 0.0039131 0.0152072 1.37543
36 1.21112 0 0 -0.00344496 0.0284361 0.948687
37 3.5992 1.06012 0.070888 -1.72661 0.34163 -0.401559
38 1.66069 0 0 -0.00540908 0.0759289 0.151245
39 1.16699 0 0 0.0205414 0.0324705 0.181138
40 2.18853 -0.50104 0.0576593 -1.5814 0.104282 -0.178572
41 1.29609 0 0 0.456161 0.220806 1.34519
42 1.62201 -0.000712395 -0.000470161 0.000354425 0.000501073 1.28898
43 1.22241 0 0 0.0331103 0.0124893 1.03954
44 1.76707 -1.27612 0.0366409 -1.58579 0.25066 -0.218727
45 1.55588 0 0 0.429773 0.0108479 1.43418
46 1.24273 0 0 0.000478992 0.000360948 0.896377
47 0.784531 0 0 -0.0107935 -0.0124092 0.897776
48 0 0 0 0 0 0
49 -3.16527 -17.2166 -5.4398 0 0 0
50 -0.169706 1.99333 0.168103 0 0 0
51 0.445455 6.8016 -3.56682 -0.493955 0.079991 -0.0225277
52 0 -6.39109 2.66389 -0.436331 1.39626 -1.57079
53 0 -3.88574 -0.867035 0 0 -1.5708
54 0 -2.3834 1.62041 0 1.39626 -1.5708
55 0 -9.60567 0.513889 0 0.785398 -1.5708
56 -2.76667 -0.616137 1.06069 1.5708 0 0
57 -2.76737 0.616133 1.06069 1.5708 0 0
58 -2.49173 -15.6675 -1.8467 0.437041 -0.827538 -0.37778
59 -1.87265 -12.5933 -1.87193 -3.11952 1.13313 -2.83895
60 -5.55004 0.704792 -12.5993 -0.235681 -0.0276156 0.0895729
61 -5.79513 0.630071 -13.7712 -0.244768 -0.0221616 0.0939725
time 112
0 7.81943 13.8336 -4.03751 0.000934124 0 -1.48352
1 6.02794 0 0 -0.986243 0.582347 -0.134821
2 11.7344 0 0 -0.00140292 0 -1.36788
3 8.81138 -0.000449181 -0.000111818 0.819158 0 0.00015804
4 5.77839 0.000287056 0 0.548836 0 0.000110409
5 2.23163 -0.000329018 -0.000363827 0.270322 0 0
6 11.4725 0 0 0.839443 -0.0475923 -0.247532
7 0.615219 -0.993091 -0.8107 -3.05823 0.474186 0.121098
8 2.24752 0 0 0.024841 -0.0263167 -0.327515
9 1.11936 0 0 0.0492654 0.206881 -0.155256
10 3.71348 -0.102641 0.102191 1.56305 0.743858 0.0291875
11 1.72615 0 0 0.0103133 0.0231313 -0.354988
12 1.21114 0 0 -0.00593313 0.0035094 -0.418486
13 3.59919 -1.06012 0.070888 1.55593 0.40997 0.0461265
14 1.66069 0 0 0.0083831 0.0768323 -0.0900253
15 1.167 0 0 -0.00153252 0.000344315 -0.0459279
16 2.18852 0.501039 0.0576591 1.57773 0.179793 0.0781118
17 1.29609 0 0 -0.00637449 0.0270153 -0.397011
18 1.62202 0.000714064 -0.000471115 -0.00991114 -0.0133687 -0.332723
19 1.22241 0 0 -0.00453149 -0.00374253 -0.584765
20 1.76707 1.27612 0.0366406 1.57639 0.332661 0.0443824
21 1.55588 0 0 -0.0154109 0.0278289 -0.201379
22 1.24273 0 0 -0.000479038 0.000360992 -0.133823
23 0.784523 0 0 0.0159757 0.000615657 -0.165788
24 -5.19429 13.3099 -2.074 -0.000932693 0 -2.00714
25 6.02794 0 0 0.311488 0.81038 -0.0639393
26 11.7344 0 0 0.00140269 0 1.56759
27 8.81167 0 0 0.160039 0 0
28 5.77884 0 0 0.107226 0 0
29 2.23249 0 0 0.0528129 0 0
30 11.4725 0 0 0.809811 -0.660742 -0.936903
31 0.615812 0.994372 -0.809165 -2.97612 0.595303 0.240986
32 2.24752 0 0 -0.445847 0.213517 0.207051
33 1.11936 0 0 -0.0756674 0.062247 1.2491
34 3.71349 0.102639 0.102191 -1.96058 1.12874 -1.10629
35 1.72615 0 0 0.00391307 0.0152072 1.37543
36 1.21112 0 0 -0.003445 0.028436 0.948687
37 3.5992 1.06012 0.0708881 -1.72661 0.34163 -0.401559
38 1.66069 0 0 -0.00540904 0.0759289 0.151245
39 1.16699 0 0 0.0205413 0.0324705 0.181138
40 2.18853 -0.50104 0.0576591 -1.5814 0.104282 -0.178572
41 1.29609 0 0 0.456161 0.220806 1.34519
42 1.62201 -0.000712395 -0.000470638 0.000354502 0.00050094 1.28898
43 1.22241 0 0 0.0331102 0.0124895 1.03954
44 1.76707 -1.27612 0.036641 -1.58579 0.25066 -0.218726
45 1.55587 0 0 0.429773 0.010848 1.43418
46 1.24273 0 0 0.000479065 0.000360872 0.896377
47 0.784532 0 0 -0.0107935 -0.0124091 0.897776
48 0 0 0 0 0 0
49 -3.16527 -17.2166 -5.4398 0 0 0
50 -0.169706 1.99333 0.168103 0 0 0
51 0.455454 6.7895 -3.58509 -0.49817 0.0795073 -0.0222709
52 0 -6.39109 2.66389 -0.436332 1.39626 -1.5708
53 0 -3.88574 -0.867035 0 0 -1.5708
54 0 -2.3834 1.62041 0 1.39626 -1.5708
55 0 -9.60567 0.51389 0 0.785398 -1.5708
56 -2.76667 -0.616137 1.06069 1.5708 0 0
57 -2.76737 0.616133 1.06069 1.5708 0 0
58 -2.48017 -15.6498 -1.83436 0.431457 -0.829444 -0.373072
59 -1.93192 -12.4766 -1.97494 -3.12533 1.12999 -2.93967
60 -5.55004 0.70479 -12.5993 -0.235681 -0.0276155 0.0895728
61 -5.79513 0.63007 -13.7712 -0.244768 -0.0221616 0.0939725
time 113
0 7.81943 13.8336 -4.03751 0.000934124 0 -1.48352
1 6.02794 0 0 -0.984212 0.598607 -0.119977
2 11.7344 0 0 -0.00140283 0 -1.4001
3 8.81138 -0.000450134 -0.000112057 0.817958 0 0.000158247
4 5.77839 0.000286102 0 0.548032 0 0.000110536
5 2.23163 -0.000329971 -0.00036335 0.269926 0 0
6 11.4725 0 0 0.834399 -0.0453239 -0.221275
7 0.615219 -0.993091 -0.810701 -3.05479 0.495665 0.111821
8 2.24752 0 0 0.0252145 -0.0276617 -0.331752
9 1.11936 0 0 0.0837696 0.192474 0.0101157
10 3.71348 -0.102641 0.10219 1.56193 0.816361 0.0278873
11 1.72615 0 0 0.014412 0.0231454 -0.204892
12 1.21114 0 0 -0.00608143 0.000329553 -0.306179
13 3.59919 -1.06012 0.070888 1.55409 0.482838 0.0433322
14 1.66069 0 0 0.0117399 0.0769285 -0.047282
15 1.167 0 0 -0.0015326 0.000344448 -0.0469439
16 2.18852 0.501039 0.0576587 1.57773 0.188728 0.0781118
17 1.29609 0 0 -0.00650584 0.027541 -0.472195
18 1.62202 0.000714064 -0.000470161 -0.0102815 -0.016267 -0.183892
19 1.22241 0 0 0.00120414 -0.00268271 -0.445252
20 1.76707 1.27612 0.0366406 1.57639 0.346613 0.0443824
21 1.55588 0 0 -0.0180163 0.0265808 -0.295272
22 1.24274 0 0 -0.000479021 0.000361 -0.0812577
23 0.784523 0 0 0.0158988 0.00233656 -0.055274
24 -5.19429 13.3099 -2.074 -0.000932693 0 -2.00714
25 6.02794 0 0 0.310622 0.810104 -0.0631853
26 11.7344 0 0 0.00140263 0 1.56511
27 8.81167 0 0 0.166297 0 0
28 5.77884 0 0 0.111419 0 0
29 2.23249 0 0 0.0548779 0 0
30 11.4725 0 0 0.810886 -0.66358 -0.932576
31 0.615813 0.994371 -0.809165 -2.97612 0.595303 0.240986
32 2.24752 0 0 -0.445847 0.213517 0.207051
33 1.11936 0 0 -0.0756674 0.0622469 1.2491
34 3.71349 0.102638 0.102191 -1.96058 1.12874 -1.10629
35 1.72615 0 0 0.00391307 0.0152072 1.37543
36 1.21112 0 0 -0.00344497 0.0284359 0.948688
37 3.5992 1.06012 0.0708881 -1.72661 0.341629 -0.401559
38 1.66069 0 0 -0.00540911 0.0759289 0.151245
39 1.16699 0 0 0.0205414 0.0324705 0.181138
40 2.18853 -0.50104 0.0576591 -1.5814 0.104282 -0.178572
41 1.29609 0 0 0.456161 0.220806 1.34519
42 1.62201 -0.000713348 -0.000470161 0.000354478 0.000500995 1.28898
43 1.22241 0 0 0.0331103 0.0124894 1.03954
44 1.76707 -1.27612 0.0366409 -1.58579 0.25066 -0.218727
45 1.55588 0 0 0.429773 0.010848 1.43418
46 1.24273 0 0 0.000478853 0.000361019 0.896377
47 0.784532 0 0 -0.0107935 -0.0124092 0.897776
48 0 0 0 0 0 0
49 -3.16527 -17.2166 -5.4398 0 0 0
50 -0.169706 1.99333 0.168103 0 0 0
51 0.464185 6.77686 -3.60298 -0.501708 0.0786698 -0.0216137
52 0 -6.39109 2.66389 -0.436332 1.39626 -1.5708
53 0 -3.88574 -0.867036 0 0 -1.5708
54 0 -2.3834 1.62041 0 1.39626 -1.5708
55 0 -9.60566 0.51389 0 0.785398 -1.5708
56 -2.76667 -0.616137 1.06069 1.5708 0 0
57 -2.76737 0.616133 1.06069 1.5708 0 0
58 -2.47004 -15.6372 -1.82641 0.426967 -0.831438 -0.368821
59 -1.99016 -12.3879 -2.07146 -3.14121 1.13316 -3.04576
60 -5.55004 0.704791 -12.5993 -0.235681 -0.0276155 0.0895728
61 -5.79513 0.630071 -13.7712 -0.244768 -0.0221616 0.0939725
time 114
0 7.81943 13.8336 -4.03751 0.000934124 0 -1.48352
1 6.02794 0 0 -0.987115 0.608457 -0.108229
2 11.7344 0 0 -0.00140283 0 -1.41644
3 8.81138 -0.000449181 -0.000111818 0.799727 0 0.00015856
4 5.77839 0.000287056 0 0.535817 0 0.000110614
5 2.23163 -0.000329018 -0.000363827 0.26391 0 0
6 11.4725 0 0 0.813212 -0.0277184 -0.207974
7 0.615219 -0.993091 -0.8107 -3.05296 0.510294 0.105045
8 2.24752 0 0 0.0253698 -0.0287885 -0.333314
9 1.11936 0 0 0.112679 0.180403 0.148671
10 3.71348 -0.10264 0.102191 1.56153 0.865559 0.0274082
11 1.72615 0 0 0.017193 0.0231549 -0.103041
12 1.21114 0 0 -0.0061519 -0.00182816 -0.229971
13 3.59919 -1.06012 0.070888 1.5528 0.537804 0.0413538
14 1.66069 0 0 0.0139848 0.0769921 -0.0187313
15 1.167 0 0 -0.00153255 0.000344409 -0.0476612
16 2.18852 0.50104 0.0576591 1.57773 0.194407 0.0781119
17 1.29609 0 0 -0.00664702 0.0279912 -0.530611
18 1.62202 0.000714064 -0.000471115 -0.0105751 -0.0185628 -0.0659923
19 1.22241 0 0 0.00574762 -0.00184249 -0.334732
20 1.76707 1.27612 0.0366411 1.57639 0.355482 0.0443826
21 1.55588 0 0 -0.0198027 0.0257058 -0.36007
22 1.24273 0 0 -0.000479036 0.000360942 -0.0468009
23 0.784523 0 0 0.0158484 0.0034887 0.0186153
24 -5.19429 13.3099 -2.074 -0.000932693 0 -2.00714
25 6.02794 0 0 0.309922 0.809867 -0.0625236
26 11.7344 0 0 0.00140274 0 1.56275
27 8.81167 0 0 0.172791 0 0
28 5.77884 0 0 0.11577 0 0
29 2.23249 0 0 0.0570212 0 0
30 11.4725 0 0 0.811908 -0.665598 -0.928426
31 0.615812 0.994372 -0.809165 -2.97612 0.595303 0.240986
32 2.24752 0 0 -0.445847 0.213517 0.207051
33 1.11936 0 0 -0.0756674 0.062247 1.2491
34 3.71348 0.102639 0.102191 -1.96058 1.12874 -1.10629
35 1.72615 0 0 0.00391308 0.0152072 1.37543
36 1.21112 0 0 -0.00344493 0.0284359 0.948688
37 3.5992 1.06012 0.0708877 -1.72661 0.34163 -0.401559
38 1.66069 0 0 -0.00540904 0.0759289 0.151245
39 1.16699 0 0 0.0205414 0.0324705 0.181138
40 2.18853 -0.50104 0.057659 -1.5814 0.104282 -0.178572
41 1.29609 0 0 0.456161 0.220806 1.34519
42 1.62202 -0.000711441 -0.000470638 0.000354469 0.000500909 1.28898
43 1.22241 0 0 0.0331103 0.0124894 1.03954
44 1.76707 -1.27612 0.0366407 -1.58579 0.25066 -0.218726
45 1.55588 0 0 0.429773 0.010848 1.43418
46 1.24273 0 0 0.000479019 0.00036091 0.896377
47 0.784531 0 0 -0.0107935 -0.0124092 0.897777
48 0 0 0 0 0 0
49 -3.16527 -17.2166 -5.4398 0 0 0
50 -0.169706 1.99333 0.168103 0 0 0
51 0.471478 6.76455 -3.62014 -0.504569 0.0776637 -0.0206615
52 0 -6.39109 2.66389 -0.436332 1.39626 -1.5708
53 0 -3.88574 -0.867035 0 0 -1.5708
54 0 -2.3834 1.62041 0 1.39626 -1.5708
55 0 -9.60567 0.513888 0 0.785398 -1.5708
56 -2.76667 -0.616137 1.06069 1.5708 0 0
57 -2.76737 0.616133 1.06069 1.5708 0 0
58 -2.46098 -15.6287 -1.82257 0.423488 -0.833351 -0.365073
59 -2.04715 -12.3344 -2.15816 3.11471 1.13321 3.13277
60 -5.55004 0.704792 -12.5993 -0.235681 -0.0276155 0.0895728
61 -5.79513 0.630071 -13.7712 -0.244768 -0.0221616 0.0939725
time 115
0 7.81943 13.8336 -4.03751 0.000934124 0 -1.48352
1 6.02794 0 0 -0.993305 0.61114 -0.103289
2 11.7344 0 0 -0.00140286 0 -1.41117
3 8.81138 -0.000449181 -0.000111818 0.759192 0 0.000157971
4 5.77839 0.000287056 0 0.508658 0 0.000109999
5 2.23164 -0.000329018 -0.00036335 0.250533 0 0
6 11.4725 0 0 0.772496 -0.00771713 -0.221903
7 0.615219 -0.993091 -0.8107 -3.05242 0.515697 0.102419
8 2.24752 0 0 0.0254008 -0.0292612 -0.333537
9 1.11936 0 0 0.124802 0.175341 0.206775
10 3.71348 -0.102641 0.102191 1.56147 0.883685 0.0273394
11 1.72615 0 0 0.0182175 0.0231584 -0.0655175
12 1.21114 0 0 -0.00616982 -0.00262301 -0.201895
13 3.59919 -1.06012 0.070888 1.55221 0.567269 0.040429
14 1.66069 0 0 0.014803 0.077015 -0.00833425
15 1.167 0 0 -0.00153248 0.000344248 -0.047933
16 2.18852 0.50104 0.0576587 1.57773 0.196396 0.0781118
17 1.29609 0 0 -0.00688341 0.0284172 -0.564399
18 1.62202 0.000713885 -0.000471115 -0.010767 -0.0200644 0.0111528
19 1.22241 0 0 0.00871891 -0.00129167 -0.262415
20 1.76707 1.27612 0.0366411 1.57639 0.358589 0.0443824
21 1.55588 0 0 -0.0204659 0.0253761 -0.384234
22 1.24274 0 0 -0.000478891 0.000361031 -0.0344309
23 0.784522 0 0 0.0158299 0.00390897 0.0455419
24 -5.19429 13.3099 -2.074 -0.000932693 0 -2.00714
25 6.02794 0 0 0.309331 0.809679 -0.0620047
26 11.7344 0 0 0.00140272 0 1.56062
27 8.81167 0 0 0.179007 0 0
28 5.77884 0 0 0.119935 0 0
29 2.23249 0 0 0.0590722 0 0
30 11.4725 0 0 0.812762 -0.666894 -0.924617
31 0.615813 0.994372 -0.809165 -2.97612 0.595303 0.240986
32 2.24752 0 0 -0.445847 0.213517 0.20705
33 1.11936 0 0 -0.0756673 0.0622469 1.2491
34 3.71349 0.102639 0.102191 -1.96058 1.12874 -1.10629
35 1.72615 0 0 0.00391315 0.0152071 1.37543
36 1.21112 0 0 -0.00344497 0.028436 0.948688
37 3.5992 1.06012 0.0708881 -1.72661 0.34163 -0.401559
38 1.66069 0 0 -0.00540912 0.075929 0.151245
39 1.16699 0 0 0.0205414 0.0324704 0.181138
40 2.18853 -0.50104 0.057659 -1.5814 0.104282 -0.178572
41 1.29609 0 0 0.456161 0.220806 1.34519
42 1.62202 -0.000713348 -0.000470638 0.000354416 0.000500986 1.28898
43 1.2224 0 0 0.0331103 0.0124894 1.03954
44 1.76707 -1.27612 0.0366411 -1.58579 0.25066 -0.218726
45 1.55588 0 0 0.429773 0.010848 1.43418
46 1.24273 0 0 0.000478907 0.000360952 0.896377
47 0.784531 0 0 -0.0107935 -0.0124092 0.897777
48 0 0 0 0 0 0
49 -3.16527 -17.2166 -5.4398 0 0 0
50 -0.169706 1.99333 0.168103 0 0 0
51 0.477163 6.75344 -3.63622 -0.506749 0.0766738 -0.0195198
52 0 -6.39109 2.66389 -0.436332 1.39626 -1.5708
53 0 -3.88574 -0.867035 0 0 -1.5708
54 0 -2.3834 1.62041 0 1.39626 -1.5708
55 0 -9.60566 0.513889 0 0.785398 -1.5708
56 -2.76667 -0.616137 1.06069 1.5708 0 0
57 -2.76737 0.616133 1.06069 1.5708 0 0
58 -2.45261 -15.6238 -1.82256 0.420937 -0.835015 -0.361874
59 -2.10263 -12.3234 -2.23171 3.08343 1.12174 3.04414
60 -5.55004 0.70479 -12.5993 -0.235681 -0.0276156 0.0895729
61 -5.79513 0.63007 -13.7712 -0.244768 -0.0221616 0.0939725
time 116
0 7.81943 13.8336 -4.03751 0.000934124 0 -1.48352
1 6.02794 0 0 -0.997221 0.610979 -0.105488
2 11.7344 0 0 -0.00140276 0 -1.39599
3 8.81138 -0.000450134 -0.000111818 0.713492 0 0.00015795
4 5.77839 0.000286102 0 0.47804 0 0.000109673
5 2.23163 -0.000329971 -0.000364304 0.235452 0 0
6 11.4725 0 0 0.729759 -0.011078 -0.242683
7 0.615219 -0.993092 -0.810701 -3.05242 0.515698 0.102419
8 2.24752 0 0 0.0254008 -0.0292611 -0.333537
9 1.11936 0 0 0.124802 0.175341 0.206775
10 3.71348 -0.102642 0.102191 1.56147 0.883685 0.0273396
11 1.72615 0 0 0.0182174 0.0231584 -0.0655174
12 1.21114 0 0 -0.0061697 -0.00262306 -0.201895
13 3.59919 -1.06012 0.0708876 1.55206 0.579217 0.0401608
14 1.66069 0 0 0.0148033 0.0770149 -0.00833406
15 1.167 0 0 -0.0015326 0.00034429 -0.0479332
16 2.18852 0.501039 0.0576587 1.57773 0.196396 0.0781118
17 1.29609 0 0 -0.00707057 0.028724 -0.576428
18 1.62202 0.000714064 -0.000471115 -0.0108812 -0.0207766 0.0493638
19 1.22241 0 0 0.0101486 -0.00102576 -0.226527
20 1.76707 1.27612 0.0366406 1.57639 0.358589 0.0443825
21 1.55588 0 0 -0.0204659 0.0253762 -0.384234
22 1.24274 0 0 -0.00047889 0.000360971 -0.034431
23 0.784523 0 0 0.0158298 0.00390899 0.0455419
24 -5.19429 13.3099 -2.074 -0.000932693 0 -2.00714
25 6.02794 0 0 0.308792 0.809549 -0.06168
26 11.7344 0 0 0.00140266 0 1.55884
27 8.81167 0 0 0.184429 0 0
28 5.77884 0 0 0.123567 0 0
29 2.23249 0 0 0.0608617 0 0
30 11.4725 0 0 0.81333 -0.667565 -0.921311
31 0.615812 0.994372 -0.809165 -2.97612 0.595303 0.240986
32 2.24752 0 0 -0.445847 0.213517 0.207051
33 1.11936 0 0 -0.0756673 0.062247 1.2491
34 3.71348 0.102639 0.102191 -1.96058 1.12874 -1.10629
35 1.72615 0 0 0.00391311 0.0152071 1.37543
36 1.21112 0 0 -0.00344501 0.028436 0.948687
37 3.5992 1.06012 0.0708879 -1.72661 0.34163 -0.401559
38 1.66069 0 0 -0.00540907 0.0759289 0.151245
39 1.16699 0 0 0.0205414 0.0324705 0.181138
40 2.18853 -0.50104 0.057659 -1.5814 0.104282 -0.178572
41 1.29609 0 0 0.456161 0.220806 1.34519
42 1.62201 -0.000714302 -0.000469685 0.00035446 0.000501009 1.28898
43 1.22241 0 0 0.0331103 0.0124894 1.03954
44 1.76707 -1.27612 0.036641 -1.58579 0.25066 -0.218727
45 1.55587 0 0 0.429773 0.010848 1.43418
46 1.24273 0 0 0.000479019 0.000360952 0.896377
47 0.784532 0 0 -0.0107935 -0.0124091 0.897776
48 0 0 0 0 0 0
49 -3.16527 -17.2166 -5.4398 0 0 0
50 -0.169706 1.99333 0.168103 0 0 0
51 0.481072 6.74439 -3.65086 -0.508246 0.0758853 -0.0182943
52 0 -6.39109 2.66389 -0.436332 1.39626 -1.5708
53 0 -3.88574 -0.867035 0 0 -1.5708
54 0 -2.3834 1.62041 0 1.39626 -1.5708
55 0 -9.60567 0.513889 0 0.785398 -1.5708
56 -2.76667 -0.616137 1.06069 1.5708 0 0
57 -2.76737 0.616133 1.06069 1.5708 0 0
58 -2.44451 -15.6216 -1.82611 0.419233 -0.836258 -0.35927
59 -2.15684 -12.3571 -2.29122 3.04957 1.09368 2.98212
60 -5.55004 0.70479 -12.5993 -0.235681 -0.0276155 0.0895728
61 -5.79513 0.63007 -13.7712 -0.244768 -0.0221616 0.0939725
time 117
0 7.81943 13.8336 -4.03751 0.000934124 0 -1.48352
1 6.02794 0 0 -0.996206 0.612099 -0.111724
2 11.7344 0 0 -0.00140278 0 -1.38572
3 8.81138 -0.000450134 -0.000112534 0.681019 0 0.000158429
4 5.77839 0.000286102 0 0.456283 0 0.000109755
5 2.23163 -0.000329971 -0.000363827 0.224736 0 0
6 11.4725 0 0 0.701825 -0.0452721 -0.243488
7 0.615219 -0.993092 -0.8107 -3.05242 0.515697 0.102419
8 2.24752 0 0 0.0254008 -0.0292611 -0.333537
9 1.11936 0 0 0.124802 0.175341 0.206775
10 3.71348 -0.102641 0.102191 1.56147 0.883685 0.0273397
11 1.72615 0 0 0.0182174 0.0231584 -0.0655174
12 1.21114 0 0 -0.00616947 -0.00262292 -0.201895
13 3.59919 -1.06012 0.0708885 1.55197 0.587226 0.039981
14 1.66069 0 0 0.0148032 0.077015 -0.00833414
15 1.167 0 0 -0.00153255 0.00034447 -0.047933
16 2.18852 0.501039 0.0576591 1.57773 0.196396 0.0781119
17 1.29609 0 0 -0.00706512 0.028825 -0.577754
18 1.62202 0.000713825 -0.000471115 -0.0109553 -0.0209563 0.0621048
19 1.22241 0 0 0.0105491 -0.000951095 -0.214437
20 1.76707 1.27612 0.0366411 1.57639 0.358589 0.0443825
21 1.55588 0 0 -0.0204659 0.0253761 -0.384234
22 1.24273 0 0 -0.000479009 0.000360939 -0.034431
23 0.784523 0 0 0.0158299 0.003909 0.045542
24 -5.19429 13.3099 -2.074 -0.000932693 0 -2.00714
25 6.02794 0 0 0.308247 0.809486 -0.0616012
26 11.7344 0 0 0.00140255 0 1.55752
27 8.81167 0 0 0.188546 0 0
28 5.77884 0 0 0.126326 0 0
29 2.23249 0 0 0.0622203 0 0
30 11.4725 0 0 0.81349 -0.667709 -0.918667
31 0.615814 0.994372 -0.809165 -2.97612 0.595303 0.240986
32 2.24752 0 0 -0.445847 0.213517 0.207051
33 1.11936 0 0 -0.0756672 0.0622469 1.2491
34 3.71349 0.102638 0.102191 -1.96058 1.12874 -1.10629
35 1.72615 0 0 0.00391307 0.0152072 1.37543
36 1.21112 0 0 -0.00344494 0.0284359 0.948687
37 3.5992 1.06012 0.0708881 -1.72661 0.34163 -0.401559
38 1.66069 0 0 -0.00540906 0.075929 0.151245
39 1.16699 0 0 0.0205414 0.0324705 0.181138
40 2.18853 -0.50104 0.0576589 -1.5814 0.104282 -0.178572
41 1.29609 0 0 0.456161 0.220806 1.34519
42 1.62201 -0.000712395 -0.000470161 0.000354505 0.000500994 1.28898
43 1.22241 0 0 0.0331103 0.0124894 1.03954
44 1.76707 -1.27612 0.0366406 -1.58579 0.25066 -0.218726
45 1.55587 0 0 0.429773 0.0108479 1.43418
46 1.24273 0 0 0.000478766 0.000361015 0.896377
47 0.784532 0 0 -0.0107934 -0.0124093 0.897776
48 0 0 0 0 0 0
49 -3.16527 -17.2166 -5.4398 0 0 0
50 -0.169706 1.99333 0.168103 0 0 0
51 0.483034 6.73825 -3.6637 -0.50906 0.0754833 -0.0170903
52 0 -6.39109 2.66389 -0.436332 1.39626 -1.57079
53 0 -3.88574 -0.867036 0 0 -1.5708
54 0 -2.3834 1.62041 0 1.39626 -1.5708
55 0 -9.60567 0.513888 0 0.785398 -1.5708
56 -2.76667 -0.616136 1.06069 1.5708 0 0
57 -2.76737 0.616133 1.06069 1.5708 0 0
58 -2.43627 -15.6214 -1.83295 0.418292 -0.836908 -0.357306
59 -2.20879 -12.4261 -2.33962 3.01068 1.05282 2.94296
60 -5.55004 0.70479 -12.5993 -0.235681 -0.0276156 0.0895729
61 -5.79513 0.63007 -13.7712 -0.244768 -0.0221616 0.0939725
time 118
0 7.81943 13.8336 -4.03751 0.000934124 0 -1.48352
1 6.02794 0 0 -0.992404 0.613321 -0.12068
2 11.7344 0 0 -0.00140289 0 -1.37892
3 8.81138 -0.000450134 -0.000112772 0.658584 0 0.000158341
4 5.77839 0.000286102 0 0.441251 0 0.0001097
5 2.23163 -0.000329018 -0.000363827 0.217333 0 0
6 11.4725 0 0 0.683023 -0.0980753 -0.229111
7 0.615219 -0.993091 -0.8107 -3.05242 0.515697 0.102419
8 2.24752 0 0 0.0254007 -0.0292611 -0.333537
9 1.11936 0 0 0.124802 0.175341 0.206775
10 3.71348 -0.102641 0.102191 1.56147 0.883685 0.0273396
11 1.72615 0 0 0.0182174 0.0231584 -0.0655175
12 1.21114 0 0 -0.00616975 -0.00262315 -0.201895
13 3.59919 -1.06012 0.070888 1.55191 0.592084 0.0398719
14 1.66069 0 0 0.0148033 0.0770149 -0.00833416
15 1.167 0 0 -0.0015326 0.00034426 -0.0479331
16 2.18852 0.50104 0.0576591 1.57773 0.196396 0.0781117
17 1.29609 0 0 -0.00695572 0.0287825 -0.572796
18 1.62202 0.000713944 -0.000471115 -0.0109851 -0.020789 0.0570149
19 1.22241 0 0 0.0102632 -0.00100446 -0.219063
20 1.76707 1.27612 0.0366411 1.57639 0.358589 0.0443824
21 1.55588 0 0 -0.0204659 0.0253761 -0.384234
22 1.24273 0 0 -0.00047889 0.000360956 -0.034431
23 0.784523 0 0 0.0158298 0.00390903 0.0455419
24 -5.19429 13.3099 -2.074 -0.000932693 0 -2.00714
25 6.02794 0 0 0.30764 0.8095 -0.0618208
26 11.7344 0 0 0.00140278 0 1.55679
27 8.81167 0 0 0.190858 0 0
28 5.77884 0 0 0.127875 0 0
29 2.23249 0 0 0.0629832 0 0
30 11.4725 0 0 0.813121 -0.667423 -0.916847
31 0.615813 0.994372 -0.809165 -2.97612 0.595303 0.240986
32 2.24752 0 0 -0.445847 0.213517 0.207051
33 1.11936 0 0 -0.0756674 0.062247 1.2491
34 3.71349 0.102639 0.102191 -1.96058 1.12874 -1.10629
35 1.72615 0 0 0.00391312 0.0152072 1.37543
36 1.21112 0 0 -0.00344494 0.028436 0.948688
37 3.5992 1.06012 0.0708881 -1.72661 0.34163 -0.401559
38 1.66069 0 0 -0.00540905 0.0759289 0.151245
39 1.16699 0 0 0.0205414 0.0324705 0.181138
40 2.18853 -0.50104 0.0576593 -1.5814 0.104282 -0.178572
41 1.29609 0 0 0.456161 0.220806 1.34519
42 1.62201 -0.000712395 -0.000469685 0.000354475 0.000501016 1.28898
43 1.22241 0 0 0.0331103 0.0124894 1.03954
44 1.76707 -1.27612 0.0366413 -1.58579 0.25066 -0.218727
45 1.55588 0 0 0.429773 0.010848 1.43418
46 1.24273 0 0 0.000478942 0.000360972 0.896377
47 0.784532 0 0 -0.0107935 -0.0124092 0.897777
48 0 0 0 0 0 0
49 -3.16527 -17.2166 -5.4398 0 0 0
50 -0.169706 1.99333 0.168103 0 0 0
51 0.482881 6.73591 -3.67441 -0.509187 0.0756528 -0.0160134
52 0 -6.39109 2.66389 -0.436332 1.39626 -1.5708
53 0 -3.88574 -0.867035 0 0 -1.5708
54 0 -2.3834 1.62041 0 1.39626 -1.5708
55 0 -9.60567 0.51389 0 0.785398 -1.5708
56 -2.76667 -0.616136 1.06069 1.5708 0 0
57 -2.76737 0.616133 1.06069 1.5708 0 0
58 -2.42745 -15.6224 -1.84284 0.418029 -0.836791 -0.356024
59 -2.25639 -12.5191 -2.37937 2.96956 1.00491 2.9207
60 -5.55004 0.70479 -12.5993 -0.235681 -0.0276156 0.0895729
61 -5.79513 0.63007 -13.7712 -0.244768 -0.0221616 0.0939725
time 119
0 7.81943 13.8336 -4.03751 0.000934124 0 -1.48352
1 6.02794 0 0 -0.987941 0.613525 -0.131335
2 11.7344 0 0 -0.00140286 0 -1.37362
3 8.81138 -0.000450134 -0.000112772 0.643292 0 0.000158053
4 5.77839 0.000286102 0 0.431005 0 0.000109351
5 2.23163 -0.000329971 -0.00036478 0.212286 0 0
6 11.4725 0 0 0.667991 -0.158374 -0.205041
7 0.615219 -0.993092 -0.8107 -3.05242 0.515698 0.102419
8 2.24752 0 0 0.0254008 -0.0292612 -0.333537
9 1.11936 0 0 0.124802 0.175341 0.206775
10 3.71348 -0.102642 0.102191 1.56147 0.883685 0.0273397
11 1.72615 0 0 0.0182176 0.0231584 -0.0655174
12 1.21114 0 0 -0.00616975 -0.00262312 -0.201895
13 3.59919 -1.06012 0.070888 1.55188 0.594579 0.0398159
14 1.66069 0 0 0.0148032 0.077015 -0.00833422
15 1.167 0 0 -0.00153248 0.000344248 -0.0479331
16 2.18852 0.501039 0.0576591 1.57773 0.196396 0.0781119
17 1.29609 0 0 -0.00682981 0.0286587 -0.565971
18 1.62202 0.000713706 -0.000470161 -0.0109662 -0.0204607 0.0417335
19 1.22241 0 0 0.00963392 -0.00112155 -0.233322
20 1.76707 1.27612 0.0366406 1.57639 0.358589 0.0443824
21 1.55588 0 0 -0.0204658 0.0253761 -0.384234
22 1.24274 0 0 -0.000479129 0.000360997 -0.0344311
23 0.784524 0 0 0.0158301 0.00390897 0.0455421
24 -5.19429 13.3099 -2.074 -0.000932693 0 -2.00714
25 6.02794 0 0 0.306914 0.8096 -0.0623886
26 11.7344 0 0 0.00140272 0 1.55675
27 8.81167 0 0 0.190867 0 0
28 5.77884 0 0 0.127881 0 0
29 2.23249 0 0 0.0629862 0 0
30 11.4725 0 0 0.812101 -0.666807 -0.916015
31 0.615812 0.994371 -0.809165 -2.97612 0.595303 0.240986
32 2.24752 0 0 -0.445847 0.213517 0.207051
33 1.11936 0 0 -0.0756674 0.0622469 1.2491
34 3.71349 0.102639 0.102191 -1.96058 1.12874 -1.10629
35 1.72615 0 0 0.00391304 0.0152072 1.37543
36 1.21112 0 0 -0.00344493 0.028436 0.948687
37 3.5992 1.06012 0.0708879 -1.72661 0.34163 -0.401559
38 1.66069 0 0 -0.00540905 0.0759289 0.151245
39 1.16699 0 0 0.0205413 0.0324705 0.181138
40 2.18853 -0.50104 0.0576587 -1.5814 0.104282 -0.178572
41 1.29609 0 0 0.456161 0.220806 1.34519
42 1.62201 -0.000711441 -0.000469685 0.000354496 0.000500907 1.28898
43 1.22241 0 0 0.0331103 0.0124894 1.03954
44 1.76707 -1.27612 0.036641 -1.58579 0.25066 -0.218726
45 1.55588 0 0 0.429773 0.0108479 1.43418
46 1.24273 0 0 0.000478956 0.000361023 0.896377
47 0.784532 0 0 -0.0107936 -0.0124093 0.897776
48 0 0 0 0 0 0
49 -3.16527 -17.2166 -5.4398 0 0 0
50 -0.169706 1.99333 0.168103 0 0 0
51 0.480443 6.73821 -3.68261 -0.508627 0.0765788 -0.0151692
52 0 -6.39109 2.6639 -0.436332 1.39626 -1.57079
53 0 -3.88574 -0.867035 0 0 -1.5708
54 0 -2.3834 1.62041 0 1.39626 -1.5708
55 0 -9.60566 0.51389 0 0.785398 -1.5708
56 -2.76667 -0.616137 1.06069 1.5708 0 0
57 -2.76737 0.616133 1.06069 1.5708 0 0
58 -2.41765 -15.6238 -1.85553 0.418355 -0.835731 -0.355464
59 -2.29766 -12.6252 -2.41303 2.92787 0.955197 2.90859
60 -5.55004 0.70479 -12.5993 -0.235681 -0.0276156 0.0895729
61 -5.79513 0.63007 -13.7712 -0.244768 -0.0221616 0.0939725
time 120
0 7.81943 13.8336 -4.03751 0.000934124 0 -1.48352
1 6.02794 0 0 -0.984573 0.61231 -0.142361
2 11.7344 0 0 -0.00140292 0 -1.36839
3 8.81138 -0.000449181 -0.000111818 0.632026 0 0.000158202
4 5.77839 0.000287056 0 0.423457 0 0.000109444
5 2.23163 -0.000329018 -0.000363827 0.208568 0 0
6 11.4725 0 0 0.653022 -0.215671 -0.177076
7 0.615219 -0.993092 -0.8107 -3.05242 0.515697 0.102419
8 2.24752 0 0 0.0254007 -0.0292611 -0.333537
9 1.11936 0 0 0.124802 0.175341 0.206775
10 3.71348 -0.10264 0.102191 1.56147 0.883685 0.0273396
11 1.72615 0 0 0.0182176 0.0231584 -0.0655174
12 1.21114 0 0 -0.00616993 -0.00262311 -0.201895
13 3.59919 -1.06012 0.070888 1.55186 0.595498 0.0397953
14 1.66069 0 0 0.0148032 0.0770151 -0.00833419
15 1.167 0 0 -0.00153248 0.000344293 -0.047933
16 2.18852 0.501039 0.0576591 1.57773 0.196396 0.078112
17 1.29609 0 0 -0.00677655 0.028516 -0.5617
18 1.62202 0.000714064 -0.000472069 -0.0108948 -0.0201572 0.0238997
19 1.22241 0 0 0.009005 -0.0012387 -0.250133
20 1.76707 1.27612 0.0366406 1.57639 0.358589 0.0443824
21 1.55588 0 0 -0.0204659 0.0253762 -0.384234
22 1.24274 0 0 -0.000478891 0.000361031 -0.0344309
23 0.784524 0 0 0.0158299 0.00390899 0.0455419
24 -5.19429 13.3099 -2.074 -0.000932693 0 -2.00714
25 6.02794 0 0 0.306012 0.809796 -0.0633552
26 11.7344 0 0 0.00140266 0 1.55753
27 8.81167 0 0 0.188096 0 0
28 5.77884 0 0 0.126024 0 0
29 2.23249 0 0 0.0620716 0 0
30 11.4725 0 0 0.810311 -0.665963 -0.916334
31 0.615813 0.994373 -0.809165 -2.97612 0.595303 0.240986
32 2.24752 0 0 -0.445847 0.213517 0.207051
33 1.11936 0 0 -0.0756674 0.0622468 1.2491
34 3.71349 0.10264 0.102191 -1.96058 1.12874 -1.10629
35 1.72615 0 0 0.00391306 0.0152072 1.37543
36 1.21112 0 0 -0.003445 0.0284359 0.948687
37 3.5992 1.06012 0.0708883 -1.72661 0.34163 -0.401559
38 1.66069 0 0 -0.00540907 0.0759289 0.151245
39 1.16699 0 0 0.0205414 0.0324705 0.181138
40 2.18853 -0.501039 0.057659 -1.5814 0.104282 -0.178572
41 1.29609 0 0 0.456161 0.220806 1.34519
42 1.62201 -0.000711441 -0.000470161 0.000354443 0.000500985 1.28898
43 1.22241 0 0 0.0331103 0.0124894 1.03954
44 1.76707 -1.27612 0.0366408 -1.58579 0.25066 -0.218726
45 1.55587 0 0 0.429773 0.010848 1.43418
46 1.24273 0 0 0.000478928 0.000361024 0.896377
47 0.784532 0 0 -0.0107935 -0.0124092 0.897777
48 0 0 0 0 0 0
49 -3.16527 -17.2166 -5.4398 0 0 0
50 -0.169706 1.99333 0.168103 0 0 0
51 0.47555 6.74604 -3.68796 -0.507376 0.0784463 -0.0146631
52 0 -6.39109 2.66389 -0.436332 1.39626 -1.5708
53 0 -3.88574 -0.867035 0 0 -1.5708
54 0 -2.3834 1.62041 0 1.39626 -1.5708
55 0 -9.60567 0.513889 0 0.785398 -1.5708
56 -2.76667 -0.616137 1.06069 1.5708 0 0
57 -2.76737 0.616133 1.06069 1.5708 0 0
58 -2.40651 -15.6249 -1.87082 0.419176 -0.833554 -0.355664
59 -2.33073 -12.7334 -2.44322 2.88802 0.908617 2.90075
60 -5.55004 0.704792 -12.5993 -0.235681 -0.0276156 0.0895729
61 -5.79513 0.630071 -13.7712 -0.244768 -0.0221616 0.0939725
time 121
0 7.81943 13.8336 -4.03751 0.000934124 0 -1.48352
1 6.02794 0 0 -0.983501 0.610172 -0.151963
2 11.7344 0 0 -0.00140281 0 -1.36267
3 8.81138 -0.000450134 -0.000112295 0.621402 0 0.000158235
4 5.77839 0.000286102 0 0.416339 0 0.000109332
5 2.23163 -0.000329018 -0.00036335 0.205063 0 0
6 11.4725 0 0 0.63663 -0.260064 -0.151566
7 0.615219 -0.993091 -0.8107 -3.05242 0.515697 0.102419
8 2.24752 0 0 0.0254007 -0.029261 -0.333537
9 1.11936 0 0 0.124802 0.175341 0.206775
10 3.71348 -0.10264 0.102191 1.56147 0.883685 0.0273394
11 1.72615 0 0 0.0182177 0.0231583 -0.0655174
12 1.21114 0 0 -0.00616993 -0.00262308 -0.201895
13 3.59919 -1.06012 0.070888 1.55186 0.59563 0.0397923
14 1.66069 0 0 0.0148033 0.0770149 -0.00833416
15 1.167 0 0 -0.00153272 0.000344287 -0.0479331
16 2.18852 0.501039 0.0576591 1.57773 0.196396 0.0781118
17 1.29609 0 0 -0.00688368 0.0284171 -0.564399
18 1.62202 0.000714064 -0.000471115 -0.010767 -0.0200644 0.0111528
19 1.22241 0 0 0.00871899 -0.00129181 -0.262415
20 1.76707 1.27612 0.0366411 1.57639 0.358589 0.0443823
21 1.55588 0 0 -0.0204661 0.0253761 -0.384234
22 1.24274 0 0 -0.000478951 0.000361045 -0.0344309
23 0.784522 0 0 0.0158301 0.00390902 0.045542
24 -5.19429 13.3099 -2.074 -0.000932693 0 -2.00714
25 6.02794 0 0 0.304879 0.810095 -0.0647688
26 11.7344 0 0 0.00140258 0 1.55923
27 8.81167 0 0 0.182072 0 0
28 5.77884 0 0 0.121988 0 0
29 2.23249 0 0 0.0600837 0 0
30 11.4725 0 0 0.807631 -0.664994 -0.917971
31 0.615812 0.994372 -0.809165 -2.97612 0.595303 0.240986
32 2.24752 0 0 -0.445847 0.213517 0.207051
33 1.11936 0 0 -0.0756674 0.0622471 1.2491
34 3.71349 0.102639 0.102191 -1.96058 1.12874 -1.10629
35 1.72615 0 0 0.00391308 0.0152071 1.37543
36 1.21112 0 0 -0.00344494 0.0284358 0.948687
37 3.5992 1.06012 0.0708877 -1.72661 0.34163 -0.401559
38 1.66069 0 0 -0.00540902 0.0759289 0.151245
39 1.16699 0 0 0.0205414 0.0324705 0.181138
40 2.18853 -0.50104 0.0576589 -1.5814 0.104282 -0.178572
41 1.29609 0 0 0.456161 0.220806 1.34519
42 1.62202 -0.000712395 -0.000470161 0.000354493 0.000501003 1.28898
43 1.22241 0 0 0.0331103 0.0124895 1.03954
44 1.76707 -1.27612 0.036641 -1.58579 0.25066 -0.218726
45 1.55588 0 0 0.429773 0.010848 1.43418
46 1.24273 0 0 0.000478816 0.000361008 0.896377
47 0.784532 0 0 -0.0107935 -0.0124093 0.897777
48 0 0 0 0 0 0
49 -3.16527 -17.2166 -5.4398 0 0 0
50 -0.169706 1.99333 0.168103 0 0 0
51 0.468034 6.76024 -3.69011 -0.505433 0.0814405 -0.0146006
52 0 -6.39109 2.66389 -0.436333 1.39626 -1.5708
53 0 -3.88574 -0.867035 0 0 -1.5708
54 0 -2.3834 1.62041 0 1.39626 -1.5708
55 0 -9.60567 0.513889 0 0.785398 -1.5708
56 -2.76667 -0.616137 1.06069 1.5708 0 0
57 -2.76737 0.616133 1.06069 1.5708 0 0
58 -2.39369 -15.6247 -1.88851 0.420397 -0.830084 -0.356659
59 -2.35387 -12.8326 -2.47258 2.8535 0.869967 2.89237
60 -5.55004 0.70479 -12.5993 -0.235681 -0.0276156 0.0895729
61 -5.79513 0.63007 -13.7712 -0.244768 -0.0221616 0.0939725
time 122
0 7.81943 13.8336 -4.03751 0.000934124 0 -1.48352
1 6.02794 0 0 -0.985485 0.608258 -0.158071
2 11.7344 0 0 -0.00140273 0 -1.35651
3 8.81138 -0.000450134 -0.000112057 0.608038 0 0.000158221
4 5.77839 0.000286102 0 0.407385 0 0.000109165
5 2.23163 -0.000329971 -0.000364304 0.200653 0 0
6 11.4725 0 0 0.61924 -0.282318 -0.135711
7 0.61522 -0.993091 -0.8107 -3.0509 0.514793 0.105426
8 2.24752 0 0 0.0255447 -0.0291588 -0.337605
9 1.11936 0 0 0.12559 0.174922 0.210919
10 3.71348 -0.102641 0.102191 1.56147 0.895639 0.0273395
11 1.72615 0 0 0.0181071 0.0232409 -0.0702122
12 1.21114 0 0 -0.0061697 -0.00262301 -0.208831
13 3.59919 -1.06012 0.070888 1.5518 0.598994 0.040141
14 1.66069 0 0 0.014298 0.0770975 -0.014874
15 1.167 0 0 -0.00153481 0.000351532 -0.0543919
16 2.18852 0.501039 0.0576596 1.57773 0.192475 0.0781352
17 1.29609 0 0 -0.00744375 0.0283406 -0.583996
18 1.62202 0.000714302 -0.000471115 -0.0105728 -0.0201598 0.00166568
19 1.22241 0 0 0.00871894 -0.00129499 -0.277133
20 1.76707 1.27612 0.0366416 1.57639 0.357338 0.0444169
21 1.55588 0 0 -0.0208448 0.0251387 -0.398155
22 1.24273 0 0 -0.000478796 0.000360971 -0.0406892
23 0.784523 0 0 0.0157981 0.00400572 0.0393298
24 -5.19429 13.3099 -2.074 -0.000932693 0 -2.00714
25 6.02794 0 0 0.303459 0.810504 -0.0666756
26 11.7344 0 0 0.00140273 0 1.56196
27 8.81167 0 0 0.172345 0 0
28 5.77884 0 0 0.115471 0 0
29 2.23249 0 0 0.0568739 0 0
30 11.4725 0 0 0.803949 -0.664007 -0.921097
31 0.615813 0.994372 -0.809165 -2.97612 0.595303 0.240986
32 2.24752 0 0 -0.445847 0.213517 0.207051
33 1.11936 0 0 -0.0756675 0.0622469 1.2491
34 3.71348 0.102639 0.102191 -1.96058 1.12874 -1.10629
35 1.72615 0 0 0.0039131 0.0152071 1.37543
36 1.21112 0 0 -0.00344498 0.028436 0.948687
37 3.5992 1.06012 0.0708881 -1.72661 0.34163 -0.401559
38 1.66069 0 0 -0.00540903 0.0759289 0.151245
39 1.16699 0 0 0.0205414 0.0324705 0.181138
40 2.18853 -0.50104 0.0576591 -1.5814 0.104282 -0.178572
41 1.29609 0 0 0.456161 0.220806 1.34519
42 1.62201 -0.000713348 -0.000469208 0.000354457 0.000501029 1.28898
43 1.22241 0 0 0.0331104 0.0124894 1.03954
44 1.76707 -1.27612 0.0366409 -1.58579 0.25066 -0.218727
45 1.55588 0 0 0.429773 0.0108479 1.43418
46 1.24273 0 0 0.000478892 0.000360984 0.896377
47 0.784532 0 0 -0.0107936 -0.0124092 0.897776
48 0 0 0 0 0 0
49 -3.16527 -17.2166 -5.4398 0 0 0
50 -0.169706 1.99333 0.168103 0 0 0
51 0.457725 6.78168 -3.68869 -0.502795 0.0857464 -0.0150874
52 0 -6.39109 2.66389 -0.436333 1.39626 -1.5708
53 0 -3.88574 -0.867035 0 0 -1.5708
54 0 -2.3834 1.62041 0 1.39626 -1.5708
55 0 -9.60566 0.513889 0 0.785398 -1.5708
56 -2.76667 -0.616136 1.06069 1.5708 0 0
57 -2.76737 0.616133 1.06069 1.5708 0 0
58 -2.37894 -15.6226 -1.90847 0.421917 -0.825145 -0.358485
59 -2.36542 -12.9118 -2.50372 2.82844 0.843941 2.87932
60 -5.55004 0.704791 -12.5993 -0.235681 -0.0276156 0.0895729
61 -5.79513 0.63007 -13.7712 -0.244768 -0.0221616 0.0939725
time 123
0 7.81943 13.8336 -4.03751 0.000934124 0 -1.48352
1 6.02794 0 0 -0.989611 0.607939 -0.160151
2 11.7344 0 0 -0.00140286 0 -1.354
3 8.81138 -0.000450134 -0.000112772 0.595008 0 0.000158276
4 5.77839 0.000287056 0 0.398656 0 0.000109148
5 2.23163 -0.000329018 -0.000363827 0.196353 0 0
6 11.4725 0 0 0.604599 -0.283616 -0.127111
7 0.615219 -0.993091 -0.810701 -3.04937 0.513889 0.108433
8 2.24752 0 0 0.0256886 -0.0290564 -0.341674
9 1.11936 0 0 0.126379 0.174503 0.215063
10 3.71348 -0.10264 0.102191 1.56147 0.911935 0.0273396
11 1.72615 0 0 0.017895 0.0233996 -0.0792505
12 1.21114 0 0 -0.00616979 -0.00262311 -0.22011
13 3.59919 -1.06012 0.0708878 1.55163 0.606479 0.0410062
14 1.66069 0 0 0.0133594 0.0772464 -0.0270125
15 1.167 0 0 -0.00153703 0.000358651 -0.0664331
16 2.18852 0.50104 0.0576591 1.57773 0.184222 0.0781587
17 1.29609 0 0 -0.00807612 0.0282453 -0.606146
18 1.62202 0.000714183 -0.000470161 -0.0103263 -0.0202802 -0.0103739
19 1.22241 0 0 0.00871889 -0.0012981 -0.294403
20 1.76707 1.27612 0.0366411 1.57639 0.351683 0.0444513
21 1.55588 0 0 -0.021396 0.0247577 -0.418959
22 1.24274 0 0 -0.000478977 0.000360992 -0.0538302
23 0.784523 0 0 0.0157312 0.00420882 0.0262359
24 -5.19429 13.3099 -2.074 -0.000932693 0 -2.00714
25 6.02794 0 0 0.301702 0.81103 -0.0691162
26 11.7344 0 0 0.00140272 0 1.56583
27 8.81167 0 0 0.158475 0 0
28 5.77884 0 0 0.106178 0 0
29 2.23249 0 0 0.0522966 0 0
30 11.4725 0 0 0.799154 -0.663111 -0.925888
31 0.615813 0.994372 -0.809165 -2.97612 0.595303 0.240986
32 2.24752 0 0 -0.445847 0.213517 0.20705
33 1.11936 0 0 -0.0756674 0.062247 1.2491
34 3.71349 0.102639 0.102191 -1.96058 1.12874 -1.10629
35 1.72615 0 0 0.00391312 0.0152071 1.37543
36 1.21112 0 0 -0.00344498 0.028436 0.948687
37 3.5992 1.06012 0.0708877 -1.72661 0.34163 -0.401559
38 1.66069 0 0 -0.0054091 0.075929 0.151245
39 1.16699 0 0 0.0205414 0.0324705 0.181138
40 2.18853 -0.50104 0.0576588 -1.5814 0.104282 -0.178572
41 1.29609 0 0 0.456161 0.220806 1.34519
42 1.62201 -0.000714302 -0.000469685 0.000354431 0.000500956 1.28898
43 1.22241 0 0 0.0331103 0.0124893 1.03954
44 1.76707 -1.27612 0.036641 -1.58579 0.25066 -0.218726
45 1.55587 0 0 0.429773 0.010848 1.43418
46 1.24273 0 0 0.000478936 0.000361041 0.896377
47 0.784531 0 0 -0.0107935 -0.0124092 0.897777
48 0 0 0 0 0 0
49 -3.16527 -17.2166 -5.4398 0 0 0
50 -0.169706 1.99333 0.168103 0 0 0
51 0.444453 6.81124 -3.68337 -0.499462 0.091549 -0.0162287
52 0 -6.39109 2.66389 -0.436333 1.39626 -1.5708
53 0 -3.88574 -0.867035 0 0 -1.5708
54 0 -2.3834 1.62041 0 1.39626 -1.5708
55 0 -9.60567 0.513887 0 0.785398 -1.5708
56 -2.76667 -0.616137 1.06069 1.5708 0 0
57 -2.76737 0.616132 1.06069 1.5708 0 0
58 -2.36207 -15.6178 -1.93063 0.423632 -0.818563 -0.361177
59 -2.36166 -12.9434 -2.52707 2.81201 0.831693 2.86246
60 -5.55004 0.70479 -12.5993 -0.235681 -0.0276156 0.0895729
61 -5.79513 0.63007 -13.7712 -0.244768 -0.0221616 0.0939725
time 124
0 7.81943 13.8336 -4.03751 0.000934124 0 -1.48352
1 6.02794 0 0 -0.994834 0.608118 -0.160817
2 11.7344 0 0 -0.00140292 0 -1.3529
3 8.81138 -0.000449181 -0.000112057 0.583787 0 0.000158239
4 5.77839 0.000286102 0 0.391137 0 0.000109072
5 2.23163 -0.000329018 -0.000364304 0.19265 0 0
6 11.4725 0 0 0.592427 -0.277148 -0.120087
7 0.615219 -0.993091 -0.8107 -3.05242 0.515697 0.102419
8 2.24752 0 0 0.0254007 -0.0292611 -0.333536
9 1.11936 0 0 0.124802 0.175341 0.206775
10 3.71348 -0.102641 0.102191 1.56147 0.903228 0.0273397
11 1.72615 0 0 0.0177585 0.0235013 -0.085063
12 1.21114 0 0 -0.00616995 -0.00262307 -0.221439
13 3.59919 -1.06012 0.070888 1.55143 0.614173 0.0421171
14 1.66069 0 0 0.0128523 0.0773138 -0.0335283
15 1.167 0 0 -0.0015325 0.000344391 -0.0730539
16 2.18852 0.50104 0.0576591 1.57773 0.176903 0.0781119
17 1.29609 0 0 -0.00785858 0.0281632 -0.598863
18 1.62202 0.000713706 -0.000471115 -0.0100575 -0.0203992 -0.0233041
19 1.22241 0 0 0.00871885 -0.00129177 -0.296866
20 1.76707 1.27612 0.0366409 1.57639 0.338772 0.0443825
21 1.55588 0 0 -0.0212416 0.0247301 -0.415209
22 1.24273 0 0 -0.000478824 0.000361015 -0.0654028
23 0.784525 0 0 0.0156722 0.0043877 0.0145736
24 -5.19429 13.3099 -2.074 -0.000932693 0 -2.00714
25 6.02794 0 0 0.299554 0.811677 -0.07213
26 11.7344 0 0 0.00140265 0 1.57094
27 8.81167 0 0 0.140048 0 0
28 5.77884 0 0 0.0938323 0 0
29 2.23249 0 0 0.0462158 0 0
30 11.4725 0 0 0.793145 -0.66242 -0.932525
31 0.615813 0.994371 -0.809165 -2.97612 0.595303 0.240986
32 2.24752 0 0 -0.445847 0.213517 0.20705
33 1.11936 0 0 -0.0756674 0.0622469 1.2491
34 3.71349 0.102638 0.102191 -1.96058 1.12874 -1.10629
35 1.72615 0 0 0.00391319 0.0152071 1.37543
36 1.21112 0 0 -0.003445 0.0284361 0.948688
37 3.5992 1.06012 0.0708879 -1.72661 0.341629 -0.401559
38 1.66069 0 0 -0.00540908 0.0759289 0.151245
39 1.16699 0 0 0.0205414 0.0324705 0.181138
40 2.18853 -0.50104 0.0576591 -1.5814 0.104282 -0.178572
41 1.29609 0 0 0.456161 0.220806 1.34519
42 1.62201 -0.000711441 -0.000469685 0.000354565 0.000500912 1.28898
43 1.22241 0 0 0.0331102 0.0124894 1.03954
44 1.76707 -1.27612 0.0366412 -1.58579 0.25066 -0.218727
45 1.55588 0 0 0.429773 0.0108479 1.43418
46 1.24273 0 0 0.00047894 0.000360952 0.896377
47 0.784533 0 0 -0.0107934 -0.0124092 0.897776
48 0 0 0 0 0 0
49 -3.16527 -17.2166 -5.4398 0 0 0
50 -0.169706 1.99333 0.168103 0 0 0
51 0.42805 6.84977 -3.67377 -0.49543 0.0990334 -0.0181303
52 0 -6.39109 2.6639 -0.436332 1.39626 -1.5708
53 0 -3.88574 -0.867034 0 0 -1.5708
54 0 -2.3834 1.62041 0 1.39626 -1.5708
55 0 -9.60567 0.51389 0 0.785398 -1.5708
56 -2.76667 -0.616137 1.06069 1.5708 0 0
57 -2.76737 0.616133 1.06069 1.5708 0 0
58 -2.34302 -15.6096 -1.95499 0.425437 -0.810161 -0.364775
59 -2.34754 -12.9671 -2.54854 2.79766 0.825202 2.84487
60 -5.55004 0.70479 -12.5993 -0.235681 -0.0276155 0.0895728
61 -5.79513 0.63007 -13.7712 -0.244768 -0.0221616 0.0939725
time 125
0 7.81943 13.8336 -4.03751 0.000934124 0 -1.48352
1 6.02794 0 0 -1.00178 0.605711 -0.163263
2 11.7344 0 0 -0.00140288 0 -1.34139
3 8.81138 -0.000449181 -0.000112295 0.567708 0 0.000157964
4 5.77839 0.000286102 0 0.380364 0 0.000108809
5 2.23163 -0.000329018 -0.000364304 0.187343 0 0
6 11.4725 0 0 0.577049 -0.272428 -0.11937
7 0.615218 -0.993092 -0.8107 -3.06224 0.523291 0.0805881
8 2.24752 0 0 0.0241011 -0.030646 -0.299418
9 1.11936 0 0 0.119044 0.179232 0.177027
10 3.71348 -0.102642 0.102191 1.56147 0.847081 0.0273397
11 1.72615 0 0 0.017916 0.0233153 -0.0822467
12 1.21114 0 0 -0.00611466 -0.00260657 -0.200717
13 3.59919 -1.06012 0.0708878 1.55126 0.618165 0.043202
14 1.66069 0 0 0.013376 0.0771898 -0.0265922
15 1.167 0 0 -0.00143442 0.000117907 -0.0676393
16 2.18852 0.50104 0.0576594 1.57775 0.173053 0.0775769
17 1.29609 0 0 -0.00600818 0.0282871 -0.535397
18 1.62202 0.000714302 -0.000471115 -0.0097476 -0.0204722 -0.0374172
19 1.22241 0 0 0.00870686 -0.00122673 -0.270815
20 1.76707 1.27612 0.0366409 1.57641 0.313845 0.0435969
21 1.55588 0 0 -0.0196951 0.0254127 -0.362812
22 1.24273 0 0 -0.000479034 0.000360937 -0.071906
23 0.784523 0 0 0.0156404 0.00448893 0.00771644
24 -5.19429 13.3099 -2.074 -0.000932693 0 -2.00714
25 6.02794 0 0 0.296672 0.812441 -0.0758253
26 11.7344 0 0 0.00140278 0 1.57713
27 8.81167 0 0 0.115827 0 0
28 5.77884 0 0 0.0776038 0 0
29 2.23249 0 0 0.0382228 0 0
30 11.4725 0 0 0.785376 -0.662569 -0.941074
31 0.615813 0.994372 -0.809165 -2.97612 0.595303 0.240986
32 2.24752 0 0 -0.445847 0.213517 0.207051
33 1.11936 0 0 -0.0756674 0.062247 1.2491
34 3.71349 0.10264 0.102191 -1.96058 1.12874 -1.10629
35 1.72615 0 0 0.00391311 0.0152071 1.37543
36 1.21112 0 0 -0.00344494 0.028436 0.948687
37 3.5992 1.06012 0.0708879 -1.72661 0.34163 -0.401559
38 1.66069 0 0 -0.00540907 0.0759289 0.151245
39 1.16699 0 0 0.0205414 0.0324705 0.181138
40 2.18853 -0.50104 0.0576591 -1.5814 0.104282 -0.178572
41 1.29609 0 0 0.456161 0.220806 1.34519
42 1.62201 -0.000713348 -0.000469208 0.000354544 0.00050102 1.28898
43 1.22241 0 0 0.0331103 0.0124895 1.03954
44 1.76707 -1.27612 0.036641 -1.58579 0.25066 -0.218726
45 1.55587 0 0 0.429773 0.0108479 1.43418
46 1.24273 0 0 0.000478981 0.000361011 0.896377
47 0.784533 0 0 -0.0107935 -0.0124092 0.897776
48 0 0 0 0 0 0
49 -3.16527 -17.2166 -5.4398 0 0 0
50 -0.169706 1.99333 0.168103 0 0 0
51 0.407265 6.89738 -3.66395 -0.490843 0.109149 -0.0211876
52 0 -6.39109 2.66389 -0.436332 1.39626 -1.5708
53 0 -3.88574 -0.867035 0 0 -1.5708
54 0 -2.3834 1.62041 0 1.39626 -1.5708
55 0 -9.60566 0.51389 0 0.785398 -1.5708
56 -2.76667 -0.616137 1.06069 1.5708 0 0
57 -2.76737 0.616133 1.06069 1.5708 0 0
58 -2.31957 -15.5972 -1.98557 0.426658 -0.799096 -0.369189
59 -2.33332 -13.0724 -2.59914 2.78234 0.814604 2.82647
60 -5.55004 0.704792 -12.5993 -0.235681 -0.0276156 0.0895729
61 -5.79513 0.63007 -13.7712 -0.244768 -0.0221616 0.0939725
time 126
0 7.81943 13.8336 -4.03751 0.000934124 0 -1.48352
1 6.02794 0 0 -1.00203 0.613093 -0.160243
2 11.7344 0 0 -0.00140289 0 -1.34968
3 8.81138 -0.000449181 -0.000111818 0.575663 0 0.00015804
4 5.77839 0.000286102 0 0.385694 0 0.000108882
5 2.23164 -0.000329018 -0.000363827 0.189969 0 0
6 11.4725 0 0 0.585435 -0.280521 -0.123852
7 0.615219 -0.993091 -0.8107 -3.07732 0.535765 0.0459458
8 2.24752 0 0 0.0219335 -0.0331085 -0.243386
9 1.11936 0 0 0.109893 0.185756 0.129964
10 3.71348 -0.10264 0.102191 1.56147 0.753277 0.0273395
11 1.72615 0 0 0.0183089 0.0228859 -0.0733248
12 1.21114 0 0 -0.00600485 -0.00257358 -0.16271
13 3.59919 -1.06012 0.0708885 1.55116 0.614544 0.0439904
14 1.66069 0 0 0.0146423 0.0769237 -0.00994487
15 1.167 0 0 -0.00124461 -0.000313364 -0.0538569
16 2.18852 0.501039 0.0576594 1.57781 0.170919 0.0765771
17 1.29609 0 0 -0.00283127 0.028607 -0.426409
18 1.62202 0.000713825 -0.000471115 -0.00938691 -0.0205081 -0.0532673
19 1.22241 0 0 0.00868327 -0.00110602 -0.222036
20 1.76707 1.27612 0.0366414 1.57646 0.277855 0.0421289
21 1.55588 0 0 -0.0170492 0.0266393 -0.272248
22 1.24273 0 0 -0.000478948 0.000361025 -0.0761564
23 0.784523 0 0 0.0156214 0.0045559 0.00289347
24 -5.19429 13.3099 -2.074 -0.000932693 0 -2.00714
25 6.02794 0 0 0.293402 0.813269 -0.0799143
26 11.7344 0 0 0.00140259 0 1.58396
27 8.81167 0 0 0.0877238 0 0
28 5.77884 0 0 0.0587749 0 0
29 2.23249 0 0 0.0289489 0 0
30 11.4725 0 0 0.776358 -0.663118 -0.951052
31 0.615812 0.994372 -0.809165 -2.97612 0.595303 0.240986
32 2.24752 0 0 -0.445847 0.213517 0.207051
33 1.11936 0 0 -0.0756674 0.0622468 1.2491
34 3.71349 0.102639 0.102191 -1.96058 1.12874 -1.10629
35 1.72615 0 0 0.00391323 0.0152071 1.37543
36 1.21112 0 0 -0.003445 0.0284359 0.948687
37 3.5992 1.06012 0.0708883 -1.72661 0.34163 -0.401559
38 1.66069 0 0 -0.00540907 0.075929 0.151245
39 1.16699 0 0 0.0205414 0.0324705 0.181138
40 2.18853 -0.50104 0.0576591 -1.5814 0.104282 -0.178572
41 1.29609 0 0 0.456161 0.220806 1.34519
42 1.62202 -0.000713348 -0.000469685 0.000354401 0.000501053 1.28898
43 1.22241 0 0 0.0331103 0.0124894 1.03954
44 1.76707 -1.27612 0.0366414 -1.58579 0.25066 -0.218726
45 1.55587 0 0 0.429773 0.010848 1.43418
46 1.24273 0 0 0.000478981 0.000360924 0.896377
47 0.784532 0 0 -0.0107935 -0.0124092 0.897776
48 0 0 0 0 0 0
49 -3.16527 -17.2166 -5.4398 0 0 0
50 -0.169706 1.99333 0.168103 0 0 0
51 0.383193 6.95058 -3.65396 -0.485657 0.121128 -0.0250109
52 0 -6.39109 2.66389 -0.436331 1.39626 -1.5708
53 0 -3.88574 -0.867036 0 0 -1.5708
54 0 -2.3834 1.62041 0 1.39626 -1.5708
55 0 -9.60567 0.513889 0 0.785398 -1.5708
56 -2.76667 -0.616136 1.06069 1.5708 0 0
57 -2.76737 0.616133 1.06069 1.5708 0 0
58 -2.29374 -15.5844 -2.02266 0.427725 -0.786079 -0.374368
59 -2.33387 -13.5068 -2.73315 2.76155 0.797394 2.80487
60 -5.55004 0.70479 -12.5993 -0.235681 -0.0276155 0.0895728
61 -5.79513 0.63007 -13.7712 -0.244768 -0.0221616 0.0939725
time 127
0 7.81943 13.8336 -4.03751 0.000934124 0 -1.48352
1 6.02794 0 0 -1.00035 0.624324 -0.154375
2 11.7344 0 0 -0.00140284 0 -1.36409
3 8.81138 -0.000450134 -0.000112534 0.606793 0 0.000158325
4 5.77839 0.000286102 0 0.406551 0 0.000109182
5 2.23164 -0.000329971 -0.000363827 0.200242 0 0
6 11.4725 0 0 0.616956 -0.294559 -0.133604
7 0.61522 -0.993091 -0.810701 -3.09663 0.549869 0.00417853
8 2.24752 0 0 0.0195521 -0.0354928 -0.180001
9 1.11936 0 0 0.0988897 0.19285 0.0729102
10 3.71348 -0.102641 0.102191 1.56147 0.640796 0.0273396
11 1.72615 0 0 0.0186979 0.022493 -0.0626168
12 1.21114 0 0 -0.00592224 -0.00254898 -0.11842
13 3.59919 -1.06012 0.0708876 1.5512 0.599398 0.0442111
14 1.66069 0 0 0.0161847 0.0766064 0.0102809
15 1.167 0 0 -0.0010911 -0.000674576 -0.0361278
16 2.18852 0.501039 0.0576591 1.57785 0.169327 0.0757042
17 1.29609 0 0 0.000957224 0.0288488 -0.296033
18 1.62202 0.000713944 -0.000471115 -0.00901794 -0.0205609 -0.069585
19 1.22241 0 0 0.00866419 -0.000998946 -0.162411
20 1.76707 1.27612 0.0366411 1.5765 0.236512 0.0408471
21 1.55588 0 0 -0.0138948 0.0281243 -0.163935
22 1.24273 0 0 -0.000479043 0.000360989 -0.0791808
23 0.784523 0 0 0.015608 0.00460364 -0.000799079
24 -5.19429 13.3099 -2.074 -0.000932693 0 -2.00714
25 6.02794 0 0 0.29074 0.814095 -0.0838358
26 11.7344 0 0 0.0014028 0 1.59116
27 8.81167 0 0 0.0600489 0 0
28 5.77884 0 0 0.0402328 0 0
29 2.23249 0 0 0.0198161 0 0
30 11.4725 0 0 0.767538 -0.662571 -0.9618
31 0.615813 0.994372 -0.809165 -2.97612 0.595303 0.240986
32 2.24752 0 0 -0.445847 0.213517 0.207051
33 1.11936 0 0 -0.0756674 0.0622469 1.2491
34 3.71349 0.102639 0.102191 -1.96058 1.12874 -1.10629
35 1.72615 0 0 0.00391318 0.0152072 1.37543
36 1.21112 0 0 -0.00344498 0.0284359 0.948687
37 3.5992 1.06012 0.0708878 -1.72661 0.34163 -0.401559
38 1.66069 0 0 -0.0054091 0.075929 0.151245
39 1.16699 0 0 0.0205413 0.0324704 0.181138
40 2.18853 -0.50104 0.0576588 -1.5814 0.104282 -0.178572
41 1.29609 0 0 0.456161 0.220806 1.34519
42 1.62202 -0.000714302 -0.000470638 0.000354582 0.000500861 1.28898
43 1.2224 0 0 0.0331103 0.0124896 1.03954
44 1.76707 -1.27612 0.0366411 -1.58579 0.25066 -0.218726
45 1.55587 0 0 0.429773 0.010848 1.43418
46 1.24273 0 0 0.00047894 0.000360969 0.896377
47 0.784531 0 0 -0.0107936 -0.0124093 0.897776
48 0 0 0 0 0 0
49 -3.16527 -17.2166 -5.4398 0 0 0
50 -0.169706 1.99333 0.168103 0 0 0
51 0.359179 7.00482 -3.63751 -0.479594 0.132576 -0.0285276
52 0 -6.39109 2.6639 -0.436332 1.39626 -1.5708
53 0 -3.88574 -0.867035 0 0 -1.5708
54 0 -2.3834 1.62041 0 1.39626 -1.5708
55 0 -9.60567 0.513889 0 0.785398 -1.5708
56 -2.76667 -0.616137 1.06069 1.5708 0 0
57 -2.76737 0.616133 1.06069 1.5708 0 0
58 -2.27159 -15.5765 -2.06024 0.43014 -0.773261 -0.38035
59 -2.35483 -14.2329 -2.93424 2.73682 0.7795 2.78106
60 -5.55004 0.704792 -12.5993 -0.235681 -0.0276156 0.0895729
61 -5.79513 0.630071 -13.7712 -0.244768 -0.0221616 0.0939725
time 128
0 7.81943 13.8336 -4.03751 0.000934124 0 -1.48352
1 6.02794 0 0 -0.9989 0.635023 -0.14887
2 11.7344 0 0 -0.00140263 0 -1.37655
3 8.81138 -0.000449181 -0.000112534 0.641337 0 0.00015848
4 5.77839 0.000287056 0 0.429696 0 0.000109615
5 2.23163 -0.000328064 -0.000363827 0.211641 0 0
6 11.4725 0 0 0.651616 -0.311039 -0.144166
7 0.61522 -0.993092 -0.8107 -3.11914 0.562349 -0.0390272
8 2.24752 0 0 0.0176111 -0.0366431 -0.123821
9 1.11936 0 0 0.0875736 0.198448 0.0131882
10 3.71348 -0.102641 0.102191 1.56147 0.528619 0.0273397
11 1.72615 0 0 0.0188427 0.0224157 -0.0544426
12 1.21114 0 0 -0.00594955 -0.0025572 -0.0788465
13 3.59919 -1.06012 0.070888 1.55144 0.568815 0.0435927
14 1.66069 0 0 0.017536 0.076328 0.027951
15 1.167 0 0 -0.00110129 -0.000690244 -0.0188729
16 2.18852 0.50104 0.0576587 1.57786 0.167108 0.0755495
17 1.29609 0 0 0.00464403 0.0287391 -0.168402
18 1.62202 0.000714064 -0.000470161 -0.00868469 -0.0206842 -0.0851018
19 1.22241 0 0 0.00866541 -0.00097428 -0.103823
20 1.76707 1.27612 0.0366411 1.5765 0.195528 0.0406197
21 1.55588 0 0 -0.010823 0.0295815 -0.0582963
22 1.24274 0 0 -0.000479163 0.000360992 -0.0820052
23 0.784523 0 0 0.015593 0.00464697 -0.00426433
24 -5.19429 13.3099 -2.074 -0.000932693 0 -2.00714
25 6.02794 0 0 0.289849 0.814827 -0.0868209
26 11.7344 0 0 0.00140274 0 1.59812
27 8.81167 0 0 0.0372443 0 0
28 5.77884 0 0 0.0249537 0 0
29 2.23249 0 0 0.0122907 0 0
30 11.4725 0 0 0.760306 -0.659432 -0.972457
31 0.615813 0.994372 -0.809165 -2.97612 0.595303 0.240986
32 2.24752 0 0 -0.445847 0.213517 0.20705
33 1.11936 0 0 -0.0756675 0.0622469 1.2491
34 3.71348 0.102639 0.102191 -1.96058 1.12874 -1.10629
35 1.72615 0 0 0.00391306 0.0152071 1.37543
36 1.21112 0 0 -0.00344501 0.028436 0.948687
37 3.5992 1.06012 0.0708876 -1.72661 0.341629 -0.401559
38 1.66069 0 0 -0.00540912 0.075929 0.151245
39 1.16699 0 0 0.0205414 0.0324704 0.181138
40 2.18853 -0.50104 0.0576587 -1.5814 0.104282 -0.178572
41 1.29609 0 0 0.456161 0.220806 1.34519
42 1.62201 -0.000712395 -0.000470161 0.000354466 0.00050093 1.28898
43 1.22241 0 0 0.0331103 0.0124895 1.03954
44 1.76707 -1.27612 0.0366406 -1.58579 0.25066 -0.218726
45 1.55587 0 0 0.429773 0.010848 1.43418
46 1.24273 0 0 0.000478995 0.000360963 0.896377
47 0.784532 0 0 -0.0107935 -0.0124092 0.897777
48 0 0 0 0 0 0
49 -3.16527 -17.2166 -5.4398 0 0 0
50 -0.169706 1.99333 0.168103 0 0 0
51 0.33857 7.05557 -3.60829 -0.472373 0.141101 -0.0306655
52 0 -6.39109 2.66389 -0.436331 1.39626 -1.57079
53 0 -3.88574 -0.867035 0 0 -1.5708
54 0 -2.3834 1.62041 0 1.39626 -1.5708
55 0 -9.60567 0.513889 0 0.785398 -1.5708
56 -2.76667 -0.616136 1.06069 1.5708 0 0
57 -2.76737 0.616133 1.06069 1.5708 0 0
58 -2.2586 -15.5785 -2.09167 0.435357 -0.762785 -0.387097
59 -2.38675 -14.9173 -3.12301 2.7136 0.764663 2.7602
60 -5.55004 0.70479 -12.5993 -0.235681 -0.0276156 0.0895729
61 -5.79513 0.63007 -13.7712 -0.244768 -0.0221616 0.0939725
time 129
0 7.81943 13.8336 -4.03751 0.000934124 0 -1.48352
1 6.02794 0 0 -0.999675 0.641794 -0.146261
2 11.7344 0 0 -0.00140278 0 -1.38083
3 8.81138 -0.000450134 -0.000111818 0.657741 0 0.000157956
4 5.77839 0.000286102 0 0.440686 0 0.000109391
5 2.23163 -0.000329971 -0.000363827 0.217054 0 0
6 11.4725 0 0 0.667739 -0.326909 -0.150175
7 0.615219 -0.993091 -0.8107 3.13935 0.569954 -0.0779854
8 2.24752 0 0 0.0167643 -0.0354029 -0.0894072
9 1.11936 0 0 0.0774844 0.200486 -0.0418776
10 3.71348 -0.102641 0.102191 1.56147 0.435725 0.0273396
11 1.72615 0 0 0.0185043 0.0229338 -0.053122
12 1.21113 0 0 -0.00616995 -0.0026231 -0.0549912
13 3.59919 -1.06012 0.070888 1.55193 0.518885 0.0418642
14 1.66069 0 0 0.0182307 0.076179 0.0369325
15 1.16699 0 0 -0.0014027 0 -0.00651309
16 2.18852 0.50104 0.0576587 1.5778 0.16309 0.076704
17 1.29609 0 0 0.00751501 0.0280049 -0.0676501
18 1.62202 0.000714064 -0.000471115 -0.00843015 -0.0209328 -0.0985489
19 1.22241 0 0 0.00870282 -0.00110069 -0.0581555
20 1.76707 1.27612 0.0366406 1.57645 0.160614 0.0423149
21 1.55588 0 0 -0.0084245 0.0307254 0.0242504
22 1.24273 0 0 -0.000479143 0.000361006 -0.0856561
23 0.784522 0 0 0.0155692 0.00470074 -0.00840618
24 -5.19429 13.3099 -2.074 -0.000932693 0 -2.00714
25 6.02794 0 0 0.291071 0.815553 -0.089042
26 11.7344 0 0 0.00140269 0 1.60592
27 8.81167 0 0 0.0196691 0 0
28 5.77884 0 0 0.0131783 0 0
29 2.23249 0 0 0.0064907 0 0
30 11.4725 0 0 0.755179 -0.652402 -0.984018
31 0.615812 0.994372 -0.809165 -2.97612 0.595303 0.240986
32 2.24752 0 0 -0.445847 0.213517 0.207051
33 1.11936 0 0 -0.0756675 0.062247 1.2491
34 3.71348 0.102639 0.102191 -1.96058 1.12874 -1.10629
35 1.72615 0 0 0.00391309 0.0152071 1.37543
36 1.21112 0 0 -0.00344499 0.0284359 0.948688
37 3.5992 1.06012 0.0708882 -1.72661 0.34163 -0.401559
38 1.66069 0 0 -0.00540912 0.0759291 0.151245
39 1.16699 0 0 0.0205415 0.0324704 0.181138
40 2.18853 -0.50104 0.0576591 -1.5814 0.104282 -0.178572
41 1.29609 0 0 0.456161 0.220806 1.34519
42 1.62202 -0.000714302 -0.000470161 0.000354428 0.000501089 1.28898
43 1.22241 0 0 0.0331103 0.0124895 1.03954
44 1.76707 -1.27612 0.0366411 -1.58579 0.25066 -0.218726
45 1.55588 0 0 0.429773 0.010848 1.43418
46 1.24273 0 0 0.000478913 0.000360998 0.896377
47 0.784531 0 0 -0.0107935 -0.0124092 0.897776
48 0 0 0 0 0 0
49 -3.16527 -17.2166 -5.4398 0 0 0
50 -0.169706 1.99333 0.168103 0 0 0
51 0.32357 7.10407 -3.55901 -0.463136 0.145671 -0.0309247
52 0 -6.39109 2.66389 -0.436332 1.39626 -1.57079
53 0 -3.88574 -0.867035 0 0 -1.5708
54 0 -2.3834 1.62041 0 1.39626 -1.5708
55 0 -9.60567 0.513889 0 0.785398 -1.5708
56 -2.76667 -0.616137 1.06069 1.5708 0 0
57 -2.76737 0.616132 1.06069 1.5708 0 0
58 -2.25641 -15.5938 -2.11466 0.444928 -0.755284 -0.395263
59 -2.40667 -15.2266 -3.2158 2.69666 0.755283 2.74633
60 -5.55004 0.70479 -12.5993 -0.235681 -0.0276156 0.0895729
61 -5.79513 0.63007 -13.7712 -0.244768 -0.0221616 0.0939725
time 130
0 7.81943 13.8336 -4.03751 0.000934124 0 -1.48352
1 6.02794 0 0 -1.00388 0.642358 -0.148401
2 11.7344 0 0 -0.00140288 0 -1.37062
3 8.81138 -0.000450134 -0.00011301 0.632136 0 0.000158331
4 5.77839 0.000286102 0 0.423531 0 0.00010951
5 2.23163 -0.000329018 -0.00036478 0.208605 0 0
6 11.4725 0 0 0.642474 -0.340819 -0.149304
7 0.615218 -0.993091 -0.8107 3.1083 0.57135 -0.114315
8 2.24752 0 0 0.017145 -0.0311875 -0.082396
9 1.11936 0 0 0.0680584 0.198374 -0.0957614
10 3.71348 -0.10264 0.102191 1.5612 0.361299 0.0245044
11 1.72615 0 0 0.0174581 0.0243544 -0.0608655
12 1.21114 0 0 -0.00668739 -0.00277814 -0.0503902
13 3.59919 -1.06012 0.0708885 1.55276 0.442875 0.0392652
14 1.66069 0 0 0.018132 0.0761962 0.0355003
15 1.167 0 0 -0.00206487 0.00128659 0.000855377
16 2.18852 0.50104 0.0576596 1.57767 0.156008 0.0801431
17 1.29609 0 0 0.0094687 0.0261644 0.00199205
18 1.62202 0.000714064 -0.000471115 -0.00828913 -0.0214083 -0.109095
19 1.22241 0 0 0.008804 -0.00149102 -0.028028
20 1.76707 1.27612 0.0366411 1.57638 0.132134 0.0473656
21 1.55588 0 0 -0.00678726 0.0315087 0.0806247
22 1.24273 0 0 -0.000479048 0.000360913 -0.0895506
23 0.784523 0 0 0.0155423 0.00476405 -0.0135735
24 -5.19429 13.3099 -2.074 -0.000932693 0 -2.00714
25 6.02794 0 0 0.293964 0.81625 -0.0905479
26 11.7344 0 0 0.00140278 0 1.61416
27 8.81167 0 0 0.00548809 0 0
28 5.77884 0 0 0.00367691 0 0
29 2.23249 0 0 0.00181118 0 0
30 11.4725 0 0 0.751265 -0.64258 -0.996355
31 0.615813 0.994372 -0.809165 -2.97612 0.595302 0.240986
32 2.24752 0 0 -0.445847 0.213517 0.20705
33 1.11936 0 0 -0.0756674 0.062247 1.2491
34 3.71349 0.102639 0.102191 -1.96058 1.12874 -1.10629
35 1.72615 0 0 0.00391306 0.0152072 1.37543
36 1.21112 0 0 -0.00344496 0.028436 0.948687
37 3.5992 1.06012 0.0708882 -1.72661 0.34163 -0.401559
38 1.66069 0 0 -0.00540906 0.075929 0.151245
39 1.16699 0 0 0.0205414 0.0324704 0.181138
40 2.18853 -0.50104 0.0576594 -1.5814 0.104282 -0.178572
41 1.29609 0 0 0.456161 0.220806 1.34519
42 1.62202 -0.000713348 -0.000469208 0.000354428 0.000500977 1.28898
43 1.22241 0 0 0.0331103 0.0124894 1.03954
44 1.76707 -1.27612 0.036641 -1.58579 0.25066 -0.218726
45 1.55587 0 0 0.429773 0.010848 1.43418
46 1.24273 0 0 0.000478864 0.000361051 0.896377
47 0.784532 0 0 -0.0107935 -0.0124092 0.897777
48 0 0 0 0 0 0
49 -3.16527 -17.2166 -5.4398 0 0 0
50 -0.169706 1.99333 0.168103 0 0 0
51 0.311956 7.15191 -3.49491 -0.452292 0.147694 -0.0299485
52 0 -6.39109 2.66389 -0.436332 1.39626 -1.5708
53 0 -3.88574 -0.867035 0 0 -1.5708
54 0 -2.3834 1.62041 0 1.39626 -1.5708
55 0 -9.60567 0.513887 0 0.785398 -1.5708
56 -2.76667 -0.616136 1.06069 1.5708 0 0
57 -2.76737 0.616133 1.06069 1.5708 0 0
58 -2.26128 -15.6184 -2.13284 0.457629 -0.749524 -0.404552
59 -2.41318 -15.2393 -3.22969 2.68396 0.749523 2.73704
60 -5.55004 0.70479 -12.5993 -0.235681 -0.0276156 0.0895729
61 -5.79513 0.63007 -13.7712 -0.244768 -0.0221616 0.0939725
time 131
0 7.81943 13.8336 -4.03751 0.000934124 0 -1.48352
1 6.02794 0 0 -1.01103 0.637248 -0.154869
2 11.7344 0 0 -0.00140282 0 -1.34477
3 8.81138 -0.000450134 -0.000112295 0.550068 0 0.000157941
4 5.77839 0.000286102 0 0.368546 0 0.000108612
5 2.23164 -0.000329971 -0.000363827 0.181522 0 0
6 11.4725 0 0 0.564104 -0.356477 -0.147032
7 0.615219 -0.993091 -0.8107 3.06714 0.567729 -0.152994
8 2.24752 0 0 0.0183171 -0.0247673 -0.0930818
9 1.11936 0 0 0.0582688 0.193491 -0.153346
10 3.71348 -0.10264 0.102191 1.56048 0.292086 0.0167545
11 1.72615 0 0 0.0158633 0.0264911 -0.0747934
12 1.21114 0 0 -0.00744775 -0.00300583 -0.0577099
13 3.59919 -1.06012 0.070888 1.55385 0.345349 0.0361118
14 1.66069 0 0 0.0175513 0.0763196 0.0277438
15 1.167 0 0 -0.00300266 0.00324176 0.00617963
16 2.18852 0.50104 0.0576589 1.57751 0.145713 0.0861883
17 1.29609 0 0 0.0109066 0.0230471 0.0535098
18 1.62202 0.000714302 -0.000472069 -0.00825836 -0.0221506 -0.116976
19 1.22241 0 0 0.00897841 -0.00218063 -0.00744068
20 1.76707 1.27612 0.0366409 1.57631 0.106549 0.0562428
21 1.55588 0 0 -0.00558105 0.0320881 0.122183
22 1.24274 0 0 -0.000479155 0.000361034 -0.0925765
23 0.784523 0 0 0.0155207 0.00482638 -0.019421
24 -5.19429 13.3099 -2.074 -0.000932693 0 -2.00714
25 6.02794 0 0 0.297573 0.816919 -0.0916745
26 11.7344 0 0 0.00140279 0 1.62194
27 8.81167 0 0 -0.0057086 0 0
28 5.77884 0 0 -0.00382482 0 0
29 2.23249 0 0 -0.00188388 0 0
30 11.4725 0 0 0.747829 -0.632035 -1.00784
31 0.615813 0.994372 -0.809165 -2.97612 0.595303 0.240986
32 2.24752 0 0 -0.445847 0.213517 0.20705
33 1.11936 0 0 -0.0756674 0.0622471 1.2491
34 3.71348 0.102639 0.102191 -1.96058 1.12874 -1.10629
35 1.72615 0 0 0.00391302 0.0152072 1.37543
36 1.21112 0 0 -0.00344496 0.028436 0.948688
37 3.5992 1.06012 0.0708879 -1.72661 0.34163 -0.401559
38 1.66069 0 0 -0.00540906 0.075929 0.151245
39 1.16699 0 0 0.0205414 0.0324705 0.181138
40 2.18853 -0.50104 0.057659 -1.5814 0.104282 -0.178572
41 1.29609 0 0 0.456161 0.220806 1.34519
42 1.62202 -0.000713348 -0.000469685 0.00035455 0.000500941 1.28898
43 1.22241 0 0 0.0331103 0.0124894 1.03954
44 1.76707 -1.27612 0.0366412 -1.58579 0.25066 -0.218726
45 1.55588 0 0 0.429773 0.010848 1.43418
46 1.24273 0 0 0.000478816 0.000360995 0.896377
47 0.784533 0 0 -0.0107935 -0.0124093 0.897776
48 0 0 0 0 0 0
49 -3.16527 -17.2166 -5.4398 0 0 0
50 -0.169706 1.99333 0.168103 0 0 0
51 0.300437 7.19511 -3.42845 -0.441469 0.148436 -0.0283788
52 0 -6.39109 2.6639 -0.436331 1.39626 -1.57079
53 0 -3.88574 -0.867035 0 0 -1.5708
54 0 -2.3834 1.62041 0 1.39626 -1.5708
55 0 -9.60567 0.513889 0 0.785398 -1.5708
56 -2.76667 -0.616137 1.06069 1.5708 0 0
57 -2.76737 0.616133 1.06069 1.5708 0 0
58 -2.27017 -15.6459 -2.148 0.470806 -0.744865 -0.413534
59 -2.42253 -15.255 -3.24066 2.67079 0.744865 2.72806
60 -5.55004 0.704792 -12.5993 -0.235681 -0.0276156 0.0895729
61 -5.79513 0.630071 -13.7712 -0.244768 -0.0221616 0.0939725
time 132
0 7.81042 13.7701 -4.04238 0.000934124 0 -1.48352
1 6.02794 0 0 -1.01788 0.632835 -0.161733
2 11.7344 0 0 -0.00140281 0 -1.31637
3 8.81138 -0.000449181 -0.000112057 0.420932 0 0.000157464
4 5.77839 0.000286102 0 0.282024 0 0.000107647
5 2.23163 -0.000329018 -0.000363827 0.138907 0 0
6 11.4725 0 0 0.442864 -0.378028 -0.144582
7 0.615218 -0.993092 -0.8107 3.01755 0.559622 -0.193375
8 2.24752 0 0 0.0200809 -0.0170201 -0.113008
9 1.11936 0 0 0.0489617 0.186718 -0.209419
10 3.71348 -0.102642 0.102191 1.55941 0.228415 0.00522444
11 1.72615 0 0 0.0140575 0.028883 -0.0915897
12 1.21113 0 0 -0.00829302 -0.00325881 -0.0716451
13 3.59919 -1.06012 0.070888 1.55504 0.239338 0.0322484
14 1.66069 0 0 0.0166925 0.0764935 0.0162494
15 1.167 0 0 -0.00411225 0.00556125 0.00960425
16 2.18852 0.50104 0.0576591 1.57729 0.132714 0.0944493
17 1.29609 0 0 0.0118695 0.0188453 0.0885958
18 1.62202 0.000714064 -0.000471115 -0.00832398 -0.0231183 -0.122524
19 1.22241 0 0 0.00921512 -0.00312491 0.00465471
20 1.76707 1.27612 0.0366409 1.57624 0.0837133 0.068374
21 1.55588 0 0 -0.00477103 0.0324817 0.150155
22 1.24274 0 0 -0.000479077 0.000361044 -0.0949674
23 0.784523 0 0 0.0155023 0.00488842 -0.0258084
24 -5.19429 13.3099 -2.074 -0.000932693 0 -2.00714
25 6.02794 0 0 0.300898 0.817572 -0.0928185
26 11.7344 0 0 0.00140277 0 1.62841
27 8.81167 0 0 -0.0144477 0 0
28 5.77884 0 0 -0.00967994 0 0
29 2.23249 0 0 -0.00476772 0 0
30 11.4725 0 0 0.744211 -0.622838 -1.01687
31 0.615812 0.994372 -0.809165 -2.97612 0.595303 0.240986
32 2.24752 0 0 -0.445847 0.213517 0.207051
33 1.11936 0 0 -0.0756674 0.062247 1.2491
34 3.71349 0.102639 0.102191 -1.96058 1.12874 -1.10629
35 1.72615 0 0 0.00391308 0.0152071 1.37543
36 1.21112 0 0 -0.00344491 0.0284359 0.948687
37 3.5992 1.06012 0.0708884 -1.72661 0.34163 -0.401559
38 1.66069 0 0 -0.00540906 0.0759289 0.151245
39 1.16699 0 0 0.0205413 0.0324705 0.181138
40 2.18853 -0.501041 0.0576591 -1.5814 0.104282 -0.178572
41 1.29609 0 0 0.456161 0.220806 1.34519
42 1.62201 -0.000712395 -0.000470161 0.000354425 0.000500998 1.28898
43 1.22241 0 0 0.0331103 0.0124895 1.03954
44 1.76707 -1.27612 0.0366411 -1.58579 0.25066 -0.218726
45 1.55587 0 0 0.429773 0.010848 1.43418
46 1.24273 0 0 0.000478879 0.00036104 0.896377
47 0.784533 0 0 -0.0107935 -0.0124091 0.897776
48 0 0 0 0 0 0
49 -3.16527 -17.2166 -5.4398 0 0 0
50 -0.169706 1.99333 0.168103 0 0 0
51 0.285718 7.22966 -3.3721 -0.432293 0.149163 -0.0268574
52 0 -6.39109 2.6639 -0.436332 1.39626 -1.5708
53 0 -3.88574 -0.867035 0 0 -1.5708
54 0 -2.3834 1.62041 0 1.39626 -1.5708
55 0 -9.60567 0.513889 0 0.785398 -1.5708
56 -2.76667 -0.616137 1.06069 1.5708 0 0
57 -2.76737 0.616133 1.06069 1.5708 0 0
58 -2.28055 -15.6705 -2.16154 0.481828 -0.740746 -0.420827
59 -2.43349 -15.2697 -3.25053 2.65976 0.740745 2.72077
60 -5.55004 0.70479 -12.5993 -0.235681 -0.0276155 0.0895728
61 -5.79513 0.63007 -13.7712 -0.244768 -0.0221616 0.0939725
time 133
0 7.7843 13.5888 -4.05727 0.000934124 0 -1.48352
1 6.02794 0 0 -1.02294 0.632208 -0.167598
2 11.7344 0 0 -0.001403 0 -1.29283
3 8.81138 -0.000450134 -0.000112057 0.257045 0 0.000157927
4 5.77839 0.000285149 0 0.17222 0 0.000107101
5 2.23163 -0.000329018 -0.000364304 0.0848248 0 0
6 11.4725 0 0 0.289866 -0.404031 -0.137033
7 0.615219 -0.993092 -0.8107 2.96119 0.547564 -0.234811
8 2.24752 0 0 0.0222367 -0.00882401 -0.133716
9 1.11936 0 0 0.0409828 0.17894 -0.258772
10 3.71348 -0.10264 0.102191 1.55808 0.17061 -0.00895197
11 1.72615 0 0 0.0123774 0.0310698 -0.107938
12 1.21113 0 0 -0.00906569 -0.00349034 -0.0868912
13 3.59919 -1.06012 0.0708878 1.55618 0.137874 0.0275188
14 1.66069 0 0 0.0157595 0.0766628 0.0036048
15 1.167 0 0 -0.00528952 0.00802519 0.0112729
16 2.18852 0.50104 0.0576589 1.57704 0.117514 0.104536
17 1.29609 0 0 0.0123977 0.0137518 0.108943
18 1.62202 0.000713944 -0.000471115 -0.00847208 -0.0242706 -0.126073
19 1.22241 0 0 0.00950304 -0.0042792 0.00930632
20 1.76707 1.27612 0.036641 1.57616 0.0634803 0.0831858
21 1.55588 0 0 -0.00432214 0.032709 0.165775
22 1.24274 0 0 -0.000478977 0.000360948 -0.0969561
23 0.784524 0 0 0.0154852 0.00494998 -0.0325963
24 -5.19429 13.3099 -2.074 -0.000932693 0 -2.00714
25 6.02794 0 0 0.303854 0.818241 -0.0941169
26 11.7344 0 0 0.00140281 0 1.63284
27 8.81167 0 0 -0.0197148 0 0
28 5.77884 0 0 -0.0132088 0 0
29 2.23249 0 0 -0.00650599 0 0
30 11.4725 0 0 0.739881 -0.615602 -1.02167
31 0.615813 0.994372 -0.809165 -2.97612 0.595303 0.240986
32 2.24752 0 0 -0.445847 0.213517 0.207051
33 1.11936 0 0 -0.0756673 0.0622469 1.2491
34 3.71349 0.10264 0.102191 -1.96058 1.12874 -1.10629
35 1.72615 0 0 0.00391309 0.0152071 1.37543
36 1.21112 0 0 -0.00344494 0.0284361 0.948688
37 3.5992 1.06012 0.0708883 -1.72661 0.34163 -0.401559
38 1.66069 0 0 -0.00540904 0.0759289 0.151245
39 1.16699 0 0 0.0205414 0.0324706 0.181138
40 2.18853 -0.50104 0.0576588 -1.5814 0.104282 -0.178572
41 1.29609 0 0 0.456161 0.220806 1.34519
42 1.62201 -0.000711441 -0.000469685 0.000354499 0.00050111 1.28898
43 1.22241 0 0 0.0331103 0.0124894 1.03954
44 1.76707 -1.27612 0.0366409 -1.58579 0.25066 -0.218726
45 1.55588 0 0 0.429773 0.010848 1.43418
46 1.24273 0 0 0.000478896 0.000361007 0.896377
47 0.784532 0 0 -0.0107935 -0.0124092 0.897777
48 0 0 0 0 0 0
49 -3.16527 -17.2166 -5.4398 0 0 0
50 -0.169706 1.99333 0.168103 0 0 0
51 0.264428 7.24932 -3.33135 -0.425715 0.150094 -0.0252729
52 0 -6.39109 2.66389 -0.436332 1.39626 -1.57079
53 0 -3.88574 -0.867035 0 0 -1.5708
54 0 -2.3834 1.62041 0 1.39626 -1.5708
55 0 -9.60567 0.513889 0 0.785398 -1.5708
56 -2.76667 -0.616137 1.06069 1.5708 0 0
57 -2.76737 0.616133 1.06069 1.5708 0 0
58 -2.29228 -15.6925 -2.17162 0.489458 -0.737373 -0.425363
59 -2.4463 -15.2847 -3.25786 2.65213 0.737372 2.71623
60 -5.55004 0.70479 -12.5993 -0.235681 -0.0276156 0.0895729
61 -5.79513 0.63007 -13.7712 -0.244768 -0.0221616 0.0939725
time 134
0 7.74245 13.3036 -4.08255 0.000934124 0 -1.48352
1 6.02794 0 0 -1.0269 0.633972 -0.173315
2 11.7344 0 0 -0.00140289 0 -1.27204
3 8.81138 -0.000450134 -0.000111818 0.0700562 0 0.000157784
4 5.77839 0.000286102 0 0.0469376 0 0.000106065
5 2.23163 -0.000329018 -0.000364304 0.0231185 0 0
6 11.4725 0 0 0.115303 -0.431558 -0.122571
7 0.615219 -0.993092 -0.8107 2.89975 0.532088 -0.276653
8 2.24752 0 0 0.0245849 -0.00105619 -0.14675
9 1.11936 0 0 0.0351781 0.171039 -0.296193
10 3.71348 -0.102641 0.102191 1.55662 0.119001 -0.0246407
11 1.72615 0 0 0.0111607 0.0325905 -0.120523
12 1.21114 0 0 -0.0096085 -0.00365284 -0.0981429
13 3.59919 -1.06012 0.0708879 1.55709 0.0539893 0.021767
14 1.66069 0 0 0.0149567 0.0767723 -0.00760317
15 1.167 0 0 -0.00643048 0.0104143 0.0113308
16 2.18852 0.50104 0.0576589 1.57674 0.100622 0.116058
17 1.29609 0 0 0.012532 0.00795901 0.116243
18 1.62202 0.000714064 -0.000470161 -0.00868864 -0.0255665 -0.127955
19 1.22241 0 0 0.00983154 -0.00559869 0.00756244
20 1.76707 1.27612 0.036641 1.57605 0.0457039 0.100106
21 1.55588 0 0 -0.00419955 0.0327882 0.170273
22 1.24274 0 0 -0.000479032 0.000361033 -0.0987764
23 0.784524 0 0 0.0154671 0.00501162 -0.0396444
24 -5.19429 13.3099 -2.074 -0.000932693 0 -2.00714
25 6.02794 0 0 0.307008 0.818941 -0.0954292
26 11.7344 0 0 0.00140279 0 1.63518
27 8.81167 0 0 -0.0204917 0 0
28 5.77884 0 0 -0.0137294 0 0
29 2.23249 0 0 -0.00676229 0 0
30 11.4725 0 0 0.734828 -0.60947 -1.02183
31 0.615813 0.994372 -0.809165 -2.97612 0.595303 0.240986
32 2.24752 0 0 -0.445847 0.213517 0.207051
33 1.11936 0 0 -0.0756674 0.0622471 1.2491
34 3.71349 0.102639 0.10219 -1.96058 1.12874 -1.10629
35 1.72615 0 0 0.00391325 0.0152072 1.37543
36 1.21112 0 0 -0.00344492 0.0284361 0.948687
37 3.5992 1.06012 0.0708882 -1.72661 0.341629 -0.401559
38 1.66069 0 0 -0.00540909 0.0759289 0.151245
39 1.16699 0 0 0.0205414 0.0324706 0.181138
40 2.18853 -0.50104 0.0576589 -1.5814 0.104282 -0.178572
41 1.29609 0 0 0.456161 0.220806 1.34519
42 1.62202 -0.000713348 -0.000469685 0.00035438 0.000501013 1.28898
43 1.22241 0 0 0.0331102 0.0124893 1.03954
44 1.76707 -1.27612 0.0366412 -1.58579 0.25066 -0.218726
45 1.55588 0 0 0.429773 0.0108479 1.43418
46 1.24273 0 0 0.000478863 0.000361023 0.896377
47 0.784531 0 0 -0.0107935 -0.0124093 0.897777
48 0 0 0 0 0 0
49 -3.16527 -17.2166 -5.4398 0 0 0
50 -0.169706 1.99333 0.168103 0 0 0
51 0.235984 7.25168 -3.30267 -0.421455 0.150598 -0.023132
52 0 -6.39109 2.66389 -0.436332 1.39626 -1.57079
53 0 -3.88574 -0.867035 0 0 -1.5708
54 0 -2.3834 1.62041 0 1.39626 -1.5708
55 0 -9.60567 0.513889 0 0.785398 -1.5708
56 -2.76667 -0.616137 1.06069 1.5708 0 0
57 -2.76737 0.616133 1.06069 1.5708 0 0
58 -2.30652 -15.7161 -2.1759 0.494422 -0.73526 -0.427194
59 -2.46159 -15.3039 -3.26035 2.64717 0.735259 2.7144
60 -5.55004 0.704792 -12.5993 -0.235681 -0.0276156 0.0895729
61 -5.79513 0.630071 -13.7712 -0.244768 -0.0221616 0.0939725
time 135
0 7.68624 12.9284 -4.1186 0.000934124 0 -1.48352
1 6.02795 0 0 -1.03007 0.637587 -0.179062
2 11.7344 0 0 -0.00140288 0 -1.25334
3 8.81138 -0.000450134 -0.000112057 -0.127416 0 0.000157342
4 5.77839 0.000286102 0 -0.0853686 0 0.0001048
5 2.23163 -0.000329971 -0.000364304 -0.0420473 0 0
6 11.4725 0 0 -0.0713496 -0.457655 -0.099158
7 0.615219 -0.993092 -0.8107 2.83488 0.513726 -0.318255
8 2.24752 0 0 0.0272659 0.00702554 -0.151981
9 1.11936 0 0 0.0321615 0.161735 -0.317808
10 3.71348 -0.102641 0.102191 1.55512 0.0739126 -0.0407071
11 1.72615 0 0 0.0107216 0.0335716 -0.110817
12 1.21114 0 0 -0.0100853 -0.00379573 -0.107909
13 3.59919 -1.06012 0.070888 1.55776 -0.0172848 0.0143801
14 1.66069 0 0 0.0143972 0.0768222 -0.0156523
15 1.167 0 0 -0.0076552 0.0129819 0.0106691
16 2.18852 0.501039 0.0576593 1.57639 0.0825426 0.128625
17 1.29609 0 0 0.0123129 0.00165961 0.112189
18 1.62202 0.000714064 -0.000471115 -0.00895958 -0.0269647 -0.128502
19 1.22241 0 0 0.0101891 -0.00703851 0.000470903
20 1.76707 1.27612 0.0366411 1.57591 0.0302385 0.11856
21 1.55587 0 0 -0.00436799 0.0327382 0.164881
22 1.24273 0 0 -0.000479039 0.000361075 -0.100661
23 0.784522 0 0 0.0154457 0.00507386 -0.0468133
24 -5.19429 13.3099 -2.074 -0.000932693 0 -2.00714
25 6.02794 0 0 0.310321 0.81967 -0.0967571
26 11.7344 0 0 0.00140281 0 1.63565
27 8.81167 0 0 -0.0173349 0 0
28 5.77884 0 0 -0.0116144 0 0
29 2.23249 0 0 -0.00572048 0 0
30 11.4725 0 0 0.729229 -0.604324 -1.01785
31 0.615813 0.994372 -0.809165 -2.97612 0.595303 0.240986
32 2.24752 0 0 -0.445847 0.213517 0.207051
33 1.11936 0 0 -0.0756674 0.0622469 1.2491
34 3.71349 0.10264 0.102191 -1.96058 1.12874 -1.10629
35 1.72615 0 0 0.00391313 0.0152071 1.37543
36 1.21112 0 0 -0.003445 0.028436 0.948687
37 3.5992 1.06012 0.0708879 -1.72661 0.34163 -0.401559
38 1.66069 0 0 -0.00540906 0.0759289 0.151245
39 1.16699 0 0 0.0205414 0.0324706 0.181138
40 2.18853 -0.501039 0.0576591 -1.5814 0.104282 -0.178572
41 1.29609 0 0 0.456161 0.220806 1.34519
42 1.62201 -0.000713348 -0.000469685 0.000354508 0.000500973 1.28898
43 1.22241 0 0 0.0331103 0.0124894 1.03954
44 1.76707 -1.27612 0.036641 -1.58579 0.25066 -0.218726
45 1.55588 0 0 0.429773 0.0108479 1.43418
46 1.24273 0 0 0.000478896 0.000361007 0.896377
47 0.784532 0 0 -0.0107934 -0.0124093 0.897777
48 0 0 0 0 0 0
49 -3.16527 -17.2166 -5.4398 0 0 0
50 -0.169706 1.99333 0.168103 0 0 0
51 0.201278 7.2385 -3.28498 -0.419301 0.150676 -0.0205037
52 0 -6.39109 2.66389 -0.436332 1.39626 -1.57079
53 0 -3.88574 -0.867036 0 0 -1.5708
54 0 -2.3834 1.62041 0 1.39626 -1.5708
55 0 -9.60567 0.513888 0 0.785398 -1.5708
56 -2.76667 -0.616137 1.06069 1.5708 0 0
57 -2.76737 0.616133 1.06069 1.5708 0 0
58 -2.32316 -15.741 -2.17475 0.497019 -0.734349 -0.42663
59 -2.47922 -15.3269 -3.25831 2.64457 0.734349 2.71496
60 -5.55004 0.70479 -12.5993 -0.235681 -0.0276156 0.0895729
61 -5.79513 0.63007 -13.7712 -0.244768 -0.0221616 0.0939725
time 136
0 7.61704 12.4769 -4.16582 0.000934124 0 -1.48352
1 6.02794 0 0 -1.03296 0.642107 -0.185314
2 11.7344 0 0 -0.0014028 0 -1.2352
3 8.81138 -0.000450134 -0.000112534 -0.322178 0 0.000157397
4 5.77839 0.000287056 0 -0.21586 0 0.000104045
5 2.23163 -0.000329018 -0.00036335 -0.106319 0 0
6 11.4725 0 0 -0.260591 -0.47915 -0.0652654
7 0.61522 -0.993093 -0.8107 2.76826 0.493014 -0.358968
8 2.24752 0 0 0.0304976 0.0164517 -0.15497
9 1.11936 0 0 0.0317375 0.149673 -0.324764
10 3.71348 -0.102641 0.102191 1.5537 0.0356727 -0.0560177
11 1.72615 0 0 0.0110243 0.0343958 -0.0699119
12 1.21114 0 0 -0.0106995 -0.00397956 -0.121232
13 3.59919 -1.06012 0.070888 1.55829 -0.0856298 0.00533878
14 1.66069 0 0 0.0140131 0.0768498 -0.0212343
15 1.167 0 0 -0.00910515 0.0160264 0.00972672
16 2.18853 0.501039 0.0576591 1.57599 0.0637826 0.141847
17 1.29609 0 0 0.0117809 -0.0049539 0.098475
18 1.62202 0.000714064 -0.000471115 -0.00927111 -0.0284245 -0.128046
19 1.22241 0 0 0.010565 -0.00855388 -0.0109196
20 1.76707 1.27612 0.0366411 1.57573 0.0169386 0.137977
21 1.55588 0 0 -0.00479273 0.0325779 0.150831
22 1.24273 0 0 -0.000479023 0.000360991 -0.102844
23 0.784523 0 0 0.0154188 0.00513663 -0.053963
24 -5.19429 13.3099 -2.074 -0.000932693 0 -2.00714
25 6.02794 0 0 0.31376 0.820421 -0.0980866
26 11.7344 0 0 0.00140273 0 1.63443
27 8.81167 0 0 -0.010758 0 0
28 5.77884 0 0 -0.00720787 0 0
29 2.23249 0 0 -0.00355026 0 0
30 11.4725 0 0 0.723251 -0.600048 -1.01021
31 0.615812 0.994372 -0.809165 -2.97612 0.595303 0.240986
32 2.24752 0 0 -0.445847 0.213517 0.207051
33 1.11936 0 0 -0.0756674 0.062247 1.2491
34 3.71348 0.102639 0.102191 -1.96058 1.12874 -1.10629
35 1.72615 0 0 0.00391305 0.0152072 1.37543
36 1.21112 0 0 -0.0034449 0.0284359 0.948687
37 3.5992 1.06012 0.070888 -1.72661 0.34163 -0.401559
38 1.66069 0 0 -0.00540907 0.0759289 0.151245
39 1.16699 0 0 0.0205414 0.0324705 0.181138
40 2.18853 -0.50104 0.057659 -1.5814 0.104282 -0.178572
41 1.29609 0 0 0.456161 0.220806 1.34519
42 1.62201 -0.000713348 -0.000470161 0.000354508 0.000500898 1.28898
43 1.22241 0 0 0.0331103 0.0124895 1.03954
44 1.76707 -1.27612 0.036641 -1.58579 0.25066 -0.218726
45 1.55588 0 0 0.429773 0.010848 1.43418
46 1.24273 0 0 0.000478939 0.000360932 0.896377
47 0.784532 0 0 -0.0107935 -0.0124093 0.897777
48 0 0 0 0 0 0
49 -3.16527 -17.2166 -5.4398 0 0 0
50 -0.169706 1.99333 0.168103 0 0 0
51 0.161201 7.21156 -3.27719 -0.419038 0.150324 -0.017457
52 0 -6.39109 2.66389 -0.436332 1.39626 -1.5708
53 0 -3.88574 -0.867035 0 0 -1.5708
54 0 -2.3834 1.62041 0 1.39626 -1.5708
55 0 -9.60567 0.51389 0 0.785398 -1.5708
56 -2.76667 -0.616137 1.06069 1.5708 0 0
57 -2.76737 0.616133 1.06069 1.5708 0 0
58 -2.34219 -15.7671 -2.16864 0.497528 -0.73457 -0.423964
59 -2.49911 -15.3532 -3.25215 2.64406 0.734569 2.71763
60 -5.55004 0.70479 -12.5993 -0.235681 -0.0276156 0.0895729
61 -5.79513 0.63007 -13.7712 -0.244768 -0.0221616 0.0939725
time 137
0 7.53622 11.963 -4.22458 0.000934124 0 -1.48352
1 6.02794 0 0 -1.03606 0.646666 -0.192468
2 11.7344 0 0 -0.00140294 0 -1.21629
3 8.81138 -0.000449181 -0.000112057 -0.501751 0 0.000157854
4 5.77839 0.000287056 0 -0.336173 0 0.000103577
5 2.23163 -0.000329018 -0.000363827 -0.165578 0 0
6 11.4725 0 0 -0.44277 -0.492599 -0.0194847
7 0.615219 -0.993092 -0.8107 2.70155 0.470482 -0.398145
8 2.24752 0 0 0.0341958 0.0267767 -0.155794
9 1.11936 0 0 0.0335377 0.135619 -0.319387
10 3.71348 -0.102641 0.102191 1.55245 0.00460811 -0.0694382
11 1.72615 0 0 0.0118801 0.0349874 -0.00892558
12 1.21114 0 0 -0.0113529 -0.00417521 -0.136606
13 3.59919 -1.06012 0.070888 1.55871 -0.145084 -0.00462069
14 1.66068 0 0 0.0137367 0.0768546 -0.0253816
15 1.167 0 0 -0.010708 0.0193955 0.00796886
16 2.18852 0.50104 0.0576591 1.57554 0.0448482 0.155333
17 1.29609 0 0 0.0109768 -0.0116888 0.0767921
18 1.62202 0.000714302 -0.000471115 -0.00960919 -0.0299048 -0.126921
19 1.22241 0 0 0.010948 -0.0100999 -0.0255615
20 1.76707 1.27612 0.0366406 1.57548 0.00565796 0.157782
21 1.55588 0 0 -0.00543873 0.0323259 0.129354
22 1.24273 0 0 -0.00047897 0.000361026 -0.105557
23 0.784522 0 0 0.0153845 0.00520049 -0.0609535
24 -5.19429 13.3099 -2.074 -0.000932693 0 -2.00714
25 6.02794 0 0 0.317306 0.821185 -0.0993917
26 11.7344 0 0 0.00140272 0 1.63173
27 8.81167 0 0 -0.00124082 0 0
28 5.77884 0 0 -0.000831336 0 0
29 2.23249 0 0 -0.000409424 0 0
30 11.4725 0 0 0.717051 -0.596529 -0.999393
31 0.615813 0.994372 -0.809165 -2.97612 0.595303 0.240986
32 2.24752 0 0 -0.445847 0.213517 0.207051
33 1.11936 0 0 -0.0756673 0.062247 1.2491
34 3.71349 0.102639 0.102191 -1.96058 1.12874 -1.10629
35 1.72615 0 0 0.00391312 0.0152071 1.37543
36 1.21112 0 0 -0.003445 0.0284361 0.948687
37 3.5992 1.06012 0.0708877 -1.72661 0.34163 -0.401559
38 1.66069 0 0 -0.00540904 0.075929 0.151245
39 1.16699 0 0 0.0205414 0.0324705 0.181138
40 2.18853 -0.50104 0.057659 -1.5814 0.104282 -0.178572
41 1.29609 0 0 0.456161 0.220806 1.34519
42 1.62202 -0.000714302 -0.000469208 0.000354454 0.000500901 1.28898
43 1.22241 0 0 0.0331103 0.0124893 1.03954
44 1.76707 -1.27612 0.036641 -1.58579 0.25066 -0.218726
45 1.55587 0 0 0.429773 0.0108479 1.43418
46 1.24273 0 0 0.000478933 0.000360989 0.896377
47 0.784532 0 0 -0.0107935 -0.0124093 0.897776
48 0 0 0 0 0 0
49 -3.16527 -17.2166 -5.4398 0 0 0
50 -0.169706 1.99333 0.168103 0 0 0
51 0.116645 7.1726 -3.27824 -0.420451 0.149541 -0.0140607
52 0 -6.39109 2.6639 -0.436332 1.39626 -1.5708
53 0 -3.88574 -0.867035 0 0 -1.5708
54 0 -2.3834 1.62041 0 1.39626 -1.5708
55 0 -9.60567 0.513889 0 0.785398 -1.5708
56 -2.76667 -0.616136 1.06069 1.5708 0 0
57 -2.76737 0.616133 1.06069 1.5708 0 0
58 -2.36365 -15.794 -2.15812 0.496214 -0.735841 -0.419475
59 -2.52123 -15.3822 -3.24233 2.64538 0.73584 2.72212
60 -5.55004 0.70479 -12.5993 -0.235681 -0.0276156 0.0895729
61 -5.79513 0.630069 -13.7712 -0.244768 -0.0221616 0.0939725
time 138
0 7.44515 11.4007 -4.29527 0.000934124 0 -1.48352
1 6.02794 0 0 -1.03995 0.650138 -0.201091
2 11.7344 0 0 -0.00140295 0 -1.19476
3 8.81138 -0.000450134 -0.00011158 -0.655513 0 0.000157812
4 5.77839 0.000286102 0 -0.439194 0 0.000103106
5 2.23163 -0.000329971 -0.00036335 -0.216319 0 0
6 11.4725 0 0 -0.607873 -0.494212 0.0387332
7 0.61522 -0.993092 -0.8107 2.63644 0.446666 -0.435138
8 2.24752 0 0 0.0382755 0.0375554 -0.154531
9 1.11936 0 0 0.0371935 0.120342 -0.304003
10 3.71348 -0.102641 0.102191 1.55148 -0.0189543 -0.0798341
11 1.72615 0 0 0.0131001 0.0352707 0.0610249
12 1.21114 0 0 -0.0119469 -0.00435305 -0.152526
13 3.59919 -1.06012 0.0708876 1.55904 -0.189684 -0.0147621
14 1.66069 0 0 0.0134995 0.0768366 -0.0291282
15 1.167 0 0 -0.0123919 0.0229375 0.00485994
16 2.18852 0.50104 0.0576591 1.57504 0.0262456 0.168695
17 1.29609 0 0 0.00994077 -0.0183527 0.0488332
18 1.62202 0.000713348 -0.000471115 -0.00995977 -0.0313645 -0.125458
19 1.22241 0 0 0.0113272 -0.0116319 -0.0424065
20 1.76707 1.27612 0.0366411 1.57516 -0.00374913 0.177403
21 1.55588 0 0 -0.00627089 0.0320011 0.101682
22 1.24274 0 0 -0.000478966 0.000361003 -0.109034
23 0.784523 0 0 0.0153405 0.00526589 -0.0676453
24 -5.19429 13.3099 -2.074 -0.000932693 0 -2.00714
25 6.02794 0 0 0.320939 0.821951 -0.100641
26 11.7344 0 0 0.00140278 0 1.62771
27 8.81167 0 0 0.0107689 0 0
28 5.77884 0 0 0.00721516 0 0
29 2.23249 0 0 0.00355376 0 0
30 11.4725 0 0 0.710785 -0.593657 -0.985868
31 0.615814 0.994372 -0.809165 -2.97612 0.595303 0.240986
32 2.24752 0 0 -0.445847 0.213517 0.207051
33 1.11936 0 0 -0.0756673 0.0622468 1.2491
34 3.71349 0.102639 0.102191 -1.96058 1.12874 -1.10629
35 1.72615 0 0 0.00391312 0.0152072 1.37543
36 1.21112 0 0 -0.003445 0.0284359 0.948687
37 3.5992 1.06012 0.0708883 -1.72661 0.341629 -0.401559
38 1.66069 0 0 -0.00540901 0.0759289 0.151245
39 1.16699 0 0 0.0205414 0.0324705 0.181138
40 2.18853 -0.501041 0.0576584 -1.5814 0.104282 -0.178572
41 1.29609 0 0 0.456161 0.220806 1.34519
42 1.62201 -0.000713348 -0.000469685 0.00035444 0.000500968 1.28898
43 1.22241 0 0 0.0331102 0.0124895 1.03954
44 1.76707 -1.27612 0.0366412 -1.58579 0.25066 -0.218727
45 1.55587 0 0 0.429773 0.0108479 1.43418
46 1.24273 0 0 0.000478807 0.000361045 0.896377
47 0.784532 0 0 -0.0107935 -0.0124092 0.897777
48 0 0 0 0 0 0
49 -3.16527 -17.2166 -5.4398 0 0 0
50 -0.169706 1.99333 0.168103 0 0 0
51 0.0685012 7.12339 -3.28704 -0.423326 0.148325 -0.0103839
52 0 -6.39109 2.66389 -0.436332 1.39626 -1.57079
53 0 -3.88574 -0.867034 0 0 -1.5708
54 0 -2.3834 1.62041 0 1.39626 -1.5708
55 0 -9.60567 0.513889 0 0.785398 -1.5708
56 -2.76667 -0.616137 1.06069 1.5708 0 0
57 -2.76737 0.616133 1.06069 1.5708 0 0
58 -2.38763 -15.8214 -2.1438 0.49333 -0.738078 -0.413434
59 -2.54561 -15.4133 -3.22936 2.64826 0.738077 2.72816
60 -5.55004 0.70479 -12.5993 -0.235681 -0.0276156 0.0895729
61 -5.79513 0.63007 -13.7712 -0.244768 -0.0221616 0.0939725
time 139
0 7.3452 10.8038 -4.37827 0.000934124 0 -1.48352
1 6.02794 0 0 -1.04562 0.64961 -0.213242
2 11.7344 0 0 -0.00140284 0 -1.16024
3 8.81138 -0.000450134 -0.000112534 -0.798666 0 0.000157376
4 5.77839 0.000285149 0 -0.535106 0 0.000102272
5 2.23163 -0.000329018 -0.000364304 -0.26356 0 0
6 11.4725 0 0 -0.766307 -0.49057 0.108728
7 0.615219 -0.993092 -0.810699 2.57459 0.422098 -0.4693
8 2.24752 0 0 0.0426524 0.0483423 -0.151257
9 1.11936 0 0 0.0423371 0.104609 -0.280935
10 3.71348 -0.102641 0.102192 1.5509 -0.0346881 -0.0860718
11 1.72615 0 0 0.0144953 0.0351699 0.128822
12 1.21113 0 0 -0.0123829 -0.00448366 -0.167486
13 3.59919 -1.06012 0.0708885 1.55929 -0.21347 -0.0243496
14 1.66068 0 0 0.0132335 0.0767955 -0.0335076
15 1.167 0 0 -0.0140849 0.0265003 -0.000134619
16 2.18853 0.50104 0.0576591 1.57449 0.00848075 0.181541
17 1.29609 0 0 0.00871364 -0.0247528 0.0162914
18 1.62202 0.000714302 -0.000471115 -0.010309 -0.0327626 -0.12399
19 1.22241 0 0 0.0116918 -0.013105 -0.0604058
20 1.76707 1.27612 0.0366416 1.57477 -0.0114287 0.196268
21 1.55588 0 0 -0.00725431 0.0316221 0.0690474
22 1.24274 0 0 -0.000478967 0.000360991 -0.113509
23 0.784525 0 0 0.0152845 0.00533289 -0.0738986
24 -5.19429 13.3099 -2.074 -0.000932693 0 -2.00714
25 6.02794 0 0 0.324644 0.822706 -0.101802
26 11.7344 0 0 0.00140266 0 1.62257
27 8.81167 0 0 0.0248522 0 0
28 5.77884 0 0 0.016651 0 0
29 2.23249 0 0 0.00820118 0 0
30 11.4725 0 0 0.704603 -0.591334 -0.970114
31 0.615813 0.994372 -0.809165 -2.97612 0.595303 0.240986
32 2.24752 0 0 -0.445847 0.213517 0.207051
33 1.11936 0 0 -0.0756673 0.0622469 1.2491
34 3.71348 0.10264 0.102191 -1.96058 1.12874 -1.10629
35 1.72615 0 0 0.00391313 0.0152071 1.37543
36 1.21112 0 0 -0.00344492 0.028436 0.948688
37 3.5992 1.06012 0.0708882 -1.72661 0.341629 -0.401559
38 1.66069 0 0 -0.00540909 0.075929 0.151245
39 1.16699 0 0 0.0205414 0.0324704 0.181138
40 2.18853 -0.50104 0.057659 -1.5814 0.104282 -0.178572
41 1.29609 0 0 0.456161 0.220806 1.34519
42 1.62202 -0.000713348 -0.000470161 0.000354359 0.000501085 1.28898
43 1.22241 0 0 0.0331103 0.0124894 1.03954
44 1.76707 -1.27612 0.036641 -1.58579 0.25066 -0.218727
45 1.55587 0 0 0.429773 0.010848 1.43418
46 1.24273 0 0 0.000478904 0.000360953 0.896377
47 0.784531 0 0 -0.0107935 -0.0124091 0.897777
48 0 0 0 0 0 0
49 -3.16527 -17.2166 -5.4398 0 0 0
50 -0.169706 1.99333 0.168103 0 0 0
51 0.0176618 7.06569 -3.30251 -0.42745 0.146673 -0.00649538
52 0 -6.39109 2.66389 -0.436333 1.39626 -1.5708
53 0 -3.88574 -0.867036 0 0 -1.5708
54 0 -2.3834 1.62041 0 1.39626 -1.5708
55 0 -9.60566 0.513889 0 0.785398 -1.5708
56 -2.76667 -0.616137 1.06069 1.5708 0 0
57 -2.76737 0.616133 1.06069 1.5708 0 0
58 -2.41424 -15.8488 -2.12629 0.489121 -0.741192 -0.406102
59 -2.57228 -15.4459 -3.21377 2.65247 0.741191 2.73549
60 -5.55004 0.704792 -12.5993 -0.235681 -0.0276156 0.0895729
61 -5.79513 0.63007 -13.7712 -0.244768 -0.0221616 0.0939725
time 140
0 7.23775 10.186 -4.47397 0.000934124 0 -1.48352
1 6.02794 0 0 -1.0542 0.643317 -0.229435
2 11.7344 0 0 -0.0014028 0 -1.10944
3 8.81138 -0.000449181 -0.000112295 -0.946461 0 0.000157334
4 5.77839 0.000287056 0 -0.634129 0 0.000101779
5 2.23163 -0.000329018 -0.000363827 -0.312332 0 0
6 11.4725 0 0 -0.92947 -0.481637 0.186881
7 0.615219 -0.993092 -0.8107 2.51767 0.397312 -0.499983
8 2.24752 0 0 0.0472422 0.0586919 -0.146049
9 1.11936 0 0 0.0485997 0.0891897 -0.25251
10 3.71348 -0.102641 0.102191 1.55081 -0.0422659 -0.0870169
11 1.72615 0 0 0.0158772 0.0346091 0.18335
12 1.21114 0 0 -0.0125627 -0.00453743 -0.179982
13 3.59919 -1.06012 0.0708876 1.5595 -0.210478 -0.0326475
14 1.66069 0 0 0.0128709 0.0767311 -0.0395527
15 1.167 0 0 -0.015715 0.0299318 -0.00754975
16 2.18852 0.50104 0.0576591 1.57389 -0.00793965 0.193481
17 1.29609 0 0 0.00733589 -0.0306967 -0.0191407
18 1.62202 0.000714302 -0.000471115 -0.0106427 -0.0340582 -0.12285
19 1.22241 0 0 0.0120303 -0.0144744 -0.078512
20 1.76707 1.27612 0.0366411 1.57428 -0.0175266 0.213802
21 1.55588 0 0 -0.00835391 0.0312077 0.032681
22 1.24273 0 0 -0.000479047 0.000360994 -0.119215
23 0.784525 0 0 0.0152147 0.00540204 -0.0795734
24 -5.19429 13.3099 -2.074 -0.000932693 0 -2.00714
25 6.02794 0 0 0.328397 0.823438 -0.102844
26 11.7344 0 0 0.00140271 0 1.61647
27 8.81167 0 0 0.0406137 0 0
28 5.77884 0 0 0.0272112 0 0
29 2.23249 0 0 0.0134026 0 0
30 11.4725 0 0 0.698655 -0.58947 -0.95261
31 0.615813 0.994372 -0.809165 -2.97612 0.595303 0.240986
32 2.24752 0 0 -0.445847 0.213517 0.207051
33 1.11936 0 0 -0.0756674 0.062247 1.2491
34 3.71349 0.102639 0.102191 -1.96058 1.12874 -1.10629
35 1.72615 0 0 0.00391296 0.0152072 1.37543
36 1.21112 0 0 -0.00344489 0.0284359 0.948688
37 3.5992 1.06012 0.0708879 -1.72661 0.34163 -0.401559
38 1.66069 0 0 -0.00540906 0.0759289 0.151245
39 1.16699 0 0 0.0205414 0.0324705 0.181138
40 2.18853 -0.50104 0.0576589 -1.5814 0.104282 -0.178572
41 1.29609 0 0 0.456161 0.220806 1.34519
42 1.62201 -0.000714302 -0.000469685 0.000354463 0.000500988 1.28898
43 1.22241 0 0 0.0331103 0.0124895 1.03954
44 1.76707 -1.27612 0.0366414 -1.58579 0.25066 -0.218726
45 1.55587 0 0 0.429773 0.0108479 1.43418
46 1.24273 0 0 0.000479005 0.000360983 0.896377
47 0.784532 0 0 -0.0107935 -0.0124092 0.897777
48 0 0 0 0 0 0
49 -3.16527 -17.2166 -5.4398 0 0 0
50 -0.169706 1.99333 0.168103 0 0 0
51 -0.0349817 7.00126 -3.32357 -0.432606 0.144584 -0.00246425
52 0 -6.39109 2.66389 -0.436332 1.39626 -1.5708
53 0 -3.88574 -0.867035 0 0 -1.5708
54 0 -2.3834 1.62041 0 1.39626 -1.5708
55 0 -9.60566 0.513888 0 0.785398 -1.5708
56 -2.76667 -0.616137 1.06069 1.5708 0 0
57 -2.76737 0.616133 1.06069 1.5708 0 0
58 -2.44358 -15.8758 -2.10625 0.48383 -0.745093 -0.397743
59 -2.60128 -15.4792 -3.1961 2.65776 0.745092 2.74385
60 -5.55004 0.70479 -12.5993 -0.235681 -0.0276156 0.089573
61 -5.79513 0.63007 -13.7712 -0.244768 -0.0221616 0.0939725
time 141
0 7.12417 9.56133 -4.58275 0.000934124 0 -1.48352
1 6.02794 0 0 -1.06603 0.631824 -0.247879
2 11.7344 0 0 -0.00140287 0 -1.05058
3 8.81138 -0.000448227 -0.000111818 -1.08975 0 0.000157251
4 5.77839 0.000286102 0 -0.730129 0 0.000101339
5 2.23163 -0.000328064 -0.00036335 -0.359616 0 0
6 11.4725 0 0 -1.08703 -0.455313 0.266095
7 0.615219 -0.993092 -0.8107 2.46736 0.372841 -0.526539
8 2.24752 0 0 0.0519602 0.0681585 -0.138986
9 1.11936 0 0 0.0556128 0.0748514 -0.221052
10 3.71348 -0.102641 0.102191 1.55132 -0.0413611 -0.0815352
11 1.72615 0 0 0.0170567 0.0335127 0.213491
12 1.21114 0 0 -0.0123877 -0.00448517 -0.188507
13 3.59919 -1.06012 0.0708885 1.55964 -0.162111 -0.0405203
14 1.66069 0 0 0.0123432 0.0766429 -0.0482972
15 1.167 0 0 -0.0172101 0.0330805 -0.0179211
16 2.18852 0.50104 0.0576591 1.57323 -0.0225098 0.204125
17 1.29609 0 0 0.00584816 -0.0359917 -0.0557706
18 1.62202 0.000713348 -0.000470638 -0.0109472 -0.0352102 -0.12237
19 1.22241 0 0 0.012332 -0.0156952 -0.0956767
20 1.76707 1.27612 0.0366411 1.57368 -0.0221885 0.229432
21 1.55588 0 0 -0.00953475 0.0307767 -0.00618517
22 1.24273 0 0 -0.000478952 0.000360975 -0.126384
23 0.784523 0 0 0.0151285 0.00547355 -0.0845299
24 -5.19429 13.3099 -2.074 -0.000932693 0 -2.00714
25 6.02794 0 0 0.332174 0.824135 -0.103743
26 11.7344 0 0 0.0014028 0 1.60961
27 8.81167 0 0 0.0576777 0 0
28 5.77884 0 0 0.038644 0 0
29 2.23249 0 0 0.0190337 0 0
30 11.4725 0 0 0.693085 -0.587981 -0.933834
31 0.615813 0.994372 -0.809165 -2.97612 0.595303 0.240986
32 2.24752 0 0 -0.445847 0.213517 0.20705
33 1.11936 0 0 -0.0756673 0.062247 1.2491
34 3.71348 0.102639 0.102191 -1.96058 1.12874 -1.10629
35 1.72615 0 0 0.00391307 0.0152072 1.37543
36 1.21112 0 0 -0.00344508 0.0284358 0.948687
37 3.5992 1.06012 0.0708877 -1.72661 0.34163 -0.401559
38 1.66069 0 0 -0.00540904 0.0759289 0.151245
39 1.16699 0 0 0.0205414 0.0324705 0.181138
40 2.18853 -0.50104 0.0576591 -1.5814 0.104282 -0.178572
41 1.29609 0 0 0.456161 0.220806 1.34519
42 1.62202 -0.000713348 -0.000469208 0.000354404 0.000501032 1.28898
43 1.2224 0 0 0.0331103 0.0124894 1.03954
44 1.76707 -1.27612 0.036641 -1.58579 0.25066 -0.218726
45 1.55588 0 0 0.429773 0.0108479 1.43418
46 1.24273 0 0 0.000478927 0.00036107 0.896377
47 0.784533 0 0 -0.0107935 -0.0124092 0.897776
48 0 0 0 0 0 0
49 -3.16527 -17.2166 -5.4398 0 0 0
50 -0.169706 1.99333 0.168103 0 0 0
51 -0.0885377 6.93186 -3.34915 -0.438582 0.142055 0.00164061
52 0 -6.39109 2.66389 -0.436332 1.39626 -1.5708
53 0 -3.88574 -0.867035 0 0 -1.5708
54 0 -2.3834 1.62041 0 1.39626 -1.5708
55 0 -9.60566 0.513889 0 0.785398 -1.5708
56 -2.76667 -0.616137 1.06069 1.5708 0 0
57 -2.76737 0.616133 1.06069 1.5708 0 0
58 -2.47574 -15.902 -2.08431 0.4777 -0.749693 -0.388618
59 -2.63264 -15.5126 -3.17688 2.66389 0.749692 2.75298
60 -5.55004 0.70479 -12.5993 -0.235681 -0.0276155 0.0895728
61 -5.79513 0.630069 -13.7712 -0.244768 -0.0221616 0.0939725
time 142
0 7.00582 8.94358 -4.70499 0.000934124 0 -1.48352
1 6.02794 0 0 -1.08024 0.617374 -0.265716
2 11.7344 0 0 -0.00140268 0 -0.994899
3 8.81138 -0.000450134 -0.000112772 -1.22015 0 0.00015762
4 5.77839 0.000286102 0 -0.817501 0 0.000101259
5 2.23163 -0.000329971 -0.000363827 -0.40265 0 0
6 11.4725 0 0 -1.22833 -0.402747 0.338797
7 0.615219 -0.993091 -0.8107 2.42531 0.349218 -0.548321
8 2.24752 0 0 0.0567223 0.076297 -0.130143
9 1.11936 0 0 0.0630083 0.0623623 -0.188887
10 3.71348 -0.102641 0.102191 1.55254 -0.0316469 -0.0684931
11 1.72615 0 0 0.0178451 0.0318048 0.208128
12 1.21114 0 0 -0.0117594 -0.00429689 -0.191557
13 3.59919 -1.06012 0.0708876 1.55969 -0.0733392 -0.0485814
14 1.66069 0 0 0.0115826 0.0765313 -0.0607743
15 1.167 0 0 -0.0184983 0.0357938 -0.0317834
16 2.18853 0.501039 0.0576582 1.57252 -0.0347234 0.213083
17 1.29609 0 0 0.00429089 -0.0404453 -0.0919052
18 1.62202 0.000713348 -0.000470877 -0.0112082 -0.0361776 -0.122883
19 1.22241 0 0 0.0125859 -0.0167228 -0.110851
20 1.76707 1.27612 0.0366402 1.57298 -0.0255607 0.242587
21 1.55588 0 0 -0.0107619 0.0303479 -0.0463197
22 1.24273 0 0 -0.000478899 0.000360961 -0.13525
23 0.784523 0 0 0.015024 0.0055478 -0.0886283
24 -5.19429 13.3099 -2.074 -0.000932693 0 -2.00714
25 6.02794 0 0 0.335944 0.824787 -0.104481
26 11.7344 0 0 0.00140277 0 1.60218
27 8.81167 0 0 0.0756904 0 0
28 5.77884 0 0 0.0507125 0 0
29 2.23249 0 0 0.0249779 0 0
30 11.4725 0 0 0.688037 -0.586796 -0.914268
31 0.615813 0.994372 -0.809165 -2.97612 0.595303 0.240986
32 2.24752 0 0 -0.445847 0.213517 0.207051
33 1.11936 0 0 -0.0756674 0.062247 1.2491
34 3.71349 0.102639 0.102191 -1.96058 1.12874 -1.10629
35 1.72615 0 0 0.0039131 0.0152072 1.37543
36 1.21112 0 0 -0.00344502 0.0284359 0.948687
37 3.5992 1.06012 0.0708883 -1.72661 0.34163 -0.401559
38 1.66069 0 0 -0.00540907 0.0759288 0.151245
39 1.16699 0 0 0.0205414 0.0324705 0.181138
40 2.18853 -0.50104 0.057659 -1.5814 0.104282 -0.178572
41 1.29609 0 0 0.456161 0.220806 1.34519
42 1.62201 -0.000714302 -0.000469685 0.000354431 0.000501068 1.28898
43 1.22241 0 0 0.0331103 0.0124895 1.03954
44 1.76707 -1.27612 0.036641 -1.58579 0.25066 -0.218726
45 1.55588 0 0 0.429773 0.0108479 1.43418
46 1.24273 0 0 0.000478911 0.000360917 0.896377
47 0.784532 0 0 -0.0107935 -0.0124091 0.897776
48 0 0 0 0 0 0
49 -3.16527 -17.2166 -5.4398 0 0 0
50 -0.169706 1.99333 0.168103 0 0 0
51 -0.142114 6.85926 -3.37817 -0.445163 0.139085 0.00575025
52 0 -6.39109 2.66389 -0.436332 1.39626 -1.5708
53 0 -3.88574 -0.867035 0 0 -1.5708
54 0 -2.3834 1.62041 0 1.39626 -1.5708
55 0 -9.60567 0.513889 0 0.785398 -1.5708
56 -2.76667 -0.616137 1.06069 1.5708 0 0
57 -2.76737 0.616133 1.06069 1.5708 0 0
58 -2.5108 -15.9271 -2.06111 0.470975 -0.754905 -0.37899
59 -2.66636 -15.5456 -3.15665 2.67062 0.754904 2.7626
60 -5.55004 0.704792 -12.5993 -0.235681 -0.0276156 0.0895729
61 -5.79513 0.630071 -13.7712 -0.244768 -0.0221616 0.0939725
time 143
0 6.88408 8.34661 -4.84109 0.000934124 0 -1.48352
1 6.02794 0 0 -1.09508 0.604088 -0.279304
2 11.7344 0 0 -0.00140287 0 -0.957096
3 8.81138 -0.000451088 -0.000112295 -1.33154 0 0.000157951
4 5.77839 0.000286102 0 -0.892132 0 0.000101341
5 2.23163 -0.000329971 -0.00036335 -0.439408 0 0
6 11.4725 0 0 -1.34532 -0.317959 0.399824
7 0.615221 -0.993091 -0.8107 2.39322 0.326977 -0.564682
8 2.24752 0 0 0.0614439 0.0826616 -0.119598
9 1.11936 0 0 0.0704176 0.0524904 -0.158338
10 3.71348 -0.102641 0.102192 1.55456 -0.0127962 -0.046756
11 1.72615 0 0 0.0180534 0.0294097 0.156145
12 1.21114 0 0 -0.0105791 -0.00394351 -0.187626
13 3.59919 -1.06012 0.0708885 1.55968 0.0264527 -0.0557173
14 1.66069 0 0 0.0105208 0.0763955 -0.0780174
15 1.167 0 0 -0.0195076 0.03792 -0.0496715
16 2.18853 0.501039 0.0576591 1.57175 -0.044074 0.219964
17 1.29609 0 0 0.00270508 -0.0438649 -0.125852
18 1.62202 0.000713348 -0.000471592 -0.0114121 -0.0369193 -0.12472
19 1.22241 0 0 0.0127809 -0.0175122 -0.122988
20 1.76707 1.27612 0.0366421 1.57214 -0.0277886 0.252693
21 1.55588 0 0 -0.0120003 0.0299399 -0.0864905
22 1.24273 0 0 -0.000478938 0.00036096 -0.146046
23 0.784525 0 0 0.014899 0.00562503 -0.0917288
24 -5.19429 13.3099 -2.074 -0.000932693 0 -2.00714
25 6.02794 0 0 0.339498 0.825439 -0.105276
26 11.7344 0 0 0.0014027 0 1.5947
27 8.81167 0 0 0.0941172 0 0
28 5.77884 0 0 0.0630585 0 0
29 2.23249 0 0 0.0310587 0 0
30 11.4725 0 0 0.683653 -0.585851 -0.894567
31 0.615813 0.994371 -0.809165 -2.97612 0.595303 0.240986
32 2.24752 0 0 -0.445847 0.213517 0.207051
33 1.11936 0 0 -0.0756673 0.0622471 1.2491
34 3.71349 0.102638 0.102191 -1.96058 1.12874 -1.10629
35 1.72615 0 0 0.00391318 0.0152071 1.37543
36 1.21112 0 0 -0.00344504 0.0284359 0.948687
37 3.5992 1.06012 0.070888 -1.72661 0.341629 -0.401559
38 1.66069 0 0 -0.00540906 0.0759289 0.151245
39 1.16699 0 0 0.0205413 0.0324705 0.181138
40 2.18853 -0.50104 0.0576586 -1.5814 0.104282 -0.178572
41 1.29609 0 0 0.456161 0.220806 1.34519
42 1.62202 -0.000711441 -0.000469685 0.000354419 0.000501003 1.28898
43 1.22241 0 0 0.0331103 0.0124894 1.03954
44 1.76707 -1.27612 0.0366409 -1.58579 0.25066 -0.218727
45 1.55588 0 0 0.429773 0.010848 1.43418
46 1.24273 0 0 0.000478911 0.000361037 0.896377
47 0.784531 0 0 -0.0107935 -0.0124092 0.897776
48 0 0 0 0 0 0
49 -3.16527 -17.2166 -5.4398 0 0 0
50 -0.169706 1.99333 0.168103 0 0 0
51 -0.19482 6.78522 -3.40954 -0.452134 0.135672 0.00979573
52 0 -6.39109 2.66389 -0.436333 1.39626 -1.5708
53 0 -3.88574 -0.867035 0 0 -1.5708
54 0 -2.3834 1.62041 0 1.39626 -1.5708
55 0 -9.60567 0.51389 0 0.785398 -1.5708
56 -2.76667 -0.616137 1.06069 1.5708 0 0
57 -2.76737 0.616132 1.06069 1.5708 0 0
58 -2.54875 -15.9507 -2.03725 0.463903 -0.760645 -0.36913
59 -2.70239 -15.5776 -3.13593 2.67769 0.760645 2.77246
60 -5.55004 0.70479 -12.5993 -0.235681 -0.0276156 0.0895729
61 -5.79513 0.63007 -13.7712 -0.244768 -0.0221616 0.0939725
time 144
0 6.76032 7.78429 -4.99141 0.000934124 0 -1.48352
1 6.02794 0 0 -1.11253 0.587226 -0.290329
2 11.7344 0 0 -0.00140275 0 -0.932162
3 8.81138 -0.000450134 -0.000111818 -1.42846 0 0.000158193
4 5.77839 0.000286102 0 -0.957071 0 0.000101216
5 2.23163 -0.000329018 -0.00036335 -0.471393 0 0
6 11.4725 0 0 -1.44213 -0.18237 0.454962
7 0.615217 -0.993092 -0.8107 2.37273 0.306651 -0.574973
8 2.24752 0 0 0.0660405 0.0868072 -0.107429
9 1.11936 0 0 0.0774724 0.0460039 -0.131732
10 3.71348 -0.102641 0.102191 1.5575 0.0155178 -0.0151897
11 1.72615 0 0 0.017493 0.0262515 0.0464236
12 1.21114 0 0 -0.00874869 -0.00339532 -0.17521
13 3.59919 -1.06012 0.070888 1.55965 0.107878 -0.0608152
14 1.66068 0 0 0.00909001 0.0762353 -0.10106
15 1.167 0 0 -0.020166 0.0393073 -0.0721211
16 2.18852 0.501039 0.0576582 1.57092 -0.0500558 0.22438
17 1.29609 0 0 0.00113066 -0.0460578 -0.155919
18 1.62202 0.000712395 -0.000470161 -0.0115446 -0.0373944 -0.128216
19 1.22241 0 0 0.0129059 -0.0180186 -0.131039
20 1.76707 1.27612 0.0366411 1.57117 -0.0290184 0.259176
21 1.55588 0 0 -0.013215 0.0295717 -0.125466
22 1.24274 0 0 -0.000479008 0.000361018 -0.159006
23 0.784523 0 0 0.0147513 0.0057056 -0.0936917
24 -5.19429 13.3099 -2.074 -0.000932693 0 -2.00714
25 6.02794 0 0 0.343096 0.825985 -0.105713
26 11.7344 0 0 0.00140278 0 1.58677
27 8.81167 0 0 0.113013 0 0
28 5.77884 0 0 0.0757186 0 0
29 2.23249 0 0 0.0372942 0 0
30 11.4725 0 0 0.680069 -0.585091 -0.874898
31 0.615813 0.994372 -0.809165 -2.97612 0.595303 0.240986
32 2.24752 0 0 -0.445847 0.213517 0.207051
33 1.11936 0 0 -0.0756674 0.062247 1.2491
34 3.71349 0.102639 0.102191 -1.96058 1.12874 -1.10629
35 1.72615 0 0 0.00391313 0.0152071 1.37543
36 1.21112 0 0 -0.00344493 0.028436 0.948688
37 3.5992 1.06012 0.0708879 -1.72661 0.34163 -0.401559
38 1.66069 0 0 -0.00540907 0.0759289 0.151245
39 1.16699 0 0 0.0205414 0.0324706 0.181138
40 2.18853 -0.50104 0.0576591 -1.5814 0.104282 -0.178572
41 1.29609 0 0 0.456161 0.220806 1.34519
42 1.62201 -0.000712395 -0.000469208 0.000354502 0.000501014 1.28898
43 1.22241 0 0 0.0331103 0.0124895 1.03954
44 1.76707 -1.27612 0.036641 -1.58579 0.25066 -0.218727
45 1.55588 0 0 0.429773 0.010848 1.43418
46 1.24273 0 0 0.000479044 0.00036096 0.896377
47 0.784532 0 0 -0.0107935 -0.0124091 0.897776
48 0 0 0 0 0 0
49 -3.16527 -17.2166 -5.4398 0 0 0
50 -0.169706 1.99333 0.168103 0 0 0
51 -0.245764 6.71149 -3.44219 -0.459282 0.131813 0.0137081
52 0 -6.39109 2.6639 -0.436332 1.39626 -1.5708
53 0 -3.88574 -0.867035 0 0 -1.5708
54 0 -2.3834 1.62041 0 1.39626 -1.5708
55 0 -9.60567 0.51389 0 0.785398 -1.5708
56 -2.76667 -0.616136 1.06069 1.5708 0 0
57 -2.76737 0.616133 1.06069 1.5708 0 0
58 -2.58957 -15.9727 -2.01332 0.456742 -0.766836 -0.359312
59 -2.74067 -15.6081 -3.1152 2.68485 0.766835 2.78228
60 -5.55004 0.70479 -12.5993 -0.235681 -0.0276156 0.0895729
61 -5.79513 0.63007 -13.7712 -0.244768 -0.0221616 0.0939725
time 145
0 6.63592 7.27046 -5.15635 0.000934124 0 -1.48352
1 6.02794 0 0 -1.13302 0.561722 -0.301194
2 11.7344 0 0 -0.00140287 0 -0.907336
3 8.81138 -0.000450134 -0.000112057 -1.52211 0 0.000157701
4 5.77839 0.000286102 0 -1.01981 0 0.000100766
5 2.23163 -0.000329971 -0.000364542 -0.502295 0 0
6 11.4725 0 0 -1.52807 -0.0223967 0.499324
7 0.615219 -0.993091 -0.8107 2.36553 0.288773 -0.578548
8 2.24752 0 0 0.0704275 0.088288 -0.0937118
9 1.11936 0 0 0.0838044 0.0436711 -0.111393
10 3.71348 -0.102641 0.102191 1.56147 0.0536219 0.0273396
11 1.72614 0 0 0.015975 0.0222546 -0.132152
12 1.21114 0 0 -0.0061698 -0.00262319 -0.152801
13 3.59919 -1.06012 0.0708885 1.55963 0.14155 -0.062762
14 1.66068 0 0 0.00722186 0.0760512 -0.130935
15 1.167 0 0 -0.0204016 0.0398033 -0.0996664
16 2.18852 0.501039 0.0576591 1.57004 -0.052162 0.225938
17 1.29609 0 0 -0.000391455 -0.0468316 -0.180413
18 1.62202 0.000714302 -0.000470638 -0.0115922 -0.0375619 -0.133701
19 1.22241 0 0 0.0129502 -0.0181974 -0.133956
20 1.76707 1.27612 0.0366411 1.57004 -0.029396 0.261465
21 1.55588 0 0 -0.0143709 0.0292617 -0.162014
22 1.24273 0 0 -0.000479098 0.000361033 -0.174362
23 0.784523 0 0 0.0145789 0.00579014 -0.0943771
24 -5.19429 13.3099 -2.074 -0.000932693 0 -2.00714
25 6.02794 0 0 0.346537 0.826468 -0.106001
26 11.7344 0 0 0.00140275 0 1.57888
27 8.81167 0 0 0.131905 0 0
28 5.77884 0 0 0.0883766 0 0
29 2.23249 0 0 0.0435288 0 0
30 11.4725 0 0 0.67742 -0.584467 -0.855893
31 0.615813 0.994372 -0.809165 -2.97612 0.595303 0.240986
32 2.24752 0 0 -0.445847 0.213517 0.207051
33 1.11936 0 0 -0.0756674 0.062247 1.2491
34 3.71348 0.102639 0.102191 -1.96058 1.12874 -1.10629
35 1.72615 0 0 0.00391321 0.015207 1.37543
36 1.21112 0 0 -0.00344498 0.028436 0.948688
37 3.5992 1.06012 0.0708885 -1.72661 0.341629 -0.401559
38 1.66069 0 0 -0.00540913 0.0759289 0.151245
39 1.16699 0 0 0.0205414 0.0324705 0.181138
40 2.18853 -0.50104 0.0576594 -1.5814 0.104282 -0.178572
41 1.29609 0 0 0.456161 0.220806 1.34519
42 1.62201 -0.000712395 -0.000470161 0.000354407 0.000501011 1.28898
43 1.22241 0 0 0.0331103 0.0124894 1.03954
44 1.76707 -1.27612 0.0366409 -1.58579 0.25066 -0.218726
45 1.55588 0 0 0.429773 0.010848 1.43418
46 1.24273 0 0 0.000478956 0.000360899 0.896377
47 0.784532 0 0 -0.0107935 -0.0124091 0.897777
48 0 0 0 0 0 0
49 -3.16527 -17.2166 -5.4398 0 0 0
50 -0.169706 1.99333 0.168103 0 0 0
51 -0.294053 6.63984 -3.47504 -0.466391 0.127506 0.0174184
52 0 -6.39109 2.6639 -0.436332 1.39626 -1.5708
53 0 -3.88574 -0.867035 0 0 -1.5708
54 0 -2.3834 1.62041 0 1.39626 -1.5708
55 0 -9.60567 0.513889 0 0.785398 -1.5708
56 -2.76667 -0.616137 1.06069 1.5708 0 0
57 -2.76737 0.616132 1.06069 1.5708 0 0
58 -2.63315 -15.9928 -1.98988 0.449757 -0.7734 -0.349819
59 -2.78104 -15.6365 -3.09493 2.69184 0.7734 2.79177
60 -5.55004 0.70479 -12.5993 -0.235681 -0.0276156 0.0895729
61 -5.79513 0.63007 -13.7712 -0.244768 -0.0221616 0.0939725
time 146
0 6.51224 6.81898 -5.33629 0.000934124 0 -1.48352
1 6.02794 0 0 -1.15344 0.530448 -0.310715
2 11.7344 0 0 -0.0014028 0 -0.883213
3 8.81139 -0.000448227 -0.000111341 -1.60616 0 0.000157679
4 5.77839 0.000287056 0 -1.07613 0 0.000100561
5 2.23164 -0.000329018 -0.000363588 -0.530034 0 0
6 11.4725 0 0 -1.60162 0.100461 0.519925
7 0.615219 -0.993091 -0.8107 2.40607 0.272001 -0.561888
8 2.24752 0 0 0.0755168 0.083155 -0.0459582
9 1.11935 0 0 0.0936758 0.0614225 -0.08928
10 3.71348 -0.102641 0.102192 1.56743 0.114514 0.0913343
11 1.72615 0 0 0.0129953 0.0162747 -0.434509
12 1.21114 0 0 -0.00207383 -0.00139654 -0.112659
13 3.59919 -1.06012 0.0708876 1.55729 0.112575 -0.0111231
14 1.66069 0 0 -0.00119766 0.0730844 -0.255162
15 1.167 0 0 -0.0179406 0.0356083 -0.190233
16 2.18852 0.50104 0.0576587 1.56826 -0.0295531 0.215023
17 1.29609 0 0 -0.0154508 -0.0318986 -0.256647
18 1.62202 0.000713348 -0.000472069 -0.00712457 -0.0362535 -0.262492
19 1.22241 0 0 0.0120167 -0.0163763 -0.125003
20 1.76707 1.27612 0.0366411 1.56173 0.0251441 0.240466
21 1.55588 0 0 -0.0334619 0.0207883 -0.269934
22 1.24274 0 0 -0.000479073 0.000361016 -0.235875
23 0.784525 0 0 0.0141271 0.00592054 -0.0587212
24 -5.19429 13.3099 -2.074 -0.000932693 0 -2.00714
25 6.02794 0 0 0.349755 0.826888 -0.106165
26 11.7344 0 0 0.00140264 0 1.57127
27 8.81167 0 0 0.150511 0 0
28 5.77884 0 0 0.100843 0 0
29 2.23249 0 0 0.0496689 0 0
30 11.4725 0 0 0.675839 -0.583936 -0.838036
31 0.615814 0.994372 -0.809165 -2.97612 0.595303 0.240986
32 2.24752 0 0 -0.445847 0.213517 0.20705
33 1.11936 0 0 -0.0756674 0.0622468 1.2491
34 3.71349 0.102638 0.102191 -1.96058 1.12874 -1.10629
35 1.72615 0 0 0.00391317 0.0152072 1.37543
36 1.21112 0 0 -0.00344504 0.028436 0.948688
37 3.5992 1.06012 0.0708884 -1.72661 0.34163 -0.401559
38 1.66069 0 0 -0.00540905 0.0759289 0.151245
39 1.16699 0 0 0.0205414 0.0324705 0.181138
40 2.18853 -0.50104 0.0576591 -1.5814 0.104282 -0.178572
41 1.29609 0 0 0.456161 0.220806 1.34519
42 1.62201 -0.000712395 -0.000470161 0.00035441 0.000501028 1.28898
43 1.22241 0 0 0.0331103 0.0124895 1.03954
44 1.76707 -1.27612 0.0366412 -1.58579 0.25066 -0.218726
45 1.55587 0 0 0.429773 0.0108479 1.43418
46 1.24273 0 0 0.000478997 0.000360958 0.896377
47 0.784532 0 0 -0.0107936 -0.0124092 0.897776
48 0 0 0 0 0 0
49 -3.16527 -17.2166 -5.4398 0 0 0
50 -0.169706 1.99333 0.168103 0 0 0
51 -0.338797 6.57203 -3.50701 -0.473248 0.122751 0.0208577
52 0 -6.39109 2.6639 -0.436332 1.39626 -1.5708
53 0 -3.88574 -0.867034 0 0 -1.5708
54 0 -2.3834 1.62041 0 1.39626 -1.5708
55 0 -9.60567 0.513888 0 0.785398 -1.5708
56 -2.76667 -0.616136 1.06069 1.5708 0 0
57 -2.76737 0.616133 1.06069 1.5708 0 0
58 -2.67932 -16.0108 -1.96743 0.443221 -0.780269 -0.340942
59 -2.82332 -15.6626 -3.07556 2.69837 0.780268 2.80065
60 -5.55004 0.70479 -12.5993 -0.235681 -0.0276155 0.0895728
61 -5.79513 0.630069 -13.7712 -0.244768 -0.0221616 0.0939725
time 147
0 6.39066 6.44371 -5.53162 0.000934124 0 -1.48352
1 6.02794 0 0 -1.17149 0.496471 -0.318131
2 11.7344 0 0 -0.00140284 0 -0.860529
3 8.81138 -0.000450134 -0.000112295 -1.67213 0 0.000157995
4 5.77839 0.000286102 0 -1.12033 0 0.000100514
5 2.23163 -0.000329971 -0.000363827 -0.551804 0 0
6 11.4725 0 0 -1.66028 0.15369 0.498685
7 0.615217 -0.993091 -0.8107 2.49491 0.259132 -0.519716
8 2.24752 0 0 0.0808179 0.0727461 0.0324383
9 1.11936 0 0 0.107036 0.100539 -0.0680708
10 3.71348 -0.102641 0.102191 1.57513 0.197375 0.173958
11 1.72615 0 0 0.00886844 0.00843793 -0.842114
12 1.21114 0 0 0.00337495 0.000235227 -0.057294
13 3.59919 -1.06012 0.070888 1.55171 0.0434802 0.112015
14 1.66069 0 0 -0.018224 0.0662942 -0.502749
15 1.167 0 0 -0.0120731 0.0256044 -0.36242
16 2.18852 0.501039 0.0576591 1.56534 0.02436 0.188996
17 1.29609 0 0 -0.0492172 0.00371032 -0.407859
18 1.62201 0.000714302 -0.000471115 0.00352792 -0.0331334 -0.560076
19 1.22241 0 0 0.00979093 -0.0120335 -0.103655
20 1.76707 1.27612 0.0366411 1.54365 0.1552 0.190393
21 1.55588 0 0 -0.0773738 0.000979275 -0.476772
22 1.24274 0 0 -0.000479026 0.000361034 -0.358505
23 0.784523 0 0 0.013319 0.00610701 0.0263036
24 -5.19429 13.3099 -2.074 -0.000932693 0 -2.00714
25 6.02794 0 0 0.352675 0.827245 -0.106239
26 11.7344 0 0 0.00140273 0 1.56415
27 8.81167 0 0 0.168564 0 0
28 5.77884 0 0 0.112938 0 0
29 2.23249 0 0 0.0556262 0 0
30 11.4725 0 0 0.675451 -0.583456 -0.821811
31 0.615813 0.994372 -0.809165 -2.97612 0.595303 0.240986
32 2.24752 0 0 -0.445847 0.213517 0.20705
33 1.11936 0 0 -0.0756674 0.0622471 1.2491
34 3.71349 0.102638 0.102191 -1.96058 1.12874 -1.10629
35 1.72615 0 0 0.00391317 0.015207 1.37543
36 1.21112 0 0 -0.00344509 0.0284359 0.948687
37 3.5992 1.06012 0.0708876 -1.72661 0.34163 -0.401559
38 1.66069 0 0 -0.00540903 0.075929 0.151245
39 1.16699 0 0 0.0205414 0.0324704 0.181138
40 2.18853 -0.50104 0.0576589 -1.5814 0.104282 -0.178572
41 1.29609 0 0 0.456161 0.220806 1.34519
42 1.62201 -0.000713348 -0.000470161 0.000354431 0.000501068 1.28898
43 1.22241 0 0 0.0331102 0.0124894 1.03954
44 1.76707 -1.27612 0.0366406 -1.58579 0.25066 -0.218726
45 1.55587 0 0 0.429773 0.010848 1.43418
46 1.24273 0 0 0.000478895 0.000360953 0.896377
47 0.784531 0 0 -0.0107936 -0.0124092 0.897776
48 0 0 0 0 0 0
49 -3.16527 -17.2166 -5.4398 0 0 0
50 -0.169706 1.99333 0.168103 0 0 0
51 -0.379104 6.50982 -3.53702 -0.479637 0.117543 0.023957
52 0 -6.39109 2.66389 -0.436332 1.39626 -1.5708
53 0 -3.88574 -0.867036 0 0 -1.5708
54 0 -2.3834 1.62041 0 1.39626 -1.5708
55 0 -9.60566 0.513888 0 0.785398 -1.5708
56 -2.76667 -0.616137 1.06069 1.5708 0 0
57 -2.76737 0.616132 1.06069 1.5708 0 0
58 -2.72783 -16.0266 -1.94647 0.437422 -0.787375 -0.332983
59 -2.86723 -15.6859 -3.05751 2.70417 0.787374 2.80861
60 -5.55004 0.70479 -12.5993 -0.235681 -0.0276156 0.0895729
61 -5.79513 0.63007 -13.7712 -0.244768 -0.0221616 0.0939725
time 148
0 6.27254 6.15851 -5.74271 0.000934124 0 -1.48352
1 6.02794 0 0 -1.18552 0.463588 -0.322763
2 11.7344 0 0 -0.0014028 0 -0.841471
3 8.81138 -0.000450134 -0.000111341 -1.71744 0 0.000157893
4 5.77839 0.000286102 0 -1.15068 0 0.000100575
5 2.23164 -0.000329971 -0.000363827 -0.566754 0 0
6 11.4725 0 0 -1.70372 0.164522 0.445636
7 0.615219 -0.993092 -0.8107 2.58287 0.256908 -0.463741
8 2.24752 0 0 0.0841433 0.0645462 0.0875755
9 1.11936 0 0 0.117046 0.139814 -0.0661702
10 3.71348 -0.102643 0.102191 1.58281 0.281811 0.25634
11 1.72615 0 0 0.00463418 0.000574482 -1.25591
12 1.21114 0 0 0.00887647 0.00188268 -0.000575001
13 3.59919 -1.06012 0.070888 1.54506 -0.0389872 0.258985
14 1.66069 0 0 -0.0378381 0.0582562 -0.786971
15 1.167 0 0 -0.00506934 0.0136642 -0.557776
16 2.18852 0.501039 0.0576587 1.56216 0.0887078 0.157931
17 1.29609 0 0 -0.0890216 0.0462112 -0.581244
18 1.62202 0.000713348 -0.000472069 0.0162421 -0.0294095 -0.913043
19 1.22241 0 0 0.00713427 -0.00684997 -0.0781744
20 1.76707 1.27612 0.0366411 1.52248 0.310428 0.130627
21 1.55588 0 0 -0.129411 -0.0225716 -0.711926
22 1.24274 0 0 -0.000478905 0.000361069 -0.499289
23 0.784523 0 0 0.0124168 0.00630063 0.127784
24 -5.19429 13.3099 -2.074 -0.000932693 0 -2.00714
25 6.02794 0 0 0.355216 0.827545 -0.106269
26 11.7344 0 0 0.00140267 0 1.55777
27 8.81167 0 0 0.185809 0 0
28 5.77884 0 0 0.124492 0 0
29 2.23249 0 0 0.061317 0 0
30 11.4725 0 0 0.676383 -0.582984 -0.807698
31 0.615813 0.994372 -0.809165 -2.97612 0.595303 0.240986
32 2.24752 0 0 -0.445847 0.213517 0.20705
33 1.11936 0 0 -0.0756673 0.062247 1.2491
34 3.71349 0.102639 0.102191 -1.96058 1.12874 -1.10629
35 1.72615 0 0 0.00391308 0.0152071 1.37543
36 1.21112 0 0 -0.00344494 0.0284359 0.948687
37 3.5992 1.06012 0.0708878 -1.72661 0.34163 -0.401559
38 1.66069 0 0 -0.00540906 0.075929 0.151245
39 1.16699 0 0 0.0205414 0.0324704 0.181138
40 2.18853 -0.50104 0.057659 -1.5814 0.104282 -0.178572
41 1.29609 0 0 0.456161 0.220806 1.34519
42 1.62201 -0.000711441 -0.000470161 0.000354443 0.000501022 1.28898
43 1.22241 0 0 0.0331103 0.0124893 1.03954
44 1.76707 -1.27612 0.0366409 -1.58579 0.25066 -0.218726
45 1.55587 0 0 0.429773 0.0108479 1.43418
46 1.24273 0 0 0.000478953 0.000361021 0.896377
47 0.784532 0 0 -0.0107935 -0.0124093 0.897776
48 0 0 0 0 0 0
49 -3.16527 -17.2166 -5.4398 0 0 0
50 -0.169706 1.99333 0.168103 0 0 0
51 -0.414081 6.45497 -3.56399 -0.485346 0.111883 0.0266475
52 0 -6.39109 2.66389 -0.436332 1.39626 -1.5708
53 0 -3.88574 -0.867035 0 0 -1.5708
54 0 -2.3834 1.62041 0 1.39626 -1.5708
55 0 -9.60567 0.513889 0 0.785398 -1.5708
56 -2.76667 -0.616137 1.06069 1.5708 0 0
57 -2.76737 0.616133 1.06069 1.5708 0 0
58 -2.77837 -16.0401 -1.92747 0.432657 -0.794653 -0.32625
59 -2.91245 -15.706 -3.04116 2.70894 0.794653 2.81534
60 -5.55004 0.704792 -12.5993 -0.235681 -0.0276155 0.0895728
61 -5.79513 0.63007 -13.7712 -0.244768 -0.0221616 0.0939725
time 149
0 6.15926 5.97723 -5.96996 0.000934124 0 -1.48352
1 6.02794 0 0 -1.19442 0.43599 -0.324014
2 11.7344 0 0 -0.00140281 0 -0.829075
3 8.81138 -0.000449181 -0.000112295 -1.74106 0 0.000157501
4 5.77839 0.000286102 0 -1.16651 0 0.000100254
5 2.23164 -0.000329018 -0.000364304 -0.574548 0 0
6 11.4725 0 0 -1.72862 0.15943 0.393734
7 0.615221 -0.993092 -0.810701 2.6709 0.274236 -0.376221
8 2.24752 0 0 0.0841776 0.0610048 0.0962409
9 1.11936 0 0 0.121264 0.180329 -0.102839
10 3.71348 -0.102642 0.102191 1.5887 0.347429 0.319608
11 1.72615 0 0 0.00133141 -0.00548577 -1.57683
12 1.21114 0 0 0.0131308 0.00315676 0.0436281
13 3.5992 -1.06012 0.070888 1.53948 -0.108082 0.382123
14 1.66069 0 0 -0.0540205 0.0515449 -1.0211
15 1.167 0 0 0.000798253 0.00366024 -0.717854
16 2.18853 0.501038 0.0576591 1.5596 0.142621 0.131904
17 1.29609 0 0 -0.122195 0.0818205 -0.723999
18 1.62202 0.000713348 -0.000471115 0.0268948 -0.0262893 -1.20799
19 1.22241 0 0 0.0049085 -0.00250719 -0.0568262
20 1.76707 1.27612 0.0366406 1.50488 0.440484 0.0805539
21 1.55588 0 0 -0.172877 -0.0422708 -0.904794
22 1.24274 0 0 -0.000479042 0.000360946 -0.615266
23 0.784523 0 0 0.0116829 0.00645249 0.212809
24 -5.19429 13.3099 -2.074 -0.000932693 0 -2.00714
25 6.02794 0 0 0.357295 0.827795 -0.106305
26 11.7344 0 0 0.00140272 0 1.55238
27 8.81167 0 0 0.201998 0 0
28 5.77884 0 0 0.135339 0 0
29 2.23249 0 0 0.0666595 0 0
30 11.4725 0 0 0.678752 -0.582476 -0.796173
31 0.615813 0.994371 -0.809165 -2.97612 0.595303 0.240986
32 2.24752 0 0 -0.445847 0.213517 0.207051
33 1.11936 0 0 -0.0756674 0.0622468 1.2491
34 3.71349 0.102638 0.102191 -1.96058 1.12874 -1.10629
35 1.72615 0 0 0.00391314 0.0152071 1.37543
36 1.21112 0 0 -0.00344492 0.0284359 0.948687
37 3.5992 1.06012 0.0708878 -1.72661 0.34163 -0.401559
38 1.66069 0 0 -0.00540903 0.0759289 0.151245
39 1.16699 0 0 0.0205414 0.0324705 0.181138
40 2.18853 -0.50104 0.0576595 -1.5814 0.104282 -0.178572
41 1.29609 0 0 0.456161 0.220806 1.34519
42 1.62201 -0.000712395 -0.000470161 0.000354469 0.00050102 1.28898
43 1.22241 0 0 0.0331103 0.0124894 1.03954
44 1.76707 -1.27612 0.036641 -1.58579 0.25066 -0.218727
45 1.55587 0 0 0.429773 0.0108479 1.43418
46 1.24273 0 0 0.000478849 0.000360951 0.896377
47 0.784532 0 0 -0.0107934 -0.0124091 0.897777
48 0 0 0 0 0 0
49 -3.16527 -17.2166 -5.4398 0 0 0
50 -0.169706 1.99333 0.168103 0 0 0
51 -0.442838 6.40924 -3.58685 -0.490159 0.105767 0.02886
52 0 -6.39109 2.6639 -0.436332 1.39626 -1.5708
53 0 -3.88574 -0.867035 0 0 -1.5708
54 0 -2.3834 1.62041 0 1.39626 -1.5708
55 0 -9.60567 0.51389 0 0.785398 -1.5708
56 -2.76667 -0.616136 1.06069 1.5708 0 0
57 -2.76737 0.616133 1.06069 1.5708 0 0
58 -2.83056 -16.0513 -1.91087 0.429236 -0.802043 -0.321065
59 -2.95858 -15.7227 -3.02691 2.71236 0.802042 2.82053
60 -5.55004 0.704791 -12.5993 -0.235681 -0.0276156 0.0895729
61 -5.79513 0.630071 -13.7712 -0.244768 -0.0221616 0.0939725
time 150
0 6.05219 5.91372 -6.21374 0.000934124 0 -1.48352
1 6.02794 0 0 -1.19727 0.418362 -0.321085
2 11.7344 0 0 -0.00140268 0 -0.827588
3 8.81138 -0.000449181 -0.000112534 -1.74544 0 0.000158115
4 5.77839 0.000287056 0 -1.16944 0 0.00010054
5 2.23163 -0.000329018 -0.000364065 -0.575994 0 0
6 11.4725 0 0 -1.7337 0.158473 0.37832
7 0.615219 -0.99309 -0.8107 2.72336 0.28889 -0.318188
8 2.24752 0 0 0.083408 0.0597637 0.0921362
9 1.11936 0 0 0.122456 0.204701 -0.132564
10 3.71348 -0.102641 0.102192 1.59106 0.373834 0.344892
11 1.72615 0 0 0 -0.00791219 -1.70582
12 1.21114 0 0 0.0148379 0.00366777 0.0614449
13 3.59919 -1.06012 0.0708876 1.53714 -0.137057 0.433762
14 1.66068 0 0 -0.0607524 0.0487353 -1.11842
15 1.167 0 0 0.00325893 -0.000535068 -0.784203
16 2.18853 0.501039 0.0576596 1.55856 0.16523 0.120989
17 1.29609 0 0 -0.136068 0.0967534 -0.783319
18 1.62202 0.000715256 -0.000471115 0.0313621 -0.0249811 -1.33151
19 1.22241 0 0 0.003975 -0.000685879 -0.0478736
20 1.76707 1.27612 0.0366411 1.49753 0.495024 0.0595551
21 1.55588 0 0 -0.191076 -0.0505247 -0.984774
22 1.24274 0 0 -0.000478992 0.000361087 -0.663473
23 0.784523 0 0 0.0113799 0.00651393 0.248465
24 -5.19429 13.3099 -2.074 -0.000932693 0 -2.00714
25 6.02794 0 0 0.358822 0.828002 -0.1064
26 11.7344 0 0 0.00140277 0 1.54821
27 8.81167 0 0 0.216887 0 0
28 5.77884 0 0 0.145314 0 0
29 2.23249 0 0 0.0715729 0 0
30 11.4725 0 0 0.682677 -0.58188 -0.787708
31 0.615812 0.994371 -0.809165 -2.97612 0.595303 0.240986
32 2.24752 0 0 -0.445847 0.213517 0.207051
33 1.11936 0 0 -0.0756674 0.062247 1.2491
34 3.71349 0.102639 0.102191 -1.96058 1.12874 -1.10629
35 1.72615 0 0 0.00391319 0.0152071 1.37543
36 1.21112 0 0 -0.00344494 0.028436 0.948688
37 3.5992 1.06012 0.0708879 -1.72661 0.34163 -0.401559
38 1.66069 0 0 -0.00540907 0.0759289 0.151245
39 1.16699 0 0 0.0205414 0.0324705 0.181138
40 2.18853 -0.50104 0.0576589 -1.5814 0.104282 -0.178572
41 1.29609 0 0 0.456161 0.220806 1.34519
42 1.62201 -0.000713348 -0.000470161 0.000354499 0.000500961 1.28898
43 1.22241 0 0 0.0331103 0.0124894 1.03954
44 1.76707 -1.27612 0.0366408 -1.58579 0.25066 -0.218727
45 1.55587 0 0 0.429773 0.0108479 1.43418
46 1.24273 0 0 0.000478948 0.000361027 0.896377
47 0.784532 0 0 -0.0107935 -0.0124092 0.897777
48 0 0 0 0 0 0
49 -3.16527 -17.2166 -5.4398 0 0 0
50 -0.169706 1.99333 0.168103 0 0 0
51 -0.464483 6.3744 -3.60452 -0.493863 0.0991928 0.0305258
52 0 -6.39109 2.66389 -0.436333 1.39626 -1.5708
53 0 -3.88574 -0.867035 0 0 -1.5708
54 0 -2.3834 1.62041 0 1.39626 -1.5708
55 0 -9.60567 0.513889 0 0.785398 -1.5708
56 -2.76667 -0.616137 1.06069 1.5708 0 0
57 -2.76737 0.616133 1.06069 1.5708 0 0
58 -2.88395 -16.0599 -1.89712 0.427485 -0.80948 -0.317757
59 -3.00518 -15.7355 -3.01513 2.71411 0.80948 2.82384
60 -5.55004 0.704792 -12.5993 -0.235681 -0.0276156 0.089573
61 -5.79513 0.630071 -13.7712 -0.244768 -0.0221616 0.0939724
time 151
0 5.93379 5.92116 -6.56184 0.000934124 0 -1.48352
1 6.02794 0 0 -1.1959 0.403002 -0.314646
2 11.7344 0 0 -0.0014029 0 -0.83353
3 8.81138 -0.000449181 -0.000112057 -1.74267 0 0.000157427
4 5.77839 0.000285149 0 -1.16759 0 0.000100022
5 2.23163 -0.000329018 -0.000363827 -0.57508 0 0
6 11.4725 0 0 -1.72993 0.168064 0.398102
7 0.615219 -0.99309 -0.8107 2.72336 0.28889 -0.318188
8 2.24752 0 0 0.083408 0.0597636 0.0921365
9 1.11936 0 0 0.122456 0.204701 -0.132564
10 3.71348 -0.10264 0.102191 1.59106 0.373834 0.344891
11 1.72615 0 0 0 -0.0079121 -1.70582
12 1.21114 0 0 0.0148378 0.0036679 0.0614448
13 3.59919 -1.06012 0.070888 1.53714 -0.137057 0.433762
14 1.66069 0 0 -0.0607524 0.0487354 -1.11842
15 1.167 0 0 0.00325897 -0.00053499 -0.784203
16 2.18853 0.501039 0.0576591 1.55856 0.16523 0.120989
17 1.29609 0 0 -0.136068 0.0967533 -0.783319
18 1.62202 0.000713348 -0.000470161 0.031362 -0.024981 -1.33151
19 1.22241 0 0 0.00397477 -0.000685944 -0.0478736
20 1.76707 1.27612 0.0366411 1.49753 0.495024 0.0595551
21 1.55587 0 0 -0.191076 -0.0505248 -0.984774
22 1.24274 0 0 -0.000478964 0.000361097 -0.663473
23 0.784523 0 0 0.01138 0.00651397 0.248465
24 -5.19429 13.9601 -1.96903 -0.000932693 0 -2.00714
25 6.02795 0 0 0.418005 0.814963 -0.0528292
26 11.7344 0 0 0.00140279 0 1.46632
27 8.81167 0 0 0.265137 0 0
28 5.77884 0 0 0.177642 0 0
29 2.23249 0 0 0.0874952 0 0
30 11.4725 0 0 0.670361 -0.569449 -0.732751
31 0.615812 0.994372 -0.809165 -2.97612 0.595303 0.240986
32 2.24752 0 0 -0.445847 0.213517 0.207051
33 1.11936 0 0 -0.0756674 0.0622469 1.2491
34 3.71349 0.102639 0.102191 -1.96058 1.12874 -1.10629
35 1.72615 0 0 0.00391305 0.0152071 1.37543
36 1.21112 0 0 -0.00344492 0.0284358 0.948687
37 3.5992 1.06012 0.0708879 -1.72661 0.34163 -0.401559
38 1.66069 0 0 -0.00540908 0.0759289 0.151245
39 1.16699 0 0 0.0205414 0.0324705 0.181138
40 2.18853 -0.50104 0.0576593 -1.5814 0.104282 -0.178572
41 1.29609 0 0 0.456161 0.220806 1.34519
42 1.62201 -0.000713348 -0.000470161 0.000354496 0.000500982 1.28898
43 1.22241 0 0 0.0331103 0.0124894 1.03954
44 1.76707 -1.27612 0.036641 -1.58579 0.25066 -0.218726
45 1.55588 0 0 0.429773 0.010848 1.43418
46 1.24273 0 0 0.000479003 0.000360971 0.896377
47 0.784532 0 0 -0.0107935 -0.0124092 0.897777
48 0 0 0 0 0 0
49 -3.16527 -17.2166 -5.4398 0 0 0
50 -0.169706 1.99333 0.168103 0 0 0
51 -0.478123 6.3522 -3.61591 -0.496242 0.0921595 0.0315759
52 0 -6.39109 2.66389 -0.436332 1.39626 -1.5708
53 0 -3.88574 -0.867035 0 0 -1.5708
54 0 -2.3834 1.62041 0 1.39626 -1.5708
55 0 -9.60567 0.513889 0 0.785398 -1.5708
56 -2.76667 -0.616137 1.06069 1.5708 0 0
57 -2.76737 0.616133 1.06069 1.5708 0 0
58 -2.93805 -16.066 -1.88667 0.427738 -0.8169 -0.316664
59 -3.05173 -15.744 -3.00621 2.71385 0.816899 2.82493
60 -5.55004 0.70479 -12.5993 -0.235681 -0.0276156 0.0895729
61 -5.79513 0.63007 -13.7712 -0.244768 -0.0221616 0.0939725
time 152
0 5.79132 5.94136 -7.07077 0.000934124 0 -1.48352
1 6.02794 0 0 -1.19304 0.379815 -0.306622
2 11.7344 0 0 -0.00140293 0 -0.838814
3 8.81138 -0.000448227 -0.000112057 -1.74336 0 0.000157249
4 5.77839 0.000287056 0 -1.16805 0 0.000100152
5 2.23163 -0.000328064 -0.000364065 -0.575309 0 0
6 11.4725 0 0 -1.72889 0.182539 0.424629
7 0.615219 -0.993092 -0.8107 2.72336 0.28889 -0.318188
8 2.24752 0 0 0.083408 0.0597637 0.0921364
9 1.11936 0 0 0.122456 0.204701 -0.132564
10 3.71348 -0.102641 0.102191 1.59106 0.373834 0.344891
11 1.72615 0 0 0 -0.00791231 -1.70582
12 1.21114 0 0 0.0148378 0.00366772 0.0614447
13 3.59919 -1.06012 0.0708885 1.53714 -0.137057 0.433762
14 1.66069 0 0 -0.0607525 0.0487354 -1.11842
15 1.167 0 0 0.00325899 -0.000535046 -0.784203
16 2.18853 0.501039 0.0576591 1.55856 0.16523 0.120989
17 1.29609 0 0 -0.136068 0.0967532 -0.783319
18 1.62202 0.000713348 -0.000471115 0.0313619 -0.0249812 -1.33151
19 1.22241 0 0 0.00397505 -0.000685878 -0.0478735
20 1.76707 1.27612 0.0366416 1.49753 0.495024 0.0595551
21 1.55588 0 0 -0.191076 -0.0505247 -0.984774
22 1.24274 0 0 -0.000478888 0.00036106 -0.663473
23 0.784523 0 0 0.0113799 0.00651393 0.248465
24 -5.19429 15.5105 -1.71871 -0.000932693 0 -2.00714
25 6.02794 0 0 0.550406 0.76799 0.0761964
26 11.7344 0 0 0.0014027 0 1.25868
27 8.81167 0 0 0.354444 0 0
28 5.77884 0 0 0.237478 0 0
29 2.23249 0 0 0.116967 0 0
30 11.4725 0 0 0.640831 -0.543357 -0.608075
31 0.615813 0.994372 -0.809165 -2.97612 0.595303 0.240986
32 2.24752 0 0 -0.445847 0.213517 0.20705
33 1.11936 0 0 -0.0756674 0.0622469 1.2491
34 3.71349 0.102639 0.102191 -1.96058 1.12874 -1.10629
35 1.72615 0 0 0.00391322 0.015207 1.37543
36 1.21112 0 0 -0.00344499 0.028436 0.948687
37 3.5992 1.06012 0.0708877 -1.72661 0.341629 -0.401559
38 1.66069 0 0 -0.0054091 0.0759289 0.151245
39 1.16699 0 0 0.0205414 0.0324706 0.181138
40 2.18853 -0.50104 0.0576587 -1.5814 0.104282 -0.178572
41 1.29609 0 0 0.456161 0.220806 1.34519
42 1.62201 -0.000714302 -0.000469685 0.000354505 0.000500994 1.28898
43 1.22241 0 0 0.0331103 0.0124894 1.03954
44 1.76707 -1.27612 0.0366405 -1.58579 0.25066 -0.218726
45 1.55588 0 0 0.429773 0.0108479 1.43418
46 1.24273 0 0 0.000478932 0.00036096 0.896377
47 0.784532 0 0 -0.0107935 -0.0124091 0.897777
48 0 0 0 0 0 0
49 -3.16527 -17.2166 -5.4398 0 0 0
50 -0.169706 1.99333 0.168103 0 0 0
51 -0.482868 6.34441 -3.61994 -0.497083 0.0846647 0.0319412
52 0 -6.39109 2.66389 -0.436331 1.39626 -1.57079
53 0 -3.88574 -0.867035 0 0 -1.5708
54 0 -2.3834 1.62041 0 1.39626 -1.5708
55 0 -9.60567 0.513889 0 0.785398 -1.5708
56 -2.76667 -0.616137 1.06069 1.5708 0 0
57 -2.76737 0.616132 1.06069 1.5708 0 0
58 -2.9923 -16.0692 -1.88 0.430344 -0.824229 -0.318131
59 -3.09771 -15.748 -3.00056 2.71125 0.824228 2.82346
60 -5.55004 0.70479 -12.5993 -0.235681 -0.0276156 0.0895729
61 -5.79513 0.63007 -13.7712 -0.244768 -0.0221616 0.0939725
time 153
0 5.63339 5.97113 -7.69402 0.000934124 0 -1.48352
1 6.02794 0 0 -1.19564 0.321961 -0.306045
2 11.7344 0 0 -0.00140279 0 -0.783473
3 8.81138 -0.000451088 -0.000112057 -1.71507 0 0.000157948
4 5.77839 0.000286102 0 -1.14909 0 0.000100479
5 2.23164 -0.000329971 -0.000363827 -0.565972 0 0
6 11.4725 0 0 -1.70456 0.19455 0.405559
7 0.615221 -0.993091 -0.8107 2.72336 0.28889 -0.318188
8 2.24752 0 0 0.083408 0.0597636 0.0921364
9 1.11936 0 0 0.122456 0.204701 -0.132564
10 3.71348 -0.10264 0.102191 1.59106 0.373834 0.344892
11 1.72615 0 0 0 -0.00791239 -1.70582
12 1.21114 0 0 0.0148377 0.00366778 0.0614448
13 3.59919 -1.06012 0.0708876 1.53714 -0.137057 0.433762
14 1.66069 0 0 -0.0607523 0.0487353 -1.11842
15 1.167 0 0 0.00325891 -0.000535013 -0.784203
16 2.18853 0.501039 0.0576591 1.55856 0.16523 0.120989
17 1.29609 0 0 -0.136068 0.0967532 -0.783319
18 1.62202 0.000715256 -0.000472069 0.0313619 -0.0249811 -1.33151
19 1.22241 0 0 0.00397488 -0.000685941 -0.0478736
20 1.76707 1.27612 0.0366402 1.49753 0.495024 0.0595551
21 1.55587 0 0 -0.191076 -0.0505246 -0.984774
22 1.24274 0 0 -0.000478973 0.000361031 -0.663473
23 0.784523 0 0 0.0113799 0.00651399 0.248465
24 -5.19429 17.3609 -1.41993 -0.000932693 0 -2.00714
25 6.02794 0 0 0.703426 0.681059 0.222974
26 11.7344 0 0 0.0014027 0 0.991881
27 8.81167 0 0 0.439545 0 0
28 5.77884 0 0 0.294495 0 0
29 2.23249 0 0 0.14505 0 0
30 11.4725 0 0 0.613501 -0.467853 -0.475336
31 0.615812 0.994373 -0.809165 -2.97612 0.595303 0.240986
32 2.24752 0 0 -0.445206 0.20597 0.210685
33 1.11936 0 0 -0.0757885 0.075004 1.24812
34 3.71348 0.102639 0.102191 -1.94212 1.13416 -1.04919
35 1.72615 0 0 0.003687 0.0152486 1.36077
36 1.21112 0 0 -0.00387274 0.0284145 0.934023
37 3.5992 1.06012 0.0708878 -1.71633 0.329763 -0.36646
38 1.66069 0 0 -0.00417021 0.076102 0.167404
39 1.16699 0 0 0.0226962 0.0309734 0.245046
40 2.18853 -0.50104 0.0576589 -1.57986 0.104192 -0.171744
41 1.29609 0 0 0.439779 0.213752 1.34421
42 1.62202 -0.000712395 -0.000470161 0.000354539 0.000500977 1.27205
43 1.22241 0 0 0.0329424 0.0130803 1.02262
44 1.76707 -1.27612 0.0366406 -1.58284 0.25052 -0.205583
45 1.55587 0 0 0.429379 0.0159373 1.42302
46 1.24273 0 0 0.00047892 0.000360943 0.884123
47 0.784532 0 0 -0.0106619 -0.0125711 0.885523
48 0 0 0 0 0 0
49 -3.16527 -17.2166 -5.4398 0 0 0
50 -0.169706 1.99333 0.168103 0 0 0
51 -0.454899 6.40139 -3.28948 -0.448792 0.0663395 0.0310289
52 0 -6.39109 2.66389 -0.390953 1.39626 -1.57079
53 0 -3.88574 -0.867036 0 0 -1.5708
54 0 -2.38341 1.62041 0 1.39626 -1.5708
55 0 -9.60567 0.513888 0 0.703716 -1.5708
56 -2.71566 -0.616137 1.06069 1.5708 0 0
57 -2.71639 0.616132 1.06069 1.5708 0 0
58 -3.1231 -16.1848 -1.97447 0.392314 -0.852476 -0.288243
59 -3.20718 -15.9005 -3.10676 2.74928 0.852476 2.85335
60 -5.55004 0.70479 -12.5993 -0.235681 -0.0276156 0.0895729
61 -5.79513 0.630069 -13.7712 -0.244768 -0.0221616 0.0939725
time 154
0 5.46861 6.00727 -8.38508 0.000934124 0 -1.48352
1 6.02794 0 0 -1.20223 0.224913 -0.315146
2 11.7344 0 0 -0.0014028 0 -0.648851
3 8.81138 -0.000450134 -0.00011301 -1.65254 0 0.000157999
4 5.77839 0.000286102 0 -1.1072 0 0.000100661
5 2.23163 -0.000329971 -0.000363827 -0.54534 0 0
6 11.4725 0 0 -1.64967 0.201724 0.317832
7 0.615221 -0.993091 -0.8107 2.72336 0.28889 -0.318188
8 2.24752 0 0 0.083408 0.0597637 0.0921365
9 1.11936 0 0 0.122456 0.204701 -0.132564
10 3.71348 -0.102639 0.102191 1.59106 0.373834 0.344891
11 1.72615 0 0 0 -0.00791235 -1.70582
12 1.21114 0 0 0.0148376 0.0036679 0.0614448
13 3.59919 -1.06012 0.0708885 1.53714 -0.137057 0.433762
14 1.66069 0 0 -0.0607525 0.0487353 -1.11842
15 1.167 0 0 0.00325902 -0.000534968 -0.784203
16 2.18853 0.501039 0.0576591 1.55856 0.16523 0.120989
17 1.29609 0 0 -0.136068 0.0967533 -0.783319
18 1.62202 0.000713348 -0.000471115 0.031362 -0.0249811 -1.33151
19 1.22241 0 0 0.00397507 -0.000685997 -0.0478734
20 1.76707 1.27612 0.0366421 1.49753 0.495024 0.0595551
21 1.55588 0 0 -0.191076 -0.0505248 -0.984774
22 1.24274 0 0 -0.000478908 0.000361116 -0.663473
23 0.784524 0 0 0.0113799 0.00651387 0.248465
24 -5.19429 18.9113 -1.16961 -0.000932693 0 -2.00714
25 6.02794 0 0 0.824251 0.580253 0.327362
26 11.7344 0 0 0.00140265 0 0.76548
27 8.81167 0 0 0.493245 0 0
28 5.77884 0 0 0.330474 0 0
29 2.23249 0 0 0.162771 0 0
30 11.4725 0 0 0.603982 -0.33362 -0.400142
31 0.615812 0.994372 -0.809165 -2.97612 0.595303 0.240986
32 2.24752 0 0 -0.443677 0.187973 0.219351
33 1.11936 0 0 -0.0760776 0.105424 1.24578
34 3.71349 0.102639 0.102191 -1.8981 1.14709 -0.913025
35 1.72615 0 0 0.00314721 0.0153475 1.32581
36 1.21112 0 0 -0.00489211 0.0283632 0.899055
37 3.5992 1.06012 0.0708876 -1.6918 0.301468 -0.282763
38 1.66069 0 0 -0.00121573 0.0765147 0.205937
39 1.16699 0 0 0.027835 0.0274032 0.397439
40 2.18853 -0.50104 0.0576589 -1.57618 0.103976 -0.155464
41 1.29609 0 0 0.400716 0.196931 1.34189
42 1.62201 -0.000713348 -0.000470161 0.000354475 0.000500934 1.23168
43 1.22241 0 0 0.0325429 0.0144892 0.982269
44 1.76707 -1.27612 0.0366409 -1.57581 0.250185 -0.174242
45 1.55587 0 0 0.428439 0.0280735 1.39642
46 1.24273 0 0 0.000478864 0.000360982 0.854904
47 0.784532 0 0 -0.0103485 -0.0129571 0.856303
48 0 0 0 0 0 0
49 -3.16527 -17.2166 -5.4398 0 0 0
50 -0.169706 1.99333 0.168103 0 0 0
51 -0.385393 6.5466 -2.49076 -0.332585 0.0338146 0.0288534
52 0 -6.39109 2.66389 -0.282742 1.39626 -1.5708
53 0 -3.88574 -0.867034 0 0 -1.5708
54 0 -2.3834 1.62041 0 1.39626 -1.5708
55 0 -9.60566 0.513888 0 0.508938 -1.5708
56 -2.60342 -0.616137 1.06069 1.5708 0 0
57 -2.60423 0.616133 1.06069 1.5708 0 0
58 -3.31155 -16.3767 -2.26179 0.287927 -0.905274 -0.206044
59 -3.35622 -16.1812 -3.41492 2.85367 0.905273 2.93555
60 -5.55004 0.70479 -12.5993 -0.235681 -0.0276156 0.0895729
61 -5.79513 0.630069 -13.7712 -0.244768 -0.0221616 0.0939725
time 155
0 5.30558 6.04661 -9.09743 0.000934124 0 -1.48352
1 6.02794 0 0 -1.20441 0.126827 -0.323652
2 11.7344 0 0 -0.00140272 0 -0.508186
3 8.81138 -0.000450134 -0.000112772 -1.58989 0 0.000157872
4 5.77839 0.000287056 0 -1.06522 0 0.000100675
5 2.23163 -0.000329018 -0.000364065 -0.524663 0 0
6 11.4725 0 0 -1.58987 0.210808 0.213554
7 0.615219 -0.993092 -0.810699 2.72336 0.28889 -0.318188
8 2.24752 0 0 0.0834079 0.0597637 0.0921363
9 1.11936 0 0 0.122456 0.204701 -0.132564
10 3.71348 -0.10264 0.102191 1.59106 0.373834 0.344891
11 1.72615 0 0 0 -0.00791251 -1.70582
12 1.21113 0 0 0.0148378 0.00366784 0.0614446
13 3.59919 -1.06012 0.0708885 1.53714 -0.137057 0.433762
14 1.66069 0 0 -0.0607523 0.0487355 -1.11842
15 1.167 0 0 0.0032589 -0.000535146 -0.784203
16 2.18853 0.50104 0.0576591 1.55856 0.16523 0.120989
17 1.29609 0 0 -0.136068 0.0967532 -0.783319
18 1.62202 0.000711441 -0.000473022 0.031362 -0.024981 -1.33151
19 1.22241 0 0 0.003975 -0.000686058 -0.0478735
20 1.76707 1.27612 0.0366421 1.49753 0.495024 0.0595551
21 1.55588 0 0 -0.191076 -0.0505248 -0.984774
22 1.24274 0 0 -0.000479001 0.000361021 -0.663473
23 0.784523 0 0 0.01138 0.00651385 0.248465
24 -5.19429 19.5615 -1.06464 -0.000932693 0 -2.00714
25 6.02794 0 0 0.87627 0.544642 0.34084
26 11.7344 0 0 0.00140268 0 0.744773
27 8.81167 0 0 0.51458 0 0
28 5.77884 0 0 0.344768 0 0
29 2.23249 0 0 0.169811 0 0
30 11.4725 0 0 0.61516 -0.186322 -0.45021
31 0.615812 0.994372 -0.809165 -2.97612 0.595303 0.240986
32 2.24752 0 0 -0.441852 0.166494 0.229695
33 1.11936 0 0 -0.0764225 0.141732 1.24299
34 3.71348 0.102639 0.10219 -1.84556 1.16252 -0.750509
35 1.72615 0 0 0.00250353 0.0154657 1.28409
36 1.21112 0 0 -0.00610901 0.0283023 0.85732
37 3.5992 1.06012 0.0708876 -1.66252 0.267695 -0.182865
38 1.66069 0 0 0.00231092 0.0770072 0.251927
39 1.16699 0 0 0.0339686 0.0231422 0.579327
40 2.18853 -0.50104 0.0576587 -1.57179 0.103719 -0.136031
41 1.29609 0 0 0.354091 0.176854 1.33913
42 1.62201 -0.000713348 -0.000469685 0.000354386 0.000501028 1.1835
43 1.22241 0 0 0.032066 0.0161708 0.934111
44 1.76707 -1.27612 0.0366411 -1.56742 0.249786 -0.136834
45 1.55587 0 0 0.427316 0.0425586 1.36467
46 1.24273 0 0 0.000479003 0.00036098 0.820028
47 0.784531 0 0 -0.00997481 -0.0134178 0.821428
48 0 0 0 0 0 0
49 -3.16527 -17.2166 -5.4398 0 0 0
50 -0.169706 1.99333 0.168103 0 0 0
51 -0.295952 6.7415 -1.51274 -0.191462 -0.00241337 0.0262569
52 0 -6.39109 2.66389 -0.15359 1.39626 -1.5708
53 0 -3.88574 -0.867035 0 0 -1.5708
54 0 -2.3834 1.62041 0 1.39626 -1.5708
55 0 -9.60567 0.51389 0 0.276461 -1.5708
56 -2.49118 -0.616136 1.06069 1.5708 0 0
57 -2.49207 0.616133 1.06069 1.5708 0 0
58 -3.42717 -16.5991 -2.70104 0.147975 -0.95719 -0.0948116
59 -3.42685 -16.5041 -3.86759 2.99362 0.957189 3.04678
60 -5.55004 0.70479 -12.5993 -0.235681 -0.0276156 0.0895729
61 -5.79513 0.63007 -13.7712 -0.244768 -0.0221616 0.0939724
time 156
0 5.15289 6.08595 -9.78457 0.000934124 0 -1.48352
1 6.02794 0 0 -1.20112 0.0623659 -0.322112
2 11.7344 0 0 -0.00140276 0 -0.434537
3 8.81138 -0.000450134 -0.000112057 -1.54751 0 0.000157948
4 5.77839 0.000287056 0 -1.03683 0 0.000100689
5 2.23163 -0.000329018 -0.000364065 -0.510679 0 0
6 11.4725 0 0 -1.54717 0.224722 0.151556
7 0.615219 -0.993092 -0.810701 2.72336 0.28889 -0.318188
8 2.24752 0 0 0.083408 0.0597637 0.0921363
9 1.11936 0 0 0.122456 0.204701 -0.132564
10 3.71348 -0.102642 0.10219 1.59106 0.373834 0.344891
11 1.72615 0 0 0 -0.00791235 -1.70582
12 1.21114 0 0 0.0148377 0.0036679 0.0614448
13 3.5992 -1.06012 0.0708866 1.53714 -0.137057 0.433762
14 1.66069 0 0 -0.0607526 0.0487354 -1.11842
15 1.167 0 0 0.00325902 -0.000534968 -0.784203
16 2.18853 0.501039 0.0576582 1.55856 0.16523 0.120989
17 1.29609 0 0 -0.136068 0.0967533 -0.783319
18 1.62202 0.000713348 -0.000472069 0.031362 -0.0249811 -1.33151
19 1.22241 0 0 0.00397496 -0.00068588 -0.0478736
20 1.76707 1.27612 0.0366402 1.49753 0.495024 0.0595551
21 1.55588 0 0 -0.191076 -0.0505246 -0.984774
22 1.24274 0 0 -0.000478897 0.000360994 -0.663473
23 0.784525 0 0 0.0113798 0.00651412 0.248465
24 -5.19429 19.5615 -1.06464 -0.000932693 0 -2.00714
25 6.02794 0 0 0.888407 0.56506 0.305488
26 11.7344 0 0 0.00140255 0 0.865642
27 8.81167 0 0 0.52787 0 0
28 5.77884 0 0 0.353673 0 0
29 2.23249 0 0 0.174197 0 0
30 11.4725 0 0 0.632332 -0.0629877 -0.572183
31 0.615812 0.994372 -0.809165 -2.97612 0.595303 0.240986
32 2.24752 0 0 -0.440323 0.148497 0.238361
33 1.11936 0 0 -0.0767116 0.172152 1.24065
34 3.71349 0.102639 0.102191 -1.80155 1.17545 -0.614347
35 1.72615 0 0 0.00196382 0.0155645 1.24913
36 1.21112 0 0 -0.00712849 0.0282511 0.822352
37 3.5992 1.06012 0.070888 -1.63799 0.239399 -0.0991682
38 1.66069 0 0 0.00526537 0.07742 0.290459
39 1.16699 0 0 0.0391075 0.019572 0.731721
40 2.18853 -0.50104 0.0576591 -1.56812 0.103503 -0.11975
41 1.29609 0 0 0.315027 0.160033 1.33681
42 1.62202 -0.000713348 -0.000470161 0.000354603 0.000500919 1.14313
43 1.22241 0 0 0.0316664 0.0175798 0.893762
44 1.76707 -1.27612 0.0366416 -1.56039 0.249451 -0.105493
45 1.55588 0 0 0.426376 0.0546948 1.33807
46 1.24273 0 0 0.000478904 0.000361019 0.790808
47 0.784533 0 0 -0.00966152 -0.0138037 0.792209
48 0 0 0 0 0 0
49 -3.16527 -17.2166 -5.4398 0 0 0
50 -0.169706 1.99333 0.168103 0 0 0
51 -0.208178 6.94751 -0.644367 -0.0684192 -0.0318478 0.0240814
52 0 -6.39109 2.66389 -0.0453786 1.39626 -1.5708
53 0 -3.88574 -0.867035 0 0 -1.5708
54 0 -2.3834 1.62041 0 1.39626 -1.5708
55 0 -9.60567 0.513889 0 0.0816822 -1.5708
56 -2.44017 -0.616137 1.06069 1.5708 0 0
57 -2.44109 0.616133 1.06069 1.5708 0 0
58 -3.43115 -16.6464 -3.09059 0.0242224 -0.991647 0.00423001
59 -3.39426 -16.6299 -4.2603 3.11737 0.991646 -3.13736
60 -5.55004 0.70479 -12.5993 -0.235681 -0.0276156 0.0895729
61 -5.79513 0.63007 -13.7712 -0.244768 -0.0221616 0.0939725
time 157
0 5.01917 6.12209 -10.4 0.000934124 0 -1.48352
1 6.02794 0 0 -1.19454 0.0395771 -0.310095
2 11.7344 0 0 -0.00140291 0 -0.44352
3 8.81138 -0.000450134 -0.000112057 -1.54114 0 0.00015715
4 5.77839 0.000286102 0 -1.03257 0 0.000100258
5 2.23163 -0.000329971 -0.000363827 -0.508577 0 0
6 11.4725 0 0 -1.54064 0.2415 0.163689
7 0.615217 -0.993091 -0.810701 2.72336 0.28889 -0.318188
8 2.24752 0 0 0.083408 0.0597637 0.0921363
9 1.11936 0 0 0.122456 0.204701 -0.132564
10 3.71348 -0.102642 0.10219 1.59106 0.373834 0.344892
11 1.72615 0 0 0 -0.00791244 -1.70582
12 1.21114 0 0 0.0148378 0.00366784 0.0614447
13 3.59919 -1.06012 0.0708876 1.53714 -0.137057 0.433762
14 1.66069 0 0 -0.0607523 0.0487355 -1.11842
15 1.167 0 0 0.00325897 -0.000534991 -0.784203
16 2.18852 0.501039 0.0576591 1.55856 0.16523 0.120989
17 1.29609 0 0 -0.136068 0.0967533 -0.783319
18 1.62202 0.000715256 -0.000473022 0.0313619 -0.024981 -1.33151
19 1.22241 0 0 0.00397506 -0.000686056 -0.0478736
20 1.76707 1.27612 0.0366411 1.49753 0.495024 0.0595552
21 1.55588 0 0 -0.191076 -0.0505247 -0.984774
22 1.24274 0 0 -0.00047901 0.000360955 -0.663473
23 0.784523 0 0 0.0113801 0.00651403 0.248465
24 -5.19429 19.5615 -1.06464 -0.000932693 0 -2.00714
25 6.02794 0 0 0.894323 0.575115 0.288941
26 11.7344 0 0 0.00140274 0 0.933088
27 8.81167 0 0 0.53312 0 0
28 5.77884 0 0 0.35719 0 0
29 2.23249 0 0 0.17593 0 0
30 11.4725 0 0 0.638431 -0.00372372 -0.646477
31 0.615812 0.994372 -0.809165 -2.97612 0.595303 0.240986
32 2.24752 0 0 -0.439682 0.14095 0.241995
33 1.11936 0 0 -0.0768327 0.184909 1.23966
34 3.71349 0.102639 0.102191 -1.78309 1.18087 -0.557246
35 1.72615 0 0 0.00173773 0.015606 1.23447
36 1.21112 0 0 -0.00755618 0.0282297 0.807688
37 3.5992 1.06012 0.070888 -1.6277 0.227533 -0.0640692
38 1.66069 0 0 0.00650427 0.0775931 0.306618
39 1.16699 0 0 0.0412623 0.0180749 0.795628
40 2.18853 -0.50104 0.0576587 -1.56657 0.103413 -0.112923
41 1.29609 0 0 0.298645 0.152979 1.33583
42 1.62201 -0.000713348 -0.000470638 0.000354482 0.000501083 1.1262
43 1.22241 0 0 0.0314986 0.0181707 0.876842
44 1.76707 -1.27612 0.0366416 -1.55745 0.249311 -0.0923494
45 1.55587 0 0 0.425981 0.059784 1.32692
46 1.24273 0 0 0.000478907 0.000361052 0.778555
47 0.784532 0 0 -0.00952992 -0.0139657 0.779955
48 0 0 0 0 0 0
49 -3.16527 -17.2166 -5.4398 0 0 0
50 -0.169706 1.99333 0.168103 0 0 0
51 -0.143674 7.12607 -0.174616 -0.0064559 -0.043992 0.0231692
52 0 -6.39109 2.66389 0 1.39626 -1.5708
53 0 -3.88574 -0.867035 0 0 -1.5708
54 0 -2.3834 1.62041 0 1.39626 -1.5708
55 0 -9.60566 0.513889 0 0 -1.5708
56 -2.44016 -0.616137 1.06069 1.5708 0 0
57 -2.44108 0.616133 1.06069 1.5708 0 0
58 -3.38095 -16.4897 -3.23857 -0.0120099 -1.00389 0.0330163
59 -3.32931 -16.496 -4.40782 -3.12958 1.00389 -3.10858
60 -5.55004 0.70479 -12.5993 -0.235681 -0.0276156 0.0895729
61 -5.79513 0.63007 -13.7712 -0.244768 -0.0221616 0.0939725
time 158
0 4.91299 6.15186 -10.8971 0.000934124 0 -1.48352
1 6.02794 0 0 -1.18774 0.0334571 -0.296964
2 11.7344 0 0 -0.00140298 0 -0.480725
3 8.81138 -0.000451088 -0.000112295 -1.55966 0 0.000157522
4 5.77839 0.000286102 0 -1.04497 0 0.000100509
5 2.23164 -0.000329971 -0.000363588 -0.514686 0 0
6 11.4725 0 0 -1.55953 0.254331 0.20609
7 0.615219 -0.993091 -0.810701 2.72336 0.28889 -0.318188
8 2.24752 0 0 0.0834079 0.0597637 0.0921362
9 1.11936 0 0 0.122456 0.204701 -0.132564
10 3.71348 -0.10264 0.102192 1.59106 0.373834 0.344891
11 1.72615 0 0 0 -0.00791235 -1.70582
12 1.21114 0 0 0.0148376 0.00366778 0.0614446
13 3.59919 -1.06012 0.0708885 1.53714 -0.137057 0.433762
14 1.66069 0 0 -0.0607524 0.0487354 -1.11842
15 1.167 0 0 0.00325898 -0.000534858 -0.784203
16 2.18852 0.50104 0.0576591 1.55856 0.16523 0.120989
17 1.29609 0 0 -0.136068 0.0967534 -0.783318
18 1.62202 0.000715256 -0.000470161 0.031362 -0.0249811 -1.33151
19 1.22241 0 0 0.00397504 -0.000685878 -0.0478735
20 1.76707 1.27612 0.0366411 1.49753 0.495024 0.059555
21 1.55588 0 0 -0.191076 -0.0505248 -0.984774
22 1.24274 0 0 -0.000478992 0.000361087 -0.663473
23 0.784523 0 0 0.0113799 0.00651405 0.248465
24 -5.19429 19.5615 -1.06464 -0.000932693 0 -2.00714
25 6.02794 0 0 0.891754 0.582138 0.281527
26 11.7344 0 0 0.00140272 0 0.967127
27 8.81167 0 0 0.518504 0 0
28 5.77884 0 0 0.347398 0 0
29 2.23249 0 0 0.171106 0 0
30 11.4725 0 0 0.632058 0.00251881 -0.68087
31 0.615813 0.994372 -0.809166 -2.97612 0.595303 0.240986
32 2.24752 0 0 -0.439682 0.14095 0.241995
33 1.11936 0 0 -0.0768327 0.184909 1.23966
34 3.71349 0.102639 0.102191 -1.78309 1.18087 -0.557246
35 1.72615 0 0 0.00173782 0.015606 1.23447
36 1.21112 0 0 -0.0075563 0.0282298 0.807688
37 3.5992 1.06012 0.0708876 -1.6277 0.227533 -0.064069
38 1.66069 0 0 0.00650425 0.077593 0.306618
39 1.16699 0 0 0.0412624 0.0180749 0.795629
40 2.18853 -0.50104 0.0576582 -1.56657 0.103413 -0.112922
41 1.29609 0 0 0.298645 0.152979 1.33583
42 1.62202 -0.000713348 -0.000469685 0.000354377 0.000501154 1.1262
43 1.22241 0 0 0.0314986 0.0181706 0.876842
44 1.76707 -1.27612 0.0366406 -1.55745 0.249311 -0.0923493
45 1.55588 0 0 0.425981 0.0597841 1.32692
46 1.24273 0 0 0.000479012 0.000360983 0.778555
47 0.784532 0 0 -0.00952982 -0.0139654 0.779955
48 0 0 0 0 0 0
49 -3.16527 -17.2166 -5.4398 0 0 0
50 -0.169706 1.99333 0.168103 0 0 0
51 -0.101828 7.28767 -0.0319972 0.00457048 -0.0387238 0.0235955
52 0 -6.39109 2.66389 0 1.39626 -1.5708
53 0 -3.88574 -0.867035 0 0 -1.5708
54 0 -2.3834 1.62041 0 1.39626 -1.5708
55 0 -9.60567 0.513889 0 0 -1.5708
56 -2.44017 -0.616136 1.06069 1.5708 0 0
57 -2.44108 0.616133 1.06069 1.5708 0 0
58 -3.31974 -16.3515 -3.18807 0.00843527 -0.998639 0.0166804
59 -3.27457 -16.3451 -4.35759 3.13316 0.998638 -3.12491
60 -5.55004 0.70479 -12.5993 -0.235681 -0.0276156 0.0895729
61 -5.79513 0.63007 -13.7712 -0.244768 -0.0221616 0.0939725
time 159
0 4.84298 6.17206 -11.2295 0.000934124 0 -1.48352
1 6.02794 0 0 -1.18327 0.0333707 -0.286171
2 11.7344 0 0 -0.00140281 0 -0.519051
3 8.81138 -0.000450134 -0.000112295 -1.57654 0 0.000157709
4 5.77839 0.000286102 0 -1.05628 0 0.000100692
5 2.23163 -0.000328064 -0.000363827 -0.52026 0 0
6 11.4725 0 0 -1.57659 0.259854 0.237412
7 0.615221 -0.993092 -0.810701 2.72336 0.28889 -0.318188
8 2.24752 0 0 0.083408 0.0597636 0.0921364
9 1.11936 0 0 0.122456 0.204701 -0.132564
10 3.71348 -0.102641 0.102191 1.59106 0.373834 0.344891
11 1.72615 0 0 0 -0.00791227 -1.70582
12 1.21114 0 0 0.0148378 0.00366772 0.0614448
13 3.59919 -1.06012 0.0708876 1.53714 -0.137057 0.433762
14 1.66068 0 0 -0.0607524 0.0487355 -1.11842
15 1.167 0 0 0.00325902 -0.000534968 -0.784203
16 2.18853 0.501039 0.0576582 1.55856 0.16523 0.120989
17 1.29609 0 0 -0.136068 0.0967533 -0.783319
18 1.62202 0.000713348 -0.000471115 0.031362 -0.024981 -1.33151
19 1.22241 0 0 0.00397511 -0.000685996 -0.0478734
20 1.76707 1.27612 0.0366402 1.49753 0.495024 0.0595551
21 1.55588 0 0 -0.191076 -0.0505247 -0.984774
22 1.24274 0 0 -0.000479023 0.000361266 -0.663473
23 0.784525 0 0 0.0113799 0.00651381 0.248465
24 -5.19429 19.5615 -1.06464 -0.000932693 0 -2.00714
25 6.02794 0 0 0.886386 0.591146 0.273037
26 11.7344 0 0 0.00140268 0 1.00003
27 8.81167 0 0 0.501398 0 0
28 5.77884 0 0 0.335936 0 0
29 2.23249 0 0 0.165461 0 0
30 11.4725 0 0 0.623301 0.00208759 -0.706629
31 0.615812 0.994372 -0.809165 -2.97612 0.595303 0.240986
32 2.24752 0 0 -0.439682 0.14095 0.241995
33 1.11936 0 0 -0.0768327 0.184909 1.23966
34 3.71349 0.102639 0.102191 -1.78308 1.18087 -0.557246
35 1.72615 0 0 0.00173777 0.015606 1.23447
36 1.21112 0 0 -0.00755624 0.0282297 0.807688
37 3.5992 1.06012 0.0708885 -1.6277 0.227533 -0.0640692
38 1.66069 0 0 0.0065042 0.077593 0.306618
39 1.16699 0 0 0.0412624 0.0180749 0.795628
40 2.18853 -0.50104 0.0576596 -1.56657 0.103413 -0.112922
41 1.29609 0 0 0.298645 0.152979 1.33583
42 1.62201 -0.000713348 -0.000469685 0.000354465 0.000501125 1.1262
43 1.22241 0 0 0.0314985 0.0181707 0.876842
44 1.76707 -1.27612 0.0366406 -1.55745 0.249311 -0.0923494
45 1.55588 0 0 0.425981 0.0597842 1.32692
46 1.24273 0 0 0.000478907 0.000361036 0.778555
47 0.784532 0 0 -0.00952985 -0.0139656 0.779955
48 0 0 0 0 0 0
49 -3.16527 -17.2166 -5.4398 0 0 0
50 -0.169706 1.99333 0.168103 0 0 0
51 -0.0670342 7.46032 0.0573473 0.00800122 -0.0290641 0.0244475
52 0 -6.39109 2.66389 0 1.39626 -1.5708
53 0 -3.88574 -0.867035 0 0 -1.5708
54 0 -2.3834 1.62041 0 1.39626 -1.5708
55 0 -9.60567 0.513889 0 0 -1.5708
56 -2.44017 -0.616137 1.06069 1.5708 0 0
57 -2.44109 0.616132 1.06069 1.5708 0 0
58 -3.25633 -16.1855 -3.12691 0.0145537 -0.988948 0.0125208
59 -3.22256 -16.1753 -4.29679 3.12704 0.988947 -3.12907
60 -5.55004 0.704795 -12.5993 -0.235681 -0.0276156 0.0895729
61 -5.79513 0.630071 -13.7712 -0.244768 -0.0221616 0.0939725
time 160
0 4.81773 6.1795 -11.3507 0.000934124 0 -1.48352
1 6.02794 0 0 -1.18124 0.0477334 -0.276487
2 11.7344 0 0 -0.0014028 0 -0.566731
3 8.81138 -0.000450134 -0.000112534 -1.5846 0 0.000158051
4 5.77839 0.000286102 0 -1.06168 0 0.000100952
5 2.23164 -0.000329971 -0.000364304 -0.522917 0 0
6 11.4725 0 0 -1.58457 0.261305 0.267669
7 0.615217 -0.993091 -0.810699 2.72336 0.28889 -0.318188
8 2.24752 0 0 0.083408 0.0597637 0.0921363
9 1.11935 0 0 0.122456 0.204701 -0.132564
10 3.71348 -0.102641 0.102191 1.59106 0.373834 0.344891
11 1.72615 0 0 0 -0.00791247 -1.70582
12 1.21114 0 0 0.0148377 0.00366784 0.0614448
13 3.59919 -1.06012 0.0708885 1.53714 -0.137057 0.433762
14 1.66068 0 0 -0.0607523 0.0487354 -1.11842
15 1.167 0 0 0.00325891 -0.000535013 -0.784203
16 2.18853 0.501039 0.0576591 1.55856 0.16523 0.120989
17 1.29609 0 0 -0.136068 0.0967535 -0.783319
18 1.62202 0.000715256 -0.000470161 0.031362 -0.024981 -1.33151
19 1.22241 0 0 0.00397499 -0.000686118 -0.0478736
20 1.76707 1.27612 0.0366411 1.49753 0.495024 0.059555
21 1.55588 0 0 -0.191076 -0.0505248 -0.984774
22 1.24274 0 0 -0.000479049 0.000361068 -0.663473
23 0.784523 0 0 0.01138 0.00651409 0.248465
24 -5.19429 19.5615 -1.06464 -0.000932693 0 -2.00714
25 6.02794 0 0 0.879387 0.600997 0.264073
26 11.7344 0 0 0.00140254 0 1.03057
27 8.81167 0 0 0.490887 0 0
28 5.77884 0 0 0.328894 0 0
29 2.23249 0 0 0.161993 0 0
30 11.4725 0 0 0.620289 0.00164233 -0.727632
31 0.615813 0.994372 -0.809165 -2.97612 0.595303 0.240986
32 2.24752 0 0 -0.439682 0.14095 0.241995
33 1.11936 0 0 -0.0768328 0.184909 1.23966
34 3.71349 0.102639 0.102191 -1.78308 1.18087 -0.557246
35 1.72615 0 0 0.0017378 0.0156061 1.23447
36 1.21112 0 0 -0.00755628 0.0282299 0.807688
37 3.5992 1.06012 0.070888 -1.6277 0.227533 -0.0640691
38 1.66069 0 0 0.00650422 0.077593 0.306618
39 1.16699 0 0 0.0412623 0.0180749 0.795629
40 2.18853 -0.50104 0.0576591 -1.56657 0.103413 -0.112922
41 1.29609 0 0 0.298645 0.152979 1.33583
42 1.62202 -0.000713348 -0.000470638 0.000354384 0.000501011 1.1262
43 1.22241 0 0 0.0314987 0.0181708 0.876842
44 1.76707 -1.27612 0.0366406 -1.55745 0.249311 -0.0923493
45 1.55588 0 0 0.425981 0.0597841 1.32692
46 1.24273 0 0 0.000478814 0.000361058 0.778555
47 0.784532 0 0 -0.00952986 -0.0139657 0.779955
48 0 0 0 0 0 0
49 -3.16527 -17.2166 -5.4398 0 0 0
50 -0.169706 1.99333 0.168103 0 0 0
51 -0.0383985 7.63176 0.107999 0.0106343 -0.0242305 0.0250848
52 0 -6.39109 2.66389 0 1.39626 -1.5708
53 0 -3.88574 -0.867035 0 0 -1.5708
54 0 -2.3834 1.62041 0 1.39626 -1.5708
55 0 -9.60567 0.513889 0 0 -1.5708
56 -2.44017 -0.616137 1.06069 1.5708 0 0
57 -2.44109 0.616133 1.06069 1.5708 0 0
58 -3.19817 0.52423 -10.543 0.0192037 -0.984078 0.00934963
59 -3.17014 0.53739 -11.713 3.12239 0.984077 -3.13224
60 -3.20633 -16.0598 -3.27216 0.0312312 -0.0242303 0.025085
61 -3.17891 -16.0225 -4.44165 0.031231 -0.0242303 0.0250847
time 161
0 4.81773 6.1795 -11.3507 0.000934124 0 -1.48352
1 6.02794 0 0 -1.18061 0.0697621 -0.26754
2 11.7344 0 0 -0.00140284 0 -0.616991
3 8.81138 -0.000448227 -0.000111818 -1.58039 0 0.000157284
4 5.77839 0.000286102 0 -1.05886 0 0.000100449
5 2.23163 -0.000329971 -0.00036335 -0.52153 0 0
6 11.4725 0 0 -1.5803 0.263824 0.300405
7 0.615219 -0.99309 -0.810699 2.72336 0.28889 -0.318188
8 2.24752 0 0 0.083408 0.0597636 0.0921363
9 1.11936 0 0 0.122456 0.204701 -0.132564
10 3.71348 -0.102641 0.102191 1.59106 0.373834 0.344891
11 1.72615 0 0 0 -0.00791231 -1.70582
12 1.21114 0 0 0.0148378 0.00366766 0.0614448
13 3.59919 -1.06012 0.0708876 1.53714 -0.137057 0.433762
14 1.66068 0 0 -0.0607523 0.0487355 -1.11842
15 1.167 0 0 0.00325902 -0.000534968 -0.784203
16 2.18852 0.50104 0.0576591 1.55856 0.16523 0.120989
17 1.29609 0 0 -0.136068 0.0967533 -0.783319
18 1.62202 0.000713348 -0.000471115 0.031362 -0.024981 -1.33151
19 1.22241 0 0 0.00397505 -0.000686057 -0.0478737
20 1.76707 1.27612 0.0366402 1.49753 0.495024 0.0595552
21 1.55588 0 0 -0.191076 -0.0505248 -0.984774
22 1.24274 0 0 -0.000479096 0.000361114 -0.663473
23 0.784523 0 0 0.01138 0.00651409 0.248465
24 -5.19429 19.5615 -1.06464 -0.000932693 0 -2.00714
25 6.02794 0 0 0.871823 0.610624 0.255347
26 11.7344 0 0 0.00140268 0 1.05716
27 8.81167 0 0 0.492906 0 0
28 5.77884 0 0 0.330247 0 0
29 2.23249 0 0 0.162659 0 0
30 11.4725 0 0 0.62791 0.0045732 -0.74416
31 0.615813 0.994372 -0.809165 -2.97612 0.595303 0.240986
32 2.24752 0 0 -0.439681 0.14095 0.241995
33 1.11936 0 0 -0.0768328 0.184909 1.23966
34 3.71349 0.102639 0.102191 -1.78308 1.18087 -0.557246
35 1.72615 0 0 0.00173768 0.0156061 1.23447
36 1.21112 0 0 -0.00755624 0.0282296 0.807688
37 3.5992 1.06012 0.070888 -1.6277 0.227533 -0.0640691
38 1.66069 0 0 0.00650428 0.077593 0.306618
39 1.16699 0 0 0.0412624 0.0180749 0.795628
40 2.18853 -0.50104 0.0576591 -1.56657 0.103413 -0.112923
41 1.29609 0 0 0.298645 0.152979 1.33583
42 1.62201 -0.000713348 -0.000469685 0.000354487 0.000501007 1.1262
43 1.22241 0 0 0.0314986 0.0181707 0.876842
44 1.76707 -1.27612 0.0366411 -1.55745 0.249311 -0.0923494
45 1.55588 0 0 0.425981 0.0597841 1.32692
46 1.24273 0 0 0.000478926 0.000361038 0.778555
47 0.784532 0 0 -0.00952989 -0.0139657 0.779955
48 0 0 0 0 0 0
49 -3.16527 -17.2166 -5.4398 0 0 0
50 -0.169706 1.99333 0.168103 0 0 0
51 -0.0150282 7.78974 0.13454 0.0147475 -0.0300741 0.0254411
52 0 -6.39109 2.66389 0 1.39626 -1.5708
53 0 -3.88574 -0.867035 0 0 -1.5708
54 0 -2.3834 1.62041 0 1.39626 -1.5708
55 0 -9.60567 0.513889 0 0 -1.5708
56 -2.44017 -0.616136 1.06069 1.5708 0 0
57 -2.44109 0.616133 1.06069 1.5708 0 0
58 -3.14784 0.705128 -10.4808 0.0268618 -0.989843 0.00342796
59 -3.1131 0.723284 -11.6505 3.11473 0.989842 -3.13816
60 -3.18974 -15.9097 -3.28076 0.0353444 -0.030074 0.0254412
61 -3.15563 -15.8675 -4.4499 0.0353443 -0.030074 0.025441
time 162
0 4.81773 6.1795 -11.3507 0.000934124 0 -1.48352
1 6.02794 0 0 -1.1803 0.0863264 -0.260429
2 11.7344 0 0 -0.00140291 0 -0.655769
3 8.81138 -0.000450134 -0.000111818 -1.57093 0 0.000157969
4 5.77839 0.000286102 0 -1.05252 0 0.000100949
5 2.23163 -0.000329971 -0.000364304 -0.518407 0 0
6 11.4725 0 0 -1.57094 0.268237 0.329008
7 0.615219 -0.993091 -0.8107 2.72336 0.28889 -0.318188
8 2.24752 0 0 0.083408 0.0597636 0.0921363
9 1.11935 0 0 0.122456 0.204701 -0.132564
10 3.71348 -0.102641 0.102191 1.59106 0.373834 0.344891
11 1.72615 0 0 0 -0.00791227 -1.70582
12 1.21114 0 0 0.0148378 0.00366784 0.0614448
13 3.59919 -1.06012 0.0708876 1.53714 -0.137057 0.433762
14 1.66069 0 0 -0.0607523 0.0487354 -1.11842
15 1.167 0 0 0.00325896 -0.000535123 -0.784203
16 2.18852 0.501039 0.0576591 1.55856 0.16523 0.120989
17 1.29609 0 0 -0.136068 0.0967533 -0.783319
18 1.62202 0.000717163 -0.000470161 0.031362 -0.024981 -1.33151
19 1.22241 0 0 0.00397506 -0.000686057 -0.0478735
20 1.76707 1.27612 0.0366411 1.49753 0.495024 0.0595551
21 1.55588 0 0 -0.191076 -0.0505247 -0.984774
22 1.24274 0 0 -0.000479066 0.000360936 -0.663473
23 0.784523 0 0 0.01138 0.00651397 0.248465
24 -5.19429 19.5615 -1.06464 -0.000932693 0 -2.00714
25 6.02794 0 0 0.864938 0.618803 0.247868
26 11.7344 0 0 0.00140281 0 1.0785
27 8.81167 0 0 0.50109 0 0
28 5.77884 0 0 0.33573 0 0
29 2.23249 0 0 0.16536 0 0
30 11.4725 0 0 0.640081 0.00831454 -0.755625
31 0.615812 0.994372 -0.809165 -2.97612 0.595303 0.240986
32 2.24752 0 0 -0.439681 0.14095 0.241995
33 1.11936 0 0 -0.0768327 0.184909 1.23966
34 3.71349 0.102639 0.102191 -1.78309 1.18087 -0.557246
35 1.72615 0 0 0.0017378 0.015606 1.23447
36 1.21112 0 0 -0.0075563 0.0282298 0.807688
37 3.5992 1.06012 0.070888 -1.6277 0.227533 -0.064069
38 1.66069 0 0 0.00650422 0.077593 0.306618
39 1.16699 0 0 0.0412624 0.0180749 0.795628
40 2.18853 -0.50104 0.0576587 -1.56657 0.103413 -0.112922
41 1.29609 0 0 0.298645 0.152979 1.33583
42 1.62202 -0.000711441 -0.000470161 0.000354412 0.00050102 1.1262
43 1.22241 0 0 0.0314987 0.0181707 0.876842
44 1.76707 -1.27612 0.0366411 -1.55745 0.249311 -0.0923493
45 1.55588 0 0 0.425981 0.0597841 1.32692
46 1.24273 0 0 0.00047894 0.00036092 0.778555
47 0.784532 0 0 -0.00952984 -0.0139655 0.779955
48 0 0 0 0 0 0
49 -3.16527 -17.2166 -5.4398 0 0 0
50 -0.169706 1.99333 0.168103 0 0 0
51 0.00396943 7.92201 0.151552 0.0180631 -0.0407438 0.0255826
52 0 -6.39109 2.66389 0 1.39626 -1.5708
53 0 -3.88574 -0.867035 0 0 -1.5708
54 0 -2.3834 1.62041 0 1.39626 -1.5708
55 0 -9.60567 0.513889 0 0 -1.5708
56 -2.44017 -0.616137 1.06069 1.5708 0 0
57 -2.44109 0.616133 1.06069 1.5708 0 0
58 -3.07458 0.85655 -10.4321 0.0334307 -1.00043 -0.00182343
59 -3.02747 0.878907 -11.6013 3.10816 1.00043 3.13977
60 -3.18804 -15.784 -3.29253 0.03866 -0.0407437 0.0255828
61 -3.14158 -15.7376 -4.4611 0.0386599 -0.0407437 0.0255825
time 163
0 4.81773 6.1795 -11.3507 0.000934124 0 -1.48352
1 6.02794 0 0 -1.17999 0.0967492 -0.256025
2 11.7344 0 0 -0.00140288 0 -0.681111
3 8.81138 -0.000450134 -0.000112295 -1.56474 0 0.00015843
4 5.77839 0.000286102 0 -1.04837 0 0.000101288
5 2.23164 -0.000328064 -0.000363827 -0.516364 0 0
6 11.4725 0 0 -1.5649 0.271654 0.348274
7 0.615221 -0.993091 -0.810701 2.72336 0.28889 -0.318188
8 2.24752 0 0 0.083408 0.0597637 0.0921364
9 1.11936 0 0 0.122456 0.204701 -0.132564
10 3.71348 -0.10264 0.10219 1.59106 0.373834 0.344891
11 1.72615 0 0 0 -0.00791235 -1.70582
12 1.21114 0 0 0.0148377 0.0036679 0.0614448
13 3.59919 -1.06012 0.0708876 1.53714 -0.137057 0.433762
14 1.66069 0 0 -0.0607525 0.0487354 -1.11842
15 1.167 0 0 0.00325905 -0.00053489 -0.784203
16 2.18852 0.501039 0.0576591 1.55856 0.16523 0.120989
17 1.29609 0 0 -0.136068 0.0967532 -0.783319
18 1.62202 0.000715256 -0.000470161 0.0313619 -0.024981 -1.33151
19 1.22241 0 0 0.00397503 -0.000686057 -0.0478735
20 1.76707 1.27612 0.0366402 1.49753 0.495024 0.059555
21 1.55588 0 0 -0.191076 -0.0505247 -0.984774
22 1.24274 0 0 -0.000478973 0.000361031 -0.663473
23 0.784523 0 0 0.01138 0.00651397 0.248465
24 -5.19429 19.5615 -1.06464 -0.000932693 0 -2.00714
25 6.02794 0 0 0.860315 0.624227 0.242781
26 11.7344 0 0 0.00140252 0 1.0939
27 8.81167 0 0 0.505884 0 0
28 5.77884 0 0 0.338942 0 0
29 2.23249 0 0 0.166942 0 0
30 11.4725 0 0 0.648397 0.0105634 -0.764905
31 0.615813 0.994372 -0.809165 -2.97612 0.595303 0.240986
32 2.24752 0 0 -0.439682 0.14095 0.241995
33 1.11936 0 0 -0.0768328 0.184909 1.23966
34 3.71349 0.102638 0.10219 -1.78309 1.18087 -0.557246
35 1.72615 0 0 0.00173768 0.0156061 1.23447
36 1.21112 0 0 -0.00755624 0.0282297 0.807688
37 3.5992 1.06012 0.0708876 -1.6277 0.227533 -0.0640692
38 1.66069 0 0 0.00650426 0.0775931 0.306618
39 1.16699 0 0 0.0412623 0.0180749 0.795628
40 2.18853 -0.50104 0.0576591 -1.56657 0.103413 -0.112923
41 1.29609 0 0 0.298645 0.152979 1.33583
42 1.62201 -0.000712395 -0.000470161 0.000354375 0.00050099 1.1262
43 1.22241 0 0 0.0314986 0.0181706 0.876842
44 1.76707 -1.27612 0.0366411 -1.55745 0.249311 -0.0923494
45 1.55588 0 0 0.425981 0.0597841 1.32692
46 1.24273 0 0 0.000478934 0.000360948 0.778555
47 0.784531 0 0 -0.00952996 -0.0139655 0.779955
48 0 0 0 0 0 0
49 -3.16527 -17.2166 -5.4398 0 0 0
50 -0.169706 1.99333 0.168103 0 0 0
51 0.0194874 8.0163 0.173616 0.020545 -0.0479035 0.0250682
52 0 -6.39109 2.66389 0 1.39626 -1.5708
53 0 -3.88574 -0.867035 0 0 -1.5708
54 0 -2.3834 1.62041 0 1.39626 -1.5708
55 0 -9.60567 0.513889 0 0 -1.5708
56 -2.44017 -0.616137 1.06069 1.5708 0 0
57 -2.44109 0.616132 1.06069 1.5708 0 0
58 -3.01815 0.96483 -10.3864 0.0384392 -1.00751 -0.00645311
59 -2.96274 0.990277 -11.5552 3.10315 1.00751 3.13514
60 -3.18885 -15.6946 -3.29208 0.0411419 -0.0479034 0.0250683
61 -3.13407 -15.6451 -4.46016 0.0411418 -0.0479034 0.0250681
time 164
0 4.81773 6.1795 -11.3507 0.000934124 0 -1.48352
1 6.02794 0 0 -1.17915 0.100963 -0.255082
2 11.7344 0 0 -0.0014029 0 -0.691436
3 8.81138 -0.000450134 -0.000112295 -1.56719 0 0.000158101
4 5.77839 0.000286102 0 -1.05002 0 0.00010088
5 2.23163 -0.000328064 -0.000364304 -0.517172 0 0
6 11.4725 0 0 -1.5673 0.272286 0.35415
7 0.615219 -0.993092 -0.810699 2.72336 0.28889 -0.318188
8 2.24752 0 0 0.083408 0.0597636 0.0921364
9 1.11936 0 0 0.122456 0.204701 -0.132564
10 3.71348 -0.102641 0.102191 1.59106 0.373834 0.344891
11 1.72615 0 0 0 -0.0079124 -1.70582
12 1.21114 0 0 0.0148378 0.00366784 0.0614447
13 3.59919 -1.06012 0.0708885 1.53714 -0.137057 0.433762
14 1.66069 0 0 -0.0607526 0.0487354 -1.11842
15 1.167 0 0 0.00325905 -0.00053489 -0.784203
16 2.18852 0.50104 0.0576591 1.55856 0.16523 0.120989
17 1.29609 0 0 -0.136068 0.0967532 -0.783319
18 1.62202 0.000715256 -0.000470161 0.031362 -0.0249811 -1.33151
19 1.22241 0 0 0.00397504 -0.000685938 -0.0478736
20 1.76707 1.27612 0.0366402 1.49753 0.495024 0.059555
21 1.55588 0 0 -0.191076 -0.0505247 -0.984774
22 1.24274 0 0 -0.000479021 0.000361077 -0.663473
23 0.784523 0 0 0.01138 0.00651416 0.248465
24 -5.19429 19.5615 -1.06464 -0.000932693 0 -2.00714
25 6.02794 0 0 0.858376 0.626516 0.24059
26 11.7344 0 0 0.00140271 0 1.10246
27 8.81167 0 0 0.502207 0 0
28 5.77884 0 0 0.336479 0 0
29 2.23249 0 0 0.165728 0 0
30 11.4725 0 0 0.648514 0.00944375 -0.772876
31 0.615813 0.994372 -0.809165 -2.97612 0.595303 0.240986
32 2.24752 0 0 -0.439682 0.14095 0.241995
33 1.11936 0 0 -0.0768328 0.184909 1.23966
34 3.71349 0.102639 0.102191 -1.78309 1.18087 -0.557246
35 1.72615 0 0 0.00173773 0.015606 1.23447
36 1.21112 0 0 -0.00755621 0.0282297 0.807688
37 3.5992 1.06012 0.0708885 -1.6277 0.227533 -0.0640691
38 1.66069 0 0 0.00650428 0.077593 0.306618
39 1.16699 0 0 0.0412624 0.0180749 0.795628
40 2.18853 -0.50104 0.0576596 -1.56657 0.103413 -0.112923
41 1.29609 0 0 0.298645 0.152979 1.33583
42 1.62202 -0.000713348 -0.000470161 0.000354399 0.000501028 1.1262
43 1.22241 0 0 0.0314986 0.0181708 0.876842
44 1.76707 -1.27612 0.0366416 -1.55745 0.249311 -0.0923494
45 1.55588 0 0 0.425981 0.0597841 1.32692
46 1.24273 0 0 0.000478993 0.000360932 0.778555
47 0.784532 0 0 -0.00952992 -0.0139656 0.779955
48 0 0 0 0 0 0
49 -3.16527 -17.2166 -5.4398 0 0 0
50 -0.169706 1.99333 0.168103 0 0 0
51 0.0299134 8.06505 0.195295 0.0220095 -0.0467687 0.0233567
52 0 -6.39109 2.6639 0 1.39626 -1.5708
53 0 -3.88574 -0.867035 0 0 -1.5708
54 0 -2.3834 1.62041 0 1.39626 -1.5708
55 0 -9.60567 0.51389 0 0 -1.5708
56 -2.44017 -0.616137 1.06069 1.5708 0 0
57 -2.44109 0.616133 1.06069 1.5708 0 0
58 -3.00048 1.02066 -10.3533 0.0411056 -1.00633 -0.0103489
59 -2.94639 1.0477 -11.5221 3.10049 1.00633 3.13124
60 -3.19026 -15.6486 -3.28273 0.0426064 -0.0467686 0.0233568
61 -3.13676 -15.5975 -4.4508 0.0426063 -0.0467685 0.0233566
time 165
0 4.81773 6.1795 -11.3507 0.000934124 0 -1.48352
1 6.02794 0 0 -1.1777 0.100744 -0.256933
2 11.7344 0 0 -0.0014029 0 -0.690081
3 8.81138 -0.000448227 -0.000112772 -1.576 0 0.000157908
4 5.77839 0.00028801 0 -1.05592 0 0.00010069
5 2.23163 -0.000329971 -0.000364304 -0.52008 0 0
6 11.4725 0 0 -1.57588 0.270724 0.349198
7 0.615219 -0.993091 -0.8107 2.72336 0.28889 -0.318188
8 2.24752 0 0 0.083408 0.0597637 0.0921364
9 1.11936 0 0 0.122456 0.204701 -0.132564
10 3.71348 -0.102642 0.102191 1.59106 0.373834 0.344891
11 1.72615 0 0 0 -0.00791244 -1.70582
12 1.21114 0 0 0.0148376 0.00366796 0.0614447
13 3.59919 -1.06012 0.0708866 1.53714 -0.137057 0.433762
14 1.66069 0 0 -0.0607524 0.0487354 -1.11842
15 1.167 0 0 0.00325894 -0.000534935 -0.784203
16 2.18852 0.501039 0.0576582 1.55856 0.16523 0.120989
17 1.29609 0 0 -0.136068 0.0967531 -0.783319
18 1.62202 0.000713348 -0.000470161 0.031362 -0.024981 -1.33151
19 1.22241 0 0 0.00397501 -0.000685939 -0.0478735
20 1.76707 1.27612 0.0366402 1.49753 0.495024 0.0595551
21 1.55588 0 0 -0.191076 -0.0505248 -0.984774
22 1.24274 0 0 -0.000478943 0.000360852 -0.663473
23 0.784523 0 0 0.01138 0.00651392 0.248465
24 -5.19429 19.5615 -1.06464 -0.000932693 0 -2.00714
25 6.02794 0 0 0.858031 0.626731 0.240459
26 11.7344 0 0 0.00140274 0 1.10517
27 8.81167 0 0 0.492997 0 0
28 5.77884 0 0 0.330308 0 0
29 2.23249 0 0 0.162689 0 0
30 11.4725 0 0 0.643184 0.00532689 -0.778734
31 0.615813 0.994372 -0.809165 -2.97612 0.595303 0.240986
32 2.24752 0 0 -0.439681 0.14095 0.241995
33 1.11936 0 0 -0.0768329 0.184909 1.23966
34 3.71349 0.102639 0.102191 -1.78309 1.18087 -0.557246
35 1.72615 0 0 0.00173786 0.015606 1.23447
36 1.21112 0 0 -0.00755629 0.0282299 0.807688
37 3.5992 1.06012 0.0708885 -1.6277 0.227533 -0.0640691
38 1.66069 0 0 0.00650424 0.0775931 0.306618
39 1.16699 0 0 0.0412624 0.0180748 0.795628
40 2.18853 -0.50104 0.0576591 -1.56657 0.103413 -0.112922
41 1.29609 0 0 0.298645 0.152979 1.33583
42 1.62202 -0.000714302 -0.000470161 0.00035448 0.000500939 1.1262
43 1.2224 0 0 0.0314986 0.0181708 0.876842
44 1.76707 -1.27612 0.0366416 -1.55745 0.249311 -0.0923493
45 1.55588 0 0 0.425981 0.0597842 1.32692
46 1.24273 0 0 0.000478816 0.00036108 0.778555
47 0.784532 0 0 -0.00952995 -0.0139656 0.779955
48 0 0 0 0 0 0
49 -3.16527 -17.2166 -5.4398 0 0 0
50 -0.169706 1.99333 0.168103 0 0 0
51 0.0342107 8.07654 0.203836 0.0224343 -0.0397168 0.0205165
52 0 -6.39109 2.66389 0 1.39626 -1.5708
53 0 -3.88574 -0.867035 0 0 -1.5708
54 0 -2.3834 1.62041 0 1.39626 -1.5708
55 0 -9.60566 0.513889 0 0 -1.5708
56 -2.44017 -0.616137 1.06069 1.5708 0 0
57 -2.44109 0.616133 1.06069 1.5708 0 0
58 -3.01036 1.03274 -10.3447 0.0414504 -0.999267 -0.0134614
59 -2.96444 1.05994 -11.5138 3.10014 0.999266 3.12813
60 -3.19727 -15.6379 -3.27725 0.0430312 -0.0397167 0.0205167
61 -3.15188 -15.5866 -4.44565 0.0430311 -0.0397167 0.0205164
time 166
0 4.81773 6.1795 -11.3507 0.000934124 0 -1.48352
1 6.02794 0 0 -1.17593 0.0973901 -0.260644
2 11.7344 0 0 -0.00140287 0 -0.680715
3 8.81139 -0.000450134 -0.00011158 -1.58842 0 0.000157626
4 5.77839 0.000284195 0 -1.06424 0 0.000100619
5 2.23164 -0.000329971 -0.000364304 -0.524177 0 0
6 11.4725 0 0 -1.58803 0.267754 0.337157
7 0.615219 -0.993091 -0.810701 2.72336 0.28889 -0.318188
8 2.24752 0 0 0.0834079 0.0597636 0.0921363
9 1.11936 0 0 0.122456 0.204701 -0.132564
10 3.71348 -0.102641 0.102192 1.59106 0.373834 0.344891
11 1.72615 0 0 0 -0.00791232 -1.70582
12 1.21114 0 0 0.0148378 0.00366784 0.0614449
13 3.59919 -1.06012 0.0708876 1.53714 -0.137057 0.433763
14 1.66069 0 0 -0.0607524 0.0487354 -1.11842
15 1.167 0 0 0.00325897 -0.00053499 -0.784203
16 2.18853 0.50104 0.0576591 1.55856 0.16523 0.120989
17 1.29609 0 0 -0.136068 0.0967532 -0.783319
18 1.62202 0.000711441 -0.000470161 0.031362 -0.0249809 -1.33151
19 1.22241 0 0 0.00397498 -0.000685939 -0.0478736
20 1.76707 1.27612 0.0366402 1.49753 0.495024 0.059555
21 1.55588 0 0 -0.191076 -0.0505247 -0.984774
22 1.24274 0 0 -0.000478982 0.000360965 -0.663473
23 0.784523 0 0 0.01138 0.00651404 0.248465
24 -5.19429 19.5615 -1.06464 -0.000932693 0 -2.00714
25 6.02794 0 0 0.858736 0.625572 0.241704
26 11.7344 0 0 0.00140281 0 1.10383
27 8.81167 0 0 0.480684 0 0
28 5.77884 0 0 0.322058 0 0
29 2.23249 0 0 0.158626 0 0
30 11.4725 0 0 0.634623 -0.000689045 -0.782734
31 0.615812 0.994372 -0.809165 -2.97612 0.595303 0.240986
32 2.24752 0 0 -0.439682 0.14095 0.241995
33 1.11936 0 0 -0.0768328 0.184909 1.23966
34 3.71348 0.102639 0.10219 -1.78308 1.18087 -0.557246
35 1.72615 0 0 0.00173774 0.0156061 1.23447
36 1.21112 0 0 -0.00755626 0.0282297 0.807688
37 3.5992 1.06012 0.070888 -1.6277 0.227533 -0.0640691
38 1.66069 0 0 0.00650421 0.077593 0.306618
39 1.16699 0 0 0.0412623 0.0180749 0.795629
40 2.18853 -0.50104 0.0576591 -1.56657 0.103413 -0.112922
41 1.29609 0 0 0.298645 0.152979 1.33583
42 1.62202 -0.000713348 -0.000469685 0.000354437 0.000501081 1.1262
43 1.22241 0 0 0.0314987 0.0181708 0.876842
44 1.76707 -1.27612 0.0366406 -1.55745 0.249311 -0.0923493
45 1.55587 0 0 0.425981 0.0597841 1.32692
46 1.24273 0 0 0.000478895 0.000361019 0.778555
47 0.784531 0 0 -0.00952988 -0.0139657 0.779955
48 0 0 0 0 0 0
49 -3.16527 -17.2166 -5.4398 0 0 0
50 -0.169706 1.99333 0.168103 0 0 0
51 0.0341353 8.06231 0.202847 0.0220254 -0.029155 0.0170203
52 0 -6.39109 2.6639 0 1.39626 -1.5708
53 0 -3.88574 -0.867035 0 0 -1.5708
54 0 -2.3834 1.62041 0 1.39626 -1.5708
55 0 -9.60567 0.513889 0 0 -1.5708
56 -2.44017 -0.616136 1.06069 1.5708 0 0
57 -2.44109 0.616133 1.06069 1.5708 0 0
58 -3.03745 1.01434 -10.3535 0.0400548 -0.988725 -0.0158019
59 -3.00378 1.04069 -11.5232 3.10154 0.988724 3.12579
60 -3.20823 -15.6514 -3.27412 0.0426223 -0.0291548 0.0170205
61 -3.17499 -15.601 -4.44297 0.0426222 -0.0291548 0.0170202
time 167
0 4.81773 6.1795 -11.3507 0.000934124 0 -1.48352
1 6.02794 0 0 -1.17413 0.0921256 -0.265298
2 11.7344 0 0 -0.00140291 0 -0.666847
3 8.81138 -0.000450134 -0.00011158 -1.6017 0 0.000158382
4 5.77839 0.000286102 0 -1.07314 0 0.000101077
5 2.23163 -0.000329971 -0.00036335 -0.528561 0 0
6 11.4725 0 0 -1.6011 0.264191 0.321668
7 0.615221 -0.99309 -0.810699 2.72336 0.28889 -0.318188
8 2.24752 0 0 0.083408 0.0597637 0.0921363
9 1.11936 0 0 0.122456 0.204701 -0.132564
10 3.71348 -0.10264 0.102192 1.59106 0.373834 0.344891
11 1.72615 0 0 0 -0.00791231 -1.70582
12 1.21114 0 0 0.0148378 0.00366778 0.0614447
13 3.59919 -1.06012 0.0708885 1.53714 -0.137057 0.433762
14 1.66069 0 0 -0.0607525 0.0487354 -1.11842
15 1.167 0 0 0.00325891 -0.000535013 -0.784203
16 2.18852 0.50104 0.0576591 1.55856 0.16523 0.120989
17 1.29609 0 0 -0.136068 0.0967533 -0.783319
18 1.62202 0.000713348 -0.000472069 0.0313622 -0.0249811 -1.33151
19 1.22241 0 0 0.00397487 -0.000685823 -0.0478736
20 1.76707 1.27612 0.0366421 1.49753 0.495024 0.0595552
21 1.55588 0 0 -0.191076 -0.0505248 -0.984774
22 1.24274 0 0 -0.000478954 0.000360974 -0.663473
23 0.784525 0 0 0.0113799 0.00651405 0.248465
24 -5.19429 19.5615 -1.06464 -0.000932693 0 -2.00714
25 6.02794 0 0 0.859951 0.623711 0.243654
26 11.7344 0 0 0.0014026 0 1.10016
27 8.81167 0 0 0.467687 0 0
28 5.77884 0 0 0.31335 0 0
29 2.23249 0 0 0.154337 0 0
30 11.4725 0 0 0.62503 -0.0074915 -0.785111
31 0.615813 0.994372 -0.809165 -2.97612 0.595303 0.240986
32 2.24752 0 0 -0.439682 0.14095 0.241995
33 1.11936 0 0 -0.0768328 0.184909 1.23966
34 3.71349 0.102639 0.10219 -1.78308 1.18087 -0.557246
35 1.72615 0 0 0.0017378 0.0156059 1.23447
36 1.21112 0 0 -0.00755632 0.0282297 0.807687
37 3.5992 1.06012 0.070888 -1.6277 0.227533 -0.0640692
38 1.66069 0 0 0.00650423 0.077593 0.306618
39 1.16699 0 0 0.0412623 0.0180748 0.795629
40 2.18853 -0.50104 0.0576587 -1.56657 0.103413 -0.112923
41 1.29609 0 0 0.298645 0.152979 1.33583
42 1.62201 -0.000713348 -0.000469685 0.000354504 0.00050095 1.1262
43 1.22241 0 0 0.0314986 0.0181707 0.876842
44 1.76707 -1.27612 0.0366406 -1.55745 0.249311 -0.0923494
45 1.55587 0 0 0.425981 0.0597841 1.32692
46 1.24273 0 0 0.000478957 0.000361023 0.778555
47 0.784531 0 0 -0.00952989 -0.0139656 0.779955
48 0 0 0 0 0 0
49 -3.16527 -17.2166 -5.4398 0 0 0
50 -0.169706 1.99333 0.168103 0 0 0
51 0.0314436 8.03391 0.195939 0.020989 -0.0174901 0.0133409
52 0 -6.39109 2.66389 0 1.39626 -1.5708
53 0 -3.88574 -0.867035 0 0 -1.5708
54 0 -2.3834 1.62041 0 1.39626 -1.5708
55 0 -9.60567 0.513889 0 0 -1.5708
56 -2.44017 -0.616137 1.06069 1.5708 0 0
57 -2.44109 0.616132 1.06069 1.5708 0 0
58 -3.07151 0.9786 -10.3732 0.0375193 -0.977099 -0.0173956
59 -3.05137 1.00344 -11.5432 3.10407 0.977098 3.1242
60 -3.2214 -15.678 -3.27175 0.0415859 -0.01749 0.013341
61 -3.2016 -15.629 -4.44096 0.0415858 -0.0174899 0.0133407
time 168
0 4.81773 6.1795 -11.3507 0.000934124 0 -1.48352
1 6.02794 0 0 -1.1726 0.0862444 -0.269937
2 11.7344 0 0 -0.00140288 0 -0.652123
3 8.81138 -0.000450134 -0.000112772 -1.61321 0 0.000157804
4 5.77839 0.000286102 0 -1.08085 0 0.000100637
5 2.23163 -0.000329971 -0.000364304 -0.532358 0 0
6 11.4725 0 0 -1.61252 0.260915 0.306384
7 0.615219 -0.993092 -0.810701 2.72336 0.28889 -0.318188
8 2.24752 0 0 0.083408 0.0597636 0.0921363
9 1.11936 0 0 0.122456 0.204701 -0.132564
10 3.71348 -0.102641 0.10219 1.59106 0.373834 0.344892
11 1.72615 0 0 0 -0.00791236 -1.70582
12 1.21114 0 0 0.0148379 0.0036679 0.0614448
13 3.59919 -1.06012 0.0708876 1.53714 -0.137057 0.433763
14 1.66069 0 0 -0.0607524 0.0487354 -1.11842
15 1.167 0 0 0.00325904 -0.000535023 -0.784203
16 2.18852 0.501039 0.0576591 1.55856 0.16523 0.120989
17 1.29609 0 0 -0.136068 0.0967533 -0.783319
18 1.62202 0.000717163 -0.000470161 0.031362 -0.0249809 -1.33151
19 1.22241 0 0 0.00397498 -0.000685999 -0.0478736
20 1.76707 1.27612 0.0366402 1.49753 0.495024 0.059555
21 1.55588 0 0 -0.191076 -0.0505246 -0.984774
22 1.24274 0 0 -0.000478973 0.000361031 -0.663473
23 0.784523 0 0 0.01138 0.00651398 0.248465
24 -5.19429 19.5615 -1.06464 -0.000932693 0 -2.00714
25 6.02794 0 0 0.861145 0.621827 0.245634
26 11.7344 0 0 0.00140277 0 1.0959
27 8.81167 0 0 0.456403 0 0
28 5.77884 0 0 0.30579 0 0
29 2.23249 0 0 0.150613 0 0
30 11.4725 0 0 0.616585 -0.0139525 -0.78613
31 0.615812 0.994372 -0.809165 -2.97612 0.595303 0.240986
32 2.24752 0 0 -0.439682 0.14095 0.241995
33 1.11936 0 0 -0.0768328 0.184909 1.23966
34 3.71349 0.102638 0.102191 -1.78309 1.18087 -0.557246
35 1.72615 0 0 0.0017377 0.0156061 1.23447
36 1.21112 0 0 -0.00755637 0.0282295 0.807687
37 3.5992 1.06012 0.0708885 -1.6277 0.227533 -0.0640691
38 1.66069 0 0 0.00650423 0.077593 0.306618
39 1.16699 0 0 0.0412623 0.0180749 0.795629
40 2.18853 -0.501041 0.0576596 -1.56657 0.103412 -0.112922
41 1.29609 0 0 0.298645 0.152979 1.33583
42 1.62202 -0.000714302 -0.000469208 0.000354495 0.000500908 1.1262
43 1.22241 0 0 0.0314986 0.0181707 0.876842
44 1.76707 -1.27612 0.0366416 -1.55745 0.249311 -0.0923494
45 1.55587 0 0 0.425981 0.059784 1.32692
46 1.24273 0 0 0.000478853 0.000361006 0.778555
47 0.784532 0 0 -0.00952987 -0.0139656 0.779955
48 0 0 0 0 0 0
49 -3.16527 -17.2166 -5.4398 0 0 0
50 -0.169706 1.99333 0.168103 0 0 0
51 0.0278912 8.00288 0.186718 0.0195312 -0.00712927 0.00995094
52 0 -6.39109 2.6639 0 1.39626 -1.5708
53 0 -3.88574 -0.867035 0 0 -1.5708
54 0 -2.3834 1.62041 0 1.39626 -1.5708
55 0 -9.60566 0.513889 0 0 -1.5708
56 -2.44017 -0.616136 1.06069 1.5708 0 0
57 -2.44109 0.616133 1.06069 1.5708 0 0
58 -3.10211 0.938451 -10.3976 0.034393 -0.966785 -0.0182212
59 -3.094 0.961396 -11.5678 3.1072 0.966784 3.12337
60 -3.23516 -15.7064 -3.26837 0.0401281 -0.00712915 0.00995108
61 -3.22728 -15.6594 -4.4378 0.040128 -0.0071291 0.00995081
time 169
0 4.81773 6.1795 -11.3507 0.000934124 0 -1.48352
1 6.02794 0 0 -1.1716 0.0811687 -0.273539
2 11.7344 0 0 -0.00140291 0 -0.64046
3 8.81138 -0.000448227 -0.000112772 -1.62041 0 0.000157886
4 5.77839 0.00028801 0 -1.08568 0 0.000100647
5 2.23164 -0.000328064 -0.000364304 -0.534736 0 0
6 11.4725 0 0 -1.61973 0.258867 0.295022
7 0.615217 -0.99309 -0.8107 2.72336 0.28889 -0.318188
8 2.24752 0 0 0.083408 0.0597636 0.0921364
9 1.11936 0 0 0.122456 0.204701 -0.132564
10 3.71348 -0.102641 0.102191 1.59106 0.373834 0.344892
11 1.72615 0 0 0 -0.0079123 -1.70582
12 1.21114 0 0 0.0148377 0.00366784 0.0614449
13 3.59919 -1.06012 0.0708885 1.53714 -0.137057 0.433763
14 1.66069 0 0 -0.0607524 0.0487355 -1.11842
15 1.167 0 0 0.00325901 -0.000535101 -0.784203
16 2.18852 0.50104 0.0576591 1.55856 0.16523 0.120989
17 1.29609 0 0 -0.136068 0.0967531 -0.783319
18 1.62202 0.000713348 -0.000471115 0.031362 -0.024981 -1.33151
19 1.22241 0 0 0.003975 -0.000685998 -0.0478736
20 1.76707 1.27612 0.0366402 1.49753 0.495024 0.0595551
21 1.55588 0 0 -0.191076 -0.0505246 -0.984774
22 1.24274 0 0 -0.000478934 0.000360918 -0.663473
23 0.784523 0 0 0.0113799 0.00651399 0.248465
24 -5.19429 19.5615 -1.06464 -0.000932693 0 -2.00714
25 6.02794 0 0 0.861797 0.620609 0.246967
26 11.7344 0 0 0.00140263 0 1.09283
27 8.81167 0 0 0.449202 0 0
28 5.77884 0 0 0.300965 0 0
29 2.23249 0 0 0.148237 0 0
30 11.4725 0 0 0.611455 -0.018943 -0.786106
31 0.615812 0.994372 -0.809165 -2.97612 0.595303 0.240986
32 2.24752 0 0 -0.439681 0.14095 0.241995
33 1.11936 0 0 -0.0768328 0.184909 1.23966
34 3.71349 0.102639 0.10219 -1.78309 1.18087 -0.557246
35 1.72615 0 0 0.00173775 0.0156061 1.23447
36 1.21112 0 0 -0.00755624 0.0282297 0.807687
37 3.5992 1.06012 0.0708876 -1.6277 0.227533 -0.0640691
38 1.66069 0 0 0.00650417 0.077593 0.306618
39 1.16699 0 0 0.0412624 0.0180749 0.795628
40 2.18853 -0.50104 0.0576587 -1.56657 0.103413 -0.112922
41 1.29609 0 0 0.298645 0.152979 1.33583
42 1.62201 -0.000713348 -0.000470638 0.000354516 0.000500983 1.1262
43 1.22241 0 0 0.0314986 0.0181708 0.876842
44 1.76707 -1.27612 0.0366402 -1.55745 0.249311 -0.0923494
45 1.55588 0 0 0.425981 0.0597841 1.32692
46 1.24273 0 0 0.000478972 0.000360968 0.778555
47 0.784532 0 0 -0.00952989 -0.0139656 0.779955
48 0 0 0 0 0 0
49 -3.16527 -17.2166 -5.4398 0 0 0
50 -0.169706 1.99333 0.168103 0 0 0
51 0.025234 7.98076 0.178796 0.0178581 -0.00047946 0.00732323
52 0 -6.39109 2.66389 0 1.39626 -1.5708
53 0 -3.88574 -0.867035 0 0 -1.5708
54 0 -2.3834 1.62041 0 1.39626 -1.5708
55 0 -9.60567 0.513889 0 0 -1.5708
56 -2.44017 -0.616136 1.06069 1.5708 0 0
57 -2.44109 0.616133 1.06069 1.5708 0 0
58 -3.11859 0.906602 -10.4209 0.0311495 -0.960183 -0.0181917
59 -3.11818 0.927509 -11.5912 3.11044 0.960182 3.1234
60 -3.24806 -15.7255 -3.26205 0.038455 -0.000479328 0.00732337
61 -3.24783 -15.6805 -4.43159 0.0384548 -0.000479285 0.00732309
time 170
0 4.81773 6.1795 -11.3507 0.000934124 0 -1.48352
1 6.02794 0 0 -1.17121 0.0760977 -0.276393
2 11.7344 0 0 -0.00140278 0 -0.630293
3 8.81138 -0.000450134 -0.000112295 -1.62308 0 0.000158238
4 5.77839 0.00028801 0 -1.08747 0 0.000100832
5 2.23163 -0.000328064 -0.000363827 -0.535617 0 0
6 11.4725 0 0 -1.62248 0.258109 0.286515
7 0.615217 -0.99309 -0.810699 2.72336 0.28889 -0.318188
8 2.24752 0 0 0.083408 0.0597636 0.0921365
9 1.11936 0 0 0.122456 0.204701 -0.132564
10 3.71348 -0.10264 0.102191 1.59106 0.373834 0.344891
11 1.72615 0 0 0 -0.00791251 -1.70582
12 1.21114 0 0 0.0148377 0.0036679 0.0614449
13 3.59919 -1.06012 0.0708885 1.53714 -0.137057 0.433762
14 1.66069 0 0 -0.0607524 0.0487354 -1.11842
15 1.167 0 0 0.00325897 -0.000534991 -0.784203
16 2.18852 0.501039 0.0576591 1.55856 0.16523 0.120989
17 1.29609 0 0 -0.136068 0.0967532 -0.783319
18 1.62202 0.000713348 -0.000471115 0.0313619 -0.0249811 -1.33151
19 1.22241 0 0 0.00397494 -0.000686 -0.0478736
20 1.76707 1.27612 0.0366411 1.49753 0.495024 0.0595549
21 1.55588 0 0 -0.191076 -0.0505248 -0.984774
22 1.24274 0 0 -0.000479077 0.000361058 -0.663473
23 0.784523 0 0 0.0113801 0.00651402 0.248465
24 -5.19429 19.5615 -1.06464 -0.000932693 0 -2.00714
25 6.02794 0 0 0.86201 0.61989 0.247835
26 11.7344 0 0 0.00140268 0 1.09015
27 8.81167 0 0 0.446439 0 0
28 5.77884 0 0 0.299114 0 0
29 2.23249 0 0 0.147325 0 0
30 11.4725 0 0 0.609773 -0.0227132 -0.784143
31 0.615813 0.994372 -0.809165 -2.97612 0.595303 0.240986
32 2.24752 0 0 -0.439681 0.14095 0.241995
33 1.11936 0 0 -0.0768327 0.184909 1.23966
34 3.71349 0.102639 0.102191 -1.78309 1.18087 -0.557246
35 1.72615 0 0 0.00173783 0.0156059 1.23447
36 1.21112 0 0 -0.00755623 0.0282297 0.807688
37 3.5992 1.06012 0.070888 -1.6277 0.227533 -0.0640692
38 1.66069 0 0 0.00650425 0.077593 0.306618
39 1.16699 0 0 0.0412623 0.0180749 0.795628
40 2.18853 -0.50104 0.0576591 -1.56657 0.103413 -0.112923
41 1.29609 0 0 0.298645 0.152979 1.33583
42 1.62202 -0.000714302 -0.000470638 0.000354395 0.000501042 1.1262
43 1.22241 0 0 0.0314986 0.0181708 0.876842
44 1.76707 -1.27612 0.0366411 -1.55745 0.249311 -0.0923493
45 1.55588 0 0 0.425981 0.0597841 1.32692
46 1.24273 0 0 0.000478865 0.000361036 0.778555
47 0.784532 0 0 -0.00952984 -0.0139656 0.779955
48 0 0 0 0 0 0
49 -3.16527 -17.2166 -5.4398 0 0 0
50 -0.169706 1.99333 0.168103 0 0 0
51 0.0225027 7.96288 0.169621 0.0155342 0.00232321 0.00540711
52 0 -6.39109 2.66389 0 1.39626 -1.5708
53 0 -3.88574 -0.867035 0 0 -1.5708
54 0 -2.3834 1.62041 0 1.39626 -1.5708
55 0 -9.60567 0.513889 0 0 -1.5708
56 -2.44017 -0.616137 1.06069 1.5708 0 0
57 -2.44109 0.616133 1.06069 1.5708 0 0
58 -3.12062 0.875859 -10.4497 0.0269894 -0.957436 -0.0167006
59 -3.12344 0.89403 -11.62 3.1146 0.957435 3.12489
60 -3.26189 -15.7392 -3.25152 0.0361311 0.00232334 0.00540726
61 -3.26484 -15.6969 -4.42116 0.036131 0.00232338 0.00540698
time 171
0 4.81773 6.1795 -11.3507 0.000934124 0 -1.48352
1 6.02794 0 0 -1.17118 0.0697764 -0.279344
2 11.7344 0 0 -0.00140275 0 -0.618264
3 8.81139 -0.000450134 -0.000112057 -1.62324 0 0.000158201
4 5.77839 0.000286102 0 -1.08757 0 0.00010103
5 2.23164 -0.000328064 -0.00036478 -0.53567 0 0
6 11.4725 0 0 -1.62278 0.257932 0.277691
7 0.615219 -0.99309 -0.810699 2.72336 0.28889 -0.318188
8 2.24752 0 0 0.083408 0.0597637 0.0921363
9 1.11936 0 0 0.122456 0.204701 -0.132564
10 3.71348 -0.102641 0.102192 1.59106 0.373834 0.344891
11 1.72615 0 0 0 -0.00791231 -1.70582
12 1.21114 0 0 0.0148377 0.00366784 0.0614447
13 3.59919 -1.06012 0.0708885 1.53714 -0.137057 0.433762
14 1.66069 0 0 -0.0607524 0.0487355 -1.11842
15 1.167 0 0 0.00325901 -0.0005351 -0.784203
16 2.18852 0.501039 0.0576601 1.55856 0.16523 0.120989
17 1.29609 0 0 -0.136068 0.0967532 -0.783319
18 1.62202 0.000715256 -0.000471115 0.031362 -0.024981 -1.33151
19 1.22241 0 0 0.00397484 -0.000686002 -0.0478736
20 1.76707 1.27612 0.0366411 1.49753 0.495024 0.0595551
21 1.55588 0 0 -0.191076 -0.0505248 -0.984774
22 1.24274 0 0 -0.000478992 0.000361087 -0.663473
23 0.784523 0 0 0.0113799 0.00651399 0.248465
24 -5.19429 19.5615 -1.06464 -0.000932693 0 -2.00714
25 6.02794 0 0 0.862227 0.619082 0.248821
26 11.7344 0 0 0.00140265 0 1.0863
27 8.81167 0 0 0.446294 0 0
28 5.77884 0 0 0.299017 0 0
29 2.23249 0 0 0.147277 0 0
30 11.4725 0 0 0.609812 -0.0262137 -0.779817
31 0.615812 0.994372 -0.809165 -2.97612 0.595303 0.240986
32 2.24752 0 0 -0.439682 0.14095 0.241995
33 1.11936 0 0 -0.0768328 0.184909 1.23966
34 3.71348 0.102639 0.102191 -1.78308 1.18087 -0.557245
35 1.72615 0 0 0.00173788 0.0156059 1.23447
36 1.21112 0 0 -0.00755623 0.0282298 0.807688
37 3.5992 1.06012 0.0708876 -1.6277 0.227533 -0.0640691
38 1.66069 0 0 0.00650417 0.077593 0.306618
39 1.16699 0 0 0.0412623 0.0180749 0.795628
40 2.18853 -0.50104 0.0576596 -1.56657 0.103413 -0.112922
41 1.29609 0 0 0.298645 0.152979 1.33583
42 1.62202 -0.000713348 -0.000470638 0.000354479 0.00050098 1.1262
43 1.22241 0 0 0.0314987 0.0181707 0.876842
44 1.76707 -1.27612 0.0366406 -1.55745 0.249311 -0.0923494
45 1.55587 0 0 0.425981 0.0597841 1.32692
46 1.24273 0 0 0.000478928 0.00036093 0.778555
47 0.784531 0 0 -0.00952993 -0.0139657 0.779955
48 0 0 0 0 0 0
49 -3.16527 -17.2166 -5.4398 0 0 0
50 -0.169706 1.99333 0.168103 0 0 0
51 0.0180979 7.93908 0.155798 0.0123076 0.00317711 0.00381428
52 0 -6.39109 2.66389 0 1.39626 -1.5708
53 0 -3.88574 -0.867035 0 0 -1.5708
54 0 -2.3834 1.62041 0 1.39626 -1.5708
55 0 -9.60567 0.513889 0 0 -1.5708
56 -2.44017 -0.616137 1.06069 1.5708 0 0
57 -2.44109 0.616132 1.06069 1.5708 0 0
58 -3.11665 0.834432 -10.49 0.0213588 -0.956646 -0.0136817
59 -3.12042 0.848826 -11.6603 3.12023 0.956645 3.12791
60 -3.27816 -15.757 -3.238 0.0329045 0.00317724 0.00381443
61 -3.28202 -15.7186 -4.40777 0.0329044 0.00317728 0.00381414
time 172
0 4.81773 6.1795 -11.3507 0.000934124 0 -1.48352
1 6.02794 0 0 -1.1714 0.0626541 -0.282341
2 11.7344 0 0 -0.00140286 0 -0.604952
3 8.81138 -0.000450134 -0.000112772 -1.62179 0 0.000157947
4 5.77839 0.000286102 0 -1.0866 0 0.000100867
5 2.23163 -0.000329971 -0.00036478 -0.535189 0 0
6 11.4725 0 0 -1.62147 0.258146 0.268751
7 0.615221 -0.993091 -0.8107 2.72336 0.28889 -0.318188
8 2.24752 0 0 0.083408 0.0597637 0.0921364
9 1.11935 0 0 0.122456 0.204701 -0.132564
10 3.71348 -0.102642 0.10219 1.59106 0.373834 0.344891
11 1.72615 0 0 0 -0.00791248 -1.70582
12 1.21114 0 0 0.0148378 0.00366802 0.0614449
13 3.5992 -1.06012 0.0708885 1.53714 -0.137057 0.433762
14 1.66068 0 0 -0.0607524 0.0487354 -1.11842
15 1.167 0 0 0.00325904 -0.000535155 -0.784203
16 2.18853 0.501039 0.0576591 1.55856 0.16523 0.120989
17 1.29609 0 0 -0.136068 0.0967533 -0.783319
18 1.62202 0.000715256 -0.000470161 0.0313619 -0.024981 -1.33151
19 1.22241 0 0 0.00397518 -0.000685935 -0.0478735
20 1.76707 1.27612 0.0366411 1.49753 0.495024 0.0595551
21 1.55588 0 0 -0.191076 -0.0505247 -0.984774
22 1.24273 0 0 -0.000478934 0.000360918 -0.663473
23 0.784525 0 0 0.01138 0.00651428 0.248465
24 -5.19429 19.5615 -1.06464 -0.000932693 0 -2.00714
25 6.02794 0 0 0.862441 0.61825 0.249841
26 11.7344 0 0 0.0014027 0 1.08186
27 8.81167 0 0 0.447855 0 0
28 5.77884 0 0 0.300063 0 0
29 2.23249 0 0 0.147792 0 0
30 11.4725 0 0 0.610956 -0.029371 -0.774182
31 0.615812 0.994372 -0.809165 -2.97612 0.595303 0.240986
32 2.24752 0 0 -0.439682 0.14095 0.241995
33 1.11936 0 0 -0.0768327 0.184909 1.23966
34 3.71349 0.102639 0.102191 -1.78308 1.18087 -0.557246
35 1.72615 0 0 0.00173772 0.0156061 1.23447
36 1.21112 0 0 -0.00755619 0.0282297 0.807688
37 3.5992 1.06012 0.070888 -1.6277 0.227533 -0.0640692
38 1.66069 0 0 0.00650422 0.077593 0.306618
39 1.16699 0 0 0.0412623 0.0180749 0.795629
40 2.18853 -0.50104 0.0576587 -1.56657 0.103413 -0.112923
41 1.29609 0 0 0.298645 0.152979 1.33583
42 1.62201 -0.000712395 -0.000470161 0.000354369 0.000500987 1.1262
43 1.22241 0 0 0.0314986 0.0181707 0.876842
44 1.76707 -1.27612 0.0366416 -1.55745 0.249311 -0.0923495
45 1.55588 0 0 0.425981 0.0597841 1.32692
46 1.24273 0 0 0.000478872 0.000361024 0.778555
47 0.784531 0 0 -0.00952985 -0.0139656 0.779955
48 0 0 0 0 0 0
49 -3.16527 -17.2166 -5.4398 0 0 0
50 -0.169706 1.99333 0.168103 0 0 0
51 0.0128326 7.91266 0.139663 0.00865963 0.002727 0.00251094
52 0 -6.39109 2.66389 0 1.39626 -1.5708
53 0 -3.88574 -0.867034 0 0 -1.5708
54 0 -2.3834 1.62041 0 1.39626 -1.5708
55 0 -9.60566 0.513889 0 0 -1.5708
56 -2.44017 -0.616137 1.06069 1.5708 0 0
57 -2.44109 0.616133 1.06069 1.5708 0 0
58 -3.10895 0.788087 -10.5356 0.0150386 -0.957151 -0.00980801
59 -3.11216 0.798219 -11.7059 3.12655 0.95715 3.13178
60 -3.29525 -15.7766 -3.22324 0.0292565 0.00272713 0.00251109
61 -3.29852 -15.7424 -4.39314 0.0292564 0.00272717 0.00251081
time 173
0 4.81773 6.1795 -11.3507 0.000934124 0 -1.48352
1 6.02794 0 0 -1.1717 0.0558098 -0.285068
2 11.7344 0 0 -0.00140285 0 -0.592328
3 8.81138 -0.000452042 -0.000112057 -1.6196 0 0.000158329
4 5.77839 0.000284195 0 -1.08514 0 0.000101182
5 2.23163 -0.000329971 -0.000363827 -0.53447 0 0
6 11.4725 0 0 -1.61943 0.258551 0.260612
7 0.615221 -0.993091 -0.8107 2.72336 0.28889 -0.318188
8 2.24752 0 0 0.083408 0.0597637 0.0921363
9 1.11936 0 0 0.122456 0.204701 -0.132564
10 3.71348 -0.102641 0.102191 1.59106 0.373834 0.344891
11 1.72615 0 0 0 -0.00791242 -1.70582
12 1.21114 0 0 0.0148377 0.00366784 0.0614447
13 3.59919 -1.06012 0.0708885 1.53714 -0.137057 0.433762
14 1.66069 0 0 -0.0607525 0.0487356 -1.11842
15 1.167 0 0 0.00325888 -0.000535091 -0.784203
16 2.18852 0.501039 0.0576591 1.55856 0.16523 0.120989
17 1.29609 0 0 -0.136068 0.0967534 -0.783319
18 1.62202 0.000715256 -0.000471115 0.031362 -0.0249811 -1.33151
19 1.22241 0 0 0.003975 -0.000685998 -0.0478735
20 1.76707 1.27612 0.0366402 1.49753 0.495024 0.059555
21 1.55588 0 0 -0.191076 -0.0505246 -0.984774
22 1.24273 0 0 -0.000479001 0.000361021 -0.663473
23 0.784523 0 0 0.01138 0.00651397 0.248465
24 -5.19429 19.5615 -1.06464 -0.000932693 0 -2.00714
25 6.02794 0 0 0.862637 0.617462 0.250809
26 11.7344 0 0 0.00140285 0 1.07743
27 8.81167 0 0 0.450211 0 0
28 5.77884 0 0 0.301641 0 0
29 2.23249 0 0 0.14857 0 0
30 11.4725 0 0 0.612599 -0.032109 -0.768289
31 0.615812 0.994372 -0.809165 -2.97612 0.595303 0.240986
32 2.24752 0 0 -0.439682 0.14095 0.241995
33 1.11936 0 0 -0.0768328 0.184909 1.23966
34 3.71349 0.102639 0.102192 -1.78308 1.18087 -0.557246
35 1.72615 0 0 0.00173772 0.0156061 1.23447
36 1.21112 0 0 -0.00755635 0.0282297 0.807687
37 3.5992 1.06012 0.0708885 -1.6277 0.227533 -0.0640691
38 1.66069 0 0 0.00650427 0.0775931 0.306618
39 1.16699 0 0 0.0412623 0.0180749 0.795628
40 2.18853 -0.50104 0.0576596 -1.56657 0.103413 -0.112922
41 1.29609 0 0 0.298645 0.152979 1.33583
42 1.62201 -0.000713348 -0.000469685 0.000354473 0.00050097 1.1262
43 1.22241 0 0 0.0314987 0.0181708 0.876842
44 1.76707 -1.27612 0.0366411 -1.55745 0.249311 -0.0923493
45 1.55588 0 0 0.425981 0.059784 1.32692
46 1.24273 0 0 0.000478937 0.000361006 0.778555
47 0.784533 0 0 -0.00952989 -0.0139656 0.779955
48 0 0 0 0 0 0
49 -3.16527 -17.2166 -5.4398 0 0 0
50 -0.169706 1.99333 0.168103 0 0 0
51 0.00751948 7.88689 0.123555 0.0050715 0.00161761 0.00146331
52 0 -6.39109 2.66389 0 1.39626 -1.5708
53 0 -3.88574 -0.867035 0 0 -1.5708
54 0 -2.3834 1.62041 0 1.39626 -1.5708
55 0 -9.60567 0.513889 0 0 -1.5708
56 -2.44017 -0.616137 1.06069 1.5708 0 0
57 -2.44109 0.616133 1.06069 1.5708 0 0
58 -3.0998 0.742657 -10.5804 0.00882158 -0.958295 -0.00576306
59 -3.1017 0.748595 -11.7508 3.13277 0.958294 3.13583
60 -3.31151 -15.7955 -3.20898 0.0256684 0.00161774 0.00146345
61 -3.31344 -15.7655 -4.379 0.0256683 0.00161779 0.00146317
time 174
0 4.81773 6.1795 -11.3507 0.000934124 0 -1.48352
1 6.02794 0 0 -1.17197 0.0499594 -0.287359
2 11.7344 0 0 -0.00140273 0 -0.581552
3 8.81138 -0.000450134 -0.000111818 -1.61756 0 0.000158151
4 5.77839 0.000286102 0 -1.08377 0 0.000100937
5 2.23164 -0.000328064 -0.000363827 -0.533795 0 0
6 11.4725 0 0 -1.61749 0.258949 0.253784
7 0.615217 -0.993091 -0.810699 2.72336 0.28889 -0.318188
8 2.24752 0 0 0.0834079 0.0597637 0.0921362
9 1.11936 0 0 0.122456 0.204701 -0.132564
10 3.71348 -0.102641 0.102191 1.59106 0.373834 0.344892
11 1.72615 0 0 0 -0.00791244 -1.70582
12 1.21114 0 0 0.0148377 0.00366784 0.0614447
13 3.59919 -1.06012 0.0708876 1.53714 -0.137057 0.433763
14 1.66068 0 0 -0.0607524 0.0487355 -1.11842
15 1.167 0 0 0.00325894 -0.000534936 -0.784203
16 2.18852 0.50104 0.0576591 1.55856 0.16523 0.120989
17 1.29609 0 0 -0.136068 0.0967534 -0.783319
18 1.62202 0.000713348 -0.000471115 0.0313621 -0.024981 -1.33151
19 1.22241 0 0 0.00397505 -0.000686116 -0.0478735
20 1.76707 1.27612 0.0366402 1.49753 0.495024 0.0595551
21 1.55588 0 0 -0.191076 -0.0505247 -0.984774
22 1.24274 0 0 -0.000478897 0.000360994 -0.663473
23 0.784523 0 0 0.0113799 0.00651404 0.248465
24 -5.19429 19.5615 -1.06464 -0.000932693 0 -2.00714
25 6.02794 0 0 0.862804 0.616795 0.251627
26 11.7344 0 0 0.00140272 0 1.07365
27 8.81167 0 0 0.452441 0 0
28 5.77884 0 0 0.303135 0 0
29 2.23249 0 0 0.149305 0 0
30 11.4725 0 0 0.61413 -0.0343409 -0.763189
31 0.615813 0.994372 -0.809165 -2.97612 0.595303 0.240986
32 2.24752 0 0 -0.439682 0.14095 0.241995
33 1.11936 0 0 -0.0768329 0.184909 1.23966
34 3.71349 0.102639 0.102191 -1.78308 1.18087 -0.557246
35 1.72615 0 0 0.0017378 0.015606 1.23447
36 1.21112 0 0 -0.0075563 0.0282298 0.807687
37 3.5992 1.06012 0.0708876 -1.6277 0.227533 -0.0640691
38 1.66069 0 0 0.00650424 0.077593 0.306618
39 1.16699 0 0 0.0412624 0.0180749 0.795628
40 2.18853 -0.50104 0.0576587 -1.56657 0.103413 -0.112923
41 1.29609 0 0 0.298645 0.152979 1.33583
42 1.62202 -0.000713348 -0.000469685 0.00035453 0.000500934 1.1262
43 1.22241 0 0 0.0314985 0.0181706 0.876842
44 1.76707 -1.27612 0.0366406 -1.55745 0.249311 -0.0923493
45 1.55588 0 0 0.425981 0.0597841 1.32692
46 1.24273 0 0 0.000478982 0.000360888 0.778555
47 0.784531 0 0 -0.0095299 -0.0139656 0.779955
48 0 0 0 0 0 0
49 -3.16527 -17.2166 -5.4398 0 0 0
50 -0.169706 1.99333 0.168103 0 0 0
51 0.00297093 7.86506 0.109811 0.00202453 0.0004937 0.000637591
52 0 -6.39109 2.66389 0 1.39626 -1.5708
53 0 -3.88574 -0.867035 0 0 -1.5708
54 0 -2.3834 1.62041 0 1.39626 -1.5708
55 0 -9.60567 0.513889 0 0 -1.5708
56 -2.44016 -0.616137 1.06069 1.5708 0 0
57 -2.44108 0.616133 1.06069 1.5708 0 0
58 -3.09157 0.70406 -10.6185 0.00352744 -0.959434 -0.0022521
59 -3.09215 0.706434 -11.7889 3.13807 0.959434 3.13934
60 -3.32521 -15.8114 -3.19695 0.0226214 0.000493839 0.000637735
61 -3.3258 -15.7849 -4.36706 0.0226213 0.000493872 0.000637458
time 175
0 4.81773 6.1795 -11.3507 0.000934124 0 -1.48352
1 6.02794 0 0 -1.17209 0.045965 -0.288986
2 11.7344 0 0 -0.00140276 0 -0.574114
3 8.81138 -0.000450134 -0.000111818 -1.6165 0 0.000158216
4 5.77839 0.000286102 0 -1.08306 0 0.000100968
5 2.23163 -0.000329971 -0.000363827 -0.533445 0 0
6 11.4725 0 0 -1.6165 0.25914 0.248945
7 0.615219 -0.993091 -0.810699 2.72336 0.28889 -0.318188
8 2.24752 0 0 0.083408 0.0597636 0.0921363
9 1.11936 0 0 0.122456 0.204701 -0.132564
10 3.71348 -0.102642 0.102192 1.59106 0.373834 0.344892
11 1.72615 0 0 0 -0.00791238 -1.70582
12 1.21114 0 0 0.0148377 0.0036679 0.0614447
13 3.59919 -1.06012 0.0708885 1.53714 -0.137057 0.433762
14 1.66069 0 0 -0.0607524 0.0487353 -1.11842
15 1.167 0 0 0.00325909 -0.000535133 -0.784203
16 2.18852 0.501039 0.0576591 1.55856 0.16523 0.120989
17 1.29609 0 0 -0.136068 0.0967534 -0.783319
18 1.62202 0.000711441 -0.000471115 0.0313621 -0.0249811 -1.33151
19 1.22241 0 0 0.00397494 -0.00068606 -0.0478736
20 1.76707 1.27612 0.0366421 1.49753 0.495024 0.0595551
21 1.55588 0 0 -0.191076 -0.0505248 -0.984774
22 1.24274 0 0 -0.000479077 0.000361058 -0.663473
23 0.784523 0 0 0.01138 0.00651403 0.248465
24 -5.19429 19.5615 -1.06464 -0.000932693 0 -2.00714
25 6.02794 0 0 0.862926 0.616331 0.252195
26 11.7344 0 0 0.0014026 0 1.07114
27 8.81167 0 0 0.453619 0 0
28 5.77884 0 0 0.303925 0 0
29 2.23249 0 0 0.149694 0 0
30 11.4725 0 0 0.614944 -0.0359693 -0.759929
31 0.615813 0.994372 -0.809165 -2.97612 0.595303 0.240986
32 2.24752 0 0 -0.439681 0.14095 0.241995
33 1.11936 0 0 -0.0768329 0.184909 1.23966
34 3.71349 0.102639 0.10219 -1.78308 1.18087 -0.557246
35 1.72615 0 0 0.00173781 0.0156061 1.23447
36 1.21112 0 0 -0.00755625 0.0282298 0.807688
37 3.5992 1.06012 0.0708876 -1.6277 0.227533 -0.0640691
38 1.66069 0 0 0.00650423 0.0775931 0.306618
39 1.16699 0 0 0.0412623 0.0180749 0.795629
40 2.18853 -0.50104 0.0576591 -1.56657 0.103413 -0.112922
41 1.29609 0 0 0.298645 0.152979 1.33583
42 1.62202 -0.000713348 -0.000469685 0.000354473 0.000500984 1.1262
43 1.22241 0 0 0.0314986 0.0181709 0.876842
44 1.76707 -1.27612 0.0366406 -1.55745 0.249311 -0.0923494
45 1.55587 0 0 0.425981 0.0597841 1.32692
46 1.24273 0 0 0.000478894 0.000360985 0.778555
47 0.784532 0 0 -0.00952982 -0.0139656 0.779955
48 0 0 0 0 0 0
49 -3.16527 -17.2166 -5.4398 0 0 0
50 -0.169706 1.99333 0.168103 0 0 0
51 0 7.85048 0.10077 0 0 0
52 0 -6.39109 2.66389 0 1.39626 -1.5708
53 0 -3.88574 -0.867035 0 0 -1.5708
54 0 -2.3834 1.62041 0 1.39626 -1.5708
55 0 -9.60567 0.513889 0 0 -1.5708
56 -2.44017 -0.616137 1.06069 1.5708 0 0
57 -2.44109 0.616133 1.06069 1.5708 0 0
58 -3.08671 0.678257 -10.6437 0 -0.959931 0
59 -3.08671 0.678261 -11.8141 3.14159 0.95993 3.14159
60 -3.33454 -15.822 -3.18888 0.0205969 0 0
61 -3.33454 -15.7979 -4.35904 0.0205968 0 0
time 176
0 4.81773 6.1795 -11.3507 0.000934124 0 -1.48352
1 6.02794 0 0 -1.1721 0.0441862 -0.289765
2 11.7344 0 0 -0.00140288 0 -0.570738
3 8.81138 -0.000450134 -0.000111818 -1.61632 0 0.000158164
4 5.77839 0.00028801 0 -1.08293 0 0.000100862
5 2.23163 -0.000329971 -0.00036335 -0.533385 0 0
6 11.4725 0 0 -1.61635 0.259153 0.246628
7 0.615221 -0.993091 -0.810701 2.72336 0.28889 -0.318188
8 2.24752 0 0 0.0834079 0.0597637 0.0921362
9 1.11936 0 0 0.122456 0.204701 -0.132564
10 3.71348 -0.10264 0.10219 1.59106 0.373834 0.344892
11 1.72615 0 0 0 -0.00791231 -1.70582
12 1.21114 0 0 0.0148377 0.00366778 0.0614446
13 3.5992 -1.06012 0.0708876 1.53714 -0.137057 0.433763
14 1.66068 0 0 -0.0607524 0.0487354 -1.11842
15 1.167 0 0 0.00325904 -0.000535156 -0.784203
16 2.18853 0.50104 0.0576591 1.55856 0.16523 0.120989
17 1.29609 0 0 -0.136068 0.0967533 -0.783319
18 1.62202 0.000715256 -0.000471115 0.0313621 -0.0249812 -1.33151
19 1.22241 0 0 0.00397498 -0.00068594 -0.0478735
20 1.76707 1.27612 0.0366402 1.49753 0.495024 0.0595551
21 1.55588 0 0 -0.191076 -0.0505246 -0.984774
22 1.24274 0 0 -0.00047885 0.000360947 -0.663473
23 0.784525 0 0 0.0113799 0.00651392 0.248465
24 -5.19429 19.5615 -1.06464 -0.000932693 0 -2.00714
25 6.02794 0 0 0.862984 0.616117 0.252454
26 11.7344 0 0 0.00140269 0 1.07007
27 8.81167 0 0 0.453839 0 0
28 5.77884 0 0 0.304072 0 0
29 2.23249 0 0 0.149767 0 0
30 11.4725 0 0 0.615104 -0.0367965 -0.758658
31 0.615813 0.994372 -0.809165 -2.97612 0.595302 0.240986
32 2.24752 0 0 -0.439681 0.14095 0.241995
33 1.11936 0 0 -0.0768327 0.184909 1.23966
34 3.71349 0.102639 0.10219 -1.78308 1.18087 -0.557245
35 1.72615 0 0 0.00173781 0.015606 1.23447
36 1.21112 0 0 -0.0075563 0.0282297 0.807687
37 3.5992 1.06012 0.0708876 -1.6277 0.227533 -0.0640691
38 1.66069 0 0 0.00650422 0.077593 0.306618
39 1.16699 0 0 0.0412624 0.0180749 0.795629
40 2.18853 -0.50104 0.0576587 -1.56657 0.103413 -0.112922
41 1.29609 0 0 0.298645 0.152979 1.33583
42 1.62202 -0.000713348 -0.000469685 0.000354288 0.000501153 1.1262
43 1.22241 0 0 0.0314986 0.0181706 0.876842
44 1.76707 -1.27612 0.0366406 -1.55745 0.249311 -0.0923494
45 1.55588 0 0 0.425981 0.059784 1.32692
46 1.24273 0 0 0.000478998 0.000360977 0.778555
47 0.784531 0 0 -0.00952984 -0.0139656 0.779955
48 0 0 0 0 0 0
49 -3.16527 -17.2166 -5.4398 0 0 0
50 -0.169706 1.99333 0.168103 0 0 0
51 -0.00122356 7.84416 0.0969868 -0.000865847 0 -0.000355066
52 0 -6.39109 2.66389 0 1.39626 -1.5708
53 0 -3.88574 -0.867035 0 0 -1.5708
54 0 -2.3834 1.62041 0 1.39626 -1.5708
55 0 -9.60566 0.51389 0 0 -1.5708
56 -2.44017 -0.616137 1.06069 1.5708 0 0
57 -2.44109 0.616132 1.06069 1.5708 0 0
58 -3.0852 0.66711 -10.6545 -0.00150926 -0.959907 0.00088107
59 -3.08523 0.666102 -11.8249 -3.14008 0.959906 -3.14071
60 -3.33872 -15.8266 -3.18535 0.019731 0 -0.000354932
61 -3.33873 -15.8035 -4.35553 0.0197309 0 -0.000355203
time 177
0 4.81773 6.1795 -11.3507 0.000934124 0 -1.48352
1 6.02794 0 0 -1.1721 0.043963 -0.289863
2 11.7344 0 0 -0.00140293 0 -0.570314
3 8.81138 -0.000452042 -0.00011301 -1.6163 0 0.00015833
4 5.77839 0.000286102 0 -1.08292 0 0.000100953
5 2.23163 -0.000329971 -0.000364304 -0.533378 0 0
6 11.4725 0 0 -1.61633 0.259154 0.246338
7 0.615217 -0.993092 -0.810699 2.72336 0.28889 -0.318188
8 2.24752 0 0 0.083408 0.0597637 0.0921363
9 1.11936 0 0 0.122456 0.204701 -0.132564
10 3.71348 -0.102642 0.102192 1.59106 0.373834 0.344891
11 1.72615 0 0 0 -0.00791223 -1.70582
12 1.21114 0 0 0.0148378 0.00366772 0.0614447
13 3.59919 -1.06012 0.0708885 1.53714 -0.137057 0.433762
14 1.66069 0 0 -0.0607523 0.0487355 -1.11842
15 1.167 0 0 0.00325893 -0.000535068 -0.784203
16 2.18852 0.501039 0.0576591 1.55856 0.16523 0.120989
17 1.29609 0 0 -0.136068 0.0967535 -0.783319
18 1.62202 0.000713348 -0.000472069 0.0313622 -0.024981 -1.33151
19 1.22241 0 0 0.00397493 -0.00068594 -0.0478736
20 1.76707 1.27612 0.0366411 1.49753 0.495024 0.0595552
21 1.55588 0 0 -0.191076 -0.0505247 -0.984774
22 1.24273 0 0 -0.000478906 0.000360928 -0.663473
23 0.784523 0 0 0.01138 0.00651416 0.248465
24 -5.19429 19.5615 -1.06464 -0.000932693 0 -2.00714
25 6.02794 0 0 0.862991 0.616091 0.252488
26 11.7344 0 0 0.00140262 0 1.06994
27 8.81167 0 0 0.453867 0 0
28 5.77884 0 0 0.304091 0 0
29 2.23249 0 0 0.149776 0 0
30 11.4725 0 0 0.615125 -0.0369003 -0.758498
31 0.615812 0.994372 -0.809165 -2.97612 0.595303 0.240986
32 2.24752 0 0 -0.439682 0.14095 0.241995
33 1.11936 0 0 -0.0768327 0.184909 1.23966
34 3.71348 0.10264 0.102191 -1.78308 1.18087 -0.557246
35 1.72615 0 0 0.00173785 0.015606 1.23447
36 1.21112 0 0 -0.00755631 0.0282298 0.807687
37 3.5992 1.06012 0.070888 -1.6277 0.227533 -0.0640691
38 1.66069 0 0 0.00650428 0.077593 0.306618
39 1.16699 0 0 0.0412623 0.0180749 0.795628
40 2.18853 -0.50104 0.0576587 -1.56657 0.103413 -0.112923
41 1.29609 0 0 0.298645 0.152979 1.33583
42 1.62201 -0.000713348 -0.000469685 0.000354403 0.000501041 1.1262
43 1.2224 0 0 0.0314986 0.0181708 0.876842
44 1.76707 -1.27612 0.0366411 -1.55745 0.249311 -0.0923494
45 1.55587 0 0 0.425981 0.059784 1.32692
46 1.24273 0 0 0.000479016 0.000360986 0.778555
47 0.784531 0 0 -0.00952987 -0.0139657 0.779955
48 0 0 0 0 0 0
49 -3.16527 -17.2166 -5.4398 0 0 0
50 -0.169706 1.99333 0.168103 0 0 0
51 -0.00137663 7.84337 0.0965142 -0.000974076 0 -0.000399449
52 0 -6.39109 2.66389 0 1.39626 -1.5708
53 0 -3.88574 -0.867035 0 0 -1.5708
54 0 -2.3834 1.62041 0 1.39626 -1.5708
55 0 -9.60566 0.513889 0 0 -1.5708
56 -2.44017 -0.616137 1.06069 1.5708 0 0
57 -2.44109 0.616133 1.06069 1.5708 0 0
58 -3.08502 0.665716 -10.6558 -0.00169791 -0.959904 0.000991221
59 -3.08505 0.66458 -11.8262 -3.1399 0.959903 -3.1406
60 -3.33924 -15.8272 -3.18491 0.0196228 0 -0.000399305
61 -3.33926 -15.8042 -4.35509 0.0196227 0 -0.000399586
time 178
0 4.81773 6.1795 -11.3507 0.000934124 0 -1.48352
1 6.02794 0 0 -1.1721 0.0446309 -0.28957
2 11.7344 0 0 -0.00140288 0 -0.571582
3 8.81138 -0.000448227 -0.000112534 -1.61636 0 0.000157753
4 5.77839 0.000286102 0 -1.08296 0 0.000100495
5 2.23163 -0.000329971 -0.000363827 -0.5334 0 0
6 11.4725 0 0 -1.61638 0.259149 0.247209
7 0.615219 -0.993091 -0.810701 2.72336 0.28889 -0.318188
8 2.24752 0 0 0.0834079 0.0597636 0.0921361
9 1.11936 0 0 0.122456 0.204701 -0.132564
10 3.71348 -0.102641 0.10219 1.59106 0.373834 0.344891
11 1.72615 0 0 0 -0.00791244 -1.70582
12 1.21114 0 0 0.0148378 0.00366784 0.0614448
13 3.59919 -1.06012 0.0708876 1.53714 -0.137057 0.433762
14 1.66068 0 0 -0.0607524 0.0487354 -1.11842
15 1.167 0 0 0.003259 -0.000534912 -0.784203
16 2.18852 0.501039 0.0576591 1.55856 0.16523 0.120989
17 1.29609 0 0 -0.136068 0.0967532 -0.783319
18 1.62202 0.000713348 -0.000471115 0.031362 -0.0249809 -1.33151
19 1.22241 0 0 0.00397505 -0.000686057 -0.0478736
20 1.76707 1.27612 0.0366402 1.49753 0.495024 0.059555
21 1.55588 0 0 -0.191076 -0.0505248 -0.984774
22 1.24273 0 0 -0.000478964 0.000361097 -0.663473
23 0.784523 0 0 0.0113799 0.00651411 0.248465
24 -5.19429 19.5615 -1.06464 -0.000932693 0 -2.00714
25 6.02794 0 0 0.862969 0.616171 0.25239
26 11.7344 0 0 0.0014027 0 1.07034
27 8.81167 0 0 0.453785 0 0
28 5.77884 0 0 0.304036 0 0
29 2.23249 0 0 0.149749 0 0
30 11.4725 0 0 0.615064 -0.03659 -0.758975
31 0.615813 0.994372 -0.809165 -2.97612 0.595303 0.240986
32 2.24752 0 0 -0.439682 0.14095 0.241995
33 1.11936 0 0 -0.0768328 0.184909 1.23966
34 3.71349 0.102639 0.102191 -1.78308 1.18087 -0.557245
35 1.72615 0 0 0.00173774 0.015606 1.23447
36 1.21112 0 0 -0.00755629 0.0282297 0.807688
37 3.5992 1.06012 0.0708876 -1.6277 0.227533 -0.064069
38 1.66069 0 0 0.00650424 0.0775931 0.306618
39 1.16699 0 0 0.0412622 0.0180749 0.795628
40 2.18853 -0.50104 0.0576587 -1.56657 0.103413 -0.112922
41 1.29609 0 0 0.298645 0.152979 1.33583
42 1.62202 -0.000713348 -0.000469208 0.000354447 0.000500943 1.1262
43 1.22241 0 0 0.0314987 0.0181707 0.876842
44 1.76707 -1.27612 0.0366406 -1.55745 0.249311 -0.0923493
45 1.55588 0 0 0.425981 0.059784 1.32692
46 1.24273 0 0 0.000478988 0.000360966 0.778555
47 0.784532 0 0 -0.00953 -0.0139657 0.779955
48 0 0 0 0 0 0
49 -3.16527 -17.2166 -5.4398 0 0 0
50 -0.169706 1.99333 0.168103 0 0 0
51 -0.000917673 7.84574 0.0979328 -0.000649385 0 -0.0002663
52 0 -6.39109 2.66389 0 1.39626 -1.5708
53 0 -3.88574 -0.867035 0 0 -1.5708
54 0 -2.3834 1.62041 0 1.39626 -1.5708
55 0 -9.60567 0.513889 0 0 -1.5708
56 -2.44017 -0.616137 1.06069 1.5708 0 0
57 -2.44109 0.616133 1.06069 1.5708 0 0
58 -3.08558 0.669897 -10.6518 -0.0011319 -0.959913 0.000660726
59 -3.0856 0.669142 -11.8222 -3.14046 0.959912 -3.14093
60 -3.33767 -15.8254 -3.18623 0.0199475 0 -0.000266161
61 -3.33769 -15.8021 -4.35641 0.0199474 0 -0.000266437
time 179
0 4.81773 6.1795 -11.3507 0.000934124 0 -1.48352
1 6.02794 0 0 -1.1721 0.0455205 -0.28918
2 11.7344 0 0 -0.00140279 0 -0.57327
3 8.81138 -0.000450134 -0.000111818 -1.61646 0 0.000157626
4 5.77839 0.000286102 0 -1.08303 0 0.000100394
5 2.23164 -0.000329971 -0.000363827 -0.53343 0 0
6 11.4725 0 0 -1.61646 0.259144 0.248366
7 0.615219 -0.99309 -0.8107 2.72336 0.28889 -0.318188
8 2.24752 0 0 0.083408 0.0597637 0.0921362
9 1.11935 0 0 0.122456 0.204701 -0.132564
10 3.71348 -0.10264 0.102191 1.59106 0.373834 0.344891
11 1.72615 0 0 0 -0.00791219 -1.70582
12 1.21114 0 0 0.0148378 0.00366778 0.0614448
13 3.59919 -1.06012 0.0708876 1.53714 -0.137057 0.433763
14 1.66069 0 0 -0.0607525 0.0487353 -1.11842
15 1.167 0 0 0.00325897 -0.00053499 -0.784203
16 2.18853 0.50104 0.0576591 1.55856 0.16523 0.120989
17 1.29609 0 0 -0.136068 0.0967533 -0.783319
18 1.62202 0.000715256 -0.000472069 0.031362 -0.024981 -1.33151
19 1.22241 0 0 0.00397504 -0.000686117 -0.0478736
20 1.76707 1.27612 0.0366411 1.49753 0.495024 0.0595551
21 1.55588 0 0 -0.191076 -0.0505247 -0.984774
22 1.24273 0 0 -0.000478982 0.000360965 -0.663473
23 0.784525 0 0 0.0113801 0.00651396 0.248465
24 -5.19429 19.5615 -1.06464 -0.000932693 0 -2.00714
25 6.02794 0 0 0.86294 0.616278 0.25226
26 11.7344 0 0 0.0014026 0 1.07087
27 8.81167 0 0 0.453674 0 0
28 5.77884 0 0 0.303961 0 0
29 2.23249 0 0 0.149712 0 0
30 11.4725 0 0 0.614984 -0.0361761 -0.759611
31 0.615812 0.994372 -0.809165 -2.97612 0.595303 0.240986
32 2.24752 0 0 -0.439681 0.14095 0.241995
33 1.11936 0 0 -0.0768328 0.184909 1.23966
34 3.71349 0.102639 0.10219 -1.78309 1.18087 -0.557246
35 1.72615 0 0 0.00173774 0.015606 1.23447
36 1.21112 0 0 -0.00755628 0.0282297 0.807688
37 3.5992 1.06012 0.070888 -1.6277 0.227533 -0.0640692
38 1.66069 0 0 0.0065042 0.0775931 0.306618
39 1.16699 0 0 0.0412623 0.0180749 0.795629
40 2.18853 -0.50104 0.0576591 -1.56657 0.103413 -0.112923
41 1.29609 0 0 0.298645 0.152979 1.33583
42 1.62202 -0.000713348 -0.000469685 0.000354446 0.000500956 1.1262
43 1.22241 0 0 0.0314986 0.0181707 0.876842
44 1.76707 -1.27612 0.0366411 -1.55745 0.249311 -0.0923494
45 1.55587 0 0 0.425981 0.059784 1.32692
46 1.24273 0 0 0.000478952 0.000360982 0.778555
47 0.784532 0 0 -0.00952985 -0.0139656 0.779955
48 0 0 0 0 0 0
49 -3.16527 -17.2166 -5.4398 0 0 0
50 -0.169706 1.99333 0.168103 0 0 0
51 -0.000305891 7.8489 0.0998244 -0.000216463 0 0
52 0 -6.39109 2.66389 0 1.39626 -1.5708
53 0 -3.88574 -0.867035 0 0 -1.5708
54 0 -2.3834 1.62041 0 1.39626 -1.5708
55 0 -9.60567 0.513889 0 0 -1.5708
56 -2.44017 -0.616137 1.06069 1.5708 0 0
57 -2.44109 0.616133 1.06069 1.5708 0 0
58 -3.08633 0.675472 -10.6464 -0.000377104 -0.959925 0.000219956
59 -3.08634 0.675224 -11.8168 -3.14122 0.959924 -3.14137
60 -3.33559 -15.8231 -3.188 0.0203804 0 0
61 -3.33559 -15.7993 -4.35816 0.0203803 0 0
time 180
0 4.81773 6.1795 -11.3507 0.000934124 0 -1.48352
1 6.02794 0 0 -1.17209 0.045965 -0.288986
2 11.7344 0 0 -0.00140276 0 -0.574114
3 8.81138 -0.000450134 -0.000111818 -1.6165 0 0.000158301
4 5.77839 0.000286102 0 -1.08306 0 0.000100958
5 2.23163 -0.000328064 -0.000363827 -0.533445 0 0
6 11.4725 0 0 -1.6165 0.25914 0.248945
7 0.615219 -0.993091 -0.810699 2.72336 0.28889 -0.318188
8 2.24752 0 0 0.083408 0.0597637 0.0921363
9 1.11936 0 0 0.122456 0.204701 -0.132564
10 3.71348 -0.102641 0.102192 1.59106 0.373834 0.344891
11 1.72615 0 0 0 -0.00791231 -1.70582
12 1.21114 0 0 0.0148377 0.00366796 0.0614447
13 3.59919 -1.06012 0.0708885 1.53714 -0.137057 0.433762
14 1.66069 0 0 -0.0607525 0.0487353 -1.11842
15 1.167 0 0 0.00325902 -0.000534968 -0.784203
16 2.18852 0.50104 0.0576591 1.55856 0.16523 0.120989
17 1.29609 0 0 -0.136068 0.0967533 -0.783319
18 1.62202 0.000715256 -0.000470161 0.0313621 -0.0249812 -1.33151
19 1.22241 0 0 0.00397499 -0.000685999 -0.0478735
20 1.76707 1.27612 0.0366421 1.49753 0.495024 0.0595552
21 1.55588 0 0 -0.191076 -0.0505248 -0.984774
22 1.24274 0 0 -0.000478971 0.000360842 -0.663473
23 0.784523 0 0 0.0113799 0.00651417 0.248465
24 -5.19429 19.5615 -1.06464 -0.000932693 0 -2.00714
25 6.02794 0 0 0.862926 0.616331 0.252195
26 11.7344 0 0 0.0014026 0 1.07114
27 8.81167 0 0 0.453619 0 0
28 5.77884 0 0 0.303925 0 0
29 2.23249 0 0 0.149694 0 0
30 11.4725 0 0 0.614944 -0.0359693 -0.759929
31 0.615813 0.994372 -0.809165 -2.97612 0.595303 0.240986
32 2.24752 0 0 -0.439681 0.14095 0.241995
33 1.11936 0 0 -0.0768329 0.184909 1.23966
34 3.71349 0.102639 0.10219 -1.78308 1.18087 -0.557246
35 1.72615 0 0 0.00173781 0.0156061 1.23447
36 1.21112 0 0 -0.00755625 0.0282298 0.807688
37 3.5992 1.06012 0.0708876 -1.6277 0.227533 -0.0640691
38 1.66069 0 0 0.00650423 0.0775931 0.306618
39 1.16699 0 0 0.0412623 0.0180749 0.795629
40 2.18853 -0.50104 0.0576591 -1.56657 0.103413 -0.112922
41 1.29609 0 0 0.298645 0.152979 1.33583
42 1.62202 -0.000713348 -0.000469685 0.000354473 0.000500984 1.1262
43 1.22241 0 0 0.0314986 0.0181709 0.876842
44 1.76707 -1.27612 0.0366406 -1.55745 0.249311 -0.0923494
45 1.55587 0 0 0.425981 0.0597841 1.32692
46 1.24273 0 0 0.000478894 0.000360985 0.778555
47 0.784532 0 0 -0.00952982 -0.0139656 0.779955
48 0 0 0 0 0 0
49 -3.16527 -17.2166 -5.4398 0 0 0
50 -0.169706 1.99333 0.168103 0 0 0
51 0 7.85048 0.10077 0 0 0
52 0 -6.39109 2.66389 0 1.39626 -1.5708
53 0 -3.88574 -0.867035 0 0 -1.5708
54 0 -2.3834 1.62041 0 1.39626 -1.5708
55 0 -9.60567 0.513889 0 0 -1.5708
56 -2.44017 -0.616137 1.06069 1.5708 0 0
57 -2.44109 0.616133 1.06069 1.5708 0 0
58 -3.08671 0.678257 -10.6437 0 -0.959931 0
59 -3.08671 0.678261 -11.8141 3.14159 0.95993 3.14159
60 -3.33454 -15.822 -3.18888 0.0205969 0 0
61 -3.33454 -15.7979 -4.35904 0.0205968 0 0
end
