//Sequence File generated by the Wall Worm SMD Exporter PRO 1.99
//www.wallworm.com
version 1
nodes
0 "b_l_clav" -1
1 "b_l_upperarm" 0
2 "b_l_forearm" 1
3 "b_l_twist3" 2
4 "b_l_twist2" 2
5 "b_l_twist1" 2
6 "b_l_hand" 2
7 "b_l_thumb001" 6
8 "b_l_thumb002" 7
9 "b_l_thumb003" 8
10 "b_l_middle001" 6
11 "b_l_middle002" 10
12 "b_l_middle003" 11
13 "b_l_index001" 6
14 "b_l_index002" 13
15 "b_l_index003" 14
16 "b_l_hand_ringsqueezer" 6
17 "b_l_ring001" 16
18 "b_l_ring002" 17
19 "b_l_ring003" 18
20 "b_l_hand_pinkysqueezer" 6
21 "b_l_pinky001" 20
22 "b_l_pinky002" 21
23 "b_l_pinky003" 22
24 "b_r_clav" -1
25 "b_r_upperarm" 24
26 "b_r_forearm" 25
27 "b_r_twist3" 26
28 "b_r_twist2" 26
29 "b_r_twist1" 26
30 "b_r_hand" 26
31 "b_r_thumb001" 30
32 "b_r_thumb002" 31
33 "b_r_thumb003" 32
34 "b_r_middle001" 30
35 "b_r_middle002" 34
36 "b_r_middle003" 35
37 "b_r_index001" 30
38 "b_r_index002" 37
39 "b_r_index003" 38
40 "b_r_hand_ringsqueezer" 30
41 "b_r_ring001" 40
42 "b_r_ring002" 41
43 "b_r_ring003" 42
44 "b_r_hand_pinkysqueezer" 30
45 "b_r_pinky001" 44
46 "b_r_pinky002" 45
47 "b_r_pinky003" 46
48 "b_zero" -1
49 "d_clip" -1
50 "d_magfollower" 49
51 "d_boolet" 49
52 "d_gun" -1
53 "d_trig" 52
54 "d_slidelock" 52
55 "d_slide" 52
56 "d_ham" 52
57 "d_barrel" 52
end
skeleton
time 0
0 2.90881 6.05823 -3.71544 0.000934124 0 -0.725437
1 6.02794 0 0 -1.12166 0.400354 -0.75799
2 11.7344 0 0 -0.00140289 0 -0.635402
3 8.81138 -0.000450134 -0.000112534 -0.11946 0 0.000158715
4 5.77839 0.000286102 0 -0.0800383 0 0.000105814
5 2.23163 -0.000329018 -0.00036335 -0.0394218 0 0
6 11.4725 0 0 -0.204133 -0.329562 0.269127
7 0.615219 -0.993091 -0.8107 2.8564 0.427914 -0.348126
8 2.24752 0 0 0.742483 0.196537 -0.184311
9 1.11936 0 0 0.0569243 -0.0187488 -0.38543
10 3.71348 -0.102641 0.102191 1.55999 0.843181 0.0798623
11 1.72615 0 0 0.00870228 0.00432157 -1.08945
12 1.21114 0 0 0.00379982 0.0172221 -1.32561
13 3.59919 -1.06012 0.0708882 1.52729 0.379604 0.0109443
14 1.66069 0 0 -0.000891693 0.0778601 -0.234384
15 1.167 0 0 -0.0449929 0.0164959 -0.8571
16 2.18852 0.50104 0.0576593 1.52613 0.0997979 0.154747
17 1.29609 0 0 0.0247846 -0.039742 -0.746595
18 1.62202 0.000713348 -0.000471592 0.00528193 -0.0126014 -1.12707
19 1.22241 0 0 -0.0199585 0.00621242 -1.25809
20 1.76707 1.27612 0.0366412 1.35857 0.244319 0.100604
21 1.55588 0 0 -0.0216193 0.0244014 -0.43056
22 1.24273 0 0 -0.000479213 0.000360516 -0.969327
23 0.784523 0 0 0.00427085 0.00619488 -0.802021
24 -2.4735 6.38035 -5.29598 -0.000932693 0 -1.67936
25 6.02794 0 0 1.31005 0.41429 0.356671
26 11.7344 0 0 0.00140273 0 0.650346
27 8.81167 0 0 0.435876 0 0
28 5.77884 0 0 0.292037 0 0
29 2.23249 0 0 0.143839 0 0
30 11.4725 0 0 0.473395 -0.21673 -0.214105
31 0.615814 0.994373 -0.809166 -2.63072 -0.02299 0.302396
32 2.24752 0 0 -0.233939 0.119313 0.186604
33 1.11936 0 0 -0.10034 0.146391 0.154007
34 3.71349 0.10264 0.102191 -1.62656 0.647308 -0.0117741
35 1.72615 0 0 -0.0140398 -0.0034342 1.05412
36 1.21112 0 0 -0.0114087 0.0134492 0.623938
37 3.5992 1.06012 0.0708884 -1.82885 0.552225 -0.0809855
38 1.66069 0 0 0.0185625 0.0357885 0.837463
39 1.16699 0 0 -0.0214546 -0.0188799 0.512602
40 2.18853 -0.50104 0.0576593 -1.57595 -0.0519128 -0.112472
41 1.29609 0 0 -0.020726 -0.0420008 0.647344
42 1.62202 -0.000715256 -0.000469685 -0.0176409 -0.0302897 0.960613
43 1.22241 0 0 -0.0109008 -0.000363339 0.883798
44 1.76707 -1.27612 0.0366408 -1.57501 0.0279592 -0.0920013
45 1.55588 0 0 -0.0274838 -0.0875848 0.552803
46 1.24273 0 0 0.000478932 0.000360571 1.16748
47 0.784532 0 0 -0.00207165 0.00549201 0.856291
48 0 0 -9.79273 0 0 0
49 5.84575 -23.557 -6.07331 -0.00317329 0 0
50 0 -0.659983 2.32196 0 0 0
51 -0.013092 -0.0336647 1.41425 -1.27079 0 0
52 5.84656 -24.9106 -5.82486 0 0 0
53 0 -0.675064 1.41593 0 0 0
54 0 0.979378 2.33571 0.174533 0 0
55 0 -1.91969 2.85382 0 0 0
56 0 2.062 1.89702 -0.785398 0 0
57 0 -1.66928 2.60403 -0.0368113 0 0
time 1
0 2.90881 6.05823 -3.71544 0.000934124 0 -0.725437
1 6.02794 0 0 -1.12135 0.40027 -0.758232
2 11.7344 0 0 -0.00140281 0 -0.635162
3 8.81138 -0.000449181 -0.000112534 -0.120053 0 0.000157125
4 5.77839 0.000287056 0 -0.0804354 0 0.000104828
5 2.23163 -0.000329018 -0.000365257 -0.0396175 0 0
6 11.4725 0 0 -0.204748 -0.329999 0.269007
7 0.615219 -0.993091 -0.8107 2.8564 0.427913 -0.348126
8 2.24752 0 0 0.742483 0.196537 -0.184311
9 1.11936 0 0 0.0569243 -0.0187488 -0.38543
10 3.71348 -0.102641 0.10219 1.55999 0.843181 0.0798625
11 1.72615 0 0 0.00870227 0.00432159 -1.08945
12 1.21114 0 0 0.00379984 0.017222 -1.3256
13 3.59919 -1.06012 0.070888 1.52729 0.379604 0.0109443
14 1.66069 0 0 -0.00089168 0.0778601 -0.234383
15 1.167 0 0 -0.0449929 0.0164959 -0.8571
16 2.18852 0.50104 0.0576587 1.52613 0.099798 0.154747
17 1.29609 0 0 0.0247846 -0.039742 -0.746595
18 1.62202 0.000715256 -0.000471115 0.00528192 -0.0126013 -1.12707
19 1.22241 0 0 -0.0199585 0.00621243 -1.25809
20 1.76707 1.27612 0.0366406 1.35857 0.244319 0.100604
21 1.55588 0 0 -0.0216193 0.0244014 -0.43056
22 1.24274 0 0 -0.000479234 0.000360509 -0.969327
23 0.784523 0 0 0.00427085 0.00619488 -0.802021
24 -2.4735 6.38035 -5.29598 -0.000932693 0 -1.67936
25 6.02794 0 0 1.31045 0.414518 0.356458
26 11.7344 0 0 0.00140273 0 0.650676
27 8.81167 0 0 0.43519 0 0
28 5.77884 0 0 0.291577 0 0
29 2.23249 0 0 0.143613 0 0
30 11.4725 0 0 0.472637 -0.216397 -0.213841
31 0.61581 0.994372 -0.809165 -2.63072 -0.0229901 0.302397
32 2.24752 0 0 -0.233939 0.119313 0.186604
33 1.11936 0 0 -0.10034 0.146391 0.154007
34 3.71349 0.102639 0.102191 -1.62656 0.647308 -0.0117741
35 1.72615 0 0 -0.0140398 -0.00343417 1.05412
36 1.21112 0 0 -0.0114086 0.0134492 0.623938
37 3.5992 1.06012 0.0708883 -1.82885 0.552225 -0.0809854
38 1.66069 0 0 0.0185625 0.0357885 0.837463
39 1.16699 0 0 -0.0214546 -0.0188799 0.512602
40 2.18853 -0.50104 0.0576588 -1.57595 -0.051913 -0.112472
41 1.29609 0 0 -0.020726 -0.0420008 0.647344
42 1.62201 -0.000711441 -0.000469208 -0.0176409 -0.0302896 0.960613
43 1.22241 0 0 -0.0109009 -0.000363384 0.883798
44 1.76707 -1.27612 0.0366404 -1.57501 0.0279591 -0.0920013
45 1.55587 0 0 -0.0274839 -0.0875848 0.552803
46 1.24273 0 0 0.000478895 0.000360508 1.16748
47 0.784531 0 0 -0.00207166 0.00549203 0.856291
48 0 0 -9.79273 0 0 0
49 5.83973 -23.5574 -6.07368 -0.00344033 0.000273576 0
50 0 -0.659979 2.32196 0 0 0
51 -0.0130911 -0.0336609 1.41425 -1.27079 0 0
52 5.84066 -24.911 -5.82487 -0.000267438 0.000273697 0
53 0 -0.675064 1.41593 0 0 0
54 0 0.979376 2.33571 0.174533 0 0
55 0 -1.91969 2.85382 0 0 0
56 0 2.062 1.89702 -0.785398 0 0
57 0 -1.66928 2.60403 -0.0368113 0 0
time 2
0 2.90881 6.05823 -3.71544 0.000934124 0 -0.725437
1 6.02794 0 0 -1.1205 0.400048 -0.758878
2 11.7344 0 0 -0.0014028 0 -0.634507
3 8.81139 -0.000449181 -0.00011158 -0.121666 0 0.000157631
4 5.77839 0.000287056 0 -0.0815164 0 0.00010503
5 2.23164 -0.000329018 -0.00036335 -0.0401499 0 0
6 11.4725 0 0 -0.20641 -0.331178 0.268664
7 0.615221 -0.993092 -0.8107 2.8564 0.427913 -0.348127
8 2.24752 0 0 0.742483 0.196537 -0.184311
9 1.11936 0 0 0.0569243 -0.0187488 -0.38543
10 3.71348 -0.102641 0.102191 1.55999 0.843181 0.0798625
11 1.72615 0 0 0.00870228 0.00432156 -1.08945
12 1.21114 0 0 0.00379984 0.0172221 -1.32561
13 3.59919 -1.06012 0.0708882 1.52729 0.379604 0.0109444
14 1.66068 0 0 -0.000891674 0.07786 -0.234384
15 1.167 0 0 -0.0449929 0.0164959 -0.8571
16 2.18852 0.50104 0.0576587 1.52613 0.099798 0.154747
17 1.29609 0 0 0.0247846 -0.039742 -0.746595
18 1.62202 0.000711441 -0.000471592 0.00528193 -0.0126014 -1.12707
19 1.22241 0 0 -0.0199585 0.00621242 -1.25809
20 1.76707 1.27612 0.0366412 1.35857 0.244319 0.100604
21 1.55587 0 0 -0.0216193 0.0244014 -0.43056
22 1.24274 0 0 -0.000479213 0.000360516 -0.969328
23 0.784523 0 0 0.00427086 0.00619489 -0.802021
24 -2.4735 6.38035 -5.29598 -0.000932693 0 -1.67936
25 6.02794 0 0 1.31153 0.415125 0.355894
26 11.7344 0 0 0.0014026 0 0.651537
27 8.81167 0 0 0.433351 0 0
28 5.77884 0 0 0.290345 0 0
29 2.23249 0 0 0.143006 0 0
30 11.4725 0 0 0.470599 -0.21551 -0.213109
31 0.615812 0.994373 -0.809165 -2.63072 -0.0229901 0.302397
32 2.24752 0 0 -0.233939 0.119313 0.186604
33 1.11936 0 0 -0.10034 0.146391 0.154007
34 3.71349 0.102639 0.102191 -1.62656 0.647308 -0.011774
35 1.72615 0 0 -0.0140398 -0.00343417 1.05412
36 1.21112 0 0 -0.0114087 0.0134492 0.623938
37 3.5992 1.06012 0.0708883 -1.82885 0.552225 -0.0809854
38 1.66069 0 0 0.0185625 0.0357885 0.837463
39 1.16699 0 0 -0.0214546 -0.0188799 0.512602
40 2.18853 -0.50104 0.0576591 -1.57595 -0.0519128 -0.112472
41 1.29609 0 0 -0.020726 -0.0420008 0.647344
42 1.62201 -0.000714302 -0.000469685 -0.0176409 -0.0302896 0.960613
43 1.22241 0 0 -0.0109009 -0.000363405 0.883798
44 1.76707 -1.27612 0.0366409 -1.57501 0.0279591 -0.0920012
45 1.55587 0 0 -0.0274838 -0.0875848 0.552803
46 1.24273 0 0 0.000478927 0.000360583 1.16748
47 0.784532 0 0 -0.00207167 0.005492 0.856291
48 0 0 -9.79273 0 0 0
49 5.82376 -23.5584 -6.07483 -0.00416727 0.00102247 0.000158604
50 0 -0.659981 2.32196 0 0 0
51 -0.0130925 -0.0336647 1.41425 -1.27079 0 0
52 5.82504 -24.9118 -5.82504 -0.000994368 0.00102258 0.000159476
53 0 -0.675066 1.41593 0 0 0
54 0 0.979378 2.33571 0.174533 0 0
55 0 -1.91969 2.85382 0 0 0
56 0 2.062 1.89702 -0.785398 0 0
57 0 -1.66928 2.60403 -0.0368113 0 0
time 3
0 2.90881 6.05823 -3.71544 0.000934124 0 -0.725437
1 6.02794 0 0 -1.11928 0.399732 -0.759809
2 11.7344 0 0 -0.00140284 0 -0.633522
3 8.81138 -0.000450134 -0.000112057 -0.124051 0 0.000158454
4 5.77839 0.000286102 0 -0.0831141 0 0.00010557
5 2.23164 -0.000329971 -0.000364304 -0.0409369 0 0
6 11.4725 0 0 -0.20884 -0.332896 0.268114
7 0.615221 -0.993091 -0.8107 2.8564 0.427913 -0.348126
8 2.24752 0 0 0.742483 0.196537 -0.184311
9 1.11936 0 0 0.0569241 -0.0187487 -0.38543
10 3.71348 -0.102641 0.10219 1.55999 0.843181 0.0798626
11 1.72615 0 0 0.00870228 0.00432156 -1.08945
12 1.21114 0 0 0.00379983 0.0172221 -1.3256
13 3.59919 -1.06012 0.070888 1.52729 0.379604 0.0109443
14 1.66069 0 0 -0.000891665 0.0778601 -0.234384
15 1.167 0 0 -0.0449929 0.0164959 -0.8571
16 2.18852 0.50104 0.0576595 1.52613 0.099798 0.154747
17 1.29609 0 0 0.0247847 -0.039742 -0.746595
18 1.62202 0.000711441 -0.000471115 0.00528194 -0.0126014 -1.12707
19 1.22241 0 0 -0.0199585 0.00621243 -1.25809
20 1.76707 1.27612 0.0366406 1.35857 0.244319 0.100604
21 1.55587 0 0 -0.0216193 0.0244014 -0.43056
22 1.24274 0 0 -0.000479243 0.00036051 -0.969328
23 0.784523 0 0 0.00427086 0.00619489 -0.802021
24 -2.4735 6.38035 -5.29598 -0.000932693 0 -1.67936
25 6.02794 0 0 1.31308 0.415983 0.355094
26 11.7344 0 0 0.00140263 0 0.652711
27 8.81167 0 0 0.430687 0 0
28 5.77884 0 0 0.288561 0 0
29 2.23249 0 0 0.142127 0 0
30 11.4725 0 0 0.46763 -0.214231 -0.211988
31 0.615812 0.994373 -0.809166 -2.63072 -0.0229901 0.302397
32 2.24752 0 0 -0.233939 0.119313 0.186604
33 1.11936 0 0 -0.10034 0.146391 0.154007
34 3.71349 0.102639 0.102191 -1.62656 0.647308 -0.011774
35 1.72615 0 0 -0.0140398 -0.00343419 1.05412
36 1.21112 0 0 -0.0114086 0.0134492 0.623938
37 3.5992 1.06012 0.0708883 -1.82885 0.552225 -0.0809854
38 1.66069 0 0 0.0185625 0.0357885 0.837463
39 1.16699 0 0 -0.0214546 -0.0188799 0.512602
40 2.18853 -0.50104 0.0576595 -1.57595 -0.0519128 -0.112472
41 1.29609 0 0 -0.0207261 -0.0420008 0.647344
42 1.62202 -0.000713348 -0.000469685 -0.0176409 -0.0302896 0.960613
43 1.22241 0 0 -0.0109008 -0.000363375 0.883798
44 1.76707 -1.27612 0.0366408 -1.57501 0.0279592 -0.0920012
45 1.55587 0 0 -0.0274839 -0.0875848 0.552803
46 1.24273 0 0 0.00047892 0.000360559 1.16748
47 0.784532 0 0 -0.00207167 0.00549204 0.856291
48 0 0 -9.79273 0 0 0
49 5.801 -23.5599 -6.07685 -0.00524277 0.00213791 0.000334412
50 0 -0.659983 2.32196 0 0 0
51 -0.0130916 -0.0336666 1.41425 -1.27079 0 0
52 5.8028 -24.9131 -5.82561 -0.00206988 0.00213803 0.000335289
53 0 -0.675062 1.41593 0 0 0
54 0 0.979378 2.33571 0.174533 0 0
55 0 -1.91969 2.85382 0 0 0
56 0 2.062 1.89702 -0.785398 0 0
57 0 -1.66928 2.60403 -0.0368113 0 0
time 4
0 2.90881 6.05823 -3.71544 0.000934124 0 -0.725437
1 6.02794 0 0 -1.11784 0.399368 -0.760902
2 11.7344 0 0 -0.00140298 0 -0.632302
3 8.81138 -0.000451088 -0.00011301 -0.126956 0 0.000159009
4 5.77839 0.000286102 0 -0.0850609 0 0.000105987
5 2.23163 -0.000329018 -0.00036478 -0.0418957 0 0
6 11.4725 0 0 -0.211758 -0.334948 0.267381
7 0.615219 -0.993091 -0.8107 2.8564 0.427913 -0.348126
8 2.24752 0 0 0.742483 0.196537 -0.184311
9 1.11936 0 0 0.0569243 -0.0187488 -0.38543
10 3.71348 -0.102641 0.102191 1.55999 0.843181 0.0798625
11 1.72615 0 0 0.0087023 0.00432154 -1.08945
12 1.21114 0 0 0.00379984 0.017222 -1.32561
13 3.59919 -1.06012 0.0708888 1.52729 0.379605 0.0109444
14 1.66069 0 0 -0.000891688 0.0778601 -0.234383
15 1.167 0 0 -0.0449929 0.0164959 -0.8571
16 2.18852 0.50104 0.0576594 1.52613 0.099798 0.154747
17 1.29609 0 0 0.0247847 -0.039742 -0.746595
18 1.62202 0.000713348 -0.000471115 0.00528194 -0.0126014 -1.12707
19 1.22241 0 0 -0.0199585 0.00621244 -1.25809
20 1.76707 1.27612 0.0366411 1.35857 0.244319 0.100604
21 1.55588 0 0 -0.0216193 0.0244014 -0.43056
22 1.24274 0 0 -0.000479212 0.000360516 -0.969327
23 0.784523 0 0 0.00427084 0.00619488 -0.802021
24 -2.4735 6.38035 -5.29598 -0.000932693 0 -1.67936
25 6.02794 0 0 1.31488 0.416971 0.354171
26 11.7344 0 0 0.00140264 0 0.65399
27 8.81167 0 0 0.427529 0 0
28 5.77884 0 0 0.286445 0 0
29 2.23249 0 0 0.141085 0 0
30 11.4725 0 0 0.464086 -0.212726 -0.21056
31 0.61581 0.994373 -0.809166 -2.63072 -0.0229901 0.302397
32 2.24752 0 0 -0.233939 0.119313 0.186604
33 1.11936 0 0 -0.10034 0.146391 0.154007
34 3.71349 0.10264 0.102191 -1.62656 0.647308 -0.0117741
35 1.72615 0 0 -0.0140398 -0.0034342 1.05412
36 1.21112 0 0 -0.0114086 0.0134492 0.623938
37 3.5992 1.06012 0.0708883 -1.82885 0.552225 -0.0809855
38 1.66069 0 0 0.0185625 0.0357885 0.837463
39 1.16699 0 0 -0.0214546 -0.0188799 0.512602
40 2.18853 -0.50104 0.0576594 -1.57595 -0.0519128 -0.112472
41 1.29609 0 0 -0.020726 -0.0420008 0.647344
42 1.62202 -0.000715256 -0.000469208 -0.0176409 -0.0302897 0.960613
43 1.22241 0 0 -0.0109008 -0.000363353 0.883798
44 1.76707 -1.27612 0.0366406 -1.57501 0.0279593 -0.0920013
45 1.55587 0 0 -0.0274838 -0.0875849 0.552803
46 1.24273 0 0 0.00047894 0.000360583 1.16748
47 0.784532 0 0 -0.00207165 0.00549204 0.856291
48 0 0 -9.79273 0 0 0
49 5.77462 -23.5619 -6.07983 -0.00655556 0.00351136 0.000553752
50 0 -0.659981 2.32196 0 0 0
51 -0.0130916 -0.0336647 1.41425 -1.27079 0 0
52 5.77707 -24.9147 -5.82681 -0.00338263 0.00351146 0.000554648
53 0 -0.675064 1.41593 0 0 0
54 0 0.979376 2.33571 0.174533 0 0
55 0 -1.91969 2.85382 0 0 0
56 0 2.062 1.89702 -0.785398 0 0
57 0 -1.66928 2.60403 -0.0368113 0 0
time 5
0 2.90881 6.05823 -3.71544 0.000934124 0 -0.725437
1 6.02794 0 0 -1.11635 0.399003 -0.762035
2 11.7344 0 0 -0.00140285 0 -0.630944
3 8.81139 -0.000450134 -0.00011158 -0.130132 0 0.000157395
4 5.77839 0.000286102 0 -0.0871882 0 0.000104925
5 2.23164 -0.000329971 -0.00036335 -0.0429437 0 0
6 11.4725 0 0 -0.214891 -0.337135 0.266486
7 0.615219 -0.993091 -0.8107 2.8564 0.427913 -0.348126
8 2.24752 0 0 0.742483 0.196537 -0.184311
9 1.11936 0 0 0.0569243 -0.0187487 -0.38543
10 3.71348 -0.102641 0.102191 1.55999 0.843181 0.0798624
11 1.72615 0 0 0.00870228 0.00432158 -1.08945
12 1.21114 0 0 0.00379984 0.0172221 -1.32561
13 3.59919 -1.06012 0.0708881 1.52729 0.379604 0.0109444
14 1.66069 0 0 -0.000891682 0.07786 -0.234384
15 1.167 0 0 -0.0449929 0.0164959 -0.8571
16 2.18853 0.50104 0.0576589 1.52613 0.099798 0.154747
17 1.29609 0 0 0.0247846 -0.039742 -0.746595
18 1.62202 0.000713348 -0.000470638 0.00528193 -0.0126014 -1.12707
19 1.22241 0 0 -0.0199585 0.00621245 -1.25809
20 1.76707 1.27612 0.0366411 1.35857 0.244319 0.100604
21 1.55588 0 0 -0.0216193 0.0244014 -0.43056
22 1.24274 0 0 -0.000479223 0.000360519 -0.969327
23 0.784523 0 0 0.00427086 0.0061949 -0.802021
24 -2.4735 6.38035 -5.29598 -0.000932693 0 -1.67936
25 6.02794 0 0 1.31673 0.417963 0.353233
26 11.7344 0 0 0.00140278 0 0.655169
27 8.81167 0 0 0.424199 0 0
28 5.77884 0 0 0.284214 0 0
29 2.23249 0 0 0.139986 0 0
30 11.4725 0 0 0.460313 -0.211159 -0.208905
31 0.615814 0.994373 -0.809166 -2.63072 -0.02299 0.302397
32 2.24752 0 0 -0.233939 0.119313 0.186604
33 1.11936 0 0 -0.10034 0.146391 0.154007
34 3.71349 0.10264 0.102191 -1.62656 0.647308 -0.011774
35 1.72615 0 0 -0.0140398 -0.00343417 1.05412
36 1.21112 0 0 -0.0114086 0.0134492 0.623938
37 3.5992 1.06012 0.0708883 -1.82885 0.552225 -0.0809854
38 1.66069 0 0 0.0185625 0.0357885 0.837463
39 1.16699 0 0 -0.0214547 -0.0188799 0.512602
40 2.18853 -0.50104 0.0576593 -1.57595 -0.051913 -0.112472
41 1.29609 0 0 -0.020726 -0.0420008 0.647344
42 1.62202 -0.000714302 -0.000470161 -0.0176409 -0.0302896 0.960613
43 1.22241 0 0 -0.0109008 -0.000363365 0.883798
44 1.76707 -1.27612 0.0366405 -1.57501 0.0279591 -0.0920011
45 1.55588 0 0 -0.0274839 -0.0875848 0.552803
46 1.24273 0 0 0.000478927 0.000360576 1.16748
47 0.784531 0 0 -0.00207169 0.00549203 0.856291
48 0 0 -9.79273 0 0 0
49 5.74777 -23.564 -6.08384 -0.00799417 0.00503416 0.000801404
50 0 -0.659985 2.32196 0 0 0
51 -0.0130916 -0.0336647 1.41425 -1.27079 0 0
52 5.75094 -24.9165 -5.82888 -0.0048213 0.00503426 0.000802279
53 0 -0.675066 1.41593 0 0 0
54 0 0.979376 2.33571 0.174533 0 0
55 0 -1.91969 2.85382 0 0 0
56 0 2.062 1.89702 -0.785398 0 0
57 0 -1.66928 2.60403 -0.0368113 0 0
time 6
0 2.90881 6.05823 -3.71544 0.000934124 0 -0.725437
1 6.02794 0 0 -1.11494 0.398685 -0.763085
2 11.7344 0 0 -0.00140284 0 -0.629544
3 8.81139 -0.000450134 -0.000112057 -0.133325 0 0.000158407
4 5.77839 0.000286102 0 -0.0893277 0 0.000105617
5 2.23164 -0.000329971 -0.00036335 -0.0439973 0 0
6 11.4725 0 0 -0.217959 -0.339249 0.265448
7 0.615221 -0.993091 -0.8107 2.8564 0.427913 -0.348127
8 2.24752 0 0 0.742483 0.196537 -0.184311
9 1.11936 0 0 0.0569244 -0.0187487 -0.38543
10 3.71348 -0.102641 0.102191 1.55999 0.843181 0.0798624
11 1.72615 0 0 0.00870228 0.00432156 -1.08945
12 1.21114 0 0 0.00379985 0.0172221 -1.3256
13 3.59919 -1.06012 0.070888 1.52729 0.379604 0.0109443
14 1.66069 0 0 -0.000891671 0.07786 -0.234384
15 1.167 0 0 -0.0449929 0.0164959 -0.8571
16 2.18853 0.50104 0.0576586 1.52613 0.0997979 0.154747
17 1.29609 0 0 0.0247846 -0.039742 -0.746595
18 1.62202 0.000717163 -0.000471115 0.00528193 -0.0126014 -1.12707
19 1.22241 0 0 -0.0199585 0.00621243 -1.25809
20 1.76707 1.27612 0.0366406 1.35857 0.244319 0.100604
21 1.55588 0 0 -0.0216193 0.0244014 -0.43056
22 1.24273 0 0 -0.000479214 0.000360519 -0.969328
23 0.784523 0 0 0.00427083 0.00619487 -0.802021
24 -2.4735 6.38035 -5.29598 -0.000932693 0 -1.67936
25 6.02794 0 0 1.31842 0.418843 0.352392
26 11.7344 0 0 0.00140269 0 0.656048
27 8.81167 0 0 0.421024 0 0
28 5.77884 0 0 0.282086 0 0
29 2.23249 0 0 0.138938 0 0
30 11.4725 0 0 0.456663 -0.209703 -0.207108
31 0.615814 0.994373 -0.809166 -2.63072 -0.0229901 0.302397
32 2.24752 0 0 -0.233939 0.119313 0.186604
33 1.11935 0 0 -0.10034 0.146391 0.154007
34 3.71349 0.10264 0.102191 -1.62656 0.647308 -0.011774
35 1.72615 0 0 -0.0140398 -0.00343419 1.05412
36 1.21112 0 0 -0.0114086 0.0134492 0.623938
37 3.5992 1.06012 0.0708879 -1.82885 0.552225 -0.0809855
38 1.66069 0 0 0.0185625 0.0357885 0.837463
39 1.16699 0 0 -0.0214546 -0.0188799 0.512602
40 2.18853 -0.50104 0.0576593 -1.57595 -0.0519129 -0.112472
41 1.29609 0 0 -0.020726 -0.0420008 0.647344
42 1.62201 -0.000713348 -0.000470161 -0.0176409 -0.0302897 0.960613
43 1.22241 0 0 -0.0109008 -0.000363346 0.883798
44 1.76707 -1.27612 0.03664 -1.57501 0.0279592 -0.0920013
45 1.55588 0 0 -0.0274838 -0.0875848 0.552803
46 1.24273 0 0 0.000478916 0.000360581 1.16748
47 0.784532 0 0 -0.00207168 0.00549205 0.856291
48 0 0 -9.79273 0 0 0
49 5.7236 -23.5663 -6.08897 -0.00944747 0.00659772 0.00106192
50 0 -0.659979 2.32196 0 0 0
51 -0.0130925 -0.0336609 1.41425 -1.27079 0 0
52 5.72754 -24.9184 -5.83204 -0.00627458 0.00659784 0.0010628
53 0 -0.675066 1.41593 0 0 0
54 0 0.979376 2.33571 0.174533 0 0
55 0 -1.91969 2.85382 0 0 0
56 0 2.062 1.89702 -0.785398 0 0
57 0 -1.66928 2.60403 -0.0368113 0 0
time 7
0 2.90881 6.05823 -3.71544 0.000934124 0 -0.725437
1 6.02794 0 0 -1.11379 0.398465 -0.763926
2 11.7344 0 0 -0.00140306 0 -0.628206
3 8.81138 -0.000448227 -0.000112534 -0.136281 0 0.000157895
4 5.77839 0.000287056 0 -0.0913084 0 0.00010512
5 2.23163 -0.000329018 -0.00036478 -0.0449728 0 0
6 11.4725 0 0 -0.22069 -0.341089 0.264286
7 0.615219 -0.993092 -0.810699 2.8564 0.427914 -0.348126
8 2.24752 0 0 0.742483 0.196537 -0.184311
9 1.11936 0 0 0.0569244 -0.0187488 -0.38543
10 3.71348 -0.102641 0.102191 1.55999 0.843181 0.0798626
11 1.72615 0 0 0.00870229 0.00432158 -1.08945
12 1.21114 0 0 0.00379983 0.017222 -1.3256
13 3.5992 -1.06012 0.0708884 1.52729 0.379605 0.0109444
14 1.66069 0 0 -0.000891682 0.07786 -0.234384
15 1.167 0 0 -0.0449929 0.0164959 -0.8571
16 2.18852 0.50104 0.0576597 1.52613 0.099798 0.154747
17 1.29609 0 0 0.0247846 -0.039742 -0.746595
18 1.62201 0.000715256 -0.000471115 0.00528192 -0.0126014 -1.12707
19 1.22241 0 0 -0.0199585 0.00621243 -1.25809
20 1.76707 1.27612 0.0366415 1.35857 0.244319 0.100604
21 1.55588 0 0 -0.0216193 0.0244014 -0.43056
22 1.24274 0 0 -0.000479203 0.000360515 -0.969327
23 0.784523 0 0 0.00427085 0.00619489 -0.802021
24 -2.4735 6.38035 -5.29598 -0.000932693 0 -1.67936
25 6.02794 0 0 1.31973 0.419494 0.351753
26 11.7344 0 0 0.00140268 0 0.656429
27 8.81167 0 0 0.418329 0 0
28 5.77884 0 0 0.280281 0 0
29 2.23249 0 0 0.138049 0 0
30 11.4725 0 0 0.453489 -0.208534 -0.205249
31 0.615812 0.994372 -0.809165 -2.63072 -0.0229901 0.302397
32 2.24752 0 0 -0.233939 0.119313 0.186604
33 1.11936 0 0 -0.10034 0.146391 0.154007
34 3.71348 0.10264 0.102191 -1.62656 0.647308 -0.011774
35 1.72615 0 0 -0.0140398 -0.00343416 1.05412
36 1.21112 0 0 -0.0114086 0.0134492 0.623938
37 3.5992 1.06012 0.0708882 -1.82885 0.552225 -0.0809853
38 1.66069 0 0 0.0185625 0.0357885 0.837463
39 1.16699 0 0 -0.0214546 -0.0188799 0.512602
40 2.18853 -0.50104 0.0576589 -1.57595 -0.0519128 -0.112472
41 1.29609 0 0 -0.020726 -0.0420007 0.647344
42 1.62202 -0.000713348 -0.000469685 -0.0176409 -0.0302897 0.960613
43 1.22241 0 0 -0.0109008 -0.000363312 0.883798
44 1.76707 -1.27612 0.0366405 -1.57501 0.0279592 -0.0920013
45 1.55588 0 0 -0.0274838 -0.0875848 0.552803
46 1.24273 0 0 0.000478941 0.000360591 1.16748
47 0.784532 0 0 -0.00207169 0.00549207 0.856291
48 0 0 -9.79273 0 0 0
49 5.70525 -23.5685 -6.0953 -0.0108041 0.00809351 0.00131976
50 0 -0.659983 2.32196 0 0 0
51 -0.0130916 -0.0336628 1.41425 -1.27079 0 0
52 5.70994 -24.9202 -5.83655 -0.00763116 0.00809363 0.00132064
53 0 -0.675064 1.41593 0 0 0
54 0 0.979374 2.33571 0.174533 0 0
55 0 -1.9197 2.85382 0 0 0
56 0 2.062 1.89702 -0.785398 0 0
57 0 -1.66928 2.60403 -0.0368113 0 0
time 8
0 2.90881 6.05823 -3.71544 0.000934124 0 -0.725437
1 6.02794 0 0 -1.11276 0.398422 -0.764572
2 11.7344 0 0 -0.00140292 0 -0.626895
3 8.81139 -0.000450134 -0.000112534 -0.138982 0 0.000157709
4 5.77839 0.000286102 0 -0.0931178 0 0.000105158
5 2.23164 -0.000329971 -0.000364304 -0.045864 0 0
6 11.4725 0 0 -0.223074 -0.342682 0.263001
7 0.615221 -0.993091 -0.810699 2.8564 0.427913 -0.348126
8 2.24752 0 0 0.742483 0.196537 -0.184311
9 1.11936 0 0 0.0569244 -0.0187487 -0.38543
10 3.71348 -0.102642 0.102192 1.55999 0.843181 0.0798625
11 1.72615 0 0 0.00870228 0.00432156 -1.08945
12 1.21114 0 0 0.00379983 0.0172221 -1.3256
13 3.59919 -1.06012 0.0708887 1.52729 0.379604 0.0109444
14 1.66069 0 0 -0.000891686 0.0778601 -0.234384
15 1.167 0 0 -0.0449929 0.0164959 -0.8571
16 2.18853 0.50104 0.0576596 1.52613 0.0997979 0.154747
17 1.29609 0 0 0.0247846 -0.039742 -0.746595
18 1.62202 0.000715256 -0.000471115 0.00528194 -0.0126014 -1.12707
19 1.22241 0 0 -0.0199585 0.00621241 -1.25809
20 1.76707 1.27612 0.0366412 1.35857 0.244319 0.100604
21 1.55587 0 0 -0.0216193 0.0244014 -0.43056
22 1.24274 0 0 -0.000479227 0.000360511 -0.969327
23 0.784523 0 0 0.00427084 0.00619488 -0.802021
24 -2.4735 6.38035 -5.29598 -0.000932693 0 -1.67936
25 6.02794 0 0 1.32064 0.42008 0.351267
26 11.7344 0 0 0.00140286 0 0.656403
27 8.81167 0 0 0.416254 0 0
28 5.77884 0 0 0.27889 0 0
29 2.23249 0 0 0.137364 0 0
30 11.4725 0 0 0.45093 -0.207659 -0.203345
31 0.615812 0.994372 -0.809166 -2.63072 -0.0229901 0.302397
32 2.24751 0 0 -0.233939 0.119313 0.186604
33 1.11936 0 0 -0.10034 0.146391 0.154007
34 3.71349 0.102639 0.102191 -1.62656 0.647308 -0.0117739
35 1.72615 0 0 -0.0140398 -0.00343419 1.05412
36 1.21112 0 0 -0.0114087 0.0134492 0.623938
37 3.5992 1.06012 0.070888 -1.82885 0.552225 -0.0809853
38 1.66069 0 0 0.0185625 0.0357885 0.837463
39 1.16699 0 0 -0.0214546 -0.0188799 0.512602
40 2.18853 -0.501041 0.0576589 -1.57595 -0.0519128 -0.112472
41 1.29609 0 0 -0.020726 -0.0420008 0.647344
42 1.62202 -0.000712395 -0.000469685 -0.0176409 -0.0302896 0.960613
43 1.22241 0 0 -0.0109008 -0.000363366 0.883798
44 1.76707 -1.27612 0.0366405 -1.57501 0.0279593 -0.0920012
45 1.55587 0 0 -0.0274838 -0.0875848 0.552803
46 1.24273 0 0 0.000478941 0.000360591 1.16748
47 0.784532 0 0 -0.00207169 0.00549203 0.856291
48 0 0 -9.79273 0 0 0
49 5.69176 -23.5706 -6.10569 -0.0119526 0.00941287 0.00155969
50 0 -0.659983 2.32196 0 0 0
51 -0.0130925 -0.0336609 1.41425 -1.27079 0 0
52 5.69712 -24.922 -5.84539 -0.00877969 0.009413 0.00156055
53 0 -0.675064 1.41593 0 0 0
54 0 0.979376 2.33571 0.174533 0 0
55 0 -1.91969 2.85382 0 0 0
56 0 2.062 1.89702 -0.785398 0 0
57 0 -1.66927 2.60403 -0.0368113 0 0
time 9
0 2.90881 6.05823 -3.71544 0.000934124 0 -0.725437
1 6.02794 0 0 -1.11169 0.398591 -0.765111
2 11.7344 0 0 -0.00140283 0 -0.625579
3 8.81139 -0.000449181 -0.00011158 -0.141447 0 0.000158214
4 5.77839 0.000287056 0 -0.0947699 0 0.000105311
5 2.23164 -0.000329018 -0.000364304 -0.0466777 0 0
6 11.4725 0 0 -0.22519 -0.344129 0.261695
7 0.615219 -0.993091 -0.8107 2.8564 0.427913 -0.348126
8 2.24752 0 0 0.742483 0.196537 -0.184311
9 1.11936 0 0 0.0569243 -0.0187488 -0.38543
10 3.71348 -0.102641 0.102191 1.55999 0.843181 0.0798625
11 1.72615 0 0 0.00870227 0.00432159 -1.08945
12 1.21114 0 0 0.00379985 0.017222 -1.3256
13 3.59919 -1.06012 0.070888 1.52729 0.379604 0.0109444
14 1.66069 0 0 -0.000891689 0.07786 -0.234384
15 1.167 0 0 -0.0449929 0.0164959 -0.8571
16 2.18853 0.50104 0.0576591 1.52613 0.0997978 0.154747
17 1.29609 0 0 0.0247847 -0.039742 -0.746595
18 1.62202 0.000713348 -0.000471592 0.00528191 -0.0126014 -1.12707
19 1.22241 0 0 -0.0199585 0.00621245 -1.25809
20 1.76707 1.27612 0.0366405 1.35857 0.244319 0.100604
21 1.55588 0 0 -0.0216193 0.0244014 -0.43056
22 1.24273 0 0 -0.000479229 0.000360516 -0.969328
23 0.784523 0 0 0.00427086 0.00619489 -0.802021
24 -2.4735 6.38035 -5.29598 -0.000932693 0 -1.67936
25 6.02794 0 0 1.32126 0.420843 0.350821
26 11.7344 0 0 0.00140265 0 0.656254
27 8.81167 0 0 0.414799 0 0
28 5.77884 0 0 0.277916 0 0
29 2.23249 0 0 0.136884 0 0
30 11.4725 0 0 0.449005 -0.206982 -0.201492
31 0.615812 0.994373 -0.809165 -2.63072 -0.0229901 0.302397
32 2.24752 0 0 -0.233939 0.119313 0.186604
33 1.11936 0 0 -0.10034 0.146391 0.154007
34 3.71348 0.10264 0.102191 -1.62656 0.647308 -0.0117741
35 1.72615 0 0 -0.0140398 -0.00343418 1.05412
36 1.21112 0 0 -0.0114086 0.0134492 0.623938
37 3.5992 1.06012 0.070888 -1.82885 0.552225 -0.0809854
38 1.66069 0 0 0.0185625 0.0357885 0.837463
39 1.16699 0 0 -0.0214546 -0.0188799 0.512602
40 2.18853 -0.50104 0.0576589 -1.57595 -0.0519129 -0.112472
41 1.29609 0 0 -0.0207261 -0.0420008 0.647344
42 1.62201 -0.000715256 -0.000469685 -0.0176409 -0.0302896 0.960613
43 1.22241 0 0 -0.0109008 -0.000363358 0.883798
44 1.76707 -1.27612 0.0366404 -1.57501 0.0279592 -0.0920012
45 1.55587 0 0 -0.0274838 -0.0875848 0.552803
46 1.24273 0 0 0.000478919 0.000360572 1.16748
47 0.784531 0 0 -0.00207167 0.00549204 0.856291
48 0 0 -9.79273 0 0 0
49 5.68011 -23.5722 -6.12223 -0.0127818 0.0104474 0.00176616
50 0 -0.659979 2.32196 0 0 0
51 -0.0130925 -0.0336628 1.41425 -1.27079 0 0
52 5.68604 -24.9234 -5.86081 -0.00960887 0.0104475 0.00176703
53 0 -0.675064 1.41593 0 0 0
54 0 0.979376 2.33571 0.174533 0 0
55 0 -1.91969 2.85382 0 0 0
56 0 2.062 1.89702 -0.785398 0 0
57 0 -1.66928 2.60403 -0.0368113 0 0
time 10
0 2.90881 6.05823 -3.71544 0.000934124 0 -0.725437
1 6.02794 0 0 -1.1106 0.398958 -0.765524
2 11.7344 0 0 -0.00140271 0 -0.624368
3 8.81138 -0.000450134 -0.000112534 -0.143472 0 0.000157955
4 5.77839 0.000287056 0 -0.096126 0 0.000105251
5 2.23164 -0.000329018 -0.00036335 -0.0473456 0 0
6 11.4725 0 0 -0.226893 -0.345335 0.260536
7 0.615219 -0.993091 -0.8107 2.8564 0.427913 -0.348126
8 2.24752 0 0 0.742483 0.196537 -0.184311
9 1.11936 0 0 0.0569243 -0.0187487 -0.38543
10 3.71348 -0.102641 0.102191 1.55999 0.843181 0.0798624
11 1.72615 0 0 0.00870227 0.00432159 -1.08945
12 1.21114 0 0 0.00379985 0.017222 -1.3256
13 3.59919 -1.06012 0.0708879 1.52729 0.379604 0.0109443
14 1.66069 0 0 -0.000891679 0.07786 -0.234384
15 1.167 0 0 -0.0449929 0.0164959 -0.8571
16 2.18852 0.50104 0.0576586 1.52613 0.0997979 0.154747
17 1.29609 0 0 0.0247846 -0.039742 -0.746595
18 1.62202 0.000711441 -0.000471115 0.00528192 -0.0126014 -1.12707
19 1.22241 0 0 -0.0199585 0.00621243 -1.25809
20 1.76707 1.27612 0.0366406 1.35857 0.244319 0.100604
21 1.55587 0 0 -0.0216193 0.0244014 -0.43056
22 1.24273 0 0 -0.00047922 0.000360514 -0.969327
23 0.784523 0 0 0.00427085 0.00619489 -0.802021
24 -2.4735 6.38035 -5.29598 -0.000932693 0 -1.67936
25 6.02794 0 0 1.32159 0.421781 0.35042
26 11.7344 0 0 0.0014027 0 0.656089
27 8.81167 0 0 0.414064 0 0
28 5.77884 0 0 0.277423 0 0
29 2.23249 0 0 0.136641 0 0
30 11.4725 0 0 0.447862 -0.206517 -0.199904
31 0.615812 0.994373 -0.809166 -2.63072 -0.0229901 0.302397
32 2.24752 0 0 -0.233939 0.119313 0.186604
33 1.11936 0 0 -0.10034 0.146391 0.154007
34 3.71349 0.10264 0.102191 -1.62656 0.647308 -0.0117741
35 1.72615 0 0 -0.0140398 -0.0034342 1.05412
36 1.21112 0 0 -0.0114086 0.0134492 0.623938
37 3.5992 1.06012 0.070888 -1.82885 0.552225 -0.0809854
38 1.66069 0 0 0.0185625 0.0357885 0.837463
39 1.16699 0 0 -0.0214546 -0.0188799 0.512602
40 2.18853 -0.50104 0.0576589 -1.57595 -0.0519128 -0.112472
41 1.29609 0 0 -0.020726 -0.0420007 0.647344
42 1.62202 -0.000712395 -0.000469208 -0.0176409 -0.0302897 0.960613
43 1.22241 0 0 -0.0109008 -0.000363329 0.883798
44 1.76707 -1.27612 0.0366404 -1.57501 0.0279592 -0.0920013
45 1.55587 0 0 -0.0274838 -0.0875848 0.552803
46 1.24273 0 0 0.000478919 0.000360579 1.16748
47 0.784532 0 0 -0.0020717 0.00549204 0.856291
48 0 0 -9.79273 0 0 0
49 5.67041 -23.5732 -6.14386 -0.0131803 0.0110882 0.00192406
50 0 -0.659983 2.32196 0 0 0
51 -0.013092 -0.0336609 1.41425 -1.27079 0 0
52 5.67673 -24.9243 -5.8819 -0.0100074 0.0110884 0.00192494
53 0 -0.675066 1.41593 0 0 0
54 0 0.979374 2.33571 0.174533 0 0
55 0 -1.91969 2.85382 0 0 0
56 0 2.062 1.89702 -0.785398 0 0
57 0 -1.66928 2.60403 -0.0368113 0 0
time 11
0 2.90881 6.05823 -3.71544 0.000934124 0 -0.725437
1 6.02794 0 0 -1.10955 0.399517 -0.76579
2 11.7344 0 0 -0.00140273 0 -0.623381
3 8.81139 -0.000449181 -0.000112057 -0.144844 0 0.000157844
4 5.77839 0.000286102 0 -0.0970453 0 0.000105108
5 2.23164 -0.000329018 -0.000363827 -0.0477984 0 0
6 11.4725 0 0 -0.228032 -0.346202 0.259694
7 0.615219 -0.993092 -0.8107 2.8564 0.427913 -0.348127
8 2.24752 0 0 0.742483 0.196537 -0.184311
9 1.11936 0 0 0.0569243 -0.0187486 -0.38543
10 3.71348 -0.102641 0.102191 1.55999 0.843181 0.0798626
11 1.72615 0 0 0.00870229 0.00432157 -1.08945
12 1.21114 0 0 0.00379985 0.017222 -1.3256
13 3.59919 -1.06012 0.0708882 1.52729 0.379604 0.0109444
14 1.66069 0 0 -0.000891705 0.07786 -0.234384
15 1.167 0 0 -0.0449929 0.016496 -0.8571
16 2.18852 0.50104 0.0576589 1.52613 0.0997978 0.154747
17 1.2961 0 0 0.0247847 -0.039742 -0.746595
18 1.62202 0.000711441 -0.000471115 0.00528192 -0.0126014 -1.12707
19 1.22241 0 0 -0.0199585 0.00621244 -1.25809
20 1.76707 1.27612 0.0366411 1.35857 0.244319 0.100604
21 1.55588 0 0 -0.0216193 0.0244014 -0.43056
22 1.24273 0 0 -0.000479214 0.000360503 -0.969327
23 0.784523 0 0 0.00427084 0.00619488 -0.802021
24 -2.4735 6.38035 -5.29598 -0.000932693 0 -1.67936
25 6.02794 0 0 1.32159 0.422893 0.350066
26 11.7344 0 0 0.00140266 0 0.65602
27 8.81167 0 0 0.414156 0 0
28 5.77884 0 0 0.277484 0 0
29 2.23249 0 0 0.136671 0 0
30 11.4725 0 0 0.447658 -0.20628 -0.198792
31 0.615814 0.994372 -0.809166 -2.63072 -0.0229902 0.302397
32 2.24752 0 0 -0.233939 0.119313 0.186604
33 1.11936 0 0 -0.10034 0.146391 0.154007
34 3.71349 0.10264 0.10219 -1.62656 0.647308 -0.011774
35 1.72615 0 0 -0.0140398 -0.00343417 1.05412
36 1.21112 0 0 -0.0114086 0.0134492 0.623938
37 3.5992 1.06012 0.0708883 -1.82885 0.552225 -0.0809854
38 1.66069 0 0 0.0185625 0.0357885 0.837463
39 1.16699 0 0 -0.0214546 -0.0188799 0.512602
40 2.18853 -0.50104 0.0576586 -1.57595 -0.0519129 -0.112472
41 1.29609 0 0 -0.020726 -0.0420008 0.647344
42 1.62202 -0.000712395 -0.000470161 -0.0176409 -0.0302896 0.960613
43 1.22241 0 0 -0.0109008 -0.000363337 0.883798
44 1.76707 -1.27612 0.0366403 -1.57501 0.0279591 -0.0920012
45 1.55588 0 0 -0.0274839 -0.0875848 0.552803
46 1.24273 0 0 0.000478923 0.000360584 1.16748
47 0.784531 0 0 -0.00207172 0.00549201 0.856291
48 0 0 -9.79273 0 0 0
49 5.66276 -23.5734 -6.16953 -0.0130368 0.011227 0.00201768
50 0 -0.659985 2.32196 0 0 0
51 -0.013092 -0.0336647 1.41425 -1.27079 0 0
52 5.66923 -24.9245 -5.90777 -0.00986389 0.0112271 0.00201857
53 0 -0.675064 1.41593 0 0 0
54 0 0.979376 2.33571 0.174533 0 0
55 0 -1.91969 2.85382 0 0 0
56 0 2.062 1.89702 -0.785398 0 0
57 0 -1.66928 2.60403 -0.0368113 0 0
time 12
0 2.90881 6.05823 -3.71544 0.000934124 0 -0.725437
1 6.02794 0 0 -1.10857 0.400256 -0.765889
2 11.7344 0 0 -0.0014028 0 -0.622728
3 8.81138 -0.000449181 -0.00011158 -0.145354 0 0.000158224
4 5.77839 0.000285149 0 -0.0973869 0 0.000105333
5 2.23163 -0.000329018 -0.000364304 -0.0479666 0 0
6 11.4725 0 0 -0.228459 -0.346636 0.259339
7 0.615221 -0.993091 -0.8107 2.8564 0.427914 -0.348127
8 2.24752 0 0 0.742483 0.196537 -0.184311
9 1.11936 0 0 0.0569245 -0.0187487 -0.38543
10 3.71348 -0.102641 0.102191 1.55999 0.843182 0.0798625
11 1.72615 0 0 0.00870227 0.00432159 -1.08945
12 1.21114 0 0 0.00379985 0.017222 -1.3256
13 3.59919 -1.06012 0.0708882 1.52729 0.379604 0.0109444
14 1.66069 0 0 -0.000891695 0.07786 -0.234384
15 1.16699 0 0 -0.0449929 0.016496 -0.8571
16 2.18853 0.50104 0.0576594 1.52613 0.099798 0.154747
17 1.29609 0 0 0.0247847 -0.039742 -0.746595
18 1.62202 0.000713348 -0.000471115 0.00528193 -0.0126014 -1.12707
19 1.22241 0 0 -0.0199585 0.00621244 -1.25809
20 1.76707 1.27612 0.0366411 1.35857 0.244319 0.100604
21 1.55588 0 0 -0.0216193 0.0244014 -0.43056
22 1.24274 0 0 -0.000479227 0.000360527 -0.969328
23 0.784523 0 0 0.00427084 0.00619488 -0.802021
24 -2.4735 6.38035 -5.29598 -0.000932693 0 -1.67936
25 6.02794 0 0 1.32128 0.424176 0.349762
26 11.7344 0 0 0.00140269 0 0.656152
27 8.81167 0 0 0.415178 0 0
28 5.77884 0 0 0.278169 0 0
29 2.23249 0 0 0.137009 0 0
30 11.4725 0 0 0.448544 -0.206285 -0.198368
31 0.61581 0.994372 -0.809166 -2.63072 -0.0229901 0.302397
32 2.24752 0 0 -0.233939 0.119313 0.186604
33 1.11936 0 0 -0.10034 0.146391 0.154007
34 3.71348 0.102639 0.102191 -1.62656 0.647308 -0.0117741
35 1.72615 0 0 -0.0140398 -0.00343417 1.05412
36 1.21112 0 0 -0.0114087 0.0134492 0.623938
37 3.5992 1.06012 0.0708878 -1.82885 0.552225 -0.0809854
38 1.66069 0 0 0.0185625 0.0357885 0.837463
39 1.16699 0 0 -0.0214546 -0.0188799 0.512602
40 2.18853 -0.501041 0.0576589 -1.57595 -0.0519128 -0.112472
41 1.29609 0 0 -0.020726 -0.0420008 0.647344
42 1.62202 -0.000712395 -0.000470161 -0.0176409 -0.0302897 0.960613
43 1.22241 0 0 -0.0109008 -0.000363324 0.883798
44 1.76707 -1.27612 0.0366403 -1.57501 0.0279592 -0.0920013
45 1.55588 0 0 -0.0274838 -0.0875848 0.552803
46 1.24273 0 0 0.000478919 0.000360565 1.16748
47 0.784532 0 0 -0.00207167 0.00549207 0.856291
48 0 0 -9.79273 0 0 0
49 5.65726 -23.5725 -6.1982 -0.01224 0.0107551 0.00203182
50 0 -0.659983 2.32196 0 0 0
51 -0.0130925 -0.0336666 1.41425 -1.27079 0 0
52 5.66362 -24.9238 -5.93752 -0.00906708 0.0107552 0.00203269
53 0 -0.675064 1.41593 0 0 0
54 0 0.979378 2.33571 0.174533 0 0
55 0 -1.91969 2.85382 0 0 0
56 0 2.062 1.89702 -0.785398 0 0
57 0 -1.66927 2.60403 -0.0368113 0 0
time 13
0 2.90881 6.05823 -3.71544 0.000934124 0 -0.725437
1 6.02794 0 0 -1.1077 0.401165 -0.7658
2 11.7344 0 0 -0.00140284 0 -0.622533
3 8.81139 -0.000449181 -0.000112057 -0.144789 0 0.000158887
4 5.77839 0.000287056 0 -0.0970087 0 0.000105893
5 2.23163 -0.000329018 -0.00036478 -0.0477804 0 0
6 11.4725 0 0 -0.228024 -0.346541 0.259644
7 0.615221 -0.993091 -0.8107 2.8564 0.427913 -0.348126
8 2.24752 0 0 0.742483 0.196537 -0.184311
9 1.11936 0 0 0.0569244 -0.0187486 -0.38543
10 3.71348 -0.102641 0.102191 1.55999 0.843181 0.0798624
11 1.72615 0 0 0.00870226 0.0043216 -1.08945
12 1.21114 0 0 0.00379983 0.017222 -1.3256
13 3.5992 -1.06012 0.0708879 1.52729 0.379604 0.0109443
14 1.66069 0 0 -0.000891682 0.0778601 -0.234384
15 1.16699 0 0 -0.0449929 0.0164959 -0.8571
16 2.18853 0.50104 0.0576588 1.52613 0.0997978 0.154747
17 1.2961 0 0 0.0247846 -0.039742 -0.746595
18 1.62202 0.000715256 -0.000471115 0.00528189 -0.0126014 -1.12707
19 1.22241 0 0 -0.0199585 0.00621244 -1.25809
20 1.76707 1.27612 0.036641 1.35857 0.244319 0.100604
21 1.55588 0 0 -0.0216193 0.0244014 -0.43056
22 1.24273 0 0 -0.000479217 0.000360509 -0.969327
23 0.784523 0 0 0.00427085 0.00619488 -0.802021
24 -2.4735 6.38035 -5.29598 -0.000932693 0 -1.67936
25 6.02794 0 0 1.32062 0.425631 0.349511
26 11.7344 0 0 0.00140269 0 0.656601
27 8.81167 0 0 0.417235 0 0
28 5.77884 0 0 0.279548 0 0
29 2.23249 0 0 0.137688 0 0
30 11.4725 0 0 0.450675 -0.206541 -0.198849
31 0.61581 0.994373 -0.809165 -2.63072 -0.0229902 0.302397
32 2.24752 0 0 -0.233939 0.119313 0.186604
33 1.11936 0 0 -0.10034 0.146391 0.154007
34 3.71349 0.102639 0.102191 -1.62656 0.647308 -0.0117741
35 1.72615 0 0 -0.0140398 -0.00343418 1.05412
36 1.21112 0 0 -0.0114087 0.0134492 0.623938
37 3.5992 1.06012 0.0708878 -1.82885 0.552225 -0.0809855
38 1.66069 0 0 0.0185625 0.0357885 0.837463
39 1.16699 0 0 -0.0214546 -0.0188799 0.512602
40 2.18853 -0.50104 0.0576589 -1.57595 -0.0519127 -0.112472
41 1.29609 0 0 -0.020726 -0.0420008 0.647344
42 1.62201 -0.000714302 -0.000470161 -0.0176409 -0.0302896 0.960613
43 1.22241 0 0 -0.0109008 -0.000363394 0.883798
44 1.76707 -1.27612 0.0366405 -1.57501 0.0279593 -0.0920013
45 1.55588 0 0 -0.0274839 -0.0875849 0.552803
46 1.24273 0 0 0.000478932 0.000360604 1.16748
47 0.784531 0 0 -0.0020717 0.00549205 0.856291
48 0 0 -9.79273 0 0 0
49 5.65404 -23.5703 -6.22881 -0.0106785 0.00956373 0.00195098
50 0 -0.659983 2.32196 0 0 0
51 -0.013092 -0.0336666 1.41425 -1.27079 0 0
52 5.65996 -24.9221 -5.97023 -0.00750563 0.00956387 0.00195185
53 0 -0.675066 1.41593 0 0 0
54 0 0.979378 2.33571 0.174533 0 0
55 0 -1.91969 2.85382 0 0 0
56 0 2.062 1.89702 -0.785398 0 0
57 0 -1.66928 2.60403 -0.0368113 0 0
time 14
0 2.90881 6.05823 -3.71544 0.000934124 0 -0.725437
1 6.02794 0 0 -1.107 0.402238 -0.765502
2 11.7344 0 0 -0.00140283 0 -0.622911
3 8.81139 -0.000450134 -0.000112534 -0.142939 0 0.000157795
4 5.77839 0.000286102 0 -0.0957688 0 0.000105061
5 2.23163 -0.000329971 -0.000364304 -0.04717 0 0
6 11.4725 0 0 -0.226577 -0.345828 0.260781
7 0.615219 -0.993092 -0.810699 2.8564 0.427913 -0.348126
8 2.24752 0 0 0.742483 0.196537 -0.184311
9 1.11936 0 0 0.0569243 -0.0187488 -0.38543
10 3.71348 -0.102641 0.102191 1.55999 0.843181 0.0798626
11 1.72615 0 0 0.00870228 0.00432158 -1.08945
12 1.21114 0 0 0.00379985 0.017222 -1.3256
13 3.59919 -1.06012 0.0708885 1.52729 0.379604 0.0109444
14 1.66069 0 0 -0.000891671 0.0778601 -0.234384
15 1.167 0 0 -0.0449929 0.0164959 -0.8571
16 2.18853 0.50104 0.0576595 1.52613 0.099798 0.154747
17 1.29609 0 0 0.0247847 -0.039742 -0.746595
18 1.62202 0.000711441 -0.000471115 0.00528192 -0.0126014 -1.12707
19 1.22241 0 0 -0.0199585 0.00621244 -1.25809
20 1.76707 1.27612 0.036642 1.35857 0.244319 0.100604
21 1.55588 0 0 -0.0216193 0.0244014 -0.43056
22 1.24273 0 0 -0.000479222 0.000360503 -0.969327
23 0.784524 0 0 0.00427085 0.00619489 -0.802021
24 -2.4735 6.38035 -5.29598 -0.000932693 0 -1.67936
25 6.02794 0 0 1.31961 0.427254 0.349319
26 11.7344 0 0 0.0014027 0 0.657474
27 8.81167 0 0 0.42044 0 0
28 5.77884 0 0 0.281695 0 0
29 2.23249 0 0 0.138745 0 0
30 11.4725 0 0 0.454213 -0.207055 -0.200448
31 0.615812 0.994373 -0.809166 -2.63072 -0.0229902 0.302397
32 2.24752 0 0 -0.233939 0.119313 0.186604
33 1.11936 0 0 -0.10034 0.146391 0.154007
34 3.71348 0.10264 0.102191 -1.62656 0.647308 -0.011774
35 1.72615 0 0 -0.0140398 -0.00343419 1.05412
36 1.21112 0 0 -0.0114086 0.0134492 0.623938
37 3.5992 1.06012 0.0708883 -1.82885 0.552225 -0.0809854
38 1.66069 0 0 0.0185625 0.0357885 0.837463
39 1.16699 0 0 -0.0214546 -0.0188799 0.512602
40 2.18853 -0.50104 0.0576593 -1.57595 -0.0519127 -0.112472
41 1.29609 0 0 -0.0207261 -0.0420008 0.647344
42 1.62202 -0.000716209 -0.000470161 -0.0176409 -0.0302896 0.960613
43 1.22241 0 0 -0.0109008 -0.000363364 0.883798
44 1.76707 -1.27612 0.0366405 -1.57501 0.0279593 -0.0920013
45 1.55588 0 0 -0.0274839 -0.0875848 0.552803
46 1.24273 0 0 0.00047892 0.000360559 1.16748
47 0.784532 0 0 -0.00207169 0.00549204 0.856291
48 0 0 -9.79273 0 0 0
49 5.65324 -23.5667 -6.2603 -0.00824114 0.00754457 0.00175982
50 0 -0.659981 2.32196 0 0 0
51 -0.013092 -0.0336647 1.41425 -1.27079 0 0
52 5.65835 -24.9191 -6.00501 -0.00506826 0.0075447 0.00176067
53 0 -0.675064 1.41593 0 0 0
54 0 0.979376 2.33571 0.174533 0 0
55 0 -1.91969 2.85382 0 0 0
56 0 2.062 1.89702 -0.785398 0 0
57 0 -1.66928 2.60403 -0.0368113 0 0
time 15
0 2.90881 6.05823 -3.71544 0.000934124 0 -0.725437
1 6.02794 0 0 -1.10651 0.403466 -0.764972
2 11.7344 0 0 -0.00140288 0 -0.623987
3 8.81138 -0.000450134 -0.000112534 -0.139595 0 0.00015849
4 5.77839 0.000287056 0 -0.0935285 0 0.000105622
5 2.23163 -0.000328064 -0.000364304 -0.0460664 0 0
6 11.4725 0 0 -0.223962 -0.344407 0.26293
7 0.615221 -0.993091 -0.8107 2.8564 0.427913 -0.348126
8 2.24752 0 0 0.742483 0.196537 -0.184311
9 1.11936 0 0 0.0569243 -0.0187487 -0.38543
10 3.71348 -0.102641 0.102191 1.55999 0.843181 0.0798624
11 1.72615 0 0 0.00870228 0.00432158 -1.08945
12 1.21114 0 0 0.00379984 0.0172221 -1.3256
13 3.59919 -1.06012 0.0708885 1.52729 0.379604 0.0109443
14 1.66069 0 0 -0.000891658 0.07786 -0.234384
15 1.16699 0 0 -0.044993 0.0164959 -0.8571
16 2.18852 0.50104 0.0576593 1.52613 0.0997979 0.154747
17 1.29609 0 0 0.0247846 -0.039742 -0.746595
18 1.62202 0.000713348 -0.000471592 0.0052819 -0.0126014 -1.12707
19 1.22241 0 0 -0.0199585 0.00621246 -1.25809
20 1.76707 1.27612 0.0366414 1.35857 0.244319 0.100604
21 1.55588 0 0 -0.0216193 0.0244014 -0.43056
22 1.24273 0 0 -0.000479225 0.000360524 -0.969327
23 0.784523 0 0 0.00427085 0.00619488 -0.802021
24 -2.4735 6.38035 -5.29598 -0.000932693 0 -1.67936
25 6.02794 0 0 1.31822 0.429043 0.349186
26 11.7344 0 0 0.0014027 0 0.65888
27 8.81167 0 0 0.4249 0 0
28 5.77884 0 0 0.284683 0 0
29 2.23249 0 0 0.140217 0 0
30 11.4725 0 0 0.459317 -0.207824 -0.20338
31 0.615812 0.994372 -0.809166 -2.63072 -0.0229899 0.302397
32 2.24752 0 0 -0.233939 0.119313 0.186604
33 1.11936 0 0 -0.10034 0.146391 0.154007
34 3.71348 0.102639 0.102191 -1.62656 0.647308 -0.0117742
35 1.72615 0 0 -0.0140398 -0.00343417 1.05412
36 1.21112 0 0 -0.0114087 0.0134492 0.623938
37 3.5992 1.06012 0.0708882 -1.82885 0.552225 -0.0809855
38 1.66069 0 0 0.0185625 0.0357885 0.837463
39 1.16699 0 0 -0.0214546 -0.0188799 0.512602
40 2.18853 -0.501041 0.057659 -1.57595 -0.0519128 -0.112472
41 1.29609 0 0 -0.020726 -0.0420007 0.647344
42 1.62202 -0.000711441 -0.000470161 -0.0176409 -0.0302896 0.960613
43 1.22241 0 0 -0.0109008 -0.000363362 0.883798
44 1.76707 -1.27612 0.0366405 -1.57501 0.0279593 -0.0920013
45 1.55587 0 0 -0.0274839 -0.0875848 0.552803
46 1.24273 0 0 0.000478931 0.000360583 1.16748
47 0.784533 0 0 -0.00207168 0.00549206 0.856291
48 0 0 -9.79273 0 0 0
49 5.65504 -23.5614 -6.29159 -0.00481645 0.00458898 0.00144297
50 0 -0.659983 2.32196 0 0 0
51 -0.0130916 -0.0336666 1.41425 -1.27079 0 0
52 5.65895 -24.9146 -6.04092 -0.00164356 0.0045891 0.00144385
53 0 -0.675064 1.41593 0 0 0
54 0 0.979378 2.33571 0.174533 0 0
55 0 -1.91969 2.85382 0 0 0
56 0 2.062 1.89702 -0.785398 0 0
57 0 -1.66928 2.60403 -0.0368113 0 0
time 16
0 2.90881 6.05823 -3.71544 0.000934124 0 -0.725437
1 6.02794 0 0 -1.10631 0.404764 -0.764218
2 11.7344 0 0 -0.00140281 0 -0.625743
3 8.81138 -0.000449181 -0.000112534 -0.134905 0 0.000158198
4 5.77839 0.000286102 0 -0.0903866 0 0.000105371
5 2.23164 -0.000329018 -0.000363827 -0.0445189 0 0
6 11.4725 0 0 -0.220287 -0.342333 0.266018
7 0.615219 -0.993091 -0.8107 2.8564 0.427913 -0.348127
8 2.24752 0 0 0.742483 0.196537 -0.184311
9 1.11936 0 0 0.0569243 -0.0187487 -0.38543
10 3.71348 -0.102641 0.10219 1.55999 0.843181 0.0798623
11 1.72615 0 0 0.00870227 0.00432156 -1.08945
12 1.21114 0 0 0.00379979 0.0172221 -1.3256
13 3.59919 -1.06012 0.0708877 1.52729 0.379604 0.0109442
14 1.66069 0 0 -0.000891679 0.0778601 -0.234383
15 1.167 0 0 -0.0449929 0.0164959 -0.8571
16 2.18852 0.50104 0.0576589 1.52613 0.0997978 0.154747
17 1.29609 0 0 0.0247847 -0.039742 -0.746595
18 1.62202 0.000713348 -0.000471115 0.00528195 -0.0126014 -1.12707
19 1.22241 0 0 -0.0199585 0.00621243 -1.25809
20 1.76707 1.27612 0.0366409 1.35857 0.244319 0.100604
21 1.55588 0 0 -0.0216193 0.0244014 -0.43056
22 1.24273 0 0 -0.000479199 0.000360521 -0.969328
23 0.784523 0 0 0.00427084 0.00619487 -0.802021
24 -2.4735 6.38035 -5.29598 -0.000932693 0 -1.67936
25 6.02794 0 0 1.31652 0.430833 0.349146
26 11.7344 0 0 0.00140272 0 0.660711
27 8.81167 0 0 0.430368 0 0
28 5.77884 0 0 0.288347 0 0
29 2.23249 0 0 0.142022 0 0
30 11.4725 0 0 0.465719 -0.208793 -0.207529
31 0.615812 0.994372 -0.809166 -2.63072 -0.0229902 0.302397
32 2.24752 0 0 -0.233939 0.119313 0.186604
33 1.11936 0 0 -0.10034 0.146391 0.154007
34 3.71349 0.102639 0.102191 -1.62656 0.647308 -0.0117739
35 1.72615 0 0 -0.0140398 -0.00343417 1.05412
36 1.21112 0 0 -0.0114086 0.0134492 0.623938
37 3.5992 1.06012 0.0708882 -1.82885 0.552225 -0.0809853
38 1.66069 0 0 0.0185625 0.0357885 0.837463
39 1.16699 0 0 -0.0214546 -0.0188799 0.512602
40 2.18853 -0.50104 0.0576594 -1.57595 -0.0519128 -0.112472
41 1.29609 0 0 -0.020726 -0.0420008 0.647344
42 1.62202 -0.000712395 -0.000470161 -0.0176409 -0.0302897 0.960613
43 1.22241 0 0 -0.0109008 -0.000363332 0.883798
44 1.76707 -1.27612 0.03664 -1.57501 0.0279592 -0.0920013
45 1.55587 0 0 -0.0274839 -0.0875848 0.552803
46 1.24273 0 0 0.00047892 0.000360567 1.16748
47 0.784532 0 0 -0.00207165 0.00549204 0.856291
48 0 0 -9.79273 0 0 0
49 5.66004 -23.5545 -6.32001 -0.000590015 0.000877832 0.00102596
50 0 -0.659983 2.32196 0 0 0
51 -0.013092 -0.0336647 1.41425 -1.27079 0 0
52 5.66245 -24.9088 -6.07506 0.00258286 0.00087795 0.00102683
53 0 -0.675062 1.41593 0 0 0
54 0 0.97938 2.33571 0.174533 0 0
55 0 -1.91969 2.85382 0 0 0
56 0 2.062 1.89702 -0.785398 0 0
57 0 -1.66927 2.60403 -0.0368113 0 0
time 17
0 2.90881 6.05823 -3.71544 0.000934124 0 -0.725437
1 6.02794 0 0 -1.10643 0.406068 -0.763273
2 11.7344 0 0 -0.00140291 0 -0.628049
3 8.81138 -0.000449181 -0.000112057 -0.129195 0 0.000157996
4 5.77839 0.000287056 0 -0.0865605 0 0.000105386
5 2.23164 -0.000329018 -0.000365257 -0.0426344 0 0
6 11.4725 0 0 -0.215784 -0.339739 0.269828
7 0.615219 -0.993092 -0.8107 2.8564 0.427913 -0.348127
8 2.24752 0 0 0.742483 0.196537 -0.184311
9 1.11936 0 0 0.0569244 -0.0187487 -0.38543
10 3.71348 -0.102641 0.102191 1.55999 0.843181 0.0798626
11 1.72615 0 0 0.00870229 0.00432155 -1.08945
12 1.21114 0 0 0.00379985 0.0172221 -1.3256
13 3.59919 -1.06012 0.0708886 1.52729 0.379604 0.0109443
14 1.66069 0 0 -0.000891631 0.0778601 -0.234384
15 1.167 0 0 -0.0449929 0.0164959 -0.8571
16 2.18852 0.50104 0.0576597 1.52613 0.0997979 0.154747
17 1.29609 0 0 0.0247847 -0.039742 -0.746595
18 1.62202 0.000715256 -0.000471115 0.00528193 -0.0126014 -1.12707
19 1.22241 0 0 -0.0199585 0.00621244 -1.25809
20 1.76707 1.27612 0.0366412 1.35857 0.244319 0.100604
21 1.55588 0 0 -0.0216193 0.0244014 -0.43056
22 1.24273 0 0 -0.00047923 0.000360517 -0.969327
23 0.784523 0 0 0.00427085 0.00619488 -0.802021
24 -2.4735 6.38035 -5.29598 -0.000932693 0 -1.67936
25 6.02794 0 0 1.31457 0.432492 0.349217
26 11.7344 0 0 0.00140278 0 0.662781
27 8.81167 0 0 0.436527 0 0
28 5.77884 0 0 0.292473 0 0
29 2.23249 0 0 0.144054 0 0
30 11.4725 0 0 0.473038 -0.209895 -0.212597
31 0.615814 0.994372 -0.809165 -2.63072 -0.0229902 0.302397
32 2.24752 0 0 -0.233939 0.119313 0.186604
33 1.11936 0 0 -0.10034 0.146391 0.154007
34 3.71349 0.102639 0.102191 -1.62656 0.647308 -0.0117741
35 1.72615 0 0 -0.0140398 -0.00343418 1.05412
36 1.21112 0 0 -0.0114087 0.0134492 0.623938
37 3.5992 1.06012 0.0708882 -1.82885 0.552225 -0.0809854
38 1.66069 0 0 0.0185625 0.0357885 0.837463
39 1.16699 0 0 -0.0214546 -0.0188799 0.512602
40 2.18853 -0.50104 0.057659 -1.57595 -0.0519128 -0.112472
41 1.29609 0 0 -0.0207261 -0.0420008 0.647344
42 1.62202 -0.000713348 -0.000470161 -0.0176409 -0.0302897 0.960613
43 1.22241 0 0 -0.0109008 -0.00036336 0.883798
44 1.76707 -1.27612 0.036641 -1.57501 0.0279591 -0.0920013
45 1.55587 0 0 -0.0274839 -0.0875848 0.552803
46 1.24273 0 0 0.000478926 0.000360581 1.16748
47 0.784531 0 0 -0.00207169 0.00549203 0.856291
48 0 0 -9.79273 0 0 0
49 5.66857 -23.5467 -6.34426 0.00417838 -0.00333546 0.000544816
50 0 -0.659981 2.32196 0 0 0
51 -0.0130925 -0.0336628 1.41425 -1.27079 0 0
52 5.66932 -24.9022 -6.10577 0.00735125 -0.00333535 0.000545707
53 0 -0.675064 1.41593 0 0 0
54 0 0.979374 2.33571 0.174533 0 0
55 0 -1.91969 2.85382 0 0 0
56 0 2.062 1.89702 -0.785398 0 0
57 0 -1.66928 2.60403 -0.0368113 0 0
time 18
0 2.90881 6.05823 -3.71544 0.000934124 0 -0.725437
1 6.02794 0 0 -1.10682 0.407401 -0.762143
2 11.7344 0 0 -0.00140277 0 -0.630871
3 8.81139 -0.000450134 -0.000112057 -0.122526 0 0.000157913
4 5.77839 0.000286102 0 -0.0820928 0 0.000105279
5 2.23164 -0.000329018 -0.000364304 -0.0404338 0 0
6 11.4725 0 0 -0.210487 -0.336672 0.274325
7 0.615219 -0.993091 -0.8107 2.8564 0.427913 -0.348126
8 2.24752 0 0 0.742483 0.196537 -0.184311
9 1.11935 0 0 0.0569243 -0.0187488 -0.38543
10 3.71348 -0.102641 0.102191 1.55999 0.843181 0.0798625
11 1.72615 0 0 0.00870229 0.00432156 -1.08945
12 1.21114 0 0 0.00379985 0.0172221 -1.3256
13 3.59919 -1.06012 0.0708879 1.52729 0.379604 0.0109443
14 1.66069 0 0 -0.000891677 0.07786 -0.234383
15 1.16699 0 0 -0.0449929 0.0164959 -0.8571
16 2.18852 0.50104 0.0576591 1.52613 0.0997978 0.154747
17 1.2961 0 0 0.0247846 -0.039742 -0.746595
18 1.62201 0.000711441 -0.000470638 0.00528192 -0.0126014 -1.12707
19 1.22241 0 0 -0.0199585 0.00621244 -1.25809
20 1.76707 1.27612 0.0366402 1.35857 0.244319 0.100604
21 1.55587 0 0 -0.0216193 0.0244014 -0.43056
22 1.24273 0 0 -0.0004792 0.000360524 -0.969327
23 0.784523 0 0 0.00427086 0.00619488 -0.802021
24 -2.4735 6.38035 -5.29598 -0.000932693 0 -1.67936
25 6.02794 0 0 1.31237 0.43406 0.349388
26 11.7344 0 0 0.0014027 0 0.66508
27 8.81167 0 0 0.443395 0 0
28 5.77884 0 0 0.297075 0 0
29 2.23249 0 0 0.14632 0 0
30 11.4725 0 0 0.481284 -0.211112 -0.218533
31 0.615812 0.994373 -0.809165 -2.63072 -0.02299 0.302397
32 2.24752 0 0 -0.233939 0.119313 0.186604
33 1.11936 0 0 -0.10034 0.146391 0.154007
34 3.71348 0.102639 0.102191 -1.62656 0.647308 -0.011774
35 1.72615 0 0 -0.0140398 -0.00343417 1.05412
36 1.21112 0 0 -0.0114086 0.0134492 0.623938
37 3.5992 1.06012 0.0708885 -1.82885 0.552225 -0.0809855
38 1.66069 0 0 0.0185625 0.0357885 0.837463
39 1.16699 0 0 -0.0214546 -0.0188799 0.512602
40 2.18853 -0.50104 0.0576591 -1.57595 -0.0519128 -0.112472
41 1.29609 0 0 -0.020726 -0.0420008 0.647344
42 1.62202 -0.000712395 -0.000469208 -0.0176409 -0.0302896 0.960613
43 1.22241 0 0 -0.0109008 -0.000363318 0.883798
44 1.76707 -1.27612 0.0366406 -1.57501 0.0279593 -0.0920013
45 1.55588 0 0 -0.0274838 -0.0875848 0.552803
46 1.24273 0 0 0.000478939 0.000360568 1.16748
47 0.784532 0 0 -0.00207165 0.00549206 0.856291
48 0 0 -9.79273 0 0 0
49 5.68041 -23.5378 -6.36537 0.00948879 -0.0080509 0
50 0 -0.659981 2.32196 0 0 0
51 -0.013092 -0.0336609 1.41425 -1.27079 0 0
52 5.67935 -24.8945 -6.13409 0.0126617 -0.00805078 0
53 0 -0.675064 1.41593 0 0 0
54 0 0.979376 2.33571 0.174533 0 0
55 0 -1.91969 2.85382 0 0 0
56 0 2.062 1.89702 -0.785398 0 0
57 0 -1.66928 2.60403 -0.0368113 0 0
time 19
0 2.90881 6.05823 -3.71544 0.000934124 0 -0.725437
1 6.02794 0 0 -1.10777 0.406209 -0.762379
2 11.7344 0 0 -0.00140287 0 -0.630016
3 8.81138 -0.000450134 -0.00011158 -0.125196 0 0.000159024
4 5.77839 0.000287056 0 -0.0838812 0 0.000105964
5 2.23163 -0.000328064 -0.000362396 -0.0413147 0 0
6 11.4725 0 0 -0.212213 -0.337315 0.271782
7 0.615217 -0.993091 -0.8107 2.8564 0.427913 -0.348127
8 2.24752 0 0 0.742483 0.196537 -0.184311
9 1.11936 0 0 0.0569242 -0.0187488 -0.38543
10 3.71348 -0.102641 0.10219 1.55999 0.843181 0.0798625
11 1.72615 0 0 0.00870228 0.00432158 -1.08945
12 1.21114 0 0 0.00379985 0.017222 -1.3256
13 3.59919 -1.06012 0.0708878 1.52729 0.379605 0.0109443
14 1.66069 0 0 -0.000891695 0.07786 -0.234383
15 1.167 0 0 -0.0449929 0.016496 -0.8571
16 2.18852 0.501039 0.057659 1.52613 0.0997979 0.154747
17 1.29609 0 0 0.0247846 -0.039742 -0.746595
18 1.62202 0.000715256 -0.000471115 0.00528191 -0.0126014 -1.12707
19 1.22241 0 0 -0.0199585 0.00621244 -1.25809
20 1.76707 1.27612 0.0366409 1.35857 0.244319 0.100604
21 1.55588 0 0 -0.0216193 0.0244014 -0.43056
22 1.24274 0 0 -0.00047922 0.000360513 -0.969327
23 0.784523 0 0 0.00427086 0.00619489 -0.802021
24 -2.4735 6.38035 -5.29598 -0.000932693 0 -1.67936
25 6.02794 0 0 1.31327 0.431937 0.349805
26 11.7344 0 0 0.00140277 0 0.663242
27 8.81167 0 0 0.439685 0 0
28 5.77884 0 0 0.294589 0 0
29 2.23249 0 0 0.145096 0 0
30 11.4725 0 0 0.476986 -0.211243 -0.215674
31 0.615812 0.994372 -0.809165 -2.63072 -0.0229902 0.302397
32 2.24752 0 0 -0.233939 0.119313 0.186604
33 1.11936 0 0 -0.10034 0.146391 0.154007
34 3.71348 0.102639 0.10219 -1.62656 0.647308 -0.0117739
35 1.72615 0 0 -0.0140398 -0.00343419 1.05412
36 1.21112 0 0 -0.0114086 0.0134492 0.623938
37 3.5992 1.06012 0.0708882 -1.82885 0.552225 -0.0809854
38 1.66069 0 0 0.0185625 0.0357885 0.837463
39 1.16699 0 0 -0.0214546 -0.0188799 0.512602
40 2.18853 -0.501041 0.0576588 -1.57595 -0.0519128 -0.112472
41 1.29609 0 0 -0.0207261 -0.0420008 0.647344
42 1.62202 -0.000713348 -0.000470638 -0.0176409 -0.0302896 0.960613
43 1.22241 0 0 -0.0109008 -0.000363381 0.883798
44 1.76707 -1.27612 0.0366403 -1.57501 0.0279592 -0.0920012
45 1.55588 0 0 -0.0274839 -0.0875848 0.552803
46 1.24273 0 0 0.000478938 0.000360553 1.16748
47 0.784532 0 0 -0.00207167 0.00549204 0.856291
48 0 0 -9.79273 0 0 0
49 5.68521 -23.5432 -6.33141 0.0060353 -0.00545695 0
50 0 -0.659981 2.32196 0 0 0
51 -0.0130925 -0.0336609 1.41425 -1.27079 0 0
52 5.68467 -24.8991 -6.09544 0.00920815 -0.00545684 0
53 0 -0.675062 1.41593 0 0 0
54 0 0.979376 2.33571 0.174533 0 0
55 0 -1.91969 2.85382 0 0 0
56 0 2.062 1.89702 -0.785398 0 0
57 0 -1.66928 2.60403 -0.0368113 0 0
time 20
0 2.90881 6.05823 -3.71544 0.000934124 0 -0.725437
1 6.02794 0 0 -1.10891 0.405051 -0.762475
2 11.7344 0 0 -0.00140295 0 -0.629523
3 8.81138 -0.000450134 -0.000112534 -0.127163 0 0.000158683
4 5.77839 0.000286102 0 -0.0851993 0 0.00010579
5 2.23164 -0.000329018 -0.000363827 -0.0419639 0 0
6 11.4725 0 0 -0.2134 -0.337632 0.269776
7 0.615219 -0.993092 -0.8107 2.8564 0.427914 -0.348127
8 2.24752 0 0 0.742483 0.196537 -0.184311
9 1.11936 0 0 0.0569243 -0.0187488 -0.38543
10 3.71348 -0.102641 0.102192 1.55999 0.843181 0.0798625
11 1.72615 0 0 0.00870229 0.00432157 -1.08945
12 1.21114 0 0 0.00379981 0.017222 -1.3256
13 3.59919 -1.06012 0.0708878 1.52729 0.379604 0.0109443
14 1.66069 0 0 -0.000891704 0.0778601 -0.234384
15 1.167 0 0 -0.0449929 0.0164959 -0.8571
16 2.18852 0.50104 0.057659 1.52613 0.0997979 0.154747
17 1.29609 0 0 0.0247846 -0.039742 -0.746595
18 1.62202 0.000711441 -0.000471115 0.00528192 -0.0126014 -1.12707
19 1.22241 0 0 -0.0199585 0.00621243 -1.25809
20 1.76707 1.27612 0.0366405 1.35857 0.244319 0.100604
21 1.55588 0 0 -0.0216193 0.0244014 -0.43056
22 1.24274 0 0 -0.000479237 0.000360515 -0.969327
23 0.784523 0 0 0.00427086 0.00619489 -0.802021
24 -2.4735 6.38035 -5.29598 -0.000932693 0 -1.67936
25 6.02794 0 0 1.31397 0.429749 0.3503
26 11.7344 0 0 0.00140265 0 0.661532
27 8.81167 0 0 0.436502 0 0
28 5.77884 0 0 0.292456 0 0
29 2.23249 0 0 0.144046 0 0
30 11.4725 0 0 0.473362 -0.211426 -0.21344
31 0.615812 0.994372 -0.809166 -2.63072 -0.02299 0.302397
32 2.24752 0 0 -0.233939 0.119313 0.186604
33 1.11936 0 0 -0.10034 0.146391 0.154007
34 3.71348 0.102639 0.10219 -1.62656 0.647308 -0.0117741
35 1.72615 0 0 -0.0140398 -0.00343417 1.05412
36 1.21112 0 0 -0.0114086 0.0134492 0.623938
37 3.5992 1.06012 0.0708883 -1.82885 0.552225 -0.0809855
38 1.66069 0 0 0.0185625 0.0357885 0.837463
39 1.16699 0 0 -0.0214546 -0.0188799 0.512602
40 2.18853 -0.501041 0.0576589 -1.57595 -0.0519126 -0.112472
41 1.29609 0 0 -0.020726 -0.0420008 0.647344
42 1.62202 -0.000713348 -0.000470161 -0.0176409 -0.0302896 0.960613
43 1.22241 0 0 -0.0109008 -0.000363358 0.883798
44 1.76707 -1.27612 0.0366404 -1.57501 0.0279592 -0.0920012
45 1.55588 0 0 -0.0274838 -0.0875848 0.552803
46 1.24273 0 0 0.000478932 0.000360604 1.16748
47 0.784532 0 0 -0.00207171 0.005492 0.856291
48 0 0 -9.79273 0 0 0
49 5.69268 -23.5478 -6.29573 0.00301776 -0.00321262 0
50 0 -0.659981 2.32196 0 0 0
51 -0.013093 -0.0336647 1.41425 -1.27079 0 0
52 5.69262 -24.903 -6.05567 0.00619064 -0.00321251 0
53 0 -0.675064 1.41593 0 0 0
54 0 0.979378 2.33571 0.174533 0 0
55 0 -1.91969 2.85382 0 0 0
56 0 2.062 1.89702 -0.785398 0 0
57 0 -1.66928 2.60403 -0.0368113 0 0
time 21
0 2.90881 6.05823 -3.71544 0.000934124 0 -0.725437
1 6.02794 0 0 -1.11021 0.403949 -0.762442
2 11.7344 0 0 -0.00140286 0 -0.629349
3 8.81139 -0.000449181 -0.000112534 -0.128479 0 0.000157613
4 5.77839 0.000287056 0 -0.0860806 0 0.000105101
5 2.23164 -0.000329018 -0.000364304 -0.0423979 0 0
6 11.4725 0 0 -0.214088 -0.337651 0.26826
7 0.615217 -0.993091 -0.8107 2.8564 0.427913 -0.348126
8 2.24752 0 0 0.742483 0.196537 -0.184311
9 1.11936 0 0 0.0569243 -0.0187487 -0.38543
10 3.71348 -0.102641 0.102191 1.55999 0.843182 0.0798627
11 1.72615 0 0 0.0087023 0.00432157 -1.08945
12 1.21114 0 0 0.00379982 0.017222 -1.32561
13 3.59919 -1.06012 0.0708877 1.52729 0.379604 0.0109444
14 1.66069 0 0 -0.000891666 0.0778601 -0.234384
15 1.167 0 0 -0.0449929 0.0164959 -0.8571
16 2.18852 0.50104 0.0576588 1.52613 0.0997979 0.154747
17 1.29609 0 0 0.0247847 -0.039742 -0.746595
18 1.62202 0.000713348 -0.000470638 0.00528193 -0.0126014 -1.12707
19 1.22241 0 0 -0.0199585 0.00621242 -1.25809
20 1.76707 1.27612 0.0366404 1.35857 0.244319 0.100604
21 1.55588 0 0 -0.0216193 0.0244014 -0.43056
22 1.24274 0 0 -0.000479213 0.000360516 -0.969327
23 0.784523 0 0 0.00427086 0.0061949 -0.802021
24 -2.4735 6.38035 -5.29598 -0.000932693 0 -1.67936
25 6.02794 0 0 1.31448 0.427541 0.350859
26 11.7344 0 0 0.00140274 0 0.659943
27 8.81167 0 0 0.433854 0 0
28 5.77884 0 0 0.290682 0 0
29 2.23249 0 0 0.143172 0 0
30 11.4725 0 0 0.470407 -0.211666 -0.211778
31 0.615812 0.994373 -0.809165 -2.63072 -0.0229902 0.302397
32 2.24752 0 0 -0.233939 0.119313 0.186604
33 1.11936 0 0 -0.10034 0.146391 0.154007
34 3.71349 0.10264 0.102191 -1.62656 0.647308 -0.0117741
35 1.72615 0 0 -0.0140398 -0.00343418 1.05412
36 1.21112 0 0 -0.0114086 0.0134492 0.623938
37 3.5992 1.06012 0.070888 -1.82885 0.552225 -0.0809854
38 1.66069 0 0 0.0185625 0.0357885 0.837463
39 1.16699 0 0 -0.0214546 -0.0188799 0.512602
40 2.18853 -0.50104 0.0576593 -1.57595 -0.0519129 -0.112472
41 1.29609 0 0 -0.020726 -0.0420008 0.647344
42 1.62202 -0.000712395 -0.000469685 -0.0176409 -0.0302897 0.960613
43 1.22241 0 0 -0.0109008 -0.000363335 0.883798
44 1.76707 -1.27612 0.0366409 -1.57501 0.0279592 -0.0920013
45 1.55588 0 0 -0.0274839 -0.0875849 0.552803
46 1.24273 0 0 0.000478938 0.00036056 1.16748
47 0.784531 0 0 -0.00207168 0.00549203 0.856291
48 0 0 -9.79273 0 0 0
49 5.70249 -23.5518 -6.25937 0.00043637 -0.00131796 0
50 0 -0.659981 2.32196 0 0 0
51 -0.0130925 -0.0336628 1.41425 -1.27079 0 0
52 5.70285 -24.9063 -6.01581 0.00360928 -0.00131784 0
53 0 -0.675064 1.41593 0 0 0
54 0 0.979376 2.33571 0.174533 0 0
55 0 -1.91969 2.85382 0 0 0
56 0 2.062 1.89702 -0.785398 0 0
57 0 -1.66928 2.60403 -0.0368113 0 0
time 22
0 2.90881 6.05823 -3.71544 0.000934124 0 -0.725437
1 6.02794 0 0 -1.1116 0.402923 -0.76229
2 11.7344 0 0 -0.00140292 0 -0.629451
3 8.81138 -0.000450134 -0.000112534 -0.129194 0 0.00015784
4 5.77839 0.000286102 0 -0.0865602 0 0.00010524
5 2.23164 -0.000328064 -0.000364304 -0.0426341 0 0
6 11.4725 0 0 -0.214316 -0.337402 0.267187
7 0.615219 -0.993091 -0.8107 2.8564 0.427913 -0.348126
8 2.24752 0 0 0.742483 0.196537 -0.184311
9 1.11936 0 0 0.0569243 -0.0187487 -0.38543
10 3.71348 -0.102641 0.10219 1.55999 0.843181 0.0798626
11 1.72615 0 0 0.0087023 0.00432156 -1.08945
12 1.21114 0 0 0.00379981 0.0172221 -1.32561
13 3.59919 -1.06012 0.0708885 1.52729 0.379604 0.0109443
14 1.66069 0 0 -0.000891695 0.07786 -0.234384
15 1.167 0 0 -0.0449929 0.0164959 -0.8571
16 2.18853 0.50104 0.0576588 1.52613 0.0997978 0.154747
17 1.29609 0 0 0.0247847 -0.039742 -0.746595
18 1.62202 0.000713348 -0.000471115 0.00528192 -0.0126014 -1.12707
19 1.22241 0 0 -0.0199585 0.00621245 -1.25809
20 1.76707 1.27612 0.0366406 1.35857 0.244319 0.100604
21 1.55587 0 0 -0.0216193 0.0244014 -0.43056
22 1.24274 0 0 -0.000479225 0.000360507 -0.969327
23 0.784523 0 0 0.00427085 0.00619489 -0.802021
24 -2.4735 6.38035 -5.29598 -0.000932693 0 -1.67936
25 6.02794 0 0 1.31479 0.425358 0.35147
26 11.7344 0 0 0.0014027 0 0.658469
27 8.81167 0 0 0.431754 0 0
28 5.77884 0 0 0.289275 0 0
29 2.23249 0 0 0.142479 0 0
30 11.4725 0 0 0.468117 -0.211969 -0.210637
31 0.615812 0.994373 -0.809166 -2.63072 -0.0229901 0.302397
32 2.24752 0 0 -0.233939 0.119313 0.186604
33 1.11936 0 0 -0.10034 0.146391 0.154007
34 3.71348 0.10264 0.102191 -1.62656 0.647308 -0.011774
35 1.72615 0 0 -0.0140398 -0.00343419 1.05412
36 1.21112 0 0 -0.0114086 0.0134492 0.623938
37 3.5992 1.06012 0.0708884 -1.82885 0.552225 -0.0809853
38 1.66069 0 0 0.0185625 0.0357885 0.837463
39 1.16699 0 0 -0.0214547 -0.0188799 0.512602
40 2.18853 -0.50104 0.057659 -1.57595 -0.0519127 -0.112472
41 1.29609 0 0 -0.020726 -0.0420008 0.647344
42 1.62202 -0.000713348 -0.000469685 -0.0176409 -0.0302897 0.960613
43 1.22241 0 0 -0.0109008 -0.000363334 0.883798
44 1.76707 -1.27612 0.0366408 -1.57501 0.0279592 -0.0920011
45 1.55588 0 0 -0.0274838 -0.0875849 0.552803
46 1.24273 0 0 0.000478927 0.000360556 1.16748
47 0.784531 0 0 -0.00207166 0.0054921 0.856291
48 0 0 -9.79273 0 0 0
49 5.71434 -23.555 -6.22337 -0.00170897 0.00022703 -0.000114513
50 0 -0.659983 2.32196 0 0 0
51 -0.0130925 -0.0336647 1.41425 -1.27079 0 0
52 5.71505 -24.909 -5.97691 0.00146392 0.000227134 -0.000113634
53 0 -0.675064 1.41593 0 0 0
54 0 0.979374 2.33571 0.174533 0 0
55 0 -1.91969 2.85382 0 0 0
56 0 2.062 1.89702 -0.785398 0 0
57 0 -1.66928 2.60403 -0.0368113 0 0
time 23
0 2.90881 6.05823 -3.71544 0.000934124 0 -0.725437
1 6.02794 0 0 -1.11306 0.402048 -0.762001
2 11.7344 0 0 -0.00140293 0 -0.629866
3 8.81138 -0.000449181 -0.000112534 -0.129165 0 0.000158111
4 5.77839 0.000287056 0 -0.0865403 0 0.000105297
5 2.23163 -0.000329018 -0.000363827 -0.0426242 0 0
6 11.4725 0 0 -0.213981 -0.33684 0.266672
7 0.615219 -0.993092 -0.8107 2.8564 0.427913 -0.348126
8 2.24752 0 0 0.742483 0.196537 -0.184311
9 1.11936 0 0 0.0569244 -0.0187488 -0.38543
10 3.71348 -0.102641 0.10219 1.55999 0.843181 0.0798626
11 1.72615 0 0 0.00870228 0.00432156 -1.08945
12 1.21114 0 0 0.00379984 0.0172221 -1.3256
13 3.59919 -1.06012 0.0708876 1.52729 0.379604 0.0109445
14 1.66069 0 0 -0.000891681 0.0778601 -0.234384
15 1.167 0 0 -0.0449929 0.0164959 -0.8571
16 2.18853 0.501039 0.057659 1.52613 0.0997979 0.154747
17 1.29609 0 0 0.0247846 -0.039742 -0.746595
18 1.62202 0.000715256 -0.000470638 0.00528192 -0.0126014 -1.12707
19 1.22241 0 0 -0.0199585 0.00621244 -1.25809
20 1.76707 1.27612 0.0366406 1.35857 0.244319 0.100604
21 1.55588 0 0 -0.0216193 0.0244014 -0.43056
22 1.24274 0 0 -0.000479219 0.000360513 -0.969327
23 0.784523 0 0 0.00427086 0.00619489 -0.802021
24 -2.4735 6.38035 -5.29598 -0.000932693 0 -1.67936
25 6.02794 0 0 1.31485 0.423313 0.352118
26 11.7344 0 0 0.00140276 0 0.657183
27 8.81167 0 0 0.430426 0 0
28 5.77884 0 0 0.288385 0 0
29 2.23249 0 0 0.142041 0 0
30 11.4725 0 0 0.466745 -0.212351 -0.210152
31 0.615812 0.994372 -0.809165 -2.63072 -0.0229901 0.302397
32 2.24752 0 0 -0.233939 0.119313 0.186604
33 1.11936 0 0 -0.10034 0.146391 0.154007
34 3.71349 0.102639 0.102191 -1.62656 0.647308 -0.0117739
35 1.72615 0 0 -0.0140398 -0.00343417 1.05412
36 1.21112 0 0 -0.0114086 0.0134492 0.623938
37 3.5992 1.06012 0.0708883 -1.82885 0.552225 -0.0809854
38 1.66069 0 0 0.0185625 0.0357885 0.837463
39 1.16699 0 0 -0.0214546 -0.0188799 0.512602
40 2.18853 -0.50104 0.0576589 -1.57595 -0.0519127 -0.112472
41 1.29609 0 0 -0.020726 -0.0420008 0.647344
42 1.62202 -0.000713348 -0.000469685 -0.0176409 -0.0302896 0.960613
43 1.22241 0 0 -0.0109008 -0.000363346 0.883798
44 1.76707 -1.27612 0.0366406 -1.57501 0.0279591 -0.0920011
45 1.55587 0 0 -0.0274838 -0.0875848 0.552803
46 1.24273 0 0 0.000478918 0.000360537 1.16748
47 0.784532 0 0 -0.00207164 0.00549204 0.856291
48 0 0 -9.79273 0 0 0
49 5.72813 -23.5573 -6.18985 -0.00323025 0.00127562 -0.000125196
50 0 -0.659981 2.32196 0 0 0
51 -0.0130925 -0.0336628 1.41425 -1.27079 0 0
52 5.72909 -24.9109 -5.94132 0 0.00127575 -0.000124307
53 0 -0.675066 1.41593 0 0 0
54 0 0.979376 2.33571 0.174533 0 0
55 0 -1.91969 2.85382 0 0 0
56 0 2.062 1.89702 -0.785398 0 0
57 0 -1.66928 2.60403 -0.0368113 0 0
time 24
0 2.90881 6.05823 -3.71544 0.000934124 0 -0.725437
1 6.02794 0 0 -1.11453 0.401367 -0.761571
2 11.7344 0 0 -0.00140303 0 -0.630588
3 8.81138 -0.000450134 -0.000112057 -0.128356 0 0.000158473
4 5.77839 0.000286102 0 -0.0859987 0 0.000105584
5 2.23163 -0.000329018 -0.000363827 -0.0423576 0 0
6 11.4725 0 0 -0.213058 -0.335962 0.266736
7 0.615219 -0.993091 -0.8107 2.8564 0.427913 -0.348126
8 2.24752 0 0 0.742483 0.196537 -0.184311
9 1.11936 0 0 0.0569241 -0.0187487 -0.38543
10 3.71348 -0.102641 0.102191 1.55999 0.843181 0.0798626
11 1.72615 0 0 0.00870228 0.00432159 -1.08945
12 1.21114 0 0 0.00379985 0.0172221 -1.3256
13 3.59919 -1.06012 0.0708884 1.52729 0.379604 0.0109443
14 1.66069 0 0 -0.000891697 0.07786 -0.234384
15 1.167 0 0 -0.0449929 0.0164959 -0.8571
16 2.18852 0.50104 0.0576595 1.52613 0.0997979 0.154747
17 1.29609 0 0 0.0247846 -0.039742 -0.746595
18 1.62201 0.000713348 -0.000471115 0.00528191 -0.0126014 -1.12707
19 1.22241 0 0 -0.0199585 0.00621244 -1.25809
20 1.76707 1.27612 0.0366409 1.35857 0.244319 0.100604
21 1.55588 0 0 -0.0216193 0.0244014 -0.43056
22 1.24273 0 0 -0.000479217 0.000360509 -0.969327
23 0.784523 0 0 0.00427084 0.00619488 -0.802021
24 -2.4735 6.38035 -5.29598 -0.000932693 0 -1.67936
25 6.02794 0 0 1.31461 0.421484 0.35279
26 11.7344 0 0 0.00140276 0 0.656118
27 8.81167 0 0 0.429971 0 0
28 5.77884 0 0 0.28808 0 0
29 2.23249 0 0 0.14189 0 0
30 11.4725 0 0 0.466399 -0.212821 -0.210356
31 0.615812 0.994371 -0.809165 -2.63072 -0.02299 0.302397
32 2.24752 0 0 -0.233939 0.119313 0.186604
33 1.11936 0 0 -0.10034 0.146391 0.154007
34 3.71349 0.102639 0.102191 -1.62656 0.647308 -0.0117742
35 1.72615 0 0 -0.0140398 -0.00343418 1.05412
36 1.21112 0 0 -0.0114086 0.0134492 0.623938
37 3.5992 1.06012 0.0708878 -1.82885 0.552225 -0.0809855
38 1.66069 0 0 0.0185625 0.0357885 0.837463
39 1.16699 0 0 -0.0214546 -0.0188799 0.512602
40 2.18853 -0.501041 0.0576586 -1.57595 -0.0519127 -0.112472
41 1.29609 0 0 -0.020726 -0.0420007 0.647344
42 1.62202 -0.000713348 -0.000469685 -0.0176409 -0.0302896 0.960613
43 1.22241 0 0 -0.0109008 -0.000363386 0.883798
44 1.76707 -1.27612 0.0366404 -1.57501 0.0279592 -0.0920012
45 1.55588 0 0 -0.0274839 -0.0875848 0.552803
46 1.24273 0 0 0.000478909 0.00036055 1.16748
47 0.784532 0 0 -0.00207165 0.00549204 0.856291
48 0 0 -9.79273 0 0 0
49 5.74364 -23.5585 -6.16029 -0.00404697 0.00176493 -0.000128736
50 0 -0.659981 2.32196 0 0 0
51 -0.013092 -0.0336647 1.41425 -1.27079 0 0
52 5.74471 -24.9119 -5.91066 -0.000874061 0.00176506 -0.000127877
53 0 -0.675064 1.41593 0 0 0
54 0 0.979378 2.33571 0.174533 0 0
55 0 -1.91969 2.85382 0 0 0
56 0 2.062 1.89702 -0.785398 0 0
57 0 -1.66928 2.60403 -0.0368113 0 0
time 25
0 2.90881 6.05823 -3.71544 0.000934124 0 -0.725437
1 6.02794 0 0 -1.11598 0.400863 -0.761038
2 11.7344 0 0 -0.00140293 0 -0.631508
3 8.81138 -0.000450134 -0.000112057 -0.12699 0 0.000158229
4 5.77839 0.000285149 0 -0.0850831 0 0.000105478
5 2.23163 -0.000329971 -0.000363827 -0.0419067 0 0
6 11.4725 0 0 -0.211706 -0.334868 0.267198
7 0.615219 -0.993091 -0.8107 2.8564 0.427913 -0.348126
8 2.24752 0 0 0.742483 0.196537 -0.184311
9 1.11935 0 0 0.0569243 -0.0187488 -0.38543
10 3.71348 -0.102642 0.102191 1.55999 0.843181 0.0798625
11 1.72615 0 0 0.00870226 0.00432156 -1.08945
12 1.21114 0 0 0.00379984 0.0172221 -1.3256
13 3.59919 -1.06012 0.0708882 1.52729 0.379604 0.0109444
14 1.66069 0 0 -0.000891675 0.07786 -0.234384
15 1.167 0 0 -0.0449929 0.0164959 -0.8571
16 2.18852 0.50104 0.0576596 1.52613 0.0997978 0.154747
17 1.29609 0 0 0.0247846 -0.039742 -0.746595
18 1.62202 0.000713348 -0.000471115 0.00528192 -0.0126014 -1.12707
19 1.22241 0 0 -0.0199585 0.00621243 -1.25809
20 1.76707 1.27612 0.0366406 1.35857 0.244319 0.100604
21 1.55588 0 0 -0.0216193 0.0244014 -0.43056
22 1.24274 0 0 -0.000479227 0.000360512 -0.969327
23 0.784523 0 0 0.00427086 0.0061949 -0.802021
24 -2.4735 6.38035 -5.29598 -0.000932693 0 -1.67936
25 6.02794 0 0 1.31415 0.419856 0.353473
26 11.7344 0 0 0.00140273 0 0.6552
27 8.81167 0 0 0.430213 0 0
28 5.77884 0 0 0.288243 0 0
29 2.23249 0 0 0.141971 0 0
30 11.4725 0 0 0.466853 -0.213364 -0.211034
31 0.61581 0.994372 -0.809165 -2.63072 -0.0229901 0.302397
32 2.24752 0 0 -0.233939 0.119313 0.186604
33 1.11936 0 0 -0.10034 0.146391 0.154007
34 3.71348 0.102639 0.102191 -1.62656 0.647308 -0.0117741
35 1.72615 0 0 -0.0140398 -0.00343419 1.05412
36 1.21112 0 0 -0.0114087 0.0134492 0.623938
37 3.5992 1.06012 0.0708879 -1.82885 0.552225 -0.0809854
38 1.66069 0 0 0.0185625 0.0357885 0.837463
39 1.16699 0 0 -0.0214546 -0.0188799 0.512602
40 2.18853 -0.50104 0.0576587 -1.57595 -0.0519127 -0.112472
41 1.29609 0 0 -0.020726 -0.0420008 0.647344
42 1.62202 -0.000714302 -0.000469685 -0.0176409 -0.0302897 0.960613
43 1.22241 0 0 -0.0109008 -0.000363369 0.883798
44 1.76707 -1.27612 0.0366402 -1.57501 0.0279592 -0.0920012
45 1.55588 0 0 -0.0274838 -0.0875848 0.552803
46 1.24273 0 0 0.000478926 0.000360588 1.16748
47 0.784531 0 0 -0.00207168 0.00549203 0.856291
48 0 0 -9.79273 0 0 0
49 5.76037 -23.5589 -6.13482 -0.00432011 0.00182073 -0.000125206
50 0 -0.659981 2.32196 0 0 0
51 -0.0130925 -0.0336628 1.41425 -1.27079 0 0
52 5.76147 -24.9122 -5.88483 -0.00114722 0.00182084 -0.000124319
53 0 -0.675066 1.41593 0 0 0
54 0 0.979374 2.33571 0.174533 0 0
55 0 -1.9197 2.85382 0 0 0
56 0 2.062 1.89702 -0.785398 0 0
57 0 -1.66928 2.60403 -0.0368113 0 0
time 26
0 2.90881 6.05823 -3.71544 0.000934124 0 -0.725437
1 6.02794 0 0 -1.11737 0.400517 -0.760435
2 11.7344 0 0 -0.00140291 0 -0.632523
3 8.81138 -0.000450134 -0.00011158 -0.125286 0 0.000157747
4 5.77839 0.000286102 0 -0.0839419 0 0.000105031
5 2.23163 -0.000329971 -0.00036335 -0.0413444 0 0
6 11.4725 0 0 -0.210087 -0.333655 0.267878
7 0.615219 -0.993092 -0.8107 2.8564 0.427913 -0.348126
8 2.24752 0 0 0.742483 0.196537 -0.184311
9 1.11936 0 0 0.0569243 -0.0187489 -0.38543
10 3.71348 -0.102641 0.102191 1.55999 0.843181 0.0798625
11 1.72615 0 0 0.00870228 0.00432158 -1.08945
12 1.21114 0 0 0.00379981 0.0172221 -1.3256
13 3.59919 -1.06012 0.0708884 1.52729 0.379604 0.0109443
14 1.66069 0 0 -0.00089169 0.07786 -0.234384
15 1.167 0 0 -0.0449929 0.0164959 -0.8571
16 2.18852 0.50104 0.0576588 1.52613 0.0997979 0.154747
17 1.29609 0 0 0.0247846 -0.039742 -0.746595
18 1.62202 0.000713348 -0.000471115 0.00528194 -0.0126014 -1.12707
19 1.22241 0 0 -0.0199585 0.00621244 -1.25809
20 1.76707 1.27612 0.036641 1.35857 0.244319 0.100604
21 1.55588 0 0 -0.0216193 0.0244014 -0.43056
22 1.24273 0 0 -0.000479216 0.000360506 -0.969327
23 0.784523 0 0 0.00427085 0.00619489 -0.802021
24 -2.4735 6.38035 -5.29598 -0.000932693 0 -1.67936
25 6.02794 0 0 1.3135 0.418415 0.354158
26 11.7344 0 0 0.00140269 0 0.654356
27 8.81167 0 0 0.430981 0 0
28 5.77884 0 0 0.288757 0 0
29 2.23249 0 0 0.142224 0 0
30 11.4725 0 0 0.467887 -0.213968 -0.211973
31 0.615814 0.994372 -0.809165 -2.63072 -0.02299 0.302397
32 2.24752 0 0 -0.233939 0.119313 0.186605
33 1.11936 0 0 -0.10034 0.146391 0.154007
34 3.71349 0.102639 0.102191 -1.62656 0.647308 -0.011774
35 1.72615 0 0 -0.0140398 -0.00343417 1.05412
36 1.21112 0 0 -0.0114086 0.0134492 0.623938
37 3.5992 1.06012 0.0708882 -1.82885 0.552225 -0.0809855
38 1.66069 0 0 0.0185625 0.0357885 0.837463
39 1.16699 0 0 -0.0214546 -0.0188799 0.512602
40 2.18853 -0.501041 0.0576593 -1.57595 -0.0519129 -0.112472
41 1.29609 0 0 -0.020726 -0.0420007 0.647344
42 1.62201 -0.000714302 -0.000470161 -0.0176409 -0.0302896 0.960613
43 1.22241 0 0 -0.0109008 -0.000363346 0.883798
44 1.76707 -1.27612 0.0366408 -1.57501 0.0279594 -0.0920012
45 1.55587 0 0 -0.0274839 -0.0875848 0.552803
46 1.24273 0 0 0.000478926 0.000360588 1.16748
47 0.784531 0 0 -0.00207174 0.00549203 0.856291
48 0 0 -9.79273 0 0 0
49 5.77786 -23.5587 -6.11358 -0.00421096 0.00156882 -0.000114486
50 0 -0.659983 2.32196 0 0 0
51 -0.0130916 -0.0336666 1.41425 -1.27079 0 0
52 5.7789 -24.9121 -5.86373 -0.00103807 0.00156895 -0.000113624
53 0 -0.675064 1.41593 0 0 0
54 0 0.97938 2.33571 0.174533 0 0
55 0 -1.91969 2.85382 0 0 0
56 0 2.062 1.89702 -0.785398 0 0
57 0 -1.66927 2.60403 -0.0368113 0 0
time 27
0 2.90881 6.05823 -3.71544 0.000934124 0 -0.725437
1 6.02794 0 0 -1.11867 0.40031 -0.759795
2 11.7344 0 0 -0.00140296 0 -0.633522
3 8.81138 -0.000450134 -0.000112057 -0.123466 0 0.000158174
4 5.77839 0.000286102 0 -0.0827223 0 0.000105437
5 2.23164 -0.000329971 -0.000363827 -0.0407439 0 0
6 11.4725 0 0 -0.208359 -0.332421 0.268592
7 0.615219 -0.993092 -0.8107 2.8564 0.427913 -0.348127
8 2.24752 0 0 0.742483 0.196537 -0.184311
9 1.11936 0 0 0.0569243 -0.0187487 -0.38543
10 3.71348 -0.102641 0.102191 1.55999 0.843182 0.0798626
11 1.72614 0 0 0.00870226 0.00432158 -1.08945
12 1.21114 0 0 0.00379984 0.0172221 -1.32561
13 3.59919 -1.06012 0.0708877 1.52729 0.379605 0.0109443
14 1.66069 0 0 -0.000891661 0.07786 -0.234383
15 1.167 0 0 -0.0449929 0.0164959 -0.8571
16 2.18852 0.50104 0.0576588 1.52613 0.099798 0.154747
17 1.29609 0 0 0.0247846 -0.039742 -0.746595
18 1.62202 0.000713348 -0.000471115 0.00528194 -0.0126014 -1.12707
19 1.22241 0 0 -0.0199585 0.00621243 -1.25809
20 1.76707 1.27612 0.036641 1.35857 0.244319 0.100604
21 1.55588 0 0 -0.0216193 0.0244014 -0.43056
22 1.24273 0 0 -0.000479196 0.000360516 -0.969327
23 0.784523 0 0 0.00427083 0.00619488 -0.802021
24 -2.4735 6.38035 -5.29598 -0.000932693 0 -1.67936
25 6.02794 0 0 1.31272 0.417144 0.354833
26 11.7344 0 0 0.00140278 0 0.653506
27 8.81167 0 0 0.432102 0 0
28 5.77884 0 0 0.289508 0 0
29 2.23249 0 0 0.142594 0 0
30 11.4725 0 0 0.469276 -0.214617 -0.212956
31 0.615812 0.994373 -0.809165 -2.63072 -0.0229902 0.302397
32 2.24752 0 0 -0.233939 0.119313 0.186604
33 1.11936 0 0 -0.10034 0.146391 0.154007
34 3.71349 0.10264 0.102191 -1.62656 0.647308 -0.011774
35 1.72615 0 0 -0.0140398 -0.00343417 1.05412
36 1.21112 0 0 -0.0114086 0.0134492 0.623938
37 3.5992 1.06012 0.0708888 -1.82885 0.552225 -0.0809854
38 1.66069 0 0 0.0185625 0.0357885 0.837463
39 1.16699 0 0 -0.0214546 -0.0188799 0.512602
40 2.18853 -0.50104 0.0576591 -1.57595 -0.0519128 -0.112472
41 1.29609 0 0 -0.020726 -0.0420008 0.647344
42 1.62201 -0.000713348 -0.000470161 -0.0176409 -0.0302897 0.960613
43 1.22241 0 0 -0.0109008 -0.000363334 0.883798
44 1.76707 -1.27612 0.0366408 -1.57501 0.0279592 -0.0920013
45 1.55588 0 0 -0.0274838 -0.0875848 0.552803
46 1.24273 0 0 0.000478893 0.000360552 1.16748
47 0.784532 0 0 -0.00207164 0.00549205 0.856291
48 0 0 -9.79273 0 0 0
49 5.79562 -23.5581 -6.09668 -0.00388049 0.00113497 0
50 0 -0.659983 2.32196 0 0 0
51 -0.013092 -0.0336609 1.41425 -1.27079 0 0
52 5.79658 -24.9116 -5.84728 -0.000707646 0.00113508 0
53 0 -0.675064 1.41593 0 0 0
54 0 0.979378 2.33571 0.174533 0 0
55 0 -1.91969 2.85382 0 0 0
56 0 2.062 1.89702 -0.785398 0 0
57 0 -1.66928 2.60403 -0.0368113 0 0
time 28
0 2.90881 6.05823 -3.71544 0.000934124 0 -0.725437
1 6.02794 0 0 -1.11984 0.400225 -0.759153
2 11.7344 0 0 -0.00140288 0 -0.634404
3 8.81138 -0.000450134 -0.000112057 -0.121744 0 0.00015854
4 5.77839 0.000286102 0 -0.0815686 0 0.000105562
5 2.23163 -0.000329971 -0.00036478 -0.0401756 0 0
6 11.4725 0 0 -0.206683 -0.331263 0.269159
7 0.615221 -0.993091 -0.8107 2.8564 0.427913 -0.348126
8 2.24752 0 0 0.742483 0.196537 -0.184311
9 1.11936 0 0 0.0569243 -0.0187487 -0.38543
10 3.71348 -0.102641 0.102191 1.55999 0.843181 0.0798625
11 1.72615 0 0 0.00870227 0.00432159 -1.08945
12 1.21114 0 0 0.00379984 0.0172221 -1.3256
13 3.59919 -1.06012 0.0708878 1.52729 0.379604 0.0109444
14 1.66068 0 0 -0.000891672 0.0778601 -0.234384
15 1.167 0 0 -0.0449929 0.0164959 -0.8571
16 2.18853 0.50104 0.0576594 1.52613 0.0997977 0.154747
17 1.29609 0 0 0.0247846 -0.039742 -0.746595
18 1.62202 0.000713348 -0.000471115 0.00528195 -0.0126014 -1.12707
19 1.22241 0 0 -0.0199585 0.00621243 -1.25809
20 1.76707 1.27612 0.0366415 1.35857 0.244319 0.100604
21 1.55588 0 0 -0.0216193 0.0244014 -0.43056
22 1.24273 0 0 -0.000479217 0.000360508 -0.969327
23 0.784523 0 0 0.00427085 0.00619489 -0.802021
24 -2.4735 6.38035 -5.29598 -0.000932693 0 -1.67936
25 6.02794 0 0 1.31186 0.416031 0.355488
26 11.7344 0 0 0.00140275 0 0.65258
27 8.81167 0 0 0.433406 0 0
28 5.77884 0 0 0.290382 0 0
29 2.23249 0 0 0.143024 0 0
30 11.4725 0 0 0.470803 -0.2153 -0.21377
31 0.615814 0.994372 -0.809165 -2.63072 -0.0229901 0.302397
32 2.24752 0 0 -0.233939 0.119313 0.186604
33 1.11936 0 0 -0.10034 0.146391 0.154007
34 3.71349 0.102639 0.102191 -1.62656 0.647308 -0.0117742
35 1.72615 0 0 -0.0140398 -0.00343419 1.05412
36 1.21112 0 0 -0.0114086 0.0134492 0.623938
37 3.5992 1.06012 0.070888 -1.82885 0.552225 -0.0809854
38 1.66069 0 0 0.0185625 0.0357885 0.837463
39 1.16699 0 0 -0.0214546 -0.0188799 0.512602
40 2.18853 -0.50104 0.0576593 -1.57595 -0.0519128 -0.112472
41 1.29609 0 0 -0.020726 -0.0420007 0.647344
42 1.62201 -0.000710487 -0.000469208 -0.0176409 -0.0302896 0.960613
43 1.22241 0 0 -0.0109008 -0.000363371 0.883798
44 1.76707 -1.27612 0.0366406 -1.57501 0.0279592 -0.0920013
45 1.55588 0 0 -0.0274839 -0.0875848 0.552803
46 1.24273 0 0 0.000478928 0.000360571 1.16748
47 0.784532 0 0 -0.00207169 0.00549203 0.856291
48 0 0 -9.79273 0 0 0
49 5.81317 -23.5575 -6.08425 -0.00349002 0.000645002 0
50 0 -0.659981 2.32196 0 0 0
51 -0.0130925 -0.0336666 1.41425 -1.27079 0 0
52 5.81405 -24.9111 -5.83538 -0.00031717 0.000645107 0
53 0 -0.675064 1.41593 0 0 0
54 0 0.979378 2.33571 0.174533 0 0
55 0 -1.91969 2.85382 0 0 0
56 0 2.062 1.89702 -0.785398 0 0
57 0 -1.66928 2.60403 -0.0368113 0 0
time 29
0 2.90881 6.05823 -3.71544 0.000934124 0 -0.725437
1 6.02794 0 0 -1.12085 0.400247 -0.75854
2 11.7344 0 0 -0.00140297 0 -0.635067
3 8.81138 -0.000449181 -0.000112057 -0.120336 0 0.000157231
4 5.77839 0.000287056 0 -0.0806255 0 0.000105009
5 2.23163 -0.000329018 -0.000363827 -0.0397109 0 0
6 11.4725 0 0 -0.205221 -0.330278 0.269399
7 0.615217 -0.993092 -0.8107 2.8564 0.427913 -0.348127
8 2.24752 0 0 0.742483 0.196537 -0.184311
9 1.11936 0 0 0.0569244 -0.0187487 -0.38543
10 3.71348 -0.102642 0.102191 1.55999 0.843181 0.0798624
11 1.72615 0 0 0.00870228 0.00432158 -1.08945
12 1.21114 0 0 0.00379983 0.017222 -1.3256
13 3.59919 -1.06012 0.0708885 1.52729 0.379604 0.0109443
14 1.66069 0 0 -0.000891695 0.07786 -0.234383
15 1.167 0 0 -0.0449929 0.0164959 -0.8571
16 2.18852 0.50104 0.0576587 1.52613 0.0997979 0.154747
17 1.29609 0 0 0.0247846 -0.039742 -0.746595
18 1.62202 0.000717163 -0.000471115 0.00528191 -0.0126014 -1.12707
19 1.22241 0 0 -0.0199585 0.00621243 -1.25809
20 1.76707 1.27612 0.0366409 1.35857 0.244319 0.100604
21 1.55588 0 0 -0.0216193 0.0244014 -0.43056
22 1.24273 0 0 -0.000479194 0.000360513 -0.969328
23 0.784523 0 0 0.00427084 0.00619488 -0.802021
24 -2.4735 6.38035 -5.29598 -0.000932693 0 -1.67936
25 6.02794 0 0 1.31096 0.415061 0.356108
26 11.7344 0 0 0.0014027 0 0.651507
27 8.81167 0 0 0.434722 0 0
28 5.77884 0 0 0.291264 0 0
29 2.23249 0 0 0.143458 0 0
30 11.4725 0 0 0.472244 -0.216003 -0.214201
31 0.615812 0.994373 -0.809166 -2.63072 -0.02299 0.302397
32 2.24752 0 0 -0.233939 0.119313 0.186604
33 1.11936 0 0 -0.10034 0.146391 0.154007
34 3.71349 0.10264 0.102191 -1.62656 0.647308 -0.011774
35 1.72615 0 0 -0.0140398 -0.00343417 1.05412
36 1.21112 0 0 -0.0114086 0.0134492 0.623938
37 3.5992 1.06012 0.0708884 -1.82885 0.552225 -0.0809855
38 1.66069 0 0 0.0185625 0.0357885 0.837463
39 1.16699 0 0 -0.0214546 -0.0188799 0.512602
40 2.18853 -0.50104 0.057659 -1.57595 -0.0519128 -0.112472
41 1.29609 0 0 -0.020726 -0.0420008 0.647344
42 1.62202 -0.000713348 -0.000469685 -0.0176409 -0.0302896 0.960613
43 1.22241 0 0 -0.0109008 -0.000363307 0.883798
44 1.76707 -1.27612 0.0366404 -1.57501 0.0279592 -0.0920013
45 1.55588 0 0 -0.0274839 -0.0875848 0.552803
46 1.24273 0 0 0.000478906 0.000360612 1.16748
47 0.784532 0 0 -0.00207171 0.00549202 0.856291
48 0 0 -9.79273 0 0 0
49 5.83005 -23.5571 -6.07642 -0.00320059 0.00022467 0
50 0 -0.659985 2.32196 0 0 0
51 -0.013092 -0.0336666 1.41425 -1.27079 0 0
52 5.83086 -24.9107 -5.82794 0 0.000224793 0
53 0 -0.675064 1.41593 0 0 0
54 0 0.979376 2.33571 0.174533 0 0
55 0 -1.91969 2.85382 0 0 0
56 0 2.062 1.89702 -0.785398 0 0
57 0 -1.66928 2.60403 -0.0368113 0 0
time 30
0 2.90881 6.05823 -3.71544 0.000934124 0 -0.725437
1 6.02795 0 0 -1.12166 0.400355 -0.757989
2 11.7344 0 0 -0.00140285 0 -0.635403
3 8.81138 -0.000449181 -0.000112534 -0.119459 0 0.000157019
4 5.77839 0.000287056 0 -0.0800375 0 0.000104645
5 2.23163 -0.000329018 -0.000364304 -0.0394216 0 0
6 11.4725 0 0 -0.204133 -0.329561 0.269127
7 0.615223 -0.993091 -0.8107 2.8564 0.427913 -0.348126
8 2.24752 0 0 0.742483 0.196537 -0.184311
9 1.11936 0 0 0.0569243 -0.0187488 -0.38543
10 3.71348 -0.102641 0.102191 1.55999 0.843181 0.0798625
11 1.72615 0 0 0.00870227 0.00432159 -1.08945
12 1.21114 0 0 0.00379986 0.0172221 -1.32561
13 3.59919 -1.06012 0.0708883 1.52729 0.379604 0.0109445
14 1.66069 0 0 -0.000891691 0.07786 -0.234384
15 1.167 0 0 -0.0449929 0.0164959 -0.8571
16 2.18852 0.50104 0.0576593 1.52613 0.0997978 0.154747
17 1.29609 0 0 0.0247846 -0.039742 -0.746595
18 1.62202 0.000715256 -0.000471592 0.00528193 -0.0126014 -1.12707
19 1.22241 0 0 -0.0199585 0.00621243 -1.25809
20 1.76707 1.27612 0.0366408 1.35857 0.244319 0.100604
21 1.55588 0 0 -0.0216193 0.0244014 -0.43056
22 1.24273 0 0 -0.000479226 0.000360509 -0.969327
23 0.784523 0 0 0.00427084 0.0061949 -0.802021
24 -2.4735 6.38035 -5.29598 -0.000932693 0 -1.67936
25 6.02794 0 0 1.31008 0.414217 0.356685
26 11.7344 0 0 0.00140282 0 0.650205
27 8.81167 0 0 0.435878 0 0
28 5.77884 0 0 0.292038 0 0
29 2.23249 0 0 0.14384 0 0
30 11.4725 0 0 0.473377 -0.216715 -0.214031
31 0.615814 0.994372 -0.809165 -2.63072 -0.02299 0.302397
32 2.24751 0 0 -0.233939 0.119313 0.186604
33 1.11936 0 0 -0.10034 0.146391 0.154007
34 3.71349 0.102639 0.102191 -1.62656 0.647308 -0.011774
35 1.72615 0 0 -0.0140398 -0.00343416 1.05412
36 1.21112 0 0 -0.0114087 0.0134492 0.623938
37 3.5992 1.06012 0.0708876 -1.82885 0.552225 -0.0809854
38 1.66069 0 0 0.0185625 0.0357885 0.837463
39 1.16699 0 0 -0.0214546 -0.0188799 0.512602
40 2.18853 -0.50104 0.0576589 -1.57595 -0.0519129 -0.112472
41 1.29609 0 0 -0.020726 -0.0420008 0.647344
42 1.62201 -0.000714302 -0.000470161 -0.0176409 -0.0302896 0.960613
43 1.22241 0 0 -0.0109008 -0.000363392 0.883798
44 1.76707 -1.27612 0.0366402 -1.57501 0.0279592 -0.0920013
45 1.55588 0 0 -0.0274838 -0.0875848 0.552803
46 1.24273 0 0 0.000478931 0.000360589 1.16748
47 0.784532 0 0 -0.0020717 0.00549205 0.856291
48 0 0 -9.79273 0 0 0
49 5.84575 -23.557 -6.07331 -0.00317329 0 0
50 0 -0.659983 2.32196 0 0 0
51 -0.013092 -0.0336647 1.41425 -1.27079 0 0
52 5.84656 -24.9106 -5.82486 0 0 0
53 0 -0.675064 1.41593 0 0 0
54 0 0.979378 2.33571 0.174533 0 0
55 0 -1.91969 2.85382 0 0 0
56 0 2.062 1.89702 -0.785398 0 0
57 0 -1.66928 2.60403 -0.0368113 0 0
time 31
0 2.90881 6.05823 -3.71544 0.000934124 0 -0.725437
1 6.02794 0 0 -1.12239 0.400486 -0.757472
2 11.7344 0 0 -0.00140292 0 -0.635404
3 8.81138 -0.000450134 -0.00011158 -0.118707 0 0.000158228
4 5.77839 0.000286102 0 -0.0795334 0 0.000105467
5 2.23164 -0.000329971 -0.00036335 -0.0391732 0 0
6 11.4725 0 0 -0.202955 -0.329127 0.268118
7 0.615221 -0.993091 -0.8107 2.8564 0.427913 -0.348126
8 2.24752 0 0 0.742483 0.196537 -0.184311
9 1.11936 0 0 0.0569243 -0.0187488 -0.38543
10 3.71348 -0.10264 0.102191 1.55999 0.843181 0.0798625
11 1.72615 0 0 0.00870228 0.0043216 -1.08945
12 1.21114 0 0 0.00379984 0.017222 -1.3256
13 3.59919 -1.06012 0.0708883 1.52729 0.379604 0.0109443
14 1.66069 0 0 -0.000891714 0.07786 -0.234383
15 1.167 0 0 -0.0449929 0.0164959 -0.8571
16 2.18853 0.50104 0.0576587 1.52613 0.0997979 0.154747
17 1.29609 0 0 0.0247846 -0.039742 -0.746595
18 1.62202 0.000713348 -0.000470638 0.00528192 -0.0126014 -1.12707
19 1.22241 0 0 -0.0199585 0.00621242 -1.25809
20 1.76707 1.27612 0.0366405 1.35857 0.244319 0.100604
21 1.55588 0 0 -0.0216193 0.0244014 -0.43056
22 1.24273 0 0 -0.000479226 0.000360509 -0.969327
23 0.784523 0 0 0.00427087 0.00619489 -0.802021
24 -2.4735 6.38035 -5.29598 -0.000932693 0 -1.67936
25 6.02794 0 0 1.30914 0.413309 0.357304
26 11.7344 0 0 0.00140275 0 0.648388
27 8.81167 0 0 0.437294 0 0
28 5.77884 0 0 0.292987 0 0
29 2.23249 0 0 0.144307 0 0
30 11.4725 0 0 0.47454 -0.217541 -0.212979
31 0.615816 0.994373 -0.809166 -2.63072 -0.02299 0.302397
32 2.24752 0 0 -0.233939 0.119313 0.186604
33 1.11936 0 0 -0.10034 0.146391 0.154007
34 3.71349 0.102639 0.102191 -1.62656 0.647308 -0.0117741
35 1.72615 0 0 -0.0140398 -0.0034342 1.05412
36 1.21112 0 0 -0.0114086 0.0134492 0.623938
37 3.5992 1.06012 0.0708882 -1.82885 0.552225 -0.0809855
38 1.66069 0 0 0.0185625 0.0357885 0.837463
39 1.16699 0 0 -0.0214546 -0.0188799 0.512602
40 2.18853 -0.50104 0.057659 -1.57595 -0.0519129 -0.112472
41 1.29609 0 0 -0.020726 -0.0420008 0.647344
42 1.62202 -0.000714302 -0.000470161 -0.0176409 -0.0302896 0.960613
43 1.22241 0 0 -0.0109008 -0.000363332 0.883798
44 1.76707 -1.27612 0.0366404 -1.57501 0.0279592 -0.0920013
45 1.55588 0 0 -0.0274838 -0.0875849 0.552803
46 1.24273 0 0 0.000478954 0.00036059 1.16748
47 0.78453 0 0 -0.00207171 0.00549202 0.856291
48 0 0 -9.79273 0 0 0
49 5.86181 -23.5576 -6.07282 -0.00357749 -0.000357383 0
50 0 -0.659983 2.32196 0 0 0
51 -0.013092 -0.0336647 1.41425 -1.27079 0 0
52 5.86264 -24.9112 -5.82383 -0.000404616 -0.000357274 0
53 0 -0.675064 1.41593 0 0 0
54 0 0.979378 2.33571 0.174533 0 0
55 0 -1.91969 2.85382 0 0 0
56 0 2.062 1.89702 -0.785398 0 0
57 0 -1.66928 2.60403 -0.0368113 0 0
time 32
0 2.90881 6.05823 -3.71544 0.000934124 0 -0.725437
1 6.02794 0 0 -1.12317 0.400597 -0.756944
2 11.7344 0 0 -0.00140295 0 -0.635156
3 8.81139 -0.000450134 -0.000112534 -0.117603 0 0.000158707
4 5.77839 0.000286102 0 -0.0787943 0 0.000105657
5 2.23163 -0.000329971 -0.000364304 -0.0388091 0 0
6 11.4725 0 0 -0.201219 -0.3289 0.266376
7 0.615219 -0.993092 -0.810699 2.8564 0.427913 -0.348126
8 2.24752 0 0 0.742483 0.196537 -0.184311
9 1.11936 0 0 0.0569243 -0.0187487 -0.38543
10 3.71348 -0.102641 0.102191 1.55999 0.843181 0.0798625
11 1.72615 0 0 0.00870227 0.00432157 -1.08945
12 1.21114 0 0 0.00379981 0.0172221 -1.3256
13 3.59919 -1.06012 0.0708877 1.52729 0.379604 0.0109444
14 1.66069 0 0 -0.000891671 0.07786 -0.234384
15 1.167 0 0 -0.0449929 0.0164959 -0.8571
16 2.18852 0.501039 0.0576591 1.52613 0.0997978 0.154747
17 1.29609 0 0 0.0247846 -0.039742 -0.746595
18 1.62202 0.000713348 -0.000471115 0.00528193 -0.0126014 -1.12707
19 1.22241 0 0 -0.0199585 0.00621243 -1.25809
20 1.76707 1.27612 0.0366406 1.35857 0.244319 0.100604
21 1.55588 0 0 -0.0216193 0.0244014 -0.43056
22 1.24274 0 0 -0.000479229 0.000360516 -0.969328
23 0.784523 0 0 0.00427086 0.0061949 -0.802021
24 -2.4735 6.38035 -5.29598 -0.000932693 0 -1.67936
25 6.02794 0 0 1.30807 0.4122 0.358036
26 11.7344 0 0 0.00140284 0 0.645919
27 8.81167 0 0 0.439393 0 0
28 5.77884 0 0 0.294393 0 0
29 2.23249 0 0 0.145 0 0
30 11.4725 0 0 0.476144 -0.218557 -0.211034
31 0.615812 0.994372 -0.809165 -2.63072 -0.0229902 0.302397
32 2.24752 0 0 -0.233939 0.119313 0.186604
33 1.11936 0 0 -0.10034 0.146391 0.154007
34 3.71348 0.102639 0.102191 -1.62656 0.647308 -0.011774
35 1.72615 0 0 -0.0140398 -0.00343417 1.05412
36 1.21112 0 0 -0.0114086 0.0134492 0.623938
37 3.5992 1.06012 0.0708883 -1.82885 0.552225 -0.0809853
38 1.66069 0 0 0.0185625 0.0357885 0.837463
39 1.16699 0 0 -0.0214546 -0.0188799 0.512602
40 2.18853 -0.50104 0.0576593 -1.57595 -0.0519128 -0.112472
41 1.29609 0 0 -0.020726 -0.0420008 0.647344
42 1.62201 -0.000713348 -0.000470161 -0.0176409 -0.0302896 0.960613
43 1.22241 0 0 -0.0109009 -0.000363404 0.883798
44 1.76707 -1.27612 0.0366402 -1.57501 0.0279592 -0.0920011
45 1.55587 0 0 -0.0274838 -0.0875848 0.552803
46 1.24273 0 0 0.000478936 0.000360584 1.16748
47 0.784532 0 0 -0.00207173 0.00549205 0.856291
48 0 0 -9.79273 0 0 0
49 5.87958 -23.5589 -6.07302 -0.00440384 -0.00118285 0.000222846
50 0 -0.659981 2.32196 0 0 0
51 -0.013092 -0.0336609 1.41425 -1.27079 0 0
52 5.88039 -24.9123 -5.82291 -0.00123096 -0.00118273 0.000223715
53 0 -0.675064 1.41593 0 0 0
54 0 0.979376 2.33571 0.174533 0 0
55 0 -1.91969 2.85382 0 0 0
56 0 2.062 1.89702 -0.785398 0 0
57 0 -1.66928 2.60403 -0.0368113 0 0
time 33
0 2.90881 6.05823 -3.71544 0.000934124 0 -0.725437
1 6.02794 0 0 -1.12394 0.400702 -0.756418
2 11.7344 0 0 -0.00140289 0 -0.634695
3 8.81139 -0.000449181 -0.000112534 -0.116262 0 0.00015817
4 5.77839 0.000286102 0 -0.0778953 0 0.000105467
5 2.23163 -0.000329971 -0.00036335 -0.0383664 0 0
6 11.4725 0 0 -0.199088 -0.328849 0.264064
7 0.615219 -0.993091 -0.8107 2.8564 0.427913 -0.348126
8 2.24752 0 0 0.742483 0.196537 -0.184311
9 1.11936 0 0 0.0569243 -0.0187488 -0.38543
10 3.71348 -0.102641 0.102191 1.55999 0.843181 0.0798625
11 1.72615 0 0 0.00870229 0.00432155 -1.08945
12 1.21114 0 0 0.00379988 0.0172221 -1.3256
13 3.59919 -1.06012 0.0708882 1.52729 0.379604 0.0109443
14 1.66069 0 0 -0.000891667 0.07786 -0.234384
15 1.167 0 0 -0.0449929 0.0164959 -0.8571
16 2.18853 0.50104 0.0576586 1.52613 0.0997979 0.154747
17 1.29609 0 0 0.0247846 -0.039742 -0.746595
18 1.62202 0.000713348 -0.000470638 0.0052819 -0.0126014 -1.12707
19 1.22241 0 0 -0.0199585 0.00621244 -1.25809
20 1.76707 1.27612 0.0366406 1.35857 0.244319 0.100604
21 1.55588 0 0 -0.0216193 0.0244014 -0.43056
22 1.24273 0 0 -0.000479219 0.000360512 -0.969327
23 0.784523 0 0 0.00427086 0.00619489 -0.802021
24 -2.4735 6.38035 -5.29598 -0.000932693 0 -1.67936
25 6.02794 0 0 1.30691 0.410965 0.358847
26 11.7344 0 0 0.00140282 0 0.642957
27 8.81167 0 0 0.442011 0 0
28 5.77884 0 0 0.296147 0 0
29 2.23249 0 0 0.145864 0 0
30 11.4725 0 0 0.478076 -0.219714 -0.208392
31 0.615812 0.994372 -0.809165 -2.63072 -0.0229902 0.302397
32 2.24752 0 0 -0.233939 0.119313 0.186604
33 1.11936 0 0 -0.10034 0.146391 0.154007
34 3.71349 0.102639 0.102191 -1.62656 0.647308 -0.0117741
35 1.72615 0 0 -0.0140398 -0.00343422 1.05412
36 1.21112 0 0 -0.0114086 0.0134492 0.623938
37 3.5992 1.06012 0.070888 -1.82885 0.552225 -0.0809855
38 1.66069 0 0 0.0185625 0.0357885 0.837463
39 1.16699 0 0 -0.0214546 -0.0188799 0.512602
40 2.18853 -0.50104 0.0576589 -1.57595 -0.0519128 -0.112472
41 1.29609 0 0 -0.020726 -0.0420008 0.647344
42 1.62202 -0.000711441 -0.000469208 -0.0176409 -0.0302896 0.960613
43 1.22241 0 0 -0.0109008 -0.000363363 0.883798
44 1.76707 -1.27612 0.0366405 -1.57501 0.0279592 -0.0920014
45 1.55588 0 0 -0.0274839 -0.0875848 0.552803
46 1.24273 0 0 0.000478923 0.000360563 1.16748
47 0.784532 0 0 -0.00207167 0.00549207 0.856291
48 0 0 -9.79273 0 0 0
49 5.89836 -23.5608 -6.07428 -0.00554513 -0.0023631 0.000416523
50 0 -0.659981 2.32196 0 0 0
51 -0.013092 -0.0336685 1.41425 -1.27079 0 0
52 5.89914 -24.9138 -5.82262 -0.00237223 -0.00236297 0.000417396
53 0 -0.675064 1.41593 0 0 0
54 0 0.97938 2.33571 0.174533 0 0
55 0 -1.91969 2.85382 0 0 0
56 0 2.062 1.89702 -0.785398 0 0
57 0 -1.66928 2.60403 -0.0368113 0 0
time 34
0 2.90881 6.05823 -3.71544 0.000934124 0 -0.725437
1 6.02794 0 0 -1.12469 0.400817 -0.755904
2 11.7344 0 0 -0.00140293 0 -0.634067
3 8.81139 -0.000450134 -0.00011158 -0.114794 0 0.000157868
4 5.77839 0.000286102 0 -0.0769118 0 0.00010521
5 2.23164 -0.000329971 -0.000362873 -0.0378821 0 0
6 11.4725 0 0 -0.196721 -0.328942 0.261345
7 0.615223 -0.993091 -0.8107 2.8564 0.427913 -0.348126
8 2.24752 0 0 0.742483 0.196537 -0.184311
9 1.11936 0 0 0.0569243 -0.0187488 -0.38543
10 3.71348 -0.102641 0.102191 1.55999 0.843181 0.0798625
11 1.72615 0 0 0.00870229 0.00432155 -1.08945
12 1.21113 0 0 0.00379982 0.0172221 -1.32561
13 3.59919 -1.06012 0.070888 1.52729 0.379604 0.0109443
14 1.66069 0 0 -0.000891658 0.0778601 -0.234383
15 1.167 0 0 -0.0449929 0.0164959 -0.8571
16 2.18853 0.50104 0.0576588 1.52613 0.0997979 0.154747
17 1.29609 0 0 0.0247846 -0.039742 -0.746595
18 1.62202 0.000713348 -0.000471115 0.0052819 -0.0126014 -1.12707
19 1.22241 0 0 -0.0199585 0.00621243 -1.25809
20 1.76707 1.27612 0.0366405 1.35857 0.244319 0.100604
21 1.55588 0 0 -0.0216193 0.0244014 -0.43056
22 1.24274 0 0 -0.000479227 0.000360512 -0.969327
23 0.784523 0 0 0.00427085 0.00619488 -0.802021
24 -2.4735 6.38035 -5.29598 -0.000932693 0 -1.67936
25 6.02794 0 0 1.30569 0.409679 0.359697
26 11.7344 0 0 0.00140282 0 0.639667
27 8.81167 0 0 0.444979 0 0
28 5.77884 0 0 0.298136 0 0
29 2.23249 0 0 0.146843 0 0
30 11.4725 0 0 0.480217 -0.220955 -0.205248
31 0.615812 0.994372 -0.809166 -2.63072 -0.0229901 0.302397
32 2.24752 0 0 -0.233939 0.119313 0.186604
33 1.11936 0 0 -0.10034 0.146391 0.154007
34 3.71349 0.102639 0.10219 -1.62656 0.647308 -0.011774
35 1.72615 0 0 -0.0140398 -0.00343417 1.05412
36 1.21112 0 0 -0.0114086 0.0134492 0.623938
37 3.5992 1.06012 0.0708882 -1.82885 0.552225 -0.0809854
38 1.66069 0 0 0.0185625 0.0357885 0.837463
39 1.16699 0 0 -0.0214546 -0.0188799 0.512602
40 2.18853 -0.50104 0.0576588 -1.57595 -0.0519128 -0.112472
41 1.29609 0 0 -0.020726 -0.0420008 0.647344
42 1.62202 -0.000713348 -0.000469208 -0.0176409 -0.0302896 0.960613
43 1.22241 0 0 -0.0109008 -0.00036335 0.883798
44 1.76707 -1.27612 0.0366405 -1.57501 0.0279592 -0.0920013
45 1.55587 0 0 -0.0274838 -0.0875848 0.552803
46 1.24273 0 0 0.000478905 0.000360537 1.16748
47 0.784532 0 0 -0.00207169 0.00549204 0.856291
48 0 0 -9.79273 0 0 0
49 5.91746 -23.563 -6.07695 -0.00689426 -0.00378461 0.000645792
50 0 -0.659981 2.32196 0 0 0
51 -0.0130925 -0.0336609 1.41425 -1.27079 0 0
52 5.91818 -24.9157 -5.82347 -0.0037214 -0.00378449 0.000646665
53 0 -0.675062 1.41593 0 0 0
54 0 0.979378 2.33571 0.174533 0 0
55 0 -1.91969 2.85382 0 0 0
56 0 2.062 1.89702 -0.785398 0 0
57 0 -1.66928 2.60403 -0.0368113 0 0
time 35
0 2.90881 6.05823 -3.71544 0.000934124 0 -0.725437
1 6.02794 0 0 -1.12537 0.400955 -0.755417
2 11.7344 0 0 -0.00140289 0 -0.633299
3 8.81138 -0.000450134 -0.000112057 -0.113314 0 0.000158118
4 5.77839 0.000285149 0 -0.0759203 0 0.000105456
5 2.23163 -0.000329971 -0.00036335 -0.0373935 0 0
6 11.4725 0 0 -0.194279 -0.329149 0.258381
7 0.615219 -0.993091 -0.8107 2.8564 0.427913 -0.348126
8 2.24752 0 0 0.742483 0.196537 -0.184311
9 1.11936 0 0 0.0569243 -0.0187488 -0.38543
10 3.71348 -0.102641 0.102191 1.55999 0.843181 0.0798624
11 1.72615 0 0 0.00870228 0.00432154 -1.08945
12 1.21114 0 0 0.00379981 0.017222 -1.3256
13 3.59919 -1.06012 0.0708882 1.52729 0.379604 0.0109443
14 1.66069 0 0 -0.000891677 0.0778601 -0.234384
15 1.167 0 0 -0.0449929 0.0164959 -0.8571
16 2.18853 0.50104 0.0576588 1.52613 0.0997979 0.154747
17 1.29609 0 0 0.0247846 -0.039742 -0.746595
18 1.62202 0.000713348 -0.000471115 0.00528191 -0.0126014 -1.12707
19 1.22241 0 0 -0.0199585 0.00621245 -1.25809
20 1.76707 1.27612 0.036641 1.35857 0.244319 0.100604
21 1.55588 0 0 -0.0216193 0.0244014 -0.43056
22 1.24274 0 0 -0.000479204 0.000360516 -0.969328
23 0.784523 0 0 0.00427085 0.00619488 -0.802021
24 -2.4735 6.38035 -5.29598 -0.000932693 0 -1.67936
25 6.02794 0 0 1.30444 0.408625 0.360488
26 11.7344 0 0 0.00140268 0 0.636647
27 8.81167 0 0 0.448073 0 0
28 5.77884 0 0 0.300209 0 0
29 2.23249 0 0 0.147864 0 0
30 11.4725 0 0 0.482458 -0.222229 -0.202022
31 0.615814 0.994372 -0.809165 -2.63072 -0.0229901 0.302397
32 2.24752 0 0 -0.233939 0.119313 0.186604
33 1.11936 0 0 -0.10034 0.146391 0.154007
34 3.71349 0.102639 0.102191 -1.62656 0.647308 -0.0117741
35 1.72615 0 0 -0.0140398 -0.00343421 1.05412
36 1.21112 0 0 -0.0114086 0.0134492 0.623938
37 3.5992 1.06012 0.070888 -1.82885 0.552225 -0.0809854
38 1.66069 0 0 0.0185625 0.0357885 0.837463
39 1.16699 0 0 -0.0214546 -0.0188799 0.512602
40 2.18853 -0.501041 0.0576593 -1.57595 -0.0519127 -0.112472
41 1.29609 0 0 -0.020726 -0.0420007 0.647344
42 1.62202 -0.000711441 -0.000470161 -0.0176409 -0.0302897 0.960613
43 1.22241 0 0 -0.0109008 -0.000363333 0.883798
44 1.76707 -1.27612 0.0366408 -1.57501 0.0279593 -0.0920013
45 1.55587 0 0 -0.0274838 -0.0875849 0.552803
46 1.24273 0 0 0.000478938 0.000360587 1.16748
47 0.784531 0 0 -0.00207168 0.00549203 0.856291
48 0 0 -9.79273 0 0 0
49 5.93617 -23.5653 -6.08141 -0.00834414 -0.00533381 0.000896466
50 0 -0.659979 2.32196 0 0 0
51 -0.0130916 -0.033659 1.41425 -1.27079 0 0
52 5.93683 -24.9177 -5.82597 -0.00517124 -0.00533368 0.000897339
53 0 -0.675064 1.41593 0 0 0
54 0 0.979378 2.33571 0.174533 0 0
55 0 -1.91969 2.85382 0 0 0
56 0 2.062 1.89702 -0.785398 0 0
57 0 -1.66928 2.60403 -0.0368113 0 0
time 36
0 2.90881 6.05823 -3.71544 0.000934124 0 -0.725437
1 6.02794 0 0 -1.12594 0.401134 -0.754966
2 11.7344 0 0 -0.00140295 0 -0.632442
3 8.81139 -0.000450134 -0.00011158 -0.111931 0 0.000157692
4 5.77839 0.000286102 0 -0.0749937 0 0.00010508
5 2.23164 -0.000329971 -0.00036335 -0.0369372 0 0
6 11.4725 0 0 -0.19192 -0.32944 0.255338
7 0.615219 -0.993092 -0.8107 2.8564 0.427913 -0.348127
8 2.24752 0 0 0.742483 0.196537 -0.184311
9 1.11936 0 0 0.0569243 -0.0187488 -0.38543
10 3.71348 -0.102641 0.102191 1.55999 0.843181 0.0798624
11 1.72615 0 0 0.00870229 0.00432155 -1.08945
12 1.21113 0 0 0.00379982 0.017222 -1.3256
13 3.59919 -1.06012 0.0708878 1.52729 0.379604 0.0109441
14 1.66069 0 0 -0.000891682 0.0778601 -0.234384
15 1.167 0 0 -0.0449929 0.0164959 -0.8571
16 2.18852 0.50104 0.0576587 1.52613 0.0997979 0.154747
17 1.29609 0 0 0.0247846 -0.039742 -0.746595
18 1.62202 0.000715256 -0.000470638 0.00528191 -0.0126014 -1.12707
19 1.22241 0 0 -0.0199585 0.00621242 -1.25809
20 1.76707 1.27612 0.0366405 1.35857 0.244319 0.100604
21 1.55588 0 0 -0.0216193 0.0244014 -0.43056
22 1.24273 0 0 -0.000479207 0.000360522 -0.969328
23 0.784523 0 0 0.00427086 0.00619489 -0.802021
24 -2.4735 6.38035 -5.29598 -0.000932693 0 -1.67936
25 6.02794 0 0 1.30325 0.407251 0.361366
26 11.7344 0 0 0.00140272 0 0.632746
27 8.81167 0 0 0.451302 0 0
28 5.77884 0 0 0.302372 0 0
29 2.23249 0 0 0.14893 0 0
30 11.4725 0 0 0.48468 -0.223478 -0.198243
31 0.615814 0.994373 -0.809166 -2.63072 -0.02299 0.302397
32 2.24752 0 0 -0.233939 0.119313 0.186604
33 1.11936 0 0 -0.10034 0.146391 0.154007
34 3.71349 0.102639 0.10219 -1.62656 0.647308 -0.0117741
35 1.72615 0 0 -0.0140398 -0.00343419 1.05412
36 1.21112 0 0 -0.0114087 0.0134492 0.623938
37 3.5992 1.06012 0.0708879 -1.82885 0.552225 -0.0809855
38 1.66069 0 0 0.0185625 0.0357885 0.837463
39 1.16699 0 0 -0.0214546 -0.0188799 0.512602
40 2.18854 -0.50104 0.057659 -1.57595 -0.0519128 -0.112472
41 1.29609 0 0 -0.020726 -0.0420008 0.647344
42 1.62201 -0.000711441 -0.000469208 -0.0176409 -0.0302897 0.960613
43 1.22241 0 0 -0.0109008 -0.000363349 0.883798
44 1.76707 -1.27612 0.0366403 -1.57501 0.0279593 -0.0920013
45 1.55588 0 0 -0.0274838 -0.0875848 0.552803
46 1.24273 0 0 0.000478919 0.000360579 1.16748
47 0.784531 0 0 -0.00207168 0.00549202 0.856291
48 0 0 -9.79273 0 0 0
49 5.95381 -23.5678 -6.08802 -0.00978762 -0.00689721 0.00115429
50 0 -0.659983 2.32196 0 0 0
51 -0.013092 -0.0336609 1.41425 -1.27079 0 0
52 5.9544 -24.9197 -5.83063 -0.00661476 -0.00689709 0.00115516
53 0 -0.675064 1.41593 0 0 0
54 0 0.979376 2.33571 0.174533 0 0
55 0 -1.91969 2.85382 0 0 0
56 0 2.062 1.89702 -0.785398 0 0
57 0 -1.66928 2.60403 -0.0368113 0 0
time 37
0 2.90881 6.05823 -3.71544 0.000934124 0 -0.725437
1 6.02794 0 0 -1.12634 0.401474 -0.754519
2 11.7344 0 0 -0.00140291 0 -0.631437
3 8.81139 -0.000448227 -0.000112057 -0.110851 0 0.000157997
4 5.77839 0.000287056 0 -0.0742702 0 0.000105365
5 2.23163 -0.000328064 -0.000364304 -0.036581 0 0
6 11.4725 0 0 -0.189824 -0.329805 0.252178
7 0.615219 -0.993092 -0.8107 2.8564 0.427913 -0.348126
8 2.24752 0 0 0.742483 0.196537 -0.184311
9 1.11936 0 0 0.0569243 -0.0187487 -0.38543
10 3.71348 -0.102641 0.102191 1.55999 0.843182 0.0798624
11 1.72615 0 0 0.00870227 0.00432159 -1.08945
12 1.21114 0 0 0.00379987 0.0172221 -1.32561
13 3.59919 -1.06012 0.070888 1.52729 0.379604 0.0109443
14 1.66069 0 0 -0.000891672 0.07786 -0.234384
15 1.167 0 0 -0.0449929 0.0164959 -0.8571
16 2.18852 0.50104 0.0576591 1.52613 0.0997979 0.154747
17 1.29609 0 0 0.0247847 -0.039742 -0.746595
18 1.62202 0.000715256 -0.000471592 0.00528194 -0.0126014 -1.12707
19 1.22241 0 0 -0.0199585 0.00621245 -1.25809
20 1.76707 1.27612 0.0366406 1.35857 0.244319 0.100604
21 1.55587 0 0 -0.0216193 0.0244014 -0.43056
22 1.24273 0 0 -0.000479216 0.000360523 -0.969327
23 0.784523 0 0 0.00427085 0.00619489 -0.802021
24 -2.4735 6.38035 -5.29598 -0.000932693 0 -1.67936
25 6.02794 0 0 1.30196 0.406324 0.362133
26 11.7344 0 0 0.00140263 0 0.629284
27 8.81167 0 0 0.454493 0 0
28 5.77884 0 0 0.30451 0 0
29 2.23249 0 0 0.149983 0 0
30 11.4725 0 0 0.486894 -0.224746 -0.194585
31 0.61581 0.994372 -0.809166 -2.63072 -0.0229899 0.302397
32 2.24751 0 0 -0.233939 0.119313 0.186604
33 1.11936 0 0 -0.10034 0.146391 0.154007
34 3.71349 0.102639 0.102191 -1.62656 0.647308 -0.011774
35 1.72615 0 0 -0.0140398 -0.00343418 1.05412
36 1.21112 0 0 -0.0114086 0.0134492 0.623938
37 3.5992 1.06012 0.0708882 -1.82885 0.552225 -0.0809854
38 1.66069 0 0 0.0185625 0.0357885 0.837463
39 1.16699 0 0 -0.0214546 -0.0188799 0.512602
40 2.18853 -0.50104 0.0576588 -1.57595 -0.0519126 -0.112472
41 1.29609 0 0 -0.020726 -0.0420008 0.647344
42 1.62201 -0.000713348 -0.000469208 -0.0176409 -0.0302897 0.960613
43 1.22241 0 0 -0.0109008 -0.000363364 0.883798
44 1.76707 -1.27612 0.03664 -1.57501 0.0279594 -0.0920013
45 1.55587 0 0 -0.0274838 -0.0875848 0.552803
46 1.24273 0 0 0.000478918 0.000360544 1.16748
47 0.784532 0 0 -0.00207167 0.00549205 0.856291
48 0 0 -9.79273 0 0 0
49 5.97082 -23.57 -6.10053 -0.0111176 -0.00836129 0.00140485
50 0 -0.659981 2.32196 0 0 0
51 -0.013092 -0.0336609 1.41425 -1.27079 0 0
52 5.97136 -24.9216 -5.84134 -0.00794473 -0.00836117 0.00140574
53 0 -0.675064 1.41593 0 0 0
54 0 0.979376 2.33571 0.174533 0 0
55 0 -1.91969 2.85382 0 0 0
56 0 2.062 1.89702 -0.785398 0 0
57 0 -1.66928 2.60403 -0.0368113 0 0
time 38
0 2.90881 6.05823 -3.71544 0.000934124 0 -0.725437
1 6.02794 0 0 -1.12652 0.402051 -0.754043
2 11.7344 0 0 -0.00140291 0 -0.630287
3 8.81139 -0.000450134 -0.000112057 -0.11021 0 0.000157772
4 5.77839 0.000285149 0 -0.0738405 0 0.000105121
5 2.23163 -0.000329971 -0.00036478 -0.0363692 0 0
6 11.4725 0 0 -0.18813 -0.3302 0.248951
7 0.615219 -0.993092 -0.810699 2.8564 0.427914 -0.348126
8 2.24752 0 0 0.742483 0.196537 -0.184311
9 1.11936 0 0 0.0569243 -0.0187488 -0.38543
10 3.71348 -0.102641 0.102191 1.55999 0.843181 0.0798626
11 1.72615 0 0 0.00870229 0.00432155 -1.08945
12 1.21114 0 0 0.00379985 0.0172221 -1.32561
13 3.59919 -1.06012 0.0708884 1.52729 0.379604 0.0109443
14 1.66068 0 0 -0.000891672 0.07786 -0.234384
15 1.167 0 0 -0.0449929 0.016496 -0.8571
16 2.18852 0.50104 0.0576589 1.52613 0.099798 0.154747
17 1.29609 0 0 0.0247846 -0.039742 -0.746595
18 1.62201 0.000713348 -0.000471115 0.00528191 -0.0126014 -1.12707
19 1.22241 0 0 -0.0199585 0.00621243 -1.25809
20 1.76707 1.27612 0.0366406 1.35857 0.244319 0.100604
21 1.55588 0 0 -0.0216193 0.0244014 -0.43056
22 1.24273 0 0 -0.000479215 0.000360521 -0.969328
23 0.784523 0 0 0.00427085 0.00619489 -0.802021
24 -2.4735 6.38035 -5.29598 -0.000932693 0 -1.67936
25 6.02794 0 0 1.30053 0.405702 0.362851
26 11.7344 0 0 0.00140266 0 0.625832
27 8.81167 0 0 0.457667 0 0
28 5.77884 0 0 0.306637 0 0
29 2.23249 0 0 0.15103 0 0
30 11.4725 0 0 0.489087 -0.226053 -0.190907
31 0.615814 0.994372 -0.809166 -2.63072 -0.0229901 0.302397
32 2.24752 0 0 -0.233939 0.119313 0.186604
33 1.11936 0 0 -0.10034 0.146391 0.154007
34 3.71349 0.102639 0.102191 -1.62656 0.647308 -0.0117741
35 1.72615 0 0 -0.0140398 -0.0034342 1.05412
36 1.21112 0 0 -0.0114086 0.0134492 0.623938
37 3.5992 1.06012 0.0708882 -1.82885 0.552225 -0.0809855
38 1.66069 0 0 0.0185625 0.0357885 0.837463
39 1.16699 0 0 -0.0214546 -0.0188799 0.512602
40 2.18854 -0.501041 0.057659 -1.57595 -0.0519129 -0.112472
41 1.29609 0 0 -0.020726 -0.0420007 0.647344
42 1.62202 -0.000713348 -0.000470161 -0.0176409 -0.0302897 0.960613
43 1.22241 0 0 -0.0109008 -0.000363349 0.883798
44 1.76707 -1.27612 0.0366403 -1.57501 0.0279592 -0.0920013
45 1.55587 0 0 -0.0274839 -0.0875848 0.552803
46 1.24273 0 0 0.00047892 0.000360545 1.16748
47 0.784531 0 0 -0.00207163 0.00549202 0.856291
48 0 0 -9.79273 0 0 0
49 5.98768 -23.5719 -6.12097 -0.0122269 -0.00961255 0.00163419
50 0 -0.659981 2.32196 0 0 0
51 -0.013092 -0.0336628 1.41425 -1.27079 0 0
52 5.98819 -24.9233 -5.86028 -0.00905408 -0.00961241 0.00163505
53 0 -0.675068 1.41593 0 0 0
54 0 0.979376 2.33571 0.174533 0 0
55 0 -1.9197 2.85382 0 0 0
56 0 2.062 1.89702 -0.785398 0 0
57 0 -1.66928 2.60403 -0.0368113 0 0
time 39
0 2.90881 6.05823 -3.71544 0.000934124 0 -0.725437
1 6.02794 0 0 -1.12653 0.402811 -0.753556
2 11.7344 0 0 -0.00140277 0 -0.629116
3 8.81138 -0.000450134 -0.000112534 -0.110023 0 0.000158347
4 5.77839 0.000286102 0 -0.0737152 0 0.000105634
5 2.23163 -0.000329971 -0.000364304 -0.0363074 0 0
6 11.4725 0 0 -0.186943 -0.330552 0.245956
7 0.615219 -0.993091 -0.8107 2.8564 0.427913 -0.348126
8 2.24752 0 0 0.742483 0.196537 -0.184311
9 1.11936 0 0 0.0569243 -0.0187487 -0.38543
10 3.71348 -0.10264 0.102191 1.55999 0.843181 0.0798625
11 1.72615 0 0 0.00870226 0.00432158 -1.08945
12 1.21113 0 0 0.00379986 0.0172221 -1.32561
13 3.59919 -1.06012 0.0708883 1.52729 0.379604 0.0109443
14 1.66069 0 0 -0.000891677 0.07786 -0.234384
15 1.167 0 0 -0.044993 0.0164959 -0.8571
16 2.18852 0.50104 0.057659 1.52613 0.0997979 0.154747
17 1.29609 0 0 0.0247847 -0.039742 -0.746595
18 1.62202 0.000713348 -0.000471592 0.00528192 -0.0126014 -1.12707
19 1.22241 0 0 -0.0199585 0.00621243 -1.25809
20 1.76707 1.27612 0.0366411 1.35857 0.244319 0.100604
21 1.55588 0 0 -0.0216193 0.0244014 -0.43056
22 1.24273 0 0 -0.000479221 0.000360517 -0.969328
23 0.784522 0 0 0.00427084 0.00619489 -0.802021
24 -2.4735 6.38035 -5.29598 -0.000932693 0 -1.67936
25 6.02794 0 0 1.29903 0.405387 0.363486
26 11.7344 0 0 0.00140274 0 0.622633
27 8.81167 0 0 0.460581 0 0
28 5.77884 0 0 0.308589 0 0
29 2.23249 0 0 0.151992 0 0
30 11.4725 0 0 0.491104 -0.227306 -0.187548
31 0.615814 0.994372 -0.809166 -2.63072 -0.0229901 0.302397
32 2.24752 0 0 -0.233939 0.119313 0.186604
33 1.11936 0 0 -0.10034 0.146391 0.154007
34 3.71349 0.102639 0.102191 -1.62656 0.647308 -0.011774
35 1.72615 0 0 -0.0140398 -0.00343415 1.05412
36 1.21112 0 0 -0.0114086 0.0134492 0.623938
37 3.5992 1.06012 0.0708882 -1.82885 0.552225 -0.0809855
38 1.66069 0 0 0.0185625 0.0357885 0.837463
39 1.16699 0 0 -0.0214546 -0.0188799 0.512602
40 2.18853 -0.501041 0.0576591 -1.57595 -0.0519129 -0.112472
41 1.29609 0 0 -0.020726 -0.0420007 0.647344
42 1.62201 -0.000712395 -0.000470161 -0.0176409 -0.0302897 0.960613
43 1.22241 0 0 -0.0109008 -0.000363352 0.883798
44 1.76707 -1.27612 0.0366405 -1.57501 0.0279591 -0.0920012
45 1.55588 0 0 -0.0274839 -0.0875848 0.552803
46 1.24273 0 0 0.000478926 0.000360555 1.16748
47 0.784533 0 0 -0.00207166 0.00549203 0.856291
48 0 0 -9.79273 0 0 0
49 6.0037 -23.5734 -6.14714 -0.0130085 -0.0105374 0.00182782
50 0 -0.659985 2.32196 0 0 0
51 -0.0130925 -0.0336685 1.41425 -1.27079 0 0
52 6.00422 -24.9245 -5.8854 -0.00983564 -0.0105373 0.0018287
53 0 -0.675064 1.41593 0 0 0
54 0 0.979378 2.33571 0.174533 0 0
55 0 -1.91969 2.85382 0 0 0
56 0 2.062 1.89702 -0.785398 0 0
57 0 -1.66928 2.60403 -0.0368113 0 0
time 40
0 2.90881 6.05823 -3.71544 0.000934124 0 -0.725437
1 6.02794 0 0 -1.12639 0.4037 -0.753071
2 11.7344 0 0 -0.00140283 0 -0.628046
3 8.81139 -0.000449181 -0.000112534 -0.110305 0 0.000157867
4 5.77839 0.000287056 0 -0.0739043 0 0.000105245
5 2.23163 -0.000329018 -0.00036335 -0.0364005 0 0
6 11.4725 0 0 -0.186371 -0.330787 0.243486
7 0.615217 -0.993091 -0.8107 2.8564 0.427913 -0.348126
8 2.24752 0 0 0.742483 0.196537 -0.184311
9 1.11936 0 0 0.0569243 -0.0187488 -0.38543
10 3.71348 -0.102641 0.102191 1.55999 0.843181 0.0798626
11 1.72615 0 0 0.00870228 0.00432154 -1.08945
12 1.21114 0 0 0.00379985 0.017222 -1.3256
13 3.59919 -1.06012 0.0708879 1.52729 0.379604 0.0109443
14 1.66069 0 0 -0.000891672 0.07786 -0.234384
15 1.167 0 0 -0.0449929 0.0164959 -0.8571
16 2.18852 0.50104 0.0576589 1.52613 0.0997979 0.154747
17 1.29609 0 0 0.0247846 -0.039742 -0.746595
18 1.62202 0.000713348 -0.000471115 0.00528193 -0.0126014 -1.12707
19 1.22241 0 0 -0.0199585 0.00621244 -1.25809
20 1.76707 1.27612 0.0366409 1.35857 0.244319 0.100604
21 1.55588 0 0 -0.0216193 0.0244014 -0.43056
22 1.24274 0 0 -0.000479215 0.000360521 -0.969328
23 0.784524 0 0 0.00427085 0.00619489 -0.802021
24 -2.4735 6.38035 -5.29598 -0.000932693 0 -1.67936
25 6.02794 0 0 1.29757 0.405383 0.364002
26 11.7344 0 0 0.0014028 0 0.619936
27 8.81167 0 0 0.462991 0 0
28 5.77884 0 0 0.310204 0 0
29 2.23249 0 0 0.152787 0 0
30 11.4725 0 0 0.492794 -0.228409 -0.184846
31 0.615812 0.994372 -0.809166 -2.63072 -0.02299 0.302397
32 2.24752 0 0 -0.233939 0.119313 0.186604
33 1.11936 0 0 -0.10034 0.146391 0.154007
34 3.71349 0.102639 0.102191 -1.62656 0.647308 -0.0117741
35 1.72615 0 0 -0.0140398 -0.00343416 1.05412
36 1.21112 0 0 -0.0114086 0.0134492 0.623938
37 3.5992 1.06012 0.0708878 -1.82885 0.552225 -0.0809855
38 1.66069 0 0 0.0185625 0.0357885 0.837463
39 1.16699 0 0 -0.0214546 -0.0188799 0.512602
40 2.18853 -0.501041 0.0576588 -1.57595 -0.0519128 -0.112472
41 1.29609 0 0 -0.020726 -0.0420007 0.647344
42 1.62202 -0.000713348 -0.000470161 -0.0176409 -0.0302896 0.960613
43 1.22241 0 0 -0.0109008 -0.000363356 0.883798
44 1.76707 -1.27612 0.0366408 -1.57501 0.0279593 -0.0920013
45 1.55587 0 0 -0.0274839 -0.0875849 0.552803
46 1.24273 0 0 0.000478926 0.000360581 1.16748
47 0.784532 0 0 -0.00207168 0.00549203 0.856291
48 0 0 -9.79273 0 0 0
49 6.0182 -23.5741 -6.17685 -0.0133553 -0.0110224 0.00197154
50 0 -0.659981 2.32196 0 0 0
51 -0.013093 -0.0336647 1.41425 -1.27079 0 0
52 6.01878 -24.9252 -5.91464 -0.0101824 -0.0110223 0.00197241
53 0 -0.675064 1.41593 0 0 0
54 0 0.979376 2.33571 0.174533 0 0
55 0 -1.91969 2.85382 0 0 0
56 0 2.062 1.89702 -0.785398 0 0
57 0 -1.66928 2.60403 -0.0368113 0 0
time 41
0 2.90881 6.05823 -3.71544 0.000934124 0 -0.725437
1 6.02794 0 0 -1.12613 0.404668 -0.752604
2 11.7344 0 0 -0.00140275 0 -0.627211
3 8.81138 -0.000450134 -0.000112534 -0.111072 0 0.000159027
4 5.77839 0.000286102 0 -0.0744181 0 0.000106059
5 2.23164 -0.000329971 -0.000365257 -0.0366538 0 0
6 11.4725 0 0 -0.186521 -0.330834 0.241846
7 0.615219 -0.993092 -0.810699 2.8564 0.427913 -0.348126
8 2.24752 0 0 0.742483 0.196537 -0.184311
9 1.11936 0 0 0.0569244 -0.0187488 -0.38543
10 3.71348 -0.102641 0.102191 1.55999 0.843181 0.0798625
11 1.72615 0 0 0.00870228 0.00432161 -1.08945
12 1.21114 0 0 0.00379987 0.017222 -1.3256
13 3.59919 -1.06012 0.0708884 1.52729 0.379604 0.0109443
14 1.66069 0 0 -0.000891667 0.07786 -0.234384
15 1.167 0 0 -0.044993 0.0164959 -0.8571
16 2.18853 0.50104 0.0576589 1.52613 0.0997979 0.154747
17 1.29609 0 0 0.0247846 -0.039742 -0.746595
18 1.62202 0.000711441 -0.000471115 0.00528192 -0.0126014 -1.12707
19 1.22241 0 0 -0.0199585 0.00621244 -1.25809
20 1.76707 1.27612 0.0366411 1.35857 0.244319 0.100604
21 1.55588 0 0 -0.0216193 0.0244014 -0.43056
22 1.24273 0 0 -0.000479227 0.000360527 -0.969328
23 0.784523 0 0 0.00427084 0.00619489 -0.802021
24 -2.4735 6.38035 -5.29598 -0.000932693 0 -1.67936
25 6.02794 0 0 1.29624 0.405698 0.364365
26 11.7344 0 0 0.00140266 0 0.617994
27 8.81167 0 0 0.464655 0 0
28 5.77884 0 0 0.311319 0 0
29 2.23249 0 0 0.153336 0 0
30 11.4725 0 0 0.494004 -0.229268 -0.183144
31 0.615812 0.994372 -0.809165 -2.63072 -0.02299 0.302397
32 2.24752 0 0 -0.233939 0.119313 0.186604
33 1.11936 0 0 -0.10034 0.146391 0.154007
34 3.71349 0.102639 0.102191 -1.62656 0.647308 -0.0117742
35 1.72615 0 0 -0.0140398 -0.00343419 1.05412
36 1.21112 0 0 -0.0114086 0.0134492 0.623938
37 3.5992 1.06012 0.0708882 -1.82885 0.552225 -0.0809855
38 1.66069 0 0 0.0185625 0.0357885 0.837463
39 1.16699 0 0 -0.0214547 -0.0188799 0.512602
40 2.18853 -0.50104 0.0576582 -1.57595 -0.0519129 -0.112472
41 1.29609 0 0 -0.020726 -0.0420007 0.647344
42 1.62201 -0.000713348 -0.000470161 -0.0176409 -0.0302897 0.960613
43 1.22241 0 0 -0.0109008 -0.00036333 0.883798
44 1.76707 -1.27612 0.0366404 -1.57501 0.0279592 -0.0920013
45 1.55587 0 0 -0.0274838 -0.0875848 0.552803
46 1.24273 0 0 0.000478919 0.000360653 1.16748
47 0.784532 0 0 -0.00207172 0.00549203 0.856291
48 0 0 -9.79273 0 0 0
49 6.03049 -23.574 -6.20789 -0.0131599 -0.010954 0.00205117
50 0 -0.659983 2.32196 0 0 0
51 -0.013093 -0.0336647 1.41425 -1.27079 0 0
52 6.0312 -24.9251 -5.94595 -0.00998705 -0.0109539 0.00205205
53 0 -0.675066 1.41593 0 0 0
54 0 0.979376 2.33571 0.174533 0 0
55 0 -1.91969 2.85382 0 0 0
56 0 2.062 1.89702 -0.785398 0 0
57 0 -1.66928 2.60403 -0.0368113 0 0
time 42
0 2.90881 6.05823 -3.71544 0.000934124 0 -0.725437
1 6.02794 0 0 -1.12579 0.405664 -0.752168
2 11.7344 0 0 -0.0014029 0 -0.626741
3 8.81139 -0.000449181 -0.00011158 -0.112335 0 0.000157688
4 5.77839 0.000286102 0 -0.0752646 0 0.000105212
5 2.23164 -0.000329018 -0.00036335 -0.0370706 0 0
6 11.4725 0 0 -0.1875 -0.330615 0.241334
7 0.615217 -0.993092 -0.8107 2.8564 0.427914 -0.348126
8 2.24752 0 0 0.742483 0.196537 -0.184311
9 1.11936 0 0 0.0569243 -0.0187488 -0.38543
10 3.71348 -0.102641 0.102191 1.55999 0.843181 0.0798625
11 1.72615 0 0 0.00870228 0.00432159 -1.08945
12 1.21114 0 0 0.00379985 0.0172221 -1.3256
13 3.59919 -1.06012 0.0708879 1.52729 0.379604 0.0109443
14 1.66069 0 0 -0.000891679 0.07786 -0.234384
15 1.167 0 0 -0.0449929 0.0164959 -0.8571
16 2.18852 0.50104 0.0576581 1.52613 0.099798 0.154747
17 1.29609 0 0 0.0247846 -0.039742 -0.746595
18 1.62201 0.000713348 -0.000471115 0.00528191 -0.0126014 -1.12707
19 1.22241 0 0 -0.0199585 0.00621243 -1.25809
20 1.76707 1.27612 0.0366405 1.35857 0.244319 0.100604
21 1.55588 0 0 -0.0216193 0.0244014 -0.43056
22 1.24274 0 0 -0.000479231 0.000360518 -0.969328
23 0.784523 0 0 0.00427086 0.00619489 -0.802021
24 -2.4735 6.38035 -5.29598 -0.000932693 0 -1.67936
25 6.02794 0 0 1.29511 0.40634 0.364536
26 11.7344 0 0 0.00140285 0 0.617064
27 8.81167 0 0 0.465324 0 0
28 5.77884 0 0 0.311767 0 0
29 2.23249 0 0 0.153557 0 0
30 11.4725 0 0 0.494582 -0.229787 -0.182785
31 0.615814 0.994373 -0.809165 -2.63072 -0.0229901 0.302397
32 2.24752 0 0 -0.233939 0.119313 0.186604
33 1.11936 0 0 -0.10034 0.146391 0.154007
34 3.71348 0.10264 0.10219 -1.62656 0.647308 -0.0117741
35 1.72615 0 0 -0.0140398 -0.00343419 1.05412
36 1.21112 0 0 -0.0114086 0.0134492 0.623938
37 3.5992 1.06012 0.0708883 -1.82885 0.552225 -0.0809854
38 1.66069 0 0 0.0185625 0.0357885 0.837463
39 1.16699 0 0 -0.0214546 -0.0188799 0.512602
40 2.18853 -0.50104 0.0576589 -1.57595 -0.0519127 -0.112472
41 1.29609 0 0 -0.020726 -0.0420007 0.647344
42 1.62202 -0.000715256 -0.000469208 -0.0176409 -0.0302897 0.960613
43 1.22241 0 0 -0.0109008 -0.000363373 0.883798
44 1.76707 -1.27612 0.0366406 -1.57501 0.0279594 -0.0920013
45 1.55588 0 0 -0.0274838 -0.0875848 0.552803
46 1.24273 0 0 0.000478915 0.000360593 1.16748
47 0.784532 0 0 -0.00207168 0.00549203 0.856291
48 0 0 -9.79273 0 0 0
49 6.0399 -23.5728 -6.23808 -0.0123156 -0.0102187 0.00205233
50 0 -0.659981 2.32196 0 0 0
51 -0.013093 -0.0336609 1.41425 -1.27079 0 0
52 6.04081 -24.9242 -5.97727 -0.0091427 -0.0102186 0.00205322
53 0 -0.675064 1.41593 0 0 0
54 0 0.979376 2.33571 0.174533 0 0
55 0 -1.9197 2.85382 0 0 0
56 0 2.062 1.89702 -0.785398 0 0
57 0 -1.66928 2.60403 -0.0368113 0 0
time 43
0 2.90881 6.05823 -3.71544 0.000934124 0 -0.725437
1 6.02794 0 0 -1.12539 0.406642 -0.751774
2 11.7344 0 0 -0.00140294 0 -0.626775
3 8.81138 -0.000449181 -0.000112534 -0.11411 0 0.000158277
4 5.77839 0.000287056 0 -0.0764537 0 0.000105448
5 2.23164 -0.000329018 -0.000363827 -0.0376562 0 0
6 11.4725 0 0 -0.189412 -0.330052 0.242251
7 0.615217 -0.993091 -0.8107 2.8564 0.427913 -0.348127
8 2.24752 0 0 0.742483 0.196537 -0.184311
9 1.11936 0 0 0.0569243 -0.0187488 -0.38543
10 3.71348 -0.10264 0.10219 1.55999 0.843181 0.0798624
11 1.72615 0 0 0.00870227 0.00432157 -1.08945
12 1.21114 0 0 0.00379983 0.017222 -1.3256
13 3.59919 -1.06012 0.0708883 1.52729 0.379604 0.0109444
14 1.66068 0 0 -0.000891668 0.0778601 -0.234384
15 1.167 0 0 -0.0449929 0.0164959 -0.8571
16 2.18852 0.50104 0.0576588 1.52613 0.0997978 0.154747
17 1.29609 0 0 0.0247846 -0.039742 -0.746595
18 1.62202 0.000713348 -0.000470638 0.00528194 -0.0126014 -1.12707
19 1.22241 0 0 -0.0199585 0.00621244 -1.25809
20 1.76707 1.27612 0.0366408 1.35857 0.244319 0.100604
21 1.55588 0 0 -0.0216193 0.0244014 -0.43056
22 1.24273 0 0 -0.000479217 0.000360525 -0.969328
23 0.784524 0 0 0.00427086 0.0061949 -0.802021
24 -2.4735 6.38035 -5.29598 -0.000932693 0 -1.67936
25 6.02794 0 0 1.29429 0.407321 0.36448
26 11.7344 0 0 0.00140264 0 0.617409
27 8.81167 0 0 0.46475 0 0
28 5.77884 0 0 0.311382 0 0
29 2.23249 0 0 0.153368 0 0
30 11.4725 0 0 0.494372 -0.229874 -0.184114
31 0.615812 0.994372 -0.809165 -2.63072 -0.02299 0.302397
32 2.24752 0 0 -0.233939 0.119313 0.186604
33 1.11936 0 0 -0.10034 0.146391 0.154007
34 3.71349 0.102639 0.102191 -1.62656 0.647308 -0.011774
35 1.72615 0 0 -0.0140398 -0.00343418 1.05412
36 1.21112 0 0 -0.0114086 0.0134492 0.623938
37 3.5992 1.06012 0.0708877 -1.82885 0.552225 -0.0809855
38 1.66069 0 0 0.0185625 0.0357885 0.837463
39 1.16699 0 0 -0.0214547 -0.0188799 0.512602
40 2.18853 -0.501041 0.0576593 -1.57595 -0.0519128 -0.112472
41 1.29609 0 0 -0.020726 -0.0420007 0.647344
42 1.62202 -0.000711441 -0.000470161 -0.0176409 -0.0302896 0.960613
43 1.22241 0 0 -0.0109008 -0.000363351 0.883798
44 1.76707 -1.27612 0.0366403 -1.57501 0.0279594 -0.0920013
45 1.55588 0 0 -0.0274839 -0.0875849 0.552803
46 1.24273 0 0 0.000478936 0.000360563 1.16748
47 0.784531 0 0 -0.00207166 0.00549203 0.856291
48 0 0 -9.79273 0 0 0
49 6.04571 -23.5705 -6.2652 -0.0107149 -0.00870292 0.00196086
50 0 -0.659981 2.32196 0 0 0
51 -0.013092 -0.0336628 1.41425 -1.27079 0 0
52 6.04692 -24.9222 -6.00655 -0.00754204 -0.00870279 0.00196174
53 0 -0.675064 1.41593 0 0 0
54 0 0.979376 2.33571 0.174533 0 0
55 0 -1.91969 2.85382 0 0 0
56 0 2.062 1.89702 -0.785398 0 0
57 0 -1.66928 2.60403 -0.0368113 0 0
time 44
0 2.90881 6.05823 -3.71544 0.000934124 0 -0.725437
1 6.02794 0 0 -1.12497 0.407553 -0.751436
2 11.7344 0 0 -0.00140277 0 -0.627453
3 8.81138 -0.000449181 -0.000112057 -0.116407 0 0.000157218
4 5.77839 0.000287056 0 -0.0779928 0 0.000104901
5 2.23164 -0.000329018 -0.000364304 -0.0384145 0 0
6 11.4725 0 0 -0.19236 -0.329056 0.244897
7 0.615219 -0.993091 -0.8107 2.8564 0.427914 -0.348127
8 2.24752 0 0 0.742483 0.196537 -0.184311
9 1.11935 0 0 0.0569243 -0.0187487 -0.38543
10 3.71348 -0.10264 0.102191 1.55999 0.843181 0.0798625
11 1.72615 0 0 0.00870228 0.00432156 -1.08945
12 1.21114 0 0 0.00379984 0.017222 -1.3256
13 3.59919 -1.06012 0.070888 1.52729 0.379605 0.0109444
14 1.66069 0 0 -0.000891672 0.0778601 -0.234383
15 1.167 0 0 -0.0449929 0.0164959 -0.8571
16 2.18852 0.50104 0.0576593 1.52613 0.099798 0.154747
17 1.29609 0 0 0.0247846 -0.039742 -0.746595
18 1.62202 0.000713348 -0.000471115 0.00528194 -0.0126014 -1.12707
19 1.22241 0 0 -0.0199585 0.00621244 -1.25809
20 1.76707 1.27612 0.0366404 1.35857 0.244319 0.100604
21 1.55588 0 0 -0.0216193 0.0244014 -0.43056
22 1.24273 0 0 -0.000479209 0.00036051 -0.969328
23 0.784523 0 0 0.00427085 0.00619487 -0.802021
24 -2.4735 6.38035 -5.29598 -0.000932693 0 -1.67936
25 6.02794 0 0 1.29387 0.408652 0.364159
26 11.7344 0 0 0.00140274 0 0.619288
27 8.81167 0 0 0.462674 0 0
28 5.77884 0 0 0.309992 0 0
29 2.23249 0 0 0.152682 0 0
30 11.4725 0 0 0.493213 -0.229439 -0.187477
31 0.615814 0.994373 -0.809165 -2.63072 -0.0229902 0.302397
32 2.24752 0 0 -0.233939 0.119313 0.186604
33 1.11936 0 0 -0.10034 0.146391 0.154007
34 3.71349 0.102639 0.102191 -1.62656 0.647308 -0.011774
35 1.72615 0 0 -0.0140398 -0.0034342 1.05412
36 1.21112 0 0 -0.0114086 0.0134493 0.623938
37 3.5992 1.06012 0.070888 -1.82885 0.552225 -0.0809854
38 1.66069 0 0 0.0185625 0.0357885 0.837463
39 1.16699 0 0 -0.0214546 -0.0188799 0.512602
40 2.18853 -0.501041 0.0576593 -1.57595 -0.0519128 -0.112472
41 1.29609 0 0 -0.020726 -0.0420008 0.647344
42 1.62202 -0.000713348 -0.000470161 -0.0176409 -0.0302897 0.960613
43 1.22241 0 0 -0.0109008 -0.000363356 0.883798
44 1.76707 -1.27612 0.0366405 -1.57501 0.0279591 -0.0920012
45 1.55588 0 0 -0.0274839 -0.0875848 0.552803
46 1.24273 0 0 0.000478904 0.000360522 1.16748
47 0.784531 0 0 -0.00207162 0.00549207 0.856291
48 0 0 -9.79273 0 0 0
49 6.04721 -23.5667 -6.28703 -0.00825091 -0.00629315 0.00176244
50 0 -0.659981 2.32196 0 0 0
51 -0.013092 -0.033659 1.41425 -1.27079 0 0
52 6.04879 -24.9191 -6.03172 -0.00507804 -0.00629304 0.00176332
53 0 -0.675062 1.41593 0 0 0
54 0 0.979378 2.33571 0.174533 0 0
55 0 -1.91969 2.85382 0 0 0
56 0 2.062 1.89702 -0.785398 0 0
57 0 -1.66927 2.60403 -0.0368113 0 0
time 45
0 2.90881 6.05823 -3.71544 0.000934124 0 -0.725437
1 6.02794 0 0 -1.12455 0.408352 -0.751165
2 11.7344 0 0 -0.00140284 0 -0.628917
3 8.81139 -0.000449181 -0.000112534 -0.11924 0 0.000157844
4 5.77839 0.000286102 0 -0.079891 0 0.000105363
5 2.23163 -0.000329971 -0.000363827 -0.0393494 0 0
6 11.4725 0 0 -0.196442 -0.327537 0.249569
7 0.615217 -0.993091 -0.8107 2.8564 0.427913 -0.348126
8 2.24752 0 0 0.742483 0.196537 -0.184311
9 1.11936 0 0 0.0569243 -0.0187488 -0.38543
10 3.71348 -0.102641 0.102191 1.55999 0.843181 0.0798625
11 1.72615 0 0 0.00870227 0.00432159 -1.08945
12 1.21114 0 0 0.00379984 0.017222 -1.3256
13 3.59919 -1.06012 0.0708883 1.52729 0.379604 0.0109443
14 1.66069 0 0 -0.000891672 0.07786 -0.234384
15 1.167 0 0 -0.0449929 0.016496 -0.8571
16 2.18852 0.50104 0.0576589 1.52613 0.0997979 0.154747
17 1.29609 0 0 0.0247847 -0.039742 -0.746595
18 1.62202 0.000713348 -0.000471115 0.00528193 -0.0126014 -1.12707
19 1.22241 0 0 -0.0199585 0.00621245 -1.25809
20 1.76707 1.27612 0.036641 1.35857 0.244319 0.100604
21 1.55588 0 0 -0.0216193 0.0244014 -0.43056
22 1.24273 0 0 -0.000479224 0.000360505 -0.969327
23 0.784523 0 0 0.00427086 0.00619489 -0.802021
24 -2.4735 6.38035 -5.29598 -0.000932693 0 -1.67936
25 6.02794 0 0 1.29394 0.410343 0.363538
26 11.7344 0 0 0.00140272 0 0.622968
27 8.81167 0 0 0.458842 0 0
28 5.77884 0 0 0.307424 0 0
29 2.23249 0 0 0.151418 0 0
30 11.4725 0 0 0.49095 -0.228404 -0.193228
31 0.615814 0.994373 -0.809165 -2.63072 -0.02299 0.302397
32 2.24752 0 0 -0.233939 0.119313 0.186604
33 1.11936 0 0 -0.10034 0.146391 0.154007
34 3.71349 0.10264 0.102191 -1.62656 0.647308 -0.0117741
35 1.72615 0 0 -0.0140398 -0.00343414 1.05412
36 1.21112 0 0 -0.0114086 0.0134492 0.623938
37 3.5992 1.06012 0.0708885 -1.82885 0.552225 -0.0809854
38 1.66069 0 0 0.0185625 0.0357885 0.837463
39 1.16699 0 0 -0.0214546 -0.0188799 0.512602
40 2.18854 -0.50104 0.057659 -1.57595 -0.0519128 -0.112472
41 1.29609 0 0 -0.020726 -0.0420007 0.647344
42 1.62202 -0.000712395 -0.000470161 -0.0176409 -0.0302897 0.960613
43 1.22241 0 0 -0.0109008 -0.000363351 0.883798
44 1.76707 -1.27612 0.0366403 -1.57501 0.0279592 -0.0920012
45 1.55587 0 0 -0.0274838 -0.0875848 0.552803
46 1.24273 0 0 0.000478933 0.000360579 1.16748
47 0.784531 0 0 -0.00207167 0.00549204 0.856291
48 0 0 -9.79273 0 0 0
49 6.04366 -23.5613 -6.30137 -0.00481646 -0.00287593 0.00144291
50 0 -0.659985 2.32196 0 0 0
51 -0.0130925 -0.0336666 1.41425 -1.27079 0 0
52 6.0457 -24.9146 -6.0507 -0.00164357 -0.00287579 0.00144379
53 0 -0.675064 1.41593 0 0 0
54 0 0.979378 2.33571 0.174533 0 0
55 0 -1.91969 2.85382 0 0 0
56 0 2.062 1.89702 -0.785398 0 0
57 0 -1.66928 2.60403 -0.0368113 0 0
time 46
0 2.90881 6.05823 -3.71544 0.000934124 0 -0.725437
1 6.02795 0 0 -1.12422 0.408961 -0.750969
2 11.7344 0 0 -0.00140285 0 -0.631129
3 8.81139 -0.000450134 -0.000112534 -0.12239 0 0.000157322
4 5.77839 0.000286102 0 -0.0820016 0 0.000104774
5 2.23163 -0.000331879 -0.00036478 -0.0403889 0 0
6 11.4725 0 0 -0.201378 -0.325519 0.256068
7 0.615219 -0.993091 -0.810699 2.8564 0.427913 -0.348126
8 2.24752 0 0 0.742483 0.196537 -0.184311
9 1.11936 0 0 0.0569243 -0.0187488 -0.38543
10 3.71348 -0.102641 0.102191 1.55999 0.843181 0.0798624
11 1.72615 0 0 0.00870228 0.00432156 -1.08945
12 1.21114 0 0 0.00379984 0.0172221 -1.3256
13 3.59919 -1.06012 0.0708879 1.52729 0.379604 0.0109442
14 1.66068 0 0 -0.000891704 0.07786 -0.234384
15 1.167 0 0 -0.0449929 0.016496 -0.8571
16 2.18852 0.50104 0.0576586 1.52613 0.0997979 0.154747
17 1.29609 0 0 0.0247846 -0.039742 -0.746595
18 1.62202 0.000713348 -0.000471115 0.00528193 -0.0126014 -1.12707
19 1.22241 0 0 -0.0199585 0.00621243 -1.25809
20 1.76707 1.27612 0.036641 1.35857 0.244319 0.100604
21 1.55588 0 0 -0.0216193 0.0244014 -0.43056
22 1.24274 0 0 -0.000479218 0.000360511 -0.969327
23 0.784523 0 0 0.00427085 0.00619489 -0.802021
24 -2.4735 6.38035 -5.29598 -0.000932693 0 -1.67936
25 6.02794 0 0 1.29451 0.412242 0.362672
26 11.7344 0 0 0.00140268 0 0.628248
27 8.81167 0 0 0.453435 0 0
28 5.77884 0 0 0.303802 0 0
29 2.23249 0 0 0.149634 0 0
30 11.4725 0 0 0.487701 -0.226836 -0.201125
31 0.615812 0.994372 -0.809165 -2.63072 -0.0229901 0.302397
32 2.24752 0 0 -0.233939 0.119313 0.186604
33 1.11936 0 0 -0.10034 0.146391 0.154007
34 3.71349 0.102639 0.102191 -1.62656 0.647308 -0.011774
35 1.72615 0 0 -0.0140398 -0.00343417 1.05412
36 1.21112 0 0 -0.0114086 0.0134492 0.623938
37 3.5992 1.06012 0.0708877 -1.82885 0.552225 -0.0809854
38 1.66069 0 0 0.0185625 0.0357885 0.837463
39 1.16699 0 0 -0.0214546 -0.0188799 0.512602
40 2.18853 -0.50104 0.0576584 -1.57595 -0.0519128 -0.112472
41 1.29609 0 0 -0.020726 -0.0420008 0.647344
42 1.62202 -0.000715256 -0.000469685 -0.0176409 -0.0302896 0.960613
43 1.22241 0 0 -0.0109008 -0.000363331 0.883798
44 1.76707 -1.27612 0.0366405 -1.57501 0.0279593 -0.0920013
45 1.55588 0 0 -0.0274838 -0.0875848 0.552803
46 1.24273 0 0 0.000478929 0.000360593 1.16748
47 0.784532 0 0 -0.00207165 0.00549204 0.856291
48 0 0 -9.79273 0 0 0
49 6.03553 -23.5546 -6.30613 -0.000590012 0.00135958 0.00102599
50 0 -0.659981 2.32196 0 0 0
51 -0.0130925 -0.0336628 1.41425 -1.27079 0 0
52 6.03806 -24.9089 -6.06119 0.00258286 0.00135971 0.00102685
53 0 -0.675064 1.41593 0 0 0
54 0 0.979374 2.33571 0.174533 0 0
55 0 -1.91969 2.85382 0 0 0
56 0 2.062 1.89702 -0.785398 0 0
57 0 -1.66927 2.60403 -0.0368113 0 0
time 47
0 2.90881 6.05823 -3.71544 0.000934124 0 -0.725437
1 6.02794 0 0 -1.12396 0.409391 -0.750837
2 11.7344 0 0 -0.00140302 0 -0.633896
3 8.81139 -0.000449181 -0.000112534 -0.125709 0 0.000158161
4 5.77839 0.000286102 0 -0.0842249 0 0.000105458
5 2.23163 -0.000329018 -0.00036335 -0.0414839 0 0
6 11.4725 0 0 -0.206864 -0.323117 0.263886
7 0.615219 -0.993091 -0.8107 2.8564 0.427913 -0.348126
8 2.24752 0 0 0.742483 0.196537 -0.184311
9 1.11936 0 0 0.0569242 -0.0187488 -0.38543
10 3.71348 -0.102641 0.102191 1.55999 0.843181 0.0798625
11 1.72615 0 0 0.00870229 0.00432158 -1.08945
12 1.21114 0 0 0.00379985 0.017222 -1.3256
13 3.59919 -1.06012 0.0708885 1.52729 0.379604 0.0109443
14 1.66069 0 0 -0.000891695 0.0778601 -0.234384
15 1.167 0 0 -0.0449929 0.0164959 -0.8571
16 2.18853 0.50104 0.0576596 1.52613 0.099798 0.154747
17 1.29609 0 0 0.0247846 -0.039742 -0.746595
18 1.62202 0.000713348 -0.000471115 0.00528193 -0.0126014 -1.12707
19 1.22241 0 0 -0.0199585 0.00621243 -1.25809
20 1.76707 1.27612 0.0366417 1.35857 0.244319 0.100604
21 1.55588 0 0 -0.0216193 0.0244014 -0.43056
22 1.24273 0 0 -0.000479232 0.000360537 -0.969328
23 0.784523 0 0 0.00427088 0.0061949 -0.802021
24 -2.4735 6.38035 -5.29598 -0.000932693 0 -1.67936
25 6.02794 0 0 1.29547 0.414246 0.361639
26 11.7344 0 0 0.00140276 0 0.634682
27 8.81167 0 0 0.446879 0 0
28 5.77884 0 0 0.299409 0 0
29 2.23249 0 0 0.14747 0 0
30 11.4725 0 0 0.483735 -0.224898 -0.210584
31 0.615812 0.994372 -0.809165 -2.63072 -0.0229901 0.302397
32 2.24752 0 0 -0.233939 0.119313 0.186604
33 1.11936 0 0 -0.10034 0.146391 0.154007
34 3.71348 0.102639 0.102191 -1.62656 0.647308 -0.011774
35 1.72615 0 0 -0.0140398 -0.00343414 1.05412
36 1.21112 0 0 -0.0114086 0.0134492 0.623938
37 3.5992 1.06012 0.0708883 -1.82885 0.552225 -0.0809854
38 1.66069 0 0 0.0185625 0.0357885 0.837463
39 1.16699 0 0 -0.0214546 -0.0188799 0.512602
40 2.18853 -0.50104 0.0576588 -1.57595 -0.0519128 -0.112472
41 1.29609 0 0 -0.020726 -0.0420008 0.647344
42 1.62202 -0.000712395 -0.000469685 -0.0176409 -0.0302896 0.960613
43 1.22241 0 0 -0.0109008 -0.000363329 0.883798
44 1.76707 -1.27612 0.0366409 -1.57501 0.0279593 -0.0920013
45 1.55587 0 0 -0.0274839 -0.0875848 0.552803
46 1.24273 0 0 0.00047891 0.000360558 1.16748
47 0.784532 0 0 -0.00207167 0.00549204 0.856291
48 0 0 -9.79273 0 0 0
49 6.02387 -23.5469 -6.30284 0.00417839 0.00614852 0.000544819
50 0 -0.659979 2.32196 0 0 0
51 -0.0130916 -0.0336628 1.41425 -1.27079 0 0
52 6.02688 -24.9024 -6.06436 0.00735129 0.00614862 0.000545685
53 0 -0.675064 1.41593 0 0 0
54 0 0.979376 2.33571 0.174533 0 0
55 0 -1.91969 2.85382 0 0 0
56 0 2.062 1.89702 -0.785398 0 0
57 0 -1.66928 2.60403 -0.0368113 0 0
time 48
0 2.90881 6.05823 -3.71544 0.000934124 0 -0.725437
1 6.02794 0 0 -1.12376 0.409517 -0.750873
2 11.7344 0 0 -0.00140289 0 -0.636639
3 8.81139 -0.000449181 -0.000111103 -0.129403 0 0.000157989
4 5.77839 0.000286102 0 -0.0867004 0 0.000105232
5 2.23163 -0.000329018 -0.000362873 -0.0427032 0 0
6 11.4725 0 0 -0.212951 -0.320371 0.272609
7 0.615219 -0.993091 -0.810701 2.8564 0.427913 -0.348126
8 2.24752 0 0 0.742483 0.196537 -0.184311
9 1.11935 0 0 0.0569242 -0.0187487 -0.38543
10 3.71348 -0.102641 0.10219 1.55999 0.843181 0.0798626
11 1.72615 0 0 0.00870226 0.00432157 -1.08945
12 1.21114 0 0 0.00379984 0.017222 -1.3256
13 3.59919 -1.06012 0.0708878 1.52729 0.379604 0.0109445
14 1.66068 0 0 -0.000891699 0.07786 -0.234384
15 1.167 0 0 -0.0449929 0.0164959 -0.8571
16 2.18852 0.50104 0.0576588 1.52613 0.099798 0.154747
17 1.29609 0 0 0.0247846 -0.039742 -0.746595
18 1.62202 0.000713348 -0.000471115 0.00528189 -0.0126013 -1.12707
19 1.22241 0 0 -0.0199585 0.00621244 -1.25809
20 1.76707 1.27612 0.0366405 1.35857 0.244319 0.100604
21 1.55588 0 0 -0.0216193 0.0244014 -0.43056
22 1.24273 0 0 -0.000479202 0.000360511 -0.969327
23 0.784523 0 0 0.00427086 0.00619487 -0.802021
24 -2.4735 6.38035 -5.29598 -0.000932693 0 -1.67936
25 6.02794 0 0 1.29674 0.416431 0.360441
26 11.7344 0 0 0.00140278 0 0.642149
27 8.81167 0 0 0.439276 0 0
28 5.77884 0 0 0.294315 0 0
29 2.23249 0 0 0.144961 0 0
30 11.4725 0 0 0.47911 -0.222659 -0.22143
31 0.615812 0.994372 -0.809166 -2.63072 -0.0229901 0.302397
32 2.24752 0 0 -0.233939 0.119313 0.186604
33 1.11936 0 0 -0.10034 0.146391 0.154007
34 3.71348 0.102639 0.102191 -1.62656 0.647308 -0.0117741
35 1.72615 0 0 -0.0140398 -0.00343418 1.05412
36 1.21112 0 0 -0.0114087 0.0134492 0.623938
37 3.5992 1.06012 0.0708886 -1.82885 0.552225 -0.0809855
38 1.66069 0 0 0.0185625 0.0357885 0.837463
39 1.16699 0 0 -0.0214546 -0.0188799 0.512602
40 2.18853 -0.501041 0.0576595 -1.57595 -0.0519127 -0.112472
41 1.29609 0 0 -0.020726 -0.0420008 0.647344
42 1.62202 -0.000713348 -0.000469208 -0.0176409 -0.0302896 0.960613
43 1.22241 0 0 -0.0109008 -0.000363356 0.883798
44 1.76707 -1.27612 0.0366409 -1.57501 0.0279592 -0.0920013
45 1.55588 0 0 -0.0274839 -0.0875848 0.552803
46 1.24273 0 0 0.000478925 0.0003606 1.16748
47 0.784531 0 0 -0.00207171 0.00549204 0.856291
48 0 0 -9.79273 0 0 0
49 6.00877 -23.5382 -6.29461 0.00948876 0.0114909 0
50 0 -0.659983 2.32196 0 0 0
51 -0.013092 -0.0336609 1.41425 -1.27079 0 0
52 6.01223 -24.8949 -6.06335 0.0126617 0.011491 0
53 0 -0.675066 1.41593 0 0 0
54 0 0.979376 2.33571 0.174533 0 0
55 0 -1.91969 2.85382 0 0 0
56 0 2.062 1.89702 -0.785398 0 0
57 0 -1.66928 2.60403 -0.0368113 0 0
time 49
0 2.90881 6.05823 -3.71544 0.000934124 0 -0.725437
1 6.02794 0 0 -1.12431 0.40912 -0.750815
2 11.7344 0 0 -0.0014029 0 -0.63826
3 8.81139 -0.000450134 -0.00011158 -0.125877 0 0.000157719
4 5.77839 0.000286102 0 -0.0843375 0 0.000105296
5 2.23164 -0.000329971 -0.00036335 -0.0415396 0 0
6 11.4725 0 0 -0.210138 -0.319778 0.274539
7 0.615217 -0.993092 -0.8107 2.8564 0.427913 -0.348126
8 2.24752 0 0 0.742483 0.196537 -0.184311
9 1.11936 0 0 0.0569243 -0.0187487 -0.38543
10 3.71348 -0.102641 0.10219 1.55999 0.843181 0.0798625
11 1.72614 0 0 0.00870229 0.00432153 -1.08945
12 1.21114 0 0 0.00379985 0.0172221 -1.3256
13 3.59919 -1.06012 0.070888 1.52729 0.379604 0.0109443
14 1.66069 0 0 -0.000891698 0.0778601 -0.234384
15 1.167 0 0 -0.0449929 0.0164959 -0.8571
16 2.18852 0.50104 0.0576586 1.52613 0.0997979 0.154747
17 1.29609 0 0 0.0247846 -0.039742 -0.746595
18 1.62202 0.000713348 -0.000470638 0.00528192 -0.0126014 -1.12707
19 1.22241 0 0 -0.0199585 0.00621243 -1.25809
20 1.76706 1.27612 0.0366408 1.35857 0.244319 0.100604
21 1.55588 0 0 -0.0216193 0.0244014 -0.43056
22 1.24273 0 0 -0.000479203 0.000360515 -0.969328
23 0.784523 0 0 0.00427083 0.00619488 -0.802021
24 -2.4735 6.38035 -5.29598 -0.000932693 0 -1.67936
25 6.02794 0 0 1.29707 0.416023 0.360473
26 11.7344 0 0 0.00140265 0 0.643192
27 8.81167 0 0 0.44107 0 0
28 5.77884 0 0 0.295517 0 0
29 2.23249 0 0 0.145553 0 0
30 11.4725 0 0 0.481297 -0.222474 -0.223228
31 0.615812 0.994372 -0.809165 -2.63072 -0.0229901 0.302397
32 2.24751 0 0 -0.233939 0.119313 0.186604
33 1.11936 0 0 -0.10034 0.146391 0.154007
34 3.71349 0.102639 0.102191 -1.62656 0.647308 -0.0117741
35 1.72615 0 0 -0.0140398 -0.0034342 1.05412
36 1.21112 0 0 -0.0114086 0.0134492 0.623938
37 3.5992 1.06012 0.0708884 -1.82885 0.552225 -0.0809855
38 1.66069 0 0 0.0185625 0.0357885 0.837463
39 1.16699 0 0 -0.0214546 -0.0188799 0.512602
40 2.18853 -0.50104 0.057659 -1.57595 -0.0519127 -0.112472
41 1.29609 0 0 -0.020726 -0.0420008 0.647344
42 1.62202 -0.000713348 -0.000469685 -0.0176409 -0.0302896 0.960613
43 1.22241 0 0 -0.0109008 -0.00036333 0.883798
44 1.76707 -1.27612 0.0366405 -1.57501 0.0279592 -0.0920014
45 1.55588 0 0 -0.0274838 -0.0875848 0.552803
46 1.24273 0 0 0.000478909 0.000360557 1.16748
47 0.784531 0 0 -0.00207169 0.00549203 0.856291
48 0 0 -9.79273 0 0 0
49 6.00621 -23.5374 -6.2719 0.0102151 0.00921659 0
50 0 -0.659981 2.32196 0 0 0
51 -0.0130925 -0.0336609 1.41425 -1.27079 0 0
52 6.00914 -24.8942 -6.04162 0.013388 0.00921668 0
53 0 -0.675064 1.41593 0 0 0
54 0 0.979378 2.33571 0.174533 0 0
55 0 -1.91969 2.85382 0 0 0
56 0 2.062 1.89702 -0.785398 0 0
57 0 -1.66928 2.60403 -0.0368113 0 0
time 50
0 2.90881 6.05823 -3.71544 0.000934124 0 -0.725437
1 6.02795 0 0 -1.12483 0.408393 -0.750981
2 11.7344 0 0 -0.00140295 0 -0.639247
3 8.81138 -0.000450134 -0.000113487 -0.122821 0 0.000158138
4 5.77839 0.000286102 0 -0.0822901 0 0.000105307
5 2.23163 -0.000329971 -0.000364304 -0.0405309 0 0
6 11.4725 0 0 -0.207648 -0.319386 0.276009
7 0.615217 -0.993092 -0.8107 2.8564 0.427913 -0.348126
8 2.24752 0 0 0.742483 0.196537 -0.184311
9 1.11936 0 0 0.0569243 -0.0187487 -0.38543
10 3.71348 -0.102641 0.102191 1.55999 0.843181 0.0798625
11 1.72615 0 0 0.00870225 0.0043216 -1.08945
12 1.21114 0 0 0.00379985 0.0172221 -1.3256
13 3.59919 -1.06012 0.0708879 1.52729 0.379604 0.0109444
14 1.66069 0 0 -0.000891684 0.07786 -0.234384
15 1.167 0 0 -0.0449929 0.0164959 -0.8571
16 2.18852 0.50104 0.0576588 1.52613 0.0997979 0.154747
17 1.29609 0 0 0.0247846 -0.039742 -0.746595
18 1.62202 0.000713348 -0.000471592 0.00528194 -0.0126014 -1.12707
19 1.22241 0 0 -0.0199585 0.00621243 -1.25809
20 1.76707 1.27612 0.0366409 1.35857 0.244319 0.100604
21 1.55588 0 0 -0.0216193 0.0244014 -0.43056
22 1.24274 0 0 -0.000479208 0.000360523 -0.969327
23 0.784523 0 0 0.00427087 0.00619489 -0.802021
24 -2.4735 6.38035 -5.29598 -0.000932693 0 -1.67936
25 6.02794 0 0 1.2976 0.415574 0.360447
26 11.7344 0 0 0.00140274 0 0.644257
27 8.81167 0 0 0.442387 0 0
28 5.77884 0 0 0.2964 0 0
29 2.23249 0 0 0.145988 0 0
30 11.4725 0 0 0.482941 -0.222189 -0.224743
31 0.615812 0.994372 -0.809165 -2.63072 -0.0229901 0.302397
32 2.24752 0 0 -0.233939 0.119313 0.186604
33 1.11936 0 0 -0.10034 0.146391 0.154007
34 3.71349 0.102639 0.102191 -1.62656 0.647308 -0.0117741
35 1.72615 0 0 -0.0140398 -0.0034342 1.05412
36 1.21112 0 0 -0.0114086 0.0134492 0.623938
37 3.5992 1.06012 0.0708885 -1.82885 0.552225 -0.0809854
38 1.66069 0 0 0.0185625 0.0357885 0.837463
39 1.16699 0 0 -0.0214546 -0.0188799 0.512602
40 2.18853 -0.50104 0.0576594 -1.57595 -0.0519127 -0.112472
41 1.29609 0 0 -0.020726 -0.0420008 0.647344
42 1.62202 -0.000713348 -0.000469685 -0.0176409 -0.0302897 0.960613
43 1.22241 0 0 -0.0109008 -0.00036331 0.883798
44 1.76707 -1.27612 0.0366405 -1.57501 0.0279593 -0.0920013
45 1.55588 0 0 -0.0274838 -0.0875848 0.552803
46 1.24273 0 0 0.000478926 0.000360575 1.16748
47 0.784532 0 0 -0.00207169 0.00549203 0.856291
48 0 0 -9.79273 0 0 0
49 6.00153 -23.537 -6.24708 0.0106175 0.0071817 0
50 0 -0.659979 2.32196 0 0 0
51 -0.013092 -0.0336628 1.41425 -1.27079 0 0
52 6.00399 -24.8939 -6.01734 0.0137905 0.00718181 0
53 0 -0.675062 1.41593 0 0 0
54 0 0.979376 2.33571 0.174533 0 0
55 0 -1.91969 2.85382 0 0 0
56 0 2.062 1.89702 -0.785398 0 0
57 0 -1.66928 2.60403 -0.0368113 0 0
time 51
0 2.90881 6.05823 -3.71544 0.000934124 0 -0.725437
1 6.02794 0 0 -1.1252 0.407639 -0.751247
2 11.7344 0 0 -0.00140294 0 -0.639987
3 8.81138 -0.000450134 -0.000112534 -0.120254 0 0.000157401
4 5.77839 0.000286102 0 -0.0805703 0 0.000104976
5 2.23164 -0.000329971 -0.000364304 -0.039684 0 0
6 11.4725 0 0 -0.205546 -0.319248 0.2771
7 0.615219 -0.993091 -0.8107 2.8564 0.427914 -0.348126
8 2.24752 0 0 0.742483 0.196537 -0.184311
9 1.11936 0 0 0.0569242 -0.0187487 -0.38543
10 3.71348 -0.102641 0.102191 1.55999 0.843181 0.0798625
11 1.72615 0 0 0.00870229 0.00432159 -1.08945
12 1.21114 0 0 0.00379984 0.017222 -1.3256
13 3.59919 -1.06012 0.070888 1.52729 0.379604 0.0109443
14 1.66069 0 0 -0.000891683 0.0778601 -0.234384
15 1.167 0 0 -0.0449929 0.0164959 -0.8571
16 2.18852 0.50104 0.0576587 1.52613 0.099798 0.154747
17 1.29609 0 0 0.0247846 -0.039742 -0.746595
18 1.62202 0.000713348 -0.000470638 0.00528193 -0.0126014 -1.12707
19 1.22241 0 0 -0.0199585 0.00621245 -1.25809
20 1.76707 1.27612 0.0366405 1.35857 0.244319 0.100604
21 1.55587 0 0 -0.0216193 0.0244014 -0.43056
22 1.24274 0 0 -0.00047919 0.000360505 -0.969327
23 0.784523 0 0 0.00427084 0.00619488 -0.802021
24 -2.4735 6.38035 -5.29598 -0.000932693 0 -1.67936
25 6.02794 0 0 1.29828 0.415171 0.360359
26 11.7344 0 0 0.00140265 0 0.645238
27 8.81167 0 0 0.443337 0 0
28 5.77884 0 0 0.297036 0 0
29 2.23249 0 0 0.146301 0 0
30 11.4725 0 0 0.484105 -0.221853 -0.225799
31 0.615812 0.994372 -0.809165 -2.63072 -0.0229902 0.302397
32 2.24752 0 0 -0.233939 0.119313 0.186604
33 1.11936 0 0 -0.10034 0.146391 0.154007
34 3.71348 0.102639 0.102191 -1.62656 0.647308 -0.011774
35 1.72615 0 0 -0.0140398 -0.00343422 1.05412
36 1.21112 0 0 -0.0114086 0.0134492 0.623938
37 3.5992 1.06012 0.0708883 -1.82885 0.552225 -0.0809854
38 1.66069 0 0 0.0185625 0.0357885 0.837463
39 1.16699 0 0 -0.0214546 -0.0188799 0.512602
40 2.18853 -0.50104 0.0576588 -1.57595 -0.0519129 -0.112472
41 1.29609 0 0 -0.020726 -0.0420008 0.647344
42 1.62202 -0.000711441 -0.000469208 -0.0176409 -0.0302896 0.960613
43 1.22241 0 0 -0.0109008 -0.000363372 0.883798
44 1.76707 -1.27612 0.0366403 -1.57501 0.0279592 -0.0920012
45 1.55588 0 0 -0.0274839 -0.0875848 0.552803
46 1.24273 0 0 0.000478937 0.000360592 1.16748
47 0.784532 0 0 -0.00207171 0.00549203 0.856291
48 0 0 -9.79273 0 0 0
49 5.99487 -23.5371 -6.22333 0.0106961 0.00538622 0
50 0 -0.659981 2.32196 0 0 0
51 -0.013092 -0.0336647 1.41425 -1.27079 0 0
52 5.99691 -24.894 -5.99369 0.013869 0.00538634 0
53 0 -0.675064 1.41593 0 0 0
54 0 0.979376 2.33571 0.174533 0 0
55 0 -1.91969 2.85382 0 0 0
56 0 2.062 1.89702 -0.785398 0 0
57 0 -1.66928 2.60403 -0.0368113 0 0
time 52
0 2.90881 6.05823 -3.71544 0.000934124 0 -0.725437
1 6.02794 0 0 -1.12535 0.406956 -0.751598
2 11.7344 0 0 -0.00140292 0 -0.640393
3 8.81138 -0.000450134 -0.000112534 -0.118287 0 0.000158531
4 5.77839 0.000285149 0 -0.0792521 0 0.000105701
5 2.23163 -0.000329971 -0.000363827 -0.0390345 0 0
6 11.4725 0 0 -0.203891 -0.319414 0.277652
7 0.615221 -0.993091 -0.8107 2.8564 0.427913 -0.348126
8 2.24752 0 0 0.742483 0.196537 -0.184311
9 1.11936 0 0 0.0569244 -0.0187488 -0.38543
10 3.71348 -0.102641 0.102191 1.55999 0.843181 0.0798623
11 1.72615 0 0 0.00870227 0.00432159 -1.08945
12 1.21113 0 0 0.00379985 0.017222 -1.3256
13 3.5992 -1.06012 0.0708878 1.52729 0.379604 0.0109444
14 1.66069 0 0 -0.00089168 0.07786 -0.234384
15 1.167 0 0 -0.0449929 0.016496 -0.8571
16 2.18853 0.50104 0.0576589 1.52613 0.0997978 0.154747
17 1.29609 0 0 0.0247847 -0.039742 -0.746595
18 1.62202 0.000713348 -0.000470638 0.00528194 -0.0126014 -1.12707
19 1.22241 0 0 -0.0199585 0.00621243 -1.25809
20 1.76707 1.27612 0.0366408 1.35857 0.244319 0.100604
21 1.55587 0 0 -0.0216193 0.0244014 -0.43056
22 1.24274 0 0 -0.000479207 0.000360506 -0.969328
23 0.784523 0 0 0.00427085 0.0061949 -0.802021
24 -2.4735 6.38035 -5.29598 -0.000932693 0 -1.67936
25 6.02794 0 0 1.29901 0.414906 0.360202
26 11.7344 0 0 0.00140277 0 0.646044
27 8.81167 0 0 0.444028 0 0
28 5.77884 0 0 0.297499 0 0
29 2.23249 0 0 0.146529 0 0
30 11.4725 0 0 0.484852 -0.221518 -0.226226
31 0.615812 0.994372 -0.809166 -2.63072 -0.0229901 0.302397
32 2.24752 0 0 -0.233939 0.119313 0.186604
33 1.11935 0 0 -0.10034 0.146391 0.154007
34 3.71349 0.102639 0.102191 -1.62656 0.647308 -0.0117741
35 1.72615 0 0 -0.0140398 -0.00343419 1.05412
36 1.21112 0 0 -0.0114086 0.0134492 0.623938
37 3.5992 1.06012 0.070888 -1.82885 0.552225 -0.0809854
38 1.66069 0 0 0.0185625 0.0357885 0.837463
39 1.16699 0 0 -0.0214546 -0.0188799 0.512602
40 2.18853 -0.501041 0.0576587 -1.57595 -0.0519127 -0.112472
41 1.29609 0 0 -0.020726 -0.0420008 0.647344
42 1.62202 -0.000713348 -0.000470161 -0.0176409 -0.0302897 0.960613
43 1.22241 0 0 -0.0109008 -0.000363354 0.883798
44 1.76707 -1.27612 0.0366405 -1.57501 0.0279593 -0.0920013
45 1.55588 0 0 -0.0274838 -0.0875848 0.552803
46 1.24273 0 0 0.000478928 0.000360558 1.16748
47 0.784532 0 0 -0.00207163 0.00549201 0.856291
48 0 0 -9.79273 0 0 0
49 5.98637 -23.5375 -6.2038 0.0104507 0.00383015 0
50 0 -0.659985 2.32196 0 0 0
51 -0.0130925 -0.0336628 1.41425 -1.27079 0 0
52 5.98806 -24.8944 -5.97383 0.0136236 0.00383024 0
53 0 -0.675064 1.41593 0 0 0
54 0 0.979376 2.33571 0.174533 0 0
55 0 -1.91969 2.85382 0 0 0
56 0 2.062 1.89702 -0.785398 0 0
57 0 -1.66928 2.60403 -0.0368113 0 0
time 53
0 2.90881 6.05823 -3.71544 0.000934124 0 -0.725437
1 6.02794 0 0 -1.12518 0.40628 -0.75213
2 11.7344 0 0 -0.00140306 0 -0.640485
3 8.81139 -0.000451088 -0.000112057 -0.116957 0 0.000158797
4 5.77839 0.000286102 0 -0.0783611 0 0.000105928
5 2.23163 -0.000329971 -0.000364304 -0.0385957 0 0
6 11.4725 0 0 -0.202798 -0.319982 0.277814
7 0.615217 -0.993091 -0.810699 2.8564 0.427913 -0.348126
8 2.24752 0 0 0.742483 0.196537 -0.184311
9 1.11936 0 0 0.0569242 -0.0187488 -0.38543
10 3.71348 -0.102641 0.102191 1.55999 0.843181 0.0798627
11 1.72615 0 0 0.00870226 0.00432159 -1.08945
12 1.21114 0 0 0.00379984 0.017222 -1.3256
13 3.59919 -1.06012 0.0708883 1.52729 0.379604 0.0109444
14 1.66069 0 0 -0.000891692 0.0778601 -0.234384
15 1.167 0 0 -0.0449929 0.0164959 -0.8571
16 2.18852 0.50104 0.0576594 1.52613 0.0997978 0.154747
17 1.2961 0 0 0.0247847 -0.039742 -0.746595
18 1.62202 0.000713348 -0.000471115 0.00528191 -0.0126014 -1.12707
19 1.22241 0 0 -0.0199585 0.00621244 -1.25809
20 1.76707 1.27612 0.0366406 1.35857 0.244319 0.100604
21 1.55588 0 0 -0.0216193 0.0244014 -0.43056
22 1.24274 0 0 -0.00047921 0.000360528 -0.969327
23 0.784523 0 0 0.00427087 0.0061949 -0.802021
24 -2.4735 6.38035 -5.29598 -0.000932693 0 -1.67936
25 6.02794 0 0 1.29999 0.414884 0.359878
26 11.7344 0 0 0.00140267 0 0.646969
27 8.81167 0 0 0.44424 0 0
28 5.77884 0 0 0.297641 0 0
29 2.23249 0 0 0.146599 0 0
30 11.4725 0 0 0.484993 -0.221034 -0.226156
31 0.615812 0.994372 -0.809166 -2.63072 -0.0229901 0.302397
32 2.24752 0 0 -0.233939 0.119313 0.186604
33 1.11936 0 0 -0.10034 0.146391 0.154007
34 3.71349 0.10264 0.102191 -1.62656 0.647308 -0.0117741
35 1.72615 0 0 -0.0140398 -0.00343418 1.05412
36 1.21112 0 0 -0.0114087 0.0134492 0.623938
37 3.5992 1.06012 0.0708882 -1.82885 0.552225 -0.0809854
38 1.66069 0 0 0.0185625 0.0357885 0.837463
39 1.16699 0 0 -0.0214546 -0.0188799 0.512602
40 2.18853 -0.50104 0.057659 -1.57595 -0.0519128 -0.112472
41 1.29609 0 0 -0.020726 -0.0420008 0.647344
42 1.62201 -0.000713348 -0.000469685 -0.0176409 -0.0302896 0.960613
43 1.22241 0 0 -0.0109008 -0.000363343 0.883798
44 1.76707 -1.27612 0.0366403 -1.57501 0.0279592 -0.0920013
45 1.55588 0 0 -0.0274839 -0.0875848 0.552803
46 1.24273 0 0 0.000478909 0.00036055 1.16748
47 0.784532 0 0 -0.0020717 0.00549205 0.856291
48 0 0 -9.79273 0 0 0
49 5.97324 -23.5384 -6.18726 0.0098814 0.00251344 0
50 0 -0.659981 2.32196 0 0 0
51 -0.013093 -0.0336609 1.41425 -1.27079 0 0
52 5.97463 -24.8951 -5.9565 0.0130543 0.00251356 0
53 0 -0.675064 1.41593 0 0 0
54 0 0.979376 2.33571 0.174533 0 0
55 0 -1.91969 2.85382 0 0 0
56 0 2.062 1.89702 -0.785398 0 0
57 0 -1.66928 2.60403 -0.0368113 0 0
time 54
0 2.90881 6.05823 -3.71544 0.000934124 0 -0.725437
1 6.02795 0 0 -1.1247 0.405509 -0.752897
2 11.7344 0 0 -0.00140295 0 -0.64035
3 8.81139 -0.000449181 -0.000112534 -0.116183 0 0.000156935
4 5.77839 0.000287056 0 -0.0778424 0 0.000104596
5 2.23163 -0.000329018 -0.000363827 -0.0383404 0 0
6 11.4725 0 0 -0.202261 -0.320949 0.277785
7 0.615217 -0.993091 -0.8107 2.8564 0.427913 -0.348126
8 2.24752 0 0 0.742483 0.196537 -0.184311
9 1.11936 0 0 0.0569243 -0.0187488 -0.38543
10 3.71348 -0.102641 0.102191 1.55999 0.843181 0.0798624
11 1.72615 0 0 0.00870226 0.00432159 -1.08945
12 1.21114 0 0 0.00379985 0.017222 -1.32561
13 3.59919 -1.06012 0.0708873 1.52729 0.379604 0.0109443
14 1.66069 0 0 -0.000891661 0.0778601 -0.234383
15 1.16699 0 0 -0.0449929 0.0164959 -0.8571
16 2.18852 0.50104 0.0576588 1.52613 0.0997978 0.154747
17 1.29609 0 0 0.0247847 -0.039742 -0.746595
18 1.62202 0.000715256 -0.000471115 0.00528194 -0.0126014 -1.12707
19 1.22241 0 0 -0.0199585 0.00621243 -1.25809
20 1.76707 1.27612 0.0366403 1.35857 0.244319 0.100604
21 1.55588 0 0 -0.0216193 0.0244014 -0.43056
22 1.24273 0 0 -0.000479233 0.000360507 -0.969327
23 0.784523 0 0 0.00427085 0.00619489 -0.802021
24 -2.4735 6.38035 -5.29598 -0.000932693 0 -1.67936
25 6.02794 0 0 1.30136 0.415069 0.359349
26 11.7344 0 0 0.00140272 0 0.64822
27 8.81167 0 0 0.443791 0 0
28 5.77884 0 0 0.29734 0 0
29 2.23249 0 0 0.146451 0 0
30 11.4725 0 0 0.484395 -0.220295 -0.225787
31 0.615814 0.994372 -0.809166 -2.63072 -0.0229901 0.302397
32 2.24752 0 0 -0.233939 0.119313 0.186604
33 1.11936 0 0 -0.10034 0.146391 0.154007
34 3.71349 0.102639 0.102191 -1.62656 0.647308 -0.0117739
35 1.72615 0 0 -0.0140398 -0.00343417 1.05412
36 1.21112 0 0 -0.0114086 0.0134492 0.623938
37 3.5992 1.06012 0.0708884 -1.82885 0.552225 -0.0809854
38 1.66069 0 0 0.0185625 0.0357885 0.837463
39 1.16699 0 0 -0.0214546 -0.0188799 0.512602
40 2.18853 -0.50104 0.057659 -1.57595 -0.0519128 -0.112472
41 1.29609 0 0 -0.020726 -0.0420008 0.647344
42 1.62202 -0.000712395 -0.000469685 -0.0176409 -0.0302896 0.960613
43 1.22241 0 0 -0.0109008 -0.000363353 0.883798
44 1.76707 -1.27612 0.0366404 -1.57501 0.0279593 -0.0920013
45 1.55587 0 0 -0.0274838 -0.0875848 0.552803
46 1.24273 0 0 0.000478933 0.000360586 1.16748
47 0.784532 0 0 -0.00207168 0.00549202 0.856291
48 0 0 -9.79273 0 0 0
49 5.95415 -23.5396 -6.17044 0.00898814 0.00143616 0
50 0 -0.659981 2.32196 0 0 0
51 -0.013092 -0.0336609 1.41425 -1.27079 0 0
52 5.95529 -24.8962 -5.93848 0.012161 0.00143627 0
53 0 -0.675064 1.41593 0 0 0
54 0 0.979378 2.33571 0.174533 0 0
55 0 -1.91969 2.85382 0 0 0
56 0 2.062 1.89702 -0.785398 0 0
57 0 -1.66928 2.60403 -0.0368113 0 0
time 55
0 2.90881 6.05823 -3.71544 0.000934124 0 -0.725437
1 6.02794 0 0 -1.12405 0.404666 -0.753819
2 11.7344 0 0 -0.0014029 0 -0.639995
3 8.81139 -0.000449181 -0.000112057 -0.115898 0 0.000157594
4 5.77839 0.000287056 0 -0.0776515 0 0.000105017
5 2.23164 -0.000329018 -0.000363827 -0.0382463 0 0
6 11.4725 0 0 -0.20216 -0.322213 0.277484
7 0.615219 -0.993091 -0.8107 2.8564 0.427913 -0.348127
8 2.24752 0 0 0.742483 0.196537 -0.184311
9 1.11936 0 0 0.0569243 -0.0187488 -0.38543
10 3.71348 -0.102641 0.102191 1.55999 0.843181 0.0798625
11 1.72615 0 0 0.00870229 0.00432155 -1.08945
12 1.21113 0 0 0.00379981 0.0172221 -1.3256
13 3.59919 -1.06012 0.0708884 1.52729 0.379604 0.0109443
14 1.66069 0 0 -0.000891686 0.0778601 -0.234384
15 1.167 0 0 -0.0449929 0.0164959 -0.8571
16 2.18853 0.50104 0.057659 1.52613 0.099798 0.154747
17 1.29609 0 0 0.0247847 -0.039742 -0.746595
18 1.62202 0.000715256 -0.000471115 0.00528194 -0.0126014 -1.12707
19 1.22241 0 0 -0.0199585 0.00621243 -1.25809
20 1.76707 1.27612 0.0366408 1.35857 0.244319 0.100604
21 1.55588 0 0 -0.0216193 0.0244014 -0.43056
22 1.24273 0 0 -0.000479206 0.00036052 -0.969327
23 0.784522 0 0 0.00427086 0.0061949 -0.802021
24 -2.4735 6.38035 -5.29598 -0.000932693 0 -1.67936
25 6.02794 0 0 1.30299 0.415348 0.358702
26 11.7344 0 0 0.00140268 0 0.64957
27 8.81167 0 0 0.442837 0 0
28 5.77884 0 0 0.296701 0 0
29 2.23249 0 0 0.146136 0 0
30 11.4725 0 0 0.483204 -0.219411 -0.225063
31 0.615812 0.994372 -0.809165 -2.63072 -0.02299 0.302397
32 2.24752 0 0 -0.233939 0.119313 0.186604
33 1.11936 0 0 -0.10034 0.146391 0.154007
34 3.71349 0.102639 0.102191 -1.62656 0.647308 -0.0117741
35 1.72615 0 0 -0.0140398 -0.00343416 1.05412
36 1.21112 0 0 -0.0114087 0.0134492 0.623938
37 3.5992 1.06012 0.0708886 -1.82885 0.552225 -0.0809853
38 1.66069 0 0 0.0185625 0.0357885 0.837463
39 1.16699 0 0 -0.0214546 -0.0188799 0.512602
40 2.18853 -0.50104 0.0576591 -1.57595 -0.0519127 -0.112472
41 1.29609 0 0 -0.020726 -0.0420008 0.647344
42 1.62202 -0.000713348 -0.000469685 -0.0176409 -0.0302896 0.960613
43 1.22241 0 0 -0.0109008 -0.000363362 0.883798
44 1.76707 -1.27612 0.0366405 -1.57501 0.0279592 -0.0920013
45 1.55588 0 0 -0.0274838 -0.0875848 0.552803
46 1.24273 0 0 0.000478921 0.000360575 1.16748
47 0.784531 0 0 -0.0020717 0.00549204 0.856291
48 0 0 -9.79273 0 0 0
49 5.93143 -23.5413 -6.15352 0.00777106 0.000598341 0
50 0 -0.659981 2.32196 0 0 0
51 -0.013093 -0.0336666 1.41425 -1.27079 0 0
52 5.93238 -24.8976 -5.91991 0.0109439 0.000598432 0
53 0 -0.675064 1.41593 0 0 0
54 0 0.979376 2.33571 0.174533 0 0
55 0 -1.91969 2.85382 0 0 0
56 0 2.062 1.89702 -0.785398 0 0
57 0 -1.66928 2.60403 -0.0368113 0 0
time 56
0 2.90881 6.05823 -3.71544 0.000934124 0 -0.725437
1 6.02794 0 0 -1.12331 0.40378 -0.75482
2 11.7344 0 0 -0.00140278 0 -0.639434
3 8.81138 -0.000449181 -0.000112057 -0.116033 0 0.000157749
4 5.77839 0.000286102 0 -0.0777421 0 0.000105199
5 2.23163 -0.000329018 -0.00036335 -0.0382909 0 0
6 11.4725 0 0 -0.20238 -0.323678 0.276833
7 0.615219 -0.993091 -0.8107 2.8564 0.427913 -0.348127
8 2.24752 0 0 0.742483 0.196537 -0.184311
9 1.11936 0 0 0.0569243 -0.0187488 -0.38543
10 3.71348 -0.102641 0.102191 1.55999 0.843181 0.0798625
11 1.72615 0 0 0.00870227 0.00432159 -1.08945
12 1.21113 0 0 0.00379983 0.0172221 -1.3256
13 3.59919 -1.06012 0.0708879 1.52729 0.379604 0.0109444
14 1.66069 0 0 -0.000891703 0.0778601 -0.234384
15 1.167 0 0 -0.0449929 0.0164959 -0.8571
16 2.18852 0.50104 0.0576591 1.52613 0.0997979 0.154747
17 1.29609 0 0 0.0247846 -0.039742 -0.746595
18 1.62201 0.000713348 -0.000471592 0.00528192 -0.0126014 -1.12707
19 1.22241 0 0 -0.0199585 0.00621243 -1.25809
20 1.76707 1.27612 0.0366408 1.35857 0.244319 0.100604
21 1.55587 0 0 -0.0216193 0.0244014 -0.43056
22 1.24273 0 0 -0.000479211 0.000360513 -0.969327
23 0.784523 0 0 0.00427085 0.00619489 -0.802021
24 -2.4735 6.38035 -5.29598 -0.000932693 0 -1.67936
25 6.02794 0 0 1.30473 0.415604 0.358025
26 11.7344 0 0 0.00140273 0 0.650797
27 8.81167 0 0 0.441534 0 0
28 5.77884 0 0 0.295828 0 0
29 2.23249 0 0 0.145706 0 0
30 11.4725 0 0 0.481564 -0.218495 -0.223921
31 0.615814 0.994372 -0.809165 -2.63072 -0.02299 0.302397
32 2.24752 0 0 -0.233939 0.119313 0.186604
33 1.11936 0 0 -0.10034 0.146391 0.154007
34 3.71348 0.102639 0.10219 -1.62656 0.647308 -0.011774
35 1.72615 0 0 -0.0140398 -0.00343417 1.05412
36 1.21112 0 0 -0.0114086 0.0134492 0.623938
37 3.5992 1.06012 0.0708884 -1.82885 0.552225 -0.0809853
38 1.66069 0 0 0.0185625 0.0357885 0.837463
39 1.16699 0 0 -0.0214546 -0.0188799 0.512602
40 2.18853 -0.501041 0.0576594 -1.57595 -0.0519128 -0.112472
41 1.29609 0 0 -0.0207261 -0.0420008 0.647344
42 1.62202 -0.000713348 -0.000470161 -0.0176409 -0.0302897 0.960613
43 1.22241 0 0 -0.0109008 -0.000363354 0.883798
44 1.76707 -1.27612 0.0366406 -1.57501 0.0279593 -0.0920011
45 1.55588 0 0 -0.0274838 -0.0875848 0.552803
46 1.24273 0 0 0.000478926 0.000360561 1.16748
47 0.784532 0 0 -0.00207165 0.00549205 0.856291
48 0 0 -9.79273 0 0 0
49 5.90744 -23.5434 -6.13668 0.00622999 0 0
50 0 -0.659981 2.32196 0 0 0
51 -0.0130925 -0.0336628 1.41425 -1.27079 0 0
52 5.90825 -24.8993 -5.90097 0.00940287 0 0
53 0 -0.675066 1.41593 0 0 0
54 0 0.979376 2.33571 0.174533 0 0
55 0 -1.91969 2.85382 0 0 0
56 0 2.062 1.89702 -0.785398 0 0
57 0 -1.66928 2.60403 -0.0368113 0 0
time 57
0 2.90881 6.05823 -3.71544 0.000934124 0 -0.725437
1 6.02794 0 0 -1.12263 0.40274 -0.755884
2 11.7344 0 0 -0.00140285 0 -0.638434
3 8.81138 -0.000450134 -0.00011158 -0.116748 0 0.000157872
4 5.77839 0.000286102 0 -0.0782209 0 0.000105232
5 2.23164 -0.000329018 -0.00036335 -0.0385268 0 0
6 11.4725 0 0 -0.202847 -0.325457 0.275149
7 0.615219 -0.993091 -0.8107 2.8564 0.427913 -0.348127
8 2.24752 0 0 0.742483 0.196537 -0.184311
9 1.11936 0 0 0.0569241 -0.0187488 -0.38543
10 3.71348 -0.102641 0.102191 1.55999 0.843181 0.0798625
11 1.72615 0 0 0.00870229 0.00432157 -1.08945
12 1.21114 0 0 0.00379983 0.017222 -1.3256
13 3.59919 -1.06012 0.0708872 1.52729 0.379605 0.0109443
14 1.66069 0 0 -0.000891717 0.0778601 -0.234383
15 1.167 0 0 -0.0449929 0.016496 -0.8571
16 2.18852 0.501039 0.0576587 1.52613 0.0997979 0.154747
17 1.29609 0 0 0.0247847 -0.039742 -0.746595
18 1.62202 0.000713348 -0.000471115 0.00528194 -0.0126014 -1.12707
19 1.22241 0 0 -0.0199585 0.00621242 -1.25809
20 1.76707 1.27612 0.03664 1.35857 0.244319 0.100604
21 1.55588 0 0 -0.0216193 0.0244014 -0.43056
22 1.24274 0 0 -0.000479199 0.000360521 -0.969328
23 0.784524 0 0 0.00427085 0.00619488 -0.802021
24 -2.4735 6.38035 -5.29598 -0.000932693 0 -1.67936
25 6.02794 0 0 1.30656 0.415499 0.357445
26 11.7344 0 0 0.00140251 0 0.651308
27 8.81167 0 0 0.439848 0 0
28 5.77884 0 0 0.294698 0 0
29 2.23249 0 0 0.14515 0 0
30 11.4725 0 0 0.47926 -0.217715 -0.221598
31 0.615812 0.994373 -0.809166 -2.63072 -0.0229902 0.302397
32 2.24752 0 0 -0.233939 0.119313 0.186604
33 1.11936 0 0 -0.10034 0.146391 0.154007
34 3.71349 0.10264 0.102191 -1.62656 0.647308 -0.011774
35 1.72615 0 0 -0.0140398 -0.00343418 1.05412
36 1.21112 0 0 -0.0114087 0.0134492 0.623938
37 3.5992 1.06012 0.0708879 -1.82885 0.552225 -0.0809855
38 1.66069 0 0 0.0185625 0.0357885 0.837463
39 1.16699 0 0 -0.0214546 -0.0188799 0.512602
40 2.18853 -0.50104 0.0576591 -1.57595 -0.0519127 -0.112472
41 1.29609 0 0 -0.020726 -0.0420008 0.647344
42 1.62202 -0.000714302 -0.000470161 -0.0176409 -0.0302897 0.960613
43 1.22241 0 0 -0.0109008 -0.000363338 0.883798
44 1.76707 -1.27612 0.0366408 -1.57501 0.0279592 -0.0920013
45 1.55588 0 0 -0.0274839 -0.0875849 0.552803
46 1.24273 0 0 0.000478945 0.000360564 1.16748
47 0.784531 0 0 -0.00207169 0.00549204 0.856291
48 0 0 -9.79273 0 0 0
49 5.88439 -23.5469 -6.11736 0.00380279 -0.000269507 0
50 0 -0.659983 2.32196 0 0 0
51 -0.013092 -0.0336647 1.41425 -1.27079 0 0
52 5.88513 -24.9022 -5.87836 0.00697569 -0.000269402 0
53 0 -0.675066 1.41593 0 0 0
54 0 0.979376 2.33571 0.174533 0 0
55 0 -1.91969 2.85382 0 0 0
56 0 2.062 1.89702 -0.785398 0 0
57 0 -1.66928 2.60403 -0.0368113 0 0
time 58
0 2.90881 6.05823 -3.71544 0.000934124 0 -0.725437
1 6.02794 0 0 -1.12215 0.401418 -0.757015
2 11.7344 0 0 -0.00140285 0 -0.636639
3 8.81138 -0.000450134 -0.000112057 -0.117991 0 0.000157975
4 5.77839 0.000286102 0 -0.0790541 0 0.000105311
5 2.23164 -0.000328064 -0.00036335 -0.0389369 0 0
6 11.4725 0 0 -0.203431 -0.327383 0.272325
7 0.615219 -0.993091 -0.8107 2.8564 0.427913 -0.348126
8 2.24752 0 0 0.742483 0.196537 -0.184311
9 1.11936 0 0 0.0569243 -0.0187487 -0.38543
10 3.71348 -0.102641 0.102191 1.55999 0.843181 0.0798625
11 1.72615 0 0 0.00870227 0.00432159 -1.08945
12 1.21114 0 0 0.00379983 0.017222 -1.3256
13 3.59919 -1.06012 0.0708879 1.52729 0.379604 0.0109443
14 1.66069 0 0 -0.000891706 0.07786 -0.234384
15 1.167 0 0 -0.0449929 0.016496 -0.8571
16 2.18852 0.50104 0.0576593 1.52613 0.0997979 0.154747
17 1.29609 0 0 0.0247846 -0.039742 -0.746595
18 1.62201 0.000711441 -0.000471115 0.00528191 -0.0126014 -1.12707
19 1.22241 0 0 -0.0199585 0.00621242 -1.25809
20 1.76707 1.27612 0.0366409 1.35857 0.244319 0.100604
21 1.55588 0 0 -0.0216193 0.0244014 -0.43056
22 1.24273 0 0 -0.000479226 0.000360509 -0.969327
23 0.784523 0 0 0.00427083 0.00619487 -0.802021
24 -2.4735 6.38035 -5.29598 -0.000932693 0 -1.67936
25 6.02794 0 0 1.30829 0.414999 0.357027
26 11.7344 0 0 0.00140266 0 0.651015
27 8.81167 0 0 0.437992 0 0
28 5.77884 0 0 0.293454 0 0
29 2.23249 0 0 0.144537 0 0
30 11.4725 0 0 0.476553 -0.217159 -0.218273
31 0.615814 0.994373 -0.809165 -2.63072 -0.0229901 0.302397
32 2.24752 0 0 -0.233939 0.119313 0.186604
33 1.11936 0 0 -0.10034 0.146391 0.154007
34 3.71349 0.10264 0.102191 -1.62656 0.647308 -0.0117741
35 1.72615 0 0 -0.0140398 -0.00343416 1.05412
36 1.21112 0 0 -0.0114086 0.0134492 0.623938
37 3.5992 1.06012 0.0708882 -1.82885 0.552225 -0.0809854
38 1.66069 0 0 0.0185625 0.0357885 0.837463
39 1.16699 0 0 -0.0214546 -0.0188799 0.512602
40 2.18853 -0.50104 0.0576591 -1.57595 -0.0519128 -0.112472
41 1.29609 0 0 -0.0207261 -0.0420007 0.647344
42 1.62201 -0.000714302 -0.000470161 -0.0176409 -0.0302897 0.960613
43 1.22241 0 0 -0.0109008 -0.000363377 0.883798
44 1.76707 -1.27612 0.0366403 -1.57501 0.0279592 -0.0920013
45 1.55588 0 0 -0.0274838 -0.0875848 0.552803
46 1.24273 0 0 0.000478908 0.000360582 1.16748
47 0.784532 0 0 -0.00207167 0.00549203 0.856291
48 0 0 -9.79273 0 0 0
49 5.86467 -23.5514 -6.09663 0.000676865 -0.000239593 0
50 0 -0.659983 2.32196 0 0 0
51 -0.0130916 -0.0336628 1.41425 -1.27079 0 0
52 5.86542 -24.906 -5.85339 0.00384977 -0.000239477 0
53 0 -0.675066 1.41593 0 0 0
54 0 0.979376 2.33571 0.174533 0 0
55 0 -1.91969 2.85382 0 0 0
56 0 2.062 1.89702 -0.785398 0 0
57 0 -1.66928 2.60403 -0.0368113 0 0
time 59
0 2.90881 6.05823 -3.71544 0.000934124 0 -0.725437
1 6.02794 0 0 -1.12178 0.40072 -0.757684
2 11.7344 0 0 -0.00140272 0 -0.635906
3 8.81138 -0.000450134 -0.000112057 -0.118984 0 0.000158103
4 5.77839 0.000286102 0 -0.0797195 0 0.000105387
5 2.23164 -0.000329971 -0.000362873 -0.0392648 0 0
6 11.4725 0 0 -0.203925 -0.328928 0.27017
7 0.615217 -0.993091 -0.8107 2.8564 0.427913 -0.348126
8 2.24752 0 0 0.742483 0.196537 -0.184311
9 1.11936 0 0 0.0569242 -0.0187487 -0.38543
10 3.71348 -0.102641 0.102191 1.55999 0.843181 0.0798625
11 1.72615 0 0 0.00870227 0.00432157 -1.08945
12 1.21114 0 0 0.00379984 0.0172221 -1.3256
13 3.59919 -1.06012 0.070888 1.52729 0.379604 0.0109443
14 1.66068 0 0 -0.000891659 0.0778601 -0.234384
15 1.167 0 0 -0.0449929 0.0164959 -0.8571
16 2.18852 0.50104 0.0576588 1.52613 0.0997978 0.154747
17 1.29609 0 0 0.0247846 -0.039742 -0.746595
18 1.62202 0.000715256 -0.000470638 0.00528192 -0.0126014 -1.12707
19 1.22241 0 0 -0.0199585 0.00621244 -1.25809
20 1.76707 1.27612 0.036641 1.35857 0.244319 0.100604
21 1.55587 0 0 -0.0216193 0.0244014 -0.43056
22 1.24273 0 0 -0.000479216 0.000360522 -0.969328
23 0.784524 0 0 0.00427085 0.00619488 -0.802021
24 -2.4735 6.38035 -5.29598 -0.000932693 0 -1.67936
25 6.02794 0 0 1.30958 0.414444 0.356776
26 11.7344 0 0 0.00140285 0 0.650445
27 8.81167 0 0 0.436494 0 0
28 5.77884 0 0 0.292451 0 0
29 2.23249 0 0 0.144043 0 0
30 11.4725 0 0 0.474305 -0.216821 -0.215289
31 0.615816 0.994373 -0.809166 -2.63072 -0.0229901 0.302397
32 2.24752 0 0 -0.233939 0.119313 0.186604
33 1.11936 0 0 -0.10034 0.146391 0.154007
34 3.71349 0.102639 0.102191 -1.62656 0.647308 -0.011774
35 1.72615 0 0 -0.0140398 -0.00343416 1.05412
36 1.21112 0 0 -0.0114086 0.0134492 0.623938
37 3.5992 1.06012 0.0708882 -1.82885 0.552225 -0.0809854
38 1.66069 0 0 0.0185625 0.0357885 0.837463
39 1.16699 0 0 -0.0214546 -0.0188799 0.512602
40 2.18853 -0.50104 0.057659 -1.57595 -0.0519129 -0.112472
41 1.29609 0 0 -0.020726 -0.0420008 0.647344
42 1.62202 -0.000714302 -0.000469685 -0.0176409 -0.0302896 0.960613
43 1.22241 0 0 -0.0109008 -0.000363355 0.883798
44 1.76707 -1.27612 0.0366402 -1.57501 0.0279592 -0.0920013
45 1.55588 0 0 -0.0274839 -0.0875848 0.552803
46 1.24273 0 0 0.000478927 0.000360543 1.16748
47 0.784532 0 0 -0.00207173 0.00549202 0.856291
48 0 0 -9.79273 0 0 0
49 5.85092 -23.5553 -6.08007 -0.0020233 0 0
50 0 -0.659981 2.32196 0 0 0
51 -0.013093 -0.0336628 1.41425 -1.27079 0 0
52 5.8517 -24.9093 -5.83318 0.00114957 0 0
53 0 -0.675064 1.41593 0 0 0
54 0 0.979376 2.33571 0.174533 0 0
55 0 -1.91969 2.85382 0 0 0
56 0 2.062 1.89702 -0.785398 0 0
57 0 -1.66928 2.60403 -0.0368113 0 0
time 60
0 2.90881 6.05823 -3.71544 0.000934124 0 -0.725437
1 6.02795 0 0 -1.12166 0.400355 -0.757989
2 11.7344 0 0 -0.00140295 0 -0.635403
3 8.81138 -0.000449181 -0.000112057 -0.119459 0 0.0001576
4 5.77839 0.000286102 0 -0.0800379 0 0.000105028
5 2.23164 -0.000329018 -0.00036335 -0.0394218 0 0
6 11.4725 0 0 -0.204133 -0.329561 0.269127
7 0.615221 -0.993091 -0.8107 2.8564 0.427913 -0.348126
8 2.24752 0 0 0.742483 0.196537 -0.184311
9 1.11936 0 0 0.0569243 -0.0187487 -0.38543
10 3.71348 -0.102642 0.10219 1.55999 0.843181 0.0798626
11 1.72615 0 0 0.00870229 0.00432158 -1.08945
12 1.21114 0 0 0.00379982 0.0172221 -1.3256
13 3.59919 -1.06012 0.0708882 1.52729 0.379604 0.0109444
14 1.66069 0 0 -0.0008917 0.07786 -0.234384
15 1.167 0 0 -0.0449929 0.0164959 -0.8571
16 2.18852 0.50104 0.0576593 1.52613 0.0997978 0.154747
17 1.2961 0 0 0.0247847 -0.039742 -0.746595
18 1.62202 0.000711441 -0.000471592 0.00528193 -0.0126014 -1.12707
19 1.22241 0 0 -0.0199585 0.00621244 -1.25809
20 1.76707 1.27612 0.0366408 1.35857 0.244319 0.100604
21 1.55588 0 0 -0.0216193 0.0244014 -0.43056
22 1.24273 0 0 -0.000479214 0.000360519 -0.969327
23 0.784524 0 0 0.00427085 0.00619489 -0.802021
24 -2.4735 6.38035 -5.29598 -0.000932693 0 -1.67936
25 6.02794 0 0 1.31009 0.414182 0.356692
26 11.7344 0 0 0.00140267 0 0.650137
27 8.81167 0 0 0.435878 0 0
28 5.77884 0 0 0.292038 0 0
29 2.23249 0 0 0.14384 0 0
30 11.4725 0 0 0.473367 -0.216707 -0.213996
31 0.61581 0.994373 -0.809166 -2.63072 -0.0229902 0.302397
32 2.24752 0 0 -0.233939 0.119313 0.186604
33 1.11936 0 0 -0.10034 0.146391 0.154007
34 3.71349 0.102639 0.102191 -1.62656 0.647308 -0.011774
35 1.72615 0 0 -0.0140398 -0.00343418 1.05412
36 1.21112 0 0 -0.0114086 0.0134492 0.623938
37 3.5992 1.06012 0.0708882 -1.82885 0.552225 -0.0809854
38 1.66069 0 0 0.0185625 0.0357885 0.837463
39 1.16699 0 0 -0.0214546 -0.0188799 0.512602
40 2.18853 -0.50104 0.0576591 -1.57595 -0.0519128 -0.112472
41 1.29609 0 0 -0.020726 -0.0420007 0.647344
42 1.62202 -0.000714302 -0.000469685 -0.0176409 -0.0302897 0.960613
43 1.22241 0 0 -0.0109008 -0.000363322 0.883798
44 1.76707 -1.27612 0.0366405 -1.57501 0.0279593 -0.0920013
45 1.55588 0 0 -0.0274838 -0.0875849 0.552803
46 1.24273 0 0 0.000478918 0.000360584 1.16748
47 0.784531 0 0 -0.00207167 0.00549204 0.856291
48 0 0 -9.79273 0 0 0
49 5.84575 -23.557 -6.07331 -0.00317329 0 0
50 0 -0.659983 2.32196 0 0 0
51 -0.013092 -0.0336647 1.41425 -1.27079 0 0
52 5.84656 -24.9106 -5.82486 0 0 0
53 0 -0.675064 1.41593 0 0 0
54 0 0.979378 2.33571 0.174533 0 0
55 0 -1.91969 2.85382 0 0 0
56 0 2.062 1.89702 -0.785398 0 0
57 0 -1.66928 2.60403 -0.0368113 0 0
end
