//Sequence File generated by the Wall Worm SMD Exporter PRO 1.99
//www.wallworm.com
version 1
nodes
0 "b_l_clav" -1
1 "b_l_upperarm" 0
2 "b_l_forearm" 1
3 "b_l_twist3" 2
4 "b_l_twist2" 2
5 "b_l_twist1" 2
6 "b_l_hand" 2
7 "b_l_thumb001" 6
8 "b_l_thumb002" 7
9 "b_l_thumb003" 8
10 "b_l_middle001" 6
11 "b_l_middle002" 10
12 "b_l_middle003" 11
13 "b_l_index001" 6
14 "b_l_index002" 13
15 "b_l_index003" 14
16 "b_l_hand_ringsqueezer" 6
17 "b_l_ring001" 16
18 "b_l_ring002" 17
19 "b_l_ring003" 18
20 "b_l_hand_pinkysqueezer" 6
21 "b_l_pinky001" 20
22 "b_l_pinky002" 21
23 "b_l_pinky003" 22
24 "b_r_clav" -1
25 "b_r_upperarm" 24
26 "b_r_forearm" 25
27 "b_r_twist3" 26
28 "b_r_twist2" 26
29 "b_r_twist1" 26
30 "b_r_hand" 26
31 "b_r_thumb001" 30
32 "b_r_thumb002" 31
33 "b_r_thumb003" 32
34 "b_r_middle001" 30
35 "b_r_middle002" 34
36 "b_r_middle003" 35
37 "b_r_index001" 30
38 "b_r_index002" 37
39 "b_r_index003" 38
40 "b_r_hand_ringsqueezer" 30
41 "b_r_ring001" 40
42 "b_r_ring002" 41
43 "b_r_ring003" 42
44 "b_r_hand_pinkysqueezer" 30
45 "b_r_pinky001" 44
46 "b_r_pinky002" 45
47 "b_r_pinky003" 46
48 "b_zero" -1
49 "d_booletcasings" -1
50 "d_boolets" 49
51 "d_booletcasing006" 49
52 "d_booletcasing005" 49
53 "d_booletcasing004" 49
54 "d_booletcasing003" 49
55 "d_booletcasing002" 49
56 "d_booletcasing001" 49
57 "d_gun123" -1
58 "d_speedloader" -1
59 "d_walk" -1
60 "d_gun" 59
61 "d_trigger" 60
62 "d_swivel" 60
63 "d_cylinder" 62
64 "d_plunger" 63
65 "d_hammer" 60
end
skeleton
time 0
0 3.34582 10.992 -7.01801 0.000934124 0 -1.17275
1 6.02794 0 0 -1.24014 0.32462 -0.814579
2 11.7344 0 0 -0.00140279 0 -0.612573
3 8.81139 -0.000450134 -0.000112057 -0.197142 0 0.000157288
4 5.77839 0.000286102 0 -0.132085 0 0.00010454
5 2.23164 -0.000329971 -0.000363588 -0.0650571 0 0
6 11.4725 0 0 -0.0957302 -0.208064 -0.595918
7 0.615219 -0.993092 -0.8107 2.3606 0.0522831 -0.392226
8 2.24752 0 0 0.0917527 0.25842 -0.102372
9 1.11936 0 0 0.049337 0.0785232 -0.629448
10 3.71348 -0.102642 0.102191 1.77126 0.869992 0.142171
11 1.72615 0 0 0.013477 -0.00733095 -0.811382
12 1.21114 0 0 0.00873803 0.0151281 -0.772911
13 3.59919 -1.06012 0.0708879 1.87281 0.766148 0.187134
14 1.66069 0 0 -0.0195999 0.044389 -0.726687
15 1.167 0 0 0.00840996 -0.00839405 -0.438997
16 2.18852 0.50104 0.0576587 1.57366 -0.0281251 0.156362
17 1.29609 0 0 0.0785579 0.027053 -1.07235
18 1.62202 0.000712395 -0.000471115 0.00740306 -0.022111 -0.784236
19 1.22241 0 0 0.000236936 0.00592997 -0.707337
20 1.76707 1.27612 0.0366405 1.57458 0.205155 0.106808
21 1.55588 0 0 -0.027374 0.017704 -0.702262
22 1.24274 0 0 -0.000478897 0.000360996 -1.15419
23 0.784523 0 0 0.006364 -0.00322813 -0.741041
24 -1.93761 4.15381 -12.6541 -0.000932693 0 3.14159
25 6.02794 0 0 1.57989 0.459619 1.61873
26 11.7344 0 0 0.00140264 0 1.48217
27 8.81167 0 0 0.0209004 0 0
28 5.77884 0 0 0.0140032 0 0
29 2.23249 0 0 0.00689713 0 0
30 11.4725 0 0 -0.0114375 -0.470572 0.0663232
31 0.615813 0.994373 -0.809165 2.98233 0.402638 0.136051
32 2.24752 0 0 -0.19033 -0.0267984 0.151876
33 1.11936 0 0 -0.244493 0.180804 0.323019
34 3.71349 0.102639 0.10219 -1.89161 0.958008 -0.514705
35 1.72615 0 0 -0.0322384 -0.0935535 1.46129
36 1.21112 0 0 0.00965708 0.00709793 1.19665
37 3.5992 1.06012 0.070888 -1.47584 0.46409 0.0842292
38 1.66069 0 0 -0.0169385 0.0619799 -0.0134315
39 1.16699 0 0 0.00940343 0.0143889 0.0888896
40 2.18853 -0.50104 0.0576587 -1.57278 0.0333876 -0.245473
41 1.29609 0 0 -0.0511878 0.0861314 0.870996
42 1.62202 -0.000713348 -0.000470161 -0.0479591 -0.0941553 1.54934
43 1.22241 0 0 0.0319454 0.00844737 1.16733
44 1.76707 -1.27612 0.0366406 -1.53197 0.117513 -0.244895
45 1.55588 0 0 -0.0186128 0.050937 0.79924
46 1.24273 0 0 -0.0249569 -0.0934673 1.14497
47 0.784532 0 0 -0.0115689 0.00645279 1.17662
48 0 0 0 0 0 0
49 -8.40762 -13.0389 -1.1014 1.13717 0.15597 -3.10167
50 0 0.596887 0 0 0 0
51 -0.496888 -0.188841 0.286781 0 0 0
52 -0.496891 -0.188822 -0.287058 0 0 0
53 0 -0.188841 -0.573976 0 0 0
54 0.497047 -0.188822 -0.287067 0 0 0
55 0.496964 -0.188841 0.28678 0 0 0
56 0 -0.188822 0.573699 0 0 0
57 -5.28653 -16.838 -4.47208 -0.065124 -0.0251808 0.378265
58 -3.91759 2.35705 -33.5402 -1.13717 -0.15597 0.0399213
59 -8.02017 -13.3119 -4.56645 0 0 0
60 0.0552974 0.129764 0.687999 -1.13717 -0.15597 0.0399213
61 0 -1.76462 0.0512857 0 0 -3.14159
62 0.132428 -3.80692 0.21937 0 0 -3.14159
63 0.132427 -1.32347 1.10768 0 0 0
64 0 2.7745 0 0 0 0
65 0 -0.750145 1.01704 0 0 -3.14159
time 1
0 3.34582 10.992 -7.01801 0.000934124 0 -1.17275
1 6.02794 0 0 -1.10404 0.342135 -0.770278
2 11.7344 0 0 -0.00140267 0 -0.661467
3 8.81139 -0.000450134 -0.000111818 -0.394293 0 0.000157803
4 5.77839 0.000286102 0 -0.264176 0 0.000103926
5 2.23164 -0.000329018 -0.000363588 -0.130117 0 0
6 11.4725 0 0 -0.252631 -0.357643 -0.475313
7 0.615219 -0.993092 -0.8107 2.3606 0.0522832 -0.392226
8 2.24752 0 0 0.0917528 0.25842 -0.102372
9 1.11936 0 0 0.0493371 0.0785231 -0.629449
10 3.71348 -0.10264 0.10219 1.77126 0.869992 0.142171
11 1.72615 0 0 0.013477 -0.00733096 -0.811382
12 1.21114 0 0 0.00873799 0.015128 -0.772911
13 3.59919 -1.06012 0.0708877 1.87281 0.766148 0.187134
14 1.66069 0 0 -0.0195999 0.044389 -0.726687
15 1.167 0 0 0.00840989 -0.008394 -0.438997
16 2.18853 0.50104 0.0576593 1.57366 -0.0281252 0.156362
17 1.29609 0 0 0.078558 0.0270529 -1.07235
18 1.62202 0.000714302 -0.000469208 0.00740299 -0.022111 -0.784236
19 1.22241 0 0 0.000236962 0.0059299 -0.707337
20 1.76707 1.27612 0.0366414 1.57458 0.205155 0.106808
21 1.55588 0 0 -0.027374 0.0177041 -0.702262
22 1.24274 0 0 -0.000478973 0.000360949 -1.15419
23 0.784524 0 0 0.00636402 -0.00322802 -0.741041
24 -1.93761 4.76198 -12.0155 -0.000932693 0 3.14159
25 6.02794 0 0 1.47885 0.483215 1.55006
26 11.7344 0 0 0.00140263 0 1.45231
27 8.81167 0 0 0.0496853 0 0
28 5.77884 0 0 0.0332892 0 0
29 2.23249 0 0 0.0163962 0 0
30 11.4725 0 0 0.045553 -0.498151 -0.00397084
31 0.615813 0.994372 -0.809166 2.98233 0.402638 0.136051
32 2.24752 0 0 -0.19033 -0.0267985 0.151876
33 1.11936 0 0 -0.244493 0.180804 0.323019
34 3.71349 0.102638 0.10219 -1.89161 0.958008 -0.514705
35 1.72615 0 0 -0.0322383 -0.0935535 1.46129
36 1.21112 0 0 0.00965702 0.00709785 1.19665
37 3.5992 1.06012 0.0708876 -1.48117 0.461572 0.0713555
38 1.66069 0 0 -0.0154394 0.0620911 0.0101172
39 1.16699 0 0 0.00992368 0.0139222 0.126755
40 2.18853 -0.50104 0.0576582 -1.57278 0.0333875 -0.245473
41 1.29609 0 0 -0.0511878 0.0861314 0.870996
42 1.62202 -0.000714302 -0.000471115 -0.0479591 -0.0941553 1.54934
43 1.22241 0 0 0.0319454 0.00844736 1.16732
44 1.76707 -1.27612 0.0366402 -1.53197 0.117513 -0.244895
45 1.55587 0 0 -0.0186128 0.050937 0.79924
46 1.24273 0 0 -0.0249569 -0.0934672 1.14497
47 0.784531 0 0 -0.011569 0.00645269 1.17662
48 0 0 0 0 0 0
49 -8.09474 -13.519 -1.14695 1.03116 0.0866568 3.12121
50 0 0.596889 0 0 0 0
51 -0.496887 -0.18884 0.286782 0 0 0
52 -0.496891 -0.188822 -0.287057 0 0 0
53 0 -0.188841 -0.573974 0 0 0
54 0.497047 -0.188822 -0.287066 0 0 0
55 0.496963 -0.188841 0.286782 0 0 0
56 0 -0.188821 0.5737 0 0 0
57 -5.28653 -16.838 -4.47208 -0.065124 -0.0251808 0.378265
58 -5.02942 5.01602 -32.0748 -1.03116 -0.0866569 -0.0203869
59 -8.02017 -13.3119 -4.56645 0 0 0
60 0.248164 -0.0741606 0.625452 -1.03624 -0.116343 0.0297097
61 0 -1.75275 0.0512972 -0.0109224 0 -3.14159
62 0.132429 -3.80692 0.219371 0 0 -3.14159
63 0.132428 -1.32347 1.10768 0 -0.0580083 0
64 0 2.7745 0 0 0 0
65 0 -0.737385 1.0287 0.0609339 0 -3.14159
time 2
0 3.34582 10.992 -7.01801 0.000934124 0 -1.17275
1 6.02794 0 0 -0.836639 0.355011 -0.670712
2 11.7344 0 0 -0.00140298 0 -0.772569
3 8.81139 -0.000449181 -0.000111818 -0.812436 0 0.000157728
4 5.77839 0.000287056 0 -0.544332 0 0.000102536
5 2.23164 -0.000329018 -0.000363827 -0.268104 0 0
6 11.4725 0 0 -0.700531 -0.56309 -0.100658
7 0.615219 -0.993093 -0.810701 2.3606 0.0522833 -0.392226
8 2.24752 0 0 0.0917528 0.25842 -0.102372
9 1.11936 0 0 0.049337 0.0785232 -0.629448
10 3.71348 -0.102641 0.102191 1.77126 0.869992 0.142171
11 1.72615 0 0 0.0134771 -0.00733102 -0.811382
12 1.21114 0 0 0.00873799 0.015128 -0.772911
13 3.59919 -1.06012 0.070888 1.87281 0.766148 0.187134
14 1.66069 0 0 -0.0195998 0.0443891 -0.726687
15 1.167 0 0 0.00840984 -0.00839405 -0.438997
16 2.18852 0.50104 0.0576587 1.57366 -0.028125 0.156362
17 1.29609 0 0 0.078558 0.027053 -1.07235
18 1.62202 0.000713348 -0.000471115 0.00740294 -0.022111 -0.784236
19 1.22241 0 0 0.000237015 0.00593002 -0.707337
20 1.76707 1.27612 0.0366414 1.57458 0.205155 0.106808
21 1.55588 0 0 -0.027374 0.017704 -0.702262
22 1.24274 0 0 -0.000479013 0.000360956 -1.15419
23 0.784523 0 0 0.00636397 -0.00322805 -0.741041
24 -1.93761 6.21224 -10.4926 -0.000932693 0 3.14159
25 6.02794 0 0 1.20965 0.48262 1.39368
26 11.7344 0 0 0.00140264 0 1.35133
27 8.81167 0 0 0.133143 0 0
28 5.77884 0 0 0.0892057 0 0
29 2.23249 0 0 0.0439372 0 0
30 11.4725 0 0 0.21347 -0.555906 -0.188991
31 0.615813 0.994372 -0.809165 2.98233 0.402638 0.136051
32 2.24752 0 0 -0.19033 -0.0267984 0.151876
33 1.11936 0 0 -0.244493 0.180804 0.323019
34 3.71349 0.102638 0.102191 -1.89161 0.958008 -0.514705
35 1.72615 0 0 -0.0322383 -0.0935535 1.46129
36 1.21112 0 0 0.00965711 0.00709782 1.19665
37 3.5992 1.06012 0.0708885 -1.4945 0.455277 0.0391717
38 1.66069 0 0 -0.0115441 0.0623694 0.0713006
39 1.16699 0 0 0.011246 0.0127109 0.224635
40 2.18853 -0.501041 0.0576591 -1.57278 0.0333874 -0.245473
41 1.29609 0 0 -0.0511878 0.0861315 0.870996
42 1.62202 -0.000712395 -0.000470161 -0.0479591 -0.0941553 1.54934
43 1.22241 0 0 0.0319454 0.00844746 1.16733
44 1.76707 -1.27612 0.0366402 -1.53197 0.117513 -0.244895
45 1.55587 0 0 -0.0186128 0.0509371 0.79924
46 1.24273 0 0 -0.0249569 -0.0934672 1.14497
47 0.784532 0 0 -0.0115689 0.00645267 1.17662
48 0 0 0 0 0 0
49 -7.34333 -14.6483 -1.37866 0.807194 -0.1201 2.99862
50 0 0.596888 0 0 0 0
51 -0.496888 -0.188841 0.286781 0 0 0
52 -0.496891 -0.188822 -0.287059 0 0 0
53 0 -0.188842 -0.573975 0 0 0
54 0.497047 -0.188823 -0.287068 0 0 0
55 0.496964 -0.188841 0.286781 0 0 0
56 0 -0.188823 0.573701 0 0 0
57 -5.28653 -16.838 -4.47208 -0.065124 -0.0251808 0.378265
58 -6.87762 10.5667 -27.3298 -0.807194 0.1201 -0.142971
59 -8.02017 -13.3119 -4.56645 0 0 0
60 0.737447 -0.557753 0.482508 -0.800002 -0.0242747 0.0065192
61 0 -1.72213 0.0513268 -0.0390909 0 -3.14159
62 0.13243 -3.80691 0.21937 0 0 -3.14159
63 0.132428 -1.32347 1.10768 0 -0.207608 0
64 0 2.7745 0 0 0 0
65 0 -0.704479 1.05877 0.218079 0 -3.14159
time 3
0 3.34582 10.992 -7.01801 0.000934124 0 -1.17275
1 6.02794 0 0 -0.627797 0.3415 -0.570426
2 11.7344 0 0 -0.00140279 0 -0.896485
3 8.81139 -0.000450134 -0.000112534 -1.22524 0 0.000157625
4 5.77839 0.000287056 0 -0.82091 0 0.000101229
5 2.23163 -0.000329018 -0.000363827 -0.404329 0 0
6 11.4725 0 0 -1.21761 -0.532605 0.336409
7 0.615219 -0.993092 -0.8107 2.3606 0.0522831 -0.392226
8 2.24752 0 0 0.0917529 0.25842 -0.102372
9 1.11936 0 0 0.0493369 0.0785232 -0.629449
10 3.71348 -0.102641 0.10219 1.77126 0.869992 0.142171
11 1.72615 0 0 0.013477 -0.00733097 -0.811382
12 1.21114 0 0 0.00873796 0.015128 -0.772911
13 3.59919 -1.06012 0.070888 1.87281 0.766148 0.187134
14 1.66069 0 0 -0.0196001 0.044389 -0.726687
15 1.167 0 0 0.00841001 -0.008394 -0.438997
16 2.18852 0.50104 0.0576591 1.57366 -0.0281251 0.156362
17 1.29609 0 0 0.0785579 0.0270531 -1.07235
18 1.62202 0.000714302 -0.000471115 0.00740301 -0.0221111 -0.784236
19 1.22241 0 0 0.000236977 0.00593003 -0.707337
20 1.76707 1.27612 0.0366416 1.57458 0.205155 0.106808
21 1.55588 0 0 -0.027374 0.017704 -0.702262
22 1.24274 0 0 -0.000478952 0.000360978 -1.15419
23 0.784522 0 0 0.00636397 -0.003228 -0.741041
24 -1.93761 7.9432 -8.67506 -0.000932693 0 3.14159
25 6.02794 0 0 0.898538 0.392449 1.2858
26 11.7344 0 0 0.00140259 0 1.1688
27 8.81167 0 0 0.262714 0 0
28 5.77884 0 0 0.176019 0 0
29 2.23249 0 0 0.0866957 0 0
30 11.4725 0 0 0.458651 -0.567268 -0.42713
31 0.615813 0.994372 -0.809165 2.98233 0.402638 0.136051
32 2.24752 0 0 -0.190329 -0.0267982 0.151876
33 1.11936 0 0 -0.244493 0.180804 0.323019
34 3.71349 0.10264 0.102191 -1.89161 0.958008 -0.514705
35 1.72615 0 0 -0.0322383 -0.0935536 1.46129
36 1.21112 0 0 0.00965708 0.00709789 1.19665
37 3.5992 1.06012 0.0708885 -1.51182 0.447094 -0.0026658
38 1.66069 0 0 -0.00615769 0.062731 0.155924
39 1.16699 0 0 0.013013 0.011038 0.358956
40 2.18853 -0.50104 0.0576591 -1.57278 0.0333875 -0.245473
41 1.29609 0 0 -0.0511878 0.0861315 0.870996
42 1.62202 -0.000713348 -0.000470161 -0.0479591 -0.0941553 1.54934
43 1.22241 0 0 0.0319454 0.0084474 1.16733
44 1.76707 -1.27612 0.0366404 -1.53197 0.117513 -0.244895
45 1.55588 0 0 -0.0186128 0.0509371 0.79924
46 1.24273 0 0 -0.024957 -0.0934672 1.14497
47 0.784531 0 0 -0.0115689 0.00645264 1.17662
48 0 0 0 0 0 0
49 -6.46665 -15.9198 -1.84998 0.586099 -0.431361 2.89895
50 0 0.596889 0 0 0 0
51 -0.496887 -0.18884 0.286782 0 0 0
52 -0.496891 -0.188821 -0.287058 0 0 0
53 0 -0.188839 -0.573974 0 0 0
54 0.497047 -0.188821 -0.287066 0 0 0
55 0.496963 -0.188841 0.286781 0 0 0
56 0 -0.188821 0.5737 0 0 0
57 -5.28653 -16.838 -4.47208 -0.065124 -0.0251808 0.378265
58 -7.34668 15.355 -20.0319 -0.5861 0.43136 -0.242641
59 -8.02017 -13.3119 -4.56645 0 0 0
60 1.38916 -1.12874 0.326211 -0.528295 0.0800148 -0.0184841
61 0 -1.68027 0.0513678 -0.0776066 0 -3.14159
62 0.132429 -3.80692 0.219371 0 0 -3.14159
63 0.132428 -1.32347 1.10768 0 -0.412163 0
64 0 2.7745 0 0 0 0
65 0 -0.659486 1.09988 0.43295 0 -3.14159
time 4
0 3.34582 10.992 -7.01801 0.000934124 0 -1.17275
1 6.02794 0 0 -0.518413 0.319605 -0.489555
2 11.7344 0 0 -0.00140288 0 -0.993897
3 8.81139 -0.000450134 -0.000112057 -1.50898 0 0.000157606
4 5.77839 0.000286102 0 -1.01102 0 0.000100661
5 2.23164 -0.000329971 -0.000364304 -0.497964 0 0
6 11.4725 0 0 -1.51526 -0.376981 0.561765
7 0.615219 -0.993092 -0.8107 2.3606 0.0522832 -0.392226
8 2.24752 0 0 0.0917528 0.25842 -0.102372
9 1.11936 0 0 0.049337 0.0785232 -0.629448
10 3.71348 -0.102641 0.102191 1.77126 0.869992 0.142171
11 1.72615 0 0 0.013477 -0.00733097 -0.811382
12 1.21114 0 0 0.00873795 0.015128 -0.772911
13 3.59919 -1.06012 0.0708885 1.87281 0.766148 0.187134
14 1.66069 0 0 -0.0196 0.044389 -0.726687
15 1.167 0 0 0.00841002 -0.008394 -0.438997
16 2.18852 0.50104 0.0576591 1.57366 -0.028125 0.156362
17 1.29609 0 0 0.078558 0.027053 -1.07235
18 1.62202 0.000714302 -0.000471115 0.00740302 -0.022111 -0.784236
19 1.22241 0 0 0.000237083 0.00592996 -0.707337
20 1.76707 1.27612 0.0366411 1.57458 0.205155 0.106808
21 1.55588 0 0 -0.027374 0.017704 -0.702262
22 1.24274 0 0 -0.000478968 0.000360968 -1.15419
23 0.784523 0 0 0.00636395 -0.003228 -0.741041
24 -1.93761 9.39346 -7.15222 -0.000932693 0 3.14159
25 6.02794 0 0 0.689663 0.280299 1.30795
26 11.7344 0 0 0.00140261 0 0.936643
27 8.81167 0 0 0.404214 0 0
28 5.77884 0 0 0.270823 0 0
29 2.23249 0 0 0.13339 0 0
30 11.4725 0 0 0.649604 -0.511018 -0.572978
31 0.615813 0.994372 -0.809166 2.98233 0.402638 0.136051
32 2.24752 0 0 -0.190329 -0.0267981 0.151876
33 1.11936 0 0 -0.244494 0.180804 0.323019
34 3.71348 0.102639 0.10219 -1.89161 0.958008 -0.514705
35 1.72615 0 0 -0.0322383 -0.0935536 1.46129
36 1.21112 0 0 0.0096571 0.0070979 1.19665
37 3.5992 1.06012 0.0708883 -1.52915 0.438911 -0.0445044
38 1.66069 0 0 -0.000183864 0.0630926 0.249794
39 1.16699 0 0 0.0148675 0.00918648 0.506146
40 2.18853 -0.50104 0.0576591 -1.57278 0.0333875 -0.245473
41 1.29609 0 0 -0.0511878 0.0861315 0.870996
42 1.62202 -0.000712395 -0.000469208 -0.0479591 -0.0941553 1.54934
43 1.22241 0 0 0.0319454 0.00844737 1.16733
44 1.76707 -1.27612 0.0366405 -1.53197 0.117513 -0.244895
45 1.55587 0 0 -0.0186128 0.0509371 0.79924
46 1.24273 0 0 -0.024957 -0.0934672 1.14497
47 0.784531 0 0 -0.0115689 0.00645265 1.17662
48 0 0 0 0 0 0
49 -5.69916 -16.8544 -2.32502 0.439787 -0.749641 2.84892
50 0 0.596889 0 0 0 0
51 -0.496887 -0.188841 0.286781 0 0 0
52 -0.496891 -0.188823 -0.287058 0 0 0
53 0 -0.188841 -0.573975 0 0 0
54 0.497047 -0.188822 -0.287066 0 0 0
55 0.496964 -0.188842 0.286782 0 0 0
56 0 -0.188823 0.573701 0 0 0
57 -5.28653 -16.838 -4.47208 -0.065124 -0.0251808 0.378265
58 -6.3033 17.5251 -13.6014 -0.439787 0.749641 -0.292677
59 -8.02017 -13.3119 -4.56645 0 0 0
60 2.06933 -1.59484 0.223609 -0.320946 0.156307 -0.0341342
61 0 -1.63465 0.0514116 -0.119572 0 -3.14159
62 0.132429 -3.80692 0.219371 0 0 -3.14159
63 0.132428 -1.32347 1.10768 0 -0.635035 0
64 0 2.7745 0 0 0 0
65 0 -0.61046 1.14468 0.667063 0 -3.14159
time 5
0 3.34582 10.992 -7.01801 0.000934124 0 -1.17275
1 6.02794 0 0 -0.484917 0.313829 -0.429302
2 11.7344 0 0 -0.00140288 0 -1.07794
3 8.81139 -0.000450134 -0.000112534 -1.63876 0 0.000157466
4 5.77839 0.000286102 0 -1.09797 0 0.000100374
5 2.23164 -0.000329971 -0.000364304 -0.540791 0 0
6 11.4725 0 0 -1.62694 -0.253357 0.659708
7 0.615219 -0.993091 -0.8107 2.3606 0.0522833 -0.392226
8 2.24752 0 0 0.0917529 0.25842 -0.102372
9 1.11936 0 0 0.0493369 0.0785231 -0.629449
10 3.71348 -0.102641 0.102191 1.77126 0.869992 0.142171
11 1.72615 0 0 0.013477 -0.00733097 -0.811382
12 1.21114 0 0 0.00873801 0.015128 -0.772911
13 3.59919 -1.06012 0.070888 1.87281 0.766148 0.187134
14 1.66069 0 0 -0.0196 0.044389 -0.726687
15 1.167 0 0 0.00840998 -0.00839401 -0.438997
16 2.18853 0.501039 0.0576591 1.57366 -0.028125 0.156362
17 1.29609 0 0 0.078558 0.027053 -1.07235
18 1.62202 0.000713348 -0.000471115 0.00740297 -0.0221109 -0.784236
19 1.22241 0 0 0.000237136 0.00592988 -0.707337
20 1.76707 1.27612 0.0366411 1.57458 0.205155 0.106808
21 1.55588 0 0 -0.027374 0.0177041 -0.702262
22 1.24274 0 0 -0.000479094 0.000361134 -1.15419
23 0.784524 0 0 0.00636412 -0.00322809 -0.741041
24 -1.93761 10.0016 -6.51362 -0.000932693 0 3.14159
25 6.02794 0 0 0.621116 0.225828 1.35894
26 11.7344 0 0 0.0014027 0 0.820595
27 8.81167 0 0 0.427911 0 0
28 5.77884 0 0 0.2867 0 0
29 2.23249 0 0 0.141211 0 0
30 11.4725 0 0 0.702839 -0.443016 -0.653406
31 0.615813 0.994372 -0.809165 2.98233 0.402638 0.136051
32 2.24752 0 0 -0.19033 -0.0267981 0.151876
33 1.11936 0 0 -0.244494 0.180804 0.323019
34 3.71349 0.102638 0.102191 -1.89161 0.958008 -0.514704
35 1.72615 0 0 -0.0322383 -0.0935535 1.46129
36 1.21112 0 0 0.00965706 0.00709787 1.19665
37 3.5992 1.06012 0.0708885 -1.54248 0.432616 -0.0766881
38 1.66069 0 0 0.00547381 0.0633708 0.338716
39 1.16699 0 0 0.0164515 0.00743951 0.642632
40 2.18853 -0.501041 0.0576588 -1.57278 0.0333874 -0.245473
41 1.29609 0 0 -0.0511878 0.0861315 0.870996
42 1.62202 -0.000712395 -0.000469685 -0.0479592 -0.0941553 1.54934
43 1.22241 0 0 0.0319454 0.0084474 1.16733
44 1.76707 -1.27612 0.0366409 -1.53196 0.117513 -0.244895
45 1.55588 0 0 -0.0186127 0.0509371 0.79924
46 1.24273 0 0 -0.024957 -0.0934672 1.14497
47 0.784531 0 0 -0.0115688 0.00645266 1.17662
48 0 0 0 0 0 0
49 -5.11269 -17.2631 -2.57131 0.366957 -1.0067 2.82879
50 0 0.596891 0 0 0 0
51 -0.496887 -0.188841 0.286781 0 0 0
52 -0.496891 -0.188818 -0.287057 0 0 0
53 0 -0.188839 -0.573975 0 0 0
54 0.497047 -0.18882 -0.287067 0 0 0
55 0.496963 -0.188841 0.286782 0 0 0
56 0 -0.18882 0.5737 0 0 0
57 -5.28653 -16.838 -4.47208 -0.065124 -0.0251808 0.378265
58 -5.15761 18.2516 -9.51265 -0.366957 1.0067 -0.312802
59 -8.02017 -13.3119 -4.56645 0 0 0
60 2.64397 -1.76379 0.241746 -0.196756 0.194046 -0.0371541
61 0 -1.59279 0.0514517 -0.158087 0 -3.14159
62 0.132429 -3.80691 0.21937 0 0 -3.14159
63 0.132428 -1.32347 1.10768 0 -0.83959 0
64 0 2.7745 0 0 0 0
65 0 -0.565467 1.18579 0.881935 0 -3.14159
time 6
0 3.34582 10.992 -7.01801 0.000934124 0 -1.17275
1 6.02794 0 0 -0.489541 0.326352 -0.36993
2 11.7344 0 0 -0.00140284 0 -1.1977
3 8.81139 -0.000449181 -0.000112057 -1.68943 0 0.000157772
4 5.77839 0.000286102 0 -1.13192 0 0.00010035
5 2.23163 -0.000329018 -0.00036335 -0.557512 0 0
6 11.4725 0 0 -1.65952 -0.154335 0.755831
7 0.615219 -0.993092 -0.8107 2.3606 0.0522831 -0.392226
8 2.24752 0 0 0.0917529 0.25842 -0.102372
9 1.11936 0 0 0.049337 0.0785231 -0.629449
10 3.71348 -0.102641 0.102191 1.77126 0.869992 0.142171
11 1.72615 0 0 0.013477 -0.00733098 -0.811382
12 1.21114 0 0 0.00873802 0.0151279 -0.772911
13 3.59919 -1.06012 0.0708876 1.87281 0.766148 0.187134
14 1.66069 0 0 -0.0196 0.0443889 -0.726687
15 1.167 0 0 0.00841 -0.00839398 -0.438997
16 2.18852 0.50104 0.0576587 1.57366 -0.028125 0.156362
17 1.29609 0 0 0.0785581 0.027053 -1.07235
18 1.62202 0.000713348 -0.000471115 0.00740303 -0.022111 -0.784236
19 1.22241 0 0 0.000237013 0.00593 -0.707337
20 1.76707 1.27612 0.0366411 1.57458 0.205155 0.106808
21 1.55588 0 0 -0.0273741 0.0177039 -0.702262
22 1.24273 0 0 -0.000478972 0.000361001 -1.15419
23 0.784523 0 0 0.00636393 -0.00322804 -0.741041
24 -1.93761 9.99084 -6.52494 -0.000932693 0 3.14159
25 6.02794 0 0 0.627555 0.219703 1.36363
26 11.7344 0 0 0.00140269 0 0.888657
27 8.81167 0 0 0.314607 0 0
28 5.77884 0 0 0.210787 0 0
29 2.23249 0 0 0.10382 0 0
30 11.4725 0 0 0.672887 -0.380753 -0.783759
31 0.615812 0.994373 -0.809165 2.98233 0.402638 0.136051
32 2.24752 0 0 -0.190329 -0.0267982 0.151876
33 1.11936 0 0 -0.244494 0.180804 0.323019
34 3.71349 0.10264 0.10219 -1.89161 0.958008 -0.514705
35 1.72615 0 0 -0.0322383 -0.0935536 1.46129
36 1.21112 0 0 0.00965702 0.00709794 1.19665
37 3.5992 1.06012 0.0708877 -1.54781 0.430099 -0.0895618
38 1.66069 0 0 0.0099103 0.0634821 0.408496
39 1.16699 0 0 0.0174085 0.00608007 0.744839
40 2.18853 -0.50104 0.0576594 -1.57278 0.0333874 -0.245473
41 1.29609 0 0 -0.0511878 0.0861315 0.870996
42 1.62202 -0.000713348 -0.000469685 -0.0479592 -0.0941553 1.54934
43 1.22241 0 0 0.0319454 0.00844735 1.16732
44 1.76707 -1.27612 0.0366405 -1.53197 0.117513 -0.244895
45 1.55588 0 0 -0.0186128 0.0509371 0.79924
46 1.24273 0 0 -0.024957 -0.0934672 1.14497
47 0.784531 0 0 -0.0115688 0.00645265 1.17662
48 0 0 0 0 0 0
49 -4.57216 -17.1517 -2.56384 0.281457 -1.19005 2.8687
50 0 0.596889 0 0 0 0
51 -0.496887 -0.188845 0.286782 0 0 0
52 -0.496891 -0.188826 -0.287057 0 0 0
53 0 -0.188845 -0.573974 0 0 0
54 0.497047 -0.188826 -0.287067 0 0 0
55 0.496963 -0.188845 0.286782 0 0 0
56 0 -0.188826 0.5737 0 0 0
57 -5.28653 -16.838 -4.47208 -0.065124 -0.0251808 0.378265
58 -4.18906 18.8396 -6.29898 -0.281457 1.19005 -0.272888
59 -8.02017 -13.3119 -4.56645 0 0 0
60 3.19041 -1.50066 0.456566 -0.10581 0.213341 -0.0331269
61 0 -1.56217 0.0514822 -0.186256 0 -3.14159
62 0.132429 -3.80692 0.21937 0 0 -3.14159
63 0.132428 -1.32347 1.10768 0 -0.98919 0
64 0 2.7745 0 0 0 0
65 0 -0.532561 1.21586 1.03908 0 -3.14159
time 7
0 3.34582 10.992 -7.01801 0.000934124 0 -1.17275
1 6.02794 0 0 -0.498556 0.339861 -0.309273
2 11.7344 0 0 -0.00140299 0 -1.32851
3 8.81139 -0.000450134 -0.000112057 -1.71169 0 0.000157238
4 5.77839 0.000286102 0 -1.14683 0 0.000100051
5 2.23164 -0.000329971 -0.00036335 -0.564859 0 0
6 11.4725 0 0 -1.66474 -0.0787851 0.854928
7 0.615219 -0.993091 -0.8107 2.3606 0.052283 -0.392226
8 2.24752 0 0 0.0917529 0.25842 -0.102372
9 1.11936 0 0 0.049337 0.0785231 -0.629448
10 3.71348 -0.102641 0.102191 1.77126 0.869992 0.142171
11 1.72615 0 0 0.013477 -0.00733099 -0.811382
12 1.21114 0 0 0.00873796 0.015128 -0.772911
13 3.59919 -1.06012 0.0708885 1.87281 0.766148 0.187134
14 1.66069 0 0 -0.0196 0.044389 -0.726687
15 1.167 0 0 0.00841 -0.00839401 -0.438997
16 2.18852 0.50104 0.0576591 1.57366 -0.0281253 0.156362
17 1.29609 0 0 0.0785579 0.027053 -1.07235
18 1.62202 0.000714302 -0.000470638 0.00740302 -0.0221111 -0.784236
19 1.22241 0 0 0.000236979 0.00593005 -0.707337
20 1.76707 1.27612 0.0366411 1.57458 0.205155 0.106808
21 1.55588 0 0 -0.027374 0.0177041 -0.702262
22 1.24274 0 0 -0.000479047 0.000360952 -1.15419
23 0.784524 0 0 0.00636402 -0.003228 -0.741041
24 -1.93761 9.95923 -6.55814 -0.000932693 0 3.14159
25 6.02794 0 0 0.634439 0.21899 1.36204
26 11.7344 0 0 0.00140268 0 0.982714
27 8.81167 0 0 0.217747 0 0
28 5.77884 0 0 0.145891 0 0
29 2.23249 0 0 0.0718567 0 0
30 11.4725 0 0 0.652618 -0.335771 -0.910083
31 0.615813 0.994372 -0.809165 2.98233 0.402638 0.136051
32 2.24752 0 0 -0.19033 -0.0267983 0.151876
33 1.11936 0 0 -0.244493 0.180804 0.323019
34 3.71349 0.102639 0.102191 -1.89161 0.958008 -0.514705
35 1.72615 0 0 -0.0322383 -0.0935536 1.46129
36 1.21112 0 0 0.00965709 0.00709786 1.19665
37 3.5992 1.06012 0.0708883 -1.54768 0.430157 -0.0892614
38 1.66069 0 0 0.0127403 0.0632433 0.453211
39 1.16699 0 0 0.0177771 0.00525846 0.799173
40 2.18853 -0.50104 0.057659 -1.57278 0.0333875 -0.245473
41 1.29609 0 0 -0.0511878 0.0861315 0.870996
42 1.62202 -0.000713348 -0.000469923 -0.0479592 -0.0941553 1.54934
43 1.22241 0 0 0.0319454 0.00844736 1.16732
44 1.76707 -1.27612 0.0366402 -1.53197 0.117513 -0.244895
45 1.55588 0 0 -0.0186127 0.0509371 0.79924
46 1.24273 0 0 -0.024957 -0.0934672 1.14497
47 0.784532 0 0 -0.0115688 0.00645264 1.17662
48 0 0 0 0 0 0
49 -3.99304 -16.7188 -2.36593 0.145595 -1.26434 2.98831
50 0 0.596889 0 0 0 0
51 -0.496887 -0.188841 0.286782 0 0 0
52 -0.496891 -0.188824 -0.287057 0 0 0
53 0 -0.188843 -0.573975 0 0 0
54 0.497048 -0.188822 -0.287067 0 0 0
55 0.496964 -0.188841 0.286782 0 0 0
56 0 -0.188822 0.5737 0 0 0
57 -5.28653 -16.838 -4.47208 -0.065124 -0.0251808 0.378265
58 -3.47317 19.4295 -3.94978 -0.145595 1.26434 -0.153281
59 -8.02017 -13.3119 -4.56645 0 0 0
60 3.77218 -0.978611 0.798055 -0.0448645 0.219971 -0.0241763
61 0 -1.5503 0.0514936 -0.197178 0 -3.14159
62 0.132429 -3.80691 0.21937 0 0 -3.14159
63 0.132428 -1.32347 1.10768 0 -1.0472 0
64 0 2.7745 0 0 0 0
65 0 -0.519801 1.22752 1.10001 0 -3.14159
time 8
0 3.34582 10.992 -7.01801 0.000934124 0 -1.17275
1 6.02794 0 0 -0.510117 0.350474 -0.265909
2 11.7344 0 0 -0.00140282 0 -1.42979
3 8.81139 -0.000450134 -0.00011158 -1.71336 0 0.000157447
4 5.77839 0.000285149 0 -1.14795 0 0.000100143
5 2.23164 -0.000329971 -0.00036335 -0.565408 0 0
6 11.4725 0 0 -1.65616 -0.0328595 0.935763
7 0.61522 -0.993091 -0.8107 2.3606 0.0522832 -0.392226
8 2.24752 0 0 0.0917529 0.25842 -0.102372
9 1.11936 0 0 0.049337 0.0785231 -0.629448
10 3.71348 -0.102641 0.102191 1.77126 0.869992 0.142171
11 1.72615 0 0 0.013477 -0.00733099 -0.811382
12 1.21114 0 0 0.00873805 0.015128 -0.772911
13 3.59919 -1.06012 0.070888 1.87281 0.766148 0.187134
14 1.66069 0 0 -0.0196 0.044389 -0.726687
15 1.167 0 0 0.00840999 -0.00839395 -0.438997
16 2.18853 0.501039 0.0576591 1.57366 -0.0281249 0.156362
17 1.29609 0 0 0.078558 0.0270529 -1.07235
18 1.62202 0.000714302 -0.000471115 0.00740301 -0.0221109 -0.784236
19 1.22241 0 0 0.000237041 0.00593001 -0.707337
20 1.76707 1.27612 0.0366411 1.57458 0.205155 0.106808
21 1.55588 0 0 -0.027374 0.017704 -0.702262
22 1.24274 0 0 -0.000479014 0.000360902 -1.15419
23 0.784524 0 0 0.006364 -0.00322794 -0.741041
24 -1.93761 9.90788 -6.61206 -0.000932693 0 3.14159
25 6.02794 0 0 0.642889 0.219329 1.36065
26 11.7344 0 0 0.00140269 0 1.06314
27 8.81167 0 0 0.151503 0 0
28 5.77884 0 0 0.101507 0 0
29 2.23249 0 0 0.0499958 0 0
30 11.4725 0 0 0.638317 -0.306284 -1.002
31 0.615813 0.994373 -0.809165 2.98233 0.402638 0.136051
32 2.24752 0 0 -0.19033 -0.0267984 0.151876
33 1.11936 0 0 -0.244494 0.180804 0.323019
34 3.71349 0.10264 0.102191 -1.89161 0.958008 -0.514704
35 1.72615 0 0 -0.0322383 -0.0935535 1.46129
36 1.21112 0 0 0.00965712 0.00709784 1.19665
37 3.5992 1.06012 0.0708881 -1.54732 0.43033 -0.0883801
38 1.66069 0 0 0.0143039 0.0627924 0.478134
39 1.16699 0 0 0.017913 0.00485487 0.81919
40 2.18853 -0.501041 0.0576589 -1.57278 0.0333874 -0.245473
41 1.29609 0 0 -0.0511878 0.0861315 0.870996
42 1.62202 -0.000714302 -0.000469208 -0.0479591 -0.0941553 1.54934
43 1.22241 0 0 0.0319454 0.00844741 1.16733
44 1.76707 -1.27612 0.0366409 -1.53197 0.117513 -0.244895
45 1.55588 0 0 -0.0186128 0.0509371 0.79924
46 1.24273 0 0 -0.024957 -0.0934673 1.14497
47 0.784532 0 0 -0.0115688 0.00645263 1.17662
48 0 0 0 0 0 0
49 -3.52123 -16.252 -2.13117 0.0348073 -1.26675 3.09828
50 0 0.596891 0 0 0 0
51 -0.496887 -0.188841 0.286781 0 0 0
52 -0.496891 -0.188824 -0.287058 0 0 0
53 0 -0.188841 -0.573975 0 0 0
54 0.497048 -0.188824 -0.287067 0 0 0
55 0.496964 -0.188841 0.286781 0 0 0
56 0 -0.188822 0.5737 0 0 0
57 -5.28653 -16.838 -4.47208 -0.065124 -0.0251808 0.378265
58 -3.1558 19.9309 -2.50819 -0.0348078 1.26675 -0.0433116
59 -8.02017 -13.3119 -4.56645 0 0 0
60 4.23465 -0.467489 1.11433 -0.0106755 0.219713 -0.0124261
61 0 -1.5503 0.0514936 -0.197178 0 -3.14159
62 0.132429 -3.80692 0.21937 0 0 -3.14159
63 0.132428 -1.32347 1.10768 0 -1.0472 0
64 0 2.7745 0 0 0 0
65 0 -0.519803 1.22752 1.10001 0 -3.14159
time 9
0 3.34582 10.992 -7.01801 0.000934124 0 -1.17275
1 6.02794 0 0 -0.518354 0.356163 -0.252274
2 11.7344 0 0 -0.00140282 0 -1.46981
3 8.81138 -0.000450134 -0.000112057 -1.70724 0 0.000157712
4 5.77839 0.000286102 0 -1.14385 0 0.000100298
5 2.23163 -0.000329018 -0.00036335 -0.563389 0 0
6 11.4725 0 0 -1.64788 -0.0227268 0.975725
7 0.615219 -0.993091 -0.8107 2.3606 0.0522832 -0.392226
8 2.24752 0 0 0.0917529 0.25842 -0.102372
9 1.11936 0 0 0.049337 0.0785231 -0.629448
10 3.71348 -0.102641 0.102191 1.77126 0.869992 0.142171
11 1.72615 0 0 0.013477 -0.007331 -0.811382
12 1.21114 0 0 0.0087379 0.015128 -0.772911
13 3.59919 -1.06012 0.070888 1.87281 0.766148 0.187134
14 1.66069 0 0 -0.0196 0.044389 -0.726687
15 1.167 0 0 0.00841004 -0.008394 -0.438997
16 2.18853 0.50104 0.0576591 1.57366 -0.028125 0.156362
17 1.29609 0 0 0.078558 0.027053 -1.07235
18 1.62202 0.000713348 -0.000470638 0.007403 -0.022111 -0.784236
19 1.22241 0 0 0.000237007 0.00593006 -0.707337
20 1.76707 1.27612 0.0366411 1.57458 0.205155 0.106808
21 1.55588 0 0 -0.027374 0.0177041 -0.702262
22 1.24274 0 0 -0.000479012 0.000361117 -1.15419
23 0.784524 0 0 0.00636401 -0.00322794 -0.741041
24 -1.93761 9.83789 -6.68555 -0.000932693 0 3.14159
25 6.02794 0 0 0.652527 0.221408 1.35871
26 11.7344 0 0 0.00140273 0 1.10357
27 8.81167 0 0 0.126523 0 0
28 5.77884 0 0 0.0847703 0 0
29 2.23249 0 0 0.0417525 0 0
30 11.4725 0 0 0.625675 -0.291801 -1.03456
31 0.615813 0.994372 -0.809165 2.98233 0.402638 0.136051
32 2.24752 0 0 -0.190329 -0.0267982 0.151876
33 1.11936 0 0 -0.244493 0.180804 0.323019
34 3.71349 0.10264 0.102191 -1.89161 0.958008 -0.514705
35 1.72615 0 0 -0.0322383 -0.0935536 1.46129
36 1.21112 0 0 0.00965704 0.00709789 1.19665
37 3.5992 1.06012 0.0708882 -1.54673 0.430609 -0.0869507
38 1.66069 0 0 0.014784 0.0625281 0.485865
39 1.16699 0 0 0.0179326 0.0047474 0.82205
40 2.18853 -0.501041 0.0576589 -1.57278 0.0333875 -0.245473
41 1.29609 0 0 -0.0511878 0.0861315 0.870996
42 1.62202 -0.000712395 -0.000469208 -0.0479591 -0.0941553 1.54934
43 1.22241 0 0 0.0319454 0.0084474 1.16733
44 1.76707 -1.27612 0.0366405 -1.53197 0.117513 -0.244895
45 1.55588 0 0 -0.0186128 0.050937 0.79924
46 1.24273 0 0 -0.024957 -0.0934672 1.14497
47 0.784531 0 0 -0.0115689 0.00645268 1.17662
48 0 0 0 0 0 0
49 -3.30954 -16.0324 -2.0174 0 -0.218343 -3.14159
50 0 0.596889 0 0 0 0
51 -0.496887 -0.188841 0.286781 0 0 0
52 -0.496891 -0.188822 -0.287058 0 0 0
53 0 -0.188842 -0.573975 0 0 0
54 0.497047 -0.188823 -0.287067 0 0 0
55 0.496964 -0.188842 0.286781 0 0 0
56 0 -0.188822 0.5737 0 0 0
57 -5.28653 -16.838 -4.47208 -0.065124 -0.0251808 0.378265
58 -3.30954 20.1542 -2.0174 0 0.218343 0
59 -8.02017 -13.3119 -4.56645 0 0 0
60 4.42317 -0.237146 1.25351 0 0.218343 0
61 0 -1.5503 0.0514934 -0.308665 0 -3.14159
62 0.132429 -3.80692 0.21937 0 0 -3.14159
63 0.132428 -1.32347 1.10768 0 0 0
64 0 2.7745 0 0 0 0
65 0 -0.750145 1.01704 0 0 -3.14159
time 10
0 3.34582 10.992 -7.01801 0.000934124 0 -1.17275
1 6.02794 0 0 -0.478653 0.375977 -0.282432
2 11.7344 0 0 -0.00140283 0 -1.27944
3 8.81139 -0.000449181 -0.000112057 -1.1881 0 0.000157529
4 5.77839 0.000287056 0 -0.796024 0 0.000101416
5 2.23163 -0.000329018 -0.00036335 -0.392072 0 0
6 11.4725 0 0 -1.27773 -0.30984 0.688311
7 0.61522 -0.993092 -0.8107 2.3606 0.0522832 -0.392226
8 2.24752 0 0 0.0917528 0.25842 -0.102372
9 1.11936 0 0 0.049337 0.0785231 -0.629448
10 3.71348 -0.102641 0.102191 1.77126 0.869992 0.142171
11 1.72615 0 0 0.013477 -0.00733104 -0.811382
12 1.21114 0 0 0.00873799 0.015128 -0.772911
13 3.59919 -1.06012 0.0708883 1.87281 0.766148 0.187134
14 1.66069 0 0 -0.0196 0.044389 -0.726687
15 1.167 0 0 0.00841004 -0.00839399 -0.438997
16 2.18853 0.50104 0.0576589 1.57366 -0.028125 0.156362
17 1.29609 0 0 0.078558 0.027053 -1.07235
18 1.62202 0.000713348 -0.000471115 0.00740302 -0.022111 -0.784236
19 1.22241 0 0 0.000236977 0.00592997 -0.707337
20 1.76707 1.27612 0.0366409 1.57458 0.205155 0.106808
21 1.55588 0 0 -0.027374 0.0177039 -0.702262
22 1.24274 0 0 -0.000479052 0.000361055 -1.15419
23 0.784524 0 0 0.00636401 -0.00322803 -0.741041
24 -1.93761 9.75035 -6.77747 -0.000932693 0 3.14159
25 6.02794 0 0 0.585964 0.280933 1.35369
26 11.7344 0 0 0.00140266 0 0.969393
27 8.81167 0 0 0.802126 0 0
28 5.77884 0 0 0.537425 0 0
29 2.23249 0 0 0.264702 0 0
30 11.4725 0 0 1.0323 -0.527552 -0.742173
31 0.615812 0.994373 -0.809166 2.98233 0.402638 0.136051
32 2.24752 0 0 -0.19033 -0.0267983 0.151876
33 1.11936 0 0 -0.244493 0.180804 0.323019
34 3.71349 0.10264 0.10219 -1.89161 0.958008 -0.514705
35 1.72615 0 0 -0.0322383 -0.0935536 1.46129
36 1.21112 0 0 0.00965708 0.00709788 1.19665
37 3.5992 1.06012 0.0708883 -1.54592 0.43099 -0.0850042
38 1.66069 0 0 0.0147206 0.0624909 0.484868
39 1.16699 0 0 0.0179154 0.0047666 0.820586
40 2.18853 -0.50104 0.057659 -1.57278 0.0333875 -0.245473
41 1.29609 0 0 -0.0511878 0.0861315 0.870996
42 1.62202 -0.000714302 -0.000470161 -0.0479591 -0.0941553 1.54934
43 1.22241 0 0 0.0319454 0.00844737 1.16733
44 1.76707 -1.27612 0.0366403 -1.53197 0.117513 -0.244895
45 1.55587 0 0 -0.0186128 0.0509371 0.79924
46 1.24273 0 0 -0.024957 -0.0934673 1.14497
47 0.784531 0 0 -0.0115689 0.00645265 1.17662
48 0 0 0 0 0 0
49 -4.56106 -15.978 -2.34175 0.345089 0.0802912 -3.10339
50 0 0.596889 0 0 0 0
51 -0.496887 -0.188841 0.286781 0 0 0
52 -0.496891 -0.188821 -0.287058 0 0 0
53 0 -0.188841 -0.573975 0 0 0
54 0.497047 -0.188823 -0.287067 0 0 0
55 0.496963 -0.18884 0.286781 0 0 0
56 0 -0.188822 0.573699 0 0 0
57 -5.28653 -16.838 -4.47208 -0.065124 -0.0251808 0.378265
58 -4.88058 18.0879 -14.5435 -0.345089 -0.0802913 0.0382029
59 -8.02017 -13.3119 -4.56645 0 0 0
60 3.55441 -0.773051 0.142514 -0.345089 -0.0802913 0.0382029
61 0 -1.5513 0.0514927 -0.307223 0 -3.14159
62 0.13243 -3.80692 0.219369 0 0 -3.14159
63 0.132428 -1.32347 1.10768 0 0 0
64 0 2.7745 0 0 0 0
65 0 -0.750145 1.01704 0 0 -3.14159
time 11
0 3.34582 10.992 -7.01801 0.000934124 0 -1.17275
1 6.02794 0 0 -0.483019 0.372546 -0.314852
2 11.7344 0 0 -0.00140282 0 -1.14874
3 8.81138 -0.000450134 -0.00011301 -0.951403 0 0.000157697
4 5.77839 0.000286102 0 -0.63744 0 0.00010207
5 2.23163 -0.000329018 -0.000363827 -0.313963 0 0
6 11.4725 0 0 -1.01344 -0.394573 0.433382
7 0.61522 -0.993092 -0.8107 2.3606 0.0522831 -0.392226
8 2.24752 0 0 0.091753 0.25842 -0.102372
9 1.11936 0 0 0.0493368 0.0785232 -0.629449
10 3.71348 -0.102641 0.102191 1.77126 0.869992 0.142171
11 1.72615 0 0 0.013477 -0.007331 -0.811382
12 1.21114 0 0 0.00873798 0.015128 -0.772911
13 3.59919 -1.06012 0.0708876 1.87281 0.766148 0.187134
14 1.66069 0 0 -0.0196 0.044389 -0.726687
15 1.167 0 0 0.00841006 -0.00839398 -0.438997
16 2.18853 0.50104 0.0576589 1.57366 -0.0281251 0.156362
17 1.29609 0 0 0.078558 0.027053 -1.07235
18 1.62202 0.000714302 -0.000471115 0.007403 -0.022111 -0.784236
19 1.22241 0 0 0.000236998 0.00593002 -0.707337
20 1.76707 1.27612 0.0366406 1.57458 0.205155 0.106808
21 1.55588 0 0 -0.027374 0.017704 -0.702262
22 1.24274 0 0 -0.000479027 0.000361004 -1.15419
23 0.784523 0 0 0.00636402 -0.00322797 -0.741041
24 -1.93761 9.64637 -6.88665 -0.000932693 0 3.14159
25 6.02794 0 0 0.565019 0.28995 1.39148
26 11.7344 0 0 0.00140266 0 0.839321
27 8.81167 0 0 1.25303 0 0
28 5.77884 0 0 0.839528 0 0
29 2.23249 0 0 0.413499 0 0
30 11.4725 0 0 1.2881 -0.707947 -0.664256
31 0.615812 0.994372 -0.809166 2.98233 0.402638 0.136051
32 2.24752 0 0 -0.19033 -0.0267983 0.151876
33 1.11936 0 0 -0.244493 0.180804 0.323019
34 3.71349 0.102638 0.102191 -1.89161 0.958008 -0.514705
35 1.72615 0 0 -0.0322383 -0.0935535 1.46129
36 1.21112 0 0 0.00965704 0.0070979 1.19665
37 3.5992 1.06012 0.0708878 -1.54491 0.431466 -0.0825705
38 1.66069 0 0 0.0145356 0.0624553 0.481953
39 1.16699 0 0 0.0178659 0.00482291 0.816305
40 2.18853 -0.501041 0.0576587 -1.57278 0.0333875 -0.245473
41 1.29609 0 0 -0.0511878 0.0861314 0.870996
42 1.62202 -0.000712395 -0.000469208 -0.0479592 -0.0941553 1.54934
43 1.22241 0 0 0.0319455 0.00844738 1.16733
44 1.76707 -1.27612 0.0366406 -1.53197 0.117513 -0.244895
45 1.55587 0 0 -0.0186128 0.0509371 0.79924
46 1.24273 0 0 -0.024957 -0.0934672 1.14497
47 0.784532 0 0 -0.0115689 0.00645265 1.17662
48 0 0 0 0 0 0
49 -5.5923 -15.7546 -2.72893 0.550434 0.249627 -3.08665
50 0 0.596889 0 0 0 0
51 -0.496887 -0.188841 0.28678 0 0 0
52 -0.496891 -0.188822 -0.287059 0 0 0
53 0 -0.188841 -0.573975 0 0 0
54 0.497048 -0.188822 -0.287068 0 0 0
55 0.496964 -0.188841 0.28678 0 0 0
56 0 -0.188822 0.5737 0 0 0
57 -5.28653 -16.838 -4.47208 -0.065124 -0.0251808 0.378265
58 -2.61717 15.2975 -21.0699 -0.550434 -0.249627 0.0549453
59 -8.02017 -13.3119 -4.56645 0 0 0
60 2.94916 -0.989371 -0.51718 -0.550434 -0.249627 0.0549453
61 0 -1.55419 0.0514898 -0.303055 0 -3.14159
62 0.132429 -3.80692 0.21937 0 0 -3.14159
63 0.132429 -1.32347 1.10768 0 0 0
64 0 2.7745 0 0 0 0
65 0 -0.750147 1.01704 0 0 -3.14159
time 12
0 3.34582 10.992 -7.01801 0.000934124 0 -1.17275
1 6.02794 0 0 -0.487534 0.374316 -0.332499
2 11.7344 0 0 -0.00140282 0 -1.12149
3 8.81139 -0.000450134 -0.000112534 -0.900204 0 0.000157329
4 5.77839 0.000287056 0 -0.603137 0 0.000102012
5 2.23163 -0.000329018 -0.000364304 -0.297067 0 0
6 11.4725 0 0 -0.945342 -0.411846 0.359702
7 0.615218 -0.993092 -0.8107 2.3606 0.0522832 -0.392226
8 2.24752 0 0 0.091753 0.25842 -0.102372
9 1.11936 0 0 0.049337 0.0785232 -0.629448
10 3.71348 -0.10264 0.102191 1.77126 0.869992 0.142171
11 1.72615 0 0 0.0134769 -0.00733103 -0.811382
12 1.21114 0 0 0.008738 0.015128 -0.772911
13 3.59919 -1.06012 0.0708885 1.87281 0.766148 0.187134
14 1.66069 0 0 -0.0196 0.044389 -0.726687
15 1.167 0 0 0.00841003 -0.00839395 -0.438997
16 2.18852 0.50104 0.0576587 1.57366 -0.028125 0.156362
17 1.29609 0 0 0.078558 0.027053 -1.07235
18 1.62202 0.000714302 -0.000472069 0.00740302 -0.022111 -0.784236
19 1.22241 0 0 0.000236985 0.00593001 -0.707337
20 1.76707 1.27612 0.0366411 1.57458 0.205155 0.106808
21 1.55588 0 0 -0.027374 0.017704 -0.702262
22 1.24273 0 0 -0.000478977 0.000361009 -1.15419
23 0.784523 0 0 0.00636402 -0.00322801 -0.741041
24 -1.93761 9.52704 -7.01195 -0.000932693 0 3.14159
25 6.02794 0 0 0.568698 0.306123 1.3781
26 11.7344 0 0 0.00140275 0 0.858742
27 8.81167 0 0 1.31479 0 0
28 5.77884 0 0 0.880906 0 0
29 2.23249 0 0 0.433879 0 0
30 11.4725 0 0 1.33058 -0.763951 -0.673802
31 0.615813 0.994371 -0.809165 2.98233 0.402638 0.136051
32 2.24752 0 0 -0.190329 -0.0267982 0.151876
33 1.11936 0 0 -0.244494 0.180804 0.323019
34 3.71349 0.102639 0.10219 -1.89161 0.958008 -0.514705
35 1.72615 0 0 -0.0322383 -0.0935536 1.46129
36 1.21112 0 0 0.00965709 0.00709786 1.19665
37 3.5992 1.06012 0.0708885 -1.54372 0.432031 -0.0796826
38 1.66069 0 0 0.0142357 0.0624215 0.477232
39 1.16699 0 0 0.0177852 0.00491405 0.809373
40 2.18853 -0.501041 0.0576591 -1.57278 0.0333874 -0.245473
41 1.29609 0 0 -0.0511879 0.0861315 0.870996
42 1.62202 -0.000713348 -0.000470161 -0.0479592 -0.0941553 1.54934
43 1.22241 0 0 0.0319454 0.00844733 1.16733
44 1.76707 -1.27612 0.0366411 -1.53197 0.117513 -0.244895
45 1.55587 0 0 -0.0186128 0.0509371 0.79924
46 1.24273 0 0 -0.024957 -0.0934672 1.14497
47 0.784532 0 0 -0.0115688 0.00645266 1.17662
48 0 0 0 0 0 0
49 -6.02116 -15.4746 -2.83598 0.607752 0.281915 -3.09263
50 0 0.596889 0 0 0 0
51 -0.496888 -0.188842 0.28678 0 0 0
52 -0.496891 -0.188822 -0.287058 0 0 0
53 0 -0.18884 -0.573976 0 0 0
54 0.497047 -0.188822 -0.287068 0 0 0
55 0.496964 -0.188841 0.28678 0 0 0
56 0 -0.188822 0.5737 0 0 0
57 -5.28653 -16.838 -4.47208 -0.065124 -0.0251808 0.378265
58 -1.73345 14.478 -22.6837 -0.607752 -0.281915 0.0489603
59 -8.02017 -13.3119 -4.56645 0 0 0
60 2.63306 -0.849167 -0.678061 -0.607752 -0.281915 0.0489603
61 0 -1.55882 0.0514851 -0.296398 0 -3.14159
62 0.132429 -3.80692 0.21937 0 0 -3.14159
63 0.132427 -1.32347 1.10768 0 0 0
64 0 2.7745 0 0 0 0
65 0 -0.750144 1.01704 0 0 -3.14159
time 13
0 3.34582 10.992 -7.01801 0.000934124 0 -1.17275
1 6.02794 0 0 -0.484755 0.385787 -0.334515
2 11.7344 0 0 -0.00140284 0 -1.17236
3 8.81139 -0.000449181 -0.00011158 -0.959698 0 0.000157223
4 5.77839 0.000287056 0 -0.642998 0 0.000101672
5 2.23164 -0.000329018 -0.000363827 -0.316701 0 0
6 11.4725 0 0 -1.01724 -0.418659 0.42739
7 0.615221 -0.993091 -0.8107 2.3606 0.0522832 -0.392226
8 2.24752 0 0 0.0917528 0.25842 -0.102372
9 1.11936 0 0 0.049337 0.0785231 -0.629449
10 3.71348 -0.102641 0.102191 1.77126 0.869992 0.142171
11 1.72615 0 0 0.0134769 -0.00733103 -0.811382
12 1.21114 0 0 0.00873807 0.0151281 -0.772911
13 3.59919 -1.06012 0.070888 1.87281 0.766148 0.187134
14 1.66069 0 0 -0.0196 0.044389 -0.726687
15 1.167 0 0 0.00841001 -0.008394 -0.438997
16 2.18853 0.501039 0.0576587 1.57366 -0.028125 0.156362
17 1.29609 0 0 0.078558 0.027053 -1.07235
18 1.62202 0.000715256 -0.000470161 0.007403 -0.022111 -0.784236
19 1.22241 0 0 0.000236968 0.00593001 -0.707337
20 1.76707 1.27612 0.0366406 1.57458 0.205155 0.106808
21 1.55588 0 0 -0.027374 0.017704 -0.702262
22 1.24274 0 0 -0.000479005 0.000360997 -1.15419
23 0.784523 0 0 0.00636403 -0.00322798 -0.741041
24 -1.93761 9.39345 -7.15223 -0.000932693 0 3.14159
25 6.02794 0 0 0.584277 0.335305 1.32245
26 11.7344 0 0 0.00140264 0 0.990386
27 8.81167 0 0 1.1341 0 0
28 5.77884 0 0 0.759844 0 0
29 2.23249 0 0 0.374251 0 0
30 11.4725 0 0 1.2097 -0.735527 -0.701975
31 0.615812 0.994372 -0.809165 2.98233 0.402638 0.136051
32 2.24752 0 0 -0.190329 -0.0267981 0.151876
33 1.11936 0 0 -0.244494 0.180804 0.323019
34 3.71349 0.102638 0.102191 -1.89161 0.958008 -0.514705
35 1.72615 0 0 -0.0322383 -0.0935535 1.46129
36 1.21112 0 0 0.00965708 0.0070979 1.19665
37 3.5992 1.06012 0.0708883 -1.54234 0.432678 -0.0763715
38 1.66069 0 0 0.013828 0.0623893 0.470818
39 1.16699 0 0 0.0176755 0.00503797 0.799955
40 2.18853 -0.501041 0.0576589 -1.57278 0.0333874 -0.245473
41 1.29609 0 0 -0.0511878 0.0861314 0.870996
42 1.62202 -0.000712395 -0.000470161 -0.0479591 -0.0941553 1.54934
43 1.22241 0 0 0.0319453 0.00844737 1.16733
44 1.76707 -1.27612 0.0366406 -1.53197 0.117513 -0.244895
45 1.55588 0 0 -0.0186127 0.0509371 0.79924
46 1.24273 0 0 -0.024957 -0.0934672 1.14497
47 0.784532 0 0 -0.0115689 0.00645269 1.17662
48 0 0 0 0 0 0
49 -5.99633 -15.1724 -2.65731 0.566745 0.223652 -3.11374
50 0 0.596889 0 0 0 0
51 -0.496888 -0.188841 0.28678 0 0 0
52 -0.496891 -0.188823 -0.287058 0 0 0
53 0 -0.188841 -0.573975 0 0 0
54 0.497047 -0.188822 -0.287068 0 0 0
55 0.496964 -0.188841 0.28678 0 0 0
56 0 -0.188821 0.573699 0 0 0
57 -5.28653 -16.838 -4.47208 -0.065124 -0.0251808 0.378265
58 -2.53907 15.4647 -21.6016 -0.566744 -0.223652 0.0278491
59 -8.02017 -13.3119 -4.56645 0 0 0
60 2.52916 -0.463252 -0.482667 -0.566744 -0.223652 0.0278491
61 0 -1.565 0.0514803 -0.287489 0 -3.14159
62 0.13243 -3.80692 0.219371 0 0 -3.14159
63 0.132428 -1.32347 1.10768 0 0 0
64 0 2.7745 0 0 0 0
65 0 -0.750144 1.01704 0 0 -3.14159
time 14
0 3.34582 10.992 -7.01801 0.000934124 0 -1.17275
1 6.02794 0 0 -0.483485 0.398919 -0.330755
2 11.7344 0 0 -0.00140284 0 -1.2619
3 8.81139 -0.000450134 -0.000112057 -1.07748 0 0.000157647
4 5.77839 0.000286102 0 -0.721912 0 0.000101776
5 2.23164 -0.000329971 -0.000364304 -0.355569 0 0
6 11.4725 0 0 -1.15587 -0.402884 0.562741
7 0.615219 -0.993092 -0.8107 2.3606 0.0522832 -0.392226
8 2.24752 0 0 0.0917529 0.25842 -0.102372
9 1.11936 0 0 0.0493369 0.0785231 -0.629448
10 3.71348 -0.102641 0.102191 1.77126 0.869992 0.142171
11 1.72615 0 0 0.013477 -0.00733099 -0.811382
12 1.21114 0 0 0.00873799 0.015128 -0.772911
13 3.59919 -1.06012 0.070888 1.87281 0.766148 0.187134
14 1.66069 0 0 -0.0196 0.044389 -0.726687
15 1.167 0 0 0.00840998 -0.008394 -0.438997
16 2.18852 0.501039 0.0576591 1.57366 -0.028125 0.156362
17 1.29609 0 0 0.078558 0.027053 -1.07235
18 1.62202 0.000715256 -0.000470161 0.00740301 -0.022111 -0.784236
19 1.22241 0 0 0.000237003 0.00593 -0.707337
20 1.76707 1.27612 0.0366406 1.57458 0.205155 0.106808
21 1.55588 0 0 -0.027374 0.0177041 -0.702262
22 1.24274 0 0 -0.000478998 0.000361001 -1.15419
23 0.784523 0 0 0.00636403 -0.003228 -0.741041
24 -1.93761 9.24671 -7.30631 -0.000932693 0 3.14159
25 6.02794 0 0 0.61519 0.36255 1.26528
26 11.7344 0 0 0.0014027 0 1.15305
27 8.81167 0 0 0.766062 0 0
28 5.77884 0 0 0.513262 0 0
29 2.23249 0 0 0.2528 0 0
30 11.4725 0 0 1.02085 -0.66002 -0.759974
31 0.615813 0.994372 -0.809166 2.98233 0.402638 0.136051
32 2.24752 0 0 -0.19033 -0.0267983 0.151876
33 1.11936 0 0 -0.244494 0.180804 0.323019
34 3.71349 0.10264 0.10219 -1.89161 0.958008 -0.514705
35 1.72615 0 0 -0.0322383 -0.0935535 1.46129
36 1.21112 0 0 0.00965708 0.00709788 1.19665
37 3.5992 1.06012 0.070888 -1.54081 0.433403 -0.0726685
38 1.66069 0 0 0.0133202 0.0623587 0.462825
39 1.16699 0 0 0.0175392 0.00519225 0.788217
40 2.18853 -0.501041 0.0576587 -1.57278 0.0333874 -0.245473
41 1.29609 0 0 -0.0511878 0.0861315 0.870996
42 1.62202 -0.000712395 -0.000470161 -0.0479592 -0.0941553 1.54934
43 1.22241 0 0 0.0319454 0.00844734 1.16733
44 1.76707 -1.27612 0.0366402 -1.53197 0.117513 -0.244895
45 1.55587 0 0 -0.0186128 0.0509371 0.79924
46 1.24273 0 0 -0.024957 -0.0934673 1.14497
47 0.784532 0 0 -0.0115688 0.00645268 1.17662
48 0 0 0 0 0 0
49 -5.74163 -14.8508 -2.33776 0.477114 0.121334 3.14081
50 0 0.596889 0 0 0 0
51 -0.496887 -0.188842 0.286781 0 0 0
52 -0.496891 -0.188822 -0.287059 0 0 0
53 0 -0.188841 -0.573975 0 0 0
54 0.497047 -0.188822 -0.287067 0 0 0
55 0.496963 -0.188841 0.286781 0 0 0
56 0 -0.188823 0.5737 0 0 0
57 -5.28653 -16.838 -4.47208 -0.065124 -0.0251808 0.378265
58 -3.70499 17.2931 -18.8331 -0.477114 -0.121335 -0.000787021
59 -8.02017 -13.3119 -4.56645 0 0 0
60 2.56052 0.0575457 -0.0735435 -0.477114 -0.121335 -0.000787021
61 0 -1.57259 0.0514717 -0.276564 0 -3.14159
62 0.13243 -3.80692 0.21937 0 0 -3.14159
63 0.132428 -1.32347 1.10768 0 0 0
64 0 2.7745 0 0 0 0
65 0 -0.750147 1.01704 0 0 -3.14159
time 15
0 3.34582 10.992 -7.01801 0.000934124 0 -1.17275
1 6.02794 0 0 -0.491319 0.407958 -0.328448
2 11.7344 0 0 -0.00140296 0 -1.3528
3 8.81139 -0.000450134 -0.00011158 -1.19681 0 0.000156831
4 5.77839 0.000286102 0 -0.801865 0 0.000100847
5 2.23163 -0.000329971 -0.00036335 -0.394949 0 0
6 11.4725 0 0 -1.2833 -0.363873 0.690258
7 0.615219 -0.993092 -0.8107 2.3606 0.0522832 -0.392226
8 2.24752 0 0 0.0917529 0.25842 -0.102372
9 1.11936 0 0 0.0493371 0.0785231 -0.629449
10 3.71348 -0.10264 0.102191 1.77126 0.869992 0.142171
11 1.72615 0 0 0.013477 -0.00733104 -0.811382
12 1.21114 0 0 0.00873803 0.015128 -0.772911
13 3.59919 -1.06012 0.070888 1.87281 0.766148 0.187134
14 1.66069 0 0 -0.0196 0.044389 -0.726687
15 1.167 0 0 0.00840995 -0.008394 -0.438997
16 2.18853 0.50104 0.0576596 1.57366 -0.0281249 0.156362
17 1.29609 0 0 0.078558 0.0270531 -1.07235
18 1.62202 0.000715256 -0.000470161 0.007403 -0.022111 -0.784236
19 1.22241 0 0 0.000236999 0.00592999 -0.707337
20 1.76707 1.27612 0.0366411 1.57458 0.205155 0.106808
21 1.55588 0 0 -0.027374 0.017704 -0.702262
22 1.24274 0 0 -0.000479009 0.000360976 -1.15419
23 0.784524 0 0 0.00636397 -0.00322799 -0.741041
24 -1.93761 9.0879 -7.47306 -0.000932693 0 3.14159
25 6.02794 0 0 0.658292 0.378925 1.23223
26 11.7344 0 0 0.00140277 0 1.29295
27 8.81167 0 0 0.379412 0 0
28 5.77884 0 0 0.254206 0 0
29 2.23249 0 0 0.125206 0 0
30 11.4725 0 0 0.845589 -0.585494 -0.847636
31 0.615814 0.994372 -0.809165 2.98233 0.402638 0.136051
32 2.24752 0 0 -0.19033 -0.0267984 0.151876
33 1.11936 0 0 -0.244493 0.180804 0.323019
34 3.71349 0.102639 0.102191 -1.89161 0.958008 -0.514705
35 1.72615 0 0 -0.0322383 -0.0935536 1.46129
36 1.21112 0 0 0.00965708 0.00709788 1.19665
37 3.5992 1.06012 0.0708879 -1.53913 0.434198 -0.0686038
38 1.66069 0 0 0.0127188 0.0623296 0.453364
39 1.16699 0 0 0.0173776 0.00537495 0.774326
40 2.18853 -0.50104 0.0576588 -1.57278 0.0333874 -0.245473
41 1.29609 0 0 -0.0511878 0.0861315 0.870996
42 1.62202 -0.000713348 -0.000470161 -0.0479592 -0.0941553 1.54934
43 1.22241 0 0 0.0319454 0.00844738 1.16732
44 1.76707 -1.27612 0.03664 -1.53197 0.117513 -0.244895
45 1.55588 0 0 -0.0186128 0.0509371 0.79924
46 1.24273 0 0 -0.024957 -0.0934673 1.14497
47 0.784531 0 0 -0.0115689 0.00645265 1.17662
48 0 0 0 0 0 0
49 -5.46919 -14.5029 -1.99118 0.388565 0.0214587 3.11225
50 0 0.59689 0 0 0 0
51 -0.496887 -0.18884 0.286782 0 0 0
52 -0.496891 -0.188822 -0.287058 0 0 0
53 0 -0.188841 -0.573974 0 0 0
54 0.497047 -0.188822 -0.287066 0 0 0
55 0.496963 -0.188842 0.286782 0 0 0
56 0 -0.188822 0.5737 0 0 0
57 -5.28653 -16.838 -4.47208 -0.065124 -0.0251808 0.378265
58 -4.1925 18.9632 -15.6977 -0.388565 -0.0214588 -0.0293468
59 -8.02017 -13.3119 -4.56645 0 0 0
60 2.65018 0.602411 0.406769 -0.388565 -0.0214588 -0.0293468
61 0 -1.58141 0.0514641 -0.263862 0 -3.14159
62 0.13243 -3.80692 0.219371 0 0 -3.14159
63 0.132428 -1.32347 1.10768 0 0 0
64 0 2.7745 0 0 0 0
65 0 -0.750146 1.01704 0 0 -3.14159
time 16
0 3.34582 10.992 -7.01801 0.000934124 0 -1.17275
1 6.02794 0 0 -0.507136 0.414105 -0.327599
2 11.7344 0 0 -0.00140296 0 -1.41608
3 8.81139 -0.000450134 -0.00011158 -1.24194 0 0.000157535
4 5.77839 0.000286102 0 -0.832102 0 0.000101124
5 2.23164 -0.000329971 -0.000362873 -0.409841 0 0
6 11.4725 0 0 -1.33183 -0.334821 0.753885
7 0.615219 -0.993091 -0.8107 2.3606 0.0522832 -0.392226
8 2.24752 0 0 0.0917528 0.25842 -0.102372
9 1.11936 0 0 0.049337 0.0785231 -0.629448
10 3.71348 -0.102641 0.102191 1.77126 0.869992 0.142171
11 1.72615 0 0 0.013477 -0.007331 -0.811382
12 1.21114 0 0 0.00873803 0.015128 -0.772911
13 3.59919 -1.06012 0.070888 1.87281 0.766148 0.187134
14 1.66069 0 0 -0.0196 0.044389 -0.726687
15 1.167 0 0 0.00841001 -0.00839399 -0.438997
16 2.18853 0.50104 0.0576589 1.57366 -0.028125 0.156362
17 1.29609 0 0 0.078558 0.027053 -1.07235
18 1.62202 0.000714302 -0.000470161 0.00740304 -0.022111 -0.784236
19 1.22241 0 0 0.000237007 0.00592999 -0.707337
20 1.76707 1.27612 0.0366411 1.57458 0.205155 0.106808
21 1.55588 0 0 -0.027374 0.017704 -0.702262
22 1.24274 0 0 -0.000478988 0.000361026 -1.15419
23 0.784523 0 0 0.00636404 -0.00322802 -0.741041
24 -1.93761 8.91813 -7.65133 -0.000932693 0 3.14159
25 6.02794 0 0 0.698729 0.387351 1.22419
26 11.7344 0 0 0.0014027 0 1.38532
27 8.81167 0 0 0.159681 0 0
28 5.77884 0 0 0.106986 0 0
29 2.23249 0 0 0.0526948 0 0
30 11.4725 0 0 0.742311 -0.556209 -0.918954
31 0.615813 0.994372 -0.809166 2.98233 0.402638 0.136051
32 2.24752 0 0 -0.190329 -0.0267982 0.151876
33 1.11936 0 0 -0.244494 0.180804 0.323019
34 3.71349 0.102639 0.102191 -1.89161 0.958008 -0.514705
35 1.72615 0 0 -0.0322383 -0.0935536 1.46129
36 1.21112 0 0 0.00965707 0.00709788 1.19665
37 3.5992 1.06012 0.070888 -1.53731 0.435057 -0.0642112
38 1.66069 0 0 0.0120317 0.0623022 0.442548
39 1.16699 0 0 0.0171925 0.00558379 0.758445
40 2.18853 -0.50104 0.0576593 -1.57278 0.0333874 -0.245473
41 1.29609 0 0 -0.0511878 0.0861315 0.870996
42 1.62202 -0.000713348 -0.000469685 -0.0479592 -0.0941553 1.54934
43 1.22241 0 0 0.0319454 0.00844738 1.16733
44 1.76707 -1.27612 0.0366405 -1.53197 0.117513 -0.244895
45 1.55587 0 0 -0.0186128 0.0509371 0.79924
46 1.24273 0 0 -0.024957 -0.0934672 1.14497
47 0.784531 0 0 -0.0115688 0.00645265 1.17662
48 0 0 0 0 0 0
49 -5.33136 -14.1282 -1.65198 0.350797 -0.0294787 3.09136
50 0 0.59689 0 0 0 0
51 -0.496888 -0.18884 0.286782 0 0 0
52 -0.496891 -0.188822 -0.287057 0 0 0
53 0 -0.188841 -0.573974 0 0 0
54 0.497047 -0.188822 -0.287067 0 0 0
55 0.496964 -0.188841 0.286781 0 0 0
56 0 -0.188823 0.5737 0 0 0
57 -5.28653 -16.838 -4.47208 -0.065124 -0.0251808 0.378265
58 -3.99122 19.8302 -14.082 -0.350797 0.0294786 -0.0502289
59 -8.02017 -13.3119 -4.56645 0 0 0
60 2.72119 1.06053 0.815728 -0.350797 0.0294786 -0.0502288
61 0 -1.5913 0.0514531 -0.249619 0 -3.14159
62 0.13243 -3.80692 0.219369 0 0 -3.14159
63 0.132428 -1.32347 1.10768 0 0 0
64 0 2.7745 0 0 0 0
65 0 -0.750145 1.01704 0 0 -3.14159
time 17
0 3.34582 10.992 -7.01801 0.000934124 0 -1.17275
1 6.02794 0 0 -0.522331 0.420724 -0.331361
2 11.7344 0 0 -0.00140284 0 -1.43968
3 8.81139 -0.000449181 -0.000112534 -1.2252 0 0.000157503
4 5.77839 0.000286102 0 -0.820886 0 0.000101135
5 2.23164 -0.000329018 -0.000363827 -0.404317 0 0
6 11.4725 0 0 -1.32102 -0.328655 0.756689
7 0.615218 -0.993091 -0.8107 2.3606 0.0522833 -0.392226
8 2.24752 0 0 0.0917528 0.25842 -0.102372
9 1.11936 0 0 0.0493369 0.0785231 -0.629448
10 3.71348 -0.10264 0.102191 1.77126 0.869992 0.142171
11 1.72615 0 0 0.013477 -0.00733099 -0.811382
12 1.21114 0 0 0.00873798 0.015128 -0.772911
13 3.59919 -1.06012 0.0708878 1.87281 0.766148 0.187134
14 1.66069 0 0 -0.0195999 0.044389 -0.726687
15 1.167 0 0 0.00840994 -0.00839402 -0.438997
16 2.18852 0.50104 0.0576591 1.57366 -0.0281249 0.156362
17 1.29609 0 0 0.078558 0.0270529 -1.07235
18 1.62202 0.000714302 -0.000470161 0.00740299 -0.022111 -0.784236
19 1.22241 0 0 0.000236968 0.00593001 -0.707337
20 1.76707 1.27612 0.0366411 1.57458 0.205155 0.106808
21 1.55588 0 0 -0.027374 0.0177041 -0.702262
22 1.24274 0 0 -0.000478972 0.000361001 -1.15419
23 0.784523 0 0 0.00636403 -0.00322803 -0.741041
24 -1.93761 8.7385 -7.83996 -0.000932693 0 3.14159
25 6.02794 0 0 0.729256 0.39724 1.22544
26 11.7344 0 0 0.00140264 0 1.43655
27 8.81167 0 0 0.0630451 0 0
28 5.77884 0 0 0.0422402 0 0
29 2.23249 0 0 0.0208049 0 0
30 11.4725 0 0 0.697372 -0.563823 -0.949258
31 0.615813 0.994372 -0.809165 2.98233 0.402638 0.136051
32 2.24752 0 0 -0.19033 -0.0267981 0.151876
33 1.11936 0 0 -0.244494 0.180804 0.323019
34 3.71349 0.102639 0.102191 -1.89161 0.958008 -0.514705
35 1.72615 0 0 -0.0322383 -0.0935536 1.46129
36 1.21112 0 0 0.00965708 0.00709788 1.19665
37 3.5992 1.06012 0.0708879 -1.53537 0.435974 -0.0595192
38 1.66069 0 0 0.0112659 0.0622762 0.430492
39 1.16699 0 0 0.0169865 0.00581664 0.740742
40 2.18853 -0.501041 0.0576595 -1.57278 0.0333873 -0.245473
41 1.29609 0 0 -0.0511878 0.0861315 0.870996
42 1.62202 -0.000713348 -0.000469685 -0.0479592 -0.0941553 1.54934
43 1.22241 0 0 0.0319454 0.00844737 1.16733
44 1.76707 -1.27612 0.0366403 -1.53197 0.117513 -0.244895
45 1.55587 0 0 -0.0186128 0.0509371 0.79924
46 1.24273 0 0 -0.024957 -0.0934672 1.14497
47 0.784532 0 0 -0.0115688 0.00645264 1.17662
48 0 0 0 0 0 0
49 -5.36679 -13.8591 -1.44942 0.355119 -0.0378589 3.07575
50 0 0.596889 0 0 0 0
51 -0.496887 -0.188841 0.286781 0 0 0
52 -0.496891 -0.188822 -0.287058 0 0 0
53 0 -0.188841 -0.573974 0 0 0
54 0.497047 -0.188822 -0.287067 0 0 0
55 0.496963 -0.188841 0.286781 0 0 0
56 0 -0.188822 0.5737 0 0 0
57 -5.28653 -16.838 -4.47208 -0.065124 -0.0251808 0.378265
58 -3.60956 20.0275 -14.0226 -0.355119 0.0378588 -0.0658451
59 -8.02017 -13.3119 -4.56645 0 0 0
60 2.69662 1.32107 1.01079 -0.355119 0.0378588 -0.0658451
61 0 -1.60209 0.0514426 -0.234072 0 -3.14159
62 0.132429 -3.80692 0.21937 0 0 -3.14159
63 0.132428 -1.32347 1.10768 0 0 0
64 0 2.7745 0 0 0 0
65 0 -0.750146 1.01704 0 0 -3.14159
time 18
0 3.34582 10.992 -7.01801 0.000934124 0 -1.17275
1 6.02794 0 0 -0.534623 0.428106 -0.340785
2 11.7344 0 0 -0.0014029 0 -1.43849
3 8.81139 -0.000448227 -0.000112057 -1.21362 0 0.000157289
4 5.77839 0.000287056 0 -0.813128 0 0.000100983
5 2.23163 -0.000328064 -0.00036335 -0.400496 0 0
6 11.4725 0 0 -1.30836 -0.326142 0.738067
7 0.61522 -0.993092 -0.8107 2.3606 0.0522832 -0.392226
8 2.24752 0 0 0.0917529 0.25842 -0.102372
9 1.11936 0 0 0.0493369 0.0785232 -0.629448
10 3.71348 -0.102641 0.102191 1.77126 0.869992 0.142171
11 1.72615 0 0 0.013477 -0.00733102 -0.811382
12 1.21114 0 0 0.00873803 0.015128 -0.772911
13 3.5992 -1.06012 0.0708888 1.87281 0.766148 0.187134
14 1.66069 0 0 -0.0196 0.044389 -0.726687
15 1.167 0 0 0.00840999 -0.00839399 -0.438997
16 2.18853 0.50104 0.0576591 1.57366 -0.0281249 0.156362
17 1.29609 0 0 0.078558 0.027053 -1.07235
18 1.62202 0.000713348 -0.000471115 0.00740298 -0.022111 -0.784236
19 1.22241 0 0 0.000236975 0.00593002 -0.707337
20 1.76707 1.27612 0.0366414 1.57458 0.205155 0.106808
21 1.55588 0 0 -0.027374 0.017704 -0.702262
22 1.24274 0 0 -0.000479032 0.000360997 -1.15419
23 0.784524 0 0 0.00636399 -0.00322801 -0.741041
24 -1.93761 8.55009 -8.03779 -0.000932693 0 3.14159
25 6.02794 0 0 0.756994 0.408955 1.22946
26 11.7344 0 0 0.00140264 0 1.46679
27 8.81167 0 0 -0.00486838 0 0
28 5.77884 0 0 -0.00326179 0 0
29 2.23249 0 0 -0.00160654 0 0
30 11.4725 0 0 0.659181 -0.576683 -0.961869
31 0.615812 0.994372 -0.809166 2.98233 0.402638 0.136051
32 2.24752 0 0 -0.19033 -0.0267983 0.151876
33 1.11936 0 0 -0.244493 0.180804 0.323019
34 3.71349 0.102639 0.102191 -1.89161 0.958008 -0.514705
35 1.72615 0 0 -0.0322383 -0.0935536 1.46129
36 1.21112 0 0 0.00965708 0.00709789 1.19665
37 3.5992 1.06012 0.0708885 -1.53331 0.436944 -0.054562
38 1.66069 0 0 0.0104282 0.0622516 0.417308
39 1.16699 0 0 0.0167615 0.00607123 0.721381
40 2.18853 -0.50104 0.0576589 -1.57278 0.0333874 -0.245473
41 1.29609 0 0 -0.0511878 0.0861315 0.870996
42 1.62202 -0.000713348 -0.000469685 -0.0479592 -0.0941553 1.54934
43 1.22241 0 0 0.0319454 0.00844738 1.16733
44 1.76707 -1.27612 0.0366405 -1.53197 0.117513 -0.244895
45 1.55587 0 0 -0.0186128 0.0509371 0.79924
46 1.24273 0 0 -0.024957 -0.0934672 1.14497
47 0.784532 0 0 -0.0115689 0.00645265 1.17662
48 0 0 0 0 0 0
49 -5.47645 -13.7673 -1.42278 0.360031 -0.0421553 3.05883
50 0 0.596889 0 0 0 0
51 -0.496887 -0.188839 0.286781 0 0 0
52 -0.496891 -0.188821 -0.287058 0 0 0
53 0 -0.188841 -0.573975 0 0 0
54 0.497047 -0.188821 -0.287067 0 0 0
55 0.496964 -0.18884 0.286781 0 0 0
56 0 -0.188821 0.5737 0 0 0
57 -5.28653 -16.838 -4.47208 -0.065124 -0.0251808 0.378265
58 -3.21232 20.0278 -14.1601 -0.360031 0.0421552 -0.0827588
59 -8.02017 -13.3119 -4.56645 0 0 0
60 2.60829 1.40231 1.02866 -0.360031 0.0421552 -0.0827588
61 0 -1.61363 0.0514312 -0.217458 0 -3.14159
62 0.132429 -3.80691 0.21937 0 0 -3.14159
63 0.132428 -1.32347 1.10768 0 0 0
64 0 2.7745 0 0 0 0
65 0 -0.750144 1.01704 0 0 -3.14159
time 19
0 3.34582 10.992 -7.01801 0.000934124 0 -1.17275
1 6.02794 0 0 -0.548463 0.435919 -0.350351
2 11.7344 0 0 -0.00140283 0 -1.43004
3 8.81139 -0.000450134 -0.000112534 -1.19956 0 0.000157409
4 5.77839 0.000286102 0 -0.803703 0 0.00010113
5 2.23164 -0.000329971 -0.000364304 -0.395854 0 0
6 11.4725 0 0 -1.29158 -0.322616 0.710914
7 0.615219 -0.993092 -0.8107 2.3606 0.0522833 -0.392226
8 2.24752 0 0 0.0917529 0.25842 -0.102371
9 1.11936 0 0 0.049337 0.0785231 -0.629449
10 3.71348 -0.102641 0.102191 1.77126 0.869992 0.142171
11 1.72615 0 0 0.013477 -0.00733105 -0.811382
12 1.21114 0 0 0.00873797 0.015128 -0.772911
13 3.59919 -1.06012 0.0708885 1.87281 0.766148 0.187134
14 1.66069 0 0 -0.0196 0.044389 -0.726687
15 1.167 0 0 0.00841 -0.00839402 -0.438997
16 2.18852 0.501039 0.0576591 1.57366 -0.028125 0.156362
17 1.29609 0 0 0.078558 0.027053 -1.07235
18 1.62202 0.000714302 -0.000472069 0.00740299 -0.022111 -0.784236
19 1.22241 0 0 0.000237017 0.00592997 -0.707337
20 1.76707 1.27612 0.0366416 1.57458 0.205155 0.106808
21 1.55588 0 0 -0.027374 0.017704 -0.702262
22 1.24274 0 0 -0.000479015 0.000360972 -1.15419
23 0.784524 0 0 0.00636397 -0.00322799 -0.741041
24 -1.93761 8.354 -8.24369 -0.000932693 0 3.14159
25 6.02794 0 0 0.785289 0.419541 1.23803
26 11.7344 0 0 0.00140263 0 1.48788
27 8.81167 0 0 -0.0629682 0 0
28 5.77884 0 0 -0.0421887 0 0
29 2.23249 0 0 -0.0207795 0 0
30 11.4725 0 0 0.623332 -0.592245 -0.968081
31 0.615813 0.994372 -0.809166 2.98233 0.402638 0.136051
32 2.24752 0 0 -0.190329 -0.0267982 0.151876
33 1.11936 0 0 -0.244493 0.180804 0.323019
34 3.71349 0.10264 0.102191 -1.89161 0.958008 -0.514705
35 1.72615 0 0 -0.0322383 -0.0935536 1.46129
36 1.21112 0 0 0.00965709 0.00709789 1.19665
37 3.5992 1.06012 0.0708877 -1.53116 0.43796 -0.0493693
38 1.66069 0 0 0.00952599 0.0622285 0.403107
39 1.16699 0 0 0.0165188 0.00634545 0.700529
40 2.18853 -0.50104 0.0576594 -1.57278 0.0333874 -0.245473
41 1.29609 0 0 -0.0511878 0.0861315 0.870996
42 1.62202 -0.000714302 -0.000469208 -0.0479591 -0.0941553 1.54934
43 1.22241 0 0 0.0319454 0.00844737 1.16733
44 1.76707 -1.27612 0.0366403 -1.53197 0.117513 -0.244895
45 1.55587 0 0 -0.0186128 0.0509371 0.79924
46 1.24273 0 0 -0.024957 -0.0934672 1.14497
47 0.784531 0 0 -0.0115689 0.00645265 1.17662
48 0 0 0 0 0 0
49 -5.57595 -13.7447 -1.43082 0.366022 -0.0440098 3.042
50 0 0.596889 0 0 0 0
51 -0.496887 -0.18884 0.286781 0 0 0
52 -0.496891 -0.188822 -0.287057 0 0 0
53 0 -0.188841 -0.573975 0 0 0
54 0.497047 -0.188822 -0.287067 0 0 0
55 0.496964 -0.188841 0.286781 0 0 0
56 0 -0.188821 0.5737 0 0 0
57 -5.28653 -16.838 -4.47208 -0.065124 -0.0251808 0.378265
58 -2.78317 19.9341 -14.3696 -0.366022 0.0440098 -0.0995961
59 -8.02017 -13.3119 -4.56645 0 0 0
60 2.53441 1.41133 1.00972 -0.366022 0.0440098 -0.0995961
61 0 -1.62574 0.0514202 -0.200015 0 -3.14159
62 0.13243 -3.80692 0.219369 0 0 -3.14159
63 0.132428 -1.32347 1.10768 0 0 0
64 0 2.7745 0 0 0 0
65 0 -0.750145 1.01704 0 0 -3.14159
time 20
0 3.34582 10.992 -7.01801 0.000934124 0 -1.17275
1 6.02794 0 0 -0.56387 0.443768 -0.36114
2 11.7344 0 0 -0.0014029 0 -1.4154
3 8.81139 -0.000450134 -0.000112057 -1.18446 0 0.000157392
4 5.77839 0.000286102 0 -0.793589 0 0.000101295
5 2.23164 -0.000329971 -0.000363827 -0.390872 0 0
6 11.4725 0 0 -1.27228 -0.320169 0.678137
7 0.615219 -0.993092 -0.8107 2.3606 0.0522831 -0.392226
8 2.24752 0 0 0.0917528 0.25842 -0.102372
9 1.11936 0 0 0.049337 0.0785232 -0.629448
10 3.71348 -0.102642 0.102191 1.77126 0.869992 0.142171
11 1.72615 0 0 0.013477 -0.00733106 -0.811382
12 1.21114 0 0 0.00873795 0.015128 -0.772911
13 3.59919 -1.06012 0.0708885 1.87281 0.766148 0.187134
14 1.66069 0 0 -0.0196 0.044389 -0.726687
15 1.167 0 0 0.00841008 -0.008394 -0.438997
16 2.18852 0.50104 0.0576591 1.57366 -0.0281251 0.156362
17 1.29609 0 0 0.078558 0.027053 -1.07235
18 1.62202 0.000713348 -0.000471115 0.00740302 -0.022111 -0.784236
19 1.22241 0 0 0.000236988 0.00592996 -0.707337
20 1.76707 1.27612 0.0366411 1.57458 0.205155 0.106808
21 1.55588 0 0 -0.027374 0.017704 -0.702262
22 1.24274 0 0 -0.000479013 0.00036101 -1.15419
23 0.784523 0 0 0.00636402 -0.003228 -0.741041
24 -1.93761 8.15134 -8.4565 -0.000932693 0 3.14159
25 6.02794 0 0 0.814668 0.429628 1.24949
26 11.7344 0 0 0.00140272 0 1.50298
27 8.81167 0 0 -0.112645 0 0
28 5.77884 0 0 -0.0754722 0 0
29 2.23249 0 0 -0.0371729 0 0
30 11.4725 0 0 0.586643 -0.608697 -0.966428
31 0.615813 0.994372 -0.809165 2.98233 0.402638 0.136051
32 2.24752 0 0 -0.19033 -0.0267982 0.151876
33 1.11936 0 0 -0.244493 0.180804 0.323019
34 3.71349 0.102638 0.102191 -1.89161 0.958008 -0.514704
35 1.72615 0 0 -0.0322383 -0.0935535 1.46129
36 1.21112 0 0 0.00965709 0.00709789 1.19665
37 3.5992 1.06012 0.0708878 -1.52893 0.439015 -0.0439722
38 1.66069 0 0 0.00856656 0.0622067 0.388004
39 1.16699 0 0 0.0162608 0.00663708 0.678352
40 2.18853 -0.501041 0.0576586 -1.57278 0.0333875 -0.245473
41 1.29609 0 0 -0.0511878 0.0861315 0.870996
42 1.62202 -0.000714302 -0.000470161 -0.0479591 -0.0941553 1.54934
43 1.22241 0 0 0.0319454 0.00844737 1.16733
44 1.76707 -1.27612 0.0366407 -1.53197 0.117513 -0.244895
45 1.55587 0 0 -0.0186128 0.0509371 0.79924
46 1.24273 0 0 -0.024957 -0.0934672 1.14497
47 0.784532 0 0 -0.0115688 0.00645265 1.17662
48 0 0 0 0 0 0
49 -5.66649 -13.7682 -1.45983 0.373584 -0.0450644 3.02661
50 0 0.596889 0 0 0 0
51 -0.496888 -0.18884 0.286781 0 0 0
52 -0.496892 -0.188822 -0.287058 0 0 0
53 0 -0.188841 -0.573975 0 0 0
54 0.497047 -0.188822 -0.287067 0 0 0
55 0.496963 -0.188841 0.286781 0 0 0
56 0 -0.188823 0.5737 0 0 0
57 -5.28653 -16.838 -4.47208 -0.065124 -0.0251808 0.378265
58 -2.39217 19.7683 -14.6529 -0.373584 0.0450644 -0.114983
59 -8.02017 -13.3119 -4.56645 0 0 0
60 2.46753 1.37053 0.966938 -0.373584 0.0450644 -0.114983
61 0 -1.63826 0.0514078 -0.181979 0 -3.14159
62 0.132429 -3.80692 0.21937 0 0 -3.14159
63 0.132428 -1.32347 1.10768 0 0 0
64 0 2.7745 0 0 0 0
65 0 -0.750145 1.01704 0 0 -3.14159
time 21
0 3.34582 10.992 -7.01801 0.000934124 0 -1.17275
1 6.02794 0 0 -0.580547 0.451493 -0.373714
2 11.7344 0 0 -0.00140289 0 -1.39675
3 8.81139 -0.000449181 -0.000112534 -1.16941 0 0.000157579
4 5.77839 0.000287056 0 -0.783505 0 0.000101324
5 2.23163 -0.000329018 -0.00036478 -0.385905 0 0
6 11.4725 0 0 -1.25203 -0.321058 0.643075
7 0.615218 -0.993092 -0.8107 2.3606 0.0522832 -0.392226
8 2.24752 0 0 0.0917528 0.25842 -0.102372
9 1.11936 0 0 0.0493369 0.0785231 -0.629449
10 3.71348 -0.102641 0.10219 1.77126 0.869992 0.142171
11 1.72615 0 0 0.013477 -0.00733099 -0.811382
12 1.21114 0 0 0.00873801 0.015128 -0.772911
13 3.59919 -1.06012 0.070888 1.87281 0.766148 0.187134
14 1.66069 0 0 -0.0196 0.044389 -0.726687
15 1.167 0 0 0.00841002 -0.008394 -0.438997
16 2.18853 0.50104 0.0576591 1.57366 -0.0281249 0.156362
17 1.29609 0 0 0.078558 0.0270529 -1.07235
18 1.62202 0.000715256 -0.000471115 0.00740301 -0.022111 -0.784236
19 1.22241 0 0 0.000236971 0.00592998 -0.707337
20 1.76707 1.27612 0.0366406 1.57458 0.205155 0.106808
21 1.55588 0 0 -0.027374 0.017704 -0.702262
22 1.24273 0 0 -0.000478968 0.000360968 -1.15419
23 0.784523 0 0 0.00636402 -0.003228 -0.741041
24 -1.93761 7.9432 -8.67506 -0.000932693 0 3.14159
25 6.02794 0 0 0.845793 0.439803 1.2624
26 11.7344 0 0 0.00140273 0 1.51505
27 8.81167 0 0 -0.154527 0 0
28 5.77884 0 0 -0.103533 0 0
29 2.23249 0 0 -0.0509937 0 0
30 11.4725 0 0 0.545831 -0.623796 -0.955514
31 0.615813 0.994372 -0.809166 2.98233 0.402638 0.136051
32 2.24752 0 0 -0.19033 -0.0267983 0.151876
33 1.11936 0 0 -0.244493 0.180804 0.323019
34 3.71349 0.102639 0.102191 -1.89161 0.958008 -0.514705
35 1.72615 0 0 -0.0322383 -0.0935536 1.46129
36 1.21112 0 0 0.00965707 0.00709788 1.19665
37 3.5992 1.06012 0.0708876 -1.52662 0.440105 -0.038403
38 1.66069 0 0 0.00755658 0.0621862 0.372111
39 1.16699 0 0 0.0159895 0.00694402 0.655014
40 2.18853 -0.50104 0.0576592 -1.57278 0.0333875 -0.245473
41 1.29609 0 0 -0.0511878 0.0861315 0.870996
42 1.62202 -0.000713348 -0.000469685 -0.0479591 -0.0941553 1.54934
43 1.22241 0 0 0.0319454 0.00844738 1.16733
44 1.76707 -1.27612 0.0366404 -1.53196 0.117513 -0.244895
45 1.55588 0 0 -0.0186128 0.0509371 0.79924
46 1.24273 0 0 -0.024957 -0.0934672 1.14497
47 0.784532 0 0 -0.0115689 0.00645266 1.17662
48 0 0 0 0 0 0
49 -5.74927 -13.8149 -1.49619 0.383208 -0.0469609 3.01405
50 0 0.596889 0 0 0 0
51 -0.496887 -0.18884 0.286781 0 0 0
52 -0.496891 -0.18882 -0.287058 0 0 0
53 0 -0.18884 -0.573975 0 0 0
54 0.497047 -0.188821 -0.287067 0 0 0
55 0.496964 -0.18884 0.286781 0 0 0
56 0 -0.18882 0.573699 0 0 0
57 -5.28653 -16.838 -4.47208 -0.065124 -0.0251808 0.378265
58 -2.11015 19.5553 -15.0114 -0.383208 0.0469609 -0.127546
59 -8.02017 -13.3119 -4.56645 0 0 0
60 2.40022 1.30233 0.913292 -0.383208 0.0469609 -0.127546
61 0 -1.65103 0.0513954 -0.163588 0 -3.14159
62 0.132429 -3.80692 0.21937 0 0 -3.14159
63 0.132428 -1.32347 1.10768 0 0 0
64 0 2.7745 0 0 0 0
65 0 -0.750145 1.01704 0 0 -3.14159
time 22
0 3.34582 10.992 -7.01801 0.000934124 0 -1.17275
1 6.02794 0 0 -0.598204 0.458711 -0.388925
2 11.7344 0 0 -0.00140288 0 -1.37542
3 8.81139 -0.000448227 -0.000112057 -1.15552 0 0.000157013
4 5.77839 0.000286102 0 -0.774196 0 0.000101053
5 2.23164 -0.000329971 -0.00036335 -0.381321 0 0
6 11.4725 0 0 -1.23235 -0.327727 0.608462
7 0.615219 -0.993091 -0.8107 2.3606 0.0522833 -0.392226
8 2.24752 0 0 0.0917528 0.25842 -0.102372
9 1.11936 0 0 0.049337 0.0785232 -0.629448
10 3.71348 -0.10264 0.102191 1.77126 0.869992 0.142171
11 1.72615 0 0 0.013477 -0.00733096 -0.811382
12 1.21114 0 0 0.00873799 0.015128 -0.772911
13 3.59919 -1.06012 0.070888 1.87281 0.766148 0.187134
14 1.66069 0 0 -0.0196 0.044389 -0.726687
15 1.167 0 0 0.00840998 -0.008394 -0.438997
16 2.18852 0.50104 0.0576591 1.57366 -0.0281251 0.156362
17 1.29609 0 0 0.078558 0.027053 -1.07235
18 1.62202 0.000714302 -0.000471115 0.00740301 -0.022111 -0.784236
19 1.22241 0 0 0.000236972 0.00592998 -0.707337
20 1.76707 1.27612 0.0366411 1.57458 0.205155 0.106808
21 1.55588 0 0 -0.027374 0.017704 -0.702262
22 1.24274 0 0 -0.000478999 0.000360947 -1.15419
23 0.784523 0 0 0.00636398 -0.00322798 -0.741041
24 -1.93761 7.73066 -8.89822 -0.000932693 0 3.14159
25 6.02794 0 0 0.879434 0.450584 1.2756
26 11.7344 0 0 0.00140266 0 1.5269
27 8.81167 0 0 -0.188775 0 0
28 5.77884 0 0 -0.126479 0 0
29 2.23249 0 0 -0.0622957 0 0
30 11.4725 0 0 0.49772 -0.634789 -0.934164
31 0.615812 0.994373 -0.809165 2.98233 0.402638 0.136051
32 2.24752 0 0 -0.190329 -0.0267983 0.151876
33 1.11936 0 0 -0.244494 0.180804 0.323019
34 3.71349 0.10264 0.102191 -1.89161 0.958008 -0.514705
35 1.72615 0 0 -0.0322383 -0.0935535 1.46129
36 1.21112 0 0 0.00965709 0.00709787 1.19665
37 3.5992 1.06012 0.0708885 -1.52426 0.441222 -0.0326923
38 1.66069 0 0 0.00650379 0.0621671 0.35554
39 1.16699 0 0 0.0157063 0.00726398 0.630683
40 2.18853 -0.50104 0.0576592 -1.57278 0.0333873 -0.245473
41 1.29609 0 0 -0.0511878 0.0861315 0.870996
42 1.62202 -0.000713348 -0.000470161 -0.0479592 -0.0941553 1.54934
43 1.22241 0 0 0.0319454 0.00844738 1.16732
44 1.76707 -1.27612 0.0366404 -1.53197 0.117513 -0.244895
45 1.55588 0 0 -0.0186128 0.0509371 0.79924
46 1.24273 0 0 -0.024957 -0.0934672 1.14497
47 0.784531 0 0 -0.0115689 0.00645267 1.17662
48 0 0 0 0 0 0
49 -5.82549 -13.8622 -1.52637 0.395385 -0.0513412 3.00568
50 0 0.596889 0 0 0 0
51 -0.496887 -0.18884 0.286781 0 0 0
52 -0.496891 -0.188821 -0.287058 0 0 0
53 0 -0.188842 -0.573975 0 0 0
54 0.497048 -0.188822 -0.287067 0 0 0
55 0.496964 -0.188841 0.286781 0 0 0
56 0 -0.188822 0.573699 0 0 0
57 -5.28653 -16.838 -4.47208 -0.065124 -0.0251808 0.378265
58 -2.00939 19.3216 -15.4458 -0.395385 0.0513412 -0.135911
59 -8.02017 -13.3119 -4.56645 0 0 0
60 2.32505 1.22914 0.861756 -0.395385 0.0513412 -0.135911
61 0 -1.66388 0.051383 -0.145078 0 -3.14159
62 0.132429 -3.80691 0.21937 0 0 -3.14159
63 0.132428 -1.32347 1.10768 0 0 0
64 0 2.7745 0 0 0 0
65 0 -0.750145 1.01704 0 0 -3.14159
time 23
0 3.34582 10.992 -7.01801 0.000934124 0 -1.17275
1 6.02794 0 0 -0.616294 0.465088 -0.407431
2 11.7344 0 0 -0.00140287 0 -1.35376
3 8.81139 -0.000450134 -0.00011301 -1.14668 0 0.000157487
4 5.77839 0.000286102 0 -0.768278 0 0.00010126
5 2.23164 -0.000329018 -0.000363827 -0.378406 0 0
6 11.4725 0 0 -1.21765 -0.340481 0.579311
7 0.615219 -0.993092 -0.810701 2.3606 0.0522832 -0.392226
8 2.24752 0 0 0.0917528 0.25842 -0.102372
9 1.11936 0 0 0.0493369 0.0785231 -0.629448
10 3.71348 -0.10264 0.102191 1.77126 0.869992 0.142171
11 1.72615 0 0 0.0134769 -0.00733096 -0.811382
12 1.21114 0 0 0.00873807 0.015128 -0.772911
13 3.59919 -1.06012 0.0708885 1.87281 0.766148 0.187134
14 1.66069 0 0 -0.0196 0.044389 -0.726687
15 1.167 0 0 0.00841003 -0.00839403 -0.438997
16 2.18853 0.50104 0.0576591 1.57366 -0.0281249 0.156362
17 1.29609 0 0 0.078558 0.027053 -1.07235
18 1.62202 0.000713348 -0.000471115 0.00740297 -0.0221109 -0.784236
19 1.22241 0 0 0.000236985 0.00592999 -0.707337
20 1.76707 1.27612 0.0366411 1.57458 0.205155 0.106808
21 1.55588 0 0 -0.027374 0.017704 -0.702262
22 1.24274 0 0 -0.000479 0.000361018 -1.15419
23 0.784524 0 0 0.00636401 -0.00322804 -0.741041
24 -1.93761 7.51484 -9.12485 -0.000932693 0 3.14159
25 6.02794 0 0 0.916795 0.462079 1.28833
26 11.7344 0 0 0.00140268 0 1.54191
27 8.81167 0 0 -0.218883 0 0
28 5.77884 0 0 -0.146652 0 0
29 2.23249 0 0 -0.0722314 0 0
30 11.4725 0 0 0.438552 -0.637317 -0.905705
31 0.615813 0.994372 -0.809166 2.98233 0.402638 0.136051
32 2.24752 0 0 -0.19033 -0.0267983 0.151876
33 1.11936 0 0 -0.244494 0.180804 0.323019
34 3.71349 0.102639 0.102191 -1.89161 0.958007 -0.514705
35 1.72615 0 0 -0.0322383 -0.0935536 1.46129
36 1.21112 0 0 0.00965707 0.00709787 1.19665
37 3.5992 1.06012 0.0708881 -1.52185 0.44236 -0.0268721
38 1.66069 0 0 0.00541517 0.0621492 0.338406
39 1.16699 0 0 0.0154135 0.00759486 0.605523
40 2.18853 -0.50104 0.0576589 -1.57278 0.0333874 -0.245473
41 1.29609 0 0 -0.0511878 0.0861315 0.870996
42 1.62202 -0.000713348 -0.000469685 -0.0479591 -0.0941553 1.54934
43 1.22241 0 0 0.0319454 0.00844737 1.16733
44 1.76707 -1.27612 0.0366405 -1.53197 0.117513 -0.244895
45 1.55587 0 0 -0.0186128 0.0509371 0.79924
46 1.24273 0 0 -0.024957 -0.0934672 1.14497
47 0.784532 0 0 -0.0115688 0.00645265 1.17662
48 0 0 0 0 0 0
49 -5.89668 -13.8943 -1.54269 0.407487 -0.0612198 3.00174
50 0 0.59689 0 0 0 0
51 -0.496887 -0.188841 0.286781 0 0 0
52 -0.496891 -0.188822 -0.287058 0 0 0
53 0 -0.188841 -0.573975 0 0 0
54 0.497048 -0.188822 -0.287067 0 0 0
55 0.496964 -0.18884 0.286781 0 0 0
56 0 -0.188823 0.573699 0 0 0
57 -5.28653 -16.838 -4.47208 -0.065124 -0.0251808 0.378265
58 -2.13426 19.1273 -15.8567 -0.407487 0.0612197 -0.139851
59 -8.02017 -13.3119 -4.56645 0 0 0
60 2.23457 1.17337 0.825306 -0.407487 0.0612197 -0.139851
61 0 -1.67665 0.0513716 -0.126686 0 -3.14159
62 0.132429 -3.80691 0.21937 0 0 -3.14159
63 0.132428 -1.32347 1.10768 0 0 0
64 0 2.7745 0 0 0 0
65 0 -0.750144 1.01704 0 0 -3.14159
time 24
0 3.34582 10.992 -7.01801 0.000934124 0 -1.17275
1 6.02794 0 0 -0.634773 0.470172 -0.429511
2 11.7344 0 0 -0.00140285 0 -1.3311
3 8.81138 -0.000450134 -0.00011158 -1.14381 0 0.000157641
4 5.77839 0.000286102 0 -0.766354 0 0.000101446
5 2.23163 -0.000329971 -0.000362873 -0.377458 0 0
6 11.4725 0 0 -1.20879 -0.358055 0.55571
7 0.615218 -0.993092 -0.8107 2.3606 0.0522833 -0.392226
8 2.24752 0 0 0.0917528 0.25842 -0.102372
9 1.11936 0 0 0.0493371 0.0785232 -0.629448
10 3.71348 -0.102642 0.102191 1.77126 0.869992 0.142171
11 1.72615 0 0 0.013477 -0.00733104 -0.811382
12 1.21114 0 0 0.00873794 0.015128 -0.772911
13 3.59919 -1.06012 0.070888 1.87281 0.766148 0.187134
14 1.66069 0 0 -0.0196 0.044389 -0.726687
15 1.167 0 0 0.00841 -0.00839396 -0.438997
16 2.18852 0.50104 0.0576596 1.57366 -0.0281251 0.156362
17 1.29609 0 0 0.0785579 0.027053 -1.07235
18 1.62202 0.000715256 -0.000471115 0.00740301 -0.022111 -0.784236
19 1.22241 0 0 0.000237017 0.00592997 -0.707337
20 1.76707 1.27612 0.0366416 1.57458 0.205155 0.106808
21 1.55588 0 0 -0.027374 0.017704 -0.702262
22 1.24274 0 0 -0.000479025 0.000361001 -1.15419
23 0.784523 0 0 0.00636399 -0.00322798 -0.741041
24 -1.93761 7.29683 -9.35377 -0.000932693 0 3.14159
25 6.02794 0 0 0.958411 0.473669 1.30098
26 11.7344 0 0 0.00140279 0 1.55907
27 8.81167 0 0 -0.245394 0 0
28 5.77884 0 0 -0.164414 0 0
29 2.23249 0 0 -0.0809799 0 0
30 11.4725 0 0 0.369677 -0.629884 -0.872975
31 0.615813 0.994372 -0.809165 2.98233 0.402638 0.136051
32 2.24752 0 0 -0.19033 -0.0267983 0.151876
33 1.11936 0 0 -0.244494 0.180804 0.323019
34 3.71349 0.102639 0.102191 -1.89161 0.958008 -0.514705
35 1.72615 0 0 -0.0322383 -0.0935536 1.46129
36 1.21112 0 0 0.0096571 0.00709787 1.19665
37 3.5992 1.06012 0.0708882 -1.5194 0.443514 -0.0209736
38 1.66069 0 0 0.0042979 0.0621326 0.320819
39 1.16699 0 0 0.0151131 0.00793446 0.579699
40 2.18853 -0.501041 0.0576591 -1.57278 0.0333874 -0.245473
41 1.29609 0 0 -0.0511878 0.0861315 0.870996
42 1.62202 -0.000714302 -0.000470161 -0.0479591 -0.0941553 1.54934
43 1.22241 0 0 0.0319454 0.00844737 1.16733
44 1.76707 -1.27612 0.0366411 -1.53197 0.117513 -0.244895
45 1.55588 0 0 -0.0186128 0.0509371 0.79924
46 1.24273 0 0 -0.024957 -0.0934672 1.14497
47 0.784532 0 0 -0.0115688 0.00645263 1.17662
48 0 0 0 0 0 0
49 -5.97406 -13.9237 -1.5497 0.418013 -0.0766375 3.00128
50 0 0.596889 0 0 0 0
51 -0.496886 -0.188841 0.286782 0 0 0
52 -0.496891 -0.188823 -0.287057 0 0 0
53 0 -0.188841 -0.573974 0 0 0
54 0.497047 -0.188822 -0.287067 0 0 0
55 0.496964 -0.188841 0.286781 0 0 0
56 0 -0.188822 0.5737 0 0 0
57 -5.28653 -16.838 -4.47208 -0.065124 -0.0251808 0.378265
58 -2.46254 18.9794 -16.1964 -0.418013 0.0766375 -0.140316
59 -8.02017 -13.3119 -4.56645 0 0 0
60 2.11982 1.12581 0.802346 -0.418013 0.0766375 -0.140316
61 0 -1.68918 0.0513592 -0.10865 0 -3.14159
62 0.132429 -3.80691 0.21937 0 0 -3.14159
63 0.132428 -1.32347 1.10768 0 0 0
64 0 2.7745 0 0 0 0
65 0 -0.750145 1.01704 0 0 -3.14159
time 25
0 3.34582 10.992 -7.01801 0.000934124 0 -1.17275
1 6.02794 0 0 -0.654238 0.473352 -0.455218
2 11.7344 0 0 -0.00140289 0 -1.30376
3 8.81139 -0.000449181 -0.000111818 -1.14363 0 0.000157045
4 5.77839 0.000286102 0 -0.766232 0 0.000101087
5 2.23163 -0.000329971 -0.000365257 -0.377398 0 0
6 11.4725 0 0 -1.20179 -0.380249 0.532224
7 0.615219 -0.993092 -0.8107 2.3606 0.0522831 -0.392226
8 2.24752 0 0 0.0917529 0.25842 -0.102372
9 1.11936 0 0 0.0493369 0.0785231 -0.629449
10 3.71348 -0.102641 0.102191 1.77126 0.869992 0.142171
11 1.72615 0 0 0.0134769 -0.00733099 -0.811382
12 1.21114 0 0 0.00873798 0.015128 -0.772911
13 3.59919 -1.06012 0.070888 1.87281 0.766148 0.187134
14 1.66069 0 0 -0.0196 0.044389 -0.726687
15 1.167 0 0 0.00841002 -0.008394 -0.438997
16 2.18853 0.50104 0.0576587 1.57366 -0.028125 0.156362
17 1.2961 0 0 0.078558 0.027053 -1.07235
18 1.62202 0.000714302 -0.000471115 0.00740297 -0.022111 -0.784236
19 1.22241 0 0 0.000236992 0.00592999 -0.707337
20 1.76707 1.27612 0.0366416 1.57458 0.205155 0.106808
21 1.55588 0 0 -0.027374 0.0177041 -0.702262
22 1.24273 0 0 -0.000478949 0.00036098 -1.15419
23 0.784523 0 0 0.00636403 -0.00322803 -0.741041
24 -1.93761 7.07772 -9.58385 -0.000932693 0 3.14159
25 6.02794 0 0 1.00363 0.484725 1.31432
26 11.7344 0 0 0.00140268 0 1.57476
27 8.81167 0 0 -0.265448 0 0
28 5.77884 0 0 -0.17785 0 0
29 2.23249 0 0 -0.0875978 0 0
30 11.4725 0 0 0.296245 -0.614104 -0.834824
31 0.615813 0.994371 -0.809165 2.98233 0.402638 0.136051
32 2.24752 0 0 -0.19033 -0.0267983 0.151876
33 1.11936 0 0 -0.244493 0.180804 0.323019
34 3.71349 0.102638 0.102192 -1.89161 0.958008 -0.514705
35 1.72615 0 0 -0.0322383 -0.0935536 1.46129
36 1.21112 0 0 0.00965709 0.00709785 1.19665
37 3.5992 1.06012 0.0708882 -1.51694 0.444677 -0.0150273
38 1.66069 0 0 0.0031592 0.0621171 0.302895
39 1.16699 0 0 0.0148069 0.00828059 0.553379
40 2.18853 -0.501041 0.0576599 -1.57278 0.0333875 -0.245473
41 1.29609 0 0 -0.0511878 0.0861315 0.870996
42 1.62202 -0.000714302 -0.000469208 -0.0479591 -0.0941554 1.54934
43 1.22241 0 0 0.0319454 0.00844739 1.16733
44 1.76707 -1.27612 0.0366409 -1.53197 0.117513 -0.244895
45 1.55588 0 0 -0.0186128 0.0509371 0.79924
46 1.24273 0 0 -0.024957 -0.0934672 1.14497
47 0.784532 0 0 -0.0115689 0.00645267 1.17662
48 0 0 0 0 0 0
49 -6.06447 -13.9669 -1.55399 0.429145 -0.0947761 3.0039
50 0 0.596889 0 0 0 0
51 -0.496887 -0.18884 0.286782 0 0 0
52 -0.496891 -0.188821 -0.287058 0 0 0
53 0 -0.188841 -0.573975 0 0 0
54 0.497047 -0.188822 -0.287067 0 0 0
55 0.496963 -0.18884 0.286781 0 0 0
56 0 -0.188821 0.5737 0 0 0
57 -5.28653 -16.838 -4.47208 -0.065124 -0.0251808 0.378265
58 -2.9593 18.8226 -16.5435 -0.429145 0.094776 -0.137695
59 -8.02017 -13.3119 -4.56645 0 0 0
60 1.97989 1.06402 0.782453 -0.429145 0.094776 -0.137695
61 0 -1.70129 0.0513468 -0.0912069 0 -3.14159
62 0.132429 -3.80692 0.21937 0 0 -3.14159
63 0.132428 -1.32347 1.10768 0 0 0
64 0 2.7745 0 0 0 0
65 0 -0.750145 1.01704 0 0 -3.14159
time 26
0 3.34582 10.992 -7.01801 0.000934124 0 -1.17275
1 6.02794 0 0 -0.675121 0.474442 -0.483863
2 11.7344 0 0 -0.00140291 0 -1.2711
3 8.81138 -0.000450134 -0.000111103 -1.14207 0 0.000157267
4 5.77839 0.000286102 0 -0.765188 0 0.000101217
5 2.23164 -0.000329971 -0.00036335 -0.376884 0 0
6 11.4725 0 0 -1.1924 -0.406549 0.505462
7 0.615218 -0.993091 -0.8107 2.3606 0.0522831 -0.392226
8 2.24752 0 0 0.0917529 0.25842 -0.102372
9 1.11936 0 0 0.0493369 0.0785231 -0.629448
10 3.71348 -0.102641 0.102191 1.77126 0.869992 0.142171
11 1.72615 0 0 0.013477 -0.00733104 -0.811382
12 1.21114 0 0 0.008738 0.015128 -0.772911
13 3.59919 -1.06012 0.070888 1.87281 0.766148 0.187134
14 1.66069 0 0 -0.0196 0.044389 -0.726687
15 1.167 0 0 0.00841 -0.00839396 -0.438997
16 2.18853 0.50104 0.0576587 1.57366 -0.028125 0.156362
17 1.29609 0 0 0.078558 0.027053 -1.07235
18 1.62202 0.000714302 -0.000470161 0.00740301 -0.022111 -0.784236
19 1.22241 0 0 0.000237006 0.00593 -0.707337
20 1.76707 1.27612 0.0366406 1.57458 0.205155 0.106808
21 1.55588 0 0 -0.027374 0.017704 -0.702262
22 1.24274 0 0 -0.000479 0.000360982 -1.15419
23 0.784523 0 0 0.00636403 -0.00322796 -0.741041
24 -1.93761 6.85861 -9.81392 -0.000932693 0 3.14159
25 6.02794 0 0 1.05157 0.494919 1.32866
26 11.7344 0 0 0.00140269 0 1.58812
27 8.81167 0 0 -0.278868 0 0
28 5.77884 0 0 -0.186842 0 0
29 2.23249 0 0 -0.0920266 0 0
30 11.4725 0 0 0.22316 -0.591789 -0.791977
31 0.615812 0.994372 -0.809166 2.98233 0.402638 0.136052
32 2.24752 0 0 -0.190329 -0.0267983 0.151876
33 1.11936 0 0 -0.244494 0.180804 0.323019
34 3.71349 0.102639 0.10219 -1.89161 0.958008 -0.514705
35 1.72615 0 0 -0.0322383 -0.0935536 1.46129
36 1.21112 0 0 0.0096571 0.0070979 1.19665
37 3.5992 1.06012 0.0708884 -1.51447 0.445843 -0.0090659
38 1.66069 0 0 0.00200576 0.0621027 0.284745
39 1.16699 0 0 0.0144969 0.00863106 0.526728
40 2.18853 -0.50104 0.0576587 -1.57278 0.0333875 -0.245473
41 1.29609 0 0 -0.0511878 0.0861315 0.870996
42 1.62202 -0.000714302 -0.000471115 -0.0479592 -0.0941553 1.54934
43 1.22241 0 0 0.0319454 0.00844738 1.16733
44 1.76707 -1.27612 0.0366403 -1.53197 0.117513 -0.244895
45 1.55588 0 0 -0.0186128 0.0509371 0.79924
46 1.24273 0 0 -0.024957 -0.0934672 1.14497
47 0.784532 0 0 -0.0115689 0.00645266 1.17662
48 0 0 0 0 0 0
49 -6.1691 -14.0151 -1.55188 0.443067 -0.112817 3.00921
50 0 0.596889 0 0 0 0
51 -0.496887 -0.188841 0.286781 0 0 0
52 -0.496891 -0.188822 -0.287058 0 0 0
53 0 -0.18884 -0.573975 0 0 0
54 0.497047 -0.188822 -0.287067 0 0 0
55 0.496964 -0.188841 0.286781 0 0 0
56 0 -0.188823 0.5737 0 0 0
57 -5.28653 -16.838 -4.47208 -0.065124 -0.0251808 0.378265
58 -3.58509 18.6219 -16.9669 -0.443067 0.112817 -0.132381
59 -8.02017 -13.3119 -4.56645 0 0 0
60 1.81952 0.990505 0.765368 -0.443067 0.112817 -0.132381
61 0 -1.71282 0.0513363 -0.0745934 0 -3.14159
62 0.132429 -3.80692 0.219371 0 0 -3.14159
63 0.132428 -1.32347 1.10768 0 0 0
64 0 2.7745 0 0 0 0
65 0 -0.750145 1.01704 0 0 -3.14159
time 27
0 3.34582 10.992 -7.01801 0.000934124 0 -1.17275
1 6.02794 0 0 -0.697759 0.473507 -0.514427
2 11.7344 0 0 -0.0014029 0 -1.23323
3 8.81139 -0.000450134 -0.000112057 -1.13484 0 0.000157713
4 5.77839 0.000286102 0 -0.760342 0 0.00010153
5 2.23164 -0.000329018 -0.00036335 -0.374497 0 0
6 11.4725 0 0 -1.17605 -0.436189 0.47218
7 0.615219 -0.993092 -0.8107 2.3606 0.0522832 -0.392226
8 2.24752 0 0 0.0917528 0.25842 -0.102372
9 1.11936 0 0 0.049337 0.0785231 -0.629449
10 3.71348 -0.10264 0.102191 1.77126 0.869992 0.142171
11 1.72615 0 0 0.013477 -0.00733103 -0.811382
12 1.21114 0 0 0.00873803 0.015128 -0.772911
13 3.59919 -1.06012 0.070888 1.87281 0.766148 0.187134
14 1.66069 0 0 -0.0196 0.044389 -0.726687
15 1.167 0 0 0.00841003 -0.00839395 -0.438997
16 2.18852 0.50104 0.0576591 1.57366 -0.0281249 0.156362
17 1.29609 0 0 0.078558 0.027053 -1.07235
18 1.62202 0.000714302 -0.000471115 0.00740301 -0.022111 -0.784236
19 1.22241 0 0 0.000237016 0.00592997 -0.707337
20 1.76707 1.27612 0.0366416 1.57458 0.205155 0.106808
21 1.55588 0 0 -0.027374 0.017704 -0.702262
22 1.24273 0 0 -0.000478942 0.000360949 -1.15419
23 0.784524 0 0 0.00636395 -0.00322796 -0.741041
24 -1.93761 6.6406 -10.0428 -0.000932693 0 3.14159
25 6.02794 0 0 1.10127 0.503868 1.34424
26 11.7344 0 0 0.00140272 0 1.59804
27 8.81167 0 0 -0.285426 0 0
28 5.77884 0 0 -0.191235 0 0
29 2.23249 0 0 -0.0941905 0 0
30 11.4725 0 0 0.154935 -0.564987 -0.744307
31 0.615813 0.994371 -0.809165 2.98233 0.402638 0.136051
32 2.24752 0 0 -0.190329 -0.0267982 0.151876
33 1.11936 0 0 -0.244494 0.180804 0.323019
34 3.71348 0.102638 0.102191 -1.89161 0.958008 -0.514705
35 1.72615 0 0 -0.0322383 -0.0935535 1.46129
36 1.21112 0 0 0.00965706 0.00709789 1.19665
37 3.5992 1.06012 0.0708883 -1.51201 0.447006 -0.00311984
38 1.66069 0 0 0.000845642 0.0620895 0.266481
39 1.16699 0 0 0.0141846 0.00898374 0.49991
40 2.18853 -0.501041 0.0576591 -1.57278 0.0333874 -0.245473
41 1.29609 0 0 -0.0511878 0.0861315 0.870996
42 1.62202 -0.000713348 -0.000469208 -0.0479591 -0.0941553 1.54934
43 1.22241 0 0 0.0319454 0.0084474 1.16733
44 1.76707 -1.27612 0.0366406 -1.53197 0.117513 -0.244895
45 1.55588 0 0 -0.0186128 0.0509371 0.79924
46 1.24273 0 0 -0.024957 -0.0934672 1.14497
47 0.784532 0 0 -0.0115688 0.00645266 1.17662
48 0 0 0 0 0 0
49 -6.28926 -14.0595 -1.53955 0.461961 -0.127942 3.01683
50 0 0.596889 0 0 0 0
51 -0.496888 -0.18884 0.286781 0 0 0
52 -0.496891 -0.188822 -0.287058 0 0 0
53 0 -0.188841 -0.573975 0 0 0
54 0.497047 -0.188822 -0.287066 0 0 0
55 0.496963 -0.188841 0.286781 0 0 0
56 0 -0.188822 0.5737 0 0 0
57 -5.28653 -16.838 -4.47208 -0.065124 -0.0251808 0.378265
58 -4.3001 18.3384 -17.5363 -0.461961 0.127942 -0.124764
59 -8.02017 -13.3119 -4.56645 0 0 0
60 1.64342 0.907795 0.750828 -0.461961 0.127942 -0.124764
61 0 -1.72362 0.0513248 -0.0590465 0 -3.14159
62 0.132429 -3.80692 0.21937 0 0 -3.14159
63 0.132428 -1.32347 1.10768 0 0 0
64 0 2.7745 0 0 0 0
65 0 -0.750145 1.01704 0 0 -3.14159
time 28
0 3.34582 10.992 -7.01801 0.000934124 0 -1.17275
1 6.02794 0 0 -0.722698 0.470439 -0.546144
2 11.7344 0 0 -0.00140275 0 -1.18973
3 8.81139 -0.000450134 -0.00011158 -1.11763 0 0.000157443
4 5.77839 0.000286102 0 -0.748814 0 0.000101352
5 2.23163 -0.000329971 -0.000364304 -0.368819 0 0
6 11.4725 0 0 -1.1477 -0.467944 0.428427
7 0.615219 -0.993092 -0.810701 2.3606 0.052283 -0.392226
8 2.24752 0 0 0.0917528 0.25842 -0.102372
9 1.11936 0 0 0.0493371 0.0785232 -0.629448
10 3.71348 -0.102641 0.10219 1.77126 0.869992 0.142171
11 1.72615 0 0 0.013477 -0.00733104 -0.811382
12 1.21114 0 0 0.00873804 0.015128 -0.772911
13 3.59919 -1.06012 0.0708885 1.87281 0.766148 0.187134
14 1.66069 0 0 -0.0196 0.044389 -0.726687
15 1.167 0 0 0.00841 -0.00839397 -0.438997
16 2.18853 0.501039 0.0576591 1.57366 -0.028125 0.156362
17 1.29609 0 0 0.078558 0.027053 -1.07235
18 1.62202 0.000713348 -0.000471115 0.00740303 -0.022111 -0.784236
19 1.22241 0 0 0.000237041 0.00592994 -0.707337
20 1.76707 1.27612 0.0366411 1.57458 0.205155 0.106808
21 1.55588 0 0 -0.027374 0.017704 -0.702262
22 1.24274 0 0 -0.000479044 0.00036106 -1.15419
23 0.784522 0 0 0.00636398 -0.00322798 -0.741041
24 -1.93761 6.42478 -10.2695 -0.000932693 0 3.14159
25 6.02794 0 0 1.15149 0.51171 1.36089
26 11.7344 0 0 0.00140264 0 1.60445
27 8.81167 0 0 -0.284923 0 0
28 5.77884 0 0 -0.190899 0 0
29 2.23249 0 0 -0.0940248 0 0
30 11.4725 0 0 0.0956203 -0.536071 -0.69144
31 0.615813 0.994372 -0.809166 2.98233 0.402638 0.136051
32 2.24752 0 0 -0.190329 -0.0267982 0.151876
33 1.11936 0 0 -0.244493 0.180804 0.323018
34 3.71349 0.102639 0.102191 -1.89161 0.958008 -0.514705
35 1.72615 0 0 -0.0322383 -0.0935536 1.46129
36 1.21112 0 0 0.00965706 0.00709788 1.19665
37 3.5992 1.06012 0.0708879 -1.50957 0.448159 0.00277873
38 1.66069 0 0 -0.000314564 0.0620773 0.248218
39 1.16699 0 0 0.0138729 0.00933644 0.473093
40 2.18853 -0.501041 0.0576587 -1.57278 0.0333875 -0.245473
41 1.29609 0 0 -0.0511878 0.0861315 0.870996
42 1.62202 -0.000714302 -0.000470161 -0.0479592 -0.0941553 1.54934
43 1.22241 0 0 0.0319454 0.00844737 1.16733
44 1.76707 -1.27612 0.0366406 -1.53197 0.117513 -0.244895
45 1.55588 0 0 -0.0186128 0.0509371 0.79924
46 1.24273 0 0 -0.024957 -0.0934672 1.14497
47 0.784532 0 0 -0.0115689 0.00645265 1.17662
48 0 0 0 0 0 0
49 -6.42677 -14.0911 -1.51333 0.48801 -0.137333 3.02636
50 0 0.596889 0 0 0 0
51 -0.496887 -0.188842 0.286781 0 0 0
52 -0.496891 -0.188823 -0.287058 0 0 0
53 0 -0.188841 -0.573975 0 0 0
54 0.497047 -0.188823 -0.287067 0 0 0
55 0.496964 -0.188842 0.286781 0 0 0
56 0 -0.188823 0.573701 0 0 0
57 -5.28653 -16.838 -4.47208 -0.065124 -0.0251808 0.378265
58 -5.05909 17.9265 -18.3204 -0.48801 0.137333 -0.115235
59 -8.02017 -13.3119 -4.56645 0 0 0
60 1.45632 0.818413 0.738574 -0.48801 0.137333 -0.115235
61 0 -1.73351 0.0513153 -0.0448034 0 -3.14159
62 0.132429 -3.80691 0.21937 0 0 -3.14159
63 0.132429 -1.32347 1.10768 0 0 0
64 0 2.7745 0 0 0 0
65 0 -0.750144 1.01704 0 0 -3.14159
time 29
0 3.34582 10.992 -7.01801 0.000934124 0 -1.17275
1 6.02794 0 0 -0.750572 0.465244 -0.578066
2 11.7344 0 0 -0.0014028 0 -1.14069
3 8.81139 -0.000450134 -0.00011158 -1.08608 0 0.000156907
4 5.77839 0.000286102 0 -0.727671 0 0.00010107
5 2.23164 -0.000329971 -0.00036335 -0.358405 0 0
6 11.4725 0 0 -1.10176 -0.499727 0.369929
7 0.61522 -0.993092 -0.8107 2.3606 0.052283 -0.392226
8 2.24752 0 0 0.0917528 0.25842 -0.102372
9 1.11936 0 0 0.0493371 0.0785231 -0.629448
10 3.71348 -0.102641 0.102191 1.77126 0.869992 0.142171
11 1.72615 0 0 0.013477 -0.00733101 -0.811382
12 1.21114 0 0 0.00873795 0.015128 -0.772911
13 3.59919 -1.06012 0.070888 1.87281 0.766148 0.187134
14 1.66069 0 0 -0.0196 0.044389 -0.726687
15 1.167 0 0 0.00840996 -0.00839406 -0.438997
16 2.18853 0.501039 0.0576591 1.57366 -0.0281251 0.156362
17 1.29609 0 0 0.078558 0.027053 -1.07235
18 1.62202 0.000715256 -0.000471115 0.00740295 -0.022111 -0.784236
19 1.22241 0 0 0.000237028 0.00593007 -0.707337
20 1.76707 1.27612 0.0366411 1.57458 0.205155 0.106808
21 1.55588 0 0 -0.027374 0.0177039 -0.702262
22 1.24274 0 0 -0.000479014 0.000361009 -1.15419
23 0.784522 0 0 0.00636398 -0.00322802 -0.741041
24 -1.93761 6.21224 -10.4926 -0.000932693 0 3.14159
25 6.02794 0 0 1.20105 0.518191 1.3787
26 11.7344 0 0 0.0014028 0 1.6062
27 8.81167 0 0 -0.276441 0 0
28 5.77884 0 0 -0.185215 0 0
29 2.23249 0 0 -0.0912254 0 0
30 11.4725 0 0 0.048738 -0.507936 -0.631779
31 0.615813 0.994372 -0.809165 2.98233 0.402638 0.136051
32 2.24752 0 0 -0.190329 -0.0267981 0.151876
33 1.11936 0 0 -0.244493 0.180804 0.323019
34 3.71349 0.102639 0.102192 -1.89161 0.958008 -0.514705
35 1.72615 0 0 -0.0322383 -0.0935535 1.46129
36 1.21112 0 0 0.00965705 0.00709787 1.19665
37 3.5992 1.06012 0.0708882 -1.50716 0.449298 0.00859893
38 1.66069 0 0 -0.00146794 0.0620662 0.230068
39 1.16699 0 0 0.0135628 0.00968687 0.446441
40 2.18853 -0.50104 0.0576596 -1.57278 0.0333874 -0.245473
41 1.29609 0 0 -0.0511878 0.0861315 0.870996
42 1.62202 -0.000714302 -0.000470161 -0.0479591 -0.0941553 1.54934
43 1.22241 0 0 0.0319454 0.00844738 1.16733
44 1.76707 -1.27612 0.036641 -1.53197 0.117513 -0.244895
45 1.55587 0 0 -0.0186128 0.0509371 0.79924
46 1.24273 0 0 -0.024957 -0.0934673 1.14497
47 0.784532 0 0 -0.0115688 0.00645265 1.17662
48 0 0 0 0 0 0
49 -6.58448 -14.1008 -1.47021 0.523396 -0.138171 3.03741
50 0 0.596889 0 0 0 0
51 -0.496887 -0.188842 0.286781 0 0 0
52 -0.496891 -0.188821 -0.287058 0 0 0
53 0 -0.188841 -0.573975 0 0 0
54 0.497048 -0.188822 -0.287068 0 0 0
55 0.496964 -0.18884 0.286781 0 0 0
56 0 -0.188821 0.5737 0 0 0
57 -5.28653 -16.838 -4.47208 -0.065124 -0.0251808 0.378265
58 -5.80261 17.3305 -19.3848 -0.523396 0.138171 -0.104186
59 -8.02017 -13.3119 -4.56645 0 0 0
60 1.26291 0.724878 0.728344 -0.523396 0.138171 -0.104186
61 0 -1.74233 0.0513077 -0.0321013 0 -3.14159
62 0.13243 -3.80692 0.21937 0 0 -3.14159
63 0.132429 -1.32347 1.10768 0 0 0
64 0 2.7745 0 0 0 0
65 0 -0.750144 1.01704 0 0 -3.14159
time 30
0 3.34582 10.992 -7.01801 0.000934124 0 -1.17275
1 6.02794 0 0 -0.782384 0.457697 -0.609445
2 11.7344 0 0 -0.00140276 0 -1.08581
3 8.81139 -0.000449181 -0.000112534 -1.03594 0 0.000157393
4 5.77839 0.000286102 0 -0.69408 0 0.000101664
5 2.23163 -0.000329971 -0.000364542 -0.341861 0 0
6 11.4725 0 0 -1.03218 -0.527902 0.291628
7 0.615218 -0.993093 -0.8107 2.3606 0.0522831 -0.392226
8 2.24752 0 0 0.0917529 0.25842 -0.102372
9 1.11936 0 0 0.0493369 0.0785231 -0.629448
10 3.71348 -0.102642 0.102191 1.77126 0.869992 0.142171
11 1.72615 0 0 0.013477 -0.00733097 -0.811382
12 1.21114 0 0 0.00873797 0.015128 -0.772911
13 3.59919 -1.06012 0.0708885 1.87281 0.766148 0.187134
14 1.66069 0 0 -0.0196 0.044389 -0.726687
15 1.167 0 0 0.00840998 -0.008394 -0.438997
16 2.18852 0.501038 0.0576591 1.57366 -0.028125 0.156362
17 1.29609 0 0 0.078558 0.027053 -1.07235
18 1.62202 0.000714302 -0.000471115 0.00740303 -0.022111 -0.784236
19 1.22241 0 0 0.000236997 0.00592998 -0.707337
20 1.76707 1.27612 0.0366411 1.57458 0.205155 0.106808
21 1.55588 0 0 -0.027374 0.0177041 -0.702262
22 1.24274 0 0 -0.000478892 0.000360946 -1.15419
23 0.784523 0 0 0.00636402 -0.003228 -0.741041
24 -1.93761 6.0041 -10.7112 -0.000932693 0 3.14159
25 6.02794 0 0 1.24861 0.523163 1.39769
26 11.7344 0 0 0.00140275 0 1.60241
27 8.81167 0 0 -0.258621 0 0
28 5.77884 0 0 -0.173276 0 0
29 2.23249 0 0 -0.0853448 0 0
30 11.4725 0 0 0.017143 -0.484294 -0.563308
31 0.615812 0.994373 -0.809165 2.98233 0.402638 0.136051
32 2.24752 0 0 -0.19033 -0.0267983 0.151876
33 1.11936 0 0 -0.244494 0.180804 0.323019
34 3.71349 0.10264 0.102191 -1.89161 0.958008 -0.514705
35 1.72615 0 0 -0.0322383 -0.0935535 1.46129
36 1.21112 0 0 0.00965709 0.00709785 1.19665
37 3.5992 1.06012 0.070889 -1.50479 0.450414 0.0143096
38 1.66069 0 0 -0.00260671 0.0620559 0.212144
39 1.16699 0 0 0.0132567 0.0100331 0.420121
40 2.18853 -0.50104 0.0576594 -1.57278 0.0333874 -0.245473
41 1.29609 0 0 -0.0511878 0.0861315 0.870996
42 1.62202 -0.000714302 -0.000470161 -0.0479592 -0.0941553 1.54934
43 1.22241 0 0 0.0319454 0.00844743 1.16733
44 1.76707 -1.27612 0.0366409 -1.53197 0.117513 -0.244895
45 1.55587 0 0 -0.0186127 0.0509371 0.79924
46 1.24273 0 0 -0.024957 -0.0934672 1.14497
47 0.784532 0 0 -0.0115689 0.00645265 1.17662
48 0 0 0 0 0 0
49 -6.76693 -14.079 -1.40877 0.570301 -0.127639 3.04959
50 0 0.596888 0 0 0 0
51 -0.496888 -0.188841 0.286781 0 0 0
52 -0.496891 -0.188822 -0.287058 0 0 0
53 0 -0.188841 -0.573974 0 0 0
54 0.497047 -0.188821 -0.287067 0 0 0
55 0.496963 -0.188841 0.286782 0 0 0
56 0 -0.188823 0.5737 0 0 0
57 -5.28653 -16.838 -4.47208 -0.065124 -0.0251808 0.378265
58 -6.44471 16.4803 -20.7865 -0.570302 0.127639 -0.0920076
59 -8.02017 -13.3119 -4.56645 0 0 0
60 1.06794 0.629712 0.719875 -0.570301 0.127639 -0.0920076
61 0 -1.74991 0.0512991 -0.0211769 0 -3.14159
62 0.132429 -3.80692 0.219369 0 0 -3.14159
63 0.132429 -1.32347 1.10768 0 0 0
64 0 2.7745 0 0 0 0
65 0 -0.750145 1.01704 0 0 -3.14159
time 31
0 3.34582 10.992 -7.01801 0.000934124 0 -1.17275
1 6.02794 0 0 -0.819942 0.446905 -0.639948
2 11.7344 0 0 -0.00140297 0 -1.02292
3 8.81138 -0.000451088 -0.000112057 -0.959922 0 0.000157735
4 5.77839 0.000286102 0 -0.643147 0 0.000102086
5 2.23163 -0.000329971 -0.000363827 -0.316774 0 0
6 11.4725 0 0 -0.928051 -0.549574 0.183442
7 0.61522 -0.993092 -0.8107 2.3606 0.0522832 -0.392226
8 2.24752 0 0 0.0917528 0.25842 -0.102372
9 1.11936 0 0 0.0493369 0.0785232 -0.629449
10 3.71348 -0.102641 0.102191 1.77126 0.869992 0.142171
11 1.72615 0 0 0.013477 -0.00733098 -0.811382
12 1.21114 0 0 0.00873794 0.0151279 -0.772911
13 3.59919 -1.06012 0.0708873 1.87281 0.766148 0.187134
14 1.66069 0 0 -0.0196 0.044389 -0.726687
15 1.167 0 0 0.00841001 -0.00839402 -0.438997
16 2.18852 0.50104 0.0576589 1.57366 -0.0281251 0.156362
17 1.29609 0 0 0.0785579 0.0270531 -1.07235
18 1.62202 0.000714302 -0.000471115 0.00740298 -0.022111 -0.784236
19 1.22241 0 0 0.000237063 0.00592997 -0.707337
20 1.76707 1.27612 0.0366404 1.57458 0.205155 0.106808
21 1.55587 0 0 -0.027374 0.0177039 -0.702262
22 1.24274 0 0 -0.000479057 0.000360981 -1.15419
23 0.784523 0 0 0.00636397 -0.00322796 -0.741041
24 -1.93761 5.80144 -10.924 -0.000932693 0 3.14159
25 6.02794 0 0 1.29281 0.526752 1.41785
26 11.7344 0 0 0.00140269 0 1.59078
27 8.81167 0 0 -0.224508 0 0
28 5.77884 0 0 -0.15042 0 0
29 2.23249 0 0 -0.0740876 0 0
30 11.4725 0 0 0.00427346 -0.468755 -0.477247
31 0.615814 0.994373 -0.809165 2.98233 0.402638 0.136051
32 2.24752 0 0 -0.19033 -0.0267981 0.151876
33 1.11936 0 0 -0.244494 0.180804 0.323018
34 3.71349 0.102638 0.102191 -1.89161 0.958008 -0.514705
35 1.72615 0 0 -0.0322383 -0.0935536 1.46129
36 1.21112 0 0 0.0096571 0.00709792 1.19665
37 3.5992 1.06012 0.0708883 -1.50249 0.451504 0.0198791
38 1.66069 0 0 -0.00372395 0.0620468 0.194557
39 1.16699 0 0 0.0129563 0.0103726 0.394298
40 2.18853 -0.50104 0.0576596 -1.57278 0.0333873 -0.245473
41 1.29609 0 0 -0.0511878 0.0861315 0.870996
42 1.62202 -0.000714302 -0.000470161 -0.0479591 -0.0941553 1.54934
43 1.22241 0 0 0.0319454 0.00844744 1.16733
44 1.76707 -1.27612 0.0366402 -1.53197 0.117513 -0.244895
45 1.55587 0 0 -0.0186128 0.0509371 0.79924
46 1.24273 0 0 -0.024957 -0.0934673 1.14497
47 0.784532 0 0 -0.0115689 0.00645268 1.17662
48 0 0 0 0 0 0
49 -6.97875 -14.0032 -1.32448 0.635641 -0.101969 3.06493
50 0 0.596889 0 0 0 0
51 -0.496887 -0.18884 0.28678 0 0 0
52 -0.496891 -0.188822 -0.287059 0 0 0
53 0 -0.188841 -0.573975 0 0 0
54 0.497047 -0.188823 -0.287067 0 0 0
55 0.496963 -0.188841 0.28678 0 0 0
56 0 -0.188822 0.573699 0 0 0
57 -5.28653 -16.838 -4.47208 -0.065124 -0.0251808 0.378265
58 -6.92902 15.1978 -22.6967 -0.635641 0.101969 -0.0766639
59 -8.02017 -13.3119 -4.56645 0 0 0
60 0.876103 0.535439 0.712908 -0.635641 0.101969 -0.0766639
61 0 -1.7561 0.0512953 -0.0122675 0 -3.14159
62 0.132429 -3.80692 0.219371 0 0 -3.14159
63 0.132429 -1.32347 1.10768 0 0 0
64 0 2.7745 0 0 0 0
65 0 -0.750145 1.01704 0 0 -3.14159
time 32
0 3.34582 10.992 -7.01801 0.000934124 0 -1.17275
1 6.02794 0 0 -0.864322 0.431814 -0.669448
2 11.7344 0 0 -0.00140274 0 -0.95214
3 8.81138 -0.000449181 -0.000112772 -0.859391 0 0.000157721
4 5.77839 0.000287056 0 -0.575792 0 0.000102432
5 2.23163 -0.000329018 -0.000364065 -0.283599 0 0
6 11.4725 0 0 -0.790059 -0.556976 0.0447306
7 0.615219 -0.993092 -0.8107 2.3606 0.052283 -0.392226
8 2.24752 0 0 0.0917529 0.25842 -0.102372
9 1.11936 0 0 0.0493369 0.0785231 -0.629449
10 3.71348 -0.10264 0.102191 1.77126 0.869992 0.142171
11 1.72615 0 0 0.0134771 -0.00733099 -0.811382
12 1.21114 0 0 0.00873791 0.0151279 -0.772911
13 3.59919 -1.06012 0.0708873 1.87281 0.766148 0.187134
14 1.66069 0 0 -0.0196 0.044389 -0.726687
15 1.167 0 0 0.00840995 -0.00839403 -0.438997
16 2.18852 0.50104 0.0576591 1.57366 -0.0281251 0.156362
17 1.29609 0 0 0.078558 0.027053 -1.07235
18 1.62202 0.000713348 -0.000470161 0.007403 -0.022111 -0.784236
19 1.22241 0 0 0.00023699 0.00593 -0.707337
20 1.76707 1.27612 0.0366406 1.57458 0.205155 0.106808
21 1.55588 0 0 -0.0273739 0.017704 -0.702262
22 1.24274 0 0 -0.000478984 0.000360993 -1.15419
23 0.784523 0 0 0.00636396 -0.00322802 -0.741041
24 -1.93761 5.60535 -11.1299 -0.000932693 0 3.14159
25 6.02794 0 0 1.33319 0.527345 1.43948
26 11.7344 0 0 0.0014027 0 1.56948
27 8.81167 0 0 -0.171478 0 0
28 5.77884 0 0 -0.11489 0 0
29 2.23249 0 0 -0.0565877 0 0
30 11.4725 0 0 0.008207 -0.463117 -0.372472
31 0.615814 0.994373 -0.809165 2.98233 0.402638 0.136051
32 2.24752 0 0 -0.19033 -0.0267983 0.151876
33 1.11936 0 0 -0.244493 0.180804 0.323019
34 3.71349 0.10264 0.102191 -1.89161 0.958008 -0.514705
35 1.72615 0 0 -0.0322383 -0.0935536 1.46129
36 1.21112 0 0 0.00965714 0.00709786 1.19665
37 3.5992 1.06012 0.0708878 -1.50025 0.452559 0.0252759
38 1.66069 0 0 -0.00481256 0.0620384 0.177423
39 1.16699 0 0 0.0126636 0.0107035 0.369137
40 2.18853 -0.50104 0.0576591 -1.57278 0.0333876 -0.245473
41 1.29609 0 0 -0.0511878 0.0861315 0.870996
42 1.62202 -0.000712395 -0.000469208 -0.0479592 -0.0941553 1.54934
43 1.22241 0 0 0.0319454 0.00844732 1.16733
44 1.76707 -1.27612 0.0366406 -1.53197 0.117513 -0.244895
45 1.55588 0 0 -0.0186128 0.050937 0.79924
46 1.24273 0 0 -0.024957 -0.0934673 1.14497
47 0.784533 0 0 -0.0115689 0.00645263 1.17662
48 0 0 0 0 0 0
49 -7.21982 -13.8683 -1.22969 0.719537 -0.0627251 3.08451
50 0 0.596889 0 0 0 0
51 -0.496887 -0.188843 0.286782 0 0 0
52 -0.496891 -0.188824 -0.287057 0 0 0
53 0 -0.188842 -0.573975 0 0 0
54 0.497047 -0.188822 -0.287066 0 0 0
55 0.496964 -0.188842 0.286781 0 0 0
56 0 -0.188822 0.573701 0 0 0
57 -5.28653 -16.838 -4.47208 -0.065124 -0.0251808 0.378265
58 -7.15948 13.389 -25.0311 -0.719537 0.062725 -0.0570852
59 -8.02017 -13.3119 -4.56645 0 0 0
60 0.69213 0.44458 0.707181 -0.719537 0.062725 -0.0570852
61 0 -1.76072 0.0512886 -0.00561029 0 -3.14159
62 0.132429 -3.80692 0.21937 0 0 -3.14159
63 0.132428 -1.32347 1.10768 0 0 0
64 0 2.7745 0 0 0 0
65 0 -0.750146 1.01704 0 0 -3.14159
time 33
0 3.34582 10.992 -7.01801 0.000934124 0 -1.17275
1 6.02794 0 0 -0.914974 0.411763 -0.697669
2 11.7344 0 0 -0.00140281 0 -0.876133
3 8.81138 -0.000450134 -0.000112057 -0.743225 0 0.000157807
4 5.77839 0.000286102 0 -0.497961 0 0.00010285
5 2.23163 -0.000329971 -0.000364065 -0.245264 0 0
6 11.4725 0 0 -0.634349 -0.540117 -0.110798
7 0.61522 -0.993092 -0.8107 2.3606 0.0522833 -0.392226
8 2.24752 0 0 0.0917528 0.25842 -0.102372
9 1.11936 0 0 0.049337 0.0785233 -0.629448
10 3.71348 -0.10264 0.102191 1.77126 0.869992 0.142171
11 1.72615 0 0 0.0134771 -0.00733097 -0.811382
12 1.21114 0 0 0.00873794 0.015128 -0.772911
13 3.59919 -1.06012 0.070888 1.87281 0.766148 0.187134
14 1.66069 0 0 -0.0196 0.0443889 -0.726687
15 1.167 0 0 0.00841 -0.00839399 -0.438997
16 2.18852 0.50104 0.0576594 1.57366 -0.0281249 0.156362
17 1.29609 0 0 0.078558 0.0270531 -1.07235
18 1.62202 0.000713348 -0.000471115 0.00740302 -0.022111 -0.784236
19 1.22241 0 0 0.000237035 0.00592996 -0.707337
20 1.76707 1.27612 0.0366414 1.57458 0.205155 0.106808
21 1.55588 0 0 -0.027374 0.017704 -0.702262
22 1.24274 0 0 -0.000478997 0.000360985 -1.15419
23 0.784523 0 0 0.00636395 -0.003228 -0.741041
24 -1.93761 5.41694 -11.3277 -0.000932693 0 3.14159
25 6.02794 0 0 1.36951 0.52335 1.4625
26 11.7344 0 0 0.00140269 0 1.54057
27 8.81167 0 0 -0.105143 0 0
28 5.77884 0 0 -0.0704458 0 0
29 2.23249 0 0 -0.0346971 0 0
30 11.4725 0 0 0.0221886 -0.468611 -0.258842
31 0.615813 0.994372 -0.809165 2.98233 0.402638 0.136052
32 2.24752 0 0 -0.19033 -0.0267982 0.151876
33 1.11936 0 0 -0.244494 0.180804 0.323019
34 3.71349 0.102638 0.102191 -1.89161 0.958008 -0.514705
35 1.72615 0 0 -0.0322384 -0.0935535 1.46129
36 1.21112 0 0 0.00965707 0.0070978 1.19665
37 3.5992 1.06012 0.0708885 -1.4981 0.453575 0.0304686
38 1.66069 0 0 -0.00586541 0.0620309 0.160853
39 1.16699 0 0 0.0123802 0.0110234 0.344806
40 2.18853 -0.50104 0.0576587 -1.57278 0.0333874 -0.245473
41 1.29609 0 0 -0.0511878 0.0861315 0.870996
42 1.62202 -0.000714302 -0.000471115 -0.0479592 -0.0941553 1.54934
43 1.22241 0 0 0.0319454 0.00844736 1.16733
44 1.76707 -1.27612 0.0366406 -1.53196 0.117513 -0.244895
45 1.55587 0 0 -0.0186128 0.0509371 0.79924
46 1.24273 0 0 -0.024957 -0.0934673 1.14497
47 0.784532 0 0 -0.0115689 0.00645268 1.17662
48 0 0 0 0 0 0
49 -7.48447 -13.6935 -1.14763 0.813984 -0.0150824 3.10648
50 0 0.596888 0 0 0 0
51 -0.496887 -0.188842 0.286781 0 0 0
52 -0.496891 -0.188823 -0.287057 0 0 0
53 0 -0.188842 -0.573974 0 0 0
54 0.497047 -0.188823 -0.287067 0 0 0
55 0.496964 -0.188842 0.286782 0 0 0
56 0 -0.188823 0.5737 0 0 0
57 -5.28653 -16.838 -4.47208 -0.065124 -0.0251808 0.378265
58 -7.0088 11.1511 -27.4534 -0.813984 0.0150823 -0.0351118
59 -8.02017 -13.3119 -4.56645 0 0 0
60 0.520735 0.359657 0.702432 -0.813984 0.0150823 -0.0351118
61 0 -1.76362 0.0512857 -0.00144204 0 -3.14159
62 0.13243 -3.80691 0.21937 0 0 -3.14159
63 0.132429 -1.32347 1.10768 0 0 0
64 0 2.7745 0 0 0 0
65 0 -0.750145 1.01704 0 0 -3.14159
time 34
0 3.34582 10.992 -7.01801 0.000934124 0 -1.17275
1 6.02794 0 0 -0.969625 0.387346 -0.723664
2 11.7344 0 0 -0.00140282 0 -0.79942
3 8.81139 -0.000450134 -0.000111818 -0.620222 0 0.000157435
4 5.77839 0.000286102 0 -0.415549 0 0.000103029
5 2.23164 -0.000329971 -0.000363588 -0.204673 0 0
6 11.4725 0 0 -0.480933 -0.496313 -0.26415
7 0.615219 -0.993093 -0.810701 2.3606 0.052283 -0.392226
8 2.24752 0 0 0.0917529 0.25842 -0.102372
9 1.11936 0 0 0.0493369 0.0785232 -0.629448
10 3.71348 -0.102641 0.102191 1.77126 0.869992 0.142171
11 1.72615 0 0 0.013477 -0.00733103 -0.811382
12 1.21114 0 0 0.00873804 0.0151279 -0.772911
13 3.59919 -1.06012 0.070888 1.87281 0.766148 0.187134
14 1.66069 0 0 -0.0195999 0.044389 -0.726687
15 1.167 0 0 0.00841007 -0.00839399 -0.438997
16 2.18852 0.501039 0.0576589 1.57366 -0.0281251 0.156362
17 1.29609 0 0 0.078558 0.0270529 -1.07235
18 1.62202 0.000713348 -0.000473022 0.00740307 -0.0221109 -0.784236
19 1.22241 0 0 0.000236919 0.00592993 -0.707337
20 1.76707 1.27612 0.0366418 1.57458 0.205155 0.106808
21 1.55588 0 0 -0.027374 0.017704 -0.702262
22 1.24273 0 0 -0.000479042 0.000360999 -1.15419
23 0.784523 0 0 0.00636399 -0.00322801 -0.741041
24 -1.93761 5.2373 -11.5164 -0.000932693 0 3.14159
25 6.02794 0 0 1.40182 0.514294 1.48626
26 11.7344 0 0 0.00140262 0 1.50714
27 8.81167 0 0 -0.0325383 0 0
28 5.77884 0 0 -0.0218007 0 0
29 2.23249 0 0 -0.0107376 0 0
30 11.4725 0 0 0.0391577 -0.484103 -0.145692
31 0.615812 0.994371 -0.809166 2.98233 0.402638 0.136051
32 2.24752 0 0 -0.19033 -0.0267983 0.151876
33 1.11936 0 0 -0.244493 0.180804 0.323019
34 3.71349 0.102638 0.10219 -1.89161 0.958008 -0.514705
35 1.72615 0 0 -0.0322384 -0.0935536 1.46129
36 1.21112 0 0 0.00965708 0.00709784 1.19665
37 3.5992 1.06012 0.0708885 -1.49605 0.454545 0.0354258
38 1.66069 0 0 -0.00687535 0.0620243 0.144959
39 1.16699 0 0 0.012109 0.0113304 0.321468
40 2.18853 -0.501041 0.0576587 -1.57278 0.0333875 -0.245473
41 1.29609 0 0 -0.0511877 0.0861315 0.870996
42 1.62202 -0.000714302 -0.000470161 -0.0479591 -0.0941553 1.54934
43 1.22241 0 0 0.0319454 0.00844738 1.16733
44 1.76707 -1.27612 0.0366402 -1.53197 0.117513 -0.244895
45 1.55588 0 0 -0.0186128 0.050937 0.79924
46 1.24273 0 0 -0.024957 -0.0934673 1.14497
47 0.784532 0 0 -0.0115689 0.0064526 1.17662
48 0 0 0 0 0 0
49 -7.75879 -13.5012 -1.09421 0.910975 0.0357838 3.12901
50 0 0.59689 0 0 0 0
51 -0.496887 -0.18884 0.286781 0 0 0
52 -0.496891 -0.188822 -0.287058 0 0 0
53 0 -0.188839 -0.573976 0 0 0
54 0.497047 -0.188821 -0.287067 0 0 0
55 0.496963 -0.18884 0.28678 0 0 0
56 0 -0.188821 0.5737 0 0 0
57 -5.28653 -16.838 -4.47208 -0.065124 -0.0251808 0.378265
58 -6.45685 8.66573 -29.667 -0.910975 -0.0357839 -0.0125841
59 -8.02017 -13.3119 -4.56645 0 0 0
60 0.366636 0.283192 0.698401 -0.910975 -0.0357839 -0.0125841
61 0 -1.76462 0.0512848 0 0 -3.14159
62 0.132429 -3.80692 0.21937 0 0 -3.14159
63 0.132428 -1.32347 1.10768 0 0 0
64 0 2.7745 0 0 0 0
65 0 -0.750145 1.01704 0 0 -3.14159
time 35
0 3.34582 10.992 -7.01801 0.000934124 0 -1.17275
1 6.02794 0 0 -1.02474 0.360116 -0.746675
2 11.7344 0 0 -0.00140283 0 -0.726278
3 8.81139 -0.000449181 -0.00011158 -0.499811 0 0.000157768
4 5.77839 0.000286102 0 -0.334874 0 0.000103533
5 2.23163 -0.000329018 -0.000363588 -0.164938 0 0
6 11.4725 0 0 -0.347009 -0.432047 -0.398739
7 0.615219 -0.993092 -0.8107 2.3606 0.0522832 -0.392226
8 2.24752 0 0 0.0917529 0.25842 -0.102372
9 1.11936 0 0 0.0493369 0.0785231 -0.629448
10 3.71348 -0.102642 0.102191 1.77126 0.869992 0.142171
11 1.72615 0 0 0.013477 -0.00733105 -0.811382
12 1.21114 0 0 0.00873789 0.015128 -0.772911
13 3.59919 -1.06012 0.0708876 1.87281 0.766148 0.187134
14 1.66069 0 0 -0.0196 0.044389 -0.726687
15 1.167 0 0 0.00840995 -0.008394 -0.438997
16 2.18852 0.501038 0.0576586 1.57366 -0.0281251 0.156362
17 1.29609 0 0 0.0785579 0.027053 -1.07235
18 1.62202 0.000713348 -0.000471115 0.00740307 -0.022111 -0.784236
19 1.22241 0 0 0.000236914 0.00592995 -0.707337
20 1.76707 1.27612 0.036641 1.57458 0.205155 0.106808
21 1.55588 0 0 -0.027374 0.017704 -0.702262
22 1.24274 0 0 -0.000478948 0.000360965 -1.15419
23 0.784522 0 0 0.00636405 -0.00322791 -0.741041
24 -1.93761 5.06753 -11.6946 -0.000932693 0 3.14159
25 6.02794 0 0 1.43051 0.501272 1.50966
26 11.7344 0 0 0.00140285 0 1.4735
27 8.81167 0 0 0.0376212 0 0
28 5.77884 0 0 0.0252062 0 0
29 2.23249 0 0 0.012415 0 0
30 11.4725 0 0 0.0531603 -0.505405 -0.0417875
31 0.615813 0.994374 -0.809166 2.98233 0.402638 0.136051
32 2.24752 0 0 -0.19033 -0.0267983 0.151876
33 1.11936 0 0 -0.244493 0.180804 0.323019
34 3.71349 0.102641 0.10219 -1.89161 0.958008 -0.514705
35 1.72615 0 0 -0.0322383 -0.0935536 1.46129
36 1.21112 0 0 0.00965703 0.00709796 1.19665
37 3.5992 1.06012 0.0708876 -1.49411 0.455462 0.0401178
38 1.66069 0 0 -0.00783465 0.0620184 0.129856
39 1.16699 0 0 0.011851 0.0116219 0.299291
40 2.18853 -0.50104 0.0576582 -1.57278 0.0333875 -0.245473
41 1.29609 0 0 -0.0511878 0.0861315 0.870996
42 1.62202 -0.000713348 -0.000469208 -0.0479591 -0.0941553 1.54934
43 1.22241 0 0 0.0319454 0.00844729 1.16733
44 1.76707 -1.27612 0.0366397 -1.53197 0.117513 -0.244895
45 1.55588 0 0 -0.0186128 0.0509371 0.79924
46 1.24273 0 0 -0.024957 -0.0934672 1.14497
47 0.784532 0 0 -0.0115688 0.00645261 1.17662
48 0 0 0 0 0 0
49 -8.02121 -13.3143 -1.07438 1.00251 0.0846982 -3.13294
50 0 0.596889 0 0 0 0
51 -0.496887 -0.188841 0.286781 0 0 0
52 -0.496891 -0.188821 -0.287058 0 0 0
53 0 -0.18884 -0.573975 0 0 0
54 0.497047 -0.188821 -0.287067 0 0 0
55 0.496964 -0.18884 0.286782 0 0 0
56 0 -0.188821 0.573701 0 0 0
57 -5.28653 -16.838 -4.47208 -0.065124 -0.0251808 0.378265
58 -5.60979 6.18265 -31.464 -1.00251 -0.0846983 0.0086575
59 -8.02017 -13.3119 -4.56645 0 0 0
60 0.234552 0.217707 0.694825 -1.00251 -0.0846983 0.00865749
61 0 -1.76462 0.0512848 0 0 -3.14159
62 0.132428 -3.80692 0.219369 0 0 -3.14159
63 0.132428 -1.32347 1.10768 0 0 0
64 0 2.7745 0 0 0 0
65 0 -0.750145 1.01704 0 0 -3.14159
time 36
0 3.34582 10.992 -7.01801 0.000934124 0 -1.17275
1 6.02794 0 0 -1.07615 0.333195 -0.76604
2 11.7344 0 0 -0.00140286 0 -0.661723
3 8.81139 -0.000450134 -0.000110865 -0.392156 0 0.000157297
4 5.77839 0.000286102 0 -0.262744 0 0.000103713
5 2.23164 -0.000329018 -0.00036335 -0.129411 0 0
6 11.4725 0 0 -0.242274 -0.360649 -0.50467
7 0.61522 -0.993092 -0.8107 2.3606 0.0522831 -0.392226
8 2.24752 0 0 0.0917529 0.25842 -0.102372
9 1.11936 0 0 0.049337 0.0785231 -0.629448
10 3.71348 -0.102642 0.102191 1.77126 0.869992 0.142171
11 1.72615 0 0 0.013477 -0.00733101 -0.811382
12 1.21114 0 0 0.00873802 0.015128 -0.772911
13 3.59919 -1.06012 0.0708879 1.87281 0.766148 0.187134
14 1.66069 0 0 -0.0196001 0.044389 -0.726687
15 1.167 0 0 0.00841006 -0.00839396 -0.438997
16 2.18852 0.501038 0.0576597 1.57366 -0.028125 0.156362
17 1.29609 0 0 0.078558 0.027053 -1.07235
18 1.62202 0.000715256 -0.000469208 0.00740299 -0.022111 -0.784236
19 1.22241 0 0 0.000237038 0.00593004 -0.707337
20 1.76707 1.27612 0.0366417 1.57458 0.205155 0.106808
21 1.55588 0 0 -0.0273739 0.017704 -0.702262
22 1.24274 0 0 -0.000479093 0.000360859 -1.15419
23 0.784523 0 0 0.00636402 -0.00322802 -0.741041
24 -1.93761 4.90873 -11.8614 -0.000932693 0 3.14159
25 6.02794 0 0 1.45627 0.486796 1.53149
26 11.7344 0 0 0.00140261 0 1.44478
27 8.81167 0 0 0.0954577 0 0
28 5.77884 0 0 0.0639567 0 0
29 2.23249 0 0 0.031501 0 0
30 11.4725 0 0 0.0604618 -0.525912 0.0445144
31 0.615813 0.994373 -0.809165 2.98233 0.402638 0.136051
32 2.24752 0 0 -0.19033 -0.0267983 0.151876
33 1.11936 0 0 -0.244494 0.180804 0.323019
34 3.71349 0.102639 0.102191 -1.89161 0.958008 -0.514705
35 1.72615 0 0 -0.0322383 -0.0935536 1.46129
36 1.21112 0 0 0.00965715 0.00709791 1.19665
37 3.5992 1.06012 0.0708876 -1.49229 0.456322 0.0445103
38 1.66069 0 0 -0.00873688 0.0620132 0.115656
39 1.16699 0 0 0.0116082 0.0118961 0.278439
40 2.18853 -0.50104 0.0576591 -1.57278 0.0333875 -0.245473
41 1.29609 0 0 -0.0511878 0.0861316 0.870996
42 1.62202 -0.000712395 -0.000468254 -0.0479592 -0.0941553 1.54934
43 1.22241 0 0 0.0319454 0.00844743 1.16733
44 1.76707 -1.27612 0.0366411 -1.53197 0.117513 -0.244895
45 1.55588 0 0 -0.0186128 0.0509371 0.79924
46 1.24273 0 0 -0.024957 -0.0934672 1.14497
47 0.784532 0 0 -0.0115688 0.00645262 1.17662
48 0 0 0 0 0 0
49 -8.24608 -13.1542 -1.08173 1.08057 0.126485 -3.11482
50 0 0.596889 0 0 0 0
51 -0.496886 -0.188841 0.286782 0 0 0
52 -0.496891 -0.188822 -0.287056 0 0 0
53 0 -0.188841 -0.573974 0 0 0
54 0.497048 -0.188822 -0.287066 0 0 0
55 0.496964 -0.188841 0.286783 0 0 0
56 0 -0.188822 0.573701 0 0 0
57 -5.28653 -16.838 -4.47208 -0.065124 -0.0251808 0.378265
58 -4.67634 3.98509 -32.7515 -1.08057 -0.126485 0.0267727
59 -8.02017 -13.3119 -4.56645 0 0 0
60 0.1292 0.165723 0.691446 -1.08057 -0.126485 0.0267728
61 0 -1.76462 0.0512857 0 0 -3.14159
62 0.132429 -3.80692 0.21937 0 0 -3.14159
63 0.132427 -1.32347 1.10768 0 0 0
64 0 2.7745 0 0 0 0
65 0 -0.750145 1.01704 0 0 -3.14159
time 37
0 3.34582 10.992 -7.01801 0.000934124 0 -1.17275
1 6.02794 0 0 -1.11983 0.311554 -0.781194
2 11.7344 0 0 -0.00140287 0 -0.612573
3 8.81139 -0.000449181 -0.000112295 -0.307962 0 0.000157615
4 5.77839 0.000287056 0 -0.206334 0 0.000104128
5 2.23163 -0.000329971 -0.000363827 -0.101627 0 0
6 11.4725 0 0 -0.169933 -0.298016 -0.577364
7 0.615219 -0.993093 -0.8107 2.3606 0.0522832 -0.392226
8 2.24752 0 0 0.0917529 0.25842 -0.102372
9 1.11936 0 0 0.0493369 0.0785231 -0.629449
10 3.71348 -0.102642 0.102191 1.77126 0.869992 0.142171
11 1.72615 0 0 0.013477 -0.00733106 -0.811382
12 1.21114 0 0 0.00873799 0.015128 -0.772911
13 3.59919 -1.06012 0.070888 1.87281 0.766148 0.187134
14 1.66069 0 0 -0.0196 0.044389 -0.726687
15 1.167 0 0 0.00840995 -0.00839402 -0.438997
16 2.18852 0.501038 0.0576592 1.57366 -0.0281249 0.156362
17 1.29609 0 0 0.078558 0.027053 -1.07235
18 1.62202 0.000713348 -0.000469208 0.00740311 -0.022111 -0.784236
19 1.22241 0 0 0.000236926 0.00593 -0.707337
20 1.76707 1.27612 0.0366411 1.57458 0.205155 0.106808
21 1.55588 0 0 -0.027374 0.017704 -0.702262
22 1.24274 0 0 -0.000478988 0.000361026 -1.15419
23 0.784523 0 0 0.00636394 -0.00322806 -0.741041
24 -1.93761 4.76199 -12.0155 -0.000932693 0 3.14159
25 6.02794 0 0 1.47988 0.474185 1.55064
26 11.7344 0 0 0.00140261 0 1.42637
27 8.81167 0 0 0.130902 0 0
28 5.77884 0 0 0.087704 0 0
29 2.23249 0 0 0.0431975 0 0
30 11.4725 0 0 0.0596962 -0.537939 0.104855
31 0.615813 0.994371 -0.809165 2.98233 0.402638 0.136051
32 2.24752 0 0 -0.19033 -0.0267983 0.151876
33 1.11936 0 0 -0.244493 0.180804 0.323019
34 3.71349 0.102638 0.102191 -1.89161 0.958008 -0.514705
35 1.72615 0 0 -0.0322384 -0.0935536 1.46129
36 1.21112 0 0 0.00965705 0.00709776 1.19665
37 3.5992 1.06012 0.0708885 -1.49061 0.457116 0.048575
38 1.66069 0 0 -0.00957469 0.0620088 0.102471
39 1.16699 0 0 0.0113831 0.0121508 0.259079
40 2.18853 -0.501041 0.0576587 -1.57278 0.0333875 -0.245473
41 1.29609 0 0 -0.0511877 0.0861314 0.870996
42 1.62202 -0.000712395 -0.000469208 -0.047959 -0.0941553 1.54934
43 1.22241 0 0 0.0319454 0.00844734 1.16733
44 1.76707 -1.27612 0.0366406 -1.53196 0.117513 -0.244895
45 1.55587 0 0 -0.0186127 0.0509371 0.79924
46 1.24273 0 0 -0.024957 -0.0934673 1.14497
47 0.784533 0 0 -0.0115688 0.00645262 1.17662
48 0 0 0 0 0 0
49 -8.40762 -13.0389 -1.1014 1.13717 0.15597 -3.10167
50 0 0.596887 0 0 0 0
51 -0.496888 -0.188841 0.286781 0 0 0
52 -0.496891 -0.188822 -0.287058 0 0 0
53 0 -0.188841 -0.573976 0 0 0
54 0.497047 -0.188822 -0.287067 0 0 0
55 0.496964 -0.188841 0.28678 0 0 0
56 0 -0.188822 0.573699 0 0 0
57 -5.28653 -16.838 -4.47208 -0.065124 -0.0251808 0.378265
58 -3.91759 2.35705 -33.5402 -1.13717 -0.15597 0.0399213
59 -8.02017 -13.3119 -4.56645 0 0 0
60 0.0552974 0.129764 0.687999 -1.13717 -0.15597 0.0399213
61 0 -1.76462 0.0512857 0 0 -3.14159
62 0.132428 -3.80692 0.21937 0 0 -3.14159
63 0.132427 -1.32347 1.10768 0 0 0
64 0 2.7745 0 0 0 0
65 0 -0.750145 1.01704 0 0 -3.14159
time 38
0 3.34582 10.992 -7.01801 0.000934124 0 -1.17275
1 6.02794 0 0 -1.15464 0.298035 -0.792488
2 11.7344 0 0 -0.00140303 0 -0.581323
3 8.81139 -0.000450134 -0.00011301 -0.250331 0 0.000157594
4 5.77839 0.000286102 0 -0.167722 0 0.000104516
5 2.23164 -0.000329971 -0.000364304 -0.0826093 0 0
6 11.4725 0 0 -0.125166 -0.252507 -0.62001
7 0.615219 -0.993092 -0.8107 2.3606 0.0522832 -0.392226
8 2.24752 0 0 0.0917529 0.25842 -0.102372
9 1.11936 0 0 0.0493368 0.0785232 -0.629448
10 3.71348 -0.102642 0.102191 1.77126 0.869992 0.142171
11 1.72615 0 0 0.013477 -0.007331 -0.811382
12 1.21114 0 0 0.00873804 0.0151279 -0.772911
13 3.59919 -1.06012 0.0708877 1.87281 0.766148 0.187134
14 1.66069 0 0 -0.0196 0.044389 -0.726687
15 1.167 0 0 0.00841007 -0.00839399 -0.438997
16 2.18852 0.501038 0.0576589 1.57366 -0.028125 0.156362
17 1.29609 0 0 0.0785579 0.027053 -1.07235
18 1.62202 0.000714302 -0.000471115 0.00740297 -0.0221109 -0.784236
19 1.22241 0 0 0.000237017 0.00593009 -0.707337
20 1.76707 1.27612 0.036641 1.57458 0.205155 0.106808
21 1.55588 0 0 -0.027374 0.017704 -0.702262
22 1.24274 0 0 -0.000479126 0.000360909 -1.15419
23 0.784522 0 0 0.00636397 -0.00322796 -0.741041
24 -1.93761 4.6284 -12.1557 -0.000932693 0 3.14159
25 6.02794 0 0 1.50159 0.465204 1.56687
26 11.7344 0 0 0.00140263 0 1.4196
27 8.81167 0 0 0.142002 0 0
28 5.77884 0 0 0.095141 0 0
29 2.23249 0 0 0.0468605 0 0
30 11.4725 0 0 0.0528415 -0.538993 0.137411
31 0.615813 0.994372 -0.809165 2.98233 0.402638 0.136051
32 2.24752 0 0 -0.19033 -0.0267982 0.151876
33 1.11936 0 0 -0.244494 0.180804 0.323019
34 3.71349 0.102639 0.102191 -1.89161 0.958008 -0.514705
35 1.72615 0 0 -0.0322384 -0.0935536 1.46129
36 1.21112 0 0 0.00965708 0.00709781 1.19665
37 3.5992 1.06012 0.0708876 -1.48907 0.457841 0.0522782
38 1.66069 0 0 -0.0103406 0.0620051 0.0904141
39 1.16699 0 0 0.0111773 0.0123837 0.241375
40 2.18853 -0.50104 0.0576587 -1.57278 0.0333875 -0.245473
41 1.29609 0 0 -0.0511879 0.0861315 0.870996
42 1.62202 -0.000713348 -0.000468254 -0.0479592 -0.0941553 1.54934
43 1.22241 0 0 0.0319455 0.00844733 1.16733
44 1.76707 -1.27612 0.0366402 -1.53197 0.117513 -0.244895
45 1.55588 0 0 -0.0186127 0.050937 0.79924
46 1.24273 0 0 -0.0249571 -0.0934672 1.14497
47 0.784532 0 0 -0.0115688 0.00645262 1.17662
48 0 0 0 0 0 0
49 -8.50112 -12.9724 -1.11849 1.17023 0.172514 -3.09398
50 0 0.596888 0 0 0 0
51 -0.496886 -0.188841 0.286781 0 0 0
52 -0.496891 -0.188822 -0.287057 0 0 0
53 0 -0.188841 -0.573976 0 0 0
54 0.497047 -0.188822 -0.287068 0 0 0
55 0.496964 -0.188841 0.28678 0 0 0
56 0 -0.188822 0.573699 0 0 0
57 -5.28653 -16.838 -4.47208 -0.065124 -0.0251808 0.378265
58 -3.45919 1.39436 -33.946 -1.17023 -0.172514 0.0476171
59 -8.02017 -13.3119 -4.56645 0 0 0
60 0.01196 0.10901 0.685269 -1.17023 -0.172514 0.0476171
61 0 -1.76462 0.0512867 0 0 -3.14159
62 0.132429 -3.80691 0.219371 0 0 -3.14159
63 0.132427 -1.32347 1.10768 0 0 0
64 0 2.7745 0 0 0 0
65 0 -0.750145 1.01704 0 0 -3.14159
time 39
0 3.34582 10.992 -7.01801 0.000934124 0 -1.17275
1 6.02794 0 0 -1.18219 0.292409 -0.800472
2 11.7344 0 0 -0.00140301 0 -0.566387
3 8.81139 -0.000450134 -0.000111818 -0.212655 0 0.0001575
4 5.77839 0.000286102 0 -0.142479 0 0.000104589
5 2.23163 -0.000329971 -0.000364065 -0.0701761 0 0
6 11.4725 0 0 -0.0983547 -0.221807 -0.640753
7 0.61522 -0.993092 -0.810701 2.3606 0.0522831 -0.392226
8 2.24752 0 0 0.0917528 0.25842 -0.102372
9 1.11936 0 0 0.0493371 0.0785231 -0.629449
10 3.71348 -0.10264 0.102191 1.77126 0.869992 0.142171
11 1.72615 0 0 0.013477 -0.007331 -0.811382
12 1.21114 0 0 0.00873795 0.015128 -0.772911
13 3.59919 -1.06012 0.0708879 1.87281 0.766148 0.187134
14 1.66069 0 0 -0.0196 0.044389 -0.726687
15 1.167 0 0 0.00841013 -0.00839398 -0.438997
16 2.18853 0.50104 0.0576589 1.57366 -0.0281249 0.156362
17 1.29609 0 0 0.078558 0.0270529 -1.07235
18 1.62202 0.000714302 -0.000471115 0.00740295 -0.0221111 -0.784236
19 1.22241 0 0 0.000237083 0.00593009 -0.707337
20 1.76707 1.27612 0.0366413 1.57458 0.205155 0.106808
21 1.55588 0 0 -0.027374 0.017704 -0.702262
22 1.24274 0 0 -0.000479005 0.000360943 -1.15419
23 0.784523 0 0 0.00636408 -0.00322791 -0.741041
24 -1.93761 4.50907 -12.281 -0.000932693 0 3.14159
25 6.02794 0 0 1.52102 0.459804 1.58061
26 11.7344 0 0 0.00140273 0 1.42205
27 8.81167 0 0 0.136265 0 0
28 5.77884 0 0 0.0912975 0 0
29 2.23249 0 0 0.0449674 0 0
30 11.4725 0 0 0.0431752 -0.532917 0.148925
31 0.615813 0.994373 -0.809166 2.98233 0.402638 0.136051
32 2.24752 0 0 -0.19033 -0.0267982 0.151876
33 1.11936 0 0 -0.244494 0.180804 0.323019
34 3.71349 0.10264 0.10219 -1.89161 0.958008 -0.514705
35 1.72615 0 0 -0.0322382 -0.0935535 1.46129
36 1.21112 0 0 0.00965711 0.00709797 1.19665
37 3.5992 1.06012 0.0708876 -1.4877 0.458488 0.0555894
38 1.66069 0 0 -0.0110276 0.0620019 0.0795996
39 1.16699 0 0 0.0109922 0.0125926 0.225495
40 2.18853 -0.50104 0.0576591 -1.57278 0.0333874 -0.245473
41 1.29609 0 0 -0.0511878 0.0861315 0.870996
42 1.62202 -0.000715256 -0.000469208 -0.0479591 -0.0941554 1.54934
43 1.22241 0 0 0.0319454 0.00844728 1.16733
44 1.76707 -1.27612 0.0366402 -1.53197 0.117513 -0.244895
45 1.55588 0 0 -0.0186127 0.0509371 0.79924
46 1.24273 0 0 -0.024957 -0.0934673 1.14497
47 0.784532 0 0 -0.0115688 0.00645264 1.17662
48 0 0 0 0 0 0
49 -8.54517 -12.9416 -1.12779 1.18575 0.180279 -3.09036
50 0 0.596889 0 0 0 0
51 -0.496886 -0.188841 0.286782 0 0 0
52 -0.49689 -0.188822 -0.287058 0 0 0
53 0 -0.18884 -0.573974 0 0 0
54 0.497047 -0.188822 -0.287066 0 0 0
55 0.496964 -0.18884 0.286782 0 0 0
56 0 -0.188822 0.573701 0 0 0
57 -5.28653 -16.838 -4.47208 -0.065124 -0.0251808 0.378265
58 -3.23568 0.940151 -34.1214 -1.18575 -0.180279 0.0512295
59 -8.02017 -13.3119 -4.56645 0 0 0
60 -0.0083828 0.0992689 0.683987 -1.18575 -0.180279 0.0512295
61 0 -1.76462 0.0512867 0 0 -3.14159
62 0.132429 -3.80691 0.219371 0 0 -3.14159
63 0.132428 -1.32347 1.10768 0 0 0
64 0 2.7745 0 0 0 0
65 0 -0.750145 1.01704 0 0 -3.14159
time 40
0 3.34582 10.992 -7.01801 0.000934124 0 -1.17275
1 6.02794 0 0 -1.20332 0.293346 -0.806015
2 11.7344 0 0 -0.00140299 0 -0.564416
3 8.81139 -0.000450134 -0.000112534 -0.191416 0 0.000158012
4 5.77839 0.000286102 0 -0.128249 0 0.000105118
5 2.23163 -0.000329018 -0.000364065 -0.0631672 0 0
6 11.4725 0 0 -0.0845907 -0.20422 -0.645555
7 0.615219 -0.993092 -0.8107 2.3606 0.0522832 -0.392226
8 2.24752 0 0 0.0917529 0.25842 -0.102372
9 1.11936 0 0 0.0493369 0.0785231 -0.629448
10 3.71348 -0.102642 0.102191 1.77126 0.869992 0.142171
11 1.72615 0 0 0.013477 -0.00733103 -0.811382
12 1.21114 0 0 0.00873792 0.0151281 -0.772911
13 3.59919 -1.06012 0.0708876 1.87281 0.766148 0.187134
14 1.66069 0 0 -0.0196 0.044389 -0.726687
15 1.167 0 0 0.0084099 -0.00839406 -0.438997
16 2.18852 0.50104 0.0576588 1.57366 -0.0281249 0.156362
17 1.29609 0 0 0.078558 0.027053 -1.07235
18 1.62202 0.000713348 -0.000471115 0.00740316 -0.0221109 -0.784236
19 1.22241 0 0 0.000236982 0.00593002 -0.707337
20 1.76707 1.27612 0.036641 1.57458 0.205155 0.106808
21 1.55588 0 0 -0.027374 0.017704 -0.702262
22 1.24274 0 0 -0.000478964 0.000360988 -1.15419
23 0.784524 0 0 0.00636395 -0.00322816 -0.741041
24 -1.93761 4.40509 -12.3902 -0.000932693 0 3.14159
25 6.02794 0 0 1.53804 0.457203 1.59212
26 11.7344 0 0 0.00140262 0 1.43079
27 8.81167 0 0 0.118894 0 0
28 5.77884 0 0 0.0796589 0 0
29 2.23249 0 0 0.0392349 0 0
30 11.4725 0 0 0.0319693 -0.521903 0.144755
31 0.615814 0.994372 -0.809165 2.98233 0.402638 0.136051
32 2.24752 0 0 -0.19033 -0.026798 0.151876
33 1.11936 0 0 -0.244494 0.180804 0.323018
34 3.71349 0.102639 0.10219 -1.89161 0.958008 -0.514705
35 1.72615 0 0 -0.0322384 -0.0935535 1.46129
36 1.21112 0 0 0.00965709 0.007098 1.19665
37 3.5992 1.06012 0.070889 -1.48651 0.459053 0.058477
38 1.66069 0 0 -0.0116289 0.0619993 0.0701387
39 1.16699 0 0 0.0108305 0.0127752 0.211603
40 2.18853 -0.50104 0.0576596 -1.57278 0.0333874 -0.245473
41 1.29609 0 0 -0.0511878 0.0861314 0.870996
42 1.62202 -0.000714302 -0.000469208 -0.0479593 -0.0941553 1.54934
43 1.22241 0 0 0.0319455 0.00844728 1.16733
44 1.76707 -1.27612 0.0366416 -1.53197 0.117513 -0.244895
45 1.55587 0 0 -0.0186128 0.0509371 0.79924
46 1.24273 0 0 -0.0249571 -0.0934672 1.14497
47 0.784531 0 0 -0.0115689 0.00645264 1.17662
48 0 0 0 0 0 0
49 -8.55092 -12.9376 -1.12907 1.18778 0.181292 -3.08989
50 0 0.596887 0 0 0 0
51 -0.496887 -0.18884 0.28678 0 0 0
52 -0.496891 -0.188821 -0.287059 0 0 0
53 0 -0.188841 -0.573975 0 0 0
54 0.497047 -0.188821 -0.287068 0 0 0
55 0.496964 -0.188841 0.28678 0 0 0
56 0 -0.188822 0.5737 0 0 0
57 -5.28653 -16.838 -4.47208 -0.065124 -0.0251808 0.378265
58 -3.20615 0.880807 -34.1436 -1.18778 -0.181292 0.0517006
59 -8.02017 -13.3119 -4.56645 0 0 0
60 -0.0110359 0.0979977 0.68382 -1.18778 -0.181292 0.0517006
61 0 -1.76462 0.0512848 0 0 -3.14159
62 0.13243 -3.80692 0.219369 0 0 -3.14159
63 0.132429 -1.32347 1.10768 0 0 0
64 0 2.7745 0 0 0 0
65 0 -0.750145 1.01704 0 0 -3.14159
time 41
0 3.34582 10.992 -7.01801 0.000934124 0 -1.17275
1 6.02794 0 0 -1.21882 0.298963 -0.809773
2 11.7344 0 0 -0.00140292 0 -0.571618
3 8.81139 -0.000449181 -0.000112057 -0.182867 0 0.000157393
4 5.77839 0.000287056 0 -0.122521 0 0.000104537
5 2.23163 -0.000329018 -0.000364065 -0.0603457 0 0
6 11.4725 0 0 -0.0802306 -0.197033 -0.639445
7 0.615219 -0.993093 -0.8107 2.3606 0.0522833 -0.392226
8 2.24752 0 0 0.0917529 0.25842 -0.102372
9 1.11936 0 0 0.0493372 0.0785231 -0.629449
10 3.71348 -0.102642 0.102191 1.77126 0.869992 0.142171
11 1.72615 0 0 0.0134768 -0.0073311 -0.811382
12 1.21114 0 0 0.00873804 0.0151279 -0.772911
13 3.59919 -1.06012 0.070888 1.87281 0.766148 0.187134
14 1.66069 0 0 -0.0196 0.044389 -0.726687
15 1.167 0 0 0.00841007 -0.00839402 -0.438997
16 2.18853 0.501038 0.057659 1.57366 -0.028125 0.156362
17 1.29609 0 0 0.0785579 0.027053 -1.07235
18 1.62202 0.000713348 -0.000471115 0.00740305 -0.022111 -0.784236
19 1.22241 0 0 0.000237017 0.0059301 -0.707337
20 1.76707 1.27612 0.0366406 1.57458 0.205155 0.106808
21 1.55588 0 0 -0.027374 0.017704 -0.702262
22 1.24273 0 0 -0.000478993 0.000360925 -1.15419
23 0.784524 0 0 0.00636401 -0.00322797 -0.741041
24 -1.93761 4.31755 -12.4821 -0.000932693 0 3.14159
25 6.02794 0 0 1.55248 0.456529 1.60155
26 11.7344 0 0 0.00140283 0 1.44314
27 8.81167 0 0 0.0948357 0 0
28 5.77884 0 0 0.06354 0 0
29 2.23249 0 0 0.0312958 0 0
30 11.4725 0 0 0.0201405 -0.508307 0.130069
31 0.615813 0.994371 -0.809165 2.98233 0.402638 0.136051
32 2.24752 0 0 -0.19033 -0.0267981 0.151876
33 1.11936 0 0 -0.244494 0.180804 0.323019
34 3.71348 0.102638 0.102191 -1.89161 0.958008 -0.514705
35 1.72615 0 0 -0.0322384 -0.0935535 1.46129
36 1.21112 0 0 0.00965698 0.00709779 1.19665
37 3.5992 1.06012 0.0708885 -1.4855 0.459529 0.0609107
38 1.66069 0 0 -0.0121368 0.0619974 0.0621454
39 1.16699 0 0 0.0106942 0.0129294 0.199865
40 2.18853 -0.501041 0.0576587 -1.57278 0.0333876 -0.245473
41 1.29609 0 0 -0.0511878 0.0861313 0.870996
42 1.62202 -0.000713348 -0.000469208 -0.0479592 -0.0941553 1.54934
43 1.22241 0 0 0.0319455 0.00844746 1.16732
44 1.76707 -1.27612 0.0366411 -1.53197 0.117513 -0.244895
45 1.55588 0 0 -0.0186127 0.0509372 0.79924
46 1.24273 0 0 -0.024957 -0.0934673 1.14497
47 0.784532 0 0 -0.0115688 0.00645266 1.17662
48 0 0 0 0 0 0
49 -8.52984 -12.9523 -1.12446 1.18036 0.177578 -3.09162
50 0 0.596889 0 0 0 0
51 -0.496888 -0.188841 0.286781 0 0 0
52 -0.496891 -0.188822 -0.287058 0 0 0
53 0 -0.188841 -0.573975 0 0 0
54 0.497046 -0.188822 -0.287067 0 0 0
55 0.496963 -0.188841 0.286781 0 0 0
56 0 -0.188822 0.5737 0 0 0
57 -5.28653 -16.838 -4.47208 -0.065124 -0.0251808 0.378265
58 -3.31401 1.09829 -34.0615 -1.18036 -0.177578 0.049973
59 -8.02017 -13.3119 -4.56645 0 0 0
60 -0.00130749 0.102657 0.684433 -1.18036 -0.177578 0.049973
61 0 -1.76462 0.0512867 0 0 -3.14159
62 0.132428 -3.80692 0.219371 0 0 -3.14159
63 0.132427 -1.32347 1.10768 0 0 0
64 0 2.7745 0 0 0 0
65 0 -0.750145 1.01704 0 0 -3.14159
time 42
0 3.34582 10.992 -7.01801 0.000934124 0 -1.17275
1 6.02794 0 0 -1.22946 0.307052 -0.812232
2 11.7344 0 0 -0.00140294 0 -0.583889
3 8.81138 -0.000450134 -0.000112295 -0.183131 0 0.000157593
4 5.77839 0.000286102 0 -0.122698 0 0.000104767
5 2.23163 -0.000329018 -0.000363827 -0.0604331 0 0
6 11.4725 0 0 -0.0821956 -0.197086 -0.627053
7 0.615219 -0.993093 -0.8107 2.3606 0.0522832 -0.392226
8 2.24752 0 0 0.0917529 0.25842 -0.102372
9 1.11936 0 0 0.0493369 0.0785231 -0.629449
10 3.71348 -0.102642 0.102191 1.77126 0.869992 0.142171
11 1.72615 0 0 0.0134771 -0.00733097 -0.811382
12 1.21114 0 0 0.00873811 0.0151281 -0.772911
13 3.59919 -1.06012 0.0708883 1.87281 0.766148 0.187134
14 1.66069 0 0 -0.0196001 0.044389 -0.726687
15 1.167 0 0 0.00841001 -0.008394 -0.438997
16 2.18852 0.501038 0.0576589 1.57366 -0.028125 0.156362
17 1.29609 0 0 0.078558 0.027053 -1.07235
18 1.62202 0.000714302 -0.000471115 0.00740299 -0.022111 -0.784236
19 1.22241 0 0 0.000236926 0.00593 -0.707337
20 1.76707 1.27612 0.0366407 1.57458 0.205155 0.106808
21 1.55588 0 0 -0.027374 0.017704 -0.702262
22 1.24274 0 0 -0.000479024 0.000361082 -1.15419
23 0.784523 0 0 0.00636404 -0.00322806 -0.741041
24 -1.93761 4.24756 -12.5556 -0.000932693 0 3.14159
25 6.02794 0 0 1.56411 0.457081 1.60895
26 11.7344 0 0 0.00140268 0 1.4568
27 8.81167 0 0 0.0686931 0 0
28 5.77884 0 0 0.0460243 0 0
29 2.23249 0 0 0.0226687 0 0
30 11.4725 0 0 0.00861489 -0.494411 0.109813
31 0.615813 0.994372 -0.809166 2.98233 0.402638 0.136051
32 2.24752 0 0 -0.19033 -0.0267982 0.151876
33 1.11936 0 0 -0.244493 0.180804 0.323019
34 3.71349 0.102639 0.102191 -1.89161 0.958008 -0.514705
35 1.72615 0 0 -0.0322384 -0.0935535 1.46129
36 1.21112 0 0 0.00965705 0.00709783 1.19665
37 3.5992 1.06012 0.0708876 -1.48469 0.45991 0.0628573
38 1.66069 0 0 -0.0125445 0.0619959 0.0557315
39 1.16699 0 0 0.0105844 0.0130534 0.190447
40 2.18853 -0.501041 0.0576587 -1.57278 0.0333874 -0.245473
41 1.29609 0 0 -0.0511878 0.0861316 0.870996
42 1.62202 -0.000713348 -0.000469208 -0.0479592 -0.0941553 1.54934
43 1.22241 0 0 0.0319455 0.00844732 1.16733
44 1.76707 -1.27612 0.0366406 -1.53197 0.117513 -0.244895
45 1.55587 0 0 -0.0186127 0.0509371 0.79924
46 1.24273 0 0 -0.0249571 -0.0934672 1.14497
47 0.784532 0 0 -0.0115688 0.00645261 1.17662
48 0 0 0 0 0 0
49 -8.49347 -12.9778 -1.11695 1.16753 0.171163 -3.0946
50 0 0.596888 0 0 0 0
51 -0.496886 -0.188841 0.286781 0 0 0
52 -0.496891 -0.188822 -0.287057 0 0 0
53 0 -0.18884 -0.573974 0 0 0
54 0.497046 -0.188822 -0.287066 0 0 0
55 0.496964 -0.188841 0.286781 0 0 0
56 0 -0.188822 0.5737 0 0 0
57 -5.28653 -16.838 -4.47208 -0.065124 -0.0251808 0.378265
58 -3.49753 1.47321 -33.9145 -1.16753 -0.171163 0.0469889
59 -8.02017 -13.3119 -4.56645 0 0 0
60 0.0154972 0.110704 0.685492 -1.16753 -0.171163 0.0469889
61 0 -1.76462 0.0512857 0 0 -3.14159
62 0.132428 -3.80692 0.21937 0 0 -3.14159
63 0.132427 -1.32347 1.10768 0 0 0
64 0 2.7745 0 0 0 0
65 0 -0.750145 1.01704 0 0 -3.14159
time 43
0 3.34582 10.992 -7.01801 0.000934124 0 -1.17275
1 6.02794 0 0 -1.236 0.31538 -0.813717
2 11.7344 0 0 -0.00140298 0 -0.597216
3 8.81139 -0.000450134 -0.000112057 -0.18826 0 0.000157496
4 5.77839 0.000285149 0 -0.126134 0 0.000104713
5 2.23164 -0.000329971 -0.000363827 -0.0621258 0 0
6 11.4725 0 0 -0.0875226 -0.201088 -0.612797
7 0.61522 -0.993092 -0.8107 2.3606 0.0522833 -0.392226
8 2.24752 0 0 0.0917529 0.25842 -0.102372
9 1.11936 0 0 0.0493368 0.0785231 -0.629448
10 3.71348 -0.10264 0.10219 1.77126 0.869992 0.142171
11 1.72615 0 0 0.013477 -0.00733096 -0.811382
12 1.21114 0 0 0.00873801 0.015128 -0.772911
13 3.59919 -1.06012 0.0708883 1.87281 0.766148 0.187134
14 1.66069 0 0 -0.0196 0.044389 -0.726687
15 1.167 0 0 0.00841 -0.00839399 -0.438997
16 2.18852 0.50104 0.0576588 1.57366 -0.0281249 0.156362
17 1.29609 0 0 0.078558 0.0270531 -1.07235
18 1.62202 0.000714302 -0.000471115 0.00740304 -0.022111 -0.784236
19 1.22241 0 0 0.000237003 0.00592996 -0.707337
20 1.76707 1.27612 0.0366408 1.57458 0.205155 0.106808
21 1.55588 0 0 -0.0273739 0.0177039 -0.702262
22 1.24274 0 0 -0.00047888 0.000361078 -1.15419
23 0.784522 0 0 0.00636399 -0.00322801 -0.741041
24 -1.93761 4.19621 -12.6096 -0.000932693 0 3.14159
25 6.02794 0 0 1.57271 0.458153 1.61433
26 11.7344 0 0 0.00140265 0 1.46939
27 8.81167 0 0 0.0448763 0 0
28 5.77884 0 0 0.0300671 0 0
29 2.23249 0 0 0.0148091 0 0
30 11.4725 0 0 -0.00146419 -0.482292 0.0890477
31 0.615813 0.994372 -0.809166 2.98233 0.402638 0.136051
32 2.24752 0 0 -0.19033 -0.0267982 0.151876
33 1.11936 0 0 -0.244494 0.180804 0.323018
34 3.71349 0.10264 0.102191 -1.89161 0.958007 -0.514705
35 1.72615 0 0 -0.0322384 -0.0935536 1.46129
36 1.21112 0 0 0.00965709 0.00709794 1.19665
37 3.5992 1.06012 0.070888 -1.4841 0.460189 0.0642869
38 1.66069 0 0 -0.0128443 0.0619949 0.0510104
39 1.16699 0 0 0.0105039 0.0131446 0.183515
40 2.18853 -0.50104 0.0576591 -1.57278 0.0333874 -0.245473
41 1.29609 0 0 -0.0511878 0.0861315 0.870996
42 1.62202 -0.000714302 -0.000469208 -0.0479591 -0.0941553 1.54934
43 1.22241 0 0 0.0319453 0.00844733 1.16733
44 1.76707 -1.27612 0.0366411 -1.53197 0.117513 -0.244895
45 1.55588 0 0 -0.0186127 0.0509371 0.79924
46 1.24273 0 0 -0.024957 -0.0934672 1.14497
47 0.784532 0 0 -0.0115688 0.00645275 1.17662
48 0 0 0 0 0 0
49 -8.45335 -13.0062 -1.1093 1.15336 0.164073 -3.0979
50 0 0.59689 0 0 0 0
51 -0.496886 -0.188841 0.286781 0 0 0
52 -0.49689 -0.188822 -0.287059 0 0 0
53 0 -0.18884 -0.573976 0 0 0
54 0.497047 -0.188822 -0.287068 0 0 0
55 0.496964 -0.188841 0.28678 0 0 0
56 0 -0.188822 0.573698 0 0 0
57 -5.28653 -16.838 -4.47208 -0.065124 -0.0251808 0.378265
58 -3.69615 1.88643 -33.7444 -1.15336 -0.164073 0.0436907
59 -8.02017 -13.3119 -4.56645 0 0 0
60 0.034071 0.119598 0.686662 -1.15336 -0.164073 0.0436907
61 0 -1.76462 0.0512848 0 0 -3.14159
62 0.132428 -3.80692 0.219369 0 0 -3.14159
63 0.132428 -1.32347 1.10768 0 0 0
64 0 2.7745 0 0 0 0
65 0 -0.750145 1.01704 0 0 -3.14159
time 44
0 3.34582 10.992 -7.01801 0.000934124 0 -1.17275
1 6.02794 0 0 -1.23925 0.322102 -0.814359
2 11.7344 0 0 -0.00140277 0 -0.608399
3 8.81138 -0.000450134 -0.000112534 -0.194239 0 0.000157643
4 5.77839 0.000286102 0 -0.13014 0 0.000104654
5 2.23163 -0.000329018 -0.000363827 -0.064099 0 0
6 11.4725 0 0 -0.0931227 -0.205799 -0.600742
7 0.615219 -0.993092 -0.8107 2.3606 0.0522831 -0.392226
8 2.24752 0 0 0.0917527 0.25842 -0.102372
9 1.11936 0 0 0.049337 0.0785232 -0.629448
10 3.71348 -0.102642 0.102191 1.77126 0.869992 0.142171
11 1.72615 0 0 0.0134769 -0.00733104 -0.811382
12 1.21114 0 0 0.00873803 0.0151281 -0.772911
13 3.59919 -1.06012 0.0708882 1.87281 0.766148 0.187134
14 1.66069 0 0 -0.0196001 0.044389 -0.726687
15 1.167 0 0 0.00841 -0.00839399 -0.438997
16 2.18852 0.50104 0.0576596 1.57366 -0.0281251 0.156362
17 1.29609 0 0 0.0785579 0.027053 -1.07235
18 1.62202 0.000713825 -0.000471115 0.00740291 -0.022111 -0.784236
19 1.22241 0 0 0.000237084 0.00593009 -0.707337
20 1.76707 1.27612 0.0366404 1.57458 0.205155 0.106808
21 1.55588 0 0 -0.027374 0.0177039 -0.702262
22 1.24273 0 0 -0.000479042 0.000360999 -1.15419
23 0.784522 0 0 0.00636401 -0.00322797 -0.741041
24 -1.93761 4.1646 -12.6428 -0.000932693 0 3.14159
25 6.02794 0 0 1.57805 0.459166 1.61762
26 11.7344 0 0 0.00140269 0 1.4786
27 8.81167 0 0 0.0275826 0 0
28 5.77884 0 0 0.0184803 0 0
29 2.23249 0 0 0.00910224 0 0
30 11.4725 0 0 -0.00867824 -0.473784 0.0728525
31 0.615813 0.994371 -0.809165 2.98233 0.402638 0.136051
32 2.24752 0 0 -0.19033 -0.0267983 0.151876
33 1.11936 0 0 -0.244493 0.180804 0.323019
34 3.71349 0.102639 0.102191 -1.89161 0.958007 -0.514705
35 1.72615 0 0 -0.0322383 -0.0935536 1.46129
36 1.21112 0 0 0.009657 0.00709782 1.19665
37 3.5992 1.06012 0.0708885 -1.48373 0.460362 0.0651679
38 1.66069 0 0 -0.0130296 0.0619943 0.0480954
39 1.16699 0 0 0.0104544 0.0132009 0.179234
40 2.18853 -0.50104 0.0576591 -1.57278 0.0333874 -0.245473
41 1.29609 0 0 -0.0511879 0.0861313 0.870996
42 1.62202 -0.000713348 -0.000469208 -0.0479591 -0.0941553 1.54934
43 1.22241 0 0 0.0319454 0.00844729 1.16733
44 1.76707 -1.27612 0.0366411 -1.53196 0.117513 -0.244895
45 1.55588 0 0 -0.0186127 0.0509371 0.79924
46 1.24273 0 0 -0.024957 -0.0934673 1.14497
47 0.784532 0 0 -0.0115688 0.00645256 1.17662
48 0 0 0 0 0 0
49 -8.42095 -13.0293 -1.10361 1.14189 0.158333 -3.10057
50 0 0.596889 0 0 0 0
51 -0.496887 -0.188841 0.28678 0 0 0
52 -0.496892 -0.188821 -0.287058 0 0 0
53 0 -0.18884 -0.573976 0 0 0
54 0.497046 -0.188821 -0.287067 0 0 0
55 0.496963 -0.18884 0.286781 0 0 0
56 0 -0.188821 0.5737 0 0 0
57 -5.28653 -16.838 -4.47208 -0.065124 -0.0251808 0.378265
58 -3.85363 2.21997 -33.6009 -1.14189 -0.158334 0.0410207
59 -8.02017 -13.3119 -4.56645 0 0 0
60 0.0491061 0.126799 0.687609 -1.14189 -0.158333 0.0410207
61 0 -1.76462 0.0512857 0 0 -3.14159
62 0.132429 -3.80692 0.21937 0 0 -3.14159
63 0.132428 -1.32347 1.10768 0 0 0
64 0 2.7745 0 0 0 0
65 0 -0.750145 1.01704 0 0 -3.14159
time 45
0 3.34582 10.992 -7.01801 0.000934124 0 -1.17275
1 6.02794 0 0 -1.24014 0.32462 -0.814579
2 11.7344 0 0 -0.00140279 0 -0.612573
3 8.81139 -0.000450134 -0.000112057 -0.197142 0 0.000157288
4 5.77839 0.000286102 0 -0.132085 0 0.00010454
5 2.23164 -0.000329971 -0.000363588 -0.0650571 0 0
6 11.4725 0 0 -0.0957302 -0.208064 -0.595918
7 0.615219 -0.993092 -0.8107 2.3606 0.0522831 -0.392226
8 2.24752 0 0 0.0917527 0.25842 -0.102372
9 1.11936 0 0 0.049337 0.0785232 -0.629448
10 3.71348 -0.102642 0.102191 1.77126 0.869992 0.142171
11 1.72615 0 0 0.013477 -0.00733095 -0.811382
12 1.21114 0 0 0.00873803 0.0151281 -0.772911
13 3.59919 -1.06012 0.0708879 1.87281 0.766148 0.187134
14 1.66069 0 0 -0.0195999 0.044389 -0.726687
15 1.167 0 0 0.00840996 -0.00839405 -0.438997
16 2.18852 0.50104 0.0576587 1.57366 -0.0281251 0.156362
17 1.29609 0 0 0.0785579 0.027053 -1.07235
18 1.62202 0.000712395 -0.000471115 0.00740306 -0.022111 -0.784236
19 1.22241 0 0 0.000236936 0.00592997 -0.707337
20 1.76707 1.27612 0.0366405 1.57458 0.205155 0.106808
21 1.55588 0 0 -0.027374 0.017704 -0.702262
22 1.24274 0 0 -0.000478897 0.000360996 -1.15419
23 0.784523 0 0 0.006364 -0.00322813 -0.741041
24 -1.93761 4.15381 -12.6541 -0.000932693 0 3.14159
25 6.02794 0 0 1.57989 0.459619 1.61873
26 11.7344 0 0 0.00140264 0 1.48217
27 8.81167 0 0 0.0209004 0 0
28 5.77884 0 0 0.0140032 0 0
29 2.23249 0 0 0.00689713 0 0
30 11.4725 0 0 -0.0114375 -0.470572 0.0663232
31 0.615813 0.994373 -0.809165 2.98233 0.402638 0.136051
32 2.24752 0 0 -0.19033 -0.0267984 0.151876
33 1.11936 0 0 -0.244493 0.180804 0.323019
34 3.71349 0.102639 0.10219 -1.89161 0.958008 -0.514705
35 1.72615 0 0 -0.0322384 -0.0935535 1.46129
36 1.21112 0 0 0.00965708 0.00709793 1.19665
37 3.5992 1.06012 0.070888 -1.48361 0.46042 0.0654684
38 1.66069 0 0 -0.0130929 0.0619942 0.0470984
39 1.16699 0 0 0.0104372 0.0132201 0.17777
40 2.18853 -0.50104 0.0576587 -1.57278 0.0333876 -0.245473
41 1.29609 0 0 -0.0511878 0.0861314 0.870996
42 1.62202 -0.000713348 -0.000470161 -0.0479591 -0.0941553 1.54934
43 1.22241 0 0 0.0319454 0.00844737 1.16733
44 1.76707 -1.27612 0.0366406 -1.53197 0.117513 -0.244895
45 1.55588 0 0 -0.0186128 0.050937 0.79924
46 1.24273 0 0 -0.0249569 -0.0934673 1.14497
47 0.784532 0 0 -0.0115689 0.00645279 1.17662
48 0 0 0 0 0 0
49 -8.40762 -13.0389 -1.1014 1.13717 0.15597 -3.10167
50 0 0.596887 0 0 0 0
51 -0.496888 -0.188841 0.286781 0 0 0
52 -0.496891 -0.188822 -0.287058 0 0 0
53 0 -0.188841 -0.573976 0 0 0
54 0.497047 -0.188822 -0.287067 0 0 0
55 0.496964 -0.188841 0.28678 0 0 0
56 0 -0.188822 0.573699 0 0 0
57 -5.28653 -16.838 -4.47208 -0.065124 -0.0251808 0.378265
58 -3.91759 2.35705 -33.5402 -1.13717 -0.15597 0.0399213
59 -8.02017 -13.3119 -4.56645 0 0 0
60 0.0552974 0.129764 0.687999 -1.13717 -0.15597 0.0399213
61 0 -1.76462 0.0512857 0 0 -3.14159
62 0.132428 -3.80692 0.21937 0 0 -3.14159
63 0.132427 -1.32347 1.10768 0 0 0
64 0 2.7745 0 0 0 0
65 0 -0.750145 1.01704 0 0 -3.14159
end
