//Sequence File generated by the Wall Worm SMD Exporter PRO 1.99
//www.wallworm.com
version 1
nodes
0 "b_l_clav" -1
1 "b_l_upperarm" 0
2 "b_l_forearm" 1
3 "b_l_twist3" 2
4 "b_l_twist2" 2
5 "b_l_twist1" 2
6 "b_l_hand" 2
7 "b_l_thumb001" 6
8 "b_l_thumb002" 7
9 "b_l_thumb003" 8
10 "b_l_middle001" 6
11 "b_l_middle002" 10
12 "b_l_middle003" 11
13 "b_l_index001" 6
14 "b_l_index002" 13
15 "b_l_index003" 14
16 "b_l_hand_ringsqueezer" 6
17 "b_l_ring001" 16
18 "b_l_ring002" 17
19 "b_l_ring003" 18
20 "b_l_hand_pinkysqueezer" 6
21 "b_l_pinky001" 20
22 "b_l_pinky002" 21
23 "b_l_pinky003" 22
24 "b_r_clav" -1
25 "b_r_upperarm" 24
26 "b_r_forearm" 25
27 "b_r_twist3" 26
28 "b_r_twist2" 26
29 "b_r_twist1" 26
30 "b_r_hand" 26
31 "b_r_thumb001" 30
32 "b_r_thumb002" 31
33 "b_r_thumb003" 32
34 "b_r_middle001" 30
35 "b_r_middle002" 34
36 "b_r_middle003" 35
37 "b_r_index001" 30
38 "b_r_index002" 37
39 "b_r_index003" 38
40 "b_r_hand_ringsqueezer" 30
41 "b_r_ring001" 40
42 "b_r_ring002" 41
43 "b_r_ring003" 42
44 "b_r_hand_pinkysqueezer" 30
45 "b_r_pinky001" 44
46 "b_r_pinky002" 45
47 "b_r_pinky003" 46
48 "b_zero" -1
49 "d_booletcasings" -1
50 "d_boolets" 49
51 "d_booletcasing006" 49
52 "d_booletcasing005" 49
53 "d_booletcasing004" 49
54 "d_booletcasing003" 49
55 "d_booletcasing002" 49
56 "d_booletcasing001" 49
57 "d_speedloader" -1
58 "d_walk" -1
59 "d_gun" 58
60 "d_trigger" 59
61 "d_swivel" 59
62 "d_cylinder" 61
63 "d_plunger" 62
64 "d_hammer" 59
end
skeleton
time 0
0 3.34582 10.992 -7.01801 0.000934124 0 -1.17275
1 6.02794 0 0 -1.24014 0.32462 -0.814579
2 11.7344 0 0 -0.00140279 0 -0.612573
3 8.81139 -0.000450134 -0.000112057 -0.197142 0 0.000157288
4 5.77839 0.000286102 0 -0.132085 0 0.00010454
5 2.23164 -0.000329971 -0.000363588 -0.0650571 0 0
6 11.4725 0 0 -0.0957303 -0.208064 -0.595918
7 0.615219 -0.993093 -0.8107 2.3606 0.0522832 -0.392226
8 2.24752 0 0 0.0917529 0.25842 -0.102372
9 1.11936 0 0 0.049337 0.0785231 -0.629449
10 3.71348 -0.102642 0.102191 1.77126 0.869992 0.142171
11 1.72615 0 0 0.013477 -0.00733101 -0.811382
12 1.21114 0 0 0.00873803 0.0151279 -0.772911
13 3.59919 -1.06012 0.0708876 1.87281 0.766148 0.187134
14 1.66069 0 0 -0.0196 0.044389 -0.726687
15 1.167 0 0 0.00840995 -0.00839403 -0.438997
16 2.18852 0.501038 0.0576587 1.57366 -0.028125 0.156362
17 1.29609 0 0 0.078558 0.027053 -1.07235
18 1.62202 0.000713348 -0.000469208 0.00740299 -0.022111 -0.784236
19 1.22241 0 0 0.000237003 0.00592996 -0.707337
20 1.76707 1.27612 0.0366406 1.57458 0.205155 0.106808
21 1.55588 0 0 -0.027374 0.017704 -0.702262
22 1.24274 0 0 -0.000478955 0.000360976 -1.15419
23 0.784523 0 0 0.00636396 -0.00322802 -0.741041
24 -1.93761 4.15381 -12.6541 -0.000932693 0 3.14159
25 6.02794 0 0 1.57989 0.459619 1.61873
26 11.7344 0 0 0.00140264 0 1.48217
27 8.81167 0 0 0.0209002 0 0
28 5.77884 0 0 0.0140031 0 0
29 2.23249 0 0 0.006897 0 0
30 11.4725 0 0 -0.0114377 -0.470572 0.0663232
31 0.615813 0.994371 -0.809165 2.98233 0.402638 0.136051
32 2.24752 0 0 -0.19033 -0.0267981 0.151876
33 1.11936 0 0 -0.244494 0.180804 0.323019
34 3.71349 0.102637 0.102191 -1.89161 0.958008 -0.514704
35 1.72615 0 0 -0.0322384 -0.0935535 1.46129
36 1.21112 0 0 0.00965713 0.00709779 1.19665
37 3.5992 1.06012 0.0708885 -1.47584 0.46409 0.0842291
38 1.66069 0 0 -0.0169386 0.0619799 -0.0134314
39 1.16699 0 0 0.00940341 0.0143891 0.0888896
40 2.18853 -0.501042 0.0576596 -1.57278 0.0333874 -0.245473
41 1.29609 0 0 -0.0511878 0.0861316 0.870996
42 1.62202 -0.000712395 -0.000470161 -0.0479592 -0.0941554 1.54934
43 1.22241 0 0 0.0319454 0.00844742 1.16733
44 1.76707 -1.27612 0.0366402 -1.53197 0.117513 -0.244895
45 1.55588 0 0 -0.0186128 0.0509372 0.79924
46 1.24273 0 0 -0.024957 -0.0934673 1.14497
47 0.784532 0 0 -0.0115689 0.00645268 1.17662
48 0 0 0 0 0 0
49 -8.40762 -13.0389 -1.1014 1.13717 0.15597 -3.10167
50 0 0.596887 0 0 0 0
51 -0.496888 -0.188841 0.286781 0 0 0
52 -0.496891 -0.188822 -0.287058 0 0 0
53 0 -0.188841 -0.573976 0 0 0
54 0.497047 -0.188822 -0.287067 0 0 0
55 0.496964 -0.188841 0.28678 0 0 0
56 0 -0.188822 0.573699 0 0 0
57 -3.91759 2.35705 -33.5402 -1.13717 -0.15597 0.0399213
58 -8.02017 -13.3119 -4.56645 0 0 0
59 0.0552974 0.129764 0.687999 -1.13717 -0.15597 0.0399213
60 0 -1.76462 0.0512857 0 0 -3.14159
61 0.132428 -3.80692 0.21937 0 0 -3.14159
62 0.132427 -1.32347 1.10768 0 0 0
63 0 2.7745 0 0 0 0
64 0 -0.750145 1.01704 0 0 -3.14159
time 1
0 3.34582 10.992 -7.01801 0.000934124 0 -1.17275
1 6.02794 0 0 -1.24014 0.32462 -0.814579
2 11.7344 0 0 -0.00140279 0 -0.612573
3 8.81139 -0.000450134 -0.000112057 -0.197142 0 0.000157288
4 5.77839 0.000286102 0 -0.132085 0 0.00010454
5 2.23164 -0.000329971 -0.000363588 -0.0650571 0 0
6 11.4725 0 0 -0.0957302 -0.208064 -0.595918
7 0.615219 -0.993092 -0.8107 2.3606 0.0522831 -0.392226
8 2.24752 0 0 0.0917527 0.25842 -0.102372
9 1.11936 0 0 0.049337 0.0785232 -0.629448
10 3.71348 -0.102642 0.102191 1.77126 0.869992 0.142171
11 1.72615 0 0 0.013477 -0.00733096 -0.811382
12 1.21114 0 0 0.00873799 0.015128 -0.772911
13 3.59919 -1.06012 0.0708879 1.87281 0.766148 0.187134
14 1.66069 0 0 -0.0195999 0.044389 -0.726687
15 1.167 0 0 0.00840996 -0.00839405 -0.438997
16 2.18852 0.50104 0.0576587 1.57366 -0.0281251 0.156362
17 1.29609 0 0 0.0785579 0.027053 -1.07235
18 1.62202 0.000712395 -0.000471115 0.00740306 -0.022111 -0.784236
19 1.22241 0 0 0.000236936 0.00592997 -0.707337
20 1.76707 1.27612 0.0366405 1.57458 0.205155 0.106808
21 1.55588 0 0 -0.027374 0.017704 -0.702262
22 1.24274 0 0 -0.000478897 0.000360996 -1.15419
23 0.784523 0 0 0.006364 -0.00322813 -0.741041
24 -1.93761 4.15381 -12.6541 -0.000932693 0 3.14159
25 6.02794 0 0 1.57989 0.459619 1.61873
26 11.7344 0 0 0.00140264 0 1.48217
27 8.81167 0 0 0.0209004 0 0
28 5.77884 0 0 0.0140032 0 0
29 2.23249 0 0 0.00689713 0 0
30 11.4725 0 0 -0.0114375 -0.470572 0.0663232
31 0.615813 0.994373 -0.809165 2.98233 0.402638 0.136051
32 2.24752 0 0 -0.19033 -0.0267984 0.151876
33 1.11936 0 0 -0.244493 0.180804 0.323019
34 3.71349 0.102639 0.10219 -1.89161 0.958008 -0.514705
35 1.72615 0 0 -0.0322384 -0.0935535 1.46129
36 1.21112 0 0 0.00965708 0.00709793 1.19665
37 3.5992 1.06012 0.070888 -1.47584 0.46409 0.0842292
38 1.66069 0 0 -0.0169385 0.0619799 -0.0134315
39 1.16699 0 0 0.00940343 0.0143889 0.0888896
40 2.18853 -0.50104 0.0576587 -1.57278 0.0333876 -0.245473
41 1.29609 0 0 -0.0511878 0.0861314 0.870996
42 1.62202 -0.000713348 -0.000470161 -0.0479591 -0.0941553 1.54934
43 1.22241 0 0 0.0319454 0.00844737 1.16733
44 1.76707 -1.27612 0.0366406 -1.53197 0.117513 -0.244895
45 1.55588 0 0 -0.0186128 0.050937 0.79924
46 1.24273 0 0 -0.0249569 -0.0934673 1.14497
47 0.784532 0 0 -0.0115689 0.00645279 1.17662
48 0 0 0 0 0 0
49 -8.40762 -13.0389 -1.1014 1.13717 0.15597 -3.10167
50 0 0.596887 0 0 0 0
51 -0.496888 -0.188841 0.286781 0 0 0
52 -0.496891 -0.188822 -0.287058 0 0 0
53 0 -0.188841 -0.573976 0 0 0
54 0.497047 -0.188822 -0.287067 0 0 0
55 0.496964 -0.188841 0.28678 0 0 0
56 0 -0.188822 0.573699 0 0 0
57 -3.91759 2.35705 -33.5402 -1.13717 -0.15597 0.0399213
58 -8.02017 -13.3119 -4.56645 0 0 0
59 0.0552974 0.129764 0.687999 -1.13717 -0.15597 0.0399213
60 0 -1.76462 0.0512857 0 0 -3.14159
61 0.132428 -3.80692 0.21937 0 0 -3.14159
62 0.132427 -1.32347 1.10768 0 0 0
63 0 2.7745 0 0 0 0
64 0 -0.750145 1.01704 0 0 -3.14159
time 2
0 3.34582 10.992 -7.01801 0.000934124 0 -1.17275
1 6.02794 0 0 -1.24014 0.32462 -0.814579
2 11.7344 0 0 -0.00140279 0 -0.612573
3 8.81139 -0.000450134 -0.000112057 -0.197143 0 0.000157466
4 5.77839 0.000286102 0 -0.132086 0 0.000104663
5 2.23164 -0.000329971 -0.000363588 -0.0650571 0 0
6 11.4725 0 0 -0.0957302 -0.208064 -0.595918
7 0.615219 -0.993092 -0.810701 2.3606 0.0522832 -0.392226
8 2.24752 0 0 0.0917528 0.25842 -0.102372
9 1.11936 0 0 0.049337 0.0785232 -0.629449
10 3.71348 -0.10264 0.102191 1.77126 0.869992 0.142171
11 1.72615 0 0 0.013477 -0.00733103 -0.811382
12 1.21114 0 0 0.00873792 0.0151281 -0.772911
13 3.59919 -1.06012 0.0708877 1.87281 0.766148 0.187134
14 1.66069 0 0 -0.0195999 0.044389 -0.726687
15 1.167 0 0 0.0084099 -0.00839407 -0.438997
16 2.18852 0.50104 0.0576586 1.57366 -0.0281249 0.156362
17 1.29609 0 0 0.078558 0.027053 -1.07235
18 1.62202 0.000713348 -0.000469208 0.00740299 -0.022111 -0.784236
19 1.22241 0 0 0.000237048 0.00593001 -0.707337
20 1.76707 1.27612 0.0366405 1.57458 0.205155 0.106808
21 1.55588 0 0 -0.0273739 0.0177039 -0.702262
22 1.24274 0 0 -0.000479009 0.00036095 -1.15419
23 0.784523 0 0 0.00636392 -0.00322807 -0.741041
24 -1.93761 4.15381 -12.6541 -0.000932693 0 3.14159
25 6.02794 0 0 1.57989 0.459619 1.61873
26 11.7344 0 0 0.00140264 0 1.48217
27 8.81167 0 0 0.0209004 0 0
28 5.77884 0 0 0.0140032 0 0
29 2.23249 0 0 0.00689713 0 0
30 11.4725 0 0 -0.0114375 -0.470572 0.0663231
31 0.615813 0.994371 -0.809165 2.98233 0.402638 0.136051
32 2.24752 0 0 -0.19033 -0.0267983 0.151876
33 1.11936 0 0 -0.244493 0.180804 0.323019
34 3.71349 0.102638 0.102191 -1.89161 0.958008 -0.514705
35 1.72615 0 0 -0.0322384 -0.0935535 1.46129
36 1.21112 0 0 0.00965707 0.00709776 1.19665
37 3.5992 1.06012 0.0708885 -1.47584 0.46409 0.0842292
38 1.66069 0 0 -0.0169385 0.0619799 -0.0134313
39 1.16699 0 0 0.00940335 0.014389 0.0888895
40 2.18853 -0.501041 0.0576601 -1.57278 0.0333874 -0.245473
41 1.29609 0 0 -0.0511879 0.0861314 0.870996
42 1.62202 -0.000713348 -0.000470161 -0.0479593 -0.0941553 1.54934
43 1.22241 0 0 0.0319454 0.00844721 1.16733
44 1.76707 -1.27612 0.0366406 -1.53197 0.117513 -0.244895
45 1.55588 0 0 -0.0186127 0.0509371 0.79924
46 1.24273 0 0 -0.024957 -0.0934672 1.14497
47 0.784532 0 0 -0.0115689 0.00645268 1.17662
48 0 0 0 0 0 0
49 -8.40762 -13.0389 -1.1014 1.13717 0.15597 -3.10167
50 0 0.596887 0 0 0 0
51 -0.496888 -0.188841 0.286781 0 0 0
52 -0.496891 -0.188822 -0.287058 0 0 0
53 0 -0.188841 -0.573976 0 0 0
54 0.497047 -0.188822 -0.287067 0 0 0
55 0.496964 -0.188841 0.28678 0 0 0
56 0 -0.188822 0.573699 0 0 0
57 -3.91759 2.35705 -33.5402 -1.13717 -0.15597 0.0399213
58 -8.02017 -13.3119 -4.56645 0 0 0
59 0.0552974 0.129764 0.687999 -1.13717 -0.15597 0.0399213
60 0 -1.76462 0.0512857 0 0 -3.14159
61 0.132428 -3.80692 0.21937 0 0 -3.14159
62 0.132427 -1.32347 1.10768 0 0 0
63 0 2.7745 0 0 0 0
64 0 -0.750145 1.01704 0 0 -3.14159
time 3
0 3.34582 10.992 -7.01801 0.000934124 0 -1.17275
1 6.02794 0 0 -1.24014 0.32462 -0.814579
2 11.7344 0 0 -0.00140279 0 -0.612573
3 8.81139 -0.000450134 -0.000112057 -0.197143 0 0.000157466
4 5.77839 0.000286102 0 -0.132086 0 0.000104663
5 2.23164 -0.000329971 -0.000363588 -0.0650571 0 0
6 11.4725 0 0 -0.0957302 -0.208064 -0.595918
7 0.615219 -0.993092 -0.810701 2.3606 0.0522832 -0.392226
8 2.24752 0 0 0.0917528 0.25842 -0.102372
9 1.11936 0 0 0.0493369 0.0785231 -0.629448
10 3.71348 -0.102642 0.102191 1.77126 0.869992 0.142171
11 1.72615 0 0 0.013477 -0.00733103 -0.811382
12 1.21114 0 0 0.008738 0.015128 -0.772911
13 3.59919 -1.06012 0.0708876 1.87281 0.766148 0.187134
14 1.66069 0 0 -0.0195999 0.044389 -0.726687
15 1.167 0 0 0.00840985 -0.00839412 -0.438997
16 2.18852 0.50104 0.0576586 1.57366 -0.028125 0.156362
17 1.29609 0 0 0.078558 0.027053 -1.07235
18 1.62202 0.000712395 -0.000471115 0.00740294 -0.022111 -0.784236
19 1.22241 0 0 0.000237084 0.00593009 -0.707337
20 1.76707 1.27612 0.0366405 1.57458 0.205155 0.106808
21 1.55588 0 0 -0.0273739 0.0177039 -0.702262
22 1.24273 0 0 -0.000478909 0.000361015 -1.15419
23 0.784523 0 0 0.00636399 -0.00322811 -0.741041
24 -1.93761 4.15381 -12.6541 -0.000932693 0 3.14159
25 6.02794 0 0 1.57989 0.459619 1.61873
26 11.7344 0 0 0.00140264 0 1.48217
27 8.81167 0 0 0.0209005 0 0
28 5.77884 0 0 0.0140033 0 0
29 2.23249 0 0 0.00689719 0 0
30 11.4725 0 0 -0.0114375 -0.470572 0.0663233
31 0.615813 0.994373 -0.809165 2.98233 0.402638 0.136051
32 2.24752 0 0 -0.19033 -0.0267983 0.151876
33 1.11936 0 0 -0.244493 0.180804 0.323019
34 3.71349 0.10264 0.102191 -1.89161 0.958008 -0.514705
35 1.72615 0 0 -0.0322383 -0.0935535 1.46129
36 1.21112 0 0 0.00965705 0.00709786 1.19665
37 3.5992 1.06012 0.070888 -1.47584 0.46409 0.0842291
38 1.66069 0 0 -0.0169385 0.0619798 -0.0134312
39 1.16699 0 0 0.00940335 0.0143891 0.0888894
40 2.18853 -0.50104 0.0576596 -1.57278 0.0333874 -0.245473
41 1.29609 0 0 -0.051188 0.0861313 0.870996
42 1.62202 -0.000713348 -0.000470161 -0.0479592 -0.0941554 1.54934
43 1.22241 0 0 0.0319454 0.00844733 1.16733
44 1.76707 -1.27612 0.0366411 -1.53197 0.117513 -0.244895
45 1.55588 0 0 -0.0186127 0.0509371 0.79924
46 1.24273 0 0 -0.024957 -0.0934673 1.14497
47 0.784532 0 0 -0.0115689 0.00645265 1.17662
48 0 0 0 0 0 0
49 -8.40762 -13.0389 -1.1014 1.13717 0.15597 -3.10167
50 0 0.596887 0 0 0 0
51 -0.496888 -0.188841 0.286781 0 0 0
52 -0.496891 -0.188822 -0.287058 0 0 0
53 0 -0.188841 -0.573976 0 0 0
54 0.497047 -0.188822 -0.287067 0 0 0
55 0.496964 -0.188841 0.28678 0 0 0
56 0 -0.188822 0.573699 0 0 0
57 -3.91759 2.35705 -33.5402 -1.13717 -0.15597 0.0399213
58 -8.02017 -13.3119 -4.56645 0 0 0
59 0.0552974 0.129764 0.687999 -1.13717 -0.15597 0.0399213
60 0 -1.76462 0.0512857 0 0 -3.14159
61 0.132428 -3.80692 0.21937 0 0 -3.14159
62 0.132427 -1.32347 1.10768 0 0 0
63 0 2.7745 0 0 0 0
64 0 -0.750145 1.01704 0 0 -3.14159
time 4
0 3.34582 10.992 -7.01801 0.000934124 0 -1.17275
1 6.02794 0 0 -1.24014 0.32462 -0.814579
2 11.7344 0 0 -0.00140279 0 -0.612573
3 8.81139 -0.000450134 -0.000112057 -0.197143 0 0.000157466
4 5.77839 0.000286102 0 -0.132086 0 0.000104663
5 2.23164 -0.000329971 -0.000363588 -0.0650571 0 0
6 11.4725 0 0 -0.0957302 -0.208064 -0.595918
7 0.615219 -0.993092 -0.810701 2.3606 0.0522832 -0.392226
8 2.24752 0 0 0.0917528 0.25842 -0.102372
9 1.11936 0 0 0.049337 0.0785232 -0.629449
10 3.71348 -0.10264 0.102191 1.77126 0.869992 0.142171
11 1.72615 0 0 0.013477 -0.00733103 -0.811382
12 1.21114 0 0 0.00873792 0.0151281 -0.772911
13 3.59919 -1.06012 0.0708877 1.87281 0.766148 0.187134
14 1.66069 0 0 -0.0195999 0.044389 -0.726687
15 1.167 0 0 0.0084099 -0.00839407 -0.438997
16 2.18852 0.50104 0.0576586 1.57366 -0.0281249 0.156362
17 1.29609 0 0 0.078558 0.027053 -1.07235
18 1.62202 0.000713348 -0.000469208 0.00740299 -0.022111 -0.784236
19 1.22241 0 0 0.000237048 0.00593001 -0.707337
20 1.76707 1.27612 0.0366405 1.57458 0.205155 0.106808
21 1.55588 0 0 -0.0273739 0.0177039 -0.702262
22 1.24274 0 0 -0.000479009 0.00036095 -1.15419
23 0.784523 0 0 0.00636392 -0.00322807 -0.741041
24 -1.93761 4.15381 -12.6541 -0.000932693 0 3.14159
25 6.02794 0 0 1.57989 0.459619 1.61873
26 11.7344 0 0 0.00140264 0 1.48217
27 8.81167 0 0 0.0209004 0 0
28 5.77884 0 0 0.0140032 0 0
29 2.23249 0 0 0.00689713 0 0
30 11.4725 0 0 -0.0114375 -0.470572 0.0663231
31 0.615813 0.994373 -0.809165 2.98233 0.402638 0.136051
32 2.24752 0 0 -0.190329 -0.0267981 0.151876
33 1.11936 0 0 -0.244493 0.180804 0.323019
34 3.71349 0.102639 0.102191 -1.89161 0.958008 -0.514705
35 1.72615 0 0 -0.0322384 -0.0935535 1.46129
36 1.21112 0 0 0.00965708 0.00709788 1.19665
37 3.5992 1.06012 0.0708895 -1.47584 0.46409 0.0842291
38 1.66069 0 0 -0.0169385 0.0619798 -0.0134314
39 1.16699 0 0 0.00940341 0.0143891 0.0888895
40 2.18853 -0.501041 0.0576596 -1.57278 0.0333876 -0.245473
41 1.29609 0 0 -0.0511878 0.0861316 0.870996
42 1.62202 -0.000713348 -0.000469208 -0.0479592 -0.0941553 1.54934
43 1.22241 0 0 0.0319454 0.00844736 1.16733
44 1.76707 -1.27612 0.0366416 -1.53197 0.117513 -0.244895
45 1.55588 0 0 -0.0186127 0.050937 0.79924
46 1.24273 0 0 -0.024957 -0.0934672 1.14497
47 0.784531 0 0 -0.0115689 0.00645268 1.17662
48 0 0 0 0 0 0
49 -8.40762 -13.0389 -1.1014 1.13717 0.15597 -3.10167
50 0 0.596887 0 0 0 0
51 -0.496888 -0.188841 0.286781 0 0 0
52 -0.496891 -0.188822 -0.287058 0 0 0
53 0 -0.188841 -0.573976 0 0 0
54 0.497047 -0.188822 -0.287067 0 0 0
55 0.496964 -0.188841 0.28678 0 0 0
56 0 -0.188822 0.573699 0 0 0
57 -3.91759 2.35705 -33.5402 -1.13717 -0.15597 0.0399213
58 -8.02017 -13.3119 -4.56645 0 0 0
59 0.0552974 0.129764 0.687999 -1.13717 -0.15597 0.0399213
60 0 -1.76462 0.0512857 0 0 -3.14159
61 0.132428 -3.80692 0.21937 0 0 -3.14159
62 0.132427 -1.32347 1.10768 0 0 0
63 0 2.7745 0 0 0 0
64 0 -0.750145 1.01704 0 0 -3.14159
time 5
0 3.34582 10.992 -7.01801 0.000934124 0 -1.17275
1 6.02794 0 0 -1.24014 0.32462 -0.814579
2 11.7344 0 0 -0.00140279 0 -0.612573
3 8.81139 -0.000450134 -0.000112057 -0.197142 0 0.000157288
4 5.77839 0.000286102 0 -0.132085 0 0.00010454
5 2.23164 -0.000329971 -0.000363588 -0.0650571 0 0
6 11.4725 0 0 -0.0957302 -0.208064 -0.595918
7 0.615219 -0.993092 -0.8107 2.3606 0.0522831 -0.392226
8 2.24752 0 0 0.0917527 0.25842 -0.102372
9 1.11936 0 0 0.049337 0.0785232 -0.629448
10 3.71348 -0.102642 0.102191 1.77126 0.869992 0.142171
11 1.72615 0 0 0.013477 -0.00733096 -0.811382
12 1.21114 0 0 0.00873799 0.015128 -0.772911
13 3.59919 -1.06012 0.0708879 1.87281 0.766148 0.187134
14 1.66069 0 0 -0.0195999 0.044389 -0.726687
15 1.167 0 0 0.00840996 -0.00839405 -0.438997
16 2.18852 0.50104 0.0576587 1.57366 -0.0281251 0.156362
17 1.29609 0 0 0.0785579 0.027053 -1.07235
18 1.62202 0.000712395 -0.000471115 0.00740306 -0.022111 -0.784236
19 1.22241 0 0 0.000236936 0.00592997 -0.707337
20 1.76707 1.27612 0.0366405 1.57458 0.205155 0.106808
21 1.55588 0 0 -0.027374 0.017704 -0.702262
22 1.24274 0 0 -0.000478897 0.000360996 -1.15419
23 0.784523 0 0 0.006364 -0.00322813 -0.741041
24 -1.93761 4.15381 -12.6541 -0.000932693 0 3.14159
25 6.02794 0 0 1.57989 0.459619 1.61873
26 11.7344 0 0 0.00140264 0 1.48217
27 8.81167 0 0 0.0209004 0 0
28 5.77884 0 0 0.0140032 0 0
29 2.23249 0 0 0.0068971 0 0
30 11.4725 0 0 -0.0114376 -0.470572 0.0663232
31 0.615813 0.994371 -0.809166 2.98233 0.402637 0.136051
32 2.24752 0 0 -0.19033 -0.0267982 0.151876
33 1.11936 0 0 -0.244494 0.180804 0.323019
34 3.71349 0.102638 0.102191 -1.89161 0.958008 -0.514705
35 1.72615 0 0 -0.0322384 -0.0935535 1.46129
36 1.21112 0 0 0.00965707 0.00709781 1.19665
37 3.5992 1.06012 0.070888 -1.47584 0.46409 0.0842291
38 1.66069 0 0 -0.0169385 0.0619798 -0.0134314
39 1.16699 0 0 0.00940338 0.014389 0.0888894
40 2.18853 -0.501041 0.0576601 -1.57278 0.0333874 -0.245473
41 1.29609 0 0 -0.0511878 0.0861315 0.870996
42 1.62202 -0.000714302 -0.000471115 -0.0479592 -0.0941553 1.54934
43 1.22241 0 0 0.0319454 0.00844737 1.16733
44 1.76707 -1.27612 0.0366402 -1.53197 0.117513 -0.244895
45 1.55588 0 0 -0.0186127 0.0509371 0.79924
46 1.24273 0 0 -0.024957 -0.0934672 1.14497
47 0.784533 0 0 -0.0115689 0.00645265 1.17662
48 0 0 0 0 0 0
49 -8.40762 -13.0389 -1.1014 1.13717 0.15597 -3.10167
50 0 0.596887 0 0 0 0
51 -0.496888 -0.188841 0.286781 0 0 0
52 -0.496891 -0.188822 -0.287058 0 0 0
53 0 -0.188841 -0.573976 0 0 0
54 0.497047 -0.188822 -0.287067 0 0 0
55 0.496964 -0.188841 0.28678 0 0 0
56 0 -0.188822 0.573699 0 0 0
57 -3.91759 2.35705 -33.5402 -1.13717 -0.15597 0.0399213
58 -8.02017 -13.3119 -4.56645 0 0 0
59 0.0552974 0.129764 0.687999 -1.13717 -0.15597 0.0399213
60 0 -1.76462 0.0512857 0 0 -3.14159
61 0.132428 -3.80692 0.21937 0 0 -3.14159
62 0.132427 -1.32347 1.10768 0 0 0
63 0 2.7745 0 0 0 0
64 0 -0.750145 1.01704 0 0 -3.14159
time 6
0 3.34582 10.992 -7.01801 0.000934124 0 -1.17275
1 6.02794 0 0 -1.24014 0.32462 -0.814579
2 11.7344 0 0 -0.00140279 0 -0.612573
3 8.81139 -0.000450134 -0.000112057 -0.197143 0 0.000157466
4 5.77839 0.000286102 0 -0.132086 0 0.000104663
5 2.23164 -0.000329971 -0.000363588 -0.0650571 0 0
6 11.4725 0 0 -0.0957302 -0.208064 -0.595918
7 0.615219 -0.993092 -0.810701 2.3606 0.0522832 -0.392226
8 2.24752 0 0 0.0917528 0.25842 -0.102372
9 1.11936 0 0 0.049337 0.0785232 -0.629449
10 3.71348 -0.10264 0.102191 1.77126 0.869992 0.142171
11 1.72615 0 0 0.013477 -0.00733103 -0.811382
12 1.21114 0 0 0.00873792 0.0151281 -0.772911
13 3.59919 -1.06012 0.0708877 1.87281 0.766148 0.187134
14 1.66069 0 0 -0.0195999 0.044389 -0.726687
15 1.167 0 0 0.0084099 -0.00839407 -0.438997
16 2.18852 0.50104 0.0576586 1.57366 -0.0281249 0.156362
17 1.29609 0 0 0.078558 0.027053 -1.07235
18 1.62202 0.000713348 -0.000469208 0.00740299 -0.022111 -0.784236
19 1.22241 0 0 0.000237048 0.00593001 -0.707337
20 1.76707 1.27612 0.0366405 1.57458 0.205155 0.106808
21 1.55588 0 0 -0.0273739 0.0177039 -0.702262
22 1.24274 0 0 -0.000479009 0.00036095 -1.15419
23 0.784523 0 0 0.00636392 -0.00322807 -0.741041
24 -1.93761 4.15381 -12.6541 -0.000932693 0 3.14159
25 6.02794 0 0 1.57989 0.459619 1.61873
26 11.7344 0 0 0.00140264 0 1.48217
27 8.81167 0 0 0.0209004 0 0
28 5.77884 0 0 0.0140032 0 0
29 2.23249 0 0 0.00689713 0 0
30 11.4725 0 0 -0.0114376 -0.470572 0.0663232
31 0.615813 0.994372 -0.809165 2.98233 0.402638 0.136051
32 2.24752 0 0 -0.19033 -0.0267981 0.151876
33 1.11936 0 0 -0.244493 0.180804 0.323019
34 3.71349 0.102639 0.10219 -1.89161 0.958008 -0.514705
35 1.72615 0 0 -0.0322384 -0.0935535 1.46129
36 1.21112 0 0 0.0096571 0.00709785 1.19665
37 3.5992 1.06012 0.070888 -1.47584 0.46409 0.0842291
38 1.66069 0 0 -0.0169384 0.0619798 -0.0134313
39 1.16699 0 0 0.00940332 0.014389 0.0888894
40 2.18853 -0.501041 0.0576596 -1.57278 0.0333875 -0.245473
41 1.29609 0 0 -0.0511877 0.0861315 0.870996
42 1.62202 -0.000713348 -0.000470161 -0.0479591 -0.0941553 1.54934
43 1.22241 0 0 0.0319454 0.00844732 1.16733
44 1.76707 -1.27612 0.0366411 -1.53196 0.117513 -0.244895
45 1.55588 0 0 -0.0186128 0.050937 0.79924
46 1.24273 0 0 -0.0249569 -0.0934672 1.14497
47 0.784532 0 0 -0.0115688 0.00645274 1.17662
48 0 0 0 0 0 0
49 -8.40762 -13.0389 -1.1014 1.13717 0.15597 -3.10167
50 0 0.596887 0 0 0 0
51 -0.496888 -0.188841 0.286781 0 0 0
52 -0.496891 -0.188822 -0.287058 0 0 0
53 0 -0.188841 -0.573976 0 0 0
54 0.497047 -0.188822 -0.287067 0 0 0
55 0.496964 -0.188841 0.28678 0 0 0
56 0 -0.188822 0.573699 0 0 0
57 -3.91759 2.35705 -33.5402 -1.13717 -0.15597 0.0399213
58 -8.02017 -13.3119 -4.56645 0 0 0
59 0.0552974 0.129764 0.687999 -1.13717 -0.15597 0.0399213
60 0 -1.76462 0.0512857 0 0 -3.14159
61 0.132428 -3.80692 0.21937 0 0 -3.14159
62 0.132427 -1.32347 1.10768 0 0 0
63 0 2.7745 0 0 0 0
64 0 -0.750145 1.01704 0 0 -3.14159
time 7
0 3.34582 10.992 -7.01801 0.000934124 0 -1.17275
1 6.02794 0 0 -1.24014 0.32462 -0.814579
2 11.7344 0 0 -0.00140279 0 -0.612573
3 8.81139 -0.000450134 -0.000112057 -0.197143 0 0.000157466
4 5.77839 0.000286102 0 -0.132086 0 0.000104663
5 2.23164 -0.000329971 -0.000363588 -0.0650571 0 0
6 11.4725 0 0 -0.0957302 -0.208064 -0.595918
7 0.61522 -0.993092 -0.810701 2.3606 0.0522832 -0.392226
8 2.24752 0 0 0.0917527 0.25842 -0.102372
9 1.11936 0 0 0.049337 0.0785231 -0.629448
10 3.71348 -0.10264 0.102191 1.77126 0.869992 0.142171
11 1.72615 0 0 0.013477 -0.00733107 -0.811382
12 1.21114 0 0 0.00873799 0.015128 -0.772911
13 3.59919 -1.06012 0.070888 1.87281 0.766148 0.187134
14 1.66069 0 0 -0.0196001 0.044389 -0.726687
15 1.167 0 0 0.00841006 -0.00839398 -0.438997
16 2.18853 0.50104 0.0576587 1.57366 -0.0281249 0.156362
17 1.29609 0 0 0.0785579 0.027053 -1.07235
18 1.62202 0.000713348 -0.000471115 0.00740304 -0.022111 -0.784236
19 1.22241 0 0 0.000237003 0.00592996 -0.707337
20 1.76707 1.27612 0.0366405 1.57458 0.205155 0.106808
21 1.55588 0 0 -0.027374 0.017704 -0.702262
22 1.24273 0 0 -0.000479013 0.000360956 -1.15419
23 0.784523 0 0 0.00636401 -0.00322797 -0.741041
24 -1.93761 4.15381 -12.6541 -0.000932693 0 3.14159
25 6.02794 0 0 1.57989 0.459619 1.61873
26 11.7344 0 0 0.00140264 0 1.48217
27 8.81167 0 0 0.0209004 0 0
28 5.77884 0 0 0.0140032 0 0
29 2.23249 0 0 0.00689713 0 0
30 11.4725 0 0 -0.0114375 -0.470572 0.0663232
31 0.615813 0.994373 -0.809165 2.98233 0.402638 0.136051
32 2.24752 0 0 -0.19033 -0.0267984 0.151876
33 1.11936 0 0 -0.244493 0.180804 0.323019
34 3.71349 0.102639 0.10219 -1.89161 0.958008 -0.514705
35 1.72615 0 0 -0.0322384 -0.0935535 1.46129
36 1.21112 0 0 0.00965708 0.00709793 1.19665
37 3.5992 1.06012 0.070888 -1.47584 0.46409 0.0842292
38 1.66069 0 0 -0.0169385 0.0619799 -0.0134315
39 1.16699 0 0 0.00940343 0.0143889 0.0888896
40 2.18853 -0.50104 0.0576587 -1.57278 0.0333876 -0.245473
41 1.29609 0 0 -0.0511878 0.0861314 0.870996
42 1.62202 -0.000713348 -0.000470161 -0.0479591 -0.0941553 1.54934
43 1.22241 0 0 0.0319454 0.00844737 1.16733
44 1.76707 -1.27612 0.0366406 -1.53197 0.117513 -0.244895
45 1.55588 0 0 -0.0186128 0.050937 0.79924
46 1.24273 0 0 -0.0249569 -0.0934673 1.14497
47 0.784532 0 0 -0.0115689 0.00645279 1.17662
48 0 0 0 0 0 0
49 -8.40762 -13.0389 -1.1014 1.13717 0.15597 -3.10167
50 0 0.596887 0 0 0 0
51 -0.496888 -0.188841 0.286781 0 0 0
52 -0.496891 -0.188822 -0.287058 0 0 0
53 0 -0.188841 -0.573976 0 0 0
54 0.497047 -0.188822 -0.287067 0 0 0
55 0.496964 -0.188841 0.28678 0 0 0
56 0 -0.188822 0.573699 0 0 0
57 -3.91759 2.35705 -33.5402 -1.13717 -0.15597 0.0399213
58 -8.02017 -13.3119 -4.56645 0 0 0
59 0.0552974 0.129764 0.687999 -1.13717 -0.15597 0.0399213
60 0 -1.76462 0.0512857 0 0 -3.14159
61 0.132428 -3.80692 0.21937 0 0 -3.14159
62 0.132427 -1.32347 1.10768 0 0 0
63 0 2.7745 0 0 0 0
64 0 -0.750145 1.01704 0 0 -3.14159
time 8
0 3.34582 10.992 -7.01801 0.000934124 0 -1.17275
1 6.02794 0 0 -1.24014 0.32462 -0.814579
2 11.7344 0 0 -0.00140279 0 -0.612573
3 8.81139 -0.000450134 -0.000112057 -0.197142 0 0.000157288
4 5.77839 0.000286102 0 -0.132085 0 0.00010454
5 2.23164 -0.000329971 -0.000363588 -0.0650571 0 0
6 11.4725 0 0 -0.0957302 -0.208064 -0.595918
7 0.615219 -0.993092 -0.8107 2.3606 0.0522831 -0.392226
8 2.24752 0 0 0.0917527 0.25842 -0.102372
9 1.11936 0 0 0.049337 0.0785232 -0.629448
10 3.71348 -0.102642 0.102191 1.77126 0.869992 0.142171
11 1.72615 0 0 0.013477 -0.00733096 -0.811382
12 1.21114 0 0 0.00873799 0.015128 -0.772911
13 3.59919 -1.06012 0.0708879 1.87281 0.766148 0.187134
14 1.66069 0 0 -0.0195999 0.044389 -0.726687
15 1.167 0 0 0.00840996 -0.00839405 -0.438997
16 2.18852 0.50104 0.0576587 1.57366 -0.0281251 0.156362
17 1.29609 0 0 0.0785579 0.027053 -1.07235
18 1.62202 0.000712395 -0.000471115 0.00740306 -0.022111 -0.784236
19 1.22241 0 0 0.000236936 0.00592997 -0.707337
20 1.76707 1.27612 0.0366405 1.57458 0.205155 0.106808
21 1.55588 0 0 -0.027374 0.017704 -0.702262
22 1.24274 0 0 -0.000478897 0.000360996 -1.15419
23 0.784523 0 0 0.006364 -0.00322813 -0.741041
24 -1.93761 4.15381 -12.6541 -0.000932693 0 3.14159
25 6.02794 0 0 1.57989 0.459619 1.61873
26 11.7344 0 0 0.00140264 0 1.48217
27 8.81167 0 0 0.0209004 0 0
28 5.77884 0 0 0.0140032 0 0
29 2.23249 0 0 0.00689713 0 0
30 11.4725 0 0 -0.0114375 -0.470572 0.0663231
31 0.615813 0.994371 -0.809165 2.98233 0.402638 0.136051
32 2.24752 0 0 -0.19033 -0.0267983 0.151876
33 1.11936 0 0 -0.244493 0.180804 0.323019
34 3.71349 0.102638 0.102191 -1.89161 0.958008 -0.514705
35 1.72615 0 0 -0.0322384 -0.0935535 1.46129
36 1.21112 0 0 0.00965707 0.00709776 1.19665
37 3.5992 1.06012 0.0708885 -1.47584 0.46409 0.0842292
38 1.66069 0 0 -0.0169385 0.0619799 -0.0134313
39 1.16699 0 0 0.00940335 0.014389 0.0888895
40 2.18853 -0.501041 0.0576601 -1.57278 0.0333874 -0.245473
41 1.29609 0 0 -0.0511879 0.0861314 0.870996
42 1.62202 -0.000713348 -0.000470161 -0.0479593 -0.0941553 1.54934
43 1.22241 0 0 0.0319454 0.00844721 1.16733
44 1.76707 -1.27612 0.0366406 -1.53197 0.117513 -0.244895
45 1.55588 0 0 -0.0186127 0.0509371 0.79924
46 1.24273 0 0 -0.024957 -0.0934672 1.14497
47 0.784532 0 0 -0.0115689 0.00645268 1.17662
48 0 0 0 0 0 0
49 -8.40762 -13.0389 -1.1014 1.13717 0.15597 -3.10167
50 0 0.596887 0 0 0 0
51 -0.496888 -0.188841 0.286781 0 0 0
52 -0.496891 -0.188822 -0.287058 0 0 0
53 0 -0.188841 -0.573976 0 0 0
54 0.497047 -0.188822 -0.287067 0 0 0
55 0.496964 -0.188841 0.28678 0 0 0
56 0 -0.188822 0.573699 0 0 0
57 -3.91759 2.35705 -33.5402 -1.13717 -0.15597 0.0399213
58 -8.02017 -13.3119 -4.56645 0 0 0
59 0.0552974 0.129764 0.687999 -1.13717 -0.15597 0.0399213
60 0 -1.76462 0.0512857 0 0 -3.14159
61 0.132428 -3.80692 0.21937 0 0 -3.14159
62 0.132427 -1.32347 1.10768 0 0 0
63 0 2.7745 0 0 0 0
64 0 -0.750145 1.01704 0 0 -3.14159
time 9
0 3.34582 10.992 -7.01801 0.000934124 0 -1.17275
1 6.02794 0 0 -1.24014 0.32462 -0.814579
2 11.7344 0 0 -0.00140279 0 -0.612573
3 8.81139 -0.000450134 -0.000112057 -0.197143 0 0.000157466
4 5.77839 0.000286102 0 -0.132086 0 0.000104663
5 2.23164 -0.000329971 -0.000363588 -0.0650571 0 0
6 11.4725 0 0 -0.0957302 -0.208064 -0.595918
7 0.615219 -0.993092 -0.810701 2.3606 0.0522832 -0.392226
8 2.24752 0 0 0.0917528 0.25842 -0.102372
9 1.11936 0 0 0.049337 0.0785232 -0.629449
10 3.71348 -0.10264 0.102191 1.77126 0.869992 0.142171
11 1.72615 0 0 0.013477 -0.00733103 -0.811382
12 1.21114 0 0 0.00873792 0.0151281 -0.772911
13 3.59919 -1.06012 0.0708877 1.87281 0.766148 0.187134
14 1.66069 0 0 -0.0195999 0.044389 -0.726687
15 1.167 0 0 0.0084099 -0.00839407 -0.438997
16 2.18852 0.50104 0.0576586 1.57366 -0.0281249 0.156362
17 1.29609 0 0 0.078558 0.027053 -1.07235
18 1.62202 0.000713348 -0.000469208 0.00740299 -0.022111 -0.784236
19 1.22241 0 0 0.000237048 0.00593001 -0.707337
20 1.76707 1.27612 0.0366405 1.57458 0.205155 0.106808
21 1.55588 0 0 -0.0273739 0.0177039 -0.702262
22 1.24274 0 0 -0.000479009 0.00036095 -1.15419
23 0.784523 0 0 0.00636392 -0.00322807 -0.741041
24 -1.93761 4.15381 -12.6541 -0.000932693 0 3.14159
25 6.02794 0 0 1.57989 0.459619 1.61873
26 11.7344 0 0 0.00140264 0 1.48217
27 8.81167 0 0 0.0209004 0 0
28 5.77884 0 0 0.0140032 0 0
29 2.23249 0 0 0.00689713 0 0
30 11.4725 0 0 -0.0114375 -0.470572 0.0663232
31 0.615813 0.994373 -0.809165 2.98233 0.402638 0.136051
32 2.24752 0 0 -0.19033 -0.0267984 0.151876
33 1.11936 0 0 -0.244493 0.180804 0.323019
34 3.71349 0.102639 0.10219 -1.89161 0.958008 -0.514705
35 1.72615 0 0 -0.0322384 -0.0935535 1.46129
36 1.21112 0 0 0.00965708 0.00709793 1.19665
37 3.5992 1.06012 0.070888 -1.47584 0.46409 0.0842292
38 1.66069 0 0 -0.0169385 0.0619799 -0.0134315
39 1.16699 0 0 0.00940343 0.0143889 0.0888896
40 2.18853 -0.50104 0.0576587 -1.57278 0.0333876 -0.245473
41 1.29609 0 0 -0.0511878 0.0861314 0.870996
42 1.62202 -0.000713348 -0.000470161 -0.0479591 -0.0941553 1.54934
43 1.22241 0 0 0.0319454 0.00844737 1.16733
44 1.76707 -1.27612 0.0366406 -1.53197 0.117513 -0.244895
45 1.55588 0 0 -0.0186128 0.050937 0.79924
46 1.24273 0 0 -0.0249569 -0.0934673 1.14497
47 0.784532 0 0 -0.0115689 0.00645279 1.17662
48 0 0 0 0 0 0
49 -8.40762 -13.0389 -1.1014 1.13717 0.15597 -3.10167
50 0 0.596887 0 0 0 0
51 -0.496888 -0.188841 0.286781 0 0 0
52 -0.496891 -0.188822 -0.287058 0 0 0
53 0 -0.188841 -0.573976 0 0 0
54 0.497047 -0.188822 -0.287067 0 0 0
55 0.496964 -0.188841 0.28678 0 0 0
56 0 -0.188822 0.573699 0 0 0
57 -3.91759 2.35705 -33.5402 -1.13717 -0.15597 0.0399213
58 -8.02017 -13.3119 -4.56645 0 0 0
59 0.0552974 0.129764 0.687999 -1.13717 -0.15597 0.0399213
60 0 -1.76462 0.0512857 0 0 -3.14159
61 0.132428 -3.80692 0.21937 0 0 -3.14159
62 0.132427 -1.32347 1.10768 0 0 0
63 0 2.7745 0 0 0 0
64 0 -0.750145 1.01704 0 0 -3.14159
time 10
0 3.34582 10.992 -7.01801 0.000934124 0 -1.17275
1 6.02794 0 0 -1.24014 0.32462 -0.814579
2 11.7344 0 0 -0.00140279 0 -0.612573
3 8.81139 -0.000450134 -0.000112057 -0.197142 0 0.000157484
4 5.77839 0.000286102 0 -0.132085 0 0.00010454
5 2.23164 -0.000329971 -0.000363588 -0.0650569 0 0
6 11.4725 0 0 -0.0957302 -0.208064 -0.595918
7 0.615219 -0.993093 -0.8107 2.3606 0.0522832 -0.392226
8 2.24752 0 0 0.0917529 0.25842 -0.102372
9 1.11936 0 0 0.0493369 0.0785231 -0.629449
10 3.71348 -0.102642 0.102191 1.77126 0.869992 0.142171
11 1.72615 0 0 0.0134771 -0.00733094 -0.811382
12 1.21114 0 0 0.00873803 0.0151279 -0.772911
13 3.59919 -1.06012 0.0708879 1.87281 0.766148 0.187134
14 1.66069 0 0 -0.0196001 0.044389 -0.726687
15 1.167 0 0 0.00841006 -0.00839398 -0.438997
16 2.18852 0.50104 0.0576589 1.57366 -0.0281252 0.156362
17 1.29609 0 0 0.078558 0.0270529 -1.07235
18 1.62202 0.000713825 -0.000469208 0.00740306 -0.022111 -0.784236
19 1.22241 0 0 0.000236881 0.00592995 -0.707337
20 1.76707 1.27612 0.0366411 1.57458 0.205155 0.106808
21 1.55588 0 0 -0.0273741 0.017704 -0.702262
22 1.24274 0 0 -0.000478996 0.000361038 -1.15419
23 0.784523 0 0 0.00636403 -0.00322796 -0.741041
24 -1.93761 4.15381 -12.6541 -0.000932693 0 3.14159
25 6.02794 0 0 1.57989 0.459619 1.61873
26 11.7344 0 0 0.00140264 0 1.48217
27 8.81167 0 0 0.0209004 0 0
28 5.77884 0 0 0.0140032 0 0
29 2.23249 0 0 0.00689713 0 0
30 11.4725 0 0 -0.0114376 -0.470572 0.0663231
31 0.615813 0.994373 -0.809165 2.98233 0.402638 0.136051
32 2.24752 0 0 -0.19033 -0.0267983 0.151876
33 1.11936 0 0 -0.244493 0.180804 0.323019
34 3.71349 0.102638 0.10219 -1.89161 0.958008 -0.514705
35 1.72615 0 0 -0.0322382 -0.0935536 1.46129
36 1.21112 0 0 0.00965707 0.00709795 1.19665
37 3.5992 1.06012 0.0708885 -1.47584 0.46409 0.0842291
38 1.66069 0 0 -0.0169385 0.0619798 -0.0134314
39 1.16699 0 0 0.00940334 0.0143889 0.0888895
40 2.18853 -0.501041 0.0576596 -1.57278 0.0333874 -0.245473
41 1.29609 0 0 -0.0511878 0.0861315 0.870996
42 1.62202 -0.000712395 -0.000471115 -0.0479591 -0.0941554 1.54934
43 1.22241 0 0 0.0319453 0.00844741 1.16733
44 1.76707 -1.27612 0.0366416 -1.53197 0.117513 -0.244895
45 1.55588 0 0 -0.0186128 0.050937 0.79924
46 1.24273 0 0 -0.024957 -0.0934673 1.14497
47 0.784532 0 0 -0.0115689 0.00645269 1.17662
48 0 0 0 0 0 0
49 -8.40762 -13.0389 -1.1014 1.13717 0.15597 -3.10167
50 0 0.596887 0 0 0 0
51 -0.496888 -0.188841 0.286781 0 0 0
52 -0.496891 -0.188822 -0.287058 0 0 0
53 0 -0.188841 -0.573976 0 0 0
54 0.497047 -0.188822 -0.287067 0 0 0
55 0.496964 -0.188841 0.28678 0 0 0
56 0 -0.188822 0.573699 0 0 0
57 -3.91759 2.35705 -33.5402 -1.13717 -0.15597 0.0399213
58 -8.02017 -13.3119 -4.56645 0 0 0
59 0.0552974 0.129764 0.687999 -1.13717 -0.15597 0.0399213
60 0 -1.76462 0.0512857 0 0 -3.14159
61 0.132428 -3.80692 0.21937 0 0 -3.14159
62 0.132427 -1.32347 1.10768 0 0 0
63 0 2.7745 0 0 0 0
64 0 -0.750145 1.01704 0 0 -3.14159
time 11
0 3.34582 10.992 -7.01801 0.000934124 0 -1.17275
1 6.02794 0 0 -1.24014 0.32462 -0.814579
2 11.7344 0 0 -0.00140279 0 -0.612573
3 8.81139 -0.000450134 -0.000112057 -0.197143 0 0.000157466
4 5.77839 0.000286102 0 -0.132086 0 0.000104663
5 2.23164 -0.000329971 -0.000363588 -0.0650571 0 0
6 11.4725 0 0 -0.0957302 -0.208064 -0.595918
7 0.615219 -0.993092 -0.810701 2.3606 0.0522832 -0.392226
8 2.24752 0 0 0.0917528 0.25842 -0.102372
9 1.11936 0 0 0.049337 0.0785232 -0.629449
10 3.71348 -0.10264 0.102191 1.77126 0.869992 0.142171
11 1.72615 0 0 0.013477 -0.00733103 -0.811382
12 1.21114 0 0 0.00873792 0.0151281 -0.772911
13 3.59919 -1.06012 0.0708877 1.87281 0.766148 0.187134
14 1.66069 0 0 -0.0195999 0.044389 -0.726687
15 1.167 0 0 0.0084099 -0.00839407 -0.438997
16 2.18852 0.50104 0.0576586 1.57366 -0.0281249 0.156362
17 1.29609 0 0 0.078558 0.027053 -1.07235
18 1.62202 0.000713348 -0.000469208 0.00740299 -0.022111 -0.784236
19 1.22241 0 0 0.000237048 0.00593001 -0.707337
20 1.76707 1.27612 0.0366405 1.57458 0.205155 0.106808
21 1.55588 0 0 -0.0273739 0.0177039 -0.702262
22 1.24274 0 0 -0.000479009 0.00036095 -1.15419
23 0.784523 0 0 0.00636392 -0.00322807 -0.741041
24 -1.93761 4.15381 -12.6541 -0.000932693 0 3.14159
25 6.02794 0 0 1.57989 0.459619 1.61873
26 11.7344 0 0 0.00140264 0 1.48217
27 8.81167 0 0 0.0209004 0 0
28 5.77884 0 0 0.0140032 0 0
29 2.23249 0 0 0.00689713 0 0
30 11.4725 0 0 -0.0114376 -0.470572 0.0663232
31 0.615813 0.994371 -0.809165 2.98233 0.402638 0.136051
32 2.24752 0 0 -0.19033 -0.026798 0.151876
33 1.11936 0 0 -0.244494 0.180804 0.323018
34 3.71349 0.102638 0.10219 -1.89161 0.958008 -0.514705
35 1.72615 0 0 -0.0322384 -0.0935536 1.46129
36 1.21112 0 0 0.00965706 0.00709777 1.19665
37 3.5992 1.06012 0.070888 -1.47584 0.46409 0.0842291
38 1.66069 0 0 -0.0169384 0.0619799 -0.0134313
39 1.16699 0 0 0.00940326 0.0143891 0.0888895
40 2.18853 -0.501041 0.0576596 -1.57278 0.0333875 -0.245473
41 1.29609 0 0 -0.0511879 0.0861315 0.870996
42 1.62202 -0.000713348 -0.000470161 -0.0479593 -0.0941553 1.54934
43 1.22241 0 0 0.0319454 0.00844721 1.16733
44 1.76707 -1.27612 0.0366402 -1.53197 0.117513 -0.244895
45 1.55588 0 0 -0.0186127 0.050937 0.79924
46 1.24273 0 0 -0.024957 -0.0934671 1.14497
47 0.784532 0 0 -0.0115689 0.00645259 1.17662
48 0 0 0 0 0 0
49 -8.40762 -13.0389 -1.1014 1.13717 0.15597 -3.10167
50 0 0.596887 0 0 0 0
51 -0.496888 -0.188841 0.286781 0 0 0
52 -0.496891 -0.188822 -0.287058 0 0 0
53 0 -0.188841 -0.573976 0 0 0
54 0.497047 -0.188822 -0.287067 0 0 0
55 0.496964 -0.188841 0.28678 0 0 0
56 0 -0.188822 0.573699 0 0 0
57 -3.91759 2.35705 -33.5402 -1.13717 -0.15597 0.0399213
58 -8.02017 -13.3119 -4.56645 0 0 0
59 0.0552974 0.129764 0.687999 -1.13717 -0.15597 0.0399213
60 0 -1.76462 0.0512857 0 0 -3.14159
61 0.132428 -3.80692 0.21937 0 0 -3.14159
62 0.132427 -1.32347 1.10768 0 0 0
63 0 2.7745 0 0 0 0
64 0 -0.750145 1.01704 0 0 -3.14159
time 12
0 3.34582 10.992 -7.01801 0.000934124 0 -1.17275
1 6.02794 0 0 -1.24014 0.32462 -0.814579
2 11.7344 0 0 -0.00140279 0 -0.612573
3 8.81139 -0.000450134 -0.000112057 -0.197142 0 0.000157288
4 5.77839 0.000286102 0 -0.132085 0 0.00010454
5 2.23164 -0.000329971 -0.000363588 -0.0650571 0 0
6 11.4725 0 0 -0.0957302 -0.208064 -0.595918
7 0.615219 -0.993092 -0.8107 2.3606 0.0522831 -0.392226
8 2.24752 0 0 0.0917527 0.25842 -0.102372
9 1.11936 0 0 0.049337 0.0785232 -0.629448
10 3.71348 -0.102642 0.102191 1.77126 0.869992 0.142171
11 1.72615 0 0 0.013477 -0.00733096 -0.811382
12 1.21114 0 0 0.00873799 0.015128 -0.772911
13 3.59919 -1.06012 0.0708879 1.87281 0.766148 0.187134
14 1.66069 0 0 -0.0195999 0.044389 -0.726687
15 1.167 0 0 0.00840996 -0.00839405 -0.438997
16 2.18852 0.50104 0.0576587 1.57366 -0.0281251 0.156362
17 1.29609 0 0 0.0785579 0.027053 -1.07235
18 1.62202 0.000712395 -0.000471115 0.00740306 -0.022111 -0.784236
19 1.22241 0 0 0.000236936 0.00592997 -0.707337
20 1.76707 1.27612 0.0366405 1.57458 0.205155 0.106808
21 1.55588 0 0 -0.027374 0.017704 -0.702262
22 1.24274 0 0 -0.000478897 0.000360996 -1.15419
23 0.784523 0 0 0.006364 -0.00322813 -0.741041
24 -1.93761 4.15381 -12.6541 -0.000932693 0 3.14159
25 6.02794 0 0 1.57989 0.459619 1.61873
26 11.7344 0 0 0.00140264 0 1.48217
27 8.81167 0 0 0.0209004 0 0
28 5.77884 0 0 0.0140032 0 0
29 2.23249 0 0 0.00689713 0 0
30 11.4725 0 0 -0.0114375 -0.470572 0.0663231
31 0.615813 0.994371 -0.809165 2.98233 0.402638 0.136051
32 2.24752 0 0 -0.19033 -0.0267983 0.151876
33 1.11936 0 0 -0.244493 0.180804 0.323019
34 3.71349 0.102638 0.102191 -1.89161 0.958008 -0.514705
35 1.72615 0 0 -0.0322384 -0.0935535 1.46129
36 1.21112 0 0 0.00965707 0.00709776 1.19665
37 3.5992 1.06012 0.0708885 -1.47584 0.46409 0.0842292
38 1.66069 0 0 -0.0169385 0.0619799 -0.0134313
39 1.16699 0 0 0.00940335 0.014389 0.0888895
40 2.18853 -0.501041 0.0576601 -1.57278 0.0333874 -0.245473
41 1.29609 0 0 -0.0511879 0.0861314 0.870996
42 1.62202 -0.000713348 -0.000470161 -0.0479593 -0.0941553 1.54934
43 1.22241 0 0 0.0319454 0.00844721 1.16733
44 1.76707 -1.27612 0.0366406 -1.53197 0.117513 -0.244895
45 1.55588 0 0 -0.0186127 0.0509371 0.79924
46 1.24273 0 0 -0.024957 -0.0934672 1.14497
47 0.784532 0 0 -0.0115689 0.00645268 1.17662
48 0 0 0 0 0 0
49 -8.40762 -13.0389 -1.1014 1.13717 0.15597 -3.10167
50 0 0.596887 0 0 0 0
51 -0.496888 -0.188841 0.286781 0 0 0
52 -0.496891 -0.188822 -0.287058 0 0 0
53 0 -0.188841 -0.573976 0 0 0
54 0.497047 -0.188822 -0.287067 0 0 0
55 0.496964 -0.188841 0.28678 0 0 0
56 0 -0.188822 0.573699 0 0 0
57 -3.91759 2.35705 -33.5402 -1.13717 -0.15597 0.0399213
58 -8.02017 -13.3119 -4.56645 0 0 0
59 0.0552974 0.129764 0.687999 -1.13717 -0.15597 0.0399213
60 0 -1.76462 0.0512857 0 0 -3.14159
61 0.132428 -3.80692 0.21937 0 0 -3.14159
62 0.132427 -1.32347 1.10768 0 0 0
63 0 2.7745 0 0 0 0
64 0 -0.750145 1.01704 0 0 -3.14159
time 13
0 3.34582 10.992 -7.01801 0.000934124 0 -1.17275
1 6.02794 0 0 -1.24014 0.32462 -0.814579
2 11.7344 0 0 -0.00140279 0 -0.612573
3 8.81139 -0.000450134 -0.000112057 -0.197143 0 0.000157466
4 5.77839 0.000286102 0 -0.132086 0 0.000104663
5 2.23164 -0.000329971 -0.000363588 -0.0650571 0 0
6 11.4725 0 0 -0.0957302 -0.208064 -0.595918
7 0.61522 -0.993092 -0.810701 2.3606 0.0522832 -0.392226
8 2.24752 0 0 0.0917527 0.25842 -0.102372
9 1.11936 0 0 0.049337 0.0785231 -0.629448
10 3.71348 -0.10264 0.102191 1.77126 0.869992 0.142171
11 1.72615 0 0 0.013477 -0.00733107 -0.811382
12 1.21114 0 0 0.00873799 0.015128 -0.772911
13 3.59919 -1.06012 0.070888 1.87281 0.766148 0.187134
14 1.66069 0 0 -0.0196001 0.044389 -0.726687
15 1.167 0 0 0.00841006 -0.00839398 -0.438997
16 2.18853 0.50104 0.0576587 1.57366 -0.0281249 0.156362
17 1.29609 0 0 0.0785579 0.027053 -1.07235
18 1.62202 0.000713348 -0.000471115 0.00740304 -0.022111 -0.784236
19 1.22241 0 0 0.000237003 0.00592996 -0.707337
20 1.76707 1.27612 0.0366405 1.57458 0.205155 0.106808
21 1.55588 0 0 -0.027374 0.017704 -0.702262
22 1.24273 0 0 -0.000479013 0.000360956 -1.15419
23 0.784523 0 0 0.00636401 -0.00322797 -0.741041
24 -1.93761 4.15381 -12.6541 -0.000932693 0 3.14159
25 6.02794 0 0 1.57989 0.459619 1.61873
26 11.7344 0 0 0.00140264 0 1.48217
27 8.81167 0 0 0.0209004 0 0
28 5.77884 0 0 0.0140032 0 0
29 2.23249 0 0 0.00689713 0 0
30 11.4725 0 0 -0.0114376 -0.470572 0.0663232
31 0.615813 0.994371 -0.809165 2.98233 0.402638 0.136051
32 2.24752 0 0 -0.19033 -0.026798 0.151876
33 1.11936 0 0 -0.244494 0.180804 0.323018
34 3.71349 0.102638 0.10219 -1.89161 0.958008 -0.514705
35 1.72615 0 0 -0.0322384 -0.0935536 1.46129
36 1.21112 0 0 0.00965706 0.00709777 1.19665
37 3.5992 1.06012 0.070888 -1.47584 0.46409 0.0842291
38 1.66069 0 0 -0.0169384 0.0619799 -0.0134313
39 1.16699 0 0 0.00940326 0.0143891 0.0888895
40 2.18853 -0.501041 0.0576596 -1.57278 0.0333875 -0.245473
41 1.29609 0 0 -0.0511879 0.0861315 0.870996
42 1.62202 -0.000713348 -0.000470161 -0.0479593 -0.0941553 1.54934
43 1.22241 0 0 0.0319454 0.00844721 1.16733
44 1.76707 -1.27612 0.0366402 -1.53197 0.117513 -0.244895
45 1.55588 0 0 -0.0186127 0.050937 0.79924
46 1.24273 0 0 -0.024957 -0.0934671 1.14497
47 0.784532 0 0 -0.0115689 0.00645259 1.17662
48 0 0 0 0 0 0
49 -8.40762 -13.0389 -1.1014 1.13717 0.15597 -3.10167
50 0 0.596887 0 0 0 0
51 -0.496888 -0.188841 0.286781 0 0 0
52 -0.496891 -0.188822 -0.287058 0 0 0
53 0 -0.188841 -0.573976 0 0 0
54 0.497047 -0.188822 -0.287067 0 0 0
55 0.496964 -0.188841 0.28678 0 0 0
56 0 -0.188822 0.573699 0 0 0
57 -3.91759 2.35705 -33.5402 -1.13717 -0.15597 0.0399213
58 -8.02017 -13.3119 -4.56645 0 0 0
59 0.0552974 0.129764 0.687999 -1.13717 -0.15597 0.0399213
60 0 -1.76462 0.0512857 0 0 -3.14159
61 0.132428 -3.80692 0.21937 0 0 -3.14159
62 0.132427 -1.32347 1.10768 0 0 0
63 0 2.7745 0 0 0 0
64 0 -0.750145 1.01704 0 0 -3.14159
time 14
0 3.34582 10.992 -7.01801 0.000934124 0 -1.17275
1 6.02794 0 0 -1.24014 0.32462 -0.814579
2 11.7344 0 0 -0.00140279 0 -0.612573
3 8.81139 -0.000450134 -0.000112057 -0.197142 0 0.000157484
4 5.77839 0.000286102 0 -0.132085 0 0.00010454
5 2.23164 -0.000329971 -0.000363588 -0.0650569 0 0
6 11.4725 0 0 -0.0957301 -0.208064 -0.595918
7 0.615219 -0.993092 -0.8107 2.3606 0.0522831 -0.392226
8 2.24752 0 0 0.0917529 0.25842 -0.102372
9 1.11936 0 0 0.0493369 0.0785231 -0.629449
10 3.71348 -0.10264 0.102191 1.77126 0.869992 0.142171
11 1.72615 0 0 0.013477 -0.00733098 -0.811382
12 1.21114 0 0 0.00873803 0.0151279 -0.772911
13 3.59919 -1.06012 0.0708878 1.87281 0.766148 0.187134
14 1.66069 0 0 -0.0195999 0.0443891 -0.726687
15 1.167 0 0 0.00840995 -0.00839402 -0.438997
16 2.18852 0.50104 0.0576589 1.57366 -0.0281249 0.156362
17 1.29609 0 0 0.0785581 0.027053 -1.07235
18 1.62202 0.000713825 -0.000471115 0.00740293 -0.022111 -0.784236
19 1.22241 0 0 0.000237002 0.00592996 -0.707337
20 1.76707 1.27612 0.0366406 1.57458 0.205155 0.106808
21 1.55588 0 0 -0.0273739 0.017704 -0.702262
22 1.24274 0 0 -0.000479013 0.000360956 -1.15419
23 0.784523 0 0 0.00636401 -0.00322807 -0.741041
24 -1.93761 4.15381 -12.6541 -0.000932693 0 3.14159
25 6.02794 0 0 1.57989 0.459619 1.61873
26 11.7344 0 0 0.00140264 0 1.48217
27 8.81167 0 0 0.0209004 0 0
28 5.77884 0 0 0.0140032 0 0
29 2.23249 0 0 0.00689713 0 0
30 11.4725 0 0 -0.0114375 -0.470572 0.0663231
31 0.615813 0.994371 -0.809165 2.98233 0.402637 0.136051
32 2.24752 0 0 -0.19033 -0.0267984 0.151876
33 1.11936 0 0 -0.244493 0.180804 0.323019
34 3.71349 0.102638 0.102191 -1.89161 0.958008 -0.514705
35 1.72615 0 0 -0.0322384 -0.0935535 1.46129
36 1.21112 0 0 0.00965706 0.00709777 1.19665
37 3.5992 1.06012 0.070888 -1.47584 0.46409 0.0842291
38 1.66069 0 0 -0.0169385 0.0619798 -0.0134315
39 1.16699 0 0 0.00940337 0.0143889 0.0888896
40 2.18853 -0.501041 0.0576596 -1.57278 0.0333874 -0.245473
41 1.29609 0 0 -0.0511878 0.0861314 0.870996
42 1.62202 -0.000712395 -0.000470161 -0.0479591 -0.0941553 1.54934
43 1.22241 0 0 0.0319454 0.00844734 1.16733
44 1.76707 -1.27612 0.0366402 -1.53197 0.117513 -0.244895
45 1.55588 0 0 -0.0186127 0.0509371 0.79924
46 1.24273 0 0 -0.0249569 -0.0934672 1.14497
47 0.784533 0 0 -0.0115688 0.00645268 1.17662
48 0 0 0 0 0 0
49 -8.40762 -13.0389 -1.1014 1.13717 0.15597 -3.10167
50 0 0.596887 0 0 0 0
51 -0.496888 -0.188841 0.286781 0 0 0
52 -0.496891 -0.188822 -0.287058 0 0 0
53 0 -0.188841 -0.573976 0 0 0
54 0.497047 -0.188822 -0.287067 0 0 0
55 0.496964 -0.188841 0.28678 0 0 0
56 0 -0.188822 0.573699 0 0 0
57 -3.91759 2.35705 -33.5402 -1.13717 -0.15597 0.0399213
58 -8.02017 -13.3119 -4.56645 0 0 0
59 0.0552974 0.129764 0.687999 -1.13717 -0.15597 0.0399213
60 0 -1.76462 0.0512857 0 0 -3.14159
61 0.132428 -3.80692 0.21937 0 0 -3.14159
62 0.132427 -1.32347 1.10768 0 0 0
63 0 2.7745 0 0 0 0
64 0 -0.750145 1.01704 0 0 -3.14159
time 15
0 3.34582 10.992 -7.01801 0.000934124 0 -1.17275
1 6.02794 0 0 -1.24014 0.32462 -0.814579
2 11.7344 0 0 -0.00140279 0 -0.612573
3 8.81139 -0.000450134 -0.000112057 -0.197142 0 0.000157288
4 5.77839 0.000286102 0 -0.132085 0 0.00010454
5 2.23164 -0.000329971 -0.000363588 -0.0650571 0 0
6 11.4725 0 0 -0.0957304 -0.208064 -0.595918
7 0.615219 -0.993093 -0.8107 2.3606 0.0522832 -0.392226
8 2.24752 0 0 0.0917528 0.25842 -0.102372
9 1.11936 0 0 0.049337 0.0785231 -0.629449
10 3.71348 -0.102642 0.102191 1.77126 0.869992 0.142171
11 1.72615 0 0 0.0134771 -0.007331 -0.811382
12 1.21114 0 0 0.00873795 0.015128 -0.772911
13 3.59919 -1.06012 0.0708881 1.87281 0.766148 0.187134
14 1.66069 0 0 -0.0195999 0.044389 -0.726687
15 1.167 0 0 0.00841 -0.00839397 -0.438997
16 2.18852 0.501038 0.0576588 1.57366 -0.0281249 0.156362
17 1.29609 0 0 0.0785582 0.027053 -1.07235
18 1.62202 0.000713348 -0.000471115 0.00740299 -0.022111 -0.784236
19 1.22241 0 0 0.000236957 0.00592991 -0.707337
20 1.76707 1.27612 0.036641 1.57458 0.205155 0.106808
21 1.55588 0 0 -0.0273741 0.017704 -0.702262
22 1.24273 0 0 -0.000479072 0.000360936 -1.15419
23 0.784523 0 0 0.00636408 -0.00322791 -0.741041
24 -1.93761 4.15381 -12.6541 -0.000932693 0 3.14159
25 6.02794 0 0 1.57989 0.459619 1.61873
26 11.7344 0 0 0.00140264 0 1.48217
27 8.81167 0 0 0.0209005 0 0
28 5.77884 0 0 0.0140033 0 0
29 2.23249 0 0 0.00689713 0 0
30 11.4725 0 0 -0.0114375 -0.470572 0.0663232
31 0.615813 0.994371 -0.809165 2.98233 0.402638 0.136051
32 2.24752 0 0 -0.19033 -0.0267982 0.151876
33 1.11936 0 0 -0.244493 0.180804 0.323019
34 3.71349 0.102638 0.10219 -1.89161 0.958008 -0.514705
35 1.72615 0 0 -0.0322384 -0.0935535 1.46129
36 1.21112 0 0 0.00965708 0.00709786 1.19665
37 3.5992 1.06012 0.0708876 -1.47584 0.46409 0.084229
38 1.66069 0 0 -0.0169384 0.0619798 -0.0134313
39 1.16699 0 0 0.00940338 0.014389 0.0888895
40 2.18853 -0.501041 0.0576591 -1.57278 0.0333876 -0.245473
41 1.29609 0 0 -0.0511878 0.0861315 0.870996
42 1.62202 -0.000713348 -0.000470161 -0.0479593 -0.0941552 1.54934
43 1.22241 0 0 0.0319454 0.00844713 1.16733
44 1.76707 -1.27612 0.0366402 -1.53197 0.117513 -0.244895
45 1.55588 0 0 -0.0186127 0.0509371 0.79924
46 1.24273 0 0 -0.0249569 -0.0934671 1.14497
47 0.784533 0 0 -0.0115688 0.00645279 1.17662
48 0 0 0 0 0 0
49 -8.40762 -13.0389 -1.1014 1.13717 0.15597 -3.10167
50 0 0.596887 0 0 0 0
51 -0.496888 -0.188841 0.286781 0 0 0
52 -0.496891 -0.188822 -0.287058 0 0 0
53 0 -0.188841 -0.573976 0 0 0
54 0.497047 -0.188822 -0.287067 0 0 0
55 0.496964 -0.188841 0.28678 0 0 0
56 0 -0.188822 0.573699 0 0 0
57 -3.91759 2.35705 -33.5402 -1.13717 -0.15597 0.0399213
58 -8.02017 -13.3119 -4.56645 0 0 0
59 0.0552974 0.129764 0.687999 -1.13717 -0.15597 0.0399213
60 0 -1.76462 0.0512857 0 0 -3.14159
61 0.132428 -3.80692 0.21937 0 0 -3.14159
62 0.132427 -1.32347 1.10768 0 0 0
63 0 2.7745 0 0 0 0
64 0 -0.750145 1.01704 0 0 -3.14159
time 16
0 3.34582 10.992 -7.01801 0.000934124 0 -1.17275
1 6.02794 0 0 -1.24014 0.32462 -0.814579
2 11.7344 0 0 -0.00140279 0 -0.612573
3 8.81139 -0.000450134 -0.000112057 -0.197142 0 0.000157484
4 5.77839 0.000286102 0 -0.132085 0 0.00010454
5 2.23164 -0.000329971 -0.000363588 -0.0650569 0 0
6 11.4725 0 0 -0.0957304 -0.208064 -0.595918
7 0.61522 -0.993093 -0.8107 2.3606 0.0522834 -0.392226
8 2.24752 0 0 0.0917529 0.25842 -0.102372
9 1.11936 0 0 0.0493369 0.0785231 -0.629449
10 3.71348 -0.102642 0.102192 1.77126 0.869992 0.142171
11 1.72615 0 0 0.0134771 -0.00733094 -0.811382
12 1.21114 0 0 0.00873812 0.015128 -0.772911
13 3.59919 -1.06012 0.0708883 1.87281 0.766148 0.187134
14 1.66069 0 0 -0.0196001 0.044389 -0.726687
15 1.167 0 0 0.00841006 -0.00839395 -0.438997
16 2.18852 0.50104 0.0576593 1.57366 -0.0281249 0.156362
17 1.29609 0 0 0.078558 0.027053 -1.07235
18 1.62202 0.000713825 -0.000469208 0.00740294 -0.022111 -0.784236
19 1.22241 0 0 0.000236993 0.00592999 -0.707337
20 1.76707 1.27612 0.0366411 1.57458 0.205155 0.106808
21 1.55588 0 0 -0.0273741 0.0177041 -0.702262
22 1.24274 0 0 -0.000479042 0.000360999 -1.15419
23 0.784523 0 0 0.00636397 -0.00322789 -0.741041
24 -1.93761 4.15381 -12.6541 -0.000932693 0 3.14159
25 6.02794 0 0 1.57989 0.459619 1.61873
26 11.7344 0 0 0.00140264 0 1.48217
27 8.81167 0 0 0.0209004 0 0
28 5.77884 0 0 0.0140032 0 0
29 2.23249 0 0 0.00689713 0 0
30 11.4725 0 0 -0.0114375 -0.470572 0.0663231
31 0.615813 0.994371 -0.809165 2.98233 0.402638 0.136051
32 2.24752 0 0 -0.19033 -0.0267983 0.151876
33 1.11936 0 0 -0.244493 0.180804 0.323019
34 3.71349 0.102638 0.102191 -1.89161 0.958008 -0.514705
35 1.72615 0 0 -0.0322384 -0.0935535 1.46129
36 1.21112 0 0 0.00965707 0.00709776 1.19665
37 3.5992 1.06012 0.0708885 -1.47584 0.46409 0.0842292
38 1.66069 0 0 -0.0169385 0.0619799 -0.0134313
39 1.16699 0 0 0.00940335 0.014389 0.0888895
40 2.18853 -0.501041 0.0576601 -1.57278 0.0333874 -0.245473
41 1.29609 0 0 -0.0511879 0.0861314 0.870996
42 1.62202 -0.000713348 -0.000470161 -0.0479593 -0.0941553 1.54934
43 1.22241 0 0 0.0319454 0.00844721 1.16733
44 1.76707 -1.27612 0.0366406 -1.53197 0.117513 -0.244895
45 1.55588 0 0 -0.0186127 0.0509371 0.79924
46 1.24273 0 0 -0.024957 -0.0934672 1.14497
47 0.784532 0 0 -0.0115689 0.00645268 1.17662
48 0 0 0 0 0 0
49 -8.40762 -13.0389 -1.1014 1.13717 0.15597 -3.10167
50 0 0.596887 0 0 0 0
51 -0.496888 -0.188841 0.286781 0 0 0
52 -0.496891 -0.188822 -0.287058 0 0 0
53 0 -0.188841 -0.573976 0 0 0
54 0.497047 -0.188822 -0.287067 0 0 0
55 0.496964 -0.188841 0.28678 0 0 0
56 0 -0.188822 0.573699 0 0 0
57 -3.91759 2.35705 -33.5402 -1.13717 -0.15597 0.0399213
58 -8.02017 -13.3119 -4.56645 0 0 0
59 0.0552974 0.129764 0.687999 -1.13717 -0.15597 0.0399213
60 0 -1.76462 0.0512857 0 0 -3.14159
61 0.132428 -3.80692 0.21937 0 0 -3.14159
62 0.132427 -1.32347 1.10768 0 0 0
63 0 2.7745 0 0 0 0
64 0 -0.750145 1.01704 0 0 -3.14159
time 17
0 3.34582 10.992 -7.01801 0.000934124 0 -1.17275
1 6.02794 0 0 -1.24014 0.32462 -0.814579
2 11.7344 0 0 -0.00140279 0 -0.612573
3 8.81139 -0.000450134 -0.000112057 -0.197143 0 0.000157466
4 5.77839 0.000286102 0 -0.132086 0 0.000104663
5 2.23164 -0.000329971 -0.000363588 -0.0650571 0 0
6 11.4725 0 0 -0.0957302 -0.208064 -0.595918
7 0.615219 -0.993092 -0.810701 2.3606 0.0522832 -0.392226
8 2.24752 0 0 0.0917528 0.25842 -0.102372
9 1.11936 0 0 0.049337 0.0785232 -0.629449
10 3.71348 -0.10264 0.102191 1.77126 0.869992 0.142171
11 1.72615 0 0 0.013477 -0.00733103 -0.811382
12 1.21114 0 0 0.00873792 0.0151281 -0.772911
13 3.59919 -1.06012 0.0708877 1.87281 0.766148 0.187134
14 1.66069 0 0 -0.0195999 0.044389 -0.726687
15 1.167 0 0 0.0084099 -0.00839407 -0.438997
16 2.18852 0.50104 0.0576586 1.57366 -0.0281249 0.156362
17 1.29609 0 0 0.078558 0.027053 -1.07235
18 1.62202 0.000713348 -0.000469208 0.00740299 -0.022111 -0.784236
19 1.22241 0 0 0.000237048 0.00593001 -0.707337
20 1.76707 1.27612 0.0366405 1.57458 0.205155 0.106808
21 1.55588 0 0 -0.0273739 0.0177039 -0.702262
22 1.24274 0 0 -0.000479009 0.00036095 -1.15419
23 0.784523 0 0 0.00636392 -0.00322807 -0.741041
24 -1.93761 4.15381 -12.6541 -0.000932693 0 3.14159
25 6.02794 0 0 1.57989 0.459619 1.61873
26 11.7344 0 0 0.00140264 0 1.48217
27 8.81167 0 0 0.0209004 0 0
28 5.77884 0 0 0.0140033 0 0
29 2.23249 0 0 0.00689713 0 0
30 11.4725 0 0 -0.0114376 -0.470572 0.0663232
31 0.615813 0.994371 -0.809165 2.98233 0.402638 0.136051
32 2.24752 0 0 -0.19033 -0.0267983 0.151876
33 1.11936 0 0 -0.244493 0.180804 0.323019
34 3.71348 0.102639 0.10219 -1.89161 0.958008 -0.514705
35 1.72615 0 0 -0.0322383 -0.0935535 1.46129
36 1.21112 0 0 0.00965708 0.00709779 1.19665
37 3.5992 1.06012 0.070888 -1.47584 0.46409 0.084229
38 1.66069 0 0 -0.0169384 0.0619798 -0.0134313
39 1.16699 0 0 0.00940332 0.0143891 0.0888894
40 2.18853 -0.50104 0.0576601 -1.57278 0.0333874 -0.245473
41 1.29609 0 0 -0.0511878 0.0861316 0.870996
42 1.62202 -0.000713348 -0.000470161 -0.0479593 -0.0941553 1.54934
43 1.22241 0 0 0.0319454 0.00844721 1.16733
44 1.76707 -1.27612 0.0366411 -1.53197 0.117513 -0.244895
45 1.55588 0 0 -0.0186128 0.050937 0.79924
46 1.24273 0 0 -0.024957 -0.0934672 1.14497
47 0.784532 0 0 -0.0115689 0.00645277 1.17662
48 0 0 0 0 0 0
49 -8.40762 -13.0389 -1.1014 1.13717 0.15597 -3.10167
50 0 0.596887 0 0 0 0
51 -0.496888 -0.188841 0.286781 0 0 0
52 -0.496891 -0.188822 -0.287058 0 0 0
53 0 -0.188841 -0.573976 0 0 0
54 0.497047 -0.188822 -0.287067 0 0 0
55 0.496964 -0.188841 0.28678 0 0 0
56 0 -0.188822 0.573699 0 0 0
57 -3.91759 2.35705 -33.5402 -1.13717 -0.15597 0.0399213
58 -8.02017 -13.3119 -4.56645 0 0 0
59 0.0552974 0.129764 0.687999 -1.13717 -0.15597 0.0399213
60 0 -1.76462 0.0512857 0 0 -3.14159
61 0.132428 -3.80692 0.21937 0 0 -3.14159
62 0.132427 -1.32347 1.10768 0 0 0
63 0 2.7745 0 0 0 0
64 0 -0.750145 1.01704 0 0 -3.14159
time 18
0 3.34582 10.992 -7.01801 0.000934124 0 -1.17275
1 6.02794 0 0 -1.24014 0.32462 -0.814579
2 11.7344 0 0 -0.00140279 0 -0.612573
3 8.81139 -0.000450134 -0.000112057 -0.197143 0 0.000157466
4 5.77839 0.000286102 0 -0.132086 0 0.000104663
5 2.23164 -0.000329971 -0.000363588 -0.0650571 0 0
6 11.4725 0 0 -0.0957302 -0.208064 -0.595918
7 0.615219 -0.993092 -0.810701 2.3606 0.0522832 -0.392226
8 2.24752 0 0 0.0917528 0.25842 -0.102372
9 1.11936 0 0 0.049337 0.0785232 -0.629449
10 3.71348 -0.10264 0.102191 1.77126 0.869992 0.142171
11 1.72615 0 0 0.013477 -0.00733103 -0.811382
12 1.21114 0 0 0.00873792 0.0151281 -0.772911
13 3.59919 -1.06012 0.0708877 1.87281 0.766148 0.187134
14 1.66069 0 0 -0.0195999 0.044389 -0.726687
15 1.167 0 0 0.0084099 -0.00839407 -0.438997
16 2.18852 0.50104 0.0576586 1.57366 -0.0281249 0.156362
17 1.29609 0 0 0.078558 0.027053 -1.07235
18 1.62202 0.000713348 -0.000469208 0.00740299 -0.022111 -0.784236
19 1.22241 0 0 0.000237048 0.00593001 -0.707337
20 1.76707 1.27612 0.0366405 1.57458 0.205155 0.106808
21 1.55588 0 0 -0.0273739 0.0177039 -0.702262
22 1.24274 0 0 -0.000479009 0.00036095 -1.15419
23 0.784523 0 0 0.00636392 -0.00322807 -0.741041
24 -1.93761 4.15381 -12.6541 -0.000932693 0 3.14159
25 6.02794 0 0 1.57989 0.459619 1.61873
26 11.7344 0 0 0.00140264 0 1.48217
27 8.81167 0 0 0.0209004 0 0
28 5.77884 0 0 0.0140032 0 0
29 2.23249 0 0 0.00689713 0 0
30 11.4725 0 0 -0.0114376 -0.470572 0.0663232
31 0.615813 0.994371 -0.809165 2.98233 0.402638 0.136051
32 2.24752 0 0 -0.19033 -0.026798 0.151876
33 1.11936 0 0 -0.244494 0.180804 0.323018
34 3.71349 0.102638 0.10219 -1.89161 0.958008 -0.514705
35 1.72615 0 0 -0.0322384 -0.0935536 1.46129
36 1.21112 0 0 0.00965706 0.00709777 1.19665
37 3.5992 1.06012 0.070888 -1.47584 0.46409 0.0842291
38 1.66069 0 0 -0.0169384 0.0619799 -0.0134313
39 1.16699 0 0 0.00940326 0.0143891 0.0888895
40 2.18853 -0.501041 0.0576596 -1.57278 0.0333875 -0.245473
41 1.29609 0 0 -0.0511879 0.0861315 0.870996
42 1.62202 -0.000713348 -0.000470161 -0.0479593 -0.0941553 1.54934
43 1.22241 0 0 0.0319454 0.00844721 1.16733
44 1.76707 -1.27612 0.0366402 -1.53197 0.117513 -0.244895
45 1.55588 0 0 -0.0186127 0.050937 0.79924
46 1.24273 0 0 -0.024957 -0.0934671 1.14497
47 0.784532 0 0 -0.0115689 0.00645259 1.17662
48 0 0 0 0 0 0
49 -8.40762 -13.0389 -1.1014 1.13717 0.15597 -3.10167
50 0 0.596887 0 0 0 0
51 -0.496888 -0.188841 0.286781 0 0 0
52 -0.496891 -0.188822 -0.287058 0 0 0
53 0 -0.188841 -0.573976 0 0 0
54 0.497047 -0.188822 -0.287067 0 0 0
55 0.496964 -0.188841 0.28678 0 0 0
56 0 -0.188822 0.573699 0 0 0
57 -3.91759 2.35705 -33.5402 -1.13717 -0.15597 0.0399213
58 -8.02017 -13.3119 -4.56645 0 0 0
59 0.0552974 0.129764 0.687999 -1.13717 -0.15597 0.0399213
60 0 -1.76462 0.0512857 0 0 -3.14159
61 0.132428 -3.80692 0.21937 0 0 -3.14159
62 0.132427 -1.32347 1.10768 0 0 0
63 0 2.7745 0 0 0 0
64 0 -0.750145 1.01704 0 0 -3.14159
time 19
0 3.34582 10.992 -7.01801 0.000934124 0 -1.17275
1 6.02794 0 0 -1.24014 0.32462 -0.814579
2 11.7344 0 0 -0.00140279 0 -0.612573
3 8.81139 -0.000450134 -0.000112057 -0.197142 0 0.000157484
4 5.77839 0.000286102 0 -0.132085 0 0.00010454
5 2.23164 -0.000329971 -0.000363588 -0.0650569 0 0
6 11.4725 0 0 -0.0957301 -0.208064 -0.595918
7 0.615219 -0.993092 -0.8107 2.3606 0.0522831 -0.392226
8 2.24752 0 0 0.0917529 0.25842 -0.102372
9 1.11936 0 0 0.0493369 0.0785231 -0.629449
10 3.71348 -0.10264 0.102191 1.77126 0.869992 0.142171
11 1.72615 0 0 0.013477 -0.00733098 -0.811382
12 1.21114 0 0 0.00873803 0.0151279 -0.772911
13 3.59919 -1.06012 0.0708878 1.87281 0.766148 0.187134
14 1.66069 0 0 -0.0195999 0.0443891 -0.726687
15 1.167 0 0 0.00840995 -0.00839402 -0.438997
16 2.18852 0.50104 0.0576589 1.57366 -0.0281249 0.156362
17 1.29609 0 0 0.0785581 0.027053 -1.07235
18 1.62202 0.000713825 -0.000471115 0.00740293 -0.022111 -0.784236
19 1.22241 0 0 0.000237002 0.00592996 -0.707337
20 1.76707 1.27612 0.0366406 1.57458 0.205155 0.106808
21 1.55588 0 0 -0.0273739 0.017704 -0.702262
22 1.24274 0 0 -0.000479013 0.000360956 -1.15419
23 0.784523 0 0 0.00636401 -0.00322807 -0.741041
24 -1.93761 4.15381 -12.6541 -0.000932693 0 3.14159
25 6.02794 0 0 1.57989 0.459619 1.61873
26 11.7344 0 0 0.00140264 0 1.48217
27 8.81167 0 0 0.0209004 0 0
28 5.77884 0 0 0.0140032 0 0
29 2.23249 0 0 0.0068971 0 0
30 11.4725 0 0 -0.0114376 -0.470572 0.0663232
31 0.615813 0.994371 -0.809166 2.98233 0.402637 0.136051
32 2.24752 0 0 -0.19033 -0.0267982 0.151876
33 1.11936 0 0 -0.244494 0.180804 0.323019
34 3.71349 0.102638 0.102191 -1.89161 0.958008 -0.514705
35 1.72615 0 0 -0.0322384 -0.0935535 1.46129
36 1.21112 0 0 0.00965707 0.00709781 1.19665
37 3.5992 1.06012 0.070888 -1.47584 0.46409 0.0842291
38 1.66069 0 0 -0.0169385 0.0619798 -0.0134314
39 1.16699 0 0 0.00940338 0.014389 0.0888894
40 2.18853 -0.501041 0.0576601 -1.57278 0.0333874 -0.245473
41 1.29609 0 0 -0.0511878 0.0861315 0.870996
42 1.62202 -0.000714302 -0.000471115 -0.0479592 -0.0941553 1.54934
43 1.22241 0 0 0.0319454 0.00844737 1.16733
44 1.76707 -1.27612 0.0366402 -1.53197 0.117513 -0.244895
45 1.55588 0 0 -0.0186127 0.0509371 0.79924
46 1.24273 0 0 -0.024957 -0.0934672 1.14497
47 0.784533 0 0 -0.0115689 0.00645265 1.17662
48 0 0 0 0 0 0
49 -8.40762 -13.0389 -1.1014 1.13717 0.15597 -3.10167
50 0 0.596887 0 0 0 0
51 -0.496888 -0.188841 0.286781 0 0 0
52 -0.496891 -0.188822 -0.287058 0 0 0
53 0 -0.188841 -0.573976 0 0 0
54 0.497047 -0.188822 -0.287067 0 0 0
55 0.496964 -0.188841 0.28678 0 0 0
56 0 -0.188822 0.573699 0 0 0
57 -3.91759 2.35705 -33.5402 -1.13717 -0.15597 0.0399213
58 -8.02017 -13.3119 -4.56645 0 0 0
59 0.0552974 0.129764 0.687999 -1.13717 -0.15597 0.0399213
60 0 -1.76462 0.0512857 0 0 -3.14159
61 0.132428 -3.80692 0.21937 0 0 -3.14159
62 0.132427 -1.32347 1.10768 0 0 0
63 0 2.7745 0 0 0 0
64 0 -0.750145 1.01704 0 0 -3.14159
time 20
0 3.34582 10.992 -7.01801 0.000934124 0 -1.17275
1 6.02794 0 0 -1.24014 0.32462 -0.814579
2 11.7344 0 0 -0.00140279 0 -0.612573
3 8.81139 -0.000450134 -0.000112057 -0.197142 0 0.000157484
4 5.77839 0.000286102 0 -0.132085 0 0.00010454
5 2.23164 -0.000329971 -0.000363588 -0.0650569 0 0
6 11.4725 0 0 -0.0957304 -0.208064 -0.595918
7 0.61522 -0.993093 -0.8107 2.3606 0.0522834 -0.392226
8 2.24752 0 0 0.0917529 0.25842 -0.102372
9 1.11936 0 0 0.0493369 0.0785231 -0.629449
10 3.71348 -0.102642 0.102192 1.77126 0.869992 0.142171
11 1.72615 0 0 0.0134771 -0.00733094 -0.811382
12 1.21114 0 0 0.00873812 0.015128 -0.772911
13 3.59919 -1.06012 0.0708883 1.87281 0.766148 0.187134
14 1.66069 0 0 -0.0196001 0.044389 -0.726687
15 1.167 0 0 0.00841006 -0.00839395 -0.438997
16 2.18852 0.50104 0.0576593 1.57366 -0.0281249 0.156362
17 1.29609 0 0 0.078558 0.027053 -1.07235
18 1.62202 0.000713825 -0.000469208 0.00740294 -0.022111 -0.784236
19 1.22241 0 0 0.000236993 0.00592999 -0.707337
20 1.76707 1.27612 0.0366411 1.57458 0.205155 0.106808
21 1.55588 0 0 -0.0273741 0.0177041 -0.702262
22 1.24274 0 0 -0.000479042 0.000360999 -1.15419
23 0.784523 0 0 0.00636397 -0.00322789 -0.741041
24 -1.93761 4.15381 -12.6541 -0.000932693 0 3.14159
25 6.02794 0 0 1.57989 0.459619 1.61873
26 11.7344 0 0 0.00140264 0 1.48217
27 8.81167 0 0 0.0209005 0 0
28 5.77884 0 0 0.0140033 0 0
29 2.23249 0 0 0.00689719 0 0
30 11.4725 0 0 -0.0114375 -0.470572 0.0663233
31 0.615813 0.994373 -0.809165 2.98233 0.402638 0.136051
32 2.24752 0 0 -0.19033 -0.0267983 0.151876
33 1.11936 0 0 -0.244493 0.180804 0.323019
34 3.71349 0.10264 0.102191 -1.89161 0.958008 -0.514705
35 1.72615 0 0 -0.0322383 -0.0935535 1.46129
36 1.21112 0 0 0.00965705 0.00709786 1.19665
37 3.5992 1.06012 0.070888 -1.47584 0.46409 0.0842291
38 1.66069 0 0 -0.0169385 0.0619798 -0.0134312
39 1.16699 0 0 0.00940335 0.0143891 0.0888894
40 2.18853 -0.50104 0.0576596 -1.57278 0.0333874 -0.245473
41 1.29609 0 0 -0.051188 0.0861313 0.870996
42 1.62202 -0.000713348 -0.000470161 -0.0479592 -0.0941554 1.54934
43 1.22241 0 0 0.0319454 0.00844733 1.16733
44 1.76707 -1.27612 0.0366411 -1.53197 0.117513 -0.244895
45 1.55588 0 0 -0.0186127 0.0509371 0.79924
46 1.24273 0 0 -0.024957 -0.0934673 1.14497
47 0.784532 0 0 -0.0115689 0.00645265 1.17662
48 0 0 0 0 0 0
49 -8.40762 -13.0389 -1.1014 1.13717 0.15597 -3.10167
50 0 0.596887 0 0 0 0
51 -0.496888 -0.188841 0.286781 0 0 0
52 -0.496891 -0.188822 -0.287058 0 0 0
53 0 -0.188841 -0.573976 0 0 0
54 0.497047 -0.188822 -0.287067 0 0 0
55 0.496964 -0.188841 0.28678 0 0 0
56 0 -0.188822 0.573699 0 0 0
57 -3.91759 2.35705 -33.5402 -1.13717 -0.15597 0.0399213
58 -8.02017 -13.3119 -4.56645 0 0 0
59 0.0552974 0.129764 0.687999 -1.13717 -0.15597 0.0399213
60 0 -1.76462 0.0512857 0 0 -3.14159
61 0.132428 -3.80692 0.21937 0 0 -3.14159
62 0.132427 -1.32347 1.10768 0 0 0
63 0 2.7745 0 0 0 0
64 0 -0.750145 1.01704 0 0 -3.14159
time 21
0 3.34582 10.992 -7.01801 0.000934124 0 -1.17275
1 6.02794 0 0 -1.24014 0.32462 -0.814579
2 11.7344 0 0 -0.00140279 0 -0.612573
3 8.81139 -0.000450134 -0.000112057 -0.197143 0 0.000157466
4 5.77839 0.000286102 0 -0.132086 0 0.000104663
5 2.23164 -0.000329971 -0.000363588 -0.0650571 0 0
6 11.4725 0 0 -0.0957302 -0.208064 -0.595918
7 0.615219 -0.993092 -0.810701 2.3606 0.0522832 -0.392226
8 2.24752 0 0 0.0917528 0.25842 -0.102372
9 1.11936 0 0 0.0493369 0.0785231 -0.629448
10 3.71348 -0.102642 0.102191 1.77126 0.869992 0.142171
11 1.72615 0 0 0.013477 -0.00733103 -0.811382
12 1.21114 0 0 0.008738 0.015128 -0.772911
13 3.59919 -1.06012 0.0708876 1.87281 0.766148 0.187134
14 1.66069 0 0 -0.0195999 0.044389 -0.726687
15 1.167 0 0 0.00840985 -0.00839412 -0.438997
16 2.18852 0.50104 0.0576586 1.57366 -0.028125 0.156362
17 1.29609 0 0 0.078558 0.027053 -1.07235
18 1.62202 0.000712395 -0.000471115 0.00740294 -0.022111 -0.784236
19 1.22241 0 0 0.000237084 0.00593009 -0.707337
20 1.76707 1.27612 0.0366405 1.57458 0.205155 0.106808
21 1.55588 0 0 -0.0273739 0.0177039 -0.702262
22 1.24273 0 0 -0.000478909 0.000361015 -1.15419
23 0.784523 0 0 0.00636399 -0.00322811 -0.741041
24 -1.93761 4.15381 -12.6541 -0.000932693 0 3.14159
25 6.02794 0 0 1.57989 0.459619 1.61873
26 11.7344 0 0 0.00140264 0 1.48217
27 8.81167 0 0 0.0209005 0 0
28 5.77884 0 0 0.0140033 0 0
29 2.23249 0 0 0.00689719 0 0
30 11.4725 0 0 -0.0114375 -0.470572 0.0663233
31 0.615813 0.994373 -0.809165 2.98233 0.402638 0.136051
32 2.24752 0 0 -0.19033 -0.0267983 0.151876
33 1.11936 0 0 -0.244493 0.180804 0.323019
34 3.71349 0.10264 0.102191 -1.89161 0.958008 -0.514705
35 1.72615 0 0 -0.0322383 -0.0935535 1.46129
36 1.21112 0 0 0.00965705 0.00709786 1.19665
37 3.5992 1.06012 0.070888 -1.47584 0.46409 0.0842291
38 1.66069 0 0 -0.0169385 0.0619798 -0.0134312
39 1.16699 0 0 0.00940335 0.0143891 0.0888894
40 2.18853 -0.50104 0.0576596 -1.57278 0.0333874 -0.245473
41 1.29609 0 0 -0.051188 0.0861313 0.870996
42 1.62202 -0.000713348 -0.000470161 -0.0479592 -0.0941554 1.54934
43 1.22241 0 0 0.0319454 0.00844733 1.16733
44 1.76707 -1.27612 0.0366411 -1.53197 0.117513 -0.244895
45 1.55588 0 0 -0.0186127 0.0509371 0.79924
46 1.24273 0 0 -0.024957 -0.0934673 1.14497
47 0.784532 0 0 -0.0115689 0.00645265 1.17662
48 0 0 0 0 0 0
49 -8.40762 -13.0389 -1.1014 1.13717 0.15597 -3.10167
50 0 0.596887 0 0 0 0
51 -0.496888 -0.188841 0.286781 0 0 0
52 -0.496891 -0.188822 -0.287058 0 0 0
53 0 -0.188841 -0.573976 0 0 0
54 0.497047 -0.188822 -0.287067 0 0 0
55 0.496964 -0.188841 0.28678 0 0 0
56 0 -0.188822 0.573699 0 0 0
57 -3.91759 2.35705 -33.5402 -1.13717 -0.15597 0.0399213
58 -8.02017 -13.3119 -4.56645 0 0 0
59 0.0552974 0.129764 0.687999 -1.13717 -0.15597 0.0399213
60 0 -1.76462 0.0512857 0 0 -3.14159
61 0.132428 -3.80692 0.21937 0 0 -3.14159
62 0.132427 -1.32347 1.10768 0 0 0
63 0 2.7745 0 0 0 0
64 0 -0.750145 1.01704 0 0 -3.14159
time 22
0 3.34582 10.992 -7.01801 0.000934124 0 -1.17275
1 6.02794 0 0 -1.24014 0.32462 -0.814579
2 11.7344 0 0 -0.00140279 0 -0.612573
3 8.81139 -0.000450134 -0.000112057 -0.197142 0 0.000157484
4 5.77839 0.000286102 0 -0.132085 0 0.00010454
5 2.23164 -0.000329971 -0.000363588 -0.0650569 0 0
6 11.4725 0 0 -0.0957304 -0.208064 -0.595918
7 0.61522 -0.993093 -0.8107 2.3606 0.0522834 -0.392226
8 2.24752 0 0 0.0917529 0.25842 -0.102372
9 1.11936 0 0 0.0493369 0.0785231 -0.629449
10 3.71348 -0.102642 0.102192 1.77126 0.869992 0.142171
11 1.72615 0 0 0.0134771 -0.00733094 -0.811382
12 1.21114 0 0 0.00873812 0.015128 -0.772911
13 3.59919 -1.06012 0.0708883 1.87281 0.766148 0.187134
14 1.66069 0 0 -0.0196001 0.044389 -0.726687
15 1.167 0 0 0.00841006 -0.00839395 -0.438997
16 2.18852 0.50104 0.0576593 1.57366 -0.0281249 0.156362
17 1.29609 0 0 0.078558 0.027053 -1.07235
18 1.62202 0.000713825 -0.000469208 0.00740294 -0.022111 -0.784236
19 1.22241 0 0 0.000236993 0.00592999 -0.707337
20 1.76707 1.27612 0.0366411 1.57458 0.205155 0.106808
21 1.55588 0 0 -0.0273741 0.0177041 -0.702262
22 1.24274 0 0 -0.000479042 0.000360999 -1.15419
23 0.784523 0 0 0.00636397 -0.00322789 -0.741041
24 -1.93761 4.15381 -12.6541 -0.000932693 0 3.14159
25 6.02794 0 0 1.57989 0.459619 1.61873
26 11.7344 0 0 0.00140264 0 1.48217
27 8.81167 0 0 0.0209004 0 0
28 5.77884 0 0 0.0140032 0 0
29 2.23249 0 0 0.00689713 0 0
30 11.4725 0 0 -0.0114375 -0.470572 0.0663232
31 0.615813 0.994372 -0.809165 2.98233 0.402638 0.136051
32 2.24752 0 0 -0.19033 -0.0267985 0.151876
33 1.11936 0 0 -0.244493 0.180804 0.323019
34 3.71349 0.102638 0.10219 -1.89161 0.958008 -0.514705
35 1.72615 0 0 -0.0322383 -0.0935536 1.46129
36 1.21112 0 0 0.00965705 0.00709789 1.19665
37 3.5992 1.06012 0.0708885 -1.47584 0.46409 0.0842291
38 1.66069 0 0 -0.0169384 0.0619799 -0.0134313
39 1.16699 0 0 0.0094034 0.0143889 0.0888895
40 2.18853 -0.501041 0.0576591 -1.57278 0.0333876 -0.245473
41 1.29609 0 0 -0.0511878 0.0861314 0.870996
42 1.62202 -0.000713348 -0.000470161 -0.0479593 -0.0941553 1.54934
43 1.22241 0 0 0.0319454 0.00844731 1.16733
44 1.76707 -1.27612 0.0366402 -1.53197 0.117513 -0.244895
45 1.55588 0 0 -0.0186128 0.0509371 0.79924
46 1.24273 0 0 -0.0249569 -0.0934672 1.14497
47 0.784532 0 0 -0.0115689 0.0064527 1.17662
48 0 0 0 0 0 0
49 -8.40762 -13.0389 -1.1014 1.13717 0.15597 -3.10167
50 0 0.596887 0 0 0 0
51 -0.496888 -0.188841 0.286781 0 0 0
52 -0.496891 -0.188822 -0.287058 0 0 0
53 0 -0.188841 -0.573976 0 0 0
54 0.497047 -0.188822 -0.287067 0 0 0
55 0.496964 -0.188841 0.28678 0 0 0
56 0 -0.188822 0.573699 0 0 0
57 -3.91759 2.35705 -33.5402 -1.13717 -0.15597 0.0399213
58 -8.02017 -13.3119 -4.56645 0 0 0
59 0.0552974 0.129764 0.687999 -1.13717 -0.15597 0.0399213
60 0 -1.76462 0.0512857 0 0 -3.14159
61 0.132428 -3.80692 0.21937 0 0 -3.14159
62 0.132427 -1.32347 1.10768 0 0 0
63 0 2.7745 0 0 0 0
64 0 -0.750145 1.01704 0 0 -3.14159
time 23
0 3.34582 10.992 -7.01801 0.000934124 0 -1.17275
1 6.02794 0 0 -1.24014 0.32462 -0.814579
2 11.7344 0 0 -0.00140279 0 -0.612573
3 8.81139 -0.000450134 -0.000112057 -0.197143 0 0.000157466
4 5.77839 0.000286102 0 -0.132086 0 0.000104663
5 2.23164 -0.000329971 -0.000363588 -0.0650571 0 0
6 11.4725 0 0 -0.0957302 -0.208064 -0.595918
7 0.61522 -0.993092 -0.810701 2.3606 0.0522832 -0.392226
8 2.24752 0 0 0.0917527 0.25842 -0.102372
9 1.11936 0 0 0.049337 0.0785231 -0.629448
10 3.71348 -0.10264 0.102191 1.77126 0.869992 0.142171
11 1.72615 0 0 0.013477 -0.00733107 -0.811382
12 1.21114 0 0 0.00873799 0.015128 -0.772911
13 3.59919 -1.06012 0.070888 1.87281 0.766148 0.187134
14 1.66069 0 0 -0.0196001 0.044389 -0.726687
15 1.167 0 0 0.00841006 -0.00839398 -0.438997
16 2.18853 0.50104 0.0576587 1.57366 -0.0281249 0.156362
17 1.29609 0 0 0.0785579 0.027053 -1.07235
18 1.62202 0.000713348 -0.000471115 0.00740304 -0.022111 -0.784236
19 1.22241 0 0 0.000237003 0.00592996 -0.707337
20 1.76707 1.27612 0.0366405 1.57458 0.205155 0.106808
21 1.55588 0 0 -0.027374 0.017704 -0.702262
22 1.24273 0 0 -0.000479013 0.000360956 -1.15419
23 0.784523 0 0 0.00636401 -0.00322797 -0.741041
24 -1.93761 4.15381 -12.6541 -0.000932693 0 3.14159
25 6.02794 0 0 1.57989 0.459619 1.61873
26 11.7344 0 0 0.00140264 0 1.48217
27 8.81167 0 0 0.0209004 0 0
28 5.77884 0 0 0.0140032 0 0
29 2.23249 0 0 0.00689713 0 0
30 11.4725 0 0 -0.0114375 -0.470572 0.0663232
31 0.615813 0.994372 -0.809165 2.98233 0.402638 0.136051
32 2.24752 0 0 -0.19033 -0.0267985 0.151876
33 1.11936 0 0 -0.244493 0.180804 0.323019
34 3.71349 0.102638 0.10219 -1.89161 0.958008 -0.514705
35 1.72615 0 0 -0.0322383 -0.0935536 1.46129
36 1.21112 0 0 0.00965705 0.00709789 1.19665
37 3.5992 1.06012 0.0708885 -1.47584 0.46409 0.0842291
38 1.66069 0 0 -0.0169384 0.0619799 -0.0134313
39 1.16699 0 0 0.0094034 0.0143889 0.0888895
40 2.18853 -0.501041 0.0576591 -1.57278 0.0333876 -0.245473
41 1.29609 0 0 -0.0511878 0.0861314 0.870996
42 1.62202 -0.000713348 -0.000470161 -0.0479593 -0.0941553 1.54934
43 1.22241 0 0 0.0319454 0.00844731 1.16733
44 1.76707 -1.27612 0.0366402 -1.53197 0.117513 -0.244895
45 1.55588 0 0 -0.0186128 0.0509371 0.79924
46 1.24273 0 0 -0.0249569 -0.0934672 1.14497
47 0.784532 0 0 -0.0115689 0.0064527 1.17662
48 0 0 0 0 0 0
49 -8.40762 -13.0389 -1.1014 1.13717 0.15597 -3.10167
50 0 0.596887 0 0 0 0
51 -0.496888 -0.188841 0.286781 0 0 0
52 -0.496891 -0.188822 -0.287058 0 0 0
53 0 -0.188841 -0.573976 0 0 0
54 0.497047 -0.188822 -0.287067 0 0 0
55 0.496964 -0.188841 0.28678 0 0 0
56 0 -0.188822 0.573699 0 0 0
57 -3.91759 2.35705 -33.5402 -1.13717 -0.15597 0.0399213
58 -8.02017 -13.3119 -4.56645 0 0 0
59 0.0552974 0.129764 0.687999 -1.13717 -0.15597 0.0399213
60 0 -1.76462 0.0512857 0 0 -3.14159
61 0.132428 -3.80692 0.21937 0 0 -3.14159
62 0.132427 -1.32347 1.10768 0 0 0
63 0 2.7745 0 0 0 0
64 0 -0.750145 1.01704 0 0 -3.14159
time 24
0 3.34582 10.992 -7.01801 0.000934124 0 -1.17275
1 6.02794 0 0 -1.24014 0.32462 -0.814579
2 11.7344 0 0 -0.00140279 0 -0.612573
3 8.81139 -0.000450134 -0.000112057 -0.197142 0 0.000157288
4 5.77839 0.000286102 0 -0.132085 0 0.00010454
5 2.23164 -0.000329971 -0.000363588 -0.0650571 0 0
6 11.4725 0 0 -0.0957303 -0.208064 -0.595918
7 0.615219 -0.993093 -0.8107 2.3606 0.0522832 -0.392226
8 2.24752 0 0 0.0917529 0.25842 -0.102372
9 1.11936 0 0 0.049337 0.0785231 -0.629449
10 3.71348 -0.102642 0.102191 1.77126 0.869992 0.142171
11 1.72615 0 0 0.013477 -0.00733101 -0.811382
12 1.21114 0 0 0.00873803 0.0151279 -0.772911
13 3.59919 -1.06012 0.0708876 1.87281 0.766148 0.187134
14 1.66069 0 0 -0.0196 0.044389 -0.726687
15 1.167 0 0 0.00840995 -0.00839403 -0.438997
16 2.18852 0.501038 0.0576587 1.57366 -0.028125 0.156362
17 1.29609 0 0 0.078558 0.027053 -1.07235
18 1.62202 0.000713348 -0.000469208 0.00740299 -0.022111 -0.784236
19 1.22241 0 0 0.000237003 0.00592996 -0.707337
20 1.76707 1.27612 0.0366406 1.57458 0.205155 0.106808
21 1.55588 0 0 -0.027374 0.017704 -0.702262
22 1.24274 0 0 -0.000478955 0.000360976 -1.15419
23 0.784523 0 0 0.00636396 -0.00322802 -0.741041
24 -1.93761 4.15381 -12.6541 -0.000932693 0 3.14159
25 6.02794 0 0 1.57989 0.459619 1.61873
26 11.7344 0 0 0.00140264 0 1.48217
27 8.81167 0 0 0.0209004 0 0
28 5.77884 0 0 0.0140032 0 0
29 2.23249 0 0 0.00689713 0 0
30 11.4725 0 0 -0.0114375 -0.470572 0.0663232
31 0.615813 0.994372 -0.809165 2.98233 0.402638 0.136051
32 2.24752 0 0 -0.19033 -0.0267985 0.151876
33 1.11936 0 0 -0.244494 0.180804 0.323019
34 3.71348 0.102638 0.102191 -1.89161 0.958008 -0.514705
35 1.72615 0 0 -0.0322384 -0.0935536 1.46129
36 1.21112 0 0 0.00965702 0.00709785 1.19665
37 3.5992 1.06012 0.0708885 -1.47584 0.46409 0.0842291
38 1.66069 0 0 -0.0169385 0.0619798 -0.0134313
39 1.16699 0 0 0.00940338 0.014389 0.0888895
40 2.18853 -0.501041 0.0576596 -1.57278 0.0333876 -0.245473
41 1.29609 0 0 -0.0511878 0.0861314 0.870996
42 1.62202 -0.000713348 -0.000470161 -0.0479593 -0.0941553 1.54934
43 1.22241 0 0 0.0319454 0.00844731 1.16733
44 1.76707 -1.27612 0.0366402 -1.53197 0.117513 -0.244895
45 1.55588 0 0 -0.0186127 0.0509371 0.79924
46 1.24273 0 0 -0.024957 -0.0934672 1.14497
47 0.784532 0 0 -0.0115689 0.00645269 1.17662
48 0 0 0 0 0 0
49 -8.40762 -13.0389 -1.1014 1.13717 0.15597 -3.10167
50 0 0.596887 0 0 0 0
51 -0.496888 -0.188841 0.286781 0 0 0
52 -0.496891 -0.188822 -0.287058 0 0 0
53 0 -0.188841 -0.573976 0 0 0
54 0.497047 -0.188822 -0.287067 0 0 0
55 0.496964 -0.188841 0.28678 0 0 0
56 0 -0.188822 0.573699 0 0 0
57 -3.91759 2.35705 -33.5402 -1.13717 -0.15597 0.0399213
58 -8.02017 -13.3119 -4.56645 0 0 0
59 0.0552974 0.129764 0.687999 -1.13717 -0.15597 0.0399213
60 0 -1.76462 0.0512857 0 0 -3.14159
61 0.132428 -3.80692 0.21937 0 0 -3.14159
62 0.132427 -1.32347 1.10768 0 0 0
63 0 2.7745 0 0 0 0
64 0 -0.750145 1.01704 0 0 -3.14159
time 25
0 3.34582 10.992 -7.01801 0.000934124 0 -1.17275
1 6.02794 0 0 -1.24014 0.32462 -0.814579
2 11.7344 0 0 -0.00140279 0 -0.612573
3 8.81139 -0.000450134 -0.000112057 -0.197143 0 0.000157466
4 5.77839 0.000286102 0 -0.132086 0 0.000104663
5 2.23164 -0.000329971 -0.000363588 -0.0650571 0 0
6 11.4725 0 0 -0.0957302 -0.208064 -0.595918
7 0.615219 -0.993092 -0.810701 2.3606 0.0522832 -0.392226
8 2.24752 0 0 0.0917528 0.25842 -0.102372
9 1.11936 0 0 0.049337 0.0785232 -0.629449
10 3.71348 -0.10264 0.102191 1.77126 0.869992 0.142171
11 1.72615 0 0 0.013477 -0.00733103 -0.811382
12 1.21114 0 0 0.00873792 0.0151281 -0.772911
13 3.59919 -1.06012 0.0708877 1.87281 0.766148 0.187134
14 1.66069 0 0 -0.0195999 0.044389 -0.726687
15 1.167 0 0 0.0084099 -0.00839407 -0.438997
16 2.18852 0.50104 0.0576586 1.57366 -0.0281249 0.156362
17 1.29609 0 0 0.078558 0.027053 -1.07235
18 1.62202 0.000713348 -0.000469208 0.00740299 -0.022111 -0.784236
19 1.22241 0 0 0.000237048 0.00593001 -0.707337
20 1.76707 1.27612 0.0366405 1.57458 0.205155 0.106808
21 1.55588 0 0 -0.0273739 0.0177039 -0.702262
22 1.24274 0 0 -0.000479009 0.00036095 -1.15419
23 0.784523 0 0 0.00636392 -0.00322807 -0.741041
24 -1.93761 4.15381 -12.6541 -0.000932693 0 3.14159
25 6.02794 0 0 1.57989 0.459619 1.61873
26 11.7344 0 0 0.00140264 0 1.48217
27 8.81167 0 0 0.0209004 0 0
28 5.77884 0 0 0.0140032 0 0
29 2.23249 0 0 0.00689713 0 0
30 11.4725 0 0 -0.0114375 -0.470572 0.0663232
31 0.615813 0.994372 -0.809165 2.98233 0.402638 0.136051
32 2.24752 0 0 -0.19033 -0.0267985 0.151876
33 1.11936 0 0 -0.244493 0.180804 0.323019
34 3.71349 0.102638 0.10219 -1.89161 0.958008 -0.514705
35 1.72615 0 0 -0.0322383 -0.0935536 1.46129
36 1.21112 0 0 0.00965705 0.00709789 1.19665
37 3.5992 1.06012 0.0708885 -1.47584 0.46409 0.0842291
38 1.66069 0 0 -0.0169384 0.0619799 -0.0134313
39 1.16699 0 0 0.0094034 0.0143889 0.0888895
40 2.18853 -0.501041 0.0576591 -1.57278 0.0333876 -0.245473
41 1.29609 0 0 -0.0511878 0.0861314 0.870996
42 1.62202 -0.000713348 -0.000470161 -0.0479593 -0.0941553 1.54934
43 1.22241 0 0 0.0319454 0.00844731 1.16733
44 1.76707 -1.27612 0.0366402 -1.53197 0.117513 -0.244895
45 1.55588 0 0 -0.0186128 0.0509371 0.79924
46 1.24273 0 0 -0.0249569 -0.0934672 1.14497
47 0.784532 0 0 -0.0115689 0.0064527 1.17662
48 0 0 0 0 0 0
49 -8.40762 -13.0389 -1.1014 1.13717 0.15597 -3.10167
50 0 0.596887 0 0 0 0
51 -0.496888 -0.188841 0.286781 0 0 0
52 -0.496891 -0.188822 -0.287058 0 0 0
53 0 -0.188841 -0.573976 0 0 0
54 0.497047 -0.188822 -0.287067 0 0 0
55 0.496964 -0.188841 0.28678 0 0 0
56 0 -0.188822 0.573699 0 0 0
57 -3.91759 2.35705 -33.5402 -1.13717 -0.15597 0.0399213
58 -8.02017 -13.3119 -4.56645 0 0 0
59 0.0552974 0.129764 0.687999 -1.13717 -0.15597 0.0399213
60 0 -1.76462 0.0512857 0 0 -3.14159
61 0.132428 -3.80692 0.21937 0 0 -3.14159
62 0.132427 -1.32347 1.10768 0 0 0
63 0 2.7745 0 0 0 0
64 0 -0.750145 1.01704 0 0 -3.14159
time 26
0 3.34582 10.992 -7.01801 0.000934124 0 -1.17275
1 6.02794 0 0 -1.24014 0.32462 -0.814579
2 11.7344 0 0 -0.00140279 0 -0.612573
3 8.81139 -0.000450134 -0.000112057 -0.197143 0 0.000157466
4 5.77839 0.000286102 0 -0.132086 0 0.000104663
5 2.23164 -0.000329971 -0.000363588 -0.0650571 0 0
6 11.4725 0 0 -0.0957302 -0.208064 -0.595918
7 0.615219 -0.993092 -0.810701 2.3606 0.0522832 -0.392226
8 2.24752 0 0 0.0917528 0.25842 -0.102372
9 1.11936 0 0 0.049337 0.0785232 -0.629449
10 3.71348 -0.10264 0.102191 1.77126 0.869992 0.142171
11 1.72615 0 0 0.013477 -0.00733103 -0.811382
12 1.21114 0 0 0.00873792 0.0151281 -0.772911
13 3.59919 -1.06012 0.0708877 1.87281 0.766148 0.187134
14 1.66069 0 0 -0.0195999 0.044389 -0.726687
15 1.167 0 0 0.0084099 -0.00839407 -0.438997
16 2.18852 0.50104 0.0576586 1.57366 -0.0281249 0.156362
17 1.29609 0 0 0.078558 0.027053 -1.07235
18 1.62202 0.000713348 -0.000469208 0.00740299 -0.022111 -0.784236
19 1.22241 0 0 0.000237048 0.00593001 -0.707337
20 1.76707 1.27612 0.0366405 1.57458 0.205155 0.106808
21 1.55588 0 0 -0.0273739 0.0177039 -0.702262
22 1.24274 0 0 -0.000479009 0.00036095 -1.15419
23 0.784523 0 0 0.00636392 -0.00322807 -0.741041
24 -1.93761 4.15381 -12.6541 -0.000932693 0 3.14159
25 6.02794 0 0 1.57989 0.459619 1.61873
26 11.7344 0 0 0.00140264 0 1.48217
27 8.81167 0 0 0.0209004 0 0
28 5.77884 0 0 0.0140032 0 0
29 2.23249 0 0 0.00689713 0 0
30 11.4725 0 0 -0.0114375 -0.470572 0.0663232
31 0.615813 0.994372 -0.809165 2.98233 0.402638 0.136051
32 2.24752 0 0 -0.19033 -0.0267985 0.151876
33 1.11936 0 0 -0.244493 0.180804 0.323019
34 3.71349 0.102638 0.10219 -1.89161 0.958008 -0.514705
35 1.72615 0 0 -0.0322383 -0.0935536 1.46129
36 1.21112 0 0 0.00965705 0.00709789 1.19665
37 3.5992 1.06012 0.0708885 -1.47584 0.46409 0.0842291
38 1.66069 0 0 -0.0169384 0.0619799 -0.0134313
39 1.16699 0 0 0.0094034 0.0143889 0.0888895
40 2.18853 -0.501041 0.0576591 -1.57278 0.0333876 -0.245473
41 1.29609 0 0 -0.0511878 0.0861314 0.870996
42 1.62202 -0.000713348 -0.000470161 -0.0479593 -0.0941553 1.54934
43 1.22241 0 0 0.0319454 0.00844731 1.16733
44 1.76707 -1.27612 0.0366402 -1.53197 0.117513 -0.244895
45 1.55588 0 0 -0.0186128 0.0509371 0.79924
46 1.24273 0 0 -0.0249569 -0.0934672 1.14497
47 0.784532 0 0 -0.0115689 0.0064527 1.17662
48 0 0 0 0 0 0
49 -8.40762 -13.0389 -1.1014 1.13717 0.15597 -3.10167
50 0 0.596887 0 0 0 0
51 -0.496888 -0.188841 0.286781 0 0 0
52 -0.496891 -0.188822 -0.287058 0 0 0
53 0 -0.188841 -0.573976 0 0 0
54 0.497047 -0.188822 -0.287067 0 0 0
55 0.496964 -0.188841 0.28678 0 0 0
56 0 -0.188822 0.573699 0 0 0
57 -3.91759 2.35705 -33.5402 -1.13717 -0.15597 0.0399213
58 -8.02017 -13.3119 -4.56645 0 0 0
59 0.0552974 0.129764 0.687999 -1.13717 -0.15597 0.0399213
60 0 -1.76462 0.0512857 0 0 -3.14159
61 0.132428 -3.80692 0.21937 0 0 -3.14159
62 0.132427 -1.32347 1.10768 0 0 0
63 0 2.7745 0 0 0 0
64 0 -0.750145 1.01704 0 0 -3.14159
time 27
0 3.34582 10.992 -7.01801 0.000934124 0 -1.17275
1 6.02794 0 0 -1.24014 0.32462 -0.814579
2 11.7344 0 0 -0.00140279 0 -0.612573
3 8.81139 -0.000450134 -0.000112057 -0.197142 0 0.000157288
4 5.77839 0.000286102 0 -0.132085 0 0.00010454
5 2.23164 -0.000329971 -0.000363588 -0.0650571 0 0
6 11.4725 0 0 -0.0957303 -0.208064 -0.595918
7 0.615219 -0.993093 -0.8107 2.3606 0.0522832 -0.392226
8 2.24752 0 0 0.0917529 0.25842 -0.102372
9 1.11936 0 0 0.049337 0.0785231 -0.629449
10 3.71348 -0.102642 0.102191 1.77126 0.869992 0.142171
11 1.72615 0 0 0.013477 -0.00733101 -0.811382
12 1.21114 0 0 0.00873803 0.0151279 -0.772911
13 3.59919 -1.06012 0.0708876 1.87281 0.766148 0.187134
14 1.66069 0 0 -0.0196 0.044389 -0.726687
15 1.167 0 0 0.00840995 -0.00839403 -0.438997
16 2.18852 0.501038 0.0576587 1.57366 -0.028125 0.156362
17 1.29609 0 0 0.078558 0.027053 -1.07235
18 1.62202 0.000713348 -0.000469208 0.00740299 -0.022111 -0.784236
19 1.22241 0 0 0.000237003 0.00592996 -0.707337
20 1.76707 1.27612 0.0366406 1.57458 0.205155 0.106808
21 1.55588 0 0 -0.027374 0.017704 -0.702262
22 1.24274 0 0 -0.000478955 0.000360976 -1.15419
23 0.784523 0 0 0.00636396 -0.00322802 -0.741041
24 -1.93761 4.15381 -12.6541 -0.000932693 0 3.14159
25 6.02794 0 0 1.57989 0.459619 1.61873
26 11.7344 0 0 0.00140264 0 1.48217
27 8.81167 0 0 0.0209004 0 0
28 5.77884 0 0 0.0140032 0 0
29 2.23249 0 0 0.00689713 0 0
30 11.4725 0 0 -0.0114376 -0.470572 0.0663232
31 0.615812 0.994374 -0.809165 2.98233 0.402638 0.136051
32 2.24752 0 0 -0.190329 -0.0267981 0.151876
33 1.11936 0 0 -0.244493 0.180804 0.323019
34 3.71348 0.10264 0.102191 -1.89161 0.958008 -0.514705
35 1.72615 0 0 -0.0322383 -0.0935536 1.46129
36 1.21112 0 0 0.00965703 0.00709775 1.19665
37 3.5992 1.06012 0.0708885 -1.47584 0.46409 0.0842291
38 1.66069 0 0 -0.0169385 0.0619798 -0.0134313
39 1.16699 0 0 0.00940332 0.014389 0.0888894
40 2.18853 -0.50104 0.0576596 -1.57278 0.0333874 -0.245473
41 1.29609 0 0 -0.0511877 0.0861315 0.870996
42 1.62202 -0.000713348 -0.000470161 -0.0479591 -0.0941553 1.54934
43 1.22241 0 0 0.0319454 0.00844732 1.16733
44 1.76707 -1.27612 0.0366411 -1.53197 0.117513 -0.244895
45 1.55588 0 0 -0.0186127 0.050937 0.79924
46 1.24273 0 0 -0.024957 -0.0934672 1.14497
47 0.784532 0 0 -0.0115688 0.00645268 1.17662
48 0 0 0 0 0 0
49 -8.40762 -13.0389 -1.1014 1.13717 0.15597 -3.10167
50 0 0.596887 0 0 0 0
51 -0.496888 -0.188841 0.286781 0 0 0
52 -0.496891 -0.188822 -0.287058 0 0 0
53 0 -0.188841 -0.573976 0 0 0
54 0.497047 -0.188822 -0.287067 0 0 0
55 0.496964 -0.188841 0.28678 0 0 0
56 0 -0.188822 0.573699 0 0 0
57 -3.91759 2.35705 -33.5402 -1.13717 -0.15597 0.0399213
58 -8.02017 -13.3119 -4.56645 0 0 0
59 0.0552974 0.129764 0.687999 -1.13717 -0.15597 0.0399213
60 0 -1.76462 0.0512857 0 0 -3.14159
61 0.132428 -3.80692 0.21937 0 0 -3.14159
62 0.132427 -1.32347 1.10768 0 0 0
63 0 2.7745 0 0 0 0
64 0 -0.750145 1.01704 0 0 -3.14159
time 28
0 3.34582 10.992 -7.01801 0.000934124 0 -1.17275
1 6.02794 0 0 -1.24014 0.32462 -0.814579
2 11.7344 0 0 -0.00140279 0 -0.612573
3 8.81139 -0.000450134 -0.000112057 -0.197143 0 0.000157466
4 5.77839 0.000286102 0 -0.132086 0 0.000104663
5 2.23164 -0.000329971 -0.000363588 -0.0650571 0 0
6 11.4725 0 0 -0.0957302 -0.208064 -0.595918
7 0.615219 -0.993092 -0.810701 2.3606 0.0522832 -0.392226
8 2.24752 0 0 0.0917528 0.25842 -0.102372
9 1.11936 0 0 0.049337 0.0785232 -0.629449
10 3.71348 -0.10264 0.102191 1.77126 0.869992 0.142171
11 1.72615 0 0 0.013477 -0.00733103 -0.811382
12 1.21114 0 0 0.00873792 0.0151281 -0.772911
13 3.59919 -1.06012 0.0708877 1.87281 0.766148 0.187134
14 1.66069 0 0 -0.0195999 0.044389 -0.726687
15 1.167 0 0 0.0084099 -0.00839407 -0.438997
16 2.18852 0.50104 0.0576586 1.57366 -0.0281249 0.156362
17 1.29609 0 0 0.078558 0.027053 -1.07235
18 1.62202 0.000713348 -0.000469208 0.00740299 -0.022111 -0.784236
19 1.22241 0 0 0.000237048 0.00593001 -0.707337
20 1.76707 1.27612 0.0366405 1.57458 0.205155 0.106808
21 1.55588 0 0 -0.0273739 0.0177039 -0.702262
22 1.24274 0 0 -0.000479009 0.00036095 -1.15419
23 0.784523 0 0 0.00636392 -0.00322807 -0.741041
24 -1.93761 4.15381 -12.6541 -0.000932693 0 3.14159
25 6.02794 0 0 1.57989 0.459619 1.61873
26 11.7344 0 0 0.00140264 0 1.48217
27 8.81167 0 0 0.0209004 0 0
28 5.77884 0 0 0.0140032 0 0
29 2.23249 0 0 0.00689713 0 0
30 11.4725 0 0 -0.0114375 -0.470572 0.0663232
31 0.615813 0.994372 -0.809165 2.98233 0.402638 0.136051
32 2.24752 0 0 -0.19033 -0.0267985 0.151876
33 1.11936 0 0 -0.244493 0.180804 0.323019
34 3.71349 0.102638 0.10219 -1.89161 0.958008 -0.514705
35 1.72615 0 0 -0.0322383 -0.0935536 1.46129
36 1.21112 0 0 0.00965705 0.00709789 1.19665
37 3.5992 1.06012 0.0708885 -1.47584 0.46409 0.0842291
38 1.66069 0 0 -0.0169384 0.0619799 -0.0134313
39 1.16699 0 0 0.0094034 0.0143889 0.0888895
40 2.18853 -0.501041 0.0576591 -1.57278 0.0333876 -0.245473
41 1.29609 0 0 -0.0511878 0.0861314 0.870996
42 1.62202 -0.000713348 -0.000470161 -0.0479593 -0.0941553 1.54934
43 1.22241 0 0 0.0319454 0.00844731 1.16733
44 1.76707 -1.27612 0.0366402 -1.53197 0.117513 -0.244895
45 1.55588 0 0 -0.0186128 0.0509371 0.79924
46 1.24273 0 0 -0.0249569 -0.0934672 1.14497
47 0.784532 0 0 -0.0115689 0.0064527 1.17662
48 0 0 0 0 0 0
49 -8.40762 -13.0389 -1.1014 1.13717 0.15597 -3.10167
50 0 0.596887 0 0 0 0
51 -0.496888 -0.188841 0.286781 0 0 0
52 -0.496891 -0.188822 -0.287058 0 0 0
53 0 -0.188841 -0.573976 0 0 0
54 0.497047 -0.188822 -0.287067 0 0 0
55 0.496964 -0.188841 0.28678 0 0 0
56 0 -0.188822 0.573699 0 0 0
57 -3.91759 2.35705 -33.5402 -1.13717 -0.15597 0.0399213
58 -8.02017 -13.3119 -4.56645 0 0 0
59 0.0552974 0.129764 0.687999 -1.13717 -0.15597 0.0399213
60 0 -1.76462 0.0512857 0 0 -3.14159
61 0.132428 -3.80692 0.21937 0 0 -3.14159
62 0.132427 -1.32347 1.10768 0 0 0
63 0 2.7745 0 0 0 0
64 0 -0.750145 1.01704 0 0 -3.14159
time 29
0 3.34582 10.992 -7.01801 0.000934124 0 -1.17275
1 6.02794 0 0 -1.24014 0.32462 -0.814579
2 11.7344 0 0 -0.00140279 0 -0.612573
3 8.81139 -0.000450134 -0.000112057 -0.197142 0 0.000157484
4 5.77839 0.000286102 0 -0.132085 0 0.00010454
5 2.23164 -0.000329971 -0.000363588 -0.0650569 0 0
6 11.4725 0 0 -0.0957304 -0.208064 -0.595918
7 0.61522 -0.993093 -0.8107 2.3606 0.0522834 -0.392226
8 2.24752 0 0 0.0917529 0.25842 -0.102372
9 1.11936 0 0 0.0493369 0.0785231 -0.629449
10 3.71348 -0.102642 0.102192 1.77126 0.869992 0.142171
11 1.72615 0 0 0.0134771 -0.00733094 -0.811382
12 1.21114 0 0 0.00873812 0.015128 -0.772911
13 3.59919 -1.06012 0.0708883 1.87281 0.766148 0.187134
14 1.66069 0 0 -0.0196001 0.044389 -0.726687
15 1.167 0 0 0.00841006 -0.00839395 -0.438997
16 2.18852 0.50104 0.0576593 1.57366 -0.0281249 0.156362
17 1.29609 0 0 0.078558 0.027053 -1.07235
18 1.62202 0.000713825 -0.000469208 0.00740294 -0.022111 -0.784236
19 1.22241 0 0 0.000236993 0.00592999 -0.707337
20 1.76707 1.27612 0.0366411 1.57458 0.205155 0.106808
21 1.55588 0 0 -0.0273741 0.0177041 -0.702262
22 1.24274 0 0 -0.000479042 0.000360999 -1.15419
23 0.784523 0 0 0.00636397 -0.00322789 -0.741041
24 -1.93761 4.15381 -12.6541 -0.000932693 0 3.14159
25 6.02794 0 0 1.57989 0.459619 1.61873
26 11.7344 0 0 0.00140264 0 1.48217
27 8.81167 0 0 0.0209004 0 0
28 5.77884 0 0 0.0140032 0 0
29 2.23249 0 0 0.00689713 0 0
30 11.4725 0 0 -0.0114376 -0.470572 0.0663232
31 0.615813 0.994371 -0.809165 2.98233 0.402638 0.136051
32 2.24752 0 0 -0.19033 -0.026798 0.151876
33 1.11936 0 0 -0.244494 0.180804 0.323018
34 3.71349 0.102638 0.10219 -1.89161 0.958008 -0.514705
35 1.72615 0 0 -0.0322384 -0.0935536 1.46129
36 1.21112 0 0 0.00965706 0.00709777 1.19665
37 3.5992 1.06012 0.070888 -1.47584 0.46409 0.0842291
38 1.66069 0 0 -0.0169384 0.0619799 -0.0134313
39 1.16699 0 0 0.00940326 0.0143891 0.0888895
40 2.18853 -0.501041 0.0576596 -1.57278 0.0333875 -0.245473
41 1.29609 0 0 -0.0511879 0.0861315 0.870996
42 1.62202 -0.000713348 -0.000470161 -0.0479593 -0.0941553 1.54934
43 1.22241 0 0 0.0319454 0.00844721 1.16733
44 1.76707 -1.27612 0.0366402 -1.53197 0.117513 -0.244895
45 1.55588 0 0 -0.0186127 0.050937 0.79924
46 1.24273 0 0 -0.024957 -0.0934671 1.14497
47 0.784532 0 0 -0.0115689 0.00645259 1.17662
48 0 0 0 0 0 0
49 -8.40762 -13.0389 -1.1014 1.13717 0.15597 -3.10167
50 0 0.596887 0 0 0 0
51 -0.496888 -0.188841 0.286781 0 0 0
52 -0.496891 -0.188822 -0.287058 0 0 0
53 0 -0.188841 -0.573976 0 0 0
54 0.497047 -0.188822 -0.287067 0 0 0
55 0.496964 -0.188841 0.28678 0 0 0
56 0 -0.188822 0.573699 0 0 0
57 -3.91759 2.35705 -33.5402 -1.13717 -0.15597 0.0399213
58 -8.02017 -13.3119 -4.56645 0 0 0
59 0.0552974 0.129764 0.687999 -1.13717 -0.15597 0.0399213
60 0 -1.76462 0.0512857 0 0 -3.14159
61 0.132428 -3.80692 0.21937 0 0 -3.14159
62 0.132427 -1.32347 1.10768 0 0 0
63 0 2.7745 0 0 0 0
64 0 -0.750145 1.01704 0 0 -3.14159
time 30
0 3.34582 10.992 -7.01801 0.000934124 0 -1.17275
1 6.02794 0 0 -1.24014 0.32462 -0.814579
2 11.7344 0 0 -0.00140279 0 -0.612573
3 8.81139 -0.000450134 -0.000112057 -0.197143 0 0.000157466
4 5.77839 0.000286102 0 -0.132086 0 0.000104663
5 2.23164 -0.000329971 -0.000363588 -0.0650571 0 0
6 11.4725 0 0 -0.0957302 -0.208064 -0.595918
7 0.615219 -0.993092 -0.810701 2.3606 0.0522832 -0.392226
8 2.24752 0 0 0.0917528 0.25842 -0.102372
9 1.11936 0 0 0.049337 0.0785232 -0.629449
10 3.71348 -0.10264 0.102191 1.77126 0.869992 0.142171
11 1.72615 0 0 0.013477 -0.00733103 -0.811382
12 1.21114 0 0 0.00873792 0.0151281 -0.772911
13 3.59919 -1.06012 0.0708877 1.87281 0.766148 0.187134
14 1.66069 0 0 -0.0195999 0.044389 -0.726687
15 1.167 0 0 0.0084099 -0.00839407 -0.438997
16 2.18852 0.50104 0.0576586 1.57366 -0.0281249 0.156362
17 1.29609 0 0 0.078558 0.027053 -1.07235
18 1.62202 0.000713348 -0.000469208 0.00740299 -0.022111 -0.784236
19 1.22241 0 0 0.000237048 0.00593001 -0.707337
20 1.76707 1.27612 0.0366405 1.57458 0.205155 0.106808
21 1.55588 0 0 -0.0273739 0.0177039 -0.702262
22 1.24274 0 0 -0.000479009 0.00036095 -1.15419
23 0.784523 0 0 0.00636392 -0.00322807 -0.741041
24 -1.93761 4.15381 -12.6541 -0.000932693 0 3.14159
25 6.02794 0 0 1.57989 0.459619 1.61873
26 11.7344 0 0 0.00140264 0 1.48217
27 8.81167 0 0 0.0209004 0 0
28 5.77884 0 0 0.0140032 0 0
29 2.23249 0 0 0.00689713 0 0
30 11.4725 0 0 -0.0114375 -0.470572 0.0663232
31 0.615813 0.994372 -0.809165 2.98233 0.402638 0.136051
32 2.24752 0 0 -0.19033 -0.0267985 0.151876
33 1.11936 0 0 -0.244494 0.180804 0.323019
34 3.71348 0.102638 0.102191 -1.89161 0.958008 -0.514705
35 1.72615 0 0 -0.0322384 -0.0935536 1.46129
36 1.21112 0 0 0.00965702 0.00709785 1.19665
37 3.5992 1.06012 0.0708885 -1.47584 0.46409 0.0842291
38 1.66069 0 0 -0.0169385 0.0619798 -0.0134313
39 1.16699 0 0 0.00940338 0.014389 0.0888895
40 2.18853 -0.501041 0.0576596 -1.57278 0.0333876 -0.245473
41 1.29609 0 0 -0.0511878 0.0861314 0.870996
42 1.62202 -0.000713348 -0.000470161 -0.0479593 -0.0941553 1.54934
43 1.22241 0 0 0.0319454 0.00844731 1.16733
44 1.76707 -1.27612 0.0366402 -1.53197 0.117513 -0.244895
45 1.55588 0 0 -0.0186127 0.0509371 0.79924
46 1.24273 0 0 -0.024957 -0.0934672 1.14497
47 0.784532 0 0 -0.0115689 0.00645269 1.17662
48 0 0 0 0 0 0
49 -8.40762 -13.0389 -1.1014 1.13717 0.15597 -3.10167
50 0 0.596887 0 0 0 0
51 -0.496888 -0.188841 0.286781 0 0 0
52 -0.496891 -0.188822 -0.287058 0 0 0
53 0 -0.188841 -0.573976 0 0 0
54 0.497047 -0.188822 -0.287067 0 0 0
55 0.496964 -0.188841 0.28678 0 0 0
56 0 -0.188822 0.573699 0 0 0
57 -3.91759 2.35705 -33.5402 -1.13717 -0.15597 0.0399213
58 -8.02017 -13.3119 -4.56645 0 0 0
59 0.0552974 0.129764 0.687999 -1.13717 -0.15597 0.0399213
60 0 -1.76462 0.0512857 0 0 -3.14159
61 0.132428 -3.80692 0.21937 0 0 -3.14159
62 0.132427 -1.32347 1.10768 0 0 0
63 0 2.7745 0 0 0 0
64 0 -0.750145 1.01704 0 0 -3.14159
time 31
0 3.34582 10.992 -7.01801 0.000934124 0 -1.17275
1 6.02794 0 0 -1.24014 0.32462 -0.814579
2 11.7344 0 0 -0.00140279 0 -0.612573
3 8.81139 -0.000450134 -0.000112057 -0.197143 0 0.000157466
4 5.77839 0.000286102 0 -0.132086 0 0.000104663
5 2.23164 -0.000329971 -0.000363588 -0.0650571 0 0
6 11.4725 0 0 -0.0957302 -0.208064 -0.595918
7 0.615219 -0.993093 -0.8107 2.3606 0.0522832 -0.392226
8 2.24752 0 0 0.0917529 0.25842 -0.102372
9 1.11936 0 0 0.0493368 0.0785231 -0.629449
10 3.71348 -0.102642 0.102191 1.77126 0.869992 0.142171
11 1.72615 0 0 0.013477 -0.00733102 -0.811382
12 1.21114 0 0 0.00873799 0.015128 -0.772911
13 3.59919 -1.06012 0.0708879 1.87281 0.766148 0.187134
14 1.66069 0 0 -0.0195999 0.044389 -0.726687
15 1.167 0 0 0.00841002 -0.00839405 -0.438997
16 2.18852 0.501038 0.0576591 1.57366 -0.028125 0.156362
17 1.29609 0 0 0.0785581 0.027053 -1.07235
18 1.62202 0.000713348 -0.000471115 0.00740292 -0.022111 -0.784236
19 1.22241 0 0 0.000237104 0.00593003 -0.707337
20 1.76707 1.27612 0.036641 1.57458 0.205155 0.106808
21 1.55588 0 0 -0.027374 0.017704 -0.702262
22 1.24274 0 0 -0.000478897 0.000360996 -1.15419
23 0.784523 0 0 0.00636394 -0.00322806 -0.741041
24 -1.93761 4.15381 -12.6541 -0.000932693 0 3.14159
25 6.02794 0 0 1.57989 0.459619 1.61873
26 11.7344 0 0 0.00140264 0 1.48217
27 8.81167 0 0 0.0209004 0 0
28 5.77884 0 0 0.0140032 0 0
29 2.23249 0 0 0.0068971 0 0
30 11.4725 0 0 -0.0114376 -0.470572 0.0663232
31 0.615813 0.994371 -0.809166 2.98233 0.402637 0.136051
32 2.24752 0 0 -0.19033 -0.0267982 0.151876
33 1.11936 0 0 -0.244494 0.180804 0.323019
34 3.71349 0.102638 0.102191 -1.89161 0.958008 -0.514705
35 1.72615 0 0 -0.0322384 -0.0935535 1.46129
36 1.21112 0 0 0.00965707 0.00709781 1.19665
37 3.5992 1.06012 0.070888 -1.47584 0.46409 0.0842291
38 1.66069 0 0 -0.0169385 0.0619798 -0.0134314
39 1.16699 0 0 0.00940338 0.014389 0.0888894
40 2.18853 -0.501041 0.0576601 -1.57278 0.0333874 -0.245473
41 1.29609 0 0 -0.0511878 0.0861315 0.870996
42 1.62202 -0.000714302 -0.000471115 -0.0479592 -0.0941553 1.54934
43 1.22241 0 0 0.0319454 0.00844737 1.16733
44 1.76707 -1.27612 0.0366402 -1.53197 0.117513 -0.244895
45 1.55588 0 0 -0.0186127 0.0509371 0.79924
46 1.24273 0 0 -0.024957 -0.0934672 1.14497
47 0.784533 0 0 -0.0115689 0.00645265 1.17662
48 0 0 0 0 0 0
49 -8.40762 -13.0389 -1.1014 1.13717 0.15597 -3.10167
50 0 0.596887 0 0 0 0
51 -0.496888 -0.188841 0.286781 0 0 0
52 -0.496891 -0.188822 -0.287058 0 0 0
53 0 -0.188841 -0.573976 0 0 0
54 0.497047 -0.188822 -0.287067 0 0 0
55 0.496964 -0.188841 0.28678 0 0 0
56 0 -0.188822 0.573699 0 0 0
57 -3.91759 2.35705 -33.5402 -1.13717 -0.15597 0.0399213
58 -8.02017 -13.3119 -4.56645 0 0 0
59 0.0552974 0.129764 0.687999 -1.13717 -0.15597 0.0399213
60 0 -1.76462 0.0512857 0 0 -3.14159
61 0.132428 -3.80692 0.21937 0 0 -3.14159
62 0.132427 -1.32347 1.10768 0 0 0
63 0 2.7745 0 0 0 0
64 0 -0.750145 1.01704 0 0 -3.14159
time 32
0 3.34582 10.992 -7.01801 0.000934124 0 -1.17275
1 6.02794 0 0 -1.24014 0.32462 -0.814579
2 11.7344 0 0 -0.00140279 0 -0.612573
3 8.81139 -0.000450134 -0.000112057 -0.197143 0 0.000157466
4 5.77839 0.000286102 0 -0.132086 0 0.000104663
5 2.23164 -0.000329971 -0.000363588 -0.0650571 0 0
6 11.4725 0 0 -0.0957302 -0.208064 -0.595918
7 0.615219 -0.993092 -0.810701 2.3606 0.0522832 -0.392226
8 2.24752 0 0 0.0917528 0.25842 -0.102372
9 1.11936 0 0 0.049337 0.0785232 -0.629449
10 3.71348 -0.10264 0.102191 1.77126 0.869992 0.142171
11 1.72615 0 0 0.013477 -0.00733103 -0.811382
12 1.21114 0 0 0.00873792 0.0151281 -0.772911
13 3.59919 -1.06012 0.0708877 1.87281 0.766148 0.187134
14 1.66069 0 0 -0.0195999 0.044389 -0.726687
15 1.167 0 0 0.0084099 -0.00839407 -0.438997
16 2.18852 0.50104 0.0576586 1.57366 -0.0281249 0.156362
17 1.29609 0 0 0.078558 0.027053 -1.07235
18 1.62202 0.000713348 -0.000469208 0.00740299 -0.022111 -0.784236
19 1.22241 0 0 0.000237048 0.00593001 -0.707337
20 1.76707 1.27612 0.0366405 1.57458 0.205155 0.106808
21 1.55588 0 0 -0.0273739 0.0177039 -0.702262
22 1.24274 0 0 -0.000479009 0.00036095 -1.15419
23 0.784523 0 0 0.00636392 -0.00322807 -0.741041
24 -1.93761 4.15381 -12.6541 -0.000932693 0 3.14159
25 6.02794 0 0 1.57989 0.459619 1.61873
26 11.7344 0 0 0.00140264 0 1.48217
27 8.81167 0 0 0.0209004 0 0
28 5.77884 0 0 0.0140032 0 0
29 2.23249 0 0 0.00689713 0 0
30 11.4725 0 0 -0.0114375 -0.470572 0.0663232
31 0.615813 0.994373 -0.809165 2.98233 0.402638 0.136051
32 2.24752 0 0 -0.19033 -0.0267984 0.151876
33 1.11936 0 0 -0.244493 0.180804 0.323019
34 3.71349 0.102639 0.10219 -1.89161 0.958008 -0.514705
35 1.72615 0 0 -0.0322384 -0.0935535 1.46129
36 1.21112 0 0 0.00965708 0.00709793 1.19665
37 3.5992 1.06012 0.070888 -1.47584 0.46409 0.0842292
38 1.66069 0 0 -0.0169385 0.0619799 -0.0134315
39 1.16699 0 0 0.00940343 0.0143889 0.0888896
40 2.18853 -0.50104 0.0576587 -1.57278 0.0333876 -0.245473
41 1.29609 0 0 -0.0511878 0.0861314 0.870996
42 1.62202 -0.000713348 -0.000470161 -0.0479591 -0.0941553 1.54934
43 1.22241 0 0 0.0319454 0.00844737 1.16733
44 1.76707 -1.27612 0.0366406 -1.53197 0.117513 -0.244895
45 1.55588 0 0 -0.0186128 0.050937 0.79924
46 1.24273 0 0 -0.0249569 -0.0934673 1.14497
47 0.784532 0 0 -0.0115689 0.00645279 1.17662
48 0 0 0 0 0 0
49 -8.40762 -13.0389 -1.1014 1.13717 0.15597 -3.10167
50 0 0.596887 0 0 0 0
51 -0.496888 -0.188841 0.286781 0 0 0
52 -0.496891 -0.188822 -0.287058 0 0 0
53 0 -0.188841 -0.573976 0 0 0
54 0.497047 -0.188822 -0.287067 0 0 0
55 0.496964 -0.188841 0.28678 0 0 0
56 0 -0.188822 0.573699 0 0 0
57 -3.91759 2.35705 -33.5402 -1.13717 -0.15597 0.0399213
58 -8.02017 -13.3119 -4.56645 0 0 0
59 0.0552974 0.129764 0.687999 -1.13717 -0.15597 0.0399213
60 0 -1.76462 0.0512857 0 0 -3.14159
61 0.132428 -3.80692 0.21937 0 0 -3.14159
62 0.132427 -1.32347 1.10768 0 0 0
63 0 2.7745 0 0 0 0
64 0 -0.750145 1.01704 0 0 -3.14159
time 33
0 3.34582 10.992 -7.01801 0.000934124 0 -1.17275
1 6.02794 0 0 -1.24014 0.32462 -0.814579
2 11.7344 0 0 -0.00140279 0 -0.612573
3 8.81139 -0.000450134 -0.000112057 -0.197143 0 0.000157466
4 5.77839 0.000286102 0 -0.132086 0 0.000104663
5 2.23164 -0.000329971 -0.000363588 -0.0650571 0 0
6 11.4725 0 0 -0.0957304 -0.208064 -0.595918
7 0.615219 -0.993093 -0.8107 2.3606 0.0522832 -0.392226
8 2.24752 0 0 0.0917528 0.25842 -0.102372
9 1.11936 0 0 0.049337 0.0785231 -0.629449
10 3.71348 -0.102642 0.102191 1.77126 0.869992 0.142171
11 1.72615 0 0 0.013477 -0.007331 -0.811382
12 1.21114 0 0 0.00873791 0.0151281 -0.772911
13 3.59919 -1.06012 0.0708877 1.87281 0.766148 0.187134
14 1.66069 0 0 -0.0195998 0.0443891 -0.726687
15 1.167 0 0 0.00841002 -0.00839403 -0.438997
16 2.18852 0.501038 0.0576586 1.57366 -0.0281251 0.156362
17 1.29609 0 0 0.078558 0.0270529 -1.07235
18 1.62202 0.000713348 -0.000469208 0.00740295 -0.0221111 -0.784236
19 1.22241 0 0 0.000236947 0.00592994 -0.707337
20 1.76707 1.27612 0.0366409 1.57458 0.205155 0.106808
21 1.55588 0 0 -0.0273739 0.017704 -0.702262
22 1.24274 0 0 -0.000479126 0.000360909 -1.15419
23 0.784523 0 0 0.0063641 -0.00322797 -0.741041
24 -1.93761 4.15381 -12.6541 -0.000932693 0 3.14159
25 6.02794 0 0 1.57989 0.459619 1.61873
26 11.7344 0 0 0.00140264 0 1.48217
27 8.81167 0 0 0.0209005 0 0
28 5.77884 0 0 0.0140033 0 0
29 2.23249 0 0 0.00689719 0 0
30 11.4725 0 0 -0.0114375 -0.470572 0.0663233
31 0.615813 0.994373 -0.809165 2.98233 0.402638 0.136051
32 2.24752 0 0 -0.19033 -0.0267983 0.151876
33 1.11936 0 0 -0.244493 0.180804 0.323019
34 3.71349 0.10264 0.102191 -1.89161 0.958008 -0.514705
35 1.72615 0 0 -0.0322383 -0.0935535 1.46129
36 1.21112 0 0 0.00965705 0.00709786 1.19665
37 3.5992 1.06012 0.070888 -1.47584 0.46409 0.0842291
38 1.66069 0 0 -0.0169385 0.0619798 -0.0134312
39 1.16699 0 0 0.00940335 0.0143891 0.0888894
40 2.18853 -0.50104 0.0576596 -1.57278 0.0333874 -0.245473
41 1.29609 0 0 -0.051188 0.0861313 0.870996
42 1.62202 -0.000713348 -0.000470161 -0.0479592 -0.0941554 1.54934
43 1.22241 0 0 0.0319454 0.00844733 1.16733
44 1.76707 -1.27612 0.0366411 -1.53197 0.117513 -0.244895
45 1.55588 0 0 -0.0186127 0.0509371 0.79924
46 1.24273 0 0 -0.024957 -0.0934673 1.14497
47 0.784532 0 0 -0.0115689 0.00645265 1.17662
48 0 0 0 0 0 0
49 -8.40762 -13.0389 -1.1014 1.13717 0.15597 -3.10167
50 0 0.596887 0 0 0 0
51 -0.496888 -0.188841 0.286781 0 0 0
52 -0.496891 -0.188822 -0.287058 0 0 0
53 0 -0.188841 -0.573976 0 0 0
54 0.497047 -0.188822 -0.287067 0 0 0
55 0.496964 -0.188841 0.28678 0 0 0
56 0 -0.188822 0.573699 0 0 0
57 -3.91759 2.35705 -33.5402 -1.13717 -0.15597 0.0399213
58 -8.02017 -13.3119 -4.56645 0 0 0
59 0.0552974 0.129764 0.687999 -1.13717 -0.15597 0.0399213
60 0 -1.76462 0.0512857 0 0 -3.14159
61 0.132428 -3.80692 0.21937 0 0 -3.14159
62 0.132427 -1.32347 1.10768 0 0 0
63 0 2.7745 0 0 0 0
64 0 -0.750145 1.01704 0 0 -3.14159
time 34
0 3.34582 10.992 -7.01801 0.000934124 0 -1.17275
1 6.02794 0 0 -1.24014 0.32462 -0.814579
2 11.7344 0 0 -0.00140279 0 -0.612573
3 8.81139 -0.000450134 -0.000112057 -0.197142 0 0.000157484
4 5.77839 0.000286102 0 -0.132085 0 0.00010454
5 2.23164 -0.000329971 -0.000363588 -0.0650569 0 0
6 11.4725 0 0 -0.0957302 -0.208064 -0.595918
7 0.615219 -0.993093 -0.8107 2.3606 0.0522833 -0.392226
8 2.24752 0 0 0.0917528 0.25842 -0.102372
9 1.11936 0 0 0.049337 0.0785232 -0.629448
10 3.71348 -0.102642 0.102191 1.77126 0.869992 0.142171
11 1.72615 0 0 0.013477 -0.00733104 -0.811382
12 1.21114 0 0 0.00873789 0.015128 -0.772911
13 3.59919 -1.06012 0.0708877 1.87281 0.766148 0.187134
14 1.66069 0 0 -0.0195999 0.044389 -0.726687
15 1.167 0 0 0.00841007 -0.00839399 -0.438997
16 2.18852 0.501038 0.0576588 1.57366 -0.0281251 0.156362
17 1.29609 0 0 0.0785579 0.027053 -1.07235
18 1.62202 0.000713348 -0.000469208 0.00740304 -0.022111 -0.784236
19 1.22241 0 0 0.000236957 0.00592991 -0.707337
20 1.76707 1.27612 0.0366411 1.57458 0.205155 0.106808
21 1.55588 0 0 -0.027374 0.017704 -0.702262
22 1.24274 0 0 -0.000478972 0.000361001 -1.15419
23 0.784523 0 0 0.00636398 -0.00322792 -0.741041
24 -1.93761 4.15381 -12.6541 -0.000932693 0 3.14159
25 6.02794 0 0 1.57989 0.459619 1.61873
26 11.7344 0 0 0.00140264 0 1.48217
27 8.81167 0 0 0.0209004 0 0
28 5.77884 0 0 0.0140032 0 0
29 2.23249 0 0 0.00689713 0 0
30 11.4725 0 0 -0.0114376 -0.470572 0.0663232
31 0.615813 0.994372 -0.809165 2.98233 0.402638 0.136051
32 2.24752 0 0 -0.19033 -0.0267981 0.151876
33 1.11936 0 0 -0.244493 0.180804 0.323019
34 3.71349 0.102639 0.10219 -1.89161 0.958008 -0.514705
35 1.72615 0 0 -0.0322384 -0.0935535 1.46129
36 1.21112 0 0 0.0096571 0.00709785 1.19665
37 3.5992 1.06012 0.070888 -1.47584 0.46409 0.0842291
38 1.66069 0 0 -0.0169384 0.0619798 -0.0134313
39 1.16699 0 0 0.00940332 0.014389 0.0888894
40 2.18853 -0.501041 0.0576596 -1.57278 0.0333875 -0.245473
41 1.29609 0 0 -0.0511877 0.0861315 0.870996
42 1.62202 -0.000713348 -0.000470161 -0.0479591 -0.0941553 1.54934
43 1.22241 0 0 0.0319454 0.00844732 1.16733
44 1.76707 -1.27612 0.0366411 -1.53196 0.117513 -0.244895
45 1.55588 0 0 -0.0186128 0.050937 0.79924
46 1.24273 0 0 -0.0249569 -0.0934672 1.14497
47 0.784532 0 0 -0.0115688 0.00645274 1.17662
48 0 0 0 0 0 0
49 -8.40762 -13.0389 -1.1014 1.13717 0.15597 -3.10167
50 0 0.596887 0 0 0 0
51 -0.496888 -0.188841 0.286781 0 0 0
52 -0.496891 -0.188822 -0.287058 0 0 0
53 0 -0.188841 -0.573976 0 0 0
54 0.497047 -0.188822 -0.287067 0 0 0
55 0.496964 -0.188841 0.28678 0 0 0
56 0 -0.188822 0.573699 0 0 0
57 -3.91759 2.35705 -33.5402 -1.13717 -0.15597 0.0399213
58 -8.02017 -13.3119 -4.56645 0 0 0
59 0.0552974 0.129764 0.687999 -1.13717 -0.15597 0.0399213
60 0 -1.76462 0.0512857 0 0 -3.14159
61 0.132428 -3.80692 0.21937 0 0 -3.14159
62 0.132427 -1.32347 1.10768 0 0 0
63 0 2.7745 0 0 0 0
64 0 -0.750145 1.01704 0 0 -3.14159
time 35
0 3.34582 10.992 -7.01801 0.000934124 0 -1.17275
1 6.02794 0 0 -1.24014 0.32462 -0.814579
2 11.7344 0 0 -0.00140279 0 -0.612573
3 8.81139 -0.000450134 -0.000112057 -0.197143 0 0.000157466
4 5.77839 0.000286102 0 -0.132086 0 0.000104663
5 2.23164 -0.000329971 -0.000363588 -0.0650571 0 0
6 11.4725 0 0 -0.0957302 -0.208064 -0.595918
7 0.615219 -0.993092 -0.810701 2.3606 0.0522832 -0.392226
8 2.24752 0 0 0.0917528 0.25842 -0.102372
9 1.11936 0 0 0.049337 0.0785232 -0.629449
10 3.71348 -0.10264 0.102191 1.77126 0.869992 0.142171
11 1.72615 0 0 0.013477 -0.00733103 -0.811382
12 1.21114 0 0 0.00873792 0.0151281 -0.772911
13 3.59919 -1.06012 0.0708877 1.87281 0.766148 0.187134
14 1.66069 0 0 -0.0195999 0.044389 -0.726687
15 1.167 0 0 0.0084099 -0.00839407 -0.438997
16 2.18852 0.50104 0.0576586 1.57366 -0.0281249 0.156362
17 1.29609 0 0 0.078558 0.027053 -1.07235
18 1.62202 0.000713348 -0.000469208 0.00740299 -0.022111 -0.784236
19 1.22241 0 0 0.000237048 0.00593001 -0.707337
20 1.76707 1.27612 0.0366405 1.57458 0.205155 0.106808
21 1.55588 0 0 -0.0273739 0.0177039 -0.702262
22 1.24274 0 0 -0.000479009 0.00036095 -1.15419
23 0.784523 0 0 0.00636392 -0.00322807 -0.741041
24 -1.93761 4.15381 -12.6541 -0.000932693 0 3.14159
25 6.02794 0 0 1.57989 0.459619 1.61873
26 11.7344 0 0 0.00140264 0 1.48217
27 8.81167 0 0 0.0209004 0 0
28 5.77884 0 0 0.0140032 0 0
29 2.23249 0 0 0.00689713 0 0
30 11.4725 0 0 -0.0114375 -0.470572 0.0663232
31 0.615813 0.994373 -0.809165 2.98233 0.402638 0.136051
32 2.24752 0 0 -0.19033 -0.0267984 0.151876
33 1.11936 0 0 -0.244493 0.180804 0.323019
34 3.71349 0.102639 0.10219 -1.89161 0.958008 -0.514705
35 1.72615 0 0 -0.0322384 -0.0935535 1.46129
36 1.21112 0 0 0.00965708 0.00709793 1.19665
37 3.5992 1.06012 0.070888 -1.47584 0.46409 0.0842292
38 1.66069 0 0 -0.0169385 0.0619799 -0.0134315
39 1.16699 0 0 0.00940343 0.0143889 0.0888896
40 2.18853 -0.50104 0.0576587 -1.57278 0.0333876 -0.245473
41 1.29609 0 0 -0.0511878 0.0861314 0.870996
42 1.62202 -0.000713348 -0.000470161 -0.0479591 -0.0941553 1.54934
43 1.22241 0 0 0.0319454 0.00844737 1.16733
44 1.76707 -1.27612 0.0366406 -1.53197 0.117513 -0.244895
45 1.55588 0 0 -0.0186128 0.050937 0.79924
46 1.24273 0 0 -0.0249569 -0.0934673 1.14497
47 0.784532 0 0 -0.0115689 0.00645279 1.17662
48 0 0 0 0 0 0
49 -8.40762 -13.0389 -1.1014 1.13717 0.15597 -3.10167
50 0 0.596887 0 0 0 0
51 -0.496888 -0.188841 0.286781 0 0 0
52 -0.496891 -0.188822 -0.287058 0 0 0
53 0 -0.188841 -0.573976 0 0 0
54 0.497047 -0.188822 -0.287067 0 0 0
55 0.496964 -0.188841 0.28678 0 0 0
56 0 -0.188822 0.573699 0 0 0
57 -3.91759 2.35705 -33.5402 -1.13717 -0.15597 0.0399213
58 -8.02017 -13.3119 -4.56645 0 0 0
59 0.0552974 0.129764 0.687999 -1.13717 -0.15597 0.0399213
60 0 -1.76462 0.0512857 0 0 -3.14159
61 0.132428 -3.80692 0.21937 0 0 -3.14159
62 0.132427 -1.32347 1.10768 0 0 0
63 0 2.7745 0 0 0 0
64 0 -0.750145 1.01704 0 0 -3.14159
time 36
0 3.34582 10.992 -7.01801 0.000934124 0 -1.17275
1 6.02794 0 0 -1.24014 0.32462 -0.814579
2 11.7344 0 0 -0.00140279 0 -0.612573
3 8.81139 -0.000450134 -0.000112057 -0.197142 0 0.000157484
4 5.77839 0.000286102 0 -0.132085 0 0.00010454
5 2.23164 -0.000329971 -0.000363588 -0.0650569 0 0
6 11.4725 0 0 -0.0957303 -0.208064 -0.595918
7 0.615219 -0.993092 -0.8107 2.3606 0.052283 -0.392226
8 2.24752 0 0 0.0917528 0.25842 -0.102372
9 1.11936 0 0 0.0493371 0.0785232 -0.629448
10 3.71348 -0.102642 0.102191 1.77126 0.869992 0.142171
11 1.72615 0 0 0.013477 -0.00733102 -0.811382
12 1.21114 0 0 0.0087379 0.0151281 -0.772911
13 3.59919 -1.06012 0.0708879 1.87281 0.766148 0.187134
14 1.66069 0 0 -0.0195999 0.044389 -0.726687
15 1.167 0 0 0.0084099 -0.00839407 -0.438997
16 2.18852 0.501038 0.0576588 1.57366 -0.0281251 0.156362
17 1.29609 0 0 0.078558 0.027053 -1.07235
18 1.62202 0.000712872 -0.000471115 0.00740294 -0.022111 -0.784236
19 1.22241 0 0 0.000237003 0.00592996 -0.707337
20 1.76707 1.27612 0.0366406 1.57458 0.205155 0.106808
21 1.55588 0 0 -0.0273741 0.017704 -0.702262
22 1.24274 0 0 -0.000478984 0.000361019 -1.15419
23 0.784523 0 0 0.00636397 -0.00322805 -0.741041
24 -1.93761 4.15381 -12.6541 -0.000932693 0 3.14159
25 6.02794 0 0 1.57989 0.459619 1.61873
26 11.7344 0 0 0.00140264 0 1.48217
27 8.81167 0 0 0.0209004 0 0
28 5.77884 0 0 0.0140032 0 0
29 2.23249 0 0 0.00689713 0 0
30 11.4725 0 0 -0.0114375 -0.470572 0.0663232
31 0.615813 0.994373 -0.809165 2.98233 0.402638 0.136051
32 2.24752 0 0 -0.19033 -0.0267984 0.151876
33 1.11936 0 0 -0.244493 0.180804 0.323019
34 3.71348 0.102639 0.102191 -1.89161 0.958008 -0.514705
35 1.72615 0 0 -0.0322383 -0.0935536 1.46129
36 1.21112 0 0 0.00965707 0.00709784 1.19665
37 3.5992 1.06012 0.0708885 -1.47584 0.46409 0.0842292
38 1.66069 0 0 -0.0169385 0.0619799 -0.0134313
39 1.16699 0 0 0.00940344 0.014389 0.0888894
40 2.18853 -0.50104 0.0576582 -1.57278 0.0333876 -0.245473
41 1.29609 0 0 -0.0511878 0.0861314 0.870996
42 1.62202 -0.000713348 -0.000470161 -0.0479592 -0.0941553 1.54934
43 1.22241 0 0 0.0319454 0.00844733 1.16733
44 1.76707 -1.27612 0.0366411 -1.53197 0.117513 -0.244895
45 1.55588 0 0 -0.0186128 0.050937 0.79924
46 1.24273 0 0 -0.0249569 -0.0934672 1.14497
47 0.784533 0 0 -0.0115689 0.00645268 1.17662
48 0 0 0 0 0 0
49 -8.40762 -13.0389 -1.1014 1.13717 0.15597 -3.10167
50 0 0.596887 0 0 0 0
51 -0.496888 -0.188841 0.286781 0 0 0
52 -0.496891 -0.188822 -0.287058 0 0 0
53 0 -0.188841 -0.573976 0 0 0
54 0.497047 -0.188822 -0.287067 0 0 0
55 0.496964 -0.188841 0.28678 0 0 0
56 0 -0.188822 0.573699 0 0 0
57 -3.91759 2.35705 -33.5402 -1.13717 -0.15597 0.0399213
58 -8.02017 -13.3119 -4.56645 0 0 0
59 0.0552974 0.129764 0.687999 -1.13717 -0.15597 0.0399213
60 0 -1.76462 0.0512857 0 0 -3.14159
61 0.132428 -3.80692 0.21937 0 0 -3.14159
62 0.132427 -1.32347 1.10768 0 0 0
63 0 2.7745 0 0 0 0
64 0 -0.750145 1.01704 0 0 -3.14159
time 37
0 3.34582 10.992 -7.01801 0.000934124 0 -1.17275
1 6.02794 0 0 -1.24014 0.32462 -0.814579
2 11.7344 0 0 -0.00140279 0 -0.612573
3 8.81139 -0.000450134 -0.000112057 -0.197142 0 0.000157288
4 5.77839 0.000286102 0 -0.132085 0 0.00010454
5 2.23164 -0.000329971 -0.000363588 -0.0650571 0 0
6 11.4725 0 0 -0.0957302 -0.208064 -0.595918
7 0.615219 -0.99309 -0.8107 2.3606 0.0522832 -0.392226
8 2.24752 0 0 0.0917527 0.25842 -0.102372
9 1.11936 0 0 0.0493371 0.0785231 -0.629448
10 3.71348 -0.10264 0.102191 1.77126 0.869992 0.142171
11 1.72615 0 0 0.0134769 -0.00733098 -0.811382
12 1.21114 0 0 0.00873808 0.015128 -0.772911
13 3.59919 -1.06012 0.0708877 1.87281 0.766148 0.187134
14 1.66069 0 0 -0.0196 0.044389 -0.726687
15 1.167 0 0 0.00840996 -0.00839405 -0.438997
16 2.18852 0.501041 0.0576588 1.57366 -0.028125 0.156362
17 1.29609 0 0 0.078558 0.027053 -1.07235
18 1.62202 0.000713348 -0.000469208 0.007403 -0.022111 -0.784236
19 1.22241 0 0 0.000237003 0.00592996 -0.707337
20 1.76707 1.27612 0.0366411 1.57458 0.205155 0.106808
21 1.55588 0 0 -0.027374 0.017704 -0.702262
22 1.24273 0 0 -0.000478951 0.00036097 -1.15419
23 0.784523 0 0 0.006364 -0.00322804 -0.741041
24 -1.93761 4.15381 -12.6541 -0.000932693 0 3.14159
25 6.02794 0 0 1.57989 0.459619 1.61873
26 11.7344 0 0 0.00140264 0 1.48217
27 8.81167 0 0 0.0209004 0 0
28 5.77884 0 0 0.0140032 0 0
29 2.23249 0 0 0.00689713 0 0
30 11.4725 0 0 -0.0114375 -0.470572 0.0663231
31 0.615813 0.994371 -0.809165 2.98233 0.402638 0.136051
32 2.24752 0 0 -0.19033 -0.0267983 0.151876
33 1.11936 0 0 -0.244493 0.180804 0.323019
34 3.71349 0.102638 0.102191 -1.89161 0.958008 -0.514705
35 1.72615 0 0 -0.0322384 -0.0935535 1.46129
36 1.21112 0 0 0.00965707 0.00709776 1.19665
37 3.5992 1.06012 0.0708885 -1.47584 0.46409 0.0842292
38 1.66069 0 0 -0.0169385 0.0619799 -0.0134313
39 1.16699 0 0 0.00940335 0.014389 0.0888895
40 2.18853 -0.501041 0.0576601 -1.57278 0.0333874 -0.245473
41 1.29609 0 0 -0.0511879 0.0861314 0.870996
42 1.62202 -0.000713348 -0.000470161 -0.0479593 -0.0941553 1.54934
43 1.22241 0 0 0.0319454 0.00844721 1.16733
44 1.76707 -1.27612 0.0366406 -1.53197 0.117513 -0.244895
45 1.55588 0 0 -0.0186127 0.0509371 0.79924
46 1.24273 0 0 -0.024957 -0.0934672 1.14497
47 0.784532 0 0 -0.0115689 0.00645268 1.17662
48 0 0 0 0 0 0
49 -8.40762 -13.0389 -1.1014 1.13717 0.15597 -3.10167
50 0 0.596887 0 0 0 0
51 -0.496888 -0.188841 0.286781 0 0 0
52 -0.496891 -0.188822 -0.287058 0 0 0
53 0 -0.188841 -0.573976 0 0 0
54 0.497047 -0.188822 -0.287067 0 0 0
55 0.496964 -0.188841 0.28678 0 0 0
56 0 -0.188822 0.573699 0 0 0
57 -3.91759 2.35705 -33.5402 -1.13717 -0.15597 0.0399213
58 -8.02017 -13.3119 -4.56645 0 0 0
59 0.0552974 0.129764 0.687999 -1.13717 -0.15597 0.0399213
60 0 -1.76462 0.0512857 0 0 -3.14159
61 0.132428 -3.80692 0.21937 0 0 -3.14159
62 0.132427 -1.32347 1.10768 0 0 0
63 0 2.7745 0 0 0 0
64 0 -0.750145 1.01704 0 0 -3.14159
time 38
0 3.34582 10.992 -7.01801 0.000934124 0 -1.17275
1 6.02794 0 0 -1.24014 0.32462 -0.814579
2 11.7344 0 0 -0.00140279 0 -0.612573
3 8.81139 -0.000450134 -0.000112057 -0.197143 0 0.000157466
4 5.77839 0.000286102 0 -0.132086 0 0.000104663
5 2.23164 -0.000329971 -0.000363588 -0.0650571 0 0
6 11.4725 0 0 -0.0957302 -0.208064 -0.595918
7 0.615219 -0.993092 -0.810701 2.3606 0.0522832 -0.392226
8 2.24752 0 0 0.0917528 0.25842 -0.102372
9 1.11936 0 0 0.049337 0.0785232 -0.629449
10 3.71348 -0.10264 0.102191 1.77126 0.869992 0.142171
11 1.72615 0 0 0.013477 -0.00733103 -0.811382
12 1.21114 0 0 0.00873792 0.0151281 -0.772911
13 3.59919 -1.06012 0.0708877 1.87281 0.766148 0.187134
14 1.66069 0 0 -0.0195999 0.044389 -0.726687
15 1.167 0 0 0.0084099 -0.00839407 -0.438997
16 2.18852 0.50104 0.0576586 1.57366 -0.0281249 0.156362
17 1.29609 0 0 0.078558 0.027053 -1.07235
18 1.62202 0.000713348 -0.000469208 0.00740299 -0.022111 -0.784236
19 1.22241 0 0 0.000237048 0.00593001 -0.707337
20 1.76707 1.27612 0.0366405 1.57458 0.205155 0.106808
21 1.55588 0 0 -0.0273739 0.0177039 -0.702262
22 1.24274 0 0 -0.000479009 0.00036095 -1.15419
23 0.784523 0 0 0.00636392 -0.00322807 -0.741041
24 -1.93761 4.15381 -12.6541 -0.000932693 0 3.14159
25 6.02794 0 0 1.57989 0.459619 1.61873
26 11.7344 0 0 0.00140264 0 1.48217
27 8.81167 0 0 0.0209004 0 0
28 5.77884 0 0 0.0140032 0 0
29 2.23249 0 0 0.00689713 0 0
30 11.4725 0 0 -0.0114375 -0.470572 0.0663232
31 0.615813 0.994373 -0.809165 2.98233 0.402638 0.136051
32 2.24752 0 0 -0.19033 -0.0267984 0.151876
33 1.11936 0 0 -0.244493 0.180804 0.323019
34 3.71349 0.102639 0.10219 -1.89161 0.958008 -0.514705
35 1.72615 0 0 -0.0322384 -0.0935535 1.46129
36 1.21112 0 0 0.00965708 0.00709793 1.19665
37 3.5992 1.06012 0.070888 -1.47584 0.46409 0.0842292
38 1.66069 0 0 -0.0169385 0.0619799 -0.0134315
39 1.16699 0 0 0.00940343 0.0143889 0.0888896
40 2.18853 -0.50104 0.0576587 -1.57278 0.0333876 -0.245473
41 1.29609 0 0 -0.0511878 0.0861314 0.870996
42 1.62202 -0.000713348 -0.000470161 -0.0479591 -0.0941553 1.54934
43 1.22241 0 0 0.0319454 0.00844737 1.16733
44 1.76707 -1.27612 0.0366406 -1.53197 0.117513 -0.244895
45 1.55588 0 0 -0.0186128 0.050937 0.79924
46 1.24273 0 0 -0.0249569 -0.0934673 1.14497
47 0.784532 0 0 -0.0115689 0.00645279 1.17662
48 0 0 0 0 0 0
49 -8.40762 -13.0389 -1.1014 1.13717 0.15597 -3.10167
50 0 0.596887 0 0 0 0
51 -0.496888 -0.188841 0.286781 0 0 0
52 -0.496891 -0.188822 -0.287058 0 0 0
53 0 -0.188841 -0.573976 0 0 0
54 0.497047 -0.188822 -0.287067 0 0 0
55 0.496964 -0.188841 0.28678 0 0 0
56 0 -0.188822 0.573699 0 0 0
57 -3.91759 2.35705 -33.5402 -1.13717 -0.15597 0.0399213
58 -8.02017 -13.3119 -4.56645 0 0 0
59 0.0552974 0.129764 0.687999 -1.13717 -0.15597 0.0399213
60 0 -1.76462 0.0512857 0 0 -3.14159
61 0.132428 -3.80692 0.21937 0 0 -3.14159
62 0.132427 -1.32347 1.10768 0 0 0
63 0 2.7745 0 0 0 0
64 0 -0.750145 1.01704 0 0 -3.14159
time 39
0 3.34582 10.992 -7.01801 0.000934124 0 -1.17275
1 6.02794 0 0 -1.24014 0.32462 -0.814579
2 11.7344 0 0 -0.00140279 0 -0.612573
3 8.81139 -0.000450134 -0.000112057 -0.197142 0 0.000157484
4 5.77839 0.000286102 0 -0.132085 0 0.00010454
5 2.23164 -0.000329971 -0.000363588 -0.0650569 0 0
6 11.4725 0 0 -0.0957301 -0.208064 -0.595918
7 0.615219 -0.993092 -0.8107 2.3606 0.0522831 -0.392226
8 2.24752 0 0 0.0917529 0.25842 -0.102372
9 1.11936 0 0 0.0493369 0.0785231 -0.629449
10 3.71348 -0.10264 0.102191 1.77126 0.869992 0.142171
11 1.72615 0 0 0.013477 -0.00733098 -0.811382
12 1.21114 0 0 0.00873803 0.0151279 -0.772911
13 3.59919 -1.06012 0.0708878 1.87281 0.766148 0.187134
14 1.66069 0 0 -0.0195999 0.0443891 -0.726687
15 1.167 0 0 0.00840995 -0.00839402 -0.438997
16 2.18852 0.50104 0.0576589 1.57366 -0.0281249 0.156362
17 1.29609 0 0 0.0785581 0.027053 -1.07235
18 1.62202 0.000713825 -0.000471115 0.00740293 -0.022111 -0.784236
19 1.22241 0 0 0.000237002 0.00592996 -0.707337
20 1.76707 1.27612 0.0366406 1.57458 0.205155 0.106808
21 1.55588 0 0 -0.0273739 0.017704 -0.702262
22 1.24274 0 0 -0.000479013 0.000360956 -1.15419
23 0.784523 0 0 0.00636401 -0.00322807 -0.741041
24 -1.93761 4.15381 -12.6541 -0.000932693 0 3.14159
25 6.02794 0 0 1.57989 0.459619 1.61873
26 11.7344 0 0 0.00140264 0 1.48217
27 8.81167 0 0 0.0209004 0 0
28 5.77884 0 0 0.0140033 0 0
29 2.23249 0 0 0.00689713 0 0
30 11.4725 0 0 -0.0114375 -0.470572 0.0663231
31 0.615813 0.994374 -0.809165 2.98233 0.402638 0.136051
32 2.24752 0 0 -0.190329 -0.0267982 0.151876
33 1.11936 0 0 -0.244494 0.180804 0.323019
34 3.71349 0.10264 0.10219 -1.89161 0.958008 -0.514705
35 1.72615 0 0 -0.0322383 -0.0935536 1.46129
36 1.21112 0 0 0.0096571 0.00709787 1.19665
37 3.5992 1.06012 0.0708885 -1.47584 0.46409 0.0842291
38 1.66069 0 0 -0.0169386 0.0619798 -0.0134313
39 1.16699 0 0 0.0094035 0.0143891 0.0888895
40 2.18853 -0.50104 0.0576591 -1.57278 0.0333874 -0.245473
41 1.29609 0 0 -0.0511877 0.0861316 0.870996
42 1.62202 -0.000713348 -0.000470161 -0.0479592 -0.0941553 1.54934
43 1.22241 0 0 0.0319453 0.00844732 1.16733
44 1.76707 -1.27612 0.0366411 -1.53197 0.117513 -0.244895
45 1.55588 0 0 -0.0186128 0.0509371 0.79924
46 1.24273 0 0 -0.0249569 -0.0934673 1.14497
47 0.784532 0 0 -0.0115689 0.00645269 1.17662
48 0 0 0 0 0 0
49 -8.40762 -13.0389 -1.1014 1.13717 0.15597 -3.10167
50 0 0.596887 0 0 0 0
51 -0.496888 -0.188841 0.286781 0 0 0
52 -0.496891 -0.188822 -0.287058 0 0 0
53 0 -0.188841 -0.573976 0 0 0
54 0.497047 -0.188822 -0.287067 0 0 0
55 0.496964 -0.188841 0.28678 0 0 0
56 0 -0.188822 0.573699 0 0 0
57 -3.91759 2.35705 -33.5402 -1.13717 -0.15597 0.0399213
58 -8.02017 -13.3119 -4.56645 0 0 0
59 0.0552974 0.129764 0.687999 -1.13717 -0.15597 0.0399213
60 0 -1.76462 0.0512857 0 0 -3.14159
61 0.132428 -3.80692 0.21937 0 0 -3.14159
62 0.132427 -1.32347 1.10768 0 0 0
63 0 2.7745 0 0 0 0
64 0 -0.750145 1.01704 0 0 -3.14159
time 40
0 3.34582 10.992 -7.01801 0.000934124 0 -1.17275
1 6.02794 0 0 -1.24014 0.32462 -0.814579
2 11.7344 0 0 -0.00140279 0 -0.612573
3 8.81139 -0.000450134 -0.000112057 -0.197143 0 0.000157466
4 5.77839 0.000286102 0 -0.132086 0 0.000104663
5 2.23164 -0.000329971 -0.000363588 -0.0650571 0 0
6 11.4725 0 0 -0.0957302 -0.208064 -0.595918
7 0.615219 -0.993092 -0.8107 2.3606 0.0522831 -0.392226
8 2.24752 0 0 0.0917527 0.25842 -0.102372
9 1.11936 0 0 0.0493369 0.0785231 -0.629449
10 3.71348 -0.102642 0.102192 1.77126 0.869992 0.142171
11 1.72615 0 0 0.0134769 -0.00733098 -0.811382
12 1.21114 0 0 0.00873808 0.0151281 -0.772911
13 3.59919 -1.06012 0.070888 1.87281 0.766148 0.187134
14 1.66069 0 0 -0.0195999 0.044389 -0.726687
15 1.167 0 0 0.00841 -0.00839399 -0.438997
16 2.18852 0.50104 0.057659 1.57366 -0.0281249 0.156362
17 1.29609 0 0 0.0785579 0.027053 -1.07235
18 1.62202 0.000712395 -0.000471115 0.00740295 -0.022111 -0.784236
19 1.22241 0 0 0.000236957 0.00592991 -0.707337
20 1.76707 1.27612 0.0366409 1.57458 0.205155 0.106808
21 1.55588 0 0 -0.0273739 0.0177039 -0.702262
22 1.24273 0 0 -0.000479034 0.000360987 -1.15419
23 0.784523 0 0 0.00636397 -0.00322805 -0.741041
24 -1.93761 4.15381 -12.6541 -0.000932693 0 3.14159
25 6.02794 0 0 1.57989 0.459619 1.61873
26 11.7344 0 0 0.00140264 0 1.48217
27 8.81167 0 0 0.0209004 0 0
28 5.77884 0 0 0.0140032 0 0
29 2.23249 0 0 0.00689713 0 0
30 11.4725 0 0 -0.0114375 -0.470572 0.0663232
31 0.615813 0.994372 -0.809165 2.98233 0.402638 0.136051
32 2.24752 0 0 -0.19033 -0.0267985 0.151876
33 1.11936 0 0 -0.244493 0.180804 0.323019
34 3.71349 0.102638 0.10219 -1.89161 0.958008 -0.514705
35 1.72615 0 0 -0.0322383 -0.0935536 1.46129
36 1.21112 0 0 0.00965705 0.00709789 1.19665
37 3.5992 1.06012 0.0708885 -1.47584 0.46409 0.0842291
38 1.66069 0 0 -0.0169384 0.0619799 -0.0134313
39 1.16699 0 0 0.0094034 0.0143889 0.0888895
40 2.18853 -0.501041 0.0576591 -1.57278 0.0333876 -0.245473
41 1.29609 0 0 -0.0511878 0.0861314 0.870996
42 1.62202 -0.000713348 -0.000470161 -0.0479593 -0.0941553 1.54934
43 1.22241 0 0 0.0319454 0.00844731 1.16733
44 1.76707 -1.27612 0.0366402 -1.53197 0.117513 -0.244895
45 1.55588 0 0 -0.0186128 0.0509371 0.79924
46 1.24273 0 0 -0.0249569 -0.0934672 1.14497
47 0.784532 0 0 -0.0115689 0.0064527 1.17662
48 0 0 0 0 0 0
49 -8.40762 -13.0389 -1.1014 1.13717 0.15597 -3.10167
50 0 0.596887 0 0 0 0
51 -0.496888 -0.188841 0.286781 0 0 0
52 -0.496891 -0.188822 -0.287058 0 0 0
53 0 -0.188841 -0.573976 0 0 0
54 0.497047 -0.188822 -0.287067 0 0 0
55 0.496964 -0.188841 0.28678 0 0 0
56 0 -0.188822 0.573699 0 0 0
57 -3.91759 2.35705 -33.5402 -1.13717 -0.15597 0.0399213
58 -8.02017 -13.3119 -4.56645 0 0 0
59 0.0552974 0.129764 0.687999 -1.13717 -0.15597 0.0399213
60 0 -1.76462 0.0512857 0 0 -3.14159
61 0.132428 -3.80692 0.21937 0 0 -3.14159
62 0.132427 -1.32347 1.10768 0 0 0
63 0 2.7745 0 0 0 0
64 0 -0.750145 1.01704 0 0 -3.14159
time 41
0 3.34582 10.992 -7.01801 0.000934124 0 -1.17275
1 6.02794 0 0 -1.24014 0.32462 -0.814579
2 11.7344 0 0 -0.00140279 0 -0.612573
3 8.81139 -0.000450134 -0.000112057 -0.197142 0 0.000157484
4 5.77839 0.000286102 0 -0.132085 0 0.00010454
5 2.23164 -0.000329971 -0.000363588 -0.0650569 0 0
6 11.4725 0 0 -0.0957303 -0.208064 -0.595918
7 0.615219 -0.993092 -0.8107 2.3606 0.052283 -0.392226
8 2.24752 0 0 0.0917528 0.25842 -0.102372
9 1.11936 0 0 0.0493371 0.0785232 -0.629448
10 3.71348 -0.102642 0.102191 1.77126 0.869992 0.142171
11 1.72615 0 0 0.013477 -0.00733102 -0.811382
12 1.21114 0 0 0.0087379 0.0151281 -0.772911
13 3.59919 -1.06012 0.0708879 1.87281 0.766148 0.187134
14 1.66069 0 0 -0.0195999 0.044389 -0.726687
15 1.167 0 0 0.0084099 -0.00839407 -0.438997
16 2.18852 0.501038 0.0576588 1.57366 -0.0281251 0.156362
17 1.29609 0 0 0.078558 0.027053 -1.07235
18 1.62202 0.000712872 -0.000471115 0.00740294 -0.022111 -0.784236
19 1.22241 0 0 0.000237003 0.00592996 -0.707337
20 1.76707 1.27612 0.0366406 1.57458 0.205155 0.106808
21 1.55588 0 0 -0.0273741 0.017704 -0.702262
22 1.24274 0 0 -0.000478984 0.000361019 -1.15419
23 0.784523 0 0 0.00636397 -0.00322805 -0.741041
24 -1.93761 4.15381 -12.6541 -0.000932693 0 3.14159
25 6.02794 0 0 1.57989 0.459619 1.61873
26 11.7344 0 0 0.00140264 0 1.48217
27 8.81167 0 0 0.0209004 0 0
28 5.77884 0 0 0.0140032 0 0
29 2.23249 0 0 0.00689713 0 0
30 11.4725 0 0 -0.0114375 -0.470572 0.0663231
31 0.615813 0.994371 -0.809165 2.98233 0.402638 0.136051
32 2.24752 0 0 -0.19033 -0.0267983 0.151876
33 1.11936 0 0 -0.244493 0.180804 0.323019
34 3.71349 0.102638 0.102191 -1.89161 0.958008 -0.514705
35 1.72615 0 0 -0.0322384 -0.0935535 1.46129
36 1.21112 0 0 0.00965707 0.00709776 1.19665
37 3.5992 1.06012 0.0708885 -1.47584 0.46409 0.0842292
38 1.66069 0 0 -0.0169385 0.0619799 -0.0134313
39 1.16699 0 0 0.00940335 0.014389 0.0888895
40 2.18853 -0.501041 0.0576601 -1.57278 0.0333874 -0.245473
41 1.29609 0 0 -0.0511879 0.0861314 0.870996
42 1.62202 -0.000713348 -0.000470161 -0.0479593 -0.0941553 1.54934
43 1.22241 0 0 0.0319454 0.00844721 1.16733
44 1.76707 -1.27612 0.0366406 -1.53197 0.117513 -0.244895
45 1.55588 0 0 -0.0186127 0.0509371 0.79924
46 1.24273 0 0 -0.024957 -0.0934672 1.14497
47 0.784532 0 0 -0.0115689 0.00645268 1.17662
48 0 0 0 0 0 0
49 -8.40762 -13.0389 -1.1014 1.13717 0.15597 -3.10167
50 0 0.596887 0 0 0 0
51 -0.496888 -0.188841 0.286781 0 0 0
52 -0.496891 -0.188822 -0.287058 0 0 0
53 0 -0.188841 -0.573976 0 0 0
54 0.497047 -0.188822 -0.287067 0 0 0
55 0.496964 -0.188841 0.28678 0 0 0
56 0 -0.188822 0.573699 0 0 0
57 -3.91759 2.35705 -33.5402 -1.13717 -0.15597 0.0399213
58 -8.02017 -13.3119 -4.56645 0 0 0
59 0.0552974 0.129764 0.687999 -1.13717 -0.15597 0.0399213
60 0 -1.76462 0.0512857 0 0 -3.14159
61 0.132428 -3.80692 0.21937 0 0 -3.14159
62 0.132427 -1.32347 1.10768 0 0 0
63 0 2.7745 0 0 0 0
64 0 -0.750145 1.01704 0 0 -3.14159
time 42
0 3.34582 10.992 -7.01801 0.000934124 0 -1.17275
1 6.02794 0 0 -1.24014 0.32462 -0.814579
2 11.7344 0 0 -0.00140279 0 -0.612573
3 8.81139 -0.000450134 -0.000112057 -0.197143 0 0.000157466
4 5.77839 0.000286102 0 -0.132086 0 0.000104663
5 2.23164 -0.000329971 -0.000363588 -0.0650571 0 0
6 11.4725 0 0 -0.0957302 -0.208064 -0.595918
7 0.615219 -0.993092 -0.8107 2.3606 0.0522831 -0.392226
8 2.24752 0 0 0.0917528 0.25842 -0.102372
9 1.11936 0 0 0.0493369 0.0785231 -0.629449
10 3.71348 -0.10264 0.102191 1.77126 0.869992 0.142171
11 1.72615 0 0 0.0134769 -0.00733111 -0.811382
12 1.21114 0 0 0.00873798 0.015128 -0.772911
13 3.59919 -1.06012 0.070888 1.87281 0.766148 0.187134
14 1.66069 0 0 -0.0195999 0.044389 -0.726687
15 1.167 0 0 0.00841 -0.00839399 -0.438997
16 2.18853 0.50104 0.057659 1.57366 -0.028125 0.156362
17 1.29609 0 0 0.078558 0.027053 -1.07235
18 1.62202 0.000713825 -0.000469208 0.00740288 -0.022111 -0.784236
19 1.22241 0 0 0.00023715 0.00593008 -0.707337
20 1.76707 1.27612 0.0366409 1.57458 0.205155 0.106808
21 1.55588 0 0 -0.027374 0.017704 -0.702262
22 1.24273 0 0 -0.000479055 0.000360911 -1.15419
23 0.784523 0 0 0.00636392 -0.00322801 -0.741041
24 -1.93761 4.15381 -12.6541 -0.000932693 0 3.14159
25 6.02794 0 0 1.57989 0.459619 1.61873
26 11.7344 0 0 0.00140264 0 1.48217
27 8.81167 0 0 0.0209004 0 0
28 5.77884 0 0 0.0140032 0 0
29 2.23249 0 0 0.00689713 0 0
30 11.4725 0 0 -0.0114376 -0.470572 0.0663232
31 0.615812 0.994374 -0.809165 2.98233 0.402638 0.136051
32 2.24752 0 0 -0.190329 -0.0267981 0.151876
33 1.11936 0 0 -0.244493 0.180804 0.323019
34 3.71348 0.10264 0.102191 -1.89161 0.958008 -0.514705
35 1.72615 0 0 -0.0322383 -0.0935536 1.46129
36 1.21112 0 0 0.00965703 0.00709775 1.19665
37 3.5992 1.06012 0.0708885 -1.47584 0.46409 0.0842291
38 1.66069 0 0 -0.0169385 0.0619798 -0.0134313
39 1.16699 0 0 0.00940332 0.014389 0.0888894
40 2.18853 -0.50104 0.0576596 -1.57278 0.0333874 -0.245473
41 1.29609 0 0 -0.0511877 0.0861315 0.870996
42 1.62202 -0.000713348 -0.000470161 -0.0479591 -0.0941553 1.54934
43 1.22241 0 0 0.0319454 0.00844732 1.16733
44 1.76707 -1.27612 0.0366411 -1.53197 0.117513 -0.244895
45 1.55588 0 0 -0.0186127 0.050937 0.79924
46 1.24273 0 0 -0.024957 -0.0934672 1.14497
47 0.784532 0 0 -0.0115688 0.00645268 1.17662
48 0 0 0 0 0 0
49 -8.40762 -13.0389 -1.1014 1.13717 0.15597 -3.10167
50 0 0.596887 0 0 0 0
51 -0.496888 -0.188841 0.286781 0 0 0
52 -0.496891 -0.188822 -0.287058 0 0 0
53 0 -0.188841 -0.573976 0 0 0
54 0.497047 -0.188822 -0.287067 0 0 0
55 0.496964 -0.188841 0.28678 0 0 0
56 0 -0.188822 0.573699 0 0 0
57 -3.91759 2.35705 -33.5402 -1.13717 -0.15597 0.0399213
58 -8.02017 -13.3119 -4.56645 0 0 0
59 0.0552974 0.129764 0.687999 -1.13717 -0.15597 0.0399213
60 0 -1.76462 0.0512857 0 0 -3.14159
61 0.132428 -3.80692 0.21937 0 0 -3.14159
62 0.132427 -1.32347 1.10768 0 0 0
63 0 2.7745 0 0 0 0
64 0 -0.750145 1.01704 0 0 -3.14159
time 43
0 3.34582 10.992 -7.01801 0.000934124 0 -1.17275
1 6.02794 0 0 -1.24014 0.32462 -0.814579
2 11.7344 0 0 -0.00140279 0 -0.612573
3 8.81139 -0.000450134 -0.000112057 -0.197143 0 0.000157466
4 5.77839 0.000286102 0 -0.132086 0 0.000104663
5 2.23164 -0.000329971 -0.000363588 -0.0650571 0 0
6 11.4725 0 0 -0.0957302 -0.208064 -0.595918
7 0.615219 -0.993092 -0.810701 2.3606 0.0522832 -0.392226
8 2.24752 0 0 0.0917528 0.25842 -0.102372
9 1.11936 0 0 0.049337 0.0785232 -0.629449
10 3.71348 -0.10264 0.102191 1.77126 0.869992 0.142171
11 1.72615 0 0 0.013477 -0.00733103 -0.811382
12 1.21114 0 0 0.00873792 0.0151281 -0.772911
13 3.59919 -1.06012 0.0708877 1.87281 0.766148 0.187134
14 1.66069 0 0 -0.0195999 0.044389 -0.726687
15 1.167 0 0 0.0084099 -0.00839407 -0.438997
16 2.18852 0.50104 0.0576586 1.57366 -0.0281249 0.156362
17 1.29609 0 0 0.078558 0.027053 -1.07235
18 1.62202 0.000713348 -0.000469208 0.00740299 -0.022111 -0.784236
19 1.22241 0 0 0.000237048 0.00593001 -0.707337
20 1.76707 1.27612 0.0366405 1.57458 0.205155 0.106808
21 1.55588 0 0 -0.0273739 0.0177039 -0.702262
22 1.24274 0 0 -0.000479009 0.00036095 -1.15419
23 0.784523 0 0 0.00636392 -0.00322807 -0.741041
24 -1.93761 4.15381 -12.6541 -0.000932693 0 3.14159
25 6.02794 0 0 1.57989 0.459619 1.61873
26 11.7344 0 0 0.00140264 0 1.48217
27 8.81167 0 0 0.0209004 0 0
28 5.77884 0 0 0.0140032 0 0
29 2.23249 0 0 0.00689713 0 0
30 11.4725 0 0 -0.0114375 -0.470572 0.0663232
31 0.615813 0.994373 -0.809165 2.98233 0.402638 0.136051
32 2.24752 0 0 -0.19033 -0.0267984 0.151876
33 1.11936 0 0 -0.244493 0.180804 0.323019
34 3.71349 0.102639 0.10219 -1.89161 0.958008 -0.514705
35 1.72615 0 0 -0.0322384 -0.0935535 1.46129
36 1.21112 0 0 0.00965708 0.00709793 1.19665
37 3.5992 1.06012 0.070888 -1.47584 0.46409 0.0842292
38 1.66069 0 0 -0.0169385 0.0619799 -0.0134315
39 1.16699 0 0 0.00940343 0.0143889 0.0888896
40 2.18853 -0.50104 0.0576587 -1.57278 0.0333876 -0.245473
41 1.29609 0 0 -0.0511878 0.0861314 0.870996
42 1.62202 -0.000713348 -0.000470161 -0.0479591 -0.0941553 1.54934
43 1.22241 0 0 0.0319454 0.00844737 1.16733
44 1.76707 -1.27612 0.0366406 -1.53197 0.117513 -0.244895
45 1.55588 0 0 -0.0186128 0.050937 0.79924
46 1.24273 0 0 -0.0249569 -0.0934673 1.14497
47 0.784532 0 0 -0.0115689 0.00645279 1.17662
48 0 0 0 0 0 0
49 -8.40762 -13.0389 -1.1014 1.13717 0.15597 -3.10167
50 0 0.596887 0 0 0 0
51 -0.496888 -0.188841 0.286781 0 0 0
52 -0.496891 -0.188822 -0.287058 0 0 0
53 0 -0.188841 -0.573976 0 0 0
54 0.497047 -0.188822 -0.287067 0 0 0
55 0.496964 -0.188841 0.28678 0 0 0
56 0 -0.188822 0.573699 0 0 0
57 -3.91759 2.35705 -33.5402 -1.13717 -0.15597 0.0399213
58 -8.02017 -13.3119 -4.56645 0 0 0
59 0.0552974 0.129764 0.687999 -1.13717 -0.15597 0.0399213
60 0 -1.76462 0.0512857 0 0 -3.14159
61 0.132428 -3.80692 0.21937 0 0 -3.14159
62 0.132427 -1.32347 1.10768 0 0 0
63 0 2.7745 0 0 0 0
64 0 -0.750145 1.01704 0 0 -3.14159
time 44
0 3.34582 10.992 -7.01801 0.000934124 0 -1.17275
1 6.02794 0 0 -1.24014 0.32462 -0.814579
2 11.7344 0 0 -0.00140279 0 -0.612573
3 8.81139 -0.000450134 -0.000112057 -0.197143 0 0.000157466
4 5.77839 0.000286102 0 -0.132086 0 0.000104663
5 2.23164 -0.000329971 -0.000363588 -0.0650571 0 0
6 11.4725 0 0 -0.0957303 -0.208064 -0.595918
7 0.615219 -0.993092 -0.8107 2.3606 0.0522832 -0.392226
8 2.24752 0 0 0.0917529 0.25842 -0.102372
9 1.11936 0 0 0.049337 0.0785231 -0.629449
10 3.71348 -0.102642 0.102192 1.77126 0.869992 0.142171
11 1.72615 0 0 0.0134771 -0.00733097 -0.811382
12 1.21114 0 0 0.00873801 0.015128 -0.772911
13 3.59919 -1.06012 0.0708879 1.87281 0.766148 0.187134
14 1.66069 0 0 -0.0195999 0.044389 -0.726687
15 1.167 0 0 0.00841007 -0.00839401 -0.438997
16 2.18852 0.50104 0.0576594 1.57366 -0.0281249 0.156362
17 1.29609 0 0 0.0785581 0.027053 -1.07235
18 1.62202 0.000713348 -0.000471115 0.00740293 -0.022111 -0.784236
19 1.22241 0 0 0.000236982 0.00593002 -0.707337
20 1.76707 1.27612 0.0366409 1.57458 0.205155 0.106808
21 1.55588 0 0 -0.027374 0.017704 -0.702262
22 1.24274 0 0 -0.000478968 0.000360995 -1.15419
23 0.784523 0 0 0.00636398 -0.00322808 -0.741041
24 -1.93761 4.15381 -12.6541 -0.000932693 0 3.14159
25 6.02794 0 0 1.57989 0.459619 1.61873
26 11.7344 0 0 0.00140264 0 1.48217
27 8.81167 0 0 0.0209004 0 0
28 5.77884 0 0 0.0140032 0 0
29 2.23249 0 0 0.00689713 0 0
30 11.4725 0 0 -0.0114376 -0.470572 0.0663232
31 0.615812 0.994374 -0.809165 2.98233 0.402638 0.136051
32 2.24752 0 0 -0.190329 -0.0267981 0.151876
33 1.11936 0 0 -0.244493 0.180804 0.323019
34 3.71348 0.10264 0.102191 -1.89161 0.958008 -0.514705
35 1.72615 0 0 -0.0322383 -0.0935536 1.46129
36 1.21112 0 0 0.00965703 0.00709775 1.19665
37 3.5992 1.06012 0.0708885 -1.47584 0.46409 0.0842291
38 1.66069 0 0 -0.0169385 0.0619798 -0.0134313
39 1.16699 0 0 0.00940332 0.014389 0.0888894
40 2.18853 -0.50104 0.0576596 -1.57278 0.0333874 -0.245473
41 1.29609 0 0 -0.0511877 0.0861315 0.870996
42 1.62202 -0.000713348 -0.000470161 -0.0479591 -0.0941553 1.54934
43 1.22241 0 0 0.0319454 0.00844732 1.16733
44 1.76707 -1.27612 0.0366411 -1.53197 0.117513 -0.244895
45 1.55588 0 0 -0.0186127 0.050937 0.79924
46 1.24273 0 0 -0.024957 -0.0934672 1.14497
47 0.784532 0 0 -0.0115688 0.00645268 1.17662
48 0 0 0 0 0 0
49 -8.40762 -13.0389 -1.1014 1.13717 0.15597 -3.10167
50 0 0.596887 0 0 0 0
51 -0.496888 -0.188841 0.286781 0 0 0
52 -0.496891 -0.188822 -0.287058 0 0 0
53 0 -0.188841 -0.573976 0 0 0
54 0.497047 -0.188822 -0.287067 0 0 0
55 0.496964 -0.188841 0.28678 0 0 0
56 0 -0.188822 0.573699 0 0 0
57 -3.91759 2.35705 -33.5402 -1.13717 -0.15597 0.0399213
58 -8.02017 -13.3119 -4.56645 0 0 0
59 0.0552974 0.129764 0.687999 -1.13717 -0.15597 0.0399213
60 0 -1.76462 0.0512857 0 0 -3.14159
61 0.132428 -3.80692 0.21937 0 0 -3.14159
62 0.132427 -1.32347 1.10768 0 0 0
63 0 2.7745 0 0 0 0
64 0 -0.750145 1.01704 0 0 -3.14159
time 45
0 3.34582 10.992 -7.01801 0.000934124 0 -1.17275
1 6.02794 0 0 -1.24014 0.32462 -0.814579
2 11.7344 0 0 -0.00140279 0 -0.612573
3 8.81139 -0.000450134 -0.000112057 -0.197143 0 0.000157466
4 5.77839 0.000286102 0 -0.132086 0 0.000104663
5 2.23164 -0.000329971 -0.000363588 -0.0650571 0 0
6 11.4725 0 0 -0.0957302 -0.208064 -0.595918
7 0.615219 -0.993092 -0.810701 2.3606 0.0522832 -0.392226
8 2.24752 0 0 0.0917528 0.25842 -0.102372
9 1.11936 0 0 0.049337 0.0785232 -0.629449
10 3.71348 -0.10264 0.102191 1.77126 0.869992 0.142171
11 1.72615 0 0 0.013477 -0.00733103 -0.811382
12 1.21114 0 0 0.00873792 0.0151281 -0.772911
13 3.59919 -1.06012 0.0708877 1.87281 0.766148 0.187134
14 1.66069 0 0 -0.0195999 0.044389 -0.726687
15 1.167 0 0 0.0084099 -0.00839407 -0.438997
16 2.18852 0.50104 0.0576586 1.57366 -0.0281249 0.156362
17 1.29609 0 0 0.078558 0.027053 -1.07235
18 1.62202 0.000713348 -0.000469208 0.00740299 -0.022111 -0.784236
19 1.22241 0 0 0.000237048 0.00593001 -0.707337
20 1.76707 1.27612 0.0366405 1.57458 0.205155 0.106808
21 1.55588 0 0 -0.0273739 0.0177039 -0.702262
22 1.24274 0 0 -0.000479009 0.00036095 -1.15419
23 0.784523 0 0 0.00636392 -0.00322807 -0.741041
24 -1.93761 4.15381 -12.6541 -0.000932693 0 3.14159
25 6.02794 0 0 1.57989 0.459619 1.61873
26 11.7344 0 0 0.00140264 0 1.48217
27 8.81167 0 0 0.0209004 0 0
28 5.77884 0 0 0.0140032 0 0
29 2.23249 0 0 0.00689713 0 0
30 11.4725 0 0 -0.0114375 -0.470572 0.0663231
31 0.615813 0.994371 -0.809165 2.98233 0.402638 0.136051
32 2.24752 0 0 -0.19033 -0.0267983 0.151876
33 1.11936 0 0 -0.244493 0.180804 0.323019
34 3.71349 0.102638 0.102191 -1.89161 0.958008 -0.514705
35 1.72615 0 0 -0.0322384 -0.0935535 1.46129
36 1.21112 0 0 0.00965707 0.00709776 1.19665
37 3.5992 1.06012 0.0708885 -1.47584 0.46409 0.0842292
38 1.66069 0 0 -0.0169385 0.0619799 -0.0134313
39 1.16699 0 0 0.00940335 0.014389 0.0888895
40 2.18853 -0.501041 0.0576601 -1.57278 0.0333874 -0.245473
41 1.29609 0 0 -0.0511879 0.0861314 0.870996
42 1.62202 -0.000713348 -0.000470161 -0.0479593 -0.0941553 1.54934
43 1.22241 0 0 0.0319454 0.00844721 1.16733
44 1.76707 -1.27612 0.0366406 -1.53197 0.117513 -0.244895
45 1.55588 0 0 -0.0186127 0.0509371 0.79924
46 1.24273 0 0 -0.024957 -0.0934672 1.14497
47 0.784532 0 0 -0.0115689 0.00645268 1.17662
48 0 0 0 0 0 0
49 -8.40762 -13.0389 -1.1014 1.13717 0.15597 -3.10167
50 0 0.596887 0 0 0 0
51 -0.496888 -0.188841 0.286781 0 0 0
52 -0.496891 -0.188822 -0.287058 0 0 0
53 0 -0.188841 -0.573976 0 0 0
54 0.497047 -0.188822 -0.287067 0 0 0
55 0.496964 -0.188841 0.28678 0 0 0
56 0 -0.188822 0.573699 0 0 0
57 -3.91759 2.35705 -33.5402 -1.13717 -0.15597 0.0399213
58 -8.02017 -13.3119 -4.56645 0 0 0
59 0.0552974 0.129764 0.687999 -1.13717 -0.15597 0.0399213
60 0 -1.76462 0.0512857 0 0 -3.14159
61 0.132428 -3.80692 0.21937 0 0 -3.14159
62 0.132427 -1.32347 1.10768 0 0 0
63 0 2.7745 0 0 0 0
64 0 -0.750145 1.01704 0 0 -3.14159
time 46
0 3.34582 10.992 -7.01801 0.000934124 0 -1.17275
1 6.02794 0 0 -1.24014 0.32462 -0.814579
2 11.7344 0 0 -0.00140279 0 -0.612573
3 8.81139 -0.000450134 -0.000112057 -0.197142 0 0.000157484
4 5.77839 0.000286102 0 -0.132085 0 0.00010454
5 2.23164 -0.000329971 -0.000363588 -0.0650569 0 0
6 11.4725 0 0 -0.0957303 -0.208064 -0.595918
7 0.615219 -0.993092 -0.8107 2.3606 0.052283 -0.392226
8 2.24752 0 0 0.0917528 0.25842 -0.102372
9 1.11936 0 0 0.0493371 0.0785232 -0.629448
10 3.71348 -0.102642 0.102191 1.77126 0.869992 0.142171
11 1.72615 0 0 0.013477 -0.00733102 -0.811382
12 1.21114 0 0 0.0087379 0.0151281 -0.772911
13 3.59919 -1.06012 0.0708879 1.87281 0.766148 0.187134
14 1.66069 0 0 -0.0195999 0.044389 -0.726687
15 1.167 0 0 0.0084099 -0.00839407 -0.438997
16 2.18852 0.501038 0.0576588 1.57366 -0.0281251 0.156362
17 1.29609 0 0 0.078558 0.027053 -1.07235
18 1.62202 0.000712872 -0.000471115 0.00740294 -0.022111 -0.784236
19 1.22241 0 0 0.000237003 0.00592996 -0.707337
20 1.76707 1.27612 0.0366406 1.57458 0.205155 0.106808
21 1.55588 0 0 -0.0273741 0.017704 -0.702262
22 1.24274 0 0 -0.000478984 0.000361019 -1.15419
23 0.784523 0 0 0.00636397 -0.00322805 -0.741041
24 -1.93761 4.15381 -12.6541 -0.000932693 0 3.14159
25 6.02794 0 0 1.57989 0.459619 1.61873
26 11.7344 0 0 0.00140264 0 1.48217
27 8.81167 0 0 0.0209005 0 0
28 5.77884 0 0 0.0140033 0 0
29 2.23249 0 0 0.00689719 0 0
30 11.4725 0 0 -0.0114375 -0.470572 0.0663233
31 0.615813 0.994373 -0.809165 2.98233 0.402638 0.136051
32 2.24752 0 0 -0.19033 -0.0267983 0.151876
33 1.11936 0 0 -0.244493 0.180804 0.323019
34 3.71349 0.10264 0.102191 -1.89161 0.958008 -0.514705
35 1.72615 0 0 -0.0322383 -0.0935535 1.46129
36 1.21112 0 0 0.00965705 0.00709786 1.19665
37 3.5992 1.06012 0.070888 -1.47584 0.46409 0.0842291
38 1.66069 0 0 -0.0169385 0.0619798 -0.0134312
39 1.16699 0 0 0.00940335 0.0143891 0.0888894
40 2.18853 -0.50104 0.0576596 -1.57278 0.0333874 -0.245473
41 1.29609 0 0 -0.051188 0.0861313 0.870996
42 1.62202 -0.000713348 -0.000470161 -0.0479592 -0.0941554 1.54934
43 1.22241 0 0 0.0319454 0.00844733 1.16733
44 1.76707 -1.27612 0.0366411 -1.53197 0.117513 -0.244895
45 1.55588 0 0 -0.0186127 0.0509371 0.79924
46 1.24273 0 0 -0.024957 -0.0934673 1.14497
47 0.784532 0 0 -0.0115689 0.00645265 1.17662
48 0 0 0 0 0 0
49 -8.40762 -13.0389 -1.1014 1.13717 0.15597 -3.10167
50 0 0.596887 0 0 0 0
51 -0.496888 -0.188841 0.286781 0 0 0
52 -0.496891 -0.188822 -0.287058 0 0 0
53 0 -0.188841 -0.573976 0 0 0
54 0.497047 -0.188822 -0.287067 0 0 0
55 0.496964 -0.188841 0.28678 0 0 0
56 0 -0.188822 0.573699 0 0 0
57 -3.91759 2.35705 -33.5402 -1.13717 -0.15597 0.0399213
58 -8.02017 -13.3119 -4.56645 0 0 0
59 0.0552974 0.129764 0.687999 -1.13717 -0.15597 0.0399213
60 0 -1.76462 0.0512857 0 0 -3.14159
61 0.132428 -3.80692 0.21937 0 0 -3.14159
62 0.132427 -1.32347 1.10768 0 0 0
63 0 2.7745 0 0 0 0
64 0 -0.750145 1.01704 0 0 -3.14159
time 47
0 3.34582 10.992 -7.01801 0.000934124 0 -1.17275
1 6.02794 0 0 -1.24014 0.32462 -0.814579
2 11.7344 0 0 -0.00140279 0 -0.612573
3 8.81139 -0.000450134 -0.000112057 -0.197142 0 0.000157484
4 5.77839 0.000286102 0 -0.132085 0 0.00010454
5 2.23164 -0.000329971 -0.000363588 -0.0650569 0 0
6 11.4725 0 0 -0.0957304 -0.208064 -0.595918
7 0.61522 -0.993093 -0.8107 2.3606 0.0522834 -0.392226
8 2.24752 0 0 0.0917529 0.25842 -0.102372
9 1.11936 0 0 0.0493369 0.0785231 -0.629449
10 3.71348 -0.102642 0.102192 1.77126 0.869992 0.142171
11 1.72615 0 0 0.0134771 -0.00733094 -0.811382
12 1.21114 0 0 0.00873812 0.015128 -0.772911
13 3.59919 -1.06012 0.0708883 1.87281 0.766148 0.187134
14 1.66069 0 0 -0.0196001 0.044389 -0.726687
15 1.167 0 0 0.00841006 -0.00839395 -0.438997
16 2.18852 0.50104 0.0576593 1.57366 -0.0281249 0.156362
17 1.29609 0 0 0.078558 0.027053 -1.07235
18 1.62202 0.000713825 -0.000469208 0.00740294 -0.022111 -0.784236
19 1.22241 0 0 0.000236993 0.00592999 -0.707337
20 1.76707 1.27612 0.0366411 1.57458 0.205155 0.106808
21 1.55588 0 0 -0.0273741 0.0177041 -0.702262
22 1.24274 0 0 -0.000479042 0.000360999 -1.15419
23 0.784523 0 0 0.00636397 -0.00322789 -0.741041
24 -1.93761 4.15381 -12.6541 -0.000932693 0 3.14159
25 6.02794 0 0 1.57989 0.459619 1.61873
26 11.7344 0 0 0.00140264 0 1.48217
27 8.81167 0 0 0.0209004 0 0
28 5.77884 0 0 0.0140032 0 0
29 2.23249 0 0 0.00689713 0 0
30 11.4725 0 0 -0.0114376 -0.470572 0.0663232
31 0.615812 0.994374 -0.809165 2.98233 0.402638 0.136051
32 2.24752 0 0 -0.190329 -0.0267981 0.151876
33 1.11936 0 0 -0.244493 0.180804 0.323019
34 3.71348 0.10264 0.102191 -1.89161 0.958008 -0.514705
35 1.72615 0 0 -0.0322383 -0.0935536 1.46129
36 1.21112 0 0 0.00965703 0.00709775 1.19665
37 3.5992 1.06012 0.0708885 -1.47584 0.46409 0.0842291
38 1.66069 0 0 -0.0169385 0.0619798 -0.0134313
39 1.16699 0 0 0.00940332 0.014389 0.0888894
40 2.18853 -0.50104 0.0576596 -1.57278 0.0333874 -0.245473
41 1.29609 0 0 -0.0511877 0.0861315 0.870996
42 1.62202 -0.000713348 -0.000470161 -0.0479591 -0.0941553 1.54934
43 1.22241 0 0 0.0319454 0.00844732 1.16733
44 1.76707 -1.27612 0.0366411 -1.53197 0.117513 -0.244895
45 1.55588 0 0 -0.0186127 0.050937 0.79924
46 1.24273 0 0 -0.024957 -0.0934672 1.14497
47 0.784532 0 0 -0.0115688 0.00645268 1.17662
48 0 0 0 0 0 0
49 -8.40762 -13.0389 -1.1014 1.13717 0.15597 -3.10167
50 0 0.596887 0 0 0 0
51 -0.496888 -0.188841 0.286781 0 0 0
52 -0.496891 -0.188822 -0.287058 0 0 0
53 0 -0.188841 -0.573976 0 0 0
54 0.497047 -0.188822 -0.287067 0 0 0
55 0.496964 -0.188841 0.28678 0 0 0
56 0 -0.188822 0.573699 0 0 0
57 -3.91759 2.35705 -33.5402 -1.13717 -0.15597 0.0399213
58 -8.02017 -13.3119 -4.56645 0 0 0
59 0.0552974 0.129764 0.687999 -1.13717 -0.15597 0.0399213
60 0 -1.76462 0.0512857 0 0 -3.14159
61 0.132428 -3.80692 0.21937 0 0 -3.14159
62 0.132427 -1.32347 1.10768 0 0 0
63 0 2.7745 0 0 0 0
64 0 -0.750145 1.01704 0 0 -3.14159
time 48
0 3.34582 10.992 -7.01801 0.000934124 0 -1.17275
1 6.02794 0 0 -1.24014 0.32462 -0.814579
2 11.7344 0 0 -0.00140279 0 -0.612573
3 8.81139 -0.000450134 -0.000112057 -0.197142 0 0.000157288
4 5.77839 0.000286102 0 -0.132085 0 0.00010454
5 2.23164 -0.000329971 -0.000363588 -0.0650571 0 0
6 11.4725 0 0 -0.0957302 -0.208064 -0.595918
7 0.615219 -0.993092 -0.8107 2.3606 0.0522831 -0.392226
8 2.24752 0 0 0.0917527 0.25842 -0.102372
9 1.11936 0 0 0.049337 0.0785232 -0.629448
10 3.71348 -0.102642 0.102191 1.77126 0.869992 0.142171
11 1.72615 0 0 0.013477 -0.00733096 -0.811382
12 1.21114 0 0 0.00873799 0.015128 -0.772911
13 3.59919 -1.06012 0.0708879 1.87281 0.766148 0.187134
14 1.66069 0 0 -0.0195999 0.044389 -0.726687
15 1.167 0 0 0.00840996 -0.00839405 -0.438997
16 2.18852 0.50104 0.0576587 1.57366 -0.0281251 0.156362
17 1.29609 0 0 0.0785579 0.027053 -1.07235
18 1.62202 0.000712395 -0.000471115 0.00740306 -0.022111 -0.784236
19 1.22241 0 0 0.000236936 0.00592997 -0.707337
20 1.76707 1.27612 0.0366405 1.57458 0.205155 0.106808
21 1.55588 0 0 -0.027374 0.017704 -0.702262
22 1.24274 0 0 -0.000478897 0.000360996 -1.15419
23 0.784523 0 0 0.006364 -0.00322813 -0.741041
24 -1.93761 4.15381 -12.6541 -0.000932693 0 3.14159
25 6.02794 0 0 1.57989 0.459619 1.61873
26 11.7344 0 0 0.00140264 0 1.48217
27 8.81167 0 0 0.0209004 0 0
28 5.77884 0 0 0.0140032 0 0
29 2.23249 0 0 0.00689713 0 0
30 11.4725 0 0 -0.0114375 -0.470572 0.0663232
31 0.615813 0.994373 -0.809165 2.98233 0.402638 0.136051
32 2.24752 0 0 -0.19033 -0.0267984 0.151876
33 1.11936 0 0 -0.244493 0.180804 0.323019
34 3.71349 0.102639 0.10219 -1.89161 0.958008 -0.514705
35 1.72615 0 0 -0.0322384 -0.0935535 1.46129
36 1.21112 0 0 0.00965708 0.00709793 1.19665
37 3.5992 1.06012 0.070888 -1.47584 0.46409 0.0842292
38 1.66069 0 0 -0.0169385 0.0619799 -0.0134315
39 1.16699 0 0 0.00940343 0.0143889 0.0888896
40 2.18853 -0.50104 0.0576587 -1.57278 0.0333876 -0.245473
41 1.29609 0 0 -0.0511878 0.0861314 0.870996
42 1.62202 -0.000713348 -0.000470161 -0.0479591 -0.0941553 1.54934
43 1.22241 0 0 0.0319454 0.00844737 1.16733
44 1.76707 -1.27612 0.0366406 -1.53197 0.117513 -0.244895
45 1.55588 0 0 -0.0186128 0.050937 0.79924
46 1.24273 0 0 -0.0249569 -0.0934673 1.14497
47 0.784532 0 0 -0.0115689 0.00645279 1.17662
48 0 0 0 0 0 0
49 -8.40762 -13.0389 -1.1014 1.13717 0.15597 -3.10167
50 0 0.596887 0 0 0 0
51 -0.496888 -0.188841 0.286781 0 0 0
52 -0.496891 -0.188822 -0.287058 0 0 0
53 0 -0.188841 -0.573976 0 0 0
54 0.497047 -0.188822 -0.287067 0 0 0
55 0.496964 -0.188841 0.28678 0 0 0
56 0 -0.188822 0.573699 0 0 0
57 -3.91759 2.35705 -33.5402 -1.13717 -0.15597 0.0399213
58 -8.02017 -13.3119 -4.56645 0 0 0
59 0.0552974 0.129764 0.687999 -1.13717 -0.15597 0.0399213
60 0 -1.76462 0.0512857 0 0 -3.14159
61 0.132428 -3.80692 0.21937 0 0 -3.14159
62 0.132427 -1.32347 1.10768 0 0 0
63 0 2.7745 0 0 0 0
64 0 -0.750145 1.01704 0 0 -3.14159
time 49
0 3.34582 10.992 -7.01801 0.000934124 0 -1.17275
1 6.02794 0 0 -1.24014 0.32462 -0.814579
2 11.7344 0 0 -0.00140279 0 -0.612573
3 8.81139 -0.000450134 -0.000112057 -0.197142 0 0.000157484
4 5.77839 0.000286102 0 -0.132085 0 0.00010454
5 2.23164 -0.000329971 -0.000363588 -0.0650569 0 0
6 11.4725 0 0 -0.0957302 -0.208064 -0.595918
7 0.615219 -0.993092 -0.8107 2.3606 0.0522832 -0.392226
8 2.24752 0 0 0.0917529 0.25842 -0.102372
9 1.11936 0 0 0.0493369 0.0785231 -0.629448
10 3.71348 -0.102642 0.102191 1.77126 0.869992 0.142171
11 1.72615 0 0 0.0134771 -0.00733098 -0.811382
12 1.21114 0 0 0.00873806 0.015128 -0.772911
13 3.59919 -1.06012 0.0708878 1.87281 0.766148 0.187134
14 1.66069 0 0 -0.0195999 0.044389 -0.726687
15 1.167 0 0 0.00841 -0.00839397 -0.438997
16 2.18852 0.501038 0.0576583 1.57366 -0.0281251 0.156362
17 1.29609 0 0 0.078558 0.027053 -1.07235
18 1.62202 0.000713348 -0.000469208 0.00740304 -0.022111 -0.784236
19 1.22241 0 0 0.000237069 0.00592995 -0.707337
20 1.76707 1.27612 0.0366406 1.57458 0.205155 0.106808
21 1.55588 0 0 -0.027374 0.017704 -0.702262
22 1.24274 0 0 -0.000478984 0.000361019 -1.15419
23 0.784523 0 0 0.00636397 -0.00322805 -0.741041
24 -1.93761 4.15381 -12.6541 -0.000932693 0 3.14159
25 6.02794 0 0 1.57989 0.459619 1.61873
26 11.7344 0 0 0.00140264 0 1.48217
27 8.81167 0 0 0.0209004 0 0
28 5.77884 0 0 0.0140032 0 0
29 2.23249 0 0 0.00689713 0 0
30 11.4725 0 0 -0.0114376 -0.470572 0.0663232
31 0.615812 0.994374 -0.809165 2.98233 0.402638 0.136051
32 2.24752 0 0 -0.190329 -0.0267981 0.151876
33 1.11936 0 0 -0.244493 0.180804 0.323019
34 3.71348 0.10264 0.102191 -1.89161 0.958008 -0.514705
35 1.72615 0 0 -0.0322383 -0.0935536 1.46129
36 1.21112 0 0 0.00965703 0.00709775 1.19665
37 3.5992 1.06012 0.0708885 -1.47584 0.46409 0.0842291
38 1.66069 0 0 -0.0169385 0.0619798 -0.0134313
39 1.16699 0 0 0.00940332 0.014389 0.0888894
40 2.18853 -0.50104 0.0576596 -1.57278 0.0333874 -0.245473
41 1.29609 0 0 -0.0511877 0.0861315 0.870996
42 1.62202 -0.000713348 -0.000470161 -0.0479591 -0.0941553 1.54934
43 1.22241 0 0 0.0319454 0.00844732 1.16733
44 1.76707 -1.27612 0.0366411 -1.53197 0.117513 -0.244895
45 1.55588 0 0 -0.0186127 0.050937 0.79924
46 1.24273 0 0 -0.024957 -0.0934672 1.14497
47 0.784532 0 0 -0.0115688 0.00645268 1.17662
48 0 0 0 0 0 0
49 -8.40762 -13.0389 -1.1014 1.13717 0.15597 -3.10167
50 0 0.596887 0 0 0 0
51 -0.496888 -0.188841 0.286781 0 0 0
52 -0.496891 -0.188822 -0.287058 0 0 0
53 0 -0.188841 -0.573976 0 0 0
54 0.497047 -0.188822 -0.287067 0 0 0
55 0.496964 -0.188841 0.28678 0 0 0
56 0 -0.188822 0.573699 0 0 0
57 -3.91759 2.35705 -33.5402 -1.13717 -0.15597 0.0399213
58 -8.02017 -13.3119 -4.56645 0 0 0
59 0.0552974 0.129764 0.687999 -1.13717 -0.15597 0.0399213
60 0 -1.76462 0.0512857 0 0 -3.14159
61 0.132428 -3.80692 0.21937 0 0 -3.14159
62 0.132427 -1.32347 1.10768 0 0 0
63 0 2.7745 0 0 0 0
64 0 -0.750145 1.01704 0 0 -3.14159
time 50
0 3.34582 10.992 -7.01801 0.000934124 0 -1.17275
1 6.02794 0 0 -1.24014 0.32462 -0.814579
2 11.7344 0 0 -0.00140279 0 -0.612573
3 8.81139 -0.000450134 -0.000112057 -0.197143 0 0.000157466
4 5.77839 0.000286102 0 -0.132086 0 0.000104663
5 2.23164 -0.000329971 -0.000363588 -0.0650571 0 0
6 11.4725 0 0 -0.0957302 -0.208064 -0.595918
7 0.615219 -0.993092 -0.810701 2.3606 0.0522832 -0.392226
8 2.24752 0 0 0.0917528 0.25842 -0.102372
9 1.11936 0 0 0.0493369 0.0785231 -0.629449
10 3.71348 -0.10264 0.102191 1.77126 0.869992 0.142171
11 1.72615 0 0 0.013477 -0.00733099 -0.811382
12 1.21114 0 0 0.00873799 0.015128 -0.772911
13 3.59919 -1.06012 0.0708877 1.87281 0.766148 0.187134
14 1.66069 0 0 -0.0195999 0.0443891 -0.726687
15 1.167 0 0 0.00840991 -0.0083941 -0.438997
16 2.18853 0.50104 0.0576586 1.57366 -0.0281249 0.156362
17 1.29609 0 0 0.078558 0.027053 -1.07235
18 1.62202 0.000713348 -0.000469208 0.00740288 -0.022111 -0.784236
19 1.22241 0 0 0.000237139 0.00593011 -0.707337
20 1.76707 1.27612 0.0366405 1.57458 0.205155 0.106808
21 1.55588 0 0 -0.027374 0.017704 -0.702262
22 1.24273 0 0 -0.000479051 0.000360905 -1.15419
23 0.784523 0 0 0.00636396 -0.00322802 -0.741041
24 -1.93761 4.15381 -12.6541 -0.000932693 0 3.14159
25 6.02794 0 0 1.57989 0.459619 1.61873
26 11.7344 0 0 0.00140264 0 1.48217
27 8.81167 0 0 0.0209004 0 0
28 5.77884 0 0 0.0140032 0 0
29 2.23249 0 0 0.00689713 0 0
30 11.4725 0 0 -0.0114375 -0.470572 0.0663232
31 0.615813 0.994373 -0.809165 2.98233 0.402638 0.136051
32 2.24752 0 0 -0.19033 -0.0267984 0.151876
33 1.11936 0 0 -0.244493 0.180804 0.323019
34 3.71349 0.102639 0.10219 -1.89161 0.958008 -0.514705
35 1.72615 0 0 -0.0322384 -0.0935535 1.46129
36 1.21112 0 0 0.00965708 0.00709793 1.19665
37 3.5992 1.06012 0.070888 -1.47584 0.46409 0.0842292
38 1.66069 0 0 -0.0169385 0.0619799 -0.0134315
39 1.16699 0 0 0.00940343 0.0143889 0.0888896
40 2.18853 -0.50104 0.0576587 -1.57278 0.0333876 -0.245473
41 1.29609 0 0 -0.0511878 0.0861314 0.870996
42 1.62202 -0.000713348 -0.000470161 -0.0479591 -0.0941553 1.54934
43 1.22241 0 0 0.0319454 0.00844737 1.16733
44 1.76707 -1.27612 0.0366406 -1.53197 0.117513 -0.244895
45 1.55588 0 0 -0.0186128 0.050937 0.79924
46 1.24273 0 0 -0.0249569 -0.0934673 1.14497
47 0.784532 0 0 -0.0115689 0.00645279 1.17662
48 0 0 0 0 0 0
49 -8.40762 -13.0389 -1.1014 1.13717 0.15597 -3.10167
50 0 0.596887 0 0 0 0
51 -0.496888 -0.188841 0.286781 0 0 0
52 -0.496891 -0.188822 -0.287058 0 0 0
53 0 -0.188841 -0.573976 0 0 0
54 0.497047 -0.188822 -0.287067 0 0 0
55 0.496964 -0.188841 0.28678 0 0 0
56 0 -0.188822 0.573699 0 0 0
57 -3.91759 2.35705 -33.5402 -1.13717 -0.15597 0.0399213
58 -8.02017 -13.3119 -4.56645 0 0 0
59 0.0552974 0.129764 0.687999 -1.13717 -0.15597 0.0399213
60 0 -1.76462 0.0512857 0 0 -3.14159
61 0.132428 -3.80692 0.21937 0 0 -3.14159
62 0.132427 -1.32347 1.10768 0 0 0
63 0 2.7745 0 0 0 0
64 0 -0.750145 1.01704 0 0 -3.14159
time 51
0 3.34582 10.992 -7.01801 0.000934124 0 -1.17275
1 6.02794 0 0 -1.24014 0.32462 -0.814579
2 11.7344 0 0 -0.00140279 0 -0.612573
3 8.81139 -0.000450134 -0.000112057 -0.197143 0 0.000157466
4 5.77839 0.000286102 0 -0.132086 0 0.000104663
5 2.23164 -0.000329971 -0.000363588 -0.0650571 0 0
6 11.4725 0 0 -0.0957302 -0.208064 -0.595918
7 0.615219 -0.993092 -0.810701 2.3606 0.0522832 -0.392226
8 2.24752 0 0 0.0917528 0.25842 -0.102372
9 1.11936 0 0 0.049337 0.0785232 -0.629449
10 3.71348 -0.10264 0.102191 1.77126 0.869992 0.142171
11 1.72615 0 0 0.013477 -0.00733103 -0.811382
12 1.21114 0 0 0.00873792 0.0151281 -0.772911
13 3.59919 -1.06012 0.0708877 1.87281 0.766148 0.187134
14 1.66069 0 0 -0.0195999 0.044389 -0.726687
15 1.167 0 0 0.0084099 -0.00839407 -0.438997
16 2.18852 0.50104 0.0576586 1.57366 -0.0281249 0.156362
17 1.29609 0 0 0.078558 0.027053 -1.07235
18 1.62202 0.000713348 -0.000469208 0.00740299 -0.022111 -0.784236
19 1.22241 0 0 0.000237048 0.00593001 -0.707337
20 1.76707 1.27612 0.0366405 1.57458 0.205155 0.106808
21 1.55588 0 0 -0.0273739 0.0177039 -0.702262
22 1.24274 0 0 -0.000479009 0.00036095 -1.15419
23 0.784523 0 0 0.00636392 -0.00322807 -0.741041
24 -1.93761 4.15381 -12.6541 -0.000932693 0 3.14159
25 6.02794 0 0 1.57989 0.459619 1.61873
26 11.7344 0 0 0.00140264 0 1.48217
27 8.81167 0 0 0.0209004 0 0
28 5.77884 0 0 0.0140032 0 0
29 2.23249 0 0 0.00689713 0 0
30 11.4725 0 0 -0.0114376 -0.470572 0.0663232
31 0.615813 0.994372 -0.809165 2.98233 0.402638 0.136051
32 2.24752 0 0 -0.19033 -0.0267981 0.151876
33 1.11936 0 0 -0.244493 0.180804 0.323019
34 3.71349 0.102639 0.10219 -1.89161 0.958008 -0.514705
35 1.72615 0 0 -0.0322384 -0.0935535 1.46129
36 1.21112 0 0 0.0096571 0.00709785 1.19665
37 3.5992 1.06012 0.070888 -1.47584 0.46409 0.0842291
38 1.66069 0 0 -0.0169384 0.0619798 -0.0134313
39 1.16699 0 0 0.00940332 0.014389 0.0888894
40 2.18853 -0.501041 0.0576596 -1.57278 0.0333875 -0.245473
41 1.29609 0 0 -0.0511877 0.0861315 0.870996
42 1.62202 -0.000713348 -0.000470161 -0.0479591 -0.0941553 1.54934
43 1.22241 0 0 0.0319454 0.00844732 1.16733
44 1.76707 -1.27612 0.0366411 -1.53196 0.117513 -0.244895
45 1.55588 0 0 -0.0186128 0.050937 0.79924
46 1.24273 0 0 -0.0249569 -0.0934672 1.14497
47 0.784532 0 0 -0.0115688 0.00645274 1.17662
48 0 0 0 0 0 0
49 -8.40762 -13.0389 -1.1014 1.13717 0.15597 -3.10167
50 0 0.596887 0 0 0 0
51 -0.496888 -0.188841 0.286781 0 0 0
52 -0.496891 -0.188822 -0.287058 0 0 0
53 0 -0.188841 -0.573976 0 0 0
54 0.497047 -0.188822 -0.287067 0 0 0
55 0.496964 -0.188841 0.28678 0 0 0
56 0 -0.188822 0.573699 0 0 0
57 -3.91759 2.35705 -33.5402 -1.13717 -0.15597 0.0399213
58 -8.02017 -13.3119 -4.56645 0 0 0
59 0.0552974 0.129764 0.687999 -1.13717 -0.15597 0.0399213
60 0 -1.76462 0.0512857 0 0 -3.14159
61 0.132428 -3.80692 0.21937 0 0 -3.14159
62 0.132427 -1.32347 1.10768 0 0 0
63 0 2.7745 0 0 0 0
64 0 -0.750145 1.01704 0 0 -3.14159
time 52
0 3.34582 10.992 -7.01801 0.000934124 0 -1.17275
1 6.02794 0 0 -1.24014 0.32462 -0.814579
2 11.7344 0 0 -0.00140279 0 -0.612573
3 8.81139 -0.000450134 -0.000112057 -0.197143 0 0.000157466
4 5.77839 0.000286102 0 -0.132086 0 0.000104663
5 2.23164 -0.000329971 -0.000363588 -0.0650571 0 0
6 11.4725 0 0 -0.0957302 -0.208064 -0.595918
7 0.615219 -0.993092 -0.8107 2.3606 0.0522831 -0.392226
8 2.24752 0 0 0.0917527 0.25842 -0.102372
9 1.11936 0 0 0.0493369 0.0785231 -0.629449
10 3.71348 -0.102642 0.102192 1.77126 0.869992 0.142171
11 1.72615 0 0 0.0134769 -0.00733098 -0.811382
12 1.21114 0 0 0.00873808 0.0151281 -0.772911
13 3.59919 -1.06012 0.070888 1.87281 0.766148 0.187134
14 1.66069 0 0 -0.0195999 0.044389 -0.726687
15 1.167 0 0 0.00841 -0.00839399 -0.438997
16 2.18852 0.50104 0.057659 1.57366 -0.0281249 0.156362
17 1.29609 0 0 0.0785579 0.027053 -1.07235
18 1.62202 0.000712395 -0.000471115 0.00740295 -0.022111 -0.784236
19 1.22241 0 0 0.000236957 0.00592991 -0.707337
20 1.76707 1.27612 0.0366409 1.57458 0.205155 0.106808
21 1.55588 0 0 -0.0273739 0.0177039 -0.702262
22 1.24273 0 0 -0.000479034 0.000360987 -1.15419
23 0.784523 0 0 0.00636397 -0.00322805 -0.741041
24 -1.93761 4.15381 -12.6541 -0.000932693 0 3.14159
25 6.02794 0 0 1.57989 0.459619 1.61873
26 11.7344 0 0 0.00140264 0 1.48217
27 8.81167 0 0 0.0209004 0 0
28 5.77884 0 0 0.0140032 0 0
29 2.23249 0 0 0.00689713 0 0
30 11.4725 0 0 -0.0114375 -0.470572 0.0663231
31 0.615813 0.994373 -0.809165 2.98233 0.402638 0.136051
32 2.24752 0 0 -0.190329 -0.0267981 0.151876
33 1.11936 0 0 -0.244493 0.180804 0.323019
34 3.71349 0.102639 0.102191 -1.89161 0.958008 -0.514705
35 1.72615 0 0 -0.0322384 -0.0935535 1.46129
36 1.21112 0 0 0.00965708 0.00709788 1.19665
37 3.5992 1.06012 0.0708895 -1.47584 0.46409 0.0842291
38 1.66069 0 0 -0.0169385 0.0619798 -0.0134314
39 1.16699 0 0 0.00940341 0.0143891 0.0888895
40 2.18853 -0.501041 0.0576596 -1.57278 0.0333876 -0.245473
41 1.29609 0 0 -0.0511878 0.0861316 0.870996
42 1.62202 -0.000713348 -0.000469208 -0.0479592 -0.0941553 1.54934
43 1.22241 0 0 0.0319454 0.00844736 1.16733
44 1.76707 -1.27612 0.0366416 -1.53197 0.117513 -0.244895
45 1.55588 0 0 -0.0186127 0.050937 0.79924
46 1.24273 0 0 -0.024957 -0.0934672 1.14497
47 0.784531 0 0 -0.0115689 0.00645268 1.17662
48 0 0 0 0 0 0
49 -8.40762 -13.0389 -1.1014 1.13717 0.15597 -3.10167
50 0 0.596887 0 0 0 0
51 -0.496888 -0.188841 0.286781 0 0 0
52 -0.496891 -0.188822 -0.287058 0 0 0
53 0 -0.188841 -0.573976 0 0 0
54 0.497047 -0.188822 -0.287067 0 0 0
55 0.496964 -0.188841 0.28678 0 0 0
56 0 -0.188822 0.573699 0 0 0
57 -3.91759 2.35705 -33.5402 -1.13717 -0.15597 0.0399213
58 -8.02017 -13.3119 -4.56645 0 0 0
59 0.0552974 0.129764 0.687999 -1.13717 -0.15597 0.0399213
60 0 -1.76462 0.0512857 0 0 -3.14159
61 0.132428 -3.80692 0.21937 0 0 -3.14159
62 0.132427 -1.32347 1.10768 0 0 0
63 0 2.7745 0 0 0 0
64 0 -0.750145 1.01704 0 0 -3.14159
time 53
0 3.34582 10.992 -7.01801 0.000934124 0 -1.17275
1 6.02794 0 0 -1.24014 0.32462 -0.814579
2 11.7344 0 0 -0.00140279 0 -0.612573
3 8.81139 -0.000450134 -0.000112057 -0.197142 0 0.000157288
4 5.77839 0.000286102 0 -0.132085 0 0.00010454
5 2.23164 -0.000329971 -0.000363588 -0.0650571 0 0
6 11.4725 0 0 -0.0957302 -0.208064 -0.595918
7 0.615219 -0.99309 -0.8107 2.3606 0.0522832 -0.392226
8 2.24752 0 0 0.0917527 0.25842 -0.102372
9 1.11936 0 0 0.0493371 0.0785231 -0.629448
10 3.71348 -0.10264 0.102191 1.77126 0.869992 0.142171
11 1.72615 0 0 0.0134769 -0.00733098 -0.811382
12 1.21114 0 0 0.00873808 0.015128 -0.772911
13 3.59919 -1.06012 0.0708877 1.87281 0.766148 0.187134
14 1.66069 0 0 -0.0196 0.044389 -0.726687
15 1.167 0 0 0.00840996 -0.00839405 -0.438997
16 2.18852 0.501041 0.0576588 1.57366 -0.028125 0.156362
17 1.29609 0 0 0.078558 0.027053 -1.07235
18 1.62202 0.000713348 -0.000469208 0.007403 -0.022111 -0.784236
19 1.22241 0 0 0.000237003 0.00592996 -0.707337
20 1.76707 1.27612 0.0366411 1.57458 0.205155 0.106808
21 1.55588 0 0 -0.027374 0.017704 -0.702262
22 1.24273 0 0 -0.000478951 0.00036097 -1.15419
23 0.784523 0 0 0.006364 -0.00322804 -0.741041
24 -1.93761 4.15381 -12.6541 -0.000932693 0 3.14159
25 6.02794 0 0 1.57989 0.459619 1.61873
26 11.7344 0 0 0.00140264 0 1.48217
27 8.81167 0 0 0.0209004 0 0
28 5.77884 0 0 0.0140032 0 0
29 2.23249 0 0 0.00689713 0 0
30 11.4725 0 0 -0.0114375 -0.470572 0.0663232
31 0.615813 0.994373 -0.809165 2.98233 0.402638 0.136051
32 2.24752 0 0 -0.19033 -0.0267984 0.151876
33 1.11936 0 0 -0.244493 0.180804 0.323019
34 3.71349 0.102639 0.10219 -1.89161 0.958008 -0.514705
35 1.72615 0 0 -0.0322384 -0.0935535 1.46129
36 1.21112 0 0 0.00965708 0.00709793 1.19665
37 3.5992 1.06012 0.070888 -1.47584 0.46409 0.0842292
38 1.66069 0 0 -0.0169385 0.0619799 -0.0134315
39 1.16699 0 0 0.00940343 0.0143889 0.0888896
40 2.18853 -0.50104 0.0576587 -1.57278 0.0333876 -0.245473
41 1.29609 0 0 -0.0511878 0.0861314 0.870996
42 1.62202 -0.000713348 -0.000470161 -0.0479591 -0.0941553 1.54934
43 1.22241 0 0 0.0319454 0.00844737 1.16733
44 1.76707 -1.27612 0.0366406 -1.53197 0.117513 -0.244895
45 1.55588 0 0 -0.0186128 0.050937 0.79924
46 1.24273 0 0 -0.0249569 -0.0934673 1.14497
47 0.784532 0 0 -0.0115689 0.00645279 1.17662
48 0 0 0 0 0 0
49 -8.40762 -13.0389 -1.1014 1.13717 0.15597 -3.10167
50 0 0.596887 0 0 0 0
51 -0.496888 -0.188841 0.286781 0 0 0
52 -0.496891 -0.188822 -0.287058 0 0 0
53 0 -0.188841 -0.573976 0 0 0
54 0.497047 -0.188822 -0.287067 0 0 0
55 0.496964 -0.188841 0.28678 0 0 0
56 0 -0.188822 0.573699 0 0 0
57 -3.91759 2.35705 -33.5402 -1.13717 -0.15597 0.0399213
58 -8.02017 -13.3119 -4.56645 0 0 0
59 0.0552974 0.129764 0.687999 -1.13717 -0.15597 0.0399213
60 0 -1.76462 0.0512857 0 0 -3.14159
61 0.132428 -3.80692 0.21937 0 0 -3.14159
62 0.132427 -1.32347 1.10768 0 0 0
63 0 2.7745 0 0 0 0
64 0 -0.750145 1.01704 0 0 -3.14159
time 54
0 3.34582 10.992 -7.01801 0.000934124 0 -1.17275
1 6.02794 0 0 -1.24014 0.32462 -0.814579
2 11.7344 0 0 -0.00140279 0 -0.612573
3 8.81139 -0.000450134 -0.000112057 -0.197142 0 0.000157484
4 5.77839 0.000286102 0 -0.132085 0 0.00010454
5 2.23164 -0.000329971 -0.000363588 -0.0650569 0 0
6 11.4725 0 0 -0.0957304 -0.208064 -0.595918
7 0.61522 -0.993093 -0.8107 2.3606 0.0522834 -0.392226
8 2.24752 0 0 0.0917529 0.25842 -0.102372
9 1.11936 0 0 0.0493369 0.0785231 -0.629449
10 3.71348 -0.102642 0.102192 1.77126 0.869992 0.142171
11 1.72615 0 0 0.0134771 -0.00733094 -0.811382
12 1.21114 0 0 0.00873812 0.015128 -0.772911
13 3.59919 -1.06012 0.0708883 1.87281 0.766148 0.187134
14 1.66069 0 0 -0.0196001 0.044389 -0.726687
15 1.167 0 0 0.00841006 -0.00839395 -0.438997
16 2.18852 0.50104 0.0576593 1.57366 -0.0281249 0.156362
17 1.29609 0 0 0.078558 0.027053 -1.07235
18 1.62202 0.000713825 -0.000469208 0.00740294 -0.022111 -0.784236
19 1.22241 0 0 0.000236993 0.00592999 -0.707337
20 1.76707 1.27612 0.0366411 1.57458 0.205155 0.106808
21 1.55588 0 0 -0.0273741 0.0177041 -0.702262
22 1.24274 0 0 -0.000479042 0.000360999 -1.15419
23 0.784523 0 0 0.00636397 -0.00322789 -0.741041
24 -1.93761 4.15381 -12.6541 -0.000932693 0 3.14159
25 6.02794 0 0 1.57989 0.459619 1.61873
26 11.7344 0 0 0.00140264 0 1.48217
27 8.81167 0 0 0.0209002 0 0
28 5.77884 0 0 0.0140031 0 0
29 2.23249 0 0 0.006897 0 0
30 11.4725 0 0 -0.0114377 -0.470572 0.0663232
31 0.615813 0.994371 -0.809165 2.98233 0.402638 0.136051
32 2.24752 0 0 -0.190329 -0.0267981 0.151876
33 1.11936 0 0 -0.244493 0.180804 0.323019
34 3.71349 0.102637 0.10219 -1.89161 0.958008 -0.514704
35 1.72615 0 0 -0.0322384 -0.0935535 1.46129
36 1.21112 0 0 0.00965712 0.0070978 1.19665
37 3.5992 1.06012 0.0708885 -1.47584 0.46409 0.0842292
38 1.66069 0 0 -0.0169386 0.0619799 -0.0134314
39 1.16699 0 0 0.00940347 0.0143891 0.0888895
40 2.18853 -0.501042 0.0576591 -1.57278 0.0333874 -0.245473
41 1.29609 0 0 -0.0511878 0.0861316 0.870996
42 1.62202 -0.000712395 -0.000470161 -0.0479593 -0.0941553 1.54934
43 1.22241 0 0 0.0319454 0.00844743 1.16732
44 1.76707 -1.27612 0.0366397 -1.53197 0.117513 -0.244895
45 1.55588 0 0 -0.0186128 0.0509372 0.79924
46 1.24273 0 0 -0.024957 -0.0934673 1.14497
47 0.784532 0 0 -0.0115689 0.00645268 1.17662
48 0 0 0 0 0 0
49 -8.40762 -13.0389 -1.1014 1.13717 0.15597 -3.10167
50 0 0.596887 0 0 0 0
51 -0.496888 -0.188841 0.286781 0 0 0
52 -0.496891 -0.188822 -0.287058 0 0 0
53 0 -0.188841 -0.573976 0 0 0
54 0.497047 -0.188822 -0.287067 0 0 0
55 0.496964 -0.188841 0.28678 0 0 0
56 0 -0.188822 0.573699 0 0 0
57 -3.91759 2.35705 -33.5402 -1.13717 -0.15597 0.0399213
58 -8.02017 -13.3119 -4.56645 0 0 0
59 0.0552974 0.129764 0.687999 -1.13717 -0.15597 0.0399213
60 0 -1.76462 0.0512857 0 0 -3.14159
61 0.132428 -3.80692 0.21937 0 0 -3.14159
62 0.132427 -1.32347 1.10768 0 0 0
63 0 2.7745 0 0 0 0
64 0 -0.750145 1.01704 0 0 -3.14159
time 55
0 3.34582 10.992 -7.01801 0.000934124 0 -1.17275
1 6.02794 0 0 -1.24014 0.32462 -0.814579
2 11.7344 0 0 -0.00140279 0 -0.612573
3 8.81139 -0.000450134 -0.000112057 -0.197142 0 0.000157484
4 5.77839 0.000286102 0 -0.132085 0 0.00010454
5 2.23164 -0.000329971 -0.000363588 -0.0650569 0 0
6 11.4725 0 0 -0.0957301 -0.208064 -0.595918
7 0.615219 -0.993092 -0.8107 2.3606 0.0522831 -0.392226
8 2.24752 0 0 0.0917529 0.25842 -0.102372
9 1.11936 0 0 0.0493369 0.0785231 -0.629449
10 3.71348 -0.10264 0.102191 1.77126 0.869992 0.142171
11 1.72615 0 0 0.013477 -0.00733098 -0.811382
12 1.21114 0 0 0.00873803 0.0151279 -0.772911
13 3.59919 -1.06012 0.0708878 1.87281 0.766148 0.187134
14 1.66069 0 0 -0.0195999 0.0443891 -0.726687
15 1.167 0 0 0.00840995 -0.00839402 -0.438997
16 2.18852 0.50104 0.0576589 1.57366 -0.0281249 0.156362
17 1.29609 0 0 0.0785581 0.027053 -1.07235
18 1.62202 0.000713825 -0.000471115 0.00740293 -0.022111 -0.784236
19 1.22241 0 0 0.000237002 0.00592996 -0.707337
20 1.76707 1.27612 0.0366406 1.57458 0.205155 0.106808
21 1.55588 0 0 -0.0273739 0.017704 -0.702262
22 1.24274 0 0 -0.000479013 0.000360956 -1.15419
23 0.784523 0 0 0.00636401 -0.00322807 -0.741041
24 -1.93761 4.15381 -12.6541 -0.000932693 0 3.14159
25 6.02794 0 0 1.57989 0.459619 1.61873
26 11.7344 0 0 0.00140264 0 1.48217
27 8.81167 0 0 0.0209004 0 0
28 5.77884 0 0 0.0140032 0 0
29 2.23249 0 0 0.00689713 0 0
30 11.4725 0 0 -0.0114376 -0.470572 0.0663232
31 0.615813 0.994372 -0.809165 2.98233 0.402638 0.136051
32 2.24752 0 0 -0.19033 -0.0267981 0.151876
33 1.11936 0 0 -0.244493 0.180804 0.323019
34 3.71349 0.102639 0.10219 -1.89161 0.958008 -0.514705
35 1.72615 0 0 -0.0322384 -0.0935535 1.46129
36 1.21112 0 0 0.0096571 0.00709785 1.19665
37 3.5992 1.06012 0.070888 -1.47584 0.46409 0.0842291
38 1.66069 0 0 -0.0169384 0.0619798 -0.0134313
39 1.16699 0 0 0.00940332 0.014389 0.0888894
40 2.18853 -0.501041 0.0576596 -1.57278 0.0333875 -0.245473
41 1.29609 0 0 -0.0511877 0.0861315 0.870996
42 1.62202 -0.000713348 -0.000470161 -0.0479591 -0.0941553 1.54934
43 1.22241 0 0 0.0319454 0.00844732 1.16733
44 1.76707 -1.27612 0.0366411 -1.53196 0.117513 -0.244895
45 1.55588 0 0 -0.0186128 0.050937 0.79924
46 1.24273 0 0 -0.0249569 -0.0934672 1.14497
47 0.784532 0 0 -0.0115688 0.00645274 1.17662
48 0 0 0 0 0 0
49 -8.40762 -13.0389 -1.1014 1.13717 0.15597 -3.10167
50 0 0.596887 0 0 0 0
51 -0.496888 -0.188841 0.286781 0 0 0
52 -0.496891 -0.188822 -0.287058 0 0 0
53 0 -0.188841 -0.573976 0 0 0
54 0.497047 -0.188822 -0.287067 0 0 0
55 0.496964 -0.188841 0.28678 0 0 0
56 0 -0.188822 0.573699 0 0 0
57 -3.91759 2.35705 -33.5402 -1.13717 -0.15597 0.0399213
58 -8.02017 -13.3119 -4.56645 0 0 0
59 0.0552974 0.129764 0.687999 -1.13717 -0.15597 0.0399213
60 0 -1.76462 0.0512857 0 0 -3.14159
61 0.132428 -3.80692 0.21937 0 0 -3.14159
62 0.132427 -1.32347 1.10768 0 0 0
63 0 2.7745 0 0 0 0
64 0 -0.750145 1.01704 0 0 -3.14159
time 56
0 3.34582 10.992 -7.01801 0.000934124 0 -1.17275
1 6.02794 0 0 -1.24014 0.32462 -0.814579
2 11.7344 0 0 -0.00140279 0 -0.612573
3 8.81139 -0.000450134 -0.000112057 -0.197143 0 0.000157466
4 5.77839 0.000286102 0 -0.132086 0 0.000104663
5 2.23164 -0.000329971 -0.000363588 -0.0650571 0 0
6 11.4725 0 0 -0.0957302 -0.208064 -0.595918
7 0.61522 -0.993092 -0.810701 2.3606 0.0522832 -0.392226
8 2.24752 0 0 0.0917527 0.25842 -0.102372
9 1.11936 0 0 0.049337 0.0785231 -0.629448
10 3.71348 -0.10264 0.102191 1.77126 0.869992 0.142171
11 1.72615 0 0 0.013477 -0.00733107 -0.811382
12 1.21114 0 0 0.00873799 0.015128 -0.772911
13 3.59919 -1.06012 0.070888 1.87281 0.766148 0.187134
14 1.66069 0 0 -0.0196001 0.044389 -0.726687
15 1.167 0 0 0.00841006 -0.00839398 -0.438997
16 2.18853 0.50104 0.0576587 1.57366 -0.0281249 0.156362
17 1.29609 0 0 0.0785579 0.027053 -1.07235
18 1.62202 0.000713348 -0.000471115 0.00740304 -0.022111 -0.784236
19 1.22241 0 0 0.000237003 0.00592996 -0.707337
20 1.76707 1.27612 0.0366405 1.57458 0.205155 0.106808
21 1.55588 0 0 -0.027374 0.017704 -0.702262
22 1.24273 0 0 -0.000479013 0.000360956 -1.15419
23 0.784523 0 0 0.00636401 -0.00322797 -0.741041
24 -1.93761 4.15381 -12.6541 -0.000932693 0 3.14159
25 6.02794 0 0 1.57989 0.459619 1.61873
26 11.7344 0 0 0.00140264 0 1.48217
27 8.81167 0 0 0.0209004 0 0
28 5.77884 0 0 0.0140032 0 0
29 2.23249 0 0 0.00689713 0 0
30 11.4725 0 0 -0.0114376 -0.470572 0.0663231
31 0.615813 0.994373 -0.809165 2.98233 0.402638 0.136051
32 2.24752 0 0 -0.19033 -0.0267983 0.151876
33 1.11936 0 0 -0.244493 0.180804 0.323019
34 3.71349 0.102638 0.10219 -1.89161 0.958008 -0.514705
35 1.72615 0 0 -0.0322382 -0.0935536 1.46129
36 1.21112 0 0 0.00965707 0.00709795 1.19665
37 3.5992 1.06012 0.0708885 -1.47584 0.46409 0.0842291
38 1.66069 0 0 -0.0169385 0.0619798 -0.0134314
39 1.16699 0 0 0.00940334 0.0143889 0.0888895
40 2.18853 -0.501041 0.0576596 -1.57278 0.0333874 -0.245473
41 1.29609 0 0 -0.0511878 0.0861315 0.870996
42 1.62202 -0.000712395 -0.000471115 -0.0479591 -0.0941554 1.54934
43 1.22241 0 0 0.0319453 0.00844741 1.16733
44 1.76707 -1.27612 0.0366416 -1.53197 0.117513 -0.244895
45 1.55588 0 0 -0.0186128 0.050937 0.79924
46 1.24273 0 0 -0.024957 -0.0934673 1.14497
47 0.784532 0 0 -0.0115689 0.00645269 1.17662
48 0 0 0 0 0 0
49 -8.40762 -13.0389 -1.1014 1.13717 0.15597 -3.10167
50 0 0.596887 0 0 0 0
51 -0.496888 -0.188841 0.286781 0 0 0
52 -0.496891 -0.188822 -0.287058 0 0 0
53 0 -0.188841 -0.573976 0 0 0
54 0.497047 -0.188822 -0.287067 0 0 0
55 0.496964 -0.188841 0.28678 0 0 0
56 0 -0.188822 0.573699 0 0 0
57 -3.91759 2.35705 -33.5402 -1.13717 -0.15597 0.0399213
58 -8.02017 -13.3119 -4.56645 0 0 0
59 0.0552974 0.129764 0.687999 -1.13717 -0.15597 0.0399213
60 0 -1.76462 0.0512857 0 0 -3.14159
61 0.132428 -3.80692 0.21937 0 0 -3.14159
62 0.132427 -1.32347 1.10768 0 0 0
63 0 2.7745 0 0 0 0
64 0 -0.750145 1.01704 0 0 -3.14159
time 57
0 3.34582 10.992 -7.01801 0.000934124 0 -1.17275
1 6.02794 0 0 -1.24014 0.32462 -0.814579
2 11.7344 0 0 -0.00140279 0 -0.612573
3 8.81139 -0.000450134 -0.000112057 -0.197143 0 0.000157466
4 5.77839 0.000286102 0 -0.132086 0 0.000104663
5 2.23164 -0.000329971 -0.000363588 -0.0650571 0 0
6 11.4725 0 0 -0.0957302 -0.208064 -0.595918
7 0.615219 -0.993092 -0.810701 2.3606 0.0522832 -0.392226
8 2.24752 0 0 0.0917528 0.25842 -0.102372
9 1.11936 0 0 0.0493369 0.0785231 -0.629448
10 3.71348 -0.102642 0.102191 1.77126 0.869992 0.142171
11 1.72615 0 0 0.013477 -0.00733103 -0.811382
12 1.21114 0 0 0.008738 0.015128 -0.772911
13 3.59919 -1.06012 0.0708876 1.87281 0.766148 0.187134
14 1.66069 0 0 -0.0195999 0.044389 -0.726687
15 1.167 0 0 0.00840985 -0.00839412 -0.438997
16 2.18852 0.50104 0.0576586 1.57366 -0.028125 0.156362
17 1.29609 0 0 0.078558 0.027053 -1.07235
18 1.62202 0.000712395 -0.000471115 0.00740294 -0.022111 -0.784236
19 1.22241 0 0 0.000237084 0.00593009 -0.707337
20 1.76707 1.27612 0.0366405 1.57458 0.205155 0.106808
21 1.55588 0 0 -0.0273739 0.0177039 -0.702262
22 1.24273 0 0 -0.000478909 0.000361015 -1.15419
23 0.784523 0 0 0.00636399 -0.00322811 -0.741041
24 -1.93761 4.15381 -12.6541 -0.000932693 0 3.14159
25 6.02794 0 0 1.57989 0.459619 1.61873
26 11.7344 0 0 0.00140264 0 1.48217
27 8.81167 0 0 0.0209004 0 0
28 5.77884 0 0 0.0140032 0 0
29 2.23249 0 0 0.00689713 0 0
30 11.4725 0 0 -0.0114375 -0.470572 0.0663232
31 0.615813 0.994373 -0.809165 2.98233 0.402638 0.136051
32 2.24752 0 0 -0.19033 -0.0267984 0.151876
33 1.11936 0 0 -0.244493 0.180804 0.323019
34 3.71349 0.102639 0.10219 -1.89161 0.958008 -0.514705
35 1.72615 0 0 -0.0322384 -0.0935535 1.46129
36 1.21112 0 0 0.00965708 0.00709793 1.19665
37 3.5992 1.06012 0.070888 -1.47584 0.46409 0.0842292
38 1.66069 0 0 -0.0169385 0.0619799 -0.0134315
39 1.16699 0 0 0.00940343 0.0143889 0.0888896
40 2.18853 -0.50104 0.0576587 -1.57278 0.0333876 -0.245473
41 1.29609 0 0 -0.0511878 0.0861314 0.870996
42 1.62202 -0.000713348 -0.000470161 -0.0479591 -0.0941553 1.54934
43 1.22241 0 0 0.0319454 0.00844737 1.16733
44 1.76707 -1.27612 0.0366406 -1.53197 0.117513 -0.244895
45 1.55588 0 0 -0.0186128 0.050937 0.79924
46 1.24273 0 0 -0.0249569 -0.0934673 1.14497
47 0.784532 0 0 -0.0115689 0.00645279 1.17662
48 0 0 0 0 0 0
49 -8.40762 -13.0389 -1.1014 1.13717 0.15597 -3.10167
50 0 0.596887 0 0 0 0
51 -0.496888 -0.188841 0.286781 0 0 0
52 -0.496891 -0.188822 -0.287058 0 0 0
53 0 -0.188841 -0.573976 0 0 0
54 0.497047 -0.188822 -0.287067 0 0 0
55 0.496964 -0.188841 0.28678 0 0 0
56 0 -0.188822 0.573699 0 0 0
57 -3.91759 2.35705 -33.5402 -1.13717 -0.15597 0.0399213
58 -8.02017 -13.3119 -4.56645 0 0 0
59 0.0552974 0.129764 0.687999 -1.13717 -0.15597 0.0399213
60 0 -1.76462 0.0512857 0 0 -3.14159
61 0.132428 -3.80692 0.21937 0 0 -3.14159
62 0.132427 -1.32347 1.10768 0 0 0
63 0 2.7745 0 0 0 0
64 0 -0.750145 1.01704 0 0 -3.14159
time 58
0 3.34582 10.992 -7.01801 0.000934124 0 -1.17275
1 6.02794 0 0 -1.24014 0.32462 -0.814579
2 11.7344 0 0 -0.00140279 0 -0.612573
3 8.81139 -0.000450134 -0.000112057 -0.197142 0 0.000157484
4 5.77839 0.000286102 0 -0.132085 0 0.00010454
5 2.23164 -0.000329971 -0.000363588 -0.0650569 0 0
6 11.4725 0 0 -0.0957301 -0.208064 -0.595918
7 0.615219 -0.993092 -0.8107 2.3606 0.0522831 -0.392226
8 2.24752 0 0 0.0917529 0.25842 -0.102372
9 1.11936 0 0 0.0493369 0.0785231 -0.629449
10 3.71348 -0.10264 0.102191 1.77126 0.869992 0.142171
11 1.72615 0 0 0.013477 -0.00733098 -0.811382
12 1.21114 0 0 0.00873803 0.0151279 -0.772911
13 3.59919 -1.06012 0.0708878 1.87281 0.766148 0.187134
14 1.66069 0 0 -0.0195999 0.0443891 -0.726687
15 1.167 0 0 0.00840995 -0.00839402 -0.438997
16 2.18852 0.50104 0.0576589 1.57366 -0.0281249 0.156362
17 1.29609 0 0 0.0785581 0.027053 -1.07235
18 1.62202 0.000713825 -0.000471115 0.00740293 -0.022111 -0.784236
19 1.22241 0 0 0.000237002 0.00592996 -0.707337
20 1.76707 1.27612 0.0366406 1.57458 0.205155 0.106808
21 1.55588 0 0 -0.0273739 0.017704 -0.702262
22 1.24274 0 0 -0.000479013 0.000360956 -1.15419
23 0.784523 0 0 0.00636401 -0.00322807 -0.741041
24 -1.93761 4.15381 -12.6541 -0.000932693 0 3.14159
25 6.02794 0 0 1.57989 0.459619 1.61873
26 11.7344 0 0 0.00140264 0 1.48217
27 8.81167 0 0 0.0209004 0 0
28 5.77884 0 0 0.0140032 0 0
29 2.23249 0 0 0.00689713 0 0
30 11.4725 0 0 -0.0114375 -0.470572 0.0663232
31 0.615813 0.994372 -0.809165 2.98233 0.402638 0.136051
32 2.24752 0 0 -0.19033 -0.0267985 0.151876
33 1.11936 0 0 -0.244493 0.180804 0.323019
34 3.71349 0.102638 0.10219 -1.89161 0.958008 -0.514705
35 1.72615 0 0 -0.0322383 -0.0935536 1.46129
36 1.21112 0 0 0.00965705 0.00709789 1.19665
37 3.5992 1.06012 0.0708885 -1.47584 0.46409 0.0842291
38 1.66069 0 0 -0.0169384 0.0619799 -0.0134313
39 1.16699 0 0 0.0094034 0.0143889 0.0888895
40 2.18853 -0.501041 0.0576591 -1.57278 0.0333876 -0.245473
41 1.29609 0 0 -0.0511878 0.0861314 0.870996
42 1.62202 -0.000713348 -0.000470161 -0.0479593 -0.0941553 1.54934
43 1.22241 0 0 0.0319454 0.00844731 1.16733
44 1.76707 -1.27612 0.0366402 -1.53197 0.117513 -0.244895
45 1.55588 0 0 -0.0186128 0.0509371 0.79924
46 1.24273 0 0 -0.0249569 -0.0934672 1.14497
47 0.784532 0 0 -0.0115689 0.0064527 1.17662
48 0 0 0 0 0 0
49 -8.40762 -13.0389 -1.1014 1.13717 0.15597 -3.10167
50 0 0.596887 0 0 0 0
51 -0.496888 -0.188841 0.286781 0 0 0
52 -0.496891 -0.188822 -0.287058 0 0 0
53 0 -0.188841 -0.573976 0 0 0
54 0.497047 -0.188822 -0.287067 0 0 0
55 0.496964 -0.188841 0.28678 0 0 0
56 0 -0.188822 0.573699 0 0 0
57 -3.91759 2.35705 -33.5402 -1.13717 -0.15597 0.0399213
58 -8.02017 -13.3119 -4.56645 0 0 0
59 0.0552974 0.129764 0.687999 -1.13717 -0.15597 0.0399213
60 0 -1.76462 0.0512857 0 0 -3.14159
61 0.132428 -3.80692 0.21937 0 0 -3.14159
62 0.132427 -1.32347 1.10768 0 0 0
63 0 2.7745 0 0 0 0
64 0 -0.750145 1.01704 0 0 -3.14159
time 59
0 3.34582 10.992 -7.01801 0.000934124 0 -1.17275
1 6.02794 0 0 -1.24014 0.32462 -0.814579
2 11.7344 0 0 -0.00140279 0 -0.612573
3 8.81139 -0.000450134 -0.000112057 -0.197143 0 0.000157466
4 5.77839 0.000286102 0 -0.132086 0 0.000104663
5 2.23164 -0.000329971 -0.000363588 -0.0650571 0 0
6 11.4725 0 0 -0.0957302 -0.208064 -0.595918
7 0.615219 -0.993093 -0.8107 2.3606 0.0522832 -0.392226
8 2.24752 0 0 0.0917529 0.25842 -0.102372
9 1.11936 0 0 0.0493368 0.0785231 -0.629449
10 3.71348 -0.102642 0.102191 1.77126 0.869992 0.142171
11 1.72615 0 0 0.013477 -0.00733102 -0.811382
12 1.21114 0 0 0.00873799 0.015128 -0.772911
13 3.59919 -1.06012 0.0708879 1.87281 0.766148 0.187134
14 1.66069 0 0 -0.0195999 0.044389 -0.726687
15 1.167 0 0 0.00841002 -0.00839405 -0.438997
16 2.18852 0.501038 0.0576591 1.57366 -0.028125 0.156362
17 1.29609 0 0 0.0785581 0.027053 -1.07235
18 1.62202 0.000713348 -0.000471115 0.00740292 -0.022111 -0.784236
19 1.22241 0 0 0.000237104 0.00593003 -0.707337
20 1.76707 1.27612 0.036641 1.57458 0.205155 0.106808
21 1.55588 0 0 -0.027374 0.017704 -0.702262
22 1.24274 0 0 -0.000478897 0.000360996 -1.15419
23 0.784523 0 0 0.00636394 -0.00322806 -0.741041
24 -1.93761 4.15381 -12.6541 -0.000932693 0 3.14159
25 6.02794 0 0 1.57989 0.459619 1.61873
26 11.7344 0 0 0.00140264 0 1.48217
27 8.81167 0 0 0.0209004 0 0
28 5.77884 0 0 0.0140032 0 0
29 2.23249 0 0 0.00689713 0 0
30 11.4725 0 0 -0.0114375 -0.470572 0.0663231
31 0.615813 0.994372 -0.809165 2.98233 0.402637 0.136051
32 2.24752 0 0 -0.19033 -0.0267984 0.151876
33 1.11936 0 0 -0.244493 0.180804 0.323019
34 3.71348 0.102638 0.102192 -1.89161 0.958008 -0.514705
35 1.72615 0 0 -0.0322384 -0.0935536 1.46129
36 1.21112 0 0 0.00965712 0.00709794 1.19665
37 3.5992 1.06012 0.0708885 -1.47584 0.46409 0.0842292
38 1.66069 0 0 -0.0169385 0.0619798 -0.0134315
39 1.16699 0 0 0.00940338 0.014389 0.0888896
40 2.18853 -0.50104 0.0576596 -1.57278 0.0333875 -0.245473
41 1.29609 0 0 -0.0511879 0.0861313 0.870996
42 1.62202 -0.000713348 -0.000470161 -0.0479591 -0.0941553 1.54934
43 1.22241 0 0 0.0319454 0.00844753 1.16733
44 1.76707 -1.27612 0.0366416 -1.53197 0.117513 -0.244895
45 1.55588 0 0 -0.0186128 0.050937 0.79924
46 1.24273 0 0 -0.0249569 -0.0934673 1.14497
47 0.784533 0 0 -0.0115689 0.00645279 1.17662
48 0 0 0 0 0 0
49 -8.40762 -13.0389 -1.1014 1.13717 0.15597 -3.10167
50 0 0.596887 0 0 0 0
51 -0.496888 -0.188841 0.286781 0 0 0
52 -0.496891 -0.188822 -0.287058 0 0 0
53 0 -0.188841 -0.573976 0 0 0
54 0.497047 -0.188822 -0.287067 0 0 0
55 0.496964 -0.188841 0.28678 0 0 0
56 0 -0.188822 0.573699 0 0 0
57 -3.91759 2.35705 -33.5402 -1.13717 -0.15597 0.0399213
58 -8.02017 -13.3119 -4.56645 0 0 0
59 0.0552974 0.129764 0.687999 -1.13717 -0.15597 0.0399213
60 0 -1.76462 0.0512857 0 0 -3.14159
61 0.132428 -3.80692 0.21937 0 0 -3.14159
62 0.132427 -1.32347 1.10768 0 0 0
63 0 2.7745 0 0 0 0
64 0 -0.750145 1.01704 0 0 -3.14159
time 60
0 3.34582 10.992 -7.01801 0.000934124 0 -1.17275
1 6.02794 0 0 -1.24014 0.32462 -0.814579
2 11.7344 0 0 -0.00140279 0 -0.612573
3 8.81139 -0.000450134 -0.000112057 -0.197142 0 0.000157484
4 5.77839 0.000286102 0 -0.132085 0 0.00010454
5 2.23164 -0.000329971 -0.000363588 -0.0650569 0 0
6 11.4725 0 0 -0.0957302 -0.208064 -0.595918
7 0.615219 -0.993093 -0.8107 2.3606 0.0522832 -0.392226
8 2.24752 0 0 0.0917529 0.25842 -0.102372
9 1.11936 0 0 0.0493369 0.0785231 -0.629449
10 3.71348 -0.102642 0.102191 1.77126 0.869992 0.142171
11 1.72615 0 0 0.0134771 -0.00733094 -0.811382
12 1.21114 0 0 0.00873803 0.0151279 -0.772911
13 3.59919 -1.06012 0.0708879 1.87281 0.766148 0.187134
14 1.66069 0 0 -0.0196001 0.044389 -0.726687
15 1.167 0 0 0.00841006 -0.00839398 -0.438997
16 2.18852 0.50104 0.0576589 1.57366 -0.0281252 0.156362
17 1.29609 0 0 0.078558 0.0270529 -1.07235
18 1.62202 0.000713825 -0.000469208 0.00740306 -0.022111 -0.784236
19 1.22241 0 0 0.000236881 0.00592995 -0.707337
20 1.76707 1.27612 0.0366411 1.57458 0.205155 0.106808
21 1.55588 0 0 -0.0273741 0.017704 -0.702262
22 1.24274 0 0 -0.000478996 0.000361038 -1.15419
23 0.784523 0 0 0.00636403 -0.00322796 -0.741041
24 -1.93761 4.15381 -12.6541 -0.000932693 0 3.14159
25 6.02794 0 0 1.57989 0.459619 1.61873
26 11.7344 0 0 0.00140264 0 1.48217
27 8.81167 0 0 0.0209002 0 0
28 5.77884 0 0 0.0140031 0 0
29 2.23249 0 0 0.006897 0 0
30 11.4725 0 0 -0.0114377 -0.470572 0.0663232
31 0.615813 0.994371 -0.809165 2.98233 0.402638 0.136051
32 2.24752 0 0 -0.190329 -0.0267981 0.151876
33 1.11936 0 0 -0.244493 0.180804 0.323019
34 3.71349 0.102637 0.10219 -1.89161 0.958008 -0.514704
35 1.72615 0 0 -0.0322384 -0.0935535 1.46129
36 1.21112 0 0 0.00965712 0.0070978 1.19665
37 3.5992 1.06012 0.0708885 -1.47584 0.46409 0.0842292
38 1.66069 0 0 -0.0169386 0.0619799 -0.0134314
39 1.16699 0 0 0.00940347 0.0143891 0.0888895
40 2.18853 -0.501042 0.0576591 -1.57278 0.0333874 -0.245473
41 1.29609 0 0 -0.0511878 0.0861316 0.870996
42 1.62202 -0.000712395 -0.000470161 -0.0479593 -0.0941553 1.54934
43 1.22241 0 0 0.0319454 0.00844743 1.16732
44 1.76707 -1.27612 0.0366397 -1.53197 0.117513 -0.244895
45 1.55588 0 0 -0.0186128 0.0509372 0.79924
46 1.24273 0 0 -0.024957 -0.0934673 1.14497
47 0.784532 0 0 -0.0115689 0.00645268 1.17662
48 0 0 0 0 0 0
49 -8.40762 -13.0389 -1.1014 1.13717 0.15597 -3.10167
50 0 0.596887 0 0 0 0
51 -0.496888 -0.188841 0.286781 0 0 0
52 -0.496891 -0.188822 -0.287058 0 0 0
53 0 -0.188841 -0.573976 0 0 0
54 0.497047 -0.188822 -0.287067 0 0 0
55 0.496964 -0.188841 0.28678 0 0 0
56 0 -0.188822 0.573699 0 0 0
57 -3.91759 2.35705 -33.5402 -1.13717 -0.15597 0.0399213
58 -8.02017 -13.3119 -4.56645 0 0 0
59 0.0552974 0.129764 0.687999 -1.13717 -0.15597 0.0399213
60 0 -1.76462 0.0512857 0 0 -3.14159
61 0.132428 -3.80692 0.21937 0 0 -3.14159
62 0.132427 -1.32347 1.10768 0 0 0
63 0 2.7745 0 0 0 0
64 0 -0.750145 1.01704 0 0 -3.14159
end
