//Sequence File generated by the Wall Worm SMD Exporter PRO 1.99
//www.wallworm.com
version 1
nodes
0 "b_l_clav" -1
1 "b_l_upperarm" 0
2 "b_l_forearm" 1
3 "b_l_twist3" 2
4 "b_l_twist2" 2
5 "b_l_twist1" 2
6 "b_l_hand" 2
7 "b_l_thumb001" 6
8 "b_l_thumb002" 7
9 "b_l_thumb003" 8
10 "b_l_middle001" 6
11 "b_l_middle002" 10
12 "b_l_middle003" 11
13 "b_l_index001" 6
14 "b_l_index002" 13
15 "b_l_index003" 14
16 "b_l_hand_ringsqueezer" 6
17 "b_l_ring001" 16
18 "b_l_ring002" 17
19 "b_l_ring003" 18
20 "b_l_hand_pinkysqueezer" 6
21 "b_l_pinky001" 20
22 "b_l_pinky002" 21
23 "b_l_pinky003" 22
24 "b_r_clav" -1
25 "b_r_upperarm" 24
26 "b_r_forearm" 25
27 "b_r_twist3" 26
28 "b_r_twist2" 26
29 "b_r_twist1" 26
30 "b_r_hand" 26
31 "b_r_thumb001" 30
32 "b_r_thumb002" 31
33 "b_r_thumb003" 32
34 "b_r_middle001" 30
35 "b_r_middle002" 34
36 "b_r_middle003" 35
37 "b_r_index001" 30
38 "b_r_index002" 37
39 "b_r_index003" 38
40 "b_r_hand_ringsqueezer" 30
41 "b_r_ring001" 40
42 "b_r_ring002" 41
43 "b_r_ring003" 42
44 "b_r_hand_pinkysqueezer" 30
45 "b_r_pinky001" 44
46 "b_r_pinky002" 45
47 "b_r_pinky003" 46
48 "b_zero" -1
49 "d_booletcasings" -1
50 "d_boolets" 49
51 "d_booletcasing006" 49
52 "d_booletcasing005" 49
53 "d_booletcasing004" 49
54 "d_booletcasing003" 49
55 "d_booletcasing002" 49
56 "d_booletcasing001" 49
57 "d_speedloader" -1
58 "d_walk" -1
59 "d_gun" 58
60 "d_trigger" 59
61 "d_swivel" 59
62 "d_cylinder" 61
63 "d_plunger" 62
64 "d_hammer" 59
end
skeleton
time 0
0 4.9672 4.75721 -13.6191 0.000934124 0 -1.17275
1 6.02794 0 0 -1.5565 0.508002 -0.449792
2 11.7344 0 0 -0.0014029 0 -1.6283
3 8.81139 -0.000448227 -0.000112534 -0.161454 0 0.000157073
4 5.77839 0.00028801 0 -0.108174 0 0.000104491
5 2.23164 -0.000328064 -0.000363827 -0.0532798 0 0
6 11.4725 0 0 0.0515287 -0.579426 -0.344184
7 0.615219 -0.993093 -0.810699 2.90558 0.394414 -0.216419
8 2.24752 0 0 0.74958 0.0234199 -0.068543
9 1.11936 0 0 -0.057835 0.00922759 -0.738951
10 3.71348 -0.102642 0.102192 1.82628 0.812944 0.439551
11 1.72615 0 0 0.00870198 0.00432201 -1.48797
12 1.21114 0 0 0.00791186 0.0157621 -1.07755
13 3.59919 -1.06012 0.0708895 1.55375 0.455488 0.0822582
14 1.66069 0 0 0.0123567 0.0768804 -0.0633913
15 1.167 0 0 -0.0198407 0.0420915 -0.0781422
16 2.18852 0.50104 0.0576591 1.52634 -0.0238071 0.160259
17 1.29609 0 0 0.012465 0.1762 -0.851858
18 1.62202 0.000713348 -0.000471115 -0.000292595 -0.000349947 -1.40327
19 1.22241 0 0 -0.00965881 0.00464794 -1.28722
20 1.76707 1.27612 0.0366421 1.36121 0.188296 0.112883
21 1.55588 0 0 -0.0194634 0.301151 -0.624638
22 1.24273 0 0 -0.000478981 0.000360943 -1.32485
23 0.784522 0 0 0.00427092 0.00619489 -1.0301
24 -1.72731 1.00064 -12.6541 -0.000932693 0 -1.73036
25 6.02794 0 0 1.07599 0.450872 0.29992
26 11.7344 0 0 0.00140265 0 1.79761
27 8.81167 0 0 0.188578 0 0
28 5.77884 0 0 0.126347 0 0
29 2.23249 0 0 0.0622308 0 0
30 11.4725 0 0 0.205551 -0.11715 -0.144177
31 0.615812 0.994371 -0.809165 -2.46672 0.237831 0.660585
32 2.24752 0 0 -0.160032 -0.0700478 0.503879
33 1.11936 0 0 -0.0275857 0.130922 0.0242061
34 3.71349 0.102638 0.102191 -2.07905 0.714167 -0.453172
35 1.72615 0 0 -0.0146287 -0.0172615 0.690061
36 1.21112 0 0 0.0082991 0.0154843 1.14365
37 3.5992 1.06012 0.0708883 -2.01153 0.694673 -0.505899
38 1.66069 0 0 0.00355166 0.0500323 0.373593
39 1.16699 0 0 -0.00629271 -0.00718822 0.739342
40 2.18853 -0.501041 0.0576591 -1.57004 -0.0521618 -0.225938
41 1.29609 0 0 -0.198831 0.156738 0.828594
42 1.62201 -0.000712156 -0.000469208 -0.0437901 0.052407 1.03978
43 1.22241 0 0 -0.0495141 0.0692886 0.791643
44 1.76707 -1.27612 0.0366411 -1.57004 -0.0711765 -0.261465
45 1.55588 0 0 -0.190246 0.0283805 0.885718
46 1.24273 0 0 0.000478824 0.000360983 1.3195
47 0.784532 0 0 -0.00640519 -0.00340416 0.746432
48 0 0 0 0 0 0
49 8.08135 -14.2297 -2.34938 1.4993 -0.230859 3.08159
50 0 0.59689 0 0 0 0
51 -0.496887 -0.188841 0.28678 0 0 0
52 -0.496892 -0.188822 -0.287059 0 0 0
53 0 -0.188841 -0.573975 0 0 0
54 0.497046 -0.188822 -0.287067 0 0 0
55 0.496964 -0.188841 0.286781 0 0 0
56 0 -0.188822 0.5737 0 0 0
57 -0.00761414 -11.154 -37.486 -1.4993 0.230859 -0.0599985
58 6.47825 -14.563 -7.28492 0 0 0
59 0.946936 -0.775548 2.43188 -1.4993 0.230859 -0.0599985
60 0 -1.76462 0.0512857 0 0 -3.14159
61 0.13243 -3.80691 0.21937 0 0 -3.14159
62 0.132429 -1.32347 1.10768 0 0 0
63 0 2.7745 0 0 0 0
64 0 -0.750145 1.01704 0 0 -3.14159
time 1
0 4.9672 4.97127 -13.3992 0.000934124 0 -1.17275
1 6.02794 0 0 -1.55575 0.533244 -0.447281
2 11.7344 0 0 -0.00140285 0 -1.64745
3 8.81138 -0.000450134 -0.000112534 -0.0610264 0 0.000157374
4 5.77839 0.000286102 0 -0.0408877 0 0.000105226
5 2.23163 -0.000329971 -0.000363827 -0.0201387 0 0
6 11.4725 0 0 0.0519784 -0.530249 -0.206218
7 0.615219 -0.993092 -0.810701 2.90558 0.394414 -0.216419
8 2.24752 0 0 0.74958 0.0234197 -0.068543
9 1.11936 0 0 -0.0578352 0.00922771 -0.738951
10 3.71348 -0.102642 0.10219 1.82628 0.812945 0.439552
11 1.72615 0 0 0.00870206 0.00432201 -1.48797
12 1.21114 0 0 0.00791189 0.0157621 -1.07755
13 3.59919 -1.06012 0.0708876 1.55374 0.456332 0.0822419
14 1.66069 0 0 0.0117618 0.0769019 -0.0710667
15 1.167 0 0 -0.0205674 0.0406057 -0.117935
16 2.18852 0.501038 0.0576582 1.52634 -0.023807 0.160259
17 1.29609 0 0 0.0124649 0.1762 -0.851858
18 1.62202 0.000715256 -0.000471115 -0.000292728 -0.000349974 -1.40327
19 1.22241 0 0 -0.00965877 0.00464797 -1.28722
20 1.76707 1.27612 0.0366402 1.36121 0.188296 0.112882
21 1.55588 0 0 -0.0194635 0.301151 -0.624638
22 1.24274 0 0 -0.000479185 0.000361011 -1.32485
23 0.784523 0 0 0.0042711 0.00619506 -1.0301
24 -1.72731 1.33692 -12.5492 -0.000932693 0 -1.73036
25 6.02794 0 0 1.06317 0.476256 0.285309
26 11.7344 0 0 0.00140271 0 1.79629
27 8.81167 0 0 0.248371 0 0
28 5.77884 0 0 0.166409 0 0
29 2.23249 0 0 0.0819626 0 0
30 11.4725 0 0 0.292481 -0.196652 -0.229697
31 0.615812 0.994373 -0.809165 -2.46672 0.237831 0.660585
32 2.24752 0 0 -0.160032 -0.0700479 0.503879
33 1.11936 0 0 -0.0275856 0.130922 0.024206
34 3.71348 0.10264 0.102191 -2.07905 0.714167 -0.453172
35 1.72615 0 0 -0.0146287 -0.0172615 0.690061
36 1.21112 0 0 0.00829902 0.0154844 1.14365
37 3.5992 1.06012 0.0708873 -2.01153 0.694673 -0.505899
38 1.66069 0 0 0.00355176 0.0500323 0.373593
39 1.16699 0 0 -0.00629272 -0.00718835 0.739342
40 2.18853 -0.50104 0.0576591 -1.57004 -0.052162 -0.225938
41 1.29609 0 0 -0.19883 0.156738 0.828595
42 1.62202 -0.000712395 -0.000469208 -0.0437902 0.0524072 1.03978
43 1.2224 0 0 -0.0495141 0.0692884 0.791643
44 1.76707 -1.27612 0.0366418 -1.57004 -0.0711766 -0.261465
45 1.55587 0 0 -0.190246 0.0283804 0.885718
46 1.24273 0 0 0.000478888 0.000361065 1.3195
47 0.784531 0 0 -0.00640523 -0.00340421 0.746433
48 0 0 0 0 0 0
49 7.7311 -14.9021 -2.1437 1.36312 -0.192387 3.04923
50 0 0.596889 0 0 0 0
51 -0.496888 -0.188841 0.28678 0 0 0
52 -0.496891 -0.188822 -0.287058 0 0 0
53 0 -0.188841 -0.573976 0 0 0
54 0.497047 -0.188822 -0.287069 0 0 0
55 0.496964 -0.188841 0.28678 0 0 0
56 0 -0.188822 0.573698 0 0 0
57 1.67781 -6.84842 -36.8996 -1.36312 0.192386 -0.092364
58 6.47825 -14.563 -7.28492 0 0 0
59 0.741036 -1.07932 2.47316 -1.35244 0.18012 -0.0346691
60 0 -1.75275 0.0512962 -0.0109226 0 -3.14159
61 0.13243 -3.80691 0.219369 0 0 -3.14159
62 0.132428 -1.32347 1.10768 0 -0.0580083 0
63 0 2.7745 0 0 0 0
64 0 -0.737385 1.0287 0.0609341 0 -3.14159
time 2
0 4.9672 5.54495 -12.8099 0.000934124 0 -1.17275
1 6.02794 0 0 -1.55165 0.562809 -0.445453
2 11.7344 0 0 -0.00140285 0 -1.66872
3 8.81138 -0.000450134 -0.00011158 0.166523 0 0.000157887
4 5.77839 0.000286102 0 0.111571 0 0.000106589
5 2.23164 -0.000329971 -0.000363827 0.0549527 0 0
6 11.4725 0 0 0.105901 -0.448114 0.106028
7 0.615219 -0.993092 -0.8107 2.90558 0.394414 -0.216419
8 2.24752 0 0 0.74958 0.0234199 -0.068543
9 1.11936 0 0 -0.0578351 0.00922776 -0.738951
10 3.71348 -0.10264 0.102191 1.82628 0.812945 0.439551
11 1.72615 0 0 0.00870193 0.00432189 -1.48797
12 1.21114 0 0 0.00791188 0.0157622 -1.07755
13 3.59919 -1.06012 0.070888 1.55372 0.458593 0.0821984
14 1.66069 0 0 0.0101669 0.076959 -0.0916375
15 1.16699 0 0 -0.0225146 0.0366241 -0.224579
16 2.18852 0.50104 0.0576591 1.52634 -0.0238072 0.160259
17 1.29609 0 0 0.012465 0.1762 -0.851858
18 1.62202 0.000714302 -0.000471115 -0.00029265 -0.000349974 -1.40327
19 1.22241 0 0 -0.00965885 0.00464809 -1.28722
20 1.76707 1.27612 0.0366416 1.36121 0.188296 0.112883
21 1.55587 0 0 -0.0194635 0.301151 -0.624638
22 1.24273 0 0 -0.000478977 0.000360987 -1.32485
23 0.784524 0 0 0.00427097 0.00619498 -1.0301
24 -1.72731 2.23815 -12.2682 -0.000932693 0 -1.73036
25 6.02794 0 0 1.04422 0.508363 0.257527
26 11.7344 0 0 0.00140268 0 1.77241
27 8.81167 0 0 0.415775 0 0
28 5.77884 0 0 0.278569 0 0
29 2.23249 0 0 0.137206 0 0
30 11.4725 0 0 0.557285 -0.298261 -0.470904
31 0.615812 0.994373 -0.809165 -2.46672 0.237831 0.660585
32 2.24752 0 0 -0.160032 -0.0700478 0.503879
33 1.11936 0 0 -0.0275855 0.130922 0.0242063
34 3.71348 0.10264 0.102191 -2.07905 0.714167 -0.453172
35 1.72615 0 0 -0.0146286 -0.0172615 0.690061
36 1.21112 0 0 0.00829904 0.0154844 1.14365
37 3.5992 1.06012 0.0708885 -2.01153 0.694673 -0.505899
38 1.66069 0 0 0.00355164 0.0500323 0.373593
39 1.16699 0 0 -0.00629256 -0.00718835 0.739342
40 2.18853 -0.501038 0.0576591 -1.57004 -0.052162 -0.225938
41 1.29609 0 0 -0.19883 0.156738 0.828595
42 1.62202 -0.000713348 -0.000471115 -0.0437901 0.0524072 1.03978
43 1.2224 0 0 -0.0495142 0.0692884 0.791643
44 1.76707 -1.27612 0.0366416 -1.57004 -0.0711767 -0.261465
45 1.55587 0 0 -0.190245 0.0283805 0.885718
46 1.24273 0 0 0.000478909 0.00036102 1.3195
47 0.784531 0 0 -0.00640524 -0.00340408 0.746433
48 0 0 0 0 0 0
49 6.89667 -16.5922 -1.90474 1.03116 -0.171816 2.98621
50 0 0.596888 0 0 0 0
51 -0.496887 -0.188841 0.286782 0 0 0
52 -0.496892 -0.18882 -0.287059 0 0 0
53 0 -0.18884 -0.573975 0 0 0
54 0.497047 -0.18882 -0.287068 0 0 0
55 0.496964 -0.188841 0.286782 0 0 0
56 0 -0.188822 0.573699 0 0 0
57 4.53044 2.5987 -32.4921 -1.03116 0.171816 -0.155386
58 6.47825 -14.563 -7.28492 0 0 0
59 0.237168 -1.83672 2.57685 -1.01021 0.0629928 0.0227358
60 0 -1.72213 0.0513268 -0.0390908 0 -3.14159
61 0.132429 -3.80692 0.21937 0 0 -3.14159
62 0.132428 -1.32347 1.10768 0 -0.207608 0
63 0 2.7745 0 0 0 0
64 0 -0.704479 1.05877 0.218079 0 -3.14159
time 3
0 4.9672 6.37551 -11.9568 0.000934124 0 -1.17275
1 6.02794 0 0 -1.537 0.540908 -0.456492
2 11.7344 0 0 -0.00140284 0 -1.62507
3 8.81138 -0.000450134 -0.00011158 0.399764 0 0.000156594
4 5.77839 0.00028801 0 0.267842 0 0.000106935
5 2.23163 -0.000329971 -0.000363827 0.131922 0 0
6 11.4725 0 0 0.21404 -0.446159 0.442514
7 0.61522 -0.993092 -0.8107 2.90558 0.394414 -0.216419
8 2.24752 0 0 0.74958 0.0234197 -0.0685429
9 1.11936 0 0 -0.057835 0.00922764 -0.738951
10 3.71348 -0.102641 0.102191 1.82628 0.812945 0.439552
11 1.72615 0 0 0.008702 0.00432199 -1.48797
12 1.21114 0 0 0.00791187 0.0157621 -1.07755
13 3.59919 -1.06012 0.0708883 1.55369 0.461867 0.0821355
14 1.66069 0 0 0.00785798 0.0770419 -0.121419
15 1.167 0 0 -0.0253339 0.0308596 -0.378975
16 2.18852 0.50104 0.0576591 1.52634 -0.023807 0.160259
17 1.29609 0 0 0.0124651 0.1762 -0.851858
18 1.62202 0.000714302 -0.000471115 -0.000292825 -0.000350043 -1.40327
19 1.22241 0 0 -0.00965884 0.00464807 -1.28722
20 1.76707 1.27612 0.0366413 1.36121 0.188296 0.112883
21 1.55588 0 0 -0.0194635 0.301151 -0.624639
22 1.24274 0 0 -0.000479002 0.000360994 -1.32485
23 0.784524 0 0 0.004271 0.00619503 -1.0301
24 -1.72731 3.54291 -11.8614 -0.000932693 0 -1.73036
25 6.02794 0 0 1.05528 0.49945 0.232017
26 11.7344 0 0 0.00140271 0 1.69646
27 8.81167 0 0 0.653479 0 0
28 5.77884 0 0 0.437831 0 0
29 2.23249 0 0 0.215648 0 0
30 11.4725 0 0 0.888689 -0.222176 -0.753822
31 0.615813 0.994372 -0.809165 -2.46672 0.237831 0.660584
32 2.24752 0 0 -0.160032 -0.0700478 0.503878
33 1.11936 0 0 -0.0275855 0.130922 0.0242062
34 3.71348 0.102639 0.102191 -2.07905 0.714167 -0.453172
35 1.72615 0 0 -0.0146288 -0.0172615 0.690061
36 1.21112 0 0 0.00829901 0.0154844 1.14365
37 3.5992 1.06012 0.070888 -2.01153 0.694673 -0.505899
38 1.66069 0 0 0.00355166 0.0500323 0.373593
39 1.16699 0 0 -0.00629264 -0.00718831 0.739342
40 2.18853 -0.50104 0.0576596 -1.57004 -0.052162 -0.225938
41 1.29609 0 0 -0.19883 0.156738 0.828595
42 1.62202 -0.000711441 -0.000469208 -0.0437902 0.0524071 1.03978
43 1.22241 0 0 -0.0495141 0.0692884 0.791643
44 1.76707 -1.27612 0.0366406 -1.57004 -0.0711765 -0.261465
45 1.55588 0 0 -0.190246 0.0283806 0.885718
46 1.24273 0 0 0.000478905 0.000360991 1.3195
47 0.784532 0 0 -0.00640515 -0.00340419 0.746433
48 0 0 0 0 0 0
49 6.01906 -18.6397 -2.05479 0.644743 -0.266224 2.98222
50 0 0.596889 0 0 0 0
51 -0.496887 -0.188841 0.28678 0 0 0
52 -0.496891 -0.188823 -0.287058 0 0 0
53 0 -0.188841 -0.573975 0 0 0
54 0.497047 -0.188822 -0.287068 0 0 0
55 0.496964 -0.188841 0.28678 0 0 0
56 0 -0.188823 0.573699 0 0 0
57 4.95983 10.8241 -23.0366 -0.644744 0.266224 -0.159372
58 6.47825 -14.563 -7.28492 0 0 0
59 -0.393922 -2.81691 2.71274 -0.620153 -0.067889 0.0843419
60 0 -1.68027 0.0513668 -0.0776067 0 -3.14159
61 0.13243 -3.80692 0.21937 0 0 -3.14159
62 0.132428 -1.32347 1.10768 0 -0.412163 0
63 0 2.7745 0 0 0 0
64 0 -0.659485 1.09988 0.43295 0 -3.14159
time 4
0 4.9672 7.36018 -10.9454 0.000934124 0 -1.17275
1 6.02794 0 0 -1.51559 0.482867 -0.476682
2 11.7344 0 0 -0.00140283 0 -1.48184
3 8.81138 -0.000450134 -0.000112534 0.537927 0 0.000157374
4 5.77839 0.00028801 0 0.360411 0 0.000108211
5 2.23163 -0.000329971 -0.000364304 0.177516 0 0
6 11.4725 0 0 0.275097 -0.515307 0.633382
7 0.615221 -0.993092 -0.810701 2.90558 0.394414 -0.216419
8 2.24752 0 0 0.74958 0.0234198 -0.0685429
9 1.11936 0 0 -0.0578351 0.00922761 -0.738951
10 3.71348 -0.102641 0.102191 1.82628 0.812945 0.439552
11 1.72615 0 0 0.008702 0.00432193 -1.48797
12 1.21114 0 0 0.00791189 0.0157621 -1.07755
13 3.59919 -1.06012 0.0708873 1.55366 0.465749 0.0820609
14 1.66069 0 0 0.00512056 0.0771403 -0.156727
15 1.16699 0 0 -0.0286762 0.0240253 -0.562022
16 2.18852 0.50104 0.0576591 1.52634 -0.0238071 0.160259
17 1.29609 0 0 0.0124651 0.1762 -0.851858
18 1.62202 0.000715256 -0.000471115 -0.000292785 -0.00035001 -1.40327
19 1.22241 0 0 -0.00965884 0.00464805 -1.28722
20 1.76707 1.27612 0.0366409 1.36121 0.188296 0.112883
21 1.55588 0 0 -0.0194635 0.301151 -0.624638
22 1.24274 0 0 -0.000478987 0.000360996 -1.32485
23 0.784523 0 0 0.00427097 0.00619499 -1.0301
24 -1.72731 5.0898 -11.3791 -0.000932693 0 -1.73036
25 6.02794 0 0 1.09761 0.452188 0.214736
26 11.7344 0 0 0.00140279 0 1.53952
27 8.81167 0 0 0.860866 0 0
28 5.77884 0 0 0.57678 0 0
29 2.23249 0 0 0.284086 0 0
30 11.4725 0 0 1.07142 -0.0330108 -0.865705
31 0.615812 0.994372 -0.809165 -2.46672 0.237831 0.660585
32 2.24752 0 0 -0.160032 -0.0700479 0.503879
33 1.11936 0 0 -0.0275855 0.130922 0.0242063
34 3.71349 0.102639 0.102191 -2.07905 0.714167 -0.453172
35 1.72615 0 0 -0.0146287 -0.0172615 0.690061
36 1.21112 0 0 0.00829908 0.0154844 1.14365
37 3.5992 1.06012 0.070888 -2.01153 0.694673 -0.505899
38 1.66069 0 0 0.00355166 0.0500323 0.373593
39 1.16699 0 0 -0.00629265 -0.0071883 0.739342
40 2.18853 -0.50104 0.0576587 -1.57004 -0.052162 -0.225938
41 1.29609 0 0 -0.19883 0.156738 0.828594
42 1.62201 -0.000715256 -0.000470161 -0.0437902 0.0524071 1.03978
43 1.2224 0 0 -0.0495142 0.0692884 0.791643
44 1.76707 -1.27612 0.0366416 -1.57004 -0.0711766 -0.261465
45 1.55588 0 0 -0.190246 0.0283806 0.885718
46 1.24273 0 0 0.000478883 0.000361011 1.3195
47 0.784531 0 0 -0.00640516 -0.00340416 0.746432
48 0 0 0 0 0 0
49 5.40545 -20.2976 -2.40083 0.361155 -0.439964 3.04992
50 0 0.596889 0 0 0 0
51 -0.496887 -0.188839 0.286781 0 0 0
52 -0.496891 -0.188818 -0.287058 0 0 0
53 0 -0.188841 -0.573975 0 0 0
54 0.497047 -0.18882 -0.287067 0 0 0
55 0.496964 -0.188839 0.286782 0 0 0
56 0 -0.188822 0.5737 0 0 0
57 3.08139 13.911 -13.9699 -0.361155 0.439964 -0.0916742
58 6.47825 -14.563 -7.28492 0 0 0
59 -0.981483 -3.78902 2.8506 -0.32978 -0.159893 0.122275
60 0 -1.63465 0.0514107 -0.119572 0 -3.14159
61 0.132429 -3.80692 0.21937 0 0 -3.14159
62 0.132428 -1.32347 1.10768 0 -0.635035 0
63 0 2.7745 0 0 0 0
64 0 -0.610462 1.14468 0.667063 0 -3.14159
time 5
0 4.9672 8.39623 -9.88124 0.000934124 0 -1.17275
1 6.02795 0 0 -1.50242 0.429829 -0.48821
2 11.7344 0 0 -0.00140279 0 -1.29614
3 8.81138 -0.000451088 -0.00011158 0.566066 0 0.000157081
4 5.77839 0.000287056 0 0.379264 0 0.000108284
5 2.23164 -0.000329018 -0.000363827 0.186802 0 0
6 11.4725 0 0 0.270585 -0.551708 0.662885
7 0.615219 -0.993092 -0.810701 2.90558 0.394414 -0.216419
8 2.24752 0 0 0.74958 0.0234199 -0.068543
9 1.11936 0 0 -0.057835 0.00922767 -0.738951
10 3.71348 -0.10264 0.10219 1.82628 0.812945 0.439552
11 1.72615 0 0 0.00870198 0.00432201 -1.48797
12 1.21113 0 0 0.00791188 0.0157621 -1.07755
13 3.5992 -1.06012 0.0708878 1.55362 0.469833 0.0819824
14 1.66069 0 0 0.00224034 0.0772439 -0.193877
15 1.16699 0 0 -0.032193 0.0168345 -0.754619
16 2.18852 0.50104 0.0576589 1.52634 -0.023807 0.160259
17 1.29609 0 0 0.0124651 0.1762 -0.851858
18 1.62202 0.000713348 -0.000471115 -0.000292743 -0.000349994 -1.40327
19 1.22241 0 0 -0.00965884 0.00464802 -1.28722
20 1.76707 1.27612 0.0366416 1.36121 0.188296 0.112883
21 1.55588 0 0 -0.0194636 0.301151 -0.624639
22 1.24273 0 0 -0.000479032 0.000361008 -1.32485
23 0.784523 0 0 0.00427099 0.00619501 -1.0301
24 -1.72731 6.71739 -10.8716 -0.000932693 0 -1.73036
25 6.02794 0 0 1.13675 0.384432 0.217209
26 11.7344 0 0 0.00140274 0 1.32048
27 8.81167 0 0 0.971655 0 0
28 5.77884 0 0 0.651009 0 0
29 2.23249 0 0 0.320646 0 0
30 11.4725 0 0 1.12031 0.0888993 -0.83155
31 0.615814 0.994372 -0.809165 -2.46672 0.237831 0.660585
32 2.24752 0 0 -0.160032 -0.0700478 0.503879
33 1.11936 0 0 -0.0275855 0.130922 0.024206
34 3.71349 0.102639 0.102191 -2.07905 0.714167 -0.453172
35 1.72615 0 0 -0.0146287 -0.0172615 0.690061
36 1.21112 0 0 0.00829905 0.0154844 1.14365
37 3.5992 1.06012 0.0708876 -2.01153 0.694673 -0.505899
38 1.66069 0 0 0.00355164 0.0500323 0.373593
39 1.16699 0 0 -0.00629268 -0.00718833 0.739342
40 2.18853 -0.50104 0.0576587 -1.57004 -0.052162 -0.225938
41 1.29609 0 0 -0.19883 0.156738 0.828594
42 1.62201 -0.000715256 -0.000469685 -0.0437902 0.0524071 1.03978
43 1.22241 0 0 -0.0495142 0.0692884 0.791643
44 1.76707 -1.27612 0.0366411 -1.57004 -0.0711767 -0.261465
45 1.55588 0 0 -0.190246 0.0283806 0.885718
46 1.24273 0 0 0.000478923 0.000361013 1.3195
47 0.784533 0 0 -0.00640515 -0.00340414 0.746433
48 0 0 0 0 0 0
49 5.06021 -21.3271 -2.62213 0.211092 -0.629976 3.10498
50 0 0.596891 0 0 0 0
51 -0.496886 -0.188839 0.286782 0 0 0
52 -0.49689 -0.188822 -0.287058 0 0 0
53 0 -0.188841 -0.573975 0 0 0
54 0.497048 -0.188822 -0.287067 0 0 0
55 0.496964 -0.188839 0.286782 0 0 0
56 0 -0.18882 0.5737 0 0 0
57 1.89167 14.1961 -8.7488 -0.211092 0.629976 -0.0366154
58 6.47825 -14.563 -7.28492 0 0 0
59 -1.35476 -4.52219 2.96022 -0.173481 -0.195982 0.123073
60 0 -1.59279 0.0514526 -0.158087 0 -3.14159
61 0.132429 -3.80692 0.219371 0 0 -3.14159
62 0.132428 -1.32347 1.10768 0 -0.839589 0
63 0 2.77451 0 0 0 0
64 0 -0.565466 1.18579 0.881935 0 -3.14159
time 6
0 4.9672 9.38091 -8.86984 0.000934124 0 -1.17275
1 6.02794 0 0 -1.50022 0.377057 -0.489432
2 11.7344 0 0 -0.00140281 0 -1.10532
3 8.81138 -0.000450134 -0.000112057 0.536309 0 0.000157964
4 5.77839 0.000286102 0 0.359327 0 0.00010864
5 2.23163 -0.000329018 -0.000364304 0.176982 0 0
6 11.4725 0 0 0.247246 -0.54387 0.629614
7 0.615219 -0.993091 -0.810701 2.90558 0.394414 -0.216419
8 2.24752 0 0 0.74958 0.02342 -0.068543
9 1.11936 0 0 -0.0578351 0.00922764 -0.738951
10 3.71348 -0.102641 0.10219 1.82628 0.812945 0.439552
11 1.72615 0 0 0.008702 0.00432203 -1.48797
12 1.21114 0 0 0.0079119 0.015762 -1.07755
13 3.59919 -1.06012 0.0708878 1.55359 0.473715 0.0819074
14 1.66069 0 0 -0.000496995 0.0773422 -0.229185
15 1.16699 0 0 -0.0355354 0.0100003 -0.937665
16 2.18853 0.50104 0.0576584 1.52634 -0.023807 0.160259
17 1.29609 0 0 0.012465 0.1762 -0.851858
18 1.62202 0.000714302 -0.000471115 -0.000292818 -0.00034996 -1.40327
19 1.22241 0 0 -0.00965883 0.00464807 -1.28722
20 1.76707 1.27612 0.0366406 1.36121 0.188296 0.112882
21 1.55587 0 0 -0.0194635 0.301151 -0.624639
22 1.24273 0 0 -0.000478962 0.000360968 -1.32485
23 0.784523 0 0 0.004271 0.00619499 -1.0301
24 -1.72731 8.26427 -10.3892 -0.000932693 0 -1.73036
25 6.02794 0 0 1.16249 0.295718 0.241142
26 11.7344 0 0 0.00140265 0 1.0661
27 8.81167 0 0 1.02587 0 0
28 5.77884 0 0 0.687334 0 0
29 2.23249 0 0 0.338538 0 0
30 11.4725 0 0 1.12752 0.142462 -0.753598
31 0.615812 0.994372 -0.809165 -2.46672 0.237831 0.660585
32 2.24752 0 0 -0.160032 -0.070048 0.503879
33 1.11936 0 0 -0.0275854 0.130922 0.0242062
34 3.71349 0.102639 0.10219 -2.07905 0.714167 -0.453172
35 1.72615 0 0 -0.0146287 -0.0172615 0.690061
36 1.21112 0 0 0.00829903 0.0154843 1.14365
37 3.5992 1.06012 0.070888 -2.01153 0.694673 -0.505899
38 1.66069 0 0 0.00355169 0.0500323 0.373593
39 1.16699 0 0 -0.00629263 -0.00718834 0.739342
40 2.18853 -0.50104 0.0576591 -1.57004 -0.0521619 -0.225938
41 1.29609 0 0 -0.198831 0.156738 0.828594
42 1.62201 -0.000711441 -0.000470161 -0.0437901 0.0524071 1.03978
43 1.2224 0 0 -0.0495142 0.0692884 0.791643
44 1.76707 -1.27612 0.0366406 -1.57004 -0.0711767 -0.261465
45 1.55587 0 0 -0.190246 0.0283806 0.885718
46 1.24273 0 0 0.000478936 0.000360957 1.3195
47 0.784533 0 0 -0.00640525 -0.00340416 0.746432
48 0 0 0 0 0 0
49 4.93593 -22.0082 -2.74902 0.107215 -0.783243 -3.13233
50 0 0.596888 0 0 0 0
51 -0.496887 -0.188841 0.286781 0 0 0
52 -0.496891 -0.188822 -0.287058 0 0 0
53 0 -0.188841 -0.573975 0 0 0
54 0.497047 -0.188822 -0.287067 0 0 0
55 0.496964 -0.188843 0.286781 0 0 0
56 0 -0.188822 0.5737 0 0 0
57 1.87048 13.9438 -5.49307 -0.107215 0.783243 0.0092645
58 6.47825 -14.563 -7.28492 0 0 0
59 -1.47767 -5.05332 3.05154 -0.0774891 -0.202474 0.100672
60 0 -1.56217 0.0514817 -0.186256 0 -3.14159
61 0.132429 -3.80692 0.21937 0 0 -3.14159
62 0.132428 -1.32347 1.10768 0 -0.989189 0
63 0 2.7745 0 0 0 0
64 0 -0.532562 1.21586 1.03908 0 -3.14159
time 7
0 4.9672 10.2115 -8.01674 0.000934124 0 -1.17275
1 6.02794 0 0 -1.50434 0.314551 -0.486308
2 11.7344 0 0 -0.00140289 0 -0.904392
3 8.81138 -0.000449181 -0.000112057 0.475472 0 0.000157796
4 5.77839 0.000287056 0 0.318566 0 0.000108094
5 2.23163 -0.000329971 -0.000364304 0.156906 0 0
6 11.4725 0 0 0.224068 -0.511064 0.547318
7 0.615219 -0.993091 -0.8107 2.90558 0.394414 -0.216419
8 2.24752 0 0 0.74958 0.0234198 -0.068543
9 1.11936 0 0 -0.0578352 0.00922761 -0.738951
10 3.71348 -0.102641 0.102191 1.82628 0.812945 0.439551
11 1.72615 0 0 0.00870193 0.00432203 -1.48797
12 1.21114 0 0 0.00791189 0.0157621 -1.07755
13 3.59919 -1.06012 0.0708878 1.55356 0.476989 0.0818445
14 1.66069 0 0 -0.00280593 0.0774251 -0.258966
15 1.167 0 0 -0.0383546 0.00423574 -1.09206
16 2.18852 0.50104 0.0576596 1.52634 -0.0238071 0.160259
17 1.29609 0 0 0.012465 0.1762 -0.851858
18 1.62202 0.000712395 -0.000471592 -0.00029277 -0.000350016 -1.40327
19 1.22241 0 0 -0.0096588 0.00464809 -1.28722
20 1.76707 1.27612 0.0366411 1.36121 0.188296 0.112882
21 1.55588 0 0 -0.0194635 0.301151 -0.624639
22 1.24274 0 0 -0.000479025 0.000360975 -1.32485
23 0.784523 0 0 0.00427106 0.00619501 -1.0301
24 -1.72731 9.56904 -9.9824 -0.000932693 0 -1.73036
25 6.02794 0 0 1.17857 0.182058 0.281307
26 11.7344 0 0 0.00140271 0 0.770724
27 8.81167 0 0 1.05504 0 0
28 5.77884 0 0 0.706877 0 0
29 2.23249 0 0 0.348163 0 0
30 11.4725 0 0 1.118 0.150216 -0.63459
31 0.615814 0.994372 -0.809165 -2.46672 0.237831 0.660584
32 2.24752 0 0 -0.160032 -0.0700479 0.503879
33 1.11936 0 0 -0.0275855 0.130922 0.0242063
34 3.71349 0.102639 0.102191 -2.07905 0.714167 -0.453172
35 1.72615 0 0 -0.0146287 -0.0172615 0.690061
36 1.21112 0 0 0.00829903 0.0154844 1.14365
37 3.5992 1.06012 0.0708885 -2.01153 0.694673 -0.505899
38 1.66069 0 0 0.00355168 0.0500323 0.373593
39 1.16699 0 0 -0.00629273 -0.00718822 0.739342
40 2.18853 -0.50104 0.0576591 -1.57004 -0.052162 -0.225938
41 1.29609 0 0 -0.19883 0.156738 0.828594
42 1.62201 -0.000711441 -0.000471115 -0.0437902 0.0524071 1.03978
43 1.2224 0 0 -0.0495142 0.0692884 0.791643
44 1.76707 -1.27612 0.0366411 -1.57004 -0.0711767 -0.261465
45 1.55588 0 0 -0.190245 0.0283806 0.885718
46 1.24273 0 0 0.000478923 0.000361014 1.3195
47 0.784531 0 0 -0.00640523 -0.00340419 0.746433
48 0 0 0 0 0 0
49 4.90412 -22.546 -2.77519 0.0405657 -0.854958 -3.10908
50 0 0.596888 0 0 0 0
51 -0.496887 -0.188843 0.286781 0 0 0
52 -0.496891 -0.188824 -0.287058 0 0 0
53 0 -0.188841 -0.573975 0 0 0
54 0.497047 -0.188822 -0.287068 0 0 0
55 0.496964 -0.188841 0.286781 0 0 0
56 0 -0.188822 0.5737 0 0 0
57 2.62203 13.5557 -3.73826 -0.0405659 0.854958 0.0325128
58 6.47825 -14.563 -7.28492 0 0 0
59 -1.47606 -5.52401 3.1414 -0.0271142 -0.191763 0.0682976
60 0 -1.5503 0.0514936 -0.197178 0 -3.14159
61 0.132429 -3.80692 0.21937 0 0 -3.14159
62 0.132428 -1.32347 1.10768 0 -1.0472 0
63 0 2.7745 0 0 0 0
64 0 -0.519802 1.22752 1.10001 0 -3.14159
time 8
0 4.9672 10.7851 -7.42748 0.000934124 0 -1.17275
1 6.02795 0 0 -1.50996 0.253713 -0.482321
2 11.7344 0 0 -0.00140273 0 -0.728859
3 8.81138 -0.000450134 -0.00011158 0.413263 0 0.000157411
4 5.77839 0.000287056 0 0.276886 0 0.00010753
5 2.23163 -0.000329018 -0.000363827 0.136377 0 0
6 11.4725 0 0 0.206988 -0.47558 0.455214
7 0.615219 -0.993092 -0.810701 2.90558 0.394414 -0.216419
8 2.24752 0 0 0.74958 0.0234198 -0.068543
9 1.11936 0 0 -0.0578351 0.00922768 -0.738951
10 3.71348 -0.102641 0.102191 1.82628 0.812944 0.439551
11 1.72614 0 0 0.00870201 0.004322 -1.48797
12 1.21114 0 0 0.00791181 0.015762 -1.07755
13 3.59919 -1.06012 0.070888 1.55354 0.479251 0.081801
14 1.66068 0 0 -0.00440074 0.0774825 -0.279537
15 1.167 0 0 -0.0403019 0.000254013 -1.19871
16 2.18852 0.501039 0.0576591 1.52634 -0.0238068 0.160259
17 1.29609 0 0 0.012465 0.1762 -0.851858
18 1.62202 0.000715256 -0.000470638 -0.000292787 -0.000349973 -1.40327
19 1.22241 0 0 -0.00965877 0.00464808 -1.28722
20 1.76707 1.27612 0.0366406 1.36121 0.188296 0.112882
21 1.55588 0 0 -0.0194635 0.301151 -0.624638
22 1.24274 0 0 -0.000479034 0.000361011 -1.32485
23 0.784523 0 0 0.00427107 0.00619499 -1.0301
24 -1.72731 10.4703 -9.7014 -0.000932693 0 -1.73036
25 6.02794 0 0 1.18507 0.0523565 0.331492
26 11.7344 0 0 0.00140264 0 0.457006
27 8.81167 0 0 1.07293 0 0
28 5.77884 0 0 0.718865 0 0
29 2.23249 0 0 0.354068 0 0
30 11.4725 0 0 1.10586 0.136802 -0.490691
31 0.615812 0.994372 -0.809165 -2.46672 0.237831 0.660584
32 2.24752 0 0 -0.160032 -0.0700478 0.503879
33 1.11936 0 0 -0.0275856 0.130922 0.0242062
34 3.71349 0.102639 0.102191 -2.07905 0.714167 -0.453172
35 1.72615 0 0 -0.0146287 -0.0172616 0.690061
36 1.21112 0 0 0.00829904 0.0154843 1.14365
37 3.5992 1.06012 0.070888 -2.01153 0.694673 -0.505899
38 1.66069 0 0 0.00355161 0.0500323 0.373593
39 1.16699 0 0 -0.00629265 -0.00718828 0.739342
40 2.18853 -0.50104 0.0576591 -1.57004 -0.0521621 -0.225938
41 1.29609 0 0 -0.19883 0.156738 0.828594
42 1.62201 -0.000711441 -0.000470161 -0.0437902 0.0524072 1.03978
43 1.2224 0 0 -0.0495142 0.0692883 0.791643
44 1.76707 -1.27612 0.0366411 -1.57004 -0.0711768 -0.261465
45 1.55588 0 0 -0.190245 0.0283804 0.885718
46 1.24273 0 0 0.00047894 0.000360963 1.3195
47 0.784532 0 0 -0.00640518 -0.00340414 0.746432
48 0 0 0 0 0 0
49 4.91714 -22.9041 -2.74983 0.0117135 -0.870912 -3.11272
50 0 0.596888 0 0 0 0
51 -0.496887 -0.188843 0.286781 0 0 0
52 -0.496891 -0.188824 -0.287058 0 0 0
53 0 -0.188841 -0.573975 0 0 0
54 0.497047 -0.188826 -0.287067 0 0 0
55 0.496964 -0.188843 0.286781 0 0 0
56 0 -0.188824 0.5737 0 0 0
57 3.54853 13.2556 -3.02286 -0.0117137 0.870912 0.0288709
58 6.47825 -14.563 -7.28492 0 0 0
59 -1.42215 -5.8605 3.2099 -0.00766363 -0.176247 0.0391748
60 0 -1.5503 0.0514932 -0.197178 0 -3.14159
61 0.132429 -3.80691 0.21937 0 0 -3.14159
62 0.132428 -1.32347 1.10768 0 -1.0472 0
63 0 2.7745 0 0 0 0
64 0 -0.5198 1.22752 1.10001 0 -3.14159
time 9
0 4.9672 10.9992 -7.20761 0.000934124 0 -1.17275
1 6.02794 0 0 -1.51271 0.224527 -0.480359
2 11.7344 0 0 -0.00140295 0 -0.649787
3 8.81138 -0.000448227 -0.000112057 0.384172 0 0.000157366
4 5.77839 0.000287056 0 0.257395 0 0.000107396
5 2.23163 -0.000329018 -0.000363827 0.126777 0 0
6 11.4725 0 0 0.199972 -0.459128 0.409744
7 0.615219 -0.993092 -0.8107 2.90558 0.394414 -0.216419
8 2.24752 0 0 0.74958 0.0234197 -0.0685429
9 1.11936 0 0 -0.0578351 0.0092277 -0.738951
10 3.71348 -0.102641 0.102191 1.82628 0.812944 0.439551
11 1.72615 0 0 0.00870201 0.00432204 -1.48797
12 1.21114 0 0 0.00791184 0.0157621 -1.07755
13 3.59919 -1.06012 0.070888 1.55353 0.480095 0.0817848
14 1.66069 0 0 -0.00499581 0.0775038 -0.287212
15 1.167 0 0 -0.0410285 -0.00123168 -1.2385
16 2.18852 0.50104 0.0576587 1.52634 -0.0238071 0.160259
17 1.29609 0 0 0.012465 0.1762 -0.851858
18 1.62202 0.000714302 -0.000470638 -0.000292776 -0.000349963 -1.40327
19 1.22241 0 0 -0.00965881 0.00464803 -1.28722
20 1.76707 1.27612 0.0366409 1.36121 0.188296 0.112882
21 1.55588 0 0 -0.0194636 0.301151 -0.624639
22 1.24274 0 0 -0.000478978 0.000360988 -1.32485
23 0.784522 0 0 0.00427103 0.006195 -1.0301
24 -1.72731 10.8065 -9.59654 -0.000932693 0 -1.73036
25 6.02794 0 0 1.18474 -0.0371422 0.367478
26 11.7344 0 0 0.00140281 0 0.250362
27 8.81167 0 0 1.08202 0 0
28 5.77884 0 0 0.724957 0 0
29 2.23249 0 0 0.357068 0 0
30 11.4725 0 0 1.09994 0.127114 -0.389905
31 0.615814 0.994372 -0.809165 -2.46672 0.237831 0.660584
32 2.24752 0 0 -0.160032 -0.0700478 0.503879
33 1.11936 0 0 -0.0275854 0.130922 0.0242062
34 3.71349 0.102639 0.102191 -2.07905 0.714167 -0.453172
35 1.72615 0 0 -0.0146287 -0.0172615 0.690061
36 1.21112 0 0 0.00829904 0.0154844 1.14365
37 3.5992 1.06012 0.070888 -2.01153 0.694673 -0.505899
38 1.66069 0 0 0.00355158 0.0500323 0.373593
39 1.16699 0 0 -0.00629263 -0.00718836 0.739342
40 2.18853 -0.50104 0.0576591 -1.57004 -0.0521619 -0.225938
41 1.29609 0 0 -0.19883 0.156738 0.828594
42 1.62202 -0.000713348 -0.000469685 -0.0437902 0.0524072 1.03978
43 1.2224 0 0 -0.0495141 0.0692884 0.791643
44 1.76707 -1.27612 0.0366414 -1.57004 -0.0711766 -0.261465
45 1.55588 0 0 -0.190246 0.0283806 0.885718
46 1.24273 0 0 0.000478912 0.000360976 1.3195
47 0.784534 0 0 -0.00640515 -0.00340414 0.746433
48 0 0 0 0 0 0
49 4.93176 -23.0347 -2.72861 0.0044451 0.16832 -3.11506
50 0 0.596889 0 0 0 0
51 -0.496887 -0.188841 0.286781 0 0 0
52 -0.496891 -0.188822 -0.287058 0 0 0
53 0 -0.188839 -0.573975 0 0 0
54 0.497047 -0.18882 -0.287068 0 0 0
55 0.496963 -0.188841 0.286781 0 0 0
56 0 -0.188822 0.5737 0 0 0
57 3.99884 13.1396 -2.88718 -0.00444508 -0.16832 0.0265284
58 6.47825 -14.563 -7.28492 0 0 0
59 -1.38813 -5.98905 3.23715 -0.00444508 -0.16832 0.0265284
60 0 -1.5503 0.0514932 -0.308665 0 -3.14159
61 0.132429 -3.80691 0.21937 0 0 -3.14159
62 0.132429 -1.32347 1.10768 0 0 0
63 0 2.7745 0 0 0 0
64 0 -0.750143 1.01704 0 0 -3.14159
time 10
0 4.9672 10.9992 -7.20761 0.000934124 0 -1.17275
1 6.02794 0 0 -1.50927 0.332915 -0.47547
2 11.7344 0 0 -0.00140272 0 -0.801551
3 8.81138 -0.000449181 -0.00011301 0.291567 0 0.000157256
4 5.77839 0.000287056 0 0.19535 0 0.000106856
5 2.23163 -0.000329018 -0.00036478 0.0962172 0 0
6 11.4725 0 0 0.12733 -0.470609 0.328748
7 0.615218 -0.993091 -0.810701 2.90558 0.394414 -0.216419
8 2.24752 0 0 0.74958 0.02342 -0.068543
9 1.11936 0 0 -0.057835 0.0092276 -0.738951
10 3.71348 -0.102641 0.10219 1.82628 0.812945 0.439552
11 1.72615 0 0 0.00870197 0.004322 -1.48797
12 1.21113 0 0 0.00791186 0.0157621 -1.07755
13 3.59919 -1.06012 0.0708879 1.55353 0.480095 0.0817849
14 1.66069 0 0 -0.00499581 0.0775038 -0.287212
15 1.167 0 0 -0.0410285 -0.00123169 -1.2385
16 2.18853 0.50104 0.0576582 1.52634 -0.023807 0.160259
17 1.29609 0 0 0.0124651 0.1762 -0.851858
18 1.62202 0.000714302 -0.000471592 -0.000292786 -0.00035002 -1.40327
19 1.22241 0 0 -0.00965881 0.00464804 -1.28722
20 1.76707 1.27612 0.036641 1.36121 0.188296 0.112883
21 1.55588 0 0 -0.0194635 0.301151 -0.624638
22 1.24273 0 0 -0.000479009 0.000361003 -1.32485
23 0.784523 0 0 0.004271 0.00619499 -1.0301
24 -1.72731 10.8065 -9.59654 -0.000932693 0 -1.73036
25 6.02794 0 0 1.17501 0.0877361 0.325885
26 11.7344 0 0 0.0014028 0 0.485331
27 8.81167 0 0 0.977288 0 0
28 5.77884 0 0 0.654783 0 0
29 2.23249 0 0 0.322505 0 0
30 11.4725 0 0 1.00406 0.0588355 -0.382699
31 0.615812 0.994372 -0.809165 -2.46672 0.237831 0.660585
32 2.24752 0 0 -0.160032 -0.0700479 0.503879
33 1.11936 0 0 -0.0275855 0.130922 0.0242062
34 3.71348 0.102639 0.102191 -2.07905 0.714167 -0.453172
35 1.72615 0 0 -0.0146287 -0.0172615 0.690061
36 1.21112 0 0 0.00829908 0.0154844 1.14365
37 3.5992 1.06012 0.0708885 -2.01153 0.694673 -0.505899
38 1.66069 0 0 0.00355164 0.0500323 0.373593
39 1.16699 0 0 -0.00629264 -0.00718835 0.739342
40 2.18853 -0.50104 0.0576591 -1.57004 -0.0521619 -0.225938
41 1.29609 0 0 -0.19883 0.156738 0.828594
42 1.62201 -0.000713348 -0.000470161 -0.0437902 0.0524071 1.03978
43 1.2224 0 0 -0.0495141 0.0692884 0.791643
44 1.76707 -1.27612 0.0366411 -1.57004 -0.0711767 -0.261465
45 1.55588 0 0 -0.190246 0.0283805 0.885718
46 1.24273 0 0 0.000478939 0.000360986 1.3195
47 0.784532 0 0 -0.00640516 -0.00340409 0.746432
48 0 0 0 0 0 0
49 5.17544 -22.0403 -2.5263 0.152682 0.0841535 -3.10116
50 0 0.596888 0 0 0 0
51 -0.496887 -0.188843 0.286781 0 0 0
52 -0.496891 -0.188824 -0.287058 0 0 0
53 0 -0.188841 -0.573975 0 0 0
54 0.497048 -0.188826 -0.287067 0 0 0
55 0.496964 -0.188841 0.286781 0 0 0
56 0 -0.188824 0.5737 0 0 0
57 4.19206 13.7149 -8.01041 -0.152682 -0.0841535 0.0404296
58 6.47825 -14.563 -7.28492 0 0 0
59 -1.25199 -5.22059 3.07529 -0.152682 -0.0841535 0.0404296
60 0 -1.5513 0.0514922 -0.307223 0 -3.14159
61 0.132429 -3.80692 0.21937 0 0 -3.14159
62 0.132428 -1.32347 1.10768 0 0 0
63 0 2.77451 0 0 0 0
64 0 -0.750147 1.01704 0 0 -3.14159
time 11
0 4.9672 10.9992 -7.20761 0.000934124 0 -1.17275
1 6.02794 0 0 -1.49856 0.456372 -0.473882
2 11.7344 0 0 -0.00140289 0 -0.957034
3 8.81138 -0.000450134 -0.000112534 0.149596 0 0.000157575
4 5.77839 0.000286102 0 0.10023 0 0.00010629
5 2.23163 -0.000329971 -0.00036335 0.0493668 0 0
6 11.4725 0 0 0.0416367 -0.532319 0.176133
7 0.615219 -0.993093 -0.8107 2.90558 0.394414 -0.216419
8 2.24752 0 0 0.74958 0.0234197 -0.068543
9 1.11936 0 0 -0.0578351 0.0092277 -0.738951
10 3.71348 -0.102642 0.102191 1.82628 0.812945 0.439552
11 1.72615 0 0 0.00870199 0.00432202 -1.48797
12 1.21114 0 0 0.00791189 0.0157621 -1.07755
13 3.59919 -1.06012 0.0708879 1.55353 0.480095 0.0817848
14 1.66069 0 0 -0.00499579 0.0775038 -0.287212
15 1.167 0 0 -0.0410285 -0.00123168 -1.2385
16 2.18852 0.50104 0.0576594 1.52634 -0.023807 0.160259
17 1.29609 0 0 0.0124651 0.1762 -0.851858
18 1.62202 0.000713348 -0.000471115 -0.000292773 -0.000349995 -1.40327
19 1.22241 0 0 -0.00965882 0.00464806 -1.28722
20 1.76707 1.27612 0.0366412 1.36121 0.188296 0.112882
21 1.55588 0 0 -0.0194635 0.301151 -0.624639
22 1.24274 0 0 -0.000479012 0.000360995 -1.32485
23 0.784523 0 0 0.00427101 0.00619501 -1.0301
24 -1.72731 10.8065 -9.59654 -0.000932693 0 -1.73036
25 6.02794 0 0 1.15951 0.199401 0.286607
26 11.7344 0 0 0.00140267 0 0.684285
27 8.81167 0 0 0.840789 0 0
28 5.77884 0 0 0.563329 0 0
29 2.23249 0 0 0.27746 0 0
30 11.4725 0 0 0.860323 0.0058317 -0.284
31 0.61581 0.994372 -0.809165 -2.46672 0.237831 0.660585
32 2.24752 0 0 -0.160032 -0.070048 0.503879
33 1.11936 0 0 -0.0275855 0.130922 0.024206
34 3.71348 0.102639 0.10219 -2.07905 0.714167 -0.453172
35 1.72615 0 0 -0.0146287 -0.0172615 0.690061
36 1.21112 0 0 0.00829905 0.0154844 1.14365
37 3.5992 1.06012 0.070888 -2.01153 0.694673 -0.505899
38 1.66069 0 0 0.00355166 0.0500323 0.373593
39 1.16699 0 0 -0.00629264 -0.00718831 0.739342
40 2.18853 -0.50104 0.0576591 -1.57004 -0.052162 -0.225938
41 1.29609 0 0 -0.198831 0.156738 0.828594
42 1.62202 -0.000713348 -0.000469208 -0.0437901 0.0524071 1.03978
43 1.22241 0 0 -0.0495142 0.0692884 0.791643
44 1.76707 -1.27612 0.0366411 -1.57004 -0.0711765 -0.261465
45 1.55588 0 0 -0.190246 0.0283805 0.885718
46 1.24273 0 0 0.000478983 0.000360994 1.3195
47 0.784532 0 0 -0.00640521 -0.00340416 0.746432
48 0 0 0 0 0 0
49 5.62186 -20.4232 -2.29939 0.364734 -0.0314175 -3.07651
50 0 0.596889 0 0 0 0
51 -0.496887 -0.188841 0.286781 0 0 0
52 -0.496891 -0.188822 -0.287058 0 0 0
53 0 -0.188841 -0.573975 0 0 0
54 0.497047 -0.188824 -0.287067 0 0 0
55 0.496963 -0.188841 0.286781 0 0 0
56 0 -0.188822 0.5737 0 0 0
57 3.01874 13.2851 -15.2008 -0.364734 0.0314174 0.0650788
58 6.47825 -14.563 -7.28492 0 0 0
59 -1.04312 -4.02168 2.86099 -0.364734 0.0314174 0.0650788
60 0 -1.5542 0.0514889 -0.303055 0 -3.14159
61 0.132429 -3.80692 0.219369 0 0 -3.14159
62 0.132429 -1.32347 1.10768 0 0 0
63 0 2.77451 0 0 0 0
64 0 -0.750145 1.01704 0 0 -3.14159
time 12
0 4.9672 10.9992 -7.20761 0.000934124 0 -1.17275
1 6.02794 0 0 -1.49196 0.518428 -0.472145
2 11.7344 0 0 -0.00140273 0 -1.05538
3 8.81138 -0.000450134 -0.000112057 0.131591 0 0.000157556
4 5.77838 0.000286102 0 0.0881663 0 0.000106252
5 2.23163 -0.000329971 -0.000364304 0.0434252 0 0
6 11.4725 0 0 0.0398736 -0.574938 0.132084
7 0.615219 -0.993093 -0.8107 2.90558 0.394414 -0.216419
8 2.24752 0 0 0.74958 0.0234198 -0.068543
9 1.11936 0 0 -0.0578352 0.00922761 -0.738951
10 3.71348 -0.102641 0.102191 1.82628 0.812944 0.439551
11 1.72615 0 0 0.008702 0.004322 -1.48797
12 1.21114 0 0 0.00791188 0.0157621 -1.07755
13 3.59919 -1.06012 0.0708882 1.55353 0.480095 0.0817849
14 1.66069 0 0 -0.00499581 0.0775038 -0.287212
15 1.16699 0 0 -0.0410285 -0.00123167 -1.2385
16 2.18853 0.501039 0.057659 1.52634 -0.023807 0.160259
17 1.29609 0 0 0.0124651 0.1762 -0.851858
18 1.62202 0.000713348 -0.000471115 -0.000292791 -0.000350003 -1.40327
19 1.22241 0 0 -0.00965882 0.00464807 -1.28722
20 1.76707 1.27612 0.0366412 1.36121 0.188296 0.112883
21 1.55588 0 0 -0.0194635 0.301151 -0.624638
22 1.24273 0 0 -0.000479015 0.000361012 -1.32485
23 0.784523 0 0 0.00427101 0.00619499 -1.0301
24 -1.72731 10.8065 -9.59654 -0.000932693 0 -1.73036
25 6.02794 0 0 1.14817 0.254229 0.26698
26 11.7344 0 0 0.00140281 0 0.797854
27 8.81167 0 0 0.808872 0 0
28 5.77884 0 0 0.541944 0 0
29 2.23249 0 0 0.266928 0 0
30 11.4725 0 0 0.825477 0.00367227 -0.259989
31 0.615812 0.994372 -0.809165 -2.46672 0.237831 0.660584
32 2.24752 0 0 -0.160032 -0.0700479 0.503879
33 1.11936 0 0 -0.0275854 0.130922 0.0242062
34 3.71348 0.102639 0.102191 -2.07905 0.714167 -0.453172
35 1.72615 0 0 -0.0146287 -0.0172615 0.690061
36 1.21112 0 0 0.00829905 0.0154844 1.14365
37 3.5992 1.06012 0.0708885 -2.01153 0.694673 -0.505899
38 1.66069 0 0 0.00355167 0.0500323 0.373593
39 1.16699 0 0 -0.00629266 -0.00718832 0.739342
40 2.18853 -0.50104 0.0576591 -1.57004 -0.052162 -0.225938
41 1.29609 0 0 -0.19883 0.156738 0.828594
42 1.62202 -0.000711441 -0.000470161 -0.0437902 0.0524071 1.03978
43 1.22241 0 0 -0.0495141 0.0692884 0.791643
44 1.76707 -1.27612 0.0366416 -1.57004 -0.0711766 -0.261465
45 1.55588 0 0 -0.190246 0.0283805 0.885718
46 1.24273 0 0 0.000478882 0.000360985 1.3195
47 0.784531 0 0 -0.00640511 -0.00340416 0.746432
48 0 0 0 0 0 0
49 5.84282 -19.4565 -2.17878 0.444277 -0.0597338 -3.0518
50 0 0.596888 0 0 0 0
51 -0.496887 -0.188841 0.28678 0 0 0
52 -0.496891 -0.188822 -0.287059 0 0 0
53 0 -0.188841 -0.573976 0 0 0
54 0.497047 -0.188822 -0.287068 0 0 0
55 0.496963 -0.188843 0.28678 0 0 0
56 0 -0.188822 0.5737 0 0 0
57 1.98806 13.0023 -17.7043 -0.444278 0.0597337 0.0897951
58 6.47825 -14.563 -7.28492 0 0 0
59 -0.920077 -3.24029 2.84457 -0.444278 0.0597337 0.0897951
60 0 -1.55882 0.051486 -0.296398 0 -3.14159
61 0.132429 -3.80692 0.219371 0 0 -3.14159
62 0.132429 -1.32347 1.10768 0 0 0
63 0 2.7745 0 0 0 0
64 0 -0.750146 1.01704 0 0 -3.14159
time 13
0 4.9672 10.9992 -7.20761 0.000934124 0 -1.17275
1 6.02794 0 0 -1.48962 0.562789 -0.468156
2 11.7344 0 0 -0.0014029 0 -1.15645
3 8.81138 -0.000450134 -0.000112057 0.206422 0 0.000157573
4 5.77839 0.000287056 0 0.138303 0 0.000106516
5 2.23163 -0.000329018 -0.000363827 0.0681192 0 0
6 11.4725 0 0 0.0815532 -0.591935 0.167971
7 0.615218 -0.993091 -0.8107 2.90558 0.394414 -0.216419
8 2.24752 0 0 0.74958 0.0234196 -0.0685429
9 1.11936 0 0 -0.0578352 0.00922772 -0.738951
10 3.71348 -0.102641 0.102191 1.82628 0.812945 0.439552
11 1.72615 0 0 0.008702 0.004322 -1.48797
12 1.21114 0 0 0.00791189 0.0157621 -1.07755
13 3.59919 -1.06012 0.070888 1.55353 0.480095 0.0817849
14 1.66069 0 0 -0.00499586 0.0775038 -0.287213
15 1.167 0 0 -0.0410285 -0.00123166 -1.2385
16 2.18852 0.50104 0.0576591 1.52634 -0.023807 0.160259
17 1.29609 0 0 0.0124651 0.1762 -0.851858
18 1.62202 0.000714302 -0.000471115 -0.000292767 -0.000350009 -1.40327
19 1.22241 0 0 -0.00965882 0.00464805 -1.28722
20 1.76707 1.27612 0.0366409 1.36121 0.188296 0.112882
21 1.55588 0 0 -0.0194636 0.301151 -0.624639
22 1.24273 0 0 -0.000479 0.000361004 -1.32485
23 0.784523 0 0 0.00427099 0.00619499 -1.0301
24 -1.72731 10.8065 -9.59654 -0.000932693 0 -1.73036
25 6.02794 0 0 1.13587 0.294664 0.253882
26 11.7344 0 0 0.0014027 0 0.90172
27 8.81167 0 0 0.837725 0 0
28 5.77884 0 0 0.561275 0 0
29 2.23249 0 0 0.276449 0 0
30 11.4725 0 0 0.85929 0.0108105 -0.302412
31 0.615813 0.994372 -0.809165 -2.46672 0.237831 0.660585
32 2.24752 0 0 -0.160032 -0.0700479 0.503879
33 1.11936 0 0 -0.0275854 0.130922 0.0242062
34 3.71348 0.10264 0.10219 -2.07905 0.714167 -0.453172
35 1.72615 0 0 -0.0146288 -0.0172615 0.690061
36 1.21112 0 0 0.00829909 0.0154844 1.14365
37 3.5992 1.06012 0.070888 -2.01153 0.694673 -0.505899
38 1.66069 0 0 0.00355164 0.0500323 0.373593
39 1.16699 0 0 -0.00629265 -0.00718832 0.739342
40 2.18853 -0.50104 0.0576591 -1.57004 -0.0521621 -0.225938
41 1.29609 0 0 -0.19883 0.156738 0.828595
42 1.62202 -0.000713348 -0.000470638 -0.0437902 0.0524071 1.03978
43 1.2224 0 0 -0.0495141 0.0692884 0.791643
44 1.76707 -1.27612 0.0366411 -1.57004 -0.0711767 -0.261465
45 1.55588 0 0 -0.190246 0.0283805 0.885718
46 1.24273 0 0 0.000478905 0.000360967 1.3195
47 0.784532 0 0 -0.00640516 -0.00340412 0.746432
48 0 0 0 0 0 0
49 5.9194 -18.8055 -2.04446 0.449476 -0.0350275 -3.02275
50 0 0.596888 0 0 0 0
51 -0.496887 -0.188841 0.286781 0 0 0
52 -0.496891 -0.188822 -0.287057 0 0 0
53 0 -0.188839 -0.573975 0 0 0
54 0.497048 -0.188822 -0.287067 0 0 0
55 0.496964 -0.188841 0.286782 0 0 0
56 0 -0.188822 0.573699 0 0 0
57 1.50844 13.4917 -17.7577 -0.449476 0.0350275 0.118842
58 6.47825 -14.563 -7.28492 0 0 0
59 -0.83477 -2.60345 2.96758 -0.449476 0.0350275 0.118842
60 0 -1.565 0.0514793 -0.287488 0 -3.14159
61 0.132429 -3.80692 0.21937 0 0 -3.14159
62 0.132428 -1.32347 1.10768 0 0 0
63 0 2.77451 0 0 0 0
64 0 -0.750144 1.01704 0 0 -3.14159
time 14
0 4.9672 10.9992 -7.20761 0.000934124 0 -1.17275
1 6.02794 0 0 -1.48983 0.591402 -0.464138
2 11.7344 0 0 -0.00140279 0 -1.25036
3 8.81138 -0.000449181 -0.000112057 0.323802 0 0.000156988
4 5.77839 0.000287056 0 0.216947 0 0.000106717
5 2.23163 -0.000329018 -0.000363827 0.106855 0 0
6 11.4725 0 0 0.142733 -0.596291 0.249221
7 0.61522 -0.993092 -0.8107 2.90558 0.394414 -0.216419
8 2.24752 0 0 0.74958 0.0234199 -0.068543
9 1.11936 0 0 -0.057835 0.00922771 -0.738951
10 3.71348 -0.102642 0.102191 1.82628 0.812945 0.439551
11 1.72615 0 0 0.008702 0.00432201 -1.48797
12 1.21114 0 0 0.00791191 0.0157621 -1.07755
13 3.59919 -1.06012 0.0708879 1.55353 0.480095 0.0817849
14 1.66069 0 0 -0.00499584 0.0775038 -0.287213
15 1.167 0 0 -0.0410285 -0.00123168 -1.2385
16 2.18852 0.50104 0.0576584 1.52634 -0.023807 0.160259
17 1.29609 0 0 0.0124651 0.1762 -0.851858
18 1.62202 0.000714302 -0.000471592 -0.000292784 -0.000349999 -1.40327
19 1.22241 0 0 -0.00965881 0.00464805 -1.28722
20 1.76707 1.27612 0.0366411 1.36121 0.188296 0.112882
21 1.55588 0 0 -0.0194635 0.301151 -0.624638
22 1.24274 0 0 -0.000479001 0.000361002 -1.32485
23 0.784523 0 0 0.004271 0.006195 -1.0301
24 -1.72731 10.8065 -9.59654 -0.000932693 0 -1.73036
25 6.02794 0 0 1.12456 0.32279 0.245726
26 11.7344 0 0 0.00140268 0 0.992362
27 8.81167 0 0 0.897489 0 0
28 5.77884 0 0 0.601317 0 0
29 2.23249 0 0 0.296171 0 0
30 11.4725 0 0 0.929368 0.0250359 -0.379106
31 0.615812 0.994372 -0.809165 -2.46672 0.237831 0.660585
32 2.24752 0 0 -0.160032 -0.0700478 0.503878
33 1.11936 0 0 -0.0275855 0.130922 0.0242062
34 3.71349 0.102639 0.10219 -2.07905 0.714167 -0.453172
35 1.72615 0 0 -0.0146287 -0.0172615 0.690061
36 1.21112 0 0 0.00829907 0.0154844 1.14365
37 3.5992 1.06012 0.070888 -2.01153 0.694673 -0.505899
38 1.66069 0 0 0.00355165 0.0500323 0.373593
39 1.16699 0 0 -0.00629263 -0.00718833 0.739342
40 2.18853 -0.50104 0.0576587 -1.57004 -0.0521619 -0.225938
41 1.29609 0 0 -0.19883 0.156738 0.828594
42 1.62201 -0.000715256 -0.000470161 -0.0437902 0.0524071 1.03978
43 1.22241 0 0 -0.0495142 0.0692884 0.791643
44 1.76707 -1.27612 0.0366406 -1.57004 -0.0711767 -0.261465
45 1.55588 0 0 -0.190246 0.0283806 0.885718
46 1.24273 0 0 0.000478914 0.000361002 1.3195
47 0.784532 0 0 -0.00640516 -0.00340414 0.746432
48 0 0 0 0 0 0
49 5.9194 -18.3811 -1.89917 0.413078 0.0187577 -2.99254
50 0 0.596891 0 0 0 0
51 -0.496887 -0.188839 0.286781 0 0 0
52 -0.496891 -0.188822 -0.287058 0 0 0
53 0 -0.188839 -0.573976 0 0 0
54 0.497047 -0.188822 -0.287068 0 0 0
55 0.496963 -0.188839 0.286781 0 0 0
56 0 -0.188822 0.5737 0 0 0
57 1.267 14.4348 -16.423 -0.413078 -0.0187578 0.149055
58 6.47825 -14.563 -7.28492 0 0 0
59 -0.776485 -2.08939 3.17379 -0.413078 -0.0187578 0.149055
60 0 -1.57259 0.0514717 -0.276564 0 -3.14159
61 0.132429 -3.80691 0.219369 0 0 -3.14159
62 0.132428 -1.32347 1.10768 0 0 0
63 0 2.7745 0 0 0 0
64 0 -0.750143 1.01704 0 0 -3.14159
time 15
0 4.9672 10.9992 -7.20761 0.000934124 0 -1.17275
1 6.02794 0 0 -1.49046 0.606231 -0.461691
2 11.7344 0 0 -0.00140279 0 -1.32604
3 8.81138 -0.000450134 -0.000112057 0.434871 0 0.000157505
4 5.77839 0.000286102 0 0.291364 0 0.00010765
5 2.23163 -0.000329971 -0.000364304 0.143508 0 0
6 11.4725 0 0 0.205149 -0.601496 0.336138
7 0.615218 -0.993092 -0.8107 2.90558 0.394414 -0.216419
8 2.24752 0 0 0.74958 0.0234199 -0.068543
9 1.11936 0 0 -0.0578351 0.00922761 -0.738951
10 3.71348 -0.102641 0.102191 1.82628 0.812945 0.439552
11 1.72615 0 0 0.008702 0.00432197 -1.48797
12 1.21114 0 0 0.00791189 0.0157621 -1.07755
13 3.59919 -1.06012 0.0708878 1.55353 0.480095 0.0817848
14 1.66069 0 0 -0.00499579 0.0775038 -0.287212
15 1.167 0 0 -0.0410285 -0.00123168 -1.2385
16 2.18852 0.50104 0.0576591 1.52634 -0.0238071 0.160259
17 1.29609 0 0 0.0124651 0.1762 -0.851858
18 1.62202 0.000715256 -0.000471592 -0.000292784 -0.000349999 -1.40327
19 1.22241 0 0 -0.0096588 0.00464805 -1.28722
20 1.76707 1.27612 0.0366411 1.36121 0.188296 0.112883
21 1.55588 0 0 -0.0194635 0.301151 -0.624638
22 1.24273 0 0 -0.000478995 0.000361004 -1.32485
23 0.784523 0 0 0.004271 0.006195 -1.0301
24 -1.72731 10.8065 -9.59654 -0.000932693 0 -1.73036
25 6.02794 0 0 1.11636 0.339731 0.241298
26 11.7344 0 0 0.00140261 0 1.06367
27 8.81167 0 0 0.961605 0 0
28 5.77884 0 0 0.644275 0 0
29 2.23249 0 0 0.31733 0 0
30 11.4725 0 0 1.00407 0.0460543 -0.455081
31 0.615812 0.994372 -0.809165 -2.46672 0.237831 0.660585
32 2.24752 0 0 -0.160032 -0.0700479 0.503879
33 1.11936 0 0 -0.0275856 0.130922 0.0242061
34 3.71349 0.102639 0.102191 -2.07905 0.714167 -0.453172
35 1.72615 0 0 -0.0146287 -0.0172615 0.690061
36 1.21112 0 0 0.00829905 0.0154844 1.14365
37 3.5992 1.06012 0.070888 -2.01153 0.694673 -0.505899
38 1.66069 0 0 0.00355166 0.0500323 0.373593
39 1.16699 0 0 -0.00629264 -0.00718834 0.739342
40 2.18853 -0.50104 0.0576596 -1.57004 -0.052162 -0.225938
41 1.29609 0 0 -0.19883 0.156738 0.828595
42 1.62201 -0.000715256 -0.000469208 -0.0437901 0.0524071 1.03978
43 1.2224 0 0 -0.0495142 0.0692884 0.791643
44 1.76707 -1.27612 0.0366416 -1.57004 -0.0711768 -0.261465
45 1.55588 0 0 -0.190246 0.0283805 0.885718
46 1.24273 0 0 0.00047892 0.00036101 1.3195
47 0.784531 0 0 -0.00640518 -0.00340414 0.746432
48 0 0 0 0 0 0
49 5.90544 -18.0799 -1.75307 0.367834 0.0776784 -2.96432
50 0 0.596891 0 0 0 0
51 -0.496887 -0.188841 0.286781 0 0 0
52 -0.496891 -0.18882 -0.287058 0 0 0
53 0 -0.188839 -0.573976 0 0 0
54 0.497048 -0.18882 -0.287068 0 0 0
55 0.496964 -0.188839 0.28678 0 0 0
56 0 -0.18882 0.573699 0 0 0
57 0.944988 15.3351 -14.7264 -0.367834 -0.0776785 0.17727
58 6.47825 -14.563 -7.28492 0 0 0
59 -0.73451 -1.67637 3.40696 -0.367834 -0.0776785 0.17727
60 0 -1.58141 0.0514622 -0.263862 0 -3.14159
61 0.132429 -3.80692 0.219369 0 0 -3.14159
62 0.132428 -1.32347 1.10768 0 0 0
63 0 2.77451 0 0 0 0
64 0 -0.750145 1.01704 0 0 -3.14159
time 16
0 4.9672 10.9992 -7.20761 0.000934124 0 -1.17275
1 6.02794 0 0 -1.49042 0.614648 -0.460573
2 11.7344 0 0 -0.00140282 0 -1.37799
3 8.81138 -0.000450134 -0.000112057 0.506364 0 0.000157653
4 5.77839 0.000285149 0 0.339264 0 0.000108285
5 2.23163 -0.000329971 -0.000364304 0.1671 0 0
6 11.4725 0 0 0.251866 -0.610429 0.38671
7 0.615218 -0.993092 -0.8107 2.90558 0.394414 -0.216419
8 2.24752 0 0 0.74958 0.0234198 -0.0685429
9 1.11936 0 0 -0.0578351 0.00922763 -0.738951
10 3.71348 -0.10264 0.102191 1.82628 0.812945 0.439552
11 1.72615 0 0 0.00870196 0.00432198 -1.48797
12 1.21114 0 0 0.0079119 0.0157621 -1.07755
13 3.59919 -1.06012 0.0708885 1.55353 0.480095 0.0817848
14 1.66069 0 0 -0.00499581 0.0775038 -0.287212
15 1.167 0 0 -0.0410285 -0.00123167 -1.2385
16 2.18852 0.50104 0.0576589 1.52634 -0.023807 0.160259
17 1.29609 0 0 0.0124651 0.1762 -0.851858
18 1.62202 0.000713348 -0.000471115 -0.000292789 -0.000349994 -1.40327
19 1.22241 0 0 -0.00965882 0.00464805 -1.28722
20 1.76707 1.27612 0.0366416 1.36121 0.188296 0.112883
21 1.55588 0 0 -0.0194636 0.301151 -0.624638
22 1.24273 0 0 -0.000479007 0.000361013 -1.32485
23 0.784523 0 0 0.00427102 0.006195 -1.0301
24 -1.72731 10.8065 -9.59654 -0.000932693 0 -1.73036
25 6.02794 0 0 1.11135 0.348897 0.239124
26 11.7344 0 0 0.00140266 0 1.1112
27 8.81167 0 0 1.0058 0 0
28 5.77884 0 0 0.673887 0 0
29 2.23249 0 0 0.331915 0 0
30 11.4725 0 0 1.05358 0.0622364 -0.49756
31 0.615813 0.994372 -0.809164 -2.46672 0.237831 0.660585
32 2.24752 0 0 -0.160032 -0.0700478 0.503879
33 1.11936 0 0 -0.0275855 0.130922 0.0242061
34 3.71349 0.102639 0.102191 -2.07905 0.714167 -0.453172
35 1.72615 0 0 -0.0146287 -0.0172615 0.690061
36 1.21112 0 0 0.00829909 0.0154844 1.14365
37 3.5992 1.06012 0.070888 -2.01153 0.694673 -0.505899
38 1.66069 0 0 0.00355167 0.0500323 0.373593
39 1.16699 0 0 -0.00629263 -0.00718829 0.739342
40 2.18853 -0.50104 0.0576591 -1.57004 -0.052162 -0.225938
41 1.29609 0 0 -0.19883 0.156738 0.828595
42 1.62202 -0.000713348 -0.000469208 -0.0437902 0.0524071 1.03978
43 1.22241 0 0 -0.0495141 0.0692884 0.791643
44 1.76707 -1.27612 0.0366411 -1.57004 -0.0711767 -0.261465
45 1.55587 0 0 -0.190246 0.0283806 0.885718
46 1.24273 0 0 0.000478871 0.000360947 1.3195
47 0.784531 0 0 -0.00640515 -0.00340415 0.746432
48 0 0 0 0 0 0
49 5.91436 -17.8021 -1.59699 0.346492 0.117791 -2.94127
50 0 0.596889 0 0 0 0
51 -0.496888 -0.188839 0.286781 0 0 0
52 -0.496891 -0.188822 -0.287059 0 0 0
53 0 -0.188841 -0.573975 0 0 0
54 0.497047 -0.188824 -0.287068 0 0 0
55 0.496963 -0.188839 0.28678 0 0 0
56 0 -0.188822 0.5737 0 0 0
57 0.557003 15.8407 -13.8008 -0.346492 -0.117791 0.200322
58 6.47825 -14.563 -7.28492 0 0 0
59 -0.698133 -1.34264 3.61087 -0.346492 -0.117791 0.200322
60 0 -1.5913 0.0514536 -0.249619 0 -3.14159
61 0.132429 -3.80692 0.219369 0 0 -3.14159
62 0.132428 -1.32347 1.10768 0 0 0
63 0 2.7745 0 0 0 0
64 0 -0.750145 1.01704 0 0 -3.14159
time 17
0 4.9672 10.9992 -7.20761 0.000934124 0 -1.17275
1 6.02794 0 0 -1.49039 0.624602 -0.459233
2 11.7344 0 0 -0.00140287 0 -1.41368
3 8.81138 -0.000449181 -0.000112057 0.544352 0 0.000157254
4 5.77839 0.000287056 0 0.364716 0 0.000108201
5 2.23163 -0.000329018 -0.000363827 0.179636 0 0
6 11.4725 0 0 0.283913 -0.616813 0.399687
7 0.615218 -0.993092 -0.8107 2.90558 0.394414 -0.216419
8 2.24752 0 0 0.74958 0.0234198 -0.068543
9 1.11936 0 0 -0.0578353 0.00922768 -0.738951
10 3.71348 -0.102641 0.102191 1.82628 0.812945 0.439552
11 1.72615 0 0 0.00870199 0.00432206 -1.48797
12 1.21114 0 0 0.00791191 0.0157621 -1.07755
13 3.59919 -1.06012 0.0708883 1.55353 0.480095 0.0817848
14 1.66069 0 0 -0.00499584 0.0775038 -0.287212
15 1.167 0 0 -0.0410285 -0.00123164 -1.2385
16 2.18852 0.50104 0.0576589 1.52634 -0.0238071 0.160259
17 1.29609 0 0 0.0124651 0.1762 -0.851858
18 1.62202 0.000713348 -0.000470638 -0.000292763 -0.000349991 -1.40327
19 1.22241 0 0 -0.0096588 0.00464804 -1.28722
20 1.76707 1.27612 0.0366409 1.36121 0.188296 0.112882
21 1.55588 0 0 -0.0194636 0.301151 -0.624639
22 1.24273 0 0 -0.000479012 0.000361005 -1.32485
23 0.784523 0 0 0.00427101 0.00619501 -1.0301
24 -1.72731 10.8065 -9.59654 -0.000932693 0 -1.73036
25 6.02794 0 0 1.10619 0.356901 0.237686
26 11.7344 0 0 0.00140276 0 1.14282
27 8.81167 0 0 1.03148 0 0
28 5.77884 0 0 0.69109 0 0
29 2.23249 0 0 0.340388 0 0
30 11.4725 0 0 1.08045 0.0659637 -0.509805
31 0.615812 0.994371 -0.809165 -2.46672 0.237831 0.660584
32 2.24752 0 0 -0.160032 -0.0700478 0.503879
33 1.11936 0 0 -0.0275855 0.130922 0.0242061
34 3.71348 0.102639 0.10219 -2.07905 0.714167 -0.453172
35 1.72615 0 0 -0.0146287 -0.0172615 0.690061
36 1.21112 0 0 0.00829901 0.0154844 1.14365
37 3.5992 1.06012 0.0708885 -2.01153 0.694673 -0.505899
38 1.66069 0 0 0.00355165 0.0500323 0.373593
39 1.16699 0 0 -0.00629265 -0.00718836 0.739342
40 2.18853 -0.50104 0.0576587 -1.57004 -0.052162 -0.225938
41 1.29609 0 0 -0.19883 0.156738 0.828595
42 1.62202 -0.000713348 -0.000471115 -0.0437902 0.0524071 1.03978
43 1.22241 0 0 -0.0495141 0.0692884 0.791643
44 1.76707 -1.27612 0.0366406 -1.57004 -0.0711767 -0.261465
45 1.55588 0 0 -0.190246 0.0283805 0.885718
46 1.24273 0 0 0.000478949 0.000360975 1.3195
47 0.784531 0 0 -0.00640518 -0.00340414 0.746432
48 0 0 0 0 0 0
49 5.94196 -17.5285 -1.48015 0.348816 0.139704 -2.92432
50 0 0.596889 0 0 0 0
51 -0.496887 -0.188839 0.286781 0 0 0
52 -0.496891 -0.188822 -0.287058 0 0 0
53 0 -0.188839 -0.573975 0 0 0
54 0.497047 -0.188822 -0.287067 0 0 0
55 0.496964 -0.188841 0.286782 0 0 0
56 0 -0.188822 0.5737 0 0 0
57 0.292795 16.0506 -13.7277 -0.348816 -0.139704 0.217274
58 6.47825 -14.563 -7.28492 0 0 0
59 -0.656638 -1.06644 3.72927 -0.348816 -0.139704 0.217274
60 0 -1.60209 0.0514441 -0.234072 0 -3.14159
61 0.132429 -3.80691 0.21937 0 0 -3.14159
62 0.132428 -1.32347 1.10768 0 0 0
63 0 2.7745 0 0 0 0
64 0 -0.750146 1.01704 0 0 -3.14159
time 18
0 4.9672 10.9992 -7.20761 0.000934124 0 -1.17275
1 6.02794 0 0 -1.49103 0.634207 -0.457514
2 11.7344 0 0 -0.00140277 0 -1.43748
3 8.81138 -0.000450134 -0.000112057 0.571223 0 0.00015719
4 5.77839 0.000287056 0 0.382719 0 0.000108364
5 2.23164 -0.000329018 -0.000364304 0.188504 0 0
6 11.4725 0 0 0.312641 -0.618453 0.400555
7 0.615219 -0.993092 -0.810701 2.90558 0.394414 -0.216419
8 2.24752 0 0 0.74958 0.0234199 -0.068543
9 1.11936 0 0 -0.0578351 0.00922761 -0.738951
10 3.71348 -0.10264 0.10219 1.82628 0.812945 0.439552
11 1.72615 0 0 0.00870202 0.00432195 -1.48797
12 1.21114 0 0 0.00791185 0.0157621 -1.07755
13 3.59919 -1.06012 0.070888 1.55354 0.47968 0.0817927
14 1.66069 0 0 -0.00470356 0.0774934 -0.283443
15 1.167 0 0 -0.0406717 -0.00050207 -1.21896
16 2.18852 0.50104 0.0576594 1.52634 -0.0238071 0.160259
17 1.29609 0 0 0.0124651 0.1762 -0.851858
18 1.62202 0.000713348 -0.000471115 -0.000292789 -0.000349994 -1.40327
19 1.22241 0 0 -0.0096588 0.00464804 -1.28722
20 1.76707 1.27612 0.0366414 1.36121 0.188296 0.112882
21 1.55588 0 0 -0.0194636 0.301151 -0.624639
22 1.24274 0 0 -0.000478989 0.000360994 -1.32485
23 0.784524 0 0 0.00427101 0.00619499 -1.0301
24 -1.72731 10.8065 -9.59654 -0.000932693 0 -1.73036
25 6.02794 0 0 1.10023 0.364178 0.237201
26 11.7344 0 0 0.00140267 0 1.16224
27 8.81167 0 0 1.05612 0 0
28 5.77884 0 0 0.707603 0 0
29 2.23249 0 0 0.348521 0 0
30 11.4725 0 0 1.10468 0.0642687 -0.511558
31 0.615813 0.994372 -0.809164 -2.46672 0.237831 0.660585
32 2.24752 0 0 -0.160032 -0.0700479 0.503879
33 1.11936 0 0 -0.0275855 0.130922 0.0242061
34 3.71349 0.102639 0.102192 -2.07905 0.714167 -0.453172
35 1.72615 0 0 -0.0146287 -0.0172616 0.690061
36 1.21112 0 0 0.00829905 0.0154844 1.14365
37 3.5992 1.06012 0.0708885 -2.01153 0.694673 -0.505899
38 1.66069 0 0 0.00355166 0.0500323 0.373593
39 1.16699 0 0 -0.00629264 -0.0071883 0.739342
40 2.18853 -0.50104 0.0576591 -1.57004 -0.0521619 -0.225938
41 1.29609 0 0 -0.198831 0.156738 0.828594
42 1.62201 -0.000711441 -0.000469685 -0.0437901 0.0524071 1.03978
43 1.2224 0 0 -0.0495141 0.0692884 0.791643
44 1.76707 -1.27612 0.0366421 -1.57004 -0.0711767 -0.261465
45 1.55587 0 0 -0.190246 0.0283805 0.885718
46 1.24273 0 0 0.000478878 0.00036098 1.3195
47 0.784532 0 0 -0.00640521 -0.00340414 0.746433
48 0 0 0 0 0 0
49 5.96265 -17.3459 -1.44663 0.352924 0.1595 -2.91155
50 0 0.596891 0 0 0 0
51 -0.496888 -0.188841 0.286781 0 0 0
52 -0.496891 -0.188822 -0.287058 0 0 0
53 0 -0.188839 -0.573975 0 0 0
54 0.497047 -0.188822 -0.287067 0 0 0
55 0.496963 -0.188839 0.286781 0 0 0
56 0 -0.18882 0.5737 0 0 0
57 0.15405 16.1688 -13.7955 -0.352924 -0.1595 0.230046
58 6.47825 -14.563 -7.28492 0 0 0
59 -0.617084 -0.884293 3.76135 -0.352924 -0.1595 0.230046
60 0 -1.61363 0.0514326 -0.217458 0 -3.14159
61 0.132429 -3.80692 0.219371 0 0 -3.14159
62 0.132428 -1.32347 1.10768 0 0 0
63 0 2.77451 0 0 0 0
64 0 -0.750145 1.01704 0 0 -3.14159
time 19
0 4.9672 10.9992 -7.20761 0.000934124 0 -1.17275
1 6.02794 0 0 -1.49219 0.639279 -0.456104
2 11.7344 0 0 -0.0014028 0 -1.44527
3 8.81138 -0.000450134 -0.000112534 0.588556 0 0.000157184
4 5.77839 0.000285149 0 0.394333 0 0.000108403
5 2.23164 -0.000329971 -0.000364304 0.194224 0 0
6 11.4725 0 0 0.337598 -0.617179 0.389247
7 0.615219 -0.993092 -0.8107 2.90558 0.394414 -0.216419
8 2.24752 0 0 0.74958 0.02342 -0.068543
9 1.11936 0 0 -0.0578351 0.00922764 -0.738951
10 3.71348 -0.102642 0.102192 1.82628 0.812945 0.439552
11 1.72615 0 0 0.00870201 0.00432204 -1.48797
12 1.21114 0 0 0.00791189 0.0157621 -1.07755
13 3.59919 -1.06012 0.0708883 1.55355 0.478527 0.081815
14 1.66069 0 0 -0.00389003 0.0774641 -0.27295
15 1.167 0 0 -0.0396783 0.00152903 -1.16456
16 2.18852 0.501039 0.0576591 1.52634 -0.0238071 0.160259
17 1.29609 0 0 0.0124651 0.1762 -0.851858
18 1.62202 0.000713348 -0.000471115 -0.000292774 -0.00035 -1.40327
19 1.22241 0 0 -0.00965879 0.00464803 -1.28722
20 1.76707 1.27612 0.0366416 1.36121 0.188296 0.112882
21 1.55588 0 0 -0.0194635 0.301151 -0.624639
22 1.24273 0 0 -0.000479001 0.000361013 -1.32485
23 0.784523 0 0 0.004271 0.006195 -1.0301
24 -1.72731 10.8065 -9.59654 -0.000932693 0 -1.73036
25 6.02794 0 0 1.09579 0.367482 0.238232
26 11.7344 0 0 0.00140276 0 1.16568
27 8.81167 0 0 1.07866 0 0
28 5.77884 0 0 0.722704 0 0
29 2.23249 0 0 0.355959 0 0
30 11.4725 0 0 1.12461 0.0602338 -0.501655
31 0.615812 0.994371 -0.809165 -2.46672 0.237831 0.660585
32 2.24752 0 0 -0.160032 -0.070048 0.503879
33 1.11936 0 0 -0.0275855 0.130922 0.0242062
34 3.71349 0.102639 0.102192 -2.07905 0.714167 -0.453172
35 1.72615 0 0 -0.0146287 -0.0172615 0.690061
36 1.21112 0 0 0.00829907 0.0154844 1.14365
37 3.5992 1.06012 0.070889 -2.01153 0.694673 -0.505899
38 1.66069 0 0 0.00355165 0.0500323 0.373593
39 1.16699 0 0 -0.00629267 -0.00718833 0.739342
40 2.18853 -0.50104 0.0576596 -1.57004 -0.0521619 -0.225938
41 1.29609 0 0 -0.19883 0.156738 0.828594
42 1.62202 -0.000713348 -0.000470161 -0.0437902 0.0524071 1.03978
43 1.2224 0 0 -0.0495142 0.0692884 0.791643
44 1.76707 -1.27612 0.0366421 -1.57004 -0.0711768 -0.261465
45 1.55587 0 0 -0.190246 0.0283806 0.885718
46 1.24273 0 0 0.00047889 0.000360923 1.3195
47 0.784532 0 0 -0.00640519 -0.00340416 0.746432
48 0 0 0 0 0 0
49 5.96952 -17.2776 -1.45064 0.359102 0.176451 -2.90183
50 0 0.596888 0 0 0 0
51 -0.496887 -0.188843 0.286782 0 0 0
52 -0.496892 -0.188822 -0.287057 0 0 0
53 0 -0.188841 -0.573974 0 0 0
54 0.497048 -0.188822 -0.287067 0 0 0
55 0.496964 -0.188841 0.286781 0 0 0
56 0 -0.18882 0.5737 0 0 0
57 0.0927467 16.1618 -13.9704 -0.359102 -0.176451 0.239765
58 6.47825 -14.563 -7.28492 0 0 0
59 -0.589448 -0.820912 3.75196 -0.359102 -0.176451 0.239765
60 0 -1.62574 0.0514202 -0.200015 0 -3.14159
61 0.132429 -3.80692 0.219369 0 0 -3.14159
62 0.132428 -1.32347 1.10768 0 0 0
63 0 2.77451 0 0 0 0
64 0 -0.750146 1.01704 0 0 -3.14159
time 20
0 4.9672 10.9992 -7.20761 0.000934124 0 -1.17275
1 6.02794 0 0 -1.49366 0.641663 -0.454882
2 11.7344 0 0 -0.00140293 0 -1.44238
3 8.81138 -0.000450134 -0.00011158 0.598578 0 0.00015703
4 5.77839 0.000286102 0 0.401047 0 0.000108277
5 2.23163 -0.000329971 -0.000363827 0.197531 0 0
6 11.4725 0 0 0.358538 -0.614406 0.36889
7 0.615219 -0.993091 -0.810701 2.90558 0.394414 -0.216419
8 2.24752 0 0 0.74958 0.0234199 -0.0685429
9 1.11936 0 0 -0.0578351 0.00922756 -0.738951
10 3.71348 -0.10264 0.10219 1.82628 0.812945 0.439551
11 1.72615 0 0 0.00870194 0.00432206 -1.48797
12 1.21114 0 0 0.00791192 0.0157621 -1.07755
13 3.59919 -1.06012 0.0708878 1.55356 0.476768 0.0818488
14 1.66069 0 0 -0.00265006 0.0774195 -0.256955
15 1.167 0 0 -0.0381642 0.00462497 -1.08164
16 2.18852 0.50104 0.0576587 1.52634 -0.023807 0.160259
17 1.29609 0 0 0.0124651 0.1762 -0.851858
18 1.62202 0.000714302 -0.000471115 -0.000292799 -0.000349982 -1.40327
19 1.22241 0 0 -0.00965885 0.00464806 -1.28722
20 1.76707 1.27612 0.0366409 1.36121 0.188296 0.112882
21 1.55588 0 0 -0.0194635 0.301151 -0.624638
22 1.24274 0 0 -0.000478989 0.000361004 -1.32485
23 0.784523 0 0 0.00427099 0.00619501 -1.0301
24 -1.72731 10.8065 -9.59654 -0.000932693 0 -1.73036
25 6.02794 0 0 1.09251 0.368049 0.240291
26 11.7344 0 0 0.00140265 0 1.158
27 8.81167 0 0 1.09784 0 0
28 5.77884 0 0 0.735555 0 0
29 2.23249 0 0 0.362288 0 0
30 11.4725 0 0 1.13981 0.0546845 -0.482974
31 0.615812 0.994372 -0.809165 -2.46672 0.237831 0.660585
32 2.24752 0 0 -0.160032 -0.0700479 0.503879
33 1.11936 0 0 -0.0275856 0.130922 0.0242062
34 3.71349 0.102639 0.102191 -2.07905 0.714167 -0.453172
35 1.72615 0 0 -0.0146287 -0.0172614 0.690061
36 1.21112 0 0 0.00829905 0.0154844 1.14365
37 3.5992 1.06012 0.0708885 -2.01153 0.694673 -0.505899
38 1.66069 0 0 0.00355166 0.0500323 0.373593
39 1.16699 0 0 -0.00629264 -0.00718834 0.739342
40 2.18853 -0.50104 0.0576587 -1.57004 -0.052162 -0.225938
41 1.29609 0 0 -0.19883 0.156738 0.828594
42 1.62202 -0.000713348 -0.000469685 -0.0437902 0.0524071 1.03978
43 1.22241 0 0 -0.0495141 0.0692884 0.791643
44 1.76707 -1.27612 0.0366411 -1.57004 -0.0711767 -0.261465
45 1.55587 0 0 -0.190246 0.0283806 0.885718
46 1.24273 0 0 0.000478885 0.000361038 1.3195
47 0.784531 0 0 -0.00640516 -0.00340417 0.746433
48 0 0 0 0 0 0
49 5.97202 -17.2828 -1.47896 0.367635 0.189827 -2.89403
50 0 0.596889 0 0 0 0
51 -0.496886 -0.188839 0.286782 0 0 0
52 -0.496891 -0.188822 -0.287058 0 0 0
53 0 -0.188841 -0.573975 0 0 0
54 0.497048 -0.188822 -0.287067 0 0 0
55 0.496964 -0.188839 0.286781 0 0 0
56 0 -0.18882 0.5737 0 0 0
57 0.0766802 16.0577 -14.2511 -0.367635 -0.189827 0.247558
58 6.47825 -14.563 -7.28492 0 0 0
59 -0.56741 -0.83682 3.7133 -0.367635 -0.189827 0.247558
60 0 -1.63826 0.0514078 -0.181979 0 -3.14159
61 0.132429 -3.80692 0.21937 0 0 -3.14159
62 0.132428 -1.32347 1.10768 0 0 0
63 0 2.7745 0 0 0 0
64 0 -0.750145 1.01704 0 0 -3.14159
time 21
0 4.9672 10.9992 -7.20761 0.000934124 0 -1.17275
1 6.02794 0 0 -1.49524 0.642828 -0.45376
2 11.7344 0 0 -0.00140282 0 -1.43347
3 8.81138 -0.000450134 -0.000112534 0.603013 0 0.000157658
4 5.77839 0.000286102 0 0.404019 0 0.000108804
5 2.23163 -0.000329971 -0.00036335 0.198994 0 0
6 11.4725 0 0 0.375321 -0.611566 0.342266
7 0.615219 -0.993092 -0.8107 2.90558 0.394414 -0.216419
8 2.24752 0 0 0.74958 0.02342 -0.0685429
9 1.11936 0 0 -0.0578351 0.00922765 -0.738951
10 3.71348 -0.102642 0.102191 1.82628 0.812944 0.439551
11 1.72615 0 0 0.00870202 0.00432201 -1.48797
12 1.21114 0 0 0.0079119 0.0157621 -1.07755
13 3.59919 -1.06012 0.0708871 1.55358 0.474539 0.0818916
14 1.66069 0 0 -0.00107829 0.0773631 -0.236682
15 1.167 0 0 -0.0362451 0.00854908 -0.976533
16 2.18852 0.50104 0.0576591 1.52634 -0.023807 0.160259
17 1.29609 0 0 0.0124651 0.1762 -0.851858
18 1.62202 0.000715256 -0.000470638 -0.000292728 -0.00035002 -1.40327
19 1.22241 0 0 -0.00965888 0.00464808 -1.28722
20 1.76707 1.27612 0.0366411 1.36121 0.188296 0.112883
21 1.55587 0 0 -0.0194635 0.301151 -0.624639
22 1.24274 0 0 -0.000478999 0.000361015 -1.32485
23 0.784523 0 0 0.00427101 0.00619499 -1.0301
24 -1.72731 10.8065 -9.59654 -0.000932693 0 -1.73036
25 6.02794 0 0 1.09002 0.366973 0.242934
26 11.7344 0 0 0.00140265 0 1.14386
27 8.81167 0 0 1.1125 0 0
28 5.77884 0 0 0.745377 0 0
29 2.23249 0 0 0.367126 0 0
30 11.4725 0 0 1.14988 0.0484442 -0.458288
31 0.615812 0.994371 -0.809165 -2.46672 0.237831 0.660585
32 2.24752 0 0 -0.160032 -0.0700478 0.503879
33 1.11936 0 0 -0.0275856 0.130922 0.0242062
34 3.71348 0.102638 0.102191 -2.07905 0.714167 -0.453172
35 1.72615 0 0 -0.0146287 -0.0172615 0.690061
36 1.21112 0 0 0.00829907 0.0154844 1.14365
37 3.5992 1.06012 0.0708876 -2.01153 0.694673 -0.505899
38 1.66069 0 0 0.00355163 0.0500323 0.373593
39 1.16699 0 0 -0.00629264 -0.00718832 0.739342
40 2.18853 -0.501041 0.0576582 -1.57004 -0.0521619 -0.225938
41 1.29609 0 0 -0.198831 0.156738 0.828595
42 1.62202 -0.000713348 -0.000469685 -0.0437902 0.0524071 1.03978
43 1.2224 0 0 -0.0495142 0.0692884 0.791643
44 1.76707 -1.27612 0.0366402 -1.57004 -0.0711766 -0.261466
45 1.55588 0 0 -0.190246 0.0283805 0.885718
46 1.24273 0 0 0.000478927 0.000360971 1.3195
47 0.784533 0 0 -0.00640513 -0.00340411 0.746432
48 0 0 0 0 0 0
49 5.97967 -17.3207 -1.51839 0.378807 0.198898 -2.88704
50 0 0.596893 0 0 0 0
51 -0.496887 -0.188839 0.28678 0 0 0
52 -0.49689 -0.188822 -0.287058 0 0 0
53 0 -0.188839 -0.573976 0 0 0
54 0.497048 -0.18882 -0.287068 0 0 0
55 0.496964 -0.188839 0.28678 0 0 0
56 0 -0.18882 0.573699 0 0 0
57 0.0724578 15.883 -14.6368 -0.378807 -0.198898 0.254551
58 6.47825 -14.563 -7.28492 0 0 0
59 -0.544645 -0.89253 3.65757 -0.378807 -0.198898 0.254551
60 0 -1.65103 0.0513954 -0.163588 0 -3.14159
61 0.132429 -3.80691 0.21937 0 0 -3.14159
62 0.132428 -1.32347 1.10768 0 0 0
63 0 2.7745 0 0 0 0
64 0 -0.750145 1.01704 0 0 -3.14159
time 22
0 4.9672 10.9992 -7.20761 0.000934124 0 -1.17275
1 6.02794 0 0 -1.49674 0.64425 -0.452661
2 11.7344 0 0 -0.00140275 0 -1.42318
3 8.81138 -0.000450134 -0.00011301 0.603345 0 0.000157658
4 5.77839 0.000286102 0 0.404241 0 0.000108787
5 2.23163 -0.000329018 -0.000364304 0.199104 0 0
6 11.4725 0 0 0.387934 -0.610127 0.312046
7 0.615219 -0.993092 -0.8107 2.90558 0.394414 -0.216419
8 2.24752 0 0 0.74958 0.0234197 -0.0685429
9 1.11936 0 0 -0.0578351 0.00922777 -0.738951
10 3.71348 -0.102641 0.102192 1.82628 0.812945 0.439552
11 1.72615 0 0 0.00870195 0.00432198 -1.48797
12 1.21114 0 0 0.00791189 0.0157621 -1.07755
13 3.59919 -1.06012 0.0708885 1.5536 0.471974 0.0819411
14 1.66069 0 0 0.000730438 0.0772981 -0.213352
15 1.167 0 0 -0.0340366 0.0130648 -0.855586
16 2.18852 0.501039 0.0576599 1.52634 -0.0238072 0.160259
17 1.29609 0 0 0.0124651 0.1762 -0.851858
18 1.62201 0.000714302 -0.000470161 -0.000292757 -0.000349986 -1.40327
19 1.22241 0 0 -0.00965879 0.00464803 -1.28722
20 1.76707 1.27612 0.0366411 1.36121 0.188296 0.112883
21 1.55588 0 0 -0.0194635 0.301151 -0.624639
22 1.24274 0 0 -0.000479006 0.000361 -1.32485
23 0.784523 0 0 0.00427102 0.00619499 -1.0301
24 -1.72731 10.8065 -9.59654 -0.000932693 0 -1.73036
25 6.02794 0 0 1.08789 0.365384 0.24568
26 11.7344 0 0 0.00140255 0 1.12798
27 8.81167 0 0 1.12168 0 0
28 5.77884 0 0 0.751523 0 0
29 2.23249 0 0 0.370153 0 0
30 11.4725 0 0 1.15446 0.042363 -0.430335
31 0.615813 0.994372 -0.809165 -2.46672 0.237831 0.660585
32 2.24752 0 0 -0.160032 -0.0700479 0.503879
33 1.11936 0 0 -0.0275855 0.130922 0.0242063
34 3.71349 0.102639 0.102192 -2.07905 0.714167 -0.453172
35 1.72615 0 0 -0.0146287 -0.0172615 0.690061
36 1.21112 0 0 0.00829903 0.0154844 1.14365
37 3.5992 1.06012 0.0708876 -2.01153 0.694673 -0.505899
38 1.66069 0 0 0.00355165 0.0500323 0.373593
39 1.16699 0 0 -0.00629264 -0.00718828 0.739342
40 2.18853 -0.50104 0.0576591 -1.57004 -0.052162 -0.225938
41 1.29609 0 0 -0.19883 0.156738 0.828595
42 1.62201 -0.000711441 -0.000469685 -0.0437902 0.0524071 1.03978
43 1.22241 0 0 -0.0495142 0.0692884 0.791643
44 1.76707 -1.27612 0.0366411 -1.57004 -0.0711767 -0.261465
45 1.55588 0 0 -0.190246 0.0283806 0.885718
46 1.24273 0 0 0.000478961 0.000361013 1.3195
47 0.784531 0 0 -0.00640515 -0.00340415 0.746433
48 0 0 0 0 0 0
49 6.00207 -17.3504 -1.55583 0.392903 0.202934 -2.87972
50 0 0.596886 0 0 0 0
51 -0.496887 -0.188843 0.286781 0 0 0
52 -0.496891 -0.188822 -0.287058 0 0 0
53 0 -0.188841 -0.573975 0 0 0
54 0.497047 -0.188826 -0.287066 0 0 0
55 0.496963 -0.188841 0.286781 0 0 0
56 0 -0.188824 0.5737 0 0 0
57 0.0448327 15.6621 -15.1264 -0.392903 -0.202934 0.26187
58 6.47825 -14.563 -7.28492 0 0 0
59 -0.514831 -0.948568 3.597 -0.392903 -0.202934 0.26187
60 0 -1.66388 0.051384 -0.145078 0 -3.14159
61 0.132429 -3.80692 0.219371 0 0 -3.14159
62 0.132428 -1.32347 1.10768 0 0 0
63 0 2.7745 0 0 0 0
64 0 -0.750145 1.01704 0 0 -3.14159
time 23
0 4.9672 10.9992 -7.20761 0.000934124 0 -1.17275
1 6.02794 0 0 -1.49751 0.646865 -0.451865
2 11.7344 0 0 -0.00140291 0 -1.41712
3 8.81138 -0.000448227 -0.00011301 0.605028 0 0.000156567
4 5.77839 0.000286102 0 0.405369 0 0.000108079
5 2.23163 -0.000329971 -0.000364304 0.199659 0 0
6 11.4725 0 0 0.396397 -0.61498 0.287394
7 0.615219 -0.993092 -0.8107 2.90558 0.394414 -0.216419
8 2.24752 0 0 0.74958 0.0234197 -0.0685429
9 1.11936 0 0 -0.057835 0.0092278 -0.738951
10 3.71348 -0.102641 0.10219 1.82628 0.812944 0.439551
11 1.72615 0 0 0.00870204 0.00432202 -1.48797
12 1.21114 0 0 0.00791196 0.0157621 -1.07755
13 3.59919 -1.06012 0.0708876 1.55363 0.469208 0.0819943
14 1.66068 0 0 0.00268135 0.077228 -0.188189
15 1.167 0 0 -0.0316545 0.0179354 -0.725132
16 2.18852 0.50104 0.057658 1.52634 -0.0238072 0.160259
17 1.29609 0 0 0.012465 0.1762 -0.851858
18 1.62202 0.000714302 -0.000470161 -0.00029277 -0.000350016 -1.40327
19 1.22241 0 0 -0.00965883 0.00464808 -1.28722
20 1.76707 1.27612 0.0366409 1.36121 0.188296 0.112883
21 1.55588 0 0 -0.0194636 0.301151 -0.624639
22 1.24273 0 0 -0.000479005 0.00036101 -1.32485
23 0.784523 0 0 0.00427102 0.006195 -1.0301
24 -1.72731 10.8065 -9.59654 -0.000932693 0 -1.73036
25 6.02794 0 0 1.08608 0.364498 0.247699
26 11.7344 0 0 0.00140274 0 1.11649
27 8.81167 0 0 1.12614 0 0
28 5.77884 0 0 0.754513 0 0
29 2.23249 0 0 0.371626 0 0
30 11.4725 0 0 1.15497 0.0420033 -0.406299
31 0.615812 0.994372 -0.809165 -2.46672 0.237831 0.660584
32 2.24752 0 0 -0.160032 -0.0700478 0.503878
33 1.11936 0 0 -0.0275856 0.130922 0.0242061
34 3.71349 0.10264 0.102191 -2.07905 0.714167 -0.453172
35 1.72615 0 0 -0.0146287 -0.0172615 0.690061
36 1.21112 0 0 0.00829908 0.0154844 1.14365
37 3.5992 1.06012 0.0708876 -2.01153 0.694673 -0.505899
38 1.66069 0 0 0.00355165 0.0500323 0.373593
39 1.16699 0 0 -0.00629268 -0.00718833 0.739342
40 2.18853 -0.50104 0.0576591 -1.57004 -0.0521619 -0.225938
41 1.29609 0 0 -0.19883 0.156738 0.828594
42 1.62201 -0.000713348 -0.000470161 -0.0437902 0.0524071 1.03978
43 1.22241 0 0 -0.0495141 0.0692884 0.791643
44 1.76707 -1.27612 0.0366421 -1.57004 -0.0711766 -0.261465
45 1.55587 0 0 -0.190246 0.0283806 0.885718
46 1.24273 0 0 0.000478908 0.000360994 1.3195
47 0.784532 0 0 -0.00640514 -0.00340412 0.746432
48 0 0 0 0 0 0
49 6.05532 -17.3416 -1.58738 0.405087 0.201797 -2.86935
50 0 0.596888 0 0 0 0
51 -0.496887 -0.188842 0.286781 0 0 0
52 -0.496891 -0.188821 -0.287058 0 0 0
53 0 -0.188841 -0.573975 0 0 0
54 0.497048 -0.188822 -0.287067 0 0 0
55 0.496964 -0.188842 0.286781 0 0 0
56 0 -0.188823 0.5737 0 0 0
57 -0.134367 15.4601 -15.5591 -0.405087 -0.201797 0.272241
58 6.47825 -14.563 -7.28492 0 0 0
59 -0.471644 -0.965453 3.54378 -0.405087 -0.201797 0.272241
60 0 -1.67666 0.0513706 -0.126686 0 -3.14159
61 0.132429 -3.80692 0.21937 0 0 -3.14159
62 0.132428 -1.32347 1.10768 0 0 0
63 0 2.7745 0 0 0 0
64 0 -0.750144 1.01704 0 0 -3.14159
time 24
0 4.9672 10.9992 -7.20761 0.000934124 0 -1.17275
1 6.02794 0 0 -1.49766 0.65108 -0.451242
2 11.7344 0 0 -0.00140284 0 -1.416
3 8.81138 -0.000450134 -0.000112534 0.609373 0 0.000157336
4 5.77839 0.000286102 0 0.40828 0 0.000108595
5 2.23163 -0.000329971 -0.000363827 0.201093 0 0
6 11.4725 0 0 0.401026 -0.626799 0.270652
7 0.615219 -0.993092 -0.8107 2.90558 0.394414 -0.216419
8 2.24752 0 0 0.74958 0.0234198 -0.0685429
9 1.11936 0 0 -0.0578351 0.00922772 -0.738951
10 3.71348 -0.10264 0.102192 1.82628 0.812945 0.439552
11 1.72615 0 0 0.00870199 0.00432202 -1.48797
12 1.21114 0 0 0.00791191 0.0157621 -1.07755
13 3.59919 -1.06012 0.070888 1.55365 0.466374 0.0820487
14 1.66069 0 0 0.00467961 0.0771562 -0.162414
15 1.167 0 0 -0.0292146 0.0229244 -0.591509
16 2.18852 0.50104 0.0576603 1.52634 -0.0238071 0.160259
17 1.29609 0 0 0.012465 0.1762 -0.851858
18 1.62202 0.000714302 -0.000471115 -0.000292805 -0.000349929 -1.40327
19 1.22241 0 0 -0.00965879 0.00464803 -1.28722
20 1.76707 1.27612 0.0366414 1.36121 0.188296 0.112883
21 1.55588 0 0 -0.0194636 0.301151 -0.624639
22 1.24273 0 0 -0.000479011 0.000361006 -1.32485
23 0.784523 0 0 0.00427098 0.00619501 -1.0301
24 -1.72731 10.8065 -9.59654 -0.000932693 0 -1.73036
25 6.02794 0 0 1.08428 0.364696 0.24894
26 11.7344 0 0 0.00140271 0 1.10993
27 8.81167 0 0 1.12719 0 0
28 5.77884 0 0 0.755216 0 0
29 2.23249 0 0 0.371972 0 0
30 11.4725 0 0 1.15269 0.0486195 -0.387853
31 0.615812 0.994372 -0.809165 -2.46672 0.237831 0.660584
32 2.24751 0 0 -0.160032 -0.0700479 0.503879
33 1.11936 0 0 -0.0275854 0.130922 0.0242062
34 3.71349 0.10264 0.102192 -2.07905 0.714167 -0.453172
35 1.72615 0 0 -0.0146287 -0.0172615 0.690061
36 1.21112 0 0 0.00829904 0.0154844 1.14365
37 3.5992 1.06012 0.0708885 -2.01153 0.694673 -0.505899
38 1.66069 0 0 0.00355166 0.0500323 0.373593
39 1.16699 0 0 -0.00629266 -0.00718832 0.739342
40 2.18853 -0.50104 0.0576591 -1.57004 -0.052162 -0.225938
41 1.29609 0 0 -0.19883 0.156738 0.828594
42 1.62202 -0.000715256 -0.000470161 -0.0437902 0.0524071 1.03978
43 1.22241 0 0 -0.0495142 0.0692884 0.791643
44 1.76707 -1.27612 0.0366421 -1.57004 -0.0711766 -0.261465
45 1.55587 0 0 -0.190246 0.0283805 0.885718
46 1.24273 0 0 0.000479023 0.000360998 1.3195
47 0.784532 0 0 -0.00640513 -0.00340417 0.746432
48 0 0 0 0 0 0
49 6.14772 -17.305 -1.62465 0.413069 0.195982 -2.85562
50 0 0.596889 0 0 0 0
51 -0.496888 -0.18884 0.286782 0 0 0
52 -0.496891 -0.188821 -0.287058 0 0 0
53 0 -0.18884 -0.573974 0 0 0
54 0.497047 -0.188822 -0.287067 0 0 0
55 0.496963 -0.18884 0.286782 0 0 0
56 0 -0.18882 0.573701 0 0 0
57 -0.487974 15.29 -15.8727 -0.413069 -0.195982 0.285976
58 6.47825 -14.563 -7.28492 0 0 0
59 -0.408589 -0.949344 3.49028 -0.413069 -0.195982 0.285976
60 0 -1.68918 0.0513582 -0.10865 0 -3.14159
61 0.13243 -3.80691 0.219369 0 0 -3.14159
62 0.132428 -1.32347 1.10768 0 0 0
63 0 2.77451 0 0 0 0
64 0 -0.750145 1.01704 0 0 -3.14159
time 25
0 4.9672 10.9992 -7.20761 0.000934124 0 -1.17275
1 6.02794 0 0 -1.49804 0.65597 -0.450409
2 11.7344 0 0 -0.00140273 0 -1.41441
3 8.81138 -0.000450134 -0.000112057 0.611085 0 0.000156852
4 5.77839 0.000286102 0 0.409427 0 0.000108337
5 2.23164 -0.000329971 -0.00036335 0.201658 0 0
6 11.4725 0 0 0.402131 -0.641043 0.253184
7 0.615219 -0.993091 -0.810701 2.90558 0.394414 -0.216419
8 2.24752 0 0 0.74958 0.0234198 -0.0685428
9 1.11936 0 0 -0.0578351 0.00922772 -0.738951
10 3.71348 -0.102641 0.102191 1.82628 0.812945 0.439552
11 1.72615 0 0 0.00870202 0.00432193 -1.48797
12 1.21114 0 0 0.00791187 0.0157621 -1.07755
13 3.59919 -1.06012 0.070888 1.55368 0.463608 0.0821021
14 1.66069 0 0 0.00663051 0.0770861 -0.137251
15 1.167 0 0 -0.0268326 0.0277951 -0.461054
16 2.18852 0.50104 0.0576594 1.52634 -0.0238071 0.160259
17 1.29609 0 0 0.012465 0.1762 -0.851858
18 1.62202 0.000714302 -0.000471115 -0.000292786 -0.000349952 -1.40327
19 1.22241 0 0 -0.00965879 0.00464803 -1.28722
20 1.76707 1.27612 0.0366411 1.36121 0.188296 0.112883
21 1.55588 0 0 -0.0194636 0.301151 -0.624638
22 1.24273 0 0 -0.000478995 0.000361009 -1.32485
23 0.784523 0 0 0.00427099 0.006195 -1.0301
24 -1.72731 10.8065 -9.59654 -0.000932693 0 -1.73036
25 6.02794 0 0 1.08229 0.364665 0.250489
26 11.7344 0 0 0.00140269 0 1.10216
27 8.81167 0 0 1.12458 0 0
28 5.77884 0 0 0.753471 0 0
29 2.23249 0 0 0.371113 0 0
30 11.4725 0 0 1.1467 0.0570936 -0.36826
31 0.615813 0.994372 -0.809165 -2.46672 0.237831 0.660585
32 2.24752 0 0 -0.160032 -0.0700478 0.503879
33 1.11936 0 0 -0.0275855 0.130922 0.0242062
34 3.71349 0.102639 0.102192 -2.07905 0.714167 -0.453172
35 1.72615 0 0 -0.0146287 -0.0172615 0.690061
36 1.21112 0 0 0.00829901 0.0154844 1.14365
37 3.5992 1.06012 0.0708876 -2.01153 0.694673 -0.505899
38 1.66069 0 0 0.00355166 0.0500323 0.373593
39 1.16699 0 0 -0.00629266 -0.00718835 0.739342
40 2.18853 -0.50104 0.0576591 -1.57004 -0.0521621 -0.225938
41 1.29609 0 0 -0.19883 0.156738 0.828595
42 1.62202 -0.000711441 -0.000470638 -0.0437902 0.0524071 1.03978
43 1.2224 0 0 -0.0495141 0.0692884 0.791643
44 1.76707 -1.27612 0.0366402 -1.57004 -0.0711767 -0.261465
45 1.55588 0 0 -0.190246 0.0283806 0.885718
46 1.24273 0 0 0.000478944 0.000360943 1.3195
47 0.784532 0 0 -0.00640518 -0.00340414 0.746432
48 0 0 0 0 0 0
49 6.27048 -17.2646 -1.67474 0.420953 0.185712 -2.84102
50 0 0.596889 0 0 0 0
51 -0.496887 -0.188841 0.286781 0 0 0
52 -0.496891 -0.188823 -0.287057 0 0 0
53 0 -0.188841 -0.573975 0 0 0
54 0.497048 -0.188822 -0.287067 0 0 0
55 0.496963 -0.188842 0.286781 0 0 0
56 0 -0.188823 0.5737 0 0 0
57 -0.90005 15.0905 -16.2075 -0.420953 -0.185712 0.300576
58 6.47825 -14.563 -7.28492 0 0 0
59 -0.325707 -0.932851 3.42245 -0.420953 -0.185712 0.300576
60 0 -1.70129 0.0513468 -0.091207 0 -3.14159
61 0.13243 -3.80691 0.21937 0 0 -3.14159
62 0.132428 -1.32347 1.10768 0 0 0
63 0 2.7745 0 0 0 0
64 0 -0.750146 1.01704 0 0 -3.14159
time 26
0 4.9672 10.9992 -7.20761 0.000934124 0 -1.17275
1 6.02794 0 0 -1.49914 0.661666 -0.449059
2 11.7344 0 0 -0.00140281 0 -1.41131
3 8.81138 -0.000449181 -0.000112534 0.6059 0 0.000156947
4 5.77839 0.000287056 0 0.405953 0 0.000108288
5 2.23163 -0.000329018 -0.000363827 0.199947 0 0
6 11.4725 0 0 0.399986 -0.653539 0.229806
7 0.615218 -0.993092 -0.8107 2.90558 0.394414 -0.216419
8 2.24752 0 0 0.74958 0.0234199 -0.068543
9 1.11936 0 0 -0.0578351 0.00922768 -0.738951
10 3.71348 -0.10264 0.102191 1.82628 0.812945 0.439552
11 1.72615 0 0 0.00870203 0.00432198 -1.48797
12 1.21114 0 0 0.00791186 0.0157621 -1.07755
13 3.59919 -1.06012 0.0708888 1.5537 0.461043 0.0821515
14 1.66069 0 0 0.00843921 0.077021 -0.113922
15 1.16699 0 0 -0.0246241 0.0323108 -0.340107
16 2.18852 0.50104 0.0576594 1.52634 -0.023807 0.160259
17 1.29609 0 0 0.0124651 0.1762 -0.851858
18 1.62202 0.000714302 -0.000471115 -0.000292762 -0.000350049 -1.40327
19 1.22241 0 0 -0.00965887 0.00464804 -1.28722
20 1.76707 1.27612 0.0366416 1.36121 0.188296 0.112883
21 1.55587 0 0 -0.0194636 0.301151 -0.624639
22 1.24274 0 0 -0.000478998 0.000361025 -1.32485
23 0.784523 0 0 0.00427101 0.006195 -1.0301
24 -1.72731 10.8065 -9.59654 -0.000932693 0 -1.73036
25 6.02794 0 0 1.07984 0.364193 0.252733
26 11.7344 0 0 0.00140272 0 1.09194
27 8.81167 0 0 1.11731 0 0
28 5.77884 0 0 0.748598 0 0
29 2.23249 0 0 0.368712 0 0
30 11.4725 0 0 1.13602 0.0625344 -0.344458
31 0.615811 0.994372 -0.809164 -2.46672 0.237831 0.660585
32 2.24752 0 0 -0.160032 -0.0700478 0.503879
33 1.11936 0 0 -0.0275855 0.130922 0.0242062
34 3.71348 0.102639 0.102192 -2.07905 0.714167 -0.453172
35 1.72615 0 0 -0.0146287 -0.0172615 0.690061
36 1.21112 0 0 0.00829912 0.0154844 1.14365
37 3.5992 1.06012 0.0708876 -2.01153 0.694673 -0.505899
38 1.66069 0 0 0.00355165 0.0500323 0.373593
39 1.16699 0 0 -0.00629271 -0.00718837 0.739342
40 2.18853 -0.50104 0.0576591 -1.57004 -0.0521621 -0.225938
41 1.29609 0 0 -0.19883 0.156738 0.828595
42 1.62202 -0.000713348 -0.000470161 -0.0437901 0.0524072 1.03978
43 1.2224 0 0 -0.0495141 0.0692884 0.791643
44 1.76707 -1.27612 0.0366421 -1.57004 -0.0711767 -0.261465
45 1.55587 0 0 -0.190245 0.0283805 0.885718
46 1.24273 0 0 0.000478957 0.000361058 1.3195
47 0.784532 0 0 -0.00640527 -0.0034042 0.746433
48 0 0 0 0 0 0
49 6.41135 -17.2123 -1.72854 0.432846 0.171213 -2.82805
50 0 0.596889 0 0 0 0
51 -0.496887 -0.188839 0.286781 0 0 0
52 -0.496891 -0.188821 -0.287058 0 0 0
53 0 -0.188841 -0.573974 0 0 0
54 0.497047 -0.188821 -0.287066 0 0 0
55 0.496963 -0.18884 0.286781 0 0 0
56 0 -0.188822 0.573701 0 0 0
57 -1.2604 14.8332 -16.6853 -0.432846 -0.171213 0.313543
58 6.47825 -14.563 -7.28492 0 0 0
59 -0.226485 -0.916164 3.34287 -0.432846 -0.171213 0.313543
60 0 -1.71282 0.0513363 -0.0745933 0 -3.14159
61 0.132429 -3.80692 0.219371 0 0 -3.14159
62 0.132428 -1.32347 1.10768 0 0 0
63 0 2.7745 0 0 0 0
64 0 -0.750146 1.01704 0 0 -3.14159
time 27
0 4.9672 10.9992 -7.20761 0.000934124 0 -1.17275
1 6.02794 0 0 -1.50148 0.668189 -0.446924
2 11.7344 0 0 -0.00140279 0 -1.40556
3 8.81138 -0.000449181 -0.000112057 0.589119 0 0.000157281
4 5.77839 0.00028801 0 0.39471 0 0.000108493
5 2.23163 -0.000329018 -0.000364304 0.194409 0 0
6 11.4725 0 0 0.394869 -0.660287 0.195402
7 0.615219 -0.993091 -0.8107 2.90558 0.394414 -0.216419
8 2.24752 0 0 0.74958 0.0234199 -0.0685431
9 1.11936 0 0 -0.0578351 0.00922766 -0.738951
10 3.71348 -0.102641 0.102191 1.82628 0.812945 0.439552
11 1.72615 0 0 0.00870198 0.00432193 -1.48797
12 1.21114 0 0 0.00791183 0.0157621 -1.07755
13 3.59919 -1.06012 0.0708883 1.55372 0.458814 0.0821942
14 1.66069 0 0 0.010011 0.0769646 -0.0936484
15 1.167 0 0 -0.022705 0.0362348 -0.235004
16 2.18852 0.501039 0.0576589 1.52634 -0.0238071 0.160259
17 1.29609 0 0 0.0124651 0.1762 -0.851858
18 1.62202 0.000714302 -0.000470161 -0.000292768 -0.000349995 -1.40327
19 1.22241 0 0 -0.00965878 0.00464804 -1.28722
20 1.76707 1.27612 0.0366411 1.36121 0.188296 0.112883
21 1.55588 0 0 -0.0194636 0.301151 -0.624639
22 1.24274 0 0 -0.000479011 0.000361006 -1.32485
23 0.784523 0 0 0.004271 0.00619499 -1.0301
24 -1.72731 10.8065 -9.59654 -0.000932693 0 -1.73036
25 6.02794 0 0 1.07667 0.36302 0.256056
26 11.7344 0 0 0.0014027 0 1.07802
27 8.81167 0 0 1.10417 0 0
28 5.77884 0 0 0.739796 0 0
29 2.23249 0 0 0.364377 0 0
30 11.4725 0 0 1.11953 0.0603361 -0.313314
31 0.615812 0.994372 -0.809165 -2.46672 0.237831 0.660585
32 2.24752 0 0 -0.160032 -0.0700478 0.503879
33 1.11935 0 0 -0.0275854 0.130922 0.0242062
34 3.71349 0.102639 0.102191 -2.07905 0.714167 -0.453172
35 1.72615 0 0 -0.0146287 -0.0172615 0.690061
36 1.21112 0 0 0.00829908 0.0154844 1.14365
37 3.5992 1.06012 0.0708885 -2.01153 0.694673 -0.505899
38 1.66069 0 0 0.00355164 0.0500323 0.373593
39 1.16699 0 0 -0.00629265 -0.0071883 0.739342
40 2.18853 -0.50104 0.0576601 -1.57004 -0.0521619 -0.225938
41 1.29609 0 0 -0.19883 0.156738 0.828594
42 1.62201 -0.000713348 -0.000470161 -0.0437901 0.0524071 1.03978
43 1.22241 0 0 -0.0495142 0.0692884 0.791643
44 1.76707 -1.27612 0.0366411 -1.57004 -0.0711767 -0.261465
45 1.55587 0 0 -0.190246 0.0283807 0.885718
46 1.24273 0 0 0.000478947 0.00036102 1.3195
47 0.784532 0 0 -0.00640515 -0.00340421 0.746433
48 0 0 0 0 0 0
49 6.55847 -17.1398 -1.77746 0.452851 0.152707 -2.81921
50 0 0.59689 0 0 0 0
51 -0.496887 -0.188842 0.286781 0 0 0
52 -0.49689 -0.188821 -0.28706 0 0 0
53 0 -0.188841 -0.573976 0 0 0
54 0.497048 -0.188822 -0.287068 0 0 0
55 0.496963 -0.188843 0.286781 0 0 0
56 0 -0.188823 0.573699 0 0 0
57 -1.46643 14.4861 -17.426 -0.452851 -0.152707 0.32238
58 6.47825 -14.563 -7.28492 0 0 0
59 -0.114405 -0.899484 3.25413 -0.452851 -0.152707 0.32238
60 0 -1.72362 0.0513258 -0.0590466 0 -3.14159
61 0.132429 -3.80691 0.219371 0 0 -3.14159
62 0.132428 -1.32347 1.10768 0 0 0
63 0 2.77451 0 0 0 0
64 0 -0.750143 1.01704 0 0 -3.14159
time 28
0 4.9672 10.9992 -7.20761 0.000934124 0 -1.17275
1 6.02794 0 0 -1.50553 0.675279 -0.443829
2 11.7344 0 0 -0.0014028 0 -1.39567
3 8.81138 -0.000450134 -0.000112057 0.555483 0 0.000157239
4 5.77839 0.000286102 0 0.372173 0 0.000108172
5 2.23163 -0.000329018 -0.00036335 0.183309 0 0
6 11.4725 0 0 0.38672 -0.657708 0.14503
7 0.615219 -0.993093 -0.8107 2.90558 0.394414 -0.216419
8 2.24752 0 0 0.74958 0.0234198 -0.0685429
9 1.11936 0 0 -0.0578351 0.00922776 -0.738951
10 3.71348 -0.102641 0.10219 1.82628 0.812944 0.439551
11 1.72615 0 0 0.00870199 0.00432204 -1.48797
12 1.21114 0 0 0.0079119 0.0157621 -1.07755
13 3.59919 -1.06012 0.0708876 1.55373 0.457056 0.0822281
14 1.66069 0 0 0.011251 0.0769201 -0.0776539
15 1.167 0 0 -0.0211909 0.0393307 -0.152084
16 2.18852 0.501039 0.0576589 1.52634 -0.0238071 0.160259
17 1.29609 0 0 0.0124651 0.1762 -0.851858
18 1.62202 0.000713348 -0.000471115 -0.000292814 -0.000350034 -1.40327
19 1.22241 0 0 -0.00965882 0.00464808 -1.28722
20 1.76707 1.27612 0.0366418 1.36121 0.188296 0.112883
21 1.55587 0 0 -0.0194636 0.301151 -0.624639
22 1.24273 0 0 -0.000478997 0.000360988 -1.32485
23 0.784523 0 0 0.00427099 0.00619501 -1.0301
24 -1.72731 10.8065 -9.59654 -0.000932693 0 -1.73036
25 6.02794 0 0 1.0727 0.360771 0.260851
26 11.7344 0 0 0.00140273 0 1.05903
27 8.81167 0 0 1.08363 0 0
28 5.77884 0 0 0.72603 0 0
29 2.23249 0 0 0.357597 0 0
30 11.4725 0 0 1.09577 0.0464693 -0.271499
31 0.615813 0.994372 -0.809165 -2.46672 0.237831 0.660585
32 2.24752 0 0 -0.160032 -0.0700479 0.503879
33 1.11936 0 0 -0.0275854 0.130922 0.0242062
34 3.71348 0.102639 0.102191 -2.07905 0.714167 -0.453172
35 1.72615 0 0 -0.0146287 -0.0172615 0.690061
36 1.21112 0 0 0.008299 0.0154844 1.14365
37 3.5992 1.06012 0.0708885 -2.01153 0.694673 -0.505899
38 1.66069 0 0 0.00355166 0.0500323 0.373593
39 1.16699 0 0 -0.00629264 -0.00718832 0.739342
40 2.18853 -0.50104 0.0576591 -1.57004 -0.052162 -0.225938
41 1.29609 0 0 -0.19883 0.156738 0.828594
42 1.62201 -0.000713348 -0.000470161 -0.0437901 0.0524071 1.03978
43 1.2224 0 0 -0.0495142 0.0692884 0.791643
44 1.76707 -1.27612 0.0366411 -1.57004 -0.0711768 -0.261465
45 1.55587 0 0 -0.190246 0.0283805 0.885718
46 1.24273 0 0 0.000478912 0.000360999 1.3195
47 0.784533 0 0 -0.00640517 -0.00340412 0.746432
48 0 0 0 0 0 0
49 6.70119 -17.0385 -1.81399 0.485073 0.130419 -2.817
50 0 0.596886 0 0 0 0
51 -0.496887 -0.188842 0.286781 0 0 0
52 -0.496891 -0.188822 -0.287058 0 0 0
53 0 -0.18884 -0.573975 0 0 0
54 0.497048 -0.188822 -0.287067 0 0 0
55 0.496963 -0.188841 0.28678 0 0 0
56 0 -0.188822 0.573699 0 0 0
57 -1.42836 14.0019 -18.5435 -0.485073 -0.130419 0.324588
58 6.47825 -14.563 -7.28492 0 0 0
59 0.00704718 -0.882997 3.15882 -0.485073 -0.130419 0.324588
60 0 -1.73351 0.0513163 -0.0448034 0 -3.14159
61 0.132429 -3.80692 0.21937 0 0 -3.14159
62 0.132429 -1.32347 1.10768 0 0 0
63 0 2.7745 0 0 0 0
64 0 -0.750145 1.01704 0 0 -3.14159
time 29
0 4.9672 10.8764 -7.33376 0.000934124 0 -1.17275
1 6.02795 0 0 -1.5118 0.683082 -0.439972
2 11.7344 0 0 -0.00140273 0 -1.39585
3 8.81138 -0.000449181 -0.00011158 0.50781 0 0.000157681
4 5.77839 0.000287056 0 0.340232 0 0.000108218
5 2.23163 -0.000329971 -0.00036335 0.167577 0 0
6 11.4725 0 0 0.374855 -0.643092 0.0894001
7 0.61522 -0.993092 -0.8107 2.90558 0.394414 -0.216419
8 2.24752 0 0 0.74958 0.0234199 -0.068543
9 1.11936 0 0 -0.0578351 0.00922768 -0.738951
10 3.71348 -0.102641 0.102191 1.82628 0.812945 0.439551
11 1.72615 0 0 0.008702 0.00432199 -1.48797
12 1.21114 0 0 0.00791186 0.0157621 -1.07755
13 3.59919 -1.06012 0.070888 1.55374 0.455902 0.0822502
14 1.66069 0 0 0.0120645 0.0768908 -0.0671607
15 1.167 0 0 -0.0201976 0.0413619 -0.0976839
16 2.18852 0.50104 0.0576591 1.52634 -0.023807 0.160259
17 1.29609 0 0 0.012465 0.1762 -0.851858
18 1.62202 0.000713348 -0.000470161 -0.000292789 -0.000349994 -1.40327
19 1.22241 0 0 -0.00965881 0.00464805 -1.28722
20 1.76707 1.27612 0.0366406 1.36121 0.188296 0.112882
21 1.55587 0 0 -0.0194635 0.301151 -0.624638
22 1.24274 0 0 -0.000479002 0.000360994 -1.32485
23 0.784523 0 0 0.00427101 0.00619497 -1.0301
24 -1.72731 10.6136 -9.6567 -0.000932693 0 -1.73036
25 6.02794 0 0 1.06619 0.36588 0.263514
26 11.7344 0 0 0.0014027 0 1.06304
27 8.81167 0 0 1.05105 0 0
28 5.77884 0 0 0.704205 0 0
29 2.23249 0 0 0.346847 0 0
30 11.4725 0 0 1.062 0.0168093 -0.235297
31 0.615813 0.994372 -0.809165 -2.46672 0.237831 0.660585
32 2.24752 0 0 -0.160032 -0.0700478 0.503879
33 1.11936 0 0 -0.0275855 0.130922 0.0242061
34 3.71349 0.102639 0.102191 -2.07905 0.714167 -0.453172
35 1.72615 0 0 -0.0146287 -0.0172615 0.690061
36 1.21112 0 0 0.00829899 0.0154844 1.14365
37 3.5992 1.06012 0.0708876 -2.01153 0.694673 -0.505899
38 1.66069 0 0 0.00355165 0.0500323 0.373593
39 1.16699 0 0 -0.00629267 -0.00718833 0.739342
40 2.18853 -0.50104 0.0576582 -1.57004 -0.0521621 -0.225938
41 1.29609 0 0 -0.19883 0.156738 0.828594
42 1.62202 -0.000711441 -0.000470161 -0.0437901 0.0524072 1.03978
43 1.22241 0 0 -0.0495142 0.0692884 0.791643
44 1.76707 -1.27612 0.0366411 -1.57004 -0.0711767 -0.261465
45 1.55588 0 0 -0.190246 0.0283805 0.885718
46 1.24273 0 0 0.000478852 0.000360996 1.3195
47 0.784532 0 0 -0.00640513 -0.00340417 0.746432
48 0 0 0 0 0 0
49 6.83111 -16.8984 -1.8328 0.533616 0.104573 -2.82392
50 0 0.59689 0 0 0 0
51 -0.496887 -0.188841 0.286781 0 0 0
52 -0.496891 -0.188822 -0.287059 0 0 0
53 0 -0.188842 -0.573975 0 0 0
54 0.497048 -0.188823 -0.287067 0 0 0
55 0.496964 -0.188841 0.286781 0 0 0
56 0 -0.188822 0.5737 0 0 0
57 -1.0753 13.2987 -20.1386 -0.533616 -0.104573 0.317669
58 6.47825 -14.563 -7.28492 0 0 0
59 0.134387 -0.866901 3.05951 -0.533617 -0.104573 0.317669
60 0 -1.74233 0.0513077 -0.0321012 0 -3.14159
61 0.132429 -3.80692 0.21937 0 0 -3.14159
62 0.132428 -1.32347 1.10768 0 0 0
63 0 2.7745 0 0 0 0
64 0 -0.750145 1.01704 0 0 -3.14159
time 30
0 4.9672 10.5368 -7.68253 0.000934124 0 -1.17275
1 6.02795 0 0 -1.52054 0.69112 -0.435577
2 11.7344 0 0 -0.00140289 0 -1.41601
3 8.81138 -0.000449181 -0.000112057 0.44896 0 0.000157311
4 5.77839 0.000287056 0 0.300803 0 0.000107739
5 2.23163 -0.000329018 -0.000363827 0.148157 0 0
6 11.4725 0 0 0.356962 -0.61492 0.0362853
7 0.61522 -0.993092 -0.810701 2.90558 0.394414 -0.216419
8 2.24752 0 0 0.74958 0.0234199 -0.0685429
9 1.11936 0 0 -0.057835 0.0092277 -0.738951
10 3.71348 -0.10264 0.102191 1.82628 0.812945 0.439551
11 1.72615 0 0 0.00870201 0.00432198 -1.48797
12 1.21114 0 0 0.00791183 0.0157621 -1.07755
13 3.59919 -1.06012 0.070888 1.55375 0.455488 0.0822582
14 1.66069 0 0 0.0123568 0.0768804 -0.0633911
15 1.167 0 0 -0.0198407 0.0420914 -0.0781421
16 2.18852 0.50104 0.0576587 1.52634 -0.0238069 0.160259
17 1.29609 0 0 0.0124651 0.1762 -0.851858
18 1.62202 0.000713348 -0.000470161 -0.000292757 -0.000349986 -1.40327
19 1.22241 0 0 -0.0096588 0.00464806 -1.28722
20 1.76707 1.27612 0.0366404 1.36121 0.188296 0.112882
21 1.55588 0 0 -0.0194635 0.301151 -0.624638
22 1.24273 0 0 -0.000479004 0.000360997 -1.32485
23 0.784523 0 0 0.004271 0.006195 -1.0301
24 -1.72731 10.0802 -9.82303 -0.000932693 0 -1.73036
25 6.02795 0 0 1.05615 0.383894 0.261524
26 11.7344 0 0 0.00140275 0 1.10991
27 8.81167 0 0 1.00162 0 0
28 5.77884 0 0 0.671085 0 0
29 2.23249 0 0 0.330535 0 0
30 11.4725 0 0 1.01383 -0.0309355 -0.215103
31 0.615813 0.994371 -0.809165 -2.46672 0.237831 0.660584
32 2.24752 0 0 -0.160032 -0.0700478 0.503879
33 1.11936 0 0 -0.0275856 0.130922 0.0242062
34 3.71348 0.102638 0.102191 -2.07905 0.714167 -0.453172
35 1.72615 0 0 -0.0146288 -0.0172616 0.690061
36 1.21112 0 0 0.00829902 0.0154843 1.14365
37 3.5992 1.06012 0.0708876 -2.01153 0.694673 -0.505899
38 1.66069 0 0 0.00355169 0.0500324 0.373593
39 1.16699 0 0 -0.00629264 -0.00718834 0.739342
40 2.18853 -0.50104 0.0576591 -1.57004 -0.052162 -0.225938
41 1.29609 0 0 -0.19883 0.156738 0.828594
42 1.62202 -0.000712395 -0.000470161 -0.0437902 0.0524071 1.03978
43 1.22241 0 0 -0.0495141 0.0692884 0.791642
44 1.76707 -1.27612 0.0366411 -1.57004 -0.0711766 -0.261465
45 1.55588 0 0 -0.190246 0.0283806 0.885718
46 1.24273 0 0 0.000478878 0.000361004 1.3195
47 0.784532 0 0 -0.00640521 -0.00340414 0.746432
48 0 0 0 0 0 0
49 6.94368 -16.7064 -1.83235 0.602587 0.0753922 -2.84247
50 0 0.596889 0 0 0 0
51 -0.496887 -0.188841 0.286781 0 0 0
52 -0.496891 -0.18882 -0.287059 0 0 0
53 0 -0.188841 -0.573975 0 0 0
54 0.497048 -0.188821 -0.287067 0 0 0
55 0.496964 -0.188839 0.28678 0 0 0
56 0 -0.188821 0.5737 0 0 0
57 -0.365592 12.2381 -22.2838 -0.602587 -0.0753923 0.299125
58 6.47825 -14.563 -7.28492 0 0 0
59 0.264131 -0.851394 2.9588 -0.602587 -0.0753923 0.299125
60 0 -1.74991 0.051301 -0.0211769 0 -3.14159
61 0.132429 -3.80692 0.21937 0 0 -3.14159
62 0.132428 -1.32347 1.10768 0 0 0
63 0 2.77451 0 0 0 0
64 0 -0.750145 1.01704 0 0 -3.14159
time 31
0 4.9672 10.0239 -8.2094 0.000934124 0 -1.17275
1 6.02795 0 0 -1.53142 0.695882 -0.430835
2 11.7344 0 0 -0.0014029 0 -1.44296
3 8.81138 -0.000450134 -0.000112057 0.363262 0 0.000157073
4 5.77839 0.000286102 0 0.243385 0 0.000107035
5 2.23163 -0.000329971 -0.00036335 0.119876 0 0
6 11.4725 0 0 0.324963 -0.573469 -0.0319293
7 0.615218 -0.993093 -0.8107 2.90558 0.394414 -0.216419
8 2.24752 0 0 0.74958 0.0234199 -0.0685429
9 1.11936 0 0 -0.057835 0.00922766 -0.738951
10 3.71348 -0.102642 0.102191 1.82628 0.812945 0.439551
11 1.72615 0 0 0.00870205 0.00432203 -1.48797
12 1.21114 0 0 0.00791186 0.015762 -1.07755
13 3.59919 -1.06012 0.0708882 1.55375 0.455488 0.0822581
14 1.66069 0 0 0.0123568 0.0768803 -0.0633913
15 1.167 0 0 -0.0198408 0.0420914 -0.0781423
16 2.18852 0.501039 0.0576589 1.52634 -0.023807 0.160259
17 1.29609 0 0 0.0124651 0.1762 -0.851858
18 1.62202 0.000714302 -0.000470161 -0.000292793 -0.000350036 -1.40327
19 1.22241 0 0 -0.00965884 0.0046481 -1.28722
20 1.76707 1.27612 0.0366414 1.36121 0.188296 0.112882
21 1.55587 0 0 -0.0194636 0.301151 -0.624639
22 1.24273 0 0 -0.000479023 0.000360996 -1.32485
23 0.784523 0 0 0.00427103 0.006195 -1.0301
24 -1.72731 9.27437 -10.0743 -0.000932693 0 -1.73036
25 6.02794 0 0 1.04511 0.407445 0.257933
26 11.7344 0 0 0.00140266 0 1.1803
27 8.81167 0 0 0.925132 0 0
28 5.77884 0 0 0.619839 0 0
29 2.23249 0 0 0.305294 0 0
30 11.4725 0 0 0.938056 -0.0967096 -0.189265
31 0.615812 0.994372 -0.809165 -2.46672 0.237831 0.660585
32 2.24752 0 0 -0.160032 -0.0700477 0.503878
33 1.11936 0 0 -0.0275856 0.130922 0.0242061
34 3.71349 0.102638 0.102191 -2.07905 0.714167 -0.453172
35 1.72615 0 0 -0.0146287 -0.0172615 0.690061
36 1.21112 0 0 0.00829906 0.0154844 1.14365
37 3.5992 1.06012 0.0708876 -2.01153 0.694673 -0.505899
38 1.66069 0 0 0.00355165 0.0500323 0.373593
39 1.16699 0 0 -0.00629268 -0.0071883 0.739342
40 2.18853 -0.50104 0.0576591 -1.57004 -0.052162 -0.225938
41 1.29609 0 0 -0.19883 0.156738 0.828594
42 1.62201 -0.000712395 -0.000471115 -0.0437902 0.0524071 1.03978
43 1.22241 0 0 -0.0495141 0.0692884 0.791643
44 1.76707 -1.27612 0.0366402 -1.57004 -0.0711766 -0.261465
45 1.55587 0 0 -0.190246 0.0283804 0.885718
46 1.24273 0 0 0.000478946 0.000360947 1.3195
47 0.78453 0 0 -0.00640514 -0.0034042 0.746432
48 0 0 0 0 0 0
49 7.04387 -16.4267 -1.80954 0.703075 0.038676 -2.87752
50 0 0.596889 0 0 0 0
51 -0.496887 -0.18884 0.286781 0 0 0
52 -0.496891 -0.188821 -0.287058 0 0 0
53 0 -0.18884 -0.573975 0 0 0
54 0.497047 -0.188821 -0.287067 0 0 0
55 0.496963 -0.188841 0.286782 0 0 0
56 0 -0.188822 0.5737 0 0 0
57 0.711715 10.4577 -25.1891 -0.703075 -0.0386761 0.264077
58 6.47825 -14.563 -7.28492 0 0 0
59 0.392794 -0.836664 2.85928 -0.703075 -0.0386761 0.264077
60 0 -1.7561 0.0512943 -0.0122675 0 -3.14159
61 0.13243 -3.80692 0.21937 0 0 -3.14159
62 0.132428 -1.32347 1.10768 0 0 0
63 0 2.7745 0 0 0 0
64 0 -0.750144 1.01704 0 0 -3.14159
time 32
0 4.9672 9.38091 -8.86984 0.000934124 0 -1.17275
1 6.02794 0 0 -1.54201 0.69204 -0.426929
2 11.7344 0 0 -0.00140282 0 -1.46608
3 8.81138 -0.000450134 -0.000112057 0.249141 0 0.000157662
4 5.77839 0.000286102 0 0.166925 0 0.00010693
5 2.23163 -0.000329971 -0.000364304 0.0822166 0 0
6 11.4725 0 0 0.274559 -0.531861 -0.119189
7 0.615218 -0.993092 -0.810701 2.90558 0.394414 -0.216419
8 2.24752 0 0 0.74958 0.0234199 -0.0685428
9 1.11936 0 0 -0.057835 0.00922763 -0.738951
10 3.71348 -0.102642 0.10219 1.82628 0.812945 0.439552
11 1.72615 0 0 0.00870201 0.00432202 -1.48797
12 1.21114 0 0 0.0079119 0.015762 -1.07755
13 3.59919 -1.06012 0.0708879 1.55375 0.455488 0.0822581
14 1.66069 0 0 0.0123568 0.0768804 -0.063391
15 1.167 0 0 -0.0198408 0.0420915 -0.0781422
16 2.18852 0.50104 0.0576586 1.52634 -0.0238071 0.160259
17 1.29609 0 0 0.0124652 0.1762 -0.851858
18 1.62202 0.000714302 -0.000471115 -0.000292812 -0.000350013 -1.40327
19 1.22241 0 0 -0.0096588 0.00464802 -1.28722
20 1.76707 1.27612 0.0366403 1.36121 0.188296 0.112883
21 1.55588 0 0 -0.0194635 0.301151 -0.624639
22 1.24273 0 0 -0.000478981 0.000360991 -1.32485
23 0.784523 0 0 0.00427098 0.00619497 -1.0301
24 -1.72731 8.26427 -10.3892 -0.000932693 0 -1.73036
25 6.02794 0 0 1.03703 0.430149 0.254628
26 11.7344 0 0 0.00140259 0 1.26077
27 8.81167 0 0 0.817279 0 0
28 5.77884 0 0 0.547577 0 0
29 2.23249 0 0 0.269702 0 0
30 11.4725 0 0 0.826994 -0.163826 -0.145842
31 0.615812 0.994372 -0.809164 -2.46672 0.237831 0.660585
32 2.24752 0 0 -0.160032 -0.0700479 0.503878
33 1.11936 0 0 -0.0275857 0.130922 0.0242062
34 3.71349 0.102638 0.102192 -2.07905 0.714167 -0.453172
35 1.72615 0 0 -0.0146287 -0.0172615 0.690061
36 1.21112 0 0 0.00829898 0.0154844 1.14365
37 3.5992 1.06012 0.0708895 -2.01153 0.694673 -0.505899
38 1.66069 0 0 0.00355166 0.0500323 0.373593
39 1.16699 0 0 -0.00629263 -0.0071883 0.739342
40 2.18853 -0.50104 0.0576591 -1.57004 -0.052162 -0.225938
41 1.29609 0 0 -0.198831 0.156738 0.828595
42 1.62202 -0.000711441 -0.000471115 -0.0437901 0.0524071 1.03978
43 1.2224 0 0 -0.0495141 0.0692884 0.791643
44 1.76707 -1.27612 0.0366421 -1.57004 -0.0711767 -0.261465
45 1.55587 0 0 -0.190246 0.0283806 0.885718
46 1.24273 0 0 0.000478942 0.00036099 1.3195
47 0.784531 0 0 -0.00640522 -0.00340415 0.746433
48 0 0 0 0 0 0
49 7.15922 -16.0503 -1.79004 0.834671 -0.00719983 -2.9282
50 0 0.596888 0 0 0 0
51 -0.496887 -0.188842 0.28678 0 0 0
52 -0.496891 -0.188823 -0.28706 0 0 0
53 0 -0.188843 -0.573975 0 0 0
54 0.497048 -0.188822 -0.287068 0 0 0
55 0.496964 -0.18884 0.28678 0 0 0
56 0 -0.188822 0.573699 0 0 0
57 1.82505 7.65424 -28.6064 -0.834671 0.0071997 0.213394
58 6.47825 -14.563 -7.28492 0 0 0
59 0.516891 -0.82291 2.76353 -0.834671 0.00719971 0.213394
60 0 -1.76072 0.0512896 -0.0056104 0 -3.14159
61 0.132429 -3.80691 0.21937 0 0 -3.14159
62 0.132428 -1.32347 1.10768 0 0 0
63 0 2.7745 0 0 0 0
64 0 -0.750145 1.01704 0 0 -3.14159
time 33
0 4.9672 8.65123 -9.61932 0.000934124 0 -1.17275
1 6.02794 0 0 -1.54951 0.676842 -0.425145
2 11.7344 0 0 -0.00140286 0 -1.48389
3 8.81138 -0.000451088 -0.000112534 0.12274 0 0.000157001
4 5.77839 0.000286102 0 0.0822359 0 0.000105874
5 2.23163 -0.000329018 -0.000363827 0.0405042 0 0
6 11.4725 0 0 0.212404 -0.506257 -0.21359
7 0.615219 -0.993092 -0.8107 2.90558 0.394414 -0.216419
8 2.24752 0 0 0.74958 0.0234199 -0.068543
9 1.11936 0 0 -0.0578353 0.00922776 -0.738951
10 3.71348 -0.10264 0.102191 1.82628 0.812945 0.439552
11 1.72615 0 0 0.00870204 0.00432204 -1.48797
12 1.21114 0 0 0.00791194 0.015762 -1.07755
13 3.59919 -1.06012 0.0708878 1.55375 0.455488 0.0822582
14 1.66069 0 0 0.0123567 0.0768804 -0.0633913
15 1.167 0 0 -0.0198406 0.0420914 -0.0781421
16 2.18852 0.501041 0.0576587 1.52634 -0.023807 0.160259
17 1.29609 0 0 0.0124651 0.1762 -0.851858
18 1.62202 0.000713348 -0.000471115 -0.00029278 -0.000350005 -1.40327
19 1.22241 0 0 -0.0096588 0.00464802 -1.28722
20 1.76707 1.27612 0.0366406 1.36121 0.188296 0.112882
21 1.55588 0 0 -0.0194636 0.301151 -0.624639
22 1.24274 0 0 -0.000478988 0.000361001 -1.32485
23 0.784523 0 0 0.00427105 0.00619503 -1.0301
24 -1.72731 7.11798 -10.7467 -0.000932693 0 -1.73036
25 6.02794 0 0 1.03474 0.448404 0.252507
26 11.7344 0 0 0.0014027 0 1.34634
27 8.81167 0 0 0.686663 0 0
28 5.77884 0 0 0.460064 0 0
29 2.23249 0 0 0.226599 0 0
30 11.4725 0 0 0.689218 -0.209235 -0.0905447
31 0.615813 0.994372 -0.809166 -2.46672 0.237831 0.660585
32 2.24752 0 0 -0.160032 -0.0700479 0.503879
33 1.11936 0 0 -0.0275855 0.130922 0.0242062
34 3.71349 0.102639 0.102191 -2.07905 0.714167 -0.453172
35 1.72615 0 0 -0.0146288 -0.0172615 0.690061
36 1.21112 0 0 0.00829911 0.0154844 1.14365
37 3.5992 1.06011 0.0708885 -2.01153 0.694673 -0.505899
38 1.66069 0 0 0.00355178 0.0500323 0.373593
39 1.16699 0 0 -0.00629265 -0.00718825 0.739342
40 2.18853 -0.501041 0.0576591 -1.57004 -0.052162 -0.225938
41 1.29609 0 0 -0.19883 0.156738 0.828595
42 1.62202 -0.000714302 -0.000470161 -0.0437902 0.0524072 1.03978
43 1.22241 0 0 -0.0495141 0.0692885 0.791643
44 1.76707 -1.27612 0.0366406 -1.57004 -0.0711766 -0.261465
45 1.55588 0 0 -0.190246 0.0283805 0.885718
46 1.24273 0 0 0.000479003 0.000360947 1.3195
47 0.784532 0 0 -0.00640519 -0.00340413 0.746432
48 0 0 0 0 0 0
49 7.31328 -15.6147 -1.81267 0.984233 -0.0581463 -2.98839
50 0 0.59689 0 0 0 0
51 -0.496887 -0.18884 0.286781 0 0 0
52 -0.496891 -0.188821 -0.287057 0 0 0
53 0 -0.188841 -0.573975 0 0 0
54 0.497047 -0.188821 -0.287066 0 0 0
55 0.496963 -0.18884 0.286781 0 0 0
56 0 -0.188821 0.5737 0 0 0
57 2.52571 3.91277 -31.8997 -0.984233 0.0581462 0.153207
58 6.47825 -14.563 -7.28492 0 0 0
59 0.632938 -0.810323 2.67414 -0.984233 0.0581462 0.153207
60 0 -1.76362 0.0512877 -0.00144209 0 -3.14159
61 0.13243 -3.80691 0.219371 0 0 -3.14159
62 0.132428 -1.32347 1.10768 0 0 0
63 0 2.7745 0 0 0 0
64 0 -0.750145 1.01704 0 0 -3.14159
time 34
0 4.9672 7.87821 -10.4133 0.000934124 0 -1.17275
1 6.02795 0 0 -1.55292 0.650389 -0.426318
2 11.7344 0 0 -0.00140283 0 -1.4979
3 8.81138 -0.000450134 -0.000112057 -0.000703696 0 0.000157609
4 5.77839 0.000286102 0 -0.000471593 0 0.000105596
5 2.23164 -0.000329971 -0.000363827 -0.00023219 0 0
6 11.4725 0 0 0.149862 -0.504472 -0.303847
7 0.61522 -0.993092 -0.8107 2.90558 0.394414 -0.216419
8 2.24752 0 0 0.74958 0.0234197 -0.068543
9 1.11936 0 0 -0.0578352 0.00922773 -0.738951
10 3.71348 -0.10264 0.102191 1.82628 0.812944 0.439552
11 1.72615 0 0 0.00870209 0.00432199 -1.48797
12 1.21114 0 0 0.00791181 0.0157621 -1.07755
13 3.59919 -1.06012 0.0708876 1.55375 0.455488 0.0822582
14 1.66069 0 0 0.0123567 0.0768803 -0.0633913
15 1.167 0 0 -0.0198407 0.0420915 -0.0781422
16 2.18853 0.50104 0.0576587 1.52634 -0.023807 0.160259
17 1.29609 0 0 0.012465 0.1762 -0.851858
18 1.62202 0.000714302 -0.000473022 -0.000292844 -0.000350021 -1.40327
19 1.22241 0 0 -0.00965882 0.00464815 -1.28722
20 1.76707 1.27612 0.0366416 1.36121 0.188296 0.112883
21 1.55588 0 0 -0.0194635 0.301151 -0.624638
22 1.24273 0 0 -0.000479094 0.000360991 -1.32485
23 0.784524 0 0 0.00427105 0.00619503 -1.0301
24 -1.72731 5.90359 -11.1253 -0.000932693 0 -1.73036
25 6.02794 0 0 1.03904 0.46004 0.252525
26 11.7344 0 0 0.00140267 0 1.43409
27 8.81167 0 0 0.546683 0 0
28 5.77884 0 0 0.366278 0 0
29 2.23249 0 0 0.180405 0 0
30 11.4725 0 0 0.542163 -0.219605 -0.036854
31 0.615814 0.994373 -0.809164 -2.46672 0.237831 0.660585
32 2.24752 0 0 -0.160032 -0.0700478 0.503879
33 1.11936 0 0 -0.0275854 0.130922 0.0242062
34 3.71349 0.102638 0.102191 -2.07905 0.714167 -0.453172
35 1.72615 0 0 -0.0146286 -0.0172615 0.690061
36 1.21112 0 0 0.00829907 0.0154844 1.14365
37 3.5992 1.06012 0.0708876 -2.01153 0.694673 -0.505899
38 1.66069 0 0 0.00355175 0.0500323 0.373593
39 1.16699 0 0 -0.00629279 -0.00718822 0.739342
40 2.18853 -0.50104 0.0576591 -1.57004 -0.0521619 -0.225938
41 1.29609 0 0 -0.19883 0.156738 0.828595
42 1.62202 -0.000713348 -0.000469208 -0.0437901 0.0524072 1.03978
43 1.22241 0 0 -0.0495142 0.0692884 0.791643
44 1.76707 -1.27612 0.0366406 -1.57004 -0.0711768 -0.261465
45 1.55588 0 0 -0.190246 0.0283805 0.885718
46 1.24273 0 0 0.000478993 0.000361031 1.3195
47 0.784531 0 0 -0.00640522 -0.00340396 0.746432
48 0 0 0 0 0 0
49 7.50849 -15.1703 -1.89731 1.13862 -0.110074 -3.05195
50 0 0.59689 0 0 0 0
51 -0.496888 -0.18884 0.286781 0 0 0
52 -0.496891 -0.188822 -0.287059 0 0 0
53 0 -0.188841 -0.573975 0 0 0
54 0.497047 -0.188821 -0.287067 0 0 0
55 0.496964 -0.18884 0.286781 0 0 0
56 0 -0.188821 0.573701 0 0 0
57 2.5564 -0.397611 -34.558 -1.13862 0.110074 0.0896451
58 6.47825 -14.563 -7.28492 0 0 0
59 0.73745 -0.7991 2.59369 -1.13862 0.110074 0.0896451
60 0 -1.76462 0.0512867 0 0 -3.14159
61 0.132429 -3.80692 0.219371 0 0 -3.14159
62 0.132428 -1.32347 1.10768 0 0 0
63 0 2.7745 0 0 0 0
64 0 -0.750145 1.01704 0 0 -3.14159
time 35
0 4.9672 7.10518 -11.2073 0.000934124 0 -1.17275
1 6.02795 0 0 -1.55327 0.615575 -0.430535
2 11.7344 0 0 -0.0014028 0 -1.51104
3 8.81138 -0.000450134 -0.000112534 -0.108352 0 0.000157082
4 5.77839 0.000286102 0 -0.0725961 0 0.000104777
5 2.23163 -0.000328064 -0.000363827 -0.0357563 0 0
6 11.4725 0 0 0.0981166 -0.523892 -0.379939
7 0.615219 -0.993093 -0.810701 2.90558 0.394414 -0.216419
8 2.24752 0 0 0.74958 0.0234198 -0.068543
9 1.11936 0 0 -0.0578352 0.00922769 -0.738951
10 3.71348 -0.10264 0.102191 1.82628 0.812945 0.439551
11 1.72615 0 0 0.00870198 0.00432201 -1.48797
12 1.21114 0 0 0.00791189 0.0157621 -1.07755
13 3.59919 -1.06012 0.0708876 1.55375 0.455488 0.0822582
14 1.66069 0 0 0.0123568 0.0768802 -0.0633912
15 1.167 0 0 -0.0198407 0.0420916 -0.0781422
16 2.18852 0.501038 0.0576587 1.52634 -0.023807 0.160259
17 1.29609 0 0 0.0124651 0.1762 -0.851858
18 1.62202 0.000715256 -0.000471115 -0.000292693 -0.000350015 -1.40327
19 1.22241 0 0 -0.00965885 0.00464799 -1.28722
20 1.76707 1.27612 0.0366406 1.36121 0.188296 0.112883
21 1.55588 0 0 -0.0194636 0.301151 -0.624639
22 1.24274 0 0 -0.000478928 0.000360971 -1.32485
23 0.784522 0 0 0.00427096 0.00619494 -1.0301
24 -1.72731 4.68921 -11.504 -0.000932693 0 -1.73036
25 6.02794 0 0 1.04873 0.463631 0.255994
26 11.7344 0 0 0.00140268 0 1.51984
27 8.81167 0 0 0.413934 0 0
28 5.77884 0 0 0.277336 0 0
29 2.23249 0 0 0.136598 0 0
30 11.4725 0 0 0.40685 -0.196322 0
31 0.615813 0.994371 -0.809165 -2.46672 0.237831 0.660585
32 2.24752 0 0 -0.160032 -0.0700479 0.503879
33 1.11936 0 0 -0.0275855 0.130922 0.0242062
34 3.71349 0.102638 0.102191 -2.07905 0.714167 -0.453172
35 1.72615 0 0 -0.0146288 -0.0172615 0.690061
36 1.21112 0 0 0.00829912 0.0154843 1.14365
37 3.5992 1.06012 0.070888 -2.01153 0.694673 -0.505899
38 1.66069 0 0 0.00355161 0.0500323 0.373593
39 1.16699 0 0 -0.00629265 -0.00718827 0.739342
40 2.18853 -0.50104 0.0576591 -1.57004 -0.0521621 -0.225938
41 1.29609 0 0 -0.19883 0.156738 0.828595
42 1.62201 -0.000713825 -0.000471115 -0.0437901 0.0524071 1.03978
43 1.22241 0 0 -0.0495142 0.0692885 0.791643
44 1.76707 -1.27612 0.0366411 -1.57004 -0.0711767 -0.261465
45 1.55588 0 0 -0.190245 0.0283806 0.885718
46 1.24273 0 0 0.000478982 0.000360945 1.3195
47 0.784531 0 0 -0.00640518 -0.0034041 0.746432
48 0 0 0 0 0 0
49 7.72475 -14.7679 -2.03787 1.28469 -0.158895 -3.11276
50 0 0.59689 0 0 0 0
51 -0.496888 -0.188841 0.286781 0 0 0
52 -0.496891 -0.188822 -0.287057 0 0 0
53 0 -0.188841 -0.573976 0 0 0
54 0.497047 -0.188822 -0.287066 0 0 0
55 0.496963 -0.188841 0.286781 0 0 0
56 0 -0.188821 0.5737 0 0 0
57 1.93962 -4.71789 -36.3162 -1.28469 0.158895 0.0288372
58 6.47825 -14.563 -7.28492 0 0 0
59 0.826944 -0.789433 2.52477 -1.28469 0.158895 0.0288372
60 0 -1.76462 0.0512848 0 0 -3.14159
61 0.132429 -3.80692 0.219368 0 0 -3.14159
62 0.132428 -1.32347 1.10768 0 0 0
63 0 2.7745 0 0 0 0
64 0 -0.750145 1.01704 0 0 -3.14159
time 36
0 4.9672 6.37551 -11.9568 0.000934124 0 -1.17275
1 6.02795 0 0 -1.55249 0.577343 -0.4369
2 11.7344 0 0 -0.00140272 0 -1.52601
3 8.81138 -0.000448227 -0.000112057 -0.189943 0 0.00015679
4 5.77839 0.00028801 0 -0.127262 0 0.000104221
5 2.23163 -0.000328064 -0.000364304 -0.0626811 0 0
6 11.4725 0 0 0.0636621 -0.554173 -0.433928
7 0.615219 -0.993092 -0.8107 2.90558 0.394414 -0.216419
8 2.24752 0 0 0.74958 0.02342 -0.0685429
9 1.11936 0 0 -0.0578351 0.00922772 -0.738951
10 3.71348 -0.10264 0.102192 1.82628 0.812945 0.439551
11 1.72615 0 0 0.0087019 0.0043221 -1.48797
12 1.21114 0 0 0.00791194 0.0157621 -1.07755
13 3.59919 -1.06012 0.0708876 1.55375 0.455488 0.0822582
14 1.66069 0 0 0.0123568 0.0768803 -0.0633913
15 1.167 0 0 -0.0198407 0.0420915 -0.0781422
16 2.18852 0.501038 0.0576591 1.52634 -0.0238071 0.160259
17 1.29609 0 0 0.0124651 0.1762 -0.851858
18 1.62202 0.000714302 -0.000471115 -0.000292802 -0.000349978 -1.40327
19 1.22241 0 0 -0.00965885 0.00464799 -1.28722
20 1.76707 1.27612 0.0366411 1.36121 0.188296 0.112882
21 1.55588 0 0 -0.0194635 0.301151 -0.624639
22 1.24274 0 0 -0.000478892 0.000361023 -1.32485
23 0.784523 0 0 0.00427089 0.00619494 -1.0301
24 -1.72731 3.54291 -11.8614 -0.000932693 0 -1.73036
25 6.02794 0 0 1.06093 0.459951 0.263356
26 11.7344 0 0 0.00140267 0 1.59981
27 8.81167 0 0 0.303848 0 0
28 5.77884 0 0 0.203578 0 0
29 2.23249 0 0 0.10027 0 0
30 11.4725 0 0 0.299091 -0.153559 0.0100949
31 0.615812 0.994373 -0.809165 -2.46672 0.237831 0.660585
32 2.24752 0 0 -0.160032 -0.0700477 0.503878
33 1.11936 0 0 -0.0275856 0.130922 0.0242062
34 3.71349 0.10264 0.102191 -2.07905 0.714167 -0.453172
35 1.72615 0 0 -0.0146287 -0.0172614 0.690061
36 1.21112 0 0 0.00829903 0.0154845 1.14365
37 3.5992 1.06012 0.0708892 -2.01153 0.694673 -0.505899
38 1.66069 0 0 0.00355165 0.0500323 0.373593
39 1.16699 0 0 -0.00629266 -0.00718826 0.739342
40 2.18853 -0.50104 0.0576603 -1.57004 -0.052162 -0.225938
41 1.29609 0 0 -0.19883 0.156738 0.828595
42 1.62202 -0.000712395 -0.000471115 -0.0437901 0.0524071 1.03978
43 1.2224 0 0 -0.0495141 0.0692884 0.791643
44 1.76707 -1.27612 0.0366421 -1.57004 -0.0711766 -0.261465
45 1.55588 0 0 -0.190246 0.0283806 0.885718
46 1.24273 0 0 0.000479011 0.000360932 1.3195
47 0.784531 0 0 -0.00640527 -0.00340407 0.746433
48 0 0 0 0 0 0
49 7.92778 -14.4466 -2.20382 1.40929 -0.20052 3.11851
50 0 0.59689 0 0 0 0
51 -0.496888 -0.188841 0.286783 0 0 0
52 -0.496891 -0.188822 -0.287057 0 0 0
53 0 -0.188841 -0.573975 0 0 0
54 0.497047 -0.188822 -0.287067 0 0 0
55 0.496964 -0.188841 0.286782 0 0 0
56 0 -0.188822 0.5737 0 0 0
57 0.9502 -8.46509 -37.2039 -1.40929 0.200519 -0.0230871
58 6.47825 -14.563 -7.28492 0 0 0
59 0.897934 -0.781518 2.46997 -1.40929 0.200519 -0.0230871
60 0 -1.76462 0.0512848 0 0 -3.14159
61 0.13243 -3.80692 0.21937 0 0 -3.14159
62 0.132428 -1.32347 1.10768 0 0 0
63 0 2.7745 0 0 0 0
64 0 -0.750145 1.01704 0 0 -3.14159
time 37
0 4.9672 5.73252 -12.6173 0.000934124 0 -1.17275
1 6.02794 0 0 -1.55219 0.542098 -0.443675
2 11.7344 0 0 -0.00140282 0 -1.5452
3 8.81138 -0.00044632 -0.000112057 -0.236893 0 0.000157101
4 5.77839 0.00028801 0 -0.158718 0 0.000104188
5 2.23164 -0.000328064 -0.000364304 -0.0781746 0 0
6 11.4725 0 0 0.0468798 -0.582327 -0.458909
7 0.615219 -0.993092 -0.810701 2.90558 0.394414 -0.216419
8 2.24752 0 0 0.74958 0.0234197 -0.0685429
9 1.11936 0 0 -0.0578351 0.00922786 -0.738951
10 3.71348 -0.10264 0.102191 1.82628 0.812944 0.439551
11 1.72615 0 0 0.00870207 0.00432201 -1.48797
12 1.21114 0 0 0.00791185 0.0157619 -1.07755
13 3.59919 -1.06012 0.0708876 1.55375 0.455488 0.0822582
14 1.66069 0 0 0.0123568 0.0768803 -0.0633913
15 1.167 0 0 -0.0198407 0.0420914 -0.0781421
16 2.18852 0.50104 0.0576582 1.52634 -0.023807 0.160259
17 1.29609 0 0 0.0124649 0.1762 -0.851858
18 1.62202 0.000714302 -0.000469208 -0.000292732 -0.000349969 -1.40327
19 1.22241 0 0 -0.0096588 0.00464802 -1.28722
20 1.76707 1.27612 0.0366402 1.36121 0.188296 0.112883
21 1.55588 0 0 -0.0194635 0.301151 -0.624639
22 1.24274 0 0 -0.000479018 0.00036099 -1.32485
23 0.784523 0 0 0.00427096 0.00619494 -1.0301
24 -1.72731 2.53282 -12.1763 -0.000932693 0 -1.73036
25 6.02794 0 0 1.07209 0.452353 0.273779
26 11.7344 0 0 0.0014026 0 1.67077
27 8.81167 0 0 0.226812 0 0
28 5.77884 0 0 0.151964 0 0
29 2.23249 0 0 0.0748481 0 0
30 11.4725 0 0 0.226223 -0.111224 -0.00719455
31 0.615812 0.994373 -0.809166 -2.46672 0.237831 0.660585
32 2.24752 0 0 -0.160032 -0.0700478 0.503879
33 1.11936 0 0 -0.0275856 0.130922 0.0242062
34 3.71349 0.10264 0.102191 -2.07905 0.714167 -0.453172
35 1.72615 0 0 -0.0146287 -0.0172614 0.690061
36 1.21112 0 0 0.008299 0.0154844 1.14365
37 3.5992 1.06012 0.0708876 -2.01153 0.694673 -0.505899
38 1.66069 0 0 0.00355166 0.0500323 0.373593
39 1.16699 0 0 -0.0062926 -0.00718828 0.739342
40 2.18853 -0.50104 0.0576584 -1.57004 -0.052162 -0.225938
41 1.29609 0 0 -0.19883 0.156738 0.828594
42 1.62202 -0.000712633 -0.000471115 -0.0437903 0.0524072 1.03978
43 1.2224 0 0 -0.0495142 0.0692885 0.791643
44 1.76707 -1.27612 0.0366406 -1.57004 -0.0711767 -0.261465
45 1.55588 0 0 -0.190245 0.0283806 0.885718
46 1.24273 0 0 0.000479014 0.000360986 1.3195
47 0.784532 0 0 -0.00640519 -0.0034041 0.746432
48 0 0 0 0 0 0
49 8.08135 -14.2297 -2.34938 1.4993 -0.230859 3.08159
50 0 0.59689 0 0 0 0
51 -0.496887 -0.188841 0.28678 0 0 0
52 -0.496892 -0.188822 -0.287059 0 0 0
53 0 -0.188841 -0.573975 0 0 0
54 0.497046 -0.188822 -0.287067 0 0 0
55 0.496964 -0.188841 0.286781 0 0 0
56 0 -0.188822 0.5737 0 0 0
57 -0.00761414 -11.154 -37.486 -1.4993 0.230859 -0.0599985
58 6.47825 -14.563 -7.28492 0 0 0
59 0.946936 -0.775548 2.43188 -1.4993 0.230859 -0.0599985
60 0 -1.76462 0.0512857 0 0 -3.14159
61 0.13243 -3.80691 0.21937 0 0 -3.14159
62 0.132429 -1.32347 1.10768 0 0 0
63 0 2.7745 0 0 0 0
64 0 -0.750145 1.01704 0 0 -3.14159
time 38
0 4.9672 5.21958 -13.1441 0.000934124 0 -1.17275
1 6.02794 0 0 -1.55284 0.514739 -0.449221
2 11.7344 0 0 -0.00140286 0 -1.56672
3 8.81139 -0.000450134 -0.000112534 -0.251898 0 0.000156563
4 5.77839 0.000286102 0 -0.168771 0 0.000103746
5 2.23164 -0.000328064 -0.000363827 -0.0831262 0 0
6 11.4725 0 0 0.0415354 -0.60021 -0.457705
7 0.61522 -0.993093 -0.8107 2.90558 0.394414 -0.216419
8 2.24752 0 0 0.74958 0.02342 -0.0685429
9 1.11936 0 0 -0.0578351 0.00922768 -0.738951
10 3.71348 -0.102642 0.10219 1.82628 0.812944 0.439551
11 1.72615 0 0 0.00870192 0.0043219 -1.48797
12 1.21114 0 0 0.00791191 0.0157622 -1.07755
13 3.59919 -1.06012 0.0708885 1.55375 0.455488 0.0822582
14 1.66069 0 0 0.0123569 0.0768803 -0.0633911
15 1.167 0 0 -0.0198408 0.0420916 -0.0781422
16 2.18853 0.501038 0.0576582 1.52634 -0.0238071 0.160259
17 1.29609 0 0 0.0124651 0.1762 -0.851858
18 1.62202 0.000713348 -0.000471115 -0.000292873 -0.000349987 -1.40327
19 1.22241 0 0 -0.0096588 0.00464802 -1.28722
20 1.76707 1.27612 0.0366402 1.36121 0.188296 0.112883
21 1.55588 0 0 -0.0194636 0.301151 -0.624639
22 1.24274 0 0 -0.000479004 0.000360973 -1.32485
23 0.784522 0 0 0.00427106 0.006195 -1.0301
24 -1.72731 1.72701 -12.4276 -0.000932693 0 -1.73036
25 6.02794 0 0 1.08012 0.444251 0.285459
26 11.7344 0 0 0.00140262 0 1.72737
27 8.81167 0 0 0.181341 0 0
28 5.77884 0 0 0.121499 0 0
29 2.23249 0 0 0.0598427 0 0
30 11.4725 0 0 0.184099 -0.0830166 -0.0401902
31 0.615812 0.994373 -0.809165 -2.46672 0.237831 0.660585
32 2.24752 0 0 -0.160032 -0.070048 0.503879
33 1.11936 0 0 -0.0275856 0.130922 0.0242062
34 3.71349 0.10264 0.102191 -2.07905 0.714167 -0.453172
35 1.72615 0 0 -0.0146286 -0.0172615 0.690061
36 1.21112 0 0 0.00829908 0.0154843 1.14365
37 3.5992 1.06012 0.0708876 -2.01153 0.694673 -0.505899
38 1.66069 0 0 0.00355138 0.0500324 0.373593
39 1.16699 0 0 -0.00629258 -0.00718833 0.739342
40 2.18853 -0.50104 0.0576589 -1.57004 -0.052162 -0.225938
41 1.29609 0 0 -0.19883 0.156738 0.828594
42 1.62202 -0.000713587 -0.000469208 -0.0437901 0.0524071 1.03978
43 1.22241 0 0 -0.0495141 0.0692884 0.791643
44 1.76707 -1.27612 0.0366415 -1.57004 -0.0711767 -0.261465
45 1.55588 0 0 -0.190245 0.0283806 0.885718
46 1.24273 0 0 0.000478806 0.000360997 1.3195
47 0.784531 0 0 -0.00640516 -0.00340417 0.746433
48 0 0 0 0 0 0
49 8.17231 -14.1098 -2.4439 1.55161 -0.248723 3.06065
50 0 0.596891 0 0 0 0
51 -0.496887 -0.188841 0.286781 0 0 0
52 -0.496891 -0.188822 -0.287058 0 0 0
53 0 -0.188841 -0.573975 0 0 0
54 0.497047 -0.188822 -0.287067 0 0 0
55 0.496964 -0.188841 0.286781 0 0 0
56 0 -0.188822 0.5737 0 0 0
57 -0.648683 -12.6975 -37.5105 -1.55161 0.248723 -0.0809474
58 6.47825 -14.563 -7.28492 0 0 0
59 0.975146 -0.771771 2.40977 -1.55161 0.248723 -0.0809474
60 0 -1.76462 0.0512848 0 0 -3.14159
61 0.132429 -3.80692 0.219369 0 0 -3.14159
62 0.132428 -1.32347 1.10768 0 0 0
63 0 2.7745 0 0 0 0
64 0 -0.750145 1.01704 0 0 -3.14159
time 39
0 4.9672 4.88003 -13.4929 0.000934124 0 -1.17275
1 6.02795 0 0 -1.55382 0.497191 -0.452815
2 11.7344 0 0 -0.00140281 0 -1.58391
3 8.81138 -0.000448227 -0.00011158 -0.250624 0 0.000157409
4 5.77839 0.000286102 0 -0.167918 0 0.000104395
5 2.23163 -0.000329971 -0.00036335 -0.0827061 0 0
6 11.4725 0 0 0.0404869 -0.608446 -0.445942
7 0.61522 -0.993091 -0.810701 2.90558 0.394414 -0.216419
8 2.24752 0 0 0.74958 0.0234199 -0.0685429
9 1.11936 0 0 -0.0578351 0.0092276 -0.738951
10 3.71348 -0.10264 0.10219 1.82628 0.812945 0.439552
11 1.72615 0 0 0.00870203 0.00432205 -1.48797
12 1.21114 0 0 0.00791188 0.0157622 -1.07755
13 3.59919 -1.06012 0.0708876 1.55375 0.455488 0.0822581
14 1.66069 0 0 0.0123567 0.0768804 -0.0633913
15 1.167 0 0 -0.0198407 0.0420915 -0.0781422
16 2.18853 0.50104 0.0576582 1.52634 -0.023807 0.160259
17 1.29609 0 0 0.0124651 0.1762 -0.851858
18 1.62202 0.000714302 -0.000471115 -0.000292817 -0.000350053 -1.40327
19 1.22241 0 0 -0.00965878 0.00464819 -1.28722
20 1.76707 1.27612 0.0366402 1.36121 0.188296 0.112883
21 1.55588 0 0 -0.0194635 0.301151 -0.624638
22 1.24274 0 0 -0.00047919 0.000361017 -1.32485
23 0.784524 0 0 0.00427096 0.00619494 -1.0301
24 -1.72731 1.19359 -12.5939 -0.000932693 0 -1.73036
25 6.02794 0 0 1.08478 0.438387 0.294925
26 11.7344 0 0 0.0014027 0 1.76521
27 8.81167 0 0 0.157878 0 0
28 5.77884 0 0 0.105778 0 0
29 2.23249 0 0 0.0520997 0 0
30 11.4725 0 0 0.162695 -0.0693512 -0.0709466
31 0.615813 0.994373 -0.809165 -2.46672 0.237831 0.660584
32 2.24752 0 0 -0.160032 -0.0700478 0.503879
33 1.11936 0 0 -0.0275855 0.130922 0.0242063
34 3.71349 0.10264 0.102191 -2.07905 0.714167 -0.453173
35 1.72615 0 0 -0.0146286 -0.0172615 0.690061
36 1.21112 0 0 0.00829898 0.0154844 1.14365
37 3.5992 1.06012 0.0708885 -2.01153 0.694673 -0.505899
38 1.66069 0 0 0.00355165 0.0500323 0.373593
39 1.16699 0 0 -0.00629263 -0.00718835 0.739342
40 2.18853 -0.501041 0.0576594 -1.57004 -0.0521618 -0.225938
41 1.29609 0 0 -0.198831 0.156738 0.828594
42 1.62201 -0.000712156 -0.000471115 -0.0437902 0.0524071 1.03978
43 1.2224 0 0 -0.0495141 0.0692884 0.791643
44 1.76707 -1.27612 0.0366418 -1.57004 -0.0711767 -0.261465
45 1.55588 0 0 -0.190246 0.0283806 0.885718
46 1.24273 0 0 0.000478829 0.000361111 1.3195
47 0.784531 0 0 -0.00640516 -0.00340408 0.746432
48 0 0 0 0 0 0
49 8.21524 -14.0553 -2.49064 1.57616 -0.257109 3.05081
50 0 0.596887 0 0 0 0
51 -0.496887 -0.188841 0.286781 0 0 0
52 -0.496892 -0.188822 -0.287058 0 0 0
53 0 -0.188841 -0.573975 0 0 0
54 0.497046 -0.188822 -0.287066 0 0 0
55 0.496964 -0.188841 0.28678 0 0 0
56 0 -0.188822 0.573699 0 0 0
57 -0.96605 -13.4143 -37.4873 -1.57616 0.257108 -0.0907805
58 6.47825 -14.563 -7.28492 0 0 0
59 0.988388 -0.769999 2.39939 -1.57616 0.257108 -0.0907805
60 0 -1.76462 0.0512838 0 0 -3.14159
61 0.132429 -3.80692 0.21937 0 0 -3.14159
62 0.132428 -1.32347 1.10768 0 0 0
63 0 2.7745 0 0 0 0
64 0 -0.750145 1.01704 0 0 -3.14159
time 40
0 4.9672 4.75721 -13.6191 0.000934124 0 -1.17275
1 6.02794 0 0 -1.55438 0.491752 -0.453895
2 11.7344 0 0 -0.00140265 0 -1.59234
3 8.81138 -0.000450134 -0.000112057 -0.244184 0 0.000157377
4 5.77839 0.000286102 0 -0.163603 0 0.00010434
5 2.23163 -0.000329971 -0.000363827 -0.0805806 0 0
6 11.4725 0 0 0.040843 -0.609197 -0.435337
7 0.615219 -0.99309 -0.810701 2.90558 0.394414 -0.216419
8 2.24752 0 0 0.74958 0.0234198 -0.0685429
9 1.11936 0 0 -0.0578351 0.0092277 -0.738951
10 3.71348 -0.10264 0.102191 1.82628 0.812945 0.439552
11 1.72615 0 0 0.00870201 0.00432207 -1.48797
12 1.21114 0 0 0.00791189 0.0157621 -1.07755
13 3.59919 -1.06012 0.0708876 1.55375 0.455488 0.0822582
14 1.66069 0 0 0.0123568 0.0768803 -0.0633911
15 1.167 0 0 -0.0198408 0.0420914 -0.0781421
16 2.18852 0.501043 0.0576591 1.52634 -0.023807 0.160259
17 1.29609 0 0 0.012465 0.1762 -0.851858
18 1.62202 0.000714302 -0.000471115 -0.000292827 -0.00034995 -1.40327
19 1.22241 0 0 -0.00965878 0.00464819 -1.28722
20 1.76707 1.27612 0.0366402 1.36121 0.188296 0.112882
21 1.55588 0 0 -0.0194636 0.301151 -0.624639
22 1.24274 0 0 -0.000478939 0.000360986 -1.32485
23 0.784523 0 0 0.00427094 0.00619497 -1.0301
24 -1.72731 1.00064 -12.6541 -0.000932693 0 -1.73036
25 6.02794 0 0 1.08589 0.436821 0.298789
26 11.7344 0 0 0.0014027 0 1.77965
27 8.81167 0 0 0.152196 0 0
28 5.77884 0 0 0.101972 0 0
29 2.23249 0 0 0.0502247 0 0
30 11.4725 0 0 0.158134 -0.0679268 -0.0862006
31 0.615813 0.994371 -0.809165 -2.46672 0.237831 0.660585
32 2.24752 0 0 -0.160032 -0.0700479 0.503879
33 1.11936 0 0 -0.0275854 0.130922 0.0242062
34 3.71349 0.102638 0.102192 -2.07905 0.714167 -0.453172
35 1.72615 0 0 -0.0146289 -0.0172615 0.690061
36 1.21112 0 0 0.00829911 0.0154844 1.14365
37 3.5992 1.06012 0.070888 -2.01153 0.694673 -0.505899
38 1.66069 0 0 0.00355169 0.0500323 0.373593
39 1.16699 0 0 -0.00629269 -0.00718828 0.739342
40 2.18853 -0.501043 0.0576599 -1.57004 -0.0521621 -0.225938
41 1.29609 0 0 -0.19883 0.156738 0.828594
42 1.62202 -0.000711918 -0.000469208 -0.0437902 0.0524071 1.03978
43 1.22241 0 0 -0.0495141 0.0692883 0.791643
44 1.76707 -1.27612 0.0366409 -1.57004 -0.0711767 -0.261465
45 1.55588 0 0 -0.190246 0.0283805 0.885718
46 1.24273 0 0 0.000478906 0.000361004 1.3195
47 0.784531 0 0 -0.00640516 -0.00340417 0.746433
48 0 0 0 0 0 0
49 8.22085 -14.0483 -2.49685 1.57936 -0.258202 3.04953
50 0 0.596887 0 0 0 0
51 -0.496886 -0.188841 0.286782 0 0 0
52 -0.49689 -0.188821 -0.287058 0 0 0
53 0 -0.18884 -0.573975 0 0 0
54 0.497048 -0.188822 -0.287066 0 0 0
55 0.496964 -0.18884 0.286782 0 0 0
56 0 -0.188822 0.5737 0 0 0
57 -1.00817 -13.5074 -37.4827 -1.57936 0.258202 -0.0920631
58 6.47825 -14.563 -7.28492 0 0 0
59 0.990115 -0.769768 2.39803 -1.57936 0.258202 -0.0920631
60 0 -1.76462 0.0512857 0 0 -3.14159
61 0.132431 -3.80691 0.21937 0 0 -3.14159
62 0.132429 -1.32347 1.10768 0 0 0
63 0 2.7745 0 0 0 0
64 0 -0.750145 1.01704 0 0 -3.14159
time 41
0 4.9672 4.75721 -13.6191 0.000934124 0 -1.17275
1 6.02794 0 0 -1.5547 0.494121 -0.453274
2 11.7344 0 0 -0.0014029 0 -1.59733
3 8.81138 -0.000448227 -0.00011158 -0.232254 0 0.000157136
4 5.77839 0.000286102 0 -0.15561 0 0.000104235
5 2.23163 -0.000328064 -0.00036335 -0.0766437 0 0
6 11.4725 0 0 0.042077 -0.604645 -0.422149
7 0.61522 -0.993093 -0.8107 2.90558 0.394414 -0.216419
8 2.24752 0 0 0.74958 0.0234197 -0.0685429
9 1.11936 0 0 -0.0578351 0.00922776 -0.738951
10 3.71348 -0.102642 0.102191 1.82628 0.812945 0.439552
11 1.72615 0 0 0.00870203 0.00432205 -1.48797
12 1.21114 0 0 0.00791187 0.015762 -1.07755
13 3.59919 -1.06012 0.0708876 1.55375 0.455488 0.0822583
14 1.66069 0 0 0.0123568 0.0768804 -0.0633914
15 1.167 0 0 -0.0198407 0.0420915 -0.0781421
16 2.18852 0.501038 0.0576582 1.52634 -0.0238071 0.160259
17 1.29609 0 0 0.012465 0.1762 -0.851858
18 1.62202 0.000715256 -0.000469208 -0.000292932 -0.000350009 -1.40327
19 1.22241 0 0 -0.00965865 0.00464821 -1.28722
20 1.76707 1.27612 0.0366411 1.36121 0.188296 0.112882
21 1.55588 0 0 -0.0194635 0.301151 -0.624638
22 1.24274 0 0 -0.00047906 0.000360948 -1.32485
23 0.784523 0 0 0.00427087 0.00619486 -1.0301
24 -1.72731 1.00064 -12.6541 -0.000932693 0 -1.73036
25 6.02794 0 0 1.08443 0.438979 0.298915
26 11.7344 0 0 0.0014026 0 1.78228
27 8.81167 0 0 0.157554 0 0
28 5.77884 0 0 0.105561 0 0
29 2.23249 0 0 0.0519928 0 0
30 11.4725 0 0 0.164756 -0.0754328 -0.094398
31 0.615813 0.994371 -0.809165 -2.46672 0.237831 0.660585
32 2.24752 0 0 -0.160032 -0.0700477 0.503879
33 1.11936 0 0 -0.0275857 0.130922 0.0242062
34 3.71349 0.102638 0.102192 -2.07905 0.714167 -0.453172
35 1.72615 0 0 -0.0146287 -0.0172615 0.690061
36 1.21112 0 0 0.00829903 0.0154844 1.14365
37 3.5992 1.06012 0.0708883 -2.01153 0.694673 -0.505899
38 1.66069 0 0 0.00355159 0.0500323 0.373593
39 1.16699 0 0 -0.00629261 -0.00718839 0.739342
40 2.18853 -0.501041 0.0576595 -1.57004 -0.052162 -0.225938
41 1.29609 0 0 -0.19883 0.156738 0.828594
42 1.62202 -0.000712156 -0.0004673 -0.0437903 0.0524071 1.03978
43 1.2224 0 0 -0.0495141 0.0692884 0.791643
44 1.76707 -1.27612 0.0366406 -1.57004 -0.0711767 -0.261465
45 1.55588 0 0 -0.190246 0.0283806 0.885718
46 1.24273 0 0 0.000479033 0.000360924 1.3195
47 0.78453 0 0 -0.00640522 -0.00340415 0.746433
48 0 0 0 0 0 0
49 8.2003 -14.0741 -2.47422 1.56762 -0.254192 3.05423
50 0 0.59689 0 0 0 0
51 -0.496888 -0.188841 0.286781 0 0 0
52 -0.496893 -0.188822 -0.287058 0 0 0
53 0 -0.188841 -0.573975 0 0 0
54 0.497047 -0.188822 -0.287067 0 0 0
55 0.496964 -0.188841 0.286781 0 0 0
56 0 -0.188822 0.5737 0 0 0
57 -0.854535 -13.1656 -37.4979 -1.56762 0.254192 -0.0873603
58 6.47825 -14.563 -7.28492 0 0 0
59 0.983782 -0.770616 2.403 -1.56762 0.254192 -0.0873603
60 0 -1.76462 0.0512867 0 0 -3.14159
61 0.132429 -3.80692 0.21937 0 0 -3.14159
62 0.132429 -1.32347 1.10768 0 0 0
63 0 2.7745 0 0 0 0
64 0 -0.750145 1.01704 0 0 -3.14159
time 42
0 4.9672 4.75721 -13.6191 0.000934124 0 -1.17275
1 6.02794 0 0 -1.55524 0.498402 -0.452212
2 11.7344 0 0 -0.00140288 0 -1.60654
3 8.81138 -0.000450134 -0.00011158 -0.211362 0 0.000157543
4 5.77839 0.000286102 0 -0.141612 0 0.000104583
5 2.23163 -0.000331879 -0.000363827 -0.0697494 0 0
6 11.4725 0 0 0.0444828 -0.596926 -0.399041
7 0.615219 -0.993091 -0.810699 2.90558 0.394414 -0.216419
8 2.24752 0 0 0.74958 0.0234199 -0.0685429
9 1.11936 0 0 -0.0578351 0.00922767 -0.738951
10 3.71348 -0.102642 0.102192 1.82628 0.812945 0.439552
11 1.72615 0 0 0.00870203 0.00432205 -1.48797
12 1.21114 0 0 0.00791189 0.0157621 -1.07755
13 3.59919 -1.06012 0.0708885 1.55375 0.455488 0.0822583
14 1.66069 0 0 0.0123566 0.0768804 -0.0633913
15 1.167 0 0 -0.0198407 0.0420915 -0.0781421
16 2.18852 0.501041 0.0576591 1.52634 -0.023807 0.160259
17 1.29609 0 0 0.012465 0.1762 -0.851858
18 1.62202 0.000714302 -0.000471115 -0.000292854 -0.000350009 -1.40327
19 1.22241 0 0 -0.00965882 0.00464815 -1.28722
20 1.76707 1.27612 0.0366411 1.36121 0.188296 0.112883
21 1.55588 0 0 -0.0194634 0.301151 -0.624638
22 1.24273 0 0 -0.00047913 0.000360941 -1.32485
23 0.784523 0 0 0.00427091 0.00619502 -1.0301
24 -1.72731 1.00064 -12.6541 -0.000932693 0 -1.73036
25 6.02794 0 0 1.08191 0.442629 0.299165
26 11.7344 0 0 0.00140279 0 1.78683
27 8.81167 0 0 0.166791 0 0
28 5.77884 0 0 0.11175 0 0
29 2.23249 0 0 0.0550411 0 0
30 11.4725 0 0 0.176464 -0.0881733 -0.108802
31 0.615812 0.994373 -0.809165 -2.46672 0.237831 0.660584
32 2.24752 0 0 -0.160032 -0.070048 0.503879
33 1.11936 0 0 -0.0275855 0.130922 0.0242061
34 3.71349 0.102638 0.102191 -2.07905 0.714167 -0.453172
35 1.72615 0 0 -0.0146287 -0.0172615 0.690061
36 1.21112 0 0 0.00829905 0.0154843 1.14365
37 3.5992 1.06012 0.0708878 -2.01153 0.694673 -0.505899
38 1.66069 0 0 0.00355165 0.0500323 0.373593
39 1.16699 0 0 -0.00629274 -0.00718822 0.739342
40 2.18853 -0.50104 0.0576586 -1.57004 -0.0521618 -0.225938
41 1.29609 0 0 -0.198831 0.156738 0.828594
42 1.62202 -0.000712872 -0.0004673 -0.0437901 0.0524071 1.03978
43 1.22241 0 0 -0.0495142 0.0692885 0.791643
44 1.76707 -1.27612 0.0366405 -1.57004 -0.0711766 -0.261465
45 1.55587 0 0 -0.190246 0.0283807 0.885718
46 1.24273 0 0 0.000478884 0.000361012 1.3195
47 0.784531 0 0 -0.00640522 -0.00340415 0.746432
48 0 0 0 0 0 0
49 8.16485 -14.1194 -2.43592 1.54734 -0.247265 3.06236
50 0 0.596888 0 0 0 0
51 -0.496888 -0.188841 0.28678 0 0 0
52 -0.496893 -0.188822 -0.287058 0 0 0
53 0 -0.188841 -0.573976 0 0 0
54 0.497046 -0.188822 -0.287067 0 0 0
55 0.496962 -0.188841 0.28678 0 0 0
56 0 -0.188822 0.573699 0 0 0
57 -0.594521 -12.5723 -37.5123 -1.54734 0.247265 -0.0792373
58 6.47825 -14.563 -7.28492 0 0 0
59 0.972843 -0.772079 2.41157 -1.54734 0.247265 -0.0792373
60 0 -1.76462 0.0512867 0 0 -3.14159
61 0.13243 -3.80692 0.219372 0 0 -3.14159
62 0.132428 -1.32347 1.10768 0 0 0
63 0 2.7745 0 0 0 0
64 0 -0.750145 1.01704 0 0 -3.14159
time 43
0 4.9672 4.75721 -13.6191 0.000934124 0 -1.17275
1 6.02794 0 0 -1.55583 0.502979 -0.451065
2 11.7344 0 0 -0.00140277 0 -1.61671
3 8.81139 -0.000450134 -0.000112057 -0.188141 0 0.000157594
4 5.77839 0.000286102 0 -0.126054 0 0.000104797
5 2.23164 -0.000328064 -0.000363827 -0.0620865 0 0
6 11.4725 0 0 0.047539 -0.588617 -0.373467
7 0.615219 -0.993093 -0.8107 2.90558 0.394414 -0.216419
8 2.24752 0 0 0.74958 0.0234198 -0.0685429
9 1.11936 0 0 -0.0578351 0.00922759 -0.738951
10 3.71348 -0.102642 0.102191 1.82628 0.812944 0.439551
11 1.72615 0 0 0.00870198 0.00432202 -1.48797
12 1.21114 0 0 0.00791182 0.015762 -1.07755
13 3.59919 -1.06012 0.0708895 1.55375 0.455488 0.0822582
14 1.66069 0 0 0.0123568 0.0768803 -0.0633911
15 1.167 0 0 -0.0198407 0.0420917 -0.0781421
16 2.18853 0.50104 0.0576591 1.52634 -0.023807 0.160259
17 1.29609 0 0 0.0124651 0.1762 -0.851858
18 1.62202 0.000714302 -0.000471115 -0.000292839 -0.000350027 -1.40327
19 1.22241 0 0 -0.00965866 0.00464813 -1.28722
20 1.76707 1.27612 0.0366411 1.36121 0.188296 0.112882
21 1.55588 0 0 -0.0194636 0.301151 -0.624639
22 1.24274 0 0 -0.000478985 0.000361045 -1.32485
23 0.784523 0 0 0.00427109 0.00619509 -1.0301
24 -1.72731 1.00064 -12.6541 -0.000932693 0 -1.73036
25 6.02794 0 0 1.07914 0.446546 0.299489
26 11.7344 0 0 0.00140262 0 1.79186
27 8.81167 0 0 0.176975 0 0
28 5.77884 0 0 0.118573 0 0
29 2.23249 0 0 0.0584017 0 0
30 11.4725 0 0 0.1898 -0.101912 -0.125088
31 0.615812 0.994371 -0.809165 -2.46672 0.237831 0.660585
32 2.24752 0 0 -0.160032 -0.0700478 0.503879
33 1.11936 0 0 -0.0275855 0.130922 0.0242062
34 3.71349 0.102636 0.102191 -2.07905 0.714167 -0.453172
35 1.72615 0 0 -0.0146288 -0.0172615 0.690061
36 1.21112 0 0 0.00829897 0.0154843 1.14365
37 3.5992 1.06011 0.0708883 -2.01153 0.694673 -0.505899
38 1.66069 0 0 0.0035517 0.0500323 0.373593
39 1.16699 0 0 -0.00629258 -0.00718836 0.739342
40 2.18853 -0.501041 0.0576584 -1.57004 -0.052162 -0.225938
41 1.29609 0 0 -0.19883 0.156738 0.828594
42 1.62202 -0.000711441 -0.000469208 -0.0437902 0.0524071 1.03978
43 1.22241 0 0 -0.0495142 0.0692885 0.791643
44 1.76707 -1.27612 0.0366414 -1.57004 -0.0711767 -0.261465
45 1.55588 0 0 -0.190245 0.0283806 0.885718
46 1.24273 0 0 0.000478806 0.000361082 1.3195
47 0.784531 0 0 -0.00640516 -0.00340417 0.746433
48 0 0 0 0 0 0
49 8.12579 -14.1703 -2.3948 1.52492 -0.239609 3.07133
50 0 0.596888 0 0 0 0
51 -0.496888 -0.188841 0.286781 0 0 0
52 -0.496891 -0.188822 -0.287059 0 0 0
53 0 -0.188841 -0.573975 0 0 0
54 0.497047 -0.188822 -0.287068 0 0 0
55 0.496963 -0.188841 0.286779 0 0 0
56 0 -0.188822 0.573699 0 0 0
57 -0.315403 -11.9125 -37.5106 -1.52492 0.239608 -0.0702591
58 6.47825 -14.563 -7.28492 0 0 0
59 0.960753 -0.773698 2.42105 -1.52492 0.239608 -0.0702592
60 0 -1.76462 0.0512867 0 0 -3.14159
61 0.13243 -3.80692 0.21937 0 0 -3.14159
62 0.132428 -1.32347 1.10768 0 0 0
63 0 2.7745 0 0 0 0
64 0 -0.750145 1.01704 0 0 -3.14159
time 44
0 4.9672 4.75721 -13.6191 0.000934124 0 -1.17275
1 6.02794 0 0 -1.55631 0.50656 -0.450159
2 11.7344 0 0 -0.00140292 0 -1.62492
3 8.81138 -0.000450134 -0.000112057 -0.169253 0 0.000157212
4 5.77839 0.000286102 0 -0.113399 0 0.000104572
5 2.23164 -0.000329971 -0.000363827 -0.0558533 0 0
6 11.4725 0 0 0.0503112 -0.582072 -0.352732
7 0.61522 -0.993092 -0.8107 2.90558 0.394414 -0.216419
8 2.24752 0 0 0.74958 0.0234199 -0.0685429
9 1.11936 0 0 -0.0578351 0.00922769 -0.738951
10 3.71348 -0.102642 0.102192 1.82628 0.812944 0.439551
11 1.72615 0 0 0.00870191 0.004322 -1.48797
12 1.21114 0 0 0.00791184 0.0157621 -1.07755
13 3.59919 -1.06012 0.0708885 1.55375 0.455488 0.0822582
14 1.66069 0 0 0.0123569 0.0768803 -0.0633911
15 1.167 0 0 -0.0198408 0.0420915 -0.0781422
16 2.18852 0.501038 0.0576591 1.52634 -0.0238071 0.160259
17 1.29609 0 0 0.012465 0.1762 -0.851858
18 1.62202 0.000714302 -0.000471115 -0.000292637 -0.000350082 -1.40327
19 1.22241 0 0 -0.00965878 0.00464789 -1.28722
20 1.76707 1.27612 0.0366411 1.36121 0.188296 0.112883
21 1.55588 0 0 -0.0194635 0.301151 -0.624639
22 1.24274 0 0 -0.000478991 0.000360955 -1.32485
23 0.784524 0 0 0.00427095 0.00619508 -1.0301
24 -1.72731 1.00064 -12.6541 -0.000932693 0 -1.73036
25 6.02794 0 0 1.0769 0.449627 0.299788
26 11.7344 0 0 0.00140273 0 1.79593
27 8.81167 0 0 0.185197 0 0
28 5.77884 0 0 0.124082 0 0
29 2.23249 0 0 0.0611151 0 0
30 11.4725 0 0 0.2009 -0.112758 -0.138557
31 0.615813 0.994373 -0.809166 -2.46672 0.237831 0.660585
32 2.24752 0 0 -0.160032 -0.0700478 0.503879
33 1.11936 0 0 -0.0275856 0.130922 0.0242062
34 3.71349 0.102638 0.10219 -2.07905 0.714167 -0.453172
35 1.72615 0 0 -0.0146287 -0.0172615 0.690061
36 1.21112 0 0 0.00829905 0.0154843 1.14365
37 3.5992 1.06012 0.0708876 -2.01153 0.694673 -0.505899
38 1.66069 0 0 0.00355162 0.0500323 0.373593
39 1.16699 0 0 -0.0062927 -0.0071883 0.739342
40 2.18853 -0.50104 0.0576582 -1.57004 -0.0521619 -0.225938
41 1.29609 0 0 -0.19883 0.156738 0.828595
42 1.62202 -0.000713825 -0.000471115 -0.0437902 0.0524072 1.03978
43 1.2224 0 0 -0.0495141 0.0692884 0.791643
44 1.76707 -1.27612 0.0366409 -1.57004 -0.0711765 -0.261465
45 1.55588 0 0 -0.190246 0.0283806 0.885718
46 1.24273 0 0 0.000478919 0.000360899 1.3195
47 0.784531 0 0 -0.00640513 -0.00340419 0.746433
48 0 0 0 0 0 0
49 8.09428 -14.2123 -2.36245 1.50677 -0.233411 3.0786
50 0 0.596889 0 0 0 0
51 -0.496887 -0.188841 0.286781 0 0 0
52 -0.496892 -0.188822 -0.287057 0 0 0
53 0 -0.18884 -0.573973 0 0 0
54 0.497047 -0.188822 -0.287066 0 0 0
55 0.496964 -0.188841 0.286782 0 0 0
56 0 -0.188822 0.5737 0 0 0
57 -0.0961132 -11.3757 -37.4957 -1.50677 0.233411 -0.0629912
58 6.47825 -14.563 -7.28492 0 0 0
59 0.950966 -0.775008 2.42872 -1.50677 0.233411 -0.0629912
60 0 -1.76462 0.0512857 0 0 -3.14159
61 0.132429 -3.80692 0.219372 0 0 -3.14159
62 0.132428 -1.32347 1.10768 0 0 0
63 0 2.7745 0 0 0 0
64 0 -0.750145 1.01704 0 0 -3.14159
time 45
0 4.9672 4.75721 -13.6191 0.000934124 0 -1.17275
1 6.02794 0 0 -1.5565 0.508002 -0.449792
2 11.7344 0 0 -0.0014029 0 -1.6283
3 8.81139 -0.000448227 -0.000112534 -0.161454 0 0.000157073
4 5.77839 0.00028801 0 -0.108174 0 0.000104491
5 2.23164 -0.000328064 -0.000363827 -0.0532798 0 0
6 11.4725 0 0 0.0515287 -0.579426 -0.344184
7 0.615219 -0.993093 -0.810699 2.90558 0.394414 -0.216419
8 2.24752 0 0 0.74958 0.0234199 -0.068543
9 1.11936 0 0 -0.057835 0.00922759 -0.738951
10 3.71348 -0.102642 0.102192 1.82628 0.812944 0.439551
11 1.72615 0 0 0.00870198 0.00432201 -1.48797
12 1.21114 0 0 0.00791186 0.0157621 -1.07755
13 3.59919 -1.06012 0.0708895 1.55375 0.455488 0.0822582
14 1.66069 0 0 0.0123567 0.0768804 -0.0633913
15 1.167 0 0 -0.0198407 0.0420915 -0.0781422
16 2.18852 0.50104 0.0576591 1.52634 -0.0238071 0.160259
17 1.29609 0 0 0.012465 0.1762 -0.851858
18 1.62202 0.000713348 -0.000471115 -0.000292595 -0.000349947 -1.40327
19 1.22241 0 0 -0.00965881 0.00464794 -1.28722
20 1.76707 1.27612 0.0366421 1.36121 0.188296 0.112883
21 1.55588 0 0 -0.0194634 0.301151 -0.624638
22 1.24273 0 0 -0.000478981 0.000360943 -1.32485
23 0.784522 0 0 0.00427092 0.00619489 -1.0301
24 -1.72731 1.00064 -12.6541 -0.000932693 0 -1.73036
25 6.02794 0 0 1.07599 0.450872 0.29992
26 11.7344 0 0 0.00140265 0 1.79761
27 8.81167 0 0 0.188578 0 0
28 5.77884 0 0 0.126347 0 0
29 2.23249 0 0 0.0622308 0 0
30 11.4725 0 0 0.205551 -0.11715 -0.144177
31 0.615812 0.994371 -0.809165 -2.46672 0.237831 0.660585
32 2.24752 0 0 -0.160032 -0.0700478 0.503879
33 1.11936 0 0 -0.0275857 0.130922 0.0242061
34 3.71349 0.102638 0.102191 -2.07905 0.714167 -0.453172
35 1.72615 0 0 -0.0146287 -0.0172615 0.690061
36 1.21112 0 0 0.0082991 0.0154843 1.14365
37 3.5992 1.06012 0.0708883 -2.01153 0.694673 -0.505899
38 1.66069 0 0 0.00355166 0.0500323 0.373593
39 1.16699 0 0 -0.00629271 -0.00718822 0.739342
40 2.18853 -0.501041 0.0576591 -1.57004 -0.0521618 -0.225938
41 1.29609 0 0 -0.198831 0.156738 0.828594
42 1.62201 -0.000712156 -0.000469208 -0.0437901 0.052407 1.03978
43 1.22241 0 0 -0.0495141 0.0692886 0.791643
44 1.76707 -1.27612 0.0366411 -1.57004 -0.0711765 -0.261465
45 1.55588 0 0 -0.190246 0.0283805 0.885718
46 1.24273 0 0 0.000478824 0.000360983 1.3195
47 0.784532 0 0 -0.00640519 -0.00340416 0.746432
48 0 0 0 0 0 0
49 8.08135 -14.2297 -2.34938 1.4993 -0.230859 3.08159
50 0 0.59689 0 0 0 0
51 -0.496887 -0.188841 0.28678 0 0 0
52 -0.496892 -0.188822 -0.287059 0 0 0
53 0 -0.188841 -0.573975 0 0 0
54 0.497046 -0.188822 -0.287067 0 0 0
55 0.496964 -0.188841 0.286781 0 0 0
56 0 -0.188822 0.5737 0 0 0
57 -0.00761414 -11.154 -37.486 -1.4993 0.230859 -0.0599985
58 6.47825 -14.563 -7.28492 0 0 0
59 0.946936 -0.775548 2.43188 -1.4993 0.230859 -0.0599985
60 0 -1.76462 0.0512857 0 0 -3.14159
61 0.13243 -3.80691 0.21937 0 0 -3.14159
62 0.132429 -1.32347 1.10768 0 0 0
63 0 2.7745 0 0 0 0
64 0 -0.750145 1.01704 0 0 -3.14159
end
