//Sequence File generated by the Wall Worm SMD Exporter PRO 1.99
//www.wallworm.com
version 1
nodes
0 "b_l_clav" -1
1 "b_l_upperarm" 0
2 "b_l_forearm" 1
3 "b_l_twist3" 2
4 "b_l_twist2" 2
5 "b_l_twist1" 2
6 "b_l_hand" 2
7 "b_l_thumb001" 6
8 "b_l_thumb002" 7
9 "b_l_thumb003" 8
10 "b_l_middle001" 6
11 "b_l_middle002" 10
12 "b_l_middle003" 11
13 "b_l_index001" 6
14 "b_l_index002" 13
15 "b_l_index003" 14
16 "b_l_hand_ringsqueezer" 6
17 "b_l_ring001" 16
18 "b_l_ring002" 17
19 "b_l_ring003" 18
20 "b_l_hand_pinkysqueezer" 6
21 "b_l_pinky001" 20
22 "b_l_pinky002" 21
23 "b_l_pinky003" 22
24 "b_r_clav" -1
25 "b_r_upperarm" 24
26 "b_r_forearm" 25
27 "b_r_twist3" 26
28 "b_r_twist2" 26
29 "b_r_twist1" 26
30 "b_r_hand" 26
31 "b_r_thumb001" 30
32 "b_r_thumb002" 31
33 "b_r_thumb003" 32
34 "b_r_middle001" 30
35 "b_r_middle002" 34
36 "b_r_middle003" 35
37 "b_r_index001" 30
38 "b_r_index002" 37
39 "b_r_index003" 38
40 "b_r_hand_ringsqueezer" 30
41 "b_r_ring001" 40
42 "b_r_ring002" 41
43 "b_r_ring003" 42
44 "b_r_hand_pinkysqueezer" 30
45 "b_r_pinky001" 44
46 "b_r_pinky002" 45
47 "b_r_pinky003" 46
48 "b_zero" -1
49 "d_nshell001" -1
50 "d_nshell002" -1
51 "d_nshell003" -1
52 "d_walk" -1
53 "d_gun" 52
54 "d_trig" 53
55 "d_safe" 53
56 "d_pump" 53
57 "d_lifter" 53
end
skeleton
time 0
0 1.41737 7.93066 -9.49678 0.000934124 0 -0.959925
1 6.02794 0 0 -1.34287 0.612086 -0.861528
2 11.7344 0 0 -0.00140281 0 -1.48988
3 8.81138 -0.000449181 -0.000112772 -0.655637 0 0.000157929
4 5.77839 0.000287056 0 -0.439277 0 0.000103188
5 2.23164 -0.000329018 -0.000364065 -0.21636 0 0
6 11.4725 0 0 -0.912268 0.389638 1.30034
7 0.615221 -0.99309 -0.8107 2.60393 0.11049 -0.664879
8 2.24752 0 0 0.0938275 0.0422525 0.3129
9 1.11936 0 0 0.0331182 0.0177755 -0.336174
10 3.71348 -0.10264 0.102191 1.54338 0.788472 0.269899
11 1.72615 0 0 0.00722129 -0.00791159 -1.3583
12 1.21114 0 0 0.000510585 0.0144862 -0.497983
13 3.5992 -1.06012 0.0708885 1.55963 0.518268 0.272186
14 1.66069 0 0 -0.0611391 0.0482494 -1.1264
15 1.167 0 0 0.00325878 -0.000534589 -0.803089
16 2.18853 0.501039 0.0576596 1.55856 -0.0234612 0.120989
17 1.29609 0 0 -0.146122 0.0806996 -0.896665
18 1.62202 0.000713348 -0.000472069 0.0301042 -0.0264367 -1.2835
19 1.22241 0 0 0.00397536 -0.00068623 -0.45734
20 1.76707 1.27612 0.0366416 1.50442 0.240424 0.0785842
21 1.55588 0 0 -0.195139 -0.0301391 -0.880683
22 1.24273 0 0 -0.000479243 0.000360456 -1.06131
23 0.784523 0 0 0.0113801 0.0065137 -0.229822
24 -4.10422 9.50291 7.76521 -0.000932672 1.04718 -2.53073
25 6.02794 0 0 -0.479874 -0.332895 -0.0951707
26 11.7344 0 0 0.00140277 0 1.08377
27 8.81167 0 0 1.14145 0 0
28 5.77884 0 0 0.764772 0 0
29 2.23249 0 0 0.376679 0 0
30 11.4725 0 0 -0.584742 -1.05393 2.06502
31 0.615812 0.994372 -0.809165 -2.96932 0.65078 0.252631
32 2.24752 0 0 -0.646241 0.113698 0.432028
33 1.11936 0 0 -0.126186 0.155671 0.950443
34 3.71349 0.102638 0.10219 -1.58924 1.19001 -0.348168
35 1.72615 0 0 0.00173731 0.0156061 1.23447
36 1.21112 0 0 -0.00956522 0.0276137 0.735767
37 3.5992 1.06012 0.0708885 -1.62938 1.12939 0.0253596
38 1.66069 0 0 0.0216181 0.0199865 1.04695
39 1.16699 0 0 -0.045039 0.0158759 1.46822
40 2.18853 -0.50104 0.0576591 -1.56657 -0.0478595 -0.112922
41 1.29609 0 0 0.313996 0.117272 1.44964
42 1.62202 -0.000713825 -0.000469208 0.000354897 0.000500711 1.11222
43 1.22241 0 0 0.0285837 0.0224792 0.733687
44 1.76707 -1.27612 0.0366402 -1.55745 0.249311 -0.0923494
45 1.55588 0 0 0.429608 0.0164275 1.422
46 1.24273 0 0 0.00047892 0.000360536 0.859979
47 0.784532 0 0 -0.00544722 -0.0160061 0.509155
48 0 0 0 0 0 0
49 -4.35232 -19.0149 -6.28928 -3.06648 0.101418 -3.05317
50 -6.75325 3.58714 -2.40166 -3.06648 0.101418 -3.05317
51 -9.81707 -4.80438 -9.82296 2.50814 0.0999406 -3.01631
52 -4.77416 -5.75588 -4.56645 0 0 0
53 -0.366635 -2.81137 -3.07114 -3.03989 -0.0747309 -1.48999
54 1.01569 0 -1.0878 0 0 0
55 -0.393681 0.152813 -1.3904 0 0 0
56 23.6734 0 -0.790618 0 0 0
57 5.15077 0 -1.06019 0 0 0
time 1
0 1.41935 7.90697 -9.49678 0.000934124 0 -0.959925
1 6.02794 0 0 -1.34067 0.612536 -0.860486
2 11.7344 0 0 -0.00140291 0 -1.49268
3 8.81138 -0.000450134 -0.000111938 -0.657748 0 0.000156575
4 5.77839 0.000286102 0 -0.440692 0 0.000102376
5 2.23163 -0.000329971 -0.000364065 -0.217057 0 0
6 11.4725 0 0 -0.916294 0.391324 1.30187
7 0.615221 -0.993091 -0.810699 2.60393 0.11049 -0.664879
8 2.24752 0 0 0.0938275 0.0422525 0.3129
9 1.11936 0 0 0.0331181 0.0177755 -0.336174
10 3.71348 -0.102641 0.102191 1.54338 0.788472 0.269899
11 1.72615 0 0 0.00722129 -0.00791159 -1.3583
12 1.21114 0 0 0.000510528 0.0144862 -0.497982
13 3.5992 -1.06012 0.0708876 1.55963 0.518268 0.272186
14 1.66069 0 0 -0.061139 0.0482494 -1.1264
15 1.167 0 0 0.00325873 -0.00053448 -0.803089
16 2.18853 0.50104 0.0576587 1.55856 -0.0234611 0.120989
17 1.29609 0 0 -0.146123 0.0806996 -0.896665
18 1.62202 0.000714302 -0.000472069 0.0301041 -0.0264368 -1.2835
19 1.22241 0 0 0.00397535 -0.000686172 -0.45734
20 1.76707 1.27612 0.0366411 1.50442 0.240424 0.0785842
21 1.55588 0 0 -0.195139 -0.030139 -0.880683
22 1.24273 0 0 -0.000479098 0.000360679 -1.06131
23 0.784523 0 0 0.01138 0.00651351 -0.229822
24 -4.10422 9.50291 7.76521 -0.000932672 1.04718 -2.53073
25 6.02794 0 0 -0.371093 -0.34888 -0.170114
26 11.7344 0 0 0.00140265 0 1.28306
27 8.81167 0 0 1.05347 0 0
28 5.77884 0 0 0.705826 0 0
29 2.23249 0 0 0.347646 0 0
30 11.4725 0 0 -0.400137 -1.08933 1.42203
31 0.615813 0.994372 -0.809165 -2.9379 0.330911 0.308539
32 2.24752 0 0 -0.356983 -0.00472011 0.273788
33 1.11936 0 0 -0.0308499 0.132871 1.13604
34 3.71348 0.10264 0.102191 -1.58884 1.17321 -0.344511
35 1.72615 0 0 0.00179835 0.0150054 1.21818
36 1.21112 0 0 -0.00962906 0.027436 0.725743
37 3.5992 1.06012 0.070888 -1.62898 1.1231 0.0235027
38 1.66069 0 0 0.0213978 0.0201869 1.04174
39 1.16699 0 0 -0.0450023 0.016078 1.45968
40 2.18853 -0.50104 0.0576587 -1.56662 -0.0479182 -0.114463
41 1.29609 0 0 0.30981 0.115042 1.43043
42 1.62202 -0.000713348 -0.000470161 0.000582364 0 1.09697
43 1.22241 0 0 0.028052 0.0218819 0.723604
44 1.76707 -1.27612 0.0366402 -1.55762 0.245512 -0.0946547
45 1.55588 0 0 0.42389 0.0166258 1.40291
46 1.24273 0 0 0.000478916 0.000360596 0.848726
47 0.784531 0 0 -0.00558884 -0.0157345 0.501593
48 0 0 0 0 0 0
49 -4.35009 -19.0149 -6.2876 -3.0684 0.0997479 -3.0535
50 -6.74072 3.58058 -2.3559 -3.0684 0.0997479 -3.0535
51 -10.2971 -3.90458 -8.29915 2.61328 0.0983425 -3.01665
52 -4.77416 -5.75588 -4.56645 0 0 0
53 -0.365409 -2.80894 -3.04966 -3.04158 -0.0728327 -1.49001
54 1.01569 0 -1.0878 0 0 0
55 -0.393679 0.152813 -1.39039 0 0 0
56 23.6734 0 -0.790618 0 0 0
57 5.15077 0 -1.06019 0 0 0
time 2
0 1.42514 7.83748 -9.49678 0.000934124 0 -0.959925
1 6.02794 0 0 -1.3339 0.614933 -0.857198
2 11.7344 0 0 -0.00140269 0 -1.50082
3 8.81138 -0.000450134 -0.000112414 -0.66374 0 0.000157972
4 5.77839 0.000285149 0 -0.444706 0 0.00010313
5 2.23163 -0.000329018 -0.000364304 -0.219034 0 0
6 11.4725 0 0 -0.925782 0.394328 1.30321
7 0.615219 -0.993091 -0.8107 2.60393 0.11049 -0.66488
8 2.24752 0 0 0.0938275 0.0422525 0.3129
9 1.11936 0 0 0.0331181 0.0177755 -0.336174
10 3.71348 -0.10264 0.102191 1.54338 0.788472 0.269899
11 1.72615 0 0 0.00722133 -0.00791155 -1.3583
12 1.21114 0 0 0.000510267 0.0144862 -0.497983
13 3.59919 -1.06012 0.070888 1.55963 0.518268 0.272186
14 1.66069 0 0 -0.0611391 0.0482494 -1.1264
15 1.167 0 0 0.00325862 -0.000534526 -0.803089
16 2.18853 0.50104 0.0576596 1.55856 -0.0234611 0.120989
17 1.29609 0 0 -0.146123 0.0806995 -0.896665
18 1.62202 0.000714302 -0.000471115 0.0301041 -0.0264369 -1.2835
19 1.22241 0 0 0.00397536 -0.00068623 -0.45734
20 1.76707 1.27612 0.0366411 1.50442 0.240423 0.0785842
21 1.55588 0 0 -0.195139 -0.030139 -0.880683
22 1.24273 0 0 -0.000479192 0.000360486 -1.06131
23 0.784524 0 0 0.0113802 0.0065137 -0.229822
24 -4.10422 9.50291 7.76521 -0.000932672 1.04718 -2.53073
25 6.02794 0 0 -0.278188 -0.346687 -0.221391
26 11.7344 0 0 0.00140271 0 1.44017
27 8.81167 0 0 0.732457 0 0
28 5.77884 0 0 0.490746 0 0
29 2.23249 0 0 0.241711 0 0
30 11.4725 0 0 -0.272624 -1.01823 0.872293
31 0.615813 0.994372 -0.809164 -2.8914 0.0110413 0.375626
32 2.24752 0 0 -0.0677246 -0.123138 0.100826
33 1.11936 0 0 0.0644859 0.106736 1.28065
34 3.71349 0.102639 0.102191 -1.58773 1.12661 -0.334362
35 1.72615 0 0 0.00185557 0.013339 1.17296
36 1.21112 0 0 -0.00968921 0.0269433 0.697931
37 3.5992 1.06012 0.070889 -1.62785 1.10509 0.0184745
38 1.66069 0 0 0.020767 0.0207751 1.02675
39 1.16699 0 0 -0.0448625 0.0166512 1.43528
40 2.18853 -0.50104 0.0576589 -1.56675 -0.048081 -0.118738
41 1.29609 0 0 0.298195 0.108854 1.37712
42 1.62202 -0.000713348 -0.000470161 0.00121419 -0.0013924 1.05467
43 1.22241 0 0 0.0265772 0.0202247 0.695627
44 1.76707 -1.27612 0.0366402 -1.55809 0.23497 -0.101051
45 1.55588 0 0 0.408024 0.0171763 1.34996
46 1.24273 0 0 0.00047899 0.000360637 0.8175
47 0.784533 0 0 -0.0059813 -0.0149813 0.480612
48 0 0 0 0 0 0
49 -4.3451 -19.0128 -6.28214 -3.07011 0.0960646 -3.05395
50 -6.71438 3.57789 -2.31025 -3.07011 0.0960646 -3.05395
51 -10.8359 -2.87753 -6.54322 2.73414 0.0947246 -3.0171
52 -4.77416 -5.75588 -4.56645 0 0 0
53 -0.362562 -2.80481 -3.0268 -3.04528 -0.0711524 -1.49002
54 1.01569 0 -1.0878 0 0 0
55 -0.393681 0.152813 -1.39039 0 0 0
56 23.6734 0 -0.790618 0 0 0
57 5.15077 0 -1.06019 0 0 0
time 3
0 1.43456 7.72461 -9.49678 0.000934124 0 -0.959925
1 6.02794 0 0 -1.32293 0.618696 -0.851799
2 11.7344 0 0 -0.00140275 0 -1.51341
3 8.81138 -0.000450134 -0.000112891 -0.670958 0 0.000157394
4 5.77839 0.000286102 0 -0.449542 0 0.000102704
5 2.23164 -0.000329971 -0.000364304 -0.221416 0 0
6 11.4725 0 0 -0.938612 0.397815 1.30561
7 0.61522 -0.99309 -0.8107 2.604 0.111288 -0.664799
8 2.24752 0 0 0.0938273 0.0422532 0.312892
9 1.11936 0 0 0.0331164 0.0177759 -0.336498
10 3.71348 -0.10264 0.10219 1.54338 0.788461 0.269916
11 1.72615 0 0 0.00722117 -0.0079117 -1.35918
12 1.21114 0 0 0.000526759 0.0144716 -0.496251
13 3.59919 -1.06012 0.070888 1.55963 0.518257 0.272186
14 1.66069 0 0 -0.0611732 0.0481958 -1.12722
15 1.167 0 0 0.00325862 -0.00053463 -0.802636
16 2.18853 0.501041 0.0576591 1.55856 -0.0231366 0.120989
17 1.29609 0 0 -0.146121 0.0807865 -0.89665
18 1.62202 0.000715256 -0.000471115 0.0301229 -0.0264107 -1.28431
19 1.22241 0 0 0.00397553 -0.000686146 -0.4556
20 1.76707 1.27612 0.0366406 1.50441 0.240905 0.07855
21 1.55588 0 0 -0.195143 -0.0301384 -0.88068
22 1.24274 0 0 -0.000479222 0.000360538 -1.06131
23 0.784523 0 0 0.0113801 0.00651366 -0.22849
24 -4.10422 9.50291 7.76521 -0.000932672 1.04718 -2.53073
25 6.02794 0 0 -0.202863 -0.335547 -0.251152
26 11.7344 0 0 0.00140274 0 1.56597
27 8.81167 0 0 0.176978 0 0
28 5.77884 0 0 0.118576 0 0
29 2.23249 0 0 0.0584028 0 0
30 11.4725 0 0 -0.281562 -0.896811 0.488936
31 0.615812 0.994372 -0.809165 -2.85536 0.00542921 0.401373
32 2.24752 0 0 -0.0618842 -0.123322 0.0690743
33 1.11936 0 0 0.0646464 0.0992449 1.26533
34 3.71349 0.102639 0.10219 -1.58605 1.05588 -0.318959
35 1.72615 0 0 0.00190943 0.0108098 1.10434
36 1.21112 0 0 -0.00974546 0.0261953 0.655718
37 3.5992 1.06012 0.070888 -1.62606 1.07668 0.0110842
38 1.66069 0 0 0.0197713 0.0217315 1.0029
39 1.16699 0 0 -0.0445746 0.0175449 1.39679
40 2.18853 -0.50104 0.0576587 -1.56695 -0.0483279 -0.125225
41 1.29609 0 0 0.280567 0.099463 1.29622
42 1.62202 -0.000713825 -0.000469208 0.0021726 -0.00350414 0.990454
43 1.22241 0 0 0.0243384 0.0177094 0.653165
44 1.76707 -1.27612 0.0366406 -1.55882 0.21897 -0.11076
45 1.55588 0 0 0.383943 0.0180117 1.26959
46 1.24273 0 0 0.000478888 0.000360598 0.770107
47 0.784531 0 0 -0.00657783 -0.013838 0.448768
48 0 0 0 0 0 0
49 -4.33975 -19.0133 -6.27549 -3.07147 0.0924028 -3.05434
50 -6.68799 3.57393 -2.27144 -3.07147 0.0924028 -3.05434
51 -11.3779 -1.82472 -4.73118 2.85925 0.0911152 -3.01751
52 -4.77416 -5.75588 -4.56645 0 0 0
53 -0.359343 -2.80373 -3.00639 -3.04896 -0.0698212 -1.49003
54 1.01569 0 -1.0878 0 0 0
55 -0.393679 0.152813 -1.3904 0 0 0
56 23.6734 0 -0.790619 0 0 0
57 5.15077 0 -1.06019 0 0 0
time 4
0 1.44739 7.57078 -9.49678 0.000934124 0 -0.959925
1 6.02794 0 0 -1.30811 0.62319 -0.84443
2 11.7344 0 0 -0.00140282 0 -1.52949
3 8.81138 -0.000451088 -0.000112057 -0.676631 0 0.000157526
4 5.77839 0.000286102 0 -0.453343 0 0.000102874
5 2.23163 -0.000329971 -0.000363827 -0.223288 0 0
6 11.4725 0 0 -0.952616 0.400997 1.31037
7 0.61522 -0.99309 -0.8107 2.60418 0.113544 -0.664572
8 2.24752 0 0 0.0938254 0.0422583 0.31284
9 1.11936 0 0 0.0331114 0.0177782 -0.337411
10 3.71348 -0.102639 0.102191 1.54338 0.788382 0.269963
11 1.72615 0 0 0.00722114 -0.00791171 -1.36163
12 1.21114 0 0 0.000574156 0.0144301 -0.491272
13 3.59919 -1.06012 0.070888 1.55963 0.518177 0.272186
14 1.66069 0 0 -0.0612692 0.0480449 -1.12952
15 1.167 0 0 0.00325871 -0.000534459 -0.801186
16 2.18853 0.50104 0.0576591 1.55856 -0.022223 0.120989
17 1.29609 0 0 -0.146112 0.0810308 -0.896549
18 1.62202 0.000712395 -0.000471115 0.0301761 -0.0263371 -1.28658
19 1.22241 0 0 0.00397543 -0.000686101 -0.450604
20 1.76707 1.27612 0.0366411 1.50439 0.24226 0.0784539
21 1.55588 0 0 -0.195154 -0.0301344 -0.880659
22 1.24273 0 0 -0.000479323 0.00036048 -1.0613
23 0.784524 0 0 0.0113802 0.00651358 -0.224685
24 -4.10422 9.50291 7.76521 -0.000932672 1.04718 -2.53073
25 6.02794 0 0 -0.144616 -0.321519 -0.262512
26 11.7344 0 0 0.00140276 0 1.66618
27 8.81167 0 0 -0.313859 0 0
28 5.77884 0 0 -0.210286 0 0
29 2.23249 0 0 -0.103573 0 0
30 11.4725 0 0 -0.375842 -0.767189 0.219948
31 0.615812 0.994371 -0.809165 -2.80949 -0.00946258 0.43261
32 2.24752 0 0 -0.0463169 -0.12364 0.0339845
33 1.11936 0 0 0.0649359 0.0904527 1.22303
34 3.71349 0.102638 0.102191 -1.58394 0.966704 -0.299538
35 1.72615 0 0 0.00195859 0.00762059 1.01781
36 1.21112 0 0 -0.00979693 0.0252525 0.602492
37 3.5992 1.06012 0.0708883 -1.6237 1.03916 0.00214453
38 1.66069 0 0 0.0184566 0.0230361 0.971104
39 1.16699 0 0 -0.0440939 0.0187094 1.34603
40 2.18853 -0.501041 0.0576594 -1.5672 -0.0486393 -0.133406
41 1.29609 0 0 0.258339 0.0876215 1.19421
42 1.62202 -0.000713348 -0.000469208 0.00338144 -0.00616695 0.909489
43 1.22241 0 0 0.021516 0.014538 0.599626
44 1.76707 -1.27612 0.0366399 -1.55973 0.198796 -0.123001
45 1.55588 0 0 0.353581 0.0190651 1.16826
46 1.24273 0 0 0.000478947 0.00036075 0.71035
47 0.784531 0 0 -0.00732932 -0.0123965 0.408617
48 0 0 0 0 0 0
49 -4.33645 -19.021 -6.27024 -3.07234 0.0907978 -3.05454
50 -6.67536 3.56358 -2.24603 -3.07234 0.0907978 -3.05454
51 -11.8839 -0.847275 -3.04448 2.97714 0.089543 -3.01771
52 -4.77416 -5.75588 -4.56645 0 0 0
53 -0.356997 -2.81045 -2.9923 -3.05058 -0.0689699 -1.49003
54 1.01569 0 -1.0878 0 0 0
55 -0.39368 0.152813 -1.39039 0 0 0
56 23.6734 0 -0.790618 0 0 0
57 5.15077 0 -1.06019 0 0 0
time 5
0 1.46344 7.37838 -9.49678 0.000934124 0 -0.959925
1 6.02794 0 0 -1.28986 0.62779 -0.835248
2 11.7344 0 0 -0.00140277 0 -1.54817
3 8.81138 -0.000451088 -0.000112057 -0.677738 0 0.000157923
4 5.77839 0.000286102 0 -0.454084 0 0.000103018
5 2.23163 -0.000329971 -0.000363588 -0.223654 0 0
6 11.4725 0 0 -0.965567 0.403173 1.31889
7 0.615218 -0.993091 -0.8107 2.60447 0.11705 -0.664222
8 2.24752 0 0 0.0938203 0.0422723 0.312697
9 1.11936 0 0 0.0331036 0.0177846 -0.338821
10 3.71348 -0.102641 0.102191 1.54338 0.788169 0.270036
11 1.72615 0 0 0.00722119 -0.00791169 -1.36543
12 1.21114 0 0 0.000651356 0.0143661 -0.483373
13 3.59919 -1.06012 0.0708885 1.55963 0.517963 0.272186
14 1.66069 0 0 -0.0614175 0.0478115 -1.13307
15 1.167 0 0 0.00325871 -0.000534632 -0.798598
16 2.18852 0.501038 0.0576591 1.55856 -0.0208113 0.120989
17 1.29609 0 0 -0.146087 0.0814081 -0.896274
18 1.62202 0.000713348 -0.000470161 0.0302582 -0.0262228 -1.29009
19 1.22241 0 0 0.00397542 -0.00068612 -0.442691
20 1.76707 1.27612 0.0366411 1.50434 0.244355 0.0783056
21 1.55588 0 0 -0.195171 -0.0301233 -0.880604
22 1.24273 0 0 -0.000479237 0.000360465 -1.06128
23 0.784523 0 0 0.0113802 0.00651357 -0.218687
24 -4.10422 9.50291 7.76521 -0.000932672 1.04718 -2.53073
25 6.02794 0 0 -0.101485 -0.308099 -0.259293
26 11.7344 0 0 0.00140281 0 1.74395
27 8.81167 0 0 -0.598948 0 0
28 5.77884 0 0 -0.401295 0 0
29 2.23249 0 0 -0.197653 0 0
30 11.4725 0 0 -0.507898 -0.647739 0.0201571
31 0.615813 0.994373 -0.809165 -2.75682 -0.0307185 0.467413
32 2.24752 0 0 -0.0239533 -0.12374 -0.00253649
33 1.11936 0 0 0.0650665 0.0808763 1.15925
34 3.71349 0.10264 0.102191 -1.58152 0.86475 -0.277336
35 1.72615 0 0 0.00200284 0.00397473 0.91889
36 1.21112 0 0 -0.00984362 0.0241744 0.541643
37 3.5992 1.06012 0.0708885 -1.62085 0.993837 -0.00753558
38 1.66069 0 0 0.0168682 0.0246692 0.932301
39 1.16699 0 0 -0.0433761 0.0200944 1.28478
40 2.18853 -0.50104 0.0576591 -1.56749 -0.0489953 -0.142758
41 1.29609 0 0 0.232929 0.074084 1.07758
42 1.62202 -0.000712872 -0.000470161 0.00476328 -0.00921125 0.816928
43 1.22241 0 0 0.0182892 0.0109124 0.538418
44 1.76707 -1.27612 0.0366411 -1.56077 0.175732 -0.136996
45 1.55588 0 0 0.31887 0.0202695 1.05241
46 1.24273 0 0 0.000478934 0.000360719 0.642035
47 0.784532 0 0 -0.00818856 -0.0107485 0.362715
48 0 0 0 0 0 0
49 -4.3376 -19.0407 -6.26895 -3.07256 0.0932863 -3.05439
50 -6.69029 3.54172 -2.24057 -3.07256 0.0932863 -3.05439
51 -12.3293 -0.0464258 -1.66884 3.07634 0.0920381 -3.01755
52 -4.77416 -5.75588 -4.56645 0 0 0
53 -0.356774 -2.8297 -2.98836 -3.04808 -0.0687297 -1.49003
54 1.01569 0 -1.0878 0 0 0
55 -0.393681 0.152814 -1.39039 0 0 0
56 23.6734 0 -0.790617 0 0 0
57 5.15077 0 -1.06019 0 0 0
time 6
0 1.48251 7.14984 -9.49678 0.000934124 0 -0.959925
1 6.02794 0 0 -1.26806 0.632984 -0.824287
2 11.7344 0 0 -0.0014029 0 -1.56998
3 8.81138 -0.000450134 -0.000112534 -0.670846 0 0.000157133
4 5.77839 0.000286102 0 -0.449467 0 0.000102537
5 2.23163 -0.000329018 -0.000363827 -0.221379 0 0
6 11.4725 0 0 -0.975629 0.40342 1.33276
7 0.615218 -0.993092 -0.8107 2.60484 0.121599 -0.66377
8 2.24752 0 0 0.0938103 0.0422995 0.312419
9 1.11936 0 0 0.0330936 0.017797 -0.340639
10 3.71348 -0.102642 0.102191 1.54339 0.787754 0.270131
11 1.72615 0 0 0.00722117 -0.00791174 -1.37033
12 1.21114 0 0 0.000757112 0.0142836 -0.472878
13 3.59919 -1.06012 0.0708876 1.55963 0.517544 0.272186
14 1.66069 0 0 -0.0616087 0.0475108 -1.13765
15 1.167 0 0 0.0032588 -0.000534377 -0.794734
16 2.18852 0.50104 0.0576587 1.55856 -0.0189918 0.120989
17 1.29609 0 0 -0.146038 0.0818948 -0.89574
18 1.62202 0.000712395 -0.000471115 0.0303639 -0.0260762 -1.29461
19 1.22241 0 0 0.0039754 -0.000686152 -0.432198
20 1.76707 1.27612 0.0366406 1.50429 0.247054 0.0781144
21 1.55588 0 0 -0.195194 -0.030102 -0.880495
22 1.24273 0 0 -0.000479236 0.00036061 -1.06123
23 0.784524 0 0 0.0113802 0.00651363 -0.210779
24 -4.10422 9.50291 7.76521 -0.000932672 1.04718 -2.53073
25 6.02794 0 0 -0.0719227 -0.297371 -0.246734
26 11.7344 0 0 0.00140265 0 1.80233
27 8.81167 0 0 -0.767578 0 0
28 5.77884 0 0 -0.514277 0 0
29 2.23249 0 0 -0.253301 0 0
30 11.4725 0 0 -0.651372 -0.54665 -0.132461
31 0.615813 0.994372 -0.809165 -2.70034 -0.055423 0.503856
32 2.24752 0 0 0.00227505 -0.12327 -0.0385806
33 1.11936 0 0 0.0647504 0.0710324 1.07949
34 3.71349 0.102639 0.102191 -1.57893 0.755699 -0.253588
35 1.72615 0 0 0.0020415 0 0.813083
36 1.21112 0 0 -0.00988421 0.0230211 0.476558
37 3.5992 1.06012 0.0708876 -1.61761 0.94202 -0.0171426
38 1.66069 0 0 0.0150525 0.0266117 0.887413
39 1.16699 0 0 -0.0423768 0.0216498 1.21484
40 2.18853 -0.501041 0.0576591 -1.56779 -0.0493762 -0.152762
41 1.29609 0 0 0.205749 0.0596042 0.952842
42 1.62202 -0.000713348 -0.000470161 0.00624149 -0.0124674 0.717923
43 1.22241 0 0 0.0148374 0.00703454 0.47295
44 1.76707 -1.27612 0.0366402 -1.56189 0.151063 -0.151965
45 1.55587 0 0 0.281743 0.0215577 0.928493
46 1.24273 0 0 0.000478859 0.000360798 0.568964
47 0.784532 0 0 -0.00910745 -0.00898578 0.313617
48 0 0 0 0 0 0
49 -4.3464 -19.0649 -6.284 -3.072 0.101903 -3.05373
50 -6.74732 3.51533 -2.27173 -3.072 0.101903 -3.05373
51 -12.6948 0.488302 -0.801451 -3.1378 0.100628 -3.01686
52 -4.77416 -5.75588 -4.56645 0 0 0
53 -0.360714 -2.8541 -3.00819 -3.03944 -0.0692315 -1.49003
54 1.01569 0 -1.0878 0 0 0
55 -0.393681 0.152813 -1.3904 0 0 0
56 23.6734 0 -0.790618 0 0 0
57 5.15077 0 -1.06019 0 0 0
time 7
0 1.50439 6.88756 -9.49678 0.000934124 0 -0.959925
1 6.02794 0 0 -1.2428 0.638737 -0.811656
2 11.7344 0 0 -0.0014028 0 -1.5952
3 8.81139 -0.000450134 -0.000112295 -0.654716 0 0.00015704
4 5.77839 0.000285149 0 -0.43866 0 0.000102507
5 2.23164 -0.000329971 -0.000364304 -0.216056 0 0
6 11.4725 0 0 -0.982335 0.401348 1.35208
7 0.61522 -0.993091 -0.8107 2.60527 0.126982 -0.663239
8 2.24752 0 0 0.0937938 0.0423442 0.31196
9 1.11936 0 0 0.0330818 0.0178175 -0.342773
10 3.71348 -0.102641 0.102191 1.54341 0.787069 0.270242
11 1.72615 0 0 0.00722117 -0.00791155 -1.37608
12 1.21114 0 0 0.000889947 0.0141867 -0.460113
13 3.59919 -1.06012 0.070888 1.55963 0.516854 0.272186
14 1.66069 0 0 -0.0618329 0.047158 -1.14303
15 1.167 0 0 0.00325867 -0.000534623 -0.789455
16 2.18853 0.50104 0.0576591 1.55856 -0.0168554 0.120989
17 1.29609 0 0 -0.145957 0.0824661 -0.894858
18 1.62202 0.000714302 -0.000472069 0.0304883 -0.0259036 -1.29992
19 1.22241 0 0 0.00397525 -0.000686097 -0.419465
20 1.76707 1.27612 0.0366411 1.50422 0.250223 0.0778899
21 1.55588 0 0 -0.19522 -0.0300665 -0.880316
22 1.24273 0 0 -0.000479315 0.000360436 -1.06114
23 0.784523 0 0 0.0113802 0.00651363 -0.201244
24 -4.10422 9.50291 7.76521 -0.000932672 1.04718 -2.53073
25 6.02794 0 0 -0.0535221 -0.289786 -0.229779
26 11.7344 0 0 0.00140265 0 1.84448
27 8.81167 0 0 -0.887275 0 0
28 5.77884 0 0 -0.594474 0 0
29 2.23249 0 0 -0.292801 0 0
30 11.4725 0 0 -0.793996 -0.466468 -0.247778
31 0.615812 0.994372 -0.809165 -2.64308 -0.0806601 0.540015
32 2.24752 0 0 0.0294375 -0.121879 -0.0722405
33 1.11936 0 0 0.0636997 0.0614376 0.989235
34 3.71348 0.102639 0.102191 -1.5763 0.645229 -0.22953
35 1.72615 0 0 0.00207445 -0.00387545 0.7059
36 1.21112 0 0 -0.00991803 0.0218531 0.410626
37 3.5992 1.06012 0.070888 -1.61404 0.885011 -0.025868
38 1.66069 0 0 0.0130551 0.0288433 0.837367
39 1.16699 0 0 -0.0410503 0.0233254 1.13801
40 2.18853 -0.50104 0.0576591 -1.5681 -0.049762 -0.162895
41 1.29609 0 0 0.178216 0.044936 0.826477
42 1.62202 -0.000713348 -0.000470161 0.00773874 -0.0157658 0.61763
43 1.22241 0 0 0.0113413 0.00310592 0.406629
44 1.76707 -1.27612 0.0366402 -1.56302 0.126073 -0.167128
45 1.55587 0 0 0.244133 0.0228625 0.802966
46 1.24273 0 0 0.000478973 0.000360927 0.494942
47 0.784531 0 0 -0.0100382 -0.00720015 0.263881
48 0 0 0 0 0 0
49 -4.363 -19.0865 -6.31258 -3.07004 0.116817 -3.05246
50 -6.84777 3.49364 -2.35108 -3.07004 0.116817 -3.05246
51 -12.9325 0.670993 -0.61822 -3.10996 0.11546 -3.01553
52 -4.77416 -5.75588 -4.56645 0 0 0
53 -0.368862 -2.87732 -3.05507 -3.02448 -0.0710646 -1.49001
54 1.01569 0 -1.0878 0 0 0
55 -0.39368 0.152813 -1.39039 0 0 0
56 23.6734 0 -0.790618 0 0 0
57 5.15077 0 -1.06019 0 0 0
time 8
0 1.52888 6.59394 -9.49678 0.000934124 0 -0.959925
1 6.02794 0 0 -1.21464 0.644261 -0.797594
2 11.7344 0 0 -0.00140291 0 -1.62249
3 8.81139 -0.000449181 -0.000111818 -0.631987 0 0.000156959
4 5.77839 0.000287056 0 -0.423431 0 0.000102646
5 2.23164 -0.000329018 -0.00036335 -0.208556 0 0
6 11.4725 0 0 -0.9875 0.398044 1.3752
7 0.615219 -0.993091 -0.8107 2.60575 0.132992 -0.662653
8 2.24752 0 0 0.0937693 0.042411 0.311275
9 1.11936 0 0 0.0330688 0.0178481 -0.345134
10 3.71348 -0.102642 0.102191 1.54343 0.786048 0.270364
11 1.72615 0 0 0.00722125 -0.00791151 -1.38244
12 1.21114 0 0 0.00104842 0.0140796 -0.445405
13 3.59919 -1.06012 0.0708876 1.55963 0.515825 0.272186
14 1.66069 0 0 -0.0620812 0.0467676 -1.14898
15 1.167 0 0 0.00325879 -0.000534565 -0.782621
16 2.18853 0.501038 0.0576591 1.55856 -0.0144923 0.120989
17 1.29609 0 0 -0.145837 0.0830979 -0.893542
18 1.62202 0.000711441 -0.000471115 0.0306256 -0.0257129 -1.30579
19 1.22241 0 0 0.00397551 -0.000686315 -0.404829
20 1.76707 1.27612 0.0366411 1.50414 0.253729 0.0776414
21 1.55588 0 0 -0.195249 -0.0300139 -0.88005
22 1.24273 0 0 -0.000479272 0.000360548 -1.06102
23 0.784523 0 0 0.0113802 0.00651365 -0.190364
24 -4.10422 9.50291 7.76521 -0.000932672 1.04718 -2.53073
25 6.02794 0 0 -0.0426288 -0.284526 -0.211225
26 11.7344 0 0 0.00140269 0 1.87372
27 8.81167 0 0 -0.990007 0 0
28 5.77884 0 0 -0.663304 0 0
29 2.23249 0 0 -0.326702 0 0
30 11.4725 0 0 -0.931647 -0.405094 -0.333374
31 0.615813 0.994372 -0.809165 -2.58802 -0.103514 0.573964
32 2.24752 0 0 0.054603 -0.119214 -0.101608
33 1.11936 0 0 0.0616266 0.0526084 0.893991
34 3.71349 0.102639 0.102191 -1.57378 0.539017 -0.2064
35 1.72615 0 0 0.00210014 -0.00767355 0.602848
36 1.21112 0 0 -0.00994523 0.02073 0.347236
37 3.5992 1.06012 0.070888 -1.61024 0.824116 -0.0328984
38 1.66069 0 0 0.0109207 0.0313445 0.783089
39 1.16699 0 0 -0.0393528 0.0250711 1.05608
40 2.18853 -0.50104 0.0576596 -1.5684 -0.0501329 -0.172638
41 1.29609 0 0 0.151744 0.0308332 0.704983
42 1.62202 -0.000713348 -0.000470161 0.00917836 -0.0189374 0.521203
43 1.2224 0 0 0.00797955 -0.000671046 0.342865
44 1.76707 -1.27612 0.0366411 -1.5641 0.102047 -0.181708
45 1.55587 0 0 0.207972 0.0241171 0.682278
46 1.24273 0 0 0.000478832 0.00036088 0.423773
47 0.784531 0 0 -0.0109337 -0.0054833 0.216062
48 0 0 0 0 0 0
49 -4.38437 -19.1126 -6.35058 -3.0674 0.135815 -3.05073
50 -6.97579 3.46754 -2.45805 -3.0674 0.135815 -3.05073
51 -13.0887 0.637913 -0.83948 -3.10662 0.134349 -3.01373
52 -4.77416 -5.75588 -4.56645 0 0 0
53 -0.379466 -2.9057 -3.11733 -3.00541 -0.0735088 -1.49
54 1.01569 0 -1.0878 0 0 0
55 -0.393679 0.152812 -1.39039 0 0 0
56 23.6734 0 -0.790618 0 0 0
57 5.15077 0 -1.06019 0 0 0
time 9
0 1.55579 6.27141 -9.49678 0.000934124 0 -0.959925
1 6.02794 0 0 -1.18406 0.649309 -0.782201
2 11.7344 0 0 -0.00140283 0 -1.65129
3 8.81138 -0.000449181 -0.00011158 -0.604007 0 0.000156724
4 5.77839 0.000286102 0 -0.404685 0 0.000102609
5 2.23163 -0.000329971 -0.000363827 -0.199322 0 0
6 11.4725 0 0 -0.992708 0.394879 1.40198
7 0.615219 -0.993091 -0.8107 2.60626 0.139421 -0.662032
8 2.24752 0 0 0.0937351 0.0425043 0.31032
9 1.11936 0 0 0.0330551 0.0178908 -0.347631
10 3.71348 -0.102642 0.102191 1.54347 0.784623 0.270493
11 1.72615 0 0 0.00722124 -0.0079118 -1.38916
12 1.21114 0 0 0.0012311 0.0139664 -0.429078
13 3.59919 -1.06012 0.0708876 1.55963 0.514389 0.272186
14 1.66069 0 0 -0.0623438 0.0463548 -1.15527
15 1.167 0 0 0.00325881 -0.000534439 -0.774093
16 2.18853 0.501039 0.0576582 1.55856 -0.0119936 0.120989
17 1.29609 0 0 -0.145669 0.0837661 -0.891707
18 1.62202 0.000715256 -0.000471115 0.0307708 -0.0255112 -1.31201
19 1.22241 0 0 0.00397542 -0.000686109 -0.388628
20 1.76707 1.27612 0.0366402 1.50407 0.257436 0.0773787
21 1.55588 0 0 -0.195279 -0.0299402 -0.879677
22 1.24273 0 0 -0.000479098 0.000360466 -1.06084
23 0.784523 0 0 0.01138 0.00651355 -0.17842
24 -4.10422 9.50291 7.76521 -0.000932672 1.04718 -2.53073
25 6.02794 0 0 -0.0364589 -0.280715 -0.191945
26 11.7344 0 0 0.00140269 0 1.89204
27 8.81167 0 0 -1.0893 0 0
28 5.77884 0 0 -0.729831 0 0
29 2.23249 0 0 -0.359469 0 0
30 11.4725 0 0 -1.06235 -0.35973 -0.395736
31 0.615812 0.994372 -0.809165 -2.53819 -0.121069 0.603778
32 2.24752 0 0 0.0748404 -0.114925 -0.124777
33 1.11936 0 0 0.0582433 0.0450614 0.799254
34 3.71348 0.102639 0.102191 -1.5715 0.442741 -0.185434
35 1.72615 0 0 0.00211886 -0.0111164 0.509435
36 1.21112 0 0 -0.00996523 0.0197121 0.289775
37 3.5992 1.06012 0.0708885 -1.60629 0.760638 -0.0374245
38 1.66069 0 0 0.00869618 0.0340954 0.725504
39 1.16699 0 0 -0.0372393 0.0268369 0.970852
40 2.18853 -0.50104 0.0576591 -1.56867 -0.0504691 -0.181469
41 1.29609 0 0 0.127748 0.0180495 0.594854
42 1.62202 -0.00071311 -0.000469685 0.0104834 -0.0218122 0.433795
43 1.2224 0 0 0.00493216 -0.00409467 0.285066
44 1.76707 -1.27612 0.0366411 -1.56509 0.0802673 -0.194923
45 1.55588 0 0 0.175194 0.0252544 0.572879
46 1.24273 0 0 0.00047888 0.000360799 0.359261
47 0.784531 0 0 -0.0117448 -0.003927 0.172716
48 0 0 0 0 0 0
49 -4.40778 -19.1519 -6.40551 -3.06592 0.157372 -3.04891
50 -7.11912 3.42192 -2.55845 -3.06592 0.157372 -3.04891
51 -13.261 0.581618 -1.07372 -3.10434 0.155837 -3.01179
52 -4.77416 -5.75588 -4.56645 0 0 0
53 -0.390777 -2.94556 -3.18328 -2.98378 -0.0747309 -1.48999
54 1.01569 0 -1.0878 0 0 0
55 -0.39368 0.152813 -1.39039 0 0 0
56 23.6734 0 -0.790617 0 0 0
57 5.15077 0 -1.06019 0 0 0
time 10
0 1.58491 5.92237 -9.49678 0.000934124 0 -0.959925
1 6.02794 0 0 -1.15099 0.654533 -0.765372
2 11.7344 0 0 -0.00140298 0 -1.68014
3 8.81138 -0.000450134 -0.000112772 -0.583121 0 0.000157747
4 5.77839 0.000287056 0 -0.390691 0 0.000103291
5 2.23163 -0.000329018 -0.000364304 -0.19243 0 0
6 11.4725 0 0 -1.00519 0.395463 1.42599
7 0.61522 -0.99309 -0.8107 2.60677 0.146061 -0.661401
8 2.24752 0 0 0.0936895 0.0426283 0.309049
9 1.11936 0 0 0.0330411 0.0179477 -0.350173
10 3.71348 -0.102641 0.10219 1.54351 0.782726 0.270625
11 1.72615 0 0 0.00722126 -0.00791149 -1.39601
12 1.21114 0 0 0.00143651 0.013851 -0.411457
13 3.59919 -1.06012 0.0708876 1.55963 0.512478 0.272186
14 1.66069 0 0 -0.0626109 0.0459345 -1.16167
15 1.167 0 0 0.00325869 -0.000534497 -0.763732
16 2.18853 0.50104 0.0576587 1.55856 -0.00944943 0.120989
17 1.29609 0 0 -0.145445 0.0844465 -0.889264
18 1.62202 0.000713348 -0.000471115 0.0309189 -0.0253059 -1.31833
19 1.22241 0 0 0.00397538 -0.000686162 -0.371202
20 1.76707 1.27612 0.0366406 1.50399 0.26121 0.0771112
21 1.55588 0 0 -0.19531 -0.0298424 -0.879182
22 1.24273 0 0 -0.00047922 0.000360564 -1.06061
23 0.784523 0 0 0.0113801 0.00651363 -0.165697
24 -4.10422 9.50291 7.76521 -0.000932672 1.04718 -2.53073
25 6.02794 0 0 -0.0341892 -0.277772 -0.169939
26 11.7344 0 0 0.00140263 0 1.90071
27 8.81167 0 0 -1.19466 0 0
28 5.77884 0 0 -0.800426 0 0
29 2.23249 0 0 -0.394239 0 0
30 11.4725 0 0 -1.19052 -0.327801 -0.444156
31 0.615812 0.994373 -0.809165 -2.49658 -0.130409 0.627532
32 2.24752 0 0 0.0872188 -0.10866 -0.139838
33 1.11936 0 0 0.0532618 0.0393133 0.710521
34 3.71349 0.102639 0.102191 -1.56958 0.362076 -0.167867
35 1.72615 0 0 0.00213026 -0.0140009 0.431171
36 1.21112 0 0 -0.00997674 0.018859 0.241632
37 3.5992 1.06012 0.0708885 -1.60228 0.695882 -0.0386348
38 1.66069 0 0 0.00642647 0.0370767 0.66554
39 1.16699 0 0 -0.034665 0.0285725 0.884117
40 2.18853 -0.50104 0.0576591 -1.5689 -0.0507506 -0.188869
41 1.29609 0 0 0.107644 0.00733888 0.502584
42 1.62202 -0.00071311 -0.000469685 0.0115769 -0.0242206 0.360562
43 1.22241 0 0 0.00237908 -0.00696338 0.236639
44 1.76707 -1.27612 0.0366411 -1.56591 0.0620199 -0.205995
45 1.55588 0 0 0.147731 0.0262075 0.48122
46 1.24273 0 0 0.00047891 0.000360889 0.305211
47 0.784532 0 0 -0.0124248 -0.00262312 0.136398
48 0 0 0 0 0 0
49 -4.43064 -19.2141 -6.49209 -3.06833 0.174171 -3.04841
50 -7.22604 3.34206 -2.60198 -3.06833 0.174171 -3.04841
51 -13.389 0.490651 -1.22997 -3.10611 0.172713 -3.01118
52 -4.77416 -5.75588 -4.56645 0 0 0
53 -0.401045 -3.00324 -3.24126 -2.96696 -0.0721514 -1.49033
54 1.01569 0 -1.0878 0 0 0
55 -0.39368 0.152813 -1.39039 0 0 0
56 23.6734 0 -0.790618 0 0 0
57 5.15077 0 -1.06019 0 0 0
time 11
0 1.61603 5.54923 -9.49678 0.000934124 0 -0.959925
1 6.02794 0 0 -1.11667 0.658256 -0.747833
2 11.7344 0 0 -0.00140278 0 -1.70755
3 8.81138 -0.000449181 -0.000112295 -0.565889 0 0.000157321
4 5.77839 0.000287056 0 -0.379146 0 0.00010301
5 2.23163 -0.000329018 -0.000363827 -0.186743 0 0
6 11.4725 0 0 -1.02205 0.399774 1.4491
7 0.61522 -0.993091 -0.8107 2.60728 0.152705 -0.66078
8 2.24752 0 0 0.093631 0.0427876 0.307417
9 1.11936 0 0 0.0330273 0.0180206 -0.35267
10 3.71348 -0.10264 0.10219 1.54357 0.780291 0.270755
11 1.72615 0 0 0.00722117 -0.00791178 -1.40273
12 1.21114 0 0 0.00166352 0.0137378 -0.39287
13 3.59919 -1.06012 0.0708876 1.55963 0.510025 0.272186
14 1.66069 0 0 -0.0628733 0.0455217 -1.16796
15 1.167 0 0 0.00325879 -0.000534444 -0.751399
16 2.18853 0.50104 0.0576582 1.55856 -0.00695034 0.120989
17 1.29609 0 0 -0.145158 0.0851146 -0.886127
18 1.62202 0.000713348 -0.000471115 0.0310641 -0.0251043 -1.32454
19 1.22241 0 0 0.00397534 -0.000686157 -0.352887
20 1.76707 1.27612 0.0366402 1.50391 0.264917 0.0768486
21 1.55588 0 0 -0.195341 -0.0297168 -0.878545
22 1.24274 0 0 -0.000479209 0.000360472 -1.06032
23 0.784524 0 0 0.0113801 0.00651365 -0.152475
24 -4.10422 9.50291 7.76521 -0.000932672 1.04718 -2.53073
25 6.02794 0 0 -0.0352883 -0.275474 -0.145382
26 11.7344 0 0 0.00140267 0 1.9003
27 8.81167 0 0 -1.30576 0 0
28 5.77884 0 0 -0.87486 0 0
29 2.23249 0 0 -0.430901 0 0
30 11.4725 0 0 -1.31337 -0.310184 -0.481084
31 0.615812 0.994373 -0.809165 -2.46622 -0.12862 0.643301
32 2.24752 0 0 0.088807 -0.100066 -0.144885
33 1.11936 0 0 0.0463944 0.0358805 0.633289
34 3.71348 0.10264 0.10219 -1.56817 0.302701 -0.154937
35 1.72615 0 0 0.00213261 -0.0161241 0.373562
36 1.21112 0 0 -0.00997954 0.0182312 0.206196
37 3.5992 1.06012 0.0708876 -1.59829 0.631153 -0.0357183
38 1.66069 0 0 0.0041577 0.0402685 0.604122
39 1.16699 0 0 -0.0315855 0.030228 0.797673
40 2.18853 -0.50104 0.0576587 -1.56907 -0.0509581 -0.194315
41 1.29609 0 0 0.0928452 -0.000544874 0.434666
42 1.62202 -0.000713348 -0.000470161 0.0123813 -0.0259934 0.306657
43 1.22241 0 0 0.000499966 -0.00907482 0.200994
44 1.76707 -1.27612 0.0366402 -1.56652 0.0485884 -0.214146
45 1.55588 0 0 0.127516 0.0269089 0.413753
46 1.24273 0 0 0.000478851 0.000360872 0.265426
47 0.784531 0 0 -0.0129248 -0.00166342 0.109667
48 0 0 0 0 0 0
49 -4.45524 -19.3053 -6.59703 -3.07447 0.18827 -3.0495
50 -7.30429 3.2219 -2.58005 -3.07447 0.18827 -3.0495
51 -13.485 0.360732 -1.31213 -3.11171 0.187026 -3.01217
52 -4.77416 -5.75588 -4.56645 0 0 0
53 -0.408521 -3.08506 -3.2796 -2.95291 -0.0659359 -1.49129
54 1.01569 0 -1.0878 0 0 0
55 -0.393679 0.152813 -1.39039 0 0 0
56 23.6734 0 -0.790618 0 0 0
57 5.15077 0 -1.06019 0 0 0
time 12
0 1.64897 5.1544 -9.49678 0.000934124 0 -0.959925
1 6.02794 0 0 -1.08401 0.656976 -0.731219
2 11.7344 0 0 -0.00140291 0 -1.7333
3 8.81138 -0.000452042 -0.000112057 -0.527711 0 0.000157729
4 5.77839 0.000284195 0 -0.353566 0 0.000103458
5 2.23163 -0.000329971 -0.00036335 -0.174144 0 0
6 11.4725 0 0 -1.0293 0.404259 1.48421
7 0.61522 -0.993092 -0.8107 2.60776 0.159144 -0.660194
8 2.24752 0 0 0.093558 0.0429865 0.305379
9 1.11936 0 0 0.0330143 0.0181116 -0.355031
10 3.71348 -0.102641 0.102191 1.54364 0.77725 0.270877
11 1.72615 0 0 0.00722117 -0.00791178 -1.40909
12 1.21114 0 0 0.00191037 0.0136307 -0.37364
13 3.59919 -1.06012 0.0708876 1.55963 0.50696 0.272186
14 1.66069 0 0 -0.0631215 0.0451313 -1.17391
15 1.167 0 0 0.00325882 -0.000534515 -0.736953
16 2.18853 0.501039 0.0576587 1.55856 -0.00458743 0.120989
17 1.29609 0 0 -0.1448 0.0857465 -0.88221
18 1.62202 0.000714302 -0.000469208 0.0312015 -0.0249135 -1.33042
19 1.22241 0 0 0.00397535 -0.000686173 -0.334022
20 1.76707 1.27612 0.0366406 1.50384 0.268423 0.0766002
21 1.55588 0 0 -0.19537 -0.0295599 -0.877751
22 1.24274 0 0 -0.000479275 0.000360552 -1.05994
23 0.784524 0 0 0.0113802 0.00651366 -0.139036
24 -4.10422 9.50291 7.76521 -0.000932672 1.04718 -2.53073
25 6.02794 0 0 -0.0370764 -0.273381 -0.121376
26 11.7344 0 0 0.00140274 0 1.89055
27 8.81167 0 0 -1.41136 0 0
28 5.77884 0 0 -0.945611 0 0
29 2.23249 0 0 -0.465749 0 0
30 11.4725 0 0 -1.42018 -0.308043 -0.500609
31 0.615813 0.994372 -0.809166 -2.4501 -0.112783 0.64916
32 2.24752 0 0 0.0766741 -0.088792 -0.13801
33 1.11936 0 0 0.0373533 0.0352797 0.573054
34 3.71349 0.102639 0.10219 -1.5674 0.270294 -0.147879
35 1.72615 0 0 0.00212625 -0.017283 0.342119
36 1.21112 0 0 -0.00997288 0.0178886 0.186854
37 3.5992 1.06012 0.070888 -1.5944 0.567756 -0.0278638
38 1.66069 0 0 0.00193518 0.0436509 0.542176
39 1.16699 0 0 -0.0279558 0.031753 0.713314
40 2.18853 -0.50104 0.0576587 -1.56916 -0.0510713 -0.197288
41 1.29609 0 0 0.084768 -0.00484799 0.397596
42 1.62202 -0.000712872 -0.000470638 0.0128204 -0.0269612 0.277235
43 1.2224 0 0 -0.000525702 -0.0102271 0.181538
44 1.76707 -1.27612 0.0366402 -1.56685 0.0412572 -0.218594
45 1.55588 0 0 0.116483 0.0272915 0.376928
46 1.24273 0 0 0.000478934 0.000360948 0.243711
47 0.784531 0 0 -0.0131982 -0.00113954 0.0950757
48 0 0 0 0 0 0
49 -4.48608 -19.429 -6.68614 -3.08188 0.21221 -3.05097
50 -7.43011 3.05968 -2.52427 -3.08188 0.21221 -3.05097
51 -13.6382 0.18732 -1.42693 -3.1182 0.211222 -3.01344
52 -4.77416 -5.75588 -4.56645 0 0 0
53 -0.411453 -3.19736 -3.28662 -2.92901 -0.0583688 -1.49276
54 1.01569 0 -1.0878 0 0 0
55 -0.39368 0.152813 -1.39039 0 0 0
56 23.6734 0 -0.790617 0 0 0
57 5.15077 0 -1.06019 0 0 0
time 13
0 1.68352 4.74028 -9.49678 0.000934124 0 -0.959925
1 6.02794 0 0 -1.05667 0.646332 -0.718204
2 11.7344 0 0 -0.00140295 0 -1.75507
3 8.81138 -0.000452042 -0.00011158 -0.44495 0 0.000158368
4 5.77839 0.000286102 0 -0.298117 0 0.000104212
5 2.23163 -0.000330925 -0.000363827 -0.146833 0 0
6 11.4725 0 0 -1.0126 0.405368 1.54346
7 0.615218 -0.993091 -0.8107 2.60819 0.165172 -0.659663
8 2.24752 0 0 0.0934688 0.0432295 0.302889
9 1.11936 0 0 0.0330026 0.0182229 -0.357165
10 3.71348 -0.102641 0.102191 1.54372 0.773535 0.270988
11 1.72615 0 0 0.00722122 -0.00791162 -1.41484
12 1.21114 0 0 0.0021759 0.0135339 -0.354094
13 3.59919 -1.06012 0.070888 1.55963 0.503217 0.272186
14 1.66069 0 0 -0.063346 0.0447783 -1.17929
15 1.167 0 0 0.00325873 -0.000534535 -0.720258
16 2.18853 0.501039 0.0576591 1.55856 -0.00245109 0.120989
17 1.29609 0 0 -0.144362 0.0863179 -0.877426
18 1.62202 0.000713348 -0.000471115 0.0313256 -0.0247411 -1.33573
19 1.22241 0 0 0.00397532 -0.000686242 -0.314945
20 1.76707 1.27612 0.0366411 1.50377 0.271592 0.0763757
21 1.55588 0 0 -0.195396 -0.0293682 -0.87678
22 1.24274 0 0 -0.000479235 0.000360498 -1.05949
23 0.784524 0 0 0.0113802 0.0065136 -0.125665
24 -4.10422 9.50291 7.76521 -0.000932672 1.04718 -2.53073
25 6.02794 0 0 -0.036593 -0.271053 -0.100511
26 11.7344 0 0 0.00140275 0 1.87125
27 8.81167 0 0 -1.49563 0 0
28 5.77884 0 0 -1.00207 0 0
29 2.23249 0 0 -0.493559 0 0
30 11.4725 0 0 -1.5003 -0.32225 -0.497622
31 0.615813 0.994373 -0.809165 -2.45123 -0.0799847 0.643183
32 2.24752 0 0 0.0478893 -0.0744868 -0.117305
33 1.11936 0 0 0.0258504 0.0380275 0.535313
34 3.71349 0.10264 0.10219 -1.56741 0.27053 -0.147931
35 1.72615 0 0 0.00211073 -0.0172746 0.342348
36 1.21112 0 0 -0.00995666 0.0178911 0.186995
37 3.5992 1.06012 0.0708876 -1.59069 0.506993 -0.0142595
38 1.66069 0 0 -0.000194819 0.0472046 0.480628
39 1.16699 0 0 -0.0237315 0.0330975 0.632838
40 2.18853 -0.50104 0.0576582 -1.56916 -0.0510705 -0.197266
41 1.29609 0 0 0.0848268 -0.00481661 0.397866
42 1.62202 -0.000713348 -0.000469446 0.0128176 -0.0269541 0.27745
43 1.22241 0 0 -0.000518162 -0.0102188 0.181679
44 1.76707 -1.27612 0.0366402 -1.56685 0.0413109 -0.218561
45 1.55588 0 0 0.116563 0.0272889 0.377197
46 1.24273 0 0 0.000478985 0.000360847 0.243869
47 0.784531 0 0 -0.0131964 -0.00114331 0.0951824
48 0 0 0 0 0 0
49 -4.52749 -19.5892 -6.72595 -3.08808 0.258555 -3.05177
50 -7.67788 2.85473 -2.47444 -3.08808 0.258555 -3.05177
51 -13.927 -0.0312052 -1.69056 -3.12259 0.257761 -3.01382
52 -4.77416 -5.75588 -4.56645 0 0 0
53 -0.408092 -3.34648 -3.25064 -2.88268 -0.0517346 -1.49467
54 1.01569 0 -1.0878 0 0 0
55 -0.39368 0.152813 -1.39039 0 0 0
56 23.6734 0 -0.790618 0 0 0
57 5.15077 0 -1.06019 0 0 0
time 14
0 1.71947 4.3093 -9.49678 0.000934124 0 -0.959925
1 6.02794 0 0 -1.03802 0.622093 -0.711646
2 11.7344 0 0 -0.00140278 0 -1.76805
3 8.81139 -0.000449181 -0.000111103 -0.308574 0 0.000157334
4 5.77839 0.000286102 0 -0.206745 0 0.000104017
5 2.23164 -0.000329018 -0.000363827 -0.101829 0 0
6 11.4725 0 0 -0.959639 0.399729 1.63733
7 0.615218 -0.993091 -0.8107 2.60856 0.17058 -0.659212
8 2.24752 0 0 0.0933618 0.0435209 0.299904
9 1.11936 0 0 0.0329926 0.0183563 -0.358983
10 3.71348 -0.102641 0.102191 1.54383 0.76908 0.271082
11 1.72615 0 0 0.00722126 -0.00791169 -1.41974
12 1.21113 0 0 0.00245856 0.0134514 -0.334558
13 3.59919 -1.06012 0.070888 1.55963 0.498728 0.272186
14 1.66069 0 0 -0.0635371 0.0444778 -1.18387
15 1.167 0 0 0.00325879 -0.000534475 -0.701171
16 2.18852 0.501039 0.0576587 1.55856 -0.000631507 0.120989
17 1.29609 0 0 -0.143836 0.0868044 -0.871688
18 1.62202 0.000713348 -0.000472069 0.0314314 -0.0245942 -1.34025
19 1.22241 0 0 0.00397537 -0.000686172 -0.295995
20 1.76707 1.27612 0.0366411 1.50371 0.274292 0.0761843
21 1.55588 0 0 -0.195418 -0.0291383 -0.875616
22 1.24273 0 0 -0.000479292 0.000360538 -1.05895
23 0.784524 0 0 0.0113801 0.00651363 -0.112642
24 -4.10422 9.50291 7.76521 -0.000932672 1.04718 -2.53073
25 6.02794 0 0 -0.0297794 -0.267582 -0.082218
26 11.7344 0 0 0.00140269 0 1.84156
27 8.81167 0 0 -1.5414 0 0
28 5.77884 0 0 -1.03274 0 0
29 2.23249 0 0 -0.508662 0 0
30 11.4725 0 0 -1.54281 -0.350426 -0.47386
31 0.615812 0.994373 -0.809165 -2.47262 -0.0273087 0.623446
32 2.24752 0 0 -0.000478612 -0.0567985 -0.0808628
33 1.11936 0 0 0.0115981 0.0446404 0.525564
34 3.71349 0.102639 0.102191 -1.56832 0.309088 -0.156328
35 1.72615 0 0 0.00208539 -0.0158959 0.379759
36 1.21112 0 0 -0.00992956 0.0182987 0.210008
37 3.5992 1.06012 0.0708885 -1.58726 0.450172 0.00590397
38 1.66069 0 0 -0.00218704 0.0509096 0.420406
39 1.16699 0 0 -0.0188678 0.0342114 0.558039
40 2.18853 -0.50104 0.0576582 -1.56905 -0.0509357 -0.19373
41 1.29609 0 0 0.0944368 0.000303144 0.441972
42 1.62202 -0.000712872 -0.0004704 0.0122949 -0.0258028 0.312456
43 1.22241 0 0 0.000702031 -0.00884771 0.204828
44 1.76707 -1.27612 0.0366406 -1.56645 0.0500332 -0.213268
45 1.55588 0 0 0.129691 0.0268332 0.42101
46 1.24273 0 0 0.000478981 0.000360881 0.269706
47 0.784532 0 0 -0.0128712 -0.00176656 0.112542
48 0 0 0 0 0 0
49 -4.58748 -19.8139 -6.71492 -3.09379 0.339029 -3.05206
50 -8.10871 2.57141 -2.44569 -3.09379 0.339029 -3.05206
51 -14.3949 -0.329796 -2.19799 -3.12506 0.338385 -3.01315
52 -4.77416 -5.75588 -4.56645 0 0 0
53 -0.39907 -3.55883 -3.15628 -2.8022 -0.0450799 -1.49717
54 1.01569 0 -1.0878 0 0 0
55 -0.393679 0.152814 -1.39039 0 0 0
56 23.6734 0 -0.790617 0 0 0
57 5.15077 0 -1.06019 0 0 0
time 15
0 1.75663 3.86386 -9.49678 0.000934124 0 -0.959925
1 6.02794 0 0 -1.02509 0.587786 -0.710928
2 11.7344 0 0 -0.00140292 0 -1.77238
3 8.81138 -0.000450134 -0.000112295 -0.16064 0 0.000158184
4 5.77839 0.000287056 0 -0.107629 0 0.000105239
5 2.23164 -0.000328064 -0.000363827 -0.0530111 0 0
6 11.4725 0 0 -0.881745 0.385392 1.75282
7 0.61522 -0.993093 -0.8107 2.60885 0.175161 -0.658861
8 2.24752 0 0 0.0932353 0.0438651 0.296376
9 1.11936 0 0 0.0329847 0.018514 -0.360393
10 3.71348 -0.102642 0.102191 1.54395 0.763817 0.271156
11 1.72615 0 0 0.00722119 -0.00791168 -1.42354
12 1.21114 0 0 0.00275719 0.0133873 -0.315357
13 3.59919 -1.06012 0.0708876 1.55963 0.493425 0.272186
14 1.66069 0 0 -0.0636854 0.0442445 -1.18742
15 1.167 0 0 0.0032586 -0.000534682 -0.679556
16 2.18853 0.501039 0.0576589 1.55856 0.000780109 0.120989
17 1.29609 0 0 -0.143216 0.0871818 -0.864909
18 1.62202 0.000713348 -0.000471115 0.0315135 -0.0244802 -1.34376
19 1.22241 0 0 0.00397536 -0.000686229 -0.27751
20 1.76707 1.27612 0.0366406 1.50367 0.276386 0.076036
21 1.55588 0 0 -0.195435 -0.0288667 -0.874241
22 1.24274 0 0 -0.00047927 0.000360499 -1.0583
23 0.784523 0 0 0.0113801 0.00651355 -0.10025
24 -4.10422 9.50291 7.76521 -0.000932672 1.04718 -2.53073
25 6.02794 0 0 -0.0240707 -0.264314 -0.0630471
26 11.7344 0 0 0.0014028 0 1.80238
27 8.81167 0 0 -1.55062 0 0
28 5.77884 0 0 -1.03892 0 0
29 2.23249 0 0 -0.511706 0 0
30 11.4725 0 0 -1.55094 -0.399245 -0.442608
31 0.615812 0.994373 -0.809165 -2.51729 0.0481606 0.588024
32 2.24752 0 0 -0.0713604 -0.0353751 -0.026776
33 1.11936 0 0 -0.00569152 0.0556349 0.549302
34 3.71349 0.102639 0.102191 -1.57028 0.391645 -0.174306
35 1.72615 0 0 0.0020492 -0.0129435 0.45986
36 1.21112 0 0 -0.00989182 0.0191717 0.25928
37 3.5992 1.06012 0.0708895 -1.58418 0.398595 0.0334384
38 1.66069 0 0 -0.00399625 0.0547463 0.362434
39 1.16699 0 0 -0.0133198 0.0350445 0.490715
40 2.18853 -0.501041 0.0576591 -1.56882 -0.0506475 -0.186157
41 1.29609 0 0 0.115013 0.011265 0.536407
42 1.62202 -0.00071311 -0.0004704 0.0111759 -0.0233378 0.387407
43 1.22241 0 0 0.00331505 -0.00591157 0.254391
44 1.76707 -1.27612 0.0366411 -1.56561 0.0687088 -0.201937
45 1.55587 0 0 0.157798 0.0258581 0.514819
46 1.24273 0 0 0.000478936 0.000360964 0.325024
47 0.784532 0 0 -0.0121755 -0.0031011 0.149711
48 0 0 0 0 0 0
49 -4.66148 -20.0859 -6.68308 -3.09983 0.444173 -3.0531
50 -8.65347 2.2314 -2.47217 -3.09983 0.444173 -3.0531
51 -14.9254 -0.676268 -2.92289 -3.12658 0.443668 -3.01246
52 -4.77416 -5.75588 -4.56645 0 0 0
53 -0.386508 -3.81717 -3.02424 -2.69708 -0.0377073 -1.50025
54 1.01569 0 -1.0878 0 0 0
55 -0.393681 0.152814 -1.39039 0 0 0
56 23.6734 0 -0.790618 0 0 0
57 5.15077 0 -1.06019 0 0 0
time 16
0 1.79479 3.40637 -9.49678 0.000934124 0 -0.959925
1 6.02794 0 0 -1.01239 0.551205 -0.713231
2 11.7344 0 0 -0.00140289 0 -1.77472
3 8.81138 -0.000449181 -0.000112295 -0.0397173 0 0.000157244
4 5.77839 0.000287056 0 -0.0266106 0 0.000105165
5 2.23164 -0.000329018 -0.00036478 -0.0131066 0 0
6 11.4725 0 0 -0.800373 0.362693 1.86846
7 0.615219 -0.993091 -0.8107 2.60903 0.178706 -0.658634
8 2.24752 0 0 0.0930879 0.0442667 0.292262
9 1.11936 0 0 0.0329798 0.0186978 -0.361306
10 3.71348 -0.102641 0.102191 1.54409 0.757678 0.271203
11 1.72615 0 0 0.00722133 -0.00791159 -1.426
12 1.21114 0 0 0.00306975 0.0133459 -0.296816
13 3.59919 -1.06012 0.0708882 1.55963 0.48724 0.272186
14 1.66069 0 0 -0.0637814 0.0440936 -1.18972
15 1.167 0 0 0.00325874 -0.000534415 -0.655273
16 2.18852 0.50104 0.057659 1.55856 0.00169384 0.120989
17 1.29609 0 0 -0.142492 0.087426 -0.857002
18 1.62202 0.000713348 -0.000471115 0.0315665 -0.0244066 -1.34603
19 1.22241 0 0 0.00397536 -0.000686153 -0.259828
20 1.76707 1.27612 0.0366411 1.50364 0.277741 0.07594
21 1.55588 0 0 -0.195447 -0.0285501 -0.872637
22 1.24274 0 0 -0.000479186 0.000360648 -1.05755
23 0.784523 0 0 0.0113801 0.00651355 -0.0887718
24 -4.10422 9.50291 7.76521 -0.000932672 1.04718 -2.53073
25 6.02794 0 0 -0.0480914 -0.266438 -0.0369822
26 11.7344 0 0 0.00140269 0 1.74837
27 8.81167 0 0 -1.53877 0 0
28 5.77884 0 0 -1.03098 0 0
29 2.23249 0 0 -0.507795 0 0
30 11.4725 0 0 -1.53681 -0.517529 -0.413728
31 0.615813 0.994372 -0.809165 -2.60097 0.16705 0.525042
32 2.24752 0 0 -0.184343 -0.00489021 0.0616092
33 1.11936 0 0 -0.0303217 0.0745878 0.618103
34 3.71349 0.102639 0.102191 -1.57387 0.542803 -0.207225
35 1.72615 0 0 0.00199002 -0.00753813 0.606521
36 1.21112 0 0 -0.00982979 0.0207701 0.349495
37 3.5992 1.06012 0.0708876 -1.58088 0.342347 0.0753324
38 1.66069 0 0 -0.00596938 0.0595153 0.294959
39 1.16699 0 0 -0.00614482 0.0357243 0.418025
40 2.18853 -0.50104 0.0576591 -1.56839 -0.0501197 -0.172291
41 1.29609 0 0 0.152688 0.0313358 0.709314
42 1.62202 -0.000712633 -0.000469923 0.0091268 -0.0188242 0.52464
43 1.22241 0 0 0.00809926 -0.000536494 0.345138
44 1.76707 -1.27612 0.0366411 -1.56406 0.102903 -0.181188
45 1.55588 0 0 0.209261 0.0240725 0.686579
46 1.24273 0 0 0.0004789 0.00036073 0.42631
47 0.784532 0 0 -0.0109012 -0.00554449 0.217766
48 0 0 0 0 0 0
49 -4.7349 -20.342 -6.64279 -3.10361 0.554738 -3.05434
50 -9.19302 1.91916 -2.60619 -3.10361 0.554738 -3.05434
51 -15.374 -0.981478 -3.77938 -3.12508 0.554275 -3.01117
52 -4.77416 -5.75588 -4.56645 0 0 0
53 -0.370896 -4.06231 -2.89696 -2.58653 -0.0322847 -1.50356
54 1.01569 0 -1.0878 0 0 0
55 -0.39368 0.152814 -1.3904 0 0 0
56 23.6734 0 -0.790618 0 0 0
57 5.15077 0 -1.06019 0 0 0
time 17
0 1.83376 2.93924 -9.49678 0.000934124 0 -0.959925
1 6.02794 0 0 -0.995652 0.520357 -0.71528
2 11.7344 0 0 -0.00140299 0 -1.7842
3 8.81138 -0.000449181 -0.00011301 0.047054 0 0.000157391
4 5.77839 0.000287056 0 0.0315263 0 0.000105671
5 2.23163 -0.000329018 -0.000363827 0.0155278 0 0
6 11.4725 0 0 -0.735376 0.337271 1.96778
7 0.615219 -0.99309 -0.8107 2.6091 0.181008 -0.658554
8 2.24752 0 0 0.0929178 0.0447299 0.287516
9 1.11936 0 0 0.032978 0.0189099 -0.36163
10 3.71348 -0.102642 0.102191 1.54426 0.750597 0.27122
11 1.72615 0 0 0.00722118 -0.00791164 -1.42687
12 1.21114 0 0 0.00339552 0.0133312 -0.279262
13 3.5992 -1.06012 0.0708884 1.55963 0.480105 0.272186
14 1.66069 0 0 -0.0638155 0.0440399 -1.19054
15 1.167 0 0 0.00325866 -0.000534531 -0.628181
16 2.18853 0.50104 0.0576593 1.55856 0.00201808 0.120989
17 1.29609 0 0 -0.141658 0.087513 -0.847881
18 1.62202 0.000713348 -0.000471115 0.0315854 -0.0243804 -1.34684
19 1.22241 0 0 0.00397543 -0.000686102 -0.243286
20 1.76707 1.27612 0.036641 1.50363 0.278223 0.0759058
21 1.55588 0 0 -0.195451 -0.0281848 -0.870786
22 1.24273 0 0 -0.000479167 0.000360499 -1.05669
23 0.784523 0 0 0.0113802 0.00651365 -0.078489
24 -4.10422 9.50291 7.76521 -0.000932672 1.04718 -2.53073
25 6.02794 0 0 -0.11227 -0.27353 0.000887727
26 11.7344 0 0 0.00140274 0 1.6834
27 8.81167 0 0 -1.51299 0 0
28 5.77884 0 0 -1.0137 0 0
29 2.23249 0 0 -0.499286 0 0
30 11.4725 0 0 -1.49949 -0.712254 -0.414564
31 0.615813 0.994372 -0.809165 -2.71766 0.323526 0.438352
32 2.24752 0 0 -0.333562 0.0339526 0.180476
33 1.11936 0 0 -0.0617168 0.100465 0.720971
34 3.71349 0.102639 0.102191 -1.57878 0.749313 -0.252197
35 1.72615 0 0 0.00190944 -0.000153397 0.806887
36 1.21112 0 0 -0.00974538 0.0229537 0.472747
37 3.5992 1.06012 0.0708885 -1.57714 0.278385 0.129694
38 1.66069 0 0 -0.00821389 0.0652626 0.215823
39 1.16699 0 0 0.00255262 0.0363677 0.33578
40 2.18853 -0.501041 0.0576591 -1.56781 -0.0493985 -0.153347
41 1.29609 0 0 0.204158 0.0587563 0.945536
42 1.62202 -0.000713348 -0.000469923 0.00632793 -0.012658 0.712125
43 1.22241 0 0 0.0146352 0.00680745 0.469116
44 1.76707 -1.27612 0.0366411 -1.56195 0.149619 -0.152841
45 1.55587 0 0 0.279569 0.021633 0.921236
46 1.24273 0 0 0.000478932 0.000360699 0.564684
47 0.784533 0 0 -0.00916135 -0.00888247 0.310742
48 0 0 0 0 0 0
49 -4.7948 -20.5205 -6.60222 -3.102 0.65144 -3.0535
50 -9.62695 1.71317 -2.85484 -3.102 0.65144 -3.0535
51 -15.6654 -1.17645 -4.63847 -3.11824 0.650822 -3.00736
52 -4.77416 -5.75588 -4.56645 0 0 0
53 -0.352721 -4.23505 -2.81691 -2.48977 -0.0314802 -1.50672
54 1.01569 0 -1.0878 0 0 0
55 -0.393681 0.152813 -1.39039 0 0 0
56 23.6734 0 -0.790618 0 0 0
57 5.15077 0 -1.06019 0 0 0
time 18
0 1.87333 2.46488 -9.49678 0.000934124 0 -0.959925
1 6.02794 0 0 -0.966995 0.51977 -0.696812
2 11.7344 0 0 -0.00140287 0 -1.80587
3 8.81138 -0.000449181 -0.000110626 0.0530022 0 0.000157429
4 5.77839 0.000287056 0 0.0355115 0 0.000105719
5 2.23163 -0.000328064 -0.00036335 0.0174906 0 0
6 11.4725 0 0 -0.761376 0.35323 1.96824
7 0.615218 -0.993092 -0.8107 2.60216 0.181916 -0.659152
8 2.24752 0 0 0.092542 0.0459927 0.277455
9 1.11936 0 0 0.0345593 0.0194878 -0.351403
10 3.71348 -0.102641 0.102191 1.5448 0.724426 0.266278
11 1.72615 0 0 0.00698169 -0.00844123 -1.39062
12 1.21114 0 0 0.00380817 0.0133715 -0.261341
13 3.59919 -1.06012 0.0708879 1.55963 0.461988 0.263552
14 1.66069 0 0 -0.0616902 0.0448873 -1.15916
15 1.167 0 0 0.00278352 0.000651032 -0.589381
16 2.18852 0.50104 0.057659 1.55885 0.000445239 0.123695
17 1.29609 0 0 -0.137508 0.0840157 -0.819673
18 1.62202 0.000713348 -0.000471115 0.0303214 -0.0247015 -1.31152
19 1.22241 0 0 0.00414131 -0.00121846 -0.226945
20 1.76707 1.27612 0.0366411 1.50535 0.270031 0.0807079
21 1.55588 0 0 -0.190671 -0.0263634 -0.847407
22 1.24274 0 0 -0.000479206 0.000360582 -1.02963
23 0.784523 0 0 0.0114949 0.00644634 -0.0695821
24 -4.10422 9.50291 7.76521 -0.000932672 1.04718 -2.53073
25 6.02794 0 0 -0.195103 -0.279113 0.0452354
26 11.7344 0 0 0.00140263 0 1.62006
27 8.81167 0 0 -1.47162 0 0
28 5.77884 0 0 -0.985988 0 0
29 2.23249 0 0 -0.485636 0 0
30 11.4725 0 0 -1.41535 -0.925816 -0.474043
31 0.615812 0.994372 -0.809166 -2.83771 0.48082 0.349614
32 2.24752 0 0 -0.483778 0.0724601 0.30103
33 1.11936 0 0 -0.0928459 0.12687 0.829553
34 3.71349 0.102639 0.102191 -1.58378 0.96008 -0.298096
35 1.72615 0 0 0.00182693 0.00738388 1.01138
36 1.21112 0 0 -0.00965921 0.0251822 0.598539
37 3.5992 1.06012 0.0708876 -1.57365 0.21832 0.184011
38 1.66069 0 0 -0.0103216 0.0708364 0.140337
39 1.16699 0 0 0.0112469 0.0369091 0.258748
40 2.18853 -0.501041 0.0576582 -1.56722 -0.0486624 -0.134013
41 1.29609 0 0 0.256689 0.086742 1.18663
42 1.62202 -0.00071311 -0.000469685 0.00347158 -0.00636495 0.903476
43 1.22241 0 0 0.0213063 0.0143025 0.59565
44 1.76707 -1.27612 0.0366402 -1.5598 0.197297 -0.123911
45 1.55588 0 0 0.351326 0.0191436 1.16073
46 1.24273 0 0 0.000478851 0.000360474 0.705912
47 0.784532 0 0 -0.007385 -0.0122894 0.405635
48 0 0 0 0 0 0
49 -4.83717 -20.5853 -6.55894 -3.0916 0.726772 -3.04722
50 -9.93059 1.65403 -3.21282 -3.0916 0.726772 -3.04722
51 -15.8179 -1.23584 -5.44508 -3.10322 0.725687 -2.99815
52 -4.77416 -5.75588 -4.56645 0 0 0
53 -0.331021 -4.30068 -2.80829 -2.4142 -0.037351 -1.50966
54 1.01569 0 -1.0878 0 0 0
55 -0.393682 0.152813 -1.39039 0 0 0
56 23.6734 0 -0.790618 0 0 0
57 5.15077 0 -1.06019 0 0 0
time 19
0 1.91331 1.9857 -9.49678 0.000934124 0 -0.959925
1 6.02794 0 0 -0.943077 0.5205 -0.667725
2 11.7344 0 0 -0.00140292 0 -1.79651
3 8.81139 -0.000448227 -0.000112057 0.0074579 0 0.000157378
4 5.77839 0.00028801 0 0.00499675 0 0.000105505
5 2.23164 -0.000328064 -0.000364304 0.00246108 0 0
6 11.4725 0 0 -0.791729 0.372003 1.922
7 0.615218 -0.99309 -0.8107 2.58369 0.181741 -0.660737
8 2.24752 0 0 0.0918446 0.0485293 0.259132
9 1.11936 0 0 0.038774 0.0206482 -0.324186
10 3.71348 -0.102642 0.102191 1.54594 0.667345 0.253108
11 1.72615 0 0 0.00634331 -0.00985256 -1.29411
12 1.21114 0 0 0.00435568 0.0134771 -0.24172
13 3.59919 -1.06012 0.070888 1.55963 0.426471 0.240538
14 1.66069 0 0 -0.0560298 0.0471391 -1.07564
15 1.167 0 0 0.00151738 0.00381114 -0.533664
16 2.18853 0.501041 0.0576593 1.55964 -0.00370608 0.130906
17 1.29609 0 0 -0.127942 0.0747058 -0.760812
18 1.62202 0.000713348 -0.000471115 0.0269544 -0.0255543 -1.21748
19 1.22241 0 0 0.00458359 -0.00263708 -0.209701
20 1.76707 1.27612 0.036641 1.50993 0.248259 0.0935026
21 1.55588 0 0 -0.177934 -0.0221631 -0.788406
22 1.24273 0 0 -0.000479147 0.000360578 -0.959076
23 0.784524 0 0 0.0118006 0.00626756 -0.0617191
24 -4.10422 9.50291 7.76521 -0.000932672 1.04718 -2.53073
25 6.02794 0 0 -0.263995 -0.279792 0.0849622
26 11.7344 0 0 0.00140263 0 1.56997
27 8.81167 0 0 -1.41482 0 0
28 5.77884 0 0 -0.947931 0 0
29 2.23249 0 0 -0.466891 0 0
30 11.4725 0 0 -1.24736 -1.08849 -0.613123
31 0.615813 0.994372 -0.809165 -2.93148 0.602161 0.280487
32 2.24752 0 0 -0.599751 0.10194 0.394479
33 1.11936 0 0 -0.116679 0.147404 0.915495
34 3.71349 0.10264 0.102192 -1.58767 1.12401 -0.333796
35 1.72615 0 0 0.00176302 0.0132462 1.17044
36 1.21112 0 0 -0.00959227 0.0269157 0.696377
37 3.5992 1.06012 0.0708885 -1.57107 0.173765 0.225776
38 1.66069 0 0 -0.0118847 0.0750853 0.0838153
39 1.16699 0 0 0.0184115 0.0372821 0.201698
40 2.18853 -0.50104 0.0576591 -1.56676 -0.0480901 -0.118976
41 1.29609 0 0 0.297547 0.108509 1.37415
42 1.62202 -0.00071311 -0.000470161 0.00124953 -0.00146989 1.0523
43 1.22241 0 0 0.0264945 0.020132 0.694065
44 1.76707 -1.27612 0.0366411 -1.55812 0.234381 -0.101409
45 1.55588 0 0 0.407138 0.017207 1.347
46 1.24273 0 0 0.000478815 0.000360664 0.815756
47 0.784532 0 0 -0.00600312 -0.0149391 0.47944
48 0 0 0 0 0 0
49 -4.87173 -20.5936 -6.50895 -3.07456 0.794456 -3.03551
50 -10.1773 1.66314 -3.64229 -3.07456 0.794456 -3.03551
51 -15.8985 -1.23985 -6.25677 -3.0815 0.79266 -2.98324
52 -4.77416 -5.75588 -4.56645 0 0 0
53 -0.306596 -4.31364 -2.83274 -2.34601 -0.0469504 -1.51257
54 1.01569 0 -1.0878 0 0 0
55 -0.39368 0.152813 -1.39039 0 0 0
56 23.6734 0 -0.790618 0 0 0
57 5.15077 0 -1.06019 0 0 0
time 20
0 1.95348 1.50411 -9.49678 0.000934124 0 -0.959925
1 6.02794 0 0 -0.922709 0.519936 -0.633804
2 11.7344 0 0 -0.0014028 0 -1.76158
3 8.81138 -0.000450134 -0.000112534 -0.0851738 0 0.000157858
4 5.77839 0.000286102 0 -0.0570665 0 0.000105353
5 2.23164 -0.000329971 -0.000364304 -0.0281073 0 0
6 11.4725 0 0 -0.830337 0.392355 1.83902
7 0.615219 -0.993092 -0.8107 2.55716 0.180972 -0.662993
8 2.24752 0 0 0.0909253 0.0519489 0.235109
9 1.11936 0 0 0.0448277 0.0222126 -0.285175
10 3.71348 -0.102641 0.102191 1.5475 0.588776 0.234194
11 1.72615 0 0 0.00542627 -0.0118797 -1.15572
12 1.21114 0 0 0.00499623 0.013625 -0.220751
13 3.59919 -1.06012 0.0708882 1.55963 0.378906 0.207479
14 1.66069 0 0 -0.0479081 0.0503592 -0.955874
15 1.167 0 0 -0.000301726 0.00835032 -0.466433
16 2.18853 0.50104 0.0576589 1.56077 -0.00958284 0.141264
17 1.29609 0 0 -0.114604 0.0613553 -0.680674
18 1.62202 0.000713348 -0.000471115 0.0221233 -0.0267721 -1.08261
19 1.22241 0 0 0.0052187 -0.00467498 -0.191649
20 1.76707 1.27612 0.0366409 1.5165 0.217113 0.111872
21 1.55588 0 0 -0.159639 -0.0163063 -0.704547
22 1.24273 0 0 -0.000479227 0.000360512 -0.85814
23 0.784523 0 0 0.0122398 0.00601048 -0.0544139
24 -4.10422 9.50291 7.76521 -0.000932672 1.04718 -2.53073
25 6.02794 0 0 -0.289155 -0.279312 0.104146
26 11.7344 0 0 0.0014027 0 1.54874
27 8.81167 0 0 -1.35521 0 0
28 5.77884 0 0 -0.907991 0 0
29 2.23249 0 0 -0.447219 0 0
30 11.4725 0 0 -1.05367 -1.1415 -0.760229
31 0.615813 0.994372 -0.809166 -2.96932 0.65078 0.252631
32 2.24752 0 0 -0.646241 0.113698 0.432028
33 1.11936 0 0 -0.126186 0.15567 0.950443
34 3.71349 0.10264 0.10219 -1.58924 1.19001 -0.348168
35 1.72615 0 0 0.00173727 0.015606 1.23447
36 1.21112 0 0 -0.0095651 0.0276137 0.735767
37 3.5992 1.06012 0.0708866 -1.57006 0.156333 0.242478
38 1.66069 0 0 -0.0124963 0.0768575 0.0615714
39 1.16699 0 0 0.0225208 0.0374212 0.1794
40 2.18853 -0.50104 0.0576582 -1.56657 -0.0478595 -0.112922
41 1.29609 0 0 0.313996 0.117272 1.44964
42 1.62202 -0.000713825 -0.000470161 0.000354966 0.000500645 1.11222
43 1.22241 0 0 0.0285837 0.0224791 0.733687
44 1.76707 -1.27612 0.0366402 -1.55745 0.249311 -0.0923493
45 1.55588 0 0 0.429608 0.0164275 1.422
46 1.24273 0 0 0.000478946 0.000360811 0.859979
47 0.784531 0 0 -0.00544721 -0.016006 0.509155
48 0 0 0 0 0 0
49 -4.90697 -20.6244 -6.45648 -3.05585 0.867129 -3.02087
50 -10.4234 1.63933 -4.08456 -3.05585 0.867129 -3.02087
51 -15.9349 -1.28034 -7.1002 -3.05701 0.864542 -2.96437
52 -4.77416 -5.75588 -4.56645 0 0 0
53 -0.282581 -4.34851 -2.83892 -2.27265 -0.0554404 -1.51552
54 1.01569 0 -1.0878 0 0 0
55 -0.39368 0.152813 -1.39039 0 0 0
56 23.6734 0 -0.790618 0 0 0
57 5.15077 0 -1.06019 0 0 0
time 21
0 1.99366 1.02252 -9.49678 0.000934124 0 -0.959925
1 6.02794 0 0 -0.905262 0.51547 -0.60124
2 11.7344 0 0 -0.00140282 0 -1.70725
3 8.81138 -0.000448227 -0.000112057 -0.219187 0 0.000156866
4 5.77839 0.000286102 0 -0.146855 0 0.000104096
5 2.23163 -0.000329971 -0.000363827 -0.0723317 0 0
6 11.4725 0 0 -0.880487 0.412957 1.73034
7 0.615219 -0.99309 -0.8107 2.52608 0.180097 -0.665603
8 2.24752 0 0 0.0898834 0.0558606 0.207946
9 1.11936 0 0 0.0519263 0.0240019 -0.239567
10 3.71348 -0.102642 0.102191 1.54929 0.498145 0.21202
11 1.72615 0 0 0.00435086 -0.0142572 -0.993797
12 1.21114 0 0 0.00568822 0.013792 -0.198789
13 3.59919 -1.06012 0.070888 1.55963 0.324643 0.16871
14 1.66069 0 0 -0.0383985 0.0541123 -0.81578
15 1.167 0 0 -0.00243468 0.0136737 -0.39309
16 2.18853 0.501039 0.0576587 1.5621 -0.0163328 0.153411
17 1.29609 0 0 -0.0991401 0.0457366 -0.588635
18 1.62202 0.000713348 -0.000473022 0.0164656 -0.028189 -0.924794
19 1.22241 0 0 0.00596348 -0.00706494 -0.172884
20 1.76707 1.27612 0.0366406 1.5242 0.180796 0.1334
21 1.55588 0 0 -0.138185 -0.00951552 -0.606597
22 1.24273 0 0 -0.000479217 0.000360652 -0.739954
23 0.784523 0 0 0.0127547 0.00570894 -0.0471798
24 -4.10422 9.50291 7.76521 -0.000932672 1.04718 -2.53073
25 6.02794 0 0 -0.278301 -0.279237 0.107691
26 11.7344 0 0 0.00140265 0 1.54716
27 8.81167 0 0 -1.29163 0 0
28 5.77884 0 0 -0.865395 0 0
29 2.23249 0 0 -0.426239 0 0
30 11.4725 0 0 -0.906042 -1.11961 -0.841711
31 0.615813 0.994373 -0.809165 -2.96932 0.65078 0.252631
32 2.24752 0 0 -0.646241 0.113698 0.432028
33 1.11936 0 0 -0.126186 0.155671 0.950443
34 3.71349 0.102639 0.102191 -1.58924 1.19001 -0.348168
35 1.72615 0 0 0.00173724 0.015606 1.23447
36 1.21112 0 0 -0.00956527 0.0276136 0.735767
37 3.5992 1.06012 0.0708885 -1.57026 0.15751 0.241228
38 1.66069 0 0 -0.0123976 0.0770001 0.0628425
39 1.16699 0 0 0.0245073 0.0373194 0.182904
40 2.18853 -0.50104 0.0576591 -1.56657 -0.0478596 -0.112922
41 1.29609 0 0 0.313996 0.117272 1.44964
42 1.62202 -0.000713348 -0.000470161 0.000354925 0.000500635 1.11222
43 1.22241 0 0 0.0285837 0.0224791 0.733687
44 1.76707 -1.27612 0.0366402 -1.55745 0.249311 -0.0923493
45 1.55587 0 0 0.429607 0.0164276 1.422
46 1.24273 0 0 0.000478773 0.000360431 0.85998
47 0.784532 0 0 -0.00544713 -0.0160059 0.509155
48 0 0 0 0 0 0
49 -4.94782 -20.726 -6.39882 -3.03654 0.956355 -3.00353
50 -10.7007 1.52649 -4.53919 -3.03654 0.956355 -3.00353
51 -15.9128 -1.40494 -8.03709 -3.02913 0.952904 -2.9403
52 -4.77416 -5.75588 -4.56645 0 0 0
53 -0.259089 -4.45063 -2.79413 -2.18264 -0.0604897 -1.51868
54 1.01569 0 -1.0878 0 0 0
55 -0.39368 0.152814 -1.39039 0 0 0
56 23.6734 0 -0.790618 0 0 0
57 5.15077 0 -1.06019 0 0 0
time 22
0 2.03363 0.543344 -9.49678 0.000934124 0 -0.959925
1 6.02794 0 0 -0.889952 0.506122 -0.574293
2 11.7344 0 0 -0.00140286 0 -1.64228
3 8.81138 -0.000450134 -0.00011301 -0.385006 0 0.000158578
4 5.77839 0.000286102 0 -0.257954 0 0.00010465
5 2.23163 -0.000329971 -0.000363827 -0.127052 0 0
6 11.4725 0 0 -0.944079 0.432399 1.60775
7 0.615221 -0.993092 -0.8107 2.49394 0.179605 -0.668252
8 2.24752 0 0 0.0888183 0.0598736 0.180206
9 1.11936 0 0 0.0592756 0.0258374 -0.192559
10 3.71348 -0.10264 0.102191 1.55114 0.404871 0.189071
11 1.72615 0 0 0.00323726 -0.0167191 -0.826719
12 1.21114 0 0 0.00638995 0.0139549 -0.176186
13 3.5992 -1.06012 0.070888 1.55963 0.269035 0.128565
14 1.66069 0 0 -0.0285742 0.0579624 -0.671264
15 1.167 0 0 -0.00464364 0.019186 -0.319037
16 2.18853 0.50104 0.0576589 1.56348 -0.0231039 0.16599
17 1.29609 0 0 -0.0831956 0.0296221 -0.494071
18 1.62202 0.000713348 -0.000470161 0.0106201 -0.0296383 -0.761923
19 1.22241 0 0 0.00673496 -0.00953963 -0.153503
20 1.76707 1.27612 0.0366406 1.53217 0.143516 0.15567
21 1.55588 0 0 -0.115972 -0.00251343 -0.505321
22 1.24273 0 0 -0.000479216 0.000360755 -0.617643
23 0.784523 0 0 0.0132883 0.0053968 -0.0395309
24 -4.10422 9.50291 7.76521 -0.000932672 1.04718 -2.53073
25 6.02794 0 0 -0.258424 -0.277282 0.112499
26 11.7344 0 0 0.00140262 0 1.54456
27 8.81167 0 0 -1.21794 0 0
28 5.77884 0 0 -0.816022 0 0
29 2.23249 0 0 -0.401921 0 0
30 11.4725 0 0 -0.758318 -1.08103 -0.913193
31 0.615812 0.994372 -0.809166 -2.96932 0.65078 0.252631
32 2.24752 0 0 -0.646241 0.113698 0.432028
33 1.11936 0 0 -0.126186 0.155671 0.950443
34 3.71349 0.10264 0.10219 -1.58924 1.19001 -0.348168
35 1.72615 0 0 0.00173732 0.015606 1.23447
36 1.21112 0 0 -0.00956515 0.0276136 0.735767
37 3.5992 1.06012 0.0708876 -1.57082 0.16088 0.237651
38 1.66069 0 0 -0.0121159 0.0771284 0.0664812
39 1.16699 0 0 0.0263263 0.0370281 0.192933
40 2.18853 -0.50104 0.0576582 -1.56657 -0.0478596 -0.112922
41 1.29609 0 0 0.313996 0.117272 1.44964
42 1.62202 -0.000713825 -0.000469685 0.000354988 0.000500736 1.11222
43 1.22241 0 0 0.0285835 0.022479 0.733687
44 1.76707 -1.27612 0.0366411 -1.55745 0.249311 -0.0923494
45 1.55588 0 0 0.429607 0.0164274 1.422
46 1.24273 0 0 0.00047886 0.000360621 0.859979
47 0.784532 0 0 -0.00544715 -0.016006 0.509155
48 0 0 0 0 0 0
49 -4.99177 -20.8886 -6.33184 -3.01133 1.06339 -2.97893
50 -10.9861 1.34062 -5.04461 -3.01133 1.06339 -2.97893
51 -15.7816 -1.59648 -9.09071 -2.99038 1.05877 -2.9043
52 -4.77416 -5.75588 -4.56645 0 0 0
53 -0.234363 -4.61079 -2.70355 -2.0746 -0.0631612 -1.52214
54 1.01569 0 -1.0878 0 0 0
55 -0.393678 0.152814 -1.39039 0 0 0
56 23.6734 0 -0.790619 0 0 0
57 5.15077 0 -1.06019 0 0 0
time 23
0 2.0732 0.0689827 -9.49678 0.000934124 0 -0.959925
1 6.02794 0 0 -0.875865 0.492216 -0.555163
2 11.7344 0 0 -0.00140289 0 -1.57634
3 8.81138 -0.000450134 -0.000112057 -0.569656 0 0.000157619
4 5.77839 0.000286102 0 -0.38167 0 0.000103265
5 2.23164 -0.000329971 -0.000363827 -0.187987 0 0
6 11.4725 0 0 -1.02139 0.449251 1.48244
7 0.615219 -0.993092 -0.8107 2.46424 0.179983 -0.670622
8 2.24752 0 0 0.0878294 0.0635968 0.154448
9 1.11935 0 0 0.0660814 0.0275406 -0.149348
10 3.71348 -0.10264 0.102191 1.55285 0.31838 0.16783
11 1.72615 0 0 0.00220584 -0.0189995 -0.672847
12 1.21114 0 0 0.00706 0.0140908 -0.153296
13 3.59919 -1.06012 0.070888 1.55963 0.217432 0.0913785
14 1.66069 0 0 -0.0195087 0.0614737 -0.538234
15 1.167 0 0 -0.00668992 0.0242921 -0.249674
16 2.18853 0.50104 0.0576591 1.56475 -0.0290433 0.177642
17 1.29609 0 0 -0.0684147 0.014784 -0.406357
18 1.62202 0.000714302 -0.000472069 0.00522451 -0.0309541 -0.61188
19 1.22241 0 0 0.00744953 -0.011832 -0.133599
20 1.76707 1.27612 0.0366406 1.53954 0.109475 0.176263
21 1.55588 0 0 -0.0954004 0.00397722 -0.411485
22 1.24273 0 0 -0.000479185 0.000360761 -0.504334
23 0.784522 0 0 0.0137822 0.00510763 -0.0309806
24 -4.10422 9.50291 7.76521 -0.000932672 1.04718 -2.53073
25 6.02794 0 0 -0.230656 -0.273442 0.118685
26 11.7344 0 0 0.00140273 0 1.54021
27 8.81167 0 0 -1.13431 0 0
28 5.77884 0 0 -0.759985 0 0
29 2.23249 0 0 -0.374321 0 0
30 11.4725 0 0 -0.618592 -1.02728 -0.968176
31 0.615813 0.994372 -0.809165 -2.96932 0.65078 0.252631
32 2.24752 0 0 -0.646241 0.113698 0.432028
33 1.11936 0 0 -0.126186 0.15567 0.950443
34 3.71349 0.102639 0.102191 -1.58924 1.19001 -0.348169
35 1.72615 0 0 0.00173738 0.0156063 1.23447
36 1.21112 0 0 -0.00956523 0.0276137 0.735767
37 3.5992 1.06012 0.0708885 -1.57171 0.166199 0.232005
38 1.66069 0 0 -0.011671 0.0772432 0.0722238
39 1.16699 0 0 0.0279847 0.0365685 0.208763
40 2.18853 -0.50104 0.0576591 -1.56657 -0.0478594 -0.112922
41 1.29609 0 0 0.313996 0.117272 1.44964
42 1.62202 -0.000712872 -0.000469685 0.000354855 0.000500749 1.11222
43 1.22241 0 0 0.0285838 0.0224791 0.733687
44 1.76707 -1.27612 0.0366411 -1.55745 0.249311 -0.0923494
45 1.55587 0 0 0.429607 0.0164276 1.422
46 1.24273 0 0 0.000478928 0.000360557 0.859979
47 0.784532 0 0 -0.00544709 -0.016006 0.509155
48 0 0 0 0 0 0
49 -5.0349 -21.1044 -6.25815 -2.9714 1.18544 -2.93873
50 -11.2403 1.09461 -5.60688 -2.9714 1.18544 -2.93873
51 -15.4896 -1.83848 -10.2259 -2.92733 1.17895 -2.84336
52 -4.77416 -5.75588 -4.56645 0 0 0
53 -0.20873 -4.82176 -2.57268 -1.95111 -0.0637086 -1.52586
54 1.01569 0 -1.0878 0 0 0
55 -0.393681 0.152814 -1.39039 0 0 0
56 23.6734 0 -0.790618 0 0 0
57 5.15077 0 -1.06019 0 0 0
time 24
0 2.11217 -0.398148 -9.49678 0.000934124 0 -0.959925
1 6.02794 0 0 -0.861476 0.476273 -0.543202
2 11.7344 0 0 -0.00140292 0 -1.52278
3 8.81138 -0.000450134 -0.000111103 -0.757479 0 0.000157771
4 5.77839 0.00028801 0 -0.507511 0 0.000102792
5 2.23163 -0.000328064 -0.000363827 -0.249968 0 0
6 11.4725 0 0 -1.11127 0.46213 1.36667
7 0.615219 -0.993092 -0.8107 2.44047 0.181721 -0.672399
8 2.24752 0 0 0.0870163 0.0666393 0.133234
9 1.11936 0 0 0.0715498 0.0289324 -0.115129
10 3.71348 -0.102642 0.102191 1.55424 0.248093 0.150781
11 1.72615 0 0 0.00137645 -0.0208327 -0.550548
12 1.21114 0 0 0.00765706 0.0141765 -0.130472
13 3.59919 -1.06012 0.0708885 1.55963 0.175186 0.0614844
14 1.66069 0 0 -0.0122756 0.0642109 -0.432599
15 1.167 0 0 -0.0083348 0.0283968 -0.190406
16 2.18852 0.501039 0.0576587 1.56578 -0.0332994 0.187008
17 1.29609 0 0 -0.0564434 0.00299471 -0.33487
18 1.62202 0.000714302 -0.000469208 0.000917285 -0.0319701 -0.492553
19 1.22241 0 0 0.00802371 -0.0136748 -0.113268
20 1.76707 1.27612 0.0366411 1.54545 0.0828806 0.192763
21 1.55588 0 0 -0.0788694 0.00923426 -0.335852
22 1.24274 0 0 -0.000479131 0.000360797 -0.413154
23 0.784524 0 0 0.0141795 0.00487512 -0.0210428
24 -4.10422 9.50291 7.76521 -0.000932672 1.04718 -2.53073
25 6.02794 0 0 -0.196412 -0.267844 0.12658
26 11.7344 0 0 0.00140269 0 1.5333
27 8.81167 0 0 -1.0405 0 0
28 5.77884 0 0 -0.697136 0 0
29 2.23249 0 0 -0.343366 0 0
30 11.4725 0 0 -0.489635 -0.960512 -1.00544
31 0.615812 0.994373 -0.809165 -2.96932 0.65078 0.252631
32 2.24752 0 0 -0.646241 0.113698 0.432028
33 1.11936 0 0 -0.126186 0.15567 0.950443
34 3.71349 0.102639 0.102191 -1.58924 1.19001 -0.348168
35 1.72615 0 0 0.00173719 0.015606 1.23447
36 1.21112 0 0 -0.00956516 0.0276137 0.735767
37 3.5992 1.06012 0.070888 -1.57288 0.173223 0.224549
38 1.66069 0 0 -0.0110836 0.0773454 0.0798081
39 1.16699 0 0 0.0294898 0.0359613 0.229668
40 2.18853 -0.501041 0.0576591 -1.56657 -0.0478595 -0.112922
41 1.29609 0 0 0.313996 0.117272 1.44964
42 1.62202 -0.000712395 -0.000470161 0.000354877 0.0005007 1.11222
43 1.22241 0 0 0.0285838 0.022479 0.733687
44 1.76707 -1.27612 0.0366406 -1.55745 0.249311 -0.0923495
45 1.55588 0 0 0.429607 0.0164273 1.422
46 1.24273 0 0 0.000478927 0.00036059 0.859979
47 0.784531 0 0 -0.00544708 -0.0160061 0.509155
48 0 0 0 0 0 0
49 -5.07329 -21.3654 -6.17957 -2.8885 1.31917 -2.85513
50 -11.4241 0.802012 -6.22373 -2.8885 1.31917 -2.85513
51 -14.9932 -2.11428 -11.3959 -2.79839 1.30888 -2.71628
52 -4.77416 -5.75588 -4.56645 0 0 0
53 -0.18252 -5.07632 -2.40703 -1.81473 -0.0623856 -1.52977
54 1.01569 0 -1.0878 0 0 0
55 -0.39368 0.152813 -1.39039 0 0 0
56 23.6734 0 -0.790619 0 0 0
57 5.15077 0 -1.06019 0 0 0
time 25
0 2.15034 -0.855638 -9.49678 0.000934124 0 -0.959925
1 6.02794 0 0 -0.848528 0.456711 -0.538579
2 11.7344 0 0 -0.00140289 0 -1.47447
3 8.81138 -0.00044632 -0.000112534 -0.951042 0 0.000156613
4 5.77839 0.00028801 0 -0.637198 0 0.000101216
5 2.23164 -0.000328064 -0.000363827 -0.313844 0 0
6 11.4725 0 0 -1.20929 0.471986 1.25732
7 0.615219 -0.99309 -0.8107 2.42613 0.185306 -0.673266
8 2.24752 0 0 0.0864784 0.0686104 0.119125
9 1.11936 0 0 0.0748864 0.0298341 -0.0950998
10 3.71348 -0.10264 0.102191 1.55513 0.203434 0.14041
11 1.72615 0 0 0.000869737 -0.0219528 -0.478188
12 1.21114 0 0 0.00813901 0.0141889 -0.108066
13 3.59919 -1.06012 0.0708876 1.55963 0.147648 0.0432178
14 1.66068 0 0 -0.00794857 0.0657379 -0.370268
15 1.16699 0 0 -0.00933966 0.030905 -0.146632
16 2.18852 0.50104 0.0576591 1.5664 -0.0350191 0.192732
17 1.29609 0 0 -0.0489267 -0.00397376 -0.288985
18 1.62202 0.000714302 -0.000469208 -0.0016635 -0.0325197 -0.421828
19 1.22241 0 0 0.00837483 -0.0148009 -0.0926059
20 1.76707 1.27612 0.0366406 1.54903 0.0679366 0.202753
21 1.55588 0 0 -0.068779 0.0125347 -0.289191
22 1.24274 0 0 -0.0004792 0.000360896 -0.357229
23 0.784523 0 0 0.0144221 0.00473311 -0.009231
24 -4.10422 9.50291 7.76521 -0.000932672 1.04718 -2.53073
25 6.02794 0 0 -0.157344 -0.260784 0.136604
26 11.7344 0 0 0.00140254 0 1.52307
27 8.81167 0 0 -0.93632 0 0
28 5.77884 0 0 -0.627334 0 0
29 2.23249 0 0 -0.308985 0 0
30 11.4725 0 0 -0.370783 -0.883136 -1.02704
31 0.615814 0.994372 -0.809165 -2.96932 0.65078 0.252631
32 2.24752 0 0 -0.646241 0.113698 0.432028
33 1.11936 0 0 -0.126186 0.15567 0.950443
34 3.71349 0.10264 0.102191 -1.58924 1.19001 -0.348169
35 1.72615 0 0 0.00173722 0.0156062 1.23447
36 1.21112 0 0 -0.00956508 0.0276135 0.735767
37 3.5992 1.06012 0.0708885 -1.57429 0.181708 0.215541
38 1.66069 0 0 -0.0103735 0.0774354 0.0889699
39 1.16699 0 0 0.0308482 0.0352279 0.254923
40 2.18853 -0.50104 0.0576591 -1.56657 -0.0478596 -0.112922
41 1.29609 0 0 0.313996 0.117272 1.44964
42 1.62202 -0.000712395 -0.000469685 0.00035495 0.00050062 1.11222
43 1.22241 0 0 0.0285838 0.0224792 0.733687
44 1.76707 -1.27612 0.0366406 -1.55745 0.249311 -0.0923494
45 1.55588 0 0 0.429608 0.0164275 1.422
46 1.24273 0 0 0.000478851 0.000360494 0.859979
47 0.784533 0 0 -0.00544722 -0.0160061 0.509155
48 0 0 0 0 0 0
49 -5.10335 -21.6634 -6.09707 -2.59163 1.45688 -2.55756
50 -11.5017 0.476416 -6.88308 -2.59163 1.45688 -2.55756
51 -14.2633 -2.40847 -12.544 -2.3992 1.43506 -2.3191
52 -4.77416 -5.75588 -4.56645 0 0 0
53 -0.156063 -5.36724 -2.2121 -1.66803 -0.0594461 -1.53383
54 1.01569 0 -1.0878 0 0 0
55 -0.39368 0.152813 -1.39039 0 0 0
56 23.6734 0 -0.790617 0 0 0
57 5.15077 0 -1.06019 0 0 0
time 26
0 2.1875 -1.30108 -9.49678 0.000934124 0 -0.959925
1 6.02794 0 0 -0.839412 0.430471 -0.542172
2 11.7344 0 0 -0.00140285 0 -1.41504
3 8.81138 -0.000450134 -0.000112534 -1.14958 0 0.000157827
4 5.77839 0.00028801 0 -0.770217 0 0.000101513
5 2.23163 -0.000328064 -0.00036478 -0.379361 0 0
6 11.4725 0 0 -1.31091 0.480839 1.14375
7 0.615219 -0.99309 -0.8107 2.42218 0.191779 -0.67305
8 2.24752 0 0 0.0862409 0.0694103 0.112769
9 1.11936 0 0 0.0758847 0.0302001 -0.0909696
10 3.71348 -0.102642 0.102191 1.55547 0.186814 0.137373
11 1.72615 0 0 0.000716604 -0.0222916 -0.461496
12 1.21114 0 0 0.00851406 0.0141053 -0.084179
13 3.59919 -1.06012 0.070888 1.55963 0.136181 0.0376942
14 1.66068 0 0 -0.00684255 0.0658811 -0.356274
15 1.167 0 0 -0.00964384 0.0316634 -0.119216
16 2.18852 0.50104 0.0576587 1.56659 -0.033611 0.194462
17 1.29609 0 0 -0.0462864 -0.00556531 -0.271095
18 1.62202 0.000713348 -0.000473976 -0.00233194 -0.0325303 -0.405235
19 1.22241 0 0 0.00848106 -0.0151414 -0.0696353
20 1.76707 1.27612 0.0366411 1.55005 0.0662782 0.205571
21 1.55588 0 0 -0.0657513 0.0136935 -0.274266
22 1.24273 0 0 -0.000479032 0.000360834 -0.339938
23 0.784522 0 0 0.0144955 0.00469015 0.00610976
24 -4.10422 9.50291 7.76521 -0.000932672 1.04718 -2.53073
25 6.02794 0 0 -0.115255 -0.252736 0.149148
26 11.7344 0 0 0.00140259 0 1.50891
27 8.81167 0 0 -0.821921 0 0
28 5.77884 0 0 -0.550687 0 0
29 2.23249 0 0 -0.271234 0 0
30 11.4725 0 0 -0.25997 -0.797641 -1.03619
31 0.615813 0.994372 -0.809165 -2.96932 0.65078 0.252631
32 2.24752 0 0 -0.646241 0.113698 0.432028
33 1.11936 0 0 -0.126186 0.155671 0.950443
34 3.71348 0.102639 0.102191 -1.58924 1.19001 -0.348169
35 1.72615 0 0 0.00173745 0.015606 1.23447
36 1.21112 0 0 -0.00956517 0.0276137 0.735767
37 3.5992 1.06012 0.0708885 -1.57591 0.191412 0.205241
38 1.66069 0 0 -0.00956194 0.0775143 0.0994469
39 1.16699 0 0 0.0320676 0.034389 0.283803
40 2.18853 -0.50104 0.0576591 -1.56657 -0.0478596 -0.112922
41 1.29609 0 0 0.313996 0.117272 1.44964
42 1.62202 -0.000711441 -0.000470161 0.000354958 0.00050072 1.11222
43 1.22241 0 0 0.0285837 0.0224791 0.733687
44 1.76707 -1.27612 0.0366406 -1.55745 0.249311 -0.0923492
45 1.55588 0 0 0.429608 0.0164275 1.422
46 1.24273 0 0 0.000478887 0.000360543 0.859979
47 0.784532 0 0 -0.00544722 -0.0160059 0.509155
48 0 0 0 0 0 0
49 -5.12213 -21.9904 -6.01073 -0.7678 1.49136 -0.733399
50 -11.4445 0.130784 -7.5634 -0.7678 1.49136 -0.733399
51 -13.2899 -2.70826 -13.6073 -1.04732 1.46191 -0.969729
52 -4.77416 -5.75588 -4.56645 0 0 0
53 -0.129687 -5.6873 -1.99341 -1.51359 -0.0551435 -1.53797
54 1.01569 0 -1.0878 0 0 0
55 -0.393681 0.152813 -1.39039 0 0 0
56 23.6734 0 -0.790618 0 0 0
57 5.15077 0 -1.06019 0 0 0
time 27
0 2.22345 -1.73206 -9.49678 0.000934124 0 -0.959925
1 6.02794 0 0 -0.833285 0.398749 -0.552882
2 11.7344 0 0 -0.00140294 0 -1.34592
3 8.81138 -0.000452042 -0.00011158 -1.33486 0 0.000157294
4 5.77839 0.000286102 0 -0.894354 0 0.000100737
5 2.23163 -0.000329971 -0.000364304 -0.440503 0 0
6 11.4725 0 0 -1.41403 0.488945 1.0276
7 0.615217 -0.993092 -0.8107 2.42637 0.20143 -0.671897
8 2.24752 0 0 0.0862377 0.0692983 0.112466
9 1.11936 0 0 0.075069 0.0301491 -0.0995475
10 3.71348 -0.102641 0.10219 1.55539 0.191985 0.140041
11 1.72615 0 0 0.000837232 -0.0220249 -0.488986
12 1.21114 0 0 0.00882198 0.0139297 -0.0572485
13 3.59919 -1.06012 0.070888 1.55963 0.137232 0.0420453
14 1.66068 0 0 -0.00827352 0.0648879 -0.380713
15 1.167 0 0 -0.00940432 0.031066 -0.104229
16 2.18852 0.50104 0.0576591 1.56645 -0.029391 0.193099
17 1.29609 0 0 -0.0474326 -0.00288648 -0.274984
18 1.62202 0.000712395 -0.000473022 -0.00149554 -0.0320917 -0.431553
19 1.22241 0 0 0.00839729 -0.0148733 -0.042959
20 1.76707 1.27612 0.0366406 1.54908 0.0754906 0.202791
21 1.55588 0 0 -0.0682013 0.0131894 -0.283953
22 1.24274 0 0 -0.000479183 0.000360838 -0.352591
23 0.784522 0 0 0.0144377 0.00472399 0.0256777
24 -4.10422 9.50291 7.76521 -0.000932672 1.04718 -2.53073
25 6.02794 0 0 -0.07198 -0.244309 0.16444
26 11.7344 0 0 0.00140261 0 1.49048
27 8.81167 0 0 -0.698094 0 0
28 5.77884 0 0 -0.467723 0 0
29 2.23249 0 0 -0.230371 0 0
30 11.4725 0 0 -0.154962 -0.706546 -1.03598
31 0.615814 0.994372 -0.809166 -2.96932 0.65078 0.252631
32 2.24752 0 0 -0.646241 0.113698 0.432028
33 1.11936 0 0 -0.126186 0.15567 0.950443
34 3.71349 0.102639 0.102191 -1.58924 1.19001 -0.348168
35 1.72615 0 0 0.00173741 0.0156061 1.23447
36 1.21112 0 0 -0.00956513 0.0276136 0.735767
37 3.5992 1.06012 0.070888 -1.57769 0.20209 0.193906
38 1.66069 0 0 -0.00866883 0.0775827 0.110976
39 1.16699 0 0 0.0331547 0.0334661 0.315583
40 2.18853 -0.50104 0.0576591 -1.56657 -0.0478595 -0.112922
41 1.29609 0 0 0.313996 0.117272 1.44964
42 1.62202 -0.000713348 -0.000470161 0.000354978 0.000500707 1.11222
43 1.22241 0 0 0.0285837 0.0224791 0.733687
44 1.76707 -1.27612 0.0366402 -1.55745 0.249311 -0.0923493
45 1.55588 0 0 0.429608 0.0164273 1.422
46 1.24273 0 0 0.000478984 0.000360597 0.859979
47 0.784533 0 0 -0.0054473 -0.016006 0.509155
48 0 0 0 0 0 0
49 -5.12768 -22.3382 -5.91996 -0.227355 1.34842 -0.193292
50 -11.2347 -0.223294 -8.23564 -0.227355 1.34842 -0.193292
51 -12.0847 -3.00439 -14.5235 -0.420573 1.3362 -0.346265
52 -4.77416 -5.75588 -4.56645 0 0 0
53 -0.103721 -6.02928 -1.75644 -1.35397 -0.0497313 -1.54215
54 1.01569 0 -1.0878 0 0 0
55 -0.39368 0.152813 -1.39039 0 0 0
56 23.6734 0 -0.790618 0 0 0
57 5.15077 0 -1.06019 0 0 0
time 28
0 2.25799 -2.14617 -9.49678 0.000934124 0 -0.959925
1 6.02794 0 0 -0.829301 0.362559 -0.569655
2 11.7344 0 0 -0.001403 0 -1.26824
3 8.81138 -0.000448227 -0.000112057 -1.49573 0 0.000156617
4 5.77839 0.000286102 0 -1.00214 0 0.000100131
5 2.23163 -0.000329971 -0.000364304 -0.49359 0 0
6 11.4725 0 0 -1.51665 0.496538 0.910294
7 0.615217 -0.993092 -0.8107 2.43734 0.213613 -0.669975
8 2.24752 0 0 0.0864315 0.0684222 0.117251
9 1.11936 0 0 0.0727409 0.0297484 -0.11868
10 3.71348 -0.10264 0.102191 1.55495 0.215387 0.147464
11 1.72615 0 0 0.00118637 -0.0212531 -0.553203
12 1.21114 0 0 0.00906936 0.013679 -0.0281367
13 3.59919 -1.06012 0.0708876 1.55963 0.148783 0.0546298
14 1.66069 0 0 -0.0118153 0.062954 -0.437092
15 1.167 0 0 -0.00871199 0.0293381 -0.099891
16 2.18852 0.501039 0.0576587 1.56601 -0.0228679 0.189156
17 1.29609 0 0 -0.0517428 0.00334173 -0.29711
18 1.62202 0.000713348 -0.000471115 0.000592901 -0.0312823 -0.493548
19 1.22241 0 0 0.00815542 -0.0140974 -0.0135415
20 1.76707 1.27612 0.0366406 1.54645 0.0937055 0.195348
21 1.55588 0 0 -0.0752183 0.0112956 -0.314175
22 1.24273 0 0 -0.000479074 0.000360944 -0.390219
23 0.784524 0 0 0.0142706 0.00482182 0.0485239
24 -4.10422 9.50291 7.76521 -0.000932672 1.04718 -2.53073
25 6.02794 0 0 -0.0292554 -0.236163 0.182456
26 11.7344 0 0 0.00140274 0 1.4678
27 8.81167 0 0 -0.566353 0 0
28 5.77884 0 0 -0.379456 0 0
29 2.23249 0 0 -0.186897 0 0
30 11.4725 0 0 -0.053932 -0.612373 -1.02886
31 0.615812 0.994372 -0.809165 -2.96932 0.65078 0.252632
32 2.24752 0 0 -0.646241 0.113698 0.432028
33 1.11936 0 0 -0.126186 0.15567 0.950443
34 3.71349 0.102639 0.102191 -1.58924 1.19001 -0.348168
35 1.72615 0 0 0.0017374 0.0156062 1.23447
36 1.21112 0 0 -0.00956527 0.0276137 0.735767
37 3.5992 1.06012 0.070888 -1.57959 0.213498 0.181795
38 1.66069 0 0 -0.00771408 0.0776413 0.123295
39 1.16699 0 0 0.0341169 0.0324801 0.349539
40 2.18853 -0.50104 0.0576589 -1.56657 -0.0478595 -0.112922
41 1.29609 0 0 0.313996 0.117272 1.44964
42 1.62202 -0.000713348 -0.000469446 0.000354994 0.000500662 1.11222
43 1.22241 0 0 0.0285837 0.0224791 0.733687
44 1.76707 -1.27612 0.0366402 -1.55745 0.249311 -0.0923492
45 1.55587 0 0 0.429608 0.0164275 1.422
46 1.24273 0 0 0.000478886 0.000360642 0.859979
47 0.784532 0 0 -0.00544726 -0.016006 0.509155
48 0 0 0 0 0 0
49 -5.11922 -22.6992 -5.82379 -0.116992 1.18937 -0.0841539
50 -10.8674 -0.576237 -8.86679 -0.116992 1.18937 -0.0841539
51 -10.6815 -3.2915 -15.2376 -0.250021 1.18214 -0.179987
52 -4.77416 -5.75588 -4.56645 0 0 0
53 -0.0784945 -6.38595 -1.50672 -1.19174 -0.0434635 -1.5463
54 1.01569 0 -1.0878 0 0 0
55 -0.39368 0.152813 -1.39039 0 0 0
56 23.6734 0 -0.790618 0 0 0
57 5.15077 0 -1.06019 0 0 0
time 29
0 2.29093 -2.541 -9.49678 0.000934124 0 -0.959925
1 6.02794 0 0 -0.826678 0.32283 -0.591494
2 11.7344 0 0 -0.00140281 0 -1.18308
3 8.81139 -0.000450134 -0.00011158 -1.62961 0 0.000157609
4 5.77839 0.000286102 0 -1.09184 0 0.000100735
5 2.23164 -0.000328064 -0.000364304 -0.53777 0 0
6 11.4725 0 0 -1.61691 0.5038 0.793182
7 0.615217 -0.993092 -0.8107 2.45372 0.227687 -0.667448
8 2.24752 0 0 0.0867846 0.0669293 0.126158
9 1.11936 0 0 0.0692024 0.0290657 -0.146212
10 3.71348 -0.10264 0.102191 1.55422 0.25346 0.158689
11 1.72615 0 0 0.00171834 -0.0200772 -0.646691
12 1.21114 0 0 0.00926265 0.0133708 0.00229433
13 3.59919 -1.06012 0.0708885 1.55963 0.168815 0.0738059
14 1.66069 0 0 -0.017042 0.0602752 -0.518919
15 1.167 0 0 -0.00765665 0.026705 -0.10442
16 2.18852 0.501039 0.0576596 1.56536 -0.0145508 0.183147
17 1.29609 0 0 -0.0585952 0.0123984 -0.333933
18 1.62202 0.000714302 -0.000471115 0.00368065 -0.0301797 -0.583982
19 1.22241 0 0 0.00778703 -0.0129153 0.0176524
20 1.76707 1.27612 0.0366411 1.54248 0.119054 0.184176
21 1.55588 0 0 -0.0858909 0.00828536 -0.360858
22 1.24273 0 0 -0.000479217 0.000360804 -0.447852
23 0.784523 0 0 0.0140157 0.00497102 0.073699
24 -4.10422 9.50291 7.76521 -0.000932672 1.04718 -2.53073
25 6.02794 0 0 0.0114003 -0.228893 0.20291
26 11.7344 0 0 0.00140268 0 1.44121
27 8.81167 0 0 -0.428882 0 0
28 5.77884 0 0 -0.287351 0 0
29 2.23249 0 0 -0.141531 0 0
30 11.4725 0 0 0.044354 -0.517608 -1.01654
31 0.615814 0.994373 -0.809166 -2.96932 0.65078 0.252631
32 2.24752 0 0 -0.646241 0.113698 0.432028
33 1.11936 0 0 -0.126186 0.155671 0.950443
34 3.71349 0.10264 0.102191 -1.58924 1.19001 -0.348169
35 1.72615 0 0 0.00173743 0.0156061 1.23447
36 1.21112 0 0 -0.00956521 0.0276135 0.735767
37 3.5992 1.06012 0.070888 -1.58158 0.225394 0.169167
38 1.66069 0 0 -0.00671893 0.0776908 0.13614
39 1.16699 0 0 0.034961 0.0314518 0.384944
40 2.18853 -0.50104 0.0576591 -1.56657 -0.0478596 -0.112922
41 1.29609 0 0 0.313996 0.117272 1.44964
42 1.62202 -0.000713348 -0.000469685 0.000354868 0.00050053 1.11222
43 1.22241 0 0 0.0285837 0.0224791 0.733687
44 1.76707 -1.27612 0.0366402 -1.55745 0.249311 -0.0923493
45 1.55588 0 0 0.429607 0.0164274 1.422
46 1.24273 0 0 0.00047896 0.000360608 0.859979
47 0.784533 0 0 -0.00544717 -0.016006 0.509155
48 0 0 0 0 0 0
49 -5.09726 -23.0658 -5.7213 -0.0709303 1.02836 -0.0403474
50 -10.3519 -0.920764 -9.42438 -0.0709303 1.02836 -0.0403474
51 -9.13249 -3.56776 -15.7094 -0.175119 1.02332 -0.110486
52 -4.77416 -5.75588 -4.56645 0 0 0
53 -0.0543365 -6.75008 -1.24973 -1.02947 -0.0365937 -1.55037
54 1.01569 0 -1.0878 0 0 0
55 -0.39368 0.152813 -1.39039 0 0 0
56 23.6734 0 -0.790618 0 0 0
57 5.15077 0 -1.06019 0 0 0
time 30
0 2.32206 -2.91414 -9.49678 0.000934124 0 -0.959925
1 6.02794 0 0 -0.82473 0.280433 -0.617484
2 11.7344 0 0 -0.00140277 0 -1.09153
3 8.81138 -0.000450134 -0.000112057 -1.73908 0 0.000156896
4 5.77839 0.000286102 0 -1.16518 0 0
5 2.23163 -0.000329971 -0.000363827 -0.573897 0 0
6 11.4725 0 0 -1.71306 0.510837 0.677597
7 0.615217 -0.993091 -0.810699 2.47415 0.243009 -0.664482
8 2.24752 0 0 0.0872596 0.0649671 0.138224
9 1.11936 0 0 0.0647551 0.0281684 -0.179992
10 3.71348 -0.102642 0.102192 1.55327 0.302642 0.172768
11 1.72615 0 0 0.00238758 -0.0185976 -0.761993
12 1.21114 0 0 0.00940813 0.0130221 0.0331824
13 3.59919 -1.06012 0.0708885 1.55963 0.195309 0.0979325
14 1.66068 0 0 -0.0235277 0.0570471 -0.619699
15 1.167 0 0 -0.00632918 0.0233922 -0.116035
16 2.18852 0.50104 0.0576591 1.56453 -0.00494836 0.175588
17 1.29609 0 0 -0.0673677 0.0235625 -0.381911
18 1.62202 0.000713348 -0.000471115 0.00751544 -0.0288621 -0.69562
19 1.22241 0 0 0.00732352 -0.011428 0.0496581
20 1.76707 1.27612 0.0366421 1.53752 0.149667 0.170211
21 1.55588 0 0 -0.0993082 0.00443183 -0.419928
22 1.24274 0 0 -0.000479085 0.000360879 -0.520519
23 0.784523 0 0 0.013695 0.0051586 0.100254
24 -4.10422 9.50291 7.76521 -0.000932672 1.04718 -2.53073
25 6.02794 0 0 0.0487286 -0.222954 0.225493
26 11.7344 0 0 0.00140266 0 1.41096
27 8.81167 0 0 -0.288286 0 0
28 5.77884 0 0 -0.193152 0 0
29 2.23249 0 0 -0.0951343 0 0
30 11.4725 0 0 0.140517 -0.424635 -0.999874
31 0.615812 0.994373 -0.809165 -2.96932 0.65078 0.252631
32 2.24752 0 0 -0.646241 0.113698 0.432028
33 1.11936 0 0 -0.126186 0.15567 0.950443
34 3.71349 0.102639 0.102191 -1.58924 1.19001 -0.348169
35 1.72615 0 0 0.00173731 0.0156061 1.23447
36 1.21112 0 0 -0.00956521 0.0276137 0.735767
37 3.5992 1.06012 0.070888 -1.5836 0.237534 0.156281
38 1.66069 0 0 -0.00570323 0.0777323 0.149247
39 1.16699 0 0 0.0356947 0.0304024 0.421074
40 2.18853 -0.50104 0.0576591 -1.56657 -0.0478595 -0.112922
41 1.29609 0 0 0.313996 0.117272 1.44964
42 1.62202 -0.000714302 -0.000468969 0.000354994 0.000500662 1.11222
43 1.22241 0 0 0.0285836 0.0224792 0.733687
44 1.76707 -1.27612 0.0366411 -1.55745 0.249311 -0.0923494
45 1.55587 0 0 0.429607 0.0164274 1.422
46 1.24273 0 0 0.000478774 0.000360595 0.859979
47 0.784531 0 0 -0.00544708 -0.0160061 0.509155
48 0 0 0 0 0 0
49 -5.06353 -23.4308 -5.61204 -0.0455226 0.86922 -0.018289
50 -9.71087 -1.25181 -9.88105 -0.0455226 0.86922 -0.018289
51 -7.50315 -3.83384 -15.9187 -0.132767 0.865417 -0.0747234
52 -4.77416 -5.75588 -4.56645 0 0 0
53 -0.0315757 -7.11445 -0.990986 -0.869731 -0.0293754 -1.5543
54 1.01569 0 -1.0878 0 0 0
55 -0.393681 0.152813 -1.39039 0 0 0
56 23.6734 0 -0.790617 0 0 0
57 5.15077 0 -1.06019 0 0 0
time 31
0 2.35118 -3.26318 -9.49678 0.000934124 0 -0.959925
1 6.02794 0 0 -0.822896 0.236235 -0.646775
2 11.7344 0 0 -0.0014028 0 -0.994848
3 8.81138 -0.000448227 -0.00011158 -1.8283 0 0.000157127
4 5.77839 0.000286102 0 -1.22496 0 0
5 2.23163 -0.000328064 -0.000364304 -0.603339 0 0
6 11.4725 0 0 -1.80351 0.51767 0.564921
7 0.615219 -0.993091 -0.8107 2.49728 0.258936 -0.661244
8 2.24752 0 0 0.0878191 0.0626834 0.152482
9 1.11936 0 0 0.0597009 0.027124 -0.217863
10 3.71348 -0.10264 0.102191 1.55217 0.359374 0.18875
11 1.72615 0 0 0.00314858 -0.0169152 -0.891653
12 1.21114 0 0 0.00951214 0.0126498 0.0636654
13 3.59919 -1.06012 0.0708876 1.55963 0.226247 0.125368
14 1.66069 0 0 -0.0308456 0.0534658 -0.73294
15 1.167 0 0 -0.00481974 0.019625 -0.132955
16 2.18852 0.501038 0.0576582 1.56359 0.00543018 0.166992
17 1.29609 0 0 -0.077438 0.0361131 -0.437506
18 1.62202 0.000713348 -0.000471115 0.0118448 -0.0274073 -0.821225
19 1.22241 0 0 0.00679633 -0.00973672 0.0815111
20 1.76707 1.27612 0.0366402 1.5319 0.183678 0.154387
21 1.55588 0 0 -0.114559 0 -0.487309
22 1.24274 0 0 -0.000479266 0.000360698 -0.603251
23 0.784523 0 0 0.0133306 0.0053719 0.127239
24 -4.10422 9.50291 7.76521 -0.000932672 1.04718 -2.53073
25 6.02794 0 0 0.0819564 -0.21857 0.249193
26 11.7344 0 0 0.00140269 0 1.37862
27 8.81167 0 0 -0.147648 0 0
28 5.77884 0 0 -0.0989242 0 0
29 2.23249 0 0 -0.0487239 0 0
30 11.4725 0 0 0.234571 -0.335677 -0.979909
31 0.615811 0.994372 -0.809166 -2.96932 0.65078 0.252631
32 2.24752 0 0 -0.646241 0.113698 0.432028
33 1.11936 0 0 -0.126186 0.155671 0.950443
34 3.71349 0.102639 0.102191 -1.58924 1.19001 -0.348169
35 1.72615 0 0 0.00173735 0.0156061 1.23447
36 1.21112 0 0 -0.00956515 0.0276136 0.735767
37 3.5992 1.06012 0.070888 -1.58562 0.249673 0.143394
38 1.66069 0 0 -0.00468808 0.0777661 0.162354
39 1.16699 0 0 0.0363247 0.0293532 0.457205
40 2.18853 -0.501041 0.0576587 -1.56657 -0.0478594 -0.112922
41 1.29609 0 0 0.313996 0.117272 1.44964
42 1.62202 -0.000714302 -0.000469923 0.000354981 0.00050067 1.11222
43 1.22241 0 0 0.0285836 0.0224791 0.733687
44 1.76707 -1.27612 0.0366404 -1.55745 0.249311 -0.0923494
45 1.55587 0 0 0.429607 0.0164274 1.422
46 1.24273 0 0 0.0004788 0.000360616 0.859979
47 0.784532 0 0 -0.00544716 -0.016006 0.509155
48 0 0 0 0 0 0
49 -5.02074 -23.787 -5.49639 -0.029217 0.714882 -0.00640875
50 -8.97758 -1.56604 -10.2186 -0.029217 0.714882 -0.00640875
51 -5.86475 -4.09147 -15.8691 -0.105081 0.711884 -0.0547845
52 -4.77416 -5.75588 -4.56645 0 0 0
53 -0.0105414 -7.47184 -0.735993 -0.715094 -0.0220625 -1.55805
54 1.01569 0 -1.0878 0 0 0
55 -0.393681 0.152814 -1.39039 0 0 0
56 23.6734 0 -0.790618 0 0 0
57 5.15077 0 -1.06019 0 0 0
time 32
0 2.37808 -3.58572 -9.49678 0.000934124 0 -0.959925
1 6.02794 0 0 -0.82074 0.191171 -0.678513
2 11.7344 0 0 -0.00140284 0 -0.894634
3 8.81139 -0.000450134 -0.00011301 -1.90104 0 0.000157216
4 5.77839 0.000286102 0 -1.2737 0 0
5 2.23163 -0.000331879 -0.000364304 -0.627343 0 0
6 11.4725 0 0 -1.88673 0.524229 0.456688
7 0.615221 -0.99309 -0.8107 2.52175 0.274825 -0.6579
8 2.24752 0 0 0.0884256 0.0602254 0.16797
9 1.11936 0 0 0.0543414 0.0259999 -0.257674
10 3.71348 -0.10264 0.102191 1.55099 0.420094 0.205685
11 1.72615 0 0 0.00395587 -0.0151305 -1.02822
12 1.21114 0 0 0.00958185 0.0122718 0.0928811
13 3.5992 -1.06012 0.0708885 1.55963 0.259609 0.154471
14 1.66069 0 0 -0.0385705 0.0497268 -0.85215
15 1.167 0 0 -0.00321839 0.0156288 -0.153398
16 2.18853 0.50104 0.0576591 1.56259 0.0160761 0.157873
17 1.29609 0 0 -0.088184 0.0493295 -0.497175
18 1.62202 0.000713348 -0.000469208 0.0164161 -0.0258935 -0.95356
19 1.22241 0 0 0.00623727 -0.0079426 0.112247
20 1.76707 1.27612 0.0366411 1.52594 0.219216 0.13764
21 1.55588 0 0 -0.130732 -0.00471171 -0.558926
22 1.24273 0 0 -0.000479195 0.000360644 -0.691078
23 0.784523 0 0 0.0129441 0.00559825 0.153706
24 -4.10422 9.50291 7.76521 -0.000932672 1.04718 -2.53073
25 6.02794 0 0 0.110539 -0.215784 0.273537
26 11.7344 0 0 0.00140276 0 1.34466
27 8.81167 0 0 -0.0100096 0 0
28 5.77884 0 0 -0.00670649 0 0
29 2.23249 0 0 -0.00330307 0 0
30 11.4725 0 0 0.325951 -0.252735 -0.95691
31 0.615814 0.994372 -0.809166 -2.96932 0.65078 0.252631
32 2.24752 0 0 -0.646241 0.113698 0.432028
33 1.11936 0 0 -0.126186 0.15567 0.950443
34 3.71349 0.102639 0.102191 -1.58924 1.19001 -0.348168
35 1.72615 0 0 0.00173726 0.0156061 1.23447
36 1.21112 0 0 -0.00956517 0.0276136 0.735767
37 3.5992 1.06012 0.0708885 -1.58761 0.261569 0.130766
38 1.66069 0 0 -0.00369286 0.0777932 0.175199
39 1.16699 0 0 0.0368577 0.0283251 0.49261
40 2.18853 -0.501041 0.0576594 -1.56657 -0.0478594 -0.112922
41 1.29609 0 0 0.313996 0.117272 1.44964
42 1.62202 -0.000713348 -0.000469208 0.000354907 0.000500664 1.11222
43 1.22241 0 0 0.0285837 0.0224791 0.733687
44 1.76707 -1.27612 0.0366406 -1.55745 0.249311 -0.0923493
45 1.55588 0 0 0.429607 0.0164275 1.422
46 1.24273 0 0 0.000478847 0.000360594 0.859979
47 0.784533 0 0 -0.00544717 -0.0160061 0.509155
48 0 0 0 0 0 0
49 -4.97224 -24.1278 -5.37582 -0.0176863 0.568055 -0.000268777
50 -8.19254 -1.86112 -10.4309 -0.0176863 0.568055 -0.000268777
51 -4.28673 -4.34188 -15.587 -0.0852024 0.565631 -0.0436795
52 -4.77416 -5.75588 -4.56645 0 0 0
53 0.00843716 -7.81502 -0.490254 -0.568126 -0.0149085 -1.56155
54 1.01569 0 -1.0878 0 0 0
55 -0.393679 0.152813 -1.39039 0 0 0
56 23.6734 0 -0.790618 0 0 0
57 5.15077 0 -1.06019 0 0 0
time 33
0 2.40258 -3.87933 -9.49678 0.000934124 0 -0.959925
1 6.02794 0 0 -0.81795 0.146415 -0.71167
2 11.7344 0 0 -0.00140289 0 -0.793271
3 8.81138 -0.000452042 -0.000112534 -1.96015 0 0.000157941
4 5.77839 0.000284195 0 -1.3133 0 0.000100103
5 2.23164 -0.000329971 -0.000364304 -0.64685 0 0
6 11.4725 0 0 -1.96132 0.530354 0.354814
7 0.615219 -0.99309 -0.810701 2.54618 0.290033 -0.654616
8 2.24752 0 0 0.0890416 0.0577408 0.183721
9 1.11935 0 0 0.0489786 0.0248636 -0.297269
10 3.71348 -0.10264 0.10219 1.54981 0.481242 0.222622
11 1.72615 0 0 0.004764 -0.013344 -1.16423
12 1.21114 0 0 0.00962285 0.0119045 0.119968
13 3.59919 -1.06012 0.0708885 1.55963 0.293378 0.1836
14 1.66069 0 0 -0.0462757 0.046026 -0.970834
15 1.167 0 0 -0.00161543 0.0116292 -0.175583
16 2.18852 0.501041 0.0576591 1.56159 0.0264805 0.148746
17 1.29609 0 0 -0.0989836 0.0624906 -0.557378
18 1.62202 0.000713348 -0.000471115 0.0209771 -0.0243987 -1.08539
19 1.22241 0 0 0.00567742 -0.00614704 0.1409
20 1.76707 1.27612 0.0366402 1.51999 0.254413 0.120904
21 1.55588 0 0 -0.146917 -0.00945547 -0.630705
22 1.24273 0 0 -0.000479237 0.000360542 -0.779028
23 0.784523 0 0 0.0125571 0.00582468 0.178705
24 -4.10422 9.50291 7.76521 -0.000932672 1.04718 -2.53073
25 6.02794 0 0 0.1344 -0.214408 0.29741
26 11.7344 0 0 0.00140273 0 1.31086
27 8.81167 0 0 0.121246 0 0
28 5.77884 0 0 0.0812347 0 0
29 2.23249 0 0 0.0400112 0 0
30 11.4725 0 0 0.413519 -0.177535 -0.931837
31 0.615813 0.994372 -0.809165 -2.96932 0.65078 0.252631
32 2.24752 0 0 -0.646241 0.113698 0.432028
33 1.11936 0 0 -0.126186 0.15567 0.950443
34 3.71349 0.102639 0.102191 -1.58924 1.19001 -0.348168
35 1.72615 0 0 0.00173726 0.0156061 1.23447
36 1.21112 0 0 -0.00956518 0.0276136 0.735767
37 3.5992 1.06012 0.0708885 -1.58951 0.272978 0.118656
38 1.66069 0 0 -0.00273826 0.0778143 0.187517
39 1.16699 0 0 0.0373017 0.0273388 0.526565
40 2.18853 -0.50104 0.0576596 -1.56657 -0.0478596 -0.112922
41 1.29609 0 0 0.313996 0.117272 1.44964
42 1.62202 -0.000712395 -0.000470161 0.000355106 0.000500645 1.11222
43 1.22241 0 0 0.0285836 0.0224791 0.733687
44 1.76707 -1.27612 0.0366411 -1.55745 0.249311 -0.0923494
45 1.55587 0 0 0.429608 0.0164274 1.422
46 1.24273 0 0 0.000478962 0.000360558 0.859979
47 0.784533 0 0 -0.00544727 -0.016006 0.509155
48 0 0 0 0 0 0
49 -4.92165 -24.4463 -5.25299 -0.00899078 0.431382 0.00228896
50 -7.39914 -2.13482 -10.5244 -0.00899078 0.431382 0.00228896
51 -2.82994 -4.58447 -15.1197 -0.0700202 0.429396 -0.0380357
52 -4.77416 -5.75588 -4.56645 0 0 0
53 0.0250306 -8.13676 -0.259274 -0.431397 -0.00816713 -1.56475
54 1.01569 0 -1.0878 0 0 0
55 -0.39368 0.152813 -1.39039 0 0 0
56 23.6734 0 -0.790617 0 0 0
57 5.15077 0 -1.06019 0 0 0
time 34
0 2.42446 -4.14161 -9.49678 0.000934124 0 -0.959925
1 6.02794 0 0 -0.814371 0.103506 -0.74489
2 11.7344 0 0 -0.0014029 0 -0.694302
3 8.81138 -0.000450134 -0.000112534 -2.00757 0 0.000157759
4 5.77839 0.00028801 0 -1.34507 0 0.000100068
5 2.23163 -0.000329971 -0.000364304 -0.662499 0 0
6 11.4725 0 0 -2.02593 0.535806 0.261778
7 0.615217 -0.99309 -0.8107 2.56922 0.303917 -0.651556
8 2.24752 0 0 0.0896296 0.0553773 0.198772
9 1.11936 0 0 0.0439141 0.0237826 -0.334494
10 3.71348 -0.10264 0.102191 1.54868 0.539256 0.23861
11 1.72615 0 0 0.00552705 -0.0116569 -1.29223
12 1.21114 0 0 0.00964208 0.0115656 0.144062
13 3.59919 -1.06012 0.0708885 1.55963 0.325534 0.211114
14 1.66069 0 0 -0.0535355 0.0425589 -1.0825
15 1.167 0 0 -0.000101785 0.00785118 -0.197729
16 2.18852 0.501041 0.0576591 1.56065 0.0361342 0.140125
17 1.29609 0 0 -0.109215 0.0748755 -0.614576
18 1.62202 0.000713348 -0.000469208 0.0252748 -0.0230007 -1.20948
19 1.22241 0 0 0.00514869 -0.00445098 0.166507
20 1.76707 1.27612 0.0366411 1.51437 0.287401 0.105115
21 1.55588 0 0 -0.162202 -0.0139494 -0.698571
22 1.24273 0 0 -0.000479132 0.000360781 -0.862133
23 0.784524 0 0 0.0121915 0.00603879 0.201288
24 -4.10422 9.50291 7.76521 -0.000932672 1.04718 -2.53073
25 6.02794 0 0 0.153653 -0.214163 0.320119
26 11.7344 0 0 0.00140274 0 1.2782
27 8.81167 0 0 0.242821 0 0
28 5.77884 0 0 0.16269 0 0
29 2.23249 0 0 0.0801308 0 0
30 11.4725 0 0 0.495577 -0.111502 -0.905452
31 0.615813 0.994373 -0.809165 -2.96932 0.65078 0.252631
32 2.24752 0 0 -0.646241 0.113698 0.432028
33 1.11936 0 0 -0.126186 0.15567 0.950443
34 3.71349 0.102639 0.102191 -1.58924 1.19001 -0.348169
35 1.72615 0 0 0.00173723 0.0156061 1.23447
36 1.21112 0 0 -0.00956511 0.0276135 0.735767
37 3.5992 1.06012 0.0708885 -1.59129 0.283655 0.10732
38 1.66069 0 0 -0.00184527 0.0778302 0.199047
39 1.16699 0 0 0.0376632 0.0264157 0.558345
40 2.18853 -0.50104 0.0576596 -1.56657 -0.0478596 -0.112922
41 1.29609 0 0 0.313996 0.117272 1.44964
42 1.62202 -0.000713348 -0.000469685 0.000354937 0.000500627 1.11222
43 1.22241 0 0 0.0285838 0.0224792 0.733687
44 1.76707 -1.27612 0.0366406 -1.55745 0.249311 -0.0923494
45 1.55587 0 0 0.429608 0.0164274 1.422
46 1.24273 0 0 0.000478871 0.000360628 0.859979
47 0.784532 0 0 -0.00544718 -0.016006 0.509155
48 0 0 0 0 0 0
49 -4.8725 -24.7359 -5.13165 -0.00219497 0.307476 0.0025417
50 -6.63969 -2.38432 -10.5179 -0.00219497 0.307476 0.0025417
51 -1.54203 -4.81601 -14.5298 -0.0580089 0.305835 -0.0359165
52 -4.77416 -5.75588 -4.56645 0 0 0
53 0.0389109 -8.42985 -0.0485544 -0.307477 -0.00209205 -1.56759
54 1.01569 0 -1.0878 0 0 0
55 -0.393681 0.152814 -1.3904 0 0 0
56 23.6734 0 -0.790619 0 0 0
57 5.15077 0 -1.06019 0 0 0
time 35
0 2.44352 -4.37016 -9.49678 0.000934124 0 -0.959925
1 6.02794 0 0 -0.810068 0.0643301 -0.776469
2 11.7344 0 0 -0.00140289 0 -0.602373
3 8.81139 -0.000450134 -0.000112534 -2.04447 0 0.000157582
4 5.77839 0.000286102 0 -1.3698 0 0
5 2.23164 -0.000329971 -0.000363827 -0.674676 0 0
6 11.4725 0 0 -2.07923 0.540292 0.180607
7 0.615221 -0.993088 -0.8107 2.58951 0.315836 -0.648887
8 2.24752 0 0 0.0901522 0.053282 0.212158
9 1.11936 0 0 0.0394497 0.0228243 -0.367198
10 3.71349 -0.10264 0.102192 1.54768 0.590577 0.2527
11 1.72615 0 0 0.00619997 -0.0101695 -1.40476
12 1.21114 0 0 0.00964574 0.0112719 0.164304
13 3.59919 -1.06012 0.0708876 1.55963 0.354058 0.235371
14 1.66069 0 0 -0.0599236 0.0395216 -1.18065
15 1.167 0 0 0.00123302 0.00452038 -0.218055
16 2.18853 0.501041 0.0576591 1.55982 0.0445288 0.132524
17 1.2961 0 0 -0.118255 0.0857629 -0.665225
18 1.62202 0.000713348 -0.000471115 0.0290571 -0.0217776 -1.31859
19 1.22241 0 0 0.00468272 -0.00295564 0.188103
20 1.76707 1.27612 0.0366402 1.50942 0.316311 0.0912066
21 1.55588 0 0 -0.175676 -0.0179203 -0.758449
22 1.24274 0 0 -0.000479171 0.000360498 -0.935422
23 0.784524 0 0 0.0118692 0.00622734 0.220504
24 -4.10422 9.50291 7.76521 -0.000932672 1.04718 -2.53073
25 6.02794 0 0 0.168652 -0.214674 0.340664
26 11.7344 0 0 0.0014028 0 1.24826
27 8.81167 0 0 0.351245 0 0
28 5.77884 0 0 0.235334 0 0
29 2.23249 0 0 0.115911 0 0
30 11.4725 0 0 0.569951 -0.0557258 -0.879143
31 0.615812 0.994372 -0.809165 -2.96932 0.65078 0.252631
32 2.24752 0 0 -0.646241 0.113698 0.432028
33 1.11936 0 0 -0.126186 0.15567 0.950443
34 3.71349 0.102639 0.102191 -1.58924 1.19001 -0.348168
35 1.72615 0 0 0.00173732 0.0156061 1.23447
36 1.21112 0 0 -0.00956522 0.0276136 0.735767
37 3.5992 1.06012 0.0708885 -1.59291 0.293359 0.0970198
38 1.66069 0 0 -0.00103364 0.0778416 0.209524
39 1.16699 0 0 0.0379497 0.0255771 0.587225
40 2.18853 -0.501041 0.0576587 -1.56657 -0.0478598 -0.112922
41 1.29609 0 0 0.313996 0.117272 1.44964
42 1.62202 -0.000712395 -0.000471115 0.000354926 0.000500652 1.11222
43 1.22241 0 0 0.0285837 0.0224791 0.733687
44 1.76707 -1.27612 0.0366406 -1.55745 0.249311 -0.0923493
45 1.55587 0 0 0.429607 0.0164274 1.422
46 1.24273 0 0 0.000478905 0.000360569 0.859979
47 0.784532 0 0 -0.00544719 -0.016006 0.509155
48 0 0 0 0 0 0
49 -4.82794 -24.9899 -5.01644 0.00312471 0.198934 0.0013931
50 -5.95243 -2.60564 -10.4396 0.00312471 0.198934 0.0013931
51 -0.4555 -5.03045 -13.889 -0.0484469 0.197566 -0.0360147
52 -4.77416 -5.75588 -4.56645 0 0 0
53 0.0497484 -8.68705 0.136398 -0.198935 0.00306308 -1.57002
54 1.01569 0 -1.0878 0 0 0
55 -0.393681 0.152813 -1.39039 0 0 0
56 23.6734 0 -0.790618 0 0 0
57 5.15077 0 -1.06019 0 0 0
time 36
0 2.45957 -4.56255 -9.49678 0.000934124 0 -0.959925
1 6.02794 0 0 -0.805285 0.0330685 -0.802421
2 11.7344 0 0 -0.00140292 0 -0.528732
3 8.81138 -0.000450134 -0.000112295 -2.07199 0 0.000157846
4 5.77839 0.000286102 0 -1.38823 0 0.00010003
5 2.23164 -0.000328064 -0.000363827 -0.683757 0 0
6 11.4725 0 0 -2.11995 0.54348 0.117669
7 0.615221 -0.993092 -0.810699 2.60569 0.325145 -0.646776
8 2.24752 0 0 0.0905719 0.0516027 0.222913
9 1.11935 0 0 0.0358872 0.0220564 -0.393224
10 3.71348 -0.102642 0.102191 1.54688 0.631643 0.263941
11 1.72615 0 0 0.00673705 -0.00898225 -1.49437
12 1.21114 0 0 0.0096402 0.011041 0.179829
13 3.59919 -1.06012 0.0708895 1.55963 0.376932 0.25473
14 1.66069 0 0 -0.0650141 0.0371097 -1.2588
15 1.167 0 0 0.00229819 0.00186246 -0.234778
16 2.18853 0.50104 0.0576601 1.55915 0.0511549 0.126459
17 1.29609 0 0 -0.125483 0.0944324 -0.705787
18 1.62202 0.000713348 -0.000473022 0.0320714 -0.0208074 -1.40548
19 1.22241 0 0 0.00431088 -0.00176228 0.204722
20 1.76707 1.27612 0.0366411 1.50547 0.339275 0.0801148
21 1.55588 0 0 -0.186428 -0.0210949 -0.806264
22 1.24274 0 0 -0.000479182 0.000360542 -0.993924
23 0.784524 0 0 0.011612 0.00637781 0.235405
24 -4.10422 9.50291 7.76521 -0.000932672 1.04718 -2.53073
25 6.02794 0 0 0.17985 -0.215538 0.358122
26 11.7344 0 0 0.00140275 0 1.22247
27 8.81167 0 0 0.443068 0 0
28 5.77884 0 0 0.296855 0 0
29 2.23249 0 0 0.146212 0 0
30 11.4725 0 0 0.634045 -0.0110029 -0.85451
31 0.615812 0.994373 -0.809166 -2.96932 0.65078 0.252631
32 2.24752 0 0 -0.646241 0.113698 0.432028
33 1.11936 0 0 -0.126186 0.15567 0.950443
34 3.71349 0.10264 0.102191 -1.58924 1.19001 -0.348168
35 1.72615 0 0 0.00173724 0.0156061 1.23447
36 1.21112 0 0 -0.00956515 0.0276137 0.735767
37 3.5992 1.06012 0.070888 -1.59432 0.301845 0.0880124
38 1.66069 0 0 -0.000323602 0.0778492 0.218686
39 1.16699 0 0 0.0381681 0.0248436 0.61248
40 2.18853 -0.50104 0.0576587 -1.56657 -0.0478595 -0.112922
41 1.29609 0 0 0.313996 0.117272 1.44964
42 1.62202 -0.000713348 -0.000469685 0.000354908 0.000500707 1.11222
43 1.22241 0 0 0.0285837 0.0224791 0.733687
44 1.76707 -1.27612 0.0366402 -1.55745 0.249311 -0.0923493
45 1.55587 0 0 0.429608 0.0164274 1.422
46 1.24273 0 0 0.000478938 0.000360533 0.85998
47 0.784531 0 0 -0.00544727 -0.016006 0.509155
48 0 0 0 0 0 0
49 -4.79059 -25.2013 -4.91258 0.00708611 0.108338 -0.000421476
50 -5.36974 -2.79357 -10.3242 0.00708611 0.108338 -0.000421476
51 0.411303 -5.21935 -13.2721 -0.0410856 0.107178 -0.0373177
52 -4.77416 -5.75588 -4.56645 0 0 0
53 0.0572143 -8.90115 0.29008 -0.108341 0.00704456 -1.57198
54 1.01569 0 -1.0878 0 0 0
55 -0.393679 0.152812 -1.39039 0 0 0
56 23.6734 0 -0.790618 0 0 0
57 5.15077 0 -1.06019 0 0 0
time 37
0 2.4724 -4.71639 -9.49678 0.000934124 0 -0.959925
1 6.02794 0 0 -0.800648 0.0142349 -0.818266
2 11.7344 0 0 -0.00140283 0 -0.485796
3 8.81138 -0.000450134 -0.000112534 -2.09075 0 0.000158571
4 5.77839 0.000286102 0 -1.4008 0 0.000100529
5 2.23163 -0.000329971 -0.000363827 -0.689948 0 0
6 11.4725 0 0 -2.14677 0.545036 0.0799398
7 0.615215 -0.993093 -0.810699 2.6164 0.331201 -0.645387
8 2.24752 0 0 0.0908511 0.050487 0.230074
9 1.11935 0 0 0.0335285 0.0215461 -0.410419
10 3.71348 -0.102644 0.102191 1.54635 0.658894 0.271382
11 1.72615 0 0 0.00709259 -0.00819617 -1.55361
12 1.21114 0 0 0.00963243 0.0108899 0.189776
13 3.59919 -1.06012 0.0708876 1.55963 0.392136 0.267548
14 1.66069 0 0 -0.0683807 0.0355191 -1.31045
15 1.167 0 0 0.00300349 0.00010218 -0.246118
16 2.18852 0.501038 0.0576591 1.55872 0.0555037 0.122442
17 1.29609 0 0 -0.130276 0.100163 -0.732721
18 1.62202 0.000715256 -0.000471115 0.0340652 -0.0201679 -1.46292
19 1.22241 0 0 0.00406447 -0.000972122 0.215402
20 1.76707 1.27612 0.0366411 1.50286 0.354423 0.0727741
21 1.55588 0 0 -0.193548 -0.0232001 -0.837941
22 1.24274 0 0 -0.000479107 0.000360768 -1.03267
23 0.784523 0 0 0.0114417 0.00647745 0.245042
24 -4.10422 9.50291 7.76521 -0.000932672 1.04718 -2.53073
25 6.02794 0 0 0.187701 -0.216377 0.371567
26 11.7344 0 0 0.00140267 0 1.20223
27 8.81167 0 0 0.514932 0 0
28 5.77884 0 0 0.345004 0 0
29 2.23249 0 0 0.169927 0 0
30 11.4725 0 0 0.685028 0.0221038 -0.833349
31 0.615813 0.994373 -0.809165 -2.96932 0.65078 0.252631
32 2.24752 0 0 -0.646241 0.113698 0.432028
33 1.11936 0 0 -0.126186 0.15567 0.950443
34 3.71349 0.10264 0.10219 -1.58924 1.19001 -0.348168
35 1.72615 0 0 0.00173733 0.0156061 1.23447
36 1.21112 0 0 -0.00956524 0.0276137 0.735767
37 3.5992 1.06012 0.070888 -1.59549 0.308868 0.0805565
38 1.66069 0 0 0.000263821 0.0778538 0.22627
39 1.16699 0 0 0.038326 0.0242365 0.633385
40 2.18853 -0.50104 0.0576591 -1.56657 -0.0478596 -0.112922
41 1.29609 0 0 0.313996 0.117272 1.44964
42 1.62202 -0.000713348 -0.000469208 0.00035499 0.000500691 1.11222
43 1.22241 0 0 0.0285837 0.022479 0.733687
44 1.76707 -1.27612 0.0366406 -1.55745 0.249311 -0.0923494
45 1.55588 0 0 0.429607 0.0164275 1.422
46 1.24273 0 0 0.000478921 0.000360573 0.859979
47 0.784533 0 0 -0.00544721 -0.016006 0.509155
48 0 0 0 0 0 0
49 -4.76252 -25.3634 -4.8255 0.00960578 0.0382619 -0.00226075
50 -4.9179 -2.94182 -10.2086 0.00960578 0.0382619 -0.00226075
51 1.05066 -5.37285 -12.7505 -0.0359831 0.0372414 -0.0389732
52 -4.77416 -5.75588 -4.56645 0 0 0
53 0.0609789 -9.06491 0.406986 -0.0382637 0.00959875 -1.57342
54 1.01569 0 -1.0878 0 0 0
55 -0.393681 0.152814 -1.39039 0 0 0
56 23.6734 0 -0.790617 0 0 0
57 5.15077 0 -1.06019 0 0 0
time 38
0 2.48182 -4.82925 -9.49678 0.000934124 0 -0.959925
1 6.02794 0 0 -0.796763 0.0133638 -0.818391
2 11.7344 0 0 -0.00140282 0 -0.489012
3 8.81139 -0.000450134 -0.000111818 -2.10135 0 0.000158459
4 5.77839 0.000286102 0 -1.40791 0 0.000100589
5 2.23164 -0.000328064 -0.000363827 -0.693447 0 0
6 11.4725 0 0 -2.15836 0.544658 0.0759734
7 0.615219 -0.993088 -0.8107 2.62027 0.333363 -0.644888
8 2.24752 0 0 0.0909526 0.0500823 0.232675
9 1.11936 0 0 0.0326752 0.0213609 -0.416629
10 3.71348 -0.102638 0.102191 1.54616 0.668769 0.274073
11 1.72615 0 0 0.00722117 -0.00791168 -1.57501
12 1.21114 0 0 0.00962833 0.0108358 0.193284
13 3.59919 -1.06012 0.0708885 1.55963 0.397653 0.272186
14 1.66069 0 0 -0.0695977 0.0349454 -1.32911
15 1.167 0 0 0.0032587 -0.000534473 -0.250294
16 2.18852 0.501041 0.0576591 1.55856 0.0570664 0.120989
17 1.29609 0 0 -0.132012 0.102233 -0.742486
18 1.62202 0.000713348 -0.000471115 0.0347859 -0.0199374 -1.48368
19 1.22241 0 0 0.00397539 -0.00068614 0.219176
20 1.76707 1.27612 0.0366402 1.50192 0.359888 0.0701194
21 1.55588 0 0 -0.196124 -0.0239625 -0.849405
22 1.24274 0 0 -0.000479146 0.00036062 -1.04669
23 0.784524 0 0 0.01138 0.00651355 0.248465
24 -4.10422 9.50291 7.76521 -0.000932672 1.04718 -2.53073
25 6.02794 0 0 0.192498 -0.216926 0.380482
26 11.7344 0 0 0.00140264 0 1.18806
27 8.81167 0 0 0.563802 0 0
28 5.77884 0 0 0.377747 0 0
29 2.23249 0 0 0.186055 0 0
30 11.4725 0 0 0.720012 0.0431129 -0.817062
31 0.615812 0.994372 -0.809165 -2.96932 0.65078 0.252631
32 2.24752 0 0 -0.646241 0.113698 0.432028
33 1.11936 0 0 -0.126186 0.15567 0.950443
34 3.71348 0.10264 0.102191 -1.58924 1.19001 -0.348169
35 1.72615 0 0 0.0017373 0.0156062 1.23447
36 1.21112 0 0 -0.00956528 0.0276136 0.735767
37 3.5992 1.06012 0.0708885 -1.59638 0.314187 0.0749108
38 1.66069 0 0 0.000708785 0.0778562 0.232013
39 1.16699 0 0 0.0384295 0.0237768 0.649215
40 2.18853 -0.501041 0.0576596 -1.56657 -0.0478596 -0.112922
41 1.29609 0 0 0.313996 0.117272 1.44964
42 1.62202 -0.000713348 -0.000469685 0.000354845 0.000500711 1.11222
43 1.22241 0 0 0.0285838 0.0224791 0.733687
44 1.76707 -1.27612 0.0366411 -1.55745 0.249311 -0.0923494
45 1.55588 0 0 0.429607 0.0164275 1.422
46 1.24273 0 0 0.000478959 0.000360508 0.859979
47 0.784533 0 0 -0.0054471 -0.016006 0.509155
48 0 0 0 0 0 0
49 -4.74532 -25.4691 -4.76047 0.0104724 -0.00872617 -0.00358219
50 -4.61815 -3.04354 -10.1279 0.0104724 -0.00872617 -0.00358219
51 1.46002 -5.48086 -12.3884 -0.033393 -0.00968331 -0.0402718
52 -4.77416 -5.75588 -4.56645 0 0 0
53 0.0607138 -9.17112 0.481613 0.00872665 0.010472 -1.57429
54 1.01569 0 -1.0878 0 0 0
55 -0.39368 0.152813 -1.39039 0 0 0
56 23.6734 0 -0.790619 0 0 0
57 5.15077 0 -1.06019 0 0 0
time 39
0 2.48762 -4.89874 -9.49678 0.000934124 0 -0.959925
1 6.02794 0 0 -0.795775 0.00850545 -0.81679
2 11.7344 0 0 -0.00140294 0 -0.490075
3 8.81139 -0.000450134 -0.000111341 -2.07949 0 0.00015808
4 5.77839 0.000286102 0 -1.39326 0 0.000100166
5 2.23164 -0.000329971 -0.000363827 -0.686232 0 0
6 11.4725 0 0 -2.13649 0.561071 0.0939313
7 0.615217 -0.993092 -0.810701 2.62027 0.333363 -0.644887
8 2.24752 0 0 0.0909525 0.0500823 0.232675
9 1.11936 0 0 0.0326752 0.021361 -0.416629
10 3.71348 -0.10264 0.102191 1.54616 0.668769 0.274073
11 1.72615 0 0 0.00722113 -0.00791164 -1.57501
12 1.21114 0 0 0.00962828 0.0108356 0.193284
13 3.59919 -1.06012 0.0708876 1.55963 0.397653 0.272186
14 1.66069 0 0 -0.0695978 0.0349452 -1.32911
15 1.167 0 0 0.0032587 -0.000534473 -0.250294
16 2.18852 0.501038 0.0576582 1.55856 0.0570664 0.120989
17 1.29609 0 0 -0.132012 0.102233 -0.742485
18 1.62202 0.000715256 -0.0004673 0.0347858 -0.0199374 -1.48368
19 1.22241 0 0 0.00397531 -0.000686011 0.219176
20 1.76707 1.27612 0.0366402 1.50192 0.359888 0.0701193
21 1.55588 0 0 -0.196124 -0.0239624 -0.849405
22 1.24274 0 0 -0.000479146 0.00036062 -1.04669
23 0.784524 0 0 0.0113801 0.00651366 0.248465
24 -4.10422 9.50291 7.76521 -0.000932672 1.04718 -2.53073
25 6.02794 0 0 0.195287 -0.217061 0.384733
26 11.7344 0 0 0.00140276 0 1.18058
27 8.81167 0 0 0.589906 0 0
28 5.77884 0 0 0.395237 0 0
29 2.23249 0 0 0.194669 0 0
30 11.4725 0 0 0.738506 0.0535502 -0.806765
31 0.615813 0.994372 -0.809165 -2.96932 0.65078 0.252631
32 2.24752 0 0 -0.646241 0.113698 0.432028
33 1.11936 0 0 -0.126186 0.15567 0.950443
34 3.71349 0.102639 0.102192 -1.58924 1.19001 -0.348169
35 1.72615 0 0 0.00173726 0.0156062 1.23447
36 1.21112 0 0 -0.00956523 0.0276137 0.735767
37 3.5992 1.06012 0.0708885 -1.59694 0.317557 0.0713336
38 1.66069 0 0 0.000990585 0.0778572 0.235651
39 1.16699 0 0 0.0384861 0.0234854 0.659244
40 2.18853 -0.501041 0.0576596 -1.56657 -0.0478595 -0.112922
41 1.29609 0 0 0.313996 0.117272 1.44964
42 1.62202 -0.000714302 -0.000469208 0.000354933 0.000500621 1.11222
43 1.22241 0 0 0.0285837 0.0224791 0.733687
44 1.76707 -1.27612 0.0366416 -1.55745 0.249311 -0.0923494
45 1.55588 0 0 0.429608 0.0164274 1.422
46 1.24273 0 0 0.000478952 0.000360591 0.859979
47 0.784533 0 0 -0.00544726 -0.016006 0.509155
48 0 0 0 0 0 0
49 -4.73941 -25.5246 -4.71571 0.00985942 -0.0336549 -0.00403703
50 -4.46782 -3.10302 -10.094 0.00985942 -0.0336549 -0.00403703
51 1.66364 -5.54474 -12.2007 -0.0330907 -0.0346178 -0.0407463
52 -4.77416 -5.75588 -4.56645 0 0 0
53 0.0547953 -9.22623 0.519562 0.0336566 0.00985383 -1.5745
54 1.01569 0 -1.0878 0 0 0
55 -0.39368 0.152813 -1.39039 0 0 0
56 23.6734 0 -0.790618 0 0 0
57 5.15077 0 -1.06019 0 0 0
time 40
0 2.48959 -4.92244 -9.49678 0.000934124 0 -0.959925
1 6.02794 0 0 -0.795641 0.00484167 -0.817367
2 11.7344 0 0 -0.00140281 0 -0.487396
3 8.81138 -0.000452042 -0.000111818 -2.07098 0 0.000157882
4 5.77839 0.000286102 0 -1.38756 0 0.000100336
5 2.23164 -0.000329971 -0.000364304 -0.683424 0 0
6 11.4725 0 0 -2.12802 0.566306 0.0992236
7 0.615219 -0.993092 -0.8107 2.62027 0.333363 -0.644887
8 2.24752 0 0 0.0909526 0.0500824 0.232675
9 1.11936 0 0 0.0326752 0.021361 -0.416629
10 3.71348 -0.102642 0.102191 1.54616 0.668769 0.274073
11 1.72615 0 0 0.00722122 -0.00791164 -1.57501
12 1.21114 0 0 0.0096282 0.0108357 0.193284
13 3.5992 -1.06012 0.0708885 1.55963 0.397653 0.272186
14 1.66069 0 0 -0.0695977 0.0349452 -1.32911
15 1.167 0 0 0.00325861 -0.000534484 -0.250294
16 2.18853 0.50104 0.0576591 1.55856 0.0570665 0.120989
17 1.29609 0 0 -0.132012 0.102233 -0.742485
18 1.62202 0.000715256 -0.000471115 0.0347859 -0.0199375 -1.48368
19 1.22241 0 0 0.0039753 -0.000686191 0.219176
20 1.76707 1.27612 0.0366411 1.50192 0.359888 0.0701193
21 1.55588 0 0 -0.196124 -0.0239623 -0.849405
22 1.24274 0 0 -0.00047922 0.000360509 -1.04669
23 0.784523 0 0 0.0113801 0.00651348 0.248465
24 -4.10422 9.50291 7.76521 -0.000932672 1.04718 -2.53073
25 6.02794 0 0 0.196936 -0.217061 0.385947
26 11.7344 0 0 0.00140277 0 1.1775
27 8.81167 0 0 0.59904 0 0
28 5.77884 0 0 0.401357 0 0
29 2.23249 0 0 0.197683 0 0
30 11.4725 0 0 0.744266 0.0568396 -0.801203
31 0.615813 0.994372 -0.809166 -2.96932 0.65078 0.252631
32 2.24752 0 0 -0.646241 0.113698 0.432028
33 1.11936 0 0 -0.126186 0.15567 0.950443
34 3.71349 0.10264 0.102191 -1.58924 1.19001 -0.348168
35 1.72615 0 0 0.0017373 0.0156061 1.23447
36 1.21112 0 0 -0.0095652 0.0276137 0.735767
37 3.5992 1.06012 0.0708885 -1.59714 0.318734 0.0700832
38 1.66069 0 0 0.00108927 0.0778572 0.236922
39 1.16699 0 0 0.0385038 0.0233837 0.662749
40 2.18853 -0.501041 0.0576587 -1.56657 -0.0478596 -0.112922
41 1.29609 0 0 0.313996 0.117272 1.44964
42 1.62202 -0.000713348 -0.000470161 0.000354989 0.000500648 1.11222
43 1.22241 0 0 0.0285837 0.0224792 0.733687
44 1.76707 -1.27612 0.0366406 -1.55745 0.249311 -0.0923494
45 1.55588 0 0 0.429608 0.0164274 1.422
46 1.24273 0 0 0.00047897 0.000360474 0.859979
47 0.784533 0 0 -0.0054472 -0.0160059 0.509155
48 0 0 0 0 0 0
49 -4.74237 -25.5471 -4.68484 0.0083505 -0.0422915 -0.00371822
50 -4.43008 -3.13372 -10.0952 0.0083505 -0.0422915 -0.00371822
51 1.71995 -5.57703 -12.1451 -0.0342814 -0.0433039 -0.0404384
52 -4.77416 -5.75588 -4.56645 0 0 0
53 0.0433764 -9.24767 0.53432 0.0422929 0.00834304 -1.57416
54 1.01569 0 -1.0878 0 0 0
55 -0.39368 0.152813 -1.39039 0 0 0
56 23.6734 0 -0.790618 0 0 0
57 5.15077 0 -1.06019 0 0 0
time 41
0 2.48959 -4.92244 -9.49678 0.000934124 0 -0.959925
1 6.02794 0 0 -0.795768 0.00322325 -0.818429
2 11.7344 0 0 -0.00140292 0 -0.48543
3 8.81139 -0.000450134 -0.000111341 -2.07302 0 0.00015718
4 5.77839 0.000286102 0 -1.38892 0 0
5 2.23164 -0.000328064 -0.00036335 -0.684095 0 0
6 11.4725 0 0 -2.12989 0.563522 0.0967716
7 0.615219 -0.99309 -0.8107 2.62027 0.333363 -0.644887
8 2.24752 0 0 0.0909526 0.0500823 0.232675
9 1.11936 0 0 0.0326751 0.021361 -0.416629
10 3.71348 -0.102642 0.102191 1.54616 0.668769 0.274073
11 1.72615 0 0 0.00722134 -0.00791168 -1.57501
12 1.21114 0 0 0.00962824 0.0108355 0.193283
13 3.59919 -1.06012 0.0708876 1.55963 0.397653 0.272186
14 1.66069 0 0 -0.0695977 0.0349453 -1.32911
15 1.167 0 0 0.00325864 -0.000534539 -0.250294
16 2.18852 0.501041 0.0576582 1.55856 0.0570664 0.120989
17 1.29609 0 0 -0.132012 0.102233 -0.742486
18 1.62202 0.000713348 -0.000473022 0.0347859 -0.0199374 -1.48368
19 1.22241 0 0 0.00397543 -0.000686265 0.219176
20 1.76707 1.27612 0.0366402 1.50192 0.359888 0.0701194
21 1.55588 0 0 -0.196123 -0.0239625 -0.849405
22 1.24274 0 0 -0.000479323 0.000360449 -1.04669
23 0.784523 0 0 0.0113802 0.00651366 0.248465
24 -4.10422 9.50291 7.76521 -0.000932672 1.04718 -2.53073
25 6.02794 0 0 0.197866 -0.216869 0.384987
26 11.7344 0 0 0.00140263 0 1.17767
27 8.81167 0 0 0.595755 0 0
28 5.77884 0 0 0.399156 0 0
29 2.23249 0 0 0.196599 0 0
30 11.4725 0 0 0.740677 0.0550356 -0.799319
31 0.615813 0.994372 -0.809165 -2.96932 0.65078 0.252631
32 2.24752 0 0 -0.646241 0.113698 0.432028
33 1.11936 0 0 -0.126186 0.155671 0.950443
34 3.71349 0.102639 0.102191 -1.58924 1.19001 -0.348168
35 1.72615 0 0 0.00173729 0.0156061 1.23447
36 1.21112 0 0 -0.00956517 0.0276137 0.735767
37 3.5992 1.06012 0.0708876 -1.59714 0.318734 0.0700833
38 1.66069 0 0 0.00108924 0.0778573 0.236922
39 1.16699 0 0 0.0385038 0.0233837 0.662749
40 2.18853 -0.50104 0.0576591 -1.56657 -0.0478595 -0.112922
41 1.29609 0 0 0.313996 0.117272 1.44964
42 1.62202 -0.000712395 -0.000470161 0.000354894 0.000500777 1.11222
43 1.22241 0 0 0.0285837 0.022479 0.733687
44 1.76707 -1.27612 0.0366406 -1.55745 0.249311 -0.0923494
45 1.55587 0 0 0.429607 0.0164275 1.422
46 1.24273 0 0 0.000478919 0.000360639 0.859979
47 0.784532 0 0 -0.0054472 -0.016006 0.509155
48 0 0 0 0 0 0
49 -4.75129 -25.5453 -4.66547 0.00630444 -0.0391757 -0.00290755
50 -4.47226 -3.1428 -10.1223 0.00630444 -0.0391757 -0.00290755
51 1.67312 -5.58583 -12.1864 -0.0364407 -0.0402652 -0.0396209
52 -4.77416 -5.75588 -4.56645 0 0 0
53 0.0287943 -9.24461 0.532212 0.0391765 0.0062996 -1.57346
54 1.01569 0 -1.0878 0 0 0
55 -0.393679 0.152813 -1.39039 0 0 0
56 23.6734 0 -0.790618 0 0 0
57 5.15077 0 -1.06019 0 0 0
time 42
0 2.48959 -4.92244 -9.49678 0.000934124 0 -0.959925
1 6.02794 0 0 -0.795507 0.00450955 -0.818284
2 11.7344 0 0 -0.00140291 0 -0.488813
3 8.81139 -0.000450134 -0.00011158 -2.0826 0 0.000158047
4 5.77839 0.000286102 0 -1.39534 0 0.000100209
5 2.23164 -0.000328064 -0.000363827 -0.687259 0 0
6 11.4725 0 0 -2.13871 0.555636 0.0920106
7 0.615219 -0.993092 -0.8107 2.62027 0.333363 -0.644888
8 2.24752 0 0 0.0909526 0.0500824 0.232675
9 1.11935 0 0 0.0326752 0.0213609 -0.416629
10 3.71348 -0.102644 0.10219 1.54616 0.668769 0.274074
11 1.72615 0 0 0.0072213 -0.00791189 -1.57501
12 1.21114 0 0 0.00962827 0.0108358 0.193283
13 3.59919 -1.06012 0.0708876 1.55963 0.397653 0.272186
14 1.66069 0 0 -0.0695977 0.0349454 -1.32911
15 1.167 0 0 0.00325874 -0.000534587 -0.250294
16 2.18852 0.501038 0.0576591 1.55856 0.0570664 0.120989
17 1.29609 0 0 -0.132012 0.102233 -0.742486
18 1.62202 0.000713348 -0.000473022 0.0347859 -0.0199374 -1.48368
19 1.22241 0 0 0.00397551 -0.000686273 0.219176
20 1.76707 1.27612 0.0366402 1.50192 0.359888 0.0701194
21 1.55588 0 0 -0.196124 -0.0239624 -0.849405
22 1.24274 0 0 -0.000479087 0.000360517 -1.04669
23 0.784523 0 0 0.0113801 0.0065136 0.248465
24 -4.10422 9.50291 7.76521 -0.000932672 1.04718 -2.53073
25 6.02794 0 0 0.198468 -0.21643 0.382749
26 11.7344 0 0 0.00140266 0 1.17989
27 8.81167 0 0 0.58462 0 0
28 5.77884 0 0 0.391695 0 0
29 2.23249 0 0 0.192925 0 0
30 11.4725 0 0 0.731206 0.0500692 -0.79991
31 0.615811 0.994373 -0.809165 -2.96932 0.65078 0.252631
32 2.24752 0 0 -0.646241 0.113698 0.432028
33 1.11936 0 0 -0.126186 0.15567 0.950443
34 3.71348 0.10264 0.10219 -1.58924 1.19001 -0.348168
35 1.72615 0 0 0.00173731 0.0156062 1.23447
36 1.21112 0 0 -0.00956519 0.0276136 0.735767
37 3.5992 1.06012 0.070888 -1.59714 0.318734 0.0700831
38 1.66069 0 0 0.00108929 0.0778572 0.236922
39 1.16699 0 0 0.0385039 0.0233837 0.662749
40 2.18853 -0.50104 0.0576582 -1.56657 -0.0478596 -0.112922
41 1.29609 0 0 0.313996 0.117272 1.44964
42 1.62202 -0.000713348 -0.000470161 0.000354962 0.000500744 1.11222
43 1.22241 0 0 0.0285837 0.0224791 0.733687
44 1.76707 -1.27612 0.0366402 -1.55745 0.249311 -0.0923494
45 1.55587 0 0 0.429608 0.0164275 1.422
46 1.24273 0 0 0.000478903 0.000360603 0.859979
47 0.784531 0 0 -0.00544726 -0.0160059 0.509155
48 0 0 0 0 0 0
49 -4.76327 -25.5283 -4.65495 0.00408525 -0.0288478 -0.00189966
50 -4.56178 -3.13759 -10.1634 0.00408525 -0.0288478 -0.00189966
51 1.56425 -5.57949 -12.2856 -0.0390377 -0.0300257 -0.0385972
52 -4.77416 -5.75588 -4.56645 0 0 0
53 0.0133853 -9.22623 0.519562 0.0288481 0.00408355 -1.57258
54 1.01569 0 -1.0878 0 0 0
55 -0.393679 0.152813 -1.39039 0 0 0
56 23.6734 0 -0.790618 0 0 0
57 5.15077 0 -1.06019 0 0 0
time 43
0 2.48959 -4.92244 -9.49678 0.000934124 0 -0.959925
1 6.02794 0 0 -0.795061 0.00717399 -0.817557
2 11.7344 0 0 -0.00140277 0 -0.494566
3 8.81139 -0.000448227 -0.000112057 -2.09504 0 0.000158371
4 5.77839 0.00028801 0 -1.40368 0 0.000100517
5 2.23164 -0.000329971 -0.000364304 -0.691364 0 0
6 11.4725 0 0 -2.1501 0.545868 0.0866392
7 0.615217 -0.993093 -0.810699 2.62027 0.333363 -0.644887
8 2.24752 0 0 0.0909526 0.0500824 0.232675
9 1.11936 0 0 0.0326752 0.021361 -0.416629
10 3.71348 -0.102642 0.102192 1.54616 0.668769 0.274074
11 1.72615 0 0 0.00722126 -0.00791168 -1.57501
12 1.21114 0 0 0.00962838 0.0108357 0.193284
13 3.59919 -1.06012 0.0708885 1.55963 0.397653 0.272186
14 1.66069 0 0 -0.0695977 0.0349452 -1.32911
15 1.167 0 0 0.00325865 -0.000534598 -0.250294
16 2.18853 0.501038 0.0576591 1.55856 0.0570665 0.120989
17 1.29609 0 0 -0.132012 0.102233 -0.742485
18 1.62202 0.000713348 -0.000469208 0.0347858 -0.0199374 -1.48368
19 1.22241 0 0 0.00397539 -0.00068614 0.219176
20 1.76707 1.27612 0.0366421 1.50192 0.359888 0.0701194
21 1.55588 0 0 -0.196124 -0.0239625 -0.849405
22 1.24274 0 0 -0.000479095 0.00036065 -1.04669
23 0.784525 0 0 0.0113799 0.00651362 0.248465
24 -4.10422 9.50291 7.76521 -0.000932672 1.04718 -2.53073
25 6.02794 0 0 0.198793 -0.21591 0.380094
26 11.7344 0 0 0.0014027 0 1.18295
27 8.81167 0 0 0.570597 0 0
28 5.77884 0 0 0.3823 0 0
29 2.23249 0 0 0.188297 0 0
30 11.4725 0 0 0.719727 0.0439467 -0.80174
31 0.615814 0.994373 -0.809166 -2.96932 0.65078 0.252631
32 2.24752 0 0 -0.646241 0.113698 0.432028
33 1.11936 0 0 -0.126186 0.155671 0.950443
34 3.71349 0.102639 0.10219 -1.58924 1.19001 -0.348168
35 1.72615 0 0 0.00173729 0.0156061 1.23447
36 1.21112 0 0 -0.00956514 0.0276137 0.735767
37 3.5992 1.06012 0.070888 -1.59714 0.318734 0.0700833
38 1.66069 0 0 0.00108927 0.0778572 0.236922
39 1.16699 0 0 0.0385038 0.0233838 0.662749
40 2.18853 -0.50104 0.0576591 -1.56657 -0.0478596 -0.112922
41 1.29609 0 0 0.313996 0.117272 1.44964
42 1.62202 -0.000713348 -0.000469208 0.000354969 0.000500678 1.11222
43 1.22241 0 0 0.0285837 0.0224791 0.733687
44 1.76707 -1.27612 0.0366406 -1.55745 0.249311 -0.0923494
45 1.55588 0 0 0.429607 0.0164275 1.422
46 1.24273 0 0 0.000478857 0.000360624 0.859979
47 0.784532 0 0 -0.00544707 -0.016006 0.509155
48 0 0 0 0 0 0
49 -4.77541 -25.505 -4.65058 0.00205518 -0.0158485 -0.000951316
50 -4.66607 -3.12529 -10.2061 0.00205518 -0.0158485 -0.000951316
51 1.43409 -5.566 -12.4028 -0.0415434 -0.0171096 -0.0376352
52 -4.77416 -5.75588 -4.56645 0 0 0
53 -0.000514507 -9.20174 0.502696 0.0158486 0.00205492 -1.57172
54 1.01569 0 -1.0878 0 0 0
55 -0.39368 0.152813 -1.39039 0 0 0
56 23.6734 0 -0.790618 0 0 0
57 5.15077 0 -1.06019 0 0 0
time 44
0 2.48959 -4.92244 -9.49678 0.000934124 0 -0.959925
1 6.02794 0 0 -0.794634 0.00976399 -0.816795
2 11.7344 0 0 -0.00140287 0 -0.499891
3 8.81138 -0.000450134 -0.000112057 -2.10576 0 0.000157805
4 5.77839 0.000286102 0 -1.41086 0 0.000100115
5 2.23163 -0.000329971 -0.000363827 -0.694899 0 0
6 11.4725 0 0 -2.15987 0.537518 0.0822786
7 0.615217 -0.99309 -0.8107 2.62027 0.333363 -0.644887
8 2.24752 0 0 0.0909526 0.0500823 0.232675
9 1.11936 0 0 0.0326752 0.021361 -0.416629
10 3.71348 -0.102642 0.102191 1.54616 0.668769 0.274073
11 1.72615 0 0 0.00722126 -0.0079116 -1.57501
12 1.21114 0 0 0.00962816 0.0108356 0.193283
13 3.59919 -1.06012 0.0708895 1.55963 0.397653 0.272186
14 1.66069 0 0 -0.0695977 0.0349454 -1.32911
15 1.167 0 0 0.00325868 -0.000534594 -0.250294
16 2.18852 0.50104 0.0576591 1.55856 0.0570664 0.120989
17 1.29609 0 0 -0.132012 0.102233 -0.742486
18 1.62202 0.000713348 -0.000471115 0.0347859 -0.0199375 -1.48368
19 1.22241 0 0 0.00397542 -0.000686263 0.219176
20 1.76707 1.27612 0.0366411 1.50192 0.359888 0.0701194
21 1.55588 0 0 -0.196123 -0.0239624 -0.849405
22 1.24274 0 0 -0.000479142 0.000360554 -1.04669
23 0.784523 0 0 0.0113801 0.00651367 0.248465
24 -4.10422 9.50291 7.76521 -0.000932672 1.04718 -2.53073
25 6.02794 0 0 0.198914 -0.215478 0.377878
26 11.7344 0 0 0.00140275 0 1.18567
27 8.81167 0 0 0.558607 0 0
28 5.77884 0 0 0.374267 0 0
29 2.23249 0 0 0.18434 0 0
30 11.4725 0 0 0.71007 0.0387254 -0.803641
31 0.615812 0.994372 -0.809165 -2.96932 0.65078 0.252631
32 2.24752 0 0 -0.646241 0.113698 0.432028
33 1.11936 0 0 -0.126186 0.15567 0.950443
34 3.71349 0.102639 0.102191 -1.58924 1.19001 -0.348168
35 1.72615 0 0 0.00173726 0.0156061 1.23447
36 1.21112 0 0 -0.00956518 0.0276136 0.735767
37 3.5992 1.06012 0.070888 -1.59714 0.318734 0.0700832
38 1.66069 0 0 0.00108926 0.0778572 0.236922
39 1.16699 0 0 0.0385039 0.0233837 0.662749
40 2.18853 -0.501041 0.0576591 -1.56657 -0.0478595 -0.112922
41 1.29609 0 0 0.313996 0.117272 1.44964
42 1.62202 -0.000713348 -0.000470161 0.00035496 0.000500657 1.11222
43 1.22241 0 0 0.0285837 0.0224791 0.733687
44 1.76707 -1.27612 0.0366406 -1.55745 0.249311 -0.0923494
45 1.55588 0 0 0.429607 0.0164274 1.422
46 1.24273 0 0 0.000479 0.00036052 0.859979
47 0.784532 0 0 -0.00544715 -0.0160059 0.509155
48 0 0 0 0 0 0
49 -4.78482 -25.4845 -4.64978 0.000573738 -0.00471893 -0.000264133
50 -4.75254 -3.11288 -10.2391 0.000573738 -0.00471893 -0.000264133
51 1.32446 -5.55279 -12.5 -0.043432 -0.0060418 -0.0369413
52 -4.77416 -5.75588 -4.56645 0 0 0
53 -0.0105672 -9.1803 0.487938 0.00471893 0.000573731 -1.57106
54 1.01569 0 -1.0878 0 0 0
55 -0.393681 0.152813 -1.39039 0 0 0
56 23.6734 0 -0.790618 0 0 0
57 5.15077 0 -1.06019 0 0 0
time 45
0 2.48959 -4.92244 -9.49678 0.000934124 0 -0.959925
1 6.02794 0 0 -0.794443 0.0109235 -0.816446
2 11.7344 0 0 -0.00140287 0 -0.502222
3 8.81139 -0.000450134 -0.00011158 -2.11031 0 0.000157649
4 5.77839 0.000286102 0 -1.4139 0 0.000100069
5 2.23164 -0.000329971 -0.00036335 -0.696401 0 0
6 11.4725 0 0 -2.16401 0.533976 0.0804827
7 0.615215 -0.993088 -0.8107 2.62027 0.333363 -0.644887
8 2.24752 0 0 0.0909526 0.0500824 0.232675
9 1.11935 0 0 0.0326751 0.021361 -0.416629
10 3.71348 -0.102638 0.10219 1.54616 0.668769 0.274074
11 1.72615 0 0 0.00722126 -0.00791168 -1.57501
12 1.21114 0 0 0.00962832 0.0108357 0.193284
13 3.59919 -1.06012 0.0708876 1.55963 0.397653 0.272186
14 1.66068 0 0 -0.0695978 0.0349454 -1.32911
15 1.167 0 0 0.00325876 -0.000534524 -0.250294
16 2.18852 0.501043 0.0576591 1.55856 0.0570664 0.120989
17 1.29609 0 0 -0.132012 0.102233 -0.742485
18 1.62202 0.000713348 -0.000471115 0.0347859 -0.0199375 -1.48368
19 1.22241 0 0 0.00397533 -0.000686373 0.219176
20 1.76707 1.27612 0.0366402 1.50192 0.359888 0.0701195
21 1.55588 0 0 -0.196124 -0.0239625 -0.849405
22 1.24274 0 0 -0.000479198 0.00036059 -1.04669
23 0.784525 0 0 0.0113801 0.00651372 0.248465
24 -4.10422 9.50291 7.76521 -0.000932672 1.04718 -2.53073
25 6.02794 0 0 0.198929 -0.215298 0.37695
26 11.7344 0 0 0.00140262 0 1.18684
27 8.81167 0 0 0.553528 0 0
28 5.77884 0 0 0.370863 0 0
29 2.23249 0 0 0.182664 0 0
30 11.4725 0 0 0.706015 0.0365132 -0.804515
31 0.615812 0.994372 -0.809166 -2.96932 0.65078 0.252631
32 2.24752 0 0 -0.646241 0.113698 0.432028
33 1.11936 0 0 -0.126186 0.155671 0.950443
34 3.71348 0.10264 0.10219 -1.58924 1.19001 -0.348168
35 1.72615 0 0 0.00173728 0.0156061 1.23447
36 1.21112 0 0 -0.00956517 0.0276136 0.735767
37 3.5992 1.06012 0.0708876 -1.59714 0.318734 0.0700832
38 1.66069 0 0 0.00108927 0.0778572 0.236922
39 1.16699 0 0 0.0385038 0.0233837 0.662749
40 2.18853 -0.50104 0.0576587 -1.56657 -0.0478596 -0.112922
41 1.29609 0 0 0.313996 0.117272 1.44964
42 1.62202 -0.000712395 -0.000469685 0.000354898 0.000500705 1.11222
43 1.22241 0 0 0.0285837 0.022479 0.733687
44 1.76707 -1.27612 0.0366402 -1.55745 0.249311 -0.0923494
45 1.55588 0 0 0.429607 0.0164274 1.422
46 1.24273 0 0 0.000478878 0.000360572 0.859979
47 0.784531 0 0 -0.00544718 -0.016006 0.509155
48 0 0 0 0 0 0
49 -4.7886 -25.4756 -4.65006 0 0 0
50 -4.7886 -3.10722 -10.2522 0 0 0
51 1.2783 -5.54684 -12.5404 -0.0441784 -0.00134708 -0.0366759
52 -4.77416 -5.75588 -4.56645 0 0 0
53 -0.0144377 -9.17112 0.481613 0 0 -1.5708
54 1.01569 0 -1.0878 0 0 0
55 -0.39368 0.152813 -1.39039 0 0 0
56 23.6734 0 -0.790618 0 0 0
57 5.15077 0 -1.06019 0 0 0
end
